Speaker,Arabic (AR)
, ﻣﻦ ﺍﻟﺒﺪﺍﻫﺔ ﻣﻌﻠﻮﻡٌ ﺃﻧﻬﺎ، ﻣﺬ ﺃﻃﻠﺖ ﻋﻠﻰ ﺍﻟﻮﺟﻮﺩ، ﻛﺎﻧﺖ ﺟﻴﺴﻴﻜﺎ ﺗﺮﺑﻰ ﻓﻲ ﻫﺬﺍ ﺍﻟﻘﺼﺮ.
," ﺫﻟﻚ ﺍﻟﺒﻴﺖ ﻋﻠﻰ ﺍﻟﻄﺮﺍﺯ ﺍﻹﻓﺮﻧﺠﻲ ﺍﻟﺬﻱ ﻛﺎﻥ ﺃﺑﻨﺎﺀ ﺍﻟﻌﻤﻮﻣﺔ ﻳﺨﺘﺼﺮﻭﻥ ﺍﺳﻤﻪ ﺑـ""ﺍﻟﻘﺼﺮ""، ﻫﻮ ﻣﺄﻭﺍﻫﺎ ﻭﻣﺴﻜﻨﻬﺎ."
, ﻭﻣﻊ ﺫﻟﻚ، ﻟﻢ ﺗﺪﺭﻙ ﻳﻮﻣًﺎ ﻣﺸﺎﻋﺮ ﺃﺑﻨﺎﺀ ﻋﻤﻮﻣﺘﻬﺎ ﻛﻤﺎ ﺃﺩﺭﻛﺘﻬﺎ ﺍﻟﻴﻮﻡ.
, ﻭﻓﻲ ﺍﻟﻮﻗﺖ ﻧﻔﺴﻪ، ﻣﺎ ﻛﺎﻥ ﺑﻴﺘﻬﺎ ﺍﻟﻤﺄﻟﻮﻑ ﻳﻮﻣًﺎ ﻟﻴﺒﺪﻭ ﻣُﻐﺎﻳﺮًﺍ ﻭﻣﻮﺣﺸﺎ ﻛﻤﺎ ﻫﻮ ﺍﻵﻥ...
, ﻏﺮﻓﺘﻬﺎ ﻫﻲ...
, ﻣﻼﺫﻫﺎ ﺍﻟﺴﺮﻱ، ﺍﻟﺮﻛﻦ ﺍﻷﻭﺣﺪ ﻓﻲ ﻫﺬﺍ ﺍﻟﻘﺼﺮ ﺍﻟﻔﺴﻴﺢ ﺍﻟﺬﻱ ﺗﺸﻌﺮ ﻓﻴﻪ ﺑﺎﻟﺴﻜﻴﻨﺔ.
, ﻏﻴﺮ ﺃﻥ ﺫﺍﻙ ﺍﻟﺒﺎﺏ ﻣﺎ ﻛﺎﻥ ﻳﻮﻣًﺎ ﻟﻴﺒﺪﻭ ﻣﻬﻴﺒًﺎ ﻣﺨﻴﻔًﺎ ﻛﻤﺎ ﺑﺪﺍ ﻟﻬﺎ ﺍﻵﻥ.
Ushiromiya Jessica,"""ﺍﺧﺘﺒﺎﺭ، ﻳﻘﻮﻝ...؟ ﺗِﻒ، ﺃﻱُّ ﺑﻼﺀٍ ﻳﻨﺘﻈﺮﻧﻲ ﻫﻨﺎﻙ...؟ ﻭﻳﻠﻪ ﺇﻥ ﻛﺎﻥ ﻗﺪ ﺑﻌﺜﺮ ﻣﻜﺘﺒﻲ ﻭﺃﺷﻴﺎﺋﻲ..."""
, ﺗﻈﺎﻫَﺮَﺕ ﺑﺎﻟﺸﺪﺓ، ﻟﺘﻮﻫﻢ ﻧﻔﺴﻬﺎ.{n}ﺗﺤﺎﻭﻝ ﺃﻥ ﺗﻘﻨﻊ ﺫﺍﺗﻬﺎ ﺃﻧﻬﺎ ﻻ ﺗﻬﺎﺏ ﺷﻴﺌًﺎ.
, ﺗﻬﻴّﺄﺕ، ﻭﻓﺘﺤﺖ ﺑﺎﺏَ ﻏﺮﻓﺘﻬﺎ.
Ushiromiya Jessica,"""...................................."""
, ﻓﻠﻤّﺎ ﺭﺃﺕ ﺃﻥ ﺍﻟﻐﺮﻓﺔ، ﻟﻢ ﺗُﻌَﺜَﺮ ﻭﻟﻢ ﺗُﻘﻠﺐ، ﺗﻨﻔﺴﺖ ﺍﻟﺼﻌﺪﺍﺀ.
, ﻻ ﺃﺣﺪ ﻫﻨﺎﻙ... ﺑﻄﺒﻴﻌﺔ ﺍﻟﺤﺎﻝ.{n}ﻻ ﻣﻜﺎﻥ ﻫﻨﺎ ﻟﻴﺨﺘﺒﺊ ﻓﻴﻪ ﺃﺣﺪ.
, ﻭﻋﻠﻰ ﺍﻟﻔﻮﺭ، ﺃﻃﺒﻘﺖ ﺟﻴﺴﻴﻜﺎ ﺍﻟﺒﺎﺏ ﻭﺃﻗﻔﻠﺘﻪ ﺧﻠﻔﻬﺎ.{n}....ﺍﻵﻥ ﻏﺪﺕ ﺍﻟﻐﺮﻓﺔ ﺁﻣﻨﺔ.
, ﺗﻔﻘﺪﺕ ﻣﺎ ﺗﺤﺖ ﺍﻟﺴﺮﻳﺮ ﻭﻓﻲ ﺍﻟﺨﺰﺍﻧﺔ، ﻓﻠﻢ ﺗﺠﺪ ﺃﺣﺪًﺍ، ﻛﻤﺎ ﻫﻮ ﻣﺘﻮﻗﻊ.
Ushiromiya Jessica,"""ﻣﺎ ﺍﻟـ... ﺑﺌﺴًﺎ ﻣﺎ ﻫﺬﺍ...ﻫﺎﻫﺎ، ...ﻫﺎﻫﺎ..."""
, ﻧﻈﺮﺕ ﺇﻟﻰ ﺍﻟﺴﺎﻋﺔ. ﺍﻟﺤﺎﺩﻳﺔ ﻋﺸﺮﺓ ﻭﻋﺸﺮُ ﺩﻗﺎﺋﻖ، ﺃﻭ ﻳﺰﻳﺪ ﻗﻠﻴﻼً.
, ﻭﻟﻤﺎ ﺧﻒ ﺗﻮﺗﺮﻫﺎ ﻭﻋﺎﺩ ﺍﻹﺭﻫﺎﻕ ﻳﺴﺮﻱ ﻓﻲ ﺟﺴﺪﻫﺎ ﻛﻠﻪ، ﺃﻳﻘﻨﺖ ﻛﻢ ﻛﺎﻥ ﻳﻮﻣﻬﺎ ﻣﻀﻄﺮﺑًﺎ.
, ﻣﺎ ﺗﺰﺍﻝ ﺍﻟﺴﺎﻋﺔ ﻓﻲ ﺃﻭﻝ ﺍﻟﻠﻴﻞ.
, ﻛﺎﻥ ﺍﻟﻤُﺮﺗﺠﻰ ﺃﻥ ﻳﺠﺘﻤﻊ ﺃﺑﻨﺎﺀ ﺍﻟﻌﻤﻮﻣﺔ، ﻳﻠﻬﻮﻥ ﻭﻳﻌﺒﺜﻮﻥ ﻭﻳﺘﺤﺎﺩﺛﻮﻥ ﻓﻲ ﺷﺘﻰ ﺍﻟﻤﻮﺿﻮﻋﺎﺕ ﺇﻟﻰ ﺳﺎﻋﺔٍ ﻣﺘﺄﺧﺮﺓٍ ﻣﻦ ﺍﻟﻠﻴﻞ.
, ﻭﻓﻲ ﻫﺬﻩ ﺍﻟﻠﺤﻈﺔِ ﺑﻌﻴﻨﻬﺎ، ﻛﺎﻥ ﻳﻨﺒﻐﻲ ﺃﻥ ﻳﻜﻮﻧﻮﺍ ﻋﻠﻰ ﺗﻠﻚ ﺍﻟﺤﺎﻝ.{n}ﻟﻢَ ﺍﻧﻘﻠﺐ ﺍﻟﻮﺿﻊ... ﺇﻟﻰ ﻫﻜﺬﺍ...؟
Ushiromiya Jessica,"""ﺇﻧﻪ ﺫﻧﺐ ﺫﺍﻙ ﺍﻟﻌﺠﻮﺯ ﺍﻟﻠﻌﻴﻦ... ﻛﻴﻒ ﺳﺎﻍ ﻟﻪ ﺃﻥ ﻳﻔﻌﻞ ﺫﻟﻚ... ﺑﺄﻣﻲ... ﻭﺑﺎﻟﺠﻤﻴﻊ..."""
, ﺭﺃﺳﻬﺎ ﻳﻐﻠﻲ ﺑﺎﻟﻐﻀﺐ ﻭﺍﻷﺳﻰ... ﻏﻴﺮ ﺃﻧﻪ ﻻ ﺃﺣﺪ ﻫﻨﺎ ﻟﺘﺼﺐ ﻋﻠﻴﻪ ﺗﻠﻚ ﺍﻟﻤﺸﺎﻋﺮ.
, ﻓﺒﻔﻀﻞ ﺍﻟﻘﻔﻞ، ﺻﺎﺭ ﺃﻣﻦ ﻫﺬﻩ ﺍﻟﻐﺮﻓﺔ ﻣﻜﻔﻮﻻً.{n}ﺗﺬﻛﺮﺕ ﺫﻟﻚ ﻣﺮﺓ ﺃﺧﺮﻯ، ﻓﺎﺳﺘﻌﺎﺩﺕ ﺟﻴﺴﻴﻜﺎ ﺭﺑﺎﻃﺔ ﺟﺄﺷﻬﺎ...
, ﺇﻥ ﺍﺳﺘﻤﺮ ﺍﻷﻣﺮ ﻫﻜﺬﺍ ﻭﻟﻢ ﻳﺤﺪﺙ ﺷﻲﺀ...{n}ﻓﻜﺮﺕ ﺟﻴﺴﻴﻜﺎ ﺃﻧﻬﺎ ﻗﺪ ﺗﻮﺩ ﺍﻟﺬﻫﺎﺏ ﺇﻟﻰ ﻗﺎﻋﺔ ﺍﻟﻄﻌﺎﻡ ﻟﺘﺮﻯ ﻭﺟﻪ ﺃﻣﻬﺎ ﺍﻷﺧﻴﺮ.
, ﻣﻊ ﺃﻥ ﻗﻮﺩﺍ ﺷﺪﺩ ﻋﻠﻴﻬﺎ ﺃﻥ ﺍﻟﻤﺸﻬﺪ ﻣﻔﺠﻊ ﻭﺃﻥ ﻋﻠﻴﻬﺎ ﺃﻻ ﺗﺮﺍﻩ، ﺇﻻ ﺃﻧﻬﺎ ﺭﻏﻢ ﺫﻟﻚ ﺃﺭﺍﺩﺕ ﺃﻥ ﺗﻠﻘﻲ ﻋﻠﻰ ﺃﻣﻬﺎ ﻧﻈﺮﺓ ﺍﻟﻮﺩﺍﻉ ﺍﻷﺧﻴﺮﺓ...
, ﻟﻜﻨﻬﻢ ﺣُﺬِّﺭﻭﺍ ﻣﺮﺍﺭًﺍ ﺃﻥ ﺃﻱ ﺣﻤﺎﻗﺔٍ ﺳﺘﻌﺮﺽ ﺍﻟﺮﻫﺎﺋﻦ ﻟﻠﺨﻄﺮ.
, ﺃﻓﻴﻜﻮﻥ ﺇﻗﻔﺎﻝ ﺍﻟﺒﺎﺏ ﺃﻳﻀًﺎ ﺧﺮﻗًﺎ ﻟﻠﻘﻮﺍﻋﺪ...؟
, ﺇﻥ ﺃﻏﻠﻘﺖ ﻋﻠﻰ ﻧﻔﺴﻲ ﻫﻨﺎ، ﻓﻘﺪ ﺃﻧﺠﻮ ﺃﻧﺎ ﻭﺣﺪﻱ.
, ...ﻭﻟﻜﻦ ﺇﻥ ﻟﻢ ﺃﻓﺘﺤﻪ، ﻓﺴﻴﻜﻮﻥ ﺫﻟﻚ ﺣﺘﻤﺎ ﻧﻘﻀًﺎ ﻟﻠﻘﻮﺍﻋﺪ، ﻛﺎﻧﻮﻥ-ﻛﻦ ﻭﺷﺎﻧﻮﻥ ﻭﺍﻟﻌﻤﺔ ﻛﻴﺮﻳﻲ ﻭﺍﻟﻄﺒﻴﺐ ﻧﺎﻧﺠﻮ... ﺳﻴﻬﻠﻜﻮﻥ.
, .......ﻻ ﻳﻤﻜﻦ ﺃﻥ ﺗﻌﺪﻝَ ﻛﻔﺘﺎ ﺍﻟﻤﻴﺰﺍﻥ ﺑﻴﻦ ﺧﻤﺲِ ﻧﻔﻮﺱٍ ﻭﻧﻔﺴﻲ ﺍﻟﻮﺍﺣﺪﺓ.
," ﺃﻃﺒﻘﺖ ﺟﻴﺴﻴﻜﺎ ﻋﻴﻨﻴﻬﺎ ﺑﺈﺣﻜﺎﻡ، ﺗﻘﺎﻭﻡ ﺫﻟﻚ ﺍﻟﺼﻮﺕ ﻓﻲ ﺃﻋﻤﺎﻗﻬﺎ ﺍﻟﻘﺎﺋﻞ: ""ﺃﻟﻴﺲ ﻳﻜﻔﻲ ﺃﻥ ﺃﻧﺠﻮ ﺃﻧﺎ؟""، ﻭﺍﺗﺠﻬﺖ ﺇﻟﻰ ﺍﻟﺒﺎﺏ ﻟﺘﻔﺘﺤﻪ."
, ...ﻭﺇﺫ ﺫﺍﻙ.
, *ﺗﺼﻔﻴﻖ*...
, ﺗﺼﻔﻴﻖٌ ﺣﺎﺩ... ﺗﺼﻔﻴﻖٌ ﺭﻧﺎﻥ ﺟﻌﻞ ﻗﻠﺒﻬﺎ ﻳﻘﻔﺰ.
Ronove,"""ﻟﻮ ﻇﻞ ﺍﻟﺒﺎﺏ ﻣﻐﻠﻘًﺎ ﻟﻜﺎﻥ ﻓﻲ ﺫﻟﻚ ﺧﺮﻕٌ ﻟﻠﻘﻮﺍﻋﺪ، ﻭﺭﺑﻤﺎ ﻭﻗﻊ ﺍﻟﻀﺮﺭ ﺑﺎﻟﺮﻫﺎﺋﻦ. ...ﻭﺑﺎﻟﻜﻔﺔ ﺍﻷﺧﺮﻯ، ﺳﺘﻨﺠﻴﻦ."""
Ronove," ...ﻟﻜﻨﻚ، ﺭﻏﻢ ﺫﻟﻚ، ﻗﺎﻭﻣﺖِ ﺗﻠﻚ ﺍﻹﻏﺮﺍﺀﺍﺕ ﻭﻛﺪﺕ ﺗﻔﺘﺤﻴﻦ ﺍﻟﺒﺎﺏ ﺑﻨﻔﺴﻚ. ﺗﻠﻚ ﺍﻟﺸﺠﺎﻋﺔ ﻣﻨﻚِ ﺟﺪﻳﺮﺓٌ ﺑﺎﻹﻋﺠﺎﺏ."""
Ushiromiya Jessica,"""ﻣﻦ... ﻣﻦ ﺃﻧﺖ..."""
, ﺃﻧﺎ ﺻﺎﺣﺒﺔ ﻫﺬﻩ ﺍﻟﻐﺮﻓﺔ، ﻗﺪ ﻓﺘﺸﺘﻬﺎ ﻷﺗﺄﻛﺪ ﺃﻧﻪ ﻻ ﻣﻮﺿﻊ ﻓﻴﻬﺎ ﻹﻧﺴﺎﻥ ﻳﺨﺘﺒﺊ... ﻣﻦ ﺃﻳﻦ ﻇﻬﺮ ﻫﺬﺍ... ﺍﻟﺮﺟﻞ...
, .........ﻟﻢ ﻳﻜﻦ ﻟﻤﺜﻞٍ ﺑﺸﺮﻱ ﻣﻮﻃﺊٌ ﻳﺨﺘﺒﺊ ﻓﻴﻪ، ......ﻟﻜﻦ، ﺃﻳﻤﻜﻦ ﻟﺸﻲﺀٍ ﻟﻴﺲ ﺑﺸﺮﻱ ﺃﻥ ﻳﻜﻮﻥ ﻗﺪ ﺃﺩﺑﺮَ ﺫﻟﻚ.........؟
, ﻛﻨﺖ ﺷﺒﻪ ﻣﺘﻴﻘﻨﺔ ﺑﺄﻥ ﻫﺬﺍ ﺃﻭﻝ ﻟﻘﺎﺀ ﻟﻲ ﻣﻊ ﻫﺬﺍ ﺍﻟﺮﺟﻞ ﺍﻟﻤﺘﻤﻮّﻥِ ﺍﻟﺒﻨﻴﺔ، ﻓﻲ ﻣﻨﺘﺼﻒ ﺍﻟﻌﻤﺮ. ......ﻟﻢ ﺃﻋﺮﻑ ﻫﺬﺍ ﺍﻟﺮﺟﻞ، ﺍﻟﺬﻱ ﺑﺪﺍ ﻛﺎﻟﺨﺎﺩﻡ ﻭﺣﻤﻞ ﺷﻌﺎﺭ ﺍﻟﻨﺴﺮ ﺃﺣﺎﺩﻱ ﺍﻟﺠﻨﺎﺡ.
Ronove,"""ﺳﺮﺭﺕ ﺑﻠﻘﺎﺋﻚ ﻳﺎ ﺟﻴﺴﻴﻜﺎ-ﺳﺎﻣﺎ. .........ﺃﻋﻤﻞ ﺭﺋﻴﺴًﺎ ﻷﺛﺎﺙ ﺍﻟﺴﻴﺪ، ﻭﺃﺣﻤﻞ ﺍﻟﺮﺗﺒﺔ 72 ﻣﻦ ﺑﻴﻦ ﺍﻟﻌﻔﺎﺭﻳﺖ ﺍﻟـ27. ﻳﻘﺎﻝ ﻟﻲ ﺭﻭﻧﻮﻑ."""
Ushiromiya Jessica,"""......ﺭﻭﻧﻮ...ﻑ......؟ ............ﻗﻴﻨﺠﻲ...ﺳﺎﻥ............؟"""
Ronove,"""......ﺁﻩ، ﻧﻌﻢ، ...ﻗﻴﻨﺠﻲ ﻛﺄﻧﻪ ﺃﺧﻲ ﺍﻟﺼﻐﻴﺮ. ﺃﻭ ﻟﻌﻠﻪ ﺷﻜﻠﻲ ﺍﻟﺤﻘﻴﻘﻲ ﻓﻲ ﻫﺬﺍ ﺍﻟﻌﺎﻟﻢ. ......ﺭﺑﻤﺎ ﻳﺠﻮﺯ ﺍﻟﻘﻮﻝ ﺇﻧﻪ ﺇﻧﺎﺀ."""
Ushiromiya Jessica,""".........ﻣﺎﺫﺍ...ﻳﺒﺚُ ﻫﺬﺍ ﺍﻟﺮﺟﻞ...ﻓﻲ ﺍﻟﻜﻼﻡ.........؟"""
Ronove,"""ﺃﻭﻭﻩ، ﺃﺭﺟﻮ ﺍﻟﻤﻌﺬﺭﺓ. ﻟﻌﻞ ﻛﻼﻣﻲ ﺻﻌﺐ ﺍﻟﻔﻬﻢ ﻋﻠﻰ ﺍﻟﺒﺸﺮ. .........ﺣﺴﻨًﺎ، ﻓﻠﻨﻨﺘﻘﻞ ﺇﻟﻰ ﺯﺑﺪﺓ ﺍﻟﻤﻮﺿﻮﻉ."""
Ushiromiya Jessica,"""ﺇﺫﻥ ﻫﺬﺍ ﻫﻮ ﺍﺧﺘﺒﺎﺭ ﺫﻟﻚ ﺍﻟﻌﺠﻮﺯ ﺍﻟﻤﺠﻨﻮﻥ... ...ﺃﻡ ﻟﻐﻴﺮﻩ ﻣﺎ ﻫﻮ........."""
Ronove,"""ﺻﺤﻴﺢ. ﻫﺬﺍ ﺍﻻﺧﺘﺒﺎﺭ ﺍﻟﺬﻱ ﻣﻨﺤﻪ ﺍﻟﺴﻴﺪ ﻟﻚ."""
, ﺑﺈﻳﻤﺎﺀﺓٍ ﺃﻧﻴﻘﺔٍ ﻣﻦ ﺭﻭﻧﻮﻑ، ﻛﻤﻦ ﻳﺆﻣﺮ ﺍﻟﺨﺎﺩﻡ ﺑﺄﻥ ﻳﻔﺮﺵ ﺍﻟﻄﻌﺎﻡ، ﻃﺎﺭﺕ ﻣﻦ ﺣﻴﺚ ﻻ ﺷﻲﺀ ﺃﺳﺮﺍﺏ ﻣﻦ ﺍﻟﻔﺮﺍﺷﺎﺕ ﺍﻟﺬﻫﺒﻴﺔ......
Ushiromiya Jessica,"""ﻏﻮﺍﻩ؟! ﻣﺎ ﻫﺬﺍ...ﺍﻟﻠﻌﻨﺔ......؟!"""
, ﺩﺍﺭ ﺳﺮﺏ ﺍﻟﻔﺮﺍﺷﺎﺕ ﺍﻟﺬﻫﺒﻴﺔ، ﻣُﺸَﻜِﻼً ﺩﻭﺍﻣﺔ ﺻﻐﻴﺮﺓ ﺣﻴﻦ ﺍﺟﺘﻤﻌﺖ ﻓﻲ ﻣﻮﺿﻊٍ ﻭﺍﺣﺪ.
, ......ﺛﻢ ﺗﻼﺷﻰ ﺫﻟﻚ ﺍﻟﺘﻞ ﺍﻟﺬﻫﺒﻲ ﻛﻜﻮﻣﺔ ﺃﻭﺭﺍﻕ ﻗﺬﻓﻬﺎ ﺭﻳﺢ ﺷﺘﺎﺀ ﻗﺎﺭﺱ، ......ﻓﻤﺎ ﻭُﺟﺪ ﺇﻻ ﻇﺮﻑٌ ﻏﺮﺑﻲٌ ﻣﻨﻘﻮﺵٌ ﻋﻠﻴﻪ ﺷﻌﺎﺭ ﺍﻟﻨﺴﺮ ﺃﺣﺎﺩﻱ ﺍﻟﺠﻨﺎﺡ ﺑﻮﺭﻕ ﺍﻟﺬﻫﺐ......
, ﺃﺷﺎﺭ ﺭﻭﻧﻮﻑ ﺇﻟﻴﻬﺎ ﻟﺘﻠﺘﻘﻄﻪ.{n}ﺍﻗﺘﺪﺭﺕ ﺟﻴﺴﻴﻜﺎ ﻋﻠﻰ ﺍﻟﺘﻘﺎﻃﻪ ﺑﺨﺸﻴﺔ، ﻭﻓﺘﺤﺖ ﺍﻟﺮﺳﺎﻟﺔ ﺑﺎﻟﺪﺍﺧﻞ......
Ushiromiya Jessica,""".....................ﻣﺎ ﻫﺬﺍ...ﺍﻟﺬﻱ...؟"""
Ronove,"""ﺇﻧﻪ ﺍﺧﺘﺒﺎﺭٌ ﻳﺴﻴﺮٌ ﺟﺪًﺍ ﻳﻔﺘﺶُ ﻋﻦ ﺃﻫﻠﻴﺔ ﻣﻦ ﻳﻜﻮﻥ ﺧﻠﻴﻔﺔ ﻟﻠﺮﺃﺱ. ......ﺃﺟﻴﺒﻲ ﻋﻦ ﺍﻟﻤﺴﺄﻟﺔ ﺍﻟﻤﻜﺘﻮﺑﺔ ﻫﻨﺎﻙ ﺑﻘﺪﺭ ﺟﺎﻫﺰﻳﺔ ﺍﻟﺨﻠﻴﻔﺔ ﺍﻵﺗﻲ ﺍﻟﺬﻱ ﺳﻴﺘﺤﻤﻞ ﻣﺴﺆﻭﻟﻴﺔ ﺑﻴﺖ ﺃﻭﺷﻴﺮﻭﻣﻴﺎ، ﻭﺣﺪﺛﻴﻨﻲ ﺑﺈﺟﺎﺑﺘﻚ، ﻭﻣﺎ ﻗﺎﺩﻙ ﺇﻟﻴﻬﺎ ﻣﻦ ﺃﻓﻜﺎﺭ."""
Ushiromiya Jessica,"""......ﻣﺎ-............ﻣﺎ ﻫﺬﺍ...ﻳﺎ ﻟﻠﻌﻨﺔ..............."""
, ﺑَﺮْﻋَﺖ ﺟﻴﺴﻴﻜﺎ ﻣﺮﺗﻌﺪﺓ، ﺗَﻤُﺮ ﺑﻨﻈﺮﺍﺕٍ ﺑﻴﻦ ﺍﻟﻮﺭﻗﺔ ﻭﻭﺟﻪ ﺭﻭﻧﻮﻑ ﻣﺮﺍﺕٍ ﻭﻣﺮﺍﺕ......
, ......ﺣﻴﻨﺌﺬٍ ﺑﺪﺍ ﺟﻮﺭﺝ، ﺍﻟﺬﻱ ﻧﻮﺩﻱ ﻣﻦ ﺑﻌﺪ ﺟﻴﺴﻴﻜﺎ، ﻓﻲ ﻗﻮﺱ ﺳﻘﻴﻔﺔ ﺍﻟﻮﺭﻭﺩ.
, ﻛﺎﻥ ﻳﻨﻮﻱ ﺃﻥ ﻳﻤﻨﺢ ﺷﺎﻧﻮﻥ ﺍﻟﺨﺎﺗﻢ ﺍﻟﺬﻱ ﻳﻜﻮﻥ ﺩﻟﻴﻞ ﺧﻄﺒﺘﻬﻤﺎ...ﻫﻨﺎ، ﻫﺬﻩ ﺍﻟﻠﻴﻠﺔ، ﻓﻲ ﻫﺬﺍ ﺍﻟﻮﻗﺖ...ﻟﻮ ﺳﺎﺭﺕ ﺍﻷﻣﻮﺭ ﻋﻠﻰ ﻧﺤﻮٍ ﻋﺎﺩﻱ.
, ...ﻟﻜﻦ ﺍﻟﻤﺮﺃﺓ ﺍﻟﻮﺍﻗﻔﺔ ﺃﻣﺎﻡ ﺟﻮﺭﺝ ﺍﻵﻥ ﻟﻢ ﺗﻜﻦ ﺷﺎﻧﻮﻥ.
Gaap,"""......ﺍﻗﺮﺃﻫﺎ. ﺗﻠﻚَ ﻫﻲ ﺍﺧﺘﺒﺎﺭ {f:7:ﻗﻮﻟﺪ ﺳﻤﻴﺚ} ﻟﻚ."""
Ushiromiya George,""".............................."""
, ﺍﻟﺘﻘﻂ ﺟﻮﺭﺝ ﺍﻟﻈﺮﻑ ﺍﻟﻐﺮﺑﻲ ﻋﻦ ﺍﻟﻄﺎﻭﻟﺔ ﺣﻴﺚ ﺷﺮﺏ ﺍﻟﺸﺎﻱ ﻣﻊ ﺷﺎﻧﻮﻥ ﻣﺮﺓ، ﻭﻗﺮﺃ ﻣﺎ ﻓﻲ ﺩﺍﺧﻠﻪ......
, ﺭﺑﻤﺎ ﻛﺎﻧﺖ ﺭﺳﺎﻟﺘﻪ ﻗﺼﻴﺮﺓ. ﺑﻌﺪ ﻃﺮﻓﺔ ﻭﺍﺣﺪﺓ، ﺻﺎﺭ ﺑﺼﺮ ﺟﻮﺭﺝ ﺣﺎﺩًﺍ.
Ushiromiya George,"""............ﻣﺎ ﻫﺬﺍ... ﻭﻣﺎ ﺍﻟﻤﻘﺼﻮﺩ ﺑﻪ؟"""
Gaap,"""ﺇﻳﻬﻴﻬﻴﻬﻴﻬﻲ. ......ﻫﻮ ﻛﻤﺎ ﻳﺒﺪﻭ. ﻫﺬﺍ ﻫﻮ ﺍﻻﺧﺘﺒﺎﺭ ﺍﻟﻤﻤﻨﻮﺡ ﻟﻜﻢ، ﻟِﻴُﻌﻠﻢَ ﺇﻥ ﻛﺎﻥ ﻟﻜﻢ ﺃﻫﻠﻴﺔ ﺃﻥ ﺗﻜﻮﻧﻮﺍ ﺧﻠﻔﺎﺀ ﺍﻟﺮﺃﺱ. ......ﺍﺳﺄﻟﻮﺍ ﺃﻧﻔﺴﻜﻢ ﻣﺎ ﺍﻟﺬﻱ ﻳﺠﻌﻠﻜﻢ ﺃﻫﻼً ﻷﻥ ﺗﻜﻮﻧﻮﺍ ﺍﻟﺨﻠﻴﻔﺔ، ﻭﺃﻧﺘﻢ ﺗﺠﻴﺒﻮﻥ ﻋﻠﻰ ﺍﻟﻤﺴﺄﻟﺔ."""
Ushiromiya George,""".........ﻳﺎ ﻟﻪ ﻣﻦ...ﺳﺆﺍﻝٍ ﺃﺣﻤﻖ."""
Gaap,"""ﺃﺗﻔﻖ. ﺇﻧﻪ ﻓﻌﻼً ﺳﺆﺍﻝٌ ﺃﺣﻤﻖ. .........ﻓﺄﻟﻴﺲ ﺗﻮﻟﻲ ﺭﺋﺎﺳﺔ ﺑﻴﺖ ﺃﻭﺷﻴﺮﻭﻣﻴﺎ ﺃﻣﺮًﺍ ﺗﺎﻓﻬًﺎ ﻓﻲ ﺃﻋﻴﻦِ {f:7:ﻗﻮﻟﺪ ﺳﻤﻴﺚ}؟ ......ﻫﻬــﻬـﻪ."""
, ﻣﺎﺕَ ﺟﻮﺭﺝ ﺑﻨﻈﺮﻩ ﺇﻟﻰ ﺳﻄﺢ ﺍﻟﺮﺳﺎﻟﺔ ﻣﺮﺓ ﺃﺧﺮﻯ، ﻭﺗﻔﺤﺺ ﻣﺎ ﻓﻴﻬﺎ......
, ﺟﻮﺭﺝ ﻭﺟﻴﺴﻴﻜﺎ. ......ﻭﺑﻴﻨﻤﺎ ﻛﺎﻧﺖ ﺍﻻﺧﺘﺒﺎﺭﺍﺕ ﺍﻟﻤﻤﻨﻮﺣﺔ ﻟﻬﻤﺎ ﻣﺨﺘﻠﻔﺔ ﻗﻠﻴﻼً، ﻓﻘﺪ ﻛﺎﻧﺖ ﺷﺒﻪ ﻣﻄﺎﺑﻘﺔٍ ﺗﻤﺎﻣًﺎ.
Ushiromiya George,"""......‘ﻣﻦ ﺑﻴﻦ ﺍﻟﺜﻼﺛﺔِ ﺍﻟﻤﺬﻛﻮﺭﻳﻦ ﺃﺩﻧﺎﻩ. ﻟﻜﻲ ﺗﻜﺴﺐ ﺍﺛﻨﻴﻦ، ﺿَﺢِّ ﺑﻮﺍﺣﺪ’."""
Gaap,"""ﺇﻧﻪ ﺍﺧﺘﺒﺎﺭ ﺍﺧﺘﻴﺎﺭٍ ﻣﻦ ﺛﻼﺙٍ. .........ﻗﺮﺭ ﺑﻨﻔﺴﻚ ﺃﻳﻬﻢ ﺳﺘﺨﺘﺎﺭ ﺃﻻ ﺗُﺨﻠﺼَﻪ."""
Gaap,"""ﺇﺫﺍ ﺍﻣﺘﻨﻌﺖ ﻋﻦ ﺍﻻﺧﺘﻴﺎﺭ، ﻳﺘﻮﻗﻒ ﺍﻻﺧﺘﺒﺎﺭ. ﺃُﻋﻄﻴﺖُ ﺇﺫﻧًﺎ ﺑﺄﻥ ﺃﻗﺘﻠﻚ ﻫﻨﺎ ﺑﻴﺪﻱ. .........ﺇﻥ ﺃﺩﺭﺟﺖَ ﺫﻟﻚ ﺣﺘﻰ ﻛﺨﻴﺎﺭ، ﻓﻬﻨﺎﻙ ﺃﺭﺑﻌﺔ ﺧﻴﺎﺭﺍﺕٍ."""
Gaap," ﻟﻘﺪ ﻃﺎﻝ ﺯﻣﻦ ﻃﻮﻳﻞ ﻣﻨﺬ ﺃﻥ ﺗﺴﻠﻴﺖ ﺑﻠﻌﺐٍ ﻣﻊ ﻃﻔﻞٍ ﻣﺜﻠﻚ، ﻓﻼ ﺃﻇﻦ ﺃﻧﻨﻲ ﺳﺄﻧﺰﻋﺞ."""
Ushiromiya George,""".........ﻫﻞ ﻫﺬﻩ ﺍﻟﺜﻼﺛﺔ ﺧﻴﺎﺭﺍﺕ ﻣﺠﺮﺩ ﺍﺧﺘﺒﺎﺭ؟ ﺃﻡ ﺳﻴﺮﺍﻓﻖ ﺍﻻﺧﺘﻴﺎﺭُ ﺃﺛﺮُﻩ؟"""
Gaap,"""ﺑﻼ ﺳﺬﺍﺟﺔ. ......ﻣﻦ ﺗﺨﺘﺎﺭﻩ ﺳﻴﺨﺴﺮ ﺣﻴﺎﺗﻪ ﻻ ﻣﺤﺎﻟﺔ."""
Ushiromiya George,"""......................................."""
, {a:c:{e:070:ﻣﻦ ﺑﻴﻦ ﺍﻟﺜﻼﺛﺔ ﺍﻟﻤﺬﻛﻮﺭﻳﻦ ﺃﺩﻧﺎﻩ.{n}ﺿﺤِّﻲ ﺑﻮﺍﺣﺪ ﻟﻜﻲ ﺗﻨﺎﻝ ﺍﺛﻨﻴﻦ.{n}{n}1. ﺣﻴﺎﺗﻚ {n}2. ﺣﻴﺎﺓ ﺷﺎﻧﻮﻥ {n}3. ﺣﻴﺎﺓ ﻛﻞِّ ﻣﻦ ﺗﺒﻘﻰ {n}{n}ﺇﻥ ﻟﻢ ﺗﺪﻟﻲ ﺑﺄﻱِّ ﺃﺧﺘﻴﺎﺭ، ﻓﺴﻮﻑ ﺗﻔﻘﺪ ﻛﻞ ﻣﺎ ﺫُﻛِﺮَ ﺃﻋﻼﻩ.}} 
Ushiromiya George,"""...............ﻭﻟِﻢَ ﺍﺳﻢ ﺷﺎﻧﻮﻥ ﻫﻨﺎ؟"""
Gaap,"""ﺍﻟﺨﻴﺎﺭ ﺍﻟﺜﺎﻧﻲ ﻳﺤﻤﻞ ﺍﺳﻢ ﺃﻛﺜﺮ ﻣﻦ ﻳﺤﺘﺎﺝ ﺇﻟﻴﻪ ﺫﻟﻚ ﺍﻟﺸﺨﺺ، ﻭﻣﻦ ﻳﺤﺒﻪ ﺃﻛﺜﺮ. ......ﺃﻇﻦ ﺃﻥ ﺍﺳﻢ ﻛﺎﻧﻮﻥ ﻛُﺘِﺐ ﺛﺎﻧﻴًﺎ ﻓﻲ ﺍﺧﺘﺒﺎﺭ ﺟﻴﺴﻴﻜﺎ."""
Ushiromiya George,""".........ﺃﻋﻄﻴﺖِ ﻫﺬﺍ ﺍﻟﺴﺆﺍﻝ ﺍﻷﺣﻤﻖ ﻟﺠﻴﺴﻴﻜﺎ ﺃﻳﻀﺎ...؟"""
Gaap,"""*ﻗﻬﻘﻬﺔ*. ......ﻭﻣﺎ ﺷﺄﻥُ ﺟﻴﺴﻴﻜﺎ؟ ﺍﻵﻥ، ﺃﻧﺖ ﺍﻟﺬﻱ ﻳُﻤﺘﺤَﻦ."""
Gaap,"""ﺇﻧﻪ ﺣﻘًﺎ ﺍﺧﺘﺒﺎﺭ ﺛﻼﺙ ﺧﻴﺎﺭﺍﺕٍ ﺑﺴﻴﻂ. ﺃﻳﻬﻢ ﺗﻠﻘﻲ ﺑﻪ ﻓﺪﺍﺀً ﻟﻼﺛﻨﻴﻦ ﺍﻵﺧﺮﻳﻦ؟ ......ﺃﻟﻴﺲ ﺑﺴﻴﻄًﺎ؟ ﺃﺗﺮﻳﺪ ﺃﻥ ﺃﻋﻴﺮﻙ ﻗﻄﻌﺔ ﻧﻘﺪ ﺇﻥ ﻟﻢ ﺗﻘﺪﺭ ﺑﻌﺪ ﺃﻥ ﺗﺤﺴﻢ......؟"""
Ushiromiya George,"""......ﻗﻄﻌﺔ ﻧﻘﺪ؟ ﻛﻴﻒَ ﺗﺨﺘﺎﺭُ ﺑﻴﻦ ﺛﻼﺛﺔٍ ﺑﻤﺎ ﻻ ﻭﺟﻪَ ﻟﻪُ ﺳﻮﻯ ﺍﺛﻨﻴﻦ؟"""
Gaap,"""ﻻ ﺃﺣﺪ ﻳﻠﻘﻲ ﺑﻨﻔﺴﻪ ﺇﻟﻰ ﺍﻟﻬﻼﻙ. ......ﻓﻄﺒﻴﻌﻲ ﺇﺫﻥ ﺃﻥ ﻳﺒﻘﻰ ﺧﻴﺎﺭﺍﻥ. ﺃﺗﺘﺨﻠﻰ ﻋﻦ ﺍﻟﺠﻤﻴﻊ ﻷﺟﻞ ﻣﻦ ﺗﺤﺐ؟ ﺃﻡ ﺗﻀﺤﻲ ﺑﻤﻦ ﺗﺤﺐ ﻟﺘﻨﻘﺬ ﺃﻛﺒﺮ ﻋﺪﺩٍ ﻣﻤﻜﻦ؟"""
Gaap,"""ﻛﻼﻫﻤﺎ ﻳﻤﻜﻦ ﺃﻥ ﻳُﻜﺴﻰ ﺑﻌﻠﺔٍ ﻧﺒﻴﻠﺔ. ﻓﻬﺬﻩ ﺭﻭﻛﻴﻨﺠﻴﻤﺎ ﻗﺪ ﺻﺎﺭﺕ ﺟﺰﻳﺮﺓَ ﺍﻟﺸﻴﺎﻃﻴﻦ. ......ﺗﻠﻚ ﺍﻟﻤﻮﺩﺓ ﺍﻟﻤﻌﺴﻮﻟﺔ ﺍﻟﺰﺍﺋﻔﺔ ﻟﻌﺎﻟﻢ ﺍﻟﺒﺸﺮ ﻻ ﻣﻮﺿِﻊَ ﻟﻬﺎ ﻫﻨﺎ. ﻻ ﺃﺣﺪ ﺳﻴﺆﻧﺒﻚ. ﺍﻓﻌﻞ ﻣﺎ ﻳﻤﻠﻴﻪِ ﻗﻠﺒﻚ."""
Gaap,"""......ﻭﺍﺳﺄﻝ ﻧﻔﺴﻚ ﺇﻥ ﻛﻨﺖ ﺗﻤﻠﻚ ﺍﻷﻫﻠﻴﺔ ﻷﻥ ﺗﺨﻠﻒَ ﺭﺋﺎﺳﺔ ﺑﻴﺖ ﺃﻭﺷﻴﺮﻭﻣﻴﺎ... ﻻ، ﺍﺣﻜﻢ ﻛﺄﻧﻚ ﺃﻧﺖ ﺭﺃﺱ ﺃﻭﺷﻴﺮﻭﻣﻴﺎ ﺫﺍﺗﻪ. ﺇﻳﻬﻴﻬﻴﻬﻴﻬﻴﻬﻲ....."""
Ushiromiya George,""".........................................."""
Ushiromiya Jessica,""".........ﻣﺎ.........ﺍﻟﺬﻱ ﺗﻈﻨﻨﻲ ﺇﻳﺎﻩ............"""
, ﻛﺮﻣﺸﺖ ﺟﻴﺴﻴﻜﺎ ﺍﻟﺮﺳﺎﻟﺔ ﻭﺃﻟﻘﺘﻬﺎ ﺃﺭﺿﺎ.
Ronove,"""ﺃﻇﻦ ﻏﻀﺒﻚ ﻓﻲ ﻣﻮﺿﻌﻪ. ......ﻭﺃﺭﻯ ﺍﻟﺴﺆﺍﻝ ﻧﻔﺴﻪ ﺑﺎﺋﺴًﺎ ﻏﺎﻳﺔ ﺍﻟﺒﺆﺱ، ﻭﺳﺨﻴﻔًﺎ ﺣﻘًﺎ. ......ﺑﻮﻛﻮ ﻛﻮ ﻛﻮ."""
Ushiromiya Jessica,"""ﻫﻴﻬﺎﺕَ ﺃﻥ ﻳﻮﺟﺪ ﻣﻦ ﻳﺘﻤﻨﻰ ﻣﻮﺗﻪ. ﻭﻫﻴﻬﺎﺕَ ﺃﻥ ﻳﻮﺟﺪ ﻣﻦ ﻳﻮﺩ ﺃﻥ ﻳﺤﻴﺎ ﺑﻌﺪ ﺃﻥ ﻳﺘﺮﻙَ ﻣﻦ ﻳﺤﺒﻪ ﻟﻠﻤﻮﺕ. ......ﻭﻫﻴﻬﺎﺕَ ﺃﻥ ﻳﻮﺟﺪ ﻣﻦ ﻳﺬﺑﺢ ﺟﻤﻴﻊ ﺍﻟﺨﻠﻖ......ﻣﺎ ﺩﺍﻡ ﻓﻲ ﺫﻟﻚ ﺧﻴﺮٌ ﻟﻬُﻤﺎ ﻓﻘﻂ......!"""
Ronove,"""ﻻ ﻳﺎ ﺟﻴﺴﻴﻜﺎ-ﺳﺎﻣﺎ. ﻓﻤﺜﻞ ﻫﺬﺍ ﺍﻟﻤﺮﺀ ﻳﻤﻜﻦ ﺃﻥ ﻳﻜﻮﻥ."""
Ronove,"""ﻫﺬﻩ ﺭﻭﻛﻴﻨﺠﻴﻤﺎ، ﺟﺰﻳﺮﺓ ﺍﻟﺸﻴﻄﺎﻥ! ﻟﻘﺪ ﺍﻧﻘﻄﻌﺖ ﻛﻠﻴًﺎ ﻋﻦ ﻋﺎﻟﻢ ﺍﻟﺒﺸﺮ ﻭﻏُﻤِﺮﺕ ﻓﻲ ﺍﻟﻌﺎﻟﻢ ﺍﻟﺴﻔﻠﻲ ﻛﻤﺎ ﻳُﻐﻤَﺲُ ﺍﻟﺠﺒﻦ ﻓﻲ ﺍﻟﻔﻮﻧﺪﻳﻮ. ﻗﻴﻢ ﺍﻟﻌﺎﻟﻢ ﺍﻟﺒﺸﺮﻱ ﺃﻟﻘﻴﺖ ﻓﻲ ﺍﻟﻘﻤﺎﻣﺔ."""
Ronove,"""ﺑﻮﻛﻮ ﻛﻮ ﻛﻮ! ﻓﺎﻟﺮﺟﺎﺀُ ﺇﺫﻥ. ﺍﺧﺘﺎﺭﻱ ﻣﺎ ﺗﺸﺘﻬﻴﻪ ﻧﻔﺴﻚ ﻣﻦ ﺃﻋﻤﺎﻕ ﻗﻠﺒﻚ، ﺑﺤﺴﺐ ﺗﺮﺗﻴﺐ ﺭﻏﺒﺎﺗﻚ. ﻭﻣﺎ ﻳﺒﻘﻰ ﺑﻌﺪ ﺫﻟﻚ ﺳﻴﻜﻮﻥ ﺟﻮﺍﺑﻚ، ﻭﺍﻷﻧﺴﺐ ﻟﻬﺬﻩ ﺍﻟﻠﻴﻠﺔ ﺍﻟﻤﺠﻨﻮﻧﺔ."""
Ushiromiya Jessica,"""ﺍﺻﻤﺖ ﻳﺎ ﺳﺎﻓﻞ!! ﻛﻴﻒ ﻟﻲ......ﺃﻥ ﺃﺧﺘﺎﺭ ﺃﻳًﺎ ﻣﻦ ﻫﺬﺍ؟!!"""
Ronove,"""""ﺇﻥ ﻟﻢ ﺗﺨﺘﺮ ﻭﺍﺣﺪﺍ، ﻓﺎﻟﺠﻤﻴﻊ ﺳﻴﻔﻘﺪ’""... ﻫﻮ ﺃﻳﻀًﺎ ﺧﻴﺎﺭٌ ﺭﺍﺑﻊٌ ﺟﻤﻴﻞ. ﻭﻗﺪ ﻳﻜﻮﻥ ﻣﺸﻮﻗًﺎ ﺇﻥ ﻭﻗﻊ ﺍﻻﺧﺘﻴﺎﺭ ﻋﻠﻴﻪ."""
Ronove,"""ﻟﻜﻦ ﺑﻤﺎ ﺃﻥ ﺫﻟﻚ ﺍﻟﺨﻴﺎﺭ ﺳﻴﻨﺘﻬﻲ ﺑﻔﻘﺪﺍﻥ ﺣﻴﺎﺗﻚ ﻓﻲ ﺍﻟﻨﻬﺎﻳﺔ، ﻓﺎﻷﺣﻜﻢ ﺃﻥ ﺗﺨﺘﺎﺭﻱ ﺳﺒﻴﻞ ﺍﻟﺸﺮﻑ ﻭﺗﻨﺘﻘﻲ ﺍﻟﺮﻗﻢ ﺍﻷﻭﻝ، ""ﺣﻴﺎﺗﻚِ""، ﻟﺘﺨﻠﺼﻲ ﺍﻵﺧﺮﻳﻦ ﺍﻻﺛﻨﻴﻦ. ......ﻛﻞ ﺷﻲﺀ ﻣﻮﻛﻮﻝٌ ﺇﻟﻰ ﻗﺮﺍﺭﻙ ﻳﺎ ﺟﻴﺴﻴﻜﺎ-ﺳﺎﻣﺎ."""
Ronove,"""ﺭﺟﺎﺀً، ﺩﻋﻴﻨﻲ ﺃﺳﻤﻊ ﺟﻮﺍﺑًﺎ ﻭﻳﻘﻴﻨًﺎ ﻳﻠﻴﻘﺎﻥ ﺑﺨﻠﻴﻔﺔ ﺑﻴﺖ ﺃﻭﺷﻴﺮﻭﻣﻴﺎ......!! ﺃﺭﺟﻮ ﺣﻘًﺎ ﺟﻮﺍﺑًﺎ ﺑﺎﻫﺮًﺍ، ﻳﻠﻴﻖ ﺑﻮﺭﻳﺜﺔ ﺍﻟﺴﻴﺪ ﺍﻟﺘﻲ ﺗﺸﺎﺭﻛﻪ ﺩﻣﻪ!!"""
Ushiromiya Jessica,"""ﺗﺒـ......ـﺎ ﻟﻜﻜﻜﻜﻜﻜﻜﻜﻜﻜﻜﻜﻜﻜﻜﻜﻜﻜﻜﻜﻜﻜﻜﻜﻜﻜﻚ......"""
, ﻭﻛﺎﻥ ﺫﻟﻚ ﺍﻟﻤﺸﻬﺪ ﻳُﺮﻯ ﻋﺒﺮ ﻛﺮﺓٍ ﺳﺤﺮﻳﺔٍ ﻳﻤﺴﻜﻬﺎ ﻛﻴﻨﺰﻭ.
, ﻭﻟﻢ ﻳﻌُﺪ ﻛﻴﻨﺰﻭ ﻳﻤﻠﻚ ﺃﻥ ﻳﻤﺴﻚ ﻧﻔﺴﻪ؛ ﻓﻤﺪ ﺫﺭﺍﻋﻴﻪ ﻧﺤﻮ ﺍﻟﺴﻤﺎﺀ ﻭﺑﺪﺃ ﻳﻀﺤﻚ ﺑﻀﺤﻜﺔٍ ﻣﺪﻭﻳﺔ ﻣﺘﻔﺠﺮﺓ......
Ushiromiya Kinzo,"""ﻓﻬﺎﻫﺎﻫﺎﻫﺎﻫﺎﻫﺎﻫﺎ، ﻭﺍﻫﻪ{0}ﻫﻪ{0}ﻫﻪ{0}ﻫﻪ{0}ﻫﻪ{0}ﻫﻪ{0}ﻫﻪ{0}ﻫﻪ{0}ﻫﻪ{0}ﻫﺎﻫﺎ!! ﻟِﻢ ﺍﻟﺘﺮﺩﺩ، ﺃﻳﻬﺎ ﺍﻷﺣﻔﺎﺩ ﺍﻷﻏﺒﻴﺎﺀ ﻭﺫﺭﻳﺘﻲ!!"""
Ushiromiya Kinzo,"""ﺇﻧﻬﺎ ﻣﺴﺄﻟﺔ ﻳﺴﻴﺮﺓ ﺗُﺠﺎﺏُ ﻋﻠﻰ ﺍﻟﻔﻮﺭ! ﺃﻗﻞ ﺣﻴﺮﺓً ﻣﻦ ﺍﻟﺴﺆﺍﻝِ: ﺃﺃﺿﻊ ﺍﻟﺰﺑﺪَ ﺃﻡ ﺍﻟﻤﺮﺑﻰ ﻋﻠﻰ ﺧﺒﺰ ﺍﻟﺼﺒﺎﺡ!! ......ﺃﺗﺪﺭﻭﻥ ﺍﻟﺠﻮﺍﺏ ﺍﻟﺼﻮﺍﺏ؟"""
, ﺍﺳﺘﺪﺍﺭ ﻭﺑﺤﻠﻖ ﺑﻌﻴﻨﻴﻪ ﺍﻟﻔﺎﺗﺤﺘﻴﻦ ﻋﻠﻰ ﻣﺼﺮﺍﻋﻴﻬﻤﺎ ﺇﻟﻰ ﺃﺧﻮﺍﺕ ﺍﻟﺸﻴﺎﺳﺘﺮ، ﺍﻟﻠﻮﺍﺗﻲ ﻛﻦ ﻭﺍﻗﻔﺎﺕ ﺑﺨﻀﻮﻉٍ ﻭﺭﺍﺀﻩ.
Chiester45,"""ﻟـ-ﻻ، ﻻ، ﺃﻋﺘﺬﺭ، ﻻ ﺃﻋﻠﻢ، ﻳﺎ ﺳﻴﺪ {f:7:ﻗﻮﻟﺪ ﺳﻤﻴﺚ}!"""
Ushiromiya Kinzo,"""ﻳﺎ ﻟﻠﺴﻔﺎﻫﺔ، ﺍﻣﺘﻨﺎﻋﻚ ﻣﻌﻨﺎﻩ ﺃﻥ ﺍﻟﻠﻌﺒﺔ ﻗﺪ ﺧَﻠَﺼَﺖ!!! ﻳﺎ ﺃﻳﺘﻬﺎ ﺍﻷﺭﻧﺒﺔ ﺍﻟﺤﻤﻘﺎﺀ، ﺍﻟﺘﻲ ﺗﺤﻴﺎ ﻣﻦ ﻗﻠﺔ ﺍﻟﻤﻮﺕ...!!"""
Ushiromiya Kinzo,"""ﻣﺎ ﻗﺪﺭﻙ ﺇﻻ ﻗﺪﺭ ﻧﻤﻠﺔ ﻳﺪﻭﺱ ﻋﻠﻴﻬﺎ ﺍﻟﻨﺎﺱ ﻣﻦ ﻏﻴﺮ ﺃﻥ ﻳﺪﺭﻛﻮﺍ!! ﻣﺖِ! ﺍﻫﻠﻚِ! ﺍﺧﺘﻒِ ﻗﺒﻞ ﺃﻥ ﺃﺭﻣﺶ!! ......ﻭﺃﻧﺖِ ﻳﺎ ﺫﻱ؟"""
Chiester00,"""......ﺃُﺿَﺤّﻲ ﺑﺎﻟﺨﻴﺎﺭ ﺍﻷﻭﻝ، ""ﺣﻴﺎﺗﻲ"" ﻳﺎ ﺳﻴﺪﻱ. ﺍﻷﺳﻠﺤﺔ ﻭُﺟِﺪﺕ ﻟﺘﻘﺎﺗﻞ ﻭﺗﻤﻮﺕ ﻓﻲ ﺳﺎﺣﺔِ ﺍﻟﻮﻏﻰ. ﻭﺍﻷﺳﻠﺤﺔ ﻭُﺟِﺪﺕ ﻟﺘُﻬِﻠﻚ ﺍﻷﻋﺪﺍﺀ ﻭﺗﺤﻤﻲ ﺍﻟﺤﻠﻔﺎﺀ. ﺇﻥ ﻗُﺪِﺭ ﻟﻨﺎ ﺃﻥ ﻧﻤﻮﺕ ﻭﻧﺤﻦ ﻧﺤﻤﻲ ﻣﻦ ﻧﺤﺐ، ﻓﺴﻨﻤﻮﺕ ﻭﻧﺤﻦ ﺭﺍﺿﻮﻥ ﻳﺎ ﺳﻴﺪﻱ."""
Ushiromiya Kinzo,"""ﻫﺎﻩ. ﺟﻮﺍﺏٌ ﺟﻠﻴﻞٌ ﺑﺤﻖِ ﺍﻟﺴﻼﺡ. ﺍﻟﺮﺩ ﺍﻟﻔﻮﺭﻱ ﺣﺴﻦٌ ﺟﺪًﺍ. ......ﺃﻋﻠﻤﻮﻙِ ﺃﻥ ﺛﻮﺍﺑًﺎ ﺇﺿﺎﻓﻴًﺎ ﺳﻴُﻤﻨﺤُﻚِ ﺇﻥ ﺟﺎﻭﺑﺖِ ﻫﻜﺬﺍ؟ ﻫﺎﻫﺎﻫﺎﻫﺎ، ﺟﻮﺍﺑﻚ ﻫﺬﺍ ﻣﻦ ﺃﺟﻞ ﺇﺭﺿﺎﺋﻲ ﺃﻟﻴﺲ ﻛﺬﻟﻚ؟ ﻣﺎ ﻗﻠﺘﻪ ﺻﺤﻴﺢ، ﺃﻟﻴﺲ ﻛﺬﻟﻚ؟ ﻫﺎﻫﺎﻫﺎ."""
Ushiromiya Kinzo,"""ﺃﻧﺖِ ﻻ ﺗُﺠﻴﺒﻴﻦ ﺇﻻ ﻛﻤﺎ ﺃﻣﺮﺕ ﺃﻥ ﺗﺠﻴﺒﻴﻦ، ﺗﻜﺮﺭﻳﻦ ﺍﻟﺠﻮﺍﺏ ﺍﻟﺬﻱ ﻏُﺮِﺱ ﻓﻴﻚ!! ﻣﺜﻠﻚ ﻣﺜﻞ ﺗﻠﻚ ﺍﻷﺭﻧﺒﺔ ﻗﺒﻞ ﻟﺤﻈﺎﺕ. ﻣﺎ ﺗﺰﺍﻟﻴﻦ ﺗﺤﻴﻴﻦ ﺩﻭﻥ ﺃﻥ ﺗﺨﺘﺎﺭﻱ ﻏﺎﻳﺔ ﺃﻭ ﻫﺪﻓًﺎ ﻟﻠﺤﻴﺎﺓ...!! ﺩﻧﺲٌ ﻻ ﻗﻴﻤﺔ ﻟﺤﻴﺎﺗﻪ...! ﻻﺋﻖٌ ﺑﻚِ ﺃﻥ ﺗُﺪﺍﺳﻴﻦ ﻭﺗُﺴﺘﻌﻤﻠﻴﻦ ﻋﻠﻔًﺎ ﻟﺒﻘﻴﺔ ﺍﻟﻤﻮﺍﺷﻲ!!"""
Chiester00,"""............... ...ﻧﻌﻢ ﻳﺎ ﺳﻴﺪﻱ! ﻋﻠﻒُ ﺑﻬﺎﺋﻢ... ﺳﻴﻜﻮﻥ ﺷﺮﻓﺎ......!"""
Ushiromiya Kinzo,"""ﻻ ﺃﻇﻦ ﺫﻟﻚ ﺃﺑﺪًﺍ! ﺃﻧﺖِ ﻻ ﺗﺮﻳﺪﻳﻦ ﺃﻥ ﺗﺮﻱ ﺃﺣﺪًﺍ ﻳﻤﻮﺕ ﻭﺣﺴﺐ، ﺃﻟﻴﺲ ﻛﺬﻟﻚ؟ ﻟِﻢَ ﻻ ﺗﻘﺪﺭﻳﻦ ﻋﻠﻰ ﻗﺒﻮﻝ ﺫﻟﻚ؟ ﺍﻗﺒﻠﻲ ﺃﻥ ﺟﺮﺍﺣﻚ ﺍﻟﻘﺪﻳﻤﺔ ﻣﺎ ﺯﺍﻟﺖ ﺗﻔﺘﺮُّ ﻭﺗﺘﻌﻔﻦُ ﻓﻲ ﺃﻋﻤﺎﻗﻚ...!"""
Ushiromiya Kinzo,"""ﻧﻌﻢ، ﺭﺍﺋﺤﺔ ﺍﻟﻌَﻔﻦ ﺗﻠﻮِّﺡُ ﺍﻷﻧﻒَ ﺗﻜﺎﺩُ ﺗﻘﺸﻌﺮ، ﺃﻳﺘﻬﺎ ﺍﻷﺭﻧﺒﺔ ﺍﻟﻔﺎﺳﺪﺓ ﺍﻟﻤﺘﻌﻔﻨﺔ!! ﻫﺬﻩ ﻛﻠﻤﺎﺕُ ﻣَﺪﺡٍ ﻟﻚِ!!"""
Chiester00,""".........ﺷﻜﺮﺍ ﺟﺰﻳﻼ... ﺳﻴﺪﻱ......"""
Ushiromiya Kinzo,"""ﺣﺴﻨًﺎ، ﻭﺃﻧﺖِ ﺍﻷﺧﻴﺮﺓ. ﺃﻱ ﺍﻟﺜﻼﺙ ﺗﺨﺘﺎﺭﻳﻦ...؟"""
Chiester410,"""ﻧﻴﻬﻲ. ﺍﻟﺨﻴﺎﺭ ﺍﻟﺜﺎﻧﻲ ﺑﻼ ﺗﺮﺩﺩ."""
Ushiromiya Kinzo,"""ﻫﻮﻭﻩ... ﺍﻟﺨﻴﺎﺭُ ﺍﻟﺜﺎﻧﻲ ﺇﺫﻥ. ﻗﻠﺔٌ ﻫﻢ ﻣﻦ ﻳﻔﺘﺨﺮﻭﻥ ﺃﻥ ﻳﻘﺪﻣﻮﺍ ""ﻣﻦ ﻳﺤﺒﻮﻥ"" ﺫﺑﻴﺤﺔ. ﺍﺷﺮﺣﻲ ﺳﺒﺒﻚ."""
Chiester410,"""ﻷﻥ ﻣﻦ ﺗﺤﺒﻪ ﺳُﻴﻔﻘﺪُ ﻻ ﻣﺤﺎﻟﺔ. ﺇﻥ ﻟﻢ ﻳﻜﻦ ﻟﻚ ﻣﻦ ﺗﺤﺐ، ﻓﻠﻦ ﺗُﺠﺮﺡ، ﻭﺣﺘﻰ ﺇﻥ ﺻﺎﺭ ﺍﻷﻣﺮ ﻛﺬﻟﻚ، ﻓﻘﺪ ﺗﺤﺐ ﻣﻦ ﺟﺪﻳﺪ ﻳﻮﻣًﺎ ﻣﺎ. ﻟﻬﺬﺍ، ﺍﻟﺸﺨﺺ ﺍﻟﺬﻱ ﺗﺤﺒﻪ ﺍﻵﻥ ﻟﻴﺲ ﺫﺍ ﻗﻴﻤﺔ ﻋﻈﻴﻤﺔ ﻟﻬﺬﻩ ﺍﻟﺪﺭﺟﺔ ﻧﻴﻪ. ......ﻧﻴﻬﻲ!"""
Ushiromiya Kinzo,"""*ﻗﻬﻘﻬﺔ*. ﻓﻬﻤﺖ، ﻟﻬﺬﺍ ﺍﻧﺘﻬﻴﺖِ ﺇﻟﻰ ﻫﺬﺍ ﺍﻟﺠﻮﺍﺏ، ﺃﻳﺘﻬﺎ ﺍﻷﺭﻧﺒﺔ ﺍﻟﺘﻲ ﺻﺎﺭﺕ ﺟﺒﺎﻧﺔ ﻷﻥ ﺍﻟﺤﺐ ﺟﺮﺣﻬﺎ... ﺳﻤﻌﺖ ﺃﻥ ﺍﻷﺭﺍﻧﺐ ﺗﻤﻮﺕ ﻣﻦ ﺍﻟﻮﺣﺪﺓ، ﻟﻜﻦ ﻣﺘﻰ ﺑﺎﻟﻀﺒﻂ ﻗُﺘِﻞَ ﻗﻠﺒُﻚِ...؟"""
Ushiromiya Kinzo,"""ﻓﺈﺫﻥ ﻳﺎ ﺃﺭﻧﺒﺔ، ﺃﺑﺪِّﻝُ ﺍﻟﺴﺆﺍﻝَ. ﻟﻤﺎ ﻻ ﺃﻏﻴﺮ ﺍﻟﺨﻴﺎﺭ ﺍﻟﺜﺎﻧﻲ ﺇﻟﻰ، ﻟﻴﺲ ""ﻣﻦ ﺗﺤﺐ""، ﺑﻞ ""ﺫﻛﺮﻳﺎﺕُ ﻣﻦ ﺃﺣﺒﺒﺖ""."""
Ushiromiya Kinzo,"""......ﻛﻴﻒَ ﺫﻟﻚ؟ ﻫﻞ ﺗﺴﺘﻄﻴﻌﻴﻦ ﺃﻥ ﺗﺒﻘﻴﻦ ﻋﻠﻰ ﺍﺧﺘﻴﺎﺭﻙ؟ ﻣﺎ ﻫﺬﺍ ﺍﻟﻘﻮﻝ ﺑﺄﻥ ﻣﻦ ﺗﺤﺒﻴﻨﻪ ﻟﻴﺲ ﺫﺍ ﻗﻴﻤﺔٍ ﻋﻈﻴﻤﺔٍ ﺣﻘًﺎ، ﺃﻳﺘﻬﺎ ﺍﻷﺭﻧﺒﺔ ﺍﻟﺠﺎﻫﻠﺔ...!"""
Ushiromiya Kinzo,"""ﻗﺬﺍﺭﺓٌ ﻻ ﺗُﻮﺍﺟِﻪُ ﺣﺘﻰ ﺃﻋﻤﺎﻕ ﺣﺒﻬﺎ!! ﺟﺮﺑﻲ ﺃﻥ ﺗﺨﺘﺎﺭﻳﻬﺎ، ﺟﺮﺑﻲ ﺃﻥ ﺗﺨﺘﺎﺭﻱ ﺃﻥ ﺗﻨﺴﻲ ﻣﻦ ﺃﺣﺒﺒﺖ!!!!!!"""
Ushiromiya Kinzo,"""ﺗﻘﺪﺭﻳﻦ، ﺃﻟﻴﺲ ﻛﺬﻟﻚ؟ ﺃﺭﺍﻫﻦ ﺃﻧﻚ ﺗﻘﺪﺭﻳﻦ، ﺃﻟﻴﺲ ﻛﺬﻟﻚ؟ ﻫﻴﺎﺍﺍﺍ، ﺟﺮﺑﻲ ﺃﻥ ﺗﻘﻮﻟﻲ ﺇﻧﻚ ﺗﻘﺪﺭﻳـــــــــــــﻦ!!!!"""
Chiester410,"""ﺃﻧﺎ، ...ﺃﻧﺎ، ﺃﺳﺘﻄﻴﻊ... ﺃﺳﺘﻄﻴﻊ...!! ﻧﻴﻬﻲ، .........ﻧﻴﻬﻲ{0}ﻫﻲ{0}ﻫﻲ{0}ﻫﻲ{0}ﻫﻲ{0}ﻫﻲ{0}ﻫﻲ{0}ﻫﻲ{0}ﻫﻴﻬﻴﻬﻲ......"""
Chiester00,"""ﻳﺎ ﺳﻴﺪﻱ {f:7:ﻗﻮﻟﺪ ﺳﻤﻴﺚ}...! ﺍﺭﺣﻤﻬﺎ، ﺭﺟﺎﺀً......!!"""
Chiester410,"""ﻫﻴﻴﻴﻬﻬﻴﻲ... ......ﻫﻴﻴﻴﻴﻨﻨﻨﻦ...!!"""
Ushiromiya Kinzo,"""ﻛﻔﻰ، ﻳﺎ ﺩﻧﺲَ ﺍﻷﺭﻧﺐ!! ﺍﺫﻫﺒﻮﺍ ﺇﻟﻰ {f:7:ﻓﻴﺮﺟﻴﻠﻴﺎ} ﻭﺳﺎﻋﺪﻭﺍ ﻋﻠﻰ ﻣﺮﺍﻗﺒﺔ ﺍﻟﺰﻧﺰﺍﻧﺔ. ﺍﻧﻘﻠﻌﻮﺍ!!"""
, ﺃﺧﺬﺕ ﺃﺧﻮﺍﺕ ﺍﻟﺸﻴﺎﺳﺘﺮ، ﻭﻗﺪ ﻧُﻜِﺌﺖ ﺟﺮﺍﺣﻬﻦ ﺍﻟﻘﺪﻳﻤﺔ، ﻳﺨﺘﻔﻴﻦ ﻛﻤﺎ ﻟﻮ ﺃﻧﻬﻦ ﻫﺎﺭﺑﺎﺕ.
, ﻭﺑﻌﺪ ﺫﻟﻚ، ﻭﻣﺎ ﻟﻢ ﻳﺒﻖ ﻣﻦ ﻳﺴﻤﻌﻪ ﺃﺣﺪ، ﻭﺍﺻﻞ ﻛﻴﻨﺰﻭ ﺣﺪﻳﺜﻪ ﻛﻤﺎ ﻟﻮ ﺃﻧﻪ ﻳُﻤَﺜِﻞُ ﺩﻭﺭًﺍ ﻓﻲ ﻣﺴﺮﺣﻴﺔ...
Ushiromiya Kinzo,"""......ﻭﻫﺬﺍ ﻫﻮ، ﺍﺧﺘﺒﺎﺭﻱ ﺍﻟﻠﻄﻴﻒ. ﻷﺻﺪﻕ ﺍﻟﻘﻮﻝ، ﻻ ﺍﺧﺘﻴﺎﺭ ﻫﻨﺎﻟﻚ ﻳُﻘﺎﻝ ﺇﻧﻪ ﺍﻟﺼﻮﺍﺏ ﺣﻘًﺎ."""
Ushiromiya Kinzo,"""ﺃﻳًﺎ ﻛﺎﻥ ﺟﻮﺍﺑﻬﻢ ﺍﻟﺬﻱ ﻳﻨﺘﻘﻮﻥ، ﻓﺎﻷﻣﺮ ﺇﻧﻤﺎ ﻫﻮ: ﺃﻳﺴﺘﻄﻴﻌﻮﻥ ﺍﻻﺧﺘﻴﺎﺭ...  ﺩﻭﻥ ﺗﺮﺩﺩٍ، ﺑﺴﺮﻋﺔٍ، ﻭﺑﻌﺰﻡٍ ﻻ ﻳﻠﻴﻦ ﻭﺇﺭﺍﺩﺓٍ ﻗﻮﻳﺔٍ ﻻ ﺗﻬﺘﺰ!!"""
Ushiromiya Kinzo,"""ﺇﻥ ﺍﻟﺴﺒﺐَ ﻭﺍﻟﻌﺰﻡَ ﺃﻫﻢُّ ﻣﻦ ﻛﻞِّ ﺟﻮﺍﺏ. .........ﺫﺍﻙ ﻣﺎ ﺃﺭﻳﺪ ﺃﻥ ﺃﺑﻠُﻐَﻪُ ﻣﻨﻬﻢ. ﺁﻩٍ ﻳﺎ ﺃﻋﻘﺎﺑﻲ، ﺇﻧﻲ ﻷﻧﺘﻈﺮ ﺑﺸﻮﻕ ﻣﺎ ﺳﺘُﺒﺪﻭﻧﻪ ﻣﻦ ﺃﺟﻮﺑﺔ!!"""
Ushiromiya Kinzo,"""............ﻫﻤﻢ؟ ﺃﻧﺎ؟ *ﻗﻬﻘﻬﺔ*! ﻧﻌﻢ، ﺑﺎﻟﻄﺒﻊ ﻗﺪ ﻃُﺮِﺣﺖ ﻋﻠﻲ ﺗﻠﻚ ﺍﻟﻤﺴﺄﻟﺔ ﻳﻮﻣًﺎ. ﻭﻷﻧﻲ ﺃﺟﺒﺖ ﺟﻮﺍﺑًﺎ ﺑﺎﻫﺮًﺍ ﻋﻦ ﺳﺆﺍﻝ ﺫﻟﻚ ﺍﻟﺸﻴﻄﺎﻥ، ﺍﺳﺘﻄﻌﺖ ﺃﻥ ﺃﻇﻔﺮ ﺑﺎﻟﺬﻫﺐِ ﻭﺍﻟﻤﺠﺪِ ﻭﺑﺎﻟﺴﺎﺣﺮﺓِ ﻧَﻔﺴِﻬﺎ."""
Ushiromiya Kinzo,"""ﺃﺗﺮﻳﺪﻭﻥ ﺃﻥ ﺗﻌﺮﻓﻮﺍ ﺃﻱُّ ﺟﻮﺍﺏٍ ﺍﺧﺘـــــــﺮﺕ؟ .........ﻫﻞ ﺃﻧﺎ ﺣﻘًﺎ ﺑﺤﺎﺟﺔٍ ﻟﻘﻮﻟﻪ ﻋﻠﻨًﺎ؟ ﻭﻫﺎ{0}ﻫﺎ{0}ﻫﺎ{0}ﻫﺎ{0}ﻫﺎ{0}ﻫﺎ{0}ﻫﺎ{0}ﻫﺎ{0}ﻫﺎ{0}ﻫﺎ{0}ﻫﺎ{0}ﻫﺎ{0}ﻫﺎ{0}ﻫﺎﻫﺎﻫﺎﻫﺎ...!!!"""
Ronove,"""ﻃﻴﺐ  ﻫﻞ ﻋﺰﻣﺖِ ﻋﻠﻰ ﺟﻮﺍﺑﻚ......؟"""
Ushiromiya Jessica,"""................................."""
, ﺃﺑﺼﺮﺕ ﺟﻴﺴﻴﻜﺎ ﺍﻟﺮﺳﺎﻟﺔ ﺍﻟﻤﻜﺮﻣﺸﺔ ﺍﻟﻤﻠﻘﺎﺓ ﻋﻠﻰ ﺍﻷﺭﺽ، ......ﻭﻇﻠﺖ ﻣُﻄﺮﻗﺔ ﻓﻲ ﺻﻤﺖ.
, ﻭﻟﻢ ﻳﻤﻸ ﺍﻟﻐﺮﻓﺔ ﺇﻻ ﻫﺪﻳﺮ ﺍﻟﺮﻳﺢ ﻭﺍﻟﻤﻄﺮ ﻭﺣﻔﻴﻒ ﺃﻏﺼﺎﻥ ﺍﻟﺸﺠﺮ.{n}ﻭﻛﻠﻤﺎ ﻋﻠﺖ ﺗﻠﻚ ﺍﻟﻀﻮﺿﺎﺀ، ﺑﺮﺯ ﺍﻟﺼﻤﺖ ﺃﻛﺜﺮ.
, ﺍﻧﺘﻈﺮ ﺭﻭﻧﻮﻑ ﺟﻮﺍﺏ ﺟﻴﺴﻴﻜﺎ.{n}......ﻟﻜﻦ ﺟﻴﺴﻴﻜﺎ ﻟﻢ ﺗﺘﻜﻠﻢ.
, ﺃﻛﺎﻧﺖ ﻏﺎﺭﻗﺔ ﻓﻲ ﺍﻟﻔﻜﺮ، ﺃﻡ ﻫﺠﺮﺕ ﺍﻟﺘﻔﻜﻴﺮ ﺃﺻﻼً؟ ﻟﻢ ﻳﺪﺭﻙ ﺭﻭﻧﻮﻑ.
, ......ﺑﻞ، ﻟﻌﻠﻪ ﻛﺎﻥ ﻳﺪﺭﻙ.
, ﻭﻟﻜﻦ ﺭﻭﻧﻮﻑ ﺑﺨﺒﺜﻪ ﺍﻟﺸﻴﻄﺎﻧﻲ، ......ﺣﺚ ﺟﻴﺴﻴﻜﺎ ﺃﻥ ﺗﻨﻄﻖَ ﺑﻪ.
Ronove,""".........ﺇﻥ ﻟﻢ ﺗﻘﺪﺭﻱ ﻋﻠﻰ ﺍﺧﺘﻴﺎﺭٍ ﻣﺎ، ......ﻓﺈﻧﻲ ﺃﺳﺘﻄﻴﻊ ﻋﻠﻰ ﺍﻷﻗﻞ ﺃﻥ ﺃﺯﻫﻖ ﺭﻭﺣﻚ ﺑﻼ ﺃﻟﻢ، ...ﺇﻥ ﺷﺌﺖ ﺫﻟﻚ......؟"""
Ushiromiya Jessica,"""................................. .........ﺗﻠﻨﻲ."""
Ronove,"""......ﻣﺎﺫﺍ؟ ﺇﻧﻲ ﻟﻢ ﺃﺳﻤﻊ ﺟﻴﺪًﺍ. ﺃﻳﻤﻜﻨﻚِ ﺃﻥ ﺗُﻌﻴﺪﻱ......؟"""
, ﺭﻓﻌﺖ ﺟﻴﺴﻴﻜﺎ ﺭﺃﺳﻬﺎ، ......ﻭﻧﻈﺮﺕ ﻣﺒﺎﺷﺮﺓ ﻓﻲ ﻋﻴﻨﻲ ﺭﻭﻧﻮﻑ.
, ......ﻭﺑﺪﺍ ﺃﻧﻬﺎ ﻗﺪ ﻋﺰﻣﺖ ﻋﻠﻰ ﺟﻮﺍﺑﻬﺎ.
Ushiromiya Jessica,"""............ﺍﻗﺘﻠﻨﻲ."""
, ﻗﺎﻟﺘﻬﺎ ﺟﻴﺴﻴﻜﺎ ﻣﺮﺓً ﺃﺧﺮﻯ، ......ﺟﻠﻴﺔً ﻭﺍﺿﺤﺔ.
, ﻭﻟﻌﻞّ ﺭﻭﻧﻮﻑ ﻛﺎﻥ ﻗﺪ ﺗﺒﻴّﻦ ﻣﻨﺬ ﺍﻟﺒﺪﺀ ﺃﻥّ ﻫﺬﺍ ﺳﻴﻜﻮﻥ ﺟﻮﺍﺑﻬﺎ.
, ......ﻓﺎﺑﺘﺴﻢ ﺍﺑﺘﺴﺎﻣﺔً ﺧﻔﻴﻔﺔً ﻭﺃﻭﻣﺄ، ﺩﻭﻥ ﺃﻥ ﻳُﺒﺪﻱ ﻋﺠﺒًﺎ.
Ronove,"""......ﻋﻠِﻤﺖُ ﺃﻧّﻚِ ﺳﺘﺨﺘﺎﺭﻳﻦ ﻫﺬﺍ ﺍﻟﺠﻮﺍﺏ ﻳﺎ ﺟﻴﺴﻴﻜﺎ-ﺳﺎﻣﺎ. ......ﻭﺍﻵﻥ، ﻟﻴﺲ ﻓﻲ ﻫﺬﺍ ﺍﻻﺧﺘﺒﺎﺭ ﺻﻮﺍﺏٌ ﻭﻻ ﺧﻄﺄ. ﺍﻟﻤﻬﻢُّ ﻫﻮ ﻣﺎ ﺃﻓﻀﻰ ﺑﻚِ ﺇﻟﻰ ﺫﻟﻚ ﺍﻟﺠﻮﺍﺏ."""
Ronove,"""ﻫﻴّﺎ ﺇﺫﻥ. ﺃﺟﻴﺒﻲ ﻋﻦ ﺫﻟﻚ ﺑﺼﻼﺑﺘﻚِ ﻛﻮﺭﻳﺜﺔٍ ﻟﻠﺮﺋﺎﺳﺔ."""
Ushiromiya Jessica,"""............ﻟﻴﺲ ﺍﻷﻣﺮ ﺃﻧّﻲ ﺍﺧﺘﺮﺕُ ﺍﻷﻭﻝ ﻷﻧﻲ ﺃﺭﻏﺐُ ﻓﻲ ﺍﻟﻤﻮﺕ. ......ﺍﻟﺜﺎﻧﻲ ﻛﺎﻥ ﺃﻥ ﺃَﺩَﻉَ ﻛﺎﻧﻮﻥ-ﻛﻦ ﻳﻤﻮﺕ. ﺫﺍﻙ ﺃﻣﺮٌ ﻣﺮﻓﻮﺽٌ ﻗﻄﻌًﺎ. ﻓﺎﻧﺴﻰ ﺫﺍﻙ. ......ﺍﻟﺜﺎﻟﺚ ﻛﺎﻥ ﺃﺭﻭﺍﺡ ﺍﻵﺧﺮﻳﻦ. ﺫﺍﻙ ﺃﻳﻀًﺎ ﻣﺮﻓﻮﺽٌ ﻗﻄﻌًﺎ. ﻓﺎﻧﺴﻰ ﺫﺍﻙ. ......ﺑﻌﺪ ﺫﻟﻚ ﻟﻢ ﻳﺒﻖَ ﺇﻻ ﺍﻟﺨﻴﺎﺭُ ﺍﻷﻭﻝ."""
Ronove,"""ﺍﺳﺘﺒﻌﺎﺩٌ ﺑﺎﻟﺘﺮﺗﻴﺐ، ..... .ﺇﺫﻥ ﻟﻢ ﻳﻜﻦ ﺍﺧﺘﻴﺎﺭًﺍ ﻣﻨﻚِ ﺍﺑﺘﺪﺍﺀً ﺗﻘﻮﻟﻴﻦ......"""
, ﻭﺑﻌﺪ ﺃﻥ ﺍﺑﺘﺴﻢ ﺭﻭﻧﻮﻑ ﺍﺑﺘﺴﺎﻣﺔً ﺧﻔﻴﻔﺔً، ﺃﻃﺮﻕَ ﺑﺒﺼﺮﻩ.
, ......ﻭﻣﺎ ﻛﺎﻥ ﻟـﺒﺸﺮٍ ﺃﻥ ﻳﺘﺼﻮّﺭَ ﺃﻱَّ ﺟﻮﺍﺏٍ ﻛﺎﻥ ﺍﻟﺸﻴﻄﺎﻥُ ﻳﺄﻣﻠُﻪ.
, ......ﻛﻞُّ ﻣﺎ ﺃﺩﺭﻛﺘﻪُ ﺃﻥّ ﻫﺬﺍ ﻛﺎﻥ ﺩﻭﻥَ ﻣﺎ ﺗﻮﻗﻌﻪ ﺭﻭﻧﻮﻑ ﻗﻠﻴﻼً.
Ronove,"""......ﻟﻴﺲ ﺟﻮﺍﺑًﺎ ﺳﻴﺌًﺎ، ﻏﻴﺮ ﺃﻧّﻪُ ﻟﻴﺲ ﺑﺎﻟﺠﻴﺪِ ﻛﺬﻟﻚ. ......ﺃﻇﻨﻨﻲ ﺳﺄُﻋﻄﻴﻬﺎ ﺳﺘﻴﻨًﺎ. ......ﻟﻘﺪ ﺧﻴّﺒﺖِ ﺃﻣﻠﻲ ﻗﻠﻴﻼً."""
Ushiromiya Jessica,"""ﺃﻧﺖَ ﻭﻏﺪٌ ﺃﻧﺎﻧﻲٌّ ﺣﻘًﺎ، ﺗﺄﻣﺮﻧﻲ ﺃﻥ ﺃﺟﻴﺐَ ﺑﺜﻘﺔٍ ﺛﻢ ﺗُﺼﺎﺏُ ﺑﺨﻴﺒﺔ ﺃﻣﻞٍ ﺣﻴﻦ ﺃﻓﻌﻞ."""
Ronove,""".........ﻳﺒﺪﻭ ﺃﻧّﻪ ﻟﻢ ﻳﻜﻦ ﻣﺤﺾَ ﺍﺳﺘﺒﻌﺎﺩٍ ﺑﺎﻟﺘﺮﺗﻴﺐ. ...ﻭﻣﻬﻤﺎ ﻳﻜﻦ، ﻓﺬﻟﻚ ﺗﻘﺪﻳﺮٌ ﺳﺎﻗﻂ، ......ﻏﻴﺮ ﺃﻥّ ﻓﻲ ﻓﻜﺮﻙِ ﻣﺎ ﻳﺴﺘﺤﻖّ ﺃﻥ ﻳُﺴﺄﻝ ﻋﻨﻪ. ﺩﻋﻴﻨﻲ ﺃﺳﺄﻝ."""
Ushiromiya Jessica,"""ﺇﻧّﻲ ﻻ ﺃُﺣﺐُّ ﺍﻟﻤﻮﺕ. ......ﻭﻟﻢ {i:ﺃﺭﻏﺐ} ﺃﻥ ﺃﺧﺘﺎﺭ ﺍﻷﻭﻝ؛ ﺑﻞ ﻻ ﺃﺣﺪ ﻳﺮﻏﺐ. ......ﻓﺎﻟﻨﺎﺱُ ﻳﺠﺎﻫﺪﻭﻥ ﻣﺎ ﺩﺍﻡ ﻓﻲ ﺍﻟﺤﻴﺎﺓ ﻓﺴﺤﺔٌ، ﻷﻧّﻬﻢ ﻳﺮﻳﺪﻭﻥ ﺍﻟﻌﻴﺶ ﻓﻲ ﻧﻌﻴﻢ. ﻓﺎﻷﺻﻞُ ﺃﻥ ﻳﻜﻮﻥ ﺍﻟﺨﻴﺎﺭُ ﺍﻷﻭﻝُ ﻣﺴﺘﺤﻴﻼً ﻣﻨﺬ ﺍﻟﺒﺪﺀ."""
Ronove,""".........ﻏﻴﺮ ﺃﻧّﻚِ ﺃﺧﺬﺕِ ﺍﻟﺨﻴﺎﺭَ ﺍﻷﻭﻝ. ﺁﺛﺮﺕِ ﺃﻥ ﺗﻄﺮﺣﻲ ﺣﻴﺎﺗﻚِ ﺃﻧﺖِ. ﺫﺍﻙ ﺍﻟﺨﻴﺎﺭُ ﻭﺣﺪﻩُ ﺑﻘﻲ."""
Ushiromiya Jessica,"""ﻟﻘﺪ ﺣﺎﻭﻟﺖُ......ﺍﻟﺘﻔﻜّﺮ ﻓﻲ ﺍﻟﻤﺴﺘﻘﺒﻞِ ﺍﻟﺬﻱ ﺳﻴﺄﺗﻲ ﺑﻌﺪ ﻛﻞّ ﺧﻴﺎﺭ."""
Ronove,"""......ﻫﻮﻩ. ﻭﻣﺎﺫﺍ ﻭﺟﺪﺕِ...؟"""
Ushiromiya Jessica,"""ﺃﻭﻻً، .........ﺣﺎﻭﻟﺖُ ﺃﻥ ﺃَﺩَﻉَ ﻛﺎﻧﻮﻥ-ﻛﻦ ﻳﻤﻮﺕ. .........ﺣﺎﻭﻟﺖُ ﺃﻥ ﺃﺗﺼﻮّﺭ ﺣﻴﺎﺗﻲ ﺍﻟﺒﺎﻗﻴﺔ ﺑﻌﺪ ﺃﻥ ﺃﻫﻤﻠﺖُ ﻣﻦ ﺃﺣﺒﺒﺖ."""
Ronove,"""ﺃﻱُّ ﺣﻴﺎﺓٍ ﻛﺎﻧﺖ ﺗﻠﻚ...؟"""
Ushiromiya Jessica,"""ﻛﺎﻧﺖ ﺍﻣﺮﺃﺓً ﺑﺎﺋﺴﺔً ﻻ ﺗﺴﺘﺤﻖُّ ﺍﻟﺤﻴﺎﺓ. ﺍﻣﺮﺃﺓً ﺭﺛّﺔً ﺗﻘﻀﻲ ﻋﻤﺮﻫﺎ ﺗﻨﺪﺏُ ﻗﺮﺍﺭﻫﺎ ﻭﺗﻌﻴﺶُ ﻟﻠﻨﺪﻡِ ﻭﺣﺪﻩ. ......ﺍﻣﺮﺃﺓً ﺑﺎﺋﺴﺔً ﺗﺨﺘﺎﺭُ ﺃﻥ ﺗﺤﻴﺎ ﻭﺗُﻬﻤﻞ ﻣﻦ ﺗُﺤﺐّ... ﻻ ﺃﺳﺘﻄﻴﻊُ ﺃﻥ ﺃﻏﻔﺮَ ﻻﻣﺮﺃﺓٍ ﻛﻬﺬﻩ. ......ﻛﻨﺖُ ﺳﺄﺿﻊُ ﺣﺪًّﺍ ﻟﻬﺎ ﺑﻨﻔﺴﻲ."""
Ronove,"""ﻫﻴﻴﻪ، ﻣﺎ ﺃﺟﺮﺃﻙِ. .........ﻭﻓﻲ ﺗﻠﻚ ﺍﻟﺤﺎﻝ، ﺃﻣﺎ ﻛﻨﺖِ ﻟﺘﻔﻜّﺮﻱ ﻓﻲ ﺍﻟﺨﻴﺎﺭ ﺍﻟﺜﺎﻟﺚ ﺃﻳﻀًﺎ؟"""
Ushiromiya Jessica,"""......ﻧﻌﻢ. ﺣﺎﻭﻟﺖُ ﺃﻥ ﺃﺩﻉَ ﻛﻞَّ ﺃﺣﺪٍ ﻳﻤﻮﺕُ ﺇﻻ ﺃﻧﺎ ﻭﻛﺎﻧﻮﻥ-ﻛﻦ. ......ﻭﻟﻢ ﻳﻜﻦ ﻟﻴﻜﻮﻥَ ﻛﺎﻧﻮﻥ-ﻛﻦ ﺭﺍﺿﻴًﺎ ﻋﻨّﻲ ﻟﻮ ﻓﻌﻠﺖُ ﺫﻟﻚ."""
Ushiromiya Jessica,"""ﻭﻟﻢ ﻳﻜﻦ ﺣﺴﻨًﺎ ﻟﻲ ﺃﻳﻀًﺎ... ﻭﺇﻥ ﻛﺎﻥ ﻛﺎﻧﻮﻥ-ﻛﻦ ﻋﻨﺪﻱ، ﻓﺈﻥّ ﺍﻷﺭﻭﺍﺡَ ﺍﻟﺘﻲ ﺃﻫﻤﻠﺘﻬﺎ ﻟﺘﻠﻚ ﺍﻟﻐﺎﻳﺔ ﺻﺎﺭﺕ ﺻﻠﻴﺒًﺎ ﺃﺣﻤﻠﻪُ ﻣﺪﻯ ﺍﻟﺤﻴﺎﺓ. ......ﻭﺣﺘﻰ ﻛﺎﻧﻮﻥ-ﻛﻦ ﺳﻴُﺮﻏَﻢ ﺃﻥ ﻳﺤﻤﻞَ ﺫﺍﻙ ﺍﻟﺼﻠﻴﺐ."""
Ushiromiya Jessica,""".........ﻟﻦ ﺃﺧﺘﺎﺭَ ﺧﻴﺎﺭًﺍ ﺃﺣﻤﻖَ ﻷُﺣﻤّﻞَ ﻛﺎﻧﻮﻥ-ﻛﻦ ﺻﻠﻴﺒًﺎ ﻛﻬﺬﺍ. ﻭﻟﻮ ﺃﻥَّ ﻧَﻔﺴًﺎ ﻣِﻨِّﻲ ﺍﺧﺘﺎﺭَﺕ ﺫَﻟﻚ، ......ﻓَﻠَﻦ ﺃَﻏﻔِﺮَ ﻟﻬﺎ. ...ﻛﻨﺖُ ﺳﺄﺿﻊُ ﺣﺪًّﺍ ﻟﺘﻠﻚ ﺍﻟﻤﺮﺃﺓ ﺑﻨﻔﺴﻲ ﻭﺃﻗﺘﻠﻬﺎ."""
, ﺻﻮّﺭﺕ ﺟﻴﺴﻴﻜﺎ ﺫﻟﻚ ﻓﻲ ﺫﻫﻨﻬﺎ.{n}ﺍﻟﻤﺴﺘﻘﺒﻞُ ﺍﻟﺬﻱ ﻫﻲ ﻓﻴﻪ ﺑﻌﺪ ﻛﻞٍّ ﻣﻦ ﺍﻟﺨﻴﺎﺭﺍﺕ ﺍﻟﺜﻼﺙ.
, ﻛﺎﻥ ﻫﻨﺎﻙ ﺛﻼﺙُ ﻧﺴﺦ ﻣﻦ ﺟﻴﺴﻴﻜﺎ.{n}......ﻭﻣﻦ ﺍﻟﺜﻼﺙ، ﺍﺛﻨﺘﺎﻥ ﻧﺎﺩﻣَﺘﺎﻥ.{n}ﻭﺍﺣﺪﺓٌ ﻓﻘﻂ ﺗﻘﺪﺭُ ﺃﻥ ﺗﺮﻓﻊَ ﺭﺃﺳﻬﺎ ﻭﺗﺒﺘﺴﻢَ ﻟﻜﺎﻧﻮﻥ.
Ushiromiya Jessica,"""......ﺃﺗﻌﻠﻢ، ﻟﻘﺪ ﺗﺠﺮّﺃﺕُ ﻣﺮّﺓً ﺃﻥ ﺃﻋِﻆَ ﻛﺎﻧﻮﻥ-ﻛﻦ. ......ﺑﺸﻲﺀٍ ﻋﻦ ﺍﻟﺴﻌﻲ ﻟﻠﻌﻴﺶ ﺑﺄﻗﺼﻰ ﻣﺎ ﺗﺴﺘﻄﻴﻊ."""
Ronove,"""ﻋﺶ ﺣﻴﺎﺗﻚ ﻋﻠﻰ ﺃﺗﻤّﻬﺎ. ......ﻛﻠﻤﺎﺕٌ ﺫﺍﺕُ ﻣﻌﻨﻰ. ﻭﻫﻲ ﺃﻣﺮٌ ﻋﺴﻴﺮُ ﺍﻟﻤﻨﺎﻝ."""
Ushiromiya Jessica,"""ﻓﻬﻜﺬﺍ. ﻳﻨﺒﻐﻲ ﻟﻲ ﺃﻥ ﺃﺭﻓﻊَ ﺭﺃﺳﻲ ﻋﺎﻟﻴًﺎ ﻭﺃُﺭﻱ ﻛﺎﻧﻮﻥ-ﻛﻦ. .........ﺃُﺭﻳﻪ ﺳﺒﻴﻼً ﻟﻠﻌﻴﺶ ﺗﺮﻓﻊُ ﻓﻴﻪ ﺭﺃﺳﻚَ ﻋﺎﻟﻴًﺎ، ﻭﺗُﻘﺎﺑﻞُ ﺃﻱَّ ﻋﻴﻦٍ ﺑﺎﺑﺘﺴﺎﻣﺔٍ ﻛﺎﻣﻠﺔٍ ﻻ ﻋﺎﺭ ﻓﻴﻬﺎ."""
Ronove,"""......ﺃﻓﺴﻴَﻘﺪﺭُ ﻛﺎﻧﻮﻥ ﺃﻥ ﻳﺘﻠﻘّﻰ ﺗﻀﺤﻴَﺘَﻚِ؟ ﺃﻣﺎ ﺧﻔﺖِ ﺃﻥ ﻳﺆﺫﻳﻪ ﻗﺮﺍﺭﻙِ ﻫﺬﺍ، ﻣﻊ ﻛﻮﻧﻪِ ﻣﺤﻮﺭﻩُ ﺫﺍﺗﻚِ...؟"""
Ushiromiya Jessica,"""ﻟﻬﺬﺍ... ﺃُﺭﻳﺪُ ﺃﻥ ﺃﺗﺮﻙَ ﺭﺳﺎﻟﺔ..."""
Ronove,"""ﻫﻮﻩ. ......ﺳﺄُﺻﻐﻲ، ﻟﻜﻨّﻲ ﺷﻴﻄﺎﻥ. ...ﻟﻌﻠّﻲ ﻻ ﺃُﻭﻓﻲ ﺑﺎﻟﻌﻬﻮﺩ..."""
Ushiromiya Jessica,""".........ﺃﻭﻑِ ﺑﻌﻬﺪﻙ."""
, ﻗﺎﻟﺖ ﺟﻴﺴﻴﻜﺎ ﺫﻟﻚ ﺑﻨﻈﺮﺓٍ ﻻ ﺗُﺒﺎﻟﻲ.
, ﻟﻘﺪ ﺳﺄﻟﺖ ﺍﻟﺸﻴﻄﺎﻥ ﺍﻟﺬﻱ ﺃﻭﺷﻚ ﺃﻥ ﻳﻘﺒﺾَ ﺭﻭﺣﻬﺎ ﺃﻥ ﻳُﺒﻠّﻎَ ﺭﺳﺎﻟﺔً، ﻭﻟﻢ ﻳﺨﻄﺮ ﻓﻲ ﺑﺎﻟﻬﺎ ﻟﺤﻈﺔً ﺃﻥ ﻳُﺨﻠﻒَ ﻭﻋﺪَﻩ.
, ......ﻭﻋﻨﺪ ﺗﻠﻚ ﺍﻻﺑﺘﺴﺎﻣﺔِ ﺍﻟﻄﺎﻫﺮﺓِ ﻟﻠﻐﺎﻳﺔ، ﺃﻏﻤﺾ ﺭﻭﻧﻮﻑ ﻋﻴﻨﻴﻪ ﺑﻠﻄﻒٍ ﻭﻫﺰّ ﻛﺘﻔﻴﻪ.
Ronove,"""ﻫﻤﻒ...... ......ﺣﻠﻮ ﺣﻠﻮ. ﺇﺫﻥ؟ ﻣﺎﺫﺍ ﻋﺴﺎﻧﻲ ﺃﻥ ﺃﻗﻮﻝ ﻟﻪ...؟"""
Ushiromiya Jessica,"""......ﺃﺧﺒﺮ ﻛﺎﻧﻮﻥ-ﻛﻦ... ﺃﻥ ﻳﻌﻴﺶ ﺣﻴﺎﺗﻪ ﻋﻠﻰ ﺃﺗﻤّﻬﺎ. ......ﻻ، ﻟﻴﺲ ﻫﺬﺍ ﺩﻗﻴﻘًﺎ. ﻻ... ﻟﻴﺲ {i:ﻛﺎﻧﻮﻥ-ﻛﻦ}. ......ﺣﺘﻰ ﺍﻵﻥ ﻟﻢ ﺃﺳﺘﻄﻊ ﺃﻥ ﺃﺟﻌﻠﻪ ﻳﻔﺼﺢ ﻋﻦ ﺍﺳﻤﻪ ﺍﻟﺤﻘﻴﻘﻲ، ﻭﻟﻜﻦ ﺃﺧﺒﺮﻩ ﺃﻥ ﻳﻌﻴﺶ ﺣﻴﺎﺓ ﻛﺎﻧﻮﻥ-ﻛﻦ ﺍﻟﺤﻘﻴﻘﻴﺔ ﻋﻠﻰ ﺃﺗﻤّﻬﺎ. .........ﺃﺧﺒﺮﻩ ﺑﺬﻟﻚ."""
Kanon,"""...............ﺁﻧﺴﺘﻲ......"""
Ushiromiya Krauss,"""......ﺟﻴﺴﻴﻜﺎ...... ......ﺃﻧﺖِ ﻟﻤﺪﻫﺸﺔ............"""
{f:5:Virgilia},"""ﺭﻭﻧﻮﻑ ﻣﺘﻘﻠّﺐ ﺍﻟﻤﺰﺍﺝ، ﻛﺎﻥ ﻣﻤﻜﻨًﺎ ﺃﻻ ﻳُﺒﻠّﻎ ﺍﻟﺮﺳﺎﻟﺔ ﺃﺻﻼً. ......ﺃﻓﻤﺎ ﺃﻧﺖَ ﻣﺤﻈﻮﻅٌ؟ ﺃﻥ ﺃﻛﻮﻥ ﺃﻧﺎ ﻫﻨﺎ ﺃﺭﻳﻚ ﻫﺬﺍ ﺍﻟﻤﺸﻬﺪ."""
, ﻭﻛﺎﻥ ﻭﺭﺍﺀ ﺍﻟﻘﻀﺒﺎﻥ ﻣﺮﺁﺓٌ ﻋﺘﻴﻘﺔ ﺫﺍﺕ ﺛﻼﺛﺔ ﻭﺟﻮﻩ، ......ﺍﻧﻌﻜﺴﺖ ﻋﻠﻴﻬﺎ ﺻﻮﺭﺓ ﺟﻴﺴﻴﻜﺎ.
, ﻭﻋﻠﻰ ﺍﻟﻤﺮﺁﺓ ﺍﻟﺘﺎﻟﻴﺔ... ﺍﻧﻌﻜﺴﺖ ﺻﻮﺭﺓ ﺟﻮﺭﺝ ﺑﻨﻔﺲ ﺍﻟﻄﺮﻳﻘﺔ.
, ﻭﻟﻢ ﻳﺴﺄﻝ ﺃﺣﺪ ﻛﻴﻒ ﻇﻬﺮﺕ ﻣﺮﺁﺓ ﺛﻼﺛﻴﺔ ﻣﻦ ﺳﺮﺏ ﺍﻟﻔﺮﺍﺷﺎﺕ، ﻭﻻ ﻟﻤﺎﺫﺍ ﺍﻧﻌﻜﺲ ﻋﻠﻴﻬﺎ ﺟﻴﺴﻴﻜﺎ ﻭﺟﻮﺭﺝ.
, ......ﻷﻥ ﻣﺎ ﺍﻧﻌﻜﺲ ﻛﺎﻥ ﺃﻫﻢّ.
Ushiromiya Krauss,"""............ﺃﺃﻧﺖِ ﻣﺴﺘﻌﺪﺓ ﻟﻬﺬﺍ... ......ﻟﺘﻘﺪﻳﻢ ﺣﻴﺎﺗﻚِ، ......ﻷﺟﻠﻪ........."""
Kanon,"""................................. ......ﺃﻋﻤﻖ ﺍﻋﺘﺬﺍﺭﺍﺗﻲ..."""
, ﻧﻈﺮ ﻛﺮﺍﻭﺱ ﺇﻟﻰ ﻛﺎﻧﻮﻥ ﺑﺘﻌﺒﻴﺮٍ ﻣﻌﻘّﺪ، ﻓﻴﻪ ﺍﺑﺘﺴﺎﻣﺔ ﻣﺘﻜﻠّﻔﺔ.{n}......ﻭﻟﻢ ﻳﺴﺘﻄﻊ ﻛﺎﻧﻮﻥ ﺃﻥ ﻳﻼﻗﻴﻪ ﺑﻌﻴﻨﻴﻪ.
Kanon,"""......{f:7:ﻓﻴﺮﺟﻴﻠﻴﺎ}-ﺳﺎﻣﺎ. ......ﻟﻴﺲ ﻫﻨﺎﻙ ﺳﺒﺐ ﻷﻥ ﺗﻔﻘﺪ ﺁﻧﺴﺘﻲ ﺣﻴﺎﺗﻬﺎ. ......ﺍﻗﺘُﻠﻴﻨﻲ ﺃﻧﺎ. ﻏﻴّﺮﻱ ﺍﻷﻣﺮ ﺇﻟﻰ ﺍﻟﺨﻴﺎﺭ ﺍﻟﺜﺎﻧﻲ. ......ﻭﺑﺬﻟﻚ ﻳُﺤﻞ ﻛﻞ ﺷﻲﺀ."""
{f:5:Virgilia},"""ﻫﻮﻫﻬﻮﻫﻬﻮﻫﻬﻮﻫﻬﻮ... ﻟﺴﺖُ ﻗﺎﺩﺭﺓ ﻋﻠﻰ ﺗﺤﻘﻴﻖ ﺫﻟﻚ. ......ﻓﻬﺬﺍ ﻗﺮﺍﺭ ﺟﻴﺴﻴﻜﺎ ﻧﻔﺴﻬﺎ ﺍﻟﺬﻱ ﺍﺧﺘﺎﺭﺗﻪ."""
, ﻭﻓﺠﺄﺓ ﺍﻧﺸﻖّ ﺍﻟﻬﻮﺍﺀ، ﻭﻇﻬﺮﺕ ﺃﺧﻮﺍﺕ ﺍﻟﺸﻴﺎﺳﺘﺮ، ﻃﺎﺋﺮﺍﺕ ﺇﻟﻰ ﺻﺪﺭ {f:7:ﻓﻴﺮﺟﻴﻠﻴﺎ}.
Chiester410,"""{f:7:ﻓﻴﺮﺟﻴﻠﻴﺎ}-ﺳﺎﻣﺎﺍﺍﺍﺍﺍ! ﻫﻴﻴﻴﻴﻬﻬﻴﻴﻴﻴﻪ!!"""
Chiester45,"""ﻗﺎﺱٍ، ﻗﺎﺱٍ، ﺍﻟﺴﻴّﺪ {f:7:ﻗﻮﻟﺪ ﺳﻤﻴﺚ} ﻗﺎﺱٍ ﺟﺪًّﺍﺍﺍ، ﻭﻫﻬﻬﻦ{0}ﻫﺎﺍﺍﻥ{0}ﻫﺎﻫﺎﺍﻫﻪ!"""
Chiester00,"""ﺇﻧّﻲ......ﺃﺑﺬﻝ ﻭﺳﻌﻲ...... ﻭﺳﺤﻘّﻲ ﻟﻌﻠﻒ ﺍﻟﺒﻬﺎﺋﻢ...ﺃﻛﺜﺮ ﻣﻦ ﺍﻟﻼﺯﻡ. ......ﺃﻭﻭﻭﻭﻭﻭﻭﻭﻫﻬﻮﻫﻬﻮﻩ!!"""
, ﻭﺑﻴﻨﻤﺎ {f:7:ﻓﻴﺮﺟﻴﻠﻴﺎ} ﻟﻢ ﺗﺪﺭﻙ ﻣﺎ ﻳﺤﺪﺙ، ﻛﺎﻧﺖ ﺃﺧﻮﺍﺕ ﺍﻟﺸﻴﺎﺳﺘﺮ ﺗﺨﻨﻘﻬﺎ ﺑﻌﻮﻳﻠﻬﻦّ.
{f:5:Virgilia},"""ﻫﻪ-ﻫﻮِﻧﻲ، ﻫﻮِﻧﻲ، ﻛﻞ ﺷﻲﺀٍ ﺑﺨﻴﺮ، ﻻ ﺗﺒﻜﻮﻥ...... ﺳﺄﻋﺪُّ ﻟﻜﻦ ﺷﺎﻳًﺎ ﻟﺬﻳﺬًﺍ......"""
{f:5:Virgilia},"""......ﺃﺗﺮﻙ ﻟﻜﻢ ﺟﻤﻴﻌًﺎ ﺣﺮﺍﺳﺔ ﻫﺬﺍ ﺍﻟﻤﻜﺎﻥ. ﺃﺧﺒﺮﻭﻧﻲ ﻓﻮﺭًﺍ ﺇﺫﺍ ﻓﻌﻠﻮﺍ ﺷﻴﺌًﺎ ﻣﺮﻳﺒًﺎ...!"""
, ﻭﺗﺒﺎﺩﻝ ﺍﻟﺤﺎﺿﺮﻭﻥ ﻣﻦ ﺭﺅﻭﺱ ﺍﻟﻤﺎﻋﺰ ﺍﻟﻨﻈﺮﺍﺕ ﻭﺃﻭﻣﺆﻭﺍ ﺑﺮﺅﻭﺳﻬﻢ.
, ﻭﺃﺧﺬﺕ {f:7:ﻓﻴﺮﺟﻴﻠﻴﺎ} ﺃﺧﻮﺍﺕ ﺍﻟﺸﻴﺎﺳﺘﺮ ﻭﺍﻧﺼﺮﻓﺖ.
, ﻭﺳُﻤِﻊ ﻭﻗﻊ ﺃﻗﺪﺍﻡ ﻋﻠﻰ ﺍﻟﺪﺭﺝ، ﻓﻠﻌﻠﻬﻦ ﺻﻌﺪﻥ ﺇﻟﻰ ﻃﺎﺑﻖ ﺃﻋﻠﻰ.
Ushiromiya Kyrie,""".........ﻫﺬﻩ ﻓﺮﺻﺘﻨﺎ. ......ﺭﺅﻭﺱ ﺍﻟﻤﺎﻋﺰ ﻫﺆﻻﺀ ﻳﺒﺪﻭﻥ ﺣﻤﻘﻰ. ......ﺃﺗﺴﺎﺀﻝ ﻟﻮ ﻧﺴﺘﻄﻴﻊ ﺧﺪﺍﻋﻬﻢ..."""
, ﺃﺩﺭﻛﺖ ﻛﻴﺮﻳﻲ ﺃﻥّ ﺍﻟﻔﺮﺻﺔ ﻗﺪ ﺃﺗﺖ، ﻟﻜﻨﻬﺎ ﻟﻢ ﺗﻔﻜﺮ ﺑﻌﺪ ﻓﻲ ﻛﻴﻔﻴﺔ ﻛﺴﺮ ﺍﻟﻘﻀﺒﺎﻥ ﺍﻟﺤﺪﻳﺪﻳﺔ......
, ﻭﺃﻏﻠﻘﺖ ﺟﻴﺴﻴﻜﺎ ﺍﻟﻤﻨﻌﻜﺴﺔ ﻋﻠﻰ ﺍﻟﻤﺮﺁﺓ ﺍﻟﺜﻼﺛﻴﺔ ﻋﻴﻨﻴﻬﺎ، ﻛﻤﺎ ﻟﻮ ﺍﺳﺘﺴﻠﻤﺖ.
, ......ﻭﺍﻟﻄﺮﻳﻘﺔ ﺍﻟﺘﻲ ﻭﺿﻌﺖ ﺑﻬﺎ ﻳﺪﻳﻬﺎ ﻓﻲ ﺟﻴﺒﻴﻬﺎ -ﻣﺘﻤﺮﺩﺓ ﺣﺘﻰ ﺍﻟﻨﻬﺎﻳﺔ- ﺭﺑﻤﺎ ﻛﺎﻧﺖ ﺟﻤﺎﻟﻴّﺘﻬﺎ ﺍﻟﺨﺎﺻﺔ.
Ushiromiya Jessica,"""............ﻫﺬﺍ ﻛﻞ ﻣﺎ ﺃﺭﻳﺪ ﻗﻮﻟﻪ. .........ﺍﻗﺘُﻠﻨﻲ."""
Ronove,"""......ﺣﺴﻨًﺎ ﺇﺫﻥ. ............ﻫﺎ ﻧﺤﻦ ﺫﺍ. ......ﻻ ﺗﻘﻠﻘﻲ، ﻓﺴﺄﺟﻌﻞ ﻣﻮﺗﻚ ﺃﻟﻴﻦ ﻭﺃﺭﺣﻢ ﻣﻦ ﺃﻱ ﻧﻮﻡ."""
, ﺭﻓﻊ ﺭﻭﻧﻮﻑ ﻛﻔﻪ......ﻭﻫﻮ ﻳﻘﺘﺮﺏ ﻣﻦ ﺟﻴﺴﻴﻜﺎ ﺑﺒﻂﺀ......
Ushiromiya Krauss,"""ﺑﺌﺴﺎﺍﺍ!! ﻭﺍﺍﺍﺍﺍﺍﻙ!! ﻋﺎﺍﺍﺍﺍ!!"""
, ﻭﺇﺫ ﺃﺩﺭﻙ ﺃﻥّ ﺍﺑﻨﺘﻪ ﺁﻳﻠﺔ ﺇﻟﻰ ﺍﻟﻬﻼﻙ، ﺍﻧﺪﻓﻊ ﻛﺮﺍﻭﺱ ﻳﻀﺮﺏ ﺍﻟﻘﻀﺒﺎﻥ ﺍﻟﺤﺪﻳﺪ ﺿﺮﺑﺎﺕٍ ﻣﺘﺘﺎﻟﻴﺔ ﺑﺠﺴﺪﻩ، ﻭﻗﺪ ﺃﺧﺬ ﻧﺼﻒ ﻋﻘﻠﻪ ﻋﻦ ﻧﺼﻔﻪ ﺍﻵﺧﺮ.
, ﻭﻛﺎﻧﺖ ﺍﻟﻤﻌﺎﺯ ﺗُﺸﻬﺮ ﻓﻲ ﻭﺟﻮﻫﻬﻢ ﺍﺑﺘﺴﺎﻣﺎﺕٍ ﺳﺎﺧﺮﺓ، ﻛﺄﻧﻬﺎ ﺗﻘﻮﻝ: ﺃﻧﻰ ﻟﺒﺸﺮٍ ﺃﻥ ﻳﺤﻄﻢ ﻫﺬﻩ ﺍﻟﻘﻀﺒﺎﻥ.
, ﻭﺣﻘًﺎ، ﻛﺎﻥ ﺟﻬﺪ ﻛﺮﺍﻭﺱ ﻋﺒﺜًﺎ ﻗﺪ ﻳُﺮﻯ ﻣﻀﺤﻜًﺎ.
, ......ﻟﻜﻦ ﻛﺮﺍﻭﺱ ﻛﺎﻥ ﻳﺒﺬﻝ ﻛﻞ ﻣﺎ ﻓﻲ ﻃﺎﻗﺘﻪ. ﻓﻬﻮ، ﺑﺼﻔﺘﻪ ﺃﺑﺎ ﺟﻴﺴﻴﻜﺎ، ﻳﻌﻴﺶ ﺗﻠﻚ ﺍﻟﻠﺤﻈﺔ ﺑﻜﻞ ﻣﺎ ﺃﻭﺗﻲ، ﻟﻴﺬﻭﺩ ﻋﻨﻬﺎ ﻭﻳﻨﻘﺬﻫﺎ.
, .........ﻭﻛﺎﻥ ﻛﺎﻧﻮﻥ ﻗﺪ ﻋﻘﺪ ﻗﺒﻀﺘﻴﻪ ﺑﺈﺣﻜﺎﻡ.
, ﻟﻮ ﺃﻃﻠﻖ ﻗﻮﺗﻪ ﺍﻟﻤﻠﻌﻮﻧﺔ، ﻟﺮﺑﻤﺎ ﺍﺳﺘﻄﺎﻉ ﺃﻥ ﻳﺸﻄﺮ ﺣﺘﻰ ﺍﻟﺤﺪﻳﺪ ﺷﻄﺮﻳﻦ.
, ......ﻟﻜﻦ ﺍﻟﻤﻌﺎﺯ ﻛﺎﻧﻮﺍ ﺛﻼﺛﺔً ﺗﺎﻣّﺔ. ...ﻭﻻ ﺳﺒﻴﻞ ﻟﻪ ﺃﻥ ﻳﺼﺮﻋﻬﻢ ﺩﻓﻌﺔً ﻭﺍﺣﺪﺓ. ﻓﻔﻲ ﺍﻟﺤﺎﻝ ﺳﻴُﺮﻓﻊ ﺍﻟﺨﺒﺮ، ﻓﺘﺴﺎﺭﻉ {f:7:ﻓﻴﺮﺟﻴﻠﻴﺎ} ﻭﺣﺘﻰ ﺃﺧﻮﺍﺕ ﺍﻟﺸﻴﺎﺳﺘﺮ ﺇﻟﻰ ﺍﻟﻤﻜﺎﻥ.
, ﻭﺭﺑﻤﺎ ﻳﻔﻠﺢ ﻓﻲ ﻛﺴﺮ ﺍﻟﻘﻀﺒﺎﻥ، ......ﻟﻜﻨّﻪ ﻻ ﻳﻤﻠﻚ ﻣﺎ ﻳﻔﻌﻞ ﺑﻌﺪ ﺫﻟﻚ.{n}......ﻻ ﺟﺪﻭﻯ.
, ......ﻛﺎﻥ ﻛﺎﻧﻮﻥ ﻳﻌﻠﻢ ﺃﻥّ ﺍﻟﺴﺎﺣﺮﺓ ﺗﻀﺤﻚ ﺳﺨﺮﻳﺔً ﻣﻦ ﻫﺬﺍ ﺍﻟﺠﻬﺪ ﺍﻟﻌﻘﻴﻢ، ......ﻓﻤﺎ ﻛﺎﻥ ﻣﻨﻪ ﺇﻻ ﺃﻥ ﻳﺤﺪّﻕ ﻓﻲ ﺿﺮﺑﺎﺕ ﻛﺮﺍﻭﺱ ﺍﻟﻤﺘﻜﺮّﺭﺓ ﺑﺠﺴﺪﻩ ﻋﻠﻰ ﺍﻟﻘﻀﺒﺎﻥ... 
Shannon,"""......ﺁﻩ، ............ﺟﻮﺭﺝ-ﺳﺎﻣﺎ......"""
, ﻭﺃﻃﻠﻘﺖ ﺷﺎﻧﻮﻥ، ﺍﻟﺘﻲ ﻛﺎﻧﺖ ﺗﺤﺪّﻕ ﻓﻲ ﺍﻟﻤﺮﺁﺓ ﺍﻟﺜﻼﺛﻴﺔ، ﺻﻮﺗًﺎ.
, ...ﻓﻨﻈﺮﻭﺍ ﻓﺈﺫﺍ ﺑﺠﻮﺭﺝ -ﺍﻟﺼﺎﻣﺖ ﻃﻮﻝ ﺍﻟﻮﻗﺖ- ﻗﺪ ﺭﻓﻊ ﺭﺃﺳﻪ.{n}......ﻭﻛﺄﻥ ﺟﻮﺭﺝ ﻗﺪ ﺣﺴﻢ ﺟﻮﺍﺑﻪ ﻫﻮ ﺍﻵﺧﺮ... 
Gaap,"""............ﺃﺣﺴﻤﺖَ ﺃﻣﺮﻙ؟ ﺟﻮﺍﺑﻚ؟"""
Ushiromiya George,"""ﺃﺟﻞ. .........ﻟﻘﺪ ﺣﺴﻤﺖ."""
Gaap,"""ﺃﻫﻮ ﺟﻮﺍﺏٌ ﻻ ﻳﺘﺰﻟﺰﻝ...؟"""
Ushiromiya George,"""ﺃﺟﻞ. ﻻ ﻳﺘﺰﻟﺰﻝ."""
Gaap,"""ﻓﻬﺎﺗِﻪ ﺇﺫﻥ. .........ﺃﻭﻩ، ﺑﺎﻟﻤﻨﺎﺳﺒﺔ، ﻳﺒﺪﻭ ﺃﻥّ ﺟﻴﺴﻴﻜﺎ ﺍﺧﺘﺎﺭﺕ “ﺣﻴﺎﺗﻚ” ﻛﺨﻴﺎﺭﻫﺎ. ﺃﺭﺟﻮ ﺃﻻ ﺗﻜﻮﻥ ﻣﻤّﻦ ﻻ ﻳﻘﺪﺭﻭﻥ ﺇﻻ ﻋﻠﻰ ﺗﻜﺮﺍﺭ ﺟﻮﺍﺑﻬﺎ......؟"""
Ushiromiya George,"""......ﻟﻘﺪ ﺃﻋﻄﺖ ﺟﻴﺴﻴﻜﺎ ﺟﻮﺍﺑﻬﺎ. ......ﻣﻬﻤﺎ ﻛﺎﻥ ﺧﻴﺎﺭﻫﺎ، ﻓﻬﻮ ﺟﻮﺍﺑﻬﺎ ﻫﻲ. ﻭﻻ ﻳﺆﺛﺮ ﻓﻲ ﺟﻮﺍﺑﻲ ﺍﻟﺒﺘﺔ."""
Gaap,"""ﺃﻓﻬﻢ. ﻓﻸﺳﺄﻟﻚ ﺇﺫﻥ ﺛﺎﻧﻴﺔ. ............ﻣﻦ ﺑﻴﻦ ﺍﻟﺜﻼﺛﺔ ﺍﻟﻤﺬﻛﻮﺭﻳﻦ ﺃﺩﻧﺎﻩ. ﺿﺤِّﻲ ﺑﻮﺍﺣﺪ ﻟﻜﻲ ﺗﻨﺎﻝ ﺍﺛﻨﻴﻦ."""
Gaap,"""1. ﺣﻴﺎﺗﻚ. {nobr:2. ﺣﻴﺎﺓ ﺷﺎﻧﻮﻥ.} {nobr:3. ﺣﻴﺎﺓ ﻛﻞِّ ﻣﻦ ﺗﺒﻘﻰ} .........ﺃﻳّﻬﺎ ﺍﺧﺘﺮﺕ؟ ﺃﻳﻤﻜﻦ ﺃﻥ ﻳﻜﻮﻥ ﺍﻷﻭﻝ ﻛﻤﺎ ﻓﻌﻠﺖ ﺟﻴﺴﻴﻜﺎ؟"""
Ushiromiya George,""".........ﻻ."""
Gaap,"""ﺃﻭﻩ......؟"""
, ﻭﻧﻈﺮﺕ ﻗﺎﺏ ﻧﻈﺮﺓً ﻓﻴﻬﺎ ﺑﻌﺾ ﺍﻟﻌﺠﺐ. ......ﺇﺫ ﻇﻨّﺖ ﺃﻥّ ﺭﺟﻼً ﻭﺍﻫﻦ ﺍﻟﻘﻠﺐ ﻛﻬﺬﺍ ﻟﻦ ﻳﺨﺘﺎﺭ ﻏﻴﺮ ﺫﻟﻚ.
Gaap,""".....................  ......ﻫﺬﺍ ﺣﺴﻦٌ ﺳﻤﺎﻋﻪ. ﻳﺴﻌﺪﻧﻲ ﺃﻥ ﺃُﺯﻳﺢ ﻋﻨﻲ ﺃﻛﺜﺮ ﺍﻟﺨﻴﺎﺭﺍﺕ ﻣﻠﻼً. ......ﻓﻬﻞ، ﻭﺇﻥ ﻛﺎﻥ ﺑﻌﻴﺪًﺍ، ﺍﺧﺘﺮﺕ ﺍﻟﺜﺎﻧﻲ؟ ﺃﻳﻤﻜﻦ ﺃﻥ ﺗﻬﺠﺮ ﺣﻴﺎﺓ ﺷﺎﻧﻮﻥ......؟"""
Ushiromiya George,""".........ﺃﺗﺴﺨﺮﻳﻦ؟ ﻛﻴﻒ ﺃﻓﻌﻞ ﺫﻟﻚ ﺑﻤﻦ ﺃﻧﻮﻱ ﺃﻥ ﺃُﻫﺪﻳﻬﺎ ﺧﺎﺗﻢ ﺍﻟﺨﻄﺒﺔ ﺍﻟﻠﻴﻠﺔ؟"""
Gaap,"""........................  .........ﻫﺬﺍ ﺇﺫﻥ ﺟﺮﻱﺀ. ﺃﻫﺬﺍ ﺟﻮﺍﺑﻚ......؟"""
Ushiromiya George,""".........ﻧﻌﻢ. ......ﺟﻮﺍﺑﻲ...  ...ﻫﻮ ﺍﻟﺨﻴﺎﺭ ﺍﻟﺜﺎﻟﺚ."""
," ﻟﻘﺪ ﺍﺧﺘﺎﺭ ﺟﻮﺭﺝ.........ﺍﻟﺨﻴﺎﺭ ﺍﻟﺜﺎﻟﺚ.{n}......""ﺣﻴﺎﺓ ﺳﺎﺋﺮ ﺍﻟﻨﺎﺱ""."
, ﺣﺘﻰ ﻗﺎﺏ ﻟﻢ ﺗﻜﻦ ﻟﺘﺘﺨﻴّﻞ ﻫﺬﺍ ﺍﻟﺠﻮﺍﺏ.
, ......ﻟﻘﺪ ﻛﺎﻧﺖ ﻋﻠﻰ ﻳﻘﻴﻦٍ ﺃﻧّﻪ ﺳﻴﺨﺘﺎﺭ ﺍﻷﻭﻝ، ﻛﻤﺎ ﻓﻌﻠﺖ ﺟﻴﺴﻴﻜﺎ...... {n}ﻓﺄﺛﺎﺭ ﺫﻟﻚ ﻓﻀﻮﻟﻬﺎ ﻟﺘﻌﺮﻑ ﻛﻴﻒ ﺍﻧﺘﻬﻰ ﺑﻪ ﺍﻟﺮﺃﻱ ﺇﻟﻰ ﻫﺬﺍ ﺍﻟﺠﻮﺍﺏ.
, ......ﻛﻴﻒ ﺍﻧﺘﻬﻰ ﺇﻟﻰ ﺟﻮﺍﺏٍ ﺟﺎﻭﺯ ﺧﻴﺎﻝ ﺍﻟﺸﻴﻄﺎﻥ ﺍﻟﺜﺎﻟﺚ ﻭﺍﻟﺜﻼﺛﻴﻦ ﻣﻦ ﺑﻴﻦ ﺍﻻﺛﻨﻴﻦ ﻭﺍﻟﺴﺒﻌﻴﻦ.
Gaap,"""ﺃﺭﻳﺪ ﺃﻥ ﺗﺨﺒﺮﻧﻲ. .........ﺃﺧﺒﺮﻧﻲ ﺃﻱ ﻣﻨﻈﻮﺭٍ ﺫﺍﻙ ﺍﻟﺬﻱ ﻳﺠﻌﻠﻚ ﻗﺎﺩﺭًﺍ ﻋﻠﻰ ﺍﻟﺘﻀﺤﻴﺔ ﺑﺤﻴﺎﺓ ﻛﻞ ﻣﻦ ﺳﻮﺍﻙ، ﻟﺘﺒﻘﻰ ﺃﻧﺖ ﻭﺧﻄﻴﺒﺘﻚ ﺍﻟﺘﻲ ﺗﺤﺒﻬﺎ ﻓﻲ ﺃﻣﺎﻥ. ......ﻫﻞ ﻫﻮ ﺍﺳﺘﺒﻌﺎﺩ ﺍﻻﺣﺘﻤﺎﻻﺕ، ﻛﻤﺎ ﻓﻌﻠﺖ ﺟﻴﺴﻴﻜﺎ؟"""
Ushiromiya George,"""ﻛﻼ. ﻫﺬﺍ ﻫﻮ ﺧﻴﺎﺭﻱ ﺍﻟﺒﻴّﻦ ﺍﻟﻮﺣﻴﺪ."""
Gaap,"""...............ﺃﺃﺧﺘﺮﺕ ""ﻣﻮﺕ ﺍﻟﺠﻤﻴﻊ"" ﺇﺫًﺍ؟ ﺃﺗﺴﺘﻄﻴﻊ ﺃﻥ ﺗُﻔﻨﻲ ﺍﻟﻌﺎﻟﻢ ﻓﻲ ﺳﺒﻴﻞ ﺍﻟﻤﺮﺃﺓ ﺍﻟﺘﻲ ﺗﺤﺐ...؟"""
Ushiromiya George,"""ﻋﻦ ﺃﻱ ﺷﻲﺀٍ ﺗﺘﺤﺪﺛﻴﻦ؟"""
Gaap,"""............ﻣﺎﺫﺍ.........؟"""
, ﺍﻟﺘﻔﺖ ﺟﻮﺭﺝ ﺇﻟﻰ ﺍﻟﺸﻴﻄﺎﻧﺔ ﻭﻫﻮ ﻳﺨﺎﻃﺒﻬﺎ، ﻳﻨﻈﺮ ﺇﻟﻴﻬﺎ ﻛﺄﻧﻤﺎ ﻻ ﻳﺼﺪّﻕ.
Ushiromiya George,"""......ﻓﻲ ﻫﺬﻩ ﺍﻟﻠﻴﻠﺔ، ﻛﻨﺖ ﺃﻋﺘﺰﻡ ﺃﻥ ﺃﺩﻋﻮ ﺷﺎﻧﻮﻥ ﺇﻟﻰ ﻫﺬﺍ ﺍﻟﻤﻮﺿﻊ ﺑﻌﻴﻨﻪ، ﻭﺃﻗﺪّﻡ ﻟﻬﺎ ﻫﺬﺍ ﺍﻟﺨﺎﺗﻢ ﺑﺮﻫﺎﻥ ﺧﻄﺒﺘﻨﺎ."""
Ushiromiya George,""".........ﻟﻌﻞّ ﻫﻨﺎﻙ ﻛﺜﻴﺮﻳﻦ ﻟﻦ ﻳﺒﺎﺭﻛﻮﺍ ﻫﺬﻩ ﺍﻟﺨﻄﺒﺔ ﺑﻴﻨﻲ ﻭﺑﻴﻦ ﺷﺎﻧﻮﻥ. ﻛﻨﺖُ ﻣﻬﻴّﺄً ﺃﻥ ﺃﺟﻌﻞ ﺍﻟﻌﺎﺋﻠﺔ ﺑﺄﺳﺮﻫﺎ ﺃﻋﺪﺍﺀ ﻟﻲ ﺑﺈﻋﻼﻥ ﺧﻄﺒﺘﻲ ﻟﻬﺎ."""
Ushiromiya George,"""ﻛﻨﺖُ ﻣﻬﻴّﺄً ﻟﺬﻟﻚ. ﻣﻨﺬ ﺃﻥ ﻭﻃﺌﺖُ ﻫﺬﻩ ﺍﻟﺠﺰﻳﺮﺓ، .........ﻻ، ﻟﻴﺲ ﺫﻟﻚ. .........ﻣﻨﺬ ﺃﻥ ﺍﻋﺘﺮﻓﺖُ ﻟﻬﺎ ﺑﺮﻏﺒﺘﻲ ﻓﻲ ﺧﻄﺒﺘﻨﺎ."""
Gaap,"""............ﺇﺫﻥ، ﻳﻤﻜﻨﻚ ﺃﻥ ﺗُﻀﺤّﻲ ﺑﻜﻞ ﺷﻲﺀ ﻣﺎ ﺩﻣﺖ ﺳﺘﺘﺰﻭّﺝ......؟"""
Ushiromiya George,"""ﺍﻟﺰﻭﺍﺝ...  ...ﻣﻌﻨﺎﻩ ﺃﻥ ﺗﻈﻞ ﺣﻠﻴﻔًﺎ ﻟﺰﻭﺟﺘﻚ ﻃﻮﺍﻝ ﺣﻴﺎﺗﻚ. .........ﻭﻣﻦ ﺗﻠﻚ ﺍﻟﻠﺤﻈﺔ، ......ﻛﻨﺖُ ﻣﻬﻴّﺄً ﺃﻥ ﺃﺟﻌﻞ ﺍﻟﻌﺎﻟﻢ ﺑﺄﺳﺮﻩ ﻋﺪﻭًّﺍ ﻟﻲ ﻣﻦ ﺃﺟﻠﻬﺎ."""
, ﻭﻭﺻﻠﺖ ﻫﺬﻩ ﺍﻟﻜﻠﻤﺎﺕ، ﻋﺒﺮ ﺍﻟﻤﺮﺁﺓ ﺍﻟﺜﻼﺛﻴﺔ، ......ﺇﻟﻰ ﺃﺫﻧَﻲ ﺷﺎﻧﻮﻥ.{n}ﻭﺑﻠﻐﺖ ﻋﺰﻳﻤﺘﻪ ﻋﻴﻨﻴﻬﺎ.
, ......ﻟﻘﺪ ﻛﺎﻧﺖ ﺷﺎﻧﻮﻥ ﻗﺪ ﺭﺗّﺒﺖ ﻣﻊ ﺟﻮﺭﺝ ﺃﻥ ﺗﺘﻠﻘّﻰ ﺧﺎﺗﻢ ﺍﻟﺨﻄﺒﺔ ﻫﺬﻩ ﺍﻟﻠﻴﻠﺔ.
, ﺛﻢ ﻭﻗﻊ ﻫﺬﺍ ﺍﻟﺤﺪﺙ، ﻓﻠﻢ ﺗﻘﺪﺭ ﺃﻥ ﺗﺘﺴﻠّﻤﻪ.
, ﻟﻜﻨﻬﺎ ﺍﻵﻥ، .........ﻣﻊ ﺃﻧّﻪ ﻟﻢ ﻳﻜﻦ ﻋﻠﻰ ﻫﻴﺌﺔ ﺧﺎﺗﻢ، ......ﻗﺪ ﻧﺎﻟﺖ ﺷﺎﻧﻮﻥ ﻣﺎ ﻫﻮ ﺃﻋﻈﻢ.
, ......ﻭﺑﺮﻫﺎﻧًﺎ ﻋﻠﻰ ﺫﻟﻚ، ......ﺩﻣﻌﺔ ﻭﺍﺣﺪﺓ ﺗﺒﺮﻕ ﻛﺒﺮﻳﻖ ﺍﻟﻤﺎﺱ...  ﺍﻧﺴﺎﺑﺖ.
Gaap,"""ﻫﻪ، ......ﻫﻬﻪ ﻫﻪ ﻫﻪ ﻫﻪ ﻫﻪ......! ﻳﺎ ﻟﻪ ﻣﻦ ﺟﻮﺍﺏٍ ﺟﺮﻱﺀ. .........ﻓﻬﻤﺖ، ﻟﻢ ﻳَﺼﻌُﺐْ ﻋﻠﻴﻚ ﺍﺧﺘﻴﺎﺭﻙ ﻫﺬﺍ."""
Gaap,"""ﻓﻘﺪ ﻗُﺘﻞ ﻭﺍﻟﺪﺍﻙ ﻓﻲ ﺍﻟﻐﺴﻖ ﺍﻷﻭﻝ، ﺃﻟﻴﺲ ﻛﺬﻟﻚ؟ ﻭﺍﻵﻥ، ﻟﻴﺲ ﺛﻤﺔ ﺃﺣﺪٌ ﺗﺆﻟﻤﻚ ﻭﻓﺎﺗﻪ. ﻫﺎ{0}ﻫﺎ{0}ﻫﺎ{0}ﻫﺎ{0}ﻫﺎ{0}ﻫﺎ، ﺃﺭﻯ ﺃﻥ ﻫﺬﺍ ﻛﺎﻥ ﺧﻴﺎﺭًﺍ ﻳﺴﻴﺮًﺍ. ﺃﻫﻬﺎ{0}ﻫﺎ{0}ﻫﺎ{0}ﻫﺎ{0}ﻫﺎ......"""
Ushiromiya George,"""ﻗﻮﻟﻲ ﻣﺎ ﺷﺌﺖِ. ﻫﺬﻩ ﻋﺰﻳﻤﺘﻲ ﻭﺧﻴﺎﺭﻱ، ......ﺷﺨﺼﻴًّﺎ، ﻭﻛﺨﻠﻴﻔﺔ ﺭﺃﺱ ﺍﻟﻌﺎﺋﻠﺔ ﺍﻟﻤﻘﺒﻞ."""
, ﻭﻛﺎﻥ ﺑﺮﻳﻖ ﻋﻴﻨﻲ ﺟﻮﺭﺝ ﺣﺎﺩًﺍ ﻻﻣﻌًﺎ.
, ...ﻭﻟﻮﻫﻠﺔٍ ﻗﺼﻴﺮﺓ، ﺃﺣﺴّﺖ ﻗﺎﺏ ﺑﺎﻟﻬﻴﺒﺔ ﻧﻔﺴﻬﺎ ﺍﻟﺘﻲ ﻛﺎﻥ ﻛﻴﻨﺰﻭ ﻳُﺸﻌﺮ ﺑﻬﺎ، ﻓﺎﺳﺘُﻀﻌﻔﺖ ﻗﻠﻴﻼً.
Gaap,""".........ﻓﻬﻤﺖ. ......ﺇﺫﻥ ﻫﻮ ﺍﻟﺠﻮﺍﺏ ﻧﻔﺴﻪ ﻛـ{f:7:ﻗﻮﻟﺪ ﺳﻤﻴﺚ}......  ......ﻣﻊ ﻭﺟﻬﻚ ﺍﻟﻄﻔﻮﻟﻲ ﻫﺬﺍ، ......ﺳﺘﻐﺪﻭ ﻓﻲ ﺍﻟﻤﺴﺘﻘﺒﻞ ﺷﻴﻄﺎﻧًﺎ ﺭﻫﻴﺒًﺎ. ......ﻣﻦ ﻳﺪﺭﻱ، ﻓﻘﺪ ﻧﻨﺴﺠﻢ ﺳﻮﻳًﺎ."""
Gaap,"""ﺳﺘﺨﻠﻒ {f:7:ﻗﻮﻟﺪ ﺳﻤﻴﺚ}. ﻭﻟﻌﻠّﻨﻲ ﻳﻮﻣًﺎ ﻣﺎ ﺃُﺳﺘﺪﻋﻰ ﻓﺄﺧﺪﻣﻚ. ......ﻗﺪ ﻳﻜﻮﻥ ﺫﻟﻚ ﺃﻣﺮًﺍ ﻣﺜﻴﺮًﺍ ﻋﻠﻰ ﻏﻴﺮ ﺗﻮﻗّﻊ. .........ﻫﻬﻪ."""
, ﻛﺎﻥ ﻋﻠﻰ ﻗﺎﺏ ﺃﻥ ﺗﻐﻴّﺮ ﺭﺃﻳﻬﺎ ﻓﻲ ﺟﻮﺭﺝ.
, ......ﻓﻬﺬﺍ ﺍﻟﺮﺟﻞ ﻳﺤﻤﻞ ﻋﺰﻳﻤﺔً ﻭﺻﺮﺍﻣﺔً ﻻ ﺗُﺘﺼﻮّﺭ ﻣﻦ ﻣﻈﻬﺮﻩ، ﻭﻟﻢ ﻳﻜﺘﺴﺒﻬﺎ ﺍﻵﻥ، ......ﺑﻞ ﻛﺎﻥ ﻳﻤﺘﻠﻜﻬﻤﺎ ﻣﻨﺬ ﺍﻟﺒﺪﺀ.
Ushiromiya George,"""ﺃﻧﺎ ﻣﺴﺘﻌﺪ ﺃﻥ ﺃﺭﺙ ﺍﻟﺰﻋﺎﻣﺔ ﺣﺎﻻً. .........ﻻ، ﻟﻴﺲ ﺫﻟﻚ. ﻟﻘﺪ ﺃﻣﺮﺗﻨﻲ ﺃﻥ ﺃﻓﻜﺮ ﻛﺮﺃﺱ ﺍﻟﻌﺎﺋﻠﺔ ﻓﻲ ﻫﺬﺍ ﺍﻻﺧﺘﺒﺎﺭ. ﻓﺄﺟﺒﺖُ ﺍﻋﺘﻤﺎﺩًﺍ ﻋﻠﻰ ﻓﺮﺿﻴﺔ ﺃﻧﻲ ﺍﻟﺮﺃﺱ."""
Ushiromiya George,""".........ﻻ، ﻭﻟﻴﺲ ﺫﻟﻚ ﺃﻳﻀًﺎ. ﻇﻨﻨﺖُ ﻛﺄﻧّﻲ ﺍﻟﺮﺃﺱ ﺫﺍﺗﻪ. ......ﻭﺍﻵﻥ... {i:ﺃَﻧﺎ} ﺍﻵﻥ ﺭﺋﻴﺲ ﺑﻴﺖ ﺃﻭﺷﻴﺮﻭﻣﻴﺎ."""
Gaap,"""....................................... ﺇﻳﻬﻴﻬﻴﻬﻴﻬﻲ...... ﻣﺬﻫﻞ...ﻟﻢ ﺃﻇﻨﻚ ﻗﺎﺩﺭٌ ﻋﻠﻰ ﺍﻟﻨﻄﻖ ﺑﻬﻜﺬﺍ ﻛﻼﻡ."""
Gaap,"""ﻳﺒﺪﻭ ﺃﻧﻚ ﺣﻘًﺎ ﻣﻤﻦ ﻳُﺤْﺴَﺐ ﻟﻪ ﺣﺴﺎﺏ. ......ﺍﺧﺘﺒﺎﺭﺍﺕ ﺑﺎﺗﻠﺮ ﻭﻣﺎﺭﻳﺎ ﻟﻢ ﺗُﺠﺮَ ﺑﻌﺪ، ﻟﻜﻦ ﺇﻥ ﺳﺄﻟﺘﻨﻲ ﻓﺄﻇﻨُّﻚ ﺃﻧﺖ ﻣﻦ ﻳﻨﺒﻐﻲ ﺃﻥ ﻳﻨﺠﺢ. ............ﻭﻟﻜﻦ ﺑﺸﺮﻁ ﺃﻥ ﻳﻜﻮﻥ ﺟﻮﺍﺑﻚ ﻫﺬﺍ ﺣﻘﻴﻘﻲ ﻭﻟﻴﺲ ﺑﻤﺰﻳﻒ."""
Ushiromiya George,"""............ﺃﺗﺸﻜﻴﻦ ﻓﻲ ﻋﺰﻳﻤﺘﻲ؟"""
Gaap,"""ﻫﻞ ﺗَﺴﺘﻄﻴﻊ ﺗﻨﻔﻴﺬ ﺍﻻﺧﺘﻴﺎﺭ ﺍﻟﺬﻱ ﺍﺧﺘﺮﺗَﻪ؟ ﺃﻳﻤﻜﻨﻚ ﺍﻵﻥ، ﺑﻴﺪﻳﻚ، ﺃﻥ ﺗُﻘﺪِّﻡ ﻛﻞّ ﺍﻷﺭﻭﺍﺡِ ﺍﻟﺘﻲ ﻋﻠﻰ ﻫﺬﻩ ﺍﻟﺠﺰﻳﺮﺓ ﺫَﺑﺎﺋِﺢَ......؟ ﺑﻴﺪﻳﻚ ﺃﻧﺖ، ﺃﺫﻛّﺮﻙ...؟"""
Ushiromiya George,"""ﺃَﺳﺘﻄﻴﻊ. ﻟﻘﺪ ﻗﻠﺖُ ﻣﺮّﺍﺕٍ ﻋِﺪَّﺓً ﺇﻥ ﻟﻲ ﺗﻠﻚ ﺍﻟﻌﺰﻳﻤﺔ."""
Gaap,"""ﻫﺎ، ............ﻫﺎﻫﺎﻫﺎﻫﺎﻫﺎﻫﺎ! ﺇﺫﻥ ﺍﺭﺟﻊ ﺇﻟﻰ ﺑﻴﺖ ﺍﻟﻀﻴﺎﻓﺔ ﻓﻮﺭًﺍ، ﻭﺍﻗﺘﻞ ﺑﺎﺗﻠﺮ ﻭﻣﺎﺭﻳﺎ! ﻭﺇﺫﺍ ﻓُﻌِﻞ ﺫﻟﻚ، ﺁﺗﻴﻚ ﺑﺎﻟﺮﻫﺎﺋﻦِ ﺍﻵﺧﺮﻳﻦ. ﻧﻔّﺬ ﻛﻞّ ﻭﺍﺣﺪٍ ﻣﻨﻬﻢ ﺃﻣﺎﻡ ﺷﺎﻧﻮﻥ ﻣﺎ ﻋﺪﺍﻫﺎ! ﺃﻧﺖ ﺗَﻘﺪﺭ ﻋﻠﻰ ﺫﻟﻚ، ﺃﻟﻴﺲ ﻛﺬﻟﻚ؟!"""
Ushiromiya George,"""{i:ﺃﻗﺪﺭُ}. ﻋَﺰﻳﻤﺘﻲ ﻋﻠﻰ ﻣَﺴﺘﻮﻯ ﻳﺨﺘﻠﻒ ﻛﻞ ﺍﻻﺧﺘﻼﻑ ﻋﻦ ﻋﺰﻣِﻚ."""
Gaap,"""...........................ﻣﻐﻬﺾ. ﻓﻠﺘﻨﻔِﺬﻫﺎ! ﺍﻟﻤﻮﺕُ ﻟﻬﻢ ﺟﻤﻴﻌًﺎ! ﺃﻧﻔﺬ ﻃﻘﺲَ ﺍﻟﺪﻡ ﻫﺬﺍ ﻛﺮﺃﺱٍ ﺟﺪﻳﺪٍ ﻟﺒﻴﺖ ﺃﻭﺷﻴﺮﻭﻣﻴﺎ...!!"""
Ushiromiya George,"""......ﻓﻬﻤﺖ. ﺳﺄﻧﻔﺬﻩ. ﺇﻧّﻲ ﻗﺪ ﺻِﺮﺕُ ﺑﺎﻟﻔﻌﻞ ﺭﺃﺱَ ﺑﻴﺖ ﺃﻭﺷﻴﺮﻭﻣﻴﺎ."""
Gaap,"""ﻧﻌﻢ، ﻫﻜﺬﺍ! ﻟﻮّﺙ ﺫﻟﻚ ﺍﻟﻜُﺮﺳﻲَّ ﺑﺎﻟﺤﻤﺮﺓِ ﺑِﻴَﺪَﻳْﻚَ...! ﺳﺘﺼﻴﺮُ ﻣﻠﻚَ ﺍﻟﻨّﺎﺭ ﺍﻵﺧﺮﺓ، ﺳَﻴّﺪَ ﺟﻤﻴﻊِ ﺍﻟﺸﻴﺎﻃﻴﻦ...!!"""
, ﻗﺎﺏُ ﺍﻵﻥ ﻗﺪ ﺗﻴﻘّﻨﺖ.{n}ﻫﺬﺍ ﺍﻟﺮﺟﻞُ ﻻﺋﻖٌ ﺣﻘًﺎ ﺑﺄﻥ ﻳﺨﻠُﻒ ﺟﻨﻮﻥ ﻛﻴﻨﺰﻭ...!
Gaap,"""ﺍﻫِﺐْ، ﺃﻳﺘﻬﺎ ﺍﻟﻌﺎﺻﻔﺔ! ﺍﻫﺪِﺭْ ﻳﺎ ﺭﻋﺪ!! ﺍﺣﺘﻔِﻠﻮﺍ ﺑﻤﻮﻟﺪِ ﻣﻠﻚِ ﺍﻟﺸﻴﺎﻃﻴﻦِ ﺍﻟﺠﺪﻳﺪ!! ﺟﺰﻳﺮﺓُ ﺍﻟﺸﻴﺎﻃﻴﻦِ ﻗﺪ ﺍﺳﺘﻘﺒﻠﺖْ ﺍﻵﻥ ﺣﺎﻛﻤًﺎ ﺟﺪﻳﺪًﺍ...!!"""
, ﺭﺩًّﺍ ﻋﻠﻰ ﻧﺪﺍﺀِ ﺍﻟﺸﻴﻄﺎﻥِ، ﺗﻔﺠﺮﺕ ﺍﻟﻌﺎﺻﻔﺔ ﺃﻛﺜﺮ ﻓﺄﻛﺜﺮ.
, ﺛﻢ ﺳَﻘَﻄَﺖ ﺻﺎﻋﻘﺔٌ ﻫﺎﺋﻠﺔ، ﺭَﻋﺪُﻫﺎ ﺍﻟﻤﻤﺰِّﻕُ ﻭﻧﻮﺭُﻫﺎ ﺍﻟﺒﺎﻫﺮُ ﻳَﺨﻠﻘﺎﻥ ﻟﺤﻈﺔَ ﺻﻤﺖٍ ﻛﺄﻧّﻬﺎ ﻭﻫﻢ......
Ushiromiya George,"""ﻓـ ............ﺑﺎﻟﻨﺴﺒﺔ ﻷﻣﺮِ ﺍﻟﻄّﻠﺒﺎﺕِ ﺑﺎﻟﻘﺘﻞ. ﻟﻲ ﺃﻥ ﺃﺧﺘﺎﺭَ، ﺃﻟﻴﺲ ﻛﺬﻟﻚ؟"""
Gaap,"""ﺍﻓﻌﻞْ ﻣﺎ ﺗﺮﻳﺪ ﻳﺎ ﺻﺎﺣﺐ ﺍﻟﺠﻼﻟﺔ، ﻳﺎ ﻣﻠﻚ ﺍﻟﺸﻴﺎﻃﻴﻦِ ﺍﻟﺠﺪﻳﺪ ﻟﺮﻭﻛﻴﻨﺠﻴﻤﺎ. ﻛﻤﺎ ﻳﺸﺘﻬﻲ ﻗﻠﺒﻚ...!"""
Ushiromiya George,""".........ﺣﺴﻨًﺎ، ﻟﻌﺪﻡِ ﻭﺟﻮﺩِ ﺧﻴﺎﺭٍ ﺃﻓﻀﻞ... ﻓﺎﻷﻭﻝُ ﺃﻧﺖِ ﺇﺫًﺍ، ﺁﻣﻞ ﺃﻻ ﻳﻜﻮﻥَ ﺫﺍﻙ ﻣﺸﻜﻠﺔ؟"""
Gaap,"""..............................ﻫﺎ؟"""
, ﻫﺒّﺖ ﺭﻳﺢٌ، ......ﺗﺤﺮّﻛَﺖْ ﺳَﺘﺮﺓُ ﺟﻮﺭﺝْ ﻛﻤﺎ ﻟﻮ ﻛﺎﻧﺖ ﻋﺒﺎﺀﺓً.
, ﻛﺎﻧﺖ ﺃﺷﺒﻪَ ﻛﺜﻴﺮًﺍ ﺑﻌﺒﺎﺀﺓِ ﺍﻟﺮﺋﻴﺲ.{n}ﺑﺎﻟﺘﺄﻛﻴﺪ ﺃﺭﺧﺖ ﻧﻔﺲَ ﺍﻹﺣﺴﺎﺱ ﺑﺎﻟﻌﻈﻤﺔ......
, ......ﻓﻲ ﺗﻠﻚ ﺍﻟﻠﺤﻈﺔ، ......ﺭﺃﺕ ﻗﺎﺏ ﺑﻮﺿﻮﺡٍ ﺃﻥ ﺍﻟﻌﺎﺻﻔﺔَ ﺯَﺍﻟَﺖْ، ﻭﺍﻟﺴﻤﺎﺀُ ﺗَﺤَﻠَّﺖ ﺑﻘﻤﺮٍ ﻛﺎﻣﻞٍ ﻧﺎﺻﻊٍ ﻭﺍﺳﻊ.
, ﺣﺎﻣِﻼً ﺍﻟﻘﻤﺮَ ﻋﻠﻰ ﻇﻬﺮﻩ، ﺫﻟﻚ ﺍﻟﺮﺟﻞُ ﺍﻟﺬﻱ ﻧﺎﺩﻯ ﺑﻨﻔﺴﻪ ﺍﻟﺮﺃﺱَ ﺍﻟﺠﺪﻳﺪ... ﺳﺨﺮ ﻣﻦ ﺍﻟﺸﻴﻄﺎﻧﺔ.
Ushiromiya George,"""ﺣﺘﻰ ﺃﺭﻭﺍﺡُ ﺑﻴﺖِ ﺃﻭﺷﻴﺮﻭﻣﻴﺎ، ﻛﻠُّﻬﺎ......ﺻﺎﺭَﺕ ﺍﻵﻥ ﻗِﺴْﻤَﺘِﻲ. ﺛُﻢَّ ﺗُﻮﺟَﺐُ ﺗﻌﻮﻳﻀﺎﺕٌ ﻋﻤّﺎ ﻟﺤﻖَ ﺑﺘﻠﻚ ﺍﻟﻘِﺴﻤﺔِ. ﻟﻦ ﻳﻜﻮﻥَ ﺫﻟﻚ ﺭﺧﻴﺼًﺎ."""
Ushiromiya George,"""......ﻟﻢ ﺗﻈﻨﻲ ﺃﻧﻚِ ﺗﺴﺘﻄﻴﻌﻴﻦ ﺃﻥ ﺗﺄﺧﺬﻱ ﺃﺭﻭﺍﺡَ ﻭﺍﻟﺪَﻱَّ ﻭﺍﻟﻌﻤﺔَ ﻧﺎﺗﺴﻮﻫِﻲ ﻭﻋﻤﻲ ﺭﻭﺩﻭﻟﻒ ﻭﻋﻤﺘﻲ ﺭﻭﺯﺍ، ﻭﻗﻴﻨﺠﻲ-ﺳﺎﻥ، ﻭﺗﻈﻨﻲ ﺃﻧﻲ ﺃﺳﻜﺖُ ﻋﻦ ﺫﻟﻚ، ﺻﺤﻴﺢ؟"""
Gaap,"""ﻫﻮ... ......ﻫﻮﻫﻮ... ............ﻳﺎ ﻟﺤﺴﻦ ﺷﻜﻴﻤﺘﻚ......"""
, ﺭﻭﻧﻮﻑ ﻗﺪ ﻗﺼﺪ ﺃﻥ ﻳﻀﻐﻂ ﻛﻔّﻪ ﻋﻠﻰ ﺻﺪﺭ ﺟﻴﺴﻴﻜﺎ ﻟﻴُﻮﻗِﻒ ﻗﻠﺒﻬﺎ.
, ﻟﻜﻦ ﻋﻠﻰ ﻣﺴﺎﻓﺔ ﻗﺼﻴﺮﺓ ﺗﻮﻗَّﻔﺖ ﻳﺪُﻩ......
, ......ﻋﻠﻰ ﺍﻟﺴﺠّﺎﺩ ﻋﻨﺪ ﻗﺪﻣﻴﻬﻤﺎ، ......ﺑﻠﺒﻞ، ﺑﻠﺒﻞ...ﺃﺯﻫﺎﺭٌ ﺣﻤﺮﺍﺀٌ ﺻَﻐِﻴﺮﺓٌ ﺗَﻔﺘﺤﺖ ﺍﻟﻮﺍﺣﺪﺓ ﺗﺒﺎﻋًﺎ.
, ﺑﺬﻭﺭُ ﺗﻠﻚ ﺍﻷﺯﻫﺎﺭ... ...ﺳﻘَﻄﺖ ﻣﻦ ﻋﻞٍ ﺑﻌﻴﺪٍ ﺟﺪًّﺍ، .........ﻣﻦ ﻗﺒﻀﺔِ ﺟﻴﺴﻴﻜﺎ، ...ﻣﺮﻓﻮﻋﺔٍ ﻛﺄﻧّﻬﺎ ﺗُﻀﺮﺏُ ﺍﻟﺴﻤﺎﻭﺍﺕ.
, ﺃﻧﻒُ ﺭﻭﻧﻮﻑ ﻗﺪ ﻟَﻤِﻊَ ﺑﺎﻟﺪﻡِ ﺍﻟﻘﺎﻧﻲ، ......ﻭﺗﻠﻚ ﺍﻟﻘﻄﺮﺍﺕ ﻛﺎﻧﺖ ﺗَﺘﻘﻄَّﺮ ﻋﻠﻰ ﺍﻟﺴﺠّﺎﺩ.
Ushiromiya Jessica,""".........ﻋﻠﻰ ﻓﻜﺮﺓ، ﺫﺍﻙ ﻛﺎﻥ ﺟﻮﺍﺑﻲ ﻛﻌﺬﺭﺍﺀ. ......ﺟﻮﺍﺑﻲ ﻛﺮﺃﺱٍ ﻣﺨﺘﻠﻒ."""
Ronove,"""ﻭﻣﺎ ﻫﻮ؟"""
Ushiromiya Jessica,"""......ﺍﻟﺸﺨﺺُ ﺍﻟﺬﻱ ﺃﺣِﺒُّﻪ، ﻋﺎﺋﻠﺘﻲ ﻭﺃﻗﺮﺑﺎﺋﻲ، ﺟﻤﻴﻌًﺎ، ﺟﻤﻴﻌًﺎ!! ﺳﺄﺣﻤﻴﻬﻢ. ﺇﻥ ﻛﻨﺖُ ﺍﻟﺮﺃﺱَ، ﻓﺬﺍﻙ ﻭﺍﺟﺒﻲ!"""
Ushiromiya Jessica,"""ﺃﺑﻲ ﻣﺎ ﻛﺎﻥ ﺩَﺍﻋﻴًﺎ ﻟِﺘَﻜﺒُّﺮٍ ﻋﺒﺜﻲ. ﻛﺎﻥ ﻳﺤﻤﻴﻨﻲ ﻭﻳﺤﻤِﻲ ﺃﻣﻲ!! ......ﺻﺎﺭﻉ ﺿﻐﻂَ ﺍﻟﺨﻼﻓﺔ ﻋﻠﻰ ﺑﻴﺖ ﺃﻭﺷﻴﺮﻭﻣﻴﺎ......ﻋﻘﻮﺩًﺍ ﻋﺪﻳﺪﺓ!!"""
Ushiromiya Jessica,"""ﻓﺄﻧﺎ ﺃﻋﻠﻢ. ......ﺍﻟﺨﻼﻓﺔ ﻟﻴﺴﺖ ﻫﻴﻨًﺎ. ......ﻓﺄﺗﻌﻠﻢ ﻣﺎﺫﺍ؟ ﻫﺬﺍ ﺃﻣﺮٌ ﻳﺴﻴﺮٌ ﺇﻟﻰ ﺣﺪّ ﺍﻟﻌﺠﺐ. ......ﻟﻴﺲ ﺑﺼﻌﺐٍ ﻋﻠﻰ ﺍﻹﻃﻼﻕ ﺃﻥ ﺃﺧﺎﻃﺮ ﺑﺤﻴﺎﺗﻲ!!"""
, ﺟﻴﺴﻴﻜﺎ ﻋَﺮَﻓﺖ.
, ﻋَﺮَﻓﺖ ﺃﻥ ﻭﺍﻟﺪَﻫﺎ، ﻣﻦ ﺃﺟﻞِ ﺣﻤﺎﻳﺔِ ﺃﺳﺮﺗﻪ، ﻻ ﻳﺰﺍﻝُ ﺍﻵﻥ ﻳُﺨﺎﺩﻉُ ﻭﻳﻘﺎﺗﻞُ ﻗﺘﺎﻻً ﻭَﺣﻴﺪًﺍ.
, ﻓﻬﻤﺖ ﺟﻴﺴﻴﻜﺎ ﻣﺎ ﻛﺎﻥ ﻇﻬﺮُﻫﺎ ﻳُﺤﺪِّﺛﻬﺎ ﺑﻪ!
, ﺿﺮﺑﺔٌ ﻳﺴﺮﻯ ﺃﺧﺮﻯ ﺳُﺪِﺩﺕ ﻓﻲ ﻭﺟﻪِ ﺭﻭﻧﻮﻑ.{n}......ﺗﻠﻚ ﺍﻟﻀﺮﺑﺔُ ﺍﻟﺠِﺴﺎﻡُ ﻟﻢ ﺗﻜﻦ ﻟِﻤﺠﺮَّﺩِ ﺍﻟﻤﻘﺒﺾ ﺍﻟﺤﺪﻳﺪﻱ ﺍﻟﺘﻲ ﺗﺴﺘﻌﻤﻠﻪ.
, ﻛﺎﻧﺖ ﺿﺮﺑﺔً... ﻣﻦ ﺭﺋﻴﺲٍ ﻋﺎﺋﻠﻲٍّ، ﻗﺎﺩﺭٍ ﻋﻠﻰ ﺃﻥ ﻳُﻠﻘِﻲ ﺑﻜﻞِّ ﺷﻲﺀٍ ﻟﻴﺤﻤﻲ.
Ushiromiya Jessica,"""ﺇﻥ ﻓﺾَّ ﺃﺑﻲ ﺃﻫﻠِﻴﺘﻪ ﻟﻠﺨﻼﻓﺔ، ﻓﺈﻧﻲ ﺃﻧﺎ، ﺍﻟﺘﺎﻟﻴﺔ ﻓﻲ ﺍﻟﺴَّﻠَﻒ، ﺃﺭﺗﻘﻲ ﺑﺎﻟﺮﺃْﺱ. ......ﺭﺃﺱ ﺑﻴﺖِ ﺃﻭﺷﻴﺮﻭﻣﻴﺎ، ﺃﻭﺷﻴﺮﻭﻣﻴﺎ ﺟﻴﺴﻴﻜﺎ!! ﻟﺴﺖُ ﺑﻀﻌﻴﻔﺔٍ ﻷﺩﻉ ﺃﻣﻚ ﺗَﻔﻌﻞُ ﻣﺎ ﺗﺸﺎﺀ ﻭﺑﺪﻭﻥِ ﺭﺍﺩﻉ!!"""
Ronove,"""............ﺟﻮﺍﺏٌ ﺑﺪﻳﻊ. ﺳﺄُﻋﺪِّﻝُ ﺩﺭﺟﺘﻚَ ﻋﻤﺎ ﻣﻀﻰ. ﺯﺍﺋﺪُ ﻋﺸﺮﺓٍ ﻟﺬﻟﻚ ﺍﻟﺠﻮﺍﺏ. ......ﺯﺍﺋﺪُ ﻋﺸﺮﺓٍ ﻟﺘﻠﻚ ﺍﻟﻠﻜﻤﺔِ ﺍﻟﻴُﺴﺮﻯ ﺍﻟﺒﺎﻫﺮﺓ."""
Ushiromiya Jessica,"""ﺃﻱ ﺃﻧّﻲ ﺃﺣﺘﺎﺝُ ﺯﺍﺋﺪَ ﻋﺸﺮﻳﻦَ ﻓﻘﻂٍ ﻷﺑﻠﻎَ ﺍﻟﻤﺎﺋﺔَ ﺍﻟﻜﺎﻣﻠﺔ؟"""
, ﺗﺮﺍﺟﻊَ ﺭﻭﻧﻮﻑ ﺇﻟﻰ ﺍﻟﺨﻠﻒِ ﺑﻘﻔﺰﺓٍ ﺇﻟﻰ ﺍﻟﻮﺭﺍﺀِ، ﻭﻣﺴﺢ ﺑﻌﻨﻒٍ ﺍﻟﺪﻡَ ﺍﻟﺴﺎﺋِﻞَ ﻣﻦ ﺃﻧﻔﻪ.
, ......ﺻﺎﺭَ ﻣﺎ ﻋﻠﻴﻪ، ﻟﻴﺲ ﺩﻣًﺎ ﻓﺤﺴﺐ، ﺑﻞ ﺑﺘﻼﺕُ ﻭﺭﺩٍ ﺣﻤْﺮﺍﺀ.
, ﻣَﺤﺎ ﺍﻟﺪﻡَّ ﻋﻦ ﻭﺟﻬﻪ، ......ﻭﺑﺪَﻟَﻪ... ﺍﺭﺗﺴﻤﺖْ ﻋﻠﻰ ﻣﺤﻴّﺎﻩ ﺍﺑﺘﺴﺎﻣﺔُ ﺑﻬﺠﺔٍ ﻋﻈﻴﻤﺔٍ، ﻟَﻢ ﻳَﺸﻌُﺮ ﺑﻬﺎ ﻣﻨﺬ ﻗﺮﻭﻥٍ ﻻ ﻳُﺪﺭﻙ ﻛﻢ ﻃﺎﻟَﺖ.
Ronove,"""ﻋﺰﻣُﻚ. ﺃﻧﺎ، ﺭﻭﻧﻮﻑ، ﺳﺄﺧﺘﺒﺮُ ﻣﺎ ﺇﻥ ﻛﺎﻥ ﻳﺴﺘﺤﻖّ ﺍﻟﺪﺭﺟﺔَ ﺍﻟﻜﺎﻣﻠﺔ......"""
Ushiromiya Jessica,"""ﺍﻗﺤِﻤﻬﺎ ﻳﺎ ﺑﻐﻞ!! ﺍﻧﻬﺾ ﺇﻟﻴﻴﻴﻴﻴﻴﻴﻴﻴﻴﻴﻲ!!"""
Gaap,"""ﺗﻌﺎﻝَ، ﺇﻟﻰ ﺍﻟﻬﺎﻭﻳﺔ...!"""
Ushiromiya George,"""ﻭﺁﻍ؟!"""
, ﺗﺤﺖَ ﻗﺪﻣﻲ ﺟﻮﺭﺝ، ﻓُﺘِﺤﺖ ﺣﻔﺮﺓٌ ﺳﻮﺩﺍﺀُ ﻓَﺠْﺄﺓ ﻓَﻤَﻬﺎ ﻋﻠﻰ ﺍﺗِّﺴﺎﻋﻬﺎ.{n}ﺑﺎﻟﻄﺒﻊ، ﻟﻢ ﻳﻜﻦ ﻟﺠﻮﺭﺝ ﺳﺒﻴﻞٌ ﻟﻠﻤﻘﺎﻭﻣﺔ.
, ﺑﻌﺪ ﺃﻥ ﺍﺑﺘﻠﻌﺘﻪ، ﺳﻘﻂ ﺟﻮﺭﺝ ﻣﻦ ﺛﻘﺐٍ ﺃﺳﻮﺩٍ ﺍﻧﺸَﻖَّ ﻓﻲ ﺳﻘﻒِ ﺳﻘﻴﻔﺔ ﺍﻟﻮﺭﻭﺩ.
, ﻭﺃﺛﻨﺎﺀَ ﺳﻘﻮﻁ ﺟﻮﺭﺝ، ﻟُﻄِﻢَ ﺑﻘﻮﺓٍ ﻓﻲ ﺃﺣﺸﺎﺋﻪ، ﻛﻄﻌﻨﺔ ﻧﺤﻠﺔ ﺩﻗﻴﻘﺔ، ﺑﺮﻛﻠﺔِ ﺷﻮﻁٍ ﻋﻜﺴﻴﺔٍ ﻣﻦ ﻋﻘْﺐِ ﺣﺬﺍﺀٍ ﺫﻭ ﻛﻌﺐٍ ﻣﺴﻨّﻦ...!
, ﻃُﺮِﺡَ ﻣﻦ ﺍﻟﺴﻘﻴﻔﺔ، ﻭﻓﻲ ﺍﻟﻠﺤﻈﺔِ ﺍﻟﺘﻲ ﻇَﻦَّ ﺟﻮﺭﺝ ﺃﻧﻪ ﺳﻴﻠﺘﻬَﻤُﻪُ ﺷﺠَﺮُ ﺍﻟﻮﺭﺩ...
, ...ﺍﻧﻔﺘَﺢَ ﻫﻨﺎﻙ ﺛﻘﺐٌ ﺃﺳﻮﺩٌ ﺁﺧﺮ ﻭﺍﺑﺘﻠَﻊ ﺟﻮﺭﺝ.
, ﻭﻫﺬﻩ ﺍﻟﻤﺮﺓ، ﻓُﺘِﺢَ ﺛﻘﺐٌ ﺃﺳﻮﺩٌ ﺃﻣﺎﻡَ ﻗﺎﺏ ﻋﻨﺪ ﻗﺪﻣﻴﻬﺎ، ﻓَﺒَﺼَﺮَ ﺟﻮﺭﺝ ﺍﻟﻌﺎﺟﺰَ ﻣﻨﻪ ﻣَﻄﺮُﻭﺣًﺎ.
, ......ﺑﺤﻠﻮﻝِ ﺗﻠﻚَ ﺍﻟﻠﺤﻈﺔ، ﻛﺎﻧﺖ ﻗﺎﺏ ﻗﺪ ﺃﺗﻤّﺖْ ﺣﺮﻛﺎﺕِ ﺍﻟﺘﺤﻀﻴﺮِ ﻟﺮﻛﻠﺘﻬﺎ ﺍﻟﺪﺍﺋﺮﻳﺔ ﺍﻟﺘﺎﻟﻴﺔ.
Ushiromiya George, ﻏﻎ، ......ﻣﺎ ﻫﺬﺍ......؟
Gaap, ﻣﺮﺣﺒًﺎ ﺑﻌﻮﺩﺗﻚ. *ﻗﻬﻘﻬﺔ*!
, ﻳﻤﻴﻦ ﺍﻟﺮﺃﺱ. ﺗﺤﺖ ﺍﻹﺑﻂ ﺍﻷﻳﻤﻦ. ﺟﺎﻧﺐ ﺍﻟﺮﻛﺒﺔ ﺍﻟﻴﻤﻨﻰ.
, ﻓﻴﻤﺎ ﻛﺎﻧﺖ ﻗﺎﺏ ﺗﺪﻭﺭُ ﻭﺗﺮﻗﺺُ ﻛﺈﻋﺼﺎﺭٍ ﺻﻐﻴﺮٍ، ﻛﺎﻧﺖ ﺗُﺼﻴﺒُﻪ ﺑﺮﻛﻼﺕٍ ﻣﺘﺘﺎﺑﻌﺔٍ ﺩﺍﺋﺮﺓ.
, ﺍﻟﺮﺍﺑﻌﺔُ ﺻﺎﺭﺕ ﻣﺴﺤًﺎ، ﻗَﻄَﻌَﺖ ﻗﺪﻣﻲ ﺟﻮﺭﺝ ﻣﻦ ﺗﺤﺘِﻪ ﻓﺄﺳﻘَﻄَﺘﻪ، ﻟﻜﻦ، ﺑﻄﺒﻴﻌﺔِ ﺍﻟﺤﺎﻝ، ﻟﻢ ﻳﻜﻦ ﺛﻤَّﺔَ ﺃﺭﺽٌ ﻫﻨﺎﻙ، ﺑﻞ ﺛﻘﺐٌ ﺃﺳﻮﺩُ ﻓﺎﻏﺮٌ ﻓﺎﻩ، ﻓﺎﺑﺘﻠﻊ ﺟﻮﺭﺝ ﻣﻦ ﺟﺪﻳﺪ.
, ﻋﺎﺩﺕ ﻗﺎﺏُ ﺗﺪﻭﺭُ ﻣﺮﺓً ﺃﺧﺮﻯ ﻛﺈﻋﺼﺎﺭٍ ﺻﻐﻴﺮ.{n}ﻭﻛﺬﻟﻚ، ﺟُﻮﺭﺝ ﺃُﻟﻘِﻲَ ﻣﺮﺓً ﺃﺧﺮﻯ ﻣﻦ ﺳﻘﻒ ﺍﻟﺴﻘﻴﻔﺔ.
Gaap,""".........ﺧُﺬْﻫﺎ ﺗﺬﻛﺎﺭًﺍ، ﺿﺮﺑﺔً ﻭﺍﺣﺪﺓً ﻣﻦ ﺃﻋﻤﺎﻕِ ﺍﻟﻬﺎﻭﻳﺔ. ......ﻣُﺖْ......!!"""
, ﻃﻌﻨﺔُ ﻧﺤﻠﺔٍ ﻣﻠﻜﻴﺔٍ ﺍﺧﺘﺮﻗﺖ ﺍﻟﺴﻤﺎﻭﺍﺕِ ﻛﺈﻋﺼﺎﺭٍ ﺻﺎﻋِﺪ.{n}ﺭﻛﻠﺖْ ﺑﻄﻦَ ﺟﻮﺭﺝ ﻭﻫﻮ ﻳﻬﻮﻱ ﻣﻦ ﺍﻟﺴﻘﻒ......
, ﺛﻢ، ......ﺟَﻤُﺪَ ﺍﻟﺰﻣﺎﻥ. ﺟﻮﺭﺝ ﻋُﻠِﻖ ﻓﻲ ﺍﻟﻬﻮﺍﺀِ، ﺳﺎﻕُ ﻗﺎﺏ ﺍﻟﻤﺮﻓﻮﻋﺔ ﺗُﺜَﺒِﺘُﻪ......
Ushiromiya George,"""ﻏﺎﻩ، .........ﻣﻤﻒ........."""
, ﺟﻮﺭﺝ، ﻻ ﻳﺰﺍﻝُ ﻣُﻌﻠَّﻘًﺎ ﻓﻲ ﺍﻟﻬﻮﺍﺀ، ﺗَﺄﻭّﻩ......
, ﺛﻢ ﻗﺎﺏ، ﻭﻗﺪ ﺑﻘﻲَ ﺟﻮﺭﺝ ﻋﺎﻟﻘًﺎ ﻋﻠﻰ ﻗﺪﻣﻬﺎ، ......ﺍﺑﺘﺴﻤﺖْ.
Gaap,""".........ﺃُﻗﺮّ ﺑﺬﻟﻚ. ﺳﻠﻮﻛُﻚ ﻋﻠﻰ ﺍﻷﻗﻞ ﻧﺎﺿﺞ. ﻟﻜﻦ ﻻ ﻧﻔﻊَ ﻓﻲ ﺫﻟﻚ ﺇﻥ ﻟﻢ ﻳُﺼﺎﺣﺒﻪُ ﻗُﺪﺭَﺓ."""
Gaap,"""......ﻫﻞ ﻛﻨﺖَ ﺗﻌﻠﻢ؟ ﻳﻘﻮﻟﻮﻥ ﺇﻥّ ﻟﺤُﻜﻢِ ﻫﺬﺍ ﺍﻟﻌﺎﻟﻢِ ﺛﻼﺙَ ﻗﻮﻯ. ﺍﻷﻭﻟﻰ ﺍﻟﻨﻔﻮﺫ. ﺍﻟﺜﺎﻧﻴﺔ ﺍﻟﻤﺎﻝ. ﺃﺗﺪﺭﻱ ﻣﺎ ﺍﻟﺜﺎﻟﺜﺔ؟"""
Ushiromiya George,"""ﻗﺮﺃﺗﻬﺎ ﻓﻲ ﻛﺘﺎﺏ. ......ﺍﻟﺠَﺒَﺮﻭﺕ، ﺃﻟﻴﺲ ﻛﺬﻟﻚ......؟"""
Gaap,"""ﺻﺤﻴﺢ. ﻭﺗﻠﻚ ﻫﻲ ﺍﻟﺘﻲ ﺗﻔﺘﻘﺪﻫﺎ."""
, ﺃﻃﻠﻘﺖ ﻗﺎﺏ ﺟﻮﺭﺝ ﺃﺧﻴﺮًﺍ.
, ﺑﺮﻛﻠﺔٍ ﺻﺎﻋﺪﺓٍ ﺃﺧﺮﻯ، ﻣﻀﺎﻓﺔٍ ﺇﻟﻰ ﺭﻛﻠﺔٍ ﺩﺍﺋﺮﺓ، ﺣﻄّﻤﺘﻪُ ﻋﻠﻰ ﻋﻤﻮﺩ.
Ushiromiya George,"""ﻏﻎ؟ ......ﺃﻭﻧﻎ...ﺃﻭﻫﻐﻬﻎ......!"""
Gaap,"""ﻟﻦ ﻳَﺨﺸﻰ ﺃﺣﺪٌ ﻣَﻠِﻜًﺎ ﺑﻼ ﻧﻔﻮﺫٍ، ﺑﻼ ﻣﺎﻝٍ، ﺃﻭ ﺑﻼ ﺟَﺒَﺮﻭﺕ."""
Gaap,"""ﻛﻴﻨﺰﻭ ﺍﻣﺘﻠﻚ ﺍﻟﺜﻼﺛﺔ. ﻭﻟﻬﺬﺍ ﺗَﺴﻴّﺪ ﻛﻄﺎﻏﻴﺔ! ......ﺇﻥ ﻛﻨﺖَ ﺳﺘَﺪﻋﻮ ﻧﻔﺴَﻚَ ﺧﻠﻴﻔﺔَ ﻛﻴﻨﺰﻭ، ﻓﺄﺭِﻧﻲ ﺷﻴﺌًﺎ ﻣﻦ ﺑﻬﺎﺋﻪ!"""
Gaap,"""......ﻫﻴﺎ، ﺇﻟﻰ ﻣﺘﻰ ﺳﺘﻈﻞُّ ﻣُﻠﻘًﻰ؟ ﺍﻧﻬﺾ. ﺇﻥ ﻟﻢ ﺗَﻨﻬﺾ، {i:ﻓﺴﺘﺴﻘﻂ} ﺛﺎﻧﻴﺔً، ﺃﺗﺮﻯ؟"""
Ronove,"""ﺑﻮﻛﻮ ﻛﻮ ﻛﻮ. ﺣﺮﻛﺎﺕٌ ﻏﻴﺮُ ﺭﺩﻳﺌﺔ. ﻟﻜﻨﻲ ﺃﺭﺍﻫﺎ ﻏﻴﺮَ ﻻﺋﻘﺔٍ ﺑﺂﻧﺴﺔ."""
Ushiromiya Jessica,"""ﺃﻳﻬﺎ ﺍﻟﻮﻏـــــــــــــــــﺪ!! ﺗَﺘﻠﻮّﻯ ﻭﺗُﻨﺎﻭﺭُ ﻭﺗﻘﻔﺰُ ﻫﻜﺬﺍ!! ﺃﻣﺎ ﺗُﻘﺎﺗﻠُﻨﻲ ﺣﻘًّﺎ......؟ ﻛﻒَّ ﻋﻦ ﺍﻟﺘﻼﻋﺐِ ﺑﻲ ﺃﻳﻬﺎ ﺍﻟﻤﺰﻋﺞ!!"""
, ﻛﺎﻥ ﺭﻭﻧﻮﻑ ﻳُﺮﺍﻭﻍُ ﺑﻤﻬﺎﺭﺓ، ﻳَﺜِﺐُ ﺇﻟﻰ ﺍﻟﻮﺭﺍﺀ، ﻭﻳَﺘﻔﺎﺩﻯ ﻗﺒﻀﺎﺕِ ﺟﻴﺴﻴﻜﺎ، ﻟﻜﻨﻪ ﻣﻊ ﺫﻟﻚ ﻟﻢ ﻳﻜﻦ ﻳُﻬﺎﺟﻢ.
, ﻭﺑﻔﻀﻞِ ﺧﻔﺘﻪ، ﻛﻌَﻠَﻢٍ ﻳَﺠﻠِﺪُﻩُ ﺭﻳﺢٌ ﻋﺎﺻﻒٌ، ﻟﻢ ﺗَﻠﻤِﺲ ﻗﺒﻀﺘُﻬﺎ ﻃﺮﻓَﻪ.
, ﻭﺳﻂ ﻏﻠﻴﺎﻥ ﺩﻣِﻬﺎ، ﺍﺳﺘﻌﺎﺩﺕ ﺟﻴﺴﻴﻜﺎ ﺗﻮﺍﺯﻧﻬﺎ ﺍﻟﻬﺠﻮﻣﻲ.
, ﻭﻣﻊ ﺃﻥ ﻫﺬﻩ ﺍﻟﻐﺮﻓﺔ ﻛﺎﻧﺖ ﻛﺒﻴﺮﺓ ﻟﻐﺮﻓﺔ ﻧﻮﻡ، ﻓﻬﻲ ﺿﻴﻘﺔ ﺟﺪًﺍ ﻟﻤﻮﺍﺻﻠﺔ ﺗﻠﻚ ﺍﻟﻤﺮﺍﻭﻏﺎﺕ ﺍﻟﻤﺒﺎﻟﻎ ﻓﻴﻬﺎ ﻃﻮﻳًﻼ.
, ......ﺃﺩﺭَﻛﺖ ﺫﻟﻚ ﺑﻬﺪﻭﺀ، ﻭﺑﺪﺃﺕ ﺗﺴﺘﺨﺪﻡ -ﺇﻟﻰ ﺟﺎﻧﺐ ﻗﺒﻀﺘﻴﻬﺎ- ﺳﺎﻗﻴﻬﺎ ﺃﻳﻀﺎ.
Ronove,"""......ﻫﻮﻩ. ......ﺍﻟﻤﻼﻛﻤﺔ ﺑﺬﺭﺍﻋﻴﻚِ ﻭﺣﺪﻫﻤﺎ ﻻ ﺗﺠﻌﻠﻚِ ﺳﻮﻯ ﺷﺒﻪ ﻣﻼﻛﻢ. ﺫﺭﺍﻋﻚِ ﻳﺠﺐ ﺃﻥ ﺗﻜﻮﻥ ﺍﻷﺳﺪ ﺍﻟﺰﺍﺋﺮ، ﺍﻟﻤﺘﻘﺪ ﺑﺎﻟﻘﻮﺓ. ﻭﺳﺎﻗﻚِ ﺍﻷﻓﻌﻰ، ﺑﺎﺭﺩﺓ ﻛﺎﻟﺜﻠﺞ ﺇﺫ ﺗﻘﺘﺮﺏ ﻣﻦ ﻓﺮﻳﺴﺘﻬﺎ."""
Ushiromiya Jessica,"""ﺍﻷﻓﺎﻋﻲ ﻻ ﺃﺭﺟﻞ ﻟﻬﺎ!"""
Ronove,"""ﺑﻮ ﻛﻮ ﻛﻮ، ﺻﺢ ﺻﺢ."""
, ﺑﺪﺃﺕ ﺟﻴﺴﻴﻜﺎ ﺗﺤﺎﺻﺮ ﺭﻭﻧﻮﻑ ﻧﺤﻮ ﺍﻟﺠﺪﺍﺭ ﺑﺨﻄﻮﺍﺕ ﺭﺷﻴﻘﺔ ﻣﺘﻘﻨﺔ. ﻟﻦ ﺗﺴﻤﺢ ﻟﻪ ﺑﺄﻥ ﻳﻠﺘﻒ ﺣﻮﻟﻬﺎ.
, ......ﻛﺎﻧﺖ ﻣﺮﺍﻭﻏﺎﺕ ﺭﻭﻧﻮﻑ ﺍﻟﺒﺪﻳﻌﺔ ﺗﺒﺪﻭ ﺃﻧﻴﻘﺔ، ﻟﻜﻨﻬﺎ ﺗﺤﺘﺎﺝ ﺇﻟﻰ ﻓﺴﺤﺔ ﻛﺎﻓﻴﺔ.
, ﻣﺎ ﺇﻥ ﻳُﺤﺎﺻﺮ ﺣﺘﻰ ﻻ ﻳﻌﻮﺩ ﺑﻤﻘﺪﻭﺭﻩ ﺍﻟﺘﻤﻠﺺ...!
," ﻛﺎﻧﺖ ﻟﺠﻴﺴﻴﻜﺎ ﻓﻬﻢٌ ﺟﻴﺪ ﻟﺨﺼﺎﺋﺺ ﺳﻼﺣﻬﺎ ﺍﻟﻤﺰﻭﺩﺓ ﺑﻪ، ""ﻗﺒﻀﺘﻬﺎ ﺍﻟﻤﻌﺪﻧﻴﺔ""."
, ﺃﺷﻬﺮ ﻣﺎ ﻓﻲ ﻫﺬﺍ ﺍﻟﺴﻼﺡ ﺍﻟﻘﻮﻱ ﺃﻧﻪ ﻻ ﻳﺘﺮﻙ ﻟﻠﺨﺼﻢ ﻣﺠﺎﻻً ﻟﻠﺪﻓﺎﻉ.
, ﻭﺇﻥ ﺻﺪﻭﺍ ﺑﺬﺭﺍﻉ، ﻓﺈﻥ ﺗﻠﻚ ﺍﻟﺬﺭﺍﻉ ﺗﻠﺤﻘﻬﺎ ﺍﻟﻀﺮﺑﺔ ﻣﺒﺎﺷﺮﺓ.{n}......ﻟﻮ ﺃﺻﺎﺏ ﻓﻲ ﻏﻴﺮ ﻣﻮﺿﻌﻪ، ﻟﻌﻞ ﺍﻟﻌﻈﻢ ﻳﻨﻜﺴﺮ.
, ﻓﺪﻓﻌﺘﻪ ﻗُﺪﻣًﺎ. ﺳﺘﻘﻄﻊ ﻃﺮﻕ ﻓﺮﺍﺭﻩ، ......ﺛﻢ، ﺑﻬﺬﻩ ﺍﻟﻘﺒﻀﺔ، ﺳَﺘُﻘﻮِّﺹُ ﻫﺬﺍ ﺍﻟﺸﻴﻄﺎﻥ ﻗﻄﻌﺔً ﻗﻄﻌﺔ!!
Ronove,"""ﻳﺎ ﻟﻠﻬﻮﻝ...! ﺁﻩ، ﻣﺘﻰ ﻛﺎﻥ ﺫﻟﻚ...؟"""
Ushiromiya Jessica,"""ﻳﺒﺪﻭ ﺃﻧﻲ ﻗﺪ ﺃﻟﺰﻣﺘﻚ ﺍﻟﺤﺎﺋﻂ ﺃﺧﻴﺮﺍ، ﺃﻟﻴﺲ ﻛﺬﻟﻚ......؟ ﺃﻳﻦ ﻳﺤﺘﺠﺰ ﺍﻟﺠﻤﻴﻊ؟ ﻭﺃﻳﻦ ﺫﻟﻚ ﺍﻟﻌﺠﻮﺯ ﺍﻟﻤﺨﺘﺒﺊ؟ ﺃﺧﺒﺮﻧﻲ ﺑﻜﻞ ﺷﻲﺀ، ﻭﺳﺄﻃﻠﻖ ﺳﺮﺍﺣﻚ ﻣﻜﺘﻔﻴﺔً ﻓﻘﻂ ﺑﻨﺘﻒ ﺷﺎﺭﺑﻚ، ﺣﺴﻦٌ؟"""
Ronove,"""ﺫﺍﻙ ﺳﻴﻜﻮﻥ ﻣﺸﻜﻠﺔ. ﺻﺪﻗﻲ ﺃﻭ ﻻ ﺗﺼﺪﻗﻲ، ﻓﺎﻻﻋﺘﻨﺎﺀ ﺑﺸﺎﺭﺑﻲ ﻳﺘﻄﻠﺐ ﻣﻨﻲ ﺳﺎﻋﺔً ﻛﺎﻣﻠﺔ ﻛﻞ ﺻﺒﺎﺡ."""
Ushiromiya Jessica,"""ﺇﺫﺍ ﻛﺴﺮﺕُ ﻳﺪﻙ ﻭﻟﻔﻔﺘَﻬﺎ ﺑﺠﺒﻴﺮﺓ، ﻓﺮﺑﻤﺎ ﻻ ﺗﻘﺪﺭ ﻋﻠﻰ ﺫﻟﻚ ﺑﻌﺪ ﺍﻵﻥ!"""
Ronove,"""............ﻫﺎ ﻳﺎ ﻟﻠﻌﺠﺐ. .....................ﺁﺁﺁﻩ."""
, ﺻﺪ ﺭﻭﻧﻮﻑ ﻗﺒﻀﺔ ﺟﻴﺴﻴﻜﺎ ﺍﻟﻤُﻨﺪﻓﻌﺔ ﺑﺬﺭﺍﻋﻪِ.{n}ﺣﺎﻭﻝ ﺃﻥ ﻳﺘﻈﺎﻫﺮ ﺑﺄﻥ ﺍﻷﻣﺮ ﻳﺴﻴﺮ، ﻟﻜﻦ ﻻ ﺑﺪ ﻭﺃﻧﻪ ﺁﻟﻤﻪ ﻛﺜﻴﺮﺍ.
, ......ﺍﺑﺘﺴﻤﺖ ﺟﻴﺴﻴﻜﺎ.{n}ﺍﺑﺘﺴﻢ ﺭﻭﻧﻮﻑ ﺑﺎﻟﻤﺜﻞ، ﻟﻜﻦ ﺍﺑﺘﺴﺎﻣﺘﻪ ﻛﺎﻧﺖ ﻣﺘﺸﻨﺠﺔ ﻗﻠﻴﻼً.
Ronove,"""......ﺃﺭﻯ ﺫﻟﻚ. ﻫﺬﺍ ﺑﻼ ﺭﻳﺐ ﻣﻮﺟﻊ."""
Ushiromiya Jessica,"""ﺇﻧﺬﺍﺭﻱ ﺍﻷﺧﻴﺮ. ﺍﻧﻬَﺰِﻡ ﻭﺍﻋﺘﺬﺭ."""
Ronove,"""ﺃﺧﺸﻰ ﺃﻥ ﻫﺬﺍ ﻟﻴﺲ ﺑﺈﻣﻜﺎﻧﻲ. ﻓﺬﻟﻚ ﺳﻮﻑ ﻳﻀﺮُّ ﺑﺴﻤﻌﺔ ﺷﺨﺼﻴﺘﻲ."""
Ushiromiya Jessica,"""ﻓﺈﻧﻬﺎﺭ ﺇﺫﻥ. ﻭﺍﺑﻞُ ﺍﻟﻀﺮﺑﺎﺕ!!!"""
, ﺗﻮﺍﻟﺖ ﻋﻠﻰ ﺭﻭﻧﻮﻑ ﻗﺒﻀﺎﺕ ﺟﻴﺴﻴﻜﺎ ﺍﻟﺤﺪﻳﺪﻳﺔ ﻛﺎﻟﻌﻮﺍﺻﻒ.
, ﻟﻜﻦ ﺟﻴﺴﻴﻜﺎ ﻓُﺠِﻌَﺖ، ﺇﺫ ﻛﺎﻥ ﺍﻹﺣﺴﺎﺱ ﺑﺎﻟﻐﺮﺍﺑﺔ، ﻭﺻﻮﺕ ﺗﺤﻄﻢ ﺯﺟﺎﺝ ﻗﺪ ﺩﻭﺍﻩ ﺍﻟﺠﻮ.
Ushiromiya Jessica,"""ﻣﺎﺫﺍ-......؟!"""
, ﻟﻠﺤﻈﺔ، ﺑﺪﺍ ﺃﻥ ﺭﻭﻧﻮﻑ ﻗﺪ ﻗﺒﺾ ﻋﻠﻰ ﻗﺒﻀﺔ ﺟﻴﺴﻴﻜﺎ ﺑﻜﻔﻪ. ......ﺫﻟﻚ ﻟﻢ ﻳﻜﻦ ﺗﻤﺎﻡ ﺍﻟﺼﺤﺔ.
, ﻋﻨﺪﻣﺎ ﻓﺘﺢ ﺭﻭﻧﻮﻑ ﻛﻔﻪ، ﻇﻬﺮ ﻫﻨﺎﻙ ﺗﺮﺱٌ ﻣﺘﻸﻟﺊ ﺃﺭﺟﻮﺍﻧﻲ ﺷﺒﻪ ﺯﺟﺎﺟﻲ، ﺃﻭﻗﻒ ﺍﻟﻬﺠﻮﻡ ﻋﻠﻰ ﻣﻘﺪﺍﺭ ﺷﻌﺮﺓ.
, ﺍﺳﺘﺠﻤﻌﺖ ﺟﻴﺴﻴﻜﺎ ﻗﻮﺍﻫﺎ ﻓﻬﺠﻤﺖ ﻣﺠﺪﺩﺍ ﺑﻘﺒﻀﺘﻴﻬﺎ، ﻓﺼﺪﻫﺎ ﺭﻭﻧﻮﻑ ﻛﻠﻬﺎ ﺑﺤﺮﻛﺎﺕٍ ﺑﺎﻟﻐﺔ ﺍﻟﺮﺷﺎﻗﺔ......
Ronove,"""ﺃﻧﺎ ﻓﻲ ﻧﻬﺎﻳﺔ ﺍﻟﻤﻄﺎﻑ، ﺷﻴﻄﺎﻥ. ﻫﺬﺍ ﺍﻟﻤﺴﺘﻮﻯ ﻣﻦ ﺍﻟﺴﺤﺮِ ﻳﺴﻴﺮٌ ﻋﻠﻲَّ. .........ﻻ ﺃﻧﻜﺮ ﺇﻧﻚ ﻣﺎﻫﺮﺓ. ﻟﻮ ﻛﻨﺖ ﺑﺸﺮﻱ، ﻟﻘﺎﻟﺖ ﺭﻭﺣﻲ ﺇﻥ ﻫﺬﺍ ﻣﻮﻃﻦ ﺍﻻﺳﺘﺴﻼﻡ. ﻭﻷﻧﻲ ﺷﻴﻄﺎﻥ، ﻓﺄﻧﺎ ﺃﻗﺪﺭ ﻋﻠﻰ ﺍﻻﺳﺘﻤﺮﺍﺭ ﻓﻲ ﺍﻟﻘﺘﺎﻝ."""
Ushiromiya Jessica,"""ﺃﻧﺖ-......ﻳﺎ ﺃﻳﻬﺎ ﺍﻟﻐﺸﺎﺵ ﺍﻟﻤﺤﺘﺎﻝ.........!"""
Ronove,"""ﻫﻞ ﻫﺬﺍ ﻛﻞ ﻣﺎ ﻟﺪﻳﻚ؟ ......ﺃﺃﻧﺖ ﻣﺘﺄﻛﺪﺓ ﺃﻥ ﻫﺠﻮﻣﻚ ﺍﻟﻤﺴﺘﻤﺮ ﻻ ﻳﻬﻤﻞ ﺩﻓﺎﻋﻚ ﺍﻟﺨﺎﺹ؟"""
Ushiromiya Jessica,"""ﻫﺎ؟!"""
Ushiromiya Jessica,"""......ﻭﺍﺍﺍﻩ!!"""
, ﺿﺮﺏ ﺭﻭﻧﻮﻑ ﺑﻜﻔﻪ ﺑﻄﻦ ﺟﻴﺴﻴﻜﺎ، ﻓﺘﻮﻗﻒ ﻓﺠﺄﺓ ﻭﻫﻮ ﻋﻠﻰ ﺑُﻌﺪٍ ﻳﺴﻴﺮ.
, ﺍﻧﺪﻓﻌﺖ ﺟﻴﺴﻴﻜﺎ ﻋﻦ ﺍﻟﺘﺮﺱ ﺍﻷﺭﺟﻮﺍﻧﻲ ﺛﻢ ﺗﻌﺜﺮﺕ ﺇﻟﻰ ﺍﻟﺨﻠﻒ، ﻟﻴﺼﻄﺪﻡ ﺭﺃﺳﻬﺎ ﺑﺎﻟﺴﺮﻳﺮ.
Ronove,"""ﺗﺮﺳﻲ ﻻ ﻳَﻨﺒُﺖُ ﻣﻨﻪ ﻛﺴﺮٌ ﻋﻠﻰ ﻳﺪِ ﺑﺸﺮٍ ﻋﺎﺩﻱ. ﺃﻗﺘﺮﺡ ﺃﻻ ﺗﺤﻠﻤﻲ ﻣﺮﺓ ﺃﺧﺮﻯ ﺑﻠﻤﺲ ﺟﺴﺪﻱ."""
Ushiromiya Jessica,"""......ﺇﻥ ﻛﺎﻥ ﺍﻷﻣﺮ ﻛﺬﻟﻚ، ......ﻓﺴﺄﺛﻘﺐ ﺫﻟﻚ ﺍﻟﺘﺮﺱ ﻣﺒﺎﺷﺮﺓً......!!"""
Ronove,"""ﺃﻧﺖِ ﻣﻦ ﻻ ﺗﻬﺎﺑﻴﻦ ﺍﻟﻤﻮﺕ. ﺗﻠﻚ ﺍﻟﻤﺜﺎﺑﺮﺓ... ﻧﻌﻢ، ﺗﻠﻴﻖ ﻓﻌﻼً ﺑﺮﺋﻴﺴﺔ ﻟﻠﻌﺎﺋﻠﺔ. ......ﻟِﻢَ ﻻ ﺃﻇﻞ ﺧﺼﻤﻚِ ﻓﺘﺮﺓً ﺃﻃﻮﻝ. ﻓﻬﺬﻩ ﻣﺘﻌﺔُ ﺍﻟﻤُﺨﺘَﺒِﺮ.""  .........ﺑﻜﻮ{0}ﻛﻮ{0}ﻛﻮ{0}ﻛﻮ{0}ﻛﻮﻛﻮ!"""
Ushiromiya Jessica,"""ﺗﺤﻄﻢ ﺇﺭﺑﺎ ﺇﺭﺑﺎﺍﺍﺍﺍﺍﺍﺍﺍﺍﺍﺍﺍﺍﺍﺍﺍﺍﺍﺍﺍﺍﺍ!!"""
, ﻧﻈﺮﺕ ﻗﺎﺏ ﺇﻟﻰ ﺟﻮﺭﺝ ﻣﻦ ﻋُﻠﻮٍ ﺑﺎﺯﺩﺭﺍﺀٍ ﻭﺳُﺨﺮﻳﺔ.{n}ﻛﺎﻥ ﻣﻤﺪﺩًﺍ ﻋﻠﻰ ﻭﺟﻬﻪ، ﻓﻲ ﺑﺮﻛﺔ ﻋﻠﻰ ﺩﺭﺏ ﺣﺪﻳﻘﺔ ﺍﻟﻮﺭﻭﺩ.
, ﻭﺍﻟﻐﻴﺚ ﺍﻟﻘﺎﺳﻲ ﻳﻬﻄﻞ ﻋﻠﻴﻪ، ﺣﺘﻰ ﺑﺪﺍ ﻛﺄﻥ ﺍﻟﺴﻤﺎﺀ ﺫﺍﺗﻬﺎ ﺗﺴﺘﻬﺰﺉ ﺑﻪ...
Gaap,""".........ﻫﺎﻫﺎﻫﺎﻫﺎﻫﺎﻫﺎﻫﺎﻫﺎﻫﺎ. ﻗﻒ. ﺳﺘﺴﻘﻂُ ﺛﺎﻧﻴﺔً."""
Ushiromiya George,"""..........................."""
, ﻧﻬﺾ ﺟﻮﺭﺝ ﻣﺘﺮﻧﺤًﺎ.
, ......ﻳﺒﺪﻭ ﺃﻥ ﺭﻭﺣﻪ ﻟﻢ ﺗﻬﺰﻡ، ﻏﻴﺮ ﺃﻥ ﺟﺴﺪﻩ ﻗﺪ ﻧﺎﻝ ﻣﻨﻪ ﺍﻟﻮَﻫَﻦُ ﻛﺜﻴﺮًﺍ.
Gaap,"""ﺍﺳﺘﺠﺪِ ﺣﻴﺎﺗﻚ. ﻣﺎ ﺗﺼﻨﻌﻪ ﺍﻵﻥ ﻫﻮ ﻛﺎﺧﺘﻴﺎﺭ ﺍﻟﺨﻴﺎﺭ ﺍﻟﺮﺍﺑﻊ: ﺃﻻ ﺗﺨﺘﺎﺭَ ﺷﻴﺌًﺎ. ......ﻟﻘﺪ ﺍﺧﺘﺮﺕ ﺍﻟﺨﻴﺎﺭ ﺍﻟﺜﺎﻟﺚ، ﺃﻟﻴﺲ ﻛﺬﻟﻚ؟ ﺇﻥ ﺳﺠﺪﺕ ﻋﻠﻰ ﻳﺪﻳﻚ ﻭﺭﻛﺒﺘﻴﻚ ﻭﺍﻋﺘﺬﺭﺕ، ﻓﺈﻧﻲ ﺃﺻﻔﺢُ ﻋﻦ ﻭﻗﺎﺣﺘﻚ ﺗﺠﺎﻫﻲ."""
Gaap,"""ﺣﻴﻨﺌﺬٍ، ﺳﺄﻗﻮﺩﻙ ﺇﻟﻰ ﺍﻟﺴﺠﻦ ﺍﻟﺴﻔﻠﻲ. ﻫﻨﺎﻙ، ﻣﻦ ﺃﺟﻞ ﺷﺎﻧﻮﻥ ﺣﺒﻴﺒﺘﻚ ﻭﻧﻔﺴﻚ ﺍﻟﻌﺎﺟﺰﺓ، ﺳﺘﻘﺘﻞ ﺍﻟﺮﻫﺎﺋﻦ ﺍﻵﺧﺮﻳﻦ ﻭﺍﺣﺪًﺍ ﺑﻌﺪ ﺁﺧﺮ."""
Gaap,"""......ﺗﻘﺪﺭ ﻋﻠﻰ ﺫﻟﻚ، ﺃﻟﻴﺲ ﻛﺬﻟﻚ؟ ﻛﻨﺖ ﺗﺘﻔﺎﺧﺮ ﺑﺘﻠﻚ ﺍﻟﻌﺰﻳﻤﺔ. ......ﻫﻬﻬﻬﺎﻫﺎﻫﺎﻫﺎ."""
, ﻟﻢ ﻳﺠﺐ ﺟﻮﺭﺝ.{n}......ﻟﻜﻦ ﻧﻈﺮﺍﺗﻪ ﻣﺎ ﺯﺍﻟﺖ ﺗُﻜﺎﺑِﺮُ ﻭﺗﺮﻓﺾُ ﺍﻟﺨﻀﻮﻉ.
Gaap,"""......ﺇﻥ ﻛﻨﺖ ﻋﻨﻴﺪًﺍ ﺃﻛﺜﺮ ﻣﻦ ﺍﻟﻼﺯﻡ، ﻓﻬﺬﻩ ﺍﻟﻤﺮﺓ ﺳﺘﺴﻘﻂ ﺣﻘًﺎ ﺇﻟﻰ ﺃﻋﻤﻖِ ﺃﻋﻤﺎﻕِ ﺍﻟﻬﺎﻭﻳﺔ... *ﻗﻬﻘﻬﺔ*ﻗﻬﻘﻬﺔ*ﻗﻬﻘﻬﺔ*."""
, ﻛﺎﻧﺖ ﻗﻮﺓ ﻗﺎﺏ ﻻ ﺗُﺪﺣَﺾُ.
, ......ﻭﻻ ﺷﻚ ﺃﻥ ﺟﻤﺎﻋﺔ ﺷﺎﻧﻮﻥ -ﺍﻟﻨﺎﻇﺮﻳﻦ ﻋﺒﺮ ﺍﻟﻤﺮﺁﺓ ﺍﻟﺜﻼﺛﻴﺔ ﺍﻷﻭﺟﻪ- ﻗﺪ ﺃﺩﺭﻛﻮﺍ ﺫﻟﻚ.  ﺑﻞ ﻟﻌﻠﻬﻢ ﺃﺩﺭﻛﻮﻩ ﺃﻭﺿﺢ ﻣﻦ ﺇﺩﺭﺍﻙ ﺟﻮﺭﺝ ﻧﻔﺴﻪ...
Shannon,""".........ﺟﻮﺭﺝ-ﺳﺎﻣﺎ...... ......ﺃﺭﺟﻮﻙ، ......ﻛﻔﻰ ﺫﻟﻚ......... ...ﻟﺴﺖَ ﻣﻀﻄﺮًﺍ ﻟﻔﻌﻞ ﻫﺬﺍ ﻷﺟﻞ ﺷﺨﺺٍ ﻣﺜﻠﻲ......"""
Kanon,"""ﺃﺧﺘﻲ......"""
Shannon,"""......ﻟﻮ ﺃﻧﻚَ ﻟﻢ ﺗﻘﻊ ﻓﻲ ﺣﺒّﻲ، ......ﻟﻤﺎ ﺍﺿﻄﺮﺭﺕ ﻟﻤﻘﺎﺗﻠﺔ ﺃﺣﺪ، ﺃﻟﻴﺲ ﻛﺬﻟﻚ ﻳﺎ ﺟﻮﺭﺝ-ﺳﺎﻣﺎ...؟ ﻓﺪﻋﻨﻲ ﺇﺫﻥ...... ﺍﻧﺴﻨﻲ ﺃﺭﺟﻮﻙ......"""
, ﻟﻢ ﻳﻜﻦ ﻟﺬﻟﻚ ﺍﻟﺼﻮﺕِ ﺳﺒﻴﻞٌ ﺇﻟﻰ ﺳﻤﻊ ﺟﻮﺭﺝ.
, ......ﻟﻜﻦ، ﺭﻏﻢ ﺫﻟﻚ، ......ﺃﺟﺎﺏ ﺟﻮﺭﺝ.
Ushiromiya George,"""ﻣﺤﺎﻝ. ............ﻟﻦ...ﺃﺳﺘﺴﻠﻢ."""
Gaap,"""......ﻫﺎﻩ؟ ﻭﻟﻢ......؟"""
Ushiromiya George,"""............ﻷﻥ ﻫﺬﺍ...ﻫﻮ ﻣﺎ ﻋﺰﻣﺖ ﻋﻠﻴﻪ. ......ﺳﺄﻗﺎﺗﻞُ ﺍﻟﻜﻮﻥَ ﻛﻠّﻪ ﻷﺟﻞِ ﺷﺎﻧﻮﻥ. ﻭﺳﺄﺟﻌﻞ ﺍﻟﻜﻮﻥَ ﻳُﻘِﺮ ﺑﻨﺎ، ......ﻭﻳﻤﻨﺤُﻨﺎ ﺑﺮﻛﺘﻪ."""
Gaap,"""ﻫﻠﻢ ﻭﺃﺧﺒﺮﻧﻲ. ﻛﻴﻒ ﺗﻤﻀﻲ ﺑﻌﻴﺪًﺍ ﺇﻟﻰ ﻫﺬﺍ ﺍﻟﺤﺪ ﻣﻦ ﺃﺟﻞ ﺗﻠﻚ ﺍﻷﺛﺎﺙِ ﺍﻟﻤﺴﻤﺎﺓِ ﺷﺎﻧﻮﻥ؟ .........ﺇﻧﻬﺎ ﻻ ﺗﺠﻴﺪ ﺷﻴﺌًﺎ، ﺃﻟﻴﺴﺖ ﻛﺬﻟﻚ؟ ﺃﺛﺎﺙٌ ﻟﻠﺮﻣﻲ ﻓﻲ ﺍﻟﻤﺰﺑﻠﺔ، ﻻ ﺗﺼﻠﺢ ﺣﺘﻰ ﻟﺘﻜﻮﻥ ﺧﺎﺩﻣﺔً ﺟﻴﺪﺓ."""
Ushiromiya George,"""............ﻟﻦ ﺃﺳﻤﺢ ﺑﻤﺰﻳﺪ ﻣﻦ ﺍﻹﻫﺎﻧﺔ ﻟﻠﻤﺮﺃﺓ ﺍﻟﺘﻲ ﺃﺣﺐ."""
Gaap,"""ﻓﻤﺎﺫﺍ ﺳﺘﺼﻨﻊ ﺇﺫﻥ؟ ﻛﻴﻒ ﺳﺘﻮﺍﺟﻬﻨﻲ ﺃﻳُّﻬﺎ ﺍﻟﺼﺒﻲ ﺍﻟﻮﺍﻫﻦ ﺍﻟﻀﻌﻴﻒ...؟"""
Ushiromiya George,"""ﺍﻟﺤﺐ ﻗﻮﺓ. ......ﻭﻷﻧِّﻲ ﻋﻠﻤﺖُ ﻫﺬﺍ ﻗﺪ ﺻﺮﺕُ ﺃﻗﻮﻯ. .........""ﺷﺎﻧﻮﻥ، ﺇﻧﻲ ﺃﺣﺒﻚ."" ﺑﺘﻠﻚ ﺍﻟﻜﻠﻤﺎﺕ ﻭﺣﺪﻫﺎ، ﺃﺳﺘﻄﻴﻊ ﺃﻥ ﺃﻧﻬﺾ ﻣﺮﺍﺭًﺍ ﻭﻣﺮﺍﺭًﺍ."""
Gaap,"""ﺷﺎﻧﻮﻥ ﻓﻲ ﺍﻟﺴﺠﻦ ﺍﻟﺴﻔﻠﻲ، ﺃﺗﻌﻠﻢ؟ ﻻ ﺟﺪﻭﻯ ﻣﻦ ﺇﻋﻼﻥِ ﺣﺒّﻚ ﻋﻠﻲّ."""
Ushiromiya George,"""ﻛﻼ. ﻟﻘﺪ ﺑَﻠَﻐﺘﻬَﺎ. ......ﻷﻥَّ ﻫﺬﺍ ﻫﻮ ﺍﻟﺤﺐ. ﺇﻥ ﺷﺎﻧﻮﻥ ﺗﺴﻤﻊ ﻛﻠﻤﺎﺗﻲ ﻓﻲ ﻫﺬﻩ ﺍﻟﻠﺤﻈﺔ. ﻭﺍﻟﺬﻱ ﻳﺠﻌﻠﻨﻲ ﺃﻭﻣﻦ ﺑﺬﻟﻚ... ﻫﻮ ﺍﻟﺤﺐ."""
Gaap,"""..................ﻫﺬﺍ ﺍﻟﻔﺘﻰ........."""
Ushiromiya George,"""ﺷﺎﻧﻮﻥ. ﺃﻧﺖِ ﻟﺴﺖِ ﺑﺄﺛﺎﺙ. ......ﺑﻞ ﺣﺘﻰ ﻟﻮ ﻛﻨﺖِ ﻛﺬﻟﻚ، ﻓﺴﺘﻜﻮﻧﻴﻦ ﺍﻷﺛﺎﺙ ﺍﻷﻭﺣﺪ ﻓﻲ ﺍﻟﻌﺎﻟﻢ ﻟﻲ. ﺃﺭﻳﺪﻙ ﺇﻟﻰ ﺟﺎﻧﺒﻲ ﻣﺎ ﺣﻴﻴﺖ. ......ﺃﺣﺘﺎﺟﻚِ... ﺩﻭﻣًﺎ ﻭﺃﺑﺪًﺍ."""
Shannon,""".........ﺟـ......ﺟﻮﺭﺝ-ﺳﺎﻣﺎ..............."""
Ushiromiya Kyrie,"""......ﺃﻧﺎ ﻏﻴﻮﺭﺓ. ﻟﻘﺪ ﺗﻔﻮَّﻕ ﻋﻠﻰ ﺯﻭﺟﻲ ﻓﻲ ﺍﻟﻜﻼﻡ ﺍﻟﻤﻌﺴﻮﻝ."""
Nanjo Terumasa,"""ﻫﺬ......ﻫﺬﺍ ﻫﻮ ﺍﻟﺸﺒﺎﺏ."""
Gaap,"""ﺁﻫﺎﻫﺎﻫﺎﻫﺎﻫﺎﻫﺎﻫﺎﻫﺎﻫﺎﻫﺎﻫﺎﻫﺎﻫﺎﻫﺎﻫﺎﻫﺎﻫﺎ...!! ﺍﻟﺤﺐ ﻗﻮﺓ؟ ﻓﻠِﻢَ ﺃﻧﺖَ ﺿﻌﻴﻒٌ ﺇﺫﻥ، ﺃﻳﻬﺎ ﺍﻟﻔﺘﻰ؟ ﺃﺗﻘﺼﺪ ﺃﻥَّ ﺿﻌﻔﻚ ﺩﻟﻴﻞٌ ﻋﻠﻰ ﺿﺂﻟﺔ ﺣﺒﻚ؟"""
Gaap,"""*ﻗﻬﻘﻬﺔ*ﻗﻬﻘﻬﺔ*! ﺣﺒﻚ ﻟﺨﻄﻴﺒﺘﻚ ﻭﺍﻩٍ. ﻭﻣﺎﺕ ﺃﺑﻮﺍﻙ ﻣﻮﺗًﺎ ﻣﺨﺠﻼً ﺳﺮﻳﻌًﺎ. ﻛﻞ ﻣﺎ ﻓﻲ ﺣﻴﺎﺗﻚ ﺿﻌﻴﻒ."""
Ushiromiya George,"""...............ﻟﻘﺪ ﻋﻠﻤﺘﻨﻲ ﺷﺎﻧﻮﻥ ﻣﻌﻨﻰ ﺍﻟﺤﺐ ﻭﺍﻟﻘﻮﺓ. ﻓﺈﻥ ﻛﻨﺖِ ﺗﺮﻳﺪﻳﻦ ﻗﻴﺎﺱ ﻗﻮﺗﻲ ﻋﻠﻰ ﻣﻘﺪﺍﺭ ﺣﺒّﻲ ﻟﻬﺎ، ......ﻓﺴﻮﻑ ﺃﻟﻘِّﻨﻚِ ﺩﺭﺳًﺎ ﻋﻦ ﺣﺒﻲ."""
Gaap,"""*ﺿﺤﻚ*، ﻛﻠﻤﺎﺕُ ﺟﻠﻴﻠﺔ. ......ﺍﻵﻥ ﻓﻬﻤﺖُ. ﺗﻘﻮﻝ ﺇﻥ ﻗﺪﺭﺗﻚ ﻋﻠﻰ ﺍﻟﻨﻬﻮﺽ ﺑﻌﺪ ﻛﻞ ﻣﺎ ﺗﻠﻘﻴﺖ ﻣﻦ ﺭﻛﻞ، ﻫﻲ ﺍﻟﻘﻮﺓ ﺍﻟﺘﻲ ﺗﻌﻠﻤﺘﻬﺎ ﻣﻦ ﺷﺎﻧﻮﻥ. ﻓﻔﻲ ﺗﻠﻚ ﺍﻟﺤﺎﻝ، ﻣﺎﺫﺍ ﻭﺭﺛﺖ ﻣﻦ ﺃﻣﻚ ﻭﺃﺑﻴﻚ، ﺍﻟﻠﺬَﻳﻦِ ﻗُﺘِﻼ ﺑﻼ ﻗِﺘﺎﻝ؟ .........؟"""
, ﻓﺠﺄﺓ، ﻏﺸﻲ ﺍﻟﻈﻼﻡ ﻛﻞ ﺷﻲﺀ. ......ﻟﻜﻨﻨﺎ ﻓﻲ ﺍﻟﺨﺎﺭﺝ...
Gaap,""".........ﻟـ......ﻻ. .........ﻫﺬ...ﻫﺬﺍ............"""
, ﻣﺎ ﻛﺎﻥ ﻳﺤﺠﺐ ﺑﺼﺮ ﻗﺎﺏ... ............ﻛﺎﻥ ﺃﺳﻔﻞ... ﺣﺬﺍﺀ... ... ﺟﻮﺭﺝ...
Ushiromiya George,"""............ﺍﻟﺮﻛﻠﺔ ﺍﻟﺠﺎﻧﺒﻴﺔ. ﺗﻘﻨﻴﺔ ﻛﺴﺮ ﺍﻷﻧﻒ."""
, ﺗﻮﻗﻔﺖ ﻋﻨﺪ ﻃﺮﻑ ﺃﻧﻒ ﻗﺎﺏ ﺗﻤﺎﻣﺎ.
Ushiromiya George,"""ﻣﺎ ﻭﺭﺛﺘﻪ ﻋﻦ ﺃﻣﻲ... ﻫﻮ ﻫﺬﻩ ﺍﻟﺮﻛﻠﺔ."""
, ﻭﺑﻌﺪ ﻟﺤﻈﺎﺕٍ ﻣﻌﺪﻭﺩﺓ، ﻗﻔﺰﺕ ﻗﺎﺏ ﺇﻟﻰ ﺍﻟﻮﺭﺍﺀ. ﻟﻜﻦ ﺑﺎﻟﻄﺒﻊ، ﻓﺎﺕ ﺍﻷﻭﺍﻥ.
, ﻟﻮ ﻟﻢ ﻳﻮﻗﻒ ﺟﻮﺭﺝ ﺣﺮﻛﺘﻪ، ﻷﺣﺪﺙ ﻣﻦ ﺍﻟﻀﺮﺭ ﻣﺎ ﺃﻧﺬﺭَ ﺑﻪ ﺗﻤﺎﻣﺎ.
Ushiromiya George,"""ﻭﻣﺎ ﻭﺭﺛﺘﻪ ﻋﻦ ﺃﺑﻲ... ...ﻫﻮ ﺍﻟﺼﺒﺮ."""
, ﺇﻥ ﺍﻟﻐﻀﺐَ ﺳﺮﻳﻊ ﺍﻻﺷﺘﻌﺎﻝ ﻻ ﻳُﺨﺎﻑُ ﻣﻨﻪ ﺣﻘًﺎ.{n}......ﻓﺎﻟﻐﻀﺐُ ﺍﻟﺼﺎﺩﻕُ ﻳُﺰﺭَﻉُ ﺑﺎﻟﺼﺒﺮ.
Ushiromiya George,""".........ﻗﺪ ﻓﻬﻤﺖُ ﺇﻋﻼﻧَﻚِ ﻧﻴﺘﻚِ ﻓﻲ ﺍﻟﻌﻨﻒ. ......ﻭﻓﻬﻤﺖ ﻛﺬﻟﻚ ﺗﺸﻮﻳﻬﻚِ ﻟﺴﻤﻌﺔ ﺧﻄﻴﺒﺘﻲ ﻭﺃﺑﻮَﻱّ. ﻭﻟﻴﺲ ﻓﻲ ﻧﻴﺘﻚ ﺃﻥ ﺗﺘﺮﺍﺟﻌﻲ ﻋﻦ ﺃﻱٍ ﻣﻦ ﺫﻟﻚ......؟"""
Gaap,"""......ﺃﻧـ...ـﺖ......"""
Ushiromiya George,"""ﺍﺳﺘﻮﻋﺒﺖُ ﻣﺎ ﻳﻜﻔﻲ ﻣﻦ ﻫﺠﻤﺎﺗﻚ، ﻟﺬﺍ ﺣﺎﻥ ﺍﻟﻮﻗﺖ. ............ﻓﺈﻥ ﻛﻨﺖِ ﻣﺴﺘﻌﺪﺓ... ﺃﻓﺄﻗﺎﺗﻠﻚ؟"""
Gaap,"""ﻛـ...ﻛﻒ ﻋﻦ ﻫﺬﺍ ﺍﻟﺤﺪﻳﺚ ﺍﻷﻣﻠﺲ ﺃﻳﻬﺎ ﺍﻟﻮﻗﺢ......!!"""
, ﻓُﺘِﺢَ ﺛﻘﺐٌ ﺃﺳﻮﺩ ﺣﺎﻟﻚٌ ﻓﺎﻏﺮًﺍ ﻓﺎﻫَﻪُ ﻋﻨﺪ ﻗﺪﻣﻲّ ﺟﻮﺭﺝ.
, ﻟﻜﻦ ﺟﻮﺭﺝ ﺑﺎﺩﺭ ﻓﻮﺳﻊ ﻗﺪﻣﻴﻪ، ﺟﺎﺛﻤًﺎ ﻓﻮﻕ ﺍﻟﺜﻘﺐ. ﻟﻦ ﺗُﺠﺪﻱ ﺍﻟﺤﺮﻛﺔ ﺫﺍﺗﻬﺎ ﺛﺎﻧﻴﺔً...!
, ﻛﺎﻧﺖ ﻣﺮﺍﻭﻏﺘﻪ ﺧﻔﻴﻔﺔ ﺇﻟﻰ ﺍﻟﻐﺎﻳﺔ، ﻭﻟﻢ ﻳﺮﺗﺠﻒ ﺃﻋﻼﻩُ ﻗﻴﺪ ﺷﻌﺮﺓ.
Ushiromiya George,"""ﺍﻟﺼﺒﺮُ ﺃﻥ ﻻ ﺗﻔﻘﺪ ﺍﺗﺰﺍﻧﻚ، ﺑﻞ ﺗﺪﺭﺱ ﺣﺮﻛﺎﺕ ﺧﺼﻤﻚ ﺑﺴﻜﻴﻨﺔٍ ﻭﺭﻭﻳّﺔ. .........ﻭﻷﻱ ﻏﺎﻳﺔ ﻳﻜﻮﻥ ﺫﻟﻚ؟ ﺃﻟﻴﺴﺖِ ﺍﻟﻐﺎﻳﺔُ ﺑﻴﻨّﺔ؟ ﺃﺗﺪﺭﻳﻦ؟"""
Gaap,"""ﻟـ...ﻻ، ﻻ ﺃﺩﺭﻱ......"""
Ushiromiya George,"""ﺇﻧﻬﺎ ﻟﻠﻤﺠﺎﺑﻬﺔ، ﻟﺮﺩ ﺍﻟﺼﺎﻉ ﺻﺎﻋﻴﻦ، ......ﻟﺘﻌﻠﻤﻬﻢ ﺃﻻ ﻳﺘﺠﺮﺅﻭﺍ ﻋﻠﻴﻚ ﻣﺮﺓً ﺃﺧﺮﻯ، ﻟﺘﺠﻌﻠﻬﻢ ﻳﻐﻄﻮﻥ ﻭﺟﻮﻫﻬﻢ ﺑﺎﻟﺪﻣﻮﻉ ...ﻭﺍﻟﻤﺨﺎﻁ ﻧﺎﺩﻣﻴﻦ، ﻭﻟﺘﺮﻏﻤﻬﻢ ﻋﻠﻰ ﺗﻤﺮُّﻍِ ﺟﺒﺎﻫﻬﻢ ﻋﻠﻰ ﺍﻷﺭﺽ ﺍﻋﺘﺬﺍﺭًﺍ ﺑﻌﺪ ﺍﻋﺘﺬﺍﺭ، ...ﻟﺘﻔﻨﻴﻬﻢ ﺗﻤﺎﻣﺎ، ......ﻛﻠﻴًﺎ، ...............ﺩﻛًﺎ ﺩﻛًﺎ...!!! ......ﺣﺘﻰ ﻻ ﻳﻨﻬﻀﻮﺍ ﺛﺎﻧﻴﺔً."""
, ﺍﻧﻄﻠﻖ ﺟﻮﺭﺝ ﻳﻌﺪﻭ.
, ﻭﺍﻧﻔﺘﺤﺖ ﺍﻟﺤﻔﺮ ﻭﺍﺣﺪﺓ ﺗﻠﻮ ﺍﻷﺧﺮﻯ، ﻏﻴﺮ ﺃﻥ ﺟﻮﺭﺝ ﻟﻢ ﺗﻄﺄ ﻗﺪﻣﻪ ﺃﻳًﺎ ﻣﻨﻬﺎ ﺑﻌﺪ ﺫﻟﻚ.
, ﻭﺑﺴﺒﺐ ﺇﺻﺮﺍﺭﻫﺎ ﻋﻠﻰ ﺫﺍﺕِ ﺍﻟﺤﺮﻛﺔ، ﺍﻧﻘﺎﺩﺕ ﻗﺎﺏ ﻟﻸﺳﺮِ ﺛﺎﻧﻴﺔً...
Ushiromiya George,""".........ﺭﻛﻠﺔ ﺧﻠﻔﻴﺔ ﻣﻌﻜﻮﺳﺔ. ﻛﺴﺮُﻋﻈﺎﻡ ﺍﻟﻔﻚ."""
Gaap,"""...............!"""
, ﻛﺎﻧﺖ ﺃﻛﺜﺮ ﻗﻮﺓ ﻭﺟﻤﺎﻻً ﻣﻦ ﺭﻛﻠﺔ ﻗﺎﺏ ﺍﻟﺴﺎﺑﻘﺔ.
, ﻭﺑﺎﻟﻄﺒﻊ، ﺗﻤﺮﻛﺰﺕ ﺃﻣﺎﻡ ﻭﺟﻪ ﻗﺎﺏ ﻣﺒﺎﺷﺮﺓ، ﻟﻜﻨﻬﺎ ﺗﻮﻗﻔﺖ ﻋﻠﻰ ﺑُﻌﺪِ ﺷﻌﺮﺓٍ ﻭﺍﺣﺪﺓ.
, ﻭﺭﺑﻤﺎ ﻟﻢ ﺗﻌﺪ ﻗﺎﺩﺭﺓ ﻋﻠﻰ ﺍﻻﺗﻜﺎﻝ ﻋﻠﻰ ﺍﻟﻔﺨﺎﺥ ﻓﻲ ﻫﺬﺍ ﺍﻟﻘُﺮﺏِ ﺍﻟﻀﻴﻖ.
, ﺭﻛﻠﺖ ﻗﺎﺏ ﺳﺎﻕ ﺟﻮﺭﺝ ﻟﺘُﺸﻐِﻠﻪ، ﻭﻓﻲ ﻟﺤﻈﺔ ﺍﻧﺸﻐﺎﻟﻪ ﺑﺘﻠﻚ ﺍﻟﻀﺮﺑﺔ ﺍﻟﺰﺍﺋﻔﺔ، ﺻﻮﺑﺖ ﺭﻛﻼً ﺇﻟﻰ ﺑﻄﻨﻪ.
, ﻛﺎﻧﺖ ﻃﻌﻨﺔ ﻛﺎﻟﺰﻧﺒﻮﺭ ﺑﻜﻌﺐ ﺣﺬﺍﺋﻬﺎ ﺍﻟﻤﺪﺑﺐ.
, ......ﻟﻜﻨﻬﺎ ﺍﺧﺘﺮﻗﺖ ﺍﻟﻬﻮﺍﺀ ﺣﻴﺚ ﻟﻢ ﻳﻌﺪ ﺟﻮﺭﺝ ﻣﻮﺟﻮﺩًﺍ.
Ushiromiya George,""".........ﺭﻛﻠﺔ ﻓﺄﺱٍ ﻋﺎﻟﻴﺔ. ﻛﺴﺮُ ﺍﻟﺘﺮﻗﻮﺓ."""
Gaap,"""............ﻣـ...ـﺎﺍ-"""
, ﻭﻣﻦ ﺟﺎﻧﺐِ ﻗﺎﺏ، ﺃﻋﻠﻦ ﺟﻮﺭﺝ ﺑﺒﺮﻭﺩ، ﻭﺭﺟﻠﻪ ﻣﺎ ﺯﺍﻟﺖ ﻣﺮﻓﻮﻋﺔ.
, ﻭﻟﻮ ﺃﻥ ﻛﻌﺒﻪ ﺍﻟﻤﻠﻜﻲ ﺍﻧﺨﻔﺾ ﺣﻴﻨﻬﺎ، ﻟﻜﺎﻧﺖ ﻛﺴﻮﺭ ﺍﻟﺘﺮﻗﻮﺓ ﺃﻫﻮﻥ ﻣﺎ ﻳﻘﺎﻝ.
Gaap,"""ﻫﺬﺍ ﺍﻟﻔﺘﻰ... ......ﺃﻗﻮﻯ ﻣﻨﻲ... ﻓﻲ ﺍﻟﻘﺘﺎﻝ ﺍﻟﻘﺮﻳﺐ......؟! ﻳﺠﺐ ﺃﻥ ﺃﺑﺘﻌﺪ......"""
, ﻗﻔﺰﺕ ﺇﻟﻰ ﺍﻟﻮﺭﺍﺀ ﻟﺘﻜﺴﺐَ ﺑﻌﺪًﺍ ﺷﺎﺳﻌًﺎ.
, ﻗﻔﺰﺕ ﻭﻗﻔﺰﺕ ﻭﻗﻔﺰﺕ ﺛﻢ ﺍﻧﻘﻠﺒﺖ ﺇﻟﻰ ﺍﻟﻮﺭﺍﺀِ، ﺗُﻮﺳِﻊ ﺍﻟﻤﺴﺎﻓﺔ ﺑﻴﻨﻬﻤﺎ.
, ﻛﺎﻥ ﻳﻨﺒﻐﻲ ﻟﺘﻠﻚ ﺍﻟﺤﺮﻛﺎﺕ ﺃﻥ ﺗﺒﺪﻭ ﺑﺪﻳﻌﺔ، ﻟﻜﻨﻬﺎ ﻷﻣﺮٍ ﻣﺎ، ﺑﺪﺕ ﻛﻤﺜﻞ ﺣﺮﻛﺔ ﺣﻴﻮﺍﻥٍ ﺻﻐﻴﺮٍ ﺧﺎﺋﻒ.
, ﻓﺈﻥ ﺑﻌﺪﺕ ﺍﻟﻤﺴﺎﻓﺔ، ﺍﺳﺘﻄﺎﻋﺖ ﺃﻥ ﺗﻘﺎﺗﻞ ﻓﻲ ﺍﻟﻤﺪﻯ ﺍﻟﺬﻱ ﺗُﺠﻴﺪﻩ، ﺑﻤﺰﻳﺞ ﻣﻦ ﺍﻟﺤﻔﺮ ﻭﺿﺮﺑﺎﺕ ﺍﻟﺮﻛﻞ...!
Gaap,"""ﺃﻳﻬﺎ ﺍﻷﺣﻤﻖ... ﻟﻘﺪ ﺃﺿﻌﺖ ﺛﻼﺙُ ﻓﺮﺹٍ ﻟﻬﺰﻳﻤﺘﻲ، ......ﻭﺍﻵﻥ ﺳﺘﻨﺪﻡُ ﻓﻲ ﻗﺎﻉ ﺍﻟﻬﺎﻭﻳﺔ!! ..................ﻫﺎ؟"""
, ﻫﺒﻄﺖ ﻗﺎﺏ ﻫﺒﻮﻃًﺎ ﺭﺷﻴﻘًﺎ ﻭﻫﻤّﺖ ﺃﻥ ﺗﻔﺘﺢ ﻓﺨًﺎ، ﺇﺫ ﺑﺸﻔﻴﺮ ﺭﻳﺢٍ ﺣﺎﺩ ﻳﺠﺰُّ ﻏﺮّﺗﻬﺎ. ...ﻧﻌﻢ، ...ﻟﻘﺪ ﻗَﻄَﻌَﻬَﺎ.
, ﻭﻣﺮﺕ ﺍﻟﺴﻜﻴﻦ ﻣﺮﺗﻴﻦ. ......ﻭﻟﻢ ﺗﺘﻮﻗﻒ ﻫﺬﻩ ﺍﻟﻤﺮﺓ ﻋﻠﻰ ﺑﻌﺪ ﺷﻌﺮﺓ، ﺑﻞ ﺑﻌﺜﺮﺕ ﺷﻌﺮَﻫﺎ ﺑﻀﻐﻂِ ﻫﻮﺍﺋﻬﺎ......
Ushiromiya George,""".........{ruby:ﻛﻠﻤﺔٌ ﺑﺮﺗﻐﺎﻟﻴﺔ ﺗﻌﻨﻲ (ﻣُﺴَﻠﺢٌ ﺑﻤﻄﺮﻗﺔ) ﻭﻫﻮ ﺍﺳﻢ ﻫﺠﻮﻡ ﻓﻲ ﻓﻦ ﺍﻟﻜﺎﺑﻮﻳﺮﺍ ﺍﻟﻘﺘﺎﻟﻲ ﺍﻟﺒﺮﺍﺯﻳﻠﻲ:ﺁﺭﻣﺎﺩﺍ ﻛﻮﻣﺎﺭﺗﻴﻠﻮ} . ......ﺍﻟﻀﺮﺑﺔ ﺍﻷﻭﻟﻰ ﺗﻜﺴﺮ ﻣﺤﺠﺮ ﺍﻟﻌﻴﻦ، ﻭﺍﻟﺜﺎﻧﻴﺔ ﺗﺮﺽّ ﺍﻟﺪﻣﺎﻍ."""
Gaap,"""..................{m:-5:--}-...!!!"""
, ﻋﺠﺰﺕ ﻗﺎﺏ ﻋﻦ ﺍﻟﻜﻼﻡ ﻣﻦ ﺷﺪﺓ ﺍﻟﺬﻫﻮﻝ.
, ﻓﻘﺪ ﻃﻮﻯ ﺟﻮﺭﺝ ﻛﻞ ﺗﻠﻚ ﺍﻟﻤﺴﺎﻓﺔ ﻓﻲ ﻃﺮﻓﺔ ﻋﻴﻦ، ﻭﺃﻃﻠﻖ ﺭﻛﻠﺘﻴﻦ ﻣﺰﺩﻭﺟﺘﻴﻦ ﻓﻲ ﺍﻟﻬﻮﺍﺀ ﺑﻤﻬﺎﺭﺓ ﻣﺮﻋﺒﺔ.
, ......ﻭﻓﻮﻕ ﺫﻟﻚ، ﺑﺪﻗﺔ ﻭﺣﺪﺓ ﻛﺤﺪ ﺍﻟﻤﻮﺱ، ﻟﻢ ﻳَﻤﺲّ ﺳﻮﻯ ﺑﻌﺾ ﺷﻌﺮﺍﺕٍ ﻣﻦ ﻏﺮﺗﻬﺎ.
Ushiromiya George,"""ﻟﻘﺪ ﺗﻌﻠﻤﺖ ﻗﻮﺓ ﺍﻟﺮﻛﻼﺕ ﻣﻦ ﺍﻟﻜﺎﺭﺍﺗﻴﻪ، ﻭﺍﻟﺴﺮﻋﺔ ﻣﻦ ﺍﻟﺘﺎﻳﻜﻮﺍﻧﺪﻭ، ﻭﺣﺮﻳﺔ ﺍﻟﻤﺪﻯ ﻣﻦ ﺍﻟﻜﺎﺑﻮﻳﺮﺍ."""
Ushiromiya George,"""......ﻛﺎﻧﺖ ﺃﻣﻲ ﺩﻭﻣًﺎ ﺗﺠﺮﺏ ﻛﻞ ﺟﺪﻳﺪ. ﻟﺬﺍ ﺩﺭﺍﺳﺘﻲ ﻟﻤﺤﺎﺳﻦ ﺍﻟﻔﻨﻮﻥ ﺗﻠﻚ ﻛﺎﻧﺖ ﺫﺍﺕ ﻓﺎﺋﺪﺓ ﻋﻈﻴﻤﺔ."""
Gaap,"""ﻟـ......ﻟﻢ ﻻ ﺗﻀﺮﺑﻨﻲ......؟ ......ﺃﻷﻧﻲ ﺍﻣﺮﺃﺓ؟!!"""
Ushiromiya George,"""......ﻟﻘﺪ ﺗﺤﺪﺛﺖِ ﻋﻦ ﺍﻟﺠﺒﺮﻭﺕ ﺑﻮﺻﻔﻪِ ﺛﺎﻟﺚ ﺳﻠﻄﺎﺕ ﺍﻟﻤﻠﻚ."""
Ushiromiya George,"""ﻟﻜﻦ ﻳﻈﻬﺮ ﻟﻲ ﺃﻧﻚِ ﻗﺪ ﺃﺳﺄﺕِ ﻓﻬﻢ ﺍﻟﺠﺒﺮﻭﺕ.......ﺍﻟﺠﺒﺮﻭﺕ ﺍﻟﻤﻘﺼﻮﺩ ﻟﻴﺲ ﻫﻮ ﺍﻟﺒﻄﺶ ﻭﺍﻟﺘﺴﺮﻉ ﻓﻲ ﻣﻤﺎﺭﺳﺔ ﺍﻟﻌﻨﻒ. .........ﺑﻞ ﻫﻮ ﺍﻟﺮﺩﻉ، ﺇﻧَّﻪ ﺗﺼﺮﻳﺢٌ ﻋﻠﻰ ﺃﻥ ﻣﻦ ﻳﻌﺼﻴﻚ ﺳﻴﺤﺎﺳﺐ."""
Gaap,"""ﺭﺩﻉ......؟"""
, ﻛﺎﻥ ﻫﺬﺍ ﻫﻮ ﺍﻟﻤﻘﺼﺪ. ﻭﻟﻬﺬﺍ ﺗﻮﻗﻔﺖ ﻛﻞ ﻫﺠﻤﺎﺕ ﺟﻮﺭﺝ ﺇﻟﻰ ﺫﻟﻚ ﺍﻟﺤﻴﻦ ﻗﺒﻞ ﺍﻟﻀﺮﺑﺔِ ﺑﻠﺤﻈﺔ.
, ﻭﻫﺬﺍ ﻫﻮ ﺍﻟﻤﻐﺰﻯ، ﻓﻘﺪ ﺃﻇﻬﺮ ﺑﺒﺮﺍﻋﺔٍ ﻣﺎ ﻫﻮ ﺃﺻﻌﺐ ﻣﻦ ﺍﻟﻀﺮﺑﺔ ﺍﻟﻤﺒﺎﺷﺮﺓ، ﻭﻗﺪ ﺃﺩﻳﺖ ﻛﻠﻬﺎ ﺑﺒﻬﺎﺀٍ ﺑﺎﻟﻎ.
, ...ﻛﺎﻥَ ﺟُﻮﺭﺝ ﻗﺎﺩﺭًﺍ ﻋﻠﻰ ﻫﺰﻳﻤﺔِ ﻗﺎﺏ ﺑﻀﺮﺑﺔٍ ﻭﺍﺣﺪﺓٍ ﻟﻮ ﺃﺭﺍﺩَ.
, ﻟﻜﻦ ﺗﻌﻤﺪ ﺃﻻ ﻳﻔﻌﻞ.
Ushiromiya George,"""ﺃﻧﺖِ ﻗﻠﺘﻪِ ﺑﻨﻔﺴﻚ، ﺃﻟﻴﺲ ﻛﺬﻟﻚ؟ ﺍﻟﺠﺒﺮﻭﺕ ﺳﻠﻄﺎﻥٌ ﻟﻠﺤﻜﻢ. .........ﺇﻥ ﺩﻣﺮﺕ ﺧﺼﻤﻚ ﺑﺠﺒﺮﻭﺗﻚ، ﻓﻠﻦ ﺗﻘﺪﺭ ﻋﻠﻰ ﺣﻜﻤﻪ، ﺃﻟﻴﺲ ﻛﺬﻟﻚ؟"""
Ushiromiya George,"""ﺟﺒﺮﻭﺕ ﺍﻟﻤﻠﻚ ﻫﻮ ﻟﻠﻌﺮﺽ. ﻻ ﻳَﻬﻠِﻚُ ﺑﻪ. .......ﺑﻪ ﻳُﺨﻀِﻊ ﺍﻟﻨﺎﺱ ﻭﻳﻀﻴﻔﻬﻢ ﺇﻟﻰ ﻣﻠﻜﻴﺘﻪ. ﻟﻮ ﻫﺸَّﻤﺖُ ﺩﻣﺎﻏﻚِ ﺍﻵﻥ ﻟﻤﺎ ﺍﺳﺘﻄﻌﺖِ ﺇﺭﺷﺎﺩﻱ ﺇﻟﻰ ﻣﻮﻗﻊ ﺍﻟﺮﻫﺎﺋﻦ."""
, ﻛﺎﻥ ﻻ ﺑُﺪَّ ﻟﻘﺎﺏ ﺃﻥ ﺗﻘﺮ.
, ﻛﺎﻥ ﻋﻠﻴﻬﺎ ﺃﻥ ﺗﻘﺮ ﺃﻥ ﺟﻮﺭﺝ ﻗﺪ ﻓﻬِﻢَ ﻣﻌﻨﻰ ﺍﻟﺠﺒﺮﻭﺕ ﺃﺗﻢَ ﻓﻬﻢ...!
Ushiromiya George,"""ﺳﺘﺪﻟﻴﻨﻲ ﺇﻟﻰ ﺣﻴﺚ ﺍﻟﺠﻤﻴﻊ. ﻻ ﺃﻧﺼﺤﻚِ ﺑﺎﻟﻤﻘﺎﻭﻣﺔ. .........ﻭﺇﻻَّ ﻓﻠﻦ ﺃﻭﻗﻒ ﺭﻛﻠﺘﻲ ﺍﻟﻤﺮﺓ ﺍﻟﻘﺎﺩﻣﺔ."""
Gaap,"""...ﺧﺦ...!! .........ﺁﺳﻔﺔ ﻳﺎ ﻟﻴﺎ... ﺳﺄﺳﺘﻌﻴﺮ ﺟﻨﻮﺩﻙ. ﻫﺬﺍ ﺍﻟﺮﺟﻞ ﺃﻗﻮﻯ ﻣﻦ ﺃﻥ ﺃﻭﺍﺟﻬﻪ ﻭﺣﺪﻱ!!"""
, ﻭﺑﻔﺘﺢِ ﻓﻢٍ ﺃﺳﻮﺩٍ ﺣﺎﻟﻚٍ ﻓﻲ ﺍﻟﺴﻤﺎﺀٍ، ﻃﻨﻚ، ﻃﻨﻚ، ﻃﻨﻚ - ﺳﻘﻂ ﺛﻼﺛﺔُ ﺣﺮﺍﺱ ﻣﻌﺰﺭﻳﻦ ﺫﻭﻭ ﻗﺮﻭﻥٍ ﻭﻣَﺂﺏ. ﺣﺎﺻﺮﻭﺍ ﺟﻮﺭﺝ.
Ushiromiya George,""".........ﺗﻌﺰﻳﺰﺍﺕ؟ ﺃﺗﻌﺠﺐ ﺇﻥ ﻛﺎﻥ ﻋﻠﻲّ ﺃﻥ ﺃﻓﺴﺮ ﻫﺬﺍ ﺑﺄﻧﻚِ ﺗﻨﺎﺯﻟﺖِ ﻋﻦ ﻗﻮﻟﻚ ﺇﻧﻲ ﺿﻌﻴﻒ."""
Gaap,"""ﺃﻋﺘﺮﻑ، ......ﺃﻋﺘﺮﻑ. ......ﺍﺳﺘﺨﻔﻔﺖ ﺑﻘﻮﺗﻚ... ﺑﻘﻮﺓ ﺍﻟﺒﺸﺮ..."""
Ushiromiya George,"""ﻻ. ﻫﺬﻩ ﻗﻮﺓ ﺭﺟﻞٍ ﺑﻠﻎَ ﻣﻌﺮﻓﺔ ﺍﻟﺤﺐ."""
Gaap,"""ﺁﻫـ... ﻣﺎ ﻫﺬﻩ ﺍﻟﺘﻔﺎﻫﺎﺕ... ﻛﻴﻒ ﺗﻘﻮﻝ ﺫﻟﻚ ﺑﻨﺒﺮﺓٍ ﺟﺎﺩﺓ؟!! ﻫﻠﻤﻮﺍ ﺃﻳﻬﺎ ﺍﻟﻤﺎﻋﺰ! ﺍﺧﺮﺑﻮﺍ ﻫﺬﺍ ﺍﻟﺮﺟﻞَ ﺣﺘﻰ ﻻ ﻳﺒﻘﻰ ﻣﻨﻪ ﺇﻻ ﻟﺤﻤﻪ!"""
Gaap,"""ﻫﻬﻪ، ﻫﺆﻻﺀ ﺍﻟﻤﺎﻋﺰ ﺣﻤﻘﻰ، ﻟﻜﻦ ﻳﺒﺪﻭ ﺃﻥ ﻟﻬﻢ ﻗﻮﺓ ﻻ ﻳﺴﺘﻬﺎﻥ ﺑﻬﺎ. ﺳﺄﺟﻌﻞ ﻟﻚ ﺣﺘﻰ ﺧﻄﻴﺒﺘﻚ ﻻ ﺗﻌﺮﻑ ﺟﺜﺘﻚ!"""
Ushiromiya George,"""ﺗﺮﻓﻀﻴﻦ ﺍﻻﺳﺘﺴﻼﻡ ﻭﺗﻨﻮﻳﻦ ﻣﻮﺍﺻﻠﺔ ﺍﻟﻘﺘﺎﻝ. ﻣﻔﻬﻮﻡ. ......ﺃﻋﻠﻦِ ﺃﻧَّﻚِ ﻣﻦ ﺍﻵﻥ ﻓﺼﺎﻋﺪًﺍ ﺳﺘﺘﻠﻘﻴﻦ ﺿﺮﺭﺍ ﻳﺴﺎﻭﻱ ﻣﻘﺪﺍﺭ ﻫﺠﻤﺎﺗﻚ."""
Ushiromiya George,"""ﺇﺫﺍ ﻛﻨﺖِ ﻻ ﺗﺰﺍﻟﻴﻦ ﺗﻌﺘﺰﻣﻴﻦ ﻣﻬﺎﺟﻤﺘﻲ، ﻓﻜﻮﻧﻲ ﻣﺴﺘﻌﺪﺓً ﻟﺘﻠﻘﻲ ﺣﺼﺘﻚِ ﻣﻦ ﺍﻹﺻﺎﺑﺎﺕ."""
, ﻟﻤﺎ ﻧﺎﺩﻯ ﺟﻮﺭﺝ ﺑﺬﻟﻚ، ......ﺍﺭﺗﻔﻌﺖ ﺣﻮﻟﻪ ﺩﺍﺋﺮﺓُ ﺳﺤﺮٍ ﺣﻤﺮﺍﺀ ﺧَﻔِﻴﺘﺔ.
, ﻟﻜﻨﻪ ﺑﺪﺍ ﺃﻥ ﺟﻮﺭﺝ ﻻ ﻳﺮﺍﻫﺎ.{n}ﺇﻻ ﺃﻥ ﻗﺎﺏ -ﻟﻜﻮﻧﻬﺎ ﺷﻴﻄﺎﻧﺔ- ﺭﺃﺗﻬﺎ.
Gaap,"""ﺳـ...ﺳﺤﺮ؟! ﻟﻤﺎﺫﺍ ﻳﻤﻠﻚ ﻫﺬﺍ ﺍﻟﺮﺟﻞ ﺣﺎﺟﺰﺍ ﺩﻓﺎﻋﻴًﺎ...؟! ﻭﺍﻷﺩﻫﻰ ﺃﻧﻪ ﻣﺨﺼﺺ ﻟﻌﻜﺲ ﺍﻟﻬﺠﻮﻡ...؟! ﺃﻫﺬﺍ ﻣﺎ ﺗﻌﻨﻮﻧﻪ ﺑﺎﻟﺮﺩﻉ...؟!"""
, ﻣﻦ ﻣﻨﻈﻮﺭ ﺷﻴﻄﺎﻥ ﻟﻌﻞ ﺫﻟﻚ ﺳﺤﺮ.
, ﺃﻣﺎ ﻓﻲ ﻋﻴﻮﻥ ﺟﻮﺭﺝ، ﻓﻜﺎﻥ ﺫﻟﻚ ﻋﺰﻣًﺎ.
, ﻋﺰﻡ ٌﻣﻄﻠﻖ ﻻ ﻳﺮﺣﻢ ﻣﻦ ﻳﺸﺘﺎﻕ ﺇﻟﻰ ﺍﻟﻘﺘﺎﻝ ﺑﻌﺪ، ﻭﻳﺠﻌﻠﻬﻢ ﻳﺘﻬﻴﺄﻭﻥ ﻟﺮﺩٍ ﺟﺎﺭﻑٍ.
, ﺍﻟﻌﺰﻡ ﺍﻟﻤﻄﻠﻖ... ﻳَﺼﻴﺮُ ﺳﺤﺮًﺍ.
, ﻛﺎﻥ ﺭﻭﻧﻮﻑ ﻳﺼﺪ ﻗﺒﻀﺎﺕِ ﺟﻴﺴﻴﻜﺎ ﺑﺪﻗﺔ ﺑﺎﺳﺘﺨﺪﺍﻡ ﺫﻟﻚ ﺍﻟﺘﺮﺱ. ......ﻟﻜﻦ ﺷﻴﺌًﺎ ﺑﺪﺍ ﻏﺮﻳﺒًﺎ.
, ﺭﻏﻢ ﺃﻧﻪ ﺑﺎﻟﺘﺄﻛﻴﺪ ﻛﺎﻥ ﻳﻮﻗﻒ ﺍﻟﻀﺮﺑﺎﺕ ﺑﺘﺮﺳﻪ، ﺇﻻ ﺃﻧﻪ ﺷﻌﺮ ﺑﺬﺭﺍﻋﻪ ﻗﺪ ﺑﺪﺃﺕ ﺗُﻨﻬﻜﻪ ﻭﺗﺆﻟﻤﻪ.
, ﻳﻨﺒﻐﻲ ﺃﻥ ﺗُﻘﻄﻊَ ﻛﻞ ﺍﻷﺿﺮﺍﺭ ﺍﻟﺠﺴﺪﻳﺔ ﻣﻦ ﺍﻟﻤﺼﺪﺭ.
, ......ﻣﻊ ﺫﻟﻚ، ﻛﺎﻧﺖ ﺃﺿﺮﺍﺭ ﻗﺒﻀﺎﺗِﻬﺎ ﺗُﻨﻘﻞ ﺗﺪﺭﻳﺠﻴًﺎ ﺇﻟﻰ ﺫِﺭﺍﻋﻪِ، ﻓﺘﺘﺮﺍﻛﻢ.
, ﻣﺜَّﻞ ﺭﻭﻧﻮﻑ ﺑﺄﻧﻪ ﺭﺯﻳﻦ، ﻛﻲ ﻻ ﺗﻠﺤَﻆ ﺫﻟﻚ...
Ushiromiya Jessica,"""ﻫﻪ.. ﻫﻴﻬﻴﻪ...!! ﻟﻦ ﺃﻛُّﻞَ، ﻭﻟﻦ ﺗَﺨﻮﺭَ ﻋﺰﻳﻤﺘﻲ. ﻣﺎ ﺑﺎﻟﻚ ﺃﻳﺎ ﺷﺎﺭﻑ؟ ﺃﺃﺻﺒﺤﺖ ﺗﺠﺪ ﺍﻷﻣﺮ ﻋﺴﻴﺮًﺍ ﺑﻌﺾ ﺍﻟﺸﻲﺀ...؟!"""
Ronove,"""......ﻣﻬﻤﺎ ﻫﺠﻤﺖِ، ﻓﻼ ﻃﺎﺋﻞ ﻣﻦ ﺫﻟﻚ. ﻟِﻢَ ﻻ ﺗﻔﻬﻤﻴﻦ ﺃﻥ ﺗﺮﺳﻲ ﻻ ﻳُﻜﺴﺮ؟"""
Ushiromiya Jessica,"""ﻗﻮﻟُﻚَ ﻫﺬﺍ ﻟﻦ ﻳَﺜﻨﻴﻨﻲ ﻋﻦ ﺍﻟﻀﺮﺏ. ......ﻓﻤﻬﻤﺎ ﺍﺷﺘﺪﺕ ﻗﺴﺎﻭﺓ ﺍﻟﻘﻠﺐ، ﻳﻤﻜﻦ ﺃﻥ ﻳﺘﺼﺪﻉ ﺷﻴﺌًﺎ ﻓﺸﻴﺌًﺎ ﺗﺤﺖ ﺻﺪﻯ ﺍﻟﻜﻠﻤﺎﺕ ﺍﻟﺘﻲ ﺗﺘﺮﺩﺩ ﻋﻠﻴﻪ...! ﺃﻭﻣﻦ ﺑﺬﻟﻚ!! ﺃﻭﻣﻦ ﺃﻧﻪ ﻻ ﻭﺟﻮﺩ ﻓﻲ ﻫﺬﺍ ﺍﻟﻌﺎﻟﻢ ﻟﺠُﻬﺪٍ ﺿﺎﺋﻊ!!"""
Ushiromiya Jessica,"""ﺃﻭﻟﻴﺲ ﺫﺍﻙ ﺳﺒﺐ ﺣﻴﺎﺗﻨﺎ؟ ﺃﻥ ﻧﻌﻴﺸﻬﺎ ﻣِﻞﺀَ ﺍﻟﺮﻭﺡ!! ﺇﻥ ﻛﺎﻧﺖِ ﺍﻟﻜﻠﻤﺎﺕُ ﺗَﻨﻔﺬُ ﻓﻲ ﺍﻟﻨﻬﺎﻳﺔ، ﻓﻜﺬﺍ ﺍﻟﻘﺒﻀﺎﺕ...!! ﺃﻧﺎ ﻻ ﺃﻋﺮﻑ ﻣﻌﻨﻰ ﻛﻠﻤﺘَﻲّ ﺍﻻﺳﺘﺴﻼﻡ ﻭﺍﻟﻴﺄﺱ!!"""
, ﻟﻌﻞ ﺗﻠﻚ ﺍﻟﻜﻠﻤﺎﺕ ﻛﺎﻧﺖ ﻣﻮﺟﻬﺔ ﺇﻟﻰ ﻛﺎﻧﻮﻥ... ﻛﺎﻥ ﻛﺎﻧﻮﻥ، ﻓﻲ ﻇﺎﻫﺮ ﺍﻟﻘﻮﻝ، ﻗﺪ ﺭﻓﺾ ﺣﺪﻳﺚ ﺟﻴﺴﻴﻜﺎ. ......ﻟﻜﻦ ﺟﻴﺴﻴﻜﺎ ﻛﺎﻧﺖ ﺗﻌﻠﻢ ﺃﻥ ﻗﻠﺒﻪ ﺍﻟﻌﻨﻴﺪ ﻻ ﺑﺪ ﺃﻥ ﺗﻨﻔﺬ ﺇﻟﻴﻪ ﺗﻠﻚ ﺍﻟﻜﻠﻤﺎﺕ ﻳﻮﻣًﺎ.
, ﻭﻛﺎﻧﺖ ﺗﺆﻣﻦ ﺃﻥ ﺫﻟﻚ ﺍﻟﻴﻮﻡ ﺳﻴﺄﺗﻲ، ﻓﻴﻔﻬﻢ ﻗﻠﺒﻬﺎ، ﻭﻳﻜﻒ ﻋﻦ ﻧﻌﺖِ ﻧﻔﺴﻪ ﺑﺎﻷﺛﺎﺙ ﻭﺍﺣﺘﻘﺎﺭﻫﺎ، ......ﻭﻳﺨﻄﻮ ﺇﻟﻰ ﺣﻴﺎﺓٍ ﺟﺪﻳﺪﺓ.
, ﻓﻠﻢ ﺗﻜﻦ ﻟﺘﺘﺮﺍﺟﻊ ﺟﻴﺴﻴﻜﺎ. ﻭﻻ ﻟﺘﻀﻌﻒ ﻧﻔﺴﻬﺎ...!
Ushiromiya Jessica,"""ﺗﺒﺪﻭ ﺳﺨﻴﻔﺔ، ﺃﻟﻴﺲ ﻛﺬﻟﻚ؟ ﺃﺭﺍﻫﻦ ﺃﻧﻚ ﻻ ﺗﺮﻯ ﻓﻴﻬﺎ ﻣﻌﻨﻰ ﻳﺎ ﻫﺬﺍ. ﺍﻧﻈﺮ، ﺍﻟﻔﺘﺎﺓ ﺍﻟﻌﺎﺷﻘﺔ... ﻻ ﺗﺨﻄﺮ ﺑﺒﺎﻟﻬﺎ ﻓﻜﺮﺓ ﺍﻻﺳﺘﺴﻼﻡ ﻷﻥ ﺍﻷﻣﺮ ﺑﻼ ﺟﺪﻭﻯ!!"""
, ﻓﻲ ﺗﻠﻚ ﺍﻟﻠﺤﻈﺔ، ﺭﺃﻯ ﺭﻭﻧﻮﻑ ﺭﺅﻳﺔ ﺍﻟﻴﻘﻴﻦ.{n}ﺭﺃﻯ ﺗﻮﻫﺠًﺎ ﻣﻠﺘﻬﺒًﺎ ﺃﺣﻤﺮ ﺍﻟﻨﻮﺭ ﻳﻠﻒُّ ﻗﺒﻀﺎﺕِ ﺟﻴﺴﻴﻜﺎ.
Ronove,""".........ﻫﺬﻩ......ﻣﻌﻀﻠﺔ. ......ﺃﻫﻲ ﻣﺴﺤﻮﺭﺓ؟ (ﻣﻌﺰﺯﺓ ﺑﺎﻟﺴﺤﺮ) ...ﺇﻧﻪ ﺗﻌﺰﻳﺰ ﺍﻻﺧﺘﺮﺍﻕ......ﻫﺬﺍ ﻣﺰﻋﺞٌ ﻗﻠﻴﻼً."""
, ﻓﻲ ﻗﺒﻀﺎﺗِﻬﺎ ﺍﻟﺪﺅﻭﺑﺔ ﻭﻋﺰﻣِﻬﺎ ﺍﻟﺬﻱ ﻻ ﻳﻠﻴﻦ... ﺳﻜﻨﺖ ﻗﻮﺓ ﺍﻟﻨﺠﺎﺡ ﻣﻬﻤﺎ ﻛﺎﻧﺖ ﺍﻟﺤﺎﻝ.{n}ﻣﻦ ﻣﻨﻈﻮﺭ ﺍﻟﺸﻴﻄﺎﻥ، ﺫﺍﻙ ﺳﺤﺮ. ﺃﻣﺎ ﺍﻟﻌﺰﻡ ﺍﻟﻤﻄﻠﻖ... ﻓﻴﺼﻴﺮ ﺳﺤﺮًﺍ.
Ushiromiya Jessica,"""ﺃﺭﺃﻳﺖ؟ ﻟﻴﺲ ﻓﻲ ﺍﻷﻣﺮ ﻋﺒﺚ. ...ﻗﺒﻀﺎﺗﻲ ﺗَﻨﻔﺬُ، ﺃﻟﻴﺲ ﻛﺬﻟﻚ؟ ﺃﻧﺖَ ﺗَﺘﻘﻲ ﺑﺬﺭﺍﻋِﻚ، ﺃﻳﻬﺎ ﺍﻟﻌﺠﻮﺯ."""
Ronove,"""...............ﻳﺒﺪﻭ ﺃﻥ ﻋﻠﻲّ ﺃﻥ ﺃﺑﺪﻱ ﺷﻴﺌًﺎ ﻣﻦ ﺍﻟﺠﺪ. ...ﻭﻳﺒﺪﻭ ﺃﻧﻪ ﻛﻤﺎ ﻗﻠﺖِ، ......ﻓﻲ ﻫﺬﺍ ﺍﻟﻌﺎﻟﻢِ ﻻ ﺷﻲﺀ ﻋﺒﺜﻲّ."""
Ushiromiya Jessica,"""ﺫﺍﻙ ﻫﻮ ﺍﻟﺤﻖ...! ﺇﻥ ﺭﻓﻌﺖَ ﺍﻟﺮﺍﻳﺔ ﻭﻗﻠﺖ ﺇﻥ ﺍﻷﻣﺮ ﺑﻼ ﺟﺪﻭﻯ، ﻓﻬﻨﺎ ﺗﻨﺘﻬﻲ ﺣﻴﺎﺗﻚ ﺑﺎﻟﻔﻌﻞ...! ﺳﺄﺑﻠﻐُﻪُ، ......ﻻ ﻣﺤﺎﻝ!!"""
, ﺃﻧﺎ ﻏﺒﻴﺔ، ﻭﻫﺬﻩ ﻃﺮﻳﻘﺘﻲ ﺍﻟﻮﺣﻴﺪﺓ ﻓﻲ ﺍﻟﺤﻴﺎﺓ، ﻟﻜﻦ، ﻣﻊ ﺫﻟﻚ، ......ﺃﻭﻣﻦ ﺃﻥ ﻳﻮﻣًﺎ ﺳﻴﺄﺗﻲ  ﺃُﻋﻠِﻢُ ﻓﻴﻪ ﻛﺎﻧﻮﻥ ﻋﺎﻟﻤًﺎ ﺟﺪﻳﺪًﺍ!!
, ﻓﻠﻦ ﺃﻧﻬﺎﺭ ﻓﻲ ﻣﻘﺎﻡٍ ﻛﻬﺬﺍ...!!{n}ﺳﺄﻫﺰﻣﻚ ﺣﺘﻤًﺎ، ﻭﺃﻧﻘﺬ ﺍﻟﺠﻤﻴﻊ!!
Ushiromiya Krauss,"""ﺍﻟﻠﻌﻨﺔ!! ﻟﻮ ﺍﺳﺘﻄﻌﺖ ﻓﻘﻂ... ﺃﻥ ﺃﻓﺘﺢ ﺛﻘﺒًﺎ......ﺁﺁﺁﺁﺁﺁﺁﺍﺍﻩ!!!"""
, ﻛﺎﻥ ﻛﺮﺍﻭﺱ ﻳﻜﺮﺭ ﺟﻬﺪﻩ ﺍﻟﻌﻘﻴﻢ ﻣﺤﺎﻭﻻً ﺃﻥ ﻳﺤﺪﺙ ﺛﻘﺒًﺎ ﺑﻴﻦ ﺍﻟﻘﻀﺒﺎﻥ ﺍﻟﻤﻌﺪﻧﻴﺔ.
, ......ﺟﻬﺪٌ ﻋﻘﻴﻢ؟ .........ﻻ ﻋُﻘﻢَ ﻓﻲ ﺷﻲﺀ.{n}ﻻ ﺷﻲﺀ...
, ﻟﻘﺪ ﺍﺑﺘﻠﻌﺖ ﺍﻟﺤﻔﺮ ﺍﻟﺴﻮﺩ ﺃﻭﻟﺌﻚ ﺍﻟﺤﺮﺍﺱ ﺍﻟﻤﺎﻋﺰ ﻭﺃﻓﻨﺘﻬﻢ.
, ......ﻭﺍﻵﻥ ﺣﺎﻧﺖ ﺳﺎﻋﺔ ﺍﻟﻔﺪﺍﺀ ﺃﻭ ﺍﻟﻔﻨﺎﺀ.
, ﻫﺬﻩ ﻓﺮﺻﺘﻬﻢ ﺍﻟﻮﺣﻴﺪﺓ ﻟﻜﺴﺮ ﺍﻟﻘﻀﺒﺎﻥ......
Nanjo Terumasa,"""ﺗﻮﻗﻒ، ﻫﺬﺍ ﻣﺤﺎﻝ ﻳﺎ ﻛﺮﺍﻭﺱ-ﺳﺎﻥ! ﻟﻦ ﻧﻔﻠﺢ ﺑﺄﻳﺪﻳﻨﺎ ﺍﻟﻌﺎﺭﻳﺔ! ﻓﻠﻨﺒﺤﺚ ﻋﻦ ﺃﺩﺍﺓ، ﻻ ﺗُﻀِﻊ ﺍﻟﻮﻗﺖ ﻓﻲ ﺍﻟﻤﺴﺘﺤﻴﻞ...!"""
Ushiromiya Krauss,"""ﺇﻥ ﺭﻓﻌﺖَ ﺍﻟﺮﺍﻳﺔ ﻭﻗﻠﺖ ﺇﻥ ﺍﻷﻣﺮ ﺑﻼ ﺟﺪﻭﻯ، ﻓﻘﺪ ﺍﻧﺘﻬﻰ ﻛﻞ ﺷﻲﺀ... ﻫﻜﺬﺍ ﻗﺎﻟﺖ ﺍﺑﻨﺘﻲ. ......ﺣﺘﻰ ﻟﻮ ﻛﺎﻥ ﺟﺴﺪﻱ ﻋﺎﺟﺰًﺍ، ﻓﻤﺎ ﺩﺍﻡ ﺷﺨﺺٌ ﺻﻐﻴـﺮٌ ﻣﺜﻞ ﺷﺎﻧﻮﻥ ﺃﻭ ﻛﺎﻧﻮﻥ ﻳﻘﺪﺭ ﺃﻥ ﻳﻤﺮ......!!"" "
Ushiromiya Kyrie,"""......ﻓﻲ ﻫﺬﻩ ﺍﻟﺤﺎﻝ، ﺍﻟﻔﻌﻞُ ﺃﻫﻢ ﻣﻦ ﺍﻟﺘﺪﺑﺮ. ﻓﻠﻨﺘﻜﺎﺗﻒ، ﺳﺄﺷﺎﺭﻙ ﺃﻳﻀﺎ...! ......ﻛﺎﻧﻮﻥ-ﻛﻦ، ﺃﻧﺖ ﻓﺘﻰ ﻓﺄﻋﺮﻧﺎ ﻣﺴﺎﻋﺪﺗﻚ...! ......ﻛﺎﻧﻮﻥ-ﻛﻦ؟!"""
Kanon,"""............ﻛﺮﺍﻭﺱ-ﺳﺎﻣﺎ. ﺗﺮﺍﺟﻊ ﻣﻦ ﻓﻀﻠﻚ."""
Ushiromiya Krauss,"""ﻣﺎ؟ ﺑِﻢَ ﺗُﻔﻜﺮ......؟"""
Kanon,"""......ﺃﺗﻮﺍﻓﻘﻴﻦ، ﻳﺎ ﺃﺧﺘﻲ؟ .........ﺇﻥ ﺟﺮﺑﻨﺎ ﺍﻟﻜﻔﺎﺡ...ﻣﺮﺓً ﺃﺧﺮﻯ ﻓﻘﻂ."""
Shannon,"""............ﻧﻌﻢ. ......ﺳﺄﻛﺎﻓﺢ...ﻣﺮﺓً ﺃﺧﺮﻯ ﺃﻳﻀًﺎ. ......ﻻ، ﻟﻴﺲ ﻣﺮﺓً ﻭﺍﺣﺪﺓ ﻓﺤﺴﺐ. ...ﺑﻞ ﻣﺮﺍﺕٍ ﻋﺪﺓ."""
, ﻟﻘﺪ ﺃﺑﻠﻎ ﺻﻮﺕ ﺟﻴﺴﻴﻜﺎ ﻛﺎﻧﻮﻥ.{n}ﻟﻘﺪ ﺗﻐﻠﻐﻞ ﺑﻼ ﺭﻳﺐ ﻓﻲ ﻗﻠﺒﻪ ﺍﻟﺤﺠﺮﻱ.
, ﻭﺻﻮﺕ ﺟﻮﺭﺝ ﻗﺪ ﻭﺻﻞ ﺷﺎﻧﻮﻥ. ﻟﻮ ﺃﻥ ﺍﻟﻤﺤﺒﺔ ﺍﻟﺘﻲ ﺃﻇﻬﺮﻫﺎ ﺗﺠﺴﺪﺕ ﺑﻘﻮﺓٍ، ﻓﻌﻠﻴﻬﺎ ﺃﻥ ﺗﺠﻴﺐ ﺑﺎﻟﻤﺜﻞ.
, ﺭﻥ ﺻﻮﺕٌ ﻣﻌﺪﻧﻲ ﻫﺎﺋﻞ.
, .........ﺍﻟﻮﻣﻀﺔ ﺍﻷﻭﻟﻰ ﻗﻄﻌﺖ ﺑﺸﻜﻞ ﺃﻓﻘﻲ ﻋﺪﺓ ﻗﻀﺒﺎﻥ ﻣﻌﺪﻧﻴﺔ، ﻭﺑﺎﻟﻮﻣﻀﺔ ﺍﻟﺘﺎﻟﻴﺔ ﻗﻄﻌﺖ ﻣﺮﺓ ﺃﺧﺮﻯ ﺃﻓﻘﻴًﺎ، ﻓﺴﻘﻄﺖ ﻣُﻄﺮِﻗَﺔٌ ﻋﻠﻰ ﺍﻷﺭﺽ ﻛﻘﺼﺐٍ ﻗُﻄﻊَ ﺑﺎﻟﺴﻴﻒ.
, ﻟﻢ ﻳﻜﻦ ﻛﺮﺍﻭﺱ، ﻭﻛﻴﺮﻳﻲ، ﻭﻧﺎﻧﺠﻮ ﻳﺪﺭﻭﻥ ﺷﻴﺌﺎ ﻋﻤﺎ ﺣﺪﺙ ﻟﻠﺘﻮ......
Kanon,"""......ﺃﻳﻬﺎ ﺍﻟﻄﺒﻴﺐ ﻧﺎﻧﺠﻮ. ﺃﻱُّ ﻣﻤﺮٍ ﺇﻟﻰ ﺍﻟﻘﺼﺮ؟"""
Nanjo Terumasa,"""ﻧـ...ﻧﻌﻢ! ﺇﻧﻪ ﺇﻟﻰ ﺍﻟﻴﺴﺎﺭ ﻓﻲ ﺍﻟﺨﻠﻒ... ﺇﻟﻰ ﺍﻟﻴﺴﺎﺭ ﻓﻲ ﺍﻟﺨﻠﻒ......!"""
Shannon,"""ﻫﻴﺎ ﺑﻨﺎ ﺟﻤﻴﻌًﺎ. ......ﺳَﻨُﻜﺘَﺸَﻒ ﻣﻦ ﻗِﺒَﻞِ {f:7:ﻓﻴﺮﺟﻴﻠﻴﺎ}-ﺳﺎﻣﺎ ﻓﻲ ﺃﻱ ﻟﺤﻈﺔٍ ﺍﻵﻥ."""
Ushiromiya Kyrie,"""ﺃﻧﺘﻤﺎ ﺍﻻﺛﻨﺎﻥ... ......ﻣﺎ {i:ﺃﻧﺘﻤﺎ} ﺑﺎﻟﻀﺒﻂ......؟"""
Kanon,"""............ﻧﺤﻦ......"""
, ﺣﻴﻦ ﺧﻒ ﺭﺃﺱ ﻛﺎﻧﻮﻥ ﻗﻠﻴﻼً ﻭﺗﺮﺩﺩ، ﻭﺿﻌﺖ ﺷﺎﻧﻮﻥ ﻳﺪﻫﺎ ﻋﻠﻰ ﻛﺘﻔﻪ ﺑﺎﺑﺘﺴﺎﻣﺔ ﻭﻗﺎﻟﺖ.
Shannon,"""ﻧﺤﻦ ﺑﺸﺮ."""
Chiester45,"""ﻓـ-{f:7:ﻓﻴﺮﺟﻴﻠﻴﺎ}-ﺳﺎﻣﺎ!! ﺗﻨﺒﻴﻪ ﻣﻦ ﺷﺒﻜﺔ ﺍﻟﻤﺮﺍﻗﺒﺔ، ﺇﻧﻬﻢ ﻳﻬﺮﺑﻮﻥ! ﺣﺮﺍﺱ ﺍﻟﻤﺎﻋﺰ ﻟﻴﺴﻮﺍ ﻫﻨﺎﻙ ﻟﺴﺒﺐٍ ﻣﺎ...!!"""
{f:5:Virgilia},"""......ﻣﺎﺫﺍﺍﺍ؟! ﻟﻤﺎﺫﺍ؟! ...............ﺇﻧﻬﺎ ﻗﺎﺏ، ﺃﻟﻴﺴﺖ؟ ﺗﺄﺧﺬ ﺍﺳﺘﺪﻋﺎﺋﺎﺕ ﺍﻟﻐﻴﺮ ﺩﻭﻥ ﺇﺫﻥ!! ......ﻗﺐ! ﻗﺒﻘﺐ!!"""
Chiester00,"""......ﺟﺎﺭﻱ ﺍﻟﺘﺤﻘﻖ ﻣﻦ ﻗﻮﺍﻋﺪ ﺍﻟﻤﻌﺮﻛﺔ. ﻧﻄﻠﺐ ﺗﺼﺮﻳﺤًﺎ ﺑﺈﻃﻼﻕ ﺍﻟﻨﺎﺭ ﻋﻠﻰ ﺍﻟﻬﺎﺭﺑﻴﻦ ﻳﺎ ﺳﻴﺪﺗﻲ."""
{f:5:Virgilia},"""ﺃﻭﺍﻓﻖ...! ﻋﻠﻴﻜﻦ ﺑﻬﻢ ﺍﻵﻥ! {ruby:ﻗﺮﺭﺭ:ﻣﻮﻛﻴﻴﻴﻴﻪ~}!! ﻗﺒﻘﺒﻘﺐ، ﻗﺐ، ﻗﻴﺂﺁﻩ!!"""
Chiester00,"""ﻣﻔﻬﻮﻡٌ ﻳﺎ ﺳﻴﺪﺗﻲ. 54، 014، ﺍﺳﺘﻌﺪﻭﺍ ﻟﻤﻄﺎﺭﺩﺓ ﺑﺎﻟﻘﻨﺺ. ﻧﻮﻉ ﺍﻟﺬﺧﻴﺮﺓ: ﻗﺬﺍﺋﻒ ﻣﻮﺟَّﻬﺔٌ. ......{f:7:ﻓﻴﺮﺟﻴﻠﻴﺎ}-ﺳﺎﻣﺎ، ﺃﻃﻠﻘﻲ ﺣﺎﺟﺰ ﻣﻨﻊ ﺍﻟﻬﺮﻭﺏ."""
{f:5:Virgilia},"""ﺃﻭﻭﻭﻭﻭ... ﻧـ...ﻧﻌﻢ، ﺻﺤﻴﺢ. ﻫﻮﻫﻮﻫﻮ، ﻟﻦ ﺃﺩﻋﻜﻢ ﺗﻔﻠﺘﻮﻥ ﻣﻦ ﻫﻨﺎ. ......ﺃﻭﻭﻭ، ﻋﻀﻀﺖ ﻟﺴﺎﻧﻲ ﻟﻘﻮﻟﻲ ﻗﺒﻘﺐ..."""
, ﻭﺃﺛﻨﺎﺀ ﺟﺮﻳﻬﻢ ﻓﻲ ﺍﻟﻤﻤﺮ ﺍﻟﺴﻔﻠﻲ، ﻛﺎﻥ ﺍﻟﻄﺮﻳﻖ ﺃﻣﺎﻣﻬﻢ ﻣﺴﺪﻭﺩًﺍ ﻣﺠﺪﺩًﺍ ﺑﺎﻟﻘﻀﺒﺎﻥ ﺍﻟﻤﻌﺪﻧﻴﺔ. ﻛﺎﻧﺖ ﺍﻟﺒﻮﺍﺑﺔ ﺑﺎﻟﻄﺒﻊ ﻣﻐﻠﻘﺔ.
, ......ﻣﻊ ﺫﻟﻚ، ﻟﻢ ﺗﻜﻦ ﺗﻠﻚ ﻣﺸﻜﻠﺔ ﻟﻬﻢ ﺍﻵﻥ.
Ushiromiya Krauss,"""ﻛﺎﻧﻮﻥ، ﻫﻨﺎﻙ ﺍﻟﻤﺰﻳﺪ ﻣﻦ ﺍﻟﻘﻀﺒﺎﻥ ﺍﻟﻤﻌﺪﻧﻴﺔ! ﻧﺤﻦ ﻧﺤﺘﺎﺟﻚ...!"""
Kanon,"""ﻧﻌﻢ، ﻛﺮﺍﻭﺱ-ﺳﺎﻣﺎ...!"""
Ushiromiya Kyrie,"""......ﺃﻣﺮٌ ﻋﺠﻴﺐٌ ﻫﺬﺍ. ...ﺃﺗﺴﺎﺀﻝ ﺇﻥ ﺗﻄﻠﻌﻨﻲ ﻋﻠﻰ ﺃﻱ ﻣﺒﺪﺃ ﻳﻌﻤﻞ ﺑﻪ."""
Ushiromiya Krauss,"""ﻻ ﺃﻫﺘﻢ ﺑﺎﻟﻤﺒﺎﺩﺉ. ﺍﻷﻫﻢ ﺃﻥ ﺑﺎﺳﺘﻄﺎﻋﺘﻪ ﻗﻄﻊ ﺍﻟﻘﻀﺒﺎﻥ ﺍﻟﻤﻌﺪﻧﻴﺔ، ﻭﺃﻥ ﻧﻔﻠﺖ ﻣﻦ ﻫﻨﺎ...! ﻻ ﺗﺸﺘﺖ ﺫﻫﻨﻚ ﻳﺎ ﻛﺎﻧﻮﻥ، ﺍﻓﻌﻠﻬﺎ ﻓﺤﺴﺐ!"""
Kanon,"""ﺃﺗﺮﻙ ﺍﻷﻣﺮ ﻟﻲ......!"""
, ﻗﻄﻊ ﻛﺎﻧﻮﻥ ﺍﻟﻘﻀﺒﺎﻥ ﻣﺮﺓً ﺛﺎﻧﻴﺔً ﺑﺨُﻄﺎ ﺣﻤﺮﺍﺀ ﺗﺘﺒﻊُ ﺳﻴﻔﻪ. ﻟﻜﻦ ﺍﺭﺗﺪ ﺻﻮﺕ ﺧﺸﻦ ﻏﺮﻳﺐ، ﻓﻠﻢ ﻳﺒﻖ ﻋﻠﻰ ﺍﻟﻘﻀﺒﺎﻥ ﺳﻮﻯ ﺧﺪﺵٍ ﻃﻔﻴﻒ.
Nanjo Terumasa,"""ﻳﺎ ﻟﻠﻬﻮﻝ، ......ﻫﺬﻩ ﺃﻛﺜﺮ ﺻﻼﺑﺔ......"""
Kanon,"""ﻻ. ......ﺑﻞ ﻫﻲ ﻣﺴﺤﻮﺭﺓ! ﻳﺒﺪﻭ ﺃﻧﻪ ﺳﺤﺮ ﺍﻟﻘﻔﻞ {f:7:ﻟﻔﻴﺮﺟﻴﻠﻴﺎ}-ﺳﺎﻣﺎ."""
Shannon,"""ﺃﻳﻤﻜﻨﻚ ﻗﻄﻌﻬﺎ؟"""
Kanon,"""ﻃﺒﻌًﺎ. ﻟﻜﻦ ﺫﻟﻚ ﺳﻴﺄﺧﺬ ﻭﻗﺘًﺎ."""
Ushiromiya Krauss,"""ﺃﻋﻄﻴﻚ ﺛﻼﺙ ﺩﻗﺎﺋﻖ...!"""
, ﺑﻌﺪ ﻧﻔﺲٍ ﻋﻤﻴﻖ ﻭﺗﺮﻛﻴﺰٍ ﻟﻠﺒﺼﻴﺮﺓ، ﺃﻣﺪ ﻛﺎﻧﻮﻥ ﺳﻴﻔﻪ ﺍﻟﻤُﻠﺘﻮِ ﺑﺮﻓﺮﻓﺔٍ ﺣﻤﺮﺍﺀٍ ﻣﺮّﺓً ﺃﺧﺮﻯ.
, ﺣﻴﻦ ﺿﻐﻄﻪ ﺑﺸﺪﺓ ﻋﻠﻰ ﺍﻟﻘﻀﺒﺎﻥ، ﺗﻠﻈﻤﺖ ﺍﻟﺸﺮﺍﺭ، ﻛﺄﻧﻪ ﻳﺸﻮﻳﻬﺎ ﺑﻤﻔﺘﺎﺡ ﻟﻬﺐ.
Ushiromiya Krauss,"""ﻳﺒﺪﻭ ﺃﻥ ﺍﻟﻘﻄﻊ ﻣﻤﻜﻦ، ......ﻟﻜﻨﻨﺎ ﺳﻨﻌﻴﺎ ﻟﺬﻟﻚ."""
Shannon,""".........ﻛﺮﺍﻭﺱ-ﺳﺎﻣﺎ. ﻟﻘﺪ ﺣﺪﺩ ﺍﻟﻌﺪﻭ ﻣﻮﻗﻌﻨﺎ. ﺗﺮﺍﺟﻊ ﻣﻦ ﻓﻀﻠﻚ."""
Ushiromiya Kyrie,"""ﻫﺎ؟ ﻣﻄﺎﺭﺩﻭﻥ؟ ﻻ ﺃﺣﺪ ﻳﻘﺘﺮﺏ!"""
Shannon,"""ﺗﺮﺍﺟﻌﻮﺍ ﺧﻠﻔﻲ. ﻫﻢ ﻳﺼﻮﺑﻮﻥ ﺇﻟﻴﻨﺎ...!!"""
Chiester45,"""54، ﺗﻠﻘﻴﺖ ﺍﻟﺒﻴﺎﻧﺎﺕ. ﺗﺤﺪﺩ ﺍﻟﻬﺪﻑ، ﺗﺼﺤﻴﺢ ﺍﻟﺘﻀﺎﺭﻳﺲ. ﺗﻜﻮﻳﻦ ﻣﻨﺤﻨﻰ ﺍﻟﺮﻣﻲ، ﻧﻘﺎﻁ ﺍﻟﺘﺤﻜﻢ ﻣﻌﺪﻟﺔ. ﺟﺎﺭﻱ ﺭﺑﻂ ﺍﻟﺒﻴﺎﻧﺎﺕ ﺇﻟﻰ 014."""
Chiester410,"""014، ﺗﻢ ﺗﻠﻘﻲ ﺍﻟﺒﻴﺎﻧﺎﺕ. ﺍﻟﺘﺤﻘﻖ ﻣﻦ ﻣﻨﻄﻘﺔ ﺍﻟﺨﻄﺮ، ﻻ ﻣﺸﻜﻼﺕ."""
Chiester00,"""00، ﺗﺤﻤﻴﻞ 84 ﻗﺬﻳﻔﺔ ﻓﺮﻋﻴﺔ، ﺫﺍﺕ ﺗﻮﺟﻴﻪٍ ﻓﺮﺩﻱَ ﺫﺍﺗﻲّ. ﻗﺬﻳﻔﺔ ﺍﻟﺘﻮﺟﻴﻪ ﺍﻟﻤُﺮَﻛَّﺰﺓ: ﺟﺎﻫﺰﺓ."""
Chiester45,"""54، ﺍﺳﺘﻌﺪﺍﺩﺍﺕ ﺍﻹﻃﻼﻕ ﻣﻜﺘﻤﻠﺔ. ﻗﺬﻳﻔﺔ ﺍﻟﺘﻮﺟﻴﻪ ﺍﻟﻤﺮﻛﺰﺓ: ﻣُﺤﻤﻠﺔ."""
Chiester410,"""014، ﻧﻴﻬﻴﻬﻴﻬﻴﻬﻲ! ﺇﻃﻼﺍﺍﺍﻕ!!"""
, ﺃﻃﻠﻖ ﺳﻬﻢ ﺫﻫﺒﻲ ﻳﺒﻠﻎ ﺑﺮﻳﻘﻪ ﺍﻟﺬﻫﺐ، ﺗﺎﺭﻛًﺎ ﺫﻳﻼً ﺫﻫﺒﻴًﺎ ﻣﻬﺎﻣﺪًﺍ ﺧﻠﻔﻪ.{n}ﺭﺳﻢَ ﻗﻮﺳًﺎ، ﻭﺍﺧﺘﺮﻕ ﺍﻟﺒﺎﺏ، ﺛﻢ ﻋﺒﺮ ﺛُﻘﺐ ﺍﻟﻤﻔﺘﺎﺡِ ﻭﻧﺰﻝ ﺍﻟﺴﻼﻟﻢ ﻣُﺘَّﺠِﻬًﺎ ﻣﺒﺎﺷﺮﺓً ﻧﺤﻮ ﺍﻟﻨﻔﻖِ......!
Nanjo Terumasa,"""ﺷﻲﺀ...ﺷﻲﺀ ﻟﻤﻊ!!"""
Shannon,"""......ﻻ ﻳﻤﻜﻦ ﻟﺪﺭﻋﻲ ﺃﻥ ﻳﺼﺪ ﺍﻟﺴﻬﻢ ﺍﻟﺬﻫﺒﻲ ﻟﻸﺧﻮﺍﺕ. ﻛﺎﻧﻮﻥ-ﻛﻦ، ﺍﺳﺘﻌﺪ ﻟﻼﻋﺘﺮﺍﺽ. ﻓﻠﻨﺮﺗﺒﻂ."""
Kanon,"""ﻭﺿﻌﻴﺔ ﺣﺎﺭﺱ ﺍﻟﺒﻮﺍﺑﺔ، ﻣﻔﻬﻮﻡ. .........ﻗﺪ ﻃﺎﻝ ﻋﻬﺪ ﻣﺸﺎﺭﻛﺘﻲ ﺍﻟﻘﺘﺎﻝ ﺇﻟﻰ ﺟﺎﻧﺒﻚ ﻳﺎ ﺃﺧﺘﻲ. ﻻ ﺗﺨﻔﻘﻲ."""
Shannon,"""ﻧﻌﻢ. ﺳﺄﺭﻛﺰ."""
Kanon,"""ﺇﺫﻥ ﻻ ﻣﺸﻜﻠﺔ!"""
, ﺗﻮﻗﻒ ﻛﺎﻧﻮﻥ ﻋﻦ ﻗﻄﻊ ﺍﻟﻘﻀﺒﺎﻥ، ﻭﻗﺎﻡ ﻭﺍﻗﻔًﺎ ﺃﻣﺎﻡ ﺷﺎﻧﻮﻥ.
, ﺧﻠﻔﻪ، ﺃﻏﻤﻀﺖ ﺷﺎﻧﻮﻥ ﻋﻴﻨﻴﻬﺎ، ﻭﺭﻛَّﺰﺕْ ﺭﻭﺣَﻬﺎ ﻋﻠﻰ ﺃﻗﺼﻰ ﻣﺎ ﻭﺭﺍﺀِ ﺍﻟﻨﻔﻖِ ﺍﻟﻤُﻈﻠﻢِ......
, ﺍﻟﻘﺬﻳﻔﺔ ﺍﻟﻤﻮﺟﻬﺔ ﺍﻟﻤﺮﻛﺰﺓ ﻫﻲ ﻧﻮﻉٌ ﺧﺎﺹ ﻣﻦ ﺍﻟﺴﻬﺎﻡ ﻣﻜﻮﻥٌ ﻣﻦ ﺛﻤﺎﻧﻴﺔ ﻭﺃﺭﺑﻌﻴﻦ ﻗﺬﻳﻔﺔ ﻓﺮﻋﻴﺔ ﻣﺮﺗﺒﻄﺔ ﻣﻌًﺎ.{n}ﺍﻧﻔﺠﺮﺕ ﻓﻲ ﺍﻟﺠﻮ ﻭﺍﻧﻘﺴﻤﺖ ﺇﻟﻰ ﺛﻤﺎﻧﻴﺔ ﻭﺃﺭﺑﻌﻴﻦ ﺳﻬﻤًﺎ ﺻﻐﻴﺮًﺍ.
, ﻗﻮﺓ ﻛﻞ ﻭﺍﺣﺪ ﻣﻨﻬﺎ ﺿﺌﻴﻠﺔ، ﻟﻜﻨﻬﺎ ﺗﺨﺘﺮﻕ ﻛﺎﻓﺔ ﺍﻟﺪﺭﻭﻉ ﻭﺗﺮﺯﺡ ﺑﻔﺘﻚٍ ﺗﺎﻡ ﺿﺪ ﻗﻮﺍﺕ ﺍﻟﻤﺸﺎﺓ.
, ﻭﻓﻮﻕ ﺫﻟﻚ، ﻓﺈﻥ ﻛﻼ ﻣﻦ ﺍﻟﺜﻤﺎﻧﻴﺔ ﻭﺍﻷﺭﺑﻌﻴﻦ ﻳﻤﻠﻚ ﺗﻮﺟﻴﻬًﺎ ﺫﺍﺗﻴًﺎ ﻧﺤﻮ ﻫﺪﻓﻪ ﺍﻟﺨﺎﺹ.
Kanon,""".........ﻟﻘﺪ ﺗﺄﻟﻖ. ...ﻭﺗﻔﺮﻕ..."""
Shannon,"""ﺭﺻﺪ ﺍﻧﻘﺴﺎﻡ ﺍﻟﻘﺬﺍﺋﻒ ﺍﻟﻤﻮﺟﻬﺔ. 64...7...8، ...84 ﻗﺬﻳﻔﺔ ﻓﺮﻋﻴﺔ، ﻛﺎﻓﺔ ﺍﻷﻗﻔﺎﻝ ﻣﻜﺘﺴﺒﺔ. ﺗﺤﻜﻢ ﺍﻻﻋﺘﺮﺍﺽ. ﺭﺑﻂ ﺍﻟﺒﻴﺎﻧﺎﺕ ﺇﻟﻰ ﻛﺎﻧﻮﻥ."""
Kanon,"""ﻛﺎﻧﻮﻥ، ﺍﻟﺒﻴﺎﻧﺎﺕ ﻭﺍﺻﻠﺔ. ......ﻗﺪﺭﺗﻚ ﺧﺎﺭﻗﺔ ﻳﺎ ﺃﺧﺘﻲ. ﺇﻧﻲ ﺃﺳﺘﻄﻴﻊ ﺭﺅﻳﻪ ﺍﻟﺜﻤﺎﻧﻴﺔ ﻭﺍﻷﺭﺑﻌﻴﻦ ﺟﻤﻴﻌًﺎ."""
Shannon,"""ﺍﻧﺘﺒﻪ ﺇﻟﻰ ﺗﺮﺗﻴﺐ ﺍﻟﺘﺼﺪﻱ ﺑﺎﻷﻭﻟﻮﻳﺔ. ﺛﻖ ﺑﺄﺧﺘﻚ."""
Kanon,"""ﺣﺘﻤًﺎ. ﻻ ﺣﺎﺟﺔ ﺑﻲ ﻷﻥ ﺃﻓﺘﺢ ﻋﻴﻨﻲّ."""
Shannon,"""ﺍﺑﺪﺃ ﺍﻟﺘﺼﺪﻱ."""
Chiester45,"""ﺍﻷﻫﺪﺍﻑ ﺳﺎﻟﻤﺔ!! ﺗـﻢ... ﺗﻢ ﺍﻋﺘﺮﺍﺿﻬﺎ...!!"""
Chiester410,"""ﻧـﻴـﻴـﺎﻩ؟! ﻛﻞ ﺍﻟﺜﻤﺎﻧﻴﺔ ﻭﺍﻷﺭﺑﻌﻴﻦ؟!"""
{f:5:Virgilia},"""ﻫﻮﻩ-ﻫﻮﻩ-ﻫﻮﻩ...... ﺷﺎﻧﻮﻥ ﻭﻛﺎﻧﻮﻥ ﻗﻄﻌﺔ ﺃﺛﺎﺙ ﻭﺍﺣﺪﺓ ﻣﻦ ﺍﻷﺳﺎﺱ. ﻟﺬﻟﻚ ﻳﺼﺒﺤﺎﻥ ﺃﻗﻮﻯ ﻋﻨﺪﻣﺎ ﻳﺘﺤﺪﺍﻥ. ...ﺁﻭ ﺗﺘﺘﺖ. ...ﺗُﺮَﻯ ﻫﻞ ﺳﺄﺻﺎﺏ ﺑﻘﺮﺣﺔ ﻓﻲ ﻓﻤﻲ...؟"""
Chiester00,"""ﺍﻫﺪﺃﻱ، ﺃﻋﻴﺪﻱ ﺍﻟﺘﺤﻤﻴﻞ. ......ﺗﺤﺪﻳﺚ ﻧﻮﻉ ﺍﻟﺬﺧﻴﺮﺓ. ﺭﺻﺎﺻﺎﺕ ﻗﻨﺺٍ ﺿﻮﺋﻴﺔ ﺩﻗﻴﻘﺔ ﺍﻟﺴﺮﻋﺔ. ﺍﺳﺘﻌﺪﻱ ﻟﻠﻘﻨﺺ ﺍﻟﺪﻗﻴﻖ."""
Chiester410,"""ﻣﻤﺘﺎﺯ ﻧـﻴـﻪ! ﻻ ﻳﻤﻜﻦ ﺍﻋﺘﺮﺍﺽ ﺍﻟﻄﻠﻘﺎﺕ ﺍﻟﻔﺎﺋﻘﺔ ﺍﻟﺴﺮﻋﺔ! ﻭﻻ ﺍﻟﺪﻓﺎﻉ ﻋﻨﻬﺎ ﻟﻤﺠﺮﺩ ﺣﺎﺭﺱ ﺑﻮﺍﺑﺔ ﻧـﻴـﻪ!"""
Chiester45,"""ﺍﻟﻘﻨﺺ ﺍﻟﺪﻗﻴﻖ ﻣﻔﻬﻮﻡ. ﺍﻟﺸﺮﻭﻉ ﻓﻲ ﺟﻤﻊ ﺑﻴﺎﻧﺎﺕ ﺍﻟﻘﻨﺺ ﺍﻟﺪﻗﻴﻖ........."""
Nanjo Terumasa,"""ﻣـﺎ... ﻣﺎ ﺍﻟﺬﻱ ﺣﺪﺙ ﺗﻮًﺍ......؟"""
Ushiromiya Kyrie,"""ﻻ ﺗﻘﻠﻖ، ﺃﻧﺎ ﻏﺎﻓﻠﺔ ﻛﻐﻔﻠﺘﻚ... ﻛﻞ ﻣﺎ ﺃﻋﻠﻤﻪ ﺃﻧﻨﺎ ﻛﻨﺎ ﻟﻨﻬﻠﻚ ﻟﻮ ﻟﻢ ﻧﺘﻜﻞ ﻋﻠﻰ ﻫﺬﻳﻦ ﺍﻻﺛﻨﻴﻦ..."""
Shannon,"""ﺷﻜﺮًﺍ ﻟﻚ ﻳﺎ ﻛﺎﻧﻮﻥ. ﻋﺪ ﺇﻟﻰ ﻗﻄﻊ ﺍﻟﻘﻀﺒﺎﻥ ﺍﻟﻤﻌﺪﻧﻴﺔ. ﻓﺎﻵﺗﻴﺔ ﻗﺪ ﺗﻜﻮﻥ ﻃﻠﻘﺔ ﻻ ﺗﻘﺪﺭ ﻋﻠﻰ ﺍﻋﺘﺮﺍﺿﻬﺎ."""
Ushiromiya Krauss,"""ﻭﻛﻴﻒ ﻧﺼﺪ ﻣﺜﻞ ﺗﻠﻚ ﺍﻟﻀﺮﺑﺔ...؟!"""
Shannon,"""ﺑﺄﻻ ﻧﺪﻋﻬﻢ ﻳُﻄﻠِﻘﻮﻥ. ......ﻛﺎﻧﻮﻥ-ﻛﻦ، ﺩﻓﺎﻉ ﺍﻟﺠﺰﻳﺌﺎﺕ ﺍﻟﺮﻭﺣﻴﺔ ﺍﻟﻘﺘﺎﻟﻴﺔ، ﺍﺣﻢِ ﻧﻔﺴﻚ."""
, ﻓﻤﺎ ﺇﻥ ﺳﻤﻊ ﺫﻟﻚ ﻛﺎﻧﻮﻥ، ﺣﺘﻰ ﺃﻏﻤﺾ ﻋﻴﻨﻴﻪ ﺑﺈﺣﻜﺎﻡ ﻭﻗﺒﺾ ﻋﻠﻰ ﺃﺳﻨﺎﻧﻪ.{n}......ﻭﺑﻮﺟﻮﺩ ﺷﺎﻧﻮﻥ ﻓﻲ ﺍﻟﻤﺮﻛﺰ، ﺍﻧﺪﻓﻌﺖ ﻗﻮﺓٌ ﻭﺿﻐﻂ ﻫﺎﺋﻼﻥ، ﻻ ﻳُﺪﺭَﻛﺎﻥِ ﺇﻻ ﻟﻤﻦ ﻟﻴﺲ ﻣﻦ ﺍﻹﻧﺲ.
Chiester45,"""......ﻫﺎﻩ؟! ﺧﻠﻞ ﻓﻲ ﻧﻈﺎﻡ ﺍﻹﻃﻼﻕ!! ﻻ ﺟﺪﻭﻯ، ﺇﻋﺎﺩﺓ ﺍﻟﺘﺸﻐﻴﻞ... ﻫﺎﻩ، ﻫﺎﻩ؟!"""
Chiester00,"""ﺗﺸﻮﻳﺶ ﻣﻮﺝ ﺍﻷﺭﻭﺍﺡ! ﺣﻤﺎﻳﺔ ﺟﺰﻳﺌﺎﺕ ﺍﻷﺭﻭﺍﺡ، ﺍﻧﻄﻠﻘﻮﺍ! ﻣﺎ ﺍﻟﺬﻱ ﺗﻔﻌﻠﻴﻨﻪ ﻏﻄﻲ ﺃﺫﻧﻴﻚ ﻳﺎ 54!!!"""
, ﻓﺎﻧﻔﺠﺮ ﺃﺛﺮٌ ﻏﻴﺮ ﻣﻨﻈﻮﺭٍ ﻭﻻ ﻣﺴﻤﻮﻉ ﻧﺤﻮ ﺃﺧﻮﺍﺕ ﺍﻟﺸﻴﺎﺳﺘﺮ.
, ﻓﺎﻧﺨﻔﻀﺖ 00 ﻭ014، ﺳﺎﺩﻟﺘﻴﻦ ﺃﻳﺪﻳﻬﻤﺎ ﻋﻠﻰ ﺁﺫﺍﻧﻬﻤﺎ... ﻟﻜﻦ 54 ﻟﻢ ﺗُﺴﻌِﻔﻬﺎ ﻣﻬﻠﺘُﻬﺎ.
, ......ﻭﻇﻠﺖ ﻗﺎﺋﻤﺔ ﻣﻨﺘﺼﺒﺔ، ﻭﻗﺪ ﺍﺭﺗﺪﺕ ﻋﻴﻨﺎﻫﺎ ﺇﻟﻰ ﺟﻮﻑِ ﺭﺃﺳﻬﺎ.
Chiester45,"""ﺃﻛﻴﻮ...؟!؟!"""
Chiester45,"""...ﻛﻴﻮ؟ ﻛﻴﻮ! ﻛﻴﻮ  ﻛﻴﻮ  ﻛﻴﻮﻭ~!!!"""
Chiester410,"""54 ﺃﺻﺎﺑﻬﺎ ﺍﻟﻀﺮﺭ...! ﺍﻧﻔﺠﺮ ﻣﻌﺎﻟﺠﻬﺎ...!! ......ﺃﻏـ...ﻏـﻴﺎ، ......ﺇﻥ ﺍﻟﻀﻮﺿﺎﺀ... ﺗﻀﺮﻧﻲ ﺃﻧﺎ ﺃﻳﻀﺎ ﻧـﻴـﻪ......"""
Chiester00,"""54، 014، ......ﻭ 00، ﻣﺘﻀﺮﺭﺍﺕ... ﺗﻢ ﺇﻟﻐﺎﺀ ﺍﻟﻘﻨﺺ. ......ﺁﻩ، ﺇﻧﻬﺎ ﺗﺨﺘﺮﻕ ﺭﺍﺑﻄﻨﺎ...... ﻳﺠﺐ ﺃﻥ ﺃﻋﻴﺪ ﺍﻟﺘﺸﻐﻴﻞ..."""
, ﺭﻓﻊ ﺣﺴﺎﺳﻴﺘﻬﻢ ﻟﺠﺴﻴﻤﺎﺕ ﺍﻟﺮﻭﺡ ﺑﻬﺪﻑ ﻗﻨﺺٍ ﺩﻗﻴﻖ ﻋﺎﺩ ﻋﻠﻴﻬﻢ ﺑﻨﺘﻴﺠﺔ ﻋﻜﺴﻴﺔ.
, ﻟﻄﻤﺘﻬﻢ ﻣﻮﺟﺔ ﺻﺪﻣﺔ ﺍﻟﺠﺴﻴﻤﺎﺕ ﺍﻟﺮﻭﺣﻴﺔ ﺍﻟﺘﻲ ﺃﻃﻠﻘﺘﻬﺎ ﺷﺎﻧﻮﻥ، ﻭﻟﻢ ﺗُﺴﻘِﻂ ﻓﻘﻂ ﺭﻗﻢ 54 ﺍﻟﺘﻲ ﺍﺑﺘُﻠﻴﺖ ﺑﻀﺮﺑﺔ ﻣﺒﺎﺷﺮﺓ، ﺑﻞ ﻫﺒﻄﺖ ﺃﻳﻀﺎ 00 ﻭ014 ﺍﻟﻠﺘﺎﻥ ﻛﺎﻧﺖ ﺭﺍﺑﻄﺘﻬﻤﺎ ﺑﻬﺎ.
{f:5:Virgilia},"""ﻫﻞ ﺃﻧﺘﻦ ﺑﺨﻴﺮ؟! ......ﺳﺄﻋﺪ ﻟﻜﻢ ﺷﺎﻳﺎ ﺃﺳﻮﺩ ﺃﻟﺬ ﻓﻴﻤﺎ ﺑﻌﺪ، ﺣﺴﻨﺎ؟ ﺍﺻﻤﺪﻭﺍ!"""
Chiester00,"""ﺍ-... ﺍﻋﺘﺬﺍﺭﻱ ﻳﺎ ﺳﻴﺪﺗﻲ...... ﺳﻨﻌﻴﺪ ﺍﻟﺘﺸﻐﻴﻞ. ﺍﻧﺘﻈﺮﻱ ﺑﻀﻊ ﻣﺌﺎﺕ ﺍﻟﺜﻮﺍﻧﻲ......"""
, ﺍﻧﻬﺎﺭﺕ ﺟﻤﻴﻊ ﺃﺧﻮﺍﺕ ﺍﻟﺸﻴﺎﺳﺘﺮ. ﺭﺑﻤﺎ ﺳﻴﻨﻬﻀﻦ ﺑﻌﺪ ﺣﻴﻦ، ﻟﻜﻨﻬﻦ ﺑﺪﺍ ﻭﻛﺄﻧﻬﻦ ﺳﻴﺒﺘﻌﺪﻥ ﻋﻦ ﺧﻄﻮﻁ ﺍﻟﻤﻌﺮﻛﺔ ﻟﺒﻌﺾ ﺍﻟﺰﻣﺎﻥ.
{f:5:Virgilia},"""ﺇﺫﻥ، ﺍﺳﺘﻄﺎﻉ ﺍﻷﺛﺎﺙ ﺃﻥ ﻳﺮﺩﻉ ﺃﺳﻠﺤﺘﻨﺎ ﻭﻟﻮ ﻟﻠﺤﻈﺔ. .........ﺃﺭﻯ ﺃﻥ ﻣﻜﺎﺋﺪ ﺗﻠﻚ ﺍﻟﻄﻔﻠﺔ ﺍﻵﻭﻳﺔ ﺗﻔﻴﺾ ﺑﺎﻟﻤﻔﺎﺟﺂﺕ!"""
, {f:7:ﻓﻴﺮﺟﻴﻠﻴﺎ} ﺷﻘﺖ ﺍﻟﻬﻮﺍﺀ ﺑﺤﺮﻛﺔ ﺟﻠﻴﻠﺔ ﻛﻤﻦ ﻳﻔﺘﺢ ﺑﺎﺑًﺎ.
{f:5:Virgilia},"""ﻫﻠﻤﻮﺍ ﻭﺍﻧﻬﻀﻮﺍ ﻳﺎ ﺭﻋﺎﺓ ﺍﻟﻤﺎﻋﺰ...! ﺁﻥَ ﻟﻌﻤﻠﻜﻢ. ﺍﻗﺘﻠﻮﺍ ﻭﺍﻣﺴِﻜﻮﺍ ﺍﻟﻬﺎﺭﺑﻴﻦ. ﺍﻟﺠﺜﺚ ﻻ ﺑﺄﺱ ﺑﻬﺎ، ﻧﺤﻴﻴﻬﺎ ﺑﻌﺪ ﺫﻟﻚ!"""
, ﺍﻧﻔﺘﺢ ﺑﺎﺏٌ ﺫﻫﺒﻲ ﺍﻟﻠﻮﻥ ﻓﻲ ﺍﻟﻬﻮﺍﺀ، ﻭﻃﺮَﺕ ﻭﺟﻮﻩُ ﻣﻌﺰٍ ﻋُﻈﻤﻰ ﻛﺜﻴﺮﺓٍ ﺫﺍﺕِ ﺍﻷﺟﺴﺎﺩِ ﺍﻟﻤﻨﻴﻌﺔ...
{f:5:Virgilia},"""ﺗﻌﺎﻟﻮﺍ ﺍﻵﻥ، ﺃﺳﺮﻋﻮﺍ. ﻫﻨﺎﻟﻚ ﺧﻤﺴﺔ ﻫﺎﺭﺑﻴﻦ، ﻓﺎﻷﺳﺮﻉ ﻣﻨﻜﻢ ﺍﻟﺨﻤﺴﺔ ﻳﻔﻮﺯﻭﻥ! ﻫﻨﺎﻟﻚ ﺟﺎﺋﺰﺓ ﺑﺎﻫﺮﺓ! ﻫﻴﺎ ﺍﺟﺘﻬﺪﻭﺍ ﻭﺷﺪﻭﺍ ﺣﻴﻠﻜﻢ!"""
, ﺭَﻓﻌﺖ {f:7:ﻓﻴﺮﺟﻴﻠﻴﺎ} ﻳﺪﻳﻬﺎ ﻭﺻﻔﻘﺖ ﻣُﺸﺠﻌﺔً ﺇﻳﺎﻫﻢ.
, ﺟﺎﺋﺰﺓ؟! ﺑﻌﺪ ﻧﻈﺮﺍﺕٍ ﻣﺘﺒﺎﺩﻟﺔٍ ﻋﻨﺪ ﺗﻠﻚ ﺍﻟﻜﻠﻤﺎﺕ، ﺍﻧﺪﻓﻊ ﺍﻟﻤﺎﻋﺰ ﺻﻮﺏَ ﺍﻟﺒﺎﺏ ﺩﻓﻌﺔ ﻭﺍﺣﺪﺓ، ﺭﺍﻏﺒﻴﻦ ﻓﻲ ﺍﻟﺨﺮﻭﺝ، ﻓﺪﺍﻫﻤﻮﺍ ﺍﻟﻤﻤﺮ ﻣﺜﻞ ﻗﻄﺎﺭﺍﺕ ﺍﻻﺯﺩﺣﺎﻡ ﻓﻲ ﺳﺎﻋﺔ ﺍﻟﺬﺭﻭﺓ.
, ﻛﻞ ﻭﺍﺣﺪ ﺃﺭﺍﺩ ﺍﻟﺨﺮﻭﺝ ﺃﻭﻻً ﻓﻠﻢ ﻳﺨﺮﺝ ﺃﺣﺪ.{n}......ﺃﻣﺴﻜﺖ {f:7:ﻓﻴﺮﺟﻴﻠﻴﺎ} ﺭﺃﺳﻬﺎ ﺍﺳﺘﻴﺎﺀً.
, ﻓﻲ ﺗﻠﻚ ﺍﻷﺛﻨﺎﺀ، ﻧﺠﺢ ﻛﺎﻧﻮﻥ ﻓﻲ ﻗﻄﻊ ﻗﻀﺒﺎﻥٍ ﻗﻠﻴﻠﺔ ﺑﻤﺎ ﻳﺠﻴﺰ ﺍﻻﻧﺰﻻﻕ ﻋﺒﺮﻫﺎ.
, ﻛﺎﻥ ﺫﻟﻚ ﻋﻤﻼ ﺷﺎﻗًﺎ ﻋﻠﻰ ﻛﺮﺍﻭﺱ، ﺍﻟﻀﺨﻢ، ﻭﻧﺎﻧﺠﻮ ﺫﺍﺕ ﺍﻟﺨﺼﺮ ﺍﻟﺬﻱ ﻛﺎﺩ ﺃﻥ ﻳﻐﻠﺒﻪ، ﻭﻟﻜﻦ ﻣﻊ ﺫﻟﻚ ﻧﺠﺤﻮﺍ ﺟﻤﻴﻌًﺎ ﻓﻲ ﺍﻟﻤﺮﻭﺭ.
, ﻟﻜﻦ ﺍﺭﺗﻴﺎﺣﻬﻢ ﻟﻨﺠﺎﺗﻬﻢ ﻟﻢ ﻳﺪﻡ ﻃﻮﻳﻼً.
, ﻓﻮﺭًﺍ ﺃﻏﻠﻘﺖ ﻣﺠﻤﻮﻋﺔ ﺃﺧﺮﻯ ﻣﻦ ﺍﻟﻘﻀﺒﺎﻥ ﺍﻟﻤﻌﺪﻧﻴﺔ ﺍﻟﻄﺮﻳﻖ ﺃﻣﺎﻣﻬﻢ.
Ushiromiya Kyrie,"""ﺇﻥ ﺍﻟﺤﺮﺍﺳﺔ ﻣﺸﺪﺩﺓ ﺣﻘًﺎ. ......ﺃﺭﺍﻫﻦ ﺃﻧﻬﻢ ﻟﻢ ﻳﺮﻳﺪﻭﺍ ﺣﻘًﺎ ﺇﺧﺮﺍﺝ ﺍﻟﻤﻮﺟﻮﺩﻳﻦ ﻫﻨﺎ."""
Ushiromiya Krauss,"""ﻛﺎﻧﻮﻥ، ﺁﺳﻒ، ﻟﻜﻦ ﺳﺄﻟﺠﺄ ﺇﻟﻴﻚ ﻣﺮﺓ ﺃﺧﺮﻯ. ......ﺃﻋﻠﻢ ﺃﻧﻪ ﻣﺮﻫﻖٌ ﻋﻠﻴﻚ، ﻟﻜﻦ ﺭﺟﺎﺀً...!"""
, ﻛﺎﻥ ﺍﻟﻌﺮﻕ ﻋﻠﻰ ﺟﺒﻴﻦ ﻛﺎﻧﻮﻥ.
, ﻛﺎﻥَ ﻭﺍﺿﺤًﺎ ﻣﻦ ﺍﻟﻨﻈﺮﺓِ ﺃﻥَّ ﻗﻄﻊَ ﺍﻟﻘﻀﺒﺎﻥِ ﺍﻟﺘﻲ ﺍﺯﺩﺍﺩﺕْ ﺻﻼﺑﺘُﻬﺎ ﺑﺎﻟﺴﺤﺮِ ﻳﺴﺘﻨﺰﻑ ﻃﺎﻗﺘﻪ.
Kanon,"""......ﻧﻌﻢ، ﺍﺗﺮﻙ ﺍﻷﻣﺮ ﻟﻲ، ﻛﺮﺍﻭﺱ-ﺳﺎﻣﺎ."""
Ushiromiya Krauss,"""ﺃﻧﺖ ﻭﺣﺪﻙ ﺗﻘﻮﻯ ﻋﻠﻰ ﺫﻟﻚ! ﺭﺟﺎﺀً، ﻧﺤﻦ ﻧﻌﻮﻝ ﻋﻠﻴﻚ...!"""
, ﻫﻮ ﻭﺣﺪﻩ... ﻣﻦ ﻳﻘﺪﺭ ﻋﻠﻰ ﺫﻟﻚ. ......ﻭﻣﺘﺸﺒﺜًﺎ ﺑﺘﻠﻚ ﺍﻟﻜﻠﻤﺎﺕ، ﺟﻤﻊ ﻛﺎﻧﻮﻥ ﻫﻤﺘﻪ ﻣﻦ ﺟﺪﻳﺪ ﻭﻋﺎﺩ ﺇﻟﻰ ﻗﻄﻊ ﺍﻟﻘﻀﺒﺎﻥ.
Shannon,""".........ﺃﻋﺪﺍﺀٌ ﻗﺎﺩﻣﻮﻥ ﻣﻦ ﻭﺭﺍﺀﻧﺎ. ﺃﻋﺪﺍﺩٌ ﻣﺘﻌﺪﺩﺓ."""
Ushiromiya Kyrie,"""ﻧﻌﻢ، ﻫﺬﻩ ﺍﻟﻤﺮﺓ ﺣﺘﻰ ﻧﺤﻦ ﻧﻌﻠﻢ. ......ﺍﻷﺭﺽ ﺗﻬﺘﺰ ﺣﻘًﺎ. ﺃﺭﻯ ﺃﻥ ﻭﺣﻮﺷًﺎ ﺭﻫﻴﺒﺔ ﺗﻨﺪﻓﻊ ﻧﺤﻮﻧﺎ."""
Shannon,"""ﻻ ﺗﻘﻠﻘﻮﺍ. ﺳﺄﺧﺘﻢ ﺍﻟﻘﻀﺒﺎﻥ ﺍﻟﺘﻲ ﺟﺌﻨﺎ ﻣﻨﻬﺎ ﺑﻘﻔﻞٍ ﺳﺤﺮﻱ. ﻟﻦ ﺗﻘﻮﻯ ﺍﻟﻤﺎﻋﺰ ﻋﻠﻰ ﺧﻠﻌﻪ."""
, ﻣﺪﺕ ﺷﺎﻧﻮﻥ ﻳﺪﻫﺎ ﻧﺤﻮ ﺍﻟﻘﻀﺒﺎﻥ ﺍﻟﺘﻲ ﻋﺒﺮﻭﺍ ﻣﻨﻬﺎ.
, ......ﻟﻜﻨﻬﺎ ﺗﻮﻗﻔﺖ ﻓﻮﺭًﺍ.
Nanjo Terumasa,"""ﻣﺎ... ﻣﺎ ﻫﺬﺍ...؟"""
Shannon,"""{f:7:ﻓﻴﺮﺟﻴﻠﻴﺎ}-ﺳﺎﻣﺎ ﺑﺪﺃﺕ ﺗﻠﻐﻲ ﺗﺸﻮﻳﺶ ﺍﻟﻤﻮﺟﺎﺕ ﺍﻟﺮﻭﺣﻴﺔ... ﺳﻴﺴﻮﺀ ﺍﻷﻣﺮ ﺇﻥ ﺗﻼﺷﻰ، ﺳﻮﻑ ﻧﻔﻘﺪ ﺍﻟﻤﺒﺎﺩﺭﺓ ﺇﻥ ﺃﻋﻴﺪ ﺗﺸﻐﻴﻞ ﺃﺧﻮﺍﺕ ﺍﻟﺸﻴﺎﺳﺘﺮ...!"""
{f:5:Virgilia},"""ﺳﺄﺟﻌﻠﻚِ ﺗﺪﻓﻌﻴﻦ ﺛﻤﻦ ﺗﻌﺮﺽ ﻫﺬﻩ ﺍﻷﺭﺍﻧﺐ ﺍﻟﻠﻄﻴﻔﺔ ﻟﻠﺘﻨﻤﺮ."""
{f:5:Virgilia},"""ﺇﻥ ﻛﻨﺖِ ﺗﺒﺘﻐﻴﻦ ﺍﻟﺘﻔﻮﻕ ﺑﺘﻠﻚ ﺍﻟﺠﺴﻴﻤﺎﺕ ﺍﻟﺮﻭﺣﻴﺔ ﺍﻟﺨﺒﻴﺜﺔ، ﻓﺴﺄﻧﺰﻋﻬﺎ ﻋﻨﻚِ ﻭﺃﺳﺮﻗﻬﺎ ﻣﻨﻚ."""
Kanon,"""ﺭﻛﺰﻱ ﻋﻠﻰ ﺗﺸﻮﻳﺶ ﺍﻟﻤﻮﺟﺎﺕ ﻳﺎ ﺃﺧﺘﻲ! ﺗﻠﻚ ﺍﻟﻔﺘﺤﺔ ﺿﻴِّﻘﺔ ﻋﻠﻰ ﺍﻟﻤﺎﻋﺰ. ﺳﺘﺆﺧﺮﻫﻢ ﺑﻌﺾ ﺍﻟﻮﻗﺖ...!"""
Ushiromiya Krauss,"""ﻻ ﺃﻋﺮﻑ ﻋﻤَّﺎﺫﺍ ﺗﺘﺤﺪﺛﺎﻥ..."""
Ushiromiya Kyrie,"""ﻭﻟﻜﻨﻨﺎ ﻋﻠﻰ ﺍﻷﻗﻞ ﻓﻬﻤﻨﺎ ﺃﻧﻨﺎ ﺍﻵﻥ ﻓﻲ ﻭﺭﻃﺔ."""
, ﺍﻟﺘﻘﻄﺖ ﻛﻴﺮﻳﻲ ﻗﻀﻴﺒًﺎ ﻣﻌﺪﻧﻴًﺎ ﻗﻄﻌﻪ ﻛﺎﻧﻮﻥ ﻟﺘﻮِّﻩ.{n}ﻟﻢ ﻳﻜﻦ ﻟﺪﻯ ﻛﺮﺍﻭﺱ ﺳﻼﺡ، ﻟﻜﻨﻪ ﻓﺮﻙ ﻗﺒﻀﺘﻪ، ﻭﻫﻤﺎ ﻋﻼ ﻧﻈﺮﺍﺗﻬﻤﺎ ﻓﻲ ﻋﻤﻖ ﺍﻟﻤﻤﺮ ﺍﻟﺴﻔﻠﻲ ﺣﻴﺚ ﻣﺼﺪﺭ ﺍﻻﻫﺘﺰﺍﺯ.
Nanjo Terumasa,"""......ﺃﻇﻦ ﺃﻥ ﻫﺬﻩ ﺍﻟﻤﺠﻤﻮﻋﺔ ﻣﻦ ﺍﻟﻘﻀﺒﺎﻥ ﻫﻲ ﺁﺧﺮ ﻣﺎ ﻳﺤﻮﻝ ﺩﻭﻥ ﺍﻟﻄﺮﻳﻖ."""
Ushiromiya Krauss,"""ﻛﻢ ﺑُﻌﺪ ﺍﻟﻘﺼﺮ ﻣﻦ ﻫﻨﺎ؟"""
Nanjo Terumasa,"""ﻣﺴﺎﻓﺔ ﻟﻴﺴﺖ ﺑﺎﻟﻘﺼﻴﺮﺓ... ﺍﻟﻄﺮﻳﻖ ﻣﺴﺘﻮٍ، ﻟﻜﻨﻲ ﺃﺫﻛﺮ ﺃﻧﻲ ﻣﺸﻴﺖ ﻗﺮﺍﺑﺔ ﺛﻼﺛﻴﻦ ﺩﻗﻴﻘﺔ......"""
Ushiromiya Kyrie,"""ﻓﺈﻥ ﺭﻛﻀﻨﺎ ﺑﺄﻗﺼﻰ ﻣﺎ ﻧﻘﺪﺭ ﻓﺴﺘﻜﻮﻥ ﻧﺼﻒ ﺫﻟﻚ."""
, ﻟﻢ ﻳﺴﺘﻄﻌﻮﺍ ﺍﻟﺠﺰﻡ ﺇﺫ ﻟﻢ ﻳﻜﻨﻮﺍ ﻳﻤﻠﻜﻮﻥ ﺍﻟﻤﺮﺁﺓ ﺍﻟﺜﻼﺛﻴﺔ، ﻭﻻ ﺿﻤﺎﻥ ﺃﻥ ﺟﻮﺭﺝ ﻭﺟﻴﺴﻴﻜﺎ ﻗﺪ ﻳﻄﻴﻼ ﺍﻟﻤﻮﺍﺟﻬﺔ ﻣﻊ ﺍﻟﺸﻴﺎﻃﻴﻦ ﻟﻬﺬﺍ ﺍﻟﺤﺪ.
Ushiromiya Kyrie,"""......ﺇﻥ ﺭﻛﻀﻨﺎ ﺑﺴﺮﻋﺔ ﻣﻀﺎﻋﻔﺔ ﻋﻦ ﺍﻟﻤﺸﻲ ﻓﺴﺘﻜﻮﻥ ﺧﻤﺲ ﻋﺸﺮﺓ ﺩﻗﻴﻘﺔ. ﻭﺇﺫﺍ ﺯﺩﻧﺎ ﺍﻟﺴﺮﻋﺔ ﻣﺮﺗﻴﻦ ﻋﻠﻰ ﺫﻟﻚ ﻓﺘﺼﻴﺮ ﺛﻤﺎﻧﻲ ﺩﻗﺎﺋﻖ."""
Ushiromiya Krauss,"""ﻭﺇﻥ ﻫﺮﻋﻨﺎ ﺑﺄﻗﺼﻰ ﺟﻬﺪ ﻣﻀﺎﻋﻔًﺎ ﻣﺮﺓً ﺃﺧﺮﻯ، ﻓﻠﻦ ﺗﺴﺘﻐﺮﻕ ﺣﺘﻰ ﺧﻤﺲ ﺩﻗﺎﺋﻖ. ﻻ ﻣﺸﻜﻠﺔ."""
Nanjo Terumasa,"""ﻳﺎ ﻟﻪُ ﻣﻦ ﺣﺴﺎﺏٍ ﻏﻴﺮ ﻣﻌﻘﻮﻝ... ﻟﻜﻦ ﺣﺴﺎﺑﺎﺕ ﻭﻗﺖ ﺍﻷﺯﻣﺎﺕ ﺗﻜﻮﻥ ﻫﻜﺬﺍ...!"""
Kanon,"""......ﺃﻋﺬﺍﺭﻱ ﺍﻟﺨﺎﻟﺼﺔ ﻳﺎ ﺳﺎﺩﺓ. ﺳﺄﺗﺮﻙ ﺍﻟﺒﺎﻗﻲ ﻟﻜﻢ...!"""
Ushiromiya Krauss,"""ﺍﺗﺮﻙ ﺍﻷﻣﺮ ﻟﻨﺎ. ﻛﺎﻧﻮﻥ، ﺍﻗﻄﻊ ﺍﻟﻘﻀﺒﺎﻥ ﺑﺄﺳﺮﻉ ﻣﺎ ﺗﺴﺘﻄﻴﻊ. ﺷﺎﻧﻮﻥ، ﺭﻛﺰﻱ ﻋﻠﻰ ﺗﺸﻮﻳﺶ ﺗﻠﻚ ﺍﻟﺴﺎﺣﺮﺓ ﺍﻟﻤﺴﻤﺎﺓ {f:7:ﻓﻴﺮﺟﻴﻠﻴﺎ}. ﻛﻴﺮﻳﻲ-ﺳﺎﻥ ﻭﺃﻧﺎ ﺳﻨﺪﺍﻓﻊ ﻋﻦ ﺍﻟﻤﻄﺎﺭﺩﻳﻦ...!"""
, ﺛﻢ ﻋﻼ ﺯﺋﻴﺮ ﺍﻟﻮﺣﻮﺵ ﻣﻦ ﺍﻟﻈﻠﻤﺎﺕ، ﻭﻇﻬﺮﺕ ﺃﺯﻫﺎﺭٌ ﻧﺎﺭﻳﺔ ﻣﻦ ﺍﻟﻌﻴﻮﻥ ﺍﻟﻼﻣﻌﺔ ﺍﻟﺤﻤﺮﺍﻭﺍﺕ.
, ﺍﻟﻤﺎﻋﺰ ﺍﻟﺬﻱ ﺍﻧﺪﻓﻊ ﻧﺤﻮﻫﻢ ﺑﻘﻮﺓ ﺭﺍﺩﻋﺔ ﻛﺎﻧﺖ ﺃﻋﻈﻢ ﺭﺗﺒًﺎ ﺑﻜﺜﻴﺮ ﻣﻦ ﺍﻟﺤﺮﺍﺱ.
, ﺍﻫﺘﺰﺍﺯﻫﻢ ﻛﺎﻥ ﻛﺄﻧﻪ ﺯﻟﺰﻟﺔ.{n}ﻛﺎﻧﺖ ﺍﻟﻘﻮﺓ ﻭﺍﻟﺮﻫﺒﺔ ﻫﺎﺋﻠﺘﻴﻦ، ﻟﻜﻦ ﻛﻴﺮﻳﻲ ﺿﺤﻜﺖ ﺑﺪﻻً ﻣﻦ ﺍﻟﺨﻮﻑ ﺑﺎﺭﺗﻴﺎﺡ.{n}......ﺗﻠﻚ ﺍﻷﺟﺴﺎﺩ ﺍﻟﻀﺨﻤﺔ ﻻ ﺗﻘﺪﺭ ﻋﻠﻰ ﺍﻟﻤﺮﻭﺭ ﻣﻦ ﺍﻟﻔﺠﻮﺓ ﻓﻲ ﺍﻟﻘﻀﺒﺎﻥ!
, ﺍﻧﺪﻓﻌﺖ ﻣﺠﻤﻮﻋﺔ ﺍﻟﻤﺎﻋﺰ ﻧﺤﻮ ﺍﻟﻘﻀﺒﺎﻥ ﺍﻟﻤﻌﺪﻧﻴﺔ ﺑﺼﺨﺐ ﻛﺼﻮﺕ ﻗﻄﺎﺭ ﺍﺻﻄﺪﻡ ﺑﻨﻬﺎﻳﺔ ﺍﻟﺴﻜﺔ.
, ﺗﺴﺎﻗﻄﺖ ﻛﺘﻞ ﻣﻦ ﺍﻟﺘﺮﺍﺏ ﻫﻨﺎ ﻭﻫﻨﺎﻙ ﻣﻦ ﺍﻟﺴﻘﻒ، ﻭﺑﺪﺍ ﺃﻥ ﺍﻟﻘﻀﺒﺎﻥ ﺍﻧﺤﻨﺖ ﺇﻟﻰ ﺍﻟﺪﺍﺧﻞ.
, .....ﻻ ﺑﺪ ﺃﻥ ﻗﻮﺓ ﺍﻧﺪﻓﺎﻋﻬﻢ ﻟﻢ ﺗﻔﺘﺮﻕ ﻋﻦ ﻗﻮﺓ ﻗﻄﺎﺭ.{n}ﻟﻮﻻ ﺍﻟﻘﻀﺒﺎﻥُ، ﻟﻜﺎﻧﻮﺍ ﻗﺪ ﺍﺑﺘﻠﻌﻮﺍ ﺍﻟﺨﻤﺴﺔَ ﻭﺳﺤﻘﻮﻫﻢ ﻓﻲ ﻟﺤﻈﺔٍ.
, ﺣﻴﻦ ﺿﻐﻂ ﺍﻟﻤﺎﻋﺰ ﻋﻠﻰ ﺍﻟﻘﻀﺒﺎﻥ ﻭﺃﺩﺭﻛﻮﺍ ﺃﻥ ﺍﻟﺨﻤﺴﺔ ﺃﻣﺎﻣﻬﻢ ﻣﺒﺎﺷﺮﺓ، ﺃﻃﻠﻘﻮﺍ ﻋﻮﺍﺀً ﺭﻫﻴﺒًﺎ، ﺟﺎﻫﺪﻳﻦ ﺃﻥ ﻳﺨﻴﻔﻮﺍ ﺍﻟﺨﻤﺴﺔ.
, ......ﻣﻊ ﺃﻥ ﺍﻟﺒﻴﻦ ﺻﻌﺐ ﺇﻥ ﻛﺎﻥ ﺫﻟﻚ ﺗﺮﻭﻳﻌًﺎ ﺃﻡ ﻟﻤﻌﺎﻧﺎﺓٍ ﻣﻦ ﺍﻟﺪﻓﻊ ﻭﺍﻟﺪّﺣﺮ.
, ﺃﺩﺭﻙ ﻣﺎﻋﺰٌ ﺭﺻﻴﻦٌ ﺑﻴﻨﻬﻢ ﺃﻧﻪ ﺇﻥ ﻓﻌﻞ ﺷﻴﺌًﺎ ﺑﺎﻟﻘﻀﺒﺎﻥ ﻓﺴﺘﻨﺤﻞ ﺍﻟﻤﺴﺄﻟﺔ، ﻓﺄﻣﺴﻚ ﻗﻀﻴﺒﻴﻦ ﺑﺬﺭﺍﻋﻴﻪ ﺍﻟﻀﺨﻤﺘﻴﻦ ﻭﺑﺪﺃ ﺛﻨﻴﻬﻤﺎ ﻛﺄﻧﻪ ﻳﻔﺘﺢ ﺑﺎﺑﻴﻦ ﻣﺰﺩﻭﺟﻴﻦ.
, ﻃﻌﻨﺖ ﻛﻴﺮﻳﻲ ﺳﻼﺣﻬﺎ ﺍﻟﻤﻌﺪﻧﻲ ﻓﻲ ﺃﺣﺸﺎﺀ ﺫﻟﻚ ﺍﻟﻤﺎﻋﺰ ﺑﺤﺪﺓ...! ﺃﻃﻠﻖ ﺍﻟﻤﺎﻋﺰ ﺯﺋﻴﺮ ﺃﻟﻢ.
, ﻻ ﺑﺪ ﺃﻧﻪ ﺃﻭﺟﻌﻪ ﻛﺜﻴﺮًﺍ، ﻟﻜﻦ ﺫﻟﻚ ﻛﻠﻪ.{n}ﻟﻢ ﻳﻜﻦ ﻛﺎﻓﻴﺎ ﻹﺳﻘﺎﻃﻪ...
Ushiromiya Kyrie,"""ﻛﺮﺍﻭﺱ-ﺳﺎﻥ...!!"""
Ushiromiya Krauss,"""ﺭﺭﺭﺭﺭﺭﺭﺭﺭﺭﻭﻏﺎﻫﻪ!!"""
, ﺑﻘﻴﺖْ ﻛﻴﺮﻳﻲ ﻣﺘﻤﺴﻜﺔً ﺑﺴﻼﺣﻬﺎ ﺍﻟﺬﻱ ﺍﺧﺘﺮﻕَ ﺟﺴﺪَ ﺍﻟﻤﺎﻋﺰ، ﻭﺗﺮﻛَﺖْ ﺍﻟﻄﺮﻑَ ﺍﻵﺧﺮَ ﻟـﻜﺮﺍﻭﺱ.
, ﺟﺮﻯ ﻛﺮﺍﻭﺱ ﺑﻜﻞ ﻗﻮﺗﻪ، ﺛﻢ ﻗﻔﺰ ﻓﻲ ﺍﻟﻬﻮﺍﺀ ﻭﺭﻛﻠﻪ ﺑﻜﻞ ﻭﺯﻧﻪ ﻭﻗﻮﺗﻪ...!
, ﺗﺮﻛﺰﺕ ﻛﻞ ﺗﻠﻚ ﺍﻟﻘﺪﺭﺓ ﺍﻟﻬﺪﺍﻣﺔ ﻋﻠﻰ ﺫﺍﻙ ﺍﻟﻌﻤﻮﺩ، ﺗﻐﺰﻩ ﺑﻮﺧﺰٍ ﻣُﺪﻣِﺮ!!
Nanjo Terumasa,"""......ﻫﻞ ﺃﻧﺖ ﺑﺨﻴﺮ؟ ﺭﺟﺎﺀً ﻻ ﺗﻔﺮﻙ ﺍﻟﻤﻮﺿﻊ ﺍﻟﻤﺼﺎﺏ. ﺳﺄﺻﻒ ﻟﻚ ﺩﻭﺍﺀً ﻓﻴﻤﺎ ﺑﻌﺪ. ﻟﺬﺍ ﺍﻧﺘﺒﻪ ﻋﻠﻰ ﻧﻔﺴﻚ..."""
, ﺑﻴﻨﻤﺎ ﺗﻠﻮﻯ ﺍﻟﺬﻱ ﺗﻌﺮﺽ ﻟﺮﻛﻠﺔ ﻋﻠﻰ ﺃﺣﺸﺎﺋﻪ ﻭﻋﻴﻮﻧﻪ ﺗﺘﺮﻗﺮﻕ ﺑﺎﻟﺪﻣﻮﻉ، ﻫﺰ ﺭﺃﺳﻪ ﻣﻮﺍﻓﻘًﺎ.
Ushiromiya Kyrie,"""ﻳﺒﺪﻭ ﺃﻥ ﺗﺮﺍﺑﻄﻨﺎ ﻟﻴﺲ ﺳﻴﺌًﺎ ﺃﻳﻀًﺎ. ﻟﻦ ﻧﺴﻤﺢ ﻟﺸﺎﻧﻮﻥ-ﺗﺸﺎﻥ ﻭﻛﺎﻧﻮﻥ-ﻛﻦ ﺑﺎﻟﺘﻔﻮﻕ ﻋﻠﻴﻨﺎ."""
Ushiromiya Krauss,"""ﺑﺎﻟﻄﺒﻊ، ﻓﻨﺤﻦ ﻋﺎﺋﻠﺔ ﺳﻌﻴﺪﺓ."""
Ushiromiya Kyrie,"""ﻧﻘﺪﺭ ﺃﻥ ﻧﺄﺧﺬﻫﻢ ﺇﻥ ﻛﺎﻥ ﺍﺛﻨﺎﻥ ﻋﻠﻰ ﻭﺍﺣﺪ! ﺫﻟﻚ ﺍﻟﺬﻱ ﻓﻲ ﺍﻟﻴﻤﻴﻦ ﺗﺎﻟﻴًﺎ!"""
Ushiromiya Krauss,"""ﻣﻔﻬﻮﻡ...! ﺗﺒﺪﻳﻦ ﺯﻭﺟﺔ ﻣﻤﺘﺎﺯﺓ، ﺃﻇﻦُّ ﺃﻥ ﺭﻭﺩﻭﻟﻒ ﺫﺍﻙ ﻛﺎﻥ ﻳﺒﺎﻟﻎ ﻓﻲ ﺷﻜﻮﺍﻩ."""
Ushiromiya Kyrie,"""ﺃﻭﻩ؟ ﻟﻴﺘﻚَ ﺗﻄﻠﻌﻨﻲ ﻻﺣﻘًﺎ ﺑﺎﻟﺘﻔﺎﺻﻴﻞ ﻋﻦ ﻣﻀﻤﻮﻥ ﺷﻜﻮﺍﻩ. ﺣﺘﻰ ﺗﻘﻠﺒﻚَ ﻓﻲ ﻗﺒﺮﻙ ﻟﻦ ﻳﻨﻘﺬﻙ ﻣﻨﻲ ﻳﺎ ﺭﻭﺩﻭﻟﻒ-ﺳﺎﻥ."""
, ﻏﺎﺹ ﺟﺴﺪ ﺍﻟﻤﺎﻋﺰ ﺍﻟﻀﺨﻢ ﻓﻲ ﺍﻟﺸﺠﻴﺮﺓ ﺍﻟﻮﺭﺩﻳﺔ. ﻭﺇﻥ ﺣﺴﺒﻨﺎ ﺃﻥ ﻗﻮﺓ ﺍﻟﺴﺎﻕ ﺛﻼﺛﺔُ ﺃﺿﻌﺎﻑِ ﻗﻮﺓ ﺍﻟﺬﺭﺍﻉ، ﻓﺈﻥ ﻫﺬﻩ ﺍﻟﻘﻮﺓ ﻓﺎﻗﺖ ﺍﻟﻌﻘﻞ.
, ﻣﺸﻬﺪُ ﺫﻟﻚَ ﺍﻟﻌﻤﻼﻕِ ﻭﻫﻮ ﻳُﺮﻛﻞُ ﻓﻲ ﺫﻗﻨِﻪ ﻭﻳﻄﻴﺮُ ﻓﻲ ﺍﻟﻬﻮﺍﺀِ ﻛﺎﻥَ ﻣُﻬﻴﺒًﺎ ﺟﺪًّﺍ!
, ﺣﺘﻰ ﺟﻮﺭﺝ ﺑﺪﺍ ﻣﻨﺪﻫﺸًﺎ ﻗﻠﻴﻼً.
Ushiromiya George,"""......ﻷﺗﺼﻮﺭ ﺃﻥ ﺭﻛﻠﺘﻲ ﺗﻨﻔﻊ ﻣﻊ ﺍﻟﻮﺣﻮﺵ ﺃﻳﻀﺎ. ﺃﻧﺎ ﻣﺒﻬﻮﺭ."""
Gaap,"""...............ﺫﻟﻚ ﻷﻥ ﺣﺎﺟﺰﻙ ﻋﺎﻛﺲٌ ﻟﻠﻬﺠﻤﺎﺕ. ......ﺍﻟﻘﻮﺓ ﺍﻟﺘﻲ ﺗﺨﺪﺷﻚ ﺗﻀﺎﻑ ﺇﻟﻰ ﻗﻮﺗﻚ. ......ﻗﻮﺓ ﻫﺠﻮﻡ ﺍﻟﻤﺎﻋﺰ ﺃُﺿﻴﻔﺖ ﺇﻟﻰ ﺭﻛﻼﺗﻚ..."""
Ushiromiya George,"""ﻫﻤﻢ...... ...ﻟﻢ ﺃﻓﻬﻢ ﺗﻤﺎﻣًﺎ، ﻟﻜﻦ ﺃﻟﻴﺲ ﻫﺬﺍ ﻣﺜﺎﻟﻴًﺎ ﻟﻲ؟ ......ﺇﻥ ﺃﺭﺩﺕِ ﺃﻥ ﺗﻬﺎﺟﻤﻴﻨﻲ، ﻓﻼ ﺑﺪ ﺃﻥ ﺗﻜﻮﻧﻲ ﻣﺴﺘﻌﺪﺓ ﻟﺘﻠﻘﻲ ﺭﺩٍ ﻣﺴﺎﻭٍ. ﺩﻓﺎﻉ ﺑﻼ ﻋﺪﻭﺍﻥ. ﺗﻠﻚ ﻫﻲ ﺳﻴﺎﺳﺘﻲ."""
, ﻟﻬﺬﺍ ﻟﻢ ﺗﺴﺘﻄﻊ ﻗﺎﺏ ﺃﻥ ﺗﻠﻤﺴﻪ ﺑﺴﻬﻮﻟﺔ.
, ﻟﻢ ﻳﻜﻦ ﻟﻠﺤﺎﺟﺰ ﻣﻦ ﻧﻮﻉ ﺍﻟﻬﺠﻮﻡ ﺍﻟﻌﺎﻛﺲ ﻗﻮﺓ ﺩﻓﺎﻋﻴﺔ. ﻭﻣﻊ ﺫﻟﻚ، ﻟﻄﺒﻴﻌﺔ ﺣﺎﺟﺰﻩ ﺍﻟﻌﺎﻛﺲ، ﻓﻘﺪ ﻳﻨﺘﻔﻊُ ﺑﻪ ﻓﻲ ﺍﻟﺤﻤﺎﻳﺔ ﺑﺄﻥ ﻳﺮﺩﻉ ﺍﻟﺨﺼﻢ ﻋﻦ ﺍﻟﻬﺠﻮﻡ.
, ﻛﺎﻥ ﺍﻟﻤِﻌﺰُّ ﺳُﺬﺟًﺎ ﻓﻬﺎﺟﻤﻮﺍ ﺩﻭﻥ ﻭﺟﻞ، ﻟﻜﻦ ﺍﻟﺘﺄﺛﻴﺮ ﻛﺎﻥ ﻳُﺪﺭﻙُ ﺗﻤﺎﻣًﺎ ﻋﻠﻰ ﻗﺎﺏ.
Ushiromiya George,"""ﻫﺆﻻﺀ ﺣﻘًﺎ ﺛﻘﻴﻠﻮ ﺍﻟﻌﻘﻞ. ﺇﺫﺍ ﺗﺴﺎﻭﺕ ﻗﻮﺗﻚ ﻣﻊ ﻏﻴﺮﻙ، ﻓﺈﻥ ﺍﻟﺨِﻔﺔَ ﻫﻲ ﻣﺎ ﻳُﺮﺟِّﺢُ ﺍﻟﻜِﻔَّﺔ."""
, ﻣﺎﻝَ ﻋُﻨﻘﻪ ﻣﺘﻔﺎﺩﻳًﺎ ﺫﺭﺍﻋﻪ ﺍﻟﻀﺨﻤﺔ.
, ﻟﻤﺎ ﻻﻣﺴﺖ ﺗﻠﻚ ﺍﻟﻴﺪ ﺍﻟﺤﺎﺟﺰ ﺍﻟﺬﻱ ﻳﺤﻤﻲ ﺟﻮﺭﺝ، ﺃﻃﻠﻘﺖ ﻧﻮﺭًﺍ ﺃﺣﻤﺮ ﻗﻮﻳًﺎ.
, ......ﻭﺍﻛﺘﺴﺐَ ﻃﺮﻑُ ﺍﻟﻘﺪﻡِ ﺍﻟﻌﺎﻛﺲ ﻟﻠﺮﻛﻠﺔ ﻧﻔﺲ ﺍﻟﺒﺮﻳﻖ، ﻓﻀﻴﻔﺖ ﻟﻘﻮﺓ ﺟﻮﺭﺝ ﻗﻮﺓ ﺍﻟﻤﻌﺰ ﺍﻟﺨﺎﺭﻗﺔ.
, ﺳﻘﻂ ﺍﻟﻤﺎﻋﺰ ﺍﻟﺜﺎﻧﻲ ﺇﻟﻰ ﺍﻷﻣﺎﻡ ﻭﺍﺭﺗﻔﻊ ﻓﻲ ﺍﻟﻬﻮﺍﺀِ ﻟﺤﻈﺔً.{n}ﺛﻢ ﺃﺧﻄﺄ ﺟﻮﺭﺝ ﺭﻛﻠﺔ ﺍﻟﺪﺍﺋﺮﺓ ﺍﻟﺘﺎﻟﻴﺔ ﻓﻮﻕ ﺭﺃﺱ ﺍﻟﻤﺎﻋﺰ ﺍﻟﺴﺎﻗﻂ.
, ......ﻭﺭﺑﻄﺔٌ ﻟﺤﻈﺔٍ ﻇﻦ ﺍﻟﻤﺎﻋﺰ ﺃﻥ ﻳﻬﺮﺏ ﺑﺤﻴﺎﺗﻪ.
, ﻟﻜﻦ ﻻ!! ﺃﻃﺒﻖ ﺍﻟﻜﻌﺐ ﻋﻠﻰ ﻗﻔﻮِ ﺭﺃﺳﻪ ﻓﺎﺿﻄﺮ ﺇﻟﻰ ﺗﻘﺒﻴﻞ ﺍﻷﺭﺽ.
Ushiromiya George,"""......ﺍﻻﻧﺘﻘﺎﻝ ﻣﻦ ﺭﻛﻠﺔ ﺩﺍﺋﺮﺓ ﻋﺎﻟﻴﺔ ﺇﻟﻰ ﻧﻴﺮﻱ ﺗﺸﺎﻏﻲ ﺃﻣﺮٌ ﺑﺴﻴﻂ، ﺃﻟﻴﺲ ﻛﺬﻟﻚ؟ ﺗﻨﺠﺢ ﻏﺎﻟﺒًﺎ ﻋﻨﺪﻣﺎ ﺗُﻨَﻔَّﺬ."""
Gaap,"""ﻫﺬﺍ ﺍﻟﺮﺟﻞ... ﻣﺸﻜﻠﺔ، ...ﺣﻘًﺎ ﻣﺸﻜﻠﺔ...!!"""
Ushiromiya George,"""ﻻ ﻳﻬﻢ ﺃﻋﻔﺮﻳﺖٌ ﻛﺎﻥ ﺃﻡ ﺳﺎﺣﺮﺓ. ......ﺣُﻜَّﺎﻡ ﺭﻭﻛﻴﻨﺠﻴﻤﺎ ﻫﻢ ﻧﺤﻦ، ﺃﻓﺮﺍﺩ ﻋﺎﺋﻠﺔ ﺃﻭﺷﻴﺮﻭﻣﻴﺎ. ﺳﺄﻟﻘِّﻨُﻚِ ﺑﻨﻔﺴﻲ ﺩﺭﺳًﺎ ﻋﻦ ﻫﺬﺍ."""
Gaap,""".........ﺃﻳُّﻬـــــــــﺎ ﺍﻟﻠﻠﻠﻠﻞ......!!"""
, ﺍﻟﺴﺒﻴﻞ ﺍﻟﻮﺣﻴﺪ ﻟﻠﻘﻀﺎﺀ ﻋﻠﻰ ﺟﻮﺭﺝ ﺍﻟﻤُﺤﺎﻁ ﺑﺤﺎﺟﺰﻩ ﺍﻟﻌﺎﻛﺲ... ﻫﻮ ﻋﺪﻡ ﺍﻟﺴﻤﺎﺡ ﻟﻪ ﺑﺎﻟﺮﺩ.
, ......ﻓﻲ ﺍﻟﻤﺮﺓ ﺍﻟﻘﺎﺩﻣﺔ ﺇﻥ ﺟﺮﺩﺗﻪ ﻣﻦ ﺍﻟﻬﺎﻭﻳﺔ، ﻋﻠﻴﻬﺎ ﺃﻥ ﺗﺮﻛﻠﻪ ﻭﺗﻄﺮﺣﻪ، ﺗﺮﻛﻠﻪ ﻭﺗﻄﺮﺣﻪ، ﺗﺮﻛﻠﻪ ﻭﺗﻄﺮﺣﻪ، ﺇﻟﻰ ﺃﻥ ﺗﻘﺘﻠﻪ ﺭﻛﻼً!!!
, ﻟﻜﻦ ﺟﻮﺭﺝ ﻗﺪ ﺃﺗﻘﻦ ﻗﺮﺍﺀﺓ ﺍﻟﻌﻼﻣﺎﺕ ﺍﻟﺨﻔﻴﻔﺔ ﺍﻟﺘﻲ ﺗﻨﺒﺊ ﺑﺜﻘﻮﺏ ﻗﺎﺏ.
, ......ﻟﻮ ﺃﻧﻔَﺬَ ﺍﻟﻘﻔﺰﺓ ﻋﺒﺮ ﺍﻟﺤﻔﺮﺓ ﺍﻟﺘﺎﻟﻴﺔ، ......ﻓﺮﺑﻤﺎ ﻫﺬﻩ ﺍﻟﻤﺮﺓ ﺳَﻄّﺢَ ﺭﺃﺱ ﻗﺎﺏ ﺑﺮﻛﻠﺘﻪ ﺍﻹﻋﺼﺎﺭﻳﺔ، ﺩﻭﻥ ﺃﻥ ﻳُﻤﺴِﻚ ﺷﻴﺌًﺎ، ......ﺗﻤﺎﻣًﺎ ﻛﻤﺎ ﻓُﻌِﻞ ﺑﻮﺍﻟﺪﻳﻪ.
, ﺭﺃﺕ ﻗﺎﺏ ﺫﺍﻙ ﺍﻟﻤﺸﻬﺪ ﺣﻴًﺎ.
, ﺛﻢ َﺣﺴَّﺮﺕ ﻋﻠﻰ ﻛﻴﻨﺰﻭ ﺍﻟﺬﻱ ﺍﺳﺘﺪﻋﺎﻫﺎ ﺇﻟﻰ ﻣﺜﻞِ ﻫﺬﻩِ ﺍﻟﺠﺰﻳﺮﺓِ ﺍﻟﻤﺸﺆﻭﻣﺔِ...!
, ﺃﺧﻴﺮًﺍ ﺑﺪﺃ ﺭﻭﻧﻮﻑ ﻳﺴﺘﻌﻤﻞ ﻛﻠﺘﺎ ﻳﺪﻳﻪ ﻓﻲ ﺗﺸﻜﻴﻞ ﺗﺮﺳﻪ.
, ﺑﻼ ﺩﺭﻉٍ ﺃﻗﻮﻯ، ﻟﻤﺎ ﺍﺳﺘﻄﺎﻉ ﺃﻥ ﻳﺼﺪ ﻗﺒﻀﺎﺕ ﺟﻴﺴﻴﻜﺎ ﺗﻤﺎﻣًﺎ ﺑﻌﺪُ.
, ﻟﻘﺪ ﺗﻨﺎﻣﻰ ﺍﻟﺴﺤﺮ ﻋﻠﻰ ﻗﺒﻀﺎﺕ ﺟﻴﺴﻴﻜﺎ ﻛﻠﻤﺎ ﻗﺎﺗﻠﺖ.
, ﺗﺮﻗﻰ ﺍﻟﺘﻐﻠﻐﻞ ﻋﺪﺓَ ﻣﺮﺍﺕٍ، ﻭﺃُﻋﻄﻴﺖ ﺗﻠﻚ ﺍﻟﻘﺒﻀﺎﺕُ ﻛﺬﻟﻚ ﺗﺮﻗﻴﺔ ﺍﺻﻄﺪﺍﻡ ﻭﺗﺮﻗﻴﺔ ﺍﺧﺘﺮﺍﻕ ﻭﺗﺮﻗﻴﺔ ﺳﺮﻋﺔ، ﻓﺼﺎﺭﺕ ﻗﺒﻀﺎﺗﻬﺎ ﺗﺴﺘﺤﻖ ﺧﻮﺽ ﻣﻌﺮﻛﺔٍ ﻣﺘﻜﺎﻓﺌﺔ ﻣﻊ ﺷﻴﻄﺎﻥ...
Ushiromiya Jessica,""".........ﻣﺎ ﺑﻚ؟! ﺃﺑﺪﺃﺕ ﺗﺘﻌﺐ؟! ﺻﺮﺕ ﺑﻄﻴﺌًﺎ!!"""
Ronove,"""ﻻ. ﺗﺤﺮﻛﺎﺗﻚ ﻭﺭﺩﺍﺕ ﻓﻌﻠﻚِ ﻭﺭﺅﻳﺘﻚِ ﺍﻟﻤﺠﺎﻟﻴﺔ ﻫﻲ ﺍﻟﺘﻲ ﺗﻌﺰﺯﺕ. ......ﺗﺤﺮﻛﺎﺗﻲ ﻣﺎ ﺯﺍﻟﺖ ﻛﻤﺎ ﻫﻲ ﻣﻨﺬ ﺑﺪﺀ ﻧﺰﺍﻟﻨﺎ. ......ﺇﻥ ﺣﺮﻛﺎﺗﻚ ﺑﺪﺃﺕ ﺗﻠﺘﻘﻄﻨﻲ."""
Ushiromiya Jessica,"""ﻭﻟﻜﻨﻚ ﻻ ﺗﺰﺍﻝ ﻣﺼﺮًﺍ ﻋﻠﻰ ﻋﺪﻡ ﺍﻟﻬﺠﻮﻡ...!!"""
Ronove,"""ﻫﺬﺍ ﻫﻮ ﺍﻷﺳﻠﻮﺏ ﺍﻟﺬﻱ ﺃﻟﻮﺫُ ﺑﻪ. ......ﻟﻜﻦ ﻻ ﺃﺳﺘﻄﻴﻊ ﺃﻥ ﺃﺳﻤﺢ ﺑﺎﺳﺘﻤﺮﺍﺭ ﺍﻟﺤﺎﻝ ﻋﻠﻰ ﻫﺬﺍ ﺍﻟﻨﺤﻮ. ﺣﺎﻥ ﺍﻟﻮﻗﺖ ﻷﻗﺎﺗﻞ ﺑﺠﺪﻳﺔ ﻭﺃﺣﺴﻢ ﻫﺬﺍ......!!"""
, ﺗﺒﺪّﻝَ ﻭﺟﻪُ ﺭﻭﻧﻮﻑ ﺇﻟﻰ ﻣﻼﻣﺢَ ﻟﻢ ﻳُﻈﻬﺮﻫﺎ ﻣﻦ ﻗﺒﻞ.{n}ﻛﺎﻧﺖ ﺣﻘﺎ ﺷﻴﻄﺎﻧﻴﺔً، ﻭﻟﺠﻴﺴﻴﻜﺎ ﻛﺎﻧﺖ ﻣﻬﻴﺒﺔً.
, ﻷﻧﻬﺎ ﻣﻼﻣﺢٌ ﻻ ﻳﻈﻬﺮُﻫﺎ ﺇﻻ ﻟﻠﺨﺼﻮﻡِ ﺍﻟﻘﺎﺩﺭﻳﻦ ﻋﻠﻰ ﺃﻥ ﺗُﺜﺒّﺘﻪُ ﻗﻄﺮﺍﺗُﻪُ ﻭﺃﻥ ﻳﺠﻌﻼﻩُ ﻳﺄﺧﺬَ ﻣﺄﺧﺬَ ﺍﻟﺠﺪ.
Ushiromiya Jessica,"""ﻋﺠﺒًﺎ؟؟! ﻣﺎ ﻫﺬﺍ؟!"""
, ﺑﺤﺮﻛﺔٍ ﻛﺎﻣﻠﺔٍ ﻟﻴﺴﺖ ﺑﺄﻧﻴﻘﺔ، ﺃﻧﺸﺄ ﺭﻭﻧﻮﻑ ﺩﺭﻋًﺎ ﺑﻜﻞ ﻗﻮﺗﻪ، ﺑﺤﺠﻢ ﻭﺳُﻤﻚِ ﺟﺪﺍﺭ.
, ﻣﺎ ﺻﻼﺑﺘﻪ ﻛﺎﻟﺘﺮﺱ. ﻛﺎﻥ ﺣﺮﻓﻴﺎ ﺟﺪﺍﺭًﺍ.
, ﻭﻓﻮﻕَ ﺫﻟﻚ، ﺑﻘﺪﺭﺓ ﺭﻭﻧﻮﻑ ﺍﻟﻤَﺠﻨﻴﺔِ، ﺩَﻓَﻊَ ﺟﻴﺴﻴﻜﺎ ﺗﺪﺭﻳﺠﻴًﺎ ﺇﻟﻰ ﺍﻟﻮﺭﺍﺀ.
, ......ﺃﻳﻨﻮﻱ ﺃﻥ ﻳﺪﻓﻌﻬﺎ ﺇﻟﻰ ﺍﻟﺤﺎﺋﻂ ﻭﻳﺴﺤﻘﻬﺎ ﺣﺘﻰ ﺍﻟﻤﻮﺕ؟
, ﺣﺎﻭﻟﺖ ﺟﻴﺴﻴﻜﺎ ﺍﺧﺘﺮﺍﻕ ﺍﻟﺠﺪﺍﺭ ﺑﻜﻼ ﻗﺒﻀﺘﻴﻬﺎ، ﻓﻠﻢ ﻳَﻨﺜﻦِ. ......ﻭﻟﻴﺲ ﻟﻠﻤﺒﺎﻟﻐﺔ، ﺑﻞ ﺇﻧﻪ ﺻﻠﺐ!
Ushiromiya Jessica,"""ﺗَﺪّﻋﻲ ﺃﻥ ﻫﺬﺍ ﺟِﺪِّﻱ...؟!! ﻻ ﻣﺸﻜﻠﺔ... ﺳﺄﺧﺮﻗُـــــــــــــﻪُ!!"""
Ronove,"""ﻟﻦ ﺃﺳﻤﺢ ﻟﻚِ ﻫﺬﻩ ﺍﻟﻤﺮﺓ. ﻫﺬﺍ ﺍﻟﺠﺪﺍﺭ ﻣﺨﺘﻠﻒٌ ﺑﻌﺾ ﺍﻟﺸﻲﺀ. ......ﻫﻴﺎ، ﺍﺳﻤﺤﻲ ﻟﻲ ﺃﻥ ﺃُﺳﺤِﺮَﻩ ﻛﺬﻟﻚ."""
, ﻗَﺴَﻢَ ﺭﻭﻧﻮﻑ ﺃﺷﻜﺎﻝ ﺍﻟﺴﺤﺮ ﺑﺄﺻﺎﺑﻌﻪ ﻛﺄﻧﻪ ﻧﻴﻨﺠﺎ؛  ﻟﻤﻊ ﺍﻟﺠﺪﺍﺭ ﺃﺣﻤﺮًﺍ ﻟﻠﺤﻈﺔ، ﻭﺍﻣﺘﻸ ﺑﻨﻮﻉ ﻣﻦ ﺍﻟﻘﻮﺓ ﺍﻟﻨﺬﺭﺓ.
, ﻓﻮﺭًﺍ ﺗﻘﺮﻳﺒﺎ، ﺃﺣﺴﺖ ﺟﻴﺴﻴﻜﺎ ﺑﺬﻟﻚ ﺑﻨﻔﺴِﻬﺎ.
, ﻛﻠﻤﺎ ﺻَﻜَّﺖ ﻗﺒﻀﺘﻴﻬﺎ ﻋﻠﻰ ﺍﻟﺠﺪﺍﺭ، ﺍﺭﺗﺪ ﺍﻷﻟﻢ ﻋﻠﻴﻬﺎ ﻛﻤﺎ ﻟﻮ ﺃﻥ ﺷﻈﺎﻳﺎ ﺯﺟﺎﺝ ﺗﻨﺎﺛﺮﺕ ﻭﺿﺮﺑﺖ ﺟﺴﺪﻫﺎ ﻛﻠﻪ.
Ronove,"""ﺭﻗّﻴﺘﻪُ ﺑﺪﺭﻉ ﺭﺩِّ ﺍﻟﻬﺠﻮﻡ. ﻏﺮﺽٌ ﺍﺳﺘﺜﻨﺎﺋﻲٌ ﻳﻘﻠﻞ ﻗﻮﺓَ ﻫﺠﻤﺎﺗﻚِ ﺑﻤﻮﺍﺯﻧﺔ ﺗﻠﻚ ﺍﻟﻄﺎﻗﺎﺕ، ﻛﻤﺎ ﺃﻧﻪ ﻳﺮﺩ ﻋﻠﻰ ﺍﻟﻬﺠﻮﻡ ﺑﺸﻈﺎﻳﺎ ﻣﺘﻔﺎﻋﻠﺔ."""
Ronove,""".......ﻟﻚِ ﺃﻥ ﺗﻮﺍﺻﻠﻲ ﻟﻜﻤﻪ ﻛﻤﺎ ﻳﺤﻠﻮ ﻟﻚ، ﻭﻟﻜﻨﻚِ ﻟﻦ ﺗﻀﺮِّﻱ ﺳﻮﻯ ﻧﻔﺴﻚ."""
Ushiromiya Jessica,"""ﻫﻪ، ...ﻫﻴﻬﻲ!! ﺇﺫﻥ ﻫﻮ ﺍﺧﺘﺒﺎﺭ ﺗﺤﻤﻞٍ ﺑﻴﻨﻲ ﻭﺑﻴﻦ ﺟﺪﺍﺭﻙ؟!! ﺣﺴﻦٌ ﻋﻨﺪﻱ!!"""
Ronove,"""ﺃﻳﺴﻘﻄﻚِ ﺍﻟﺮﻛﻮﻉُ ﺃﻭﻻً، ﺃﻡ ﺗُﺪﻓَﻌﻲ ﻋﻠﻰ ﺍﻟﺠﺪﺍﺭ ﺃﻭﻻً؟ ......ﺳﺄﺗﺄﻣﻞ ﻣﺎﺫﺍ ﺳﻴﺤﺪﺙ."""
Ushiromiya Jessica,"""ﺃﻭ ﻟﻌﻠﻲ ﺃﺧﺮﻗﻪ ﻭﺃﺣﻄﻢ ﺫﻟﻚ ﺍﻟﺠﺪﺍﺭ ﻛﻠﻪ ﻣﻊ ﻭﺟﻬﻚ، ﻫﻞ ﺧﻄﺮ ﻟﻚ ﺫﻟﻚ؟! ﻓﻘﻂ ﺭﺍﻗﺒﻨــــــــﻲ!!"""
, ﺩﻭﻥ ﺗﺮﺩﺩ، ﺩﻓﻌﺖ ﺟﻴﺴﻴﻜﺎ ﻛﻠﺘﺎ ﻗﺒﻀﺘﻴﻬﺎ ﻓﻲ ﺍﻟﺠﺪﺍﺭ.{n}ﻛﻠﻤﺎ ﻓﻌﻠﺖ، ﺗﻨﺎﺛﺮﺕ ﻛﻤﻴﺎﺕٌ ﻫﺎﺋﻠﺔٌ ﻣﻦ ﺍﻟﺸﻈﺎﻳﺎ ﻋﺬَّﺑﺖْ ﺟﺴﺪَﻫﺎ ﻛُﻠَّﻪ.
, ﺳﺮﻋﺎﻥ ﻣﺎ ﺑﺪَﺕ ﺟٌﺮﻭﺡٌ ﺣﻤﺮﺍﺀ ﻻ ﺗُﺤﺼﻰ ﻋﻠﻰ ﺟﺴﻤﻬﺎ...
, ﻛُﺒَّﺪﺗﻬﺎ ﻣﻼﻣﺢُ ﺍﻷﻟﻢ، ﻟﻜﻦَّ ﻋﻴﻮﻧَﻬﺎ ﺍﺣﺘﺮﻗﺖ ﺑﺤﻤﺎﺱ ﺍﻟﻘﺘﺎﻝ، ﻭﺍﻧﺤﻨﻰ ﺛﻐﺮُﻫﺎ ﺑﺒﻬﺠﺔ ﻋﻠﻰ ﻧﻘﻴﺾِ ﺍﻷﺫﻯ...!
Ushiromiya Krauss,"""ﻛﺎﻧﻮﻥ، ﻫﻞ ﺍﻧﺘﻬﻴﺖ ﺑﻌﺪ؟! ﺃﻣﺎ ﻧﺤﻦ ﻓﻨﻌﻢ، ......ﻟﻜﻦ ﻻ ﺃﺳﺘﻄﻴﻊ ﺃﻥ ﺃﻗﻮﻝ ﺫﻟﻚ ﻋﻦ ﺍﻟﻘﻀﺒﺎﻥ ﺍﻟﺘﻲ ﺗُﻘﻴِّﺪُ ﺃﻭﻟﺌﻚ ﺍﻟﺮﺟﺎﻝ...!"""
Kanon,"""ﻗﻠﻴﻞٌ ﻓﻘﻂ... ﺑﻘﻠﻴﻞٍ...!"""
Ushiromiya Kyrie,"""ﻻ ﻧﻬﺎﻳﺔَ ﻟﻬﺆﻻﺀ... ﻗﺪ ﺗﻨﻜَﺴِﺮُ ﺍﻟﻘﻀﺒﺎﻥ ﻣﻦ ﻓﻌﻞِ ﺗَﺰﺍﺣﻤُﻬِﻢ ﻭﺣﺪﻩ!"""
, ﺍﺟﺘﺮّﺕ ﺍﻟﻘﻀﺒﺎﻥ ﺍﻟﻤﻌﺪﻧﻴﺔ ﺗﺤﺖ ﻭﻃﺄﺓ ﺿﻐﻂ ﺟﻤﺎﻋﺔ ﺍﻟﻤﻌﺰ.{n}ﺃﻣﺴﻜﻮﺍ ﻋﺪﺓ ﺃﺫﺭﻉ ﺍﻟﻘﻀﺒﺎﻥ، ﻓَﻠﻔَّﺘﻬﺎ ﺑﻘﻮﺓٍ ﺧﺎﺭﻗﺔ.
, ......ﻭﻣﻊ ﺫﻟﻚ، ﻛﺎﻧﺖ ﺑﻌﺾ ﺍﻟﻘﻀﺒﺎﻥ ﺗُﺴﺤَﺐُ ﻓﻲ ﺍﺗﺠﺎﻫﺎﺕٍ ﻣﺘﻌﺎﻛﺴﺔ ﺑﺄﻳﺪﻱ ﻣﺨﺘﻠﻔﺔ. ﻳﺒﺪﻭ ﺃﻧﻬﻢ ﺃﻏﺒﻴﺎﺀ ﺣﻘًﺎ.
, ﻃﺮﻳﻘﺔ ﺍﻣﺴﺎﻙ ﺗﻠﻚ ﺍﻷﻳﺎﺩﻱ ﺍﻟﻜﺜﻴﺮﺓ ﺑﺎﻟﻘﻀﺒﺎﻥ ﺍﻟﻤﻌﺪﻧﻴﺔ... ﺗﻄﺎﺑﻘﺖ ﺻﺪﻓﺔ.
, ﻗﺒﻀﺎﺕٌ ﻋﺪﺓ ﺗﻤﺴﻚ ﻗﻀﻴﺒﻴﻦ ﻓﺘﺠﻤﻊ ﻗُﻮﺍﻫﺎ ﻭﺗﺴﺤﺐ ﺍﻟﻘﻀﺒﺎﻥ ﻳﻤﻴﻨًﺎ ﻭﺷﻤﺎﻻً، ﻓﺘُﻔﺘَﺢُ ﺍﻟﻔﺠﻮﺓ.
, ﺳُﻤِﻊَ ﺻﻮﺕُ ﺻﺮﻳﺮِ ﺍﻟﻤﻌﺪﻥِ ﺍﻟﺮﻫﻴﺐ، ﻭﺗﺰﺍﻳﺪ ﺍﺗﺴﺎﻉ ﺍﻟﺸﻖ ﺷﻴﺌًﺎ ﻓﺸﻴﺌًﺎ...!
, ﻫﺎﺟﻤﻮﺍ ﺃﺫﺭﻉ ﺗﻠﻚ ﺍﻟﻤﻌﺰ ﻭﺍﺣﺪًﺍ ﻓﻮﺍﺣﺪًﺍ، ﻓﻠﻢ ﻳﺤﺮﺯﻭﺍ ﻧﺼﻴﺒًﺎ.{n}ﻟﻢ ﻳﺴﺘﻄﻌﻮﺍ ﻭﻗﻒ ﺍﺗﺴﺎﻉ ﺍﻟﻔﺠﻮﺓ ﻳﻤﻴﻨًﺎ ﻭﺷﻤﺎﻻً...!
, ﺟﺎﺀ ﺻﻮﺕٌ ﻣﻌﺪﻧﻲٌ ﻋﺎﻝٍ ﻣﻦ ﻭﺭﺍﺀِﻫﻢ.{n}ﻛﺎﻧﻮﻥ ﻗﺪ ﺃﻛﻤﻞ ﺍﻟﻘﻄﻊ ﺃﺧﻴﺮًﺍ.
Kanon,"""ﺑﺴﺮﻋﺔ!!"""
Ushiromiya Krauss,"""ﻛﻴﺮﻳﻲ-ﺳﺎﻥ، ﺍﻟﺴﻴﺪﺍﺕ ﺃﻭﻻً. ﺃﻧﺖ ﺗﺎﻟﻴًﺎ، ﺃﻳﻬﺎ ﺍﻟﻄﺒﻴﺐ ﻧﺎﻧﺠﻮ!"""
Kanon,"""ﻛﺮﺍﻭﺱ-ﺳﺎﻣﺎ، ﺃﺗﺮﻙ ﻫﺬﺍ ﺍﻟﻤﻜﺎﻥ ﻟﻲ...! ﻧﻎ، ......ﻣﺎ ﻫﺬﺍ؟!"""
, ﺍﺧﺘﻔﻰ ﺳﻴﻒ ﻛﺎﻧﻮﻥ ﺍﻷﺣﻤﺮ ﺍﻟﺬﻱ ﻛﺎﻥ ﻗﺪ ﻗﻄﻊ ﺍﻟﻘﻀﺒﺎﻥ ﺑﻪ.
Shannon,"""......ﻋﺬﺭًﺍ! ﺩﺧﻠﻨﺎ ﺍﻵﻥ ﻣﻨﻄﻘﺔ ﺗﺄﺛﻴﺮ ﻗﺘﺎﻝ ﺟﺴﻴﻤﺎﺕ ﺍﻟﺮﻭﺡ ﺍﻟﺨﺎﺻﺔ ﺑـ{f:7:ﻓﻴﺮﺟﻴﻠﻴﺎ}-ﺳﺎﻣﺎ!! ﻫﺬﻩ ﺍﻟﻤﻨﻄﻘﺔ ﺗُﻌَﻄَّﻞُ ﻗﻮﺗﻨﺎ ﺍﻟﺴﺤﺮﻳﺔ!"""
{f:5:Virgilia},"""ﻫﻮﻩ-ﻫﻮﻩ-ﻫﻮﻩ. ﻳﻌﺠﺒﻨﻲ ﻣﺎ ﻗﺪﻣﺘﻢ ﻣﻦ ﻗﺘﺎﻝٍ ﻓﻲ ﻭﺟﻪ ﺳﺎﺣﺮﺓٍ ﻋﻈﻴﻤﺔٍ ﻣﺜﻠﻲ... ﻟﻢ ﺗﻌﺪ ﻟﻜﻢ ﻗﺪﺭﺓ ﺍﺳﺘﻌﻤﺎﻝ ﺍﻟﺴﺤﺮ ﻓﻲ ﺫﺍﻙ ﺍﻟﻤﻤﺮ ﺗﺤﺖ ﺍﻷﺭﺽ."""
, ﺩﻭﻥ ﻋﻤﻮﺩ ﺩﺍﺋﺮﺓ ﺳﺤﺮﻳﺔ، ﺭُﺳِﻤَﺖ ﺻﻴﻎٌ ﻣﻌﻘﺪﺓ ﻣﻦ ﺍﻟﺴﺤﺮ ﺣﻮﻝ {f:7:ﻓﻴﺮﺟﻴﻠﻴﺎ}.
, ......ﺑﻤﺜﻞ ﻫﺬﺍ ﺍﻟﺴﺤﺮ ﺍﻟﺠﺎﺩ، ﻟﻢ ﺗَﻘْﻮَ ﺷﺎﻧﻮﻥ ﻋﻠﻰ ﺍﻟﻤﻨﺎﻓﺴﺔ ﻗﻂ.
, ﻭﻋﻠﻰ ﺍﻟﻌﻜﺲ، ﻓﻘﺪ ﻛﺎﻥ ﺃﻣﺮًﺍ ﻣﺪﻫﺸًﺎ ﺃﻧﻬﺎ ﻇﻠﺖ ﺣﺘﻰ ﻫﺬﺍ ﺍﻟﺤﺪ.
{f:5:Virgilia},"""ﺗﺄﻣﺮﺕ ﺳﻴﺎﺩﺓ ﺟﺴﻴﻤﺎﺕ ﺍﻟﺮﻭﺡ. ﻫﻠﻤﻮﺍ ﻳﺎ ﺃﺧﻮﺍﺕ ﺍﻟﺸﻴﺎﺳﺘﺮ. ﺣﺎﻥ ﺩﻭﺭﻛﻦ."""
{f:5:Virgilia},"""ﻟﺤﻈﺔ، ﺃﻣﺎ ﺯﻟﻦ ﻳُﻌﺎﺩ ﺗﺸﻐﻴﻠُﻬُﻦّ؟! ﻟﻤﺎﺫﺍ ﺟﻴﻞ ﺍﻟﻴﻮﻡ ﻧﻮﻣﻪ ﺛﻘﻴﻞ ﺇﻟﻰ ﻫﺬﺍ ﺍﻟﺤﺪ...؟!"""
Chiester00,"""ﺃ-...ﺍﻋﺘﺬﺍﺭﻱ ﻳﺎ ﺳﻴﺪﺗﻲ...!! ﻧﺤﻦُ ﻛﻞُّ ﻧﺴﺨﺔٌ ﻣﺨﺘﻠﻔﺔٌ..."""
Chiester410,"""ﻟﻤﺎﺫﺍ ﺗُﺨﺮﺏُ ﺍﻻﺧﺘﺼﺎﺭﺍﺕ ﻭﺍﻟﻘﻮﺍﺋﻢ ﻛﻠﻤﺎ ﺗﻐﻴﺮﺕ ﺍﻹﺻﺪﺍﺭﺍﺕ ﻧﻴﻴﻪ...! ﺃﻟﻢ ﺗُﻐﻠﻖ ﺑﻨﺠﺎﺡ ﻓﻲ ﺍﻟﻤﺮّﺓِ ﺍﻟﻤﺎﺿﻴﺔ؟ ﺗﺸﻐﻴﻞ ﻛﻤﺴﺆﻭﻝ؟؟ ﻣﺎ ﻫﺬﺍ ﺍﻟﻬﺮﺍﺀ!!"""
Chiester45,"""ﺃﻭﻛﻴﻮ~~!! ﺃﻭﻛﻴﻮ~~!! (ﺻﻠﺤﻮﻧﻲ ﺳﺮﻳﻌًﺎ~!! ﻭﺍﺁﺁﻩ!)"""
Chiester00,"""ﻧﺪﻋﻮ ﺣﺮﺱ ﺍﻟﻘﺼﺮ ﺍﻹﻣﺒﺮﺍﻃﻮﺭﻱ ﻟﺼﻴﺎﻧﺔ ﺍﻷﻋﻄﺎﻝ! ﻣﺎﺫﺍ؟ ﻟﻦ ﺗﻘﻮﻟﻮﺍ ﻟﻨﺎ ﺑﺪﻭﻥ ﻛﻠﻤﺔ ﺍﻟﺴﺮ؟!"""
Chiester410,"""54 ﻫﻲ ﻣﻦ ﺗﻌﺮﻑ ﻛﻠﻤﺔ ﺍﻟﺴﺮ ﻧﻴﻴﻪ."""
Chiester45,"""ﺃﻭﻛﻴﻮ!! ﺃ، ﻛﻴﻮ، ﻛﻴﻮ، ﻛﻴﻮ، ﺃﻭﻛﻴﻮ، ﻛﻴﻮ!!!"""
Chiester00,"""ﻛﻞ ﻣﺎ ﺃﺳﻤﻌﻪ ﻫﻮ {ruby:ﻛﻴﻮ-ﻛﻴﻮ-ﻛﻴﻮ-ﻛﻴﻮ:9999}...... ﺍﺟﻌﻠﻮﻫﺎ ﺗﻜﺘﺒﻬﺎ ﻋﻠﻰ ﻭﺭﻗﺔ."""
Chiester410,"""ﻧﻈﺎﻡ ﺩﻋﻢ ﻟﻐﺘﻬﺎ ﻟﻢ ﻳُﺸَّﻐﻞ ﺑﻌﺪ، ﻓﻼ ﺗﺴﺘﻄﻴﻊ ﺍﻟﻜﺘﺎﺑﺔ ﻧﻴﻴﻪ."""
{f:5:Virgilia},"""........................... ﺏ-ﺑﺮﺍﺣﺘﻜﻢ ﻓﻲ ﺇﺻﻼﺡ ﺃﻧﻔﺴﻜﻢ... ﺳﺄﺫﻫﺐ ﺑﻨﻔﺴﻲ..."""
,"""""ﺃﺳﻔﻔﻔﻔﻔﻔﻔﻔﻔﻔﻔﻔﻔﻮﻭﻭﻭﻥ!!"""""
, ﺍﻟﻤﻤﺮ ﺍﻟﻀﻴﻖ ﺗﺤﺖ ﺍﻷﺭﺽ ﻛﺎﻥ ﻣﻜﺘﻈًﺎ ﺑﺎﻟﻤﻌﺰ، ﻛﻘﻄﺎﺭ ﺍﻟﺼﺒﺎﺡ ﺣﻴﻦ ﻳﺰﺍﺡ ﺍﻟﻨﺎﺱ.
, ﻋﺒَّﺮﺕ {f:7:ﻓﻴﺮﺟﻴﻠﻴﺎ} ﻣﺠﺪﺩًﺍ ﻋﻦ ﻏﻀﺒﻬﺎ ﻣﻦ ﻫﺬﺍ ﺍﻻﺯﺩﺣﺎﻡ.
{f:5:Virgilia},"""ﻣﺎ ﺷﺄﻧﻜﻢ...؟!!"""
{f:5:Virgilia},"""ﻫﺎﻩ؟ ﺗﺮﻏﺐ ﺃﻥ ﺗﻜﻮﻥ ﺃﻭﻻً ﻷﻧﻚ ﺗﺮﻳﺪ ﺍﻟﺠﺎﺋﺰﺓ؟ ﺗﺘﺪﺍﻓﻌﻮﻥ ﻟﺌﻼ ﻳﺴﺮﻗﻬﺎ ﻏﻴﺮﻛﻢ؟"""
{f:5:Virgilia},"""ﺃﻳﻬﺎ ﺍﻟﻤﺎﻋﺰ ﺍﻟﻐﺒـــــــــــــﻲ!!! ﺳﺄﺫﻫﺐ ﺑﻨﻔﺴﻲ، ﻓﺄﻓﺴﺤﻮﺍ!!"""
{f:5:Virgilia},"""ﻣﺎﺫﺍ؟! ﻻ ﺗﺮﻳﺪﻭﻥ؟! {f:7:ﻓﻴﺮﺟﻴﻠﻴﺎ}-ﺳﺎﻣﺎ ﺗﺤﺎﻭﻝ ﺳﺮﻗﺔ ﺍﻟﺠﺎﺋﺰﺓ؟!"""
{f:5:Virgilia},"""ﻟﻤﺎﺫﺍ ﺗﺸﻜﻠﻮﻥ ﺯﺣﻤﺔً؟!!"""
{f:5:Virgilia},"""ﺁﺁﺁﻩ، ﻳﺎ ﺿﻴﻖَ ﺍﻟﻤﻜﺎﻥ!! ﻣﺘﻰ ﺻﺎﺭ ﻫﺬﺍ ﻋﺮﺑﺔً ﻟﻠﻤﻌﺰ ﻓﻘﻂ؟! ﺃﻭﻛﻴﻮ~~!! ﺃﻧﺖ ﻳﺎ ﻣﻦ ﻟﻤﺲ ﻣﺆﺧﺮﺗﻲ ﻟﻠﺘﻮ، ﺍﻧﺰﻝ ﻋﻨﺪ ﺍﻟﻤﺤﻄﺔ ﺍﻟﺘﺎﻟﻴﺔ~~~!!!"""
{f:5:Virgilia},""".........ﻫﻢ؟ ﻣﺎ ﺍﻟﺬﻱ ﺗﺮﻳﺪﻩ؟ ﺃﺗﺮﻳﺪﻧﻲ ﺃﻥ ﺁﺗﻲ ﻣﻦ ﻫﻨﺎ؟"""
, ﺍﻧﻘﺾ ﺍﻟﺨﻤﺴﺔ ﻣﻦ ﺟﻤﺎﻋﺔ ﻛﺮﺍﻭﺱ ﻓﻲ ﺍﻟﻤﻤﺮ ﺑﻜﻞ ﻗﻮﺗﻬﻢ!{n}ﻟﻢ ﻳﺴﺘﻄﻌﻮﺍ ﺍﻟﺘﺮﻳﺚ ﺗﺤﺖ ﺍﻷﺭﺽ.
, ﻛﺎﻥ ﻻ ﺑﺪ ﺃﻥ ﻳﻠﺘﺤﻘﻮﺍ ﺳﺮﻳﻌًﺎ ﺑﺎﻷﻃﻔﺎﻝ ﻋﻠﻰ ﺍﻟﺴﻄﺢ!{n}ﺇﺫﺍ ﺍﺟﺘﻤﻌﻮﺍ ﻛﻠﻬﻢ ﻓﻠﻦ ﻳﺒﻘﻰ ﻣﺎ ﻳُﺨﺸﻰ!
, ﻓﻲ ﺗﻠﻚ ﺍﻟﻠﺤﻈﺔ ﺑﺪﺃ ﺭﺟﻒٌ ﺭﻫﻴﺐٌ ﻳﻘﺮُﺏُ ﻣﻦ ﺍﻟﺨﻠﻒ.{n}ﻫﻞ ﺑﻠﻎ ﺍﻟﻤﻄﺎﺭﺩﻭﻥ ﺃﺧﻴﺮًﺍ ﻋﺒﺮ ﺍﻟﻘﻀﺒﺎﻥ ﺍﻟﻤﻌﺪﻧﻴﺔ؟!
, ﻟﻜﻨﻬﻢ ﻟﻢ ﻳﺮﻭﺍ ﺃﺣﺪًﺍ ﺣﻴﻦ ﺍﻟﺘﻔﺘﻮﺍ.
, ﻭﺍﺯﺩﺍﺩ ﺫﻟﻚ ﺍﻟﺮﺟﻒ ﻭﺗﺴﺎﻗﻂ ﺍﻟﺘﺮﺍﺏ ﻣﻦ ﺍﻟﺴﻘﻮﻑ ﻭﺍﻗﺘﺮﺏ ﻭﺍﻗﺘﺮﺏ، ﺣﺘﻰ ﻟﺤﻘﻬﻢ ﻭﺗﺠﺎﻭﺯﻫﻢ.
, ﺑﺪﺍ ﻛﻤﺎ ﻟﻮ ﺃﻧﻬﻢ ﺍﺟﺘﺎﺯﻫﻢ ﺃﺷﺒﺎﺡٌ.
, ﺑﻌﺪ ﻟﺤﻈﺔ ﻣﻦ ﺍﻟﻈﻦ ﺃﻥ ﻻ ﺷﻲﺀ ﻗﺪ ﺣﺼﻞ، ﺍﻧﻬﺎﺭ ﺍﻟﺴﻘﻒ ﺃﻣﺎﻣﻬﻢ، ﻭﻭﻗﻒ ﻣﺎﻋﺰٌ ﻭﺍﺣﺪ ﻓﻲ ﻃﺮﻳﻘﻬﻢ.
, ......ﻛﺎﻧﺖ {f:7:ﻓﻴﺮﺟﻴﻠﻴﺎ} ﺟﺎﻟﺴﺔ ﻋﻠﻰ ﻛﺘﻔﻪ.
{f:5:Virgilia},"""ﻫﺬﺍ ﺍﻟﻄﻔﻞ ﺍﻟﺤﻜﻴﻢ ﻋﺮﻑ ﻃﺮﻳﻘًﺎ ﻣﺨﺘﺼﺮًﺍ. ﻳﺎ ﻟﻬﺎ ﻣﻦ ﺩﺭّﺓٍ، ﻟﻚ ﺍﻟﺠﺎﺋﺰﺓ ﺍﻷﻭﻟﻰ. ﻻﺣﻘًﺎ ﺳﺄﻗﺪﻡ ﻟﻚ ﻛﺎﺭﻱ ﺍﻷﺳﻘﻤﺮﻱ ﺍﻟﻤﻌﺪ ﻣﻨﺰﻟﻴًﺎ."""
, ﺭﺑﻤﺎ ﻛﺎﻥ ﺳﻌﻴﺪًﺍ ﺣﻘًﺎ ﺑﻤﺠﺮﺩ ﻧﻴﻞ ﻣﺜﻞ ﺗﻠﻚ ﺍﻟﺠﺎﺋﺰﺓ ﺍﻟﻤﺸﺒﻮﻫﺔ. ﺃﺑﺎﻥ ﺍﻟﻤﺎﻋﺰ ﺍﻟﻌﻈﻴﻢ ﻓﺮﺣﻪ ﺑﻮﺿﻊ ﻳﺪﻳﻪ ﻣﻌًﺎ ﻭﻫﺰﻫﻤﺎ.
, ﻧﺰﻟﺖ {f:7:ﻓﻴﺮﺟﻴﻠﻴﺎ} ﺿﺎﺣﻜﺔً ﺇﺫ ﻇﻨﺖ ﺍﻵﻥ ﺃﻧﻬﺎ ﻟﺤﻈﺔ ﺍﻻﻧﺘﺼﺎﺭ.
Kanon,"""......ﺍﻟﻠﻌﻨﺔ...... ﻻ ﻓﺎﺋﺪﺓ... ......ﻗﻮﺍﻧﺎ ﺍﻟﺴﺤﺮﻳﺔ ﻣﻌﻄﻠﺔ ﺗﻤﺎﻣﺎ..."""
Shannon,"""...ﻻ ﺗﺴﺘﻌﺠﻠﻮﺍ ﺍﻟﻴﺄﺱ... ......ﻻ ﺯﺍﻝ ﻟﺪﻳﻨﺎ ﺟﺴﺪٌ ﻧﻘﺎﺗﻞ ﺑﻪ..."""
Nanjo Terumasa,"""ﻻ ﺗﻜﻮﻧﻲ ﺳﺨﻴﻔﺔ...! ﻻ ﺳﺒﻴﻞ ﻷﻥ ﺗﺤﺎﺭﺑﻲ ﻭﺣﺸًﺎ ﻛﻬﺬﺍ ﺩﻭﻥ ﺫﺍﻙ ﺍﻟﺴﺤﺮ ﺍﻟﻐﺮﻳﺐ..."""
Ushiromiya Krauss,"""....ﺗﺮﺍﺟﻌﻮﺍ ﺃﻳﻬﺎ ﺍﻟﺼﻐﺎﺭ..."
Ushiromiya Krauss," ﺳﺄﺗﻌﺎﻣﻞ ﻣﻌﻬﻢ ﺑﻄﺮﻳﻘﺔ ﻣﺎ، ﻓﺎﻫﺮﺑﻮﺍ ﻣﻦ ﻭﺭﺍﺀ ﺫﻟﻚ ﺍﻟﻮﺣﺶ ﺑﻴﻨﻤﺎ ﺃُﻟﻬﻴﻪ..."""
{f:5:Virgilia},"""ﻟﻦ ﺃﺳﻤﺢ ﻟﻚ. ﻫﻮﻫﻬﻮﻫﻮﻫﻮﻫﻮﻫﻮ!"""
, ﺻﻔﻘﺖ {f:7:ﻓﻴﺮﺟﻴﻠﻴﺎ} ﻳﺪﻳﻬﺎ، ﻓﺒﺮﺯَ ﺣﺎﺟﺰٌ ﺳﺤﺮﻱ ﺃﺭﺟﻮﺍﻧﻲ ﻭﺭﺍﺀﻫﺎ، ﺳَﻠَﺐَ ﺣﺘﻰ ﺍﻷﻣﻞ ﺍﻟﻀﺌﻴﻞ ﺍﻟﺬﻱ ﺭﺍﻫﻦ ﻋﻠﻴﻪ ﻛﺮﺍﻭﺱ.
Ushiromiya Krauss,"""ﺃﺃﻣﺎ... ﻓﻼ ﻓﺎﻋﻞ ﺑﻌﺪ......؟ ...ﻝ-ﻻ، ﻻ ﺯﺍﻝ ﻫﻨﺎﻙ ﺃﻣﻞ. ......ﺣﺘﻰ ﺟﻴﺴﻴﻜﺎ ﻗﺎﺗﻠﺖ. ﻳﺠﺐ ﺃﻥ ﺃﻓﻌﻞَ ﻣﺎ ﻓَﻌَﻠَﺖ..."""
Ushiromiya Kyrie,"""ﺃ-ﺃﺗﺘﺼﻨﻊ ﺍﻟﺠﺪ؟! ﻻ ﺟﺪﻭﻯ، ﻟﻴﺲ ﺃﻣﺎﻡ ﺫﻟﻚ ﺍﻟﻮﺣﺶ ﺍﻟﻀﺨﻢ...!"""
Nanjo Terumasa,"""ﻻ ﺗﻐﻠﻮ... ﻛﺮﺍﻭﺱ-ﺳﺎﻥ، ﺩﻋﻨﺎ ﻧﻔﻜﺮ ﻓﻲ ﺳﺒﻴﻞٍ ﺁﺧﺮ......"""
Ushiromiya Krauss,"""ﺇﻥ ﻓﻜﺮﺗﻢ ﻓﻲ ﺷﻲﺀ ﻓﺄﻧﺎ ﻣﻨﻔﺘﺢ ﻋﻠﻰ ﺍﻻﻗﺘﺮﺍﺣﺎﺕ. ﺣﺘﻰ ﺫﺍﻙ ﺍﻟﺤﻴﻦ، ﻳﺒﺪﻭ ﺃﻥ ﻋﻠﻲ ﺃﻥ ﺃُﺩﺑِّﺮ ﺃﻣﺮًﺍ... ......ﻫﻠﻢ، ﺍﺭﺟﻌﻮﺍ."""
Ushiromiya Kyrie,"""......ﻛﻮﻧﻮﺍ ﺣﺬﺭﻳﻦ."""
{f:5:Virgilia},"""ﻫﻮﻫﻮﻫﻮﻫﻮ... ﻫﻮﻫﻬﻮﻫﻮﻫﻮﻫﻮﻫﻮﻫﻮﻫﻮ! ﻳﺎ ﻟﻠﻌﺠﺐ، ﻛﺮﺍﻭﺱ. ﺃﺗﻌﺘﺰﻡ ﻗﺘﺎﻝ ﻫﺬﺍ ﺍﻟﺼﻐﻴﺮ ﺑﻤﻔﺮﺩﻙ؟"""
Ushiromiya Krauss,"""........................ﺧﻪ... ﻻ ﺗﺪﺭﻳﻦ ﺃﺑﺪًﺍ. ﻓﻲ ﺍﻟﻘﺘﺎﻝ، ﻟﻌﻞ ﺍﻟﻀﺮﺑﺔ ﺍﻟﻤﺤﻈﻮﻇﺔ ﻣﻤﻜﻨﺔ..."""
{f:5:Virgilia},"""ﻫﻮﻫﻮﻫﻮﻫﻮﻫﻮ. ﺃﺗﻈﻦ ﺃﻧﻚ ﻗﺪ ﺗﻨﺘﺼﺮ ﺻﺪﻓﺔً...؟ ﺩﻋﻨﻲ ﺃﺷﺮﺡ ﻟﻚ ﺍﻟﺤﺎﻝ، ﻷﻧﻚ ﻭﺍﺿﺢٌ ﺃﻧﻚ ﻻ ﺗﻌﺮﻑ ﻣﻮﺿﻌﻚ."""
Ushiromiya Krauss,"""ﻣﺎﺫﺍﺍﺍ......؟"""
{f:5:Virgilia},"""ﻫﻮﻫﻮﻫﻮﻫﻮ... ﻟﻨﻔﺘﺮﺽ ﺃﻧﻚ ﺍﺳﺘﻌﻤﻠﺖ ﻣﺌﺔ ﺑﺎﻟﻤﺌﺔ ﻣﻦ ﻗﻮﺗﻚ، ﻓﻤﺴﺘﻮﻯ ﻗﻮﺗﻚ ﻻ ﻳﻔﻮﻕ ﺍﻟﺴﺘﺔ. ﺑﺎﻟﻤﻘﺎﺑﻠﺔ، ﻟﻬﺬﺍ ﺍﻟﻄﻔﻞ ﻣﺴﺘﻮﻯ ﻗﻮﺓ ﻳﺒﻠﻎ ﺍﻷﻟﻒ. ﺑﺎﺧﺘﺼﺎﺭ، ﻭﻟﻮ ﻭﺟﺪ ﻣﺌﺔٌ ﻣﻨﻚ، ﻓﻠﻦ ﺗﻨﺘﺼﺮ ﺃﺑﺪًﺍ."""
{f:5:Virgilia},"""ﺣﺴﻨًﺎ، ﺻﺤﻴﺢٌ ﺃﻥ ﻓﻲ ﺍﻟﻘﺘﺎﻝ ﻋﻨﺎﺻﺮَ ﻻ ﺗُﺤﺴَﻢ. ﺃُﻗﺮُّ ﺑﺄﻥ ﻣﺴﺘﻮﻯ ﻗﻮﺗﻚ ﻳﺨﻀﻊ ﻟﻌﺎﻣﻞِ ﺗﺪﺭﺝ ﻃﻔﻴﻒ."""
{f:5:Virgilia},"""ﻟﻜﻦ ﻣﻊ ﺫﻟﻚ، ﻓﺮﺻﻚ ﻓﻲ ﻫﺰﻳﻤﺘﻪ ﺗﺒﻠﻎ ﻧﺤﻮ 10000.0٪ ﺭﺑﻤﺎ. ﻫﻞ ﺗﺪﺭﻙ؟ ﻟﻴﺲ ﻟﻚ ﻧﺼﻴﺐٌ ﺣﺘﻰ ﻣﻦ ﺑﻴﻦ ﻋﺸﺮﺓ ﺁﻻﻑ ﻓﺮﺻﺔٍ ﻟﻠﻈﻔﺮ ﺑﺎﻟﻔﻮﺯ. ﻫﻮﻩ-ﻫﻮﻩ-ﻫﻮﻩ-ﻫﻮ...!"""
, ﺿﺤﻜﺖ {f:7:ﻓﻴﺮﺟﻴﻠﻴﺎ} ﻭﺍﻟﻤﺎﻋﺰ ﻣﻌًﺎ.
Ushiromiya Krauss,"""ﻝ-...ﺍﻟﻠﻌﻨﺔ...... ﺇﻥ ﻛﺎﻧﺖ ﻓﺮﺻﺔ ﻭﺍﺣﺪ ﻓﻲ ﻋﺸﺮﺓ ﺁﻻﻑ، ﻓﺎﻟﻤﻜﺴﺐ ﺳﻴﻜﻮﻥ ﺃﺿﻌﺎﻓًﺎ ﺑﻌﺸﺮﺓ ﺁﻻﻑ، ﺃﻟﻴﺲ ﻛﺬﻟﻚ؟ ...ﻳﺎ ﻟﻪ ﻣﻦ ﺭﻫﺎﻥٍ ﺟﺮﻱﺀ. ﺗﻌﺠﺒﻨﻲ ﻣﺜﻞ ﻫﺬﻩ ﺍﻟﺮﻫﺎﻧﺎﺕ، ﺗﺠﻌﻠﻨﻲ ﺃﺭﻏﺐ ﻓﻲ ﺧﻮﺿﻬﺎ..."""
{f:5:Virgilia},"""ﻫﻮﻩ-ﻫﻮﻩ-ﻫﻮﻩ-ﻫﻮ! ﻟﻜﻦ ﺍﻟﻌﻤﻠﺔ ﻟﺸﺮﺍﺀ ﺫﻟﻚ ﻫﻲ ﺣﻴﺎﺗﻚ، ﻭﻻ ﺣﻴﺎﺓ ﺇﻻ ﻭﺍﺣﺪﺓ، ﺗﺪﺭﻙ ﺫﻟﻚ. ﻭﻣﻊ ﺫﻟﻚ، ﺃﻓﻬﻢ ﺭﻏﺒﺔ ﺇﻳﺪﺍﻉ ﻣﺼﻴﺮﻙ ﻓﻲ ﺗﻠﻚ ﺍﻟﻤﻌﺠﺰﺓ."""
{f:5:Virgilia},"""......ﻭﻟﻬﺬﺍ، ﻣﺪﻳﺤًﺎ ﻟﺸﺠﺎﻋﺘﻚ ﻓﻲ ﺍﻟﻮﻗﻮﻑ ﻓﻲ ﻭﺟﻬﻨﺎ ﺑﻼ ﺧﻮﻑ، ﺃﻋﻄﻴﻚ ﻗﻠﻴﻼً ﻣﻦ ﺍﻟﺘﺴﻬﻴﻞ. ﻫﺬﺍ ﺍﻟﻄﻔﻞ ﺳﻴﺤﺎﺭﺏ ﺑﻴﺪﻩ ﺍﻟﻴﺴﺮﻯ ﻓﺤﺴﺐ. ﻟﻜﻦ ﻣﻊ ﺫﻟﻚ، ﻻ ﺃﺳﺘﻄﻴﻊ ﺃﻥ ﺃﺗﺼﻮﺭ ﻟﺤﻈﺔً ﺃﻧﻪ ﺳﻴﺨﺴﺮ ﺃﻣﺎﻣﻚ."""
{f:5:Virgilia},"""............ﺣﻘﺎ، ﻣﺎ ﺫﺍﻙ ﺍﻟﺸﻲﺀ ﺍﻟﺬﻱ ﻳﻈﻞ ﻳﺮﻥ ﺑﻴﻨﻎ-ﺑﻮﻧﻎ-ﺑﻴﻨﻎ-ﺑﻮﻧﻎ؟"""
Ushiromiya Krauss,"""ﺡ-...ﺣﺴﻨًﺎ ﺟﺪًﺍ. ﺳﺄﻗﺒﻞ ﻫﺬﺍ ﺍﻟﺘﺤﺪﻱ...... ﺫﺭﺍﻉٌ ﻳﺴﺮﻯ ﺃﻡ ﻏﻴﺮﻫﺎ، ﻟﺴﺖُ ﻓﻲ ﻣﺄﻣﻦٍ ﺳﻮﻯ ﻣﻦ ﺿﺮﺑﺔٍ ﻭﺍﺣﺪﺓٍ ﻋﻠﻰ ﺍﻷﺭﺟﺢ. ......ﻟﻴﺲ ﻟﻲ ﺇﻻ ﻓﺮﺻﺔُ ﺿﺮﺑﺔٍ ﻭﺍﺣﺪﺓ. ﺃﺭﺍﻫﻦُ ﺑﻜﻞ ﺷﻲﺀٍ ﻋﻠﻰ ﺗﻠﻚ ﺍﻟﻔﺮﺻﺔ."""
Nanjo Terumasa,"""ﻫﺬﺍ ﺟﻨﻮﻥ ﻳﺎ ﻛﺮﺍﻭﺱ-ﺳﺎﻥ...! ﺃﻋﻠﻢ ﺃﻧﻚ ﻛﻨﺖ ﺗﻤﺎﺭﺱ ﺍﻟﻤﻼﻛﻤﺔ، ﻟﻜﻨﻲ ﺃﻇﻦ ﺫﻟﻚ ﻛﺎﻥ ﻓﻲ ﺃﻳﺎﻡ ﺍﻟﺠﺎﻣﻌﺔ... ﻻ، ﻻ، ﺣﺘﻰ ﻟﻮ ﻛﺎﻥ ﻫﻨﺎﻟﻚ ﻣﻼﻛﻢٌ ﻣﺤﺘﺮﻑ ﻫﻨﺎ، ﻻ ﻣﺤﺎﻝ ﺃﻥ ﻳﻘﻬﺮ ﻭﺣﺸًﺎ ﻛﻬﺬﺍ ﺑﻀﺮﺑﺔٍ ﻭﺍﺣﺪﺓ...!"""
Ushiromiya Kyrie,"""......ﺫﺍﻙ ﻟﻜﺎﻥَ ﺣﻘًﺎ ﻟﻮ ﺃﻧُّﻪ ﻗﺘﺎﻝٌ ﻓﻲ ﺍﻟﺤﻠﺒﺔ. ﻟﻜﻦ ﻷﺧﻲ ﻛﺮﺍﻭﺱ ﺍﺣﺘﻤﺎﻝٌ ﺿﺌﻴﻞٌ ﻳَﻘِﺮُّ ﺑﻪ ﺍﻟﻤﺮﺀ. ......ﻫﻮ ﻳﺠﻤﻊ ﻛﻞ ﺁﻣﺎﻟﻪ ﻋﻠﻰ ﺗﻠﻚ ﺍﻟﻔﺮﺻﺔِ ﺍﻟﻮﺍﺣﺪﺓ..."""
Kanon,"""ﺃ-ﺃﻧﺖِ ﻻ ﺗﻘﺼﺪﻳﻦ... ﻟﻜﻦ... ﻻ ﺳﺒﻴﻞ ﻷﻥ ﻳﻨﺠﺢ ﺫﻟﻚ..."""
Shannon,"""......ﻛﺮﺍﻭﺱ-ﺳﺎﻣﺎ........."""
Ushiromiya Krauss,"""ﺭ-ﺭﺍﻗﺒﻮﻧﻲ... ﺳﺄﺣﻠﻬﺎ ﺑﻀﺮﺑﺔٍ ﻭﺍﺣﺪﺓ..."""
, ﻫﻮﻩ-ﻫﻮﻩ-ﻫﻮﻩ-ﻫﻮ... ﻳﺎ ﻟﻌﺪﻡِ ﺍﻟﺤﻜﻤﺔ.{n}ﺃﻋﻠﻢ ﻣﺎ ﺗﺮﻣﻲ ﺇﻟﻴﻪ.{n}ﺍﻟﻤﺴﺎﻓﺔ ﺑﻴﻨﻬﻤﺎ ﺗﺰﻳﺪُ ﻋﻦ ﻋﺸﺮﺓِ ﺃﻣﺘﺎﺭ.
, ﺇﻥ ﺧﻄﺎ ﺍﻟﻤﺎﻋﺰ ﻭﻛﺮﺍﻭﺱ ﻛﻠﻬﻤﺎ ﺑﻘﻮﺗﻬﻤﺎ ﻟﺘﺴﻮﻳﺔ ﺍﻟﺤﺴﺎﺏ ﺑﻀﺮﺑﺔٍ ﻭﺍﺣﺪﺓ، ﻓﺴﺘﺘﻀﺎﻋﻒ ﻗﻮﺗﻬﻤﺎ ﺇﻟﻰ ﺍﻟﻀﻌﻒ.{n}ﻭﺳﻴﺼﻄﺪﻣﺎﻥ ﻣﻌﺎ، ﻓﺘﺼﻴﺮ ﺍﻟﻘﻮﺓُ ﻧﺴﺒﻴًﺎ ﺃﺭﺑﻊَ ﻣﺮﺍﺕٍ ﺍﻟﻤﺄﻟﻮﻑ.
, ﻭﺇﻥ ﺻﺎﺩﻓَﺖ ﺍﻟﻀﺮﺑﺔُ ﻧﻘﻄﺔَ ﺿﻌﻒٍ ﻓﻜﺎﻧﺖ ﺿﺮﺑﺔً ﺣﺮﺟﺔ، ﻓﺴﻴﺘﻀﺎﻋﻒُ ﺫﻟﻚ ﺃﻳﻀﺎ.
, ...ﺑﺎﺧﺘﺼﺎﺭ، ﺃﻗﺼﻰ ﻣﺴﺘﻮﻯ ﻟﻘﻮﺓ ﻛﺮﺍﻭﺱ -ﺳﺘﺔ- ﻣﻀﺮﻭﺑًﺎ ﻓﻲ ﺛﻤﺎﻧﻴﺔ ﻟﻦ ﻳﺘﺠﺎﻭﺯ ﺍﻟﺜﻤﺎﻥ ﻭﺃﺭﺑﻌﻴﻦ ﻋﻠﻰ ﺍﻷﻛﺜﺮ.
, ﻟﻌﻠﻪ ﻳَﻨﺠﺢُ ﺑﺎﻟﻜﺎﺩ ﻟﻮ ﺗﻜﺮﺭﺕ ﺗﻠﻚ ﺍﻟﻀﺮﺑﺔ ﺍﻟﻤﺤﻈﻮﻇﺔ ﻋﺸﺮﻭﻥ ﻣﺮﺓً ﻛﺎﻣﻠﺔ.
, ﻫﻮﻫﻮﻫﻮﻫﻮﻫﻮﻫﻮ، ﺇﻥ ﺗُﻘﺘﻞ ﻓﻲ ﻛﻞِّ ﻣﺮﺓٍ ﺗﺘﻠﻘﻰ ﺿﺮﺑﺔً، ﻭﺗﺘﺮﺍﻛﻢ ﻋﻠﻴﻚَ ﺍﻷﺫﻳّﺔ، ...ﻟﻨﺮَ، ﻟﻌﻠﻚ ﺗﻔﻮﺯ ﺣﻴﻦ ﻧﺼﻞ ﺇﻟﻰ ﺍﻟﺤﻠﻘﺔ ﺍﻟﺮﺍﺑﻌﺔ ﻭﺍﻟﻌﺸﺮﻳﻦ؟
, ﻫﻮﻩ-ﻫﻮﻩ-ﻫﻮﻩ-ﻫﻮ، ﻟﻴﺖ ﻫﺬﻩ ﺍﻟﺮﻭﺍﻳﺔ ﺗﻄﻮﻝ ﻫﻜﺬﺍ..! ﻋﻠﻰ ﺃﻳّﺔِ ﺣﺎﻝ، ﻟﻴﺲ ﻟﻜﻢ ﺃﺩﻧﻰ ﻓﺮﺻﺔٍ ﻟﻠﻈﻔﺮ!
, ......ﻳﺎ ﻟﻺﺯﻋﺎﺝ، ﻣﺎ ﺫﻟﻚ ﺍﻟﺼﻮﺕ ﺑﻴﻨﻎ-ﺑﻮﻧﻎ ﺍﻟﺬﻱ ﻻ ﺃﻧﻘﻄﻊ ﻋﻦ ﺳﻤﺎﻋﻪ؟
Ushiromiya Krauss,"""ﺃﺭﺍﻫﻦ ﺑﻜﻞ ﺷﻲﺀٍ ﻋﻠﻰ ﺿﺮﺑﺔٍ ﻭﺍﺣﺪﺓ... ﻻ ﺗﺘﺮﺩﺩ ﻳﺎ ﺻﺪﻳﻘﻲ ﺍﻟﻤﺎﻋﺰ. ﺃﺭﻧﻲ ﻣﺎ ﺑﺠﻌﺒﺘﻚ..."""
{f:5:Virgilia},"""ﻫﻮﻫﻮﻫﻮﻫﻮ، ﻳﻄﻠﺐ ﻣﻨﻚ ﺃﻥ ﺗﻬﺎﺟﻤﻪ ﺑﻜﻞ ﻣﺎ ﺃﻭﺗﻲَّ ﻟﻚ. ﻫﻴَّﺎ ﻗﻄِّﻌﻪ ﺇﻟﻰ ﺷﺮﺍﺋﺢ ﻟﺤﻢ ﺑﻀﺮﺑﺔٍ ﻭﺍﺣﺪﺓ."""
, ﺣﻔﺰ ﺍﻟﻤﺎﻋﺰ ﺣﻤﺎﺳﻪ ﻭﺿﺮﺏ ﺻﺪﺭﻩ ﻣﺮﺍﺭًﺍ، ﻭﺍﺗﺨﺬ ﻣﻮﺿﻌًﺎ ﻛﺄﻧﻪ ﻳﺴﺘﻌﺪ ﻟﻼﻧﻄﻼﻕ.
, ﻫﻮﻩ-ﻫﻮﻩ-ﻫﻮﻩ-ﻫﻮ، ﻫﻞ ﻛﺎﻥ ﻫﺬﺍ ﻣﺎ ﺗﺮﺟﻮﻩ؟
, ﺭﻫﺎﻧﻚ ﻋﻠﻰ ﻗِﻤِﺔ ﻗﻮﺗﻚ، ﻭﻳﺎ ﻟﺨﻴﺒﺔِ ﺍﻟﺮﺟﺎﺀِ ﺇﻥ ﻟﻢ ﺗﺒﻠﻎ ﺍﻟﻐﺎﻳﺔ!
, ﺭﻥ ﻣﺠﺪﺩﺍ! ﺫﺍﻙ ﺍﻟﺸﻲﺀ ﻣﺰﻋﺞٌ ﺍﻟﻠﻌﻨﺔ، ﻣﺎ ﻫﻮ ﺑﺤﻘﻪ؟!
Ushiromiya Krauss,"""ﻫﺎ ﺃﻧﺬﺍ...... ﺃﺃﻧﺖ ﺟﺎﻫﺰ؟"""
, ﺭﺩ ﺍﻟﻤﺎﻋﺰ ﺑﺰﺋﻴﺮ.
, ﺛﻢ، ﺑﺘﻮﻗﻴﺖٍ ﻣﺘﻄﺎﺑﻖٍ ﻻ ﻳﺪﺭﻛﻪ ﺇﻻ ﺍﻟﻤﺘﺒﺎﺭﺯﺍﻥ، ......ﻗﻔﺰﺍ ﺍﻻﺛﻨﺎﻥ ﺇﻟﻰ ﺍﻷﻣﺎﻡ ﻛﺎﻟﺮﺻﺎﺹ ﺍﻟﻄﺎﻟﻊ ﻣﻦ ﺍﻟﺴﺒﻄﺎﻧﺔ.
, ﻋﻮﻯ ﺍﻟﺮﺟﻼﻥ، ﻳﺤﺸﺪﺍﻥ ﺑﺄﺱ ﺃﺑﺪﺍﻧﻬﻤﺎ ﺃﺟﻤﻊ ﻓﻲ ﺫﺭﺍﻉٍ ﻭﺍﺣﺪٍ ﻟﻜﻞٍّ ﻣﻨﻬﻢ.
, ﻭﺗﻌﻠﻘﺖ ﻋﻴﻨﺎ ﺍﻟﻤﺎﻋﺰ ﺍﻟﻤﺸﺘﻌﻠﺘﺎﻥ ﺍﻟﻤﺘﻮﻫﺠﺘﺎﻥ ﺑﻮﺟﻪ ﻛﺮﺍﻭﺱ ﻛﺄﻧﻬﻤﺎ ﻧﺎﺭٌ ﻣﻦ ﺟﻤﺮ.
, ......ﻛﺎﻥ ﻳُﺒﺼﺮُ ﻓﻲ ﺧﻴﺎﻟﻪ ﺳﺎﻋﺔَ ﻳﺘﻘﺪّﻡُ ﺧُﻄﻮﺓً، ﻭﺣﻴﻦ ﻳﺨﺮﻕُ ﻛﺮﺍﻭﺱ ﺑﻀﺮﺑﺘﻪ ﻓﻴﻘﺬﻓﻪُ ﺑﻌﻴﺪﺍ، ﻭﺣﻴﻦ ﻳﻨﺎﻝُ ﺍﻟﻨﺼﺮَ ﺍﻟﻤﺒﻴﻦ.
, ﻋﺎﺩﺕ ﺇﻟﻰ ﺫﻫﻦ ﺍﻟﻤﺎﻋﺰ ﺃﻳﺎﻣُﻪ ﺍﻟﻄﻮﻳﻠﺔ ﺍﻟﻤﻮﺟﻌﺔ ﻗﺒﻞ ﻫﺬﺍ ﺍﻟﻴﻮﻡ......
, ﺃﻳﺎﻡ ﺍﻟﺘﺪﺭﻳﺐ ﺍﻟﻌﺴﻴﺮﺓ ﺍﻟﺘﻲ ﻛﺎﻥ ﺷﻴﻮﺧﻪ ﻓﻴﻬﺎ ﻳﺴﺨﺮﻭﻥ ﻣﻨﻪ...
, ﻭﺍﻟﻮﻣﻀﺎﺕ ﺍﻟﺨﺎﻓﺘﺔ ﻣﻦ ﺭﺃﻓﺘﻬﻢ ﺑﻪ ﻓﻲ ﺗﻠﻚ ﺍﻷﻳﺎﻡ.
, ﻭﻓﺮﺣﻪ ﻳﻮﻡ ﺃﻗﺮﺕ ﻗﻮﺗﻪ، ﻓﻘﺒﻞ ﺑﻴﻦ ﺍﻟﻘﻮﻡ ﻋﻀﻮﺍ ﻣﻨﻬﻢ...!
, ﻣﺎ ﺍﺣﺘﺮﻣﺖ ﻭﺍﻟﺪﻱ ﺣﻖ ﺍﻻﺣﺘﺮﺍﻡ.
, ......ﻧﻌﻢ، ﻟﻘﺪ ﻧﻮﻳﺖ ﺃﻥ ﺃﻏﺴﻞ ﻳﺪﻱ ﻣﻦ ﻫﺬﺍ ﺍﻟﺸﺄﻥ ﺑﻌﺪ ﺍﻧﺘﻬﺎﺀ ﻫﺬﻩ ﺍﻟﻤﻬﻤﺔ، ﻭﺃﻋﻮﺩ ﺇﻟﻰ ﻣﺴﻘﻄﻲ.
, ﺍﻋﺬﺭﻳﻨﻲ، ﺃﻳﺘﻬﺎ ﺍﻷﺧﺖ ﺍﻟﺼﻐﺮﻯ، ﻳﺎ ﺗﻴﺴﺘﻲ... ﻟﻘﺪ ﺟﺮ ﻋﻠﻴﻚ ﺃﺧﻮﻙ ﺍﻟﻤﺸﻘﺔ ﻭﺍﻟﻬﻢ.
, ﻭﺃﻧﺎ... ﺇﻥ ﻟﻲ ﺻﺪﻳﻘﺔ ﺻﺒﺎ، ﻭﺳﺄﺗﺰﻭﺟﻬﺎ ﺣﻴﻦ ﺃﻋﻮﺩ ﺇﻟﻰ ﺍﻟﺪﺍﺍﺍﺍﺍﺍﺭ!!!
{f:5:Virgilia},"""ﻏﻴﺎﺍﺍﺍﺍﺍﺍﻩ!! ﻛﻼﺍﺍﺍﺍﺍﺍﺍ!! ﻛﻒ ﻋﻦ ﻧﺼﺐ ﻛﻞ {c:86EF9C:ﺭﺍﻳﺎﺕ ﺍﻟﺨﺴﺎﺍﺍﺍﺍﺍﺍﺍﺍﺍﺭﺓ} ﻫﺬﻩ!!"""
{f:5:Virgilia},"""ﻟﻦ ﺗﺤﺘﻤﻞ ﺗﻠﻚ ﺍﻟﻠﻜﻤﺔ، ﺗﺠﻨﺒﻬﺎﺍﺍﺍﺍﺍ!!"""
, ﻭﺣﺪﺙ ﺫﻟﻚ ﻓﻲ ﺍﻟﻠﺤﻈﺔ ﺍﻟﺘﻲ ﺳﺒﻘﺖ ﺍﻻﺻﻄﺪﺍﻡ ﻭﺗﻘﺎﻃﻊ ﻗﺒﻀﺘﻴﻬﻤﺎ.
Ushiromiya Kyrie,"""ﻳﺎ {f:7:ﻓﻴﺮﺟﻴﻠﻴﺎ} ﺍﻟﺤﻤﻘﺎﺀ، ﻳﺒﺪﻭ ﺃﻧﻚِ ﻋﺠﺰﺕ ﻋﻦ ﺍﺗﺨﺎﺫ ﻗﺮﺍﺭٍ ﺭﺻﻴﻦ."""
{f:5:Virgilia},"""ﻻ ﺗﺘﻠﻖَ ﺗﻠﻚ ﺍﻟﻀﺮﺑﺔ!! ﺍﺻﺮﻓﻬﺎ ﻋﻨﻚ!!"""
The Goat Butler,"""?!?!"""
, ﻓﻲ ﺍﻟﻠﺤﻈﺔ ﻋﻴﻨﻬﺎ ﺍﻟﺘﻲ ﺍﻟﺘﻘﺖ ﻓﻴﻬﺎ ﻳﺴﺎﺭ ﺍﻟﺘﻴﺲ ﺍﻟﻤﺴﺘﻘﻴﻤﺔ ﺑﻴﻤﻴﻦ ﻛﺮﺍﻭﺱ! ﺃﻃﺎﻉ ﺍﻟﺘﻴﺲ ﺃﻣﺮ {f:7:ﻓﻴﺮﺟﻴﻠﻴﺎ} ﺑﻐﺮﻳﺰﺓ ﺧﺎﻃﻔﺔ، ﻓﺎﺭﺗﺪﺕ ﻗﺒﻀﺘﻪ ﻭﺍﻧﺤﺮﻓﺖ ﺿﺮﺑﺔ ﻛﺮﺍﻭﺱ!
Ushiromiya Krauss,""".........ﻣﻤﻐـﻪ-"""
, ﻧﻌﻢ، ﻟﻘﺪ ﻛﺎﻥ ﻗﺮﺍﺭ {f:7:ﻓﻴﺮﺟﻴﻠﻴﺎ} ﺣﻜﻴﻤﺎ.{n}ﺇﺫ ﺇﻥ ﻋﺪﺩ ﺭﺍﻳﺎﺕ ﺍﻟﺨﺴﺎﺭﺓ ﻳﻀﺎﻋﻒ ﻗﻮﺓ ﺍﻟﺨﺼﻢ ﺃﺿﻌﺎﻓًﺎ ﻣﻀﺎﻋﻔﺔ!
{f:5:Virgilia},"""ﻟﻘﺪ ﻛﺎﻥ ﺍﻷﻣﺮ ﻋﻠﻰ ﺷﻔﺎ ﻫﻠﻜﺔ. ﻟﻮ ﺗﻠﻘﻴﺖَ ﺗﻠﻚ ﺍﻟﻠﻜﻤﺔ ﺑﻌﺪ ﺃﻥ ﻧﺼﺒﺖَ ﻫﺬﺍ ﺍﻟﺤﺸﺪ ﻣﻦ ﺭﺍﻳﺎﺕ ﺍﻟﺨﺴﺎﺭﺓ، ﻓﺘﺨﻴﻞ ﻛﻢ ﻛﺎﻥ ﺳﻴﺘﻌﺎﻇﻢُ ﺑﺄﺳُﻬﺎ...!!"""
{f:5:Virgilia},"""ﻫﻠﻢَّ، ﻣﻦ ﻫﻨﺎﻙ، ﺍﺳﺤﻖ ﺍﻟﺠﺎﻧﺐ ﺍﻷﻳﻤﻦ ﺍﻟﻤﻜﺸﻮﻑ ﻣﻦ ﻭﺟﻬﻪ ﺑﻴﻤﻴﻦٍ ﻣﺴﺘﻘﻴﻤﺔ!"""
{f:5:Virgilia},"""ﻣﺎﺫﺍ؟ ﺃﻭﻋﺪﺕ ﺃﻥ ﺗﻘﺎﺗﻞ ﺑﻴﺴﺮﺍﻙ ﻓﻘﻂ؟"""
{f:5:Virgilia},"""ﻫﻮﻩ-ﻫﻮﻩ-ﻫﻮ!! ﺍﻟﻮﻋﻮﺩ ﺇﻧﻤﺎ ﺗُﻌﻘَﺪُ َﻟﺘُﻨﻜَﺚَ، ﻧُﻜﺜًﺎﺍﺍﺍﺍﺍ!!"""
{f:5:Virgilia},"""ﻏﻴﺎﻩ، ﻧَﺼَﺐَ ﺭﺍﻳﺔً ﺃٌﺧﺮﺍﺍﺍﺍﺍﺍ!!"""
Ushiromiya Kyrie,"""ﺧﺎﺏ ﻇﻨﻲ ﺑﻚ ﻳﺎ {f:7:ﻓﻴﺮﺟﻴﻠﻴﺎ}. ﻟﻘﺪ ﻛﻨﺖ ﺗﻔﺘﻘﺮﻳﻦ ﺇﻟﻰ ﺍﻟﺮﺯﺍﻧﺔ."""
{f:5:Virgilia},"""ﻭﻣﺎ ﺫﻟﻚ......؟! ﻛﻴﻒ ﺃﻛﻮﻥ ﻏﻴﺮ ﺭﺯﻳﻨﺔٍ ﻭﻗﺪ ﺃﺩﺭﻛﺖُ ﺍﻷﻣﺮ ﻗﺒﻞ ﻭﻗﻮﻋﻪ، ﻭﺟﻌﻠﺘُﻪُ ﻳﺘﺠﻨﺒﻪ...؟!"""
Shannon,"""ﻟﻤﺎﺫﺍ ﻳﺎ ﻛﻴﺮﻳﻲ-ﺳﺎﻣﺎ...؟ ﻟﻮ ﺃﻧﻬﻤﺎ ﺍﺻﻄﺪﻣﺎ، ﺃﻛﺎﻥ ﻛﺮﺍﻭﺱ-ﺳﺎﻣﺎ ﻟﻴَﺨﺴﺮ......؟"""
Kanon,""".........ﺁﻩ، ﻓﻬﻤﺖ...! ﺣﺘﻰ ﺑﻌﺸﺮﻳﻦ ﺭﺍﻳﺔِ ﺧﺴﺎﺭﺓ، ......ﻓﺬﻟﻚ ﻻ ﻳﻜﻔﻲ!"""
, ﺍﻧﺪﻓﺎﻉُ ﻛﺮﺍﻭﺱ ﻭﺍﻟﺘﻴﺲ ﺍﻟﻤﺰﺩﻭﺝ ﻳﺠﻌﻠﻬﺎ ×4.{n}ﻭﺑﺒﺮﻛﺔِ ﻣﻌﺠﺰﺓٍ ﺗُﻀﺎﻋِﻒُ ﻭﻋﺪُ ﺍﻟﻀﺮﺑﺔ ﺍﻟﻘﺎﺿﻴﺔ ﻓﺘﺼﺒﺢُ ×8.
, ﺛﻢ ﺗﻀﺎﻑ ×02 ﺑﻌﺪﺩ ﺭﺍﻳﺎﺕ ﺍﻟﺨﺴﺎﺭﺓ ﺍﻟﻤﻨﺼﻮﺑﺔ، ﻓﺘﺼﺒﺢُ ×061.
, ﻭﻟﻠﻮﻫﻠﺔِ ﺍﻷﻭﻟﻰ ﺗﺒﺪﻭ ﻣﻀﺎﻋﻔﺔً ﻫﺎﺋﻠﺔ، ﻟﻜﻦ ﻗﻮﺓ ﻛﺮﺍﻭﺱ ﻻ ﺗﺰﺍﻝُ 6.{n}ﻓﺤﺘﻰ ﻣﻀﺮﻭﺑﺔ ﺑـ061، ﻻ ﺗﺰﻳﺪ ﻗﻮﺗﻪ ﻋﻠﻰ 069.{n}ﻭﺫﻟﻚ ﺃﺩﻧﻰ ﻗﻠﻴﻼً ﻣﻦ ﺃﻟﻒِ ﺍﻟﻤﺎﻋﺰ...!
Ushiromiya Kyrie,"""ﻟﺬﻟﻚ ﻗﻠﺖُ ﺇﻧﻚِ ﻟﻢ ﺗﻜﻮﻧﻲ ﺭﺯﻳﻨﺔ. ﻟﻘﺪ ﺃﺧﻄﺄﺕ. ﻓﻠﻮ ﺍﺻﻄﺪﻣﺎ، ﻟﻜﻨﺖِ ﺃﻧﺖِ ﺍﻟﻐﺎﻟﺒﺔ."""
{f:5:Virgilia},"""ﻫـﻬﻮﻩ-ﻫﻮﻩ-ﻫﻮﻩ-ﻫﻮ!! ﻭﻟﻮ ﻛﺎﻥ ﺫﺍﻙ، ﻓﺎﻷﻣﺮُ ﺳﻮﺍﺀٌ ﺇﻥ ﺳﺤﻘﺖُ ﺭﺃﺱ ﻛﺮﺍﻭﺱ ﺑﻬﺬﻩ ﺍﻟﻴﻤﻴﻦ ﺍﻟﻤﺴﺘﻘﻴﻤﺔ!! ﻣﺖْ ﻳﺎ ﺃﻭﺷﻴﺮﻭﻣﻴﺎ ﻛﺮﺍﻭﺱ!!!"""
Ushiromiya Krauss,"""......ﺗﻠﻖَّ ﻫﺬﻩ... ﻓﻬﻲ ﺃﻋﺘﻰ ﺿﺮﺑﺔٍ ﻓﻲ ﻋﺎﻟﻢ ﺍﻟﻤﻼﻛﻤﺔ."""
, ﺇﺫ ﺻﺪَّ ﺿﺮﺑﺔَ ﻛﺮﺍﻭﺱ ﺍﻟﻴﻤﻨﻰ، ﺍﻧﻘﻀّﺖْ ﻳﻤﻴﻦُ ﺍﻟﻤﺎﻋﺰ ﻧﺤﻮ ﺍﻟﺠﺎﻧﺐِ ﺍﻷﻳﻤﻦِ ﺍﻟﻤﻜﺸﻮﻑ ﻣﻦ ﻭﺟﻪِ ﻛﺮﺍﻭﺱ...
, ﻟﻜﻨّﻬﺎ ﺍﻟﺘﻘﺖْ ﻫﻨﺎﻙ ﺑﻴﺴﺎﺭِ ﻛﺮﺍﻭﺱ ﺍﻟﻤﺴﺘﻘﻴﻤﺔ...
, ﺗﻘﺎﻃﻌﺖ ﺍﻟﻠﻜﻤﺘﺎﻥ، ﻭﺟﻤﺪَ ﺍﻟﺰﻣﻦُ ﺇﺫ ﺍﺳﺘﻬﺪﻓﺖ ﻛﻠﺘﺎﻫﻤﺎ ﻭﺟﻪ ﺍﻵﺧﺮ......
{f:5:Virgilia},"""ﻫﻮ.........ﻫﻮﻫﻮﻫﻮﻫﻮ. ﺃﻥ ﻳُﻔﻀﻲَ ﺍﻷﻣﺮُ ﺇﻟﻰ ﺿﺮﺑﺔ ﻣﺘﺰﺍﻣﻨﺔ ﻓﻲ ﻟﺤﻈﺔٍ ﻛﻬﺬﻩ، ﻟﻌﺠﺐٌ! ﻏﻴﺮ ﺃﻥ ﻗﻮﺗﻪ ﺗﺒﻠﻎ ﺣﺪﻫﺎ ﻋﻨﺪ ×061، ﺃﻱ ﺗﺴﻌﻤﺎﺋﺔ ﻭﺳﺘﻴﻦ!! ﻟﻢ ﺗَﺒﻠُﻎْ ﺑﻌﺪُ ﺃﻟﻒَ ﻃﻔﻠﻲ...!"""
Nanjo Terumasa,""".........ﻻ. ﻳﺎ {f:7:ﻓﻴﺮﺟﻴﻠﻴﺎ}. ......ﻟﻘﺪ ﺧﺴﺮﺕِ."""
{f:5:Virgilia},"""ﻟِﻢَ؟!"""
Nanjo Terumasa,"""ﻟﻘﺪ ﺟﻌﻠﺖِ ﻣﺎﻋﺰﻙِ ﻳﺼﺪُّ ﺍﻟﻠﻜﻤﺔ ﺍﻷﻭﻟﻰ ﺍﻟﻤﺘﻘﺎﻃﻌﺔ. ......ﺣﻘًﺎ، ﻟﻮ ﺃﻥ ﺍﻟﻴﻤﻴﻦ ﺍﻟﻤﺴﺘﻘﻴﻤﺔ ﺍﻟﺘﻲ ﺃﻃﻠﻘﻬﺎ ﺑﻌﺪ ﺫﻟﻚ ﺃﺻﺎﺑﺖ، ﻟﺘﻤﺰﻕ ﻛﺮﺍﻭﺱ-ﺳﺎﻥ ﺇﺭﺑًﺎ."""
Nanjo Terumasa,"""...ﻏﻴﺮ ﺃﻧﻬﺎ ﺍﻟﺘﻘﺖ ﺑﻐﻴﺮﻫﺎ... ......ﻭﻫﺬﺍ ﻻ ﻳُﺠﺪﻱ ﻧﻔﻌًﺎ. ﺃﺧﺸﻰ ﺃﻧﻬﺎ ﺧﺴﺎﺭﺓٌ ﺗﺎﻣّﺔٌ ﻟﻤﺎﻋِﺰﻙ."""
, ﻓﻠﻠﻀﺮﺑﺔِ ﺍﻟﻤﺘﻘﺎﻃﻌﺔِ ﻗﻮّﺓُ ﺗﺪﻣﻴﺮٍ ﺗﺒﻠﻎُ ﺃﺭﺑﻌﺔَ ﺃﺿﻌﺎﻑ.{n}ﻭﻫﺬﺍ ﻣﻦ ﺍﻟﺒﺪﻳﻬﻴﺎﺕ ﻓﻲ ﻓﻦ ﺍﻟﻤﻼﻛﻤﺔ.
, ﻭﺇﻥ ﺻُﺪّﺕ ﺗﻠﻚ، ﻭﺃﺻﺎﺑﺖ ﺍﻟﻴﻤﻴﻦ ﺍﻟﻤﺴﺘﻘﻴﻤﺔ ﺑﻌﺪﻫﺎ، ﻓﺈﻥ ﺍﻟﻀﺮﺑﺔ ﺍﻟﻤﺘﻘﺎﻃﻌﺔ ﺍﻟﻤﺰﺩﻭﺟﺔ ﺗﻀﺎﻋﻒ ﺍﻟﻘﻮّﺓَ ﺛﻤﺎﻧﻴﺔَ ﺃﺿﻌﺎﻑ.{n}ﻭﻫﺬﺍ ﺃﻳﻀﺎ ﻣﻦ ﺑﺪﻳﻬﻴﺎﺕ ﺍﻟﻤﻼﻛﻤﺔ.
, ﻓﺈﻥ ﺍﻟﺘﻘﺖ ﺗﻠﻚ ﺃﻳﻀﺎ......{n}ﺑﺤﺴﺐِ ﻣﺒﺪﺃِ ﺍﻟﻌَﺘَﻠﺔ، ﺗﺘﻀﺎﻋﻒُ ﻗﻮّﺓُ ﺍﻟﺘﺪﻣﻴﺮ ﻓﻲ ﺍﻟﻀﺮﺑﺔِ ﺍﻟﺜﻼﺛﻴﺔِ ﺍﻟﻤﺘﻘﺎﻃﻌﺔ ﺇﻟﻰ ﺍﺛﻨَﻲ ﻋﺸﺮ ﺿﻌﻔًﺎ!
, ﻭﻫﺬﺍ ﻣﻦ ﺍﻟﻤﺆﻟِﻢ ﺃﻧﻪ ﻛﺬﻟﻚ ﻣﻦ ﺍﻟﻤﺴﻠﻤﺎﺕ ﻓﻲ ﻋﺎﻟﻢ ﺍﻟﻤﻼﻛﻤﺔ!!
Ushiromiya Kyrie,""".........ﻗﻮﺓ ﻛﺮﺍﻭﺱ-ﺳﺎﻥ ﻫﻲ ﺳﺖّ."""
Kanon,"""ﻭﻣﻀﺎﻋﻔﺔٌ ﻣﺰﺩﻭﺟﺔٌ ﻣﻦ ﺍﻟﺠﺎﻧﺒﻴﻦ ﻻﻧﺪﻓﺎﻋﻬﻤﺎ، ﻓﺘﺼﻴﺮُ ﺃﺭﺑﻌًﺎ."""
Shannon,"""ﻭﺍﻟﻀﺮﺑﺔُ ﺍﻟﺤﺎﺳﻤﺔُ ﺗﺠﻌﻠُﻬﺎ ﺛﻤﺎﻧﻴًﺎ."""
Nanjo Terumasa,"""ﻭﻣﺎﺋﺔ ﻭﺳﺘﻮﻥ ﻟﻔﺮﻁ ﻧﺼﺐ ﺭﺍﻳﺎﺕ ﺍﻟﺨﺴﺎﺭﺓ."""
Ushiromiya Krauss,"""......ﻭﺍﺛﻨﺎ ﻋﺸﺮَ ﻓﻮﻕ ﺫﻟﻚ ﻟﻠﻀﺮﺑﺔِ ﺍﻟﺜﻼﺛﻴﺔِ ﺍﻟﻤﺘﻘﺎﻃﻌﺔ."""
{f:5:Virgilia},"""ﺗـ... ﺗﺴﻊ ﻋﺸﺮﺓ ﻣﺌﺔ ﻭﻋﺸﺮﻳﻦ......"""
, ﻣﺴﺘﻮﻯ ﻗﻮﺓٍ ﻳﺒﻠﻎُ... ﺃﺣﺪ ﻋﺸﺮ ﺃﻟﻔًﺎ ﻭﺧﻤﺴﻤﺌﺔٍ ﻭﻋﺸﺮﻳﻦ...!! ﻟﻘﺪ ﻏﺪﺕ ﻟﻜﻤﺔ ﻛﺮﺍﻭﺱ ﻗﺎﺩﺭﺓً ﻋﻠﻰ ﺍﻟﻈﻔﺮ ﺑﺴﻬﻮﻟﺔ ﻓﻲ ﺑﻄﻮﻟﺔ ﺍﻟﺒﻮﺩﻭﻛﺎﻱ...!!!
Nanjo Terumasa,"""......ﺇﻥ ﻫﺬﺍ ﺍﻷﺛﺮَ ﺛﻤﺮﺓُ ﻣﺜﺎﺑﺮﺓ ﻛﺮﺍﻭﺱ-ﺳﺎﻥ ﻭﺇﺻﺮﺍﺭﻩ ﻋﻠﻰ ﺍﻟﻨﺼﺮ ﺣﺘﻰ ﺍﻟﺨﺘﺎﻡ، ......ﻭﻏﻄﺮﺳِﺘﻚِ. ﻓﻠﻮﻻ ﺃﺣﺪﻫﻤﺎ، ﻣﺎ ﺑﻠﻐﺖ ﺍﻟﻀﺮﺑﺔ ﻫﺬﺍ ﺍﻟﻤﺒﻠﻎَ ﻣﻦ ﺍﻟﻘﻮﺓ..."""
Nanjo Terumasa,"""......ﻟﻘﺪ ﻗﺎﺗﻠﺖَ ﺣﺴﻦَ ﺍﻟﻘﺘﺎﻝ. .........ﻻ ﺑﺄﺱ، ﺁﻥ ﻟﻚ ﺃﻥ ﺗﺴﻘﻂ ﺍﻵﻥ..."""
, ﺭﺑﺖ ﻧﺎﻧﺠﻮ ﻋﻠﻰ ﻛﺘﻒ ﺍﻟﻤﺎﻋﺰ...
, ......ﺃﺧـ... ﺃﺧﻮﻛﻢ ﺍﻟﻜﺒﻴﺮ ﺍﻋـ...ﻃﻰ ﻛﻞ ﻣﺎ ﻋﻨﺪﻩ......
, ﻭﺗﻨﺎﺛﺮﺕ ﺍﻟﺪﻣﻮﻉ ﻣﻦ ﻋﻴﻨﻲ ﺍﻟﻤﺎﻋﺰ، ﻓﺘﻬﺎﺩﻯ ﺇﻟﻰ ﺍﻟﻮﺭﺍﺀ ﻓﻲ ﺭﻓﻖ، ﻭﺳﺤﻖَ {f:7:ﻓﻴﺮﺟﻴﻠﻴﺎ} ﺣﺘﻰ ﻏﺪﺕْ ﻛﺎﻟﻔﻄﻴﺮﺓ.
{f:5:Virgilia},"""ﺃﻭﻏﻴـﺎﺍﺍﺍ!! ﺛﻘـﻴـﻞٌ ﺟـﺪًﺍ، ﺃﺯﻳﺤﻮﻩ ﻋﻨـﻴـﻴـﻴـﻲ!!"""
, ﻛﺎﻥ ﺟﺴﺪ ﺍﻟﻤﺎﻋﺰ ﺍﻟﻀﺨﻢ ﺃﺛﻘﻞ ﻣﻦ ﺃﻥ ﺗﺤﺘﻤﻠﻪ {f:7:ﻓﻴﺮﺟﻴﻠﻴﺎ} ﺍﻟﺮﺷﻴﻘﺔ.{n}ﻛﺎﻧﺖ ﺗﺘﺨﺒﻂ ﺗﺤﺘﻪ، ﻭﻟﻜﻦ ﻻ ﻳﺒﺪﻭ ﺃﻧﻬﺎ ﻗﺎﺩﺭﺓٌ ﻋﻠﻰ ﺍﻟﻔﻜﺎﻙ.
, ﻭﻓﻲ ﺗﻠﻚ ﺍﻟﻠﺤﻈﺔ، ﺍﻧﻜﺴﺮ ﺍﻟﺤﺎﺟﺰ ﺍﻟﺬﻱ ﻛﺎﻧﺖ {f:7:ﻓﻴﺮﺟﻴﻠﻴﺎ} ﻗﺪ ﺃﺣﻜﻤﺘﻪ.
Ushiromiya Krauss,"""ﻻ ﺿﻐﻴﻨﺔ ﻣﻦ ﻓﻀﻠﻚ. ﻓﺎﺳﺘﻬﺎﻧﺘﻚ ﺑﻤﺒﺪﺃ ﺍﻟﻌﺘﻠﺔ ﻫﻲ ﺳﺒﺐ ﻫﺰﻳﻤﺘﻚ."""
Ushiromiya Kyrie,"""......ﺃﻋﺠﺐُ ﻟِﻢ ﻋﻤِﻞَ ﻣﺒﺪﺃٌ ﺍﻟﻌﺘﻠﺔ ﻋﻠﻰ ﺗﻠﻚ ﺍﻟﻀﺮﺑﺔِ ﺍﻟﻤﺮﺗﺪﺓ. ﺇﻧﻪُ ﺳﺮٌ ﺃﺑﺪﻱ."""
Nanjo Terumasa,"""ﻟﻨﻬﺮﺏ ﻣﺎ ﺍﺳﺘﻄﻌﻨﺎ...!! ﺍﻋﺘﻦ ﺑﻨﻔﺴﻚ ﻳﺎ ﺳﻴﺪ ﻣﺎﻋﺰ...!"""
Shannon,"""ﺣـ... ﺣﺴﻨﺎ ﺇﺫﺍ، ﻧﻠﺘﻤﺲ ﻋﺬﺭﻧﺎ ﻳﺎ {f:7:ﻓﻴﺮﺟﻴﻠﻴﺎ}-ﺳﺎﻣﺎ!"""
Kanon,""".........*ﺍﻧﺤﻨﺎﺀﺓ*."""
{f:5:Virgilia},"""ﺍﻧﺘﻈﺮﻭﺍﺍﺍﺍ!! ﻋﻮﺩﻭﺍ ﺇﻟﻰ ﻫﻨﺎﺍﺍﺍﺍ!! ﺃﺯﻳﺤﻮﺍ ﻫﺬﺍ ﺍﻟﺸﻲﺀ ﻋﻨﻴـــــﻲ!! ﻛﻴﻴﻴﻪ!! ﻗﺒﻘﺒﻘﺒﻘﺐ!!!"""
, ﻭﻟﻢ ﻳﺒﻖَ ﻣﺎ ﻳﻌﺘﺮﺽُ ﺳﺒﻴﻠَﻬﻢ.{n}......ﺭﻛﻀﻮﺍ ﻓﻲ ﺍﻟﻤﻤﺮ ﺍﻷﺭﺿﻲ ﺑﺨُﻄًﻰ ﻣﻮﺣَّﺪﺓٍ ﻻ ﻳﻠﺘﻔﺘﻮﻥ ﻭﺭﺍﺀﻫﻢ...!
, ﻟﻘﺪ ﺃُﻃﺒِﻖَ ﺍﻟﺤﺼﺎﺭُ ﻋﻠﻰ ﺟﻴﺴﻴﻜﺎ، ﻭﺍﻟﺠﺪﺍﺭُ ﻭﺭﺍﺀَﻫﺎ.{n}......ﻛﺎﻥ ﺣﺎﺟﺰ ﺭﻭﻧﻮﻑ ﺍﻟﺴﺤﺮﻱ ﻳﺘﻘﺪﻡ ﺷﻴﺌًﺎ ﻓﺸﻴﺌًﺎ، ﻭﺳﻴﻄﺤﻨُﻬﺎ ﺇﻟﻰ ﺍﻟﺠﺪﺍﺭ ﻋﻤّﺎ ﻗﺮﻳﺐ.
, ﻭﺑﺎﻟﻨﻈﺮ ﺇﻟﻰ ﺍﻟﻤﺴﺎﻓﺔ... ﻛﺎﻧﺖ ﻫﺬﻩ ﺍﻟﻀﺮﺑﺔ ﺍﻷﺧﻴﺮﺓ، ﺍﻟﺮﻣﻴﺔ ﺍﻟﺨﺘﺎﻣﻴﺔ ﻟﻘﺒﻀﺘﻬﺎ ﺍﻟﺤﺪﻳﺪﻳﺔ.
, ﻟﻘﺪ ﺳﺪﺩﺕ ﺟﻴﺴﻴﻜﺎ ﻛﺜﻴﺮًﺍ ﻣﻦ ﺍﻟﻠﻜﻤﺎﺕ ﻣﻦ ﻗﺒﻞ.
, ......ﻓﻠﻢ ﻳﻜﻦ ﺍﻟﺠﺪﺍﺭُ ﻋﺼﻴًﺎ ﻋﻠﻰ ﺍﻟﻜﺴﺮ. ﻗﺪ ﺗﺸﻘﻖ ﺑﺎﻟﻔﻌﻞ، ﻭﻟﻦ ﻳﻜﻮﻥ ﻏﺮﻳﺒًﺎ ﺃﻥ ﻳﺘﺤﻄﻢَ ﻓﻲ ﺃﻳﺔِ ﻟﺤﻈﺔ.
, ﻟﻜﻦ ﺍﻷﺫﻯ ﺍﻟﻤﺮﺗﺪ ﻋﻠﻴﻬﺎ  ﺟﻌﻞ ﺣﺎﻟﻬﺎ ﺳﻴﺌﺔ ﺟﺪًﺍ، ﻭﻗﺪ ﺗَﻐﺸّﺎﻫﺎ ﺍﻟﺠﺮﻭﺡُ ﻓﻲ ﻛﻞ ﻣﻮﺿﻊ.
Ronove,"""......ﺿﻌﻲ ﺣﺪًﺍ ﻟﻬﺬﺍ ﺍﻵﻥ. ﻟﺴﺖُ ﺃﺭﻳﺪُ ﺳَﺤﻘَﻚِ. ﻓﺎﻟﺴﻴّﺪُ ﻫﻮ ﻣﻦ ﻳﻘﺮﺭُ ﻣﺎ ﻳُﺼﻨَﻊُ ﺑﻚِ. ......ﻏﻴﺮ ﺃﻧﻲ ﺃﻭﺩ ﺃﻥ ﺃﺛﻨﻲ ﻋﻠﻰ ﻗﺘﺎﻟِﻚِ ﺍﻟﺒﺎﻫﺮ."""
Ushiromiya Jessica,"""ﻟـ... ﻻ... ﻣﺴﺘـ... ﺣﻴﻠـ...ـﺔ... ......ﻟﻴﺲ...  ﺑـ... ﺍﻟﻨﻬﺎﻳـﺔ........."""
Ronove,"""......ﺟﺴﺪﻙِ ﻛﻠﻪ ﻣُﺜﺨَﻦٌ ﺑﺎﻟﺠﺮﺍﺡ. ﻭﻻ ﺗُﻄﻴﻘﻴﻦَ ﺇﻻ ﺃﻥ ﺗﻘﻔﻲ ﺑﺼﻌﻮﺑﺔ، ﺃﻟﻴﺲ ﻛﺬﻟﻚ؟ ......ﻳﺒﺪﻭ ﺃﻧﻚِ ﺗﺨﻄﻄﻴﻦ ﻟﻮﺿﻊ ﻗﻮﺗﻚ ﻛﻠﻬﺎ ﻓﻲ ﺁﺧﺮ ﺿﺮﺑﺔ. ﻟﻜﻦ ﺗﻠﻚ ﺍﻟﻀﺮﺑﺔَ ﻋﻴﻨَﻬﺎ ﺳﺘﻜﻮﻥُ ﻧﻬﺎﻳﺘﻚ."""
, ﻓﺈﻥ ﺍﻷﺫﻯ ﺍﻟﻤﻨﻌﻜﺲ ﻣﻦ ﺣﺎﺟﺰ ﺭﻭﻧﻮﻑ ﺍﻟﺴﺤﺮﻱ ﻳﺘﻨﺎﺳﺐ ﻃﺮﺩًﺍ ﻣﻊ ﻗﻮﺓ ﺍﻟﻬﺠﻮﻡ.{n}ﻭﺿﺮﺑﺔ ﺟﻴﺴﻴﻜﺎ ﺍﻟﻘﺼﻮﻯ ﺳﺘﺮﺗﺪ ﻋﻠﻴﻬﺎ ﺑﻜﻞ ﺑﺄﺳﻬﺎ.
, ......ﻛﻠﻤﺎ ﺟﺎﺀَﺕ ﺿﺮﺑﺔُ ﺟﻴﺴﻴﻜﺎ ﻛﺎﻣﻠﺔً ﺑﻼ ﺗﺮﻳّﺚٍ، ﺯﺍﺩﺕ ﺣﺮﻣﺘُﻬﺎ ﻭﺍﺯﺩﺍﺩﺕ ﺧﻄﻮﺭﺗﻬﺎ ﻋﻠﻰ ﻧﻔﺴﻬﺎ ﻛﻤﻦ ﻳﻘﻔﺰ ﺇﻟﻰ ﺍﻟﻬﺎﻭﻳﺔ.
Ushiromiya Jessica,"""ﺃﻓـ... ﺃﻓﻬﻢ...... ﺃﺩﺭﻛﺖ ﺫﻟﻚ........."""
Ronove,"""ﺃﺣﺬﺭﻙ. ﺃﻭﻗﻔﻲ ﻫﺬﺍ ﺍﻵﻥ. ﺇﻥّ ﺫﻟﻚ ﻟﻤﺼﻠﺤﺘﻚ."""
Ushiromiya Jessica,"""ﻻ ﺗﺘﻈﺎﻫﺮ ﺑﺎﻟﻘﻮﺓ. ﺃﻟﻴﺲ ﺣﺎﺟﺰﻙ ﻋﻠﻰ ﻭﺷﻚ ﺃﻥ ﻳﺘﻬﺸﻢ...؟ ﺃﻧﺎ ﻣﻦ ﻛﺎﻥ ﻳﻀﺮﺑﻪ، ﺃﻓﺘﻈﻦ ﺃﻧﻲ ﻻ ﺃﺷﻌﺮ ﺑﺬﺍﻙ.........؟"""
Ronove,"""........................"""
, ﺗﻠﻚ ﻛﺎﻧﺖ... ﺍﻟﺤﻘﻴﻘﺔ. ﻛﺎﻥ ﺟﺪﺍﺭ ﺭﻭﻧﻮﻑ ﻋﻠﻰ ﺷﻔﻴﺮ ﺍﻻﻧﻬﻴﺎﺭ.
, ﻭﺑﺎﻹﺿﺎﻓﺔ ﺇﻟﻰ ﺫﻟﻚ، ﻗﺪ ﺍﻣﺘﻸﺕ ﻗﺒﻀﺎﺕ ﺟﻴﺴﻴﻜﺎ ﺍﻵﻥ ﺑﻘﻮﺓ ﺳﺤﺮﻳﺔ ﻋﺎﺗﻴﺔ ﻻ ﺗﺤﺘﻤﻞ، ﻭﻛﺎﻧﺖ ﻗﺪﺭﺗﻬﺎ ﺍﻟﺘﺪﻣﻴﺮﻳﺔ ﺗﻔﻮﻕ ﺍﻟﺘﺨﻴّﻞ.
, ......ﻟﻮ ﻟﻢ ﺗﻜﻦ ﻭﺍﻋﻴﺔ، ﻟﺮﺑﻤﺎ ﺍﺧﺘﺮﻗﺖ ﺗﻠﻚ ﺍﻟﻘﻮﺓ ﺍﻟﺤﺎﺋﻂ، ﻭﺳﺤﻘﺖ ﺭﻭﻧﻮﻑ، ﺛﻢّ ﻭﺳّﻌﺖ ﻏﺮﻓﺔ ﻧﻮﻣﻬﺎ ﺑﺮﺑﻄﻬﺎ ﺑﺎﻟﻐﺮﻓﺔ ﺍﻟﻤﺠﺎﻭﺭﺓ.
, ......ﻭﻟﻜﻦ ﺫﺍﻙ ﺍﻷﺫﻯ ﺳﻴﺮﺗﺪ ﻋﻠﻰ ﺟﻴﺴﻴﻜﺎ ﺃﻳﻀﺎ.{n}ﻓﻠﻦ ﺗﻔﺮَّ ﺳﺎﻟﻤﺔً ﺑﻼ ﺃﺫﻯ!
Ronove,"""ﺳﺄﻗﻮﻟﻬﺎ ﻣﺮﺓً ﺃﺧﺮﻯ ﻓﻘﻂ. ﺗﻮﻗﻔﻲ. ﺃﻗﻮﻟﻬﺎ ﻣﺮﺍﻋﺎﺓً ﻟﻚِ!"""
Ushiromiya Jessica,"""ﺳﻜﺮ ﻓﻤﻚ... .........ﺍﺩﻋﻲ ﻟﺮﺑﻚ!"""
, ﻋﻮﺕ ﺟﻴﺴﻴﻜﺎ. ......ﻭﻫﻲ ﺗﺠﻤﻊُ ﻛﻞَّ ﻗﻮّﺗﻬﺎ ﻭﺁﺧﺮ ﻭﺃﻗﻮﻯ ﺿﺮﺑﺎﺗﻬﺎ ﻓﻲ ﻗﺒﻀﺘﻬﺎ، ﺻﺎﺣﺖْ......
, ﻟﻘﺪ ﺳﻘﻂ ﺍﻟﻤﻮﺍﻋﺰ ﺍﻟﺜﻼﺙ ﻣﻨﺬ ﺃﻣﺪٍ ﺑﻌﻴﺪ. ﺑﺪﻭﻥ ﻧﻔﺲٍ ﻭﺍﺣﺪٍ ﻣُﻨﻬﻚٍ، ﺍﻗﺘﺮﺏَ ﺟﻮﺭﺝ ﺑﺤﺬﺭٍ ﻣﻦ ﻗﺎﺏ.
, ......ﻛﺎﻥ ﻳُﻼﺣﻘﻬﺎ. ﻛﺎﻥ ﻳﻨﻮﻱ ﺃﻥ ﻳﻘﻀﻲ ﻋﻠﻴﻬﺎ ﺑﻠﻤﺤﺔٍ ﻭﺍﺣﺪﺓ...
, ﻭﻛﺎﻧﺖ ﻗﺎﺏ ﺃﻳﻀﺎ ﺗﺼﻮﺏُ ﻟﻀﺮﺑﺔٍ ﻭﺍﺣﺪﺓ.{n}.........ﺇﻥ ﺃﺿﺎﻋﺖ ﺗﻠﻚ ﺍﻟﻔﺮﺻﺔ، ﻓﺴﺘُﻘﺘﻞ ﻫﺬﻩ ﺍﻟﻤﺮﺓ ﻻ ﻣﺤﺎﻟﺔ......
Ushiromiya George,"""......ﺃﻟﺴﺖ ﺳﺘﺴﺘﻌﻤﻠﻴﻦ ﺣُﻔﺮَﻙِ؟"""
Gaap,"""............ﺁﻙ......"""
, ﺣﺘﻰ ﺗﻠﻚ ﺍﻟﺪﻗﻴﻘﺔ ﺍﻟﻴﺴﻴﺮﺓ ﻣﻦ ﺍﻟﻀﻌﻒ ﺃﺛﻨﺎﺀ ﻓﺘﺢ ﺍﻟﺤﻔﺮﺓ ﻛﺎﻧﺖ ﺳﺘُﻔﺠﻊُ ﺟﻮﺭﺝ ﺍﻵﻥ.
, ......ﻗَﻴَّﻤَﺖ ﻗﺎﺏ ﺍﻟﻤﺴﺎﻓﺔ ﻭﺍﻟﺘﻮﻗﻴﺖ ﺑﺤﺬﺭ، ﻟﻜﻦ ﺑﻴﻨﻤﺎ ﻛﺎﻧﺖ ﺗﻔﻌﻞ، ﺍﻗﺘﺮﺏَ ﺟﻮﺭﺝ ﺃﻛﺜﺮ...
Ushiromiya George,""".........ﺇﻥ ﻟﻢ ﺗﺘﻘﺪّﻣﻲ، ﻓﺴﺄﻓﻌﻞُ ﺃﻧﺎ."""
Gaap,"""......ﺗـ... ﺗﻔﻀﻞ ﺇﺫﻥ... ﻻ ﺣِﻴَﻞَ ﺑﻌﺪ ﺍﻵﻥ. ......ﻫﺬﻩ ﺍﻟﺮﻛﻠﺔُ ﻣﻨّﻲ... ...ﺳﺘﻨﻬﻲ ﺍﻷﻣﺮ!"""
, ﻓﻲ ﺍﻟﻠﺤﻈﺔِ ﺍﻟﺘﻲ ﻻﺣﻈﺖْ ﻓﻴﻬﺎ ﺿﺒﺎﺏُ ﺟﺴﺪِ ﺟﻮﺭﺝ، ......ﻟﻢ ﻳﺒﻖَ ﺳﻮﻯ ﺳﺘﺮﺓٍ ﺗﻄﻔﻮ ﻓﻲ ﺍﻟﻬﻮﺍﺀ.
, ﺩﺧﻞ ﻓﻲ ﺫﻫﻨﻬﺎ ﺻﻮﺕ ﺇﺩﺭﺍﻙ ﻗﺼﻴﺮ، ﻭﻓﻲ ﺗﻠﻚ ﺍﻟﺤﺎﻝِ ﻏﻄﺘﻬﺎ ﺍﻟﻈﻠﻤﺔ.
, ﻧﻈﺮ ﺟﻮﺭﺝ، ﻭﻛﻌﺐ ﺣﺬﺍﺋﻪ ﻗﺪ ﺍﺷﺘﺪ ﺇﻟﻰ ﺍﻟﻌﻠﻮ، ﺣﺘﻰ ﺑﺪﺍ ﻛﺄﻧﻪ ﺗﻨﻴﻦٌ ﻫﺎﺋﻞ ﻳﻬﺎﺟﻢ ﻣﻦ ﺍﻟﺴﻤﺎﺀ.
Gaap,"""ﺳﻘﻄﺖ ﻓﻲ ﻓﺨﻪ...... ......ﻟﻘﺪ ﺍﻧﺘﺼﺮﺕ، ﻳﺎ ﺃﻭﺷﻴﺮﻭﻣﻴﺎ ﺟﻮﺭﺝ!!"""
Ushiromiya George,"""ﻣﺎ-"""
, ﻓﺘﺤﺖ ﻗﺎﺏ ﺣﻔﺮﺓ ﻭﺍﺳﻌﺔ ﻭﻓﻲ ﻭﺳﻄﻬﺎ ﻛﺎﻧﺖ ﻫﻲ، ﻭﺍﺑﺘﻠﻌﺖ ﺟﻮﺭﺝ ﻣﻊ ﻧﻔﺴﻬﺎ...!!
, ﺍﺑﺘﻠﻌﺘﻬﻤﺎ ﺍﻟﺤﻔﺮﺓ، ﻭﻗﺬﻓﺖ ﺑﻬﻤﺎ ﻣﻦ ﺳﻘﻒ ﺍﻟﻈﻞ.
, ﻟﻜﻦ ﺫﻟﻚ ﻣﺎ ﻛﺎﻧﺖ ﺗﺴﻌﻰ ﺇﻟﻴﻪ ﻗﺎﺏ، ﻓﻬﺒﻄﺖ ﻫﻲ ﻭﺣﺪﻫﺎ ﺑﺮﻓﻖ. ......ﻟﻜﻦ ﻛﺎﻥ ﻓﻲ ﻣﻮﺿﻊ ﻫﺒﻮﻁ ﺟﻮﺭﺝ ﺣﻔﺮﺓٌ ﺃﺧﺮﻯ.
Gaap,"""ﻫﺎﻫﺎﻫﺎﻫﺎﻫﺎ، ﺁﻫﺎﻫﺎﻫﺎ{0}ﻫﺎ{0}ﻫﺎ{0}ﻫﺎ{0}ﻫﺎ{0}ﻫﺎ{0}ﻫﺎﻫﺎﻫﺎﻫﺎ!!! ﺃﻣﺴﻜﺖ ﺑﻚ، ﺃﻭﺷﻴﺮﻭﻣﻴﺎ ﺟﻮﻭﻭﻭﺭﺝ!!"""
Gaap,"""ﻟﻘﺪ ﺍﺑﺘﺪﺃﺕَ ﻣﻤﺘﻌًﺎ ﻓﻤﺖ ﺍﻵﻥ، ﻟﻜﻲ ﻻ ﻳﺬﻫﺐَ ﺷﺎﺏٌ ﺻﺎﻟﺢٌ ﻣﺜﻠﻚ ﻭﺭﻳﺜًﺎ ﻟﻌﺎﺋﻠﺔ ﺃﻭﺷﻴﺮﻭﻣﻴﺎ، ﻓﺴﺂﻛﻠﻚ ﻫﻨﺎ ﻭﺍﻟﺤﻴﻦ!!! ﺃﻭﻭﻭﻭﺭﺭﻭﻭ{0}ﻭ{0}ﻭ{0}ﻭ{0}ﻭ{0}ﻭ{0}ﻭﺍ{0}ﺍ{0}ﺍ{0}ﺍﺍﺍﺍﻩ!!"""
, ﺳﻘﻂ ﺟﻮﺭﺝ ﻣﺮّﺓً ﺃﺧﺮﻯ ﻣﻦ ﺳﻘﻒ ﺍﻟﻈﻞ. ﻻ ﺑُﺪّ ﺃﻧﻪ ﻗﺪ ﻭُﺿﻊَ ﻣﻦ ﺍﺭﺗﻔﺎﻉٍ ﻣﻌﺎﺩﻝٍ ﻟﻠﺴﻘﻮﻁِ ﻣﻦ ﺳﻘﻒِ ﺑﻴﺖٍ ﺫﺍ ﻃﺎﺑﻘَﻴﻦ.
, ﻓﻲ ﺍﻟﺠﻮ ﻟﻢ ﻳﺴﺘﻄﻊ ﺃﻥ ﻳﻬﻴﺊ ﻭﺿﻌﻪ ﺑﻄﺮﻳﻘﺔ ﺗﺬﻛﺮ.{n}ﻛﺎﻥ ﻣﻦ ﺍﻟﻤﺴﺘﺤﻴﻞ ﺃﻥ ﻳﻘﺎﻭﻡ ﺃﻭ ﻳﺪﺍﻓﻊ ﺃﻭ ﻳﺘﻔﺎﺩﻯ!!
, ﻭﺑﻴﻨﻤﺎ ﻛﺎﻧﺖ ﻗﺎﺏ ﺗﺪﻭﺭ ﻛﺎﻹﻋﺼﺎﺭ، ﺟﻤﻌﺖ ﻛﻞ ﻃﺎﻗﺘﻬﺎ ﻋﻠﻰ ﻃﺮﻑ ﻛﻌﺐ ﺣﺬﺍﺋﻬﺎ ﺍﻟﻤﺴﻨﻦ.
, ......ﻛﺎﻧﺖ ﻫﺬﻩ ﺍﻟﻀﺮﺑﺔ ﺍﻟﺨﺘﺎﻣﻴﺔ... ﻟﺘﺆﺩﻱ ﺭﺛﺎﺋﻪ.{n}ﺿﺮﺑﺔ ﺍﻟﻤﻠﻜﺔ ﺍﻟﻨﺤﻠﻴﺔ ﺍﻷﺧﻴﺮﺓ، ﺍﻟﺘﻲ ﺗﺨﺘﺮﻕ ﺍﻟﺴﻤﺎﺀ ﻟﺘﻄﺮﺣﻪ ﻓﻲ ﺍﻟﻬﺎﻭﻳﺔ ﺍﻟﺤﻘﻴﻘﻴﺔ!!
Gaap,"""ﺃﻫﻼ ﺑﻚ ﻓﻲ ﺍﻟﻬﺎﻭﻳﺔ!! ﻫﻨﺎ ﺳﺘﻜﻮﻥ ﻧﻬﺎﻳﺘﻚ!!!"""
, ﺛﺒﺘﺖ ﻓﺮﻳﺴﺘﻬﺎ ﻓﻲ ﻣﺮﻣﻰ ﺑﺼﺮﻫﺎ، ﻓﺄﻃﻠﻘﺖ ﻗﺪﻣﻬﺎ ﺇﻟﻰ ﺍﻟﺴﻤﺎﺀ.
, ......ﺣﻴﻨﺌﺬٍ ﺭﺃﺕ ﻭﺟﻪ ﺟﻮﺭﺝ. .........ﻣﻊ ﺃﻧﻪ ﻛﺎﻥ ﻓﻲ ﺍﻟﻬﻮﺍﺀ، ﻛﺎﻥ ﻳﻀﺒﻂ ﻧﻈﺎﺭﺗﻪ ﺑﻬﺪﻭﺀ ﺑﻮﺳﻄﻰ ﻳﺪﻩ ﺍﻟﻴﺴﺮﻯ.
, ﻭﻛﺎﻧﺖ ﻭﺿﻌﻴﺘﻪ ﻻ ﺗﺰﺍﻝ ﻛﻤﺎ ﻟﻮ ﻛﺎﻧﺖ ﺭﻛﻠﺔ ﻓﺄﺱ.{n}ﻣﺼﻮﺑًﺎ ﻧﺤﻮ ﺟﺒﻴﻦ ﻗﺎﺏ، ﺑﻼ ﺃﺩﻧﻰ ﺍﻧﺤﺮﺍﻑ......
Ushiromiya George,""".........ﺗﻮﻗﻌﺖُ ﺃﻧﻚِ ﺳﺘُﻘﺪِﻣﻴﻦ ﻋﻠﻰ ﻫﺬﺍ."""
Gaap,"""............ﻣﺎﺫﺍ.........؟"""
Ushiromiya George,"""ﻟﻮ ﺃﻧﻲ ﻗﻔﺰﺕ ﻷﺳﺪِّﺩ ﻟﻚِ ﺭﻛﻠﺔً ﻃﺎﺋﺮﺓ ﺣﻴﺚُ ﻛﻨﺖِ ﻭﺍﻗﻔﺔ {i:ﻋﻠﻰ ﺍﻷﺭﺽ}، ﻻﺧﺘﻠﺖ ﻭﺿﻌﻴﺘﻲ ﻣﻨﺬ ﺯﻣﻦ. .........ﻟﻜﻦ ﻭﺿﻌﻴﺘﻲ ﻟﻢ ﺗﺨﺘﻞ ﺃﺩﻧﻰ ﺍﺧﺘﻼﻝ. ﺃﺗﺪﺭﻳﻦ ﻟﻢ؟"""
Gaap,"""......ﺃ... ...ﺗﺮﻳﺪ... ﺃﻥ ﺗﻘﻮﻝ......"""
Ushiromiya George,"""ﻷﻧﻲ ﻣﻨﺬ ﺍﻟﺒﺪﺍﻳﺔ، ......ﺧﻄﻄﺖُ ﺃﻥ ﺃﻗﻔﺰ ﻭﺃﺭﻛﻠﻚِ ﺣﻴﺚ ﺗﻜﻮﻧﻴﻦ ﻋﻠﻰ ﻣﺴﺎﻓﺔ ﺩﻭﺭﻳﻦ ﻟﻸﺳﻔﻞ!!!"""
Gaap,"""ﺃﻭﻭﻭﻍ، ......ﺁﺁﺁﺁﺁﺁ{0}ﺁ{0}ﺁ{0}ﺁ{0}ﺁ{0}ﺁ{0}ﺁ{0}ﺁ{0}ﻩ{0}ﻩ{0}ﻩ{0}ﻩ{0}ﻩ{0}ﻩ{0}ﻩ{0}ﻩ{0}ﻩ{0}ﻩ{0}ﻩ{0}ﻩ{0}ﻩ{0}ﻩ{0}ﻩ{0}ﻩ{0}ﻩ{0}ﻩ{0}ﻩ{0}ﻩ{0}ﻩ{0}ﻩ{0}ﻩ{0}ﻩ{0}ﻩ{0}ﻩ{0}ﻩ{0}ﻩ{0}ﻩ{0}ﻩ{0}ﻩ{0}ﻩ{0}ﻩ{0}ﻫﺂﺁﺁﺁﺁﺁﺁﺁﺁﺁﺁﺁﺁﺁﺁﺁﺁﺁﺁﺁﺁﺁﺁﺁﺁﺁﺁﺁﺁ!!!"""
Ushiromiya George,"""ﻟﻘﺪ ﺧﺴﺮﺕِ ﻳﺎ ﺁﻧﺴﺔ!!!"""
Gaap,"""ﺩﻳﻨﻎ ﺑﻮﻧﻎ."""
Ushiromiya Jessica,"""ﺃﻭﻭﻭﻭﻭﻏﻐﻐﻐﻐﻐﻐﻐﺂﺁﺁﺁﺁﺁﺁﺁﻩ، ﺧﺬ ﻫﺬﺍﺍﺍﺍﺍﺍﺍﺍﺍﺍﺍﺍﺍﺍﺍﺍﺍﺍﺍ!!!"""
, ﻟﻜﻤﺔ ﺟﻴﺴﻴﻜﺎ ﺍﻷﺧﻴﺮﺓ ﺍﻷﺷﺪ ﺻﻌﻮﺩًﺍ... ﺑﻠﻐﺖ ﺍﻟﺠﺪﺍﺭ، ......ﻭﺍﺳﺘُﺪﺭﺟﺖ ﺇﻟﻴﻪ.
, ﺍﺳﺘُﺪﺭﺟﺖ ﺇﻟﻰ ﻓُﻮّﻫﺔٍ ﺳﻮﺩﺍﺀ ﻋﺮﻳﻀﺔ ﻓُﺘِﺤﺖ ﻓﺠﺄﺓ ﻓﻲ ﺍﻟﺠﺪﺍﺭ.
Ronove,"""ﺃﺧﺒﺮﺗﻚِ ﺃﻥ ﺗﺘﻮﻗﻔﻲ."""
Ushiromiya Jessica,"""ﻣﺎ.........ﻫﺬﺍ............"""
Ushiromiya George,"""......ﻏﻐﻎ............ﺁﻩ......"""
Gaap,"""ﺍﻟﺤﻘﻴﻘﺔ، .........ﺃﻧﻲ ﻟﻢ ﺃﻛﻦ ﺃﻭﺍﺟﻪ ﻣﻌﻚَ ﺃﻱ ﺻﻌﻮﺑﺔ ﻣﻨﺬ ﺍﻟﺒﺪﺍﻳﺔ. ﺍﻟﻤﻌﺬﺭﺓ..."""
, ......ﻛﺎﻧﺖ ﻗﺒﻀﺔُ ﺟﻴﺴﻴﻜﺎ ﻗﺪ ﺍﺗﺠﻬﺖ ﻧﺤﻮ ﺑﻄﻦ ﺟﻮﺭﺝ، ......ﻭﻛﺎﻧﺖ ﺿﺮﺑﺔُ ﺟﻮﺭﺝ ﺍﻟﻔﺄﺳﻴﺔُ ﻣﺼﻮَّﺑﺔً ﻧﺤﻮ ﺭﺃﺱ ﺟﻴﺴﻴﻜﺎ.
, ﺍﻟﻘﻮﺓ ﺍﻟﺼﺎﻋﻘﺔ ﺍﻟﺘﻲ ﻭُﺿِﻌﺖ ﻓﻲ ﻗﺒﻀﺔ ﺟﻴﺴﻴﻜﺎ ﺳﺤﻘﺖ ﺃﺣﺸﺎﺀَ ﺟﻮﺭﺝ ﻭﺑَﻘَﺮَﺕ ﺑﻄﻨﻪ.
, ﻭﺍﻟﻘﻮﺓ ﺍﻟﺼﺎﻋﻘﺔ ﺍﻟﻤﻘﺎﺑﻠﺔ ﻓﻲ ﺿﺮﺑﺔ ﺟﻮﺭﺝ ﻫﺸﻤﺖ ﻧﺼﻒ ﺭﺃﺱ ﺟﻴﺴﻴﻜﺎ، ﻭﻧﺜﺮﺕ ﻣﺎ ﻓﻴﻪ ﻋﻠﻰ ﺍﻟﻨﺤﻮ ﻧﻔﺴﻪ......
Gaap,"""ﺑﻔﻒ، ...ﺁﻫﺎﻫﺎﻫﺎﻫﺎﻫﺎﻫﺎﻫﺎﻫﺎﻫﺎﻫﺎﻫﺎﻫﺎﻫﺎ...!! ﺃﻋﻨﻲ، ﺑﺤﻘﻚ. ﺍﻟﺴﺎﺣﺮﺍﺕ ﺑﺎﺭﻋﺎﺕٌ ﻓﻲ ﺍﻟﺘﻤﺜﻴﻞ، ﺃﻟﻴﺲ ﻛﺬﻟﻚ؟ ﻫﻴﻪ، ﺭﻳﻴﺘﺸﻲ، ﻛﻴﻒ ﻛﺎﻥ ﺍﻟﻤﺸﻬﺪ، ﻫﻞ ﻛﻨﺖِ ﺗﺸﺎﻫﺪﻳﻦ...؟"""
{f:5:Beatrice},"""ﻭﻫﺎﻫﺎﻫﺎ، ﻭﺍﻫﻴﺎﻫﻴﺎﻫﻴﺎﻩ، ﺁﻛﻜﻴﺎﻛﻜﻴﺎﻛﻜﻴﺎ!! ﻟﻴﺲ ﺳﻴﺌﺎ، ﺍﺗﺒﻌﺖ ﺍﻟﻨﺺ ﺣﺮﻓﻴًﺎ! ﺣﻘﺎ ﺗﻔﻬﻤﻴﻦ ﺍﻟﻠﻌﺒﺔ ﻳﺎ ﻗﺎﺏ!! ﻭﻭﻫﻮﻭ!!"""
, ﺗﺒﺎﺩﻟﺖ ﺑﻴـﺎﺗﻮ ﻭﻗﺎﺏ ﺗﺼﻔﻴﻘﺔً ﺧﻔﻴﻔﺔ ﺑﺎﻟﻜﻒّ.
Ushiromiya Battler,"""......ﻫﻬﻪ... ...ﺁﺁﻩ... ............ﻫﻬﻬﻬﻮﻭﻭﻭﻭﻭﻭﻭﻭﻭﻭﻭﻭﻭﻭﻭ{0}ﻭﻭ{0}ﻭﻭ{0}ﻭﻭ{0}ﻭﻭ{0}ﻭﻭ{0}ﻭﻭ{0}ﻭﻭ{0}ﻭﻭ{0}ﻭﻭ{0}ﻭﻭ{0}ﻭﻭ{0}ﻭﻭ{0}ﻭﻭ{0}ﻭﻭ{0}ﻭﻭ{0}ﻭﻭ{0}ﻭﻭ{0}ﻭﻭ{0}ﻭﻭ{0}ﻭﻭ{0}ﻭﻭ{0}ﻭﻭ{0}ﻭﻭ{0}ﻭﻭ{0}ﻭﻭ{0}ﻭﻭ{0}ﻭﻭ{0}ﻭﻭ{0}ﻭﻭﻭﻭﻭﻭﻭﻭﻭﻭﻩ!!!"""
Gaap,"""ﺷﻜﺮًﺍ ﻳﺎ ﺭﻭﻧﻮﻑ. ﻛﺎﻥ ﻣﺸﻬﺪًﺍ ﺷﻬﻴًﺎ. ﺳﺄُﻋﻴﺪ ﺟﺜﺔ ﺟﻴﺴﻴﻜﺎ ﺇﻟﻰ ﻫﻨﺎﻙ. ......ﺍﻓﺼﻞ ﺟﺜﺘﻲ ﺍﻻﺛﻨﻴﻦ ﺍﻷﻗﺮﺑﻴﻦ. ......ﻭﺑﻬﺬﺍ ﻳﻨﺘﻬﻲ ﺍﻟﻐﺴﻖ ﺍﻟﺜﺎﻧﻲ، ﺃﻟﻴﺲ ﻛﺬﻟﻚ؟"""
, ﺃﻟﻘﺖ ﻗﺎﺏ ﺟﺜﺔ ﺟﻴﺴﻴﻜﺎ ﻓﻲ ﺣﻔﺮﺓ، ﻭﺃﻟﻘﺖ ﻣﻌﻬﺎ ﺃﺷﻼﺀ ﺟﺜﺔ ﺟﻴﺴﻴﻜﺎ، ﻛﻤﺎ ﻟﻮ ﺃﻧﻬﺎ ﺗﻠﻘﻴﻬﺎ ﻓﻲ ﺍﻟﻘﻤﺎﻣﺔ...
, ﺗﺴﺎﻗﻄﺖ ﺟﺜﺔ ﺟﻴﺴﻴﻜﺎ ﻭﺃﺷﻼﺅﻫﺎ ﻣﻦ ﺍﻟﺴﻘﻒ ﻭﺍﻧﺴﻜﺒﺖ ﻋﻠﻰ ﺃﻧﺤﺎﺀ ﻏﺮﻓﺘﻬﺎ.
, ﺃﻣﺎﻝ ﺭﻭﻧﻮﻑ ﺭﺃﺳﻪ ﻗﻠﻴﻼً ﺍﺯﺩﺭﺍﺀً ﻣﻦ ﻫﺬﺍ ﺍﻟﻤﻨﻈﺮ ﺍﻟﻤﻔﺮﻁ ﻓﻲ ﺍﻟﺒﺸﺎﻋﺔ.
Ronove,"""............ﺃﻋﺘﺬﺭ، ﺟﻴﺴﻴﻜﺎ-ﺳﺎﻣﺎ. ﻗﺪ ﺣﺬﺭﺗﻚ."""
Ronove,"""ﻃﺒﻌًﺎ، ...ﻓﻠﻌﻠﻪ ﻣﻦ ﺍﻟﻄﺒﻴﻌﻲ ﺃﻥ ﻣﺨﻠﻮﻗًﺎ ﺑﺸﺮﻳًﺎ ﻻ ﻳُﺪﺭﻙ ﺍﻟﻠﺬﺓ ﺍﻟﺸﻴﻄﺎﻧﻴﺔ ﺍﻟﺘﻲ ﺃﺟﺪﻫﺎ ﻓﻲ ﺍﺳﺘﺸﺮﺍﻑ ﻫﺬﺍ ﺍﻟﺨﺘﺎﻡ ﻭﺗﺤﺬﻳﺮﻙ ﻣﺮﺍﺭﺍ ﻭﺃﻧﺎ ﺃﻋﻠﻢ ﺃﻧﻚِ ﻟﻦ ﺗُﺼﻐﻲ. ......ﺑﻮﻛﻮ ﻛﻮ ﻛﻮ ﻛﻮ ﻛﻮ ﻛﻮ ﻛﻮ!"""
Gaap,"""ﻛﻨﺖَ ﻣﻤﺘﻌًﺎ ﻳﺎ ﻓﺘﻰ. ......ﻟﻜﻨﻚ ﺗﻜﺜﺮ ﺍﻟﻠﻌﺐ ﺑﺎﻷﻟﻔﺎﻅ. ......ﺃﻇﻦ ﺟﻤﻠﺘﻚ: ""ﻓﺈﻥ ﻛﻨﺖِ ﻣﺴﺘﻌﺪﺓ... ﺃﻓﺄﻗﺎﺗﻠﻚ؟"" ﻛﺎﻧﺖ ﺍﻹﻗﺘﺒﺎﺱ ﺍﻷﺟﻤﻞ؟ ﺇﻫﻬﻪ، ﻳﺒﺪﻭ ﺃﻧَّﻚ ﺗﻜﺜﺮ ﻣﻦ ﻗﺮﺍﺀﺓ ﺍﻟﺮﻭﺍﻳﺎﺕ ﺍﻟﺸﺒﺎﺑﻴﺔ. *ﻗﻬﻘﻬﺔ*ﻗﻬﻘﻬﺔ*ﻗﻬﻘﻬﺔ*!"""
, ﻓﻲ ﺍﻟﺴﻘﻴﻔﺔ ﺍﻟﻤﻠﻄﺦ ﺑﺪﻣﺎﺀ ﺟﻮﺭﺝ ﻭﺟﻴﺴﻴﻜﺎ ﻭﺃﺣﺸﺎﺋﻬﻤﺎ، ﺟﻠﺴﺖ ﻗﺎﺏ ﺗﻀﺤﻚُ ﺑﺼﻮﺕٍ ﻋﺎﻝٍ...
, ...ﻟﻜﻨﻬﺎ ﺳﺮﻋﺎﻥ ﻣﺎ ﺃﺩﺭﻛﺖ ﺃﻥ ﺍﻟﻤﻨﻈﺮَ ﻣﻔﺮﻁُ ﺍﻟﻘﺬﺍﺭﺓ ﻭﺍﻟﺪﻧﺎﺀﺓ ﻭﻳﻔﺘﻘﺮ ﻟﻠﺬﻭﻕ، ﻓﺄﻭﻣﺄﺕ ﺑﺈﺻﺒﻌﻬﺎ.
, ﻓﻤﺎ ﻛﺎﻥ ﺇﻻ ﺃﻥ ﻧﻬﻀﺖ ﻓﺮﺍﺷﺎﺕ ﺫﻫﺒﻴﺔ ﻣﻦ ﺍﻷﺭﺽ ﻓﻲ ﺃﺭﺟﺎﺀ ﺍﻟﺤﺪﻳﻘﺔ، ﻭﺍﻟﺘﺼﻘﺖ ﺑﻜﻞ ﺷﻈﻴّﺔٍ ﻭﺑﻘﻌﺔِ ﺩﻡ، ﻭﺍﻣﺘﺼّﺘﻬﺎ.
, ......ﺛﻢ ﺷﻴﺌًﺎ ﻓﺸﻴﺌًﺎ، ﻋﺎﺩﺕ ﻟﺘُﺸﻜّﻞ ﺟﺜﺔ ﺟﻮﺭﺝ، ﻭﺍﻟﺠﺜﺔ ﺍﻟﻤﻤﺰﻗﺔ ﺍﻷﻣﻌﺎﺀ ﻋﺎﺩﺕ ﺟﺜﺔً ﻧﻈﻴﻔﺔً ﻛﺄﻧﻬﺎ ﺭﺍﻗﺪﺓٌ ﻓﻲ ﺳﻼﻡ.
, ﺃﻛﺎﻥ ﺫﻟﻚ ﺿﺮﺑًﺎ ﻣﻦ ﺃﺩﺏ ﻣﺎ ﺑﻌﺪ ﺍﻟﻤﻮﺕ ﻧﺤﻮ ﺧﺼﻢٍ ﻧﺒﻴﻞ............؟
, ﺗﺸﻘﻌﺖ ﺍﻟﺴﻤﺎﻭﺍﺕُ ﺑﺒﻂﺀ.
, ......ﻷﻥ ﻗﺎﺏ ﻗﺪ ﺭﻓﻌﺖ ﺳﺎﻗﻬﺎ ﻋﺎﻟﻴًﺎ ﻧﺤﻮ ﺍﻟﺴﻤﺎﺀ.
Gaap,"""ﻭﺩﺍﻋﺎ ﺃﻳﻬﺎ ﺍﻟﻮﺳﻴﻢ. ﺧَﻠَﺼَﺖ ﺍﻟﻠﻌﺒﺔ ﺑﺤﻖ."""
, ﻃﺦ. ......ﺩﻭﻥَ ﺷﻔﻘﺔٍ، ﻧﺰﻝَ ﺍﻟﻜﻌﺐ، ......ﻭﻏُﺮِﺱَ ﻓﻲ ﺟﺒﻴﻦ ﺟﻮﺭﺝ.
, ﻃﻌﻨﺖ ﻛﻌﺒﺔُ ﺣﺬﺍﺋﻬﺎ ﺍﻟﻤﺴﻨﻨﺔ ﺟﺒﻴﻦ ﺟﻮﺭﺝ ﻛﻤﺎ ﻟﻮ ﻛﺎﻧﺖ ﺳﻼﺣًﺎ.
, ﺛﻢ...ﺳﺤﺒﺘﻬﺎ ﺑﺼﻮﺕٍ ﺑﻠﻮﺭَﺑﻲ...
, ﻛﺄﻧﻬﺎ ﻋﻼﻣﺔ ﺗﺜﺒﺖ ﺃﻥ ﻗﺎﺏ ﻗﺪ ﺃﺳﺪﻟﺖ ﻋﻠﻴﻪ ﺍﻟﺴﺘﺎﺭ ﺑﻴﺪﻫﺎ...
, ﺃﻋﺎﺩ ﺭﻭﻧﻮﻑ ﺟﺜﺔ ﺟﻴﺴﻴﻜﺎ ﺇﻟﻰ ﺣﺎﻟﺘﻬﺎ ﺍﻷﻭﻟﻰ ﺃﻳﻀﺎ.{n}......ﻭﻋﻠﻰ ﺧﻼﻑ ﺣﺎﻝ ﺟﻮﺭﺝ، ﺃﻋﺎﺩ ﺭﻭﻧﻮﻑ ﺟﻴﺴﻴﻜﺎ ﺇﻟﻰ ﺍﻟﺤﻴﺎﺓ...
Ushiromiya Jessica,"""ﺃﻭﻭﻑ...ﻛﺢ، ﻛﺢ...... ......ﻣﺎﺫﺍ ﻓﻲ ﻫﺬﺍ ﺍﻟﻌﺎﻟﻢ...... ......ﻫﻞ ﻛﺎﻥ ﺣﻠﻤﺎ......؟"""
Ronove,"""ﻻ، ﺫﻟﻚ ﺧﻄﺄ. ......ﻟﻘﺪ ﻣِﺖِ ﺣﻘﺎ، ﻳﺎ ﺟﻴﺴﻴﻜﺎ-ﺳﺎﻣﺎ. ﻳﻨﺒﻐﻲ ﺃﻥ ﺗﻜﻮﻧﻲ ﻭﺍﻋﻴﺔً ﺑﺬﺍﻛﺮﺓِ ﻟﺤﻈﺎﺗﻚ ﺍﻟﺨﺘﺎﻣﻴﺔ."""
, ﻗﺪ ﺣُﺮِﺯَ ﺫﻟﻚ ﻓﻲ ﻗَﻌﺮِ ﺫﻫﻦ ﺟﻴﺴﻴﻜﺎ.
, ......ﻟﺴﺒﺐ ﻣﺎ، ﺗﺬﻛﺮﺕ ﺃﻧﻬﺎ ﺭُﻣِﻴﺖ ﻓﻲ ﻣﻮﺿﻊٍ ﻣﺎ، ......ﻭﺃﻥ ﺭﺃﺳَﻬﺎ ﻗُﺮِﻉَ ﺑﻜﻌﺐِ ﺟﻮﺭﺝ......
Ushiromiya Jessica,"""ﺃﺃ...ﺃﻧﺎ ﺣﻴﺔ......؟"""
Ronove,"""ﻻ، ﺇﻧﻚِ ﻣﻴﺘﺔ. ﻟﻜﻨﻲ ﺃﺟَّﻠﺖُ ﻣﻮﺗﻚِ ﻟﺜﻼﺙ ﺩﻗﺎﺋﻖ ﺑﻮﺍﺳﻄﺔ ﺳﺤﺮﻱ. ﺑﻌﺪ ﺛﻼﺙ ﺩﻗﺎﺋﻖ، ﺳﻴﺘﻼﺷﻰ ﺍﻟﺴﺤﺮ ﻭﺗﻌﻮﺩﻳﻦ ﻟﻮﺿﻊ ﺍﻟﺠﺜﺔ ﻣُﻬﺸَّﻤﺔ ﺍﻟﺮﺃﺱ."""
Ushiromiya Jessica,"""ﻣﺎﺫﺍ.........؟ ......ﻫﻪ، .......ﻫﻴﻬﻴﻬﻴﻬﻴﻴﻪ......"""
Ronove,"""ﺍﻟﻤﻮﺕُ  ﻗﺎﺱٍ. ﻏﺎﻟﺒًﺎ ﻻ ﻳُﻌﻄﻰ ﺍﻟﻤﺮﺀ ﻭﻗﺘًﺎ ﻟﻴﺼﻘﻞ ﻗﻠﺒﻪ. ......ﻭﻟﻜﻨﻲ ﻗﺮﺭﺕ ﺃﻥ ﺃﻣﻨﺤﻚ ﺫﻟﻚ ﺍﻟﻮﻗﺖ، ﺍﻋﺘﺮﺍﻓًﺎ ﺑﺸﺠﺎﻋﺘﻚ ﻓﻲ ﺍﻟﻘﺘﺎﻝ. ﺍﺻﺮﻓﻲ ﺗﻠﻚ ﺍﻟﺜﻼﺙ ﺩﻗﺎﺋﻖ ﻟﺘﺮﺗﺒﻲ ﻣﺎ ﺗﺒﻘﻰ ﻣﻦ ﺗﻌﻠﻘﺎﺗِﻚِ ﺑﺎﻟﺪﻧﻴﺎ."""
Ushiromiya Jessica,"""ﺃﻭ، ......ﺃﺳﺘﻌﻤﻞ ﺗﻠﻚ ﺍﻟﺪﻗﺎﺋﻖ ﻷﺭﻏﻤﻚ ﺃﻥ ﺗﻤﻮﺕ ﻣﻌﻲ......"""
, ﻟﻜﻦ ﺍﻟﻘﻮﺓ ﺍﻟﺘﻲ ﻛﺎﻧﺖ ﻣﺸﺘﻌﻠﺔ ﻓﻲ ﺑﺪﻥ ﺟﻴﺴﻴﻜﺎ ﻗﺪ ﺃﻟِﻔَﺖْ، ﻓﺎﻧﻄﻔﺄﺕ ﻛﻠﻴًﺎ.
, ......ﻛﺎﻧﺖ ﺟﻴﺴﻴﻜﺎ ﻣﺪﺭﻛﺔً ﻟﺬﻟﻚ ﺑﻨﻔﺴﻬﺎ. ﻟﻘﺪ ﻣﺎﺗﺖ ﺑﺎﻟﻔﻌﻞ.
Ronove,"""ﺣﺴﻨﺎ، ﺳﺄﺗﺮﻛﻚ ﺍﻵﻥ. ﺇﻥ ﺳﻤﺤﺖ ﻟﻲ. ......ﻛﺎﻥ ﻗﺘﺎﻟﻨﺎ ﻣﻤﺘﻌًﺎ ﻳﺎ ﺟﻴﺴﻴﻜﺎ-ﺳﺎﻣﺎ."""
, ﺗﺤﻮﻝ ﺭﻭﻧﻮﻑ ﺇﻟﻰ ﺳﺤﺎﺑﺔ ﻣﻦ ﻓﺮﺍﺷﺎﺕ ﺫﻫﺒﻴﺔ، ﻭﺍﻧﺪﺛﺮ.
, ﻣﺎ ﺗﺒﻘﻰ ﺻﺪﻯ ﺍﻟﺮﻳﺢ ﻭﺍﻟﻤﻄﺮ، ﻭﺻﻮﺭﺓ ﺟﻴﺴﻴﻜﺎ ﺟﺎﺛﻴﺔً ﺇﻟﻰ ﺍﻟﺠﺪﺍﺭ......
, ﺃﺩﺭﻛﺖ ﺟﻴﺴﻴﻜﺎ. ﺑﻌﺪ ﺛﻼﺙ ﺩﻗﺎﺋﻖ، ﺭﺑﻤﺎ ﺳﺘﻌﻮﺩ ﺣﻘﺎ ﺇﻟﻰ ﺍﻟﺠﺜﺔ ﺍﻟﺘﻲ ﻛﺎﻧﺖ ﻋﻠﻴﻬﺎ.
, ......ﻓﻲ ﺗﻠﻚ ﺍﻟﺜﻼﺙ ﺩﻗﺎﺋﻖ، ﻫﻞ ﻣﻦ ﺷﻲﺀٍ ﺗﻨﻔﻌُﻪُ......؟
, ﻭﻗﻔﺖ، ﻭﺑﺨﻄﻰً ﻣﺮﺗﻌﺪﺓٍ، ......ﺃﻣﺴﻜﺖ ﺑﺎﻟﻬﺎﺗﻒ ﺍﻟﻤﻠﻘﻰ ﻋﻠﻰ ﺍﻟﻤﻜﺘﺐ...
Ushiromiya Battler,"""ﻣـ... ﻣﺮﺣﺒًﺎ. ......ﺃﺃﻧﺖ ﻳﺎ ﺟﻴﺴﻴﻜﺎ؟ ﺟﻴﺴﻴﻜﺎ؟! ﻣﺎ ﺍﻷﻣﺮ، ﺃﺃﻧﺖِ ﺑﺨﻴﺮ؟!?"""
Ushiromiya Jessica,""".........ﻫﻪ، ......ﻫﻴﻬﻴﻬﻴﻬﻴﻬﻴﻪ... ......ﻟﻘﺪ...ﻧﺎﻟﻮﺍ ﻣﻨﻲ......"""
Ushiromiya Battler,"""ﺃﺃﻧﺖِ ﺑﺨﻴﺮ؟! ﻫﻞ ﺃﺻﺒﺖِ؟! ﺳﺂﺗﻲ ﻷُﻋﻴﻨَﻚِ ﺍﻵﻥ!!"""
Ushiromiya Jessica,"""ﻻ، ......ﻓﺎﺕ ﺍﻷﻭﺍﻥ. ...ﺃﻧﺎ...ﻳﺒﺪﻭ ﺃﻧﻲ ﻗﺪ ﻣﺖُّ ﺑﺎﻟﻔﻌﻞ... ﻫﺎﻫﺎﻫﺎﻫﺎ، ﺑﺤﻠﻮﻝ ﻭﻗﺖ ﻭﺻﻮﻟﻚ، ﺳﺄﻛﻮﻥ ﺟﺜﺔ ﻭﻧﺼﻒ ﺭﺃﺳﻲ ﻣﻨﺜﻮﺭ."""
Ushiromiya Battler,"""ﻟﻌﻨﺔ ﺗﻠﻌﻦ ﺫﺍﻙ ﺍﻟﻌﺠﻮﺯ!! ﺍﻧﺘﻈﺮﻱ ﻫﻨﺎﻙ، ﺁﺕٍ ﺍﻵﻥ!!"""
Ushiromiya Jessica,"""ﺍﺳﻤﻊ ﻳﺎ ﺑﺎﺗﻠﺮ!!! ﺍﻧﺼﺖ ﺟﻴﺪًﺍ، ﺣﺴﻨًﺎ...؟ .........ﺃﺩﺭﻙ ﺗﻤﺎﻣﺎ ﻟﻤﺎﺫﺍ ﻛﺎﻥ ﻗﻮﺩﺍ-ﺳﺎﻥ ﻭﻛﻮﻣﺎﺳﺎﻭﺍ-ﺳﺎﻥ ﻣﺤﺮﺟﻴﻦ ﺣﻴﻦ ﺗﺤﺪﺛﺎ ﻋﻦ ﺍﻟﺬﻳﻦ ﻗﺘﻠﻮﺍ ﺍﻟﺴﺘﺔ ﻓﻲ ﻗﺎﻋﺔ ﺍﻟﻄﻌﺎﻡ."""
Ushiromiya Jessica,""".........ﻫﺆﻻﺀ، ﺁﻩ... ......ﻫﻢ ﻟﻴﺴﻮﺍ... ﺑﺒﺸﺮ."""
Ushiromiya Battler,"""ﻣـ... ﻣـﺎﺫﺍ؟! ﻋﻦ ﻣﺎﺫﺍ ﺗﺘﺤﺪﺛﻴﻦ......"""
Ushiromiya Jessica,"""ﻣﺎﺫﺍ ﺗﺮﻳﺪﻧﻲ ﺃﻥ ﺃﻗﻮﻝ ﻳﺎ ﺭﺟﻞ، ﺃﻧﺎ ﺣﻘًﺎ ﺭﺃﻳﺖُ ﺫﻟﻚ، ﺍﺻﻤﺖ ﻭﺍﺳﺘﻤﻊ!! ﻫﺆﻻﺀ، ﺇﻧﻬﻢ ﻳﻨﺘﻘﻠﻮﻥ ﺁﻧﻴًﺎ ﻭﻳﺨﻠﻘﻮﻥ ﺍﻟﺪﺭﻭﻉ ﻭﻣﺎ ﺷﺎﺑﻪ، ﺁﻫﺎﻫﺎ، {i:ﻛﻞ} ﺗﻠﻚ ﺍﻟﺘﻔﺎﻫﺎﺕ، ﺃﺗﻌﻠﻢ...؟ ﻛﺄﻧﻪ ﻣﺎﻧﻐﺎ، ﻛﺄﻧﻪ ﺃﻧﻤﻲ، ......ﺣﻘًﺎ، ﻻ ﻳﻤﻜﻨﻨﺎ ﻣﻘﺎﺭﻋﺔ ﻣﺜﻞ ﺫﻟﻚ."""
Ushiromiya Jessica,"""......ﺁﻫﺎﻫﺎﻫﺎﻫـــــﺎﻫﻪ...... ...ﻟﻢ ﻳﻜﻦ ﻟﻴﻨﺠﺰ ﺍﻟﻘﺘﺎﻝ، ﺇﻧﻬﺎ ﻣﺴﺘﺤﻴﻠﺔ... ﺳﻼﺣﻚ ﺫﻟﻚ ﺍﻟﺬﻱ ﻛﻨﺖ ﺗﺘﺒﺎﻫﻰ ﺑﻪ، ﻟﺴﺖ ﺗﻜﻔﻲ ﺑﻪ ﻟﻤﻮﺍﺟﻬﺔ ﻫﺆﻻﺀ... """"ﻋﻼﻗﺔ ﺍﻟﻘﺒﻌﺎﺕ ﺍﻟﺘﻲ ﻣﻌﻚ، ﺳﺘﺤﺘﺎﺝ ﻟﺸﻲﺀ ﺃﺑﻠﻎ ﻣﻨﻬﺎ ﺑﻜﺜﻴﺮٍ ﻟﺘﻮﺍﺟﻪ ﺑﻪ ﻫﺆﻻﺀ..."""
, ﺳﺎﻟﺖ ﻗﻄﺮﺓ ﺩﻡ ﻣﻦ ﺟﺒﻴﻦ ﺟﻴﺴﻴﻜﺎ......
Ushiromiya Jessica,"""ﻟﻢ ﻳﻨﺞُ ﺃﺧﻲ ﺟﻮﺭﺝ ﺃﻳﻀًﺎ. ﻟﻘﺪ ﻛﺎﻥ ﻣﻮﺗﻪ ﻓﻮﺭﻳًﺎ... .........ﻫﻬـﻪ، ﺃﻧﺖَ ﺍﻟﺘﺎﻟﻲ ﻓﻲ ﺧﻮﺽ ﺍﻻﺧﺘﺒﺎﺭ ﻳﺎ ﺑﺎﺗﻠﺮ. .........ﺃﺗﻌﺠَﺐُ ﺇﻥ ﻛﺎﻥ ﺍﺧﺘﺒﺎﺭﻙ ﺳﻴﺸﺎﺑﻪ ﺍﺧﺘﺒﺎﺭﻧﺎ...... .........ﺇﻳﺎﻙ ﺃﻥ ......ﺗُﺴﻲﺀَ ﺍﻟﻈﻦ."""
Ushiromiya Battler,"""ﺗـ...ﺗﻘﺼﺪﻳﻦ ﺍﻻﺧﺘﺒﺎﺭ...؟"""
Ushiromiya Jessica,"""ﻻ. .........ﻻ ﺗُﺴﻲﺀ ﺍﻟﻈﻦ ﻭ... ...ﺗﺤﺴَﺐ ﺃﻥَّ ﺍﻷﻋﺪﺍﺀ ﺑﺸﺮٌ ﻣﺜﻠﻨﺎ."""
Ushiromiya Jessica,""".........ﺍﻷﻋﺪﺍﺀ...ﻟﻴﺴﻮﺍ ﺑﺒﺸﺮ. ...ﺇﻧﻬﻢ ﻋﻔﺎﺭﻳﺖ... ﻳﺴﺘﺤﻜﻤﻮﻥ ﺑﺎﻟﺴﺤﺮ ﺍﻟﻔﻈﻴﻊ ﻣﺘﻰ ﺷﺎﺀﻭﺍ."""
Ushiromiya Jessica,"""ﻣﻬﻤﺎ ﻛﺎﻥ، ......ﺇﻳﺎﻙ ﺃﻥ ﺗﺴﻲﺀ ﺍﻟﻈﻦ......"""
Ushiromiya Jessica,"""*ﻛﺤﺔ*ﻛﺤﺔ*، *ﻛﺤﺔ*!! ﺍﺣﺘﺮﺱ......ﻋﻠﻰ ﻧﻔﺴﻚ......"""
, ﺳﺎﻟﺖ ﻗﻄﺮﺓ ﺩﻡ ﺃﻳﻀًﺎ ﻣﻦ ﻓﻢ ﺟﻴﺴﻴﻜﺎ.{n} ......ﺑﺪﺃ ﻧﺼﻒ ﺭﺃﺳﻬﺎ ﺍﻷﻳﺴﺮ ﻳﺆﻟﻤﻬﺎ.
, ﺃﺩﺭﻛﺖ ﺟﻴﺴﻴﻜﺎ ﺃﻧﻬﺎ ﻋﻠﻰ ﻭﺷﻚ ﺍﻟﺮﺟﻮﻉ ﺇﻟﻰ ﺍﻟﺠﺜﺔ ﺍﻟﺘﻲ ﻛﺎﻧﺖ ﻋﻠﻴﻬﺎ.
Ushiromiya Jessica,"""...............ﺣﻴﻦ ﻳﻤﻮﺕ ﺛﻼﺛﺔ ﻋﺸﺮ ﺷﺨﺼًﺎ، ﻓﺴﺘﻨﺒﻌﺚ ﺍﻟﺴﺎﺣﺮﺓ ﺍﻟﺬﻫﺒﻴﺔ... ﺃﻣﻲ ﻭﻏﻴﺮﻫﻢ ﺍﻟﺬﻳﻦ ﻗﺘﻠﻮﺍ ﺳﺎﺑﻘﺎ ﻛﺎﻧﻮﺍ ﺍﻟﺴﺘﺔ ﺍﻷﻭﺍﺋﻞ. ﺫﻟﻚ ﻫﻮ ﺍﻟﻐﺴﻖ ﺍﻷﻭﻝ. ......ﻭﺍﻵﻥ ﻳُﺘَﻤِّﻢ ﻣﻮﺗﻨﺎ ﺃﻧﺎ ﻭﺃﺧﻲ ﺟﻮﺭﺝ ﺍﻟﻐﺴﻖ ﺍﻟﺜﺎﻧﻲ. ......ﻓﺈﻥ ﻣﺎﺕ ﺧﻤﺴﺔٌ ﺁﺧﺮﻭﻥ ﺑﻌﺪ، ﻳﻜﺘﻤﻞ ﺍﻟﻄﻘﺲ، ......ﻭﺗُﺒﻌﺚ ﺍﻟﺴﺎﺣﺮﺓُ ﺇﻟﻰ ﺍﻟﺤﻴﺎﺓ."""
Ushiromiya Jessica,""".........ﺃﺗﻤﻨﻰ ﺃﻥ ﻳﻜﻮﻥ ﺃﺑﻲ ﻭﺍﻟﺒﺎﻗﻮﻥ ﺳﺎﻟﻤﻴﻦ... ......ﺇﺫﺍ ﻟﻢ ﺗﻨﺠﻮ ﻣﺠﻤﻮﻋﺔ ﺃﺑﻲ، .........ﻓﻠﻌﻞَّ ﺍﻟﺘﻲ ﺳﻮﻑ ﺗﺨﺘﺒﺮﻙ... ﺳﺘﻜﻮﻥ ﻫﻲ {f:7:ﺑﻴﺎﺗﺮﻳﺲ} ﺍﻟﻤﻨﺒﻌﺜﺔ ﺑﻨﻔﺴﻬﺎ..."""
, ﺣﺘﻰ ﺫﻟﻚ ﺍﻟﺤﻴﻦ، ﻟﻢ ﻳﻔﻬﻢ ﺑﺎﺗﻠﺮ ﻣﺎ ﺗﻘﻮﻟُﻪ ﺟﻴﺴﻴﻜﺎ.{n}ﻟﻜﻦ ﻣﻦ ﻧﺒﺮﺗﻬﺎ، ﻋﻠﻢ ﺃﻧﻬﺎ ﻭﻋﺖ ﺃﻧﻬﺎ ﻋﻠﻰ ﺣِﻠﻚِ ﺍﻟﻤﻮﺕ.
, ﻓﺸَﺠّﻌَﻬﺎ ﻣﻊ ﺫﻟﻚ ﻋﻠﻰ ﺍﻟﺘﻤﺴّﻚ ﺑﺎﻟﺤﻴﺎﺓ ﺭﻏﻢ ﺟﻬﻠﻪ ﺑﺎﻟﺤﺎﻝ.
Ushiromiya Jessica,"""......ﻫﺎﻫﺎ، ﻗﻠﺖُ ﻟﻚ، ﺇﻧّﻲ ﻗﺪ ﻣﺖُّ ﺑﺎﻟﻔﻌﻞ. .........ﺃﺭﺍﻙ ﻻﺣﻘﺎ. ﻳﺒﺪﻭ ﺃﻥَّ ﻭﻗﺘﻲ ﻗﺪ ﺍﻧﺘﻬﻰ. ......ﺣﻈًﺎ ﻣﻮﻓﻘًﺎ ﻓﻲ ﺍﺧﺘﺒﺎﺭﻙ. ﺁﻣﻞ ﺃﻥ ﺗﺼﺒﺢ...ﺭﺋﻴﺴًﺎ ﻟﻠﻌﺎﺋﻠﺔ. ..........................."""
Ushiromiya Battler,"""ﺟﻴﺴﻴﻜﺎ؟ ﺟﻴﺴﻴﻜﺎ؟! ﻫﻴﻪ، ﺃﺟﻴﺒﻲ!! ﺟﻴﺴﻴﻜﺎﺍﺍﺍﺍ..."""
, ﻛﺎﻥ ﺻﻮﺕ ﺑﺎﺗﻠﺮ ﺍﻟﻤﻜﻠﻮﻡ ﻳﺘﺮﺩﺩ ﻣﻦ ﺳﻤﺎﻋﺔ ﺍﻟﻬﺎﺗﻒ ﺍﻟﻤﺘﺪﻟﻴﺔ.
, ......ﺟﺎﺛﻴﺔ ﻣﺴﺘﻨﺪﺓ ﺑﻈﻬﺮﻫﺎ ﺇﻟﻰ ﺍﻟﺠﺪﺍﺭ ﺍﻟﻤﺠﺎﻭﺭ...{n}......ﻛﺎﻥ ﺭﺃﺱ ﺟﻴﺴﻴﻜﺎ ﻧﺼﻔًﺎ ﻣﻬﺸﻢ.........
Ushiromiya Kyrie,"""ﺃﻳﻦُ ﻧﺤﻦ......؟"""
Ushiromiya Krauss,"""...ﻫﻞ ﻫﺬﺍ...ﺑﺌﺮ......؟ ﺃﻳﻦ ﻫﺬﺍ ﺍﻟﻤﻜﺎﻥ...؟"""
, ﺃﻃﻠﺖ ﻛﻴﺮﻳﻲ ﺑﻮﺟﻬﻬﺎ ﻣﻦ ﺍﻟﺒﺌﺮ، ﺛﻢ ﺑﺪﺍ ﻛﺮﺍﻭﺱ ﺃﻳﻀﺎ.{n}ﻋﻨﺪﻣﺎ ﻻﺣﻈﺎ ﺃﻧﻬﻤﺎ ﻳﺴﺘﻄﻴﻌﺎﻥ ﺭﺅﻳﺔَ ﺧﻠﻒ ﺍﻟﻘﺼﺮ ﻭﺭﺍﺀ ﺣُﺒَّﺔِ ﺃﺷﺠﺎﺭٍ، ﺃﺩﺭﻙ ﻛﺮﺍﻭﺱ ﺇﻟﻰ ﺣﺪ ﻣﺎ ﺃﻳﻦ ﻫﻤﺎ.
, ......ﻳﺎ ﻟﻠﻌﺠﺐ، ﻛﺎﻥ ﺛﻤﺔ ﻣﻤﺮٌ ﺳﺮﻱ ﺗﺤﺖَ ﺍﻷﺭﺽِ ﻓﻲ ﺑﺌﺮٍ ﻫﻨﺎ، ﻭﻫﻮ ﻳﻘﻮﺩُ ﺇﻟﻰ ﻗﺼﺮٍ ﻣﺨﻔﻲ......
Nanjo Terumasa,"""ﻫـ...ﻫﺬﺍ ﻣﺮﻫﻖٌ ﻓﻌﻼً ﻋﻠﻰ ﻫﺬﺍ ﺍﻟﺠﺴﺪِ ﺍﻟﻌﺘﻴﻖ... ......ﻋﺎﺩﺓً ﻳﻤﻜﻨﻚ ﺍﻟﺼﻌﻮﺩ ﻣﻦ ﻣﻮﺿﻊ ﺁﺧﺮ، ﺑﺪﺭَﺝٍ ﺣﻘﻴﻘﻴﺔ. ﻃﺎﻟﻤﺎ ﺗﻘﺪﺭ ﺃﻥ ﺗﻔﺘﺤﻪ..."""
Ushiromiya Krauss,"""......ﻟﺪﻱ ﻛﺜﻴﺮٌ ﻣﻦ ﺍﻷﺳﺌﻠﺔِ ﻋﻦ ﺗﺨﻄﻴﻂِ ﻫﺬﺍ ﺍﻟﻤﻜﺎﻥ ﺃﺳﺄﻟُﻚ ﻋﻨﻬﺎ ﻻﺣﻘًﺎ ﺃﻳﻬﺎ ﺍﻟﻄﺒﻴﺐ ﻧﺎﻧﺠﻮ. ......ﺷﺎﻧﻮﻥ، ﻫﻞ ﺃﻧﺖِ ﺑﺨﻴﺮ؟ ﺃﻣﺴﻜﻲ ﺑﻴﺪﻱ."""
Shannon,"""ﺃﻧﺎ، ......ﺑﺨﻴﺮ. ﻛﺎﻧﻮﻥ-ﻛﻦ، ﺃﺳﺮﻉ."""
, ﻛﺎﻧﻮﻥ ﺍﻷﺧﻴﺮ، ﻳﺘﺴﻠﻖ ﺍﻟﺴﻠﻢ ﻧﺤﻮﻫﻢ ﻓﻲ ﺍﻟﻌﻤﻮﺩِ ﺍﻟﻤﺘﻨﻜﺮ ﻛﺒﺌﺮ.{n}......ﻻ ﺑﺪ ﺃﻧّﻪ ﻛﺎﻥ ﻋﻤﻴﻘًﺎ ﺟﺪًﺍ.
, ﻋﻨﺪﻣﺎ ﻧﻈﺮ ﺇﻟﻰ ﺍﻷﺳﻔﻞ، ﻭﻟﻠﻤﺮﺓ ﺍﻷﻭﻟﻰ ﺃﺩﺭﻙ ﻛﻢ ﺍﺭﺗﻔﺎﻉَ ﻣﺎ ﺗﺴﻠّﻘَﻪ.
Chiester410,"""ﻧﻴﻬﻲ. ﺇﻃﻼﻕ."""
, ﺑﺎﻧﻎ.
, ............ﻋﻨﺪﻣﺎ ﺃﻭﺷﻚ ﻛﺎﻧﻮﻥ ﺃﺧﻴﺮًﺍ ﻋﻠﻰ ﺍﻟﺰﺣﻒ ﺧﺎﺭﺝ ﺍﻟﺒﺌﺮ، ﻓُﺘِﺤَﺖ ﻓﻲ ﺻﺪﺭﻩ ﺛﻐﺮﺓٌ ﺑﺤﺠﻢ ﻛﺮﺓ ﺍﻟﺴﻠﺔ.
, ......ﻧﻈﺮ ﺍﻟﺠﻤﻴﻊ ﻣﻦ ﺧﻼﻝ ﺍﻟﻔﺘﺤﺔ ﻓﻲ ﺻﺪﺭ ﻛﺎﻧﻮﻥ ﺇﻟﻰ ﺍﻟﻤﻨﻈﺮ ﻣﺎ ﻭﺭﺍﺀﻫﺎ......
Shannon,"""ﻛـ-..........ﻛﺎﻧﻮﻥ-ﻛﻦ!!!"""
Kanon,"""......ﻧـ... ...ﻱ-ﺳـﺎ... ............"""
, ﺗﻌﺜﺮَ ﻛﺎﻧﻮﻥ ﺇﻟﻰ ﺍﻟﻮﺭﺍﺀ، ......ﻭﺍُﺑﺘﻠﻊ ﻓﻲ ﺃﻋﻤﺎﻕِ ﺍﻟﺒﺌﺮ......
Shannon,"""ﺍﻫﺮﺑﻮﺍ ﺟﻤﻴﻌًﺎ!! ﺇﻧﻬﻦ ﺃﺧﻮﺍﺕ ﺍﻟﺸﻴﺎﺳﺘﺮ!! ﻟﻘﺪ ﺃﻗﻔﻠﻦ ﺍﻟﺘﻬﺪﻳﻒ ﻋﻠﻴﻨﺎ، ﻻ ﺳﺒﻴﻞ ﻟﺘﻔﺎﺩﻳﻬﻦ!! ﺍﻫﺮﺑﻮﺍ!! ﻟﻴﻨﺞُ ﻭﺍﺣﺪٌ ﻣﻨّﺎ ﻋﻠﻰ ﺍﻷﻗﻞ...!!!"""
, ﻓﻲ ﺗﻠﻚ ﺍﻟﻠﺤﻈﺔ، ﺭﺃﻯ ﻛﺮﺍﻭﺱ ﻭﻛﻴﺮﻳﻲ ﻭﻧﺎﻧﺠﻮ... ﻗﻮﺳًﺎ ﺫﻫﺒﻴًﺎ ﻳﺸﻊُّ ﻣﻦ ﻓﻢِ ﺍﻟﺒﺌﺮ، ......ﻭﻳﺨﺘﺮﻕ ﺭﺃﺱ ﺷﺎﻧﻮﻥ ﻣﻦ ﺟﺎﻧﺒﻬﺎ.........
Ushiromiya Krauss,"""ﺷﺎﻧﻮﻥ!!!"""
, ﺛﻘﺐٌ ﻓﻲ ﺍﻟﺮﺃﺱ. ﻛﺎﻥ ﺍﻟﺜﻼﺛﺔ ﺷﻬﻮﺩًﺍ ﺗﺎﻣﻴﻦ ﻋﻠﻰ ﺍﻟﻤﺸﻬﺪ ﻛﻠﻪ، ﺣﺘﻰ ﺍﻟﺠﺎﻧﺐ ﺍﻵﺧﺮ ﻣﻦ ﺭﺃﺳﻬﺎ ﻭﻗﺪ ﺍﻧﻔﺠﺮ ﻟﺒًﺎ ﻣُﻤَﺰﻗًﺎ.
, ﺭﻛﻌﺖ ﺷﺎﻧﻮﻥ ﻋﻠﻰ ﺭﻛﺒﺘﻴﻬﺎ، .........ﻭﺍﻟﺪﻡ ﻳﺘﺪﻓﻖ ﻣﻦ ﺟﺎﻧﺒﻲ ﺭﺃﺳﻬﺎ، ﻭﺳﻘﻄﺖ ﻋﻠﻰ ﺍﻷﺭﺽ.
Nanjo Terumasa,"""ﻭـﻮﺍﺍﺍﺍﺍﺍﺍﺍﺍﺍﺍﺍﺍﺍﺍﺍﺍﺍﺍﺍﺍﺍﻫﻬﻬﻬﻬﻴﺎﺍﺍﺍﺍﺍﺍﺍﺍﻫﻬﻬﻪ!!"""
Ushiromiya Kyrie,"""ﺇﻧﻬﻦ ﻳﻄﺎﺭﺩﻧﻨﺎ!! ﺍﺭﻛﻀﻮﺍ!! ﺳﻨُﻘﺘَﻞ!!"""
Ushiromiya Krauss,"""...ﺍ-ﺍﺭﻛﻀﻮﺍ...ﺍﺭﻛﻀﻮﺍ ﺍﺭﻛﻀﻮﺍ ﺍﺭﻛﻀﻮﺍ!!!"""
, ﺗﺠﻤﺪ ﻧﺎﻧﺠﻮ ﺭﻋﺒًﺎ ﻣﻦ ﻃﺮﻳﻘﺔ ﻣﻮﺕ ﺷﺎﻧﻮﻥ، ﻓﻠﻢ ﻳﻔﻠﺘﻪ ﺣﻆ ﺃﺧﻮﺍﺕ ﺍﻟﺸﻴﺎﺳﺘﺮ.
, ﻗﻮﺱٌ ﺁﺧﺮ ﺧﺮﺝ ﻣﻦ ﺍﻟﺒﺌﺮ، ﻭﺍﺧﺘﺮﻕ ﺟﺒﻴﻦ ﻧﺎﻧﺠﻮ ﻭﺧﺮﺝ ﻣﻦ ﻗﻔﺎﻩ ﻓﻲ ﻟﺤﻈﺔ، ﻳﺨﻴﻂُ ﺟﺴﺪَﻩ ﺧﻴﺎﻃﺔً.
, ......ﻃﺦ. ﻭﻫﻜﺬﺍ ﻗﻀﻰ ﻧﺎﻧﺠﻮ ﻧﺤﺒَﻪ.
Ushiromiya Krauss,"""ﻣﺎ ﺍﻟﺬﻱ...؟ ﻟﻤﺎﺫﺍﺍﺍﺍ؟!! ﻣﻦ ﺃﻳﻦ ﻳﻬﺎﺟﻤﻨﺎ ﺍﻟﻌﺪﻭ؟!"""
Ushiromiya Kyrie,"""ﺇﻧﻪُ ﻗﻨﺺٌ!! ﻻ ﺃﻋﻠﻢ ﻣﻦ ﺃﻳﻦ، ﻟﻜﻨﻬﻢ ﻳﻤﻠﻜﻮﻧﻨﺎ ﻓﻲ ﻣﺮﻣﺎﻫﻢ ﺗﻤﺎﻣًﺎ!! ﺇﻟﻰ ﺍﻟﻘﺼﺮ، ﺇﻟﻰ ﺍﻟﻘﺼﺮ!! ﺍﻗﻄﻌﻮﺍ ﻋﻨﻬﻢ ﺧﻂ ﺍﻟﺮﺅﻳﺔ!!"""
, ﺭﻛﺾ ﺍﻻﺛﻨﺎﻥ ﺇﻟﻰ ﺑﺎﺏ ﺍﻟﻘﺼﺮ ﺍﻟﺨﻠﻔﻲ.
, ﻭﻓﻲ ﺍﻟﻠﺤﻈﺔ ﺍﻟﺘﻲ ﻫﻢ ﻓﻴﻬﺎ ﻛﺮﺍﻭﺱ ﺑﺈﻏﻼﻕ ﺍﻟﺒﺎﺏ ﺧﻠﻔَﻪ...
, ......ﻇﻬﺮ ﺍﻟﻘﻮﺱ ﺍﻟﺬﻫﺒﻲ ﻟﻠﻤﺮﺓ ﺍﻟﺮﺍﺑﻌﺔ، ﻓﺎﺧﺘﺮﻕ ﻛﺮﺍﻭﺱ ﻣﻦ ﻗﻔﺎﻩ ﺣﺘﻰ ﺟﺒﻬﺘﻪ، ﻣﺤﻄﻤًﺎ ﺣﺘﻰ ﻋﻈﺎﻡ ﺟﺒﻬﺘﻪ...
Ushiromiya Krauss,"""............ﻧﻐﻎ... .........ﺁﺁﻩ............"""
Ushiromiya Kyrie,"""ﺇﻳﻴﻴﻚ!! ﻫﻴﻴﻴﻴﻴﻴﻴﻴﻴﻴﻴﻪ!!!"""
, ﻫﻮﻯ ﺟﺴﺪ ﻛﺮﺍﻭﺱ ﻣﺘﺮﻧﺤًﺎ، ﻭﺳﻘﻂ ﺳﻘﻮﻃًﺎ ﻋﻨﻴﻔًﺎ، ﻣﺮﺳﻮﻣًﺎ ﺑﺎﻷﺷﻼﺀ ﻓﻲ ﺩﺍﺋﺮﺓ ﺷﻌﺎﻋﻴﺔ ﻣﻦ ﻣﺤﺘﻮﻯ ﺭﺃﺳِﻪ...
, ﺟﺮﺕ ﻛﻴﺮﻳﻲ ﻫﺎﺋﻤﺔً ﻓﻲ ﺍﻟﻤﻤﺮ، ﺛﻢ ﺍﻧﺪﻓﻌﺖ ﺇﻟﻰ ﻏﺮﻓﺔٍ ﻣﺎ ﻭﺃﻗﻔﻠﺖ ﺍﻟﺒﺎﺏ.
, .........ﻟﻜﻨﻬﺎ ﻟﻢ ﺗﺘﻮﻫﻢ ﻟﺤﻈﺔً ﺃﻥ ﺫﻟﻚ ﺳﻴﻨﻘﺬُﻫﺎ.
, ﻟﻌﻠﻬّﺎ ﺳﺘﻤﻮﺕُ ﻗﺮﻳﺒًﺎ!
, ﻭﻳﺒﺪﻭ ﺃﻥ ﻫﺬﻩ ﻛﺎﻧﺖ ﺇﺣﺪﻯ ﻏﺮﻑ ﺍﻟﻀﻴﻮﻑ.{n}......ﻓﻲ ﺗﻠﻚ ﺍﻟﻠﺤﻈﺔ، ﻟﻤﺤﺖ ﻛﻴﺮﻳﻲ ﻫﺎﺗﻔًﺎ ﻋﻠﻰ ﻃﺎﻭﻟﺔٍ ﺟﺎﻧﺒﻴﺔ...
, ﻛﺎﻥ ﺑﺎﺗﻠﺮ -ﺑﻌﺪ ﺃﻥ ﺃﻧﻬﻰ ﻣﻜﺎﻟﻤﺘﻪ ﻣﻊ ﺟﻴﺴﻴﻜﺎ- ﻳﻬﻢّ ﺣﺮﻓﻴًﺎ ﺑﺎﻻﻧﺪﻓﺎﻉ ﺧﺎﺭﺟًﺎ.
, ﻭﻓﻲ ﺗﻠﻚ ﺍﻟﻠﺤﻈﺔ، ﺭﻥّ ﺍﻟﻬﺎﺗﻒُ ﺛﺎﻧﻴﺔً.
Ushiromiya Battler,"""ﻣـ-ﻣﺮﺣﺒًﺎ!!! ...............ﻫﺎﻩ؟ ﻛﻴﺮﻳﻲ-ﺳﺎﻥ؟!"""
Ushiromiya Kyrie,"""......ﻧﻌﻢ، ﺑﺎﺗﻠﺮ-ﻛﻦ. ......ﺣﺎﻟَﻔَﻨﻲ ﺍﻟﺤﻆ. ﻧﺠﻮﺕ ﻣﻦ ﺍﻟﺰﻧﺰﺍﻧﺔِ ﺑﻄﺮﻳﻘﺔٍ ﻣﺎ. ﻛﻨﺖُ ﻣﺤﻈﻮﻇﺔً ﺣﻘًﺎ."""
Ushiromiya Battler,"""ﺃﻳﻦ ﺃﻧﺖِ؟! ﻫﻞ ﺍﻟﺠﻤﻴﻊ ﺑﺨﻴﺮ؟! ﻓﻲ ﺟﺎﻧﺒﻨﺎ، ﻳﺒﺪﻭ ﺃﻥ ﺟﻴﺴﻴﻜﺎ ﻭﺃﺧﻲ ﺟﻮﺭﺝ ﻗﺪ-"""
Ushiromiya Kyrie,"""ﺃﻧﺼﺖ ﺇﻟﻲ!!! ﻟﻌﻠﻲ ﻟﻦ ﺃﺑﻘﻰ ﺣﻴّﺔً ﻃﻮﻳﻼً."""
, ﻓﻲ ﺗﻠﻚ ﺍﻟﻠﺤﻈﺔ، ﺃﺣﺴﺖ ﻓﺠﺄﺓ ﺃﻥ ﺛﻘﺐ ﻣﻔﺘﺎﺡ ﺍﻟﺒﺎﺏ ﺍﻟﻤﻐﻠﻖ ﻗﺪ ﺃﺿﺎﺀ ﺑﻠﻮﻥٍ ﺫﻫﺒﻲ، ﺛﻢ ﺧﻂٌّ ﺫﻫﺒﻲٌ ﻣﻨﺤﻨﻲٌ ﻳﺮﺳﻢُ ﺣﻠﺰﻭﻧًﺎ... ...ﻻ، ﺧﻴﻂ ﺧﻴﺎﻃﺔ ﺫﻫﺒﻲ... ﺗﺴﻠﻞ ﺇﻟﻰ ﺍﻟﻐﺮﻓﺔ ﻋﺒﺮ ﺍﻟﺜﻘﺐ ﺑﺴﺮﻋﺔ ﻣﺬﻫﻠﺔ، ﻭﺛﻘﺐ ﺍﻷﺭﺽ ﻋﻨﺪ ﻗﺪﻣﻲ ﻛﻴﺮﻳﻲ.
, ......ﻫﺎﻩ، ﻋﺠﻴﺐ.
, ﺍﻟﻌﺪﻭ ﺍﻟﺬﻱ ﻗﻨﺺ ﺍﻷﺭﺑﻌﺔ ﺍﻵﺧﺮﻳﻦ ﻭﺍﺣﺪًﺍ ﺗﻠﻮ ﺍﻵﺧﺮ ﺑﻤﻬﺎﺭﺓٍ ﺧﺎﺭﻗﺔ، ﻳﺒﺪﻭ ﺃﻧﻪ ﻳﺠﺪُ ﺻﻌﻮﺑﺔً ﻓﻲ ﺇﺻﺎﺑﺘﻲ ﺑﻴﻦ ﺍﻟﻌﻴﻨﻴﻦ ﺑﺮﻣﻴﺔٍ ﻭﺍﺣﺪﺓٍ ﻭﺃﻧﺎ ﻣﺘﺤﺼّﻨﺔٌ ﻓﻲ ﻫﺬﻩ ﺍﻟﻐﺮﻓﺔ.
, ﻟﻜﻦ ﺍﻟﻀﺮﺑﺔ ﺍﻟﺘﺎﻟﻴﺔ ﻗﺪ ﺗُﺼﻴﺐ......
, ﻋﻨﺪﻫﺎ ﻓﻘﻂ، ﺗﺬﻛﺮﺕ ﻛﻴﺮﻳﻲ ﺍﻟﻤﺠﺰﺭﺓ ﺍﻷﻭﻟﻰ ﻓﻲ ﻗﺎﻋﺔ ﺍﻟﻄﻌﺎﻡ......
, ......ﻧﻌﻢ...... ......ﻫﺬﺍ ﻣﺎ ﻗﺘﻞ ﺭﻭﺩﻭﻟﻒ ﻭﺍﻟﺒﺎﻗﻴﻦ، ﺍﻟﺴﺘﺔَ ﺟﻤﻴﻌًﺎ......
Ushiromiya Kyrie,"""......ﺃﻧﺼﺖ ﻳﺎ ﺑﺎﺗﻠﺮ-ﻛﻦ. ﺳﺄﻗﺺ ﻋﻠﻴﻚ ﻛﻞ ﻣﺎ ﺭﺃﻳﺘﻪ ﺗﻤﺎﻣًﺎ ﻛﻤﺎ ﻛﺎﻥ. ...ﺣﺘﻤًﺎ ﺳﻮﻑ ﺗﻈﻦُّ ﺃﻧﻨﻲ ﺟُﻨِﻨﺖُ."""
Ushiromiya Kyrie,"""......ﻓﻲ ﺍﻟﺤﻘﻴﻘﺔ، ﻻ ﺑﺄﺱ ﺃﻥ ﺗﻈﻦ ﺫﻟﻚ. ﺣﺘﻰ ﺃﻧﺎ ﻟﻢ ﺃﺳﺘﻮﻋﺐ ﺑﻌﺪ ﻣﺎ ﺃﺑﺼﺮﺗﻪ."""
Ushiromiya Kyrie,""".........ﺍﻟﻴﻮﻡ، ﺑﻌﺪ ﺃﻥ ﻋﺪﺗﻢ ﺟﻤﻴﻌًﺎ ﺇﻟﻰ ﺑﻴﺖ ﺍﻟﻀﻴﺎﻓﺔ، ﺑﺪﺃ ﻣﺆﺗﻤﺮ ﺍﻟﻌﺎﺋﻠﺔ ﻓﻲ ﻗﺎﻋﺔ ﺍﻟﻄﻌﺎﻡ، ......ﻭﺳﺄﺧﺒﺮﻙ ﺑﻜﻞ ﻣﺎ ﺟﺮﻯ ﺑﻌﺪﻫﺎ."""
Ushiromiya Kyrie,"""ﺃﺻﻎ ﺣﺘﻰ ﺍﻟﻨﻬﺎﻳﺔ ﻭﻻ ﺗﻘﺎﻃﻌﻨﻲ. ............ﻗﺪ ﺗﻨﻘﻄﻊ ﺍﻟﻤﻜﺎﻟﻤﺔُ ﻓﺠﺄﺓً ﻓﻲ ﻣﻨﺘﺼﻔﻬﺎ.""ﺇﻥ ﻛﺎﻥ ﺍﻷﻣﺮ ﻛﺬﻟﻚ، ﻓﺘﻠﻚ ﻫﻲ ﺍﻟﻠﺤﻈﺔ ﺍﻟﺘﻲ ﻗُﺘِﻠﺖُ ﻓﻴﻬﺎ."""
Ushiromiya Battler,""".........ﻛﻴﺮﻳﻲ......-ﺳﺎﻥ......"""
, ﺛﻢ ﺗﺤﺪﺛﺖ ﻛﻴﺮﻳﻲ... ......ﻋﻦ ﻗﺪﻭﻡ ﻛﻴﻨﺰﻭ، ﻭﺍﺑﺘﺪﺍﺀِ ﻣﺠﻠﺲ ﺍﻟﻌﺎﺋﻠﺔ، ......ﻭﻋﻦ ﻣﻘﺘﻞ ﺍﻟﺴﺘﺔ، ﻭﺣﺒﺲ ﺍﻟﺨﻤﺴﺔ ﺍﻟﺒﺎﻗﻴﻦ.
, ......ﻭﻛﻴﻒ ﺍﺳﺘﻄﺎﻋﺖ ﺍﻟﻔﺮﺍﺭ ﻋﻠﻰ ﻧﺤﻮٍ ﻣﺎ، ﻭﺑﻠﻮﻍ ﻣﺎ ﻫﻲ ﻓﻴﻪ ﺍﻵﻥ، ﻭﻛﻴﻒ ﺃُﺑﻴﺪَ ﺍﻟﺠﻤﻴﻊُ ﻓﻲ ﺍﻟﻨﻬﺎﻳﺔ-ﻛﻞ ﺫﻟﻚ ﺭَﻭَﺗﻪُ ﺑﺒﺮﻭﺩٍ ﻛﻤﺎ ﺷﻬﺪﺗﻪ، ﺩﻭﻥَ ﻣﺒﺎﻟﻐﺔٍ ﺃﻭ ﺍﻧﻔﻌﺎﻝ.
, ......ﺑﻞ ﺣﺪّﺛﺖ ﻛﻴﻒ ﻣﺎﺕ ﺟﻤﻴﻊ ﻣﻦ ﻋﺪﺍﻫﺎ، ﻭﻛﻴﻒ ﺭﺃﺕ ﻟﺤﻈﺎﺕِ ﻣﻮﺗِﻬﻢ ﻛﻠّﻬﻢ، ......ﻭﻛﻴﻒ ﺃﻧﻪ ﺣﺘﻰ ﻫﺬﻩ ﺍﻟﻠﺤﻈﺔ، ﺛﻤﺔ ﻣﻦ ﻳﺤﺎﻭﻝ ﻗﺘﻠﻬﺎ.
Ushiromiya Kyrie,"""............ﻓﻲ ﺍﻟﻮﺍﻗﻊ، ﺣﺘﻰ ﻭﻧﺤﻦ ﻧﺘﺤﺪﺙ، ...ﻟﻘﺪ ﺗﻌﺮﺿﺖُ ﻟﻠﻬﺠﻮﻡِ ﺛﻼﺙَ ﻣﺮّﺍﺕ. ﺷﻲﺀٌ ﻛﺨﻴﻂٍ ﺫﻫﺒﻲ ﻏﺮﻳﺐ ﻳﻄﻴﺮُ ﻣﻦ ﺛﻘﺐ ﺍﻟﻤﻔﺘﺎﺡ، ﻳﺪﻭﺭ ﻓﻲ ﺍﻟﻐﺮﻓﺔ ﻣﺴﺘﻬﺪﻓًﺎ ﺇﻳﺎﻱ."""
Ushiromiya Kyrie,"""ﺃﻭﻝ ﻣﺮﺓٍ ﻛﺎﻥ ﻋﻨﺪ ﻗﺪﻣﻲ. ......ﺛﻢ ﺍﻗﺘﺮﺏَ ﻣﻦ ﻛﺘﻔﻲّ. ......ﻭﺣﻴﻨًﺎ ﻣﻀﻰ، ﺧﺪﺵَ ﺃﺫﻧﻲ. ......ﻭﻳﺒﺪﻭ ﺃﻥ ﻫﺪﻓﻪ ﻳﻐﺪﻭ ﺃﺩﻕ ﻓﺄﺩﻕ. ﻟﻌﻠﻪ ﺳﻴﻨﻔﺬ ﻗﺮﻳﺒًﺎ ﺑﻴﻦ ﻋﻴﻨﻲّ......"""
Ushiromiya Battler,"""ﺍ-ﺍﻫﺮﺑﻲ، ﻛﻴﺮﻳﻲ-ﺳﺎﻥ...!! ﺍﻫﺮﺑـــــــــــــــــﻲ!!!"""
Ushiromiya Kyrie,"""ﺇﻟﻰ ﺃﻳﻦ؟ ......ﺃﺗﺪﺭﻙُ، ...ﺃﻧّﻲ ﺭﻛﻀﺖُ ﺣﺘﻰ ﻭﺻﻠﺖُ ﺇﻟﻰ ﻫﻨﺎ، ......ﻭﺃﻏﻠﻘﺖُ ﻋﻠﻰ ﻧﻔﺴﻲ ﺍﻟﺒﺎﺏَ ﺑﺎﻟﻤﻔﺘﺎﺡ......؟ .........ﻭﻣﻊ ﺫﻟﻚ ﻣﺎ ﺯﻟﺖُ ﻫﺪﻓًﺎ. .........ﻓﺄﻳﻦ ﺃﺧﺘﺒﺊ ﺇﺫﻥ...؟ ......ﺣﻘﺎ......"""
Ushiromiya Battler,"""ﻛﻲ...... ﺭﻱ... ﻱ... ...ـﺴﺎﻥ........."""
Ushiromiya Kyrie,"""ﺑﺎﺗﻠﺮ-ﻛﻦ... ﻫﻞ ﺟﻴﺴﻴﻜﺎ-ﺗﺸﺎﻥ ﻭﺟﻮﺭﺝ-ﻛﻦ......ﻣﺎ ﺯﺍﻻ ﻋﻠﻰ ﻗﻴﺪ ﺍﻟﺤﻴﺎﺓ؟"""
Ushiromiya Battler,"""..................... ......ﻗﺒﻞ ﻗﻠﻴﻞ، ...ﺟﺎﺀﻧﻲ ﺍﺗﺼﺎﻝٌ ﻣﻦ ﺟﻴﺴﻴﻜﺎ... .........ﻳﺒﺪﻭ..ﺃﻧﻬﻤﺎ...ﻗﺪ ﻗَﻀَﻴَﺎ ﻧﺤﺒﻬﻤﺎ......"""
Ushiromiya Kyrie,""".........ﻛﻤﺎ ﺗﻮﻗﻌﺖ. ......ﻧﻌﻢ، ﺣﻴﻦ ﻛﻨﺎ ﺍﻟﺨﻤﺴﺔَ ﻧُﻘﺘَﻞُ ﻭﺍﺣﺪًﺍ ﺇﺛﺮَ ﺍﻵﺧﺮ، ﺳﺎﻭﺭﻧﻲ ﺇﺣﺴﺎﺱٌ ﻏﺮﻳﺐ. ......ﺧﺎﻝَ ﻟﻲ ﺃﻥ ﺍﻟﻐﺴﻖ ﺍﻟﺜﺎﻧﻲ ﻗﺪ ﺗﻢ ﻓﻲ ﻃﻘﺲ ﺍﻟﻘﺘﻞ ﺫﻱ ﺍﻟﺜﻼﺛﺔ ﻋﺸﺮ، ﻭﺃﻥ ﻏﺴﻘَﻨﺎ ﻗﺪ ﺣﺎﻥ."""
Ushiromiya Kyrie,""".........ﺃﻱ ﺃﻧﻲ ﺣﻴﻦ ﺃﻣﻮﺕ، ﻳُﺴﺘﻜﻤَﻞُ ﺍﻟﻌﺪﺩ ﺇﻟﻰ ﺛﻼﺛﺔَ ﻋﺸﺮ. ﻋﻨﺪﻫﺎ ﻳﺘﻢ ﺍﻟﻄﻘﺲ. ......ﻭﺗُﺒﻌﺚ ﺍﻟﺴﺎﺣﺮﺓ ﺍﻟﺬﻫﺒﻴﺔ، {f:7:ﺑﻴﺎﺗﺮﻳﺲ}."""
Ushiromiya Kyrie,""".........ﺃﺗﺴﺎﺀﻝُ ﻋﻤّﺎ ﺳﻴﺤﺪﺙ. ......ﻓﻲ ﻫﺬﻩ ﺍﻟﺠﺰﻳﺮﺓ ﺍﻟﻤﻤﻠﻮﺀﺓ ﺑﺎﻟﺸﻴﺎﻃﻴﻦ ﻭﺍﻟﺴﻮﺍﺣﺮ، ﻭﺍﻟﻤﻜﺘﻈﺔ ﺑﻮﺣﻮﺵ ﺍﻟﻤﺎﻋﺰ، ......ﺣﻴﻦ ﺗﻈﻬﺮ ﺳﻴﺪﺓ ﺍﻟﺠﻤﻴﻊ، ﺍﻟﺴﺎﺣﺮﺓ ﺍﻟﺬﻫﺒﻴﺔ ﺫﺍﺗﻬﺎ، .........ﻓﺒﺄﻱ ﺃﻣﺮ ﻣﻦ ﺍﻷﻣﻮﺭ ﺳﻴﺆﻭﻝ ﺍﻟﺤﺎﻝ... ......ﻓﻲ ﻫﺬﻩ ﺍﻟﻠﺤﻈﺔ، ﻟﻢ ﺃﻋﺪ... ......ﺃﻓﻬﻢ ﺷﻴﺌًﺎ ﻣﻦ ﺃﻱ ﺷﻲﺀٍ ﺑﻌﺪ."""
, ﻟﻘﺪ ﻛﺎﻥ ﺻﻮﺕ ﻛﻴﺮﻳﻲ......ﻗﺪ ﺳﻠّﻢ ﺃﻣﺮَﻩُ ﺗﻤﺎﻣًﺎ، ﻭﺍﺳﺘﺴﻠﻢَ ﻟﻔﻨﺎﺀِ ﻧﻔﺴﻪ.
, ﻭﻷﻥ ﺑﺎﺗﻠﺮ ﺃﺩﺭﻙ ﺫﻟﻚ، ......ﻋﺠﺰَ ﻋﻦ ﻛﺒﺢِ ﺩﻣﻮﻋﻪ......
Ushiromiya Kyrie,"""......ﻣﺎ ﺯﺍﻝ ﻟﺪﻱ ﺃﻣﺮٌ ﻭﺍﺣﺪ... ﻳﻤﻜﻨﻨﻲ ﻧﺼﺤﻚ ﺑﻪ."""
Ushiromiya Battler,"""ﻣﺎ ﻫﻮ...؟"""
Ushiromiya Kyrie,""".........ﺣﺘﻰ ﻟﻮ... ﻇﻬﺮﺕ ﺃﻣﺎﻣﻚ ﺳﺎﺣﺮﺓ ﺃﻭ ﻋﻔﺮﻳﺖ..."""
Ushiromiya Battler,"""ﻧﻌﻢ..."""
Ushiromiya Kyrie,"""ﻓﻼ ﺣﺎﺟﺔ ﺃﺑﺪًﺍ ﺃﻥ ﺗﺸﻚ ﻓﻲ ﻣﺎ ﻫﻢ ﻋﻠﻴﻪ. ......ﺁﻣﻦ ﺃﻧﻬﻢ ﻋﻠﻰ ﺣﻘﻴﻘﺘِﻬﻢ ﻛﻤﺎ ﺗﺮﺍﻫﻢ."""
Ushiromiya Battler,"""........................"""
Ushiromiya Kyrie,"""ﻟﻌﻠﻚ ﺗﻈﻦ ﺃﻥ ﻭﺭﺍﺀﻫﻢ ﺣﻴﻠﺔ، ﺃﻭ ﺃﻥ ﻟﻬﻢ ﻫﻮﻳﺔ ﺃﺧﺮﻯ ﺧﻔﻴﺔ. ......ﻟﻜﻦ ﺇﻥ ﻛﺎﻥ ﻟﻚَ ﻭﻗﺖٌ ﻟﺘﻔﻜﻴﺮٍ ﻛﻬﺬﺍ، ......ﻓﺎﻷﺟﺪﺭ ﺃﻥ ﺗﻔﻜﺮ ﻛﻴﻒ ﻻ ﺗُﻔﺴﺪ ﻣﺰﺍﺝ ﻣﺎ ﺗﻮﺍﺟﻬُﻪ."""
Ushiromiya Kyrie,"""......ﻭﺣﺘﻰ ﻋﻦ ﺧﻄﺄ، ...ﻻ ﺗﻨﻄﻖ ﺑﻘﻮﻝ: ""ﺃﺛﺒﺖ ﺫﻟﻚ ﺇﺫﻥ، ﺃﺭِﻧﻲ ﺳﺤﺮﻙ""... ......ﻓﻠﺮﺑﻤﺎ ﺳﻴﺮﻭﻧﻚَ ﺩﻟﻴﻼً ﻋﻠﻴﻪ، ...ﺑﺄﺑﺸﻊ ﺍﻟﻄﺮﻕ ﺍﻟﻤﻤﻜِﻦ ﺗﺼﻮﺭﻫﺎ."""
Ushiromiya Battler,"""......ﻻ  ﺃُﺻﺪّﻕ... ...ﻣﺎ ﻛﻨﺖُ ﺃﻇﻦ... ﺃﻧﻲ ﺳﺄﺳﻤﻊ ﻗﻮﻻً ﻛﻬﺬﺍ ﻣﻦ ﻓﻤﻚ... ......ﻻ ﺃٌﺻﺪّﻕ........."""
Ushiromiya Kyrie,"""ﺇﻧﻲ ﻷُﺩﺭﻙ. ﺃٌﺩﺭﻙ ﺃﻧﻪ ﻷﻣﺮٌ ﻳُﺠﺎﻭﺯ ﺣﺪَّ ﺍﻟﺘﺼﺪﻳﻖ. ......ﻭﻟﺬﻟﻚ، ﻓﺬﺍﻙَ ﻭﺣﺪﻩ ﺍﻟﻨُّﺼﺢ ﺍﻟﺬﻱ ﺃﻗﺪﺭ ﺃﻥ ﺃُﺳﺪِﻳَﻪ ﺇﻟﻴﻚ. ......{i:ﺻّﺪِّﻕ}."""
Ushiromiya Battler,""".........ﺃﺗﺄﻣﺮﻳﻨﻨﻲ ﺃﻥ ﺃﻭﻣﻦ ﺑـ{f:7:ﺑﻴﺎﺗﺮﻳﺲ}... ﻭﺑﺎﻟﻌﻔﺎﺭﻳﺖ ﻭﺍﻟﺴﻮﺍﺣﺮ ﻭﺍﻟﻮﺣﻮﺵ......؟"""
Ushiromiya Kyrie,"""ﺭﺑﻤﺎ، ......ﺣﺘﻰ ﺑﻌﺪ ﺃﻥ ﺃُﺭﻳﻨﺎ ﺑﻮﺿﻮﺡ ﻣﺎ ﻟﻴﺲ ﻣﻦ ﻫﺬﺍ ﺍﻟﻌﺎﻟﻢ، ......ﻟﻢ ﻧُﻔﻠﺢ ﻓﻲ ﺍﻹﻳﻤﺎﻥ ﺑﻪ، ﺃﻇﻦ."""
Ushiromiya Kyrie,"""......ﻭﺃﻧﺎ ﻛﺬﻟﻚ ﺍﻵﻥ. ......ﺻﻮﺭﺓُ ﻫﺬﺍ ﺍﻟﺸﻲﺀ ﺍﻟﺬﻱ ﻳﻬﺎﺟﻤﻨﻲ، ﻳﺴﻌﻰ ﺃﻥ ﻳﻨﻔﺬ ﻣﻦ ﺟﺒﻬﺘﻲ، ......ﺷﻲﺀٌ ﻻ ﺃﻓﻬﻤﻪ، .........ﻭﻻ ﺃﺳﺘﻄﻴﻊ ﺃﻥ ﺃﻭﻣﻦَ ﺑﻪ."""
Ushiromiya Kyrie,"""ﻓـ، ......ﺃُﺭﻳﺪُﻙ ﻋﻠﻰ ﺍﻷﻗﻞ ﺃﻥ ﺗﺆﻣﻦ، ﻭﺃﻥ ﺗُﺪﺭﻙ، .........ﻭﺃﻥ ﺗﺘﻘﺒﻞ ﺫﺍﻙ ﺍﻟﻜﺎﺋﻦ ﺍﻟﺬﻱ... ...ﻋﺠﺰﻧﺎ ﻧﺤﻦ ﻋﻦ ﻗﺒﻮﻟﻪ ﺗﻤﺎﻣًﺎ. ﺇﻥ ﻓﻌﻠﺖ ﺫﻟﻚ ﻣﻦ ﺃﺟﻠﻲ، ﻓﻠﻦ ﻳﻀﻴﻊ ﻣﻮﺗﻨﺎ ﺳُﺪًﻯ. .........ﻭﺳﻴُﺠﺪﻱ ﺑﻲ ﺃﻥ ﺃُﺟﺮﻱَ ﻫﺬﻩ ﺍﻟﻤﻜﺎﻟﻤﺔ... ......ﺁﻩ...!"""
Ushiromiya Battler,"""ﻛـ، ﻛﻴﺮﻳﻲ ﺳﺎﻥ؟!"""
Ushiromiya Kyrie,"""......ﻣﺎ ﺯﻟﺖُ ﺑﺨﻴﺮ. ﻟﻘﺪ ﻻﻣﺴﻨﻲ ﺍﻟﺮﺻﺎﺹ، ﻟﻜﻨﻪ ﺃﺧﻄﺄ ﻣﺮّﺓً ﺃُﺧﺮﻯ. ......ﻏﻴﺮ ﺃﻧّﻲ ﺃﺷﻚُّ ﻛﺜﻴﺮًﺍ... .........ﺃﻥ ﺃُﻓﻠِﺖَ ﻣﻦ ﺍﻟﻘﺎﺩﻣﺔ. .........ﺷﻜﺮًﺍ ﻟﻚ. ﻭﻭﺩﺍﻋًﺎ ﻳﺎ ﺑﺎﺗﻠﺮ-ﻛﻦ. ......ﻓﻲ ﺍﻟﻤﺎﺿﻲ، ﻛﻤﻦُ ﺃﻋﺎﻣﻠﻚَ ﺑﺠﻔﺎﺀ ﻻ ﻟﺸﻲﺀٍ ﺇﻻ ﻷﻧﻚ ﺍﺑﻦ ﺁﺳﻮﻣﻮ. ......ﻓﺎﻋﺬﺭﻧﻲ... ﻋﻠﻰ ﺗﻠﻚ ﺍﻷﻳﺎﻡ."""
Ushiromiya Battler,"""ﻟﻴﺲ ﻫﻨﺎﻙ ﻣﺎ ﺃﺳﺎﻣﺤﻚِ ﻋﻠﻴﻪ، ﺃﻧﺖ ﺍﻵﻥ ﺑﻤﺜﺎﺑﺔ {i:ﺃﻡٍ} ﻟﻲ ﻳﺎ ﻛﻴﺮﻳﻲ-ﺳﺎﻥ!!"""
, ﻓﻜﺄﻧّﻲ ﺳﻤﻌﺖُ ﺻﺪﻯً ﺭﻫﻴﺒًﺎ ﻓﻲ ﺍﻟﺠﺎﻧﺐِ ﺍﻵﺧﺮِ ﻣﻦ ﺍﻟﺴﻤﺎﻋﺔ.{n}ﺛﻢ ﺟﻠﺠﻠﺔً ﺻﺎﺧﺒﺔً،
, ......ﻛﺄﻥّ ﺍﻟﺴﻤﺎﻋﺔَ ﻗﺪ ﻫَﻮَﺕ ﺇﻟﻰ ﺍﻷﺭﺽ.
Ushiromiya Battler,"""ﻛﻴﺮﻳﻲ-ﺳﺎﻥ؟! ﻛﻴﺮﻳﻲ-ﺳﺎﻥ!!! ﺁﺁﺁﺁﺁﺁﺁﺁﺁﺁﺁﺁﺁﺁﺁﺁﻫـــ!!"""
, .........ﻭﻟﻢ ﺗﻌﺪ ﻛﻴﺮﻳﻲ-ﺳﺎﻥ... ......ﺗﺠﻴﺐ ﻣﻦ ﻭﺭﺍﺀ ﺍﻟﻬﺎﺗﻒ... .........ﺑﻌﺪ ﺫﻟﻚ.........
