Speaker,Umineko Project (UP),Steam - Umineko Project (ST),Original Witch Hunt (OG),PC Japanese (JP),PS3 Japanese - Censored (JPC),Russian (RU),Brazilian Portuguese (PT),Chinese Simplified (CN),Chinese Traditional (CHT),Italian - Ars Magica - Old (ITA),Italian - Majotachi no Sub - New (IT),Spanish (ES),Arabic (AR),Vietnamese (VI),Indonesian (IDN),Turkish (TR)
,The boat gave a big shudder.,The boat gave a big shudder. ,"The boat gave a big shudder.",船が大きくガクンと揺れる。,船が大きくガクンと揺れる。,Катер хорошенько встряхнуло.,O barco balançou bruscamente.,船身发出了一阵剧烈的震颤。,船身發出了一陣劇烈的震顫。,La barca fece un gran rumore.,All'improvviso il battello ebbe un gran scossone.,El barco se agitó fuertemente.,ﺍﻫﺘﺰ ﺍﻟﻘﺎﺭﺏ ﻋﻠﻰ ﻧﺤﻮ ﻛﺒﻴﺮ.,Con thuyền rung lên dữ dội.,"""Kapal bergoncang keras.""",Tekne büyük bir sarsıntı geçirdi.
,Seems we've docked at the harbor.{n}The boat driver came out and jumped to the pier with the mooring rope.,Seems we've docked at the harbor. The boat driver came out and jumped to the pier with the mooring rope. ," Seems we've docked at the harbor. The boat driver came out and jumped to the pier with the mooring rope.",船着場に接岸したようだった。船の人が出てきて、舫い綱を持ちながら埠頭に飛び移る。,船着場に接岸したようだった。{n}船の人が出てきて、舫い綱を持ちながら埠頭に飛び移る。,"Похоже, мы причалили в гавань.{n}Рулевой катера вышел и спрыгнул на пристань со швартовым в руках.",Parece que chegamos na ilha.{n}O piloto do barco apareceu e pulou para o atracadouro com uma corda de amarração.,似乎已经靠岸了。{n}船员走出了船舱，手里抓着缆绳跳上了码头。,似乎已經靠岸了。{n}船員走出了船艙，手裡抓著纜繩跳上了碼頭。,Sembra che stiamo ormeggiando. Il personale della barca venne fuori e saltò sul molo mentre teneva la corda per l'ormeggio...,"Sembrava che stessimo per attraccare. Un addetto del battello uscì fuori e saltò sul molo, mentre teneva la corda per l'ormeggio con sé.",Al parecer habíamos llegado a puerto.{n}El conductor del bote salió y saltó al muelle mientras sostenía la cuerda de anclaje.,ﻳﺒﺪﻭ ﺑﺄﻧﻨﺎ ﺭﺳﻮﻧﺎ ﻓﻲ ﺍﻟﻤﻴﻨﺎﺀ.{n}ﺧﺮﺝ ﺍﻟﻜﺎﺑﺘﻦ ﻭﻗﻔﺰ ﺇﻟﻰ ﺍﻟﺮﺻﻴﻒ ﻭﻫﻮ ﻳﻤﺴﻚ ﺣﺒﻞ ﺍﻟﻤﺮﺳﺎﺓ.,Có vẻ như chúng tôi đã cập bến rồi.{n}Người lái thuyền bước ra và nhảy lên bến với sợi dây buộc thuyền.,"""Sepertinya kita sudah merapat di pelabuhan.""{n}Nahkoda kapal keluar dan melompat ke dermaga dengan tali tambat.",Görünüşe göre limana yanaştık.{n}Teknenin sürücüsü dışarı çıktı ve bağlama halatıyla iskeleye atladı.
,"A large man in a tuxedo was waiting there for us with a warm, smiling face.",A large man in a tuxedo was waiting there for us with a warm smile. ," A large man in a tuxedo was waiting there for us with a warm, smiling face.",そこにはタキシード姿の大柄な男がいて、俺たちをにこやかな笑顔で迎えていた。,そこにはタキシード姿の大柄な男がいて、俺たちをにこやかな笑顔で迎えていた。,"Нас ожидал крупный мужчина в смокинге с тёплым, улыбающимся выражением лица.",Um homem grande vestindo um smoking estava esperando por nós com um caloroso sorriso no rosto.,一位身着晚礼服，体型魁梧的男人站在码头上，面带热切的笑容迎接着我们。,一位身著晚禮服，體型魁梧的男人站在碼頭上，面帶熱切的笑容迎接著我們。,C'era un omone in smoking che ci salutava con un viso ridente.,"Ad accoglierci vi era un uomo in smoking dalla grossa corporatura, che sfoggiava un sorriso cordiale...",Ahí se encontraba un hombre robusto en un smoking saludándonos con un rostro entusiasta y sonriente.,ﻛﺎﻥ ﻫﻨﺎﻙ ﺭﺟﻞ ﻛﺒﻴﺮ ﻳﻠﺒﺲ ﺑﺪﻟﺔ ﺭﺳﻤﻴﺔ ﻳﻨﺘﻈﺮﻧﺎ ﻣﻊ ﻭﺟﻪ ﻣﺒﺘﺴﻢ.,Một người đàn ông to lớn mặc tuxedo đang đợi chúng tôi với một khuôn mặt ấm áp và nở nụ cười thân thiện.,Seorang pria besar berbaju tuksedo menunggu kami di sana dengan wajah ramah tersenyum.,"Smokinli, iri yarı bir adam sıcak ve güler yüzüyle bizi bekliyordu."
,"......I didn't know him, but judging by his clothes, I guessed that he was a servant of the Ushiromiya head house.","......I didn't recognize his face, but judging by his clothes, I guessed he was a servant of the Ushiromiya Head Household. ","......I didn't know his face, but judging by his clothes, I guessed that he was a servant of the Ushiromiya family head house.",……面識はないが、服装から右代宮本家の使用人だろうと察する。,……面識はないが、服装から右代宮本家の使用人だろうと察する。,"......Его лицо было мне незнакомо, но, судя по его одежде, я предположил, что он является слугой из головного дома семьи Уширомия.","......Eu não sei quem ele é, mas, julgando pelas suas roupas, acho que é um dos serviçais que servem ao chefe da família Ushiromiya.",……虽然我从没见过他，但是从衣着来看，他应该是右代宫本家的佣人。,……雖然我從沒見過他，但是從衣著來看，他應該是右代宮本家的傭人。,"... Non riconoscevo la sua faccia, ma a giudicare dai suoi vestiti, immaginavo fosse uno dei domestici della famiglia Ushiromiya.","Non lo riconoscevo, ma dai suoi vestiti avevo presunto che fosse uno dei domestici della famiglia Ushiromiya.","No conocía su cara, pero a juzgar por su ropa, supuse que él era un criado de la casa principal de la familia Ushiromiya.",.....ﻟﻢ ﺃﺗﻌﺮﻑ ﻋﻠﻰ ﻭﺟﻬﻪ، ﻭﻟﻜﻦ ﺑﺎﻟﻨﻈﺮ ﺇﻟﻰ ﻫﻴﺌﺔ ﻣﻼﺑﺴﻪ، ﺧﻤﻨﺖ ﺑﺄﻧﻪ ﻳﻌﻤﻞ ﺧﺎﺩﻣﺎ ﻟﻤﻨﺰﻝ ﻋﺎﺋﻠﺔ ﺃﻭﺷﻴﺮﻭﻣﻴﺎ.,"......Tôi không quen ông ta, nhưng dựa vào quần áo, tôi đoán ông ấy là gia nhân của nhà chính Ushiromiya.","......Aku tidak mengenalnya, tapi dari pakaiannya, kutebak dia adalah pelayan rumah utama keluarga Ushiromiya.",......Onu tanımıyordum ama kıyafetlerine bakarak Ushiromiya baş ailesinin hizmetkârlarından biri olduğunu tahmin ettim.
Gohda Toshiro,"""Welcome home, Milady. You were quite late, and I began to worry.""","""Welcome home, Milady. You were so late in returning that I began to worry."" ","""Welcome home, Milady. You were quite late, and I began to worry.""", 「お嬢様、お帰りなさいませ。だいぶ遅かったので心配いたしておりました。」,「お嬢様、お帰りなさいませ。だいぶ遅かったので心配しておりました」,"""Добро пожаловать домой, миледи. Вы припозднились, и я уже начал беспокоиться.""","""Bem‐vinda de volta, ojou‐sama. Você estava demorando, então eu comecei a ficar preocupado.""",「小姐，欢迎回来。比预定的时间晚了不少，鄙人甚是担心。」,「小姐，歡迎回來。比預定的時間晚了不少，鄙人甚是擔心。」,"""Bentornata a casa, Milady. Eravate in ritardo, cominciavo a preoccuparmi.""","""Bentornata a casa, signorina. Ero in pensiero per lei, visto il vostro notevole ritardo.""","""Bienvenida a su hogar, señorita. Se estaba tardando bastante, y comencé a preocuparme.""","""ﻣﺮﺣﺒﺎ ﺑﻚ ﻳﺎ ﺁﻧﺴﺘﻲ. ﻟﻘﺪ ﺗﺄﺧﺮﺗﻢ ﻗﻠﻴﻼ، ﻓﺒﺪﺃﺕ ﺃﺷﻌﺮ ﺑﺎﻟﻘﻠﻖ.""","""Chào mừng tiểu thư trở về nhà. Cô về trễ quá, làm tôi lo lắng rồi đó.""","""Selamat datang pulang, Nyonya. Kalian cukup terlambat, aku mulai khawatir.""","""Leydim, evinize hoş geldiniz. Oldukça geç kaldınız, endişelenmeye başlamıştım."""
Ushiromiya Jessica,"""Ah, thanks for caring! The boat had Battler scared shitless. So we had to slow down for him. Seriously, what a pain in the ass!""","""Ah, thanks for caring! This moron got so scared, we had to slow down. It was seriously annoying!"" ","""Ah, thanks for caring! This moron got so scared that we had to slow down. It was seriously annoying!""", 「うん、心配ありがと！　ウドの大木が怖がっちゃってよー。それで徐行運転だったってわけ。マジでうぜーぜ！」,「うん、心配ありがと！　戦人のヤツが怖がっちゃってよー。それで徐行運転だったってわけ。マジでうぜーぜ！」,"""Ах, спасибо за заботу! Этот придурок так испугался, что пришлось сбавить скорость. Это здорово раздражало!""","""Ah, obrigada por se preocupar! Esse idiota ficou superassustado com o barco. Então tivemos que diminuir a velocidade para ele. Sério, isso foi um saco!""",「嗯，让你担心真是不好意思！都是因为战人那家伙怕得不行。结果就变成这样小心慢行嘞。真是烦死嘞！」,「嗯，讓你擔心真是不好意思！都是因為戰人那傢伙怕得不行。結果就變成這樣小心慢行嘞。真是煩死嘞！」,"""Ah, grazie del pensiero! Questo idiota qui era tutto impaurito e abbiamo avuto un rallentamento. È stato davvero seccante!""","""Ah, grazie per il pensiero! Questo scemone quaggiù ha avuto un attacco di fifa,{n}quindi abbiamo dovuto rallentare. Seriamente, che rottura!""","""¡Oh, gracias por preocuparte! Este inútil se había asustado en el bote. Así que por él tuvimos que disminuir la velocidad. ¡Fue bastante molesto!""","""ﺁﻩ، ﺷﻜﺮﺍ ﻻﻫﺘﻤﺎﻣﻚ! ﻫﺬﺍ ﺍﻷﺣﻤﻖ ﻛﺎﻥ ﺧﺎﺋﻔﺎ ﺟﺪﺍ، ﻓﺘﺤﺘﻢ ﻋﻠﻴﻨﺎ ﺃﻥ ﻧﺒﻄﺊ ﻣﻦ ﺳﺮﻋﺘﻨﺎ. ﻛﺎﻥ ﻣﺰﻋﺠﺎ ﻟﻠﻐﺎﻳﺔ!""","""Ưm, cảm ơn vì đã lo cho tôi nhé! Chiếc thuyền làm Battler sợ vãi cả linh hồn ra. Cho nên tụi tôi phải đi chậm lại vì em ấy đó. Thật là phiền phức chết đi được!""","""Ah, terima kasih sudah peduli! Battler ketakutan setengah mati di kapal. Jadi kami harus memperlambat untuknya. Sungguh menyebalkan!""","""İlgilendiğin için teşekkürler! Tekne Battler'ı çok korkuttu. Onun için yavaşlamak zorunda kaldık. Cidden, ne baş belası ama!"""
Ushiromiya Battler,"""S‐shut up... I'll remember this when the shoe's on the other foot someday... ugghh.""","""Sh-Shut up... Someday, when the shoe's on the other foot, you'll remember this...ugghh."" ","""S, shut up...someday, when the shoe's on the other foot, you'll remember this, ...ugghh.""",「う、うるせー…、いつか逆の立場になったら覚えてろー、…ぅぅ。」,「う、うるせー…、いつか逆の立場になったら覚えてろー、…ぅぅ」,"""З‐замолчи... Я тебе это припомню, в день, когда ты ощутишь подобное на своей шкуре. Пфф.""","""C‐Cale a boca... Eu vou me lembrar disso quando estivermos em outras posições... ugghh.""",「少、少烦——…！要是有一天我和你的立场颠倒过来了有你好看的，…呃呃。」,「少、少煩——…！要是有一天我和你的立場顛倒過來了有你好看的，…呃呃。」,"""S-Sta' zitta... un giorno, quando capirai come mi sento te lo ricorderai... pff.""","""S-Sta' zitta... quando sarai in una situazione simile me lo ricorderò... pff.""","""C‐cállate... Algún día, cuando te pase a ti, recordarás esto... Ugghh.""","""ﺍ، ﺍﺻﻤﺘﻲ... ﻳﻮﻣﺎ ﻣﺎ، ﻋﻨﺪﻣﺎ ﻳﺤﺪﺙ ﻟﻚ ﻧﻔﺲ ﺍﻷﻣﺮ.... ﺳﺘﺘﺬﻛﺮﻳﻦ ﻫﺬﺍ،.....ﺁﺁﺁﻩ.""","""I‐im đi... Em sẽ nhớ chuyện này nếu lần sau chị gặp chuyện gì đó tương tự đấy... ugghh.""","""D-diamlah... Aku akan ingat ini saat giliranku nanti... ughh.""","""K-Kapa çeneni... Bir gün işler tersine döndüğünde bunu hatırlayacağım... ugghh."""
,"At this rate, the word'll spread around the entire family, and I'll become the big conversation piece during dinner.","At this rate, word'll spread to the whole family, and I'll be the big conversation piece during dinner. ","At this rate, the word'll spread around the entire family and I'll become the big conversation piece during dinner.",この調子じゃ、親族中に言いふらされて、今日の晩餐は俺の話題で持ちきりだな。,この調子じゃ、親族中に言いふらされて、今日の晩餐は俺の話題で持ちきりだな。,"Такими темпами об этом скоро прознает вся семья, и я стану главной темой для разговора за сегодняшним обедом.","Nesse ritmo, isso vai se espalhar por toda a família e esse vai ser o assunto principal durante o jantar.",如果再这样下去，亲戚们你一句我一句的，今天的晚餐时间就会始终谈论我这话题了。,如果再這樣下去，親戚們你一句我一句的，今天的晚餐時間就會始終談論我這話題了。,"A questo ritmo, si sarebbe saputo tra tutta la famiglia e sarei diventato l'argomento principale della cena di stasera.","Di questo passo la voce si sarebbe sparsa tra tutti i parenti, e sarei diventato l'argomento principale della cena di stasera.","A este paso, se correría la voz a toda la familia y sería el gran tema de conversación en la cena de esta noche.",ﻋﻠﻰ ﻫﺬﺍ ﺍﻟﺤﺎﻝ، ﺳﻴﻨﺘﺸﺮ ﺍﻟﻤﻮﻗﻒ ﺑﻴﻦ ﺃﻓﺮﺍﺩ ﺍﻟﻌﺎﺋﻠﺔ ﻭﺳﺄﺻﺒﺢ ﺍﻟﻤﻮﺿﻮﻉ ﺍﻟﺮﺋﻴﺴﻲ ﺃﺛﻨﺎﺀ ﺍﻟﻌﺸﺎﺀ.,"Với cái đà này, cả gia đình sẽ đồn ầm lên mất. Tôi sẽ trở thành chủ đề nóng hổi để mọi người bàn khi ăn tối cho mà xem.","Dengan begini, kabar akan menyebar ke seluruh keluarga, dan aku akan jadi bahan obrolan saat makan malam.","Böyle giderse, haber tüm aileye yayılacak ve akşam yemeğinde en çok konuşulan kişi ben olacağım."
,"Even without this, everyone'd be talking about me because of that six‐year gap...but now I've provided them with an even juicier topic...!","Even without this, everyone'd be talking about me because of that six year gap, ...but now I've given them an even juicier topic...! "," Even without this, everyone'd be talking about me because of that six year gap...but now I've given them an even juicier topic...! ",ただでさえ６年ぶりってことで話題にされやすいってのに、さらに美味しい話題まで提供しちまうとは…！,ただでさえ６年ぶりってことで話題にされやすいってのに、さらに美味しい話題まで提供しちまうとは…！,"Даже без этого я был бы у них на устах ввиду своего шестилетнего отсутствия, но теперь им предоставилась ещё более сочная тема!","Apesar que mesmo sem isso, todos vão estar falando a respeito de mim por causa dos meus seis anos sem aparecer... mas agora eu acabei dando a eles um assunto ainda melhor...!",本来就因为是相隔六年而容易变成他们的谈资，现在又变本加厉地提供了这么令人愉快的话题，真是失策…！,本來就因為是相隔六年而容易變成他們的談資，現在又變本加厲地提供了這麼令人愉快的話題，真是失策…！,"E se non fosse così, sarebbe facile per me essere sulle labbra di tutti dato che sono passati sei anni, ma ora gli ho concesso un argomento anche più succoso...!","Già il solo fatto che non venivo da sei anni mi rendeva facilmente oggetto di discussione, ma ora gli avevo dato una questione ancor più succosa...!",Incluso en circunstancias normales yo estaría en boca de todos porque han pasado seis años... ¡pero ahora les he dado un tema de conversación aún más jugoso!,ﺣﺘﻰ ﺑﺪﻭﻥ ﻫﺬﺍ، ﺍﻟﺠﻤﻴﻊ ﻳﺘﺤﺪﺛﻮﻥ ﻋﻨﻲ ﺑﺴﺒﺐ ﺍﻻﻧﻘﻄﺎﻉ ﺍﻟﺬﻱ ﺩﺍﻡ ﻟﻤﺪﺓ ﺳﺖ ﺳﻨﻮﺍﺕ... ﻟﻜﻨﻲ ﺍﻵﻥ ﺃﻋﻄﻴﺘﻬﻢ ﻣﻮﺿﻮﻋﺎ ﺃﻛﺜﺮ ﺇﺛﺎﺭﺓ...!,"Chỉ riêng việc vắng mặt sáu năm đã đủ khiến họ xì xào rồi... mà nay tôi còn tự vẽ ra thêm cái chuyện ""hấp dẫn"" như vậy nữa...!","Bahkan tanpa ini, semua orang pasti sudah membicarakanku karena jarak enam tahun itu...tapi sekarang aku malah memberi mereka topik yang lebih menarik...!","Bu olmasa bile, altı yıllık yokluğum nedeniyle herkes benden bahsedecekti...ama şimdi onlara daha da sulu bir konu verdim...!"
,"Dammit, why does the Ushiromiya main family have to live on this isolated island!","Dammit, why does the Ushiromiya Head Family have to live on this isolated island?! ","Dammit, why does the Ushiromiya head house have to live on this isolated island! ",畜生、何で右代宮本家は離島なんかに住んでんだー！,畜生、何で右代宮本家は離島なんかに住んでんだー！,"Вот блин, ну почему глава семейства Уширомия живёт на этом оторванном от окружающего мира острове!","Merda, por que a família principal tem que viver nessa ilha isolada!",可恶，右代宫本家干嘛住孤岛啊——！,可惡，右代宮本家幹嘛住孤島啊——！,"Dannazione, perché il capofamiglia deve vivere su quest'isola solitaria!","Dannazione, perché mai la famiglia Ushiromiya doveva vivere su quest'isola remota?!","Maldición, ¡¿por qué el líder de la familia Ushiromiya tiene que vivir en esta isla tan aislada?!",ﺳﺤﻘﺎ، ﻟﻤﺎﺫﺍ ﺍﺧﺘﺎﺭ ﺭﺋﻴﺲ ﻋﺎﺋﻠﺔ ﺃﻭﺷﻴﺮﻭﻣﻴﺎ ﺍﻟﻌﻴﺶ ﻓﻲ ﻫﺬﻩ ﺍﻟﺠﺰﻳﺮﺓ ﺍﻟﻤﻌﺰﻭﻟﺔ!,"Chết tiệt, tại sao nhánh chính của gia tộc Ushiromiya lại phải sống trên cái hòn đảo hẻo lánh này chứ!","Sialan, kenapa keluarga utama Ushiromiya harus tinggal di pulau terpencil ini!","Kahretsin, Ushiromiya baş ailesi neden bu ıssız adada yaşamak zorunda!"
,"In the meantime, the boat had finished its mooring.{n}A small plank was lowered so that we could get down.","In the meantime, the boat had finished its mooring. A small plank was lowered so that we could get down. ","In the meantime, the boat had finished its mooring. A small plank was lowered so that we could get down.",そうこうしている内に、船の接岸は終了した。下船用の小さな橋板が掛けられる。,そうこうしている内に、船の接岸は終了した。{n}下船用の小さな橋板が掛けられる。,"Тем временем катер был окончательно пришвартован.{n}Небольшая доска была спущена, чтобы мы могли сойти.","Nesse meio tempo, o barco terminou de ser ancorado.{n}Uma pequena tábua foi baixada para que nós pudéssemos descer.",就在我愤愤不已的时候，船已经完成了停泊工作。{n}用来下船的小桥板也已搭好。,就在我憤憤不已的時候，船已經完成了停泊工作。{n}用來下船的小橋板也已搭好。,"Nel frattempo, la barca aveva finito l'ormeggio. Una piccola asse venne abbassata per permettere l'uscita dalla barca.","Nel frattempo, il battello aveva finito di attraccare. Venne abbassata una piccola planca per permetterci di scendere dalla barca.","Mientras tanto, el bote terminó de echar amarres.{n}Un pequeño tablón fue colocado para bajarse de él.", ﻓﻲ ﻫﺬﻩ ﺍﻷﺛﻨﺎﺀ، ﺗﻢ ﺍﻻﻧﺘﻬﺎﺀ ﻣﻦ ﺭﺑﻂ ﺍﻟﻘﺎﺭﺏ.{n}ﻭﺃﻧﺰﻝ ﻟﻮﺡ ﺧﺸﺒﻲ ﺣﺘﻰ ﻧﺘﻤﻜﻦ ﻣﻦ ﺍﻟﺨﺮﻭﺝ.,"Trong lúc đó, con thuyền đã được buộc dây xong.{n}Một tấm ván nhỏ được hạ xuống để chúng tôi bước xuống.","Sementara itu, kapal sudah selesai merapat.{n}Papan kecil diturunkan agar kami bisa turun.","Bu esnada, tekne demirleme işlemini tamamlamıştı.{n}Aşağı inebilmemiz için küçük bir kalas indirildi."
,"One by one, our parents came out of the boat.","One by one, our parents came up from inside the boat. "," One by one, our parents came out of the boat.",船内からぞろぞろと親たちも上がってきた。,船内からぞろぞろと親たちも上がってきた。,"Один за другим, наши родители спустились с судна.","Um por um, nossos parentes desceram do barco.",船舱内的长辈们也一个接着一个走了出来。,船艙內的長輩們也一個接著一個走了出來。,"Uno dopo l'altro, i nostri parenti vennero fuori.","I nostri genitori uscirono fuori, uno dopo l'altro.",Nuestros padres salieron de uno en uno.,ﺧﺮﺝ ﺁﺑﺎﺅﻧﺎ ﻣﻦ ﺍﻟﻘﺎﺭﺏ، ﻭﺍﺣﺪﺍ ﺗﻠﻮ ﺍﻵﺧﺮ.,"Cha mẹ chúng tôi bước ra khỏi thuyền, từng người một.","Satu per satu, orang tua kami keluar dari kapal.",Ailelerimiz teker teker tekneden çıktı.
Gohda Toshiro,"""You must all be quite tired from your long trip. Madam, please, allow me to assist you.""","""You must all be quite tired from your long trip. Madam, please allow me to assist you."" ","""You must all be quite tired from your long trip. Madam, please, allow me to assist you.""",「皆様、長旅お疲れさまでした。奥様、お手をどうぞ。」,「皆様、長旅お疲れさまでした。奥様、お手をどうぞ」,"""Вас наверняка утомило столь долгое путешествие. Позвольте помочь вам, мадам.""","""Vocês devem estar cansados por causa desta longa viagem. Madame, por favor, me permita ajudá‐la.""",「诸位贵宾，长途跋涉辛苦了。夫人，请把手给鄙人。」,「諸位貴賓，長途跋涉辛苦了。夫人，請把手給鄙人。」,"""Dovete essere tutti molto stanchi per il lungo viaggio. Madame, prego, consentitemi di aiutarvi.""","""Sarete molto stanchi per il vostro lungo viaggio. Signora, la prego, mi permetta di aiutarla.""","""Todos ustedes deben estar bastante cansados por su largo viaje. Señora, por favor, permítame ayudarle.""","""ﻋﻠﻰ ﺍﻷﻏﻠﺐ ﺃﻧﻜﻢ ﺗﺸﻌﺮﻭن ﺑﺎﻟﺘﻌﺐ ﺑﺴﺒﺐ ﺍﻟﺮﺣﻠﺔ ﺍﻟﻄﻮﻳﻠﺔ. ﺳﻴﺪﺗﻲ، ﻣﻦ ﻓﻀﻠﻚ، ﺍﺳﻤﺤﻲ ﻟﻲ ﺑﻤﺴﺎﻋﺪﺗﻚ.""","""Các vị hẳn đã rất mệt sau chuyến đi dài. Thưa phu nhân, xin hãy để tôi giúp bà.""","""Kalian pasti lelah setelah perjalanan panjang. Nyonya, izinkan aku membantu.""","""Uzun yolculuğunuzdan dolayı hepiniz oldukça yorgun olmalısınız. Madam, lütfen size yardımcı olmama izin verin."""
Ushiromiya Eva,"""Thanks. It's been a while, Gohda‐san, how are you?""","""Thank you. It's been a while, Gohda-san. How are you?"" ","""Thank you. It's been a while, Gohda-san. How are you?""",「ありがと。お久しぶりねぇ、郷田さんもお元気？」,「ありがと。お久しぶりねぇ、郷田さんもお元気？」,"""Благодарю. Давно не виделись, Года‐сан. Как поживаешь?""","""Obrigada. Já faz um tempo, Gohda‐san, como tem passado?""",「谢谢。好久不见了，乡田你精神可还好吗？」,「謝謝。好久不見了，鄉田你精神可還好嗎？」,"""Grazie. Ne è passato di tempo, Gohda-san. Come stai?""","""Grazie. Ne è passato di tempo, Gouda-san, come stai?""","""Gracias. Ha pasado bastante tiempo, Gohda‐san. ¿Cómo estás?""","""ﺷﻜﺮﺍ ﻟﻚ. ﻟﻘﺪ ﻣﺮ ﻭﻗﺖ ﻃﻮﻳﻞ ﻳﺎ ﻗﻮﺩﺍ-ﺳﺎﻥ، ﻛﻴﻒ ﺣﺎﻟﻚ؟""","""Cảm ơn nhé. Lâu rồi không gặp, anh Gohda. Dạo này anh thế nào rồi?""","""Terima kasih. Sudah lama tidak bertemu, Gohda-san, bagaimana kabarmu?""","""Teşekkür ederim. Uzun zaman oldu, Gohda-san, nasılsın?"""
Gohda Toshiro,"""Thank you for your concern. It is always my pleasure to serve.""","""I thank you for your concern. It is always my pleasure to serve."" ","""Thank you for your concern. It is always my pleasure to serve.""",「ありがとうございます。お陰様で毎日元気にお勤めをさせていただいております。」,「ありがとうございます。お陰様で毎日元気にお勤めをさせていただいております」,"""Спасибо за беспокойство. Я всегда рад служить.""","""Obrigado pela sua preocupação. É sempre um prazer servi‐los.""",「谢谢您的关心。托您的福，鄙人每天都精力充沛地工作着。」,「謝謝您的關心。托您的福，鄙人每天都精力充沛地工作著。」,"""Grazie per avermelo chiesto. È sempre un piacere servirvi.""","""La ringrazio per l'interesse. Mi ritengo fortunato che mi venga concesso di offrire i miei servigi con gioia.""","""Gracias por preguntar. Es un placer servirles durante su estadía.""","""ﺷﻜﺮﺍ ﻻﻫﺘﻤﺎﻣﻚ. ﻣﻦ ﺩﻭﺍﻉ ﺳﺮﻭﺭﻱ ﺧﺪﻣﺘﻚ.""","""Cảm ơn vì đã hỏi thăm. Tôi luôn rất vinh hạnh được phục vụ các vị.""","""Terima kasih atas perhatianmu. Melayani adalah kehormatan bagiku.""","""İlginiz için teşekkür ederim. Hizmet etmek benim için her zaman bir zevktir."""
Ushiromiya Kyrie,"""Battler‐kun, isn't this your first time meeting Gohda‐san? If I'm not mistaken, you weren't working here six years ago, right?""","""Battler-kun, isn't this your first time meeting Gohda-san? If I'm not mistaken, you weren't working here six years ago, right?"" ","""Battler-kun, isn't this your first time meeting Gohda-san? If I'm not mistaken, you weren't working here six years ago, right?""",「戦人くんは郷田さんとは初対面じゃない？　確か６年前はお勤めじゃなかったですよね？」,「戦人くんは郷田さんとは初対面じゃない？　確か６年前はお勤めじゃなかったですよね？」,"""Баттлер‐кун, это ведь твоя первая встреча с Годой‐саном, не так ли? Если я не ошибаюсь, ты ещё не работал здесь шесть лет назад, верно?""","""Battler‐kun, essa é a primeira vez que você se encontra com o Gohda‐san, não? Se não estou enganado, você não trabalhava aqui há seis anos trás, certo?""",「战人君和乡田应该是第一次见面来着？好像六年前还没在这里工作吧？」,「戰人君和鄉田應該是第一次見面來著？好像六年前還沒在這裡工作吧？」,"""Battler-kun, non è forse la prima volta che vedi Gohda-san? Se non sbaglio, ancora non lavoravi qui sei anni fa, giusto?""","""Battler-kun, è la prima volta che incontri Gouda-san? Se non sbaglio, tu sei anni fa non lavoravi ancora qui, giusto?""","""Battler‐kun, ¿no es éste tu primer encuentro con Gohda‐san? Si no me equivoco, no estabas trabajando aquí hace seis años, ¿verdad?""","""ﺑﺎﺗﻠﺮ-ﻛﻦ، ﺃﻟﻴﺴﺖ ﻫﺬﻩ ﻫﻲ ﺍﻟﻤﺮﺓ ﺍﻷﻭﻟﻰ ﺍﻟﺘﻲ ﺗﻘﺎﺑﻞ ﻓﻴﻬﺎ ﻗﻮﺩﺍ-ﺳﺎﻥ؟ ﺇﺫ ﻟﻢ ﺃﻛﻦ ﻣﺨﻄﺌﺔ، ﺃﻧﺖ ﻟﻢ ﺗﻜﻦ ﺗﻌﻤﻞ ﻫﻨﺎ ﻣﻨﺬ ﺳﺖ ﺳﻨﻮﺍﺕ، ﺻﺤﻴﺢ؟""","""Battler à, đây là lần đầu cháu gặp chú Gohda có phải không? Nếu cô nhớ không nhầm thì sáu năm trước chú ấy chưa làm ở đây, đúng chứ?""","""Battler-kun, ini pertama kalimu bertemu Gohda-san kan? Jika tidak salah, kamu belum bekerja di sini enam tahun lalu, benar?""","""Battler-kun, bu Gohda-san'la ilk karşılaşmanız değil mi? Yanılmıyorsam, altı yıl önce burada çalışmıyordun?"""
Gohda Toshiro,"""Indeed. So please, allow me to greet him for the first time. It is an honor to meet you at last, Battler‐sama.""","""Indeed. So please, allow me to greet him for the first time. It is an honor to meet you, Battler-sama."" ","""Indeed. So please, allow me greet him for the first time. It is an honor to meet you at last, Battler-sama.""",「はい。ですので、戦人さまとは初めてご挨拶させていただきます。初めまして、戦人さま。」,「はい。ですので、戦人さまとは初めてご挨拶させていただきます。初めまして、戦人さま」,"""Совершенно верно. Посему прошу позволить поприветствовать его в первый раз. Для меня честь наконец встретиться с вами, Баттлер‐сама.""","""Sim. Por isso, me permita cumprimentá‐lo pela primeira vez. É uma honra poder lhe conhecer, Battler‐sama.""",「就如您所说。因此，请允许鄙人和战人少爷第一次打声招呼。初次见面，战人少爷。」,「就如您所說。因此，請允許鄙人和戰人少爺第一次打聲招呼。初次見面，戰人少爺。」,"""Sicuramente. Perciò, permettetemi di presentarmi. È un onore conoscerla, Battler-sama.""","""Ha ragione. Mi permetta perciò di presentarmi a lui. È un piacere fare la sua conoscenza, signorino Battler.""","""En efecto. Por favor, permítanme presentarme por primera vez. Es un honor conocerle al fin, Battler‐sama.""","""ﺻﺤﻴﺢ. ﺍﺳﻤﺤﻲ ﻟﻲ ﺑﺄﻥ ﺃﺭﺣﺐ ﺑﻪ ﻟﻠﻤﺮﺓ ﺍﻷﻭﻟﻰ. ﺇﻧﻨﻲ ﺃﺗﺸﺮﻑ ﺑﻤﻘﺎﺑﻠﺘﻚ ﺃﺧﻴﺮﺍ ﻳﺎ ﺑﺎﺗﻠﺮ-ﺳﺎﻣﺎ.""","""Quả thật vậy. Vậy nên, xin phép cho tôi được giới thiệu với cậu. Rất hân hạnh được gặp cậu, thưa cậu Battler.""","""Benar. Jadi izinkan aku menyapanya untuk pertama kali. Sangat terhormat akhirnya bisa bertemu, Battler-sama.""","""Evet. Bu yüzden lütfen onu ilk kez karşılamama izin verin. Sonunda sizinle tanışmak bir onur, Battler-sama."""
Ushiromiya Battler,"""......I'm pretty secure about my height, but you're huge. ...This is definitely our first meeting. If I'd ever met a big guy like you, I'd never forget it...!""","""......I'm pretty confident about my height, but you're huge. ...This is definitely our first meeting. I'd never forget meeting a big guy like you...! ","""......I'm pretty secure about my height, but you're huge. ...This is definitely our first meeting. If I'd ever met a big guy like you, I'd never forget it...!",「……俺も立っ端にゃ多少の自信があったんだが、でっけぇ人だなぁ。…紛れもなく初対面だぜ。こんな大男、会ったら絶対忘れないさ…！,「……俺も立っ端にゃ多少の自信があったんだが、でっけぇ人だなぁ。…紛れもなく初対面だぜ。こんな大男、会ったら絶対忘れないさ…！」,"""Я и сам‐то не маленького роста, но ты просто огромен... Это определённо наша с тобой первая встреча. Если бы я повстречал такого здоровяка, как ты, то ни за что бы не забыл!""","""......Eu estou bastante confiante da minha altura, mas você também é bem alto. ...Sem dúvida, esse é mesmo o nosso primeiro encontro. Se eu já tivesse encontrado com um cara do seu tamanho, eu nunca me esqueceria...!""",「……虽然我对自己的身高多少有点自信，不过你还真是高大啊。…肯定是第一次见面啦。如果我以前碰到过像你一样的大个子，那是绝对忘不了的…！」,「……雖然我對自己的身高多少有點自信，不過你還真是高大啊。…肯定是第一次見面啦。如果我以前碰到過像你一樣的大個子，那是絕對忘不了的…！」,"""... So di certo che sono molto alto, ma tu sei enorme. ... Questo è senza dubbio il nostro primo incontro. Se avessi conosciuto un ragazzone come te, non l'avrei mai dimenticato...!","""...Sapevo di essere abbastanza alto, ma tu sei un bestione... Questo è senza dubbio il nostro primo incontro. Mi ricorderei senz'altro di aver conosciuto un omone come te...!""","""Estoy bastante confiado de mi estatura, pero tú eres enorme. Definitivamente esta es la primera vez que nos conocemos. ¡Si alguna vez me hubiera encontrado a un tipo tan grande, definitivamente no lo olvidaría!""","""...........ﺇﻧﻨﻲ ﺃﻣﺘﻠﻚ ﺛﻘﺔ ﻓﻲ ﻃﻮﻟﻲ، ﻟﻜﻨﻚ ﺿﺨﻢ. ........ﻫﺬﺍ ﺑﺎﻟﺘﺄﻛﻴﺪ ﻟﻘﺎﺋﻨﺎ ﺍﻷﻭﻝ. ﻟﻮ ﻛﻨﺖ ﻗﺎﺑﻠﺖ ﺭﺟﻼ ﻓﻲ ﻣﺜﻞ ﺿﺨﺎﻣﺘﻚ، ﻓﻄﺒﻌﺎ ﻟﻦ ﺃﻧﺴﻰ ﺫﻟﻚ...!""","""......Tôi khá tự tin về chiều cao của mình, nhưng anh thật sự to lớn đấy. ...Chắc chắn đây là lần đầu ta gặp mặt. Nếu từng gặp người cao lớn thế này, thì tôi chắc chắn không thể quên được đâu...!""","""......Aku cukup percaya diri dengan tinggi badanku, tapi kau benar-benar besar. ...Ini pasti pertemuan pertama kita. Kalau pernah bertemu orang sebesarmu, aku takkan pernah lupa...!""","""......Ben boyum konusunda kendime güvenirim, ama sen devasasın. ...Bu kesinlikle bizim ilk karşılaşmamız. Senin gibi iri bir adamla tanışmış olsaydım, bunu asla unutamazdım...!"""
Ushiromiya Battler,"""It's a pleasure. I'm Battler.""","It's a pleasure. I'm Battler."" "," It's a pleasure. I'm Battler.""",どうも初めまして。戦人っす。」,「どうも初めまして。戦人っす」,"""Взаимно. Я Баттлер.""","""Prazer em conhecê‐lo. Meu nome é Battler.""",「初次见面。我是战人。」,「初次見面。我是戰人。」,"È un piacere. Io sono Battler.""","""Piacere mio. Sono Battler.""","""Encantado. Soy Battler.""","""ﻳﺸﺮﻓﻨﻲ ﻟﻘﺎﺅﻙ. ﺃﻧﺎ ﺑﺎﺗﻠﺮ.""","""Rất hân hạnh. Tôi là Battler.""","""Senang bertemu. Aku Battler.""","""Benim için bir zevk. Ben Battler."""
Gohda Toshiro,"""Your return has been keenly anticipated, sir. I have been working for the Ushiromiya head house since the year before last; my name is Gohda ({p:0:郷田}), your servant.""","""I was looking forward to meeting you. I am Gohda ({p:0:郷田}), your servant, and I have been working for the Ushiromiya Head Family since the year before l st. ","""I do apologize for the wait. I have been working for the Ushiromiya head house since the year before last. I am Gohda ({p:0:郷田}), your servant.",「お待ち申し上げておりました。一昨年から右代宮本家にお仕えさせていただいております、使用人の郷田と申します。,「お待ち申し上げておりました。一昨年から右代宮本家にお仕えさせていただいております、使用人の郷田と申します」,"""Прошу прощения за заминку. Я работаю в головном доме Уширомия с позапрошлого года. Меня зовут Года ({p:0:郷田}), и я к вашим услугам.""","""O seu retorno foi imensamente aguardado. Eu estou trabalhando para a família Ushiromiya desde o ano retrasado; meu nome é Gohda ({p:0:郷田}), ao seu dispor.""",「恭候已久了。鄙人是从前年开始侍奉于右代宫本家的佣人乡田。」,「恭候已久了。鄙人是從前年開始侍奉於右代宮本家的傭人鄉田。」,"""Chiedo scusa per l'attesa. Lavoro per la Famiglia Ushiromiya da due anni.{n}Sono Gohda ({p:0:郷田}), il vostro domestico.","""Chiedo umilmente perdono per l'attesa. Mi chiamo Gouda ({p:0:郷田}), e sono un domestico che serve la famiglia Ushiromiya da due anni a questa parte.""","""Estaba deseando conocerle, señor. He estado trabajando para la casa principal de la familia Ushiromiya desde el año antepasado. Soy Gohda ({p:0:郷田}), su sirviente.""","""ﻛﻨﺖ ﺃﺗﻄﻠﻊ ﻟﻠﻘﺎﺋﻚ. ﻟﻘﺪ ﻋﻤﻠﺖ ﻓﻲ ﺍﻟﻤﻨﺰﻝ ﺍﻟﺮﺋﻴﺴﻲ ﻟﻌﺎﺋﻠﺔ ﺃﻭﺷﻴﺮﻭﻣﻴﺎ ﻣﻨﺬ ﺍﻟﺴﻨﺔ ﻗﺒﻞ ﺍﻷﺧﻴﺮﺓ. ﺍﺳﻤﻲ ﻫﻮ ﻗﻮﺩﺍ ({f:6:田郷})، ﺧﺎﺩﻣﻚ.""","""Mọi người đã rất mong ngài trở về, thưa ngài. Tôi đã phục vụ cho nhà chính của gia tộc Ushiromiya từ năm kia. Tôi tên là Gohda ({p:0:郷田}), gia nhân của cậu.""","""Kedatanganmu sangat dinantikan, Tuan. Aku sudah bekerja untuk rumah utama Ushiromiya sejak tahun lalu; namaku Gohda ({p:0:郷田}), pelayanmu.""","""Dönüşünüz merakla bekleniyordu efendim. Evvelki yıldan bu yana Ushiromiya baş ailesi için çalışıyorum; adım Gohda ({p:0:郷田}), hizmetkârınızım."""
Gohda Toshiro,"""It is a pleasure to make your acquaintance. If there is ever anything you need, please feel free to rely on me.""","It is a pleasure to make your acquaintance. If there is anything you need, please feel free to rely on me at any time."" "," It is a pleasure to make your acquaintance. If there is ever anything you need, please feel free to rely on me.""",どうぞよろしくお願いいたします。何かご用命がございましたら、いつでもお申し付けください。」,「どうぞよろしくお願いいたします。何かご用命がございましたら、いつでもお申し付けください」,"""Приятно с вами познакомиться. Если у вас возникнет какая‐либо просьба, не стесняйтесь обратиться ко мне.""","""É um prazer conhecê‐lo. Se tiver qualquer coisa que você precise, fique à vontade para pedir para mim.""",「请多多关照。如有什么需要，请随时吩咐。」,「請多多關照。如有什麼需要，請隨時吩咐。」,"È un vero piacere fare la vostra conoscenza. Se avete qualche richiesta, chiedete quando volete.""","""È un vero piacere fare la vostra conoscenza. Se avete qualche richiesta, non esitate a rivolgerla al sottoscritto.""","""Encantado de conocerle. Si usted necesita algo, por favor no dude en hacérmelo saber.""","""ﻟﻤﻦ ﺩﻭﺍﻉ ﺳﺮﻭﺭﻱ ﺃﻥ ﺃﺗﻌﺮﻑ ﻋﻠﻴﻚ. ﺇﺫﺍ ﻛﺎﻥ ﻫﻨﺎﻙ ﺃﻱ ﺷﻲﺀ ﺗﺤﺘﺎﺟﻪ، ﻓﻼ ﺗﺘﺮﺩﺩ ﻓﻲ ﺍﻻﻋﺘﻤﺎﺩ ﻋﻠﻲ.""","""Rất hân hạnh được làm quen. Nếu có bất kỳ điều gì cậu cần, xin hãy cứ nhờ tôi nhé.""","""Senang berkenalan. Jika ada kebutuhan apapun, jangan ragu untuk mengandalkanku.""","""Sizinle tanışmak benim için bir zevk. İhtiyacınız olan bir şey olursa, lütfen bana iletmekten çekinmeyin."""
Ushiromiya George,"""Gohda‐san, it's been some time.""","""Gohda-san, it's been some time."" ","""Gohda-san, it's been some time.""",「郷田さん、お久しぶりです。」,「郷田さん、お久しぶりです」,"""Давно не виделись, Года‐сан.""","""Gohda‐san, já faz algum tempo.""",「乡田，好久不见了。」,「鄉田，好久不見了。」,"""Gohda-san, non ci si vede da tempo.""","""Non ci si vede da tempo, Gouda-san.""","""Gohda‐san, tanto tiempo sin verlo.""","""ﻗﻮﺩﺍ-ﺳﺎﻥ، ﻟﻘﺪ ﻣﺮ ﺑﻌﺾ ﻣﻦ ﺍﻟﻮﻗﺖ.""","""Chú Gohda à, lâu rồi không gặp.""","""Gohda-san, sudah lama tidak bertemu.""","""Gohda-san, uzun zaman oldu."""
Gohda Toshiro,"""It has been too long, George‐sama. Please, allow me to assist you.""","""It has been too long, George-sama. Please, allow me to assist you."" ","""It has been too long, George-sama. Please, allow me to assist you.""",「譲治さま、ご無沙汰をいたしております。お手をどうぞ。」,「譲治さま、ご無沙汰をいたしております。お手をどうぞ」,"""Даже слишком давно, Джордж‐сама. Пожалуйста, позвольте мне помочь вам.""","""Já faz bastante tempo, George‐sama. Por favor, me deixe ajudá‐lo.""",「让治少爷，好久不见。请把手给鄙人。」,「讓治少爺，好久不見。請把手給鄙人。」,"""George-sama, sì, è molto che non ci vediamo. Permettetemi di aiutarvi.""","""Signorino George, è da molto che non ho l'onore di incontrarla. Mi permetta di aiutarla.""","""George‐sama, ha pasado bastante tiempo. Por favor, déjeme ayudarle.""","""ﻟﻘﺪ ﻣﻀﺖ ﻣﺪﺓ ﻃﻮﻳﻠﺔ ﻳﺎ ﺟﻮﺭﺝ-ﺳﺎﻣﺎ. ﻣﻦ ﻓﻀﻠﻚ، ﺍﺳﻤﺢ ﻟﻲ ﺑﻤﺴﺎﻋﺪﺗﻚ.""","""Quả thật đã quá lâu, thưa cậu George. Xin để tôi được giúp cậu.""","""Sudah terlalu lama, George-sama. Izinkan aku membantumu.""","""George-sama, çok uzun zaman oldu. Lütfen, size yardımcı olmama izin verin."""
Ushiromiya Hideyoshi,"""As usual, you're a reception pro... If you ever need a job, just give me a holler, okay? I'd hire you just like that!""","""As usual, you're a pro at welcoming guests... If you ever need a job, just let me know, okay? I'd hire you anytime!"" ","""As usual, you're a reception pro... If you ever need a job, just let me know, okay? I'd hire you anytime!""",「あんた、相変わらず大した接客のプロや…。もし職に困ったらいつでもわしに声を掛けんやでぇ。いつでも雇ったる！」,「あんた、相変わらず大した接客のプロや…。もし職に困ったらいつでもわしに声を掛けるんやでぇ。いつでも雇ったる！」,"""Ты, как всегда, профессионален в приёме людей... Если тебе вдруг понадобится работа, только скажи мне, окей? Я тут же найму тебя!""","""Como de costume, você é um profissional em receber as pessoas... Se você precisar de um trabalho, é só me dar um grito, certo? Eu posso te contratar a qualquer hora!""",「你的待客之道还是这么专业呐…。如果工作有困难了就跟俺说声，无论何时俺都会雇佣你呐！」,「你的待客之道還是這麼專業吶…。如果工作有困難了就跟俺說聲，無論何時俺都會雇傭你吶！」,"""Come al solito, sei un professionista dell'accoglienza... casomai ti stancassi di questo lavoro, chiamami quando vuoi, ok? Ti assumerei in qualunque momento!""","""Come sempre sei un maestro nel fornire un'accoglienza coi fiocchi... Se mai ti stancherai di questo lavoro, fammi uno squillo quando vuoi. Per te ci sarà sempre un posto!""","""Como de costumbre, eres un profesional para las recepciones... Si alguna vez necesitas un trabajo, házmelo saber, ¿'tá bien? ¡Te contrataría en cualquier momento!""","""ﻛﺎﻟﻌﺎﺩﺓ، ﺃﻧﺖ ﻣﻮﻇﻒ ﻣﺤﺘﺮﻑ... ﺇﺫﺍ ﻛﻨﺖ ﺑﺤﺎﺟﺔ ﺇﻟﻰ ﻭﻇﻴﻔﺔ، ﻓﻘﻂ ﺃﺧﺒﺮﻧﻲ، ﺣﺴﻨﺎ؟ ﺳﺄﻭﻇﻔﻚ ﻓﻲ ﺃﻱ ﻭﻗﺖ!""","""Anh đúng là chuyên gia đón tiếp như mọi khi... Nếu anh cần công việc gì thì cứ gọi cho tôi nhé? Tôi sẽ thuê anh ngay lập tức!""","""Seperti biasa, kau ahli dalam menyambut tamu... Jika butuh pekerjaan, beri tahu aku ya? Aku akan mempekerjamu langsung!""","""Her zamanki gibi, karşılama konusunda profesyonelsin... Eğer bir işe ihtiyacın olursa, beni haberdar et, tamam mı? Seni anında işe alırım!"""
Gohda Toshiro,"""You do me too much honor. Please allow me to assist you, Hideyoshi‐sama.""","""You do me too much honor. Please allow me to assist you, Hideyoshi-sama."" ","""You do me too much honor. Please allow me to assist you, Hideyoshi-sama.""",「これは身に余る光栄です。どうぞお手を、秀吉さま。」,「これは身に余る光栄です。どうぞお手を、秀吉さま」,"""Вы оказываете мне слишком большую честь. Пожалуйста, разрешите мне помочь вам, Хидэёши‐сама.""","""É uma honra ouvir isso. Por favor, me permita ajudá‐lo, Hideyoshi‐sama.""",「您的话令鄙人无比光荣。请把手给鄙人，秀吉先生。」,「您的話令鄙人無比光榮。請把手給鄙人，秀吉先生。」,"""Mi fa molto onore. Permettetemi di aiutarla, Hideyoshi-sama.""","""Lei mi offre lodi che non mi merito. Mi permetta di aiutarla, signor Hideyoshi.""","""Usted me halaga demasiado. Por favor déjeme ayudarle, Hideyoshi‐sama.""","""ﺃﻧﺖ ﺗﻌﺎﻣﻠﻨﻲ ﺑﺎﺣﺘﺮﺍﻡ ﻛﺒﻴﺮ. ﺍﺳﻤﺢ ﻟﻲ ﺑﻤﺴﺎﻋﺪﺗﻚ ﻳﺎ ﻫﻴﺪﻳﻮﺷﻲ-ﺳﺎﻣﺎ.""","""Ngài khen quá lời rồi ạ. Xin để tôi được giúp đỡ, thưa ngài Hideyoshi.""","""Kau terlalu memujiku. Izinkan aku membantumu, Hideyoshi-sama.""","""Beni çok onurlandırıyorsunuz. Lütfen size yardımcı olmama izin verin, Hideyoshi-sama."""
,"Gohda‐san then lent a hand to everyone as they disembarked, greeting them as they passed.","Gohda-san then lent a hand to everyone as they disembarked, greeting them as they passed. ","Gohda-san then lent a hand to everyone as they disembarked, greeting them as they passed.",郷田さんは、その後も全員の下船を補助して挨拶をしていた。,郷田さんは、その後も全員の下船を補助して挨拶をしていた。,"Затем Года‐сан помог всем сойти с катера, здороваясь с каждым.","Gohda‐san estendeu a mão para cada um que desembarcava, cumprimentando todos que passavam.",之后，乡田也协助所有人下了船，并一一打了招呼。,之後，鄉田也協助所有人下了船，並一一打了招呼。,"Gohda-san assistette lo sbarco di ognuno, accogliendoli.","Dopodiché Gouda-san accolse tutti i presenti, assistendoli nello sbarco.",Gohda‐san entonces ayudó a desembarcar a todos mientras los saludaba.,ﺳﺎﻋﺪ ﻗﻮﺩﺍ-ﺳﺎﻥ ﺍﻟﺠﻤﻴﻊ ﻋﻨﺪ ﻧﺰﻭﻟﻬﻢ، ﻣﻊ ﺍﻟﺘﺮﺣﻴﺐ ﺑﻬﻢ ﻋﻨﺪ ﻣﺮﻭﺭﻫﻢ.,"Chú Gohda sau đó giúp từng người xuống thuyền, chào hỏi họ khi họ đi qua.","Gohda-san kemudian membantu semua orang turun, menyapa mereka satu per satu.",Gohda-san daha sonra gemiden inen herkese elini uzattı ve yanlarından geçerken onları karşıladı.
,His speech and mannerisms had the refined polish of a professional.,His speech and mannerisms had the refined polish of a professional. ," His speech and mannerisms had the refined polish of a professional.",挨拶や仕草が洗練されていて、何と言うか、プロの身のこなしだ。,挨拶や仕草が洗練されていて、何と言うか、プロの身のこなしだ。,Его речь и манеры обладали изысканным блеском профессионализма.,Sua forma de falar e as suas boas maneiras são refinadas como a de um profissional.,他的一言一行都仿佛经过千锤百炼，怎么说呢，不愧是专业的啊。,他的一言一行都仿佛經過千錘百鍊，怎麼說呢，不愧是專業的啊。,"Il suo portamento, come si presentava, era raffinato e, come dire, proprio con uno stile professionale.","Il suo vocabolario e il suo portamento erano sofisticati e, come potrei dirlo, conformi ad un professionista.",Su comportamiento y presentación eran profesionalmente pulcros.,ﻧﺒﻊ ﺣﺪﻳﺜﻪ ﻭﺃﺳﻠﻮﺑﻪ ﺍﻟﻠﺒﻖ ﻣﻦ ﺍﺣﺘﺮﺍﻑ.,Cách nói năng và thái độ của chú ấy có sự trau chuốt và tinh tế theo một cách rất chuyên nghiệp.,Cara bicara dan sikapnya menunjukkan kehalusan seorang profesional.,Konuşması ve tavırları bir profesyonelin rafine cilasına sahipti.
,"He was very graceful, in contrast with his initially rough‐looking appearance.","He was very graceful, in contrast with his initially tough-looking appearance. "," He was very graceful, in contrast with his initially rough-looking appearance.",見かけのゴツさの割りにとても優雅だった。,見かけのゴツさの割りにとても優雅だった。,"Он был очень грациозен, в противоположность своему первоначально грубоватому виду.","Ele é muito educado, o que contrasta com a sua aparência inicial de parecer rude.",与强壮的外表相反，言行非常优雅。,與強壯的外表相反，言行非常優雅。,"Era davvero molto elegante, in contrasto con il suo robusto aspetto esteriore.","In contrasto con le sue apparenze da omaccione, era una persona di gran classe.","Era muy grácil, en contraste con su dura apariencia exterior.",ﻟﻘﺪ ﻛﺎﻥ ﻟﻄﻴﻔﺎ ﺟﺪﺍ، ﻋﻠﻰ ﻋﻜﺲ ﻣﻈﻬﺮﻩ ﺍﻟﻘﺎﺱ ﻓﻲ ﺍﻟﺒﺪﺍﻳﺔ.,"Chú Gohda rất thanh lịch, trái ngược hoàn toàn với vẻ ngoài có phần thô kệch ban đầu.","Dia sangat anggun, bertolak belakang dengan penampilannya yang awalnya terkesan kasar.",Başlangıçtaki kaba görünümünün aksine çok zarifti.
,"His large size made him seem a bit scary at first, but he was much more polite than my first impression of him had led me to believe.","His large size made him seem a bit scary at first, but he was much more polite than my first impression had led me to believe. "," His large size made him seem a bit scary at first, but he was much more polite than my first impression of him had led me to believe.",大男特有の威圧感があるので怖い人かと思っていたが、想像するよりずっと礼儀正しい人だ。,大男特有の威圧感があるので怖い人かと思っていたが、想像するよりずっと礼儀正しい人だ。,"Сначала он показался мне страшным из‐за его больших размеров, однако он был намного более обходителен в сравнении с моими первыми впечатлениями.","O fato dele ser bem grande o torna um pouco assustador à primeira vista, mas ele é muito mais educado do que a minha primeira impressão me levou a acreditar.",因为带着大个子特有的压迫感，所以我本以为是个可怕的人，没想到他比我想象的有礼仪多了。,因為帶著大個子特有的壓迫感，所以我本以為是個可怕的人，沒想到他比我想像的有禮儀多了。,"Vista la sua travolgente qualità, cosa comune tra omoni come lui, pensavo fosse una persona sinistra, ma fu sorprendentemente raffinato tutto il tempo.","La sua stazza intimidatoria mi aveva messo in soggezione, ma era molto più cordiale di quanto avessi immaginato.","Su gran tamaño lo hacía un poco aterrador al principio, pero era mucho más cortés de lo que me hubiera imaginado por mi primera impresión.",ﺣﺠﻤﻪ ﺍﻟﻜﺒﻴﺮ ﺟﻌﻠﻪ ﻳﺒﺪﻭ ﻣﺨﻴﻔﺎ ﺑﻌﺾ ﺍﻟﺸﻲﺀ، ﻟﻜﻨﻪ ﻛﺎﻥ ﺃﻛﺜﺮ ﺃﺩﺑﺎ ﻣﻤﺎ ﻳﺒﺪﻭ ﻋﻠﻴﻪ ﻣﻦ ﺍﻧﻄﺒﺎﻋﻲ ﺍﻷﻭﻝ.,"Vóc dáng to lớn khiến chú có vẻ hơi đáng sợ lúc đầu, nhưng chú ấy lại lịch sự hơn nhiều so với ấn tượng đầu tiên của tôi.","Tubuhnya yang besar membuatnya terlihat menakutkan pada awalnya, tapi dia jauh lebih sopan dari kesan pertamaku.","İri cüssesi ilk başta biraz korkutucu görünmesine neden olsa da, ilk izlenimime göre çok daha kibardı."
,"He claimed to have served on the island for two years, but he had doubtless worked at a similar job somewhere before.","He claimed to have served on the island for two years, but he had doubtless worked at a similar job somewhere before. "," He claimed to have served on the island for two years, but he had doubtless worked at a similar job somewhere before.",勤めて２年と言ってるが、その前にもどこかで同じような職だったに違いない。,勤めて２年と言ってるが、その前にもどこかで同じような職だったに違いない。,"Он сказал, что работал на острове два года, но не было никаких сомнений, что прежде ему доводилось заниматься подобной работой.","Ele disse ter começado a trabalhar nesta ilha dois anos atrás, mas sem dúvida, ele já trabalhou em algum outro lugar semelhante antes.",虽说他自称在岛上工作了两年，不过想必以前也从事过类似的工作。,雖說他自稱在島上工作了兩年，不過想必以前也從事過類似的工作。,"Disse che lavorava sull'isola da due anni, ma si capiva che aveva lavorato nello stesso settore, precedentemente.","Disse che lavorava qui da due anni, ma non c'era alcun dubbio che in passato avesse svolto impieghi dello stesso tipo.","Decía haber trabajado en la isla por dos años, pero sin duda había tenido un empleo similar antes.",ﺍﺩﻋﻰ ﺑﺄﻧﻪ ﺧﺪﻡ ﻓﻲ ﺍﻟﺠﺰﻳﺮﺓ ﻟﻤﺪﺓ ﻋﺎﻣﻴﻦ، ﻟﻜﻨﻪ ﺑﻼ ﺷﻚ ﻗﺪ ﻋﻤﻞ ﻓﻲ ﻭﻇﻴﻔﺔ ﻣﻤﺎﺛﻠﺔ ﻓﻲ ﻣﻜﺎﻥ ﻣﺎ ﻣﻦ ﻗﺒﻞ.,"Chú Gohda nói đã phục vụ trên đảo được hai năm, nhưng chắc chắn đã từng làm công việc tương tự ở đâu đó trước đó.","Dia mengaku sudah bekerja di pulau ini selama dua tahun, tapi pasti dia pernah bekerja di pekerjaan serupa sebelumnya.",Adada iki yıldır görev yaptığını iddia ediyordu ama şüphesiz daha önce de benzer bir işte çalışmıştı.
,"After everybody disembarked, the mooring rope was untied, and the boat started to steer away from the harbor.","After everybody disembarked, the mooring rope was untied and the boat started to steer away from the harbor. "," After everybody disembarked, the mooring rope was untied and the boat started to steer away from the harbor.",全員が下船すると、舫い綱は解かれ、船は船着場を離れ始める。,全員が下船すると、舫い綱は解かれ、船は船着場を離れ始める。,"После того, как все покинули борт, швартовые были отданы, и катер стал выплывать из гавани.","Depois que todos desembarcaram, a corda usada para ancorar o barco foi desamarrada e o barco começou a se afastar do atracadouro.",在所有人下船之后，船员解开了缆绳，船漂离码头缓缓远去。,在所有人下船之後，船員解開了纜繩，船漂離碼頭緩緩遠去。,"Dopo che tutti furono scesi, la corda per l'ormeggio venne sciolta e la barca cominciò ad allontanarsi dal porto.","Dopo che tutti scesero dal battello, la corda per l'ormeggio venne sciolta, e la barca cominciò ad allontanarsi dal porto.","Después de que todos desembarcaron, la cuerda de amarre fue desatada y el bote comenzó a alejarse de la costa.",ﺑﻌﺪ ﻧﺰﻭﻝ ﺍﻟﺠﻤﻴﻊ، ﺳﺤﺐ ﺣﺒﻞ ﺍﻟﻤﺮﺳﺎﺓ ﻭﺑﺪﺃ ﺍﻟﻘﺎﺭﺏ ﻓﻲ ﺍﻻﺑﺘﻌﺎﺩ ﻋﻦ ﺍﻟﻤﻴﻨﺎﺀ.,"Sau khi mọi người đã lên bờ, dây neo được tháo ra, và con thuyền bắt đầu rời khỏi bến.","Setelah semua orang turun, tali tambat dilepas, dan kapal mulai menjauh dari pelabuhan.",Herkes karaya çıktıktan sonra bağlama halatı çözüldü ve tekne limandan uzaklaşmaya başladı.
,It was probably returning to its home port of Niijima.,It was probably returning to its home port on Niijima. ," It was probably returning to its home port of Niijima.",新島の母港へ引き上げるのだろう。,新島の母港へ引き上げるのだろう。,"Скорее всего, он возвратится обратно в порт Нииджимы.",Ele provavelmente está retornando para o porto de Niijima.,可能是要返回新岛的母港吧。,可能是要返回新島的母港吧。,Stava probabilmente tornando al porto principale di Niijima.,Probabilmente sarebbe ritornata al porto di Niijima.,Probablemente iba de regreso a su puerto de origen en Niijima.,ﻣﻦ ﺍﻟﻤﺤﺘﻤﻞ ﺑﺄﻧﻪ ﻋﺎﺋﺪ ﺇﻟﻰ ﻣﻴﻨﺎﺀ ﻧﻴﺠﻴﻤﺎ.,Có lẽ nó đang trở về cảng chính ở Niijima.,Mungkin akan kembali ke pelabuhan asalnya di Niijima.,Muhtemelen ana limanı olan Niijima'ya dönüyordu.
,The captain waved his hand in farewell.{n}Maria conscientiously waved back.,The captain waved his hand in farewell. Maria conscientiously waved her hand back. ," The captain waved his hand in farewell. Maria conscientiously waved her hand back. ",船長がお別れの手を振ってくれる。真里亞も律儀に手を振り返していた。,船長がお別れの手を振ってくれる。{n}真里亞も律儀に手を振り返していた。,На прощанье капитан помахал нам рукой.{n}Мария добросовестно помахала ему в ответ.,O capitão se despediu acenando para nós.{n}Maria conscientemente acenou de volta.,船长挥舞着手臂向我们告别。{n}真里亚也礼貌地挥起了手。,船長揮舞著手臂向我們告別。{n}真里亞也禮貌地揮起了手。,Il capitano salutò da lontano. Maria lo risalutò coscienziosamente.,Il capitano agitò la mano per salutarci. Anche Maria ricambiò il gesto con premura.,El capitán agitó su mano en señal de despedida.{n}Maria saludó con su mano en respuesta.,ﻟﻮﺡ ﺍﻟﻜﺎﺑﺘﻦ ﺑﻴﺪﻩ ﻣﻮﺩﻋﺎ.{n}ﻟﻮﺣﺖ ﻣﺎﺭﻳﺎ ﺑﻌﻔﻮﻳﺔ ﺑﻴﺪﻫﺎ ﺑﺎﻟﻤﻘﺎﺑﻞ.,Thuyền trưởng vẫy tay chào tạm biệt.{n}Maria nhiệt tình vẫy tay đáp lại.,Nahkodanya melambaikan tangan.{n}Maria dengan sungguh-sungguh membalasnya.,Kaptan veda etmek için elini salladı.{n}Maria bilinçli olarak el salladı.
Ushiromiya Battler,"""............Hmmm, I just realized why something's been feeling out of place to me. I can't hear the cries of the seagulls.""","""............Hmmm, now that I think about it, that must be why I've felt something out of place for a while now. I can't hear the cries of the seagulls."" ","""............Hmmm, now that I think about it, that must be why I've felt something out of place for a while now. I can't hear the cries of the seagulls.""",「…………ん〜、何だかさっきから違和感があると思ったら、あれだな。うみねこの声を聞いてないぜ。」,「…………ん〜、何だかさっきから違和感があると思ったら、あれだな。うみねこの声を聞いてないぜ」,"""............Хм‐м, вот оно что, вот почему я чувствовал, что что‐то не так всё это время. Я не слышу криков чаек.""","""............Hmmm, acabei de perceber o porquê de eu estar achando que falta alguma coisa aqui. Eu não consigo ouvir o pipilar das gaivotas.""",「…………嗯～，从刚才就觉得有点啥不对劲，原来是那个啊。听不到{c:86EF9C:海猫}的鸣叫声啊。{c:86EF9C:（详见魔导书“鸟类相关”条目）}」,「…………嗯～，從剛才就覺得有點啥不對勁，原來是那個啊。聽不到{c:86EF9C:海貓}的鳴叫聲啊。{c:86EF9C:（詳見魔導書“鳥類相關”條目）}」,"""... Mmmh, ora che ci penso, mi sono sentito tutto strano per un po', e dev'essere per quello. Non sento il rumore dei gabbiani.""","""...Mmmh, già da prima sentivo che ci fosse qualcosa fuori posto, ed ecco cos'era: non si sentono le grida dei gabbiani.""","""Hmmm, ahora que lo pienso, creo que por eso sentía que había algo fuera de lugar desde hace un rato. No escucho los graznidos de las gaviotas.""","""...........ﻫﻤﻤﻢ، ﺍﻵﻥ ﺑﻌﺪ ﺃﻥ ﻓﻜﺮﺕ ﻓﻲ ﺍﻷﻣﺮ، ﻫﺬﺍ ﻫﻮ ﺍﻟﺴﺒﺐ ﻓﻲ ﺃﻧﻨﻲ ﺷﻌﺮﺕ ﺑﺸﻲﺀ ﻏﺮﻳﺐ ﻟﻔﺘﺮﺓ ﻣﻦ ﺍﻟﻮﻗﺖ. ﻻ ﺃﺳﺘﻄﻴﻊ ﺳﻤﺎﻉ ﺑﻜﺎﺀ ﺍﻟﻨﻮﺍﺭﺱ.""","""............Hmm, em vừa nhận ra vì sao em thấy có gì đó lạ lạ. Em không nghe thấy tiếng hải âu.""","""............Hmmm, baru aku sadar ada yang terasa aneh. Aku tidak mendengar suara burung camar.""","""............Hmmm, bir şeylerin neden bana yabancı geldiğini şimdi anladım. Martıların ağlamalarını duyamıyorum."""
Ushiromiya Jessica,"""Seagulls? The birds?""","""Seagulls? The birds?"" ","""Seagulls? The birds?""",「うみねこぉ？　鳥のか？」,「うみねこぉ？　鳥のか？」,"""Чаек? Птиц?""","""Gaivotas? Os pássaros?""",「海猫？是说鸟吗？」,「海貓？是說鳥嗎？」,"""I gabbiani? Intendi gli uccelli?""","""I gabbiani? Intendi gli uccelli?""","""¿Gaviotas? ¿Las aves?""","""ﺍﻟﻨﻮﺍﺭﺱ؟ ﺍﻟﻄﻴﻮﺭ؟""","""Hải âu á? Mấy con chim ấy à?""","""Burung camar? Burungnya?""","""Martılar mı? Kuşlar mı?"""
,"I remember that whenever we came to this island, the seagulls always welcomed us with their lively ""nyaa nyaa"" cries.","If I remember correctly, whenever we came to this island in the past, the seagulls always greeted us with their lively ""nyaa nyaa"" cries. ","It's true that whenever I come to this island, the seagulls always meet us with their lively 'nyaa nyaa' cries.",この島に来るといつも、うみねこがにゃあにゃあと賑やかな声で迎えてくれたんだっけ。,この島に来るといつも、うみねこがにゃあにゃあと賑やかな声で迎えてくれたんだっけ。,"Каждый раз, когда я приезжал на остров, чайки встречали нас своими оживленными криками.","Eu me lembro de que sempre que eu vinha para esta ilha, as gaivotas nos davam as boas‐vindas com seus alegres ""nyaa nyaa"".",我记得每次来到这个岛，都能听到海猫发出“喵啊喵啊”的热烈鸣叫声，迎接我们的来临。,我記得每次來到這個島，都能聽到海貓發出“喵啊喵啊”的熱烈鳴叫聲，迎接我們的來臨。,"Ogni volta che vengo su quest'isola, i gabbiani ci accolgono sempre con quei loro caratteristici ""nyaa nyaa"".","Ogni volta che venivo su quest'isola, i gabbiani mi accoglievano con quei loro ‘nyaa, nyaa’ squillanti.","Si no recuerdo mal, siempre que venía a esta isla, las gaviotas nos recibían con su animado llanto de ""nyaa nyaa"".","ﻛﻠﻤﺎ ﺃﺗﻴﺖ ﺇﻟﻰ ﻫﺬﻩ ﺍﻟﺠﺰﻳﺮﺓ، ﺩﺍﺋﻤﺎ ﺗﺤﻴﻴﻨﺎ ﻃﻴﻮﺭ ﺍﻟﻨﻮﺭﺱ ﺑﺒﻜﺎﺋﻬﺎ ﺍﻟﻨﺎﺑﺾ ﺑﺎﻟﺤﻴﺎﺓ ""ﻧﻴﺎ ﻧﻴﺎ"".","Tôi nhớ rằng mỗi khi đến hòn đảo này, bầy hải âu luôn chào đón chúng tôi bằng những tiếng kêu ""nyaa nyaa"" rộn ràng.","Aku ingat setiap kali datang ke pulau ini, burung camar selalu menyambut kami dengan suara ""nyaa nyaa"" mereka yang riuh.","Bu adaya ne zaman gelsek martıların bizi hep canlı ""nyaa nyaa"" çığlıklarıyla karşıladıklarını hatırlıyorum."
,"And because of that, whenever I hear the cries of the seagulls in any other place, I get the feeling that I've come to a family conference.","Because of that, whenever I hear the cries of seagulls anywhere else, I get the feeling that I'm coming to a family conference. "," And because of that, whenever I hear the cries of the seagulls in any other place, I get the feeling that I'm coming to a family conference.",そのせいで、ここ以外でうみねこの声を聞いても、親族会議に来ているような気分になる。,そのせいで、ここ以外でうみねこの声を聞いても、親族会議に来ているような気分になる。,"Из‐за этого каждый раз, когда я слышу крики чаек где‐нибудь ещё, мне кажется, что я приехал на семейное совещание.","E por causa disso, sempre que eu ouço o pipilar de uma gaivota em qualquer outro lugar, eu tenho o sentimento de que estou na conferência de família.",正因如此，即使是在其它地方听到了海猫们的鸣叫声，我也会有一种来参加亲族会议一样的感觉。,正因如此，即使是在其它地方聽到了海貓們的鳴叫聲，我也會有一種來參加親族會議一樣的感覺。,"E perciò, ogni qualvolta sento quei versi in altri posti, ho la sensazione che sto andando ad una conferenza di famiglia.","Per questo motivo, anche quando sentuvo questi versi altrove, avevo come la sensazione di star andando ad una riunione di famiglia.","Y por eso, cada vez que escucho el graznido de las gaviotas en cualquier otro lugar, tengo la sensación de que estoy en camino a una conferencia familiar.",ﻧﺘﻴﺠﺔ ﻟﺬﻟﻚ، ﻋﻨﺪﻣﺎ ﺃﺳﻤﻊ ﺑﻜﺎﺀ ﺍﻟﻨﻮﺍﺭﺱ ﻓﻲ ﺃﻱ ﻣﻜﺎﻥ ﺁﺧﺮ، ﻳﺘﻤﻠﻜﻨﻲ ﺷﻌﻮﺭ ﺑﺄﻧﻨﻲ ﻗﺎﺩﻡ ﻟﻼﺟﺘﻤﺎﻉ ﺍﻟﻌﺎﺋﻠﻲ.,"Vì vậy, mỗi khi nghe tiếng hải âu ở nơi khác, tôi lại có cảm giác như mình đang ở buổi họp mặt gia đình mình.","Dan karena itu, setiap kali mendengar suara burung camar di tempat lain, aku merasa seperti sedang menuju konferensi keluarga.","Ve bu yüzden ne zaman başka bir yerde martıların çığlıklarını duysam, bir aile konferansına gelmişim hissine kapılırım."
,"Except for the small part of the island where those of the Ushiromiya head house live, Rokkenjima had been left uncultivated, apparently transforming into a paradise for wild birds.","Except for the small part of the island where those of the Ushiromiya Head Family live,  Rokkenjima has been left uncultivated, which apparently makes it a paradise for wild birds. "," Except for the small part of the island where those of the Ushiromiya head house live, Rokkenjima had been left uncultivated, apparently transforming into a paradise for wild birds.",六軒島は、右代宮本家が住んでいる極めて一部分以外は、手付かずで放置されているため、野鳥の天国になっているらしい。,六軒島は、右代宮本家が住んでいる極めて一部分以外は、手付かずで放置されているため、野鳥の天国になっているらしい。,"За исключением небольшой части острова, занимаемой головным домом Уширомия, Роккенджима, не тронутая рукой человека, определённо превратилась в рай для диких птиц.","Exceto pela pequena parte da ilha onde fica a casa em que o chefe da família Ushiromiya vive, Rokkenjima foi mantida intocada, aparentemente transformando ela em um paraíso para pássaros selvagens.",六轩岛除了右代宫本家所居住的极小一部分外，其它地方都没有被开发过，因此似乎都成了野鸟的天堂。,六軒島除了右代宮本家所居住的極小一部分外，其它地方都沒有被開發過，因此似乎都成了野鳥的天堂。,"Eccetto per la piccola parte dove giace la Villa Ushiromiya, Rokkenjima, sembrava essere un paradiso di uccelli selvatici, siccome fu lasciata intatta.","Dato che l'isola di Rokkenjima era rimasta intatta, ad eccezione di una minuscola porzione in cui abitava la famiglia Ushiromiya, si diceva che essa fosse un paradiso per gli uccelli selvatici.","Con la excepción de la pequeña parte donde viven los de la casa principal Ushiromiya, Rokkenjima estaba intacta, y aparentemente se había convertido en un paraíso para las aves salvajes.","ﺑﺎﺳﺘﺜﻨﺎﺀ ﺟﺰﺀ ﺻﻐﻴﺮ ﻣﻦ ﺍﻟﺠﺰﻳﺮﺓ ﺣﻴﺚ ﺗﻌﻴﺶ ﺃﺳﺮﺓ ﺃﻭﺷﻴﺮﻭﻣﻴﺎ،, ﺗﺮﻛﺖ ﺭﻭﻛﻴﻨﺠﻴﻤﺎ ﻏﻴﺮ ﻣﺰﺭﻭﻋﺔ، ﻭﻋﻠﻰ ﻣﺎ ﻳﺒﺪﻭ ﺑﺄﻧﻬﺎ ﺗﺤﻮﻟﺖ ﻟﺠﻨﺔ ﻟﻠﻄﻴﻮﺭ ﺍﻟﺒﺮﻳﺔ.","Ngoại trừ phần nhỏ của đảo nơi nhà chính của gia tộc Ushiromiya sinh sống, Rokkenjima gần như bị bỏ hoang, trở thành thiên đường cho những loài chim hoang dã.","Kecuali bagian kecil pulau yang dihuni keluarga utama Ushiromiya, Rokkenjima dibiarkan tak terurus, tampaknya berubah menjadi surga bagi burung liar.","Adanın Ushiromiya baş ailesinin yaşadığı küçük bir bölümü dışında, Rokkenjima'ya hiç ellenmemiş ve görünüşe göre yabani kuşlar için bir cennete dönüşmüş."
,"Seemingly, some cliff face or other had become home to a huge seagull colony, and so this island was always full of them.","Supposedly, there was a cliff somewhere that housed a huge seagull colony, so this island was always full of seagulls. "," The whole wharf looked like it was turning into a huge seagull colony, and this island always was full of seagulls.",どっかの岸壁がうみねこの巨大コロニーになってるらしく、この島はいつもはうみねこだらけなのだ。,どっかの岸壁がうみねこの巨大コロニーになってるらしく、この島はいつもはうみねこだらけなのだ。,"По‐видимому, какой‐то из утёсов стал домом для огромной колонии чаек, поэтому их всегда полно на этом острове.","Parece que uma falésia do outro lado transformou‐se em uma colônia de gaivotas e, por causa disso, a ilha está sempre repleta delas.",貌似某处的悬崖峭壁上聚居着海猫的巨大群落，这座岛也一直到处都是海猫。,貌似某處的懸崖峭壁上聚居著海貓的巨大群落，這座島也一直到處都是海貓。,"L'intera banchina somigliava ad un'enorme colonia di gabbiani, e quest'isola ne era sempre piena.","Era come se la banchina diventasse un'enorme colonia di gabbiani, e quest'isola ne era sempre piena.","Todo el muelle parecía estarse convirtiendo en una enorme colonia de gaviotas, y esta isla siempre estaba llena de ellas.", ﺭﺻﻴﻒ ﺍﻟﻤﻴﻨﺎﺀ ﺑﺄﻛﻤﻠﻪ ﺑﺪﺃ ﻭﺃﻧﻪ ﻳﺘﺤﻮﻝ ﻟﻴﺼﺒﺢ ﻣﺴﺘﻌﻤﺮﺓ ﺿﺨﻤﺔ ﻟﻄﻴﻮﺭ ﺍﻟﻨﻮﺭﺱ، ﻟﻄﺎﻟﻤﺎ ﻛﺎﻧﺖ ﻫﺬﻩ ﺍﻟﺠﺰﻳﺮﺓ ﻣﻠﻴﺌﺔ ﺑﻬﻢ.,"Hình như có vách đá nào đó đã trở thành nhà của cả một đại gia đình hải âu, vì vậy hòn đảo này lúc nào cũng đầy ắp tiếng chim.","Tampaknya beberapa tebing telah menjadi rumah bagi koloni burung camar besar, jadi pulau ini selalu penuh dengan mereka.","Görünüşe göre, uçurumun bir yüzü devasa bir martı kolonisine ev sahipliği yapıyordu ve bu yüzden ada her zaman martılarla doluydu."
,"Since those seagulls didn't come to greet us, I felt a bit lonely.",Not having those seagulls here to greet us made me feel a bit lonely. ," Since those seagulls didn't come to greet us, I felt a bit lonely.",そのうみねこの歓迎がなかったので、どこか少しだけ寂しかった。,そのうみねこの歓迎がなかったので、どこか少しだけ寂しかった。,"Поскольку на этот раз мы не дождались от них приветствия, мне стало чуточку одиноко.",Eu me sinto um pouco solitário pelo fato das gaivotas não terem vindo nos receber.,因为没了海猫们的欢迎，我心里稍微觉得有点寂寞。,因為沒了海貓們的歡迎，我心裡稍微覺得有點寂寞。,"Siccome quei gabbiani non erano venuti a salutarci, mi sentivo un po' solo.","I gabbiani non erano venuti a salutarci, perciò provavo un leggero senso di malinconia.","Ya que esas gaviotas no vinieron a recibirnos, me sentí un poco solo.",ﻭﺑﻤﺎ ﺃﻥ ﺗﻠﻚ ﺍﻟﻨﻮﺍﺭﺱ ﻟﻢ ﺗﺄﺕ ﻟﺘﺮﺣﺐ ﺑﻨﺎ، ﻓﺸﻌﺮﺕ ﻗﻠﻴﻼ ﺑﺎﻟﻮﺣﺪﺓ.,"Vì lũ hải âu không ra chào đón, nên tôi cảm thấy có đôi chút cô đơn.","Karena burung-burung itu tidak datang menyambut kami, aku merasa agak kesepian.",O martılar bizi selamlamaya gelmedikleri için kendimi biraz yalnız hissettim.
Ushiromiya Rosa,"""What's wrong, Battler‐kun?""","""What's wrong, Battler-kun?"" ","""What's wrong, Battler-kun?""",「どうしたの、戦人くん。」,「どうしたの、戦人くん」,"""Что случилось, Баттлер‐кун?""","""O que houve, Battler‐kun?""",「怎么啦，战人君？」,「怎麼啦，戰人君？」,"""Che succede, Battler-kun?""","""Qualcosa non va, Battler-kun?""","""¿Qué pasa, Battler‐kun?""","""ﻫﻞ ﺃﻧﺖ ﺑﺨﻴﺮ ﻳﺎ ﺑﺎﺗﻠﺮ-ﻛﻦ؟""","""Có chuyện gì vậy, Battler?""","""Ada apa, Battler-kun?""","""Sorun ne, Battler-kun?"""
Ushiromiya Battler,"""Oh, Auntie Rosa. ...Nah, it's nothing really—I was just saying I can't hear the seagulls, so it kinda feels a bit lonely.""","""Oh, Aunt Rosa. ...Nah, it's nothing really, I was just thinking it's a bit lonely without the cries of the seagulls."" ","""Oh, Rosa oba-san. ...Nah, it's nothing really, I was just sayin' that since I can't hear the seagulls, it feels a bit lonely.""",「あぁ、楼座叔母さん。…いやぁ別にぃ、うみねこの声が聞こえないんで、何か寂しいなぁ〜って。」,「あぁ、楼座叔母さん。…いやぁ別にぃ、うみねこの声が聞こえないんで、何か寂しいなぁ〜って」,"""О, тётя Роза. Не, ничего особенного, я лишь сказал, что без криков чаек становится немного одиноко.""","""Ah, tia Rosa. ...Não, não é nada — eu só estava comentando que eu não consigo ouvir as gaivotas, isso é um pouco solitário.""",「啊，楼座姑母。…没什么，只是因为听不到海猫的叫声，觉得有点寂寞而已。」,「啊，樓座姑母。…沒什麼，只是因為聽不到海貓的叫聲，覺得有點寂寞而已。」,"""Oh, Rosa oba-san. ... Nah, niente di che, stavo solo dicendo che siccome non si sentono i gabbiani ci si sente un po' soli.""","""Oh, zia Rosa... No, nulla di che, è che non si sentono le grida dei gabbiani, per cui mi sento un po' triste...""","""Oh, tía Rosa. Nah, no es nada, solo decía que sin el graznido de las gaviotas este lugar se siente un poco solitario.""","""ﺃﻭﻩ، ﻋﻤﺘﻲ ﺭﻭﺯﺍ. ...ﻛﻼ، ﻻ ﺷﻲﺀ ﺣﻘﺎ، ﻛﻨﺖ ﺃﻗﻮﻝ ﻓﻘﻂ ﺑﺄﻧﻨﻲ ﻻ ﺃﺳﺘﻄﻴﻊ ﺳﻤﺎﻉ ﻃﻴﻮﺭ ﺍﻟﻨﻮﺭﺱ، ﻟﺬﺍ ﺷﻌﺮﺕ ﺑﺎﻟﻮﺣﺪﺓ ﻗﻠﻴﻼ.""","""Ồ, cô Rosa à. ...Không có gì đâu ạ, chỉ là cháu đang bảo là vì không nghe thấy tiếng hải âu nên cháu cảm thấy hơi trống vắng một chút.""","""Oh, Bibi Rosa. ...Ah, tidak apa-apa - cuma aku bilang tidak mendengar burung camar, jadi rasanya agak sepi.""","""Oh, Rosa Teyze. ...Ah, bir şey yok—sadece martıları duyamadığımı söylüyordum, bu yüzden biraz yalnız hissettiriyor."""
Ushiromiya Rosa,"""Oh, you're right. They're always so lively, but I can't see hide nor hair of one today.""","""My, that's true, now that you mention it. Even though they're always so noisy, today there isn't one to be seen."" ","""My, now that you say so, it's true. Even though they're always so lively, today there isn't one to be seen.""",「あら、そう言えばそうね。いっつも賑やかなのに、今日はさっぱりいないわね。」,「あら、そう言えばそうね。いっつも賑やかなのに、今日はさっぱりいないわね」,"""Боже, а ведь ты прав. Они вечно такие бойкие, но сегодня почему‐то не видно ни одной.""","""Ora, você tem razão. Elas costumavam ser sempre tão animadas, mas não estou conseguindo ver nenhuma hoje.""",「啊，说起来也是呢。它们一直都很热闹的，今天却一点踪迹也没了呢。」,「啊，說起來也是呢。它們一直都很熱鬧的，今天卻一點踪跡也沒了呢。」,"""Oh, ora che dici così, è vero. Sebbene siano sempre tanto rumorosi, oggi non se ne vede uno.""","""Oh, ora che me lo fai notare, è vero. Sono sempre chiassosi, eppure oggi non ce n'è neanche uno.""","""Ahora que lo dices, es verdad. A pesar de que siempre se ven tan llenas de vida, hoy parece que no hay ninguna cerca.""","""ﺑﻤﺎ ﺃﻧﻚ ﺫﻛﺮﺕ ﺫﻟﻚ، ﻓﻬﺬﺍ ﺻﺤﻴﺢ ﺣﻘﺎ. ﻟﻄﺎﻟﻤﺎ ﻛﺎﻧﺖ ﺃﺻﻮﺍﺗﻬﻢ ﺍﻟﺼﺎﺧﺒﺔ ﺗﻤﻸ ﺍﻟﻤﻜﺎﻥ، ﺇﻻ ﺃﻧﻪ ﻟﻴﺲ ﻫﻨﺎﻙ ﻧﻮﺭﺱ ﻭﺍﺣﺪ ﻳﻤﻜﻦ ﺭﺅﻳﺘﻪ ﺍﻟﻴﻮﻡ.""","""Ồ, cháu nói đúng. Bình thường chúng ồn ào lắm, mà hôm nay chẳng thấy bóng dáng con nào cả.""","""Oh, benar juga. Biasanya sangat ramai, tapi hari ini tidak terlihat satu pun.""","""Oh, haklısın. Her zaman çok canlıdırlar, ama bugün bir tanesini bile göremiyorum."""
Ushiromiya Maria,"""......Uu? Why no seagulls?""","""......Uu-? Why no seagulls?"" ","""......Uu-? Why no seagulls?""",「……うー？　どうしてうみねこいない？」,「……うー？　どうしてうみねこいない？」,"""......У‐у? Почему нет чаек?""","""......Uu? Por que não tem gaivotas?""",「……呜——？为什么海猫不见了？」,「……嗚——？為什麼海貓不見了？」,"""... Uu-? Perché niente gabbiani?""","""...Uuh? Perché non ci sono i gabbiani?""","""... ¿Uu? ¿Por qué no hay gaviotas?""","""........ﺃﻭﻭ-؟ ﻟﻤﺎﺫﺍ ﻻ ﻳﻮﺟﺪ ﻃﻴﻮﺭ ﻧﻮﺭﺱ؟""","""......Uu? Sao không có hải âu?""","""......Uu? Kenapa tidak ada camar?""","""......Uu? Neden martı yok?"""
Ushiromiya Rosa,"""Hmmm, maybe it's because the seagulls are having a gathering somewhere too? Maria, did you want to see the seagulls?""","""Hmmm, maybe it's because the seagulls are having a get-together somewhere too? Maria, did you want to see the seagulls?"" ","""Hmmm, maybe it's because the seagulls are having a gathering somewhere too? Maria, did you want to see the seagulls?""",「うーん、うみねこたちも今日は他所で集まりがあるからかな？　真里亞もうみねこ見たかったの？」,「うーん、うみねこたちも今日は他所で集まりがあるからかな？　真里亞もうみねこ見たかったの？」,"""Хм‐м, может, у них тоже где‐то собрание? Мария, ты хотела увидеть чаек?""","""Hmmm, talvez elas estejam se reunindo em algum outro lugar? Maria, você quer ver as gaivotas?""",「嗯——，也许海猫们今天也去别处聚会了吧？真里亚也想看海猫？」,「嗯——，也許海貓們今天也去別處聚會了吧？真里亞也想看海貓？」,"""Mmmh, forse perché si sono riuniti anche loro in qualche altro posto oggi? Maria, volevi vedere i gabbiani?""","""Mmmh, forse oggi si saranno riuniti anche loro da qualche parte? Maria, anche tu volevi vedere i gabbiani?""","""Mmmm, ¿quizás las gaviotas también tengan una reunión en alguna parte? María, ¿querías ver a las gaviotas?""","""ﻫﻤﻤﻢ، ﺭﺑﻤﺎ ﺑﺴﺒﺐ ﺗﺠﻤﻊ ﻃﻴﻮﺭ ﺍﻟﻨﻮﺭﺱ ﻓﻲ ﻣﻜﺎﻥ ﺁﺧﺮ؟? ﻫﻞ ﺃﺭﺩﺕ ﺭﺅﻳﺔ ﻃﻴﻮﺭ ﺍﻟﻨﻮﺭﺱ ﻳﺎ ﻣﺎﺭﻳﺎ؟""","""Hmm, có lẽ là lũ hải âu cũng đang họp mặt đâu đó? Maria, con có muốn thấy hải âu không?""","""Hmmm, mungkin karena burung camar sedang berkumpul di tempat lain? Maria, kamu ingin melihat burung camar?""","""Hmmm, belki martılar da bir yerlerde toplanıyorlardır? Maria, martıları görmek ister miydin?"""
Ushiromiya Maria,"""Uu, wanted to.""","""Uu-, wanted to see them."" ","""Uu-, wanted to.""",「うー、見たかった。」,「うー、見たかった」,"""У‐у, хотела.""","""Uu, eu quero.""",「呜——，想看。」,「嗚——，想看。」,"""Uu-, volevo.""","""Uuh, volevo vederli.""","""Uu, quería.""","""ﺃﻭﻭ-، ﺃﺭﺩﺕ ﺫﻟﻚ.""","""Uu, muốn thấy.""","""Uu, ingin.""","""Uu, isterdim."""
Ushiromiya Battler,"""What happened for them all to disappear? Maybe Jessica made aaall of 'em into shish kebabs and ate 'em!""","""Still, it's a bit strange there isn't even a single one around. Maybe Jessica grilled 'em all and ate 'em!"" ","""What happened for them to all disappear? Maybe Jessica made aaall of 'em into {c:86EF9C:yakitori} and ate 'em!""",「何だってこうも丸っきりいねぇんだー？　朱志香がみぃんな焼き鳥にして食っちまったんかなぁ！」,「何だってこうも丸っきりいねぇんだー？　朱志香がみぃんな焼き鳥にして食っちまったんかなぁ！」,"""Что же заставило их испариться? Наверное, это Джессика сделала из них всех якитори и съела!""","""O que aconteceu para todas elas desaparecerem? Talvez a Jessica tenha feito {i:yakitori} com tooodas elas e comido!""",「为什么一只都没有啊？难不成全被朱志香抓去做成烤鸟吃了？」,「為什麼一只都沒有啊？難不成全被朱志香抓去做成烤鳥吃了？」,"""Cos'è che li ha fatti sparire tutti? Forse Jessica li ha fatti diventare tuuutti {c:86EF9C:yakitori} e li ha mangiati!""","""Ma come mai non se ne vede neanche uno? Forse Jessica li ha cotti come spiedini e se li è pappati tutti!""","""Aún así, es algo extraño que no haya ni una por aquí. ¡Quizás Jessica las convirtió a to~das en yakitori y se las comió!""","""ﻣﺎﺫﺍ ﺣﺪﺙ ﻟﻬﻢ ﺟﻤﻴﻌﺎ ﺣﺘﻰ ﻳﺨﺘﻔﻮﺍ؟ ﺭﺑﻤﺎ ﺣﻮﻟﺘﻬﻢ ﺟﻴﺴﻴﻜﺎ ﺇﻟﻰ ﺷﻴﺶ ﻛﺒﺎﺏ ﻭﺃﻛﻠﺘﻬﻢ ﺟﻤﻴﻌﻬﻢ.!""","""Có chuyện gì mà tụi nó biến mất hết vậy? Chắc chị Jessica đã đem hếtttt tụi nó để làm thịt xiên nướng rồi ăn sạch rồi!""","""Apa yang terjadi sampai mereka semua menghilang? Mungkin Jessica mengubah mereka semua jadi sate dan memakannya!""","""Ne oldu da hepsi kayboldu? Belki de Jessica heeepsini şiş kebap yapıp yemiştir!"""
Ushiromiya Maria,"""......Uu?!""","""......Uu-?!"" ","""......Uu-?!""",「……うー？！」,「……うー？！」,"""......У‐у?!""","""......Uu?!""",「……呜——？！」,「……嗚——？！」,"""... Uu-?!""","""...Uuh?!""","""¡¿Uu?!""","""....ﺃﻭﻭ؟!""","""......Uu?!""","""......Uu?!""","""......Uu?!"""
Ushiromiya Jessica,"""The hell, don't say disturbing stuff like that! You'll get Maria all confused!!""","""The hell, don't say disturbing stuff like that! You'll get Maria believing it!!"" ","""The hell, don't say disturbing stuff like that! You'll get Maria all confused!!""",「ぶ、物騒なこと言うんじゃねぇー！　真里亞が勘違いするだろー！！」,「ぶ、物騒なこと言うんじゃねぇー！　真里亞が勘違いするだろー！！」,"""Чё за... прекращай всякий бред нести! Ты так совсем Марию запутаешь!!!""","""Que diabos, não diga coisas perturbadoras como essa! Você vai deixar a Maria confusa!!""",「别、别说这种吓人的话！真里亚会误解的！！」,「別、別說這種嚇人的話！真里亞會誤解的！！」,"""Che diavolo, non dire cose del genere! Maria non capirà!!""","""N-Non turbarla! Maria potrebbe pensar male!!""","""¡Demonios, no digas cosas tan raras! ¡¡Harás que María se confunda!!""","""ﺑﺤﻘﻚ، ﻻ ﺗﻘﻞ ﺃﺷﻴﺎﺀ ﻣﺰﻋﺠﺔ ﻛﻬﺬﻩ! ﺳﺘﺸﻌﺮ ﻣﺎﺭﻳﺎ ﺑﺎﻟﺤﻴﺮﺓ!!""","""Cái quái gì thế hả, đừng nói mấy chuyện ghê rợn như vậy chứ! Em làm Maria rối tung lên rồi kìa!!""","""Apaan sih, jangan bicara hal menakutkan seperti itu! Kau akan membuat Maria bingung!!""","""Lanet olsun, böyle rahatsız edici şeyler söyleme! Maria'nın kafasını karıştıracaksın!!"""
Ushiromiya Maria,"""Uu‐uu‐uu! Jessica onee‐chan made them into shish kebabs, made them into shish kebabs! Uu!!""","""Uu-uu-uu-! Jessica onee-chan grilled 'em, Jessica onee-chan grilled 'em! Uu-!!"" ","""Uu-uu-uu-! Jessica onee-chan made them into yakitori, made them into yakitori! Uu-!!""",「うーうーうー！　朱志香お姉ちゃんが焼き鳥にした、焼き鳥にしたー！　うー！！」,「うーうーうー！　朱志香お姉ちゃんが焼き鳥にした、焼き鳥にしたー！　うー！！」,"""У‐у‐у‐у! Джессика онээ‐чан сделала из них якитори, сделала из них якитори! У‐у!!!""","""Uu‐uu‐uu! Jessica onee‐chan transformou elas em {i:yakitori}, transformou elas em {i:yakitori}! Uu!!""",「呜——呜——呜——！朱志香姐姐做成烤鸟吃了，做成烤鸟吃了！呜——！！」,「嗚——嗚——嗚——！朱志香姐姐做成烤鳥吃了，做成烤鳥吃了！嗚——！！」,"""Uu-uu-uu-! Jessica Onee-chan li ha fatti diventare yakitori, fatti diventare yakitori! Uu-!!""","""Uuh, uuh, uuh! La cugina Jessica li ha cotti come spiedini, li ha cotti come spiedini! Uuh!!""","""¡Uu‐uu‐uu! ¡Jessica onee‐chan las hizo yakitori, las hizo yakitori! ¡¡Uu!!""","""ﺃﻭﻭ-ﺃﻭﻭ-ﺃﻭﻭ! ﺃﺧﺘﻲ ﺟﻴﺴﻴﻜﺎ ﺻﻨﻌﺖ ﻣﻨﻬﻢ ﺷﻴﺶ ﻛﺒﺎﺏ, ﺻﻨﻌﺖ ﻣﻨﻬﻢ ﺷﻴﺶ ﻛﺒﺎﺏ! ﺃﻭﻭ-!""","""Uu‐uu‐uu! Chị Jessica xiên tụi nó, xiên tụi nó làm thịt xiên! Uu!!""","""Uu-uu-uu! Jessica onee-chan mengubahnya jadi sate, mengubahnya jadi sate! Uu!!""","""Uu-uu-uu! Jessica onee-chan onları şiş kebap yaptı, onları şiş kebap yaptı! Uu!!"""
Ushiromiya Jessica,"""I did not, I did not! Why the hell would I do something like that?!""","""I did not, I did not! Why the hell would I do something like that?!"" ","""I did not, I did not! Why the hell would I do something like that?!""",「してないしていない！　そんなの私がするわけねえだろ？！」,「してないしてない！　そんなの私がするわけねえだろ？！」,"""Да нет же, нет! С какого перепугу я бы это стала делать?!""","""Eu não fiz isso, eu não fiz isso! Por que eu faria uma coisa dessas?!""",「没有没有！我怎么可能做这种事嘞？！」,「沒有沒有！我怎麼可能做這種事嘞？！」,"""No, no! Perché diavolo dovrei fare una cosa simile?!""","""Non è vero, non è vero! Perché mai dovrei fare una cosa simile?!""","""¡No lo hice, no lo hice! ¡¿Por qué demonios haría algo así?!""","""ﻟﻢ ﺃﻓﻌﻞ، ﻟﻢ ﺃﻓﻌﻞ! ﻟﻤﺎﺫﺍ ﺑﺤﻖ ﺍﻟﺠﺤﻴﻢ ﻗﺪ ﺃﻓﻌﻞ ﺷﻴﺌﺎ ﻛﻬﺬﺍ؟!""","""Không có nha, chị không có làm vậy! Tại sao chị lại làm chuyện đó chứ?!""","""Tidak, tidak! Ngapain aku melakukan hal seperti itu?!""","""Yapmadım, yapmadım! Neden böyle bir şey yapayım ki?!"""
Ushiromiya Battler,"""That's right, that's ri~ght, Jessica made 'em into shish kebabs! Skin 'n meatballs, liver 'n onio~on!""","""That's right, that's riiight, Jessica grilled 'em! Skin 'n meatballs, liver 'n oniooon!"" ","""That's right, that's right~, Jessica made 'em into yakitori! Skin 'n meatballs, liver 'n onio~on!""",「そうだそうだぁ〜、朱志香が焼き鳥にしたんだー！　皮につくねにレバーにねぎまぁ〜ん！」,「そうだそうだぁ〜、朱志香が焼き鳥にしたんだー！　皮につくねにレバーにねぎまぁ〜ん！」,"""Точно, точно! Джессика из них якитори сделала! Тефтели в шкурках, печёнка с лу‐уко‐ом!""","""Isso mesmo, isso me~smo, a Jessica transformou todas elas em {i:yakitori}! A pele em almôn~degas, o fígado em cebo~las!""",「没错没错～，就是朱志香把它们做成烤鸟的！鸟皮串鸟肉丸串鸟肝串葱段鸟肉串～！」,「沒錯沒錯～，就是朱志香把它們做成烤鳥的！鳥皮串鳥肉丸串鳥肝串蔥段鳥肉串～！」,"""Giusto, giusto~, Jessica li ha fatti diventare yakitori! Pelle e polpette, fegato e cipo~olla!""","""Giusto, giusto, Jessica li ha cotti come spiedini! Lei con loro ci fa il polpettone, e lo spiedo di fegato!""","""Así es, así es~, ¡Jessica las hizo yakitori! ¡Piel y albóndigas, hígado y cebollas!""","""ﺻﺤﻴﺢ، ﺻﺤﻴﺢ~، ﺟﻴﺴﻴﻜﺎ ﺻﻨﻌﺖ ﻣﻨﻬﻢ ﺷﻴﺶ ﻛﺒﺎﺏ! ﺍﻟﻘﺸﺪﺓ ﻭﻛﺮﺍﺕ ﺍﻟﻠﺤﻢ، ﻭﺍﻟﻜﺒﺪﺓ ﻭﺍﻟﺒﺼﻞ~!""","""Đúng rồi, đúng roài~, chị Jessica xiên tụi nó hết rồi! Xiên da, xiên thịt, xiên gan với hành tây~!""","""Benar, benaaar~, Jessica mengubahnya jadi sate! Kulit dan bakso, hati dan bawaaang!""","""Bu doğru, bu doğ~ru. Jessica onları şiş kebap yaptı! Deri ve köfte, ciğer ve so~ğan!"""
Ushiromiya Maria,"""Swim in meat dolls! Liver 'n oniooon!! Uu‐uu‐uu! Ahaha, ahaha! *giggle*giggle*!""","""Swim in meat dolls! Liver 'n oniooon!! Uu-uu-uu-! Ahaha, ahaha! Hahahaha!"" ","""Swim in meat dolls! Liver 'n oniooon!! Uu-uu-uu-! Ahaha, ahaha! Hahahaha!""",「ワワに靴練り！　レバーにねぎまぁーん！！　うーうーうー！　あははあはは！　きゃっきゃ、きゃっきゃ！」,「ワワに靴練り！　レバーにねぎまぁーん！！　うーうーうー！　あははあはは！　きゃっきゃ、きゃっきゃ！」,"""Тюлени в жмурках! Печенка с лу‐уко‐о‐ом! У‐у‐у, у‐у‐у! Аха‐ха‐ха‐ха! Хахахахаха!""","""Pele em alm~ôndegas! Fígado em cebo~las!! Uu‐uu‐uu! Ahaha, ahaha! *risos*risos*!""",「扭劈窜扭搂弯窜！鸟肝串葱段鸟肉串——！！呜——呜——呜——！啊哈哈啊哈哈！哈哈哈哈，哈哈哈哈！」,「扭劈竄扭摟彎竄！鳥肝串蔥段鳥肉串——！！嗚——嗚——嗚——！啊哈哈啊哈哈！哈哈哈哈，哈哈哈哈！」,"""Repelle le alette! Fegato e cipollaaa!! Uu-uu-uu-! Ahaha, ahaha! Hahahaha!""","""Ci fa il minestrone! E lo spiedo di fegato!! Uuh, uuh, uuh! Ahahahahah! Ihihih, ihihih!""","""¡Miel y albóndigas! ¡¡Hígado y cebollaaas!! ¡Uu‐uu‐uu! ¡Ajaja, ajaja! ¡*risita*risita*!""","""ﺍﻟﺴﺒﺎﺣﺔ ﻓﻲ ﺑﺤﺮ ﻣﻦ ﺍﻟﻠﺤﻢ!! ﺍﻟﻜﺒﺪﺓ ﻭﺍﻟﺒﺼﺼﺼﻞ!! ﺃﻭﻭ-ﺃﻭﻭ-ﺃﻭﻭ-! ﺍﻫﺎﻫﺎ، ﺍﻫﺎﻫﺎ! ﻫﺎﻫﺎﻫﺎﻫﺎ!""","""Xiên dan viên thịt! Gan với hành tây!! Uu‐uu‐uu! Ahaha, ahaha! *cười khúc khích*!""","""Berenang di boneka daging! Hati dan bawaaang!! Uu-uu-uu! Ahaha, ahaha! *cekikikan*cekikikan*!""","""Et köftelerin içinde yüz! Ciğer ve soğan! Uu‐uu‐uu! Ahaha, ahaha! *giggle*giggle*!"""
,"As I made fun of Jessica, Maria tagged along looking like she was having fun.","As I made fun of Jessica, Maria tagged along, looking like she was having fun. ","As I made fun of Jessica, Maria tagged along looking like she was having fun.",朱志香を囃し立てると、真里亞も面白そうに俺に追従してくれる。,朱志香を囃し立てると、真里亞も面白そうに俺に追従してくれる。,"Мария присоединилась к моему подтруниванию над Джессикой, и было видно, что ей весело.","Eu comecei a debochar da Jessica, e a Maria se juntou a mim e parece estar se divertindo.",我一逗起朱志香，真里亚也开心地帮忙添油加醋。,我一逗起朱志香，真里亞也開心地幫忙添油加醋。,"Come presi in giro Jessica, Maria si unì a me e sembrava si stesse divertendo.","Maria si unì alle mie prese in giro di Jessica, e sembrava divertirsi.","Mientras me burlaba de Jessica, María seguía el juego aparentemente divirtiéndose.",ﻋﻨﺪﻣﺎ ﺳﺨﺮﺕ ﻣﻦ ﺟﻴﺴﻴﻜﺎ، ﻳﻈﻬﺮ ﺃﻥ ﻣﺎﺭﻳﺎ ﺍﺳﺘﻤﺘﻌﺖ ﺑﺬﻟﻚ.,"Khi tôi trêu Jessica, Maria cũng nhập cuộc với vẻ mặt thích thú như thể đang rất vui.","Saat aku mengolok-olok Jessica, Maria ikut-ikutan terlihat senang.","Ben Jessica ile dalga geçerken, Maria da eğleniyormuş gibi görünerek peşime takıldı."
,"Ooh, she really knows how to join in with things!{n}Alright then, starting today I'll make you my number one follower!","Ooh, I never guessed she was such a good sport! Alrighty then, from today on I'll make you my number one follower! "," Ooh, so she's a person who goes with other people's moods! Alrighty then, from today on I'll make you my number one follower! ",おぉ、こんなにもノリのいいやつだったのか！よしよし、今日から俺の子分１号に加えてやるぜ！,おぉ、こんなにもノリのいいやつだったのか！{n}よしよし、今日から俺の子分１号に加えてやるぜ！,"Во‐от как, значит она из тех, кто хорошо подхватывает чужое настроение!{n}Вот и славненько. Тогда с этого дня я сделаю её своей наипервейшей последовательницей!","Ooh, ela é do tipo que entra no mesmo clima dos outros!{n}Certo, a partir de hoje, eu vou fazer de você a minha seguidora número um!",哦哦，原来是这么爱起劲的家伙啊！{n}很好很好，从今天开始就让你做我的第一号小弟吧！,哦哦，原來是這麼愛起勁的傢伙啊！{n}很好很好，從今天開始就讓你做我的第一號小弟吧！,"Ooh, così è una persona che segue l'umore degli altri! Bene allora, da oggi in poi sarai il mio seguace numero uno!","Ooh, lei sì che sa stare al gioco! Bene bene, oggi lei sarà la prima a diventare mia seguace!","¡Ooh, así que es el tipo de persona que se adapta a los estados de ánimo de los demás!{n}¡Muy bien, de ahora en adelante, serás mi seguidora número uno!",ﺃﻭﻩ، ﺇﻧﻬﺎ ﻃﻔﻠﺔ ﺗﻨﺴﺠﻢ ﻣﻊ ﻣﺰﺍﺝ ﺍﻟﻨﺎﺱ ﺍﻵﺧﺮﻳﻦ!{n}ﻻ ﺑﺄﺱ ﺇﺫﻥ، ﻣﻦ ﺍﻟﻴﻮﻡ ﻓﺼﺎﻋﺪﺍ ﺳﺄﺟﻌﻞ ﻣﻨﻚ ﺗﺎﺑﻌﻲ ﺍﻷﻭﻝ!,"Ồ, con bé đúng là biết cách hòa chung không khí đấy!{n}Được rồi, từ hôm nay anh sẽ coi em là fan số một của anh nhé!","Wah, dia benar-benar tahu cara bergabung dalam hal seperti ini!{n}Baiklah, mulai hari ini kau akan jadi pengikut utamaku!","Ooh, olaylara nasıl katılacağını gerçekten biliyor!{n}Tamam o zaman, bugünden itibaren seni bir numaralı takipçim yapacağım!"
,"As I smiled at her, she beamed back overjoyed, I guess happy for this little bit of solidarity.","As I smiled at her, she beamed, looking overjoyed, possibly because she was happy about this little connection we'd made with each other. ","As I smiled at her, she beamed, looking overjoyed and possibly happy with my modest solidarity.",笑いかけてやると、ささやかな連帯感が嬉しいのか、とても嬉しそうに笑った。,笑いかけてやると、ささやかな連帯感が嬉しいのか、とても嬉しそうに笑った。,"Я улыбнулся ей, и она лучезарно улыбнулась мне в ответ, радостная и, судя по всему, довольная нашим скромным единством.","Eu sorri para ela, e ela sorriu de volta para mim, eu fico feliz com esse pouco de solidariedade!",我朝她笑了笑，也许是我们之间这种微小的连带感让她很是开心吧，她也十分高兴地笑了起来。,我朝她笑了笑，也許是我們之間這種微小的連帶感讓她很是開心吧，她也十分高興地笑了起來。,"Quando le sorrisi, si irradiò, sembrando super felice e con la mia modesta solidarietà.","Lei rise molto allegramente quando le sorrisi, felice per questo piccolo legame di solidarietà che si era creato tra di noi.","Como le sonreí, ella hizo lo mismo, tenía una apariencia rebosante de alegría, probablemente porque estaba feliz con este momento de solidaridad.",ﺣﻴﻦ ﺍﺑﺘﺴﻤﺖ ﻟﻬﺎ، ﺍﺑﺘﺴﻤﺖ ﻟﻲ ﻭﺑﺪﺕ ﺑﺴﻌﺎﺩﺓ ﻏﺎﻣﺮﺓ، ﻭﺭﺑﻤﺎ ﻣﺴﺮﻭﺭﺓ ﺑﺘﻀﺎﻣﻨﻲ ﺍﻟﺒﺴﻴﻂ.,"Khi tôi mỉm cười với Maria, em ấy cũng đáp lại bằng một nụ cười rạng rỡ, có lẽ cũng rất vui vì cảm giác thân thiết nhỏ bé này.","Saat aku tersenyum padanya, dia membalas dengan gembira, mungkin senang dengan sedikit solidaritas ini.","Ona gülümsediğimde o da sevinçle gülümsedi, sanırım bu küçük dayanışmadan dolayı mutluydu."
Ushiromiya George,"""That's not it, Maria‐chan. I've heard that wild birds are attuned to changes in the weather and atmospheric pressure. And it looks like the weather will get worse around tonight. It's possible they hurried back to their nests.""","""That's not it, Maria-chan. I've heard wild birds are attuned to changes in the weather and atmospheric pressure. The weather will probably get worse tonight. The seagulls might've returned to their nests early."" ","""That's not it, Maria-chan. It seems that wild birds are attuned to changes in the weather and atmospheric pressure. It looks like the weather will get worse around tonight. It's possible they hurried back to their nests.""",「違うよ、真里亞ちゃん。野鳥って天気や気圧の変化に敏感なんだそうだよ。今夜辺り、天気が崩れそうだしね。巣へ早めに引き上げてるのかもしれないね。」,「違うよ、真里亞ちゃん。野鳥って天気や気圧の変化に敏感なんだそうだよ。今夜辺り、天気が崩れそうだしね。巣へ早めに引き上げてるのかもしれないね」,"""Это не так, Мария‐чан. Похоже, птицы настроены на перемены погоды и атмосферного давления. По‐видимому, ближе к вечеру погода должна ухудшиться. Так что, вероятно, что они поторопились вернуться в свои гнёзда.""","""Não foi isso, Maria‐chan. Eu ouvi dizer que as aves selvagens estão sintonizadas com o tempo e a pressão atmosférica. E parece que o tempo vai ficar ainda pior essa noite. É possível que elas tenham voltado correndo para os seus ninhos.""",「不是哦，小真里亚。我听说野鸟对天气和气压的变化是很敏感的哦。这天气看起来会在今晚转坏。海猫们说不定都早早地归巢了吧。」,「不是哦，小真里亞。我聽說野鳥對天氣和氣壓的變化是很敏感的哦。這天氣看起來會在今晚轉壞。海貓們說不定都早早地歸巢了吧。」,"""Non è così, Maria-chan. Sembra che quegli uccelli selvatici siano in sintonia con i cambiamenti temporali e della pressione atmosferica. Probabilmente stasera il tempo peggiorerà. È possibile che siano tornati ai loro nidi.""","""Non è così, Maria-chan. Pare che gli uccelli selvatici siano sensibili ai cambiamenti metereologici e della pressione atmosferica. Probabilmente stasera il tempo peggiorerà. Può essere che siano tornati ai loro nidi prima del solito.""","""No es eso, María‐chan. Las aves silvestres pueden sentir los cambios en el clima y la presión atmosférica. Parece que el clima empeorará por la noche. Es posible que hayan tenido que regresar a sus nidos deprisa.""","""ﻫﺬﺍ ﻟﻴﺲ ﺻﺤﻴﺤﺎ ﻳﺎ ﻣﺎﺭﻳﺎ-ﺗﺸﺎﻥ. ﺇﻥ ﺍﻟﻄﻴﻮﺭ ﺍﻟﺒﺮﻳﺔ ﺗﻌﻲ ﺍﻟﺘﻐﻴﺮﺍﺕ ﻓﻲ ﺍﻟﻄﻘﺲ ﻭﺍﻟﻀﻐﻂ ﺍﻟﺠﻮﻱ. ﻳﺒﺪﻭ ﺃﻥ ﺍﻟﻄﻘﺲ ﺳﻴﺰﺩﺍﺩ ﺳﻮﺀﺍ ﺍﻟﻠﻴﻠﺔ. ﻟﺬﺍ ﻣﻦ ﺍﻟﻤﺤﺘﻤﻞ ﺃﻧﻬﻢ ﺳﺎﺭﻋﻮﺍ ﻟﻴﺤﺘﻤﻮﺍ ﻓﻲ ﺃﻋﺸﺎﺷﻬﻢ.""","""Không phải vậy đâu, Maria à. Anh nghe nói rằng những loài chim hoang dã rất nhạy cảm với những thay đổi của thời tiết và áp suất không khí. Và có vẻ như thời tiết sẽ xấu đi vào tối nay. Có thể chúng đã vội vàng trở về tổ rồi.""","""Bukan begitu, Maria-chan. Kudengar burung liar peka terhadap perubahan cuaca dan tekanan atmosfer. Dan sepertinya cuaca akan memburuk nanti malam. Mungkin mereka buru-buru kembali ke sarangnya.""","""Öyle değil, Maria-chan. Yabani kuşların hava ve atmosfer basıncındaki değişikliklere uyum sağladığını duymuştum. Ve görünüşe göre hava bu gece daha da kötüleşecek. Aceleyle yuvalarına dönmüş olabilirler."""
Ushiromiya Maria,"""............Uu. Not kebabs? Jessica onee‐chan didn't make them into kebabs?""",""".........Uu-. Not grilled? Jessica onee-chan didn't grill 'em?"" ","""............Uu-. Not yakitori? Jessica onee-chan didn't make them into yakitori?""",「…………うー。焼き鳥じゃない？　朱志香お姉ちゃんが焼き鳥にしたんじゃない？」,「…………うー。焼き鳥じゃない？　朱志香お姉ちゃんが焼き鳥にしたんじゃない？」,"""У‐у. Не якитори? Джессика онээ‐чан не сделала из них якитори?""","""............Uu. Sem {i:yakitori}? A Jessica onee‐chan não transformou elas em {i:yakitori}?""",「…………呜——。不是烤鸟？不是被朱志香姐姐做成了烤鸟？」,「…………嗚——。不是烤鳥？不是被朱志香姐姐做成了烤鳥？」,"""... Uu-. Niente yakitori? Jessica Onee-chan non li ha fatti diventare yakitori?""","""...Uuh. Niente spiedini? La cugina Jessica non li aveva cotti come spiedini?""","""Uu. ¿No yakitori? ¿Jessica onee‐chan no las hizo yakitori?""","""..............ﺃﻭﻭ-. ﻟﻴﺲ ﺷﻴﺶ ﻛﺒﺎﺏ؟ ﺃﺧﺘﻲ ﺟﻴﺴﻴﻜﺎ ﻟﻢ ﺗﺼﻨﻊ ﻣﻨﻬﻢ ﺷﻴﺶ ﻛﺒﺎﺏ؟""","""............Uu. Không phải thịt xiên? Chị Jessica không làm thịt xiên chim?""","""............Uu. Bukan sate? Jessica onee-chan tidak mengubahnya jadi sate?""","""............Uu. Kebap yapmadı mı? Jessica Onee-chan onları kebap yapmadı mı?"""
Ushiromiya Jessica,"""I did not, I did not!! I told you, I wouldn't do stuff like that! Alright, Battler, you admit right now that you lied!""","""No, no!! I-I wouldn't do something like that! Battler, you admit right now that you lied!"" ","""I did not, I did not!! I said, I wouldn't do stuff like that! Alright, Battler, you admit right now that you lied!""",「違う違う！！　わ、私はそんなことしないって！　ほら戦人もウソだったって認めろよ！」,「違う違う！！　わ、私はそんなことしないって！　ほら戦人もウソだったって認めろよ！」,"""Нет, нет и нет!!! Я сказала, что не буду подобным заниматься! Так, Баттлер, признайся сейчас же, что соврал!""","""Eu não fiz isso, eu não fiz isso!! Eu já disse que nunca faria uma coisa dessas! Vamos, Battler, admita que você estava mentindo!""",「不是不是！！都、都说了我不会做这种事嘞！战人你快承认说自己是骗人的！」,「不是不是！！都、都說了我不會做這種事嘞！戰人你快承認說自己是騙人的！」,"""No, no!! L'ho detto, non farei mai una cosa del genere! Ora, Battler, ammetti che hai mentito!""","""Ma no, ma no!! H-Ho detto che non farei mai una cosa simile! Forza, Battler, confessa di aver mentito!""","""¡¡No, no!! ¡D‐Dije que yo nunca haría algo como eso! ¡Vamos Battler, admite ahora mismo que mentiste!""","""ﻟﻢ ﺃﻓﻌﻞ، ﻟﻢ ﺃﻓﻌﻞ!! ﺃﺧﺒﺮﺗﻚ ﻣﻦ ﻗﺒﻞ، ﻟﻦ ﺃﻓﻌﻞ ﺷﻴﺌﺎ ﻛﻬﺬﺍ! ﻫﻴﺎ ﻳﺎ ﺑﺎﺗﻠﺮ، ﻟﺘﻌﺘﺮﻑ ﺍﻵﻥ ﺑﺄﻧﻚ ﻛﻨﺖ ﺗﻜﺬﺏ!""","""Không có, không có!! Chị đã nói rồi, chị không làm mấy chuyện đó mà! Này, Battler, em mau nhận ngay rằng em đã nói dối đi!""","""Tidak, tidak!! Sudah kubilang, aku tidak melakukan hal seperti itu! Baiklah, Battler, akui sekarang bahwa kamu berbohong!""","""Yapmadım, yapmadım!! Sana söyledim, ben böyle şeyler yapmam! Pekala, Battler, yalan söylediğini hemen itiraf et!"""
Ushiromiya George,"""Battler‐kun. Maria‐chan is a naive girl, so she takes even jokes seriously. You should choose your jokes more carefully.""","""Battler-kun, Maria-chan is a naive girl, so she takes even jokes seriously. You should choose your jokes more carefully."" ","""Battler-kun. Maria-chan is a naive girl, so she takes even jokes seriously. You should choose your jokes more carefully.""",「戦人くん。真里亞ちゃんは素直な子だから、そういう冗談でも真に受けちゃうんだよ。冗談も少し選んだ方がいいよ。」,「戦人くん。真里亞ちゃんは素直な子だから、そういう冗談でも真に受けちゃうんだよ。冗談も少し選んだ方がいいよ」,"""Баттлер‐кун. Мария‐чан ещё наивная девочка, поэтому она даже шутки воспринимает всерьёз. Тебе стоит быть осторожнее в выборе шуток.""","""Battler‐kun, a Maria‐chan é uma garota ingênua, então ela leva até mesmo piadas a sério. Você deveria escolher as suas piadas com mais cuidado.""",「战人君。真里亚是个天真的孩子，就算是这种玩笑也会当真的。要开玩笑也得适当斟酌一下。」,「戰人君。真里亞是個天真的孩子，就算是這種玩笑也會當真的。要開玩笑也得適當斟酌一下。」,"""Battler-kun. Maria-chan è una ragazza ingenua, quindi prende ogni cosa seriamente. Dovresti scegliere meglio quali scherzi fare.""","""Battler-kun. Maria-chan è una ragazza ingenua, quindi prende sul serio anche le battute. Dovresti fare più attenzione a come scherzi.""","""Battler‐kun. María‐chan es una niña muy ingenua, así que se toma en serio incluso las bromas. Deberías escoger tus bromas con más cuidado.""","""ﺑﺎﺗﻠﺮ-ﻛﻦ. ﺇﻥ ﻣﺎﺭﻳﺎ-ﺗﺸﺎﻥ ﻓﺘﺎﺓ ﺑﺮﻳﺌﺔ، ﻓﻬﻲ ﺗﺄﺧﺬ ﺣﺘﻰ ﺍﻟﻨﻜﺎﺕ ﻋﻠﻰ ﻣﺤﻤﻞ ﺍﻟﺠﺪ. ﻳﻨﺒﻐﻲ ﻋﻠﻴﻚ ﺍﺧﺘﻴﺎﺭ ﻣﺰﺣﺎﺗﻚ ﺑﻌﻨﺎﻳﺔ ﺃﻛﺜﺮ.""","""Battler à. bé Maria còn ngây thơ lắm, nên là em ấy tin tưởng vào cả mấy câu đùa đấy. Em nên lựa chọn những câu đùa cẩn thận hơn.""","""Battler-kun. Maria-chan anak yang polos, jadi dia menganggap candaan serius. Kau harus lebih hati-hati memilih candaan.""","""Battler-kun. Maria-chan saf bir kız, o yüzden şakaları bile ciddiye alıyor. Şakalarını daha dikkatli seçmelisin."""
,...George‐aniki gently scolded me.,...George-aniki gently scolded me. ,"...George-aniki gently scolded me.",…譲治の兄貴にしっとりやんわりとお説教される。,…譲治の兄貴にしっとりやんわりとお説教される。,Джордж‐аники осторожно укорил меня.,...O George‐aniki gentilmente me repreendeu.,…我被让治大哥沉着且委婉地说教了。,…我被讓治大哥沉著且委婉地說教了。,... George-aniki mi aveva gentilmente ripreso.,...Il fratellone George mi aveva ripreso gentilmente e in modo pacato...,George‐aniki me regañó de forma discreta.,.......ﻭﺑﺨﻨﻲ ﺃﺧﻲ ﺟﻮﺭﺝ.,...Anh George nhẹ nhàng trách tôi.,...George-aniki dengan lembut memarahiku.,...George-aniki beni nazikçe azarladı.
,"...Even though I outstripped Aniki in height, he still commanded respect as my elder. No choice but to obediently apologize.","...Even though I outstripped Aniki in height, Aniki was Aniki, of course. There was no choice but to obediently apologize. ","...Even though I outstripped Aniki in height, Aniki was of course Aniki. There was no choice but to obediently apologize.",…図体のでかさだけは兄貴を上回っても、やっぱり兄貴は兄貴だ。素直に謝るしかねぇ。,…図体のでかさだけは兄貴を上回っても、やっぱり兄貴は兄貴だ。素直に謝るしかねぇ。,"Хоть я и превосхожу его в росте, Аники есть Аники. Ничего не остаётся, кроме как послушно извиниться.","...Mesmo que eu tenha ultrapassado ele na altura, ele ainda merece respeito por ser mais velho. Não tenho escolha a não ser obedecê‐lo e pedir desculpas.",…就算体型比大哥要大，但是大哥果然还是大哥啊。只有乖乖道歉了。,…就算體型比大哥要大，但是大哥果然還是大哥啊。只有乖乖道歉了。,"... Sebbene io sia molto più alto di Aniki, Aniki è pur sempre Aniki. Non c'era altra scelta che scusarsi ubbidientemente.","In termini di stazza ero anche più grande del fratellone, ma rimaneva sempre il mio fratellone. Non potevo fare altro, se non porgere le mie più sincere scuse.","Aunque lo superara en estatura, desde luego que Aniki era Aniki. No había más opción que pedir perdón obedientemente.",... ﻋﻠﻰ ﺍﻟﺮﻏﻢ ﻣﻦ ﺃﻧﻨﻲ ﺗﺠﺎﻭﺯﺕ ﺃﺧﻲ ﻓﻲ ﺍﻟﻄﻮﻝ، ﻟﻜﻦ ﺃﺧﻲ ﺑﺎﻟﻄﺒﻊ ﺳﻴﻈﻞ ﺃﺧﻲ. ﻟﻢ ﺃﻣﻠﻚ ﺃﻱ ﺧﻴﺎﺭ ﺳﻮﻯ ﺍﻻﻋﺘﺬﺍﺭ ﺑﺈﺫﻋﺎﻥ.,"...Dù tôi có cao hơn anh ấy đi chăng nữa, thì anh ấy vẫn khiến tôi phải tôn trọng như một người anh của mình. Không còn lựa chọn nào khác ngoài ngoan ngoãn xin lỗi vậy.","...Meski aku lebih tinggi dari Aniki, dia masih pantas dihormati sebagai yang lebih tua. Tidak ada pilihan selain meminta maaf dengan patuh.","...Boy olarak Aniki'yi geçmiş olsam da, büyüğüm olarak hala saygı görüyordu. İtaatkar bir şekilde özür dilemekten başka çarem yoktu."
Ushiromiya Battler,"""H‐hey, my bad, my bad... Maria, that just now was a joke. It's just today the seagulls are all quiet in their nests.""","""S-Sure, my bad, my bad... Maria, that was a joke. The seagulls are all taking it easy in their nests today, that's all."" ","""H-hey, my bad, my bad... Maria, that just now was a joke. It's just today the seagulls are all quiet in their nests.""",「お、おう、悪ぃ悪ぃ…。　真里亞、今のは冗談だ。うみねこたちは今日は巣で大人しくしてるってさ。」,「お、おう、悪ぃ悪ぃ…。真里亞、今のは冗談だ。うみねこたちは今日は巣で大人しくしてるってさ」,"""Л‐ладно, каюсь, виноват... Это была шутка, Мария. Просто сегодня чайки тихо сидят по гнёздам.""","""S‐Sim, foi mal, foi mal... Maria, isso foi só uma piada. É só hoje que as gaivotas estão quietas em seus ninhos.""",「啊、啊啊，抱歉抱歉……真里亚，刚才那是开玩笑。海猫们今天都老老实实地回自己巢了。」,「啊、啊啊，抱歉抱歉……真里亞，剛才那是開玩笑。海貓們今天都老老實實地回自己巢了。」,"""E-Ehi, colpa mia, scusa... Maria, era solo un gioco. È solo che oggi i gabbiani si trovano tutti nei loro nidi.""","""G-Già, scusatemi... Maria, la mia era solo una battuta. Oggi i gabbiani stanno buoni nei loro nidi.""","""B‐Bueno, perdón, perdón... María, fue una broma. Lo que pasa es que hoy las gaviotas están todas tranquilas en sus nidos.""","""ﻫﺎ، ﻣﻬﻼ. ﺧﻄﺌﻲ، ﺧﻄﺌﻲ.... ﺇﻧﻬﺎ ﻣﺠﺮﺩ ﻣﺰﺣﺔ ﻳﺎ ﻣﺎﺭﻳﺎ. ﺍﻟﻴﻮﻡ ﻓﻘﻂ ﻃﻴﻮﺭ ﺍﻟﻨﻮﺭﺱ ﺟﻤﻴﻌﻬﺎ ﻫﺎﺩﺋﺔ ﺩﺍﺧﻞ ﺃﻋﺸﺎﺷﻬﺎ.""","""N-này, anh xin nhận lỗi nhé... Maria à, ban nãy anh chỉ đùa thôi. Hôm nay bầy hải âu chỉ đang yên lặng bên trong tổ của chúng thôi.""","""H-hei, maaf, maaf... Maria, tadi hanya candaan. Hari ini burung camar diam di sarang mereka.""","""H-hey, Benim hatam, benim hatam... Maria, az önceki bir şakaydı. Sadece bugün martılar yuvalarında sessizler."""
Ushiromiya Maria,"""......Battler lie? George onii‐chan true?""","""......Battler lied? George onii-chan told the truth?"" ","""......Battler lie? George onii-chan true?""",「……戦人はウソ？　譲治お兄ちゃんは本当？」,「……戦人はウソ？　譲治お兄ちゃんは本当？」,"""......Баттлер врёт? Джордж онии‐чан прав?""","""......O Battler mentiu? George onii‐chan, é verdade?""",「……战人骗人？让治大哥是说真的？」,「……戰人騙人？讓治大哥是說真的？」,"""... Battler, bugia? George Onii-chan, verità?""","""...Battler ha mentito? Il cugino George ha detto la verità?""","""... ¿Battler mintió? ¿George onii‐chan dijo la verdad?""","""........ﺑﺎﺗﻠﺮ ﻳﻜﺬﺏ؟ ﺃﺧﻲ ﺟﻮﺭﺝ ﻳﻘﻮﻝ ﺍﻟﺤﻘﻴﻘﺔ؟""","""......Battler nói dối? Anh George nói thật?""","""......Battler bohong? George onii-chan benar?""","""......Battler yalan mı? George onii-chan doğru mu?"""
,"{i:I was having fun, but you were actually just tricking me...?}{n}Her pure eyes seemed to accuse me.{n}......Maybe I went a little overboard with her after all.","Had she actually been tricked, despite all that fun she was having...? Her pure eyes made me feel guilty. ......Maybe I went a little overboard with her after all. ","Despite her having all that fun, she really was tricked...? Her pure eyes seemed to blame me.......Maybe I went a little overboard with her after all.",せっかく楽しかったのに、実は騙されていた…？無垢な瞳が俺を責めるようだ。……ちょいとさすがに悪ノリし過ぎたかもなぁ。,せっかく楽しかったのに、実は騙されていた…？{n}無垢な瞳が俺を責めるようだ。{n}……ちょいとさすがに悪ノリし過ぎたかもなぁ。,"{i:Мне было так весело, а на самом деле ты обманывал меня?}{n}Её чистый взгляд, казалось, обвинял меня.{n}Может, я действительно малость переборщил.","{i:Eu estava me divertindo, mas na verdade, você só estava me enganando...?}{n}Os olhos puros dela pareciam estar me acusando.{n}......Talvez eu tenha ido um pouco longe de mais.",好不容易那么高兴，结果是被骗了…？{n}她纯洁无垢的眼瞳似乎是在责备着我。{n}……没准我是有点闹过头了。,好不容易那麼高興，結果是被騙了…？{n}她純潔無垢的眼瞳似乎是在責備著我。{n}……沒准我是有點鬧過頭了。,"Nonostante si stesse divertendo così tanto, era davvero stata ingannata...? I suoi occhi puri sembravano incolparmi. ... Forse ho esagerato un pochino.","Si era divertita così tanto, eppure alla fine è stata ingannata...?I suoi occhi innocenti sembravano incolparmi... Forse ho esagerato, anche se di poco.","{i:A pesar de estar divirtiéndose tanto, ¿en realidad fui engañada?...}{n}Sus ojos puros parecieron culparme...{n}Tal vez me excedí un poco con ella después de todo.",ﻋﻠﻰ ﺍﻟﺮﻏﻢ ﻣﻦ ﻛﻞ ﺫﻟﻚ ﺍﻟﻤﺮﺡ ﺍﻟﺬﻱ ﺷﻌﺮﺕ ﺑﻪ، ﺇﻻ ﺃﻧﻪ ﺗﻢ ﺧﺪﺍﻋﻬﺎ...؟{n}ﺑﺪﺍ ﺃﻥ ﻋﻴﻨﻴﻬﺎ ﺍﻟﺒﺮﻳﺌﺔ ﺗﻠﻮﻣﻨﻲ.{n}.....ﺭﺑﻤﺎ ﻗﺪ ﺗﻤﺎﺩﻳﺖ ﻣﻌﻬﺎ ﻗﻠﻴﻼ.,"{i:""Em đã rất vui mà, hóa ra anh đã lừa em sao...""?}{n}Đôi mắt ngây thơ của em ấy như thể đang chất vấn tôi.{n}......Có lẽ tôi đã hơi quá đà khi đùa giỡn với em ấy rồi.","{i:Aku bersenang-senang, tapi ternyata kau hanya menipuku...?}{n}Matanya yang polos seolah menuduhku.{n}......Mungkin aku terlalu jauh dengannya.",{i:Ben eğleniyordum ama sen aslında beni kandırıyordun...?}{n}Saf gözleri beni suçluyor gibiydi.{n}......Belki de ona karşı biraz aşırıya kaçmışımdır.
Ushiromiya Battler,"""Yeeaah, that's right, that's right. What George‐aniki said is true. The weather is bad so they probably went home for today. It doesn't mean they're gone, does it? Right, Auntie?!""","""Yeeaah, that's right, that's right. What George-aniki said is true. The weather's bad, so they probably went home for the day. It doesn't mean they're gone. Right, Aunt Rosa?!"" ","""Yeeaah, that's right, that's right. What George-aniki said is true. The weather is bad so they probably went home for today. It doesn't mean they're gone, does it? Right, Oba-san!""",「あぁ、そうだそうだ。譲治兄貴が言ったのが本当だ。天気が悪いんで今日は引き上げたんだろうよ。いなくなったわけじゃないんだぜ？　ねぇ叔母さん！」,「あぁ、そうだそうだ。譲治兄貴が言ったのが本当だ。天気が悪いんで今日は引き上げたんだろうよ。いなくなったわけじゃないんだぜ？　ねぇ叔母さん！」,"""Ага, всё так и есть. Джордж‐аники сказал правду. Погода плохая, вот чайки, наверное, и разлетелись по домам. Но это не значит, что они исчезли, не так ли? Верно, тётя?""","""Simmmm, isso mesmo. O que o George‐aniki disse é verdade. O tempo não está bom hoje, então elas provavelmente devem ter ido para casa. Não significa que elas se foram, entendeu? Certo, tia?!""",「是啊，没错没错。让治大哥说的才是真的。大概是因为天气不好所以它们都回家了。并不是说它们都消失了哦？是吧，姑母！」,「是啊，沒錯沒錯。讓治大哥說的才是真的。大概是因為天氣不好所以它們都回家了。並不是說它們都消失了哦？是吧，姑母！」,"""Sììì, giusto, giusto. Quello che ha detto George è vero. Il tempo è brutto così sono probabilmente tornati a casa per oggi. Ma non vuol dire che se ne sono andati, no? Vero, Oba-san!""","""Già, proprio così. Quello che ha detto il fratellone George è vero. Dato che il tempo è brutto, oggi saranno tornati a casa. Ma non vuol dire che siano spariti, no? Giusto, zia?!""","""Síííí, es cierto, es cierto. Lo que dijo George‐aniki es verdad. El clima de hoy es malo así que probablemente se fueron a casa. Esto no significa que ya no estén, ¿verdad? ¡¿No, tía?!""","""ﺃﺃﺃﺠﻞ، ﺻﺤﻴﺢ، ﺻﺤﻴﺢ. ﻣﺎ ﻗﺎﻟﻪ ﺃﺧﻲ ﺟﻮﺭﺝ ﻫﻮ ﺍﻟﺤﻘﻴﻘﺔ. ﻣﻦ ﺍﻟﻤﺤﺘﻤﻞ ﺃﻧﻬﻢ ﻋﺎﺩﻭﺍ ﺇﻟﻰ ﺍﻟﻤﻨﺰﻝ ﻟﻬﺬﺍ ﺍﻟﻴﻮﻡ ﺑﺴﺒﺐ ﺳﻮﺀ ﺍﻟﻄﻘﺲ. ﻭﻫﺬﺍ ﻻ ﻳﻌﻨﻲ ﺃﻧﻬﻢ ﺍﺧﺘﻔﻮﺍ، ﺃﻟﻴﺲ ﻛﺬﻟﻚ؟ ﺻﺤﻴﺢ ﻳﺎ ﻋﻤﺘﻲ؟""","""Ừ ừ, đúng đó, đúng đó. Những gì anh George nói đều là sự thật. Thời tiết xấu nên có thể chúng đã về nhà rồi. Điều đó không có nghĩa là chúng đã biến mất, phải không nè? Đúng không, cô nhỉ?!""","""Yaaa, benar, benar. Apa yang dikatakan George-aniki benar. Cuacanya buruk jadi mungkin mereka pulang untuk hari ini. Bukan berarti mereka hilang, kan? Benar kan, Bibi?!""","""Eveet, bu doğru, bu doğru. George-aniki'nin dediği doğru. Hava kötü olduğu için muhtemelen bugün eve gittiler. Bu tamamen gittikleri anlamına gelmez, değil mi? Değil mi, teyze?!"""
Ushiromiya Rosa,"""That's right. Tomorrow, when the weather gets better, I'm sure they'll come back and let you hear their ""myaa myaa"" cries.""","""That's right. Tomorrow, when the weather gets better, I'm sure they'll come back so we can hear them cry ""myaa myaa"" like they always do."" ","""That's right. Tomorrow, when the weather gets better, I'm sure they'll come back and let us hear their 'Myaa myaa' cries.""",「そうよ。明日以降、天気が良くなったらきっと戻ってきて、みゃーみゃーと声を聞かせてくれるわ。」,「そうよ。明日以降、天気が良くなったらきっと戻ってきて、みゃーみゃーと声を聞かせてくれるわ」,"""Совершенно верно. Завтра, когда распогодится, я уверена, они вернутся и позволят нам послушать их крики.""","""Isso mesmo. Amanhã, quando o tempo melhorar, tenho certeza que elas vão voltar e você vai poder ouvir o ""myaa myaa"" delas.""",「说得对。如果明天之后天气变好了，那它们肯定会回来的，到那时又可以听到“咪啊咪啊”的叫声了哦。」,「說得對。如果明天之後天氣變好了，那它們肯定會回來的，到那時又可以聽到“咪啊咪啊”的叫聲了哦。」,"""Hai ragione. Domani, quando il tempo migliorerà, sono sicura che torneranno indietro e ci faranno sentire il loro ‘nyaa nyaa. ’","""Hai ragione. Se domani il tempo sarà migliorato, ritorneranno sicuramente, e ci faranno sentire il loro ‘nyaa nyaa’.""","""Es cierto. Mañana, cuando el clima mejore, estoy segura de que volverán y escucharemos sus graznidos de ""nyaa nyaa"".""","""ﺃﺟﻞ. ﻏﺪﺍ ﻋﻨﺪﻣﺎ ﻳﺘﺤﺴﻦ ﺍﻟﻄﻘﺲ، ﺇﻧﻲ ﻣﺘﺄﻛﺪﺓ ﻣﻦ ﺃﻧﻬﻢ ﺳﻴﻌﻮﺩﻭﻥ ﻭﻣﻦ ﺛﻢ ﺳﻨﺴﺘﻤﻊ ﻟﻨﻌﻴﻘﻬﻢ 'ﻣﻴﺎ ﻣﻴﺎ'.""","""Đúng vậy. Ngày mai, khi thời tiết tốt hơn, mẹ chắc chắn bầy chim sẽ quay lại và cho con nghe tiếng kêu ""myaa myaa"" thôi.""","""Benar. Besok, saat cuaca membaik, aku yakin mereka akan kembali dan memperdengarkan suara ""myaa myaa"" mereka.""","""Evet, doğru. Yarın hava düzeldiğinde eminim geri gelecekler ve ""myaa myaa"" çığlıklarını duymana izin verecekler."""
Ushiromiya Maria,"""Uu. I'll wait for the weather to get better so they come back. Wait for tomorrow. Wait for the weather to get better. Uu‐uu!""","""Uu-. I'll wait until the weather gets better and they come back. Gonna wait until tomorrow. Gonna wait until the weather's better. Uu-uu-!"" ","""Uu-. They're waiting for the weather to get better to come back. Waiting for tomorrow. Waiting for the weather to get better. Uu-uu-!""",「うー。天気良くなって戻ってくるの待つ。明日まで待つ。天気良くなるまで待つ。うーうー！」,「うー。天気良くなって戻ってくるの待つ。明日まで待つ。天気良くなるまで待つ。うーうー！」,"""У‐у. Буду ждать, пока распогодится, чтобы они вернулись. Подожду до завтра. Подожду, пока распогодится. У‐у‐у!""","""Uu. Vou esperar o tempo melhorar para que elas possam voltar. Esperar até amanhã. Esperar até o tempo melhorar. Uu‐uu!""",「呜——。等到它们天气变好了回来。等到明天。等到天气变好。呜——呜——！」,「嗚——。等到它們天氣變好了回來。等到明天。等到天氣變好。嗚——嗚——！」,"""Uu-. Aspettano che il tempo si faccia bello per tornare. Aspettano domani. Aspettano che il tempo migliori. Uu-uu-!""","""Uuh. Aspetterò che il tempo si farà bello, e che ritorneranno. Aspetterò fino a domani. Aspetterò che il tempo si farà bello. Uuh, uuh!""","""Uu. Esperando que el clima mejore para volver. Esperando hasta mañana. Esperando que el clima mejore. ¡Uu‐uu!""","""ﺃﻭﻭ- ﺇﻧﻬﻢ ﻳﻨﺘﻈﺮﻭﻥ ﺇﻟﻰ ﺃﻥ ﻳﺘﺤﺴﻦ ﺍﻟﻄﻘﺲ ﺣﺘﻰ ﻳﻌﻮﺩﻭﺍ. ﻳﻨﺘﻈﺮﻭﻥ ﻣﻦ ﺃﺟﻞ ﺍﻟﻐﺪ. ﻳﻨﺘﻈﺮﻭﻥ ﻣﻦ ﺃﺟﻞ ﺍﻟﻐﺪ ﻟﻴﺘﺤﺴﻦ ﺍﻟﻄﻘﺲ. ﺃﻭﻭ-ﺃﻭﻭ-!""","""Uu. Con sẽ đợi thời tiết tốt hơn để bầy chim quay lại. Chờ đến ngày mai. Chờ thời tiết tốt hơn. Uu‐uu!""","""Uu. Aku akan menunggu cuaca membaik agar mereka kembali. Tunggu besok. Tunggu cuaca membaik. Uu-uu!""","""Uu. Geri gelmeleri için havanın düzelmesini bekleyeceğim. Yarını bekle. Havanın düzelmesini bekle. Uu-uu!"""
,"Maria's mood lightened, and she started looking forward to tomorrow, when the seagulls would come back and fill the skies.","Maria was in a lighter mood and was looking forward to tomorrow, when the seagulls would come back and fill the skies. ","Maria was in a lighter mood, and was looking forward to tomorrow when the seagulls would come back and fill the skies.",真里亞は機嫌を直し、うみねこが空いっぱいに帰ってくる明日を楽しみにするのだった。,真里亞は機嫌を直し、うみねこが空いっぱいに帰ってくる明日を楽しみにするのだった。,"Настроение Марии приподнялось, и она преисполнилась ожиданием завтрашнего дня, когда прилетят чайки, заполонив собой небеса.","O humor da Maria melhorou, e ela começou a esperar ansiosa pelo amanhã, quando as gaivotas vão voltar e preencher o céu.",真里亚恢复了轻松愉悦的心情，满心欢喜地期待起海猫们明日归来，布满整个天空的样子。,真里亞恢復了輕鬆愉悅的心情，滿心歡喜地期待起海貓們明日歸來，布滿整個天空的樣子。,"Maria era in un leggero stato d'animo, e attendeva l'indomani quando i gabbiani torneranno e riempiranno i cieli.","Maria era tornata di buon umore, e non vedeva l'ora che arrivasse domani, quando i gabbiani sarebbero tornati a riempire il cielo.","María estaba de mejor humor, y esperaba con ansias el día de mañana, cuando las gaviotas volverían a llenar los cielos.",ﻳﺒﺪﻭ ﺃﻥ ﻣﺎﺭﻳﺎ ﻣﺘﻔﺎﺋﻠﺔ، ﻭﺗﺘﻄﻠﻊ ﺇﻟﻰ ﺍﻟﻐﺪ ﻋﻨﺪﻣﺎ ﺗﻌﻮﺩ ﻃﻴﻮﺭ ﺍﻟﻨﻮﺭﺱ ﻭﺗﻤﻸ ﺍﻟﺴﻤﺎﺀ.,"Tâm trạng của Maria đã phấn chấn trở lại, và con bé bắt đầu háo hức chờ đến ngày mai, khi mà bầy hải âu quay lại và dang rộng đôi cánh, lấp đầy bầu trời.","Suasana hati Maria cerah kembali, dan dia mulai menantikan besok, saat burung camar akan kembali memenuhi langit.",Maria'nın ruh hali hafifledi ve martıların geri gelip gökyüzünü dolduracağı yarını dört gözle beklemeye başladı.
,"Still, George‐aniki really is amazing at taking care of kids.","Still, George-aniki really was amazing at taking care of kids. "," Still, George-aniki really was amazing at taking care of kids.",それにしても譲治の兄貴は小さい子の面倒を見るのがうまいぜ。,それにしても譲治の兄貴は小さい子の面倒を見るのがうまいぜ。,"Всё‐таки поразительно, как хорошо Джордж‐аники умеет разбираться с детьми.","Ainda assim, o George‐aniki é mesmo incrível cuidando de crianças.",话说回来，让治大哥还真是会照料小孩子。,話說回來，讓治大哥還真是會照料小孩子。,"Inoltre, George-aniki era davvero incredibile nel prendersi cura dei bambini.","Ad ogni modo, il fratellone George è abile nel prendersi cura dei bambini...","De todos modos, George‐aniki realmente era asombroso en el cuidado de niños.",ﻣﺠﺪﺩﺍ، ﺇﻥ ﺃﺧﻲ ﺟﻮﺭﺝ ﻣﺪﻫﺶ ﺣﻘﺎ ﻓﻲ ﺍﻻﻫﺘﻤﺎﻡ ﺑﺎﻷﻃﻔﺎﻝ.,"Dù vậy, anh George đúng là giỏi chăm sóc trẻ con thật.","Tetap saja, George-aniki benar-benar hebat dalam mengurus anak-anak.","Yine de, George-aniki çocuklarla ilgilenme konusunda gerçekten harika."
,...I think I remember Aniki taking good care of me as well when I was a brat six years ago.,...I think I remember Aniki taking good care of me as well when I was a brat six years ago. ,"...I think I remember Aniki taking good care of me as well when I was a brat six years ago.",…６年前のガキンチョだった俺も、兄貴にいい感じで面倒を見られてた気がするし。,…６年前のガキンチョだった俺も、兄貴にいい感じで面倒を見られてた気がするし。,"Я, кажется, даже помню, как хорошо он заботился обо мне, когда я был пацаном шесть лет назад.","...Eu me lembro do aniki tomando conta de mim quando eu ainda era só um pirralho, seis anos atrás.",…记得六年前我还是个小屁孩的时候，大哥也是把我照顾得非常好。,…記得六年前我還是個小屁孩的時候，大哥也是把我照顧得非常好。,... Ho anche avuto la sensazione che Aniki si sia preso cura di me quando ero un ragazzino sei anni fa.,"Se non sbaglio il fratellone si era preso amorevolmente cura anche di me, quando sei anni fa ero un moccioso...",Creo recordar a Aniki cuidándome hace seis años cuando yo era un mocoso.,...ﺃﻋﺘﻘﺪ ﺑﺄﻧﻨﻲ ﺃﺗﺬﻛﺮ ﺃﺧﻲ ﻋﻨﺪﻣﺎ ﻛﺎﻥ ﻳﻬﺘﻢ ﺑﻲ ﺟﻴﺪﺍ ﺣﻴﻦ ﻛﻨﺖ ﺷﻘﻴﺎ ﻗﺒﻞ ﺳﺖ ﺳﻨﻮﺍﺕ.,"...Tôi nhớ là anh cũng từng chăm sóc tôi rất tốt, khi tôi còn là một thằng nhóc hồi sáu năm trước.",...Aku ingat Aniki juga merawatku dengan baik saat aku masih kecil enam tahun lalu.,...Sanırım altı yıl önce bir veletken Aniki'nin bana da çok iyi baktığını hatırlıyorum.
,......Aniki might have quite some talent for this kind of thing.,"......Aniki, that's probably your gift. ","......Aniki, that's probably your gift.",……兄貴、ちょっとした才能なのかもしれないなぁ。,……兄貴、ちょっとした才能なのかもしれないなぁ。,"Это, наверное, твой дар, Аники.",......O aniki deve ter algum tipo de talento para esse tipo de coisa.,……大哥没准在这方面有点才能啊。,……大哥沒准在這方面有點才能啊。,"... Aniki, è probabilmente il tuo dono.","Forse hai del talento in questo, fratellone.","Aniki, probablemente esa sea tu virtud.",....ﺃﺧﻲ، ﻣﻦ ﺍﻟﻤﺤﺘﻤﻞ ﺃﻥ ﻫﺬﻩ ﻣﻮﻫﺒﺘﻚ.,......Anh ấy chắc hẳn có năng khiếu với mấy chuyện thế này.,......Aniki mungkin punya bakat alami untuk hal semacam ini.,......Aniki bu tür şeylerde oldukça yetenekli olabilir.
Ushiromiya Rosa,"""George‐kun, you're so amazing at taking care of kids. I think you could work in child‐care!""","""George-kun is amazing at taking care of young kids. If you wanted to, I'll bet you'd do great with a job in childcare, don't you think?"" ","""George-kun is amazing at taking care of kids. And you're not working in child-care?""",「譲治くんは小さい子の面倒を見るのがうまいわね。保育士さんでも勤められるんじゃない？」,「譲治くんは小さい子の面倒を見るのがうまいわね。保育士さんでも勤められるんじゃない？」,"""У тебя здорово получается заботиться о детях. Тебе бы воспитателем работать!""","""George‐kun, você é incrível lidando com crianças. Você poderia trabalhar cuidando de crianças!""",「让治君好会照看小孩啊。我觉得你甚至可以去做保育员嘛！」,「讓治君好會照看小孩啊。我覺得你甚至可以去做保育員嘛！」,"""George-kun è incredibile nel prendersi cura dei bambini. E non lavori in un asilo?""","""George-kun è bravo a prendersi cura dei bambini. Potresti anche lavorare come maestro d'asilo, sai?""","""George‐kun es asombroso en el cuidado de niños. ¿No has pensado en trabajar de eso?""","""ﺟﻮﺭﺝ-ﻛﻦ ﻣﺪﻫﺶ ﻓﻲ ﺍﻟﺘﻌﺎﻣﻞ ﻣﻊ ﺍﻷﻃﻔﺎﻝ. ﺑﺎﻟﺮﻏﻢ ﻣﻦ ﺃﻧﻚ ﻻ ﺗﻌﻤﻞ ﻓﻲ ﻣﺠﺎﻝ ﺭﻋﺎﻳﺔ ﺍﻷﻃﻔﺎﻝ؟""","""George à, cháu thật sự rất giỏi trong việc chăm sóc trẻ con đấy. Cô nghĩ cháu có thể làm trong ngành giáo dục mầm non luôn cơ!""","""George-kun, kau sangat hebat mengurus anak-anak. Menurutku kau bisa bekerja di penitipan anak!""","""George-kun, çocuklarla ilgilenme konusunda çok iyisin. Bence çocuk bakımında çalışabilirsin!"""
Ushiromiya Jessica,"""Yeah, it's like you were born to do that. To me, that seems more ""you"" than doing business in some company president office.""","""Yeah, it's almost like George nii-san was born to do something like that. Personally, I think that'd suit you better than doing business in some company president's office."" ","""Yeah, George nii-san, looks like it's what you were born to do. Personally, I see you doing that rather than doing business in some company president's office.""",「あー、譲治兄さんの天職っぽいぜ。私的には社長室でビジネスってより、そっちの方が兄さんのイメージだぜ？」,「あー、譲治兄さんの天職っぽいぜ。私的には社長室でビジネスってより、そっちの方が兄さんのイメージだぜ？」,"""Да уж, Джордж нии‐сан, ты будто рождён для такой работы. По мне, тебе это больше подходит, чем заниматься коммерцией в каком‐нибудь президентском офисе.""","""Sim, é como se você tivesse nascido pra isso. Para mim, isso parece mais ""você"" do que trabalhar como presidente no escritório de alguma empresa.""",「啊，这简直就是让治哥的天职嘞。我觉得比起坐在社长室里谈生意，反而这个更符合让治哥的形象哦？」,「啊，這簡直就是讓治哥的天職嘞。我覺得比起坐在社長室裡談生意，反而這個更符合讓治哥的形象哦？」,"""Ah, George nii-san, sembra proprio tu sia nato per questo. Personalmente, ti ci vedo lì, invece di fare affari in qualche ufficio da presidente di una compagnia.""","""Ah, è come se fossi nato per questo, cugino George. Personalmente ti ci vedo più in questo ambito, invece che a fare affari dentro qualche ufficio dirigenziale, non trovate?""","""Sí, George nii‐san, parece que eso es para lo que fuiste hecho. Personalmente, yo te veo a haciendo esto en lugar de hacer negocios en la oficina del presidente de alguna empresa.""","""ﺻﺤﻴﺢ، ﻳﺎ ﺃﺧﻲ ﺟﻮﺭﺝ، ﻳﺒﺪﻭ ﺑﺄﻥ ﻫﺬﺍ ﻣﺎ ﺧﻠﻘﺖ ﻟﺘﻘﻮﻡ ﺑﻪ. ﺷﺨﺼﻴﺎ، ﺃﻓﻀﻞ ﺭﺅﻳﺘﻚ ﺗﻔﻌﻞ ﻫﺬﺍ ﺑﺪﻻ ﻣﻦ ﺍﻟﻘﻴﺎﻡ ﺑﺄﻋﻤﺎﻝ ﺗﺠﺎﺭﻳﺔ ﻓﻲ ﻣﻜﺘﺐ ﺭﺋﻴﺲ ﺷﺮﻛﺔ ﻣﺎ.""","""Đúng đó, cứ như là anh sinh ra để làm việc đó vậy. Với em thì công việc đó hợp với anh hơn là làm giám đốc ở công ty nào đó đấy.""","""Ya, itu tampak seperti kau dilahirkan untuk itu. Bagiku, sepertinya itu lebih ""cocok"" untukmu daripada bekerja di kantor presiden perusahaan.""","""Evet, George nii-san, sanki bunu yapmak için doğmuşsun. Bana göre bu, bir şirket başkanının ofisinde iş yapmaktan daha ""sen"" gibi görünüyor."""
Ushiromiya George,"""Oh, no. Child‐care is a very respectable {i:job} of its own. It's not something you can do merely by liking children.""","""Oh, no. Childcare is a fine career path, but it's not a job where merely liking children is enough."" ","""Oh, no. Child-care is a fine job. But it's not a job where merely liking children is enough.""",「まさか。保育士さんは立派なお仕事だよ。単なる子供好き程度に務まる仕事じゃないね。」,「まさか。保育士さんは立派なお仕事だよ。単なる子供好き程度に務まる仕事じゃないね」,"""О, нет. Воспитатель — сама по себе работа почётная. Ей нельзя заниматься просто любя детей.""","""É claro que não. Cuidar de crianças é um {i:trabalho} muito respeitável. Mas não é algo que você possa fazer só por gostar de crianças.""",「怎么会呢。保育员可是份很棒的工作。单单凭着喜欢小孩这点，是做不好这份工作的。」,「怎麼會呢。保育員可是份很棒的工作。單單憑著喜歡小孩這點，是做不好這份工作的。」,"""Oh, no. Lavorare all'asilo è un mestiere piacevole. Ma non è un lavoro dove piacere ai bambini è sufficiente.""","""Suvvia. Il maestro d'asilo è un mestiere serio. Non è un impiego dove basta farsi piacere dai bambini.""","""Oh, no. El cuidado de niños es un buen trabajo. Pero no es un trabajo en el que baste solo con que te agraden los niños.""","""ﺃﻭﻩ، ﻛﻼ. ﺭﻋﺎﻳﺔ ﺍﻟﻄﻔﻞ ﻫﻲ ﻭﻇﻴﻔﺔ ﺭﺍﺋﻌﺔ. ﻭﻟﻜﻨﻬﺎ ﻟﻴﺴﺖ ﻭﻇﻴﻔﺔ ﺣﻴﺚ ﻳﻜﻮﻥ ﻣﺠﺮﺩ ﻣﺤﺒﺔ ﺍﻷﻃﻔﺎﻝ ﻛﺎﻓﻴﺎ.""","""Ồ không. Chăm trẻ con là một {i:công việc} rất đáng kính trọng. Không thể chỉ cần mình thích trẻ con là có thể làm được đâu.""","""Oh, tidak. Merawat anak adalah {i:pekerjaan} yang sangat terhormat. Tidak bisa dilakukan hanya dengan menyukai anak-anak.""","""Oh, hayır. Çocuk bakımı kendi başına çok saygın bir {i:meslektir}. Sadece çocukları severek yapabileceğin bir şey değil."""
Ushiromiya Rosa,"""You're truly modest, George‐kun. But Battler‐kun, you're quite good with children too, you know! Earlier, even if it was just for a time, Maria seemed to be having a lot of fun. Keep on playing with her like you did just now. Just choose the jokes carefully though, alright? *giggle*.""","""You really are modest, George-kun. But Battler-kun is quite good with children too! Just a second ago, even though it didn't last long, Maria seemed to be having a lot of fun. Please, keep on playing with her like you did just now. Just choose your jokes more carefully, okay? *giggle*."" ","""You're truly modest, George-kun. But Battler-kun is also quite good with children! Earlier, even if it was just for a time, Maria seemed to be having a lot of fun. Keep on playing with her like you did just now. Just choose the jokes carefully though, alright? *giggle*.""",「本当に譲治くんは謙虚ね。でも、戦人くんも子供のあやし方が上手よ？　さっきはほんの少しの間だけど、真里亞、とっても楽しそうだった。これからも今みたいに遊んであげてね。冗談は選んで、だけどね？　くす。」,「本当に譲治くんは謙虚ね。でも、戦人くんも子供のあやし方が上手よ？　さっきはほんの少しの間だけど、真里亞、とっても楽しそうだった。これからも今みたいに遊んであげてね。冗談は選んで、だけどね？　くす」,"""Ты воистину скромный человек, Джордж‐кун. Но Баттлер‐кун, ты ведь тоже хорошо ладишь с детьми! Только что, пусть и недолгое время, Марии было очень весело. Продолжайте и дальше так играть с ней. Только с шутками поаккуратней, хорошо? Хи‐хи.""","""Você é mesmo modesto, George‐kun. Mas, Battler‐kun, você também é muito bom com crianças, sabia? Pouco antes, mesmo que por pouco tempo, a Maria parecia estar se divertindo muito. Continue brincando com ela como você fez há pouco. Só escolha as suas piadas com mais cuidado, certo? *risos*.""",「让治君真的好谦虚啊。不过战人君哄小孩的方式也挺高明哦？虽然刚才只是陪了她一小段时间，但真里亚看起来玩得好开心呢。今后也拜托你像现在这样跟她玩哦。只不过，玩笑要有选择性地开哟。呵呵。」,「讓治君真的好謙虛啊。不過戰人君哄小孩的方式也挺高明哦？雖然剛才只是陪了她一小段時間，但真里亞看起來玩得好開心呢。今後也拜託你像現在這樣跟她玩哦。只不過，玩笑要有選擇性地開喲。呵呵。」,"""Sei veramente modesto, George-kun. Ma anche Battler-kun è abbastanza bravo con i bambini! Prima, anche se solo per un attimo, Maria sembrava davvero divertirsi con lui. Continua a giocare con lei proprio come hai fatto poco fa. Solo, scegli gli scherzi attentamente, ok? *giggle*""","""Come sei modesto, George-kun. Ma anche Battler-kun sa come attirare l'attenzione dei bambini, no? Un attimo fa Maria sembrava divertirsi un mondo, anche se per poco tempo. Continua a giocare con lei come hai fatto finora. Però scegli meglio le tue battute, ok? Uhuhuh.""","""En verdad eres modesto, George‐kun. ¡Pero Battler‐kun también es bastante bueno con los niños! Hace poco, a pesar de que fue solo por un momento, María parecía estar divirtiéndose mucho. Sigue jugando con ella como estabas haciendo. Solamente escoge las bromas con más cuidado, ¿está bien? *risita*.""","""ﺃﻧﺖ ﻣﺘﻮﺍﺿﻊ ﺣﻘﺎ ﻳﺎ ﺟﻮﺭﺝ-ﻛﻦ. ﻟﻜﻦ ﺑﺎﺗﻠﺮ-ﻛﻦ ﺟﻴﺪ ﺃﻳﻀﺎ ﻣﻊ ﺍﻷﻃﻔﺎﻝ! ﻣﻨﺪ ﻗﻠﻴﻞ، ﺣﺘﻰ ﻟﻮ ﻛﺎﻧﺖ ﻟﻤﺪﺓ ﻗﺼﻴﺮﺓ، ﺑﺪﺍ ﻋﻠﻰ ﻣﺎﺭﻳﺎ ﺃﻧﻬﺎ ﺣﻈﻴﺖ ﺑﺎﻟﻜﺜﻴﺮ ﻣﻦ ﺍﻟﻤﺘﻌﺔ. ﻓﻠﺘﺴﺘﻤﺮ ﻓﻲ ﺍﻟﻠﻌﺐ ﻣﻌﻬﺎ ﻛﻤﺎ ﻓﻌﻠﺖ ﺍﻵﻥ. ﻓﻘﻂ ﻗﻢ ﺑﺎﺧﺘﻴﺎﺭ ﺍﻟﻨﻜﺎﺕ ﺑﻌﻨﺎﻳﺔ، ﺣﺴﻨﺎ؟ *ﻗﻬﻘﻬﺔ*.""","""Cháu thật sự khiêm tốn quá, George ạ. Nhưng mà Battler này, cháu cũng giỏi chơi với trẻ con phết nhé! Khi nãy thôi, dù chỉ được một lúc, nhưng mà Maria trông rất vui đó. Hãy tiếp tục chơi với con bé như lúc nãy nhé. Chỉ là, hãy đùa sao cho phù hợp hơn, được chứ? *cười khúc khích*.""","""Kau benar-benar rendah hati, George-kun. Tapi Battler-kun, kau juga cukup baik dengan anak-anak! Barusan, meski hanya sebentar, Maria terlihat sangat senang. Teruslah bermain dengannya seperti tadi. Tapi lebih hati-hati memilih candaan, oke? *cekikikan*.""","""Gerçekten mütevazısın, George-kun. Ama Battler-kun biliyor musun, senin aran da çocuklarla çok iyi! Daha önce, bir süreliğine de olsa, Maria çok eğleniyor gibiydi. Az önce olduğu gibi onunla oynamaya devam et. Sadece şakalarını dikkatli seç, olur mu? *giggle*."""
,"Auntie Rosa winked at me, giggling a little.","Aunt Rosa winked at me, giggling a little. ","Rosa oba-san winked at me, giggling a little.",楼座叔母さんがくすりと笑いながら、ウィンクするような仕草をしてくれた。,楼座叔母さんがくすりと笑いながら、ウィンクするような仕草をしてくれた。,"Тётя Роза подмигнула мне, слегка посмеиваясь.","A tia Rosa piscou para mim, enquanto ria um pouco.",楼座姑母一边笑着，一边朝我眨了眨单眼。,樓座姑母一邊笑著，一邊朝我眨了眨單眼。,"Rosa oba-san, ridacchiando, mi fece una specie di occhiolino.","Zia Rosa si lasciò sfuggire una risatina, e nel mentre mi fece una specie di occhiolino.","La tía Rosa me guiñó un ojo, riendo un poco.",ﻏﻤﺰﺕ ﺍﻟﻌﻤﺔ ﺭﻭﺯﺍ ﻧﺎﺣﻴﺘﻲ، ﻣﻊ ﻗﻬﻘﻬﺔ ﺻﻐﻴﺮﺓ.,"Cô Rosa nháy mắt với tôi, khúc khích cười.","Bibi Rosa mengedipkan mata padaku, sedikit tertawa.",Rosa Teyze biraz kıkırdayarak bana göz kırptı.
,"A real mother, I thought to myself, who's happy that Maria looks like she's having fun.","She's a real mother, I thought to myself, who's happy to see Maria having fun. "," A real mother, I thought to myself, who's happy that Maria looks like she's having fun.",真里亞の楽しそうな仕草が嬉しかったという辺りは、なるほど母だなぁと思った。,真里亞の楽しそうな仕草が嬉しかったという辺りは、なるほど母だなぁと思った。,"Настоящая мать, подумал я, которая радуется, когда Марии весело.","Uma mãe de verdade, eu pensei comigo mesmo, que fica feliz em poder ver a Maria feliz.",看到她因真里亚很开心，而同样感到开心的样子，我暗自想到：原来如此，这就是母亲啊。,看到她因真里亞很開心，而同樣感到開心的樣子，我暗自想到：原來如此，這就是母親啊。,"Una vera Madre, pensavo, che è felice che Maria si diverta.","Mi pareva felice di vedere Maria divertirsi, proprio come ci si aspetterebbe da una madre.","Una verdadera madre que está feliz de ver a María divertirse, pensé para mí.",ﺇﻧﻬﺎ ﺃﻡ ﺣﻘﻴﻘﻴﺔ، ﻛﻨﺖ ﺃﻗﻮﻝ ﻓﻲ ﻧﻔﺴﻲ، ﺇﻧﻬﺎ ﺳﻌﻴﺪﺓ ﺑﺄﻥ ﻣﺎﺭﻳﺎ ﺗﺒﺪﻭ ﻣﺴﺘﻤﺘﻌﺔ.,"Tôi thầm nghĩ, cô đúng là một người mẹ thật sự, chỉ cần thấy con mình vui là đã thấy hạnh phúc rồi.","Seorang ibu sejati, pikirku, yang senang melihat Maria terlihat bahagia.","Kendi kendime, Maria'nın eğleniyor gibi görünmesinden mutlu olan gerçek bir anne, diye düşündüm."
Ushiromiya Rudolf,"""Come {i:on}, Rosa. And you brats too, what the hell're you doing, get a move on!""","""Come ON, Rosa. And you brats too, what the hell're you doing? Let's get going."" ","""Come ON, Rosa. And you brats too, what the hell're you doing. Let's go now!""",「おおい、楼座ぁ。それにガキ共も何やってんだ、行くぞー。」,「おおい、楼座ぁ。それにガキ共も何やってんだ、行くぞー」,"""{i:Пошли} уже, Роза. И вы, мелюзга, тоже. Чем вы там занимаетесь? Идёмте уже!""","""Ei, Rosa. Vocês também, pirralhos, o que vocês estão fazendo aí?! Vamos logo!""",「喂，楼座。还有你们这些小鬼们在搞啥呢，快走啦。」,「喂，樓座。還有你們這些小鬼們在搞啥呢，快走啦。」,"""Andiamo, Rosa. E anche voi ragazzini, che diavolo state facendo. Muoviamoci ora!""","""Su, Rosa. E che diavolo state facendo voi mocciosi? Muovetevi!""","""Vamos, Rosa. Y ustedes mocosos también, ¿qué demonios están haciendo? ¡Vamos!""","""ﻫﻴﺎ ﻳﺎ, ﺭﻭﺯﺍ. ﻭﺃﻧﺘﻢ ﺃﻳﻬﺎ ﺍﻟﻤﺸﺎﻛﺴﻮﻥ ﺃﻳﻀﺎ، ﻣﺎ ﺍﻟﺬﻱ ﺗﻔﻌﻠﻮﻧﻪ ﺑﺤﻖ ﺍﻟﺠﺤﻴﻢ. ﺩﻋﻮﻧﺎ ﻧﻜﻤﻞ ﻃﺮﻳﻘﻨﺎ ﺍﻵﻥ!""","""{i:Thôi đi}, Rosa. Còn mấy đứa này nữa, tụi bây còn đứng đó làm gì, nhanh cái chân lên nào!""","""Ayo {i:dong}, Rosa. Dan kalian juga, apa yang kalian lakukan, cepatlah!""","""{i:Hadi} ama, Rosa. Ve siz veletler de, ne halt ediyorsunuz? Kımıldayın!"""
Ushiromiya Rosa,"""Alright, alright, we're coming.""","""Okay, okay, we're coming."" ","""Alright, alright, we're coming.""",「はいはい、今行きます。」,「はいはい、今行きます」,"""Ладно, ладно, идём.""","""Tá, tá, já estamos indo.""",「来了来了，现在就过去。」,「來了來了，現在就過去。」,"""Sì, sì, stiamo arrivando.""","""Sì, sì, arriviamo.""","""Está bien, está bien, ya vamos.""","""ﺣﺴﻨﺎ، ﺣﺴﻨﺎ. ﻧﺤﻦ ﻗﺎﺩﻣﻮﻥ.""","""Rồi rồi, tụi em tới liền.""","""Baik, baik, kami datang.""","""Tamam, tamam, geliyoruz."""
,The old bastard was beckoning us to hurry up.{n}We'd better get moving.,"The old bastard was waving for us to hurry up. Yeah, we needed to get moving. ","The old bastard was waving his hand for us to hurry up. But yeah, we needed to get moving.",クソ親父が早く来いと手を振っている。そろそろ行かないとな。,クソ親父が早く来いと手を振っている。{n}そろそろ行かないとな。,"Мой старик махал рукой, подгоняя нас.{n}Но да, нам пора было идти.",O velho desgraçado está fazendo sinal para nos apressarmos.{n}É melhor irmos.,混蛋老爸挥着手催促我们快点过去。{n}也该走了。,混蛋老爸揮著手催促我們快點過去。{n}也該走了。,"Il vecchio bastardo sventolava la sua mano per dirci di affrettarci. Ma... sì, dovevamo muoverci.",Il vecchiaccio sventolava la mano per farci sbrigare. Dovevamo muoverci.,"El viejo bastardo estaba agitando su mano para apresurarnos.{n}Pero sí, teníamos que comenzar a movernos.",ﻟﻮﺡ ﺍﻟﻌﺠﻮﺯ ﺍﻟﻠﻌﻴﻦ ﺑﻴﺪﻩ ﻟﻨﺎ ﻟﻨﺴﺮﻉ.{n}ﻫﺬﺍ ﺻﺤﻴﺢ، ﻳﻨﺒﻐﻲ ﻋﻠﻴﻨﺎ ﺍﻟﺘﺤﺮﻙ.,Lão già nhà tôi đang ra hiệu bảo chúng tôi nhanh lên.{n}Tốt hơn là nên đi tiếp thôi.,Si tua brengsek itu memanggil kami untuk bergegas.{n}Lebih baik kami bergerak.,Yaşlı piç acele etmemiz için bizi çağırıyordu.{n}İlerlesek iyi olur.
,It's not like it'd be too late to have the same discussion after we got our luggage in our rooms.,We might as well have this conversation after setting our luggage down in our rooms. ," It's not like it'd be too late to have the same discussion after we got our luggage in our rooms.",同じ立ち話をするんでも、手荷物を部屋に置いてからでも遅くないはずだしな。,同じ立ち話をするんでも、手荷物を部屋に置いてからでも遅くないはずだしな。,"Не то чтобы у нас не останется времени поболтать после того, как багаж будет принесен в наши комнаты.",Não é como se fosse ficar muito tarde para termos a mesma conversa depois que levarmos nossas malas para os quartos.,同样是聊天，等把行李都放到屋子里后再聊也不迟。,同樣是聊天，等把行李都放到屋子裡後再聊也不遲。,Non che fosse troppo tardi avere la stessa discussione dopo aver disfatto le valigie.,"Se potevamo parlare mentre stavamo in piedi, avremmo avuto tempo anche dopo aver posato i bagagli nelle nostre stanze.",No es como si no pudiéramos continuar con la misma conversación después de dejar el equipaje en nuestras habitaciones.,ﻟﻴﺲ ﻭﻛﺄﻥ ﺍﻟﻤﺤﺎﺩﺛﺔ ﻗﺪ ﻓﺎﺗﺘﻨﺎ، ﻳﻤﻜﻨﻨﺎ ﺇﻛﻤﺎﻝ ﺫﻟﻚ ﺑﻌﺪ ﺃﻥ ﻧﻀﻊ ﺃﻣﺘﻌﺘﻨﺎ ﻓﻲ ﻏﺮﻓﻨﺎ.,Mang hết hành lý về phòng rồi nói những chuyện như vừa rồi thì vẫn chưa muộn mà.,Toh pembicaraan yang sama bisa dilanjutkan setelah barang-barang kami ada di kamar.,Bavullarımızı odalarımıza yerleştirdikten sonra aynı tartışmayı yapmak için çok geç kalmış sayılmayız.
Gohda Toshiro,"""Well then, everyone, I shall lead you towards the guesthouse where you will be staying. Please, this way.""","""Now then, everyone, allow me to lead you to the guesthouse, where you will be spending the night. Please, this way."" ","""Now then everyone, I shall lead you towards the guesthouse where you will be staying. Please, this way.""",「それでは皆様、お泊りのゲストハウスの方へご案内させていただきます。どうぞこちらへ。」,「それでは皆様、お泊りのゲストハウスの方へご案内させていただきます。どうぞこちらへ」,"""А теперь я отведу всех вас к домику для гостей, где вы остановитесь. Прошу сюда.""","""Bem, pessoal, eu vou levá‐los até a casa de hóspedes onde vocês vão ficar. Por favor, venham por aqui.""",「那么就请允许鄙人为各位带路到今晚留宿的宾馆。请走这边。」,「那麼就請允許鄙人為各位帶路到今晚留宿的賓館。請走這邊。」,"""Ora, vi guiderò verso l'alloggio dove starete. Prego, da questa parte.""","""Bene signori, vi mostrerò la strada per la dépendance, dove alloggerete per la notte. Prego, da questa parte.""","""Ahora bien, todo el mundo, los guiaré hacia la casa de huéspedes que será el lugar donde se quedarán. Por favor, síganme.""","""ﺣﺴﻨﺎ ﺟﻤﻴﻌﺎ، ﺳﺄﻗﻮﻡ ﺑﺈﺭﺷﺎﺩﻛﻢ ﻧﺎﺣﻴﺔ ﻣﻨﺰﻝ ﺍﻟﻀﻴﺎﻓﺔ ﺣﻴﺚ ﻣﻜﺎﻥ ﺇﻗﺎﻣﺘﻜﻢ. ﻟﻮ ﺳﻤﺤﺘﻮﺍ ﻣﻦ ﻫﺬﺍ ﺍﻟﻄﺮﻳﻖ.""","""Vậy thì, xin mời các vị. Tôi sẽ dẫn các vị đến nhà khách, nơi các vị sẽ lưu trú. Xin mời đi lối này.""","""Kalau begitu, semuanya, aku akan memandu kalian ke guesthouse tempat kalian akan menginap. Silakan, lewat sini.""","""Pekâlâ millet, sizi kalacağınız konukevine doğru eşlik edeyim. Lütfen, bu taraftan."""
,Gohda‐san called to everyone and started leading us.{n}Kumasawa‐san brought up the rear.,Gohda-san called to everyone and led the way. Kumasawa-san brought up the rear. ,"Gohda-san called to everyone and started leading us. Kumasawa-san brought up the rear.",郷田さんが全員に呼びかけ、先導を始める。熊沢さんはしんがりだった。,郷田さんが全員に呼びかけ、先導を始める。{n}熊沢さんはしんがりだった。,Обратился ко всем Года и повёл нас.{n}Кумасава‐сан замыкала шествие.,"O Gohda‐san chamou a todos e começou a nos guiar.{n}A Kumasawa‐san nos acompanhou, indo por último.",乡田向大家如此喊道，并开始带路。{n}队伍由熊泽婆婆殿后。,鄉田向大家如此喊道，並開始帶路。{n}隊伍由熊澤婆婆殿後。,Gohda-san chiamò tutti e ci fece strada. Kumasawa-san chiuse il gruppo.,"Gouda-san richiamò i presenti, per poi farci strada. A chiudere il gruppo vi era Kumasawa-san.",Gohda‐san llamó a todo el mundo y comenzó a dirigirnos.{n}Kumasawa‐san cerraba la marcha.,ﻧﺎﺩﻯ ﻗﻮﺩﺍ-ﺳﺎﻥ ﻋﻠﻰ ﺍﻟﺠﻤﻴﻊ ﻭﻋﻨﺪﻫﺎ ﺑﺪﺃ ﺑﺘﻮﺟﻴﻬﻨﺎ.{n}ﺑﻘﻴﺖ ﻛﻮﻣﺎﺳﺎﻭﺍ-ﺳﺎﻥ ﻓﻲ ﺍﻟﺨﻠﻒ.,Chú Gohda gọi mọi người và bắt đầu dẫn đường.{n}Bà Kumasawa thì đi ở phía sau cùng.,Gohda-san memanggil semua orang dan mulai memandu kami.{n}Kumasawa-san berada di barisan belakang.,Gohda-san herkese seslendi ve bizi yönlendirmeye başladı.{n}Kumasawa-san arkadan geldi.
,"A serpentine, twisting path led through a dim forest.{n}It ran a bit uphill.","A serpentine, twisting path led through a dim forest. It ran a bit uphill. "," A serpentine, twisting path led into a dim forest. It ran a bit uphill.",薄暗い森の中を、蛇腹になった捻くれた道が続く。わずかに登りになっていた。,薄暗い森の中を、蛇腹になった捻くれた道が続く。{n}わずかに登りになっていた。,Вьющаяся змеёю тропа вела в тусклый лес.{n}Она слегка поднималась в гору.,Um serpentino e sinuoso caminho nos levou pela floresta.{n}Subindo uma grande colina.,幽暗的森林中，延伸着蛇纹般蜿蜒曲折的小路。{n}小路仅有一点点坡度。,幽暗的森林中，延伸著蛇紋般蜿蜒曲折的小路。{n}小路僅有一點點坡度。,Un percorso contorto e serpentino portava verso una scura foresta. Era un po' in salita.,"Il percorso era contorto e serpentino, e si diramava all'interno di una selva oscura. Era leggermente in salita.",Un sinuoso y torcido camino nos conducía en un bosque oscuro.{n}Su transcurso era un poco cuesta arriba.,ﻃﺮﻳﻖ ﻣﻠﺘﻒ ﻭﻣﻠﺘﻮﻱ ﻳﺆﺩﻱ ﺑﻨﺎ ﺩﺍﺧﻞ ﺍﻟﻐﺎﺑﺔ ﺍﻟﻤﻌﺘﻤﺔ.{n}ﺇﻥ ﺍﻟﺮﻛﺾ ﺻﻌﻮﺩﺍ ﺷﺎﻕ ﺑﻌﺾ ﺍﻟﺸﻲﺀ.,"Một con đường quanh co, uốn lượn dẫn xuyên qua khu rừng mờ tối.{n}Nó hơi dốc lên một chút.",Jalan berkelok-kelok melintasi hutan yang remang.{n}Agak menanjak.,Yılan gibi kıvrılan bir patika loş bir ormanın içinden geçiyordu.{n}Biraz yokuş yukarı gidiyordu.
,"I'd guess the path was made twisting so that the slope wouldn't be felt too much, but personally, I'd have been happier if they'd been man enough to make some stairs in a straight line.","I'd guess the path was made all twisty so the slope wouldn't seem too steep, but personally, I'd have been happier if they'd had the guts to make some stairs in a straight line. "," I'd guess the path was made twisting so that the slope wouldn't be felt too much, but personally, I'd have been happier if they'd had the guts to make some stairs in a straight line.",傾斜を少しでも感じさせないために道を捻ってあるんだろうが、俺的には潔く直線の階段か何かにしてもらった方が嬉しい。,傾斜を少しでも感じさせないために道を捻ってあるんだろうが、俺的には潔く直線の階段か何かにしてもらった方が嬉しい。,"Думаю, тропу сделали извилистой, чтобы сгладить подъём вверх по склону, но лично я был бы довольнее, если бы у них хватило духу сделать прямую лестницу.","Creio que o caminho tenha sido feito dessa forma para que não se sentisse tanto a subida, mas pessoalmente, eu ficaria muito mais feliz se eles tivessem tido mais coragem e feito uma escada em linha reta.",虽然多半是为了尽量让人不感到倾斜，才会把路搞得如此蜿蜒曲折，但我倒是更乐意走简洁的直线台阶之类的。,雖然多半是為了盡量讓人不感到傾斜，才會把路搞得如此蜿蜒曲折，但我倒是更樂意走簡潔的直線台階之類的。,"Immagino che il percorso sia stato fatto in questo modo così che il pendio non si sentisse troppo, ma personalmente, sarei stato più felice se avessero avuto il gusto di fare un po' di scale dritte.","Immagino che avessero reso il percorso tortuoso per far notare di meno il pendio, ma secondo me sarebbe stato meglio se avessero fatto direttamente delle scale rettilinee, o qualcosa del genere...","Creo que el camino se hizo de esta manera para que no se sintiera tanto la inclinación, pero personalmente, estaría más agradecido si hubiesen tenido el valor para poner algunos escalones en línea recta.",ﺃﻋﺘﻘﺪ ﺃﻥ ﺍﻟﺴﺒﺐ ﻓﻲ ﺑﻨﺎﺀ ﺍﻟﻄﺮﻳﻖ ﺑﻬﺬﺍ ﺍﻟﺸﻜﻞ ﺍﻟﻤﻠﺘﻮﻱ ﻫﻮ ﻟﺌﻼ ﻧﺸﻌﺮ ﺑﺎﻻﻧﺤﺪﺍﺭ ﺑﺸﻜﻞ ﻣﺒﺎﻟﻎ ﻓﻴﻪ. ﻭﻟﻜﻦ ﺷﺨﺼﻴﺎ، ﻛﻨﺖ ﺳﺄﺳﻌﺪ ﻟﻮ ﺃﻧﻬﻢ ﺑﻨﻮﺍ ﺍﻟﺴﻼﻟﻢ ﻓﻲ ﺧﻂ ﻣﺴﺘﻘﻴﻢ.,"Tôi đoán họ làm đường vòng để người đi không cảm thấy dốc quá, nhưng cá nhân tôi thì thích kiểu đường thẳng tắp và có bậc cầu thang hơn.","Kurasa jalan dibuat berkelok agar tanjakan tidak terlalu terasa, tapi secara pribadi, aku lebih senang jika mereka cukup jantan untuk membuat tangga lurus.","Eğimin çok fazla hissedilmemesi için patikanın kıvrımlı yapıldığını tahmin ediyorum, ama şahsen, düz bir merdiven yapacak kadar erkek olsalardı daha mutlu olurdum."
,"......No doubt they made the path twisting on purpose, to put on airs of distance and importance...","......No doubt they made the path twist on purpose, to put on airs of distance and importance... ","......No doubt they made the path twisting on purpose, to put on airs of distance and importance...",……絶対これ、勿体ぶって距離感を出すためにわざと道を捻ってあるぞ…。,……絶対これ、勿体ぶって距離感を出すためにわざと道を捻ってあるぞ…。,"Но, несомненно, тропа была сделана извилистой намеренно, чтобы нагнать чувства отдалённости и важности....","......Sem dúvida, eles fizeram sinuoso por um motivo: dar um ar de ser algo distante e importante...",……这小路绝对是为了摆架子，想营造出距离感，才故意设计得这么曲里拐弯的…。,……這小路絕對是為了擺架子，想營造出距離感，才故意設計得這麼曲里拐彎的…。,"... Non c'è dubbio che abbiano fatto la strada contorta di proposito, per dare un effetto di distanza e importanza...","Avevano attorcigliato il sentiero di proposito, per dare un effetto di lontananza e di autorevolezza...","No hay duda de que hicieron el sendero torcido a propósito, para poner aires de distancia e importancia",.....ﻣﻤﺎ ﻻ ﺷﻚ ﻓﻴﻪ ﺃﻧﻬﻢ ﺟﻌﻠﻮﺍ ﺍﻟﻄﺮﻳﻖ ﻣﻠﺘﻮ ﻋﻦ ﻗﺼﺪ، ﻟﻔﺮﺽ ﺍﻟﻤﺴﺎﻓﺔ ﻭﺍﻷﻫﻤﻴﺔ...,"......Chắc chắn họ cố tình làm cho đường đi quanh co, để cho có vẻ xa xôi và trang trọng...","......Tidak diragukan lagi jalan dibuat berkelok sengaja, untuk memberi kesan jarak dan pentingnya...",......Mesafe ve önem havası vermek için yolu bilerek kıvrımlı yaptıklarına şüphe yok...
,"Before long, we saw garden‐style stone steps.","Before long, we saw garden-style stone steps. "," Before long, we saw garden-style stone steps. ",やがて石造りの庭園風の階段が見えてきた。,やがて石造りの庭園風の階段が見えてきた。,Вскоре мы увидели каменные садовые ступени.,"Depois de um longo percurso, nós vimos degraus feitos com pedras de jardim.",不久之后，一段石筑庭园风的台阶浮现于眼前。,不久之後，一段石築庭園風的台階浮現於眼前。,"Un po' prima, abbiamo visto una gradinata in pietra stile giardino.","Poco tempo dopo, vedemmo una scalinata in pietra posta in mezzo alla vegetazione...","En poco tiempo, vimos unos escalones de piedra con estilo de jardín.",ﺭﺃﻳﻨﺎ ﻣﻤﺮﺍ ﺣﺠﺮﻳﺎ ﻣﻤﺎﺛﻞ ﻟﺘﺼﻤﻴﻢ ﺍﻟﺤﺪﺍﺋﻖ.,"Chẳng mấy chốc, chúng tôi thấy những bậc thang đá mang phong cách của một khu vườn.","Tak lama kemudian, kami melihat tangga batu bergaya taman.",Çok geçmeden bahçe tarzı taş basamaklar gördük.
,"...Ahhh, now, I remember how it goes from here.{n}Go up these, and...","...Aaah, from here on, I do have some memories. Go up these, and... ","...Aaah, from here on, I have some memories. Go up these, and...",…あぁ、この辺からは記憶がある。こいつを上がると確か…。,…あぁ、この辺からは記憶がある。{n}こいつを上がると確か…。,"Ах, вот отсюда у меня сохранились воспоминания.{n}Поднимемся по ним и...","...Ahhh, eu me lembro desta parte.{n}Depois de subir aqui, e...",…啊，从这里开始我有点印象了。{n}从这儿走上去好像是…。,…啊，從這裡開始我有點印象了。{n}從這兒走上去好像是…。,"... Aaah, da qui in poi, ho alcuni ricordi. Sali queste, e...","Aaah, me lo ricordavo questo posto. Se si saliva, mi pareva che...","Aaah, de aquí en adelante, tengo algunos recuerdos.{n}Se sube por estos, y...",...ﺁﺁﺁﻩ، ﻣﻦ ﻫﻨﺎ ﻓﺼﺎﻋﺪﺍ، ﻟﺪﻱ ﺑﻌﺾ ﺍﻟﺬﻛﺮﻳﺎﺕ.{n}ﻧﺼﻌﺪ ﺃﻋﻠﻰ ﻫﺬﺍ ﺍﻟﺪﺭﺝ، ﻭﻣﻦ ﺛﻢ...,"...Ahhh, đúng rồi, tôi nhớ đoạn này rồi.{n}Đi lên mấy bậc này, và...","...Ahhh, sekarang aku ingat jalannya dari sini.{n}Naiki ini, dan...","...Ahhh, buradan sonrasını hatırlıyorum.{n}Buradan yukarı çıkın ve..."
,"At the top of the stone steps, a beautiful guesthouse came into view.","At the top of the stone steps, we saw a beautiful guesthouse. "," At the top of the stone steps, we saw a beautiful guesthouse.",石段の向こうに、美しいゲストハウスが見えてくる。,石段の向こうに、美しいゲストハウスが見えてくる。,На вершине каменной лестницы перед нашими глазами предстал прекрасный домик для гостей.,"No topo dos degraus de pedra, era possível ver uma bela casa de hóspedes.",在石阶之上，美丽的宾馆映入眼帘。,在石階之上，美麗的賓館映入眼簾。,"In cima alla gradinata in pietra, vedemmo una meravigliosa casa per gli ospiti.","Arrivati in cima ai gradini in pietra, si poteva osservare una stupenda dépendance.","En la cima de esos escalones, vimos una hermosa casa de huéspedes.",ﻓﻲ ﺃﻋﻠﻰ ﺍﻟﻤﻤﺮ ﺍﻟﺤﺠﺮﻱ، ﺭﺃﻳﻨﺎ ﻣﻨﺰﻝ ﺿﻴﺎﻓﺔ ﺟﻤﻴﻞ.,"Trên đỉnh bậc thang đá, một nhà khách tuyệt đẹp hiện ra.","Di puncak tangga batu, sebuah guesthouse indah terlihat.",Taş basamakların tepesinde güzel bir konukevi göründü.
,"Its façade was lovely, of course, but even more than that, ......we couldn't help but have our hearts stolen away by the splendor of that beautiful rose garden that spread before it.","Its facade was lovely, of course, but more importantly, ......we couldn't enter its doors without having our hearts stolen away by the splendor of the beautiful rose garden spreading before it. "," Its facade was of course lovely, but even more so, ......we couldn't enter its doors without having our hearts stolen away by the splendor of that beautiful rose garden that spread before it.",その佇まいももちろん素晴らしいものだが、それ以上に、……その前に広がる美しい薔薇の庭園の美しさに心を奪われずにはいられなかった。,その佇まいももちろん素晴らしいものだが、それ以上に、……その前に広がる美しい薔薇の庭園の美しさに心を奪われずにはいられなかった。,"Его фасад был восхитителен, вот только... мы не могли не позволить роскошному розарию, раскинувшемуся перед ним, пленить наши сердца.","A fachada era adorável, é claro, mas era muito mais do que isso, ......era impossível não ter nossos corações roubados pelo esplendor do belo jardim de rosas que se propagava antes da entrada.",宾馆虽也甚是壮观，但是比这更棒的，……是眼前的那片，美得让人心都不禁被它夺走的玫瑰庭园。,賓館雖也甚是壯觀，但是比這更棒的，……是眼前的那片，美得讓人心都不禁被它奪走的玫瑰庭園。,"La sua facciata era ovviamente bellissima, ma, ancor di più... non avremmo potuto attraversare le sue porte senza che il nostro cuore venisse rapito dallo splendore di quell'incantevole roseto che si estendeva dinanzi a noi.","Ovviamente la sua architettura era bellissima, ma soprattutto... era impossibile non restare ammaliati dallo splendore di quell'incantevole roseto, che si estendeva dinanzi a noi.","Por supuesto, su fachada era hermosa, pero más que eso, no pudimos atravesar sus puertas sin que antes nos robara el corazón el esplendor de ese hermoso jardín de rosas que se extendía frente a ella.",ﻛﺎﻧﺖ ﻭﺍﺟﻬﺔ ﺍﻟﻤﻨﺰﻝ ﺟﻤﻴﻠﺔ ﺑﺎﻟﻄﺒﻊ، ﻭﻟﻜﻦ ﺃﻛﺜﺮ ﺟﻤﺎﻻ ﻣﻦ ﺫﻟﻚ، ............ﺳﺮﻗﺖ ﻗﻠﻮﺑﻨﺎ ﻣﻦ ﺭﻭﻋﺔ ﺣﺪﻳﻘﺔ ﺍﻟﻮﺭﻭﺩ ﺍﻟﻤﺪﻫﺸﺔ ﺗﻠﻚ ﺍﻟﺘﻲ ﺍﻣﺘﺪﺕ ﺃﻣﺎﻡ ﺃﺑﺼﺎﺭﻧﺎ.,"Mặt tiền thì dĩ nhiên là rất trang nhã, nhưng hơn cả điều đó thì ......chúng tôi không thể không bị mê hoặc bởi vẻ tráng lệ của vườn hồng trải rộng phía trước.","Fasadnya cantik, tentu saja, tapi lebih dari itu, ......kami tak bisa tidak terpesona oleh kemegahan taman mawar indah yang terbentang di depannya.","Dış cephesi elbette çok güzeldi ama bundan daha da fazlası vardı, ......önünde uzanan o güzel gül bahçesinin ihtişamı karşısında kalbimizin çalınmasına engel olamadık."
Ushiromiya Hideyoshi,"""Haah~! It's as beautiful as ever this year... A real delight for the eyes...""","""Aaah! It's as beautiful as ever this year... A real delight for the eyes..."" ","""Aaah~! It's as beautiful as ever this year... A real delight for the eyes...""",「はぁ〜！　今年も相変わらず、大したもんや…。目の保養とはこのことやで…。」,「はぁ〜！　今年も相変わらず、大したもんや…。目の保養とはこのことやで…」,"""Ха‐а! Всё такой же красивый в этом году... Настоящая услада глазам...""","""Haah~! Está bonito como nunca este ano... Um verdadeiro deleite para os olhos...""",「哈啊～！今年也同往年一样气派呐…。“大饱眼福”说的就是这个呐…」,「哈啊～！今年也同往年一樣氣派吶…。“大飽眼福”說的就是這個吶…」,"""Aaah~! Anche quest'anno, come sempre, è una meraviglia... è una vera delizia per gli occhi...""","""Aaah! Come al solito, anche quest'anno è una meraviglia... Una vera gioia per gli occhi...""","""¡Aaah~! Este año también es una belleza. Es un verdadero deleite para los ojos.""","""ﺁﺁﺁﻩ~! ﺇﻧﻬﺎ ﺟﻤﻴﻠﺔ ﻫﺬﺍ ﺍﻟﻌﺎﻡ ﻛﻤﺎ ﺟﺮﺕ ﺍﻟﻌﺎﺩﺓ... ﺑﻬﺠﺔ ﺣﻘﻴﻘﻴﺔ ﻟﻠﻌﻴﻮﻥ...""","""Haah~! Năm nay vẫn đẹp như mọi khi nhỉ... Nhìn đã mắt thật đó...""","""Haah~! Indah seperti biasa tahun ini... Sungguh menyenangkan mata...""","""Haah~! Bu yıl da her zamanki gibi çok güzel... Gözler için gerçek bir zevk..."""
,"As they reached the top of the stone steps, the people welcomed in by the rose garden voiced their appreciation one after another.","After climbing the stone steps, the people greeted by this rose garden gave voice to their impressions one by one. ","After climbing the stone steps, the people welcomed in by the rose garden gave voice to their impressions one by one.",石段を登りきり、薔薇の庭園に迎えられた人たちは次々の感動を口にする。,石段を登りきり、薔薇の庭園に迎えられた人たちは次々に感動を口にする。,"После подъёма по каменным ступенькам, люди, радушно встреченные розарием, один за другим высказывали своё впечатление, которое он произвёл на них.","Ao chegarmos ao topo dos degraus de pedra, as pessoas, recebidas pelo jardim de rosas, deram suas impressões uma por uma.",登上石阶，被玫瑰庭园所迎接的人们，纷纷将内心的感动化为了惊叹。,登上石階，被玫瑰庭園所迎接的人們，紛紛將內心的感動化為了驚嘆。,"Dopo aver salito la scalinata, le persone che erano state accolte nel giardino di rose diedero voce alle loro impressioni, uno dopo l'altro.","Le persone che, dopo aver salito la scalinata di pietra, venivano accolte dalla visione del roseto, diedero voce alle loro impressioni, una dopo l'altra.","Después de subir los escalones de piedra, las personas bienvenidas por el jardín de rosas dieron voz a sus opiniones una por una.",ﺑﻌﺪ ﺻﻌﻮﺩ ﺍﻟﻤﻤﺮ ﺍﻟﺤﺠﺮﻱ، ﺃﻋﻄﻰ ﺍﻷﺷﺨﺎﺹ ﺍﻟﺬﻳﻦ ﺍﺳﺘﻘﺒﻠﺘﻬﻢ ﺣﺪﻳﻘﺔ ﺍﻟﻮﺭﻭﺩ ﺻﻮﺗﺎ ﻻﻧﻄﺒﺎﻋﺎﺗﻬﻢ ﻭﺍﺣﺪﺍ ﺗﻠﻮ ﺍﻷﺧﺮ.,"Khi đã bước lên đoạn trên cùng của bậc thang đá, những người được chào đón bởi vườn hồng đều hết lòng khen ngợi vẻ đẹp diệu kỳ của khung cảnh này.","Saat mencapai puncak tangga batu, orang-orang yang disambut taman mawar mengungkapkan kekaguman mereka satu per satu.","Taş basamakların tepesine ulaştıklarında, gül bahçesinin karşıladığı insanlar birbiri ardına takdirlerini dile getirdiler."
Ushiromiya Eva,"""Aren't the flowers less lively this year? It must be because the summer wasn't warm enough.""","""Is it just me, or are the flowers a little less lively this year? It's probably because it wasn't that hot this summer."" ","""Aren't the flowers less lively this year? It must be because the summer wasn't warm enough.""",「今年は少し花に元気がないんじゃない？　やっぱり夏があまり暑くなかったせいかしら。」,「今年は少し花に元気がないんじゃない？　やっぱり夏があまり暑くなかったせいかしら」,"""Не стали ли они менее живыми в этом году? Наверное, это из‐за того, что лето было недостаточно тёплым.""","""As flores não estão menos vívidas esse ano? Deve ser porque o verão não foi quente o suficiente.""",「今年花开得是不是有点没精神呀？果然是由于夏天不怎么热的缘故么。」,「今年花開得是不是有點沒精神呀？果然是由於夏天不怎麼熱的緣故麼。」,"""Non sono meno vivaci quest'anno? Forse perché l'estate non è stata abbastanza calda.""","""Sbaglio o i fiori quest'anno sono leggermente meno in salute? Dopotutto, può darsi che sia dovuto al poco calore di quest'estate.""","""¿Es mi imaginación, o están las flores menos vívidas este año? Debe ser porque el verano no fue lo suficiente cálido.""","""ﺃﻻ ﺗﺒﺪﻭ ﺍﻟﺰﻫﻮﺭ ﺃﻗﻞ ﺣﻴﻮﻳﺔ ﻫﺬﺍ ﺍﻟﻌﺎﻡ؟ ﻣﻦ ﺍﻟﻤﺮﺟﺢ ﺃﻥ ﺍﻟﺼﻴﻒ ﻟﻢ ﻳﻜﻦ ﺩﺍﻓﺌﺎ ﺑﺪﺭﺟﺔ ﻛﺎﻓﻴﺔ.""","""Không phải hoa năm nay kém rực rỡ hơn sao? Có khi do mùa hè vừa rồi không đủ nóng nhỉ.""","""Bukankah bunganya kurang semangat tahun ini? Mungkin karena musim panas tidak cukup hangat.""","""Çiçekler bu yıl daha az canlı gibi durmuyor mu? Yaz yeterince sıcak geçmediği için olmalı."""
Gohda Toshiro,"""I also believe that is so. When one compares with last year's blooming, it is a pity that this year's is somewhat inferior.""","""I also believe that was a factor. Sadly, this year's blooming is a tad inferior when compared to last year's."" ","""I also believe that is so. When one compares with last year's blooming, it is a pity that this year's is a bit inferior.""",「そのせいもあるかと思います。去年の咲きに比べると、今年は少々見劣るのが残念です。」,「そのせいもあるかと思います。去年の咲きに比べると、今年は少々見劣るのが残念です」,"""Я разделяю ваши мысли. Жаль, что их цветение уступает тому, что нам довелось видеть в прошлом году.""","""Eu também acredito nisso. Quando comparamos com as florações dos últimos anos, é uma pena este ano estar tão inferior.""",「我想这也是原因之一。和去年盛开的样子相比，今年确实略逊一筹，实属可惜。」,「我想這也是原因之一。和去年盛開的樣子相比，今年確實略遜一籌，實屬可惜。」,"""Lo credo anch'io. Quando lo si compara con la fioritura dell'anno passato, è un peccato che quella di quest'anno sia un po' inferiore.""","""Credo che sia dovuto anche a questo. È un peccato che la fioritura di quest'anno sfiguri lievemente, se paragonata a quella dell'anno scorso.""","""Yo también lo creo. Cuando uno lo compara con la eclosión del año pasado, es una pena que este año sea un poco inferior.""","""ﺃﻋﺘﻘﺪ ﺃﻳﻀﺎ ﺃﻥ ﺍﻷﻣﺮ ﻛﺬﻟﻚ. ﻟﻮ ﻗﻤﻨﺎ ﺑﻤﻘﺎﺭﻧﺔ ﺗﻔﺘﺢ ﺃﺯﻫﺎﺭ ﺍﻟﻌﺎﻡ ﺍﻟﻤﺎﺿﻲ، ﻣﻦ ﺍﻟﻤﺆﺳﻒ ﺃﻥ ﻳﻜﻮﻥ ﻫﺬﺍ ﺍﻟﻌﺎﻡ ﺃﻗﻞ ﺷﺄﻧﺎ.""","""Tôi cũng tin là vậy ạ. So với hoa nở năm ngoái, thì hoa năm nay lại có phần kém hơn. Thật đáng tiếc.""","""Aku juga berpikir begitu. Dibandingkan dengan mekarnya tahun lalu, sayang sekali tahun ini agak kurang.""","""Ben de öyle olduğuna inanıyorum. Geçen yılki çiçeklenmeyle kıyaslandığında, bu yılki çiçeklenmenin biraz daha düşük olması üzücü."""
,"Even so, it was a delightful rose garden.{n}I remember that huge amounts of roses used to greet me every year, even over six years ago.","Even so, it was a delightful rose garden. I remembered that even six years ago, huge numbers of roses had greeted us every year. ","Even so, it was a delightful rose garden. I remembered that every year before six years previously, huge amounts of roses had greeted me.",とはいっても、それでも立派な薔薇庭園だった。６年前にも毎年、たくさんの薔薇が出迎えてくれたのを覚えている。,とはいっても、それでも立派な薔薇庭園だった。{n}６年前にも毎年、たくさんの薔薇が出迎えてくれたのを覚えている。,"Как бы там ни было, этот сад всё равно был прелестен.{n}Мне вспомнилось, что даже более шести лет назад меня каждый год приветствовало огромное количество роз.","Ainda assim, é um jardim de rosas encantador.{n}Eu me lembro que uma grande quantidade de rosas costumava me receber todos os anos, mesmos há seis anos atrás.",尽管如此，这仍然是一处非常气派的玫瑰庭园。{n}记得在六年之前，每年都会有郁郁葱葱的玫瑰迎接我们的到来。,儘管如此，這仍然是一處非常氣派的玫瑰庭園。{n}記得在六年之前，每年都會有鬱鬱蔥蔥的玫瑰迎接我們的到來。,"Anche così, era un delizioso giardino di rose. Ricordai che ogni anno, prima di sei anni fa, un enorme ammontare di rose mi accoglieva.","Anche tenendo in conto di ciò, rimaneva un roseto eccezionale. Mi ricordai che, anche prima di sei anni fa, venivamo accolti ogni anno da una montagna di rose...","Aun así, era un jardín de rosas encantador.{n}Recordé que, seis años atrás, enormes cantidades de rosas me recibían cada año.",ﺣﺘﻰ ﻣﻊ ﺫﻟﻚ، ﺇﻧﻬﺎ ﺣﺪﻳﻘﺔ ﻭﺭﻭﺩ ﻣﺒﻬﺠﺔ.{n}ﻣﺎﺯﻟﺖ ﺃﺗﺬﻛﺮ ﻗﺒﻞ ﺳﺘﺔ ﺃﻋﻮﺍﻡ، ﻛﺎﻧﺖ ﺗﺴﺘﻘﺒﻠﻨﻲ ﻛﻤﻴﺎﺕ ﻛﺒﻴﺮﺓ ﺟﺪﺍ ﻣﻦ ﺍﻟﻮﺭﻭﺩ ﻛﻞ ﺳﻨﺔ.,"Dù vậy thì, đây vẫn là một vườn hồng tuyệt đẹp.{n}Tôi nhớ, đã từ rất lâu rồi, lúc nào tôi cũng được chào đón bởi một rừng hoa hồng như thế này; hơn cả sáu năm về trước luôn.","Meski begitu, itu adalah taman mawar yang menyenangkan.{n}Aku ingat jumlah mawar yang sangat banyak selalu menyambutku setiap tahun, bahkan lebih dari enam tahun lalu.","Yine de muhteşem bir gül bahçesiydi.{n}Hatırlıyorum da, altı yıl önce bile her yıl beni çok sayıda gül karşılardı."
,"...This rose garden was the first thing that greeted the people who came to Rokkenjima. Even our parents, who came every year, couldn't help but let their wonder slip out.","...This rose garden was the first thing that greeted the people who came to Rokkenjima. Even our parents, who came every year, couldn't help but give voice to their admiration. ","...This rose garden was the first thing that greeted the people who came to Rokkenjima. Even our parents, who came every year, couldn't help but let their wonder slip out.",…六軒島を訪れた人間を最初に歓迎するこの薔薇庭園は、毎年訪れている親族であっても、感嘆を漏らさずにはいられないのだ。,…六軒島を訪れた人間を最初に歓迎するこの薔薇庭園は、毎年訪れている親族であっても、感嘆を漏らさずにはいられないのだ。,"Розарий был первым, что приветствовало посетителей Роккенджимы. Даже наши родители, приезжающие сюда каждый год, не могли сдержать своё восхищение.","...Esse jardim de rosas é a primeira coisa que cumprimenta as pessoas que vêm a Rokkenjima. Mesmos os nossos pais, que vêm todos os anos, não conseguem se conter em admirar essa beleza.",…这片最先迎接着每位来访六轩岛贵客的玫瑰庭园，即使是年年都来访的亲戚们，也都不禁对它都赞不绝口。,…這片最先迎接著每位來訪六軒島貴客的玫瑰庭園，即使是年年都來訪的親戚們，也都不禁對它都讚不絕口。,"... Questo giardino di rose era la prima cosa ad accogliere le persone che vengono a Rokkenjima. Perfino i nostri parenti, che vengono ogni anno, non riescono a trattenere il loro stupore.","Questo roseto era la prima cosa che accoglieva i visitatori di Rokkenjima, e persino i parenti che si recavano qui annualmente non riuscivano a nascondere il loro stupore.","Este jardín de rosas era lo primero que recibía a las personas que llegaban a Rokkenjima. Incluso nuestros padres, que venían cada año, no pudieron acallar su asombro.",...ﻛﺎﻧﺖ ﺣﺪﻳﻘﺔ ﺍﻟﻮﺭﻭﺩ ﻫﺬﻩ ﺃﻭﻝ ﺷﻲﺀ ﻳﺴﺘﻘﺒﻞ ﺍﻷﺷﺨﺎﺹ ﺍﻟﺬﻳﻦ ﻳﺄﺗﻮﻥ ﺇﻟﻰ ﺭﻭﻛﻴﻨﺠﻴﻤﺎ. ﺣﺘﻰ ﺁﺑﺎﺅﻧﺎ ﺍﻟﺬﻳﻦ ﻳﺄﺗﻮﻥ ﻓﻲ ﻛﻞ ﻋﺎﻡ ﻟﻢ ﻳﺴﺘﻄﻴﻌﻮﺍ ﻋﻤﻞ ﺷﻲﺀ ﻏﻴﺮ ﺃﻥ ﻳﺪﻋﻮﺍ ﺩﻫﺸﺘﻬﻢ ﺗﻨﺴﺎﺏ ﻋﻠﻰ ﻣﺤﻴﺎﻫﻢ.,"...Khu vườn này luôn là thứ đầu tiên chào đón những người đến Rokkenjima. Ngay cả cha mẹ chúng tôi, những người đến đây hằng năm, cũng không thể kìm được mà buông lời thán phục.","...Taman mawar ini adalah hal pertama yang menyambut orang-orang yang datang ke Rokkenjima. Bahkan orang tua kami, yang datang setiap tahun, tak bisa menahan kekaguman mereka.",...Bu gül bahçesi Rokkenjima'ya gelen insanları ilk karşılayan şeydi. Her yıl gelen ebeveynlerimiz bile şaşkınlıklarını gizleyemezdi.
,"And moreover, it even looked like a ""powered‐up"" version of the garden from six years ago that was in my memories.","In fact, it seemed to have undergone a power-up from the garden in my memories of six years ago. "," And moreover, it looked like a 'powered-up' version of the garden from six years ago that was in my memories.",その上、俺の記憶にある、６年前の庭園よりパワーアップしているように見えた。,その上、俺の記憶にある、６年前の庭園よりパワーアップしているように見えた。,"Более того, он выглядел как 'улучшенная' версия розария шестилетней давности, хранящегося в моей памяти.","Além disso, ele parece uma versão aprimorada do jardim de seis anos atrás que eu tenho em minhas memórias.",一眼望去，感觉比我记忆里六年前的庭园还要气派了不少。,一眼望去，感覺比我記憶裡六年前的庭園還要氣派了不少。,"Inoltre, lo vidi come un ‘power-up’ del giardino di sei anni fa presente nei miei ricordi.","E per di più, mi sembrava essere una versione decisamente migliore del giardino dei miei ricordi di sei anni fa.","Y además, se veía como una versión ""mejorada"" del jardín de hace seis años que estaba en mis recuerdos.",ﻋﻼﻭﺓ ﻋﻠﻰ ﺫﻟﻚ، ﺑﺪﺍ ﺍﻷﻣﺮ ﻭﻛﺄﻧﻬﺎ ﻧﺴﺨﺔ ﻣﺤﺴﻨﺔ ﻟﻠﺤﺪﻳﻘﺔ ﺍﻟﺘﻲ ﻓﻲ ﺫﺍﻛﺮﺗﻲ ﻣﻨﺬ ﺳﺘﺔ ﺳﻨﻮﺍﺕ.,"Và hơn nữa, lần này nó trông như một phiên bản ""nâng cấp"" của khu vườn trong ký ức tôi từ sáu năm trước.","Dan lebih dari itu, bahkan terlihat seperti versi ""lebih hebat"" dari taman dalam ingatanku enam tahun lalu.","Dahası, altı yıl önceki bahçenin anılarımda kalan ""güçlendirilmiş"" bir versiyonu gibi bile görünüyordu."
Ushiromiya Kyrie,"""This place is always so amazing. It would be so wonderful to have a rose garden like this in my own home.""","""This place is always so amazing. It would be wonderful to have a rose garden like this at home."" ","""This place is always so amazing. It must be wonderful to have a rose garden like this in your own home.""",「いつ見てもすごいわね。自宅にこれだけの薔薇園があったら、さぞや素敵でしょうに。」,「いつ見てもすごいわね。自宅にこれだけの薔薇園があったら、さぞや素敵でしょうに」,"""Это место всегда такое изумительное. Как замечательно было бы иметь такой розарий у себя дома.""","""Esse lugar é sempre incrível. Seria maravilhoso poder ter um jardim de rosas como esse na minha casa.""",「不管什么时候看都好美啊。自己家如果也能有这么大的玫瑰园，那想来定会很漂亮呢。」,「不管什麼時候看都好美啊。自己家如果也能有這麼大的玫瑰園，那想來定會很漂亮呢。」,"""È incredibile ogni volta che lo si vede. Sarebbe veramente fantastico avere un giardino di rose del genere.""","""Ogni volta è sempre uno spettacolo. Sarebbe bellissimo avere un roseto del genere a casa nostra.""","""Siempre que lo ves es sorprendente. Realmente sería maravilloso tener un jardín de rosas así en casa.""","""ﻟﻄﺎﻟﻤﺎ ﻛﺎﻥ ﻫﺬﺍ ﺍﻟﻤﻜﺎﻥ ﻣﺪﻫﺸﺎ. ﻣﻦ ﺍﻟﻤﺆﻛﺪ ﺑﺄﻧﻪ ﺃﻣﺮ ﺭﺍﺋﻊ ﺃﻥ ﺗﻤﺘﻠﻚ ﺣﺪﻳﻘﺔ ﻭﺭﻭﺩ ﻛﻬﺬﻩ ﻓﻲ ﻣﻨﺰﻟﻚ.""","""Chỗ này lúc nào cũng tuyệt vời nhỉ. Nếu có một vườn hoa hồng như này ở nhà thì hay biết mấy.""","""Tempat ini selalu luar biasa. Aku ingin sekali memiliki taman mawar seperti ini di rumahku.""","""Burası her zaman çok şaşırtıcı. Kendi evimde de böyle bir gül bahçesine sahip olmak harika olurdu."""
Ushiromiya Rudolf,"""Give it up—who do you think would take care of it? Roses are a real pain, with bugs and diseases to worry about.""","""Give it up. Who do you think would take care of it? Roses are a real pain, with bugs and diseases to worry about."" ","""Give it up. Who do you think would take care of it? Roses are a real pain, with bugs and diseases to worry about.""",「よせよ、誰が手入れすんだよ。薔薇は虫とか病気とか大変なんだぜ？」,「よせよ、誰が手入れすんだよ。薔薇は虫とか病気とか大変なんだぜ？」,"""Даже не думай. Кто ж за ним ухаживать будет? Розы — ужасная морока, со всеми этими заботами о насекомых и болячках.""","""Desista — quem você acha que vai acabar cuidando dele? Rosas são um saco, cheias de insetos e doenças para se preocupar.""",「得了吧，让谁去护理啊。玫瑰既会长虫又会生病，可麻烦着呢。」,「得了吧，讓誰去護理啊。玫瑰既會長虫又會生病，可麻煩著呢。」,"""Arrenditi. Chi se ne prenderebbe cura poi? Le rose sono un vero inferno, tra insetti e malattie di cui preoccuparsi.""","""Lascia perdere, e poi chi se ne prenderebbe cura? Insetti, malattie, le rose sono difficili da tenere, lo sai?""","""Oh, claro que no. ¿Quién lo cuidaría? ¡Las rosas son una gran molestia, con insectos y enfermedades de que preocuparse!""","""ﻻ ﺗﻔﻜﺮﻱ ﺑﺬﻟﻚ ﺣﺘﻰ, ﺑﺮﺃﻳﻚ ﻣﻦ ﺑﺸﺄﻧﻪ ﺃﻥ ﻳﻌﺘﻨﻲ ﺑﻬﺎ؟  ﺍﻻﻋﺘﻨﺎﺀ ﺑﺎﻟﻮﺭﺩ ﺃﻣﺮ ﻣﺰﻋﺞ، ﺇﺿﺎﻓﺔ ﺇﻟﻰ ﺍﻟﻘﻠﻖ ﺣﻴﺎﻝ ﺍﻟﺤﺸﺮﺍﺕ ﻭﺍﻷﻣﺮﺍﺽ.""","""Thôi đi, em nghĩ ai sẽ chăm sóc nó chứ? Hoa hồng rắc rối lắm đấy, nào là sâu bệnh đủ thứ.""","""Lupakan saja - siapa yang akan merawatnya? Mawar itu merepotkan, dengan serangga dan penyakit yang harus dikhawatirkan.""","""Unut bunu—onlarla kimin ilgileneceğini düşünüyorsun? Güller böcekler ve hastalıklardan dolayı tam bir baş belası."""
Ushiromiya Rosa,"""Yes, they are. In fact, I hear that Kyrie nee‐san attends to her ""rose"" every day, and makes sure that it doesn't get nibbled at without her knowing it.""","""Well, from what I've heard, Kyrie nee-san takes care of her rose every day and makes sure no bugs get anywhere near it, right?"" ","""Well, from what I've heard, Kyrie nee-san takes care of her rose every day and makes sure no bugs get anywhere near it, right?""",「そうね。霧江姉さんは毎日、薔薇の手入れをしてて、虫が付かないようにしてるそうよ？」,「そうね。霧江姉さんは毎日、薔薇の手入れをしてて、虫が付かないようにしてるそうよ？」,"""Ну, из того, что я слышала, Кирие нээ‐сан ухаживает за своей розой ежедневно и определённо не позволяет никаким жучкам и близко к ней подобраться, верно?""","""Sim, são mesmo. É mesmo, eu ouvi que a Kyrie nee‐san cuida da ""rosa"" dela todos os dias, para ter certeza de que nenhum inseto a acabe mordendo sem ela saber.""",「是啊。我听说雾江姐姐好像每天都在护理玫瑰，不让它长虫哦？」,「是啊。我聽說霧江姐姐好像每天都在護理玫瑰，不讓它長虫哦？」,"""Beh, da quel che ho sentito, Kyrie Nee-san si prende cura delle sue rose ogni giorno e fa sì che nessun insetto ci si avvicini, giusto?""","""Sarà. Ma Kirie-san pare prendersi cura della sua rosa ogni giorno, e fa in modo che nessun insetto le si avvicini, giusto?""","""Así es. De hecho, he escuchado que Kyrie nee‐san cuida de su ""rosa"" cada día y se asegura de que ningún insecto se le acerque, ¿verdad?""","""ﻧﻌﻢ, ﻫﻲ ﻛﺬﻟﻚ ﻣﻤﺎ ﺳﻤﻌﺖ, ﺃﻥ ﺃﺧﺘﻲ ﻛﻴﺮﻳﻲ ﺗﻬﺘﻢ ﺑﻮﺭﺩﺗﻬﺎ ﻳﻮﻣﻴﺎ ﻭﻻ ﺗﺪﻉ ﺃﻱ ﺣﺸﺮﺍﺕ ﺗﻘﺘﺮﺏ ﻣﻨﻬﺎ، ﺻﺤﻴﺢ؟""","""Đúng vậy nhỉ. Em còn nghe nói là chị Kyrie ngày nào cũng chăm sóc ""bông hồng"" của mình đấy, để đảm bảo rằng không có con côn trùng nào cắn trộm mà chị lại không biết cả.""","""Ya, benar. Bahkan, kudengar Kyrie nee-san merawat ""mawar""-nya setiap hari, dan memastikan tidak ada yang mengganggunya tanpa sepengetahuannya.""","""Evet, öyleler. Aslında, Kyrie nee-san'ın her gün ""gülüne"" baktığını ve onun haberi olmadan kemirilmediğinden emin olduğunu duydum."""
Ushiromiya Rudolf,"""Huh? I haven't heard anything like that, what's this?""","""Huh? What are you talking about?"" ","""Huh? What are you talking about?""",「え？　そうなのかよ、そんな話は知らないぜ？」,「え？　そうなのかよ、そんな話は知らないぜ？」,"""А? О чём ты?""","""Hã? Eu nunca ouvi nada sobre isso, do que você está falando?""",「哎？有这事吗？我怎么不知道？」,「哎？有這事嗎？我怎麼不知道？」,"""Eh? Di cosa stai parlando?""","""Eh? Di cosa cavolo stai parlando?""","""¿Eh? Es la primera vez que escucho algo así, ¿de qué demonios estás hablando?""","""ﻫﺎﻩ؟ ﻣﺎ ﺍﻟﺬﻱ ﺗﺘﺤﺪﺛﻴﻦ ﻋﻨﻪ؟""","""Hả? Anh chưa từng nghe chuyện đó luôn, em đang nói gì thế?""","""Hah? Aku tidak pernah dengar hal seperti itu, apa ini?""","""Öyle mi? Ben böyle bir şey olduğunu bilmiyordum, o nedir?"""
Ushiromiya Kyrie,"""Yes, I do. Though, with him, it's the rose that goes off after the insects, so it's really more like some nasty carnivorous plant.""","""That's right. Though in this person's case, the rose goes after the insects like some nasty carnivorous plant."" ","""That's right. Though in this person's case, the rose goes after the insects like some nasty carnivorous plant.""",「そうなんです。この人の場合は、薔薇の方から虫を求めて行っちゃうから、どっちかというと性質の悪い食虫植物ってところね。」,「そうなんです。この人の場合は、薔薇の方から虫を求めて行っちゃうから、どっちかというと性質の悪い食虫植物ってところね」,"""Так и есть. Однако, в его случае, скорее роза охотится на насекомых, посему она больше похожа на какое‐то страшное, плотоядное растение.""","""Sim, isso mesmo. Apesar de que, neste caso, é a rosa que vai atrás dos insetos, como uma planta carnívora desagradável.""",「有这回事哦。这个人的“玫瑰”总是自己去惹虫，比起来倒更像是性质更恶劣的食虫植物呢。」,「有這回事哦。這個人的“玫瑰”總是自己去惹虫，比起來倒更像是性質更惡劣的食虫植物呢。」,"""Esatto. Nel mio caso, siccome le mie rose vanno a cercare insetti, diventerei una pianta carnivora per entrambi.""","""Esattamente. Ma in questo caso è la rosa che va a caccia di insetti, quindi al massimo sarebbe una pianta carnivora dal pessimo carattere.""","""Es cierto. Aunque en este caso, la rosa va tras los insectos como una repugnante planta carnívora.""","""ﺻﺤﻴﺢ. ﻭﻟﻜﻦ ﻓﻲ ﺣﺎﻟﺔ ﻫﺬﺍ ﺍﻟﺸﺨﺺ، ﻓﺎﻟﻮﺭﺩﺓ ﺗﺴﻌﻰ ﺧﻠﻒ ﺍﻟﺤﺸﺮﺍﺕ ﻭﻛﺄﻧﻬﺎ ﻧﺒﺘﺔ ﺳﻴﺌﺔ ﺁﻛﻠﺔ ﻟﻠﺤﻮﻡ.""","""Vâng, đúng là như vậy. Tuy nhiên, bông hồng nhà chị lại là kiểu thích ve vãn bọn côn trùng cơ, như thể nó là một thứ cây ăn thịt gớm ghiếc ấy.""","""Ya, aku melakukannya. Tapi, dengannya, mawarnya yang mengejar serangga, jadi lebih seperti tanaman karnivora jahat.""","""Evet, bakıyorum. Buna rağmen, böceklerin peşinden giden şey güldür, bu yüzden daha çok kötü bir etobur bitki gibidir."""
Ushiromiya Rudolf,"""...Oh, so that's what you mean. C'mon, Rosa, can't you give that a rest just for today? I've put that sort of thing completely behind me.""","""...Oh, so that's what you mean. C'mon, Rosa, can't you give that a rest just for today? I've put that sort of thing completely behind me."" ","""...Oh, so that's what you mean. C'mon, Rosa, can't you give that a rest just for today? I've put that sort of thing completely behind me.""",「…あー、そういう話かよ。ったく、楼座、今日はそういう話は勘弁してくれよ。もうそういうのはすっかり足を洗ったんだぜ？」,「…あー、そういう話かよ。ったく、楼座、今日はそういう話は勘弁してくれよ。もうそういうのはすっかり足を洗ったんだぜ？」,"""А, так вот ты о чём. Чесслово, Роза, может, хоть сегодня не будем об этом? Я окончательно с этим завязал.""","""...Ah, é disso que você estava falando. Vamos, Rosa, você não pode parar com isso só por hoje? Eu já deixei esse tipo de coisa completamente para trás.""",「…啊，原来说的是这个啊。真是的，楼座，今天就当放我一马别提这个了吧。这种事我早就不干了。」,「…啊，原來說的是這個啊。真是的，樓座，今天就當放我一馬別提這個了吧。這種事我早就不幹了。」,"""... Oh, è questo quello che intendevi. Onestamente, Rosa, smettila con questa cosa oggi, ti dispiace? Ho già raggiunto il limite con queste cose, ok.""","""...Oh, ecco che volevate dire. Seriamente, Rosa, per oggi puoi darci un taglio? Mi sono lasciato quel genere di cose alle spalle una volta per tutte.""","""... Oh, a eso se refieren. Vamos, Rosa, ¿no podrías dejarlo por hoy? He dejado ese tipo de cosas atrás por completo.""","""......ﺃﻭﻩ، ﻫﺬﺍ ﻣﺎ ﻋﻨﻴﺘﻪ. ﺑﺤﻘﻚ ﻳﺎ ﺭﻭﺯﺍ ﺃﻻ ﻳﻤﻜﻨﻚ ﺍﻟﺘﻮﻗﻒ ﻋﻦ ﻫﺬﺍ ﻟﻠﻴﻮﻡ ﻓﻘﻂ؟ ﻟﻘﺪ ﺗﺮﻛﺖ ﻫﺬﺍ ﺍﻟﻨﻮﻉ ﻣﻦ ﺍﻷﻣﻮﺭ ﻭﺭﺍﺋﻲ.""","""...Ồ, hóa ra ý em là vậy sao. Thôi mà Rosa, hôm nay em không tha cho anh được hử? Bây giờ anh đã khác xưa rồi mà.""","""...Oh, begitu maksudmu. Ayolah, Rosa, tidak bisakah kau berhenti hanya untuk hari ini? Aku sudah benar-benar melupakan hal semacam itu.""","""...Oh, senin demek istediğin şey bu. Hadi ama Rosa, bugünlük buna bir son veremez misin? Bu tür şeyleri tamamen geride bıraktım."""
Ushiromiya Rosa,"""I wonder. After all, you are a womanizer on an almost genetic level...!""","""I wonder. After all, you're a womanizer on an almost genetic level...!"" ","""I wonder. After all, you are a womanizer on an almost genetic level...!""",「どうかしら。留弗夫兄さんは遺伝子的レベルでだらしないですし…！」,「どうかしら。留弗夫兄さんは遺伝子的レベルでだらしないですし…！」,"""Да неужели? Рудольф нии‐сан — бабник на генетическом уровне!..""","""Será mesmo? Afinal, você é um mulherengo quase que em um nível genético...!""",「这可不好说呢。留弗夫哥的不检点可是铭刻在基因里的呀…！」,「這可不好說呢。留弗夫哥的不檢點可是銘刻在基因裡的呀…！」,"""Immagino. Dopotutto, sei un donnaiolo a livello genetico...!""","""Chissà. Dopotutto la sregolatezza è quasi parte del tuo DNA, fratellone...!""","""Quién sabe. ¡Después de todo, eres un mujeriego a nivel genético!""","""ﺃﺗﺴﺎﺀﻝ. ﻓﻲ ﺍﻟﻨﻬﺎﻳﺔ، ﺃﻧﺖ ﺯﻳﺮ ﻧﺴﺎﺀ ﻋﻠﻰ ﻣﺴﺘﻮﻯ ﺟﻴﻨﻲ ﻋﺎﻟﻲ....!""","""Em chẳng biết đâu á. Sau cùng thì anh vẫn là cái loại trăng hoa từ trong máu rồi mà...!""","""Aku ingin tahu. Bagaimanapun, kau seorang playboy hampir pada tingkat genetik...!""","""Emin değilim. Ne de olsa, neredeyse genetik düzeyde bir çapkınsın...!"""
Ushiromiya Kyrie,"""No need to worry, Rosa‐san. If a rose gives me too much trouble, I just chop it off at the root.""","""No need to worry, Rosa-san. When a rose gives you too much trouble, it's always best to snip it at the root."" ","""No need to worry, Rosa-san. When a rose gives you too much trouble, it's always best to snip it at the root.""",「大丈夫よ楼座さん。あんまりおイタする薔薇なら、根元からチョンって切っちゃうから。」,「大丈夫よ楼座さん。あんまりおイタする薔薇なら、根元からチョンって切っちゃうから」,"""Не волнуйся, Роза‐сан. Если роза будет доставлять мне слишком много проблем, я срублю её на корню.""","""Não precisa se preocupar, Rosa‐san. Se uma rosa me der muito trabalho, eu corto ela pela raiz.""",「没关系的楼座。这玫瑰要是敢太“调皮”，我就把它连根剪断。」,「沒關係的樓座。這玫瑰要是敢太“調皮”，我就把它連根剪斷。」,"""Va tutto bene, Rosa-san. Se una rosa mi da troppi impicci, la taglio direttamente alla radice.""","""Stai tranquilla, Rosa-san. Se una rosa mi gioca troppi scherzetti, la taglio direttamente alla radice.""","""Está bien, Rosa‐san. Si la rosa me da demasiados problemas, siempre puedo cortarla de raíz.""","""ﻻ ﺩﺍﻉ ﻟﻠﻘﻠﻖ ﻳﺎ ﺭﻭﺯﺍ-ﺳﺎﻥ. ﻋﻨﺪﻣﺎ ﺗﺴﺒﺐ ﺍﻟﻮﺭﺩﺓ ﺍﻟﻜﺜﻴﺮ ﻣﻦ ﺍﻟﻤﺘﺎﻋﺐ ﻟﻚ، ﻛﻞ ﻣﺎ ﻋﻠﻴﻚ ﻓﻌﻠﻪ ﻫﻮ ﺍﻗﺘﻼﻋﻬﺎ ﻣﻦ ﺟﺬﻭﺭﻫﺎ.""","""Không phải lo nhé cô Rosa. Nếu có bông hồng nào làm phiền chị quá, thì chị chỉ cần chặt nó đi ngay phần gốc là được.""","""Jangan khawatir, Rosa-san. Jika mawar memberiku terlalu banyak masalah, aku hanya memotongnya sampai ke akar.""","""Endişelenmene gerek yok, Rosa-san. Eğer bir gül bana çok fazla sorun çıkarırsa, onu kökünden keserim."""
Kumasawa Chiyo,"""Hoh‐hoh‐hoh‐ho...such frightening talk this is.""","""Hohohohoh, such frightening talk this is."" ","""Hoh-hoh-hoh-ho, such frightening talk this is.""",「ほっほっほっほ…、物騒なお話ですねぇ。」,「ほっほっほっほ…、物騒なお話ですねぇ」,"""Хо‐хо‐хо... Какой жуткий разговор.""","""Hoh‐hoh‐hoh‐ho...que conversa mais assustadora.""",「嚯嚯嚯嚯…这话可真吓人呢。」,「嚯嚯嚯嚯…這話可真嚇人呢。」,"""Hoh-hoh-hoh-ho, davvero un argomento pericoloso.""","""Ohohohoh, che discorso inquietante.""","""Jo‐jo‐jo‐jo, qué charla tan escalofriante es esta.""","""ﻫﻮﻩ-ﻫﻮﻩ-ﻫﻮﻩ-ﻫﻮﻩ، ﻳﺎﻟﻪ ﻣﻦ ﺣﺪﻳﺚ ﻣﻔﺰﻉ.""","""Hoh‐hoh‐hoh‐ho... cuộc trò chuyện này đáng sợ ghê.""","""Hoh-hoh-hoh-ho...pembicaraan yang menakutkan ini.""","""Hoh-hoh-hoh-ho...bu ne korkutucu bir konuşma."""
Ushiromiya Hideyoshi,"""Guys who're popular with the ladies are always forced to live with danger at their side. I sure hope I turn out a bit prettier in my next life!""","""Guys who're popular with the ladies are always forced to live dangerously. I sure hope I turn out a bit prettier in my next life!"" ","""Guys who're popular with the ladies are always forced to live dangerously. I sure hope I turn out a bit prettier in my next life!""",「モテる男はいつもリスクと隣り合わせなんや。わしも来世じゃもうちょい美形に生まれたいもんやで〜！」,「モテる男はいつもリスクと隣り合わせなんや。わしも来世じゃもうちょい美形に生まれたいもんやで〜！」,"""Пользующиеся успехом у женщин мужчины всегда идут рука об руку с риском. Я очень надеюсь, что выйду покрасивее в следующей жизни!""","""Caras que são populares entre as mulheres sempre são forçados a viver com o perigo ao seu lado. Espero nascer um pouco mais bonito na minha próxima vida!""",「受欢迎的男人总是与危险相伴呐。俺来世也想再生得帅一点呐～！」,「受歡迎的男人總是與危險相伴吶。俺來世也想再生得帥一點吶～！」,"""Gli uomini popolari vanno sempre a braccetto col rischio. Spero davvero di nascere un po' più carino nella mia prossima vita!""","""Gli uomini popolari vanno sempre a braccetto col rischio. Nella mia prossima vita vorrei nascere un po' più belloccio!""","""Los hombres populares siempre se ven forzados a vivir con riesgo. ¡A mí también me gustaría nacer apuesto en mi próxima vida~!""","""ﻳﺠﺒﺮ ﺍﻟﺮﺟﺎﻝ ﺫﻭ ﺍﻟﺸﻌﺒﻴﺔ ﺍﻟﻜﺒﻴﺮﺓ ﺑﻴﻦ ﺍﻟﺴﻴﺪﺍﺕ ﻋﻠﻰ ﺍﻟﻌﻴﺶ ﻓﻲ ﺧﻄﺮ. ﺃﺗﻤﻨﻰ ﺃﻥ ﺃﻛﻮﻥ ﺃﻭﺳﻢ ﻓﻲ ﺣﻴﺎﺗﻲ ﺍﻟﻘﺎﺩﻣﺔ!""","""Đàn ông được phụ nữ mê, sinh thời sẽ gặp trăm bề nguy nan."" Anh chỉ mong kiếp sau mình đẹp trai hơn thôi!""","""Pria yang populer di kalangan wanita selalu dipaksa hidup dengan bahaya di samping mereka. Kuharap aku terlahir lebih tampan di kehidupan berikutnya!""","""Kadınlar arasında popüler olan erkekler her zaman yanlarında tehlikeyle yaşamak zorunda kalırlar. Umarım bir sonraki hayatımda biraz daha güzel olurum!"""
Ushiromiya Rudolf,"""Hideyoshi nii‐san, as I keep telling you, it isn't like that at all. ...And Kyrie...stop it, you're freaking me out. You're making my rose wither.""","""Hideyoshi nii-san, like I keep saying, it isn't like that at all. ...And Kyrie...stop it, you're freaking me out. You've made my rose wilt."" ","""Hideyoshi nii-san, as I keep telling you, it isn't like that at all. ...And Kyrie...stop it, you're freaking me out. Hasn't my rose withered already?""",「だから秀吉兄さん、モテてなんかないって。…霧江も物騒な話なんかやめろぃ。俺の薔薇が萎れちまったじゃねぇか。」,「だから秀吉兄さん、モテてなんかないって。…霧江も物騒な話なんかやめろぃ。俺の薔薇が萎れちまったじゃねぇか」,"""Хидэёши нии‐сан, как я уже много раз тебе говорил, всё совсем не так. И... Кирие... Прекрати, ты меня пугаешь. Ты заставляешь мою розу вянуть.""","""Hideyoshi nii‐san, eu já te disse, não é nada disso. ...E Kyrie...pare com isso, você já está me assustando. Está fazendo a minha rosa murchar.""",「秀吉姐夫，都说了这不叫受欢迎。…雾江也别说这种吓人的话。会把我的玫瑰吓枯萎的。」,「秀吉姐夫，都說了這不叫受歡迎。…霧江也別說這種嚇人的話。會把我的玫瑰嚇枯萎的。」,"""Hideyoshi nii-san, te lo ripeto, io non sono popolare con le donne. ... E tu Kyrie... smettila, mi stai spaventando. Non è già appassita la mia rosa?""","""Te lo ripeto, Hideyoshi-san, io non sono popolare con le donne... Anche tu, Kirie, smettila con questi discorsi inquietanti. Così hai fatto appassire la mia rosa.""","""Hideyoshi nii‐san, como ya te he dicho, no es que sea popular con las damas. Y tú, Kyrie... Detente, me estás asustando. Haces que mi rosa se marchite.""","""ﺃﺧﻲ ﻫﻴﺪﻳﻮﺷﻲ، ﻟﻘﺪ ﻇﻠﻠﺖ ﺃﺧﺒﺮﻙ ﺑﺄﻥ ﺍﻷﻣﺮ ﻟﻴﺲ ﻟﻪ ﻋﻼﻗﺔ ﺑﻬﺬﺍ ﻋﻠﻰ ﺍﻹﻃﻼﻕ. ....ﻭﺃﻧﺖ ﻳﺎ ﻛﻴﺮﻳﻲ.... ﺗﻮﻗﻔﻲ ﻋﻦ ﻫﺬﺍ، ﺇﻧﻚ ﺗﻔﺰﻋﻴﻨﻲ. ﺃﻟﻢ ﺗﺬﺑﻞ ﻭﺭﺩﺗﻲ ﺑﺎﻟﻔﻌﻞ؟""","""Anh Hideyoshi à, em đã nói không biết bao nhiêu lần rồi, mọi chuyện không như anh nghĩ đâu. ...Còn em nữa, Kyrie... đủ rồi đấy, em làm anh nổi da gà luôn đó. Em làm cho bông hồng của anh héo queo luôn rồi.""","""Hideyoshi nii-san, seperti yang selalu kukatakan, sama sekali tidak seperti itu. ...Dan Kyrie...hentikan, kau membuatku takut. Kau membuat mawarku layu.""","""Hideyoshi nii-san, sana söylediğim gibi, hiç de öyle değil. ...Ve Kyrie...kes şunu, beni korkutuyorsun. Gülümü solduruyorsun."""
Ushiromiya George,"""Hey, Maria‐chan, look over here. These roses are especially magnificent.""","""Hey, Maria-chan, look over here. These roses are especially magnificent."" ","""Hey, Maria-chan, look over here. These roses are especially magnificent.""",「ほら、真里亞ちゃん来てごらん。こっちの薔薇は特に立派だよ。」,「ほら、真里亞ちゃん来てごらん。こっちの薔薇は特に立派だよ」,"""Эй, Мария‐чан, посмотри сюда. Эти розы особенно прекрасны.""","""Ei, Maria‐chan, venha ver isso. Essas rosas estão especialmente magníficas.""",「来来，小真里亚也过来看看。这边的玫瑰开得特别旺盛哦。」,「來來，小真里亞也過來看看。這邊的玫瑰開得特別旺盛哦。」,"""Ehi, Maria-chan, vieni a vedere qui. Queste rose sono particolarmente splendide.""","""Ehi, Maria-chan, vieni qui a vedere. Queste rose sono particolarmente splendide.""","""Oye, María‐chan, mira por aquí. Estas rosas son particularmente magníficas.""","""ﺗﻌﺎﻟﻲ ﻳﺎ ﻣﺎﺭﻳﺎ-ﺗﺸﺎﻥ، ﺍﻧﻈﺮﻱ ﻫﻨﺎ. ﻫﺬﻩ ﺍﻟﻮﺭﻭﺩ ﺭﺍﺋﻌﺔ ﻭﻣﻤﻴﺰﺓ.""","""Này, Maria ơi, em nhìn chỗ này đi. Mấy bông hoa hồng này đẹp lắm nè.""","""Hei, Maria-chan, lihat ke sini. Mawar-mawar ini sangat megah.""","""Hey, Maria-chan, buraya bak. Bu güller muhteşem."""
Ushiromiya Maria,"""...Roses are magnificent. ...Uu!""","""...Magnificent roses. ...Uu-!"" ","""...Roses are magnificent. ...Uu-!""",「…薔薇が立派。…うー！」,「…薔薇が立派。…うー！」,"""Розы прекрасны... У‐у!""","""...Rosas são magníficas. ...Uu!""",「…玫瑰开得旺盛。…呜——！」,「…玫瑰開得旺盛。…嗚——！」,"""... Queste rose sono splendide. ... Uu-!""","""...Le rose sono splendide... Uuh!""","""Rosas magníficas... ¡Uu!""",""".....ﺍﻟﻮﺭﻭﺩ ﺭﺍﺋﻌﺔ. ....ﺃﻭﻭ-""","""...Hoa hồng đẹp. ...Uu!""","""...Mawar itu megah. ...Uu!""","""...Güller muhteşem. ...Uu!"""
Ushiromiya Battler,"""Hmmm~~, smells pretty sweet. Look, this matches my elegance pe~rfectly.""","""Hmmm, smells pretty sweet. Look, this suits my elegance perfectly."" ","""Hmmm~~, smells pretty sweet. Look, this matches my elegance pe~rfectly.""",「ん〜〜、芳しい匂いだぜ。俺のエレガントさにぴったりだなぁ〜。」,「ん〜〜、芳しい匂いだぜ。俺のエレガントさにぴったりだなぁ〜」,"""Хм‐м‐м~, как приятно пахнет. Смотрите, абсолютно соответствует моей элегантности~""","""Hmmm~~, elas têm um cheiro bem doce. Olha, essa combina com a minha elegância perfei~tamente.""",「嗯～～，好一股芳香。和我的优雅简直是绝配啊～」,「嗯～～，好一股芳香。和我的優雅簡直是絕配啊～」,"""Mmh~~, che dolce profumo... elegante, proprio come me~e.""","""Mmmh, che buon profumo. Proprio come piacciono a me.""","""Mmmm~, huelen muy bien. Miren, van perfecto con mi elegancia.""","""ﻫﻤﻤﻢ~~، ﺍﻟﺮﻭﺍﺋﺢ ﺟﻤﻴﻠﺔ ﺟﺪﺍ. ﺍﻧﻈﺮﻭﺍ، ﻫﺬﻩ ﺗﺘﻨﺎﺳﺐ ﻣﻊ ﺃﻧﺎﻗﺘﻲ ﺗﻤﺎﻣﺎ.""","""Hmmm~~, hương hoa thơm ngát luôn á. Nhìn nè, đúng là hợp với vẻ thanh tao của anh lắm đó~.""","""Hmmm~~, baunya sangat manis. Lihat, ini cocok sempurna dengan keanggunanku~.""","""Hmmm~~, çok güzel kokuyor. Bak, bu benim zerafetime müke~mmel uyuyor."""
Ushiromiya Jessica,"""Hey, cut it out! Maria's gonna imitate you and get hurt by the thorns!""","""Hey, cut it out! Maria's gonna imitate you and get hurt by the thorns!"" ","""Hey, cut it out! Maria's gonna imitate you and get hurt by the thorns!""",「おいよせよ！　真里亞が真似してトゲで怪我するだろー！」,「おいよせよ！　真里亞が真似してトゲで怪我するだろー！」,"""Эй, перестань! А то Мария станет тебе подражать и уколется о шипы!""","""Ei, não faça isso! A Maria vai tentar te imitar e vai acabar se machucando com os espinhos!""",「喂，别这样！真里亚会模仿你被花刺刺伤的！」,「喂，別這樣！真里亞會模仿你被花刺刺傷的！」,"""Ehi, falla finita! Maria finirà per imitarti e si farà male con le spine!""","""E piantala! Maria finirà per imitarti e si farà male con le spine!""","""¡Oye, detente! ¡María va a imitarte y lastimarse con las espinas!""","""ﻣﻬﻼ، ﺃﻭﻗﻒ ﻫﺬﺍ.! ﺳﺘﻘﻠﺪﻙ ﻣﺎﺭﻳﺎ ﻭﺳﻴﻠﺤﻖ ﺑﻬﺎ ﺍﻷﺫﻯ ﻣﻦ ﺍﻷﺷﻮﺍﻙ!""","""Này, đừng làm vậy! Maria mà bắt chước em thì sẽ bị gai đâm đó!""","""Hei, hentikan! Maria akan menirumu dan terluka oleh durinya!""","""Hey, kes şunu! Maria seni taklit edecek ve dikenler yüzünden canı yanacak!"""
,She yelled at me as I leaned in with an exaggerated gesture to smell the rose's scent.,She yelled at me as I leaned in to smell the rose's scent with an exaggerated gesture. ,"She yelled at me as I leaned in to smell the rose's scent with an exaggerated gesture.",キザったらしく薔薇の匂いを嗅ぐような仕草をして見せたら怒られた。,キザったらしく薔薇の匂いを嗅ぐような仕草をして見せたら怒られた。,"Закричала она на меня, когда я наклонился понюхать розу в чересчур напыщенной манере.",Ela gritou comigo enquanto eu me inclinava exageradamente para poder sentir o aroma das rosas.,我刚装模作样地摆出闻玫瑰的姿势，马上就被骂了。,我剛裝模作樣地擺出聞玫瑰的姿勢，馬上就被罵了。,"Appena mi avvicinai per annusare il profumo delle rose, mi urlò contro.","Quando feci finta di annusare il profumo delle rose con fare molto pomposo, Jessica si arrabbiò...",Ella me gritó mientras yo me inclinaba para oler la esencia de las rosas con un gesto exagerado.,ﺻﺮﺧﺖ ﻓﻲ ﻭﺟﻬﻲ ﻋﻨﺪﻣﺎ ﺍﻧﺤﻨﻴﺖ ﻟﺸﻢ ﺭﺍﺋﺤﺔ ﺍﻟﺰﻫﻮﺭ ﺑﺈﻳﻤﺎﺀﺓ ﻣﺒﺎﻟﻎ ﻓﻴﻬﺎ.,"Chị ấy quát khi thấy tôi cúi xuống, làm bộ ngửi hoa một cách quá lố.",Dia berteriak padaku saat aku membungkuk dengan gerakan berlebihan untuk mencium aroma mawar.,Gülün kokusunu almak için abartılı bir hareketle eğildiğimde Jessica bana bağırdı.
,"...I thought she was overreacting, but when I turned around, I saw Maria imitating my every movement, and thereby putting a broad smile on George‐aniki's face.","...I thought she was overreacting, but when I turned around, I saw Maria imitating my every gesture and George-aniki smiling broadly at us. ","...I thought she was overreacting, but when I turned around, I saw Maria imitating my every gesture and George-aniki smiling broadly at us.",…まさかなと思って振り返ると、真里亞が俺そっくりの真似をして、譲治の兄貴を大層笑わせていた。,…まさかなと思って振り返ると、真里亞が俺そっくりの真似をして、譲治の兄貴を大層笑わせていた。,"Я было подумал, что она зря волнуется, но, обернувшись, увидел, что Мария имитирует каждое моё движение, вызывая тем самым широкую улыбку на лице Джорджа‐аники.","...Eu pensei que ela estava exagerando, mas quando percebi, eu vi a Maria imitando cada um dos meus movimentos, e assim colocando um largo sorriso no rosto do George‐aniki.",我本是觉得不太可能，但回头一看，真里亚正有样学样地模仿着我刚才的姿势，逗得让治大哥捧腹大笑。,我本是覺得不太可能，但回頭一看，真里亞正有樣學樣地模仿著我剛才的姿勢，逗得讓治大哥捧腹大笑。,"... Impossibile pensai, ma quando mi girai Maria stava imitando ogni mio movimento, facendo sorridere George-aniki.","Nel momento in cui mi girai con la convinzione che stesse esagerando, Maria stava imitando ogni mio movimento, facendo ridere di gusto il fratellone George.","Pensé que estaba exagerando, pero cuando me di la vuelta, María estaba imitando cada cosa que hacía, provocando que George‐aniki sonriera de oreja a oreja.",...ﺍﻋﺘﻘﺪﺕ ﺑﺄﻧﻬﺎ ﻛﺎﻧﺖ ﺗﺒﺎﻟﻎ ﻓﻲ ﺭﺩﺓ ﻓﻌﻠﻬﺎ، ﻟﻜﻦ ﻋﻨﺪﻣﺎ ﺍﻟﺘﻔﺖ، ﺭﺃﻳﺖ ﻣﺎﺭﻳﺎ ﺗﻘﻠﺪ ﻛﻞ ﺇﻳﻤﺎﺀﺓ ﻟﻲ ﻭﺃﺧﻲ ﺟﻮﺭﺝ ﻳﺒﺘﺴﻢ ﺑﺎﺗﺴﺎﻉ ﻟﻨﺎ.,"...Tôi tưởng chị ấy phản ứng thái quá cơ, nhưng khi quay lại, tôi thấy Maria đang bắt chước từng cử chỉ của mình, làm anh George nở một nụ cười thật tươi.","...Kupikir dia berlebihan, tapi ketika aku berbalik, kulihat Maria meniru setiap gerakanku, dan membuat George-aniki tersenyum lebar.",...Aşırı tepki verdiğini düşünmüştüm ama arkamı döndüğümde Maria'nın her hareketimi taklit ettiğini ve bunun George-aniki'nin yüzüne büyük bir gülümseme yerleştirdiğini gördüm.
Ushiromiya George,"""Hey now, Maria‐chan, be careful. Rose thorns can hurt.""","""Hey now, Maria-chan, be careful. Rose thorns can hurt."" ","""Hey now, Maria-chan, be careful. Rose thorns can hurt.""",「ほら、真里亞ちゃん、気をつけて。薔薇のトゲは痛いよ。」,「ほら、真里亞ちゃん、気をつけて。薔薇のトゲは痛いよ」,"""Эй, Мария‐чан, будь осторожней. Шипы роз причиняют боль.""","""Ei, Maria‐chan, tome cuidado. Os espinhos das rosas podem machucar.""",「小真里亚，小心点哦。玫瑰的花刺可是很痛的哦。」,「小真里亞，小心點哦。玫瑰的花刺可是很痛的哦。」,"""Ehi, Maria-chan, sii prudente. Le spine delle rose possono far male.""","""Su, Maria-chan, fai attenzione. Le spine delle rose fanno male.""","""Espera, María‐chan, ten cuidado. Las espinas de las rosas pueden lastimarte.""","""ﻣﻬﻼ ﻟﺤﻈﺔ ﻳﺎ ﻣﺎﺭﻳﺎ-ﺗﺸﺎﻥ، ﻓﻠﺘﺤﺬﺭﻱ. ﻗﺪ ﺗﺆﺫﻳﻚ ﺃﺷﻮﺍﻙ ﺍﻟﻮﺭﻭﺩ.""","""Này này, Maria ơi, cẩn thận nhé. Gai hoa hồng nhọn lắm đấy.""","""Hei, Maria-chan, hati-hati. Duri mawar bisa melukai.""","""Hey şimdi, Maria-chan, dikkatli ol. Gülün dikenleri canını yakabilir."""
Ushiromiya Maria,"""......Uu? ............George onii‐chan. This one rose is strange. Uu.""","""......Uu-? ......George onii-chan, only this rose is strange. Uu-."" ","""......Uu-? ............George onii-chan. Only this rose is strange. Uu-.""",「……うー？　…………譲治お兄ちゃん。この薔薇だけヘン。うー。」,「……うー？　…………譲治お兄ちゃん。この薔薇だけヘン。うー」,"""У‐у? Джордж онии‐чан. Только эта роза странная. У‐у.""","""......Uu? ............George onii‐chan. Esta rosa está estranha. Uu.""",「……呜——？…………让治哥哥。只有这朵玫瑰好奇怪。呜——」,「……嗚——？…………讓治哥哥。只有這朵玫瑰好奇怪。嗚——」,"""... Uu-? ... George Onii-chan. Solo questa rosa è strana. Uu-.""","""...Uuh...? Cugino George. Questa rosa è strana. Uuh.""","""... ¿Uu?... George onii‐chan. Esta rosa es extraña. Uu.""","""..........ﺃﻭﻭ-؟ ...............ﺃﺧﻲ ﺟﻮﺭﺝ-ﺗﺸﺎﻥ. ﻫﺬﻩ ﺍﻟﻮﺭﺩﺓ ﺗﺒﺪﻭ ﻏﺮﻳﺒﺔ. ﺃﻭﻭ-.""","""......Uu? ............anh George ơi. Bông hồng này lạ quá. Uu.""","""......Uu? ............George onii-chan. Mawar ini aneh. Uu.""","""......Uu? ............George onii-chan. Bu gül çok tuhaf. Uu."""
Ushiromiya Jessica,"""Strange? What's wrong?""","""Strange? What's wrong?"" ","""Strange? What's wrong?""",「ヘン？　どうしたんだよ。」,「ヘン？　どうしたんだよ」,"""Странная? Что не так?""","""Estranha? O que foi?""",「奇怪？怎么了？」,「奇怪？怎麼了？」,"""Strana? Cos'ha?""","""Strana? Cos'ha che non va?""","""¿Extraña? ¿Qué sucede?""","""ﻏﺮﻳﺒﺔ؟ ﻣﺎ ﺍﻷﻣﺮ؟""","""Lạ à? Có chuyện gì thế?""","""Aneh? Ada apa?""","""Tuhaf mı? Sorun ne?"""
,Maria pointed to a single rose.{n}I immediately understood why she found it odd.,Maria pointed at a single rose. I immediately understood why she found it odd. ,"Maria pointed to one rose. I immediately understood why she found it odd.",真里亞が一本の薔薇を指差す。すぐにその違和感はわかった。,真里亞が一本の薔薇を指差す。{n}すぐにその違和感はわかった。,Мария указала на одну из роз.{n}Я тут же понял причину её беспокойства.,Maria apontou para uma única rosa.{n}Imediatamente eu entendi o motivo dela ter achado estranha.,真里亚指着一朵玫瑰。{n}我一眼就察觉到了那股不协调感。,真里亞指著一朵玫瑰。{n}我一眼就察覺到了那股不協調感。,Maria indicò una rosa. Capii immediatamente il suo disagio.,Maria indicò una delle rose. Notammo subito che cosa la rendesse fuori posto.,María señaló una rosa.{n}Inmediatamente entendí su inquietud.,ﺃﺷﺎﺭﺕ ﻣﺎﺭﻳﺎ ﺑﻴﺪﻫﺎ ﺇﻟﻰ ﻭﺭﺩﺓ.{n}ﺣﻴﻨﻬﺎ ﻓﻬﻤﺖ ﻋﻠﻰ ﺍﻟﻔﻮﺭ ﻟﻢ ﻇﻨﺖ ﺃﻧﻬﺎ ﻏﺮﻳﺒﺔ.,Maria chỉ vào một bông hồng duy nhất.{n}Tôi lập tức hiểu ngay vì sao con bé thấy nó lạ.,Maria menunjuk satu mawar.{n}Aku langsung mengerti mengapa dia merasa aneh.,Maria tek bir gülü işaret etti.{n}Bunu neden tuhaf bulduğunu hemen anladım.
,"In the midst of all these magnificent roses, just one single rose was withering.","In the midst of all these magnificent roses, one single rose was just starting to wilt. "," In the midst of all these magnificent roses, just one single rose was withering.",立派な薔薇たちの中で、その一本だけが萎れかけていたのだ。,立派な薔薇たちの中で、その一本だけが萎れかけていたのだ。,Среди всех этих прекрасных роз одна‐единственная завяла.,"No meio de todas aquelas magníficas rosas, havia apenas uma única rosa que estava murcha.",在盛开的玫瑰花丛中，只有那一朵快枯萎了。,在盛開的玫瑰花叢中，只有那一朵快枯萎了。,"Nel mezzo di quelle splendide rose, solo quella stava appassendo.","In mezzo a tutte quelle splendide rose, era l'unica che stava appassendo.","En medio de todas las hermosas rosas, solamente esa estaba marchitándose.",ﻓﻲ ﻭﺳﻂ ﻛﻞ ﻫﺬﻩ ﺍﻟﻮﺭﻭﺩ ﺍﻟﺒﻬﻴﺔ، ﻛﺎﻧﺖ ﻫﻨﺎﻙ ﻭﺭﺩﺓ ﻭﺍﺣﺪﺓ ﺗﺬﺑﻞ.,"Giữa một rừng hoa hồng rực rỡ, chỉ có duy nhất một bông đang héo tàn.","Di tengah semua mawar megah ini, hanya satu mawar yang layu.",Tüm bu muhteşem güllerin ortasında tek bir gül soluyordu.
,"There wasn't any particular reason.{n}Some roses flourish, and others wither.","There wasn't any particular reason. Some roses flourish, and others wilt. "," There wasn't any particular reason. Some roses flourish, and others wither.",特別な理由があるわけじゃない。元気な薔薇もあれば萎れる薔薇もある。,特別な理由があるわけじゃない。{n}元気な薔薇もあれば萎れる薔薇もある。,"На то не было особых причин.{n}Одни розы цветут, другие — вянут.",Não tem nenhum motivo específico para isso.{n}Algumas rosas florescem e outras murcham.,也没什么特别的原因。{n}有盛开的玫瑰，自然也会有枯萎的玫瑰。,也沒什麼特別的原因。{n}有盛開的玫瑰，自然也會有枯萎的玫瑰。,"Non è che c'era proprio una ragione specifica. Se ci sono rose in salute, allora ci sono anche rose che appassiscono.","Non c'era una ragione particolare. Alcune rose fioriscono, e altre appassiscono.","No es que hubiese una razón específica.{n}Mientras que algunas rosas brotan, algunas ya están marchitándose.",ﻟﻢ ﻳﻜﻦ ﻫﻨﺎﻙ ﺃﻱ ﺳﺒﺐ ﻣﻌﻴﻦ.{n}ﺗﺰﺩﻫﺮ ﺑﻌﺾ ﺍﻟﻮﺭﻭﺩ ﻭﻳﺬﺑﻞ ﺑﻌﻀﻬﺎ ﺍﻵﺧﺮ...,"Cũng không có lý do đặc biệt gì cả.{n}Có hoa nở, thì cũng có hoa tàn.","Tidak ada alasan khusus.{n}Beberapa mawar berkembang, yang lain layu.","Özel bir nedeni yoktu.{n}Bazı güller açar, bazıları ise solar."
,"That's all there was to it, but Maria seemed very concerned about there being only one unhealthy rose in a group of healthy ones.","That's all there was to it, but Maria seemed very concerned about the only unhealthy one in the group. "," That's all there was to it, but Maria seemed very concerned about the only unhealthy one in the group.",それだけのことなのだが、みんな元気なのに一本だけ元気がないというのが、真里亞にはとても気になるようだった。,それだけのことなのだが、みんな元気なのに一本だけ元気がないというのが、真里亞にはとても気になるようだった。,"Вот собственно и всё, однако Марию крайне беспокоило, что среди всех этих здоровых роз лишь одна была больной.","Isso é tudo, mas a Maria parecia estar muito preocupada sobre o motivo de ter apenas uma rosa enferma no meio de um grupo de rosas saudáveis.",其它玫瑰都精神满满，只有一朵玫瑰垂头丧气。虽是件不过如此的小事，可真里亚似乎对这非常在意。,其它玫瑰都精神滿滿，只有一朵玫瑰垂頭喪氣。雖是件不過如此的小事，可真里亞似乎對這非常在意。,"Sebbene tutte le altre fossero in buono stato, una non lo era, e sembrava preoccupare seriamente Maria.","Sotto non vi era nulla di più, ma sebbene tutte le altre fossero in buono stato, una non stava bene, e Maria sembrava molto impensierita da ciò...","No es nada más que eso, pero María parecía estar muy preocupada por la única rosa poco saludable del grupo.",ﻫﺬﺍ ﻛﻞ ﻣﺎ ﻓﻲ ﺍﻷﻣﺮ، ﻟﻜﻦ  ﺑﺪﺃﺕ ﺗﺸﻌﺮ ﻣﺎﺭﻳﺎ ﺑﺎﻟﻘﻠﻖ ﺍﻟﺸﺪﻳﺪ ﺑﺸﺄﻥ ﺗﻠﻚ ﺍﻟﻮﺭﺩﺓ ﺍﻟﻮﺣﻴﺪﺓ ﺍﻟﺬﺍﺑﻠﺔ ﻓﻲ ﺍﻟﻤﺠﻤﻮﻋﺔ.,"Chỉ đơn giản là vậy thôi, nhưng Maria có vẻ rất bận tâm vì có duy nhất một bông hồng ""ốm yếu"" giữa muôn vàn bông đang khoe sắc đua hương.","Hanya itu, tapi Maria tampak sangat khawatir tentang hanya ada satu mawar tidak sehat di antara yang sehat.","Hepsi bu kadardı, ama Maria sağlıklı bir grup gülün içinde sadece bir tane sağlıksız gül olmasından dolayı çok endişeli görünüyordu."
,...She must be feeling somehow like it's been left out.,...It must have made her feel lonely. ,"...It must have made her feel lonely.",…多分、ある種の仲間はずれ的な感情を感じているに違いない。,…多分、ある種の仲間はずれ的な感情を感じているに違いない。,"Она, наверное, чувствует, что её бросили на произвол судьбы.",...Ela deve estar sentindo como se alguém a tivesse deixado para trás.,…她一定是感受到了某种被孤立的感觉吧。,…她一定是感受到了某種被孤立的感覺吧。,"... Si sentiva, probabilmente, sola e separata dai suoi compagni.",Doveva averle fatto senz'altro provare un senso di esclusione.,Probablemente pensaba que se sentía sola.,........ﻻ ﺑﺪ ﺃﻧﻬﺎ ﺷﻌﺮﺕ ﺑﺎﻟﻮﺣﺪﺓ.,...Có lẽ con bé cảm thấy như bông hoa ấy đang bị bỏ rơi.,...Dia pasti merasa seperti mawar itu ditinggalkan.,...Bir şekilde dışlanmış gibi hissediyor olmalı.
Ushiromiya George,"""So, you feel sad for this rose because it's the only one that isn't healthy...?""","""So, you feel sad for this rose because it's the only one that isn't healthy...?"" ","""So, you feel sad for this rose because it's the only one that isn't healthy...?""",「この薔薇だけ元気がなくて、可哀想…？」,「この薔薇だけ元気がなくて、可哀想…？」,"""Значит, тебе жалко эту розу, потому что она единственная больна?""","""Então, você está triste por essa rosa ser a única que não está saudável...?""",「是觉得只有这朵玫瑰没精神，很可怜…？」,「是覺得只有這朵玫瑰沒精神，很可怜…？」,"""Quindi, ti senti triste perché è l'unica che non è in salute...?""","""Poverina, è l'unica rosa che non sta bene...?""","""¿Te sientes mal por esta rosa porque es la única que no está sana?""","""ﺃﺗﺸﻌﺮﻳﻦ ﺑﺎﻟﺤﺰﻥ ﻋﻠﻰ ﻫﺬﻩ ﺍﻟﻮﺭﺩﺓ ﻷﻧﻬﺎ ﺍﻟﻮﺣﻴﺪﺓ ﺍﻟﺘﻲ ﻻ ﺗﺒﺪﻭ ﺑﺼﺤﺔ ﺟﻴﺪﺓ...؟""","""Vậy là em buồn vì bông hoa này là bông duy nhất không khỏe...?""","""Jadi, kau sedih untuk mawar ini karena hanya dia yang tidak sehat...?""","""Yani sağlıklı olmayan tek gül bu olduğundan onun için üzülüyorsun...?"""
Ushiromiya Maria,"""......Uu. The others are all healthy, but this one's sad.""","""......Uu-. The others are all healthy, but this one's sad."" ","""......Uu-. The others are all healthy, but this one's sad.""",「……うー。他はみんな元気なのに、これだけ可哀想。」,「……うー。他はみんな元気なのに、これだけ可哀想」,"""У‐у. Все остальные здоровы, а эта грустная.""","""......Uu. As outras estão saudáveis, mas essa é a única triste.""",「……呜——。大家都很有活力，就这朵很可怜。」,「……嗚——。大家都很有活力，就這朵很可怜。」,"""... Uu-. Le altre sono ben curate, solo questa è rovinata.""","""...Uuh. Le altre stanno bene, ma solo questa sta male.""","""Uu. Las demás están saludables, pero esta está triste.""",""".........ﺃﻭﻭ- ﺟﻤﻴﻌﻬﻢ ﺑﺼﺤﺔ ﺟﻴﺪﺓ، ﻟﻜﻦ ﻫﺬﻩ ﺗﺸﻌﺮ ﺑﺎﻟﺤﺰﻥ.""","""......Uu. Mấy bông khác đều khỏe mạnh, nhưng bông này thì buồn thiu.""","""......Uu. Yang lain semua sehat, tapi yang ini sedih.""","""......Uu. Diğerlerinin hepsi sağlıklı ama bu üzgün."""
Ushiromiya Jessica,"""Well, they all bloom and wither on their own. I'll bet the only reason that one withered now is because it bloomed earlier than any of the other roses.""","""Well, they all bloom and wither at their own paces. I'll bet this one's just starting to wilt early 'cause it got to bloom before any of the others."" ","""Well, you always get a few that wither. I'll bet the only reason that one withered is because it bloomed earlier than any of the other roses.""",「まぁ、咲いたり枯れたりはそれぞれだからなぁ。一足先に萎れる代わりに、その薔薇は他のどの薔薇よりも早く開花できたんだと思うぜ？」,「まぁ、咲いたり枯れたりはそれぞれだからなぁ。一足先に萎れる代わりに、その薔薇は他のどの薔薇よりも早く開花できたんだと思うぜ？」,"""Ну, все они цветут и вянут сами по себе. Могу поспорить, что эта роза сейчас увядшая только потому, что она расцвела раньше всех остальных роз.""","""Bem, elas florescem e murcham, cada uma no seu ritmo. Aposto que a única razão para ela já estar murcha é porque ela floresceu antes de todas as outras.""",「毕竟花开花谢各有其命嘛。我觉得它虽然先枯萎了，但这也说明，它比别的玫瑰都更早地完成了开花嘞？」,「畢竟花開花謝各有其命嘛。我覺得它雖然先枯萎了，但這也說明，它比別的玫瑰都更早地完成了開花嘞？」,"""Beh, è perché tutte fioriscono e poi appassiscono. Invece di appassire in anticipo, immagino si possa dire che abbia fiorito più veloce delle altre rose.""","""Beh, è perché fioriscono e appassiscono a ritmi diversi. Immagino che invece di appassire più tardi, questa rosa sia fiorita più velocemente delle altre, no?""","""Bueno, eso es porque todas florecen y luego se marchitan. Apuesto que la razón por la que esta se está marchitando es porque floreció antes que todas las otras rosas.""","""ﻻﺑﺄﺱ، ﻓﺎﻟﻮﺭﻭﺩ ﺩﺍﺋﻤﺎ ﻣﺎ ﺗﺰﺩﻫﺮ ﻭﺗﺬﺑﻞ ﻓﻲ ﺍﻟﻨﻬﺎﻳﺔ. ﺃﺭﺍﻫﻦ ﻋﻠﻰ ﺃﻥ ﺍﻟﺴﺒﺐ ﺍﻟﻮﺣﻴﺪ ﻟﺬﺑﻮﻝ ﺗﻠﻚ ﺍﻟﻮﺭﺩﺓ ﺫﻟﻚ ﻷﻧﻬﺎ ﺗﻔﺘﺤﺖ ﻣﺒﻜﺮﺍ ﻗﺒﻞ ﺍﻟﻮﺭﻭﺩ ﺍﻵﺧﺮﻯ.""","""Thật ra thì mỗi bông có thời điểm nở và tàn khác nhau. Chị đoán bông này chỉ là đã nở sớm hơn các bông khác thôi, cho nên nó mới tàn trước.""","""Yah, mereka semua mekar dan layu sendiri. Aku yakin satu-satunya alasan yang satu ini layu sekarang karena dia mekar lebih awal dari yang lain.""","""Hepsi kendi kendine açıyor ve soluyor. Bahse girerim bu gülün solmasının tek nedeni diğerlerinden daha erken açmış olmasıdır."""
Ushiromiya Battler,"""Yeah, that's right. It probably just bloomed all over the place, fulfilled its duty and went to rest. You shouldn't get so worked up about it.""","""Yeah, that's right. It probably just bloomed like crazy, fulfilled its duty and went to sleep. You shouldn't get so worked up about it."" ","""Yeah, that's right. It probably just bloomed all over the place, fulfilled its duty and went to rest. You shouldn't get so worked up about it.""",「そうだよな。いっぱい咲いて、その役目を終えてお休みに入ったってだけのことだと思うぜ。そんなに気に病むことはねぇさ。」,「そうだよな。いっぱい咲いて、その役目を終えてお休みに入ったってだけのことだと思うぜ。そんなに気に病むことはねぇさ」,"""Да, верно. Она, вероятно, просто цвела на всю катушку, выполнила свой долг и ушла на покой. Так что не стоит из‐за неё так переживать.""","""Sim, isso mesmo. Ela provavelmente já floresceu em todos os lugares, e agora que cumpriu o seu dever ela foi descansar. Você não deveria ficar tão preocupada com isso.""",「是啊是啊。开的时候尽情绽放，完成自己的使命后就去休息了，我觉得仅此而已啊。用不着这么为它担心。」,「是啊是啊。開的時候盡情綻放，完成自己的使命後就去休息了，我覺得僅此而已啊。用不著這麼為它擔心。」,"""Sì, hai ragione. Immagino che sia fiorita al massimo, abbia svolto il suo dovere e sia andata a riposarsi. Non dovresti agitarti tanto.""","""Proprio così. Immagino che sia fiorita al massimo, abbia svolto il suo dovere e sia andata a riposarsi. Non stare così tanto in pensiero.""","""Sí, es cierto. Creo que floreció hasta más no poder, cumplió su deber y se fue a descansar. No deberías preocuparte tanto por eso.""","""ﺃﺟﻞ، ﻫﺬﺍ ﺻﺤﻴﺢ. ﻣﻦ ﺍﻟﻤﺤﺘﻤﻞ ﺑﺄﻧﻬﺎ ﻗﺪ ﺗﻔﺘﺤﺖ ﻓﻲ ﺃﻧﺤﺎﺀ ﺍﻟﻤﻜﺎﻥ، ﺃﺗﻤﺖ ﻭﺍﺟﺒﻬﺎ ﻭﺣﺎﻥ ﺍﻟﻮﻗﺖ ﻟﺘﻨﺎﻡ. ﻳﺠﺐ ﺃﻻ ﺗﺸﻐﻠﻲ ﺑﺎﻟﻚ ﺑﻬﺬﺍ ﺍﻷﻣﺮ.""","""Ừ, đúng đó. Có lẽ nó đã từng nở rộ rực rỡ, rồi hoàn thành vai trò của mình, và giờ thì đến lúc nó nghỉ ngơi rồi. Em không cần buồn vì điều đó đâu nhé.""","""Ya, benar. Dia mungkin sudah mekar di mana-mana, menyelesaikan tugasnya dan beristirahat. Kau tidak perlu terlalu khawatir tentang itu.""","""Evet, bu doğru. Muhtemelen mükemmel bir şekilde çiçek açmış, görevini yerine getirmiş ve dinlenmeye çekilmiştir. Bu konuda bu kadar telaşlanmamalısın."""
Ushiromiya Maria,""".........Uu.""",""".........Uu-."" ",""".........Uu-.""",「………うー。」,「………うー」,"""У‐у.""",""".........Uu.""",「……呜——」,「……嗚——」,"""... Uu-.""","""...Uuh.""","""Uu...""","""..............ﺃﻭﻭ-.""",""".........Uu.""",""".........Uu.""",""".........Uu."""
,"It seemed that Maria's pure, sensitive nature was making her feel some emotional pain for the rose that withered alone.","It seemed that Maria's pure, sensitive nature was making her feel some emotional pain for the rose that wilted alone. ","It seemed that Maria's pure, sensitive nature was making her feel some emotional pain for the rose that withered alone.",真里亞の無垢な感受性は、このぽつりと萎れる薔薇に何かの感傷を感じさせるらしい。,真里亞の無垢な感受性は、このぽつりと萎れる薔薇に何かの感傷を感じさせるらしい。,"Видимо, чистая и чувствительная натура Марии заставляла её чувствовать некую эмоциональную боль за розу, которая завяла в одиночестве.",Parece que a pura e sensível natureza da Maria faz com que ela sinta uma dor emocional por ver aquela única rosa murchando.,真里亚那份纯洁无垢的感受性，似乎让她从这朵孤零零枯萎的玫瑰上面感到了某种感伤。,真里亞那份純潔無垢的感受性，似乎讓她從這朵孤零零枯萎的玫瑰上面感到了某種感傷。,Sembrava che la pura sensibilità di Maria le stesse provocando qualche dolore emotivo per la rosa che stava appassendo da sola.,Sembrava che la sensibilità innocente di Maria fosse in qualche modo urtata dalla rosa che stava appassendo in solitudine.,Parecía que la sensibilidad pura de María le hacía sentir una especie de dolor emocional por la rosa que se marchitaba en soledad.,ﻳﺒﺪﻭ ﺃﻥ ﻃﺒﻴﻌﺔ ﻣﺎﺭﻳﺎ ﺍﻟﺒﺮﻳﺌﺔ ﻭﺍﻟﺤﺴﺎﺳﺔ ﺗﺠﻌﻠﻬﺎ ﺗﺸﻌﺮ ﺑﺒﻌﺾ ﺍﻷﻟﻢ ﺍﻟﻌﺎﻃﻔﻲ ﻟﻠﻮﺭﺩﺓ ﺍﻟﺘﻲ ﺫﺑﻠﺖ ﺑﻤﻔﺮﺩﻫﺎ.,Có vẻ như bản tính trong sáng và nhạy cảm của Maria khiến con bé cảm thấy buồn bã vì bông hồng đơn độc đang tàn úa kia.,Tampaknya sifat Maria yang murni dan sensitif membuatnya merasakan sakit emosional untuk mawar yang layu sendirian.,"Görünüşe göre Maria'nın saf ve hassas doğası, tek başına solan gül için duygusal bir acı hissetmesine neden oluyordu."
,"Even though she understood the logic of it, it still felt lonely to her.","Even though she understood the logic of it, it still felt lonely to her. "," Even though she understood the logic of it, it still felt lonely to her.",理屈ではわかっていても、寂しさが拭えないようだった。,理屈ではわかっていても、寂しさが拭えないようだった。,"И, хоть она и понимала логику, стоящую за этим, Марии всё равно было грустно.","Mesmo que ela entenda a lógica disso, ainda é algo solitário para ela.",尽管明白这个道理，但那股寂寞的感觉似乎还是无法拭去。,儘管明白這個道理，但那股寂寞的感覺似乎還是無法拭去。,"Sebbene avesse capito la logica, la sua tristezza pareva indelebile.","Sebbene lo avesse compreso da un punto di vista logico, sembrava non riuscisse a liberarsi del suo senso di malinconia.","Aunque ella entendía la lógica en eso, su tristeza parecía ser indeleble.",ﻋﻠﻰ ﺍﻟﺮﻏﻢ ﻣﻦ ﺃﻧﻬﺎ ﺗﻔﻬﻢ ﻣﻨﻄﻖ ﺫﻟﻚ، ﺇﻻ ﺃﻧﻬﺎ ﺗﺸﻌﺮ ﺑﺎﻟﻮﺣﺪﺓ ﻣﻦ ﺃﺟﻠﻬﺎ.,"Dù lý trí có hiểu, nhưng em ấy vẫn cảm thấy cô đơn thay cho nó.","Meski dia mengerti logikanya, tetap terasa menyedihkan baginya.","Mantığını anlamış olsa da, yine de ona yalnızlık hissettiriyordu."
Ushiromiya George,"""Okay, Maria‐chan, why don't you look after this rose until we leave, then?""","""Then, Maria-chan, why don't you look after this rose until we leave?"" ","""Then, Maria-chan, why don't you look after this rose until we leave?""",「じゃあ真里亞ちゃん。帰るまでの間、この薔薇をお世話してあげるといいよ。」,「じゃあ真里亞ちゃん。帰るまでの間、この薔薇をお世話してあげるといいよ」,"""Мария‐чан, тогда почему бы тебе не приглядеть за этой розой до нашего отъезда?""","""Certo, Maria‐chan, por que você não fica cuidando dessa rosa até irmos embora?""",「这样吧小真里亚。在回去前的这段时间里，就由小真里亚来照顾这朵玫瑰吧。」,「這樣吧小真里亞。在回去前的這段時間裡，就由小真里亞來照顧這朵玫瑰吧。」,"""Su, Maria-chan, perché non ci occupiamo di questa rosa finché non torniamo a casa?""","""In tal caso, Maria-chan... Finché non torniamo a casa, potrai badare a questa rosa.""","""Entonces, María‐chan, ¿por qué no cuidas de esta rosa hasta que nos vayamos?""","""ﺇﺫﻥ ﻳﺎ ﻣﺎﺭﻳﺎ-ﺗﺸﺎﻥ، ﻟﻤﺎﺫﺍ ﻻ ﺗﻌﺘﻨﻴﻦ ﺑﻬﺬﻩ ﺍﻟﻮﺭﺩﺓ ﺣﺘﻰ ﻧﻐﺎﺩﺭ؟""","""Vậy thì, bé Maria này, sao em không chăm sóc cho bông hồng này đến lúc chúng ta rời đi nhỉ?""","""Oke, Maria-chan, bagaimana jika kau merawat mawar ini sampai kita pergi nanti?""","""Tamam, Maria-chan, o zaman neden biz gidene kadar bu güle bakmıyorsun?"""
Ushiromiya Maria,"""Uu?""","""Uu-?"" ","""Uu-?""",「うー？」,「うー？」,"""У‐у?""","""Uu?""",「呜——？」,「嗚——？」,"""Uu-?""","""Uuh?""","""¿Uu?""","""ﺃﻭﻭ-؟""","""Uu?""","""Uu?""","""Uu?"""
,George‐aniki straightened up and felt around in his pocket.{n}He then took out the wrapping from the candy he had eaten on the plane.,George-aniki straightened up and felt around in his pocket. He then took out the wrapper from the candy he had been sucking on the plane. ,"George-aniki straightened up and felt around in his pocket. He then took out the wrapping from the candy Maria had eaten on the plane.",譲治の兄貴は一度腰を上げると、ポケットをまさぐる。取り出したのは、機内で舐めていた飴玉の包み紙だった。,譲治の兄貴は一度腰を上げると、ポケットをまさぐる。{n}取り出したのは、機内で舐めていた飴玉の包み紙だった。,"Джордж‐аники выпрямился и начал что‐то искать в своём кармане.{n}Оттуда он извлек фантик от конфеты, которую съел в самолёте.",O George‐aniki se abaixou e procurou algo no seu bolso.{n}Ele pegou o papel da bala que havia comido durante a viagem de avião.,让治大哥站起身，把手伸进口袋摸索了起来。{n}他掏出来的，是在飞机上吃过的糖果的包装纸。,讓治大哥站起身，把手伸進口袋摸索了起來。{n}他掏出來的，是在飛機上吃過的糖果的包裝紙。,George-aniki si alzò in piedi e cercò qualcosa nella sua tasca. Quel che aveva tirato fuori era la cartina di una caramella che Maria aveva mangiato in aereo.,"Il fratellone George si alzò in piedi, frugando qualcosa nelle sue tasche.{n}Da essa tirò fuori la carta di una caramella che aveva mangiato in aereo.",George‐aniki se levantó y buscó algo en su bolsillo.{n}Lo que sacó fue la envoltura del dulce que había comido en el avión.,ﺍﺳﺘﻘﺎﻡ ﺃﺧﻲ ﺟﻮﺭﺝ ﻭﺑﺪﺃ ﺍﻟﺒﺤﺚ ﻓﻲ ﺟﻴﺒﻪ.{n}ﺛﻢ ﺃﺧﺮﺝ ﻏﻼﻑ ﺍﻟﺤﻠﻮﻯ ﺍﻟﺘﻲ ﺗﻨﺎﻭﻟﻬﺎ ﻣﺴﺒﻘﺎ ﻋﻠﻰ ﻣﺘﻦ ﺍﻟﻄﺎﺋﺮﺓ.,Anh George đứng thẳng lên và lục lọi trong túi áo.{n}Anh lấy ra vỏ kẹo mà anh đã ăn trên máy bay.,George-aniki berdiri dan meraba sakunya.{n}Dia mengeluarkan pembungkus permen yang dia makan di pesawat.,George-aniki doğruldu ve cebini karıştırdı.{n}Sonra uçakta yediği şekerin ambalajını çıkardı.
,"He twisted it into a thin string, and gently tied it to the rose as a sort of marker.","He twisted it into a thin string, then gently tied it to the rose as a sort of marker. "," He twisted it into a thin string, and gently tied it to the rose as a sort of marker.",それをこよりのように細くすると、目印をつけるようにその薔薇にやさしく縛り付けた。,それをこよりのように細くすると、目印をつけるようにその薔薇にやさしく縛り付けた。,Он свернул из него тонкую нить и осторожно обвязал вокруг розы в качестве указателя.,"Ele torceu de forma que virasse uma pequena corda, e gentilmente amarrou a rosa, como uma forma de marcá‐la.",然后把它捏得细细的，像是做记号似的给那朵玫瑰轻轻地绑上，打了个结。,然後把它捏得細細的，像是做記號似的給那朵玫瑰輕輕地綁上，打了個結。,La arrotolò e ci avvolse quella rosa come una specie di segno di riconoscimento.,"La attorcigliò con delicatezza, per poi usarla a mo' di spago e legarla alla rosa come segno di riconoscimento.","Lo torció para formar un cordel delgado, y cuidadosamente lo ató a la rosa para que sirviera de señal.",ﻭﻃﻮﻯ ﺍﻟﻐﻼﻑ ﻟﻴﺒﺪﻭ ﻛﺨﻴﻂ ﺭﻓﻴﻊ، ﻭﺭﺑﻄﻪ ﺑﺮﻓﻖ ﺣﻮﻝ ﺍﻟﻮﺭﺩﺓ ﻛﻨﻮﻉ ﻣﻦ ﺍﻟﻌﻼﻣﺎﺕ.,"Sau đó, anh xoắn nó thành một sợi dây nhỏ, rồi nhẹ nhàng buộc vào bông hồng như để ghi dấu.","Dia memelintirnya menjadi tali tipis, dan dengan lembut mengikatkannya ke mawar sebagai semacam penanda.",Onu ince bir ip haline getirdi ve bir çeşit işaret olarak güle nazikçe bağladı.
Ushiromiya Jessica,"""Heeey, that's pretty cute!""","""Heeey, that's pretty cute!"" ","""Heeey, that's pretty cute!""",「へー、なんだか可愛くなったね！」,「へー、なんだか可愛くなったね！」,"""Эй, смотрится очень мило!""","""Até que ela ficou bem bonita!""",「哟，变得还挺可爱的嘞！」,「喲，變得還挺可愛的嘞！」,"""Eeehi, è davvero carina!""","""Wow, è proprio caruccia!""","""¡Oyeee, eso se ve lindo!""","""ﻫﻴﻴﻪ، ﻫﺬﺍ ﻟﻄﻴﻒ ﻟﻠﻐﺎﻳﺔ!""","""Oaaa, đáng yêu quá!""","""Heeey, itu cukup lucu!""","""Heeey, bu çok şirin!"""
Ushiromiya George,"""Let's mark it with this. Later on, you can come and give it some water. I'm sure Mr. Rose will be happy.""","""Let's mark it with this. Later on, you can come and give it some water. I'm sure Mr. Rose will be happy."" ","""Let's mark it with this. Later on, you can come and give it some water. I'm sure Mr. Rose will be happy.""",「これが、この薔薇の目印だよ。あとでお水とかをあげに来てごらん。薔薇さんもきっと喜ぶと思うよ。」,「これが、この薔薇の目印だよ。あとでお水とかをあげに来てごらん。薔薇さんもきっと喜ぶと思うよ」,"""Давай её так пометим. Позже, ты сможешь прийти сюда и дать ей немного воды. Я уверен, мадемуазель роза будет очень рада.""","""Vamos usar isso para identificá‐la. Mais tarde, você pode vir aqui e dar um pouco de água para ela. Tenho certeza que a rosa vai ficar feliz.""",「这就是这朵玫瑰的记号了哦。过会儿来给它浇浇水。我想玫瑰小姐也一定会很高兴的。」,「這就是這朵玫瑰的記號了哦。過會兒來給它澆澆水。我想玫瑰小姐也一定會很高興的。」,"""Ecco, un segno di riconoscimento per questa rosa. Più tardi, vieni a portarle dell'acqua. Sono sicuro che Miss Rosa ne sarà felice.""","""Bene, così abbiamo marcato la rosa. Più tardi portale dell'acqua. Sono sicuro che la rosa ne sarà felice.""","""Usémoslo de señal. Después, puedes venir y darle un poco de agua. Estoy seguro de que la rosa estará muy feliz.""","""ﻟﻨﻀﻊ ﻋﻠﻴﻬﺎ ﻋﻼﻣﺔ ﺑﻬﺬﻩ. ﻻﺣﻘﺎ، ﻳﻤﻜﻨﻚ ﺃﻥ ﺗﺄﺗﻲ ﻭﺗﺴﻘﻴﻬﺎ ﺑﻌﺾ ﺍﻟﻤﺎﺀ. ﻣﺘﺄﻛﺪ ﺑﺄﻥ ﺍﻟﻮﺭﺩﺓ ﺳﺘﺴﻌﺪ ﺑﻬﺬﺍ.""","""Chúng ta đánh dấu nó bằng cái này nhé. Lát nữa em có thể quay lại tưới nước cho nó đấy. Chắc chắn ""anh Hồng"" sẽ vui lắm đấy.""","""Mari tandai dengan ini. Nanti, kau bisa datang dan memberinya air. Aku yakin Tuan Mawar akan senang.""","""Bununla işaretleyelim. Daha sonra gelip ona biraz su verebilirsin. Eminim Bay Gül mutlu olacaktır."""
Ushiromiya Maria,"""......Uu! Come to give it water!""","""......Uu-! Come to give it water!"" ","""......Uu-! Come to give it water!""",「……うー！　お水とかをあげに来る！」,「……うー！　お水とかをあげに来る！」,"""......У‐у! Дать ей воды!""","""......Uu! Vir dar água pra ela!""",「……呜——！过会儿来浇水！」,「……嗚——！過會兒來澆水！」,"""... Uu-! Ti porterò dell'acqua!""","""...Uuh! Le porterò dell'acqua!""","""¡Uu! ¡Venir y darle agua!""",""".......ﺃﻭﻭ-! ﺃﺗﻲ ﻭﺃﺳﻘﻴﻬﺎ ﺍﻟﻤﺎﺀ!""","""......Uu! Quay lại tưới nước cho nó!""","""......Uu! Datang untuk memberinya air!""","""......Uu! Gelip ona su verelim!"""
Ushiromiya George,"""I think you should give Mr. Rose here a name. I'm sure that'll make it happy, and you'll get to know it a little better.""","""I think you should give Mr. Rose here a name. I'm sure that'll make it happy, and you'll get to know it a little better."" ","""I think you should give Mr. Rose here a name. I'm sure that'll make it happy, and you'll get to know it a little better.""",「せっかくだから、この薔薇さんに何か名前を付けてあげるといいよ。そうすると、薔薇さんも喜ぶと思うし、真里亞ちゃんと心もきっと通い合うと思うよ。」,「せっかくだから、この薔薇さんに何か名前を付けてあげるといいよ。そうすると、薔薇さんも喜ぶと思うし、真里亞ちゃんと心もきっと通い合うと思うよ」,"""Мне кажется, тебе стоит дать мадемуазель розе имя. Уверен, что это обрадует её, и вы узнаете друг друга получше.""","""Acho que você deveria dar um nome para a rosa. Tenho certeza que isso vai fazer ela feliz, e você será capaz de entendê‐la um pouco melhor também.""",「既然这么难得，也给玫瑰小姐取个名字吧。我想这样一来，玫瑰小姐既会高兴，也一定会和小真里亚心意相通哦。」,「既然這麼難得，也給玫瑰小姐取個名字吧。我想這樣一來，玫瑰小姐既會高興，也一定會和小真里亞心意相通哦。」,"""Sarebbe carino dare a Miss Rosa un nome. Penso che ne sarà felice, e riuscirai a riconoscerla meglio.""","""Dopo tutte queste cure, sarebbe carino dare alla rosa un nome. Credo che ne sarebbe felice, così svilupperà un legame con te.""","""Opino que deberías darle un nombre a la rosa. Estoy seguro que eso la haría feliz, y podrías conocerla mejor.""","""ﻣﻦ ﺍﻟﺮﺍﺋﻊ ﻟﻮ ﺗﻌﻄﻲ ﻫﺬﻩ ﺍﻟﻮﺭﺩﺓ ﺍﺳﻤﺎ. ﻭﺍﺛﻖ ﻣﻦ ﺃﻥ ﺍﻟﻮﺭﺩﺓ ﺳﺘﻜﻮﻥ ﺳﻌﻴﺪﺓ ﺑﺬﻟﻚ، ﻭﻳﻤﻜﻨﻚ ﺍﻟﺘﻌﺮﻑ ﻋﻠﻴﻬﺎ ﺑﺸﻜﻞ ﺃﻓﻀﻞ.""","""Anh nghĩ em nên đặt tên cho ""anh Hồng"" này nữa. Như vậy chắc nó sẽ vui hơn, và em cũng sẽ thân thiết hơn với nó đấy.""","""Menurutku kau harus memberi nama untuk Tuan Mawar ini. Aku yakin itu akan membuatnya senang, dan kau bisa mengenalnya lebih baik.""","""Bence Bay Gül'e bir isim vermelisin. Eminim bu onu mutlu edecek ve onu biraz daha iyi tanıyacaksın."""
Ushiromiya Maria,"""Name...? Name... ......Uu...uu...""","""A name...? A name... ......Uu-uu-..."" ","""Name...? Name.........Uu-...uu-...""",「名前…？　名前…。……うー…うー…。」,「名前…？　名前…。……うー…うー…」,"""Имя? Имя... У‐у... У‐у...""","""Nome...? Nome.........Uu...uu...""",「名字？名字…………呜——…呜——…」,「名字？名字…………嗚——…嗚——…」,"""Un nome...? Un nome... Uu-... uu-...""","""Un nome...? Un nome... Uuh... Uuh...""","""¿Nombre? Nombre... Uu... uu...""","""ﺍﺳﻢ...؟ ﺍﺳﻢ..... ............ﺃﻭﻭ-..... ﺃﻭﻭ-.......""","""Tên...? Tên... ......Uu...uu...""","""Nama...? Nama... ......Uu...uu...""","""İsim...? İsim... ......Uu...uu..."""
,"Though she still wore her usual sullen face, Maria crossed her arms and began to consider this intently.","Though she still wore her usual sullen face, Maria crossed her arms and began to consider this intently. ","Though she still wore her usual sullen face, Maria crossed her arms and began to consider this intently.",真里亞は腕組をしながら、相変わらずの仏頂面だけれども、真剣に悩み始める。,真里亞は腕組をしながら、相変わらずの仏頂面だけれども、真剣に悩み始める。,"Несмотря на то, что Мария сохраняла угрюмое выражение лица, Мария сложила руки и прочно задумалась.","Embora ela ainda estivesse com a sua cara aborrecida, Maria cruzou os braços e começou a considerar isso atentamente.",真里亚抱着胳膊，尽管还是那副不高兴的表情，却开始认真地思索起来。,真里亞抱著胳膊，儘管還是那副不高興的表情，卻開始認真地思索起來。,"Maria, a braccia incrociate, con la sua solita faccia cupa, cominciò a spremere le meningi...","Mentre teneva le braccia incrociate, Maria cominciò a spremersi le meningi, seppur manentendo il suo solito volto imbronciato.","A pesar de no quitar su cara hosca, María se puso a considerarlo con los brazos cruzados en concentración.",ﺿﻤﺖ ﻣﺎﺭﻳﺎ ﺫﺭﺍﻋﻴﻬﺎ ﻭﺑﺪﺃﺕ ﺍﻟﻨﻈﺮ ﻓﻲ ﺍﻷﻣﺮ ﺑﺎﻫﺘﻤﺎﻡ، ﺭﻏﻢ ﺃﻥ ﻣﻼﻣﺢ ﺍﻟﺘﺠﻬﻢ ﺍﻟﻤﻌﺘﺎﺩﺓ ﻣﺎﺯﺍﻟﺖ ﻋﻠﻰ ﻭﺟﻬﻬﺎ.,"Dù vẫn giữ vẻ mặt buồn rầu quen thuộc, Maria khoanh tay lại và bắt đầu suy nghĩ một cách nghiêm túc.","Meski wajahnya tetap masam seperti biasa, Maria menyilangkan tangan dan mulai mempertimbangkan ini dengan serius.",Her zamanki asık suratına rağmen Maria kollarını kavuşturdu ve bunu dikkatle düşünmeye başladı.
,"At the very least, she appeared to have been completely pulled out of her slump. Nice going, Aniki.","At the very least, she appeared to have been completely pulled out of her slump. Nice going, Aniki. "," At the very least, she appeared to have been completely pulled out of her slump. Nice going, Aniki.",少なくとも、傷心からはすっかり立ち直ったように見えた。さすがは兄貴だ。,少なくとも、傷心からはすっかり立ち直ったように見えた。さすがは兄貴だ。,"По крайней мере её, вроде как, удалось полностью избавить от грусти. Так держать, Аники.","Ao menos, ela parecia ter sido completamente puxada para fora de sua tristeza. Muito bem, aniki.",至少看起来已经不怎么伤心了。不愧是大哥。,至少看起來已經不怎麼傷心了。不愧是大哥。,Almeno sembrava aver completamente dimenticato la sua tristezza. Proprio come ci si aspetterebbe da Aniki.,Almeno sembrava essersi ripresa del tutto dal suo sconforto. Proprio come ci si aspetterebbe dal fratellone.,"Al menos parece que fue sacada completamente de su pena. Bien hecho, Aniki.",ﻋﻠﻰ ﺍﻷﻗﻞ، ﻳﺒﺪﻭ ﺃﻧﻬﺎ ﺳﺤﺒﺖ ﺑﺎﻟﻜﺎﻣﻞ ﻣﻦ ﺭﻛﻮﺩﻫﺎ. ﻋﻤﻞ ﺭﺍﺋﻊ ﻳﺎ ﺃﺧﻲ.,"Ít nhất thì con bé đã hoàn toàn thoát khỏi tâm trạng ủ dột ban nãy. Tốt lắm, anh George ạ.","Setidaknya, dia tampak sudah sepenuhnya keluar dari kesedihannya. Bagus sekali, Aniki.","En azından, duygusal çöküşünden tamamen kurtulmuş gibi görünüyordu. İyi gidiyorsun, Aniki."
Ushiromiya Jessica,"""George nii‐san has always been really understanding. Can't help but respect him.""","""George nii-san has always been really understanding. Can't help but respect him."" ","""George nii-san has always been really understanding. Can't help but respect him.""",「譲治兄さんって、昔っから包容力があるよな。尊敬するぜ。」,「譲治兄さんって、昔っから包容力があるよな。尊敬するぜ」,"""Джордж нии‐сан всегда был очень понимающим. Не могу не уважать его.""","""O George nii‐san sempre foi bem compreensivo. Eu não posso deixar de respeitá‐lo.""",「让治哥从以前开始就一直是那么有包容力啊。让我好生尊敬嘞。」,「讓治哥從以前開始就一直是那麼有包容力啊。讓我好生尊敬嘞。」,"""George nii-san, da come posso ricordare, tu sei sempre stato super comprensivo. Degno di rispetto.""","""Sei sempre stato comprensivo, cugino George. Hai il mio rispetto.""","""George nii‐san siempre ha sido muy comprensivo. No puedes evitar tenerle respeto.""","""ﺩﻭﻣﺎ ﻣﺎ ﻳﻜﻮﻥ ﺃﺧﻲ ﺟﻮﺭﺝ ﺷﺨﺼﺎ ﻣﺘﻔﻬﻤﺎ ﻟﻸﻣﻮﺭ. ﻻ ﺃﻗﺪﺭ ﺇﻻ ﺃﻥ ﺃﺣﺘﺮﻣﻪ.""","""Anh George quả thật là lúc nào cũng rất tinh tế nha. Không thể không nể phục anh ấy được.""","""George nii-san selalu sangat pengertian. Tidak bisa tidak menghormatinya.""","""George nii-san her zaman çok anlayışlı olmuştur. Ona saygı duymamak elde değil."""
Ushiromiya Battler,"""Yeah. I guess that's just his gift. We've gotta learn some lessons from him!""","""Yeah. I guess he was just born that way. We've gotta start picking up tips!"" ","""Yeah. I guess he was just born that way. We've gotta start picking up tips!""",「だな。人徳ってヤツだろ。後でツメの垢をもらってきてやるから一緒に飲もうぜ。」,「だな。人徳ってヤツだろ。後でツメの垢をもらってきてやるから一緒に飲もうぜ」,"""Угу. Видать, таким уж он уродился. Нам следует брать его поступки на заметку!""","""É mesmo. Acho que ele tem um dom pra isso. Precisamos aprender algumas coisas com ele depois!""",「是啊。这就是人德吧。等下去讨点指甲垢来，咱俩一起喝。」,「是啊。這就是人德吧。等下去討點指甲垢來，咱倆一起喝。」,"""Giusto. Immagino sia proprio nato in quel modo. Dobbiamo cominciare ad ascoltare i suoi suggerimenti!!""","""Eh sì. È uno tutto d'un pezzo. Dovremmo prendere esempio da lui!""","""Sí. Supongo que nació de esa forma. ¡Tenemos que comenzar a pedirle consejos!""","""ﻧﻌﻢ. ﺃﻋﺘﻘﺪ ﺑﺄﻥ ﻫﺬﻩ ﻓﻄﺮﺗﻪ. ﻳﺠﺐ ﺃﻥ ﻧﺒﺪﺃ ﻓﻲ ﺃﺧﺬ ﺇﺭﺷﺎﺩﺍﺗﻪ!""","""Ừ. Chắc đó là tài năng thiên phú của anh ấy rồi. Chị em mình còn phải học hỏi thêm nhiều!""","""Ya. Kurasa itu bakatnya. Kita harus belajar darinya!""","""Evet. Sanırım bu onun yeteneği. Ondan bazı dersler almalıyız!"""
Ushiromiya Hideyoshi,"""Was this garden as fancy as this when you were a kid?""","""Was this garden just as magnificent when you all were kids?"" ","""Was this garden just as magnificent when you all were kids?""",「この庭園は、お前が子供の頃にもこんなに立派だったんか？」,「この庭園は、お前が子供の頃にもこんなに立派だったんか？」,"""Был ли этот розарий столь восхитителен, когда вы были детьми?""","""Esse jardim já era assim quando vocês eram crianças?""",「这座庭园在你还是小孩子的时候就已经这么气派了吗？」,「這座庭園在你還是小孩子的時候就已經這麼氣派了嗎？」,"""Questo giardino qui, era così splendido sin da quando voi eravate bambini?""","""Questo giardino era così splendido anche quando eravate bambini?""","""¿Este jardín era así de magnífico cuando to's ustedes eran niños?""","""ﻫﻞ ﻛﺎﻧﺖ ﻫﺬﻩ ﺍﻟﺤﺪﻳﻘﺔ ﺭﺍﺋﻌﺔ ﺑﻨﻔﺲ ﺍﻟﻘﺪﺭ ﻋﻨﺪﻣﺎ ﻛﻨﺘﻢ ﺍﻃﻔﺎﻻ؟""","""Lúc em còn nhỏ, khu vườn này đã đẹp như vậy chưa?""","""Apakah taman ini semewah ini saat kau masih kecil?""","""Siz hepiniz çocukken bu bahçe böyle büyüleyici miydi?"""
Ushiromiya Eva,"""It was only after I left the house that it became this grand. Though I was more fond of the previous rustic garden. Nii‐san fiddled with it too much, with his slightly questionable taste. It was much better the way it was before.""","""It was only after I stopped living here that it grew so big. Before that, the garden was simpler, though I'm still attached to that one. Nii-san fiddled with it too much, with that vaguely bad taste of his. I liked it much better before."" ","""From the time I left the House onwards, it started to really become something. Before that, the garden was simpler, but I'm still attached to that one though. Nii-san fiddled with it too much, with his slightly bad taste. It was better the way it was before.""",「私が出てってからよ、こんなに立派になったのは。前の庭園の方が素朴で愛着があったんだけどねぇ。兄さんがちょっと悪趣味にいじり過ぎたのよ。前の方がずっとよかったんだから。」,「私が出てってからよ、こんなに立派になったのは。前の庭園の方が素朴で愛着があったんだけどねぇ。兄さんがちょっと悪趣味にいじり過ぎたのよ。前の方がずっとよかったんだから」,"""Он стал таким грандиозным только после того, как я покинула дом. На самом деле, мне больше по душе был старый, более простой, розарий. Нии‐сан слишком уж изменил его, с его‐то несколько сомнительным вкусом. Прежним он был намного лучше.""","""Foi só quando eu saí de casa que ele ficou assim. Embora eu admirasse mais o jardim mais rústico que havia antes. O nii‐san perde tempo demais com ele, fora o seu gosto questionável. Era muito melhor da forma como era antes.""",「是在我离开这儿之后才变得这么气派的啦。不过我还是留恋以前那个朴素点的庭园。大哥的低级趣味有点过了。以前的要比现在好上太多了。」,「是在我離開這兒之後才變得這麼氣派的啦。不過我還是留戀以前那個樸素點的庭園。大哥的低級趣味有點過了。以前的要比現在好上太多了。」,"""Quando lasciai la Villa, cominciò a diventare davvero qualcosa. Ma prima, il giardino era più semplice, ma sono comunque ancora affezionata a quello. Nii-san ci giocherellava troppo, con il suo leggermente pessimo gusto. Era meglio come era prima.""","""È diventato così imponente dopo che me ne sono andata. Ma ero affezionata alla semplicità del vecchio giardino. Mio fratello maggiore lo ha modificato in maniera troppo pacchiana. Era molto meglio com'era prima.""","""Desde el día que dejé esta casa en adelante, en verdad comenzó a cambiar. Antes de eso, el jardín era más simple, pero aún estoy apegada a él. Nii‐san le ha hecho demasiadas modificaciones, con su ligero mal gusto. Era mejor de la forma en que estaba antes.""","""ﻣﻨﺬ ﺃﻥ ﻏﺎﺩﺭﺕ ﺍﻟﻤﻨﺰﻝ، ﻛﺎﻧﺖ ﻗﺪ ﺑﺪﺃﺕ ﺗﺼﺒﺢ ﺷﻴﺌﺎ ﻣﺎ. ﻗﺒﻞ ﺫﻟﻚ، ﻛﺎﻧﺖ ﺣﺪﻳﻘﺔ ﺃﻛﺜﺮ ﺑﺴﺎﻃﺔ، ﻣﺎ ﺯﻟﺖ ﻣﺮﺗﺒﻄﺔ ﺑﺘﻠﻚ ﻋﻠﻰ ﺍﻟﺮﻏﻢ ﻣﻦ ﺟﻤﺎﻟﻬﺎ ﺍﻵﻥ. ﻋﺒﺚ ﺃﺧﻲ ﺑﻬﺎ ﺑﺸﻜﻞ ﻛﺒﻴﺮ، ﻣﻊ ﺫﻭﻗﻪ ﺍﻟﺴﻲﺀ ﻗﻠﻴﻼ. ﻛﺎﻧﺖ ﺃﺟﻤﻞ ﺑﺸﻜﻠﻬﺎ ﺍﻟﺴﺎﺑﻖ.""","""Có mà đến khi em rời khỏi nhà thì nó mới thành ra lộng lẫy thế này ấy. Em lại thích cái vườn cũ đơn sơ ngày xưa hơn. Anh cả cứ thích vọc vạch sửa sang hơi quá đà với cái gu thẩm mỹ đáng ngờ của mình rồi. Hồi trước nó đẹp hơn nhiều.""","""Baru setelah aku meninggalkan rumah ini menjadi semegah ini. Meski aku lebih menyukai taman sederhana sebelumnya. Nii-san terlalu banyak mengutak-atiknya, dengan selera yang agak dipertanyakan. Jauh lebih baik seperti sebelumnya.""","""Ben evden ayrıldıktan hemen sonra bu kadar büyük oldu. Gerçi önceki rüstik bahçeyi daha çok severdim. Nii-san biraz şüpheli zevkiyle bahçeyle çok fazla oynadı. Önceki hali çok daha iyiydi."""
Ushiromiya Hideyoshi,"""Eva, you've gotta think positive! No matter how it might've looked, its beauty now is something to be admired. You'll be able to relax a lot better if you look at it that way.""","""Eva, you've gotta think positive! Settin' aside how it used to look, its beauty now is somethin' to be admired. You'll be able to relax a lot better if you look at it that way."" ","""Eva, you've gotta think positive! Regardless of how it once looked, its beauty now is something to be admired. You'll be able to relax a lot better if you look at it that way.""",「絵羽、ポジティブシンキングやで！　昔は置いといて、今のこの美しさを愛でなあかん。その方が心が安らかになるでぇ。」,「絵羽、ポジティブシンキングやで！　昔は置いといて、今のこの美しさを愛でなあかん。その方が心が安らかになるでぇ」,"""Ева, надо мыслить оптимистичней! Независимо от того, как он выглядел раньше, его нынешней красотой нельзя не восхититься. Тебе удастся расслабиться намного больше, если ты будешь думать так.""","""Eva, você precisa pensar positivamente! Não importa como se olha, ele está tão lindo que deve ser admirado. Você é capaz de relaxar bastante se olhar para ele assim.""",「绘羽，人呐看事物得乐观向上一点！把过去的放在一边，去感受现在的美好。这样心灵才能安宁呐。」,「繪羽，人吶看事物得樂觀向上一點！把過去的放在一邊，去感受現在的美好。這樣心靈才能安寧吶。」,"""Eva, devi pensare positivo! Lascia perdere il passato, devi ammirare la bellezza del giardino di adesso. In questo modo, il tuo cuore troverà pace.""","""Pensa positivo, Eva! Lascia il passato alle spalle, e ammira la bellezza di quello che c'è adesso. È così che troverai la pace.""","""¡Eva, tienes que pensar de forma positiva! Independientemente de cómo se viera antes, su hermosura actual es de admirar. Te relajarás más si lo piensas de esa forma.""","""ﺇﻳﻔﺎ، ﻋﻠﻴﻚ ﺍﻟﺘﻔﻜﻴﺮ ﺑﺈﻳﺠﺎﺑﻴﺔ ﺃﻛﺜﺮ! ﺑﻐﺾ ﺍﻟﻨﻈﺮ ﻋﻦ ﺍﻟﺸﻜﻞ ﺍﻟﺬﻱ ﻛﺎﻧﺖ ﺗﺒﺪﻭ ﻋﻠﻴﻪ ﻓﻲ ﺍﻟﺴﺎﺑﻖ، ﺇﻻ ﺃﻥ ﺟﻤﺎﻟﻬﺎ ﺍﻵﻥ ﺷﻲﺀ ﻳﺴﺘﺤﻖ ﺍﻹﻋﺠﺎﺏ ﺑﻪ. ﺳﺘﺸﻌﺮﻳﻦ ﺑﺮﺍﺣﺔ ﺃﻛﺜﺮ ﺇﺫﺍ ﻧﻈﺮﺕ ﺇﻟﻴﻬﺎ ﺑﻬﺬﻩ ﺍﻟﻄﺮﻳﻘﺔ.""","""Eva, em phải suy nghĩ tích cực lên chứ! Dù trông như thế nào, thì vẻ đẹp hiện tại vẫn rất đáng để ngắm nhìn mà. Nghĩ như vậy sẽ giúp em thư thái hơn nhiều đó.""","""Eva, kau harus berpikir positif! Tidak peduli bagaimana tampilannya dulu, keindahannya sekarang patut dikagumi. Kau akan bisa lebih santai jika melihatnya seperti itu.""","""Eva, olumlu düşünmelisin! Eskiden nasıl görünürse görünsün, şimdiki güzelliği hayran olunacak bir şey. Bu şekilde bakarsan çok daha fazla keyfini çıkarabilirsin."""
Ushiromiya Eva,"""I didn't mean it like that... I was just saying that I would have liked you to have seen the old, more wonderful garden as well.""","""I didn't mean it like that... I was just saying that I wanted you to see this garden the way it was before too."" ","""I didn't mean it like that... I was just saying that I wanted you to see this garden the way it was before too.""",「別にそんな意味じゃぁ。ただ私は、昔の方が素敵だった庭園をあなたにも見て欲しかったなぁってだけよぅ。」,「別にそんな意味じゃぁ。ただ私は、昔の方が素敵だった庭園をあなたにも見て欲しかったなぁってだけよぅ」,"""Я не совсем это имела в виду... Я всего лишь сказала, что также хотела бы увидеть розарий таким, каким он был прежде.""","""Não foi o que eu quis dizer... Eu só estava dizendo que eu gostaria que você pudesse ter visto o maravilhoso jardim antigo.""",「我也没那个意思嘛。我只不过是想让你也看看，从前那个朴素雅致的庭园而已啦。」,「我也沒那個意思嘛。我只不過是想讓你也看看，從前那個樸素雅致的庭園而已啦。」,"""Non intendevo dire quello... stavo solo dicendo che avrei voluto farvi vedere come era prima questo giardino.""","""Non intendevo dire quello... È solo che avrei voluto farti vedere quanto il giardino fosse bello una volta.""","""No me refería a eso... Solo decía que me habría gustado que vieras este jardín como era antes.""","""ﻟﻢ ﻳﻜﻦ ﻫﺬﺍ ﻣﺎ ﻗﺼﺪﺗﻪ... ﻛﻞ ﻣﺎ ﺭﻏﺒﺖ ﻓﻲ ﻗﻮﻟﻪ ﻫﻮ ﺃﻧﻨﻲ ﺃﺭﺩﺕ ﻣﻨﻚ ﺃﻥ ﺗﺮﻯ ﻫﺬﻩ ﺍﻟﺤﺪﻳﻘﺔ ﻛﻤﺎ ﻛﺎﻧﺖ ﻣﻦ ﻗﺒﻞ ﺃﻳﻀﺎ.""","""Em không có ý đó... Em chỉ muốn nói là, em cũng muốn mọi người được thấy cái khu vườn cổ kính, tuyệt vời ngày xưa thôi.""","""Aku tidak bermaksud seperti itu... Aku hanya ingin kalian juga melihat taman lama yang lebih indah.""","""Öyle demek istemedim... Sadece eski, daha harika bahçeyi de görmenizi isterdim diyordum."""
Gohda Toshiro,"""Now then, everyone, if you please. I shall be guiding you to the rooms now.""","""Everyone, if you please, I shall guide you to your rooms now."" ","""Now then, everyone, if you please. I shall be guiding you to the rooms now.""",「それでは皆様、よろしいでしょうか。そろそろお部屋の方にご案内いたします。」,「それでは皆様、よろしいでしょうか。そろそろお部屋の方にご案内いたします」,"""Итак, дамы и господа, если никто не возражает, я сопровожу вас в ваши комнаты.""","""Pois bem, pessoal, se me permitem. Eu vou levá‐los até os seu quartos agora.""",「那么各位，欣赏得如何？差不多是时候带各位去房间了。」,「那麼各位，欣賞得如何？差不多是時候帶各位去房間了。」,"""Ora, voi tutti, se non vi spiace... vi guiderò alle vostre stanze.""","""Bene signori, se non vi dispiace. Lasciate che vi guidi verso le vostre stanze.""","""Ahora, si me permiten. Los guiaré a sus habitaciones en este momento.""","""ﺍﻵﻥ ﺟﻤﻴﻌﻜﻢ، ﺇﺫﺍ ﺳﻤﺤﺘﻢ ﺳﺄﺭﺷﺪﻛﻢ ﺇﻟﻰ ﻏﺮﻓﻜﻢ ﺣﺎﻻ.""","""Vậy thì, xin mời mọi người. Tôi sẽ hướng dẫn các vị đến phòng nghỉ ngay bây giờ.""","""Kalau begitu, semuanya, silakan. Aku akan memandu kalian ke kamar sekarang.""","""Şimdi herkes, lütfen. Şimdi size odalarınıza kadar rehberlik edeceğim."""
,"Gohda‐san called to everyone to ask if we were ready, but our hearts had been completely stolen away by the rose garden after a year of absence, and we didn't lend him an ear.","Gohda-san called to everyone to ask if we were ready, but our hearts had been completely stolen away by the rose garden that none of us had seen for a year, so we didn't pay much attention to him. ","Gohda-san called to everyone to ask if we were ready, but our hearts had been completely stolen away by the rose garden after a year of absence, and we didn't lend him an ear.",郷田さんがそろそろ良いかとみんなに声を掛けるが、一年ぶりの薔薇庭園にすっかり心を奪われてしまって、なかなか耳を貸そうとはしなかった。,郷田さんがそろそろ良いかとみんなに声を掛けるが、一年ぶりの薔薇庭園にすっかり心を奪われてしまって、なかなか耳を貸そうとはしなかった。,"Года‐сан обратился ко всем, чтобы узнать, готовы ли мы, но после годового отсутствия наши сердца находились во власти розария, и мы не услышали его.","O Gohda‐san chamou a todos, perguntando se já estávamos prontos, mas nossos corações haviam sido completamente roubados pelo jardim de rosas, após passarmos um ano sem vê‐lo, e nem demos ouvidos.",乡田问大家是不是差不多该走了，不过，像是被阔别了一年的玫瑰庭园夺走了心灵一样，大家都没怎么留意他的话。,鄉田問大家是不是差不多該走了，不過，像是被闊別了一年的玫瑰庭園奪走了心靈一樣，大家都沒怎麼留意他的話。,"Gohda-san chiamò tutti per vedere se erano pronti, ma i nostri cuori erano stati completamente rapiti dal giardino di rose, dopo un anno di assenza, e non lo avevamo minimamente ascoltato.","Gouda-san richiamò tutti per capire se fossero pronti, ma erano completamente rapiti dal roseto che non vedevano da un anno, e non lo ascoltarono minimamente.","Gohda‐san llamó a todos para preguntar si estábamos listos, pero nuestros corazones fueron robados por el jardín después de un año de ausencia, y no lo escuchamos.",ﻧﺎﺩﻯ ﻗﻮﺩﺍ-ﺳﺎﻥ ﻋﻠﻰ ﺍﻟﺠﻤﻴﻊ ﻟﻴﺴﺄﻟﻬﻢ ﺇﺫﺍ ﻛﺎﻧﻮﺍ ﻣﺴﺘﻌﺪﻳﻦ.ﻭﻟﻜﻦ ﺳﺮﻗﺖ ﻗﻠﻮﺑﻨﺎ ﺗﻤﺎﻣﺎ ﻣﻦ ﻣﻨﻈﺮ ﺣﺪﻳﻘﺔ ﺍﻟﻮﺭﻭﺩ ﺑﻌﺪ ﻋﺎﻡ ﻣﻦ ﺍﻟﻐﻴﺎﺏ، ﻟﺬﺍ ﻟﻢ ﻧﻜﻦ ﻧﺼﻐﻲ ﻟﻪ.,"Chú Gohda gọi mọi người để hỏi xem chúng tôi đã sẵn sàng chưa, nhưng trái tim chúng tôi đã hoàn toàn bị mê hoặc bởi khu vườn hồng sau một năm xa cách, và chẳng ai để ý đến lời gọi ấy.","Gohda-san memanggil semua orang untuk menanyakan apakah kami siap, tapi hati kami sudah sepenuhnya direbut oleh taman mawar setelah setahun tidak bertemu, dan kami tidak mendengarkannya.","Gohda-san hazır olup olmadığımızı sormak için herkese seslendi, ama kalbimiz bir yıllık ara nedeniyle gül bahçesi tarafından tamamen çalınmıştı ve ona kulak vermedik."
,"Since we weren't a travel group, it wasn't like we had a strict schedule to follow.","Since we weren't a travel group, it wasn't like we had a strict schedule to follow. "," Since we weren't a travel group, it wasn't like we had a strict schedule to follow.",団体旅行じゃないから、厳しいスケジュールがあるわけじゃない。,団体旅行じゃないから、厳しいスケジュールがあるわけじゃない。,"Поскольку мы не были тургруппой, мы не обязаны были следовать строгому графику.","Como não estamos viajando em grupo, não é como se precisássemos seguir um cronograma rigoroso.",毕竟这不是团体旅行，当然也就没有严格的日程表了。,畢竟這不是團體旅行，當然也就沒有嚴格的日程表了。,"Siccome non eravamo un gruppo turistico, non è che avevamo un preciso orario da seguire.","Non essendo una comitiva turistica, non avevamo degli orari precisi da dover rispettare.","Como no éramos un grupo de turistas, no era como si tuviésemos que seguir algún horario de viaje.",ﻟﻢ ﻧﻜﻦ ﻣﺠﻤﻮﻋﺔ ﺳﻴﺎﺡ، ﻟﺬﺍ ﻟﻢ ﻳﻜﻦ ﺍﻷﻣﺮ ﻛﻤﺎ ﻟﻮ ﺃﻥ ﻟﺪﻳﻨﺎ ﺟﺪﻭﻻ ﺯﻣﻨﻴﺎ ﺻﺎﺭﻣﺎ ﻧﺘﺒﻌﻪ.,"Vì đây không phải là một tour du lịch, nên chúng tôi đâu cần tuân theo lịch trình nghiêm ngặt nào.","Karena kami bukan grup turis, tidak ada jadwal ketat yang harus diikuti.","Bir seyahat grubu olmadığımız için, takip etmemiz gereken katı bir programımız yoktu."
,"Besides, for our parents, this was their fond old birth home they had returned to, so they felt no obligation to be pressured by anyone.","Besides, since our parents were visiting their old home, full of nostalgia, it wasn't like they had to let themselves be urged on by anyone or anything. "," Besides, since our parents were visiting their old home, full of nostalgia, it wasn't like they had to let themselves be urged on by anyone or anything.",それに、親兄弟たちにとっては懐かしき実家の敷地内なので、誰かに促される義理もないのだろう。,それに、親兄弟たちにとっては懐かしき実家の敷地内なので、誰かに促される義理もないのだろう。,"К тому же, поскольку наши родители вернулись в свой любимый родной дом, они не были обязаны позволять кому‐то или чему‐то подгонять себя.","Além do mais, para os nossos pais, esse é o encontro deles com a casa onde nasceram, por isso, ele não se sentem obrigados a se apressarem por causa de ninguém.",而且对于我老爸这几兄妹来说，这是在充满回忆的老家院子里，自然也没有被别人催促的道理吧。,而且對於我老爸這几兄妹來說，這是在充滿回憶的老家院子裡，自然也沒有被別人催促的道理吧。,"Oltretutto, visto che i nostri parenti stavano visitando la loro vecchia casa, pieni di nostalgia, non è che dovevano essere spronati da qualcuno o qualcosa.","E poi, i nostri parenti non avevano motivo di venire spronati da qualcuno, dato che erano nei pressi della loro cara, vecchia casa.","Además, como nuestros padres estaban visitando su antiguo hogar, llenos de nostalgia, no se iban a dejar apresurar por nadie ni por nada.",ﻋﻼﻭﺓ ﻋﻠﻰ ﺫﻟﻚ، ﻧﻈﺮﺍ ﻷﻥ ﺁﺑﺎﺀﻧﺎ ﻳﺰﻭﺭﻭﻥ ﻣﻨﺰﻟﻬﻢ ﺍﻟﻘﺪﻳﻢ، ﺍﻟﻤﻠﻲﺀ ﺑﺎﻟﺤﻨﻴﻦ ﺇﻟﻰ ﺍﻟﻤﺎﺿﻲ، ﻓﻼ ﻳﺘﺤﺘﻢ ﻋﻠﻴﻬﻢ ﺃﻥ ﻳﻜﻮﻧﻮﺍ ﻣﻨﺪﻓﻌﻴﻦ ﺑﻮﺍﺳﻄﺔ ﺷﺨﺺ ﺃﻭ ﺷﻲﺀ ﻣﺎ.,"Vả lại, với cha mẹ chúng tôi, đây chính là ngôi nhà trong ký ức tuổi thơ mà họ được trở về, cho nên không một ai thấy cần phải vội vã theo lời ai cả.","Selain itu, bagi orang tua kami, ini adalah rumah lama mereka yang penuh kenangan, jadi mereka tidak merasa tertekan oleh siapa pun.","Ayrıca, ebeveynlerimiz için burası geri döndükleri eski doğdukları evdi, bu yüzden kimsenin baskısına maruz kalma zorunluluğu hissetmiyorlardı."
,"Understanding the situation, Gohda‐san continued to wait, with a wide smile, for our parents to lose interest in the roses and tell him to guide us to the rooms...","Understanding the situation, Gohda-san continued to wait, smiling widely, until our parents got tired of the roses and told him to guide us to our rooms... "," Understanding the situation, Gohda-san continued to wait, smiling widely, until our parents got tired of the roses and told him to guide us to the rooms...",その辺りの事情を理解し、郷田さんは親たちが薔薇に飽きて部屋に案内してくれと言い出すまで、にこやかなまま待ち続けるのだった…。,その辺りの事情を理解し、郷田さんは親たちが薔薇に飽きて部屋に案内してくれと言い出すまで、にこやかなまま待ち続けるのだった…。,"Понимая ситуацию, Года‐сан, широко улыбаясь, продолжал ждать, пока наши родители не устанут от лицезрения роз и не попросят его проводить их в отведенные им комнаты...","Compreendendo a situação, o Gohda‐san continuou a esperar, com um grande sorriso, até que nossos pais perdessem o interesse nas rosas e dissessem para nos levar até nossos quartos...",明白了这点的乡田，直到老爸他们看腻玫瑰后自己说出带我们去房间之前，一直保持着笑容站在一边耐心地等待…。,明白了這點的鄉田，直到老爸他們看膩玫瑰後自己說出帶我們去房間之前，一直保持著笑容站在一邊耐心地等待…。,"Comprendendo la situazione, Gohda-san continuò ad attendere, sorridendo sempre, fino a che i nostri parenti si stancarono delle rose e gli chiesero di dirigerli alle camere...","Comprendendo tali circostanze, Gouda-san rimase sorridente, e attese fino al momento in cui i nostri genitori non si stancarono delle rose e gli chiesero di portarli verso le loro camere...","Comprendiendo la situación, Gohda‐san siguió esperando, sonriendo ampliamente, hasta que nuestros padres se cansaron del jardín de rosas y le dijeron que nos guiara hacia nuestras habitaciones...",ﻣﺘﻔﻬﻤﺎ ﻟﻠﻮﺿﻊ، ﺍﺳﺘﻤﺮ ﻗﻮﺩﺍ-ﺳﺎﻥ ﺑﺎﻻﻧﺘﻈﺎﺭ، ﻣﺒﺘﺴﻤﺎ ﺑﺜﺒﺎﺕ، ﺣﺘﻰ ﻳﺴﺄﻡ ﺁﺑﺎﺅﻧﺎ ﻣﻦ ﺗﻠﻚ ﺍﻟﻮﺭﻭﺩ ﻭﻣﻦ ﺛﻢ ﻳﺴﺄﻟﻮﻩ ﺃﻥ ﻳﺮﺷﺪﻫﻢ ﺇﻟﻰ ﻏﺮﻓﻬﻢ....,"Hiểu được điều đó, chú Gohda tiếp tục đứng chờ với một nụ cười rộng mở, cho đến khi cha mẹ chúng tôi chán ngắm hoa và bảo chú dẫn về phòng nghỉ...","Memahami situasinya, Gohda-san terus menunggu, dengan senyum lebar, sampai orang tua kami kehilangan minat pada mawar dan memintanya memandu kami ke kamar...","Durumu anlayan Gohda-san, geniş bir gülümsemeyle, ebeveynlerimizin güllere olan ilgisini kaybetmesini ve bizi odalara götürmesini söylemesini beklemeye devam etti..."
Ushiromiya Hideyoshi,"""My...! Heeey! If it isn't Kanon‐kun! It's been so long, how are you doin'?!""","""Oh...?! Heeey! If it isn't Kanon-kun! It's been so long! How are ya doin'?!"" ","""My...! Heeey! If it isn't Kanon-kun! It's been so long! How are you doin'?!""",「おや…！　おおい！　嘉音くんやないか！　久しぶりやな、元気かぁ！」,「おや…！　おおい！　嘉音くんやないか！　久しぶりやな、元気かぁ！」,"""Ба! Эгей! Да это же Канон‐кун! Сколько лет, сколько зим! Как ты поживаешь?!""","""Ora...! Eiiii! Se não é o Kanon‐kun! Há quanto tempo, como tem passado?!""",「哦…？喂——！这不是嘉音君呐！好久不见了呐，精神还好吗！」,「哦…？喂——！這不是嘉音君吶！好久不見了吶，精神還好嗎！」,"""Oh...! Eeehi! Guarda chi c'è, Kanon-kun! È da tanto che non ci si vede, come te la passi?!""","""Oh...! Eeehi! Ma guarda, se non è Kanon-kun! È da tanto che non ci si vede, come stai?!""","""¡¿Oh?! ¡Oyeee! ¡Pero si es Kanon‐kun! Ha pasa'o tanto tiempo, ¡¿cómo te va?!""","""ﺇﻟﻬﻲ...! ﻫﻴﻴﻴﻪ! ﺃﻟﻴﺲ ﺫﻟﻚ ﻛﺎﻧﻮﻥ-ﻛﻦ! ﻟﻘﺪ ﻣﻀﺖ ﻣﺪﺓ ﻃﻮﻳﻠﺔ! ﻣﺎ ﻫﻲ ﺃﺧﺒﺎﺭﻙ؟!""","""Ôi chà...! Ô kìaaaaa! Có phải là Kanon đó không?! Lâu quá rồi, cháu khỏe không?!""","""Astaga...! Heeey! Kanon-kun! Sudah lama tidak bertemu, bagaimana kabarmu?!""","""Oh...! Heeey! Bu Kanon-kun değil mi! Çok uzun zaman oldu, nasılsın?!"""
,Uncle Hideyoshi suddenly shouted.,Uncle Hideyoshi suddenly shouted. ,"Hideyoshi oji-san suddenly shouted.",秀吉伯父さんが唐突に大声を上げた。,秀吉伯父さんが唐突に大声を上げた。,Неожиданно закричал дядя Хидэёши.,O tio Hideyoshi deu um berro repentino.,秀吉姑父突然提高了自己的音量。,秀吉姑父突然提高了自己的音量。,Hideyoshi oji-san urlò all'improvviso.,Gridò ad alta voce lo zio Hideyoshi all'improvviso.,El tío Hideyoshi gritó repentinamente.,ﺻﺎﺡ ﺍﻟﻌﻢ ﻫﻴﺪﻳﻮﺷﻲ ﻋﻠﻰ ﻧﺤﻮ ﻣﻔﺎﺟﺊ.,Chú Hideyoshi đột nhiên hét lên.,Paman Hideyoshi tiba-tiba berteriak.,Hideyoshi Amca aniden bağırdı.
,"In the direction he was waving, .........there was a slender boy.",In the direction he was waving... ...was a slender boy. ," In the direction he was waving at, .........there was a slender boy.",手を振っている方を見ると、………小柄な少年がいた。,手を振っている方を見ると、………小柄な少年がいた。,"В направлении, куда он махал, находился стройный юноша.","Na direção que ele estava acenando, .........havia um garoto esguio.",向着他挥手的方向看去，………可以看到一位小个子的少年。,向著他揮手的方向看去，………可以看到一位小個子的少年。,Nella direzione verso cui indicava... c'era un ragazzo snello.,Quando guardammo nella direzione verso cui stava agitando la mano... vedemmo un ragazzo dalla costituzione esile.,"En la dirección que agitaba sus manos, había un chico esbelto.",ﻋﻨﺪ ﺍﻻﺗﺠﺎﻩ ﺍﻟﺬﻱ ﻛﺎﻥ ﻳﻠﻮﺡ ﻧﺤﻮﻩ، ........ﻭﻗﻒ ﻫﻨﺎﻙ ﻓﺘﻰ ﻧﺤﻴﻞ.,"Hướng mà chú đang vẫy tay về, .........là một cậu bé gầy gò.","Di arah yang dia lambaikan, .........ada seorang anak laki-laki kurus.","El salladığı yönde, .........ince yapılı bir çocuk vardı."
,Meeting him right after a huge man like Gohda probably emphasized his small stature.,Meeting him right after a huge man like Gohda probably emphasized his small stature. ," Meeting him right after a huge man like Gohda probably emphasized his small stature.",郷田さんのような大柄の男を見た直後だと、その小柄さが一層際立って見えたかもしれない。,郷田さんのような大柄の男を見た直後だと、その小柄さが一層際立って見えたかもしれない。,"Его скромное телосложение лишь подчеркивалось за счёт того, что мы встретили его после крупного мужчины Годы.",Encontrá‐lo após ter encontrado um homem grande como o Gohda provavelmente enfatiza a sua baixa estatura.,大概是因为刚刚看过乡田那样的大块头，少年的身材显得更加矮小了。,大概是因為剛剛看過鄉田那樣的大塊頭，少年的身材顯得更加矮小了。,"Vedere qualcuno così basso dopo quell'omone di Gohda, probabilmente enfatizzava la sua snella statura.","La sua figura appariva ancor più minuta, dopo aver visto un uomo dalla grossa corporatura come Gouda.",Verle justo después de haber visto a un hombre grande como Gohda quizá enfatizaba su pequeña estatura.,ﻣﻘﺎﺑﻠﺘﻪ ﻣﺒﺎﺷﺮﺓ ﺑﻌﺪ ﻟﻘﺎﺀ ﺭﺟﻞ ﺿﺨﻢ ﻣﺜﻞ ﻗﻮﺩﺍ ﺃﻭﺿﺤﺖ ﻗﺎﻣﺘﻪ ﺍﻟﺼﻐﻴﺮﺓ.,Gặp ngay sau một người khổng lồ như Gohda có lẽ càng làm dáng người nhỏ nhắn của cậu ta nổi bật hơn.,Bertemu dengannya tepat setelah pria besar seperti Gohda mungkin menekankan posturnya yang kecil.,Gohda gibi devasa bir adamın hemen ardından onunla karşılaşmak muhtemelen onun küçük boyunu vurguluyordu.
,The boy was in the middle of transporting piled‐up gardening tools and the like in a wheelbarrow.,The boy was in the middle of transporting piled-up gardening tools and the like in a wheelbarrow. ," The boy was in the middle of transporting piled-up gardening tools and the like in a wheelbarrow.",少年は、手押しの猫車に園芸の道具などを積んで運んでいるところだった。,少年は、手押しの猫車に園芸の道具などを積んで運んでいるところだった。,Он был занят транспортировкой различных садовых принадлежностей в тачке.,"O garoto estava transportando diversas ferramentas de jardinagem, empilhadas em um carrinho de mão.",少年正用手推式的独轮车，运送着堆积如山的园艺工具。,少年正用手推式的獨輪車，運送著堆積如山的園藝工具。,Il ragazzo stava trasportando alcune attrezzature da giardinaggio e simili su una carriola.,"Il ragazzo stava spingendo una carriola, in cui vi erano ammassati, tra le varie cose, degli attrezzi da giardinaggio.",El chico estaba transportando herramientas de jardín apiladas y cosas similares en una carretilla.,ﻛﺎﻥ ﺍﻟﻔﺘﻰ ﻳﻨﻘﻞ ﺃﺩﻭﺍﺕ ﺍﻟﺒﺴﺘﻨﺔ ﺍﻟﻤﻜﺪﺳﺔ ﻭﻣﺎ ﺷﺎﺑﻪ ﺫﻟﻚ ﺑﻮﺍﺳﻄﺔ ﻋﺮﺑﺔ ﻳﺪﻭﻳﺔ.,Cậu ấy đang đẩy một chiếc xe rùa chất đầy dụng cụ làm vườn các loại.,Anak laki-laki itu sedang mengangkut peralatan berkebun yang ditumpuk di gerobak dorong.,Çocuk bir el arabasında yığılı bahçe aletlerini ve benzerlerini taşımanın ortasındaydı.
,"When he realized he was being called to stop, he set down the wheelbarrow, took his hat off and bowed his head.","When he realized he was being called to stop, he set down the wheelbarrow, took his hat off and bowed his head. "," When he realized he was being called to stop, he set down the wheelbarrow, took his hat off and bowed his head.",自分が呼び止められたことを知ると、猫車を置いて帽子を取り、頭を下げた。,自分が呼び止められたことを知ると、猫車を置いて帽子を取り、頭を下げた。,"Осознав, что его просят остановиться, он оставил тачку, снял свой головной убор и поклонился.","Quando ele percebeu que estava sendo chamado, ele parou seu carrinho, tirou seu chapéu e nos cumprimentou, fazendo uma reverência com sua cabeça.",意识到有人在喊自己后，他把独轮车放在了一边，脱下帽子低头行了个礼。,意識到有人在喊自己後，他把獨輪車放在了一邊，脫下帽子低頭行了個禮。,"Quando realizzò di essere stato chiamato, mise giù la carriola, tolse il berretto e chinò la testa.","Una volta che realizzò di essere stato chiamato, egli mise giù la carriola e si tolse il berretto, chinando il capo.","Cuando se dio cuenta de que le estaban llamando para que se detuviera, puso abajo la carretilla, se quitó el sombrero e inclinó la cabeza.",ﻋﻨﺪﻣﺎ ﺃﺩﺭﻙ ﺑﺄﻧﻪ ﻳﻨﺎﺩﻯ ﻋﻠﻴﻪ ﻟﻠﺘﻮﻗﻒ، ﺃﻧﺰﻝ ﺍﻟﻌﺮﺑﺔ، ﻭﺃﺯﺍﻝ ﻗﺒﻌﺘﻪ ﻭﺃﺣﻨﻰ ﺭﺃﺳﻪ.,"Khi nhận ra có người gọi mình, cậu đặt xe rùa xuống, tháo mũ và cúi đầu chào.","Ketika menyadari dipanggil untuk berhenti, dia menurunkan gerobak, melepas topinya dan menunduk.","Durması için çağrıldığını fark ettiğinde el arabasını yere bıraktı, şapkasını çıkardı ve başını eğdi."
Kanon,""".................. .........Good afternoon.""","""............ ...Good afternoon."" ","""...........................Good afternoon.""",「………………。………こんにちは。」,「………………。………こんにちは」,"""...........................Добрый день.""",""".................. .........Bom dia.""",「………………。……午安。」,「………………。……午安。」,"""... Buon pomeriggio.""","""...Buongiorno a voi.""","""... Buenas tardes.""",""".................. ......... ﻣﺴﺎﺀ ﺍﻟﺨﻴﺮ.""",""".................. .........Chào buổi chiều ạ.""",""".................. .........Selamat siang.""",""".................. .........İyi günler."""
,...I figured he was probably younger than me.{n}I realized by the general atmosphere surrounding him that he was a servant too.,...I figured he was probably younger than me. And I realized by the general atmosphere surrounding him that he was another servant. ,"...I figured he was probably younger than me. I realized by the general atmosphere surrounding him that he was a servant too.",…多分、俺より年下だと思う。雰囲気から彼も使用人であることがわかった。,…多分、俺より年下だと思う。{n}雰囲気から彼も使用人であることがわかった。,"По моим прикидкам он был младше меня.{n}Ещё, по общей атмосфере, окружавшей его, я понял, что он слуга.","...Ele provavelmente deveria ser mais novo que eu.{n}Eu percebi pela atmosfera que o cercava, que ele também devia ser um serviçal.",…我想他的年纪应该比我小吧。{n}从氛围来看，他也是佣人中的一员。,…我想他的年紀應該比我小吧。{n}從氛圍來看，他也是傭人中的一員。,"... Probabilmente era più giovane di me. Realizzai, dal suo stato d'animo, che era anche lui un domestico.","...Forse era più giovane di me. Dal modo in cui si atteggiava, capii che anche lui era un domestico.",Me imaginé que probablemente era más joven que yo.{n}Por la atmósfera que lo rodeaba me di cuenta de que también era un sirviente.,ﻳﺒﺪﻭ ﺑﺄﻧﻪ ﺃﺻﻐﺮ ﺳﻨﺎ ﻣﻨﻲ.{n}ﺃﺩﺭﻛﺖ ﻣﻦ ﺧﻼﻝ ﺍﻟﺸﻜﻞ ﺍﻟﻤﺤﻴﻂ ﺑﻪ ﺃﻧﻪ ﻳﻌﻤﻞ ﺧﺎﺩﻣﺎ ﺃﻳﻀﺎ.,"...Tôi đoán cậu ấy có lẽ trẻ hơn tôi.{n}Tôi nhận ra qua bầu không khí xung quanh cậu ấy, rằng cậu cũng là một gia nhân.",...Kutebak usianya mungkin lebih muda dariku.{n}Aku menyadari dari aura umum di sekitarnya bahwa dia juga seorang pelayan.,...Muhtemelen benden daha genç olduğunu düşündüm.{n}Etrafındaki genel havadan onun da bir hizmetkâr olduğunu anladım.
,"Though he did greet Uncle Hideyoshi back, he himself seemed like he might be unsociable.","He greeted us in response to Uncle Hideyoshi's call, but he seemed like he might be pretty unsociable most of the time. "," He answered Hideyoshi oji-san's greeting, but he seemed unsociable deep down.",秀吉伯父さんの挨拶に応える形で挨拶を返してくれたが、本来は無愛想なのかもしれない。,秀吉伯父さんの挨拶に応える形で挨拶を返してくれたが、本来は無愛想なのかもしれない。,"Он ответил на приветствие дяди Хидэёши, но сам производил впечатление крайне необщительного человека.","Embora ele tivesse cumprimentado o tio Hideyoshi, ele parecia ser um pouco antissocial.",虽然他对秀吉姑父的招呼回了礼，但是本人说不定是个待人冷淡的人。,雖然他對秀吉姑父的招呼回了禮，但是本人說不定是個待人冷淡的人。,"Aveva risposto al saluto di Hideyoshi oji-san, ma sembrava asociale, in fondo.","Aveva ricambiato al saluto portogli da zio Hideyoshi, ma sembrava essere un tipo distaccato.","Respondió al saludo del tío Hideyoshi, pero parecía bastante poco sociable.",ﺭﺩ ﺗﺤﻴﺔ ﺍﻟﻌﻢ ﻫﻴﺪﻳﻮﺷﻲ، ﻟﻜﻦ ﻳﺒﺪﻭ ﺃﻧﻪ ﺷﺨﺺ ﺍﻧﻄﻮﺍﺋﻲ ﻓﻲ ﺃﻋﻤﺎﻗﻪ.,"Mặc dù cậu ấy có chào lại chú Hideyoshi, nhưng bản thân cậu ấy có vẻ hơi khó gần.","Meski dia membalas salam Paman Hideyoshi, dia sendiri terlihat seperti orang yang tidak mudah bergaul.","Hideyoshi Amca'ya selam vermesine rağmen, kendisi çekingen biri gibi görünüyordu."
,It was a greeting that lacked feeling.,It was a greeting that lacked feeling. ," It was a greeting that lacked feeling.",ちょっと感情の篭らない挨拶だった。,ちょっと感情の篭らない挨拶だった。,В его приветствии не хватало чувства.,Foi uma saudação que carecia de sentimento.,回礼中少了那么点感情。,回禮中少了那麼點感情。,Era un saluto che mancava di sentimento.,Era un saluto leggermente privo di sentimento.,Era un saludo que carecía de sentimiento.,ﻛﺎﻧﺖ ﺗﺤﻴﺔ ﺧﺎﻟﻴﺔ ﻣﻦ ﺍﻟﻤﺸﺎﻋﺮ.,Đó là một lời chào thiếu cảm xúc.,Salam yang diberikan terasa hambar.,Duygudan yoksun bir selamlamaydı.
,"When Gohda‐san noticed that our interest had shifted towards him, he went to the boy's side and introduced him to us.","When Gohda-san noticed that our interest had shifted towards him, he went to the boy's side and introduced him to us. "," When Gohda-san noticed that our interest had shifted towards him, he went to the boy's side and introduced him to us.",俺らの関心が彼に移ったのに気付くと、郷田さんは少年の脇に行き紹介してくれた。,俺らの関心が彼に移ったのに気付くと、郷田さんは少年の脇に行き紹介してくれた。,"Года‐сан, заметив, что наш интерес переключился на этого юношу, подошёл к нему и представил его нам.","Quando o Gohda‐san percebeu que o nosso interesse havia se voltado pare ele, logo ele foi até o garoto para apresentá‐lo para nós.",察觉到我们对少年的关注，乡田走到他旁边，给我们介绍了起来。,察覺到我們對少年的關注，鄉田走到他旁邊，給我們介紹了起來。,Appena Gohda notò il nostro interesse si spostò dalla parte del ragazzo e ce lo presentò.,"Quando Gouda notò che il nostro interesse si era spostato su di lui, si mise a fianco del ragazzo e ce lo presentò.","Cuando Gohda‐san se dio cuenta de que nuestro interés se había desplazado hacia ese chico, se fue a su lado y nos lo presentó.",ﻋﻨﺪﻣﺎ ﻻﺣﻆ ﻗﻮﺩﺍ-ﺳﺎﻥ ﺍﻧﺼﺒﺎﺏ ﺍﻫﺘﻤﺎﻣﻨﺎ ﻧﺤﻮﻩ، ﺫﻫﺐ ﺇﻟﻰ ﺟﺎﻧﺐ ﺍﻟﻔﺘﻰ ﻭﻗﺪﻣﻪ ﻟﻨﺎ.,"Khi chú Gohda nhận thấy sự quan tâm của chúng tôi đã chuyển sang cậu bé, chú đã đến bên cậu và giới thiệu cậu với chúng tôi.","Ketika Gohda-san menyadari perhatian kami beralih padanya, dia menghampiri anak itu dan memperkenalkannya pada kami.",Gohda-san ilgimizin ona kaydığını fark edince çocuğun yanına gitti ve onu bizimle tanıştırdı.
Gohda Toshiro,"""Battler‐sama, I shall introduce you. He is one of the servants who serve the Ushiromiya head house. ...Kanon‐san, greet our guest.""","""Battler-sama, allow me to introduce you. This is one of the servants of the Ushiromiya Head Household. ...Kanon-san, greet our guest."" ","""Battler-sama, I shall introduce you. He is one of the servants who serve the Ushiromiya head house. ...Kanon-san, greet our guest.""",「戦人さま、ご紹介いたします。右代宮本家にお仕えしております使用人のひとりです。…嘉音さん、お客様にご挨拶を。」,「戦人さま、ご紹介いたします。右代宮本家にお仕えしております使用人のひとりです。…嘉音さん、お客様にご挨拶を」,"""Баттлер‐сама, позвольте познакомить вас. Он слуга головного дома Уширомия. ...Канон‐сан, поприветствуй нашего гостя.""","""Battler‐sama, me permita apresentá‐lo. Ele é um dos serviçais que serve ao chefe da família Ushiromiya. ...Kanon‐san, cumprimente nossos hóspedes.""",「战人少爷，请恕鄙人介绍一下。他是侍奉右代宫本家的佣人之一。…嘉音，跟客人们打个招呼。」,「戰人少爺，請恕鄙人介紹一下。他是侍奉右代宮本家的傭人之一。…嘉音，跟客人們打個招呼。」,"""Battler-sama, ve lo presento. È uno dei domestici che lavorano nella Villa Ushiromiya. ... Kanon-san, saluta il nostro ospite.""","""Signorino Battler, lasci che ve lo presenti. Lui è uno dei domestici al servizio della famiglia Ushiromiya... Porgi i tuoi saluti al nostro ospite, Kanon-san.""","""Battler‐sama, lo presentaré. Él es uno de los sirvientes que sirve a la casa principal de la familia Ushiromiya. Kanon‐san, dale la bienvenida a nuestro invitado.""","""ﺩﻋﻨﻲ ﺃﻋﺮﻓﻚ ﻋﻠﻴﻪ ﻳﺎ ﺑﺎﺗﻠﺮ-ﺳﺎﻣﺎ. ﺇﻧﻪ ﺃﺣﺪ ﺍﻟﺨﺪﻡ ﺍﻟﺬﻳﻦ ﻳﺨﺪﻣﻮﻥ ﻣﻨﺰﻝ ﺃﺳﺮﺓ ﺃﻭﺷﻴﺮﻭﻣﻴﺎ. ....ﻛﺎﻧﻮﻥ-ﺳﺎﻥ، ﻟﺘﺤﻲ ﺿﻴﻮﻓﻨﺎ.""","""Thưa cậu Battler, tôi xin được giới thiệu. Cậu ta là một trong những gia nhân phục vụ tại nhà chính của gia tộc Ushiromiya. ...Kanon này, hãy chào các vị khác của chúng ta nào.""","""Battler-sama, izinkan saya memperkenalkan. Dia adalah salah satu pelayan yang melayani rumah kepala keluarga Ushiromiya. ...Kanon-san, sambut tamu kita.""","""Battler-sama, sizi tanıştırayım. Kendisi Ushiromiya'ya hizmet eden hizmetkârlardan biridir. ...Kanon-san, misafirimizi selamla."""
Kanon,"""..................I'm pleased to meet you. I am the servant............Kanon ({p:0:嘉音}).""","""............I'm pleased to meet you. I am the servant......... Kanon ({p:0:嘉音 )."" ","""..................I'm pleased to meet you. I am the servant............, Kanon ({p:0:嘉音}).""",「………………初めまして。使用人の…………、嘉音（かのん）です。」,「………………初めまして。使用人の…………、嘉音です」,"""Рад познакомиться с вами. Слуга... Канон ({p:0:嘉音}).""","""..................Prazer em conhecê‐lo. Eu sou um dos serviçais............Kanon ({p:0:嘉音}).""",「………………初次见面。我是佣人…………，{ruby:Kanon:嘉音}。」,「………………初次見面。我是傭人…………，{ruby:Kanon:嘉音}。」,"""... Piacere di conoscervi. Io sono il domestico... Kanon ({p:0:嘉音}).""","""...Piacere di conoscerla. Io sono il domestico... Kanon ({p:0:嘉音}).""","""... Estoy encantado de conocerlo. Soy el sirviente... Kanon ({p:0:嘉音}).""","""...................ﻣﻦ ﺩﻭﺍﻉ ﺳﺮﻭﺭﻱ ﻣﻘﺎﺑﻠﺘﻜﻢ. ﺃﻧﺎ ﺍﻟﺨﺎﺩﻡ.............،ﻛﺎﻧﻮﻥ  ({p:0:音嘉}).""","""..................Rất vui được gặp các vị. Tôi là gia nhân............Kanon ({p:0:嘉音}).""","""..................Senang berkenalan. Saya pelayan............Kanon ({p:0:嘉音}).""","""..................Sizinle tanıştığıma memnun oldum. Ben hizmetkâr............Kanon ({p:0:嘉音})."""
,"Yep, my first impression wasn't wrong—he gave the feeling that he was unsociable, or maybe a bit of a poor speaker.","Yep, my first impression wasn't wrong. He seemed to be unsociable, or at least not so good at talking. ","Yep, my first impression wasn't wrong, he gave the feeling that he was unsociable, and a bit of a poor speaker.",やはり第一印象に違わず、無愛想というか、口下手だなと感じた。,やはり第一印象に違わず、無愛想というか、口下手だなと感じた。,"Да, моё первое впечатление не обмануло меня, по ощущениям, он был необщителен и не силён в ораторстве.","É, minha primeira impressão sobre ele não estava errada — ele passa a impressão de ser antissocial, ou talvez não seja bom com as palavras.",果然第一印象没有错。与其说是待人冷淡，倒不如说是给人一种不善言辞的感觉。,果然第一印象沒有錯。與其說是待人冷淡，倒不如說是給人一種不善言辭的感覺。,"Sì, la mia prima impressione non fu sbagliata, dava la sensazione di essere un asociale, o forse uno che parla poco.","In fin dei conti la mia prima impressione non era sbagliata: sembrava essere poco socievole, o impacciato nel parlare.","Sí, mi primera impresión no fue errónea, él daba la sensación de que era poco sociable, y un poco malo para conversar.",ﻧﻌﻢ، ﺍﻧﻄﺒﺎﻋﻲ ﺍﻷﻭﻝ ﻟﻢ ﻳﻜﻦ ﺧﺎﻃﺊ، ﺇﻧﻪ ﻳﻌﻄﻲ ﺷﻌﻮﺭﺍ ﺑﺄﻧﻪ ﻻ ﻳﺤﺐ ﺍﻟﺘﻮﺍﺻﻞ ﻣﻊ ﺍﻵﺧﺮﻳﻦ، ﻭﺃﻧﻪ ﻗﻠﻴﻞ ﺍﻟﻜﻼﻡ.,"Ừm, ấn tượng đầu tiên của quả là không sai. Cậu ta có vẻ không mấy thân thiện, hoặc có lẽ là kiểu người nói năng vụng về.","Ya, kesan pertamaku tidak salah - dia memberi kesan tidak mudah bergaul, atau mungkin sedikit kurang pandai bicara.","Evet, ilk izlenimimde yanılmamışım—çekingen ya da biraz kötü konuşan biri olduğu hissini verdi."
,"In contrast with Gohda‐san, who was extraordinarily polished as a servant, it was impossible not to feel the immaturity you'd expect of someone his age.","Compared to Gohda-san, who was extraordinarily polished as a servant, you couldn't help but feel an inexperience typical of his age. "," Compared to Gohda-san, who was extraordinarily polished as a servant, no matter what he did, he gave off a feeling of inexperience typical of his age.",郷田さんが使用人として非常に洗練されていることと比べると、どうしても年齢相応の未熟さを感じてしまうのだった。,郷田さんが使用人として非常に洗練されていることと比べると、どうしても年齢相応の未熟さを感じてしまうのだった。,"По сравнению с Годой‐саном, великолепно вышколенным слугой, что бы он ни делал, от него веяло неопытностью, типичной для юного возраста.","O que contrasta com o Gohda‐san, que é um serviçal extremamente educado. Era impossível não sentir a imaturidade que você espera vinda de alguém da sua idade.",比起乡田作为佣人那老练的技巧，怎么看他都只会感觉到与他年龄相称的青涩。,比起鄉田作為傭人那老練的技巧，怎麼看他都只會感覺到與他年齡相稱的青澀。,"Al contrario di Gohda-san, che era straordinariamente educato come domestico, non importa quello che facesse, aveva un atteggiamento di inesperienza tipico della sua età.","Confrontandolo con Gouda-san, che come domestico era straordinariamente posato, volente o nolente risultava essere immaturo, come ogni ragazzo della sua età.","Comparado con Gohda‐san, que estaba extremadamente pulido como sirviente, sin importar lo que hiciera, él daba una sensación de inexperiencia típica de su edad.",ﺑﺎﻟﻤﻘﺎﺭﻧﺔ ﻣﻊ ﻗﻮﺩﺍ-ﺳﺎﻥ، ﺍﻟﺬﻱ ﻛﺎﻥ ﻣﻬﺬﺑﺎ ﺑﺸﻜﻞ ﻣﻠﺤﻮﻅ ﻛﺨﺎﺩﻡ، ﺃﻋﻄﻰ ﺍﻟﻔﺘﻰ ﺷﻌﻮﺭﺍ ﺑﺄﻧﻪ ﺷﺨﺺ ﻋﺪﻳﻢ ﺍﻟﺨﺒﺮﺓ ﻓﻲ ﻋﻤﺮﻩ.,"Trái ngược với chú Gohda, người có phong thái vô cùng chuẩn mực của một gia nhân, thật khó để không cảm nhận được sự non nớt thường thấy ở một người ở độ tuổi như cậu.","Berbeda dengan Gohda-san yang sangat terampil sebagai pelayan, mustahil untuk tidak merasakan kekurangdewasaan yang wajar untuk usianya.","Bir hizmetkâr olarak olağanüstü kibar olan Gohda-san'ın aksine, onun yaşındaki birinden bekleyeceğiniz olgunlaşmamışlığı hissetmemek mümkün değildi."
,"When Gohda‐san urged him in a whisper to give a bit more of an introduction, the boy named Kanon only cast his eyes downwards.","When Gohda-san urged him in a whisper to give a bit more of an introduction, the boy named Kanon only cast his eyes downwards. "," When Gohda-san urged him in a whisper to give a bit more of an introduction, the boy named Kanon only cast his eyes downwards.",郷田さんが、もう少し自己紹介はできませんかと小声で促しているが、嘉音という少年は俯くだけだ。,郷田さんが、もう少し自己紹介はできませんかと小声で促しているが、嘉音という少年は俯くだけだ。,"Когда Года‐сан шёпотом настоятельно попросил его представиться поподробнее, юноша по имени Канон лишь опустил взгляд.","Quando o Gohda‐san sussurrou para que ele se apresentasse melhor, o garoto, de nome Kanon, apenas olhou para baixo.",乡田小声催促着他“就不能做下自我介绍吗”，被称作嘉音的少年却依然只是低头不语。,鄉田小聲催促著他“就不能做下自我介紹嗎”，被稱作嘉音的少年卻依然只是低頭不語。,"Quando Gohda-san lo esortò a bassa voce di presentarsi, il ragazzo chiamato Kanon gettò lo sguardo a terra.","Gouda-san lo esortò con voce bassa a presentarsi in maniera un po' più adeguata, ma il suddetto Kanon si limitò a volgere lo sguardo a terra.","Cuando Gohda‐san le incitó con un susurro a que diera una introducción un poco más larga, el chico llamado Kanon solo bajó la mirada.",ﻋﻨﺪﻣﺎ ﺣﺜﻪ ﻗﻮﺩﺍ-ﺳﺎﻥ ﻭﻫﻮ ﻳﻬﻤﺲ ﻟﻪ ﺑﺄﻥ ﻳﻌﺮﻑ ﺑﻨﻔﺴﻪ ﺃﻛﺜﺮ ﻗﻠﻴﻼ، ﻟﻢ ﻳﻘﻢ ﺍﻟﻔﺘﻰ ﺍﻟﻤﺴﻤﻰ ﻛﺎﻧﻮﻥ ﺑﻔﻌﻞ ﺷﻲﺀ ﻏﻴﺮ ﺍﻟﻨﻈﺮ ﺇﻟﻰ ﺃﺳﻔﻞ.,"Khi chú Gohda thì thầm nhắc nhở cậu nên giới thiệu kỹ hơn, cậu bé tên Kanon chỉ đưa mắt nhìn xuống.","Ketika Gohda-san membisikinya untuk memberikan perkenalan lebih lengkap, anak bernama Kanon ini hanya menundukkan pandangannya.","Gohda-san fısıltıyla onu biraz daha kendini tanıtması için teşvik ettiğinde, Kanon adlı çocuk karşılık olarak gözlerini aşağıya doğru çevirdi."
Gohda Toshiro,"""Kanon‐san. Could you perhaps give them a little more as a greeting...?""","""Kanon-san, could you perhaps give them a little more of a greeting...?"" ","""Kanon-san. Could you perhaps give them a little more as a greeting...?""",「嘉音さん。もう少し何か挨拶することはできませんか…？」,「嘉音さん。もう少し何か挨拶することはできませんか…？」,"""Канон‐сан, может, тебе стоит сделать более развернутое приветствие?""","""Kanon‐san. Você poderia ao menos cumprimentá‐los melhor...?""",「嘉音。就不能稍微再和大家寒暄一下吗？」,「嘉音。就不能稍微再和大家寒暄一下嗎？」,"""Kanon-san. Non potresti forse dare un'accoglienza più calorosa...?""","""Kanon-san. Non potresti fornire un'accoglienza più calorosa...?""","""Kanon‐san. ¿Podrías darles una bienvenida un poco mejor?""","""ﻛﺎﻧﻮﻥ-ﺳﺎﻥ ﻫﻞ ﻳﻤﻜﻦ ﺃﻥ ﺗﻤﻨﺤﻬﻢ ﺃﻛﺜﺮ ﻣﻦ ﺫﻟﻚ ﺑﻘﻠﻴﻞ ﻛﺘﺤﻴﺔ...؟""","""Kanon à. Cậu hãy chào hỏi mọi người cho phải phép hơn được không...?""","""Kanon-san. Mungkin bisa memberikan sambutan yang sedikit lebih panjang...?""","""Kanon-san. Onları biraz daha iyi karşılayabilir misin...?"""
Kanon,"""............I can't. ............Because we......are furniture.""",""".........No. .........Because we... are furniture."" ","""............No. ............Because we, ......are furniture.""",「…………いえ。…………僕たちは、……家具ですから。」,「…………いえ。…………僕たちは、……家具ですから」,"""Не могу... Потому что мы... мебель.""","""............Não posso. ............Porque nós......somos apenas mobílias.""",「…………不了。…………因为我们，……是家具。」,「…………不了。…………因為我們，……是家具。」,"""... No. ... Perché noi... siamo mobili.""","""...No... Perché noi... siamo mobili.""","""... No. Porque nosotros... somos muebles.""","""..................ﻻ. .................ﺫﻟﻚ ﻷﻧﻨﺎ،....ﻣﺠﺮﺩ ﺃﺛﺎﺙ.""","""............Không được ạ. ............Bởi vì chúng ta......chỉ là thứ đồ vật mà thôi.""","""............Saya tidak bisa. ............Karena kami......adalah perabotan.""","""............Yapamam. ............Çünkü biz......mobilyayız."""
,"It seemed that he wasn't refusing to greet us out of spite, but rather, he gave the impression that he didn't know what else to add to his greeting, and so could do nothing other than stay silent.","He didn't seem to be refusing to greet us out of spite. Rather, he seemed to have fallen silent because he didn't know what else to say to us in greeting. ","It seemed that he wasn't refusing to greet us out of spite, but rather, he gave the impression that he had no choice but stay silent, not knowing what to add to his greeting.",俺らに悪意があってそれ以上の挨拶を拒んでいる、というよりは、これ以上何を挨拶すればいいかわからず黙っているしかない、という風に見えた。,俺らに悪意があってそれ以上の挨拶を拒んでいる、というよりは、これ以上何を挨拶すればいいかわからず黙っているしかない、という風に見えた。,"Похоже, он отказывался поприветствовать нас не из неприязни, а скорее из‐за того, что ему ничего другого не оставалось, кроме как молчать, поскольку он не знал, чего ещё добавить к своему приветствию.","Parece que ele não está se recusando a nos cumprimentar por falta de educação, mas sim, porque ele passou a impressão de que não sabia o que mais poderia acrescentar ao seu cumprimento, e não pôde fazer mais nada além de ficar em silêncio.",看起来，与其说是讨厌我们，拒绝再和我们打招呼，倒不如说是不知道要再多说些什么了，只好保持沉默一样。,看起來，與其說是討厭我們，拒絕再和我們打招呼，倒不如說是不知道要再多說些什麼了，只好保持沉默一樣。,"Sembrava che non si stesse rifiutando di salutarci, eppure, dava l'impressione di non avere altra scelta se non di stare in silenzio, senza sapere cosa aggiungere alla sua presentazione.","Più che a rifiutarsi di migliorare la sua presentazione per dispetto, dava più l'impressione di non sapere cosa aggiungere, e di non poter fare altro se non restare in silenzio.","No parecía que se negara a saludarnos por desprecio, sino que daba la impresión de que no tenía otra opción más que permanecer en silencio, sin saber qué añadir a su saludo.",ﻳﺒﺪﻭ ﺃﻧﻪ ﻟﻢ ﻳﺮﻓﺾ ﺗﺤﻴﺘﻨﺎ ﻧﺘﻴﺠﺔ ﺿﻐﻴﻨﺔ، ﻭﻟﻜﻦ ﺑﺪﻻ ﻣﻦ ﻫﺬﺍ، ﻟﻘﺪ ﺃﻋﻄﻰ ﺍﻧﻄﺒﺎﻋﺎ ﺑﺄﻧﻪ ﻻ ﻳﻤﻠﻚ ﺧﻴﺎﺭﺍ ﺳﻮﻯ ﺍﻟﺼﻤﺖ، ﻻ ﻳﻌﻠﻢ ﻣﺎ ﺍﻟﺬﻱ ﻋﻠﻴﻪ ﺃﻥ ﻳﻀﻴﻔﻪ ﺇﻟﻰ ﺗﺤﻴﺘﻪ.,"Có vẻ như không phải cậu ấy từ chối chào hỏi vì thiếu lễ độ, mà là vì cậu không biết phải nói gì thêm nên đành im lặng.","Tampaknya dia tidak menolak menyapa kami karena sikap tidak sopan, melainkan lebih terkesan dia tidak tahu apa lagi yang harus ditambahkan dalam sapaannya, sehingga hanya bisa diam.","Görünüşe göre bizi selamlamayı inadına reddetmiyordu, daha ziyade, selamına başka ne ekleyeceğini bilemediği ve bu yüzden sessiz kalmaktan başka bir şey yapamadığı izlenimini verdi."
Ushiromiya Jessica,"""Ah, uh, Kanon‐kun's a man of few words. He might not be that sociable, but deep down he's really a good person! Don't get him wrong...!""","""W-Well, Kanon-kun's shy and doesn't tend to talk much. He might not be that sociable, but deep down he's really a good person! Don't get him wrong...! ","""Ah, uh, Kanon-kun's shy, he's the kind that doesn't talk much. He might not be that sociable, but deep down he's really a good person! Don't get him wrong...!",「あ、あー、嘉音くんは寡黙でさ、余計なおしゃべりはしない性分なんだよ。愛想は少し悪いけど根はいい人なんだぜ。誤解しないで…！,「あ、あー、嘉音くんは寡黙でさ、余計なおしゃべりはしない性分なんだよ。愛想は少し悪いけど根はいい人なんだぜ。誤解しないで…！」,"""Ах, э‐э, Канон‐кун застенчивый малый, из тех, кто говорит немного. Он, может, и необщительный, но в глубине души хороший человек! Не поймите его неправильно!""","""Ah, hm, o Kanon‐kun é um homem de poucas palavras. Ele pode não ser muito sociável, mas no fundo, é uma ótima pessoa! Não o entendam mal...!""",「啊、啊啊，嘉音君总是沉默寡言的，他的性格就是不爱说多余的话啦。虽然待人是稍微有点冷淡，不过骨子里是个好人嘞。不要误会…！」,「啊、啊啊，嘉音君總是沉默寡言的，他的性格就是不愛說多餘的話啦。雖然待人是稍微有點冷淡，不過骨子裏是個好人嘞。不要誤會…！」,"""Ah, uh, Kanon-kun è timido, è quel genere di persona che non parla molto. {n}È poco diplomatico, ma in fondo è davvero una brava persona! Non farti un'idea sbagliata...!","""V-Vedi, Kanon-kun è di poche parole, non ama chiacchierare. Non è molto socievole, ma in fondo è una brava persona! Non farti un'idea sbagliata...!""","""Ah, uh, Kanon‐kun es tímido, es del tipo que no habla mucho. ¡Puede que no sea tan sociable, pero en el fondo es una muy buena persona! ¡No se hagan una mala impresión!""","""ﺁﺁﻩ، ﺁﻩ، ﻛﺎﻧﻮﻥ-ﻛﻦ ﺇﻧﻪ ﻣﻦ ﺍﻟﻨﻮﻉ ﺍﻟﺬﻱ ﻻ ﻳﺘﺤﺪﺙ ﻛﺜﻴﺮﺍ. ﻗﺪ ﻻ ﻳﻈﻬﺮ ﻋﻠﻴﻪ ﺑﺄﻧﻪ ﺍﺟﺘﻤﺎﻋﻲ، ﻭﻟﻜﻦ ﻓﻲ ﺃﻋﻤﺎﻗﻪ ﺇﻧﻪ ﺣﻘﺎ ﺷﺨﺺ ﺟﻴﺪ! ﻻ ﺗﺴﻴﺌﻮﺍ ﻓﻬﻤﻪ...!""","""À, ừm, Kanon là người ít nói lắm. Cậu ấy có thể không thân thiện lắm, nhưng thật ra cậu ấy là người tốt đó! Mọi người đừng hiểu lầm nha...!""","""Ah, uh, Kanon-kun memang sedikit bicara. Mungkin tidak terlalu mudah bergaul, tapi sebenarnya dia orang baik! Jangan salah paham...!""","""Ah, Kanon-kun utangaçtır ve pek fazla da konuşmaz. O kadar sosyal olmayabilir ama özünde gerçekten iyi bir insan! Onu yanlış anlamayın...!"""
Ushiromiya Jessica,"""You've been working here for three years, was it? So yeah, you've been here a year longer than Gohda‐san, right, Kanon‐kun?""","You've been working here for three years, haven't you? Pretty sure you started a year before Gohda-san, right?"" "," You've been working here for three years, was it? So yeah, you've been here a year longer than Gohda-san, right Kanon-kun?""",ここに勤めて３年になるっけ？　確か郷田さんより１年長いんだよな、嘉音くん？」,「ここに勤めて３年になるんだっけ？　確か郷田さんより１年長いんだよな、嘉音くん？」,"""Ты работаешь здесь уже три года, так? Значит это на год больше, чем Года‐сан, верно, Канон‐кун?""","""Você está trabalhando aqui há três anos, certo? Então você está aqui há um ano a mais que o Gohda‐san, certo, Kanon‐kun?""",「在这里工作有三年了吧？好像比乡田还早来一年，是吧嘉音君？」,「在這裡工作有三年了吧？好像比鄉田還早來一年，是吧嘉音君？」,"Hai lavorato qui per tre anni, vero? Quindi, sei stato assunto qui un anno prima di Gohda-san, giusto Kanon-kun?""","""Lavori qui da tre anni, vero? Se non sbaglio, sei qui da un anno prima di Gouda-san, giusto, Kanon-kun?""","""Has estado trabajando aquí por tres años, ¿no? Entonces, has estado aquí un año más que Gohda‐san, ¿cierto, Kanon‐kun?""","""ﻋﻤﻠﺖ ﻫﻨﺎ ﻟﻤﺪﺓ ﺛﻼﺙ ﺳﻨﻮﺍﺕ، ﺃﻟﻴﺲ ﻛﺬﻟﻚ؟ ﻛﻨﺖ ﻫﻨﺎ ﻟﻤﺪﺓ ﺃﻃﻮﻝ ﻣﻦ ﻗﻮﺩﺍ-ﺳﺎﻥ ﺑﻌﺎﻡ، ﺻﺤﻴﺢ ﻳﺎ ﻛﺎﻧﻮﻥ-ﺳﺎﻥ؟""","""Cậu làm vậy ở đây được ba năm rồi nhỉ? Vậy là lâu hơn chú Gohda một năm đúng không nè, Kanon?""","""Kamu sudah bekerja di sini selama tiga tahun, kan? Jadi ya, lebih lama setahun dari Gohda-san, benar kan, Kanon-kun?""","""Üç yıldır burada çalışıyorsun, değil mi? Yani evet, Gohda-san'dan bir yıl daha uzun süredir buradasın, değil mi Kanon-kun?"""
,"Even though it's not like he made a super bad impression, Jessica hurriedly backed him up.","Even though he wasn't exactly giving a terrible first impression, Jessica hurriedly backed him up. ","Even though it's not like he made a super bad impression, Jessica hurriedly backed him up.",別に悪い印象を持ったわけじゃないのに、朱志香が慌ててフォローしてくれる。,別に悪い印象を持ったわけじゃないのに、朱志香が慌ててフォローしてくれる。,"И хотя Канон‐кун, в общем‐то, не произвёл такого уж плохого впечатления, Джессика поспешила выступить в его поддержку.","Mesmo que ele não tenha passado uma péssima primeira impressão, a Jessica rapidamente o apoiou.",其实也没给人留下什么坏印象，朱志香却慌慌张张地跑出来打圆场。,其實也沒給人留下什麼壞印象，朱志香卻慌慌張張地跑出來打圓場。,"Anche se non aveva fatto una cattivissima impressione, Jessica lo spalleggiò rapidamente.","Jessica si affrettò ad assisterlo, anche se non mi aveva dato un'impressione particolarmente brutta...","A pesar de que no había dado una impresión extremadamente mala, Jessica se apresuró a defenderlo.",ﻟﻴﺲ ﻭﻛﺄﻧﻨﺎ ﺃﺧﺬﻧﺎ ﺍﻧﻄﺒﺎﻋﺎ ﺳﻴﺌﺎ ﻟﻠﻐﺎﻳﺔ ﺑﺸﺄﻧﻪ، ﺇﻻ ﺃﻥ ﺟﻴﺴﻴﻜﺎ ﻇﻠﺖ ﺗﺪﻋﻤﻪ ﻋﻠﻰ ﻧﺤﻮ ﺳﺮﻳﻊ.,"Dù ấn tượng về cậu ấy không quá đỗi tệ, Jessica vẫn vội vàng đỡ lời.","Meski kesan yang ditimbulkannya tidak terlalu buruk, Jessica buru-buru membelanya.",Çok kötü bir izlenim bırakmış gibi görünmese de Jessica aceleyle onu destekledi.
,"...I see, apparently him being unsociable works against him all the time.","...I see, apparently his unsociable nature causes him trouble a lot. ","...I see, apparently him being unsociable works against him all the time.",…なるほど、普段から無愛想で損をしているらしい。,…なるほど、普段から無愛想で損をしているらしい。,"...Видать, его необщительность постоянно работает против него.","...Entendo, aparentemente ele é insociável assim durante o tempo inteiro.",…原来如此，看起来平常就因为这冷淡的性格吃过不少亏。,…原來如此，看起來平常就因為這冷淡的性格吃過不少虧。,"... Capisco, apparentemente l'essere asociale è qualcosa che va contro di lui dopotutto.","Già, a quanto pareva i suoi modi freddi giocavano spesso a suo svantaggio.","Ya veo, aparentemente el ser poco sociable va en su contra todo el tiempo.",..... ﻓﻬﻤﺖ، ﻣﻤﺎ ﻳﻈﻬﺮ ﻋﻠﻴﻪ ﻛﻮﻧﻪ ﻓﺘﻰ ﺍﻧﻄﻮﺍﺋﻲ، ﻓﺈﻥ ﻫﺬﺍ ﺍﻷﻣﺮ ﻳﻘﻒ ﻓﻲ ﻃﺮﻳﻘﻪ ﻃﻮﺍﻝ ﺍﻟﻮﻗﺖ.,"...Ra vậy, có vẻ chuyện Kanon ít nói luôn khiến cậu ta bị hiểu lầm.","...Aku paham, rupanya sifatnya yang tidak mudah bergaul selalu menjadi masalah.","...Anlıyorum, görünüşe göre pek sosyal olmaması her zaman aleyhine işliyor."
Ushiromiya Battler,"""Cool, nice to meet you. I'm Battler! I'm 18, how old are you?""","""Okay then, nice to meet you. I'm Battler! I'm 18. How old are you?"" ","""Ok then, nice to meet you. I'm Battler! I'm 18, how old are you?""",「そっか、よろしくな。俺は戦人！　１８だけど、君はいくつだい？」,「そっか、よろしくな。俺は戦人！　１８だけど、君はいくつだい？」,"""Ну, рад познакомиться. Я Баттлер! Мне 18, а тебе?""","""Certo, prazer em conhecê‐lo. Meu nome é Battler! Eu tenho 18 anos, quantos você tem?""",「是这样啊，请多关照。我是战人！今年十八，你几岁啊？」,「是這樣啊，請多關照。我是戰人！今年十八，你幾歲啊？」,"""Bene, piacere di conoscerti. Io sono Battler! Ho diciotto anni, e tu?""","""Beh, piacere mio. Io sono Battler! Ho diciotto anni, e tu quanti ne hai?""","""Bueno, entonces, encantado de conocerte. ¡Soy Battler! Tengo 18, ¿qué edad tienes?""","""ﺣﺴﻨﺎ ﺇﺫﻥ، ﺳﻌﻴﺪ ﺑﻤﻘﺎﺑﻠﺘﻚ. ﺃﻧﺎ ﺑﺎﺗﻠﺮ! ﻋﻤﺮﻱ ﺛﻤﺎﻧﻴﺔ ﻋﺸﺮ ﻋﺎﻣﺎ، ﻛﻢ ﻫﻮ ﻋﻤﺮﻙ؟""","""Tốt quá, rất vui được gặp cậu. Tôi là Battler! Tôi 18 tuổi, còn cậu bao nhiêu?""","""Keren, senang berkenalan. Aku Battler! Umurku 18, kamu berapa?""","""Harika, tanıştığımıza memnun oldum. Ben Battler! 18 yaşındayım, sen kaç yaşındasın?"""
Kanon,"""...........................""","""..........................."" ","""...........................""",「………………………。」,「………………………」,"""...........................""","""...........................""",「………………………」,「………………………」,"""...""","""...""","""...""","""...........................""","""...........................""","""...........................""","""..........................."""
,"A silence, as if evaluating whether it was a question that must be answered or not.{n}...But here again, Jessica plowed ahead.","He fell silent, as though wondering whether or not it was a question he'd have to answer. ...But here again, Jessica plowed ahead. ","A silence, as if appraising whether it was a question that must be answered or not. ...But here again, Jessica plowed ahead.",答えるべき質問かどうか、値踏みするような沈黙。…これまた先に朱志香が教えてくれた。,答えるべき質問かどうか、値踏みするような沈黙。{n}…これまた先に朱志香が教えてくれた。,"Тишина, словно оценивающая, стоит ли отвечать на этот вопрос или нет.{n}И тут вновь поспешно вклинилась Джессика.","Ele ficou em silêncio, como se estivesse avaliando se era uma questão que precisasse ser respondida.{n}...Mas novamente, a Jessica se antecipou.",像是在考虑这是不是应该回答的问题一样，他沉默着。{n}…这次又是朱志香先一步替他告诉了我们。,像是在考慮這是不是應該回答的問題一樣，他沉默著。{n}…這次又是朱志香先一步替他告訴了我們。,"Un silenzio, come per soppesare se fosse una domanda a cui avrebbe dovuto rispondere o meno. ... E di nuovo, Jessica si fece avanti.","Lui tacque, come per soppesare se avesse dovuto rispondere o meno a tale domanda... E Jessica si fece avanti ancora una volta.","Un silencio, como si evaluara si era una pregunta que debía responderse o no.{n}Pero de nuevo, Jessica se adelantó.",ﺻﻤﺖ ﻛﻤﺎ ﻟﻮ ﺃﻧﻪ ﻳﺨﻤﻦ ﻣﺎ ﺇﺫﺍ ﻛﺎﻥ ﺳﺆﺍﻻ ﻳﺠﺐ ﺍﻹﺟﺎﺑﺔ ﻋﻠﻴﻪ ﺃﻡ ﻻ.{n}......ﻭﻟﻜﻦ ﻣﺮﺓ ﺃﺧﺮﻯ، ﻗﻔﺰﺕ ﺟﻴﺴﻴﻜﺎ ﻟﺘﺠﻴﺐ...,"Một khoảng lặng, như thể đang cân nhắc xem có bắt buộc phải trả lời hay không.{n}...Nhưng một lần nữa, Jessica lại chen vào.","Keheningan, seolah menimbang apakah pertanyaan itu harus dijawab atau tidak.{n}...Tapi sekali lagi, Jessica maju mengambil alih.",Sanki cevaplanması gereken bir soru olup olmadığını değerlendiriyormuş gibi bir sessizlik.{n}...Ama burada da Jessica devam etti.
Ushiromiya Jessica,"""Um, uhh...! If I remember correctly, he's two years younger than us so...16, right?""","""Um, uhh...! If I remember correctly, Kanon's two years younger than us, so...sixteen, right?"" ","""Um, uhh...! If I remember correctly, he's two years younger than us so...sixteen, right?""",「えっとえっと…！　確か、私たちの２つ下だから、…１６だったよなー？」,「えっとえっと…！　確か、私たちの２つ下だから、…１６だったよなー？」,"""Эм, э‐э!.. Если я правильно помню, он на два года моложе нас, значит... шестнадцать?""","""Hm, uhh...! Se eu me lembro bem, ele é dois anos mais novo que nós...16 anos, certo?""",「那个那个…！……我记得，他比我们小两岁，…所以是十六吧？」,「那個那個…！……我記得，他比我們小兩歲，…所以是十六吧？」,"""Um, uhh...! Se non ricordo male, ha due anni in meno di noi quindi... sedici, giusto?""","""Fammi pensare...! Se non ricordo male, ha due anni in meno di noi, quindi... sedici, giusto?""","""¡Um, ehh!... Si recuerdo correctamente, él es dos años menor que nosotros así que... 16, ¿verdad?""","""ﺃﻣﻢ، ﺁﻩ...! ﺇﺫﺍ ﻛﻨﺖ ﺃﺗﺬﻛﺮ ﺑﺸﻜﻞ ﺻﺤﻴﺢ، ﻓﻬﻮ ﺃﺻﻐﺮ ﻣﻨﺎ ﺑﺴﻨﺘﻴﻦ ﻭﺑﺎﻟﺘﺎﻟﻲ... ﺳﺘﺔ ﻋﺸﺮ ﻋﺎﻣﺎ، ﺻﺤﻴﺢ؟""","""À, ừm...! Nếu chị nhớ không lầm thì cậu ấy nhỏ hơn tụi mình hai tuổi... tức là 16, đúng không?""","""Um, uhh...! Kalau tidak salah ingat, dia dua tahun lebih muda dari kita jadi...16, kan?""","""Um, uhh...! Yanlış hatırlamıyorsam bizden iki yaş küçük, yani...16, değil mi?"""
Kanon,"""............Yes, ...that is correct.""",""".........Yes, ...that is correct."" ","""............Yes, ...that is correct.""",「…………はい、…そうです。」,「…………はい、…そうです」,"""Да... Это так.""","""............Sim, ...está correto.""",「…………是的，…没错。」,「…………是的，…沒錯。」,"""... Sì... esatto.""","""...Sì... proprio così.""","""... Sí... eso es correcto.""","""........ﻧﻌﻢ،... ﺻﺤﻴﺢ.""","""............Vâng, ...đúng vậy.""","""............Ya, ...benar.""","""............Evet, ...bu doğru."""
,"It looked like if given a choice, he would have preferred not to tell us his age.",It looked like he would've preferred not to tell us his age if given the choice. ,"It looked like if given a choice, he would have preferred not to tell us his age.",できることなら年齢を打ち明けたくなかったという風に見えた。,できることなら年齢を打ち明けたくなかったという風に見えた。,"Своим видом он давал понять, что будь у него выбор, он предпочёл бы не раскрывать свой возраст.","Parece que se déssemos uma escolha, ele optaria por não responder a sua idade.",看上去他是想尽可能不告诉我们年龄。,看上去他是想盡可能不告訴我們年齡。,"Sembrava che se avesse potuto scegliere, avrebbe preferito non dirci la sua età.","Sembrava che se avesse potuto, avrebbe preferito non rivelarci la sua età.","Parecía que si hubiese tenido elección, él habría preferido no decirnos su edad.",ﻳﺒﺪﻭ ﻟﻮ ﺃﻧﻪ ﻛﺎﻥ ﻳﻤﻠﻚ ﺧﻴﺎﺭﺍ، ﻟﻔﻀﻞ ﺃﻻ ﻳﺨﺒﺮﻧﺎ ﻋﻦ ﻋﻤﺮﻩ.,"Có vẻ như nếu có thể chọn, cậu ấy sẽ không muốn nói ra tuổi của mình.","Terlihat jika diberi pilihan, dia lebih memilih tidak memberitahu usianya.",Seçme şansı olsaydı bize yaşını söylememeyi tercih eder gibi görünüyordu.
,Him not wanting to tell his age was probably because he thought he would be looked down upon for it.,That was probably because he thought we'd look down on him for it. ," Him not wanting to tell his age was probably because he thought he would be looked down upon for it.",年齢を話したくないのは、それを理由に見下されるかもしれないからだ。,年齢を話したくないのは、それを理由に見下されるかもしれないからだ。,"Скорее всего, он не хотел говорить, сколько ему лет, из опасения, что на него будут смотреть свысока.",Ele não quis contar a sua idade porque provavelmente pensou que ele seria menosprezado por isso.,不想说出年龄，是因为年龄小可能会遭到他人的轻视。,不想說出年齡，是因為年齡小可能會遭到他人的輕視。,Il suo non volerlo fare probabilmente era perché pensava che sarebbe stato guardato dall'alto in basso.,Non voleva dircela perché credeva che lo avremmo guardato dall'alto in basso...,El que no quisiera que sepamos su edad podría deberse a que pensaba que sería menospreciado por ser más joven.,ﺭﺑﻤﺎ ﻇﻦ ﺑﺄﻧﻨﺎ ﺳﻨﻌﺎﻣﻠﻪ ﺑﻨﺎﺀ ﻋﻠﻰ ﻋﻤﺮﻩ.,Chắc cậu ấy sợ bị đánh giá thấp vì điều đó.,Keengganannya memberitahu usia mungkin karena takut akan diremehkan.,Yaşını söylemek istememesinin nedeni muhtemelen yaşının küçümseneceğini düşünmesiydi.
,"...I remember that when I was around his age, I hated being asked how old I was by adults.","...I remember that when I was around his age, I hated being asked how old I was by adults. ","...I remember that when I was around his age, I hated being asked how old I was by adults.",…俺も同じくらいの歳の時、大人に歳を聞かれるのが嫌いだった気がする。,…俺も同じくらいの歳の時、大人に歳を聞かれるのが嫌いだった気がする。,"Я вспомнил, что в его возрасте я сам не любил, когда взрослые спрашивали, сколько мне лет.","...Eu me lembro que quando tinha essa idade, eu odiava quando os adultos perguntavam a minha idade.",…我记得我在他这个年纪的时候，也很讨厌被大人们问年龄。,…我記得我在他這個年紀的時候，也很討厭被大人們問年齡。,"... Mi ricordo che quand'ero alla sua età, odiavo che mi venisse chiesta l'età dagli adulti.","Anch'io, quando avevo la sua età, ricordo che odiavo quando gli adulti mi chiedevano quanti anni avessi...","Recuerdo que cuando tenía su edad, odiaba que los adultos me preguntaran mi edad.",....ﻻ ﺃﻟﻮﻣﻪ ﻋﻨﺪﻣﺎ ﻛﻨﺖ ﻓﻲ ﻧﻔﺲ ﻋﻤﺮﻩ، ﻛﺮﻫﺖ ﺃﻥ ﻳﺘﻢ ﺳﺆﺍﻟﻲ ﻋﻦ ﻋﻤﺮﻱ ﻣﻦ ﻗﺒﻞ ﺍﻟﺒﺎﻟﻐﻴﻦ.,"...Tôi nhớ là hồi tuổi đó, tôi cũng ghét bị người lớn hỏi tuổi lắm.","...Aku ingat di usianya sekarang, aku juga benci ditanya usia oleh orang dewasa.","...Onun yaşlarındayken, yetişkinler tarafından kaç yaşında olduğumun sorulmasından nefret ettiğimi hatırlıyorum."
,"...I see, 16, huh?{n}That's gotta be a delicate time.{n}...In that case, I asked something I shouldn't have.","...I see, sixteen huh? That's gotta be a delicate time. ...Which means I probably asked something I shouldn't have. ","...I see, sixteen huh? That's gotta be a delicate time....In that case, I asked something I shouldn't have.",…なるほど、１６か。その辺が微妙な年頃かもしれねぇな。…だとしたら悪いことを聞いちまったぜ。,…なるほど、１６か。{n}その辺が微妙な年頃かもしれねぇな。{n}…だとしたら悪いことを聞いちまったぜ。,"Ясно, шестнадцать, значит?{n}Определённо трудный возраст и непростое время.{n}Выходит, я задал вопрос, который не стоило задавать.","...Entendo, 16...?{n}Essa pode ser uma hora indelicada para isso.{n}...Nesse caso, eu acabei perguntando algo que não deveria.",…原来如此，十六啊。{n}这个年龄段没准是挺微妙的。{n}…要是这样，那我刚才就是说错话了。,…原來如此，十六啊。{n}這個年齡段沒准是挺微妙的。{n}…要是這樣，那我剛才就是說錯話了。,"... Capisco, sedici eh? Dev'essere un periodo delicato. ... In quel caso, ho chiesto qualcosa che non avrei dovuto chiedere.","Capisco, sedici anni, eh? Dev'essere un periodo difficile... In tal caso, ho fatto una domanda inopportuna.","Ya veo, 16, ¿eh?{n}Esa debe ser una edad delicada.{n}En ese caso, pregunté algo que no debía.",...ﻓﻬﻤﺖ، ﺳﺘﺔ ﻋﺸﺮ ﻫﺎﻩ؟{n}ﺗﻠﻚ ﻓﺘﺮﺓ ﺣﺴﺎﺳﺔ ﻣﻦ ﺍﻟﻌﻤﺮ.{n}...ﻓﻲ ﻫﺬﻩ ﺍﻟﺤﺎﻟﺔ، ﻛﺎﻥ ﻳﺠﺐ ﺃﻻ ﺃﻭﺟﻪ ﻟﻪ ﺫﻟﻚ ﺍﻟﺴﺆﺍﻝ.,"...Ra là 16 tuổi hả?{n}Đúng là tuổi nhạy cảm.{n}...Trong trường hợp đó, thì chắc tôi đã hỏi điều không nên hỏi rồi.","...Aku paham, 16 tahun ya?{n}Usia yang cukup sensitif.{n}...Kalau begitu, aku menanyakan sesuatu yang seharusnya tidak kutanyakan.","...Anlıyorum, 16 demek?{n}Bu hassas bir zaman olmalı.{n}...Bu durumda, sormamam gereken bir şey sordum."
Ushiromiya Battler,"""Heh heh~, I'm glad you're about our age! Just be cool and call me Battler! And I'll call you Kanon!""","""Heh heh, I'm glad you're about our age! Just be cool and call me Battler! And I'll call you Kanon!"" ","""Heh he~, I'm glad you're about our age! Just be cool and call me Battler! And I'll call you Kanon!""",「へっへ〜、近い歳で嬉しいぜ！　気さくに戦人って呼んでくれよな！　俺も君のことは嘉音って呼ぶぜ！」,「へっへ〜、近い歳で嬉しいぜ！　気さくに戦人って呼んでくれよな！　俺も君のことは嘉音って呼ぶぜ！」,"""Хе‐хе, рад слышать, что мы почти ровесники! Так что не переживай и зови меня просто Баттлер! А я буду звать тебя Канон.""","""Heh heh~, estou feliz em saber que você tem quase a mesma idade que nós! Pode me chamar só de Battler! E eu vou te chamar de Kanon!""",「嘿嘿～，和我年纪差不多嘛，我还挺开心的！不用客气叫我战人就好了！我也叫你嘉音！」,「嘿嘿～，和我年紀差不多嘛，我還挺開心的！不用客氣叫我戰人就好了！我也叫你嘉音！」,"""Heh he~, sono contento che abbia quasi la nostra stessa età! Non sentirti a disagio e chiamami Battler! E io ti chiamerò Kanon!""","""Eheh, che bello, praticamente siamo coetanei! Non farti problemi, chiamami Battler! E io ti chiamerò Kanon!""","""Je je~, ¡me alegra que estés cerca de nuestra edad! ¡Solo tranquilízate y llámame Battler! ¡Y yo te llamaré Kanon!""","""ﺃﻫﻴﻬﻴﻬﻲ~~، ﺃﻧﺎ ﺳﻌﻴﺪ ﻷﻧﻚ ﻋﻠﻰ ﻣﻘﺮﺑﺔ ﻣﻦ ﻋﻤﺮﻧﺎ! ﻓﻘﻂ ﻛﻦ ﻟﻄﻴﻒ ﻭﻧﺎﺩﻧﻲ ﺑﺎﺗﻠﺮ! ﻭﻓﻲ ﺍﻟﻤﻘﺎﺑﻞ ﺳﺄﺩﻋﻮﻙ ﻛﺎﻧﻮﻥ!""","""Heh heh~, vậy là chúng ta gần tuổi nhau nhỉ! Gọi tôi là Battler được rồi! Tôi cũng sẽ gọi cậu là Kanon nhé!""","""Heh heh~, senang kamu sebaya dengan kami! Santai saja panggil aku Battler! Dan aku akan memanggilmu Kanon!""","""Heh heh~, bizim yaşımızda olmana sevindim! Rahat olup bana Battler diyebilirsin! Ben de sana Kanon diyeceğim!"""
Kanon,""".........Thank you very much. But just the sentiment is sufficient, ...Battler‐sama.""",""".........Thank you very much. But the sentiment alone is sufficient, ...Battler-sama."" ",""".........Thank you very much. But just the sentiment is sufficient, ...Battler-sama.""",「………ありがとうございます。お気持ちだけで結構です、…戦人さま。」,「………ありがとうございます。お気持ちだけで結構です、…戦人さま」,""".........Премного благодарен, но вашего беспокойства уже достаточно... Баттлер‐сама.""",""".........Muito obrigado. Mas apenas o sentimento é o suficiente, ...Battler‐sama.""",「……谢谢。您的好意我心领了，…战人少爷。」,「……謝謝。您的好意我心領了，…戰人少爺。」,"""... La ringrazio molto. Ma basta il pensiero... Battler-sama.""","""...Molte grazie. Apprezzo il pensiero... signorino Battler.""","""... Muchas gracias. Pero solamente el sentimiento es suficiente... Battler-sama.""",""".........ﺷﻜﺮﺍ ﺟﺰﻳﻼ. ﻟﻜﻦ ﺍﻟﻤﺸﺎﻋﺮ ﻭﺣﺪﻫﺎ ﺗﻜﻔﻲ... ﻳﺎ ﺑﺎﺗﻠﺮ-ﺳﺎﻣﺎ.""",""".........Cảm ơn cậu rất nhiều. Nhưng như vậy là được rồi ạ, ...thưa cậu Battler.""",""".........Terima kasih banyak. Tapi maksud baik Anda saja sudah cukup, ...Battler-sama.""",""".........Çok teşekkür ederim. Ama sadece bu duygu yeterli, ...Battler-sama."""
,Jessica looked flustered for some reason.{n}She seemed to think that my impression of Kanon was worsening because of his rejection.,Jessica looked panicky for some reason. She seemed to think my impression of Kanon was getting worse because of his refusal. ,"Jessica looked all downcast for some reason. She seemed to think that my impression of Kanon was worsening because of his rejection.",朱志香が勝手にあわあわしてる。嘉音くんの拒絶的な返事に俺が印象を悪くしているものと思っているらしい。,朱志香が勝手にあわあわしてる。{n}嘉音くんの拒絶的な返事に俺が印象を悪くしているものと思っているらしい。,"Джессика почему‐то выглядела как в воду опущенная.{n}Наверное, она посчитала, что отказ Канона испортил моё впечатление о нём.",A Jessica parecia frustrada por algum motivo.{n}Parece que ela pensou que minha impressão sobre o Kanon foi ruim por causa da rejeição dele.,朱志香在一旁干着急。{n}她似乎认为嘉音拒绝似的回答让我留下了坏印象。,朱志香在一旁乾著急。{n}她似乎認為嘉音拒絕似的回答讓我留下了壞印象。,Jessica sembrava abbattuta per qualche ragione. Sembrava stesse pensando che la mia impressione su Kanon stava peggiorando a causa del suo rifiuto.,Jessica per qualche ragione sembrava agitata. Sembrava pensare che la mia opinione su Kanon stesse peggiorando a causa del suo rifiuto.,Jessica se veía bastante nerviosa por alguna razón.{n}Parecía pensar que mi impresión de Kanon empeoraría gracias a su rechazo.,ﻇﻬﺮﺕ ﻋﻠﻰ ﺟﻴﺴﻴﻜﺎ ﻣﻼﻣﺢ ﺍﻟﺤﺰﻥ ﻟﺴﺒﺐ ﻣﺎ.{n}ﺑﺎﻋﺘﻘﺎﺩﻫﺎ ﺃﻥ ﺍﻧﻄﺒﺎﻋﻲ ﻣﻦ ﻛﺎﻧﻮﻥ ﻛﺎﻥ ﻳﺰﺩﺍﺩ ﺳﻮﺀﺍ ﺑﺴﺒﺐ ﺭﻓﻀﻪ.,Jessica trông có vẻ hơi bối rối.{n}Chị ấy có vẻ đang nghĩ rằng ấn tượng của tôi về Kanon đã xấu đi vì sự từ chối đó.,Jessica terlihat bingung tanpa alasan yang jelas.{n}Dia sepertinya mengira kesanku pada Kanon memburuk karena penolakannya.,Jessica nedense telaşlı görünüyordu.{n}Onun reddetmesi yüzünden Kanon hakkındaki izlenimlerimin kötüleştiğini düşünüyor gibiydi.
,"Well, I doubt a girl like Jessica understands his fretful male heart.","Well, as a girl, Jessica probably couldn't understand the fretful male heart at this age. "," Well, that girl Jessica probably couldn't understand the fretful male heart at this age.",まぁ女の朱志香には、この辺のむずかる男心はわかるまいよ。,まぁ女の朱志香には、この辺のむずかる男心はわかるまいよ。,"Что ж, Джессика, возможно, просто не понимает, сколь капризно мужское сердце в этом возрасте.","Bem, eu duvido que uma garota como a Jessica consiga entender como um homem pode se sentir.",朱志香毕竟也是女人，她怕是没法理解这种年纪叛逆的少年心吧。,朱志香畢竟也是女人，她怕是沒法理解這種年紀叛逆的少年心吧。,"Beh, quella Jessica probabilmente non riusciva a capire il cuore volubile di un maschio a quest'età.","Beh, una ragazza come Jessica non sarebbe riuscita a capire il nervosismo che prova un maschio di quell'età.","Bueno, esa chica probablemente no podía entender lo irritable que era el corazón masculino en esa edad.",ﺭﺑﻤﺎ ﻟﻢ ﺗﺴﺘﻄﻊ ﺟﻴﺴﻴﻜﺎ ﺃﻥ ﺗﻔﻬﻢ ﻗﻠﻮﺏ ﺍﻟﺬﻛﻮﺭ ﺍﻟﺤﺰﻳﻨﺔ ﻓﻲ ﻫﺬﺍ ﺍﻟﺴﻦ.,Nhưng tôi đoán một cô gái như chị ấy chắc chẳng hiểu được nỗi lòng rối bời của một cậu con trai ở tuổi đó đâu.,"Yah, kurasa gadis seperti Jessica tidak mengerti kegelisahan hati seorang remaja pria.",Jessica gibi bir kızın onun endişeli erkek kalbini anladığından şüpheliyim.
,"As his elder—even by just two years—who would lead him into adolescence, I took it upon myself to understand that.","As his elder, even by just two years, I took it upon myself to be understanding of that. "," As his elder, even by just two years, who would lead him into adolescence, I took it upon myself to understand that.",俺はほんの２年だが青年時代をリードしている先輩として、そこら辺を理解してやることにする。,俺はほんの２年だが青年時代をリードしている先輩として、そこら辺を理解してやることにする。,"Как старший, пусть и на два года, человек, который проведёт его через этот трудный возраст, я взял на себя ответственность подумать об этом.",Por ser mais velho — mesmo que apenas dois anos — eu pensei comigo mesmo que o ajudaria a amadurecer.,作为比他早两年进入青年时代的前辈，这种事情我就理解一下吧。,作為比他早兩年進入青年時代的前輩，這種事情我就理解一下吧。,"Come ragazzo più grande, anche se solo di due anni, che l'avrebbe guidato nell'adolescenza, mi feci carico di capirlo.","Anche se avevamo solo due anni di differenza, decisi di essere più comprensivo, essendo il più grande che doveva dare l'esempio al più giovane.","Como soy mayor que él, aunque solo fuera por dos años, pensé que era mi trabajo guiarlo en la adolescencia.",ﺑﺼﻔﺘﻲ ﺃﻛﺒﺮ ﺳﻨﺎ، ﺣﺘﻰ ﺑﻔﺎﺭﻕ ﻋﺎﻣﻴﻦ ﻓﻘﻂ، ﺃﺧﺬﺕ ﻋﻠﻰ ﻋﺎﺗﻘﻲ ﺃﻥ ﺃﺗﻔﻬﻢ ﺫﻟﻚ.,"Là người lớn hơn – dù chỉ hai tuổi – và là người sẽ dẫn dắt cậu ta qua tuổi mới lớn, tôi tự nhủ rằng mình nên thông cảm vậy.","Sebagai yang lebih tua - meski hanya dua tahun - yang akan membimbingnya melewati masa remaja, aku merasa perlu memahami itu.",Onu ergenlik çağına taşıyacak olan büyüğü olarak—sadece iki yaş farkla bile olsa—bunu anlamayı kendime görev edindim.
Gohda Toshiro,"""Kanon‐san, could you perhaps be a little more courteous? A smiling face is also the duty of a servant.""","""Kanon-san, could you perhaps be a little more courteous? A smiling face is also part of a servant's duty."" ","""Kanon-san, could you perhaps be a little more courteous? A smiling face is also the duty of a servant.""",「嘉音さん、もう少し愛想よくはできませんか？　笑顔も使用人の義務ですよ？」,「嘉音さん、もう少し愛想よくはできませんか？　笑顔も使用人の義務ですよ？」,"""Канон‐сан, не составит ли тебе труда быть чуть учтивее? Улыбаться — одна из обязанностей слуги.""","""Kanon‐san, você não poderia ser um pouco mais cortês? Estar sempre sorrindo é um dos deveres de um serviçal.""",「嘉音，就不能待人再热情点吗？笑容也是佣人的义务哦。」,「嘉音，就不能待人再熱情點嗎？笑容也是傭人的義務哦。」,"""Kanon-san, potresti almeno essere un po' più cortese? Anche un viso sorridente fa parte dei doveri di un domestico.""","""Kanon-san, potresti essere un po' più cordiale? Anche sorridere fa parte dei doveri di un domestico, giusto?""","""Kanon‐san, ¿acaso no podrías ser un poco más cortés? Una cara sonriente también es el deber de un sirviente.""","""ﻛﺎﻧﻮﻥ-ﺳﺎﻥ، ﻫﻞ ﻳﻤﻜﻨﻚ ﺃﻥ ﺗﻜﻮﻥ ﻣﻬﺬﺑﺎ ﺃﻛﺜﺮ ﺑﻘﻠﻴﻞ؟ ﺍﻟﻮﺟﻪ ﺍﻟﻤﺒﺘﺴﻢ ﻫﻮ ﺃﻳﻀﺎ ﺃﺣﺪ ﻭﺍﺟﺒﺎﺕ ﺍﻟﺨﺎﺩﻡ.""","""Kanon à, cậu có thể cư xử lễ độ hơn một chút không? Nở nụ cười cũng là một phần bổn phận của gia nhân đấy.""","""Kanon-san, mungkin bisa sedikit lebih sopan? Wajah yang tersenyum juga termasuk tugas seorang pelayan.""","""Kanon-san, biraz daha nazik olabilir misin? Güler yüzlü olmak da bir hizmetkârın görevidir."""
Kanon,"""...............I apologize. ...I shall make an effort.""","""...............My apologies. ...I shall make an effort."" ","""...............I apologize. ...I shall make an effort.""",「……………申し訳ありません。…努力します。」,「……………申し訳ありません。…努力します」,"""Прошу прощения... Я приложу усилия.""","""...............Eu peço desculpas. ...Eu vou me empenhar mais.""",「……………十分抱歉。…我会努力的。」,「……………十分抱歉。…我會努力的。」,"""... Mi scuso. ... Farò uno sforzo.""","""...Sono mortificato... Ci proverò.""","""... Pido disculpas... Haré un esfuerzo.""","""..................ﺃﻋﺘﺬﺭ. ...ﺳﺄﺑﺬﻝ ﺟﻬﺪﻱ.""","""...............Tôi xin lỗi. ...Tôi sẽ cố gắng.""","""...............Saya minta maaf. ...Akan saya usahakan.""","""...............Özür dilerim. ...Çaba göstereceğim."""
Kumasawa Chiyo,"""Hoh‐hoh‐ho... Gohda‐san, Kanon‐kun is trying his best, isn't he?""","""Hohohoh... Gohda-san, Kanon-kun is trying his best, yes?"" ","""Hoh-hoh-ho... Gohda-san, Kanon-kun is trying his best, isn't he?""",「ほっほっほ…。郷田さん、嘉音くんもいろいろ頑張ってるんですよ、ねぇ？」,「ほっほっほ…。郷田さん、嘉音くんもいろいろ頑張ってるんですよ、ねぇ？」,"""Хо‐хо‐хо... Года‐сан, Канон‐кун старается изо всех сил, разве нет?""","""Hoh‐hoh‐ho... Gohda‐san, o Kanon‐kun está se esforçando, não está?""",「嚯嚯嚯……乡田，嘉音君也已经很努力了哦，是吧？」,「嚯嚯嚯……鄉田，嘉音君也已經很努力了哦，是吧？」,"""Hoh-hoh-ho... Gohda-san, Kanon-kun sta facendo del suo meglio, no?""","""Ohohoh... Gouda-san, Kanon-kun sta facendo del suo meglio, no?""","""Jo‐jo‐jo... Gohda‐san, Kanon‐kun hace lo mejor que puede, ¿no?""","""ﻫﻮ-ﻫﻮﻩ-ﻫﻮ... ﻗﻮﺩﺍ-ﺳﺎﻥ، ﺇﻥ ﻛﺎﻧﻮﻥ-ﻛﻦ ﻳﺒﺬﻝ ﻗﺼﺎﺭﻯ ﺟﻬﺪﻩ، ﺃﻟﻴﺲ ﻛﺬﻟﻚ؟""","""Hoh‐hoh‐ho... Gohda à, Kanon đã cố hết sức rồi chứ, nhỉ?""","""Hoh-hoh-ho... Gohda-san, Kanon-kun sedang berusaha keras, bukan?""","""Hoh-hoh-ho... Gohda-san, Kanon-kun elinden geleni yapıyor, değil mi?"""
,It seemed as though he was often warned about his discourtesy.{n}And apparently he hadn't improved a bit.,It looked like he was often warned about being unsociable. And apparently he hadn't improved one bit. ,"It looked like he had already been well warned about his discourtesy. And apparently he hadn't improved a bit.",無愛想な点はよく注意されることらしい。そして一向に改まらないことでもあるようだ。,無愛想な点はよく注意されることらしい。{n}そして一向に改まらないことでもあるようだ。,"По‐видимому, его уже не раз предупреждали насчёт его неучтивости.{n}И, судя по всему, его поведение ни капельки не изменилось.","Parece que ele já havia sido alertado sobre a sua falta de cordialidade.{n}E aparentemente, ele não melhorou muito.",看来这种冷淡的态度经常被别人提醒。{n}而且似乎他也一直没改。,看來這種冷淡的態度經常被別人提醒。{n}而且似乎他也一直沒改。,Sembrava che fosse stato già ripreso per la sua scortesia. E a quanto pare non era migliorato neanche un po'.,Sembrava che venisse spesso ammonito per i suoi modi freddi. E a quanto pareva non aveva fatto alcun progresso.,Parecía que ya le habían llamado bastante la atención por su falta de cortesía.{n}Y aparentemente no había mejorado nada.,ﻳﻈﻬﺮ ﻭﺃﻧﻪ ﺑﺎﻟﻔﻌﻞ ﻗﺪ ﺗﻢ ﺗﺤﺬﻳﺮﻩ ﺟﻴﺪﺍ ﺣﻮﻝ ﻓﻈﺎﻇﺘﻪ.{n}ﻭﻣﻤﺎ ﻳﺒﺪﻭ ﻋﻠﻴﻪ ﺃﻧﻪ ﻟﻢ ﻳﺘﺤﺴﻦ ﻭﻟﻮ ﻗﻠﻴﻼ.,Có vẻ như cậu ấy thường xuyên bị nhắc nhở về chuyện thiếu lễ phép.{n}Và rõ ràng là cậu vẫn chưa tiến bộ được bao nhiêu.,Tampaknya dia sering diperingatkan tentang ketidaksopanannya.{n}Dan rupanya tidak ada perbaikan sama sekali.,Kabalığı konusunda sık sık uyarılmış gibi görünüyordu.{n}Ve görünüşe göre biraz bile gelişmemiş.
,"Gohda‐san kept his business‐smile, but let a small sigh of resignation escape.",Gohda-san kept his business smile but let a small sigh of resignation escape. ," Gohda-san kept his business-smile, but let a small sigh of resignation escape.",郷田さんは営業スマイルのままだったが、諦めの小さな溜め息を漏らす。,郷田さんは営業スマイルのままだったが、諦めの小さな溜め息を漏らす。,"Продолжая профессионально улыбаться, Года‐сан всё‐таки не смог удержать лёгкий вздох отречённости.","O Gohda‐san continuou a manter o seu sorriso, mas acabou deixando escapar um pequeno suspiro de conformação.",乡田虽还保持着营业式的微笑，却也轻微地叹了口气。,鄉田雖還保持著營業式的微笑，卻也輕微地嘆了口氣。,"Gohda-san mantenne il suo sorriso forzato, ma lasciò scappare un piccolo sospiro di rassegnazione.","Gouda-san mantenne il suo sorriso professionale, ma si lasciò sfuggire un piccolo sospiro di rassegnazione.","Gohda‐san mantuvo su sonrisa de profesión, pero dejó escapar un pequeño suspiro de resignación.", ﺃﺑﻘﻰ ﻗﻮﺩﺍ-ﺳﺎﻥ ﺍﺑﺘﺴﺎﻣﺘﻪ ﺍﻟﺨﺎﺻﺔ ﺑﺎﻟﻌﻤﻞ ﻣﺮﺳﻮﻣﺔ ﻋﻠﻰ ﻭﺟﻬﻪ، ﻟﻜﻨﻪ ﺃﺧﺮﺝ ﺗﻨﻬﻴﺪﺓ ﺻﻐﻴﺮﺓ ﻣﺪﻟﻮﻟﻬﺎ ﺍﻟﻴﺄﺱ.,"Chú Gohda vẫn giữ nụ cười ""nghề nghiệp"", nhưng không giấu nổi tiếng thở dài cam chịu.","Gohda-san tetap tersenyum profesional, tapi mengeluarkan helaan napas pasrah.","Gohda-san iş gülümsemesini korudu, ancak küçük bir iç çekmeden duramadı."
Kanon,"""......Well then, I still have work to do. .........If you'll excuse me.""","""...Well then, I still have work to do. ......If you'll excuse me."" ","""......Well then, I still have work to do. .........If you'll excuse me.""",「……それでは、まだ仕事がありますので。………失礼します。」,「……それでは、まだ仕事がありますので。………失礼します」,"""Что ж, у меня ещё есть работа, требующая завершения... С вашего позволения.""","""......Pois bem, eu ainda tenho trabalho para fazer. .........Se me dão licença.""",「……接下来我还有工作要做。……请恕我失礼了。」,「……接下來我還有工作要做。……請恕我失禮了。」,"""... Ho ancora del lavoro da svolgere. ... Se volete scusarmi.""","""...Signori, ho ancora dei lavori da svolgere... Se vogliate scusarmi.""","""... Bueno, aún tengo trabajo que hacer... Si me disculpan.""",""".....ﺣﺴﻨﺎ، ﻻ ﻳﺰﺍﻝ ﻟﺪﻱ ﻋﻤﻞ ﻳﻨﺒﻐﻲ ﻋﻠﻲ ﺍﻟﻘﻴﺎﻡ ﺑﻪ. .......ﺇﺫﺍ ﺳﻤﺤﺘﻢ ﻟﻲ ﺟﻤﻴﻌﺎ.""","""......Tôi vẫn còn công việc phải làm..........Xin phép được đi trước.""","""......Kalau begitu, saya masih ada pekerjaan lain. .........Permisi.""","""......Öyleyse, hala yapacak işlerim var. .........İzninizle."""
,It looked like Kanon himself was uncomfortable with remaining silent here any longer.,It looked like Kanon himself was uncomfortable with remaining silent here any longer. ,"It looked like Kanon himself was uncomfortable with remaining silent here any longer.",これ以上、この場で沈黙を守ることは嘉音くん自身にとっても居心地の悪いものらしい。,これ以上、この場で沈黙を守ることは嘉音くん自身にとっても居心地の悪いものらしい。,"Самому Канону, видимо, тоже было некомфортно продолжать своё молчание.",Parecia que Kanon estava desconfortável em permanecer calado aqui por muito tempo.,好像嘉音自己，也对继续在这场合保持沉默深感窘困。,好像嘉音自己，也對繼續在這場合保持沉默深感窘困。,Sembrava ormai che anche lo stesso Kanon si sentisse a disagio nel restare qui in silenzio ancora un secondo di piò.,"Sembrava che anche lo stesso Kanon, viste le circostanze, si sentisse a disagio nel rimanere ulteriormente in silenzio.",Parecía que el mismo Kanon estaba incómodo de quedarse aquí en silencio por más tiempo.,ﻳﺒﺪﻭ ﺃﻥ ﻛﺎﻧﻮﻥ ﻏﻴﺮ ﻣﺮﺗﺎﺡ ﺑﺎﻟﺘﺰﺍﻡ ﺍﻟﺼﻤﺖ ﻟﻤﺪﺓ ﺃﻃﻮﻝ ﻫﻨﺎ.,Có vẻ như bản thân Kanon cũng không muốn tiếp tục đứng yên ở đây trong im lặng nữa.,Kanon sendiri tampak tidak nyaman tetap diam di sini lebih lama.,Kanon'un kendisi de burada daha fazla sessiz kalmaktan rahatsız olmuşa benziyordu.
,"After another perfunctory bow, he turned on his heels and started pushing the wheelbarrow again.","After another perfunctory bow, he turned around and started pushing the wheelbarrow again. "," After another perfunctory bow, he turned on his heels and started pushing the wheelbarrow again.",もう一度ぺこりと頭を下げると踵を返し、猫車を押し始めるのだった。,もう一度ぺこりと頭を下げると踵を返し、猫車を押し始めるのだった。,"Сделав формальный поклон, он резко развернулся и снова начал толкать тачку.","Após se curvar mais uma vez, por mera formalidade, ele se virou e continuou a empurrar o seu carrinho de mão.",他连忙再一次低头行礼，转身推起了独轮车。,他連忙再一次低頭行禮，轉身推起了獨輪車。,"Dopo un ennesimo inchino forzato, si volse e riprese a spingere la carriola.","Dopo aver nuovamente svolto un piccolo inchino, si voltò e riprese a spingere la carriola.","Después de otra reverencia superficial, se dio vuelta y comenzó a empujar la carretilla de nuevo.",ﺑﻌﺪ ﺍﻧﺤﻨﺎﺀﺓ ﺑﻼ ﻣﺒﺎﻻﺓ ﻣﺮﺓ ﺃﺧﺮﻯ، ﺃﺩﺍﺭ ﻛﺎﺣﻠﻪ ﻭﺑﺪﺃ ﻓﻲ ﺩﻓﻊ ﺍﻟﻌﺮﺑﺔ ﻣﺠﺪﺩﺍ.,"Sau một cái cúi đầu qua loa, cậu quay người và tiếp tục đẩy chiếc xe rùa.","Setelah memberi hormat seadanya lagi, dia berbalik dan kembali mendorong gerobak dorong.",Göstermelik bir selam daha verdikten sonra topuklarının üzerinde döndü ve el arabasını tekrar itmeye başladı.
,"Just then, suddenly, the wheelbarrow wobbled and fell, scattering the load.","Just then, the wheelbarrow suddenly wobbled and fell, scattering the load. "," Just then, suddenly, the wheelbarrow wobbled and fell, scattering the load.",すると突然、猫車がぐらりと転んで積荷を散らしてしまった。,すると突然、猫車がぐらりと転んで積荷を散らしてしまった。,"Но та неожиданно покачнулась и упала, разбросав груз.","Mas então, de repente, o carrinho se desequilibrou e caiu, espalhando todo o seu conteúdo.",就在这时，独轮车突然一震，车上的货具掉了一地。,就在這時，獨輪車突然一震，車上的貨具掉了一地。,"E proprio allora, improvvisamente, la carriola barcollò e cadde, spargendo la terra.","E in quel momento, improvvisamente la carriola barcollò e cadde violentemente, spargendo a terra il suo carico.","De pronto, en ese momento, la carretilla se tambaleó y cayó, esparciendo la carga.",ﺣﻴﻨﻬﺎ، ﻭﻋﻠﻰ ﻧﺤﻮ ﻣﻔﺎﺟﺊ، ﻣﺎﻟﺖ ﺍﻟﻌﺮﺑﺔ ﻭﺳﻘﻄﺖ، ﻭﺗﻨﺎﺛﺮ ﻣﺎ ﻛﺎﻥ ﻣﺤﻤﻼ ﺩﺍﺧﻠﻬﺎ.,"Đúng lúc đó, chiếc xe rùa bỗng loạng choạng và ngã xuống, làm đổ hết mọi thứ bên trong.","Tiba-tiba, gerobak itu oleng dan jatuh, menumpahkan muatannya.","Tam o sırada, aniden, el arabası yalpaladı ve yükü dağıtarak düştü."
,I guess the wheelbarrow with its single wheel caught on a pebble and lost its balance.,I guess the wheelbarrow's single wheel got caught on a pebble and lost its balance. ," I guess the wheelbarrow with its single wheel caught on a pebble and lost its balance.",猫車のひとつしかない車輪が小石でも噛んだのでバランスを崩してしまったのだろう。,猫車のひとつしかない車輪が小石でも噛んだのでバランスを崩してしまったのだろう。,"По‐видимому, тачка наскочила своим единственным колесом на камень и потеряла равновесие.","Acho que o carrinho de mão, de apenas uma roda, bateu em um seixo e acabou virando.",大概是因为独轮车唯一的轮子拌到了小石头什么的，所以失去平衡了吧。,大概是因為獨輪車唯一的輪子拌到了小石頭什麼的，所以失去平衡了吧。,"Immagino che la carriola, con la sua singola ruota, sia inciampata in un sasso e abbia perso l'equilibrio.","Immagino che l'unica ruota della carriola si fosse scontrata con qualche sassolino, e che avesse perso l'equilibrio.",Supongo que la carretilla con su rueda única se atoró con una pequeña piedra y perdió el balance.,ﺃﻋﺘﻘﺪ ﺃﻥ ﺍﻟﻌﺮﺑﺔ ﺫﺍﺕ ﺍﻟﻌﺠﻠﺔ ﺍﻟﻮﺣﻴﺪﺓ ﻗﺪ ﺗﻌﺜﺮﺕ ﺑﺤﺼﺎﺓ ﻭﻓﻘﺪﺕ ﺗﻮﺍﺯﻧﻬﺎ.,Chắc là bánh xe lỡ bị vấp vào một viên sỏi nên bị mất thăng bằng.,Kurasa roda tunggal gerobak itu tersangkut kerikil dan kehilangan keseimbangan.,Sanırım tek tekerlekli el arabası bir çakıl taşına takılmış ve dengesini kaybetmişti.
Gohda Toshiro,"""What have you done...now now, quickly clean it up...!""","""What do you think you're doing...? Now, now, clean it up quickly...!"" ","""What have you done..., now now, quickly clean it up...!""",「何をしてるんですか…、ささ、早く片付けて…！」,「何をしてるんですか…、ささ、早く片付けて…！」,"""Что ты наделал?.. Давай, давай, собери всё это поскорее!..""","""O que você fez...vamos, vamos, limpe isso rápido...!""",「干什么呢…，快快，快点清理干净…！」,「幹什麼呢…，快快，快點清理乾淨…！」,"""Cos'hai combinato... presto presto, pulisci in fretta...!""","""Cos'hai combinato...? Su, su, rimetti subito tutto a posto...!""","""¿Qué estás haciendo? ¡Vamos, vamos, límpialo!""","""ﻣﺎﺫﺍ ﻓﻌﻠﺖ....؟ ﻗﻢ ﺑﺘﻨﻈﻴﻔﻪ ﺣﺎﻻ ﻭﺑﺴﺮﻋﺔ...!""","""Cái gì vậy chứ... nhanh lên, mau dọn dẹp đi...!""","""Apa yang kamu lakukan...cepat, cepat bersihkan...!""","""Ne yaptın sen...hadi hadi, çabuk temizle...!"""
,"Gohda‐san urged him along in a low voice, as if to remind him that it is a servant's shame to present a clumsy appearance in front of guests.","Gohda-san urged him to hurry in a quiet voice, as though hinting that it was shameful for a servant to appear clumsy in front of guests. ","Since Gohda-san was one to harp on the fact that presenting a clumsy appearance in front of guests is a servant's shame, he urged him along in a low voice.",お客様の前で無様な姿を見せるのは使用人の恥だとでも言わんばかりに、郷田さんが小声で急き立てる。,お客様の前で無様な姿を見せるのは使用人の恥だとでも言わんばかりに、郷田さんが小声で急き立てる。,"Поскольку именно Года неустанно твердил, что для слуги позор совершать перед гостями промашки по рассеянности, он стал негромко понукать его.","O Gohda‐san pediu em voz baixa, lembrando‐o que é uma vergonha para um serviçal demonstrar tal aparência desajeitada em frente aos hóspedes.",几乎要说出，在客人面前做出这种失态举动是佣人之耻的乡田，连忙上前小声地催促着。,幾乎要說出，在客人面前做出這種失態舉動是傭人之恥的鄉田，連忙上前小聲地催促著。,"Dal momento che Gohda-san era insistente sul fatto che dare una brutta impressione di fronte agli ospiti fosse una vergogna per un domestico, egli spronò Kanon a bassa voce.","Gouda lo spronò a bassa voce, come a dirgli che per un domestico fosse disdicevole fare una brutta figura di fronte agli ospiti.","Gohda‐san se lo dijo en voz baja, como diciéndole que mostrar una actitud torpe frente a los invitados era una vergüenza para los sirvientes.",ﻭﺑﻤﺎ ﺃﻥ ﻗﻮﺩﺍ-ﺳﺎﻥ ﻛﺎﻥ ﻣﺼﺮﺍ ﻋﻠﻰ ﺣﻘﻴﻘﺔ ﺃﻥ ﺍﻟﻈﻬﻮﺭ ﺑﺸﻜﻞ ﺃﺧﺮﻕ ﺃﻣﺎﻡ ﺍﻟﻀﻴﻮﻑ ﻫﻮ ﻋﺎﺭ ﻋﻠﻰ ﺍﻟﺨﺎﺩﻡ، ﻓﻠﻘﺪ ﻧﺒﻬﻪ ﺑﺼﻮﺕ ﻣﻨﺨﻔﺾ.,"Chú Gohda thúc giục bằng một tông giọng trầm, như đang nhắc nhở rằng việc để lộ bộ dạng vụng về trước mặt khách là điều xấu hổ của gia nhân.","Gohda-san mendesaknya dengan suara rendah, seakan mengingatkan bahwa memalukan bagi pelayan terlihat ceroboh di depan tamu.","Gohda-san, misafirlerin önünde sakar bir görüntü sergilemenin bir hizmetkârın utancı olduğunu hatırlatmak istercesine alçak sesle onu teşvik etti."
,"Showing that he understood quite well without being told, Kanon‐kun wordlessly reloaded the wheelbarrow with the fallen objects.","Kanon-kun wordlessly reloaded the wheelbarrow with the fallen objects, as if to say that he understood quite well without being told. "," Kanon-kun, who probably understood quite well without being told, wordlessly reloaded the wheelbarrow with the fallen objects.",嘉音くんも、言われなくてもわかってるとばかりに、無言で落ちた荷を猫車に積み直す。,嘉音くんも、言われなくてもわかってるとばかりに、無言で落ちた荷を猫車に積み直す。,"Канон, и так всё прекрасно понявший без посторонних замечаний, принялся безмолвно нагружать тачку выпавшими предметами.","Mostrando que havia entendido bem o que foi dito, o Kanon‐kun, sem falar nada, começou a recolher os objetos que tinham caído do carrinho.",嘉音君也是露出一副“你不说我也知道”的表情，默默地把掉下来的东西堆放回独轮车。,嘉音君也是露出一副“你不說我也知道”的表情，默默地把掉下來的東西堆放回獨輪車。,"Kanon-kun, che avrebbe capito benissimo anche senza che gli venisse detto, senza dire una parola riprese la carriola e con essa tutti gli oggetti caduti.","Kanon-kun, che lo aveva capito anche senza che glielo dicesse, rimise nella carriola il carico caduto senza proferire parola.","Kanon‐kun, quien probablemente había entendido bastante bien sin que se lo dijeran, volvió a cargar la carretilla con los objetos caídos en silencio.",ﻛﺎﻧﻮﻥ-ﻛﻦ ﺍﻟﺬﻱ ﻳﻔﻬﻢ ﺟﻴﺪﺍ ﻣﺎﺫﺍ ﻳﻔﻌﻞ ﺩﻭﻥ ﺃﻥ ﻳﺘﻢ ﺇﺧﺒﺎﺭﻩ ﺑﺬﻟﻚ، ﻗﺎﻡ ﺑﺈﻋﺎﺩﺓ ﻣﻞﺀ ﺍﻟﻌﺮﺑﺔ ﺑﺎﻷﺷﻴﺎﺀ ﺍﻟﻤﺘﻨﺎﺛﺮﺓ.,"Thể hiện rõ là mình hiểu điều đó mà chẳng cần ai nhắc, Kanon lặng lẽ nhặt lại những vật dụng rơi vãi và xếp lại lên xe.","Menunjukkan bahwa dia paham tanpa perlu diberitahu, Kanon-kun tanpa bicara memuat kembali barang-barang yang jatuh ke gerobak.","Söylenmeden de gayet iyi anladığını gösteren Kanon-kun, el arabasını düşen eşyalarla birlikte sözsüz bir şekilde yeniden yükledi."
,"He seemed to be fine with the light‐looking gardening tools, shovels and such, but he looked like he was having trouble getting his arms around and lifting up some sacks of fertilizer.","He seemed to be fine with the light-looking gardening tools, shovels and such, but he looked like he was having trouble getting his arms around and lifting up some sacks of fertilizer. "," He seemed to be fine with the light-looking gardening tools, shovels and such, but he looked like he was having trouble getting his arms around and lifting up some sacks of fertilizer.",シャベルなんかの園芸道具は軽そうだからいいが、一抱えもあるような肥料の袋を持ち上げるのには苦労しているようだった。,シャベルなんかの園芸道具は軽そうだからいいが、一抱えもあるような肥料の袋を持ち上げるのには苦労しているようだった。,"Он без труда поднимал лёгкие садоводческие инструменты, лопаты и прочее, но с мешками с удобрениями у него возникли некоторые трудности. У него не получалось как следует обхватить и поднять их.","Ele parecia estar acostumado com as ferramentas de jardinagem, como pás entre outros, mas ele parecia estar com problemas para segurar o saco de fertilizante em volta de seus braços.",铲子这类园艺工具看起来轻一些倒还好，但是拿起有一搂大的肥料袋的时候，就显得很吃力了。,鏟子這類園藝工具看起來輕一些倒還好，但是拿起有一摟大的肥料袋的時候，就顯得很吃力了。,"Sembrava fosse tutto ok con oggetti da giardinaggio più leggeri, pale e simili, ma d'altra parte sembrava aver qualche problema a trasportare dei sacchi di fertilizzante.","Sembrava cavarsela con gli oggetti da giardinaggio più leggeri come pale e simili, ma sembrava avere dei problemi a sollevare dei sacchi di fertilizzante dall'aria voluminosa.","Parecía estar bien con las herramientas de jardín ligeras, como palas y demás, pero parecía tener problemas al alzar algunos sacos de fertilizante.",ﻳﺒﺪﻭ ﺑﺄﻧﻪ ﻋﻠﻰ ﻣﺎ ﻳﺮﺍﻡ ﻣﻊ ﺃﺩﻭﺍﺕ ﺍﻟﺒﺴﺘﻨﺔ ﺫﺍﺕ ﺍﻟﻤﻈﻬﺮ ﺍﻟﺒﺮﺍﻕ ﻭﺍﻟﻤﺠﺎﺭﻑ ﻭﻣﺎ ﺷﺎﺑﻪ، ﻭﻟﻜﻨﻪ ﻳﻮﺍﺟﻪ ﻣﺸﻜﻠﺔ ﻣﻊ ﺫﺭﺍﻋﻴﻪ ﺑﻴﻨﻤﺎ ﻳﺤﻤﻞ ﺑﻌﺾ ﺃﻛﻴﺎﺱ ﺍﻷﺳﻤﺪﺓ.,"Mấy dụng cụ làm vườn nhẹ như xẻng thì không sao, nhưng trông cậu ta có vẻ chật vật khi cố ôm lấy mấy bao phân bón.","Alat-alat kebun yang ringan seperti sekop tidak masalah, tapi dia tampak kesulitan mengangkat karung pupuk yang berat.","Hafif görünümlü bahçe aletleri, kürekler ve benzerleriyle arası iyi görünüyordu ancak bazı gübre çuvallarını kollarıyla kavrayıp kaldırmakta zorlanıyor gibiydi."
Ushiromiya Jessica,"""Are you alright? You're so careless. Here.""","""Are you okay? You're so careless. Here."" ","""Are you alright? You're so careless. Here.""",「大丈夫かよ、そそっかしいな。ほら。」,「大丈夫かよ、そそっかしいな。ほら」,"""Ты в порядке? Какой ты невнимательный. Вот.""","""Você está bem? Você é muito descuidado. Aqui.""",「没事吧？你也太不小心了。给。」,「沒事吧？你也太不小心了。給。」,"""Va tutto bene? Sei così sbadato. Ecco.""","""Va tutto bene? Come sei sbadato. Forza.""","""¿Te encuentras bien? Eres tan descuidado. Toma.""","""ﻫﻞ ﺃﻧﺖ ﺑﺨﻴﺮ؟ ﺇﻧﻚ ﻣﻬﻤﻞ ﻟﻠﻐﺎﻳﺔ. ﺳﺄﺳﺎﻋﺪﻙ.""","""Ổn chứ? Cậu bất cẩn quá đấy. Nè.""","""Kamu baik-baik saja? Ceroboh sekali. Sini.""","""İyi misin? Çok dikkatsizsin. Al bakalım."""
Gohda Toshiro,"""Milady, you will dirty your garments. Please, leave it to him.""","""Milady, you will dirty your garments. Please, leave this to us."" ","""Milady, you will dirty your garments. Please, leave it to us.""",「お嬢様、お召し物が汚れます。ここはお任せ下さい。」,「お嬢様、お召し物が汚れます。ここはお任せ下さい」,"""Вы испачкаете себе одежду, миледи. Прошу, предоставьте это нам.""","""Ojou‐sama, você vai sujar suas vestimentas. Por favor, deixe isso conosco.""",「小姐，这会弄脏您的衣服的。这里就交给鄙人来做吧。」,「小姐，這會弄髒您的衣服的。這裡就交給鄙人來做吧。」,"""Milady, sporcherete i vostri indumenti. Per favore, lasci fare a noi.""","""Signorina, così si sporcherà i vestiti. La prego, lasci fare a me.""","""Señorita, ensuciará sus prendas. Por favor, déjenoslo a nosotros.""","""ﺳﻮﻑ ﺗﺘﺴﺦ ﻣﻼﺑﺴﻚ ﻳﺎ ﺁﻧﺴﺘﻲ. ﻣﻦ ﻓﻀﻠﻚ، ﺩﻋﻲ ﺍﻷﻣﺮ ﻟﻨﺎ.""","""Tiểu thư à, y phục của cô sẽ bị bẩn mất. Xin hãy để việc đó cho cậu ta.""","""Nyonya muda, baju Anda akan kotor. Biarkan dia saja yang menanganinya.""","""Leydim, giysilerinizi kirleteceksiniz. Lütfen, bu işi ona bırakın."""
,"With an elegant gesture, Gohda‐san took the shovel that Jessica had picked up.","With a smooth motion, Gohda-san took the shovel that Jessica had picked up. ","Gohda-san took the shovel that Jessica had picked up with an elegant gesture.",朱志香が拾ったシャベルを、郷田さんは優雅な仕草で取り上げる。,朱志香が拾ったシャベルを、郷田さんは優雅な仕草で取り上げる。,"Года‐сан элегантным движением взял лопату, которую подобрала Джессика.","Com um elegante gesto, o Gohda‐san pegou a pá que a Jessica estava segurando.",朱志香捡起来的铲子，被乡田以优雅的动作接了过去。,朱志香撿起來的鏟子，被鄉田以優雅的動作接了過去。,Gohda-san prese la pala che Jessica aveva sollevato con un gesto elegante.,"Con fare signorile, Gouda-san sfilò dalle mani di Jessica la pala che lei aveva raccolto.",Gohda‐san tomó la pala que Jessica había levantado con una postura elegante.,ﺃﺧﺬ ﻗﻮﺩﺍ-ﺳﺎﻥ ﺍﻟﻤﺠﺮﻓﺔ ﺍﻟﺘﻲ ﺍﻟﺘﻘﻄﺘﻬﺎ ﺟﻴﺴﻴﻜﺎ ﻣﻊ ﺇﻳﻤﺎﺀﺓ ﺭﺍﻗﻴﺔ.,"Với một cử chỉ đầy thanh lịch, Gohda nhận lấy cái xẻng mà Jessica vừa cúi xuống nhặt.","Dengan gerakan elegan, Gohda-san mengambil sekop yang diambil Jessica.",Gohda-san zarif bir hareketle Jessica'nın aldığı küreği aldı.
,At his back was the figure of Kanon‐kun having trouble with the sacks of fertilizer.,"Behind him, Kanon-kun was having trouble with the sacks of fertilizer. "," At his back was the figure of Kanon-kun having trouble with the sacks of fertilizer.",その背中では、肥料の袋に難儀している嘉音くんの姿があった。,その背中では、肥料の袋に難儀している嘉音くんの姿があった。,А позади него Канон‐кун всё никак не мог сладить с мешками с удобрениями.,"Atrás dele estava o Kanon‐kun, tendo problemas para segurar os sacos de fertilizante.",在他背后，嘉音君十分吃力地对付着肥料袋。,在他背後，嘉音君十分吃力地對付著肥料袋。,Dietro di lui c'era Kanon-kun che continuava ad avere problemi con il fertilizzante.,"Dietro di lui vi era Kanon-kun, che continuava ad avere problemi con i sacchi di fertilizzante.",En su espalda estaba la figura de Kanon‐kun teniendo problemas con los sacos de fertilizante.,ﻇﻬﺮ ﻣﻦ ﺧﻠﻔﻪ ﻛﺎﻧﻮﻥ-ﻛﻦ ﻭﻫﻮ ﻳﻮﺍﺟﻪ ﻣﺸﻜﻠﺔ ﻣﻊ ﺃﻛﻴﺎﺱ ﺍﻷﺳﻤﺪﺓ.,Sau lưng ông là hình ảnh Kanon vẫn đang vất vả với mấy bao phân bón.,Di belakangnya terlihat Kanon-kun yang kesulitan dengan karung pupuk.,"Arkasında, gübre çuvallarıyla başı dertte olan Kanon-kun'un figürü vardı."
Ushiromiya Maria,"""......Uu. You'll dirty your garments?""","""......Uu-. You'll dirty your garments?"" ","""......Uu-. You'll dirty your garments?""",「……うー。お召し物が汚れる？」,「……うー。お召し物が汚れる？」,"""......У‐у. Испачкаешь себе одежду?""","""......Uu. Sujou as suas roupas?""",「……呜——。衣服会弄脏？」,「……嗚——。衣服會弄髒？」,"""... Uu-. Sporcherete i vostri indumenti?""","""...Uuh. Ti sporcherai i vestiti?""","""Uu. ¿Ensuciarás tus prendas?""",""".......ﺃﻭﻭ-. ﺳﻮﻑ ﺗﺘﺴﺦ ﻣﻼﺑﺴﻚ؟""","""......Uu. Y phục của anh sẽ bị bẩn mất?""","""......Uu. Baju akan kotor?""","""......Uu. Giysilerinizi kirletecek misiniz?"""
Ushiromiya Battler,"""Don't worry, the ones I'm wearing aren't that elegant.""","""Don't worry, the ones I'm wearing aren't that expensive. ","""Don't worry, the ones I'm wearing aren't that elegant. ",「安心しろよ、俺が着てるのはそんなお上品なものじゃねぇぜ。,「安心しろよ、俺が着てるのはそんなお上品なものじゃねぇぜ」,"""Не боись, у меня одежда не такая уж элегантная.""","""Não se preocupe, o que eu estou vestindo não é nada tão elegante assim.""",「放心，我穿的又不是什么高级货。」,「放心，我穿的又不是什麼高級貨。」,"""Non preoccuparti, quelli che indosso non sono poi così eleganti.","""Non preoccuparti, quelli che indosso io non sono poi così di classe.""","""No te preocupes, la ropa que estoy llevando no es tan elegante.""","""ﻻ ﺗﻘﻠﻘﻲ، ﻣﺎ ﺃﺭﺗﺪﻳﻪ ﺍﻵﻥ ﻟﻴﺲ ﺑﺘﻠﻚ ﺍﻷﻧﺎﻗﺔ.""","""Em đừng lo, quần áo anh chẳng phải thứ gì sang trọng đâu.""","""Jangan khawatir, yang aku pakai tidak terlalu bagus.""","""Merak etme, üzerimdekiler o kadar da şık değil."""
Ushiromiya Battler,"""Besides, I hate guys who make the waitress pick up the fork they dropped at a restaurant.""","Besides, I hate guys who just sit there and make the waitress pick up the fork they dropped at a restaurant."" ","Besides, I hate guys who make the waitress pick up the fork they dropped at a restaurant.""",それによ、俺はレストランで、落ちたフォークをウェイトレスに拾わせるってやつが大嫌いなんだ。」,「それによ、俺はレストランで、落ちたフォークをウェイトレスに拾わせるってやつが大嫌いなんだ」,"""К тому же я терпеть не могу людей, которые заставляют официантку в ресторане подбирать уроненную ими вилку.""","""Além disso, eu odeio caras que fazem a garçonete juntar o garfo que eles deixaram cair no restaurante.""",「而且我啊，最讨厌那种在餐厅里，让服务生去捡掉在地上的叉子的家伙了。」,「而且我啊，最討厭那種在餐廳裡，讓服務生去撿掉在地上的叉子的傢伙了。」,"Oltretutto, odio i ragazzi che al ristorante fanno raccogliere alla cameriera la forchetta che hanno fatto cadere.""","""E poi, io odio quelli che al ristorante fanno raccogliere alla cameriera la forchetta caduta.""","""Además, odio a los sujetos que hacen que la camarera levante el tenedor que dejaron caer en un restaurante.""","""ﻛﻤﺎ ﺃﻧﻨﻲ ﺃﻛﺮﻩ ﺍﻟﺮﺟﺎﻝ ﺍﻟﺬﻳﻦ ﻳﺠﻌﻠﻮﻥ ﺍﻟﻨﺎﺩﻟﺔ ﺗﻠﺘﻘﻂ ﺍﻟﺸﻮﻛﺔ ﺍﻟﺘﻲ ﻳﺴﻘﻄﻮﻧﻬﺎ ﻓﻲ ﺍﻟﻤﻄﻌﻢ.""","""Với lại, anh chúa ghét mấy kẻ mà chuyên bắt bồi bàn phải cúi xuống nhặt nĩa nếu họ lỡ làm rơi đấy.""","""Lagipula, aku benci pria yang menyuruh pelayan mengambil garpu yang mereka jatuhkan di restoran.""","""Ayrıca, restoranda düşürdüğü çatalı garsona toplatan erkeklerden nefret ederim."""
,"I lifted up the other bags that had fallen.{n}Of course, they weren't light, but for me it was a piece of cake.","I lifted up the other bags that had fallen. Of course, they weren't light, but for me it was a piece of cake. ","I lifted up the other bags that had fallen. Of course, they weren't light, but for me it was a piece of cake.",俺は他にも転がる肥料を抱え上げる。決して軽くはなかったが、俺にとっちゃ朝飯前だ。,俺は他にも転がる肥料を抱え上げる。{n}決して軽くはなかったが、俺にとっちゃ朝飯前だ。,"Я поднял другие упавшие мешки.{n}Разумеется, их нельзя было назвать лёгкими, но поднять их для меня было плёвым делом.","Eu levantei os outros sacos que haviam caído.{n}É claro, eles não eram leves, mas para mim foi algo fácil.",我抱起倒在一边的肥料。{n}虽然重量不轻，但对我来说还是小菜一碟。,我抱起倒在一邊的肥料。{n}雖然重量不輕，但對我來說還是小菜一碟。,"Sollevai gli altri sacchi che erano caduti. Certo, non erano leggeri, ma per me era un gioco da ragazzi.","Sollevai gli altri sacchi che erano caduti. Certo, non erano leggeri, ma per me era un gioco da ragazzi.","Levanté las otras bolsas que habían caído.{n}Claro, no eran ligeras, pero para mí eran pan comido.",ﺭﻓﻌﺖ ﺍﻷﻛﻴﺎﺱ ﺍﻷﺧﺮﻯ ﺍﻟﺘﻲ ﺳﻘﻄﺖ.{n}ﺑﺎﻟﻄﺒﻊ، ﻟﻢ ﺗﻜﻦ ﺧﻔﻴﻔﺔ، ﻟﻜﻦ ﺑﺎﻟﻨﺴﺒﺔ ﻟﻲ ﻛﺎﻧﺖ ﺳﻬﻠﺔ.,"Tôi cúi xuống nhặt những bao phân còn lại.{n}Tất nhiên là chúng không nhẹ gì, nhưng với tôi thì chẳng nhằm nhò gì.","Aku mengangkat karung lain yang jatuh.{n}Tentu saja tidak ringan, tapi bagiku mudah sekali.",Düşen diğer torbaları kaldırdım.{n}Elbette hafif değillerdi ama benim için çocuk oyuncağıydı.
,Kanon‐kun turned his surprised eyes towards me.{n}It was the face of one who would never have expected to receive help from a guest.,"Kanon-kun looked at me, surprised. It was the face of someone who never would've expected to receive help from a guest. "," Kanon-kun turned his surprised eyes towards me. It was the face of one who would never have thought to receive help from a guest. ",嘉音くんは驚いた目を向ける。まさか客人に手伝ってもらえるとは思わなかったって顔だ。,嘉音くんは驚いた目を向ける。{n}まさか客人に手伝ってもらえるとは思わなかったって顔だ。,"Канон‐кун повернулся к нам с удивлением во взгляде.{n}У него было лицо человека, который в жизни не мог себе представить, что гости примутся помогать ему.",O Kanon‐kun virou seus olhos surpresos para mim.{n}Era o olhar de quem nunca esperaria receber ajuda de um convidado.,嘉音君露出吃惊的眼神。{n}一副根本没想到客人居然会来帮忙一样的表情。,嘉音君露出吃驚的眼神。{n}一副根本沒想到客人居然會來幫忙一樣的表情。,Kanon-kun rivolse i suoi occhi sorpresi verso di me. Era il volto di una persona che non avrebbe mai pensato di ricevere aiuto da un ospite.,Kanon-kun si girò sorpreso verso di me. Era lo sguardo di qualcuno che non si aspettava di ricevere aiuto da un ospite.,Kanon‐kun dirigió sus ojos sorprendidos hacia mí.{n}Era la cara de alguien que nunca habría pensado recibir ayuda de un invitado.,ﻭﺟﻪ ﻛﺎﻧﻮﻥ-ﻛﻦ ﺍﻟﻤﺘﻔﺎﺟﺊ ﻧﺎﻇﺮﻳﻪ ﻧﺤﻮﻱ.{n}ﻛﺎﻥ ﻭﺟﻪ ﺷﺨﺺ ﻟﻢ ﻳﻔﻜﺮ ﺃﺑﺪﺍ ﻓﻲ ﺗﻠﻘﻲ ﺍﻟﻤﺴﺎﻋﺪﺓ ﻣﻦ ﺿﻴﻒ.,"Kanon‐kun ngẩng lên nhìn tôi, mắt đầy bất ngờ.{n}Đó là ánh mắt của một người không ngờ sẽ được khách giúp đỡ.",Kanon-kun menatapku dengan mata terkejut.{n}Ekspresi seseorang yang tidak menyangka akan dibantu oleh tamu.,Kanon-kun şaşkın gözlerini bana çevirdi.{n}Bir misafirden yardım almayı hiç beklemeyen birinin yüzüydü bu.
Kanon,"""............B‐Battler‐sama... That's not necessary... I'll take care of everything, so...""","""............B-Battler-sama, don't worry about it... I will take care of everything, so..."" ","""............B-Battler-sama... That's sufficient..., I'll take care of everything, so...""",「…………ば、戦人さま…。結構です…、僕が全てやりますので…。」,「…………ば、戦人さま…。結構です…、僕が全てやりますので…」,"""............Б‐Баттлер‐сама... Это излишне. Я всё сделаю сам, так что...""","""............B‐Battler‐sama... Isso não é necessário... Eu irei cuidar de tudo, então...""",「…………战、战人少爷…。不用了…，我会做完的…」,「…………戰、戰人少爺…。不用了…，我會做完的…」,"""... B-Battler-sama... è sufficiente... mi occuperò io del resto, quindi...""","""...S-Signorino Battler... Sto bene... Mi occuperò io del resto, perciò...""","""B‐Battler‐sama... Eso es suficiente... Yo me ocuparé de todo, así que...""","""...........ﺑﺎﺗﻠﺮ-ﺳﺎﻣﺎ... ﻫﺬﺍ ﻳﻜﻔﻲ... ﺳﺄﻋﺘﻨﻲ ﺑﻜﻞ ﺷﻲﺀ، ﻟﺬﻟﻚ...""","""............T-thưa cậu Battler... Không cần đâu ạ... Tôi sẽ tự làm được...""","""............B-Battler-sama... Tidak perlu... Saya akan menanganinya sendiri, jadi...""","""............B-Battler-sama... Buna gerek yok... Ben her şeyi halledeceğim, yani..."""
Ushiromiya Battler,"""Don't you worry! I may not look it, but I've got it where it counts! Heheh!""","""Don't you worry! I may not look it, but I've got it where it counts! Heheh!"" ","""Don't you worry! I may not look it, but I've got it where it counts! Heheh!""",「気にすんなぁ！　こう見えても鍛え方が違うぜ！　へへん！」,「気にすんなぁ！　こう見えても鍛え方が違うぜ！　へへん！」,"""Не переживай! По мне, может, и не скажешь, но силёнок у меня хватает! Хе‐хе!""","""Não se preocupe! Eu posso não parecer, mas sou bem confiável! Heheh!""",「别在意！别看这样，我也是有练过的！嘿嘿！」,「別在意！別看這樣，我也是有練過的！嘿嘿！」,"""Non preoccuparti! Può non sembrare, ma ho un fisico ben piazzato! Heheh!""","""Non farti problemi! Anche se non sembra, sono un tipo tosto! Eheh!""","""¡No te preocupes! ¡Puede que no lo parezca, pero tengo lo que se necesita! ¡Jeje!""","""ﻻ ﺗﻘﻠﻖ! ﺭﺑﻤﺎ ﺃﺑﺪﻭ ﺿﻌﻴﻒ ﺍﻟﺒﻨﻴﺔ ﻟﻜﻨﻨﻲ ﺃﻗﺪﺭ ﻋﻠﻰ ﺣﻤﻠﻬﺎ! ﻫﻴﻬﻴﻬﻲ""","""Đừng lo! Nhìn vậy chứ tôi khỏe lắm đấy! Heheh!""","""Jangan khawatir! Meski tidak terlihat, aku cukup kuat! Heheh!""","""Dert etme! Öyle görünmüyor olabilirim ama önemli olan her yerde varım! Heheh!"""
,"Kanon‐kun looked like he hadn't yet gone through his growth spurt, and was stuck with a sorta weak body.","Since Kanon-kun looked like he hadn't yet gone through his growth spurt, he was stuck with a sorta weak body. ","Since Kanon-kun looked like he hadn't yet gone through his growth spurt, he was stuck with a sorta weak body.",嘉音くんはまだ成長期前って感じで、少々ひ弱そうな体つきだ。,嘉音くんはまだ成長期前って感じで、少々ひ弱そうな体つきだ。,"Поскольку у Канон‐куна бурный рост был ещё впереди, он не мог похвастаться сильным телом.","O Kanon‐kun olhou para a sua mão, que ainda não passou pelo seu surto de crescimento, e ainda está presa a um corpo fraco.",嘉音君好像还没进青春期，体格看起来略显瘦弱。,嘉音君好像還沒進青春期，體格看起來略顯瘦弱。,"Dal momento che Kanon-kun dava l'impressione di una persona nel pieno della crescita, era bloccato per via di un corpo debole.","Dato che Kanon-kun sembrava essere ancora nel periodo dello sviluppo, era di fisico un po' gracile.","Como parecía que Kanon‐kun aún no había pasado por su etapa de crecimiento repentino, tenía un cuerpo algo débil.",ﻣﻤﺎ ﻳﻈﻬﺮ ﺃﻥ ﻛﺎﻧﻮﻥ-ﻛﻦ ﻟﻢ ﻳﺼﻞ ﺇﻟﻰ ﻛﺎﻣﻞ ﻧﻤﻮﻩ ﺑﻌﺪ، ﻟﺬﺍ ﻛﺎﻥ ﻋﺎﻟﻘﺎ ﻓﻲ ﺟﺴﺪ ﺿﻌﻴﻒ ﻧﻮﻋﺎ ﻣﺎ.,"Kanon trông như vẫn chưa qua giai đoạn dậy thì, với thân hình yếu ớt.","Kanon-kun terlihat belum mengalami masa pertumbuhan, dengan tubuh yang agak lemah.",Kanon-kun henüz büyüme çağını tamamlamamış ve zayıf bir vücuda sahipmiş gibi görünüyordu.
,I guess this kind of weight is a bit much for him.,This kind of weight might've been too much for him. ," I guessed that this kind of weight was too much for him.",ちょいとこの重さは堪えるのかもしれない。,ちょいとこの重さは堪えるのかもしれない。,"Так что такой вес был для него, по‐видимому, чересчур.",Acho que esse tipo de peso é um pouco demais para ele.,看来是刚好能撑住这种重量而已吧。,看來是剛好能撐住這種重量而已吧。,Ho pensato che un peso del genere fosse un po' troppo per lui.,Forse un peso del genere era un po' troppo per lui da sopportare.,Supuse que este tipo de peso era demasiado para él.,ﺧﻤﻨﺖ ﺃﻥ ﻫﺬﺍ ﺍﻟﻨﻮﻉ ﻣﻦ ﺍﻟﻮﺯﻥ ﻛﺎﻥ ﺃﻛﺜﺮ ﻣﻦ ﺍﻟﻼﺯﻡ,Chắc mấy thứ nặng như vầy là quá sức với cậu ấy.,Kurasa beban seperti ini agak berat untuknya.,Sanırım bu tür bir ağırlık onun için biraz fazla.
Ushiromiya George,"""It's quite heavy, isn't it. It's natural that it would be difficult for you. Kanon‐kun, don't worry about it.""","""It's quite heavy. It's natural that it would be difficult for you. Don't worry about it, Kanon-kun."" ","""It's quite heavy, isn't it. It's natural that it would be difficult for you. Kanon-kun, don't worry about it.""",「結構重いね。嘉音くんが苦労するのも無理はないよ。嘉音くん、気にしないで。」,「結構重いね。嘉音くんが苦労するのも無理はないよ。嘉音くん、気にしないで」,"""Они довольно‐таки тяжёлые. Естественно, тебе нелегко ворочать их. Так что не переживай, Канон‐кун.""","""É um pouco pesado, não? É natural que possa acabar sendo um pouco difícil para você. Kanon‐kun, não se preocupe com isso.""",「这还挺重的。怪不得嘉音君这么费劲呢。别太在意哦，嘉音君。」,「這還挺重的。怪不得嘉音君這麼費勁呢。別太在意哦，嘉音君。」,"""È piuttosto pesante, vero? È normale che sia difficile per te. Kanon-kun, non preoccuparti.""","""Certo che è piuttosto pesante. È normale che sia difficile per te. Non preoccuparti, Kanon-kun.""","""Es bastante pesado. Es normal que sea difícil para ti. Kanon‐kun, no te preocupes.""","""ﺇﻧﻪ ﺛﻘﻴﻞ ﻟﻠﻐﺎﻳﺔ، ﺃﻟﻴﺲ ﻛﺬﻟﻚ ﻣﻦ ﺍﻟﻄﺒﻴﻌﻲ ﺃﻥ ﻳﻜﻮﻥ ﺻﻌﺒﺎ ﻋﻠﻴﻚ. ﻛﺎﻧﻮﻥ-ﻛﻦ، ﻻ ﺗﻘﻠﻖ ﺑﺸﺄﻥ ﺫﻟﻚ.""","""Nặng phết mà, nên khó khăn với cậu cũng là điều dễ hiểu thôi. Kanon à, đừng để tâm quá.""","""Cukup berat ya. Wajar jika sulit untukmu. Kanon-kun, jangan dipaksakan.""","""Oldukça ağır, değil mi? Kanon-kun, senin için zor olması doğal. Kanon-kun, endişelenme."""
Ushiromiya Battler,"""OK, my time to shine. This makes up for the boat part from before, right?""","""Okay, my time to shine. This makes up for the boat stuff from before, right?"" ","""Ok, my time to shine. This makes up for the boat part from before, right?""",「これぞ俺の見せ場さぁ。これでさっきの船の分はチャラだよなぁ？」,「これぞ俺の見せ場さぁ。これでさっきの船の分はチャラだよなぁ？」,"""Ладно, настало время показать себя. Это спишет мне то, что произошло на катере, верно я говорю?""","""Certo, é a minha hora de brilhar. Isso compensa por aquilo no barco, certo?""",「这可是我大显身手的时候啊。这么一来，刚才船上的事就可以一笔勾销了吧？」,「這可是我大顯身手的時候啊。這麼一來，剛才船上的事就可以一筆勾銷了吧？」,"""Ok, è il mio momento. E con questa siamo pari per la questione della barca, giusto?""","""E con questa mi sono messo in mostra. Che ne dite di dimenticarci di quello che è successo sul battello?""","""Bien, mi hora de brillar. Esto compensa la parte del bote, ¿verdad?""","""ﺣﺴﻨﺎ، ﺣﺎﻥ ﻭﻗﺘﻲ ﻷﻟﻤﻊ ﻫﺬﺍ ﺳﻴﻌﻮﺽ ﻋﻦ ﺟﺰﺀ ﺍﻟﻘﺎﺭﺏ ﻣﻦ ﻗﺒﻞ، ﺻﺤﻴﺢ؟""","""OK, đến lúc em thể hiện rồi. Xem như bù lại vụ trên thuyền hồi nãy, được không?""","""OK, giliranku bersinar. Ini menebus kejadian di kapal tadi, kan?""","""Tamam, parlama zamanım geldi. Bu, önceki tekne kısmını telafi ediyor, değil mi?"""
Ushiromiya Jessica,"""Ha! As if your antics earlier could be written off just like that! Ah‐hah‐hah‐ha! I'll tell you all about it later, Kanon‐kun—Battler is a laugh and a half!""","""Ha! As if this could make up for freaking out like that! Ahahaha! Later, I'll tell you about it too, Kanon-kun! Battler was totally hilarious!"" ","""Ha! As if your antics earlier could be written off just by this! Ah-hah-hah-ha! Later, I'm gonna tell Kanon-kun too just how funny you were, Battler!""",「は！　この程度のことじゃ、さっきの大騒ぎが帳消しになるもんかよ！　あっはっはっは！　嘉音くんにも後で教えてやるよ、戦人ったら面白ぇんだぜ！」,「は！　この程度のことじゃ、さっきの大騒ぎが帳消しになるもんかよ！　あっはっはっは！　嘉音くんにも後で教えてやるよ、戦人ったら面白ぇんだぜ！」,"""Ха! Как будто что‐либо другое сможет когда‐нибудь затмить тот коронный номер! Аха‐ха‐ха‐ха! Потом, попозже, я расскажу Канону‐кун каким смешным ты был, Баттлер.""","""Ha! Se não fosse o seu fiasco de antes, isso poderia compensar! Ah‐hah‐hah‐ha! Eu vou te contar sobre isso depois, Kanon‐kun, como o Battler pode ser engraçado!""",「哈！靠这点小事就想销了刚才在船上大吵大闹那笔账？啊哈哈哈！等下也告诉嘉音君，战人这家伙可好玩嘞！」,「哈！靠這點小事就想銷了剛才在船上大吵大鬧那筆賬？啊哈哈哈！等下也告訴嘉音君，戰人這傢伙可好玩嘞！」,"""Ha! Come se le buffonate di prima potessero esser risolte così! Ah-hah-hah-ha! Più tardi, racconterò a Kanon-kun quanto sei stato divertente, Battler!""","""Ah! Come se potessi rimediare a quella tua grande scenata con così poco! Ahahahah! Più tardi dirò a Kanon-kun quanto sei stato divertente, Battler!""","""¡Ja! ¡Como si tus payasadas de antes pudieran borrarse con solo esto! ¡A‐ja‐ja‐ja! ¡Más tarde, también le contaré a Kanon‐kun qué tan gracioso fuiste, Battler!""","""ﻫﺎﻩ ﻛﻤﺎ ﻟﻮ ﻛﺎﻥ ﺗﺼﺮﻓﻚ ﻓﻲ ﺍﻟﺴﺎﺑﻖ ﻳﻤﻜﻦ ﺃﻥ ﻳﻤﺤﻰ ﻓﻘﻂ ﻋﻦ ﻃﺮﻳﻖ ﻫﺬﺍ! ﺍﻩ ﻫﺎﻩ-ﻫﺎﻩ-ﻫﺎﻩ ﻻﺣﻘﺎ، ﺳﺄﻗﻮﻝ ﻟﻜﺎﻧﻮﻥ-ﻛﻦ ﻛﻢ ﻛﻨﺖ ﻣﻀﺤﻜﺎ ﻳﺎ ﺑﺎﺗﻠﺮ!""","""Ha! Mấy trò hề hồi nãy mà xem như xí xóa là xong á! Ah‐hah‐hah‐ha! Lát nữa tôi kể hết cho cậu nghe nha, Kanon à. Battler là cây hài chính hiệu luôn!""","""Ha! Seolah ulahmu tadi bisa ditebus semudah itu! Ah-hah-hah-ha! Nanti akan kuceritakan, Kanon-kun - Battler sangat lucu!""","""Ha! Sanki daha önceki maskaralıkların öylece silinip atılabilirmiş gibi! Ah-hah-hah-ha! Sana sonra anlatırım, Kanon-kun—Battler tam bir komedi!"""
Ushiromiya Maria,"""Gonna faaall gonna faaall!! Uu‐uu‐uu!!!""","""Gonna faaall, faaall!! Uu-uu-uu-!!!"" ","""Faaall faaall!! Uu-uu-uu-!!!""",「落ちるー落ちるー！！　うーうーうー！！！」,「落ちるー落ちるー！！　うーうーうー！！！」,"""Па‐а‐адаем, па‐а‐адаем! У‐у‐у‐у!!!""","""Vou caiiiir, vou caiiiir!! Uu‐uu‐uu!!!""",「要掉下去喽要掉下去喽！！呜——呜——呜——！！！」,「要掉下去嘍要掉下去嘍！！嗚——嗚——嗚——！！！」,"""Cadeeeeere, cadeeeere!! Uu-uu-uu-!!!""","""Cadooo, cadooo!! Uuh, uuh, uuh!!!""","""¡¡Caeeeeer caeeeeer!! ¡¡¡Uu‐uu‐uu!!!""","""ﺳﻘﻮﻭﻭﻭﻁ ﺳﻘﻮﻭﻭﻁ!! ﺃﻭﻭ-ﺃﻭﻭ-ﺃﻭﻭ""","""Rơi mất thuiii rơi mất thuiii!! Uu‐uu‐uu!!!""","""Aku jatuh aku jatuh!! Uu-uu-uu!!!""","""Düşeceeek düşeceeek!! Uu-uu-uu!!!"""
,"Banter made the job seem quick, and before I knew it, all the stuff had been piled back into the wheelbarrow.","As they did this, I piled all the stuff back into the wheelbarrow. ","As they did this, I piled all the stuff back into the wheelbarrow.",そんな風にしている内に、積荷は全て元通り猫車に積みあがる。,そんな風にしている内に、積荷は全て元通り猫車に積みあがる。,"Пока они веселились, я погрузил мешки обратно в тачку.","A brincadeira fez o trabalhar parecer mais rápido e, antes que eu percebesse, todas as coisas já haviam sido colocadas no carrinho de novo.",在这种氛围下，不一会儿，掉下来的东西就都按照原样装回了独轮车。,在這種氛圍下，不一會兒，掉下來的東西就都按照原樣裝回了獨輪車。,"Come dissero queste parole, impilai i sacchi nella carriola.","Mentre si comportavano in quel modo, rimisi com'era prima il carico nella carriola.","Mientras hacían eso, apilamos todas las cosas en la carretilla de nuevo.",ﺑﻴﻨﻤﺎ ﺳﺨﺮﻭﺍ ﻣﻨﻲ، ﺣﻤﻠﺖ ﻛﻞ ﺍﻷﻏﺮﺍﺽ ﻣﺮﺓ ﺃﺧﺮﻯ ﻟﺪﺍﺧﻞ ﺍﻟﻌﺮﺑﺔ.,"Vừa làm vừa nói khiến mọi thứ có vẻ diễn ra nhanh chóng, và trước khi tôi kịp nhận ra, mọi thứ đã được chất đầy trở lại lên xe rùa.","Canda membuat pekerjaan terasa cepat, dan sebelum sadar semua barang sudah kembali dimuat ke gerobak.",Şakalaşmalar işi çabuklaştırdı ve ne olduğunu anlamadan tüm eşyalar el arabasına geri yığıldı.
Kanon,"""............For letting you see such unsightliness, I beg your forgiveness.""","""............I beg your forgiveness...for letting you witness such unsightliness."" ","""............For letting you see such unsightliness, I beg your forgiveness.""",「…………お見苦しいところをお見せして、申し訳ございませんでした。」,「…………お見苦しいところをお見せして、申し訳ございませんでした」,"""............Нижайше прошу прощения, что из‐за меня вы стали свидетелями подобного неприглядного зрелища.""","""............Eu peço seu perdão por tê‐lo feito ver algo tão deselegante.""",「…………让各位看到了失态之处，十分抱歉。」,「…………讓各位看到了失態之處，十分抱歉。」,"""... Imploro il vostro perdono per avervi fatto assistere a questa spiacevole scena.""","""...Chiedo perdono per avervi fatto assistere a questa scena incresciosa.""","""... Por haberles hecho ver algo tan indigno, ruego su perdón.""",""".........ﺇﻧﻲ ﺃﻃﻠﺐ ﻣﻐﻔﺮﺗﻚ ﻟﺮﺅﻳﺘﻚ ﻣﺜﻞ ﻫﺬﺍ ﺍﻟﺘﺼﺮﻑ ﺍﻷﺭﻋﻦ.""","""............Vì đã để các vị chứng kiến cảnh tượng khó coi này, tôi xin phép được thứ lỗi.""","""............Maaf telah memperlihatkan pemandangan yang tidak pantas.""","""............Böyle bir çirkinliği görmenize izin verdiğim için affınıza sığınıyorum."""
Gohda Toshiro,"""Very well, enough now. Please, go.""","""Come now, that's quite enough. Please, go."" ","""Very well, enough now. Please, go.""",「ささ、もう結構ですよ。行ってください。」,「ささ、もう結構ですよ。行ってください」,"""Ну хорошо, достаточно. Ступай.""","""Muito bem, já é o bastante. Vamos indo, por favor.""",「好了，已经可以了。快走吧。」,「好了，已經可以了。快走吧。」,"""Molto bene, per ora basta così. Prego, puoi andare.""","""Molto bene, per ora basta così. Prego, puoi andare.""","""Muy bien, ya es suficiente. Por favor, continúa.""","""ﻻ ﺑﺄﺱ، ﻳﻜﻔﻲ ﺍﻵﻥ. ﻣﻦ ﻓﻀﻠﻚ، ﺍﺫﻫﺐ.""","""Tốt lắm, đủ rồi đấy. Giờ cậu đi đi.""","""Sudah, cukup. Silakan pergi.""","""Pekala, bu kadar yeter. Lütfen, git."""
,Letting such a disgraceful thing be seen by the guests who were supposed to be made welcome...must have been hideously embarrassing as a servant.,"Letting the guests, who were supposed to feel welcome, see such a disgraceful thing... must have been hideously embarrassing for a servant. ","Letting such a disgraceful thing be seen by the guests who were supposed to be made welcome...must have been hideously embarrassing as a servant.",もてなすべきお客にみっともないところを見せてしまったのは使用人としては恥ずべきことなのだろう。,もてなすべきお客にみっともないところを見せてしまったのは使用人としては恥ずべきことなのだろう。,"Допустить, чтобы такой пассаж произошёл на глазах у гостей, которым полагалось оказать радушный приём... Слугам полагалось испытать глубочайший стыд.",Deixando os convidados verem algo tão vergonhoso em um momento que supostamente seria de boas‐vindas...deve ser terrivelmente embaraçoso para um serviçal.,给应该好好招待的客人看到了不像话的地方，对佣人来说是很可耻的事情吧。,給應該好好招待的客人看到了不像話的地方，對傭人來說是很可恥的事情吧。,Permettere che un qualcosa di così vergognoso fosse visto dagli ospiti a cui doveva esser dato il benvenuto... dev'essere stato terribilmente imbarazzante per un domestico..,"Lasciare che gli ospiti, che avrebbero dovuto sentirsi i benvenuti, vedessero qualcosa di così riprovevole... per un domestico era una fonte di vergogna.",Permitir que algo tan vergonzoso fuera visto por los invitados a quienes se suponía había que darles la bienvenida... debe haber sido espantosamente vergonzoso como sirviente., ﺇﺫﺍ ﻛﻨﺖ ﺧﺎﺩﻣﺎ، ﻓﻤﻦ ﺍﻟﻤﺤﺮﺝ ﻟﻠﻐﺎﻳﺔ ﺍﻟﺴﻤﺎﺡ ﻟﻤﺜﻞ ﻫﺬﺍ ﺍﻟﺘﺼﺮﻑ ﺍﻟﻤﻬﻴﻦ ﺑﺄﻥ ﻳﺮﻯ ﻣﻦ ﻗﺒﻞ ﺍﻟﻀﻴﻮﻑ ﺍﻟﺬﻳﻦ ﻣﻦ ﺍﻟﻤﻔﺘﺮﺽ ﺃﻥ ﻳﺘﻢ ﺍﻟﺘﺮﺣﻴﺐ ﺑﻬﻢ.,Việc để khách – những người lẽ ra phải được tiếp đón chu đáo – chứng kiến cảnh tượng xấu hổ như vậy... hẳn là một nỗi nhục lớn đối với một gia nhân.,Membiarkan hal memalukan terlihat oleh tamu yang seharusnya disambut... pasti sangat memalukan sebagai pelayan.,Böyle utanç verici bir şeyin hoş karşılanması gereken konuklar tarafından görülmesine izin vermek...bir hizmetkâr olarak çok utanç verici olmalı.
,"Pressed by Gohda to hurry up and exit, Kanon‐kun left.","Pressed by Gohda to hurry up and go, Kanon-kun left. "," Pressed by Gohda to hurry up and exit, Kanon-kun left.",退場を急かす郷田に促され、嘉音くんは去っていった。,退場を急かす郷田に促され、嘉音くんは去っていった。,"Подгоняемый Годой, Канон‐кун удалился.","Pressionado pelo Gohda para se apressar e ir embora, o Kanon‐kun se retirou.",随着乡田的督促，嘉音君离开了。,隨著鄉田的督促，嘉音君離開了。,"Pressato ad andarsene da Gohda, Kanon-kun si allontanò.","Sollecitato da Gouda ad allontanarsi, Kanon-kun se ne andò.","Presionado por Gohda a que se diera prisa y se fuera, Kanon‐kun se marchó.",ﺑﺴﺒﺐ ﺿﻐﻂ ﻗﻮﺩﺍ ﻋﻠﻴﻪ ﻟﻺﺳﺮﺍﻉ ﺑﺎﻟﺬﻫﺎﺏ، ﻏﺎﺩﺭ ﺣﻴﻨﻬﺎ ﻛﺎﻧﻮﻥ-ﻛﻦ.,"Bị Gohda thúc giục rời đi, Kanon‐kun đã cất bước.","Didorong Gohda untuk segera pergi, Kanon-kun pergi.",Gohda'nın acele etmesi ve gitmesi yönündeki baskısı üzerine Kanon-kun gitti.
Ushiromiya Eva,"""You're too harsh on him, Gohda‐san. Wouldn't it have been better if you'd helped him, instead of being a bully?""","""You're too harsh on him, Gohda-san. Shouldn't you have helped him, instead of being a bully?"" ","""You're too harsh on him, Gohda-san. Wouldn't it have been better if you'd helped him, instead of being a bully?""",「郷田さんもいじめ過ぎよぅ。意地悪言わないであなたも手伝えばよかったんじゃない？」,「郷田さんもいじめ過ぎよぅ。意地悪言わないであなたも手伝えばよかったんじゃない？」,"""Ты чересчур строг с ним, Года‐сан. Может быть, тебе следовало помочь ему, вместо того, чтобы понукать?""","""Você é muito rígido com ele, Gohda‐san. Não seria melhor se você o ajudasse, ao invés de criticá‐lo?""",「乡田你也太欺负他了吧。别说那种话，你也去帮忙不就好了嘛？」,「鄉田你也太欺負他了吧。別說那種話，你也去幫忙不就好了嘛？」,"""Sei troppo severo con lui, Gohda-san. Non sarebbe stato meglio se l'avessi aiutato, senza fare il prepotente?""","""Lo maltratti troppo, Gouda-san. Non avresti fatto meglio ad aiutarlo, invece di rimproverarlo con cattiveria?""","""Eres demasiado duro con él, Gohda‐san. ¿No hubiera sido mejor si le hubieras ayudado, en lugar de molestarlo?""","""ﻟﻘﺪ ﻗﺴﻮﺕ ﻋﻠﻴﻪ ﺟﺪﺍ ﻳﺎ ﻗﻮﺩﺍ-ﺳﺎﻥ. ﺃﻟﻢ ﻳﻜﻦ ﻣﻦ ﺍﻷﻓﻀﻞ ﻟﻮ ﻛﻨﺖ ﺳﺎﻋﺪﺗﻪ، ﺑﺪﻻ ﻣﻦ ﺍﻟﺘﺴﻠﻂ ﻋﻠﻴﻪ؟""","""Anh hơi nặng lời với cậu ấy rồi đó, Gohda à. Sao không giúp một tay thay vì bắt nạt, nhỉ?""","""Kamu terlalu keras padanya, Gohda-san. Bukankah lebih baik membantunya daripada mengganggunya?""","""Gohda-san, ona karşı çok acımasızsın. Zorbalık etmek yerine ona yardım etseydin daha iyi olmaz mıydı?"""
Gohda Toshiro,"""...You are quite correct. I deeply, deeply implore your forgiveness.""","""...That was wrong of me. I deeply implore your forgiveness."" ","""...That had not occurred to me. I deeply, deeply implore your forgiveness.""",「…これは至りませんで。誠に申し訳ございませんでした。」,「…これは至りませんで。誠に申し訳ございませんでした」,"""...Это не пришло мне в голову. Искренне молю о вашем прощении.""","""...Você está absolutamente certa. Eu peço humildemente pelo seu perdão.""",「…鄙人想得不够周到。实在是非常抱歉。」,「…鄙人想得不夠周到。實在是非常抱歉。」,"""... Non ci ho pensato. Chiedo profondamente il vostro perdono.""","""...Ha ragione, non ci avevo pensato. Chiedo umilmente perdono.""","""No lo había pensado. Le imploro profundamente su perdón.""","""ﻟﻢ ﻳﺨﻄﺮ ﻋﻠﻰ ﺑﺎﻟﻲ ﻓﻌﻞ ﻫﺬﺍ. ﺇﻧﻨﻲ ﺃﻃﻠﺐ ﻣﻐﻔﺮﺗﻚ ﺑﺸﺪﺓ.""","""...Bà nói đúng rồi ạ. Tôi thật lòng, thật lòng xin thứ lỗi.""","""...Anda benar sekali. Saya sangat-sangat memohon maaf.""","""...Çok haklısınız. Çok ama çok affınıza sığınıyorum."""
,"Without even a twitch in his smile, Gohda‐san apologized elegantly.","Without even a twitch in his smile, Gohda-san apologized elegantly. ","Without even a twitch in his smile, Gohda-san apologized elegantly.",郷田さんは笑顔を寸分歪ませることもなく、優雅に謝罪の言葉を口にするのだった。,郷田さんは笑顔を寸分歪ませることもなく、優雅に謝罪の言葉を口にするのだった。,"Года‐сан элегантно извинился перед нами, причём его улыбка даже не дрогнула.","Sem nem mesmo conter o seu sorriso, o Gohda‐san se desculpou com elegância.",乡田的笑容没有丝毫扭曲，优雅地说出了道歉之词。,鄉田的笑容沒有絲毫扭曲，優雅地說出了道歉之詞。,"Senza mutare minimamente il suo sorriso, Gohda-san si scusò elegantemente.","Gouda-san porse le sue scuse con savoir-faire, senza alterare il suo sorriso di un millimetro.","Sin siquiera una arruga en su sonrisa, Gohda‐san se disculpó elegantemente.",ﺩﻭﻥ ﺃﻱ ﺗﻐﻴﺮ ﻓﻲ ﺍﺑﺘﺴﺎﻣﺘﻪ، ﺍﻋﺘﺬﺭ ﻗﻮﺩﺍ-ﺳﺎﻥ ﺑﺮﻗﻲ.,"Với miệng cười không chút thay đổi, chú Gohda tinh tế đưa ra lời xin lỗi.","Tanpa perubahan sedikit pun pada senyumnya, Gohda-san meminta maaf dengan elegan.",Gohda-san gülümsemesinde bir kıpırdanma bile olmadan zarif bir şekilde özür diledi.
Ushiromiya Hideyoshi,"""Kanon‐kun has a ton a things he's good at too. It's just that bein' young works against him all the time. It's a cryin' shame.""","""Kanon-kun has a ton a things he's good at too. It's just that bein' young works against him all the time. It's a cryin' shame."" ","""Kanon-kun has a ton a things he's good at too. It's just that bein' young works against him all the time. It's a cryin' shame.""",「嘉音くんもえぇところはぎょうさんあるんやで。ただ、若いんかのぅ、色々と損をしとる。勿体無いわ。」,「嘉音くんもえぇところはぎょうさんあるんやで。ただ、若いんかのぅ、色々と損をしとる。勿体無いわ」,"""Есть много других вещей, в которых Канон дока. Просто он ещё очень молод, и это работает против него. Право, жаль паренька.""","""Tem muitas coisas em que o Kanon‐kun é bom. É só que a sua imaturidade trabalha contra ele o tempo todo. É uma pena.""",「嘉音君也有很多优点呐。但因为年轻的缘故吧，在很多地方都会吃亏呐。可惜呐可惜呐。」,「嘉音君也有很多優點吶。但因為年輕的緣故吧，在很多地方都會吃虧吶。可惜吶可惜吶。」,"""Kanon-kun è bravo in un sacco di cose... tutto qua, essere giovane gioca a suo svantaggio. Un vero peccato.""","""Kanon-kun è bravo in un sacco di cose. Ma il suo essere giovane gioca spesso a suo svantaggio. Che peccato.""","""Kanon‐kun también tiene un montón de cosas que se le dan bien. El problema es que ser joven siempre juega en su contra. Es una verdadera pena.""","""ﻟﺪﻯ ﻛﺎﻧﻮﻥ-ﻛﻦ ﺍﻟﻜﺜﻴﺮ ﻣﻦ ﺍﻷﺷﻴﺎﺀ ﺍﻟﺘﻲ ﻳﺤﺴﻦ ﺍﻟﻘﻴﺎﻡ ﺑﻬﺎ. ﺇﻥ ﻣﺠﺮﺩ ﻛﻮﻧﻪ ﻣﺮﺍﻫﻘﺎ ﻳﻘﻒ ﻓﻲ ﻃﺮﻳﻘﻪ ﺩﺍﺋﻤﺎ. ﺇﻥ ﺫﻟﻚ ﻷﻣﺮ ﻣﺨﺰﻱ.""","""Kanon cũng có nhiều mặt tốt đấy. Chỉ là tại cậu ta còn trẻ quá thôi. Nghĩ mà tiếc thật.""","""Kanon-kun punya banyak keahlian juga. Hanya saja masih muda jadi sering merugikan dirinya sendiri. Sangat disayangkan.""","""Kanon-kun'un da iyi olduğu bir sürü şey var. Sadece genç olmak her zaman aleyhine işliyor. Çok yazık."""
Ushiromiya Rudolf,"""It's a prickly age. You be nice to him. Keeping a tight lip is just what you want in a servant. Right, Kumasawa‐san?""","""Well, it's a prickly age. Let's just leave him be. After all, closed-mouthed servants are the best kind. Isn't that right, Kumasawa-san?"" ","""It's a prickly age. You be nice to him. Close-mouthed servants are just fine. Right, Kumasawa-san?""",「気難しい年頃さぁ。そっとしといてやれよ。使用人は寡黙なくらいが丁度いいさ。なぁ熊沢さん。」,「気難しい年頃さぁ。そっとしといてやれよ。使用人は寡黙なくらいが丁度いいさ。なぁ熊沢さん」,"""Он сейчас в том возрасте, когда мальчишки бывают колючими, как ежи. Так что будь с ним поласковее. Немногословные слуги ценятся на вес золота. Верно, Кумасава‐сан?""","""É uma idade complicada. Você deve ser gentil com ele. Ter serviçais que falam apenas quando é necessário também é bom. Certo, Kumasawa‐san?""",「是个难相处的年纪嘛。就随他去吧。不过作为佣人沉默寡言也是正好。是吧，熊泽婆婆？」,「是個難相處的年紀嘛。就隨他去吧。不過作為傭人沉默寡言也是正好。是吧，熊澤婆婆？」,"""È un'età pungente. Dovresti essere delicato con lui. Domestici zitti e muti sarebbero perfetti. Giusto, Kumasawa-san?""","""È un'età difficile. Dagli un po' di tregua. I domestici silenziosi sono quelli migliori. Giusto, Kumasawa-san?""","""Es una edad delicada. Sean amables con él. Los sirvientes callados están muy bien. ¿No es verdad, Kumasawa‐san?""","""ﺇﻧﻬﺎ ﻓﺘﺮﺓ ﺻﻌﺒﺔ. ﻓﻠﺘﻜﻦ ﻭﺩﻭﺩﺍ ﻓﻲ ﻣﻌﺎﻣﻠﺘﻪ. ﺍﻟﺨﺪﻡ ﺍﻟﺼﺎﻣﺘﻴﻦ ﺟﻴﺪﻳﻦ. ﺃﻟﻴﺲ ﻛﺬﻟﻚ ﻳﺎ ﻛﻮﻣﺎﺳﺎﻭﺍ-ﺳﺎﻥ؟""","""Đang ở tuổi nhạy cảm mà. Cứ đối xử nhẹ nhàng với cậu ấy đi. Biết im lặng như vậy lại là đức tính một gia nhân cần có đó. Phải vậy không thưa bà Kumasawa?""","""Usia yang sulit. Bersikap baiklah padanya. Diam itu yang diinginkan dari pelayan. Benar kan, Kumasawa-san?""","""Huysuz bir yaş. Ona karşı nazik ol. Ağzını sıkı tutmak tam da bir hizmetkârda olması gereken şeydir. Değil mi, Kumasawa-san?"""
Kumasawa Chiyo,"""Hoh‐hoh‐hoh‐ho, Rudolf‐sama, you truly are harsh! There is no servant as silent as I, of course!""","""Hohohohoh, Rudolf-sama, you truly are harsh! There is no servant as silent as me, of course!"" ","""Hoh-hoh-hoh-ho, Rudolf-sama, you truly are harsh! There is no servant as silent as I, of course!""",「ほっほっほっほ、留弗夫さまは手厳しゅうございますこと！　私ほど使用人で寡黙な者はおりませんとも、えぇ！」,「ほっほっほっほ、留弗夫さまは手厳しゅうございますこと！　私ほど使用人で寡黙な者はおりませんとも、えぇ！」,"""Хо‐хо‐хо‐хо, какое едкое замечание, Рудольф‐сама! Разумеется, на свете не существует более молчаливого слуги, чем я!""","""Hoh‐hoh‐hoh‐ho, Rudolf‐sama, você é mesmo rigoroso! Não tem nenhum serviçal que fique mais em silêncio do que eu!""",「嚯嚯嚯嚯，留弗夫先生可真是严厉呢！这世上已经没有比老太婆我更沉默寡言的佣人了，嚯嚯！」,「嚯嚯嚯嚯，留弗夫先生可真是嚴厲呢！這世上已經沒有比老太婆我更沉默寡言的傭人了，嚯嚯！」,"""Hoh-hoh-hoh-ho, Rudolf-sama, siete veramente cattivo!! Non c'è alcun domestico più silenzioso di me, ovviamente!""","""Ohohohoh, Signor Rudolf, com'è severo!! Dovrebbe saperlo bene, non c'è domestica più silenziosa di me!""","""Jo‐jo‐jo‐jo, Rudolf‐sama, ¡en verdad es usted muy severo! ¡No hay ningún sirviente que sea tan callado como yo, por supuesto!""","""ﻫﻮﻩ-ﻫﻮﻩ-ﻫﻮﻩ-ﻫﻮ، ﺭﻭﺩﻭﻟﻒ-ﺳﺎﻣﺎ، ﺇﻧﻚ ﻗﺎﺱ ﺣﻘﺎ! ﻻ ﻳﻮﺟﺪ ﺧﺎﺩﻡ ﺻﺎﻣﺖ ﺑﻘﺪﺭﻱ، ﺑﺎﻟﻄﺒﻊ!""","""Hoh‐hoh‐hoh‐ho, ngài Rudolf ác quá nha! Không có gia nhân nào im lặng được bằng tôi đâu!""","""Hoh-hoh-hoh-ho, Rudolf-sama, Anda benar-benar keras! Tentu tidak ada pelayan yang lebih pendiam dari saya!""","""Hoh-hoh-hoh-ho, Rudolf-sama, gerçekten çok acımasızsınız! Benim kadar sessiz bir hizmetkâr yoktur elbette!"""
,"Everyone smiled wryly at that shameless lie.{n}Even she herself didn't believe that, not in her wildest dreams.{n}She said that to loosen us all up.","Everyone smiled wryly at that obvious lie. Even she herself didn't believe that, not in her wildest dreams. So, she must've said it to lighten the mood. ","Everyone smiled wryly at that shameless lie. Even she herself didn't believe that, not in her wildest dreams. She said that to loosen us all up.",その白々しい言葉にみんなは思わず苦笑いを漏らす。本人だって夢にもそう思ってなんかいない。だから、場を和ますために言ってくれたのだ。,その白々しい言葉にみんなは思わず苦笑いを漏らす。{n}本人だって夢にもそう思ってなんかいない。{n}だから、場を和ますために言ってくれたのだ。,"Все натянуто улыбнулись столь наглой лжи.{n}Даже она сама, в своих самых смелых мечтах, ни за что бы в это не поверила.{n}Она сказала это, чтобы снять наше напряжение.","Todos sorriram ironicamente para essa mentira descarada.{n}Nem mesmo ela acredita nisso, nem em seus próprios sonhos.{n}Ela deixa escapar tudo.",听了她这句装模作样的话，大家都不禁露出了苦笑。{n}就算她本人做梦的时候也不会这么想。{n}所以，她其实是为了缓和气氛而特意这样说的。,聽了她這句裝模作樣的話，大家都不禁露出了苦笑。{n}就算她本人做夢的時候也不會這麼想。{n}所以，她其實是為了緩和氣氛而特意這樣說的。,"Tutti risero ironicamente a quella spudorata bugia. Persino lei stessa non ci credeva, nemmeno nei suoi sogni più profondi. Lo disse per farci rilassare.","Davanti a quella palese bugia, tutti si fecero sfuggire istintivamente una risata.Nemmeno lei credeva alle sue stesse parole. Lo aveva detto per sdrammatizzare.","Todo el mundo sonrío con ironía ante esa descarada mentira.{n}Ni siquiera ella se creía eso, aun en sus sueños más alocados.{n}Dijo eso para relajarnos a todos.",ﺍﺑﺘﺴﻢ ﺍﻟﺠﻤﻴﻊ ﺑﺎﻣﺘﻌﺎﺽ ﻋﻠﻰ ﺗﻠﻚ ﺍﻟﻜﺬﺑﺔ ﺍﻟﻤﺨﺰﻳﺔ.{n}ﺣﺘﻰ ﻫﻲ ﻧﻔﺴﻬﺎ ﻟﻢ ﺗﺼﺪﻕ ﺫﻟﻚ، ﻭﻻ ﺣﺘﻰ ﻓﻲ ﺍﺣﻼﻣﻬﺎ ﺍﻷﻛﺜﺮ ﻓﻈﺎﻋﺔ.{n}ﻗﺎﻟﺖ ﺫﻟﻚ ﻟﺠﻌﻠﻨﺎ ﻧﺴﺘﺮﺧﻲ ﺟﻤﻴﻌﺎ.,"Ai nấy đều cười gượng với lời dối trắng trợn đó.{n}Ngay cả chính bà ấy cũng không tin được lời mình nói, dù chỉ là trong mơ.{n}Bà nói vậy chỉ để giúp mọi người thư giãn thôi.","Semua orang tersenyum kecut pada kebohongan tak tahu malunya itu.{n}Bahkan dia sendiri tidak percaya itu, bahkan dalam mimpi paling liar sekalipun.{n}Dia mengatakannya untuk mencairkan suasana.","Bu utanmaz yalan karşısında herkes alaycı bir şekilde gülümsedi.{n}Kendisi bile buna inanmıyordu, en çılgın rüyalarında bile.{n}Bunu hepimizi gevşetmek için söyledi."
,"Yeah, that's the kind of character Kumasawa baa‐chan used to be.","Yeah, that's the kind of character Kumasawa baa-chan used to be. "," Yeah, that's the kind of character Kumasawa baa-chan used to be.",なるほど、熊沢の婆ちゃんってこういうキャラだったんだな。,なるほど、熊沢の婆ちゃんってこういうキャラだったんだな。,"Да, вот таким человеком бабуля Кумасава и была.",Esse é o tipo de personagem que a Kumasawa baa‐chan costuma ser.,原来如此，熊泽婆婆是这样的角色啊。,原來如此，熊澤婆婆是這樣的角色啊。,"Già, questo è il genere di carattere che aveva Kumasawa baa-chan.","Eh già, tipico atteggiamento della vecchia Kumasawa.","Sí, ese es el tipo de personaje que la abuela Kumasawa solía ser.",ﻫﺬﻩ ﻫﻲ ﺷﺨﺼﻴﺔ ﺍﻟﻌﺠﻮﺯ ﻛﻮﻣﺎﺳﺎﻭﺍ ﺍﻟﺘﻲ ﺗﻌﻮﺩﻧﺎ ﻋﻠﻴﻬﺎ.,"Đúng thế, đó là phong cách của bà Kumasawa mà.","Ya, begitulah karakter Kumasawa baa-chan dulu.","Evet, Kumasawa baa-chan eskiden böyle bir karakterdi."
,"The mood that had stiffened a little was cleared up in a twinkling, thanks to Kumasawa‐san's cheerful smile.",The once stiff atmosphere had cleared up at once thanks to her cheerful smile. ," The mood that had stiffened a little was cleared up in a twinkling, thanks to Kumasawa-san's cheerful smile.",ちょっと硬くなっていた雰囲気は、熊沢さんのカラカラとした笑いでみるみる晴らされていった。,ちょっと硬くなっていた雰囲気は、熊沢さんのカラカラとした笑いでみるみる晴らされていった。,"Лучи весёлой улыбки Кумасавы‐сан смогли прогнать дымку, которой слегка затянуло наше настроение.","O clima endurecido mudou em um piscar de olhos, graças ao animado sorriso da Kumasawa‐san.",稍稍有些紧张的气氛，被熊泽婆婆嚯嚯的笑声一扫而空。,稍稍有些緊張的氣氛，被熊澤婆婆嚯嚯的笑聲一掃而空。,"L'atmosfera che si era un po' irrigidita si volse in una risata, grazie all'umorismo di Kumasawa-san.","Grazie alla risata fragorosa di Kumasawa-san, l'atmosfera che si era fatta un po' pesante si alleggerì.","El ánimo, que se había puesto un poco tenso, se relajó en un abrir y cerrar de ojos gracias a la sonrisa animada de Kumasawa‐san.",ﺍﻧﺠﻠﺖ ﺍﻟﺤﺎﻟﺔ ﺍﻟﻤﺰﺍﺟﻴﺔ ﺍﻟﺼﺎﺭﻣﺔ ﻓﻲ ﻃﺮﻓﺔ ﻋﻴﻦ، ﻭﻳﻌﻮﺩ ﺍﻟﻔﻀﻞ ﻻﺑﺘﺴﺎﻣﺔ ﻛﻮﻣﺎﺳﺎﻭﺍ-ﺳﺎﻥ ﺍﻟﻤﺒﻬﺠﺔ.,Bầu không khí có phần căng thẳng lập tức trở nên nhẹ nhàng hơn nhờ nụ cười rạng rỡ của bà.,"Suasana yang sempat kaku kembali cair seketika, berkat senyum ceria Kumasawa-san.",Kumasawa-san'ın neşeli gülümsemesi sayesinde biraz katılaşmış olan ruh hali bir anda düzeldi.
Ushiromiya Kyrie,"""I'd like to put down the luggage soon. Gohda‐san, how are we to split up for our rooms?""","""I'd like to set down our luggage soon. Gohda-san, what rooms are we all going to take?"" ","""I'd like to put down the luggage soon. Gohda-san, how are we to split up for our rooms?""",「そろそろ荷物を置きたいわね。郷田さん、部屋割りはどうなってるのかしら？」,「そろそろ荷物を置きたいわね。郷田さん、部屋割りはどうなってるのかしら？」,"""Я бы хотела поскорее положить багаж. Года‐сан, как комнаты будут поделены между нами?""","""Eu gostaria de desfazer as malas logo. Gohda‐san, como vamos dividir nossos quartos?""",「差不多该去把行李放好了。乡田，房间是怎么分配的？」,「差不多該去把行李放好了。鄉田，房間是怎麼分配的？」,"""Vorrei posare le valige il più presto possibile. Gohda-san, come siamo disposti nelle stanze?""","""Vorrei posare le valigie il prima possibile. Qual'è la disposizone delle stanze, Gouda-san?""","""Me gustaría dejar el equipaje pronto. Gohda‐san, ¿cómo tendremos que dividirnos para las habitaciones?""","""ﺃﻭﺩ ﻭﺿﻊ ﺣﻘﺎﺋﺐ ﺍﻟﺴﻔﺮ ﺳﺮﻳﻌﺎ. ﻗﻮﺩﺍ-ﺳﺎﻥ، ﻛﻴﻒ ﺳﺘﻘﺴﻢ ﻏﺮﻓﻨﺎ؟""","""Tôi muốn cất hành lý sớm một chút. Anh Gohda, chúng tôi sẽ chia phòng thế nào?""","""Saya ingin segera menurunkan barang bawaan. Gohda-san, bagaimana pembagian kamar kita?""","""Bavulları bir an önce bırakmak istiyorum. Gohda-san, odalarımız için nasıl ayrılacağız?"""
Gohda Toshiro,"""It shall be the same as last year. I shall guide you. Please, this way.""","""It shall be the same as the previous year. Allow me to guide you. Please, this way."" ","""It shall be the same as the previous year. I shall guide you. Please, this way.""",「昨年と同じになっております。さ、ご案内いたします。どうぞこちらへ。」,「昨年と同じになっております。さ、ご案内いたします。どうぞこちらへ」,"""Так же, как и в прошлом году. Я отведу вас. Пожалуйста, сюда.""","""Deve ser da mesma forma que no ano passado. Eu vou levá‐los até eles.{n}Por favor, venham por aqui.""",「和去年是一样的。鄙人这就带大家一起过去。请往这边走。」,「和去年是一樣的。鄙人這就帶大家一起過去。請往這邊走。」,"""Dovreste essere divisi come l'anno scorso. Vi farò strada. Prego, da questa parte.""","""La disposizione è la stessa dell'anno scorso. Vi guiderò io. Prego, da questa parte.""","""Será igual que el año anterior. Les guiaré. Por favor, por aquí.""","""ﺳﺘﻜﻮﻥ ﻧﻔﺴﻬﺎ ﻛﻤﺎ ﻓﻲ ﺍﻟﻌﺎﻡ ﺍﻟﺴﺎﺑﻖ. ﺳﻮﻑ ﺃﺭﺷﺪﻛﻢ. ﻣﻦ ﻓﻀﻠﻜﻢ، ﻣﻦ ﻫﺬﺍ ﺍﻟﻄﺮﻳﻖ.""","""Sẽ giống như năm ngoái, thưa bà. Tôi xin phép được dẫn đường. Xin mời đi lối này.""","""Sama seperti tahun lalu. Saya akan memandu Anda. Silakan, lewat sini.""","""Geçen yılki gibi olacak. Size rehberlik edeceğim. Lütfen, bu taraftan."""
,We headed towards the trim and elegant guesthouse.{n}This was going to be our temporary quarters for a night.,"We headed towards a trim, elegantly simple guesthouse. This was gonna be our temporary quarters for the night. ","We headed towards a trim, elegantly simple guesthouse. This was gonna be our temporary quarters for a night.",俺たちは瀟洒で小綺麗なゲストハウスへ向かう。ここが、一泊の間の俺たちの仮の宿になるのだ。,俺たちは瀟洒で小綺麗なゲストハウスへ向かう。{n}ここが、一泊の間の俺たちの仮の宿になるのだ。,"И мы направились к ухоженному, изящно простому домику для гостей.{n}Ему полагалось стать нашим временным пристанищем на ночь.",Nós fomos em direção à elegante casa de hóspedes.{n}Onde serão nossos quartos temporários esta noite.,我们朝着典雅别致的宾馆走去。{n}这里将会是我们一晚的暂宿之处。,我們朝著典雅別緻的賓館走去。{n}這裡將會是我們一晚的暫宿之處。,"Ci dirigemmo verso una casa degli ospiti raffinata, semplice ed elegante. {n}Essa sarebbe stata la nostra sede temporanea per una notte.","Fummo condotti verso una dépendance carina ed elegante. Per una notte, questa sarebbe stata la nostra residenza temporanea.",Nos dirigimos a una pulcra y elegantemente simple casa de huéspedes.{n}Estos iban a ser nuestros cuarteles temporales durante una noche.,ﺗﻮﺟﻬﻨﺎ ﻧﺤﻮ ﻣﻨﺰﻝ ﺿﻴﺎﻓﺔ ﺑﺴﻴﻂ ﻭﺃﻧﻴﻖ.{n}ﺳﻴﻜﻮﻥ ﻫﺬﺍ ﻣﺴﻜﻨﻨﺎ ﺍﻟﻤﺆﻗﺖ ﻟﻠﻴﻠﺔ.,Chúng tôi tiến về phía khu nhà khách trông gọn gàng và trang nhã.{n}Đây sẽ là nơi tạm trú của chúng tôi trong một đêm.,Kami menuju rumah tamu yang rapi dan elegan.{n}Ini akan menjadi tempat tinggal sementara kami untuk satu malam.,Şık ve zarif konukevine doğru yöneldik.{n}Burası bir geceliğine geçici olarak kalacağımız yer olacaktı.
Kanon,"""..........................................""",""".........................................."" ","""..........................................""",「……………………………………。」,「……………………………………」,"""..........................................""","""..........................................""",「……………………………………」,「……………………………………」,"""...""","""...""","""...""","""..........................................""","""..........................................""","""..........................................""",""".........................................."""
,Kanon watched over a hedge as the guests all entered the guesthouse.,Kanon watched over a hedge as the guests all entered the guesthouse. ,"Kanon watched over a hedge as the guests all entered the guesthouse.",客人一行がゲストハウスに入っていくのを、嘉音は垣根越しに見送っていた。,客人一行がゲストハウスに入っていくのを、嘉音は垣根越しに見送っていた。,"Канон наблюдал через изгородь, как гости один за другим заходили в дом для гостей.","Kanon assistiu, de longe, todos os convidados entrarem na casa de hóspedes.",嘉音隔着篱笆，目送着客人一行进入宾馆。,嘉音隔著籬笆，目送著客人一行進入賓館。,Kanon li osservò da oltre una siepe mentre entravano nella casa degli ospiti.,"Mentre entravano in fila dentro la struttura, Kanon li osservò da oltre una siepe.",Kanon observaba por encima de un seto mientras todos los huéspedes entraban a la casa de huéspedes.,ﺭﺍﻗﺐ ﻛﺎﻧﻮﻥ ﻣﻦ ﺃﻋﻠﻰ ﺍﻟﺴﻴﺎﺝ ﻣﻨﻈﺮ ﺍﻟﻀﻴﻮﻑ ﻭﻫﻢ ﻳﺪﺧﻠﻮﻥ ﻣﻨﺰﻝ ﺍﻟﻀﻴﺎﻓﺔ.,Kanon đứng nhìn qua hàng rào khi các vị khách bước vào căn nhà khách.,"Dari balik pagar tanaman, Kanon mengawasi para tamu masuk ke rumah tamu.",Kanon bir çitin üzerinden misafirlerin konukevine girişini izledi.
,"Then, he let his eyes fall on those heavy sacks of fertilizer, piled up in the wheelbarrow.","Then, he let his eyes fall on those heavy sacks of fertilizer, piled up in the wheelbarrow. "," Then, he let his eyes fall on those heavy sacks of fertilizer, piled up in the wheelbarrow.",それから、猫車に積まれた、あの重い肥料の袋に目を落とす。,それから、猫車に積まれた、あの重い肥料の袋に目を落とす。,"Затем он опустил глаза на те тяжёлые мешки с удобрением, наваленные в тачку.","Então, ele olhou para os pesados sacos de fertilizantes empilhados no carrinho.",然后，他的目光落在了，堆积在独轮车上的那重重的肥料袋上。,然後，他的目光落在了，堆積在獨輪車上的那重重的肥料袋上。,"Poi, posò gli occhi sui sacchi pesanti del fertilizzante, impilati nella carriola.","Dopodichè, rivolse il suo sguardo verso i pesanti sacchi di fertilizzante impilati nella carriola.","Entonces dejó caer sus ojos en esos pesados sacos de fertilizante, apilados en la carretilla.",ﻭﻣﻦ ﺛﻢ ﺃﺷﺎﺡ ﺑﻌﻴﻨﻴﻪ ﻧﺎﺣﻴﺔ ﺗﻠﻚ ﺍﻷﻛﻴﺎﺱ ﺍﻟﺜﻘﻴﻠﺔ ﻣﻦ ﺍﻷﺳﻤﺪﺓ ﻭﺍﻟﻤﻜﺪﺳﺔ ﻓﻲ ﺍﻟﻌﺮﺑﺔ.,"Thế rồi, cậu hướng mắt xuống mấy bao phân bón nặng trịch chất trên xe cút kít.","Lalu, matanya tertuju pada karung pupuk berat yang ditumpuk di gerobak.",Sonra gözleri el arabasına yığılmış ağır gübre çuvallarına takıldı.
,"In his mind, he kept going over his previous mistake.{n}Battler, big and strong, had picked up the sacks in front of him, the sacks he couldn't lift himself, as if they were feathers.","In his mind, he kept going over his previous mistake. Battler, big and strong, had picked up the sacks in front of him, the sacks Kanon couldn't lift himself, as if they were feathers. "," In his mind, he kept going over his previous mistake. Battler, big and strong, had picked up the sacks in front of him, the sacks he couldn't lift himself, as if they were feathers.",脳裏に過ぎるのは、さっきのミスの時。体躯の大きい戦人が、自分が満足に持ち上げられない袋を、さも軽そうに持ち上げて見せていた。,脳裏に過ぎるのは、さっきのミスの時。{n}体躯の大きい戦人が、自分が満足に持ち上げられない袋を、さも軽そうに持ち上げて見せていた。,"Его мысли обратились к совершённой им недавно ошибке.{n}Баттлер, большой и сильный, поднял эти мешки, практически неподъёмные для него, как пёрышки.","Na sua mente, ele ainda deve estar pensando no erro que havia cometido.{n}Battler, por ser grande e forte, levantou os sacos que ele não conseguia carregar, como se fossem penas.",脑海中掠过刚才犯错时的情形。{n}他眼看着身材高大的战人，把自己使足劲头都抬不起来的肥料袋轻松抬起。,腦海中掠過剛才犯錯時的情形。{n}他眼看著身材高大的戰人，把自己使足勁頭都抬不起來的肥料袋輕鬆抬起。,"Nella sua mente, continuava a pensare all'errore commesso in precedenza. Battler, grande e grosso, aveva sollevato i sacchi impilati vicino a lui, quei sacchi che Kanon non poteva sollevare, come se fossero stati piume.","La sua mente rimuginava sull'errore commesso poco prima. Battler, grande e grosso com'era, aveva alzato i sacchi che Kanon non era riuscito a sollevare, come se fossero delle piume.","En su mente seguía dándole vueltas a su error anterior.{n}El grande y fuerte Battler había recogido los sacos frente a él como si fueran plumas, los sacos que él mismo no podía levantar.",ﻓﻲ ﺫﻫﻨﻪ، ﻇﻞ ﻳﻔﻜﺮ ﻓﻲ ﺧﻄﺄﻩ ﺍﻟﺴﺎﺑﻖ.{n}ﺑﺎﺗﻠﺮ، ﺍﻟﻜﺒﻴﺮ ﻭﺍﻟﻘﻮﻱ، ﺃﻣﺎﻡ ﻧﺎﻇﺮﻳﻪ ﺣﻤﻞ ﺗﻠﻚ ﺍﻷﻛﻴﺎﺱ ﺍﻟﺘﻰ ﻋﺠﺰ ﻋﻦ ﺣﻤﻠﻬﺎ، ﻛﻤﺎ ﻟﻮ ﻛﺎﻧﺖ ﺭﻳﺸﺎ...,"Trong đầu, cậu không ngừng lặp lại những lỗi lầm vừa rồi.{n}Battler, to khỏe như vậy, đã nhấc những chiếc bao mà cậu không thể nâng nổi lên, như thể chúng nhẹ như lông hồng.","Di pikirannya, dia terus mengulangi kesalahan tadi.{n}Battler, besar dan kuat, mengangkat karung yang tidak bisa dia angkat dengan mudah, seolah hanya bulu.","Aklından önceki hatasını geçirmeye devam etti.{n}İri yarı ve güçlü Battler, kendi kaldıramadığı çuvalları önünden tüy gibi kaldırmıştı."
,It was extremely difficult for an outside observer to guess what emotions that favor had stirred up in Kanon.,It would be extremely difficult for an outside observer to guess what emotions that favor had stirred up in Kanon. ," It was extremely difficult for an outside observer to guess what emotions that favor had stirred up in Kanon.",その好意が、嘉音に何の感傷を与えているのか、傍目に理解することはとても難しかっただろう。,その好意が、嘉音に何の感傷を与えているのか、傍目に理解することはとても難しかっただろう。,"Стороннему наблюдателю было бы трудно сказать, какие чувства вызвала у Канона та помощь.",É extremamente difícil para alguém de fora conseguir perceber as emoções que esse favor despertou em Kanon.,这份好意究竟带给了嘉音怎样的感伤，对旁人而言是很难理解的吧。,這份好意究竟帶給了嘉音怎樣的感傷，對旁人而言是很難理解的吧。,Era veramente difficile per un osservatore esterno immaginare quale emozione aveva scatenato in Kanon quel favore.,"Agli occhi di un osservatore esterno, sarebbe stato difficile capire quale effetto avesse avuto quell'atto di gentilezza su Kanon.",Era extremadamente difícil para un observador externo adivinar qué emociones había agitado ese favor en Kanon.,ﻣﻦ ﺍﻟﺼﻌﺐ ﻋﻠﻰ ﺷﺨﺺ ﻏﺮﻳﺐ ﺃﻥ ﻳﻔﻬﻢ ﺗﻠﻚ ﺍﻟﻤﺸﺎﻋﺮ ﺍﻟﺘﻲ ﺃﺛﻴﺮﺕ ﻓﻲ ﻧﻔﺲ ﻛﺎﻧﻮﻥ.,Khó có ai đoán được cảm xúc gì đang dâng trào trong lòng Kanon khi chứng kiến điều đó.,Sangat sulit menebak emosi apa yang dibangkitkan bantuan itu dalam diri Kanon.,Dışarıdan bir gözlemcinin bu iyiliğin Kanon'da hangi duyguları uyandırdığını tahmin etmesi son derece zordu.
,"But as far as you could tell by watching him hang his head from behind, there was something that he just couldn't let go.","But as far as you could tell by watching him hang his head, there was something that he just couldn't let go of. "," But as far as you could tell by watching him hang his head from behind, there was something that he just couldn't let go.",でも、そのうな垂れた後姿を見る限り、そっとせずにはいられない何かを感じさせるのだった。,でも、そのうな垂れた後姿を見る限り、そっとせずにはいられない何かを感じさせるのだった。,"Однако его спина и опущенная голова явно свидетельствовали о том, что он не может от чего‐то отделаться.","Mas o máximo que você podia dizer vendo ele de costas, é que havia algo que ele simplesmente não podia deixar passar.",不过单看他那垂头丧气的背影，却又让人感到某种，也只好让他独自安静一会儿的氛围。,不過單看他那垂頭喪氣的背影，卻又讓人感到某種，也只好讓他獨自安靜一會兒的氛圍。,"Ma, bastava la sua testa china per dare l'impressione che c'era stato qualcosa che non poteva semplicemente lasciare stare.",Ma bastava vederlo allontanarsi a testa china per percepire l'impressione di una profonda riservatezza...,"Pero... lo más que se podía decir viéndolo con su cabeza baja, era que había algo que no podía dejar pasar.",ﻭﻟﻜﻦ ﻣﻦ ﺧﻼﻝ ﻣﺸﺎﻫﺪﺗﻪ ﻭﻫﻮ ﻳﺪﻟﻲ ﺑﺮﺃﺳﻪ ﻟﻠﺨﻠﻒ، ﻳﻤﻜﻦ ﺍﻹﻋﺘﻘﺎﺩ ﺑﺄﻥ ﻫﻨﺎﻙ ﺷﻴﺌﺎ ﻣﺎ ﻳﺸﻐﻞ ﺑﺎﻟﻪ.,"Nhưng chỉ cần nhìn từ sau lưng khi cậu cúi đầu xuống, cũng có thể thấy rằng trong lòng cậu vẫn còn điều gì đó đang vướng mắc.","Tapi dari cara dia menundukkan kepala, ada sesuatu yang tidak bisa dia lepaskan.","Ancak başını arkadan sarkıtmasını izleyerek söyleyebileceğiniz kadarıyla, aklına takılan bir şey vardı."
,...Muttered words escaped his lips.{n}But those words he murmured were so soft that they didn't reach even his own ears.,...Muttered words escaped his lips. But those words he murmured were so soft that they didn't reach even his own ears. ,"...Muttered words escaped his lips. But those words he murmured were so soft that they didn't reach even his own ears.",…ぽつりと独り言が零れる。でもそれは、呟いた自分の耳にすら届かないほどの小さなもの。,…ぽつりと独り言が零れる。{n}でもそれは、呟いた自分の耳にすら届かないほどの小さなもの。,"...Он что‐то тихо пробормотал.{n}Но сказанные им слова были столь тихими, что не достигли даже его собственных ушей.",...Algumas palavras murmuradas escaparam de seus lábios.{n}Mas as palavras que ele murmurou eram fracas demais e não chegaram aos ouvidos de ninguém.,…一句自言自语，悄悄地从他口中滑落。{n}但这是轻到连他自己都听不到的一句话。,…一句自言自語，悄悄地從他口中滑落。{n}但這是輕到連他自己都聽不到的一句話。,... Parole mormorate scapparono dalle sue labbra. Ma quelle parole che aveva mormorato erano talmente silenziose che non raggiunsero nemmeno le sue stesse orecchie.,"Dalle sue labbra sfuggì un flebile soliloquio. Ma i mormorii erano così bassi, che non raggiunsero nemmeno le sue stesse orecchie.",De sus labios escaparon palabras murmuradas.{n}Pero estas eran tan suaves que no alcanzaron ni sus propios oídos.,.....ﺗﻤﺘﻢ ﺑﻜﻠﻤﺎﺕ ﺧﺮﺟﺖ ﻣﻦ ﺷﻔﺎﻫﻪ.{n}ﻟﻜﻦ ﺗﻠﻚ ﺍﻟﻜﻠﻤﺎﺕ ﺍﻟﺘﻲ ﺗﻤﺘﻤﻬﺎ ﻛﺎﻧﺖ ﺧﺎﻓﺘﺔ ﻟﺪﺭﺟﺔ ﺃﻧﻬﺎ ﻟﻢ ﺗﺼﻞ ﺣﺘﻰ ﺇﻟﻰ ﺃﺫﻧﻴﻪ.,...Môi cậu thì thầm điều gì đó.{n}Nhưng những lời thì thầm ấy khẽ khàng đến mức chính bản thân cậu cũng không nghe rõ.,...Kata-kata terlontar dari bibirnya.{n}Tapi begitu pelan sampai tidak sampai ke telinganya sendiri.,...Mırıldandığı kelimeler dudaklarından kaçtı.{n}Ama mırıldandığı kelimeler o kadar sessizdi ki kendi kulaklarına bile ulaşmadı.
Kanon,"""...............Even I...........................""","...............Even I... .................."" ","""...............Even I, ...........................""",「……………僕だって、………………………。」,「……………僕だって、………………………」,"""...............Даже я..............................""","""...............Mesmo eu...........................""",「……………我也，………………………」,「……………我也，………………………」,"""... Anche io...""","""...Persino io...""","""... Incluso yo...""",""".......................ﺣﺘﻰ ﺃﻧﺎ،........................""","""...............Ngay cả mình cũng...........................""","""...............Bahkan aku...........................""","""...............Benim bile..........................."""
,"Kanon hung his head, slightly biting his lower lip...","Kanon hung his head, slightly biting his lower lip... ","Kanon hung his head, slightly biting his lower lip...",嘉音はうな垂れ、下唇を小さく噛むのだった…。,嘉音はうな垂れ、下唇を小さく噛むのだった…。,"Канон повесил голову, слегка прикусив нижнюю губу...","Kanon abaixou sua cabeça, mordendo seu lábio inferior...",嘉音垂下了头，轻轻地咬住了下唇…。,嘉音垂下了頭，輕輕地咬住了下唇…。,"Kanon abbassò la testa, mordendo lentamente le sue fini labbra...","Kanon piegò la testa, e diede un piccolo morso al labbro...","Kanon bajó la cabeza, mordiendo ligeramente su labio inferior...",ﻧﻜﺲ ﻛﺎﻧﻮﻥ ﺭﺃﺳﻪ، ﻭﺑﺮﻓﻖ ﻋﺾ ﺷﻔﺘﻪ ﺍﻟﺴﻔﻠﻴﺔ.....,"Kanon cúi đầu, khẽ cắn môi dưới...","Kanon menunduk, sedikit menggigit bibir bawahnya...","Kanon başını eğdi, alt dudağını hafifçe ısırdı..."
Ushiromiya Battler,"""I remember the rose garden, but...I don't remember this guesthouse at all. Was it built, like, recently?""","""I remember the rose garden, ...but I don't remember this guesthouse at all. Was it built recently?"" ","""I remember the rose garden, but... I don't remember this guesthouse at all. Was it built like recently?""",「薔薇の庭園は記憶にあったんだけどよぅ…。このゲストハウスっつーのは記憶にねぇなぁ。これ建てたのは最近か？」,「薔薇の庭園は記憶にあったんだけどよぅ…。このゲストハウスっつーのは記憶にねぇなぁ。これ建てたのは最近か？」,"""Я запомнил этот розарий, но... Я не помню домика для гостей вообще. Его построили недавно?""","""Eu me lembro do jardim de rosas, mas...eu não me lembro dessa casa de hóspedes. Ela foi construída recentemente?""",「玫瑰庭园我倒是还记得…。不过这宾馆在记忆里就没有了。最近才建的？」,「玫瑰庭園我倒是還記得…。不過這賓館在記憶裡就沒有了。最近才建的？」,"""Ricordo il giardino di rose, ma... non ricordo per niente questa casa per gli ospiti. È stata costruita recentemente?""","""Mi ricordavo il roseto, però... non ricordo di questa dépendance. È stata costruita di recente?""","""Recuerdo el jardín de rosas, pero... no recuerdo nada de esta casa de huéspedes. ¿Fue construida recientemente?""","""ﺃﺗﺬﻛﺮ ﺣﺪﻳﻘﺔ ﺍﻟﻮﺭﻭﺩ، ﻟﻜﻦ.....ﻻ ﺃﻣﻠﻚ ﺫﻛﺮﻳﺎﺕ ﻋﻦ ﻣﻨﺰﻝ ﺍﻟﻀﻴﺎﻓﺔ ﻫﺬﺍ ﻋﻠﻰ ﺍﻷﻃﻼﻕ ﻫﻞ ﺗﻢ ﺑﻨﺎﺅﻩ ﻣﺆﺧﺮﺍ؟""","""Em nhớ khu vườn hoa hồng, cơ mà...Em không nhớ gì về nhà khách này cả. Nó mới được xây gần đây à?""","""Aku ingat taman mawar, tapi...Aku tidak ingat rumah tamu ini sama sekali. Dibangun baru-baru ini ya?""","""Gül bahçesini hatırlıyorum ama...bu konukevini hiç hatırlamıyorum. Yakın zamanda falan mı inşa edildi?"""
,"""Toraian"" (Visitor's Retreat) was written on a gatepost‐like thing, but since everyone called it the guesthouse, I followed their lead.","""Toraian"" (Visitor's Retreat) was written on a gatepost-like thing, but since everyone called it the guesthouse, I followed their lead. ","'Toraian' (Visitor's Retreat) was written on a gatepost-like thing, but since everyone called it the guesthouse, I followed their lead.",門柱らしきものに「渡来庵」と記されているが、みんなはゲストハウスと呼んでいたので俺もそれに習った。,門柱らしきものに「渡来庵」と記されているが、みんなはゲストハウスと呼んでいたので俺もそれに倣った。,"""Тораян"" (Приют для гостей) — гласила табличка на чём‐то вроде воротного столба. Но так как все именовали его просто домиком для гостей, то я присоединился к большинству.","""Fixada em uma das colunas havia uma placa escrito {ruby:Retiro dos Visitantes:Toraian}, mas como todos chamavam de casa de hóspedes, eu fui na deles.",像是门柱的东西上写着「渡来庵」几个字，不过大家都叫宾馆，我也就学着这么叫了。,像是門柱的東西上寫著「渡來庵」幾個字，不過大家都叫賓館，我也就學著這麼叫了。,"Su un qualcosa che sembrava essere un cartello era scritto ‘Toraian’ (Rifugio dell'Ospite), ma visto che tutti la chiamavano casa degli ospiti, imparai a fare lo stesso.","Su quelli che sembravano i lati del cancello vi era scritto ‘Toraian’ ({ruby:Rifugio del Visitatore:{p:0:渡来庵}}), ma visto che tutti la definivano una dépendance, imparai a fare lo stesso.","""Toraian"" (El Retiro del Visitante) estaba escrito en una especie de poste, pero como todo el mundo le llamaba casa de huéspedes, seguí su ejemplo.",ﻛﺘﺒﺖ ﻛﻠﻤﺔ ‘naiaroT‘ (ﻣﺴﻜﻦ ﺍﻟﺰﻭﺍﺭ) ﻋﻠﻰ ﺷﻲﺀ ﻣﺸﺎﺑﻪ ﻟﻠﺒﻮﺍﺑﺔ، ﻟﻜﻦ ﺑﻤﺎ ﺃﻥ ﺍﻟﺠﻤﻴﻊ ﺃﻃﻠﻘﻮﺍ ﻋﻠﻴﻪ ﺍﺳﻢ ﺑﻴﺖ ﺍﻟﻀﻴﺎﻓﺔ، ﻓﻔﻌﻠﺖ ﻣﺜﻠﻬﻢ,"Chữ ""Toraian"" (Nhà nghỉ cho khách) được viết trên trụ cổng, nhưng vì mọi người đều gọi là nhà khách nên tôi cũng gọi theo.","""Toraian"" (Rumah Tamu) tertulis di tiang gerbang, tapi karena semua menyebutnya rumah tamu, aku ikut saja.","""Kapı direğine benzer bir şeyin üzerinde ""Toraian"" (Ziyaretçi Evi) yazıyordu ama herkes buraya konukevi dediği için ben de onlara uydum."
,The brand‐new Western‐style guesthouse that stood overlooking the rose garden had a magnificent design carefully done in harmony with the garden.,"The brand-new Western-style guesthouse, which stood overlooking the roses, had a magnificent design carefully done in harmony with the garden. "," The brand-new western-style guesthouse that stood overlooking the rose garden had a magnificent design carefully done in harmony with the garden.",薔薇の庭園を見下ろすように立つ真新しい洋館は、庭園との調和を大切にした見事なデザインだった。,薔薇の庭園を見下ろすように立つ真新しい洋館は、庭園との調和を大切にした見事なデザインだった。,"Совсем новый дом для гостей в западном стиле возвышался над розарием, замечательно сочетаясь с ним своим великолепным, тщательно подобранным для этого обликом фасада.","A pousada de estilo ocidental, que tinha vista para o jardim de rosas, era de um design magnífico, feito cuidadosamente para harmonizar com o jardim.",俯瞰着玫瑰庭园而建的崭新洋房，和庭园相映成趣，造型设计得非常漂亮。,俯瞰著玫瑰庭園而建的嶄新洋房，和庭園相映成趣，造型設計得非常漂亮。,La casa degli ospiti in stile occidentale nuova di zecca che si affacciava sul giardino di rose aveva un magnifico design reso con cura per essere in armonia col giardino.,"La casa in stile occidentale all'ultimo grido che si affacciava sul roseto possedeva un magnifico design, implementato con gran cura per essere in armonia col giardino.","La flamante casa de huéspedes de estilo occidental que se levantaba de forma vistosa sobre el jardín de rosas tenía un magnífico diseño, hecho cuidadosamente en armonía con el jardín.",ﻳﺘﻤﻴﺰ ﻣﻨﺰﻝ ﺍﻟﻀﻴﺎﻓﺔ ﺫﻭ ﺍﻟﺘﺼﻤﻴﻢ ﺍﻟﻐﺮﺑﻲ ﺍﻟﺤﺪﻳﺚ ﻭﺍﻟﻤﻄﻞ ﻋﻠﻰ ﺣﺪﻳﻘﺔ ﺍﻟﻮﺭﻭﺩ ﺑﺘﺼﻤﻴﻢ ﺭﺍﺋﻊ ﺗﻢ ﺗﻨﻔﻴﺬﻩ ﺑﻌﻨﺎﻳﺔ ﻟﻴﺘﻨﺎﺳﻖ ﻣﻊ ﺍﻟﺤﺪﻳﻘﺔ.,"Đây là nhà khách kiểu Tây hoàn toàn mới, có góc nhìn ra vườn hồng, và được thiết kế sao cho thật lộng lẫy để đạt được sự hài hòa tuyệt vời với khu vườn.","Rumah tamu bergaya Barat yang masih baru ini berdiri menghadap taman mawar, dengan desain megah yang selaras dengan taman.","Gül bahçesine bakan Batı tarzı yepyeni konukevi, bahçeyle uyum içinde özenle yapılmış muhteşem bir tasarıma sahipti."
Ushiromiya George,"""Correct! It was built just the year before last. Since then, we've been having them let us sleep over here.""","""Correct! It was built the year before last. Ever since then, they've had us sleep over here."" ","""Correct! It was built the year before last. And after that, they made us sleep over here.",「正解だよ。建ったのはつい一昨年さ。それ以降は、僕たちはこっちに泊めさせてもらってるんだよ。」,「正解だよ。建ったのはつい一昨年さ。それ以降は、僕たちはこっちに泊めさせてもらってるんだよ」,"""Совершенно верно! Его построили в позапрошлом году. После этого нас отправили ночевать сюда.""","""Correto! Ela foi construída dois anos atrás. Desde então, estamos dormindo aqui.""",「答对了。是前年才建的。从那以后，我们都是在这里留宿的。」,「答對了。是前年才建的。從那以後，我們都是在這裡留宿的。」,"""Esatto! È stata costruita due anni fa. E da allora, ci hanno fatto dormire qui.","""Proprio così! È stata costruita due anni fa. Ci fanno alloggiare qui sin da allora.""","""¡Correcto! Fue construida el año antepasado. Y después de eso, nos hicieron dormir aquí.""","""ﺻﺤﻴﺢ! ﺗﻢ ﺑﻨﺎﺅﻩ ﻓﻲ ﺍﻟﻌﺎﻡ ﻗﺒﻞ ﺍﻟﻤﺎﺿﻲ. ﻭﺑﻌﺪﻫﺎ، ﺟﻌﻠﻮﻧﺎ ﻧﻨﺎﻡ ﻫﻨﺎ.""","""Đúng vậy! Nó mới được xây vào năm kia. Từ đó đến nay, bọn anh vẫn hay được ngủ ở đây.""","""Benar! Dibangun tahun lalu. Sejak itu kami selalu menginap di sini.""","""Doğru! Daha evvelki yıl inşa edildi. O zamandan beri burada kalmamıza izin veriyorlar."""
Ushiromiya Jessica,"""Hehe, yeah, 'cause people seem to like this place more than that junky old mansion we've had forever. I wish my room was over here!""","""Heheh, this place is more fun than that junky old mansion you knew. I wish my room was over here!"" ","""Hehe, this place's more fun than that junky old mansion you knew. I wish my room was over here!""",「へへ、年季の入ったボロ屋敷よりこっちの方が好評みてぇだしな。私も自分の部屋をこっちに持ちたいぜ。」,「へへ、年季の入ったボロ屋敷よりこっちの方が好評みてぇだしな。私も自分の部屋をこっちに持ちたいぜ」,"""Хе‐хе, это место гораздо интереснее известного тебе дурацкого особняка. Вот бы здесь была моя комната.""","""Hehe, esse lugar é muito melhor do que aquela velha mansão que sempre ficamos. Eu queria que o meu quarto fosse aqui!""",「嘿嘿，毕竟比起破旧的老房子，还是这里更受欢迎嘛。我也想把自己的房间搬到这儿来嘞。」,「嘿嘿，畢竟比起破舊的老房子，還是這裡更受歡迎嘛。我也想把自己的房間搬到這兒來嘞。」,"""Hehe, questo posto è più divertente di quella vecchia inutile villa che conoscevate. E voglio che anche la mia camera sia messa qui!""","""Eheh, questo posto ti piacerà di più di quella vecchia villa che conosci bene. Vorrei avere anch'io qui la mia stanza!""","""Jeje, este lugar parece ser mucho más popular que esa mansión vieja y destartalada. ¡Desearía que mi habitación estuviera aquí!""","""ﻫﻬﻬﻬﻪ، ﻫﺬﺍ ﺍﻟﻤﻜﺎﻥ ﺃﻛﺜﺮ ﻣﺘﻌﺔ ﻣﻦ ﺫﻟﻚ ﺍﻟﻘﺼﺮ ﺍﻟﻘﺪﻳﻢ ﻋﺪﻳﻢ ﺍﻟﻔﺎﺋﺪﺓ. ﺃﺗﻤﻨﻰ ﻟﻮ ﻛﺎﻧﺖ ﻏﺮﻓﺘﻲ ﻫﻨﺎ!""","""Hehe, ừ, vì ai cũng thích chỗ này hơn cái biệt thự cũ kỹ mà nhà mình có từ đời nào rồi. Em ước gì phòng em cũng ở đây!""","""Hehe, ya, 'karena orang lebih suka tempat ini daripada rumah tua jelek yang sudah ada sejak dulu. Aku ingin kamarku di sini!""","""Hehe, evet, çünkü insanlar burayı o eski püskü malikaneden daha çok seviyor gibi görünüyor. Keşke benim odam da burada olsaydı!"""
Ushiromiya Maria,"""Uu! I want one too! Want one too!""","""Uu-! I want a room here too! I want one!"" ","""Uu-! Maria wants one too! Waaant!""",「うー！　真里亞も持ちたい！　持ちたいー！」,「うー！　真里亞も持ちたい！　持ちたいー！」,"""У‐у! Мария тоже хочет комнату! Хочу‐у!""","""Uu! A Maria quer um também! Quero um também!""",「呜——！真里亚也想搬！想搬——！」,「嗚——！真里亞也想搬！想搬——！」,"""Uu-! Anche Maria la vuole! Vuoleee!""","""Uuh! La vuole anche Maria! La vuoleee!""","""¡Uu! ¡María también quiere una! ¡Quiere una!""","""ﺃﻭﻭ-! ﻣﺎﺭﻳﺎ ﺗﺮﻳﺪ ﻭﺍﺣﺪﺓ ﺃﻳﻀﺎ! ﺃﺭﻳﻴﻴﺪ!""","""Uu! Em cũng muốn nữa! Muốn một cái nữa!""","""Uu! Aku juga mau! Aku juga mau!""","""Uu! Maria da bir tane istiyor! Ben de istiyorum!"""
,"...I guess you could call my house upper‐class as well, but I was reminded again how completely ordinary it was compared to the head house.","...I guess you could say my own house was upper-class, but to me, it felt completely ordinary compared to the Head Family. ","...I guess you could say my house was also upper-class, but I thought it was completely ordinary compared to the head house.",…俺の家も裕福な部類に入るだろうが、本家に比べたらまったくの庶民だなぁと思う。,…俺の家も裕福な部類に入るだろうが、本家に比べたらまったくの庶民だなぁと思う。,"...Полагаю, мой дом можно было отнести к домам высшего общества, но он меркнул, низводясь до совершенно обычного, по сравнению с главным домом.","...Você poderia dizer que a minha própria casa era de alta classe, mas eu penso que ela é bem simples quando comparada à casa principal.",…我觉得我家已经算富裕的了，但是和本家相比，简直就是庶民而已。,…我覺得我家已經算富裕的了，但是和本家相比，簡直就是庶民而已。,"... Immagino possiate dire che anche casa mia era signorile, ma ero convinto che fosse totalmente ordinaria in confronto alla villa.","...Anche la mia dimora potrebbe essere considerata da ricchi, ma in confronto a quella del ramo principale sembra proprio una casa qualunque.","Supongo que se podría decir que también mi casa era de clase alta, pero pensé que era totalmente ordinaria en comparación a la mansión principal.",...ﻳﻤﻜﻦ ﺍﻟﻘﻮﻝ ﺑﺄﻥ ﻣﻨﺰﻟﻲ ﺃﻳﻀﺎ ﻣﻦ ﺍﻟﻄﺒﻘﺔ ﺍﻟﺮﺍﻗﻴﺔ، ﻟﻜﻨﻨﻲ ﺃﻇﻦ ﺃﻧﻪ ﻋﺎﺩﻱ ﺗﻤﺎﻣﺎ ﻣﻘﺎﺭﻧﺔ ﺑﺎﻟﻤﻨﺰﻝ ﺍﻟﺮﺋﻴﺴﻲ.,"...Nhà tôi chắc cũng được xem là nhà giàu rồi, nhưng khi nhìn lại thì mới thấy nó bình thường biết bao so với nhà chính của gia tộc.","...Rumahku bisa dibilang mewah juga, tapi kembali kusadari betapa biasa-biasa saja dibanding rumah kepala keluarga.","...Sanırım benim evime de üst sınıf diyebilirsiniz, ancak baştaki eve kıyasla ne kadar sıradan olduğunu bir kez daha hatırladım."
,It showed a shocking display of wealth that they would build this kind of awesome guesthouse for guests who come over like once a year.,"The display of wealth was shocking, as was the fact that they'd build this kind of awesome guesthouse for guests who came over only a few times a year. "," The display of wealth was shocking, as was the fact that they would build this kind of awesome guesthouse for guests who come over like once a year.",年に何度も訪れない客人のために、こんな立派なゲストハウスを建てちまうってんだから、その富豪っぷりには驚かされるさ。,年に何度も訪れない客人のために、こんな立派なゲストハウスを建てちまうってんだから、その富豪っぷりには驚かされるさ。,"Представавшее взору богатство шокировало, как и факт, что столь шикарный дом построили для гостей, приезжающих раз в год.","Isso mostra uma chocante diferença de riquezas, por construírem uma casa incrível para hóspedes que vêm aqui uma vez por ano.",为了一年都来不了几次的客人而特意修建了这么气派的宾馆，我真被这豪举给吓到了。,為了一年都來不了幾次的客人而特意修建了這麼氣派的賓館，我真被這豪舉給嚇到了。,"Lo sfoggio di ricchezze era scioccante, per aver costruito una così imponente casa degli ospiti per degli ospiti che arrivavano circa una volta all'anno.","Il loro sfoggio di ricchezze, indicato dall'aver costruito una dépendance così impeccabile per dei visitatori che si sarebbero recati qui poche volte l'anno, mi lasciava sbalordito.","La muestra de riqueza era impresionante, tanto como el hecho de que hubieran construido esta genial casa de huéspedes para gente que viene como una vez al año.",ﺇﻥ ﺣﺠﻢ ﺛﺮﻭﺓ ﺃﻭﺷﻴﺮﻭﻣﻴﺎ ﻫﺎﺋﻠﺔ، ﻛﻤﺎ ﻫﻮ ﺍﻟﺤﺎﻝ ﺑﺎﻟﻨﺴﺒﺔ ﻟﺒﻨﺎﺀ ﻫﺬﺍ ﺍﻟﻨﻮﻉ ﻣﻦ ﺑﻴﻮﺕ ﺍﻟﻀﻴﺎﻓﺔ ﺍﻟﺮﺍﺋﻌﺔ ﻣﻦ ﺃﺟﻞ ﺍﻟﺰﻭﺍﺭ ﺍﻟﺬﻳﻦ ﻳﺄﺗﻮﻥ ﺭﺑﻤﺎ ﻣﺮﺓ ﻭﺍﺣﺪﺓ ﻓﻲ ﺍﻟﻌﺎﻡ.,"Như một sự phô trương tài sản đầy sửng sốt, họ đã xây hẳn một căn nhà khách tuyệt vời như thế này, chỉ để tiếp đón những vị khách mỗi năm chỉ đến một lần dùng cơ mà.",Sungguh mengejutkan mereka membangun rumah tamu bagus seperti ini untuk tamu yang datang setahun sekali.,Yılda bir kez gelen misafirler için bu tür harika bir konukevi inşa etmeleri şok edici bir zenginlik göstergesiydi.
Gohda Toshiro,"""Eva‐sama, Hideyoshi‐sama. Please, do make use of this room. Rudolf‐sama, Kyrie‐sama, please make use of this room here.""","""Eva-sama, Hideyoshi-sama, please, do make use of this room. Rudolf-sama, Kyrie-sama, please take this room here."" ","""Eva-sama, Hideyoshi-sama. Please, do make use of this room. Rudolf-sama, Kyrie-sama, please make use of this room here.""",「絵羽さま、秀吉さま。こちらのお部屋をお使い下さいませ。留弗夫さま、霧江さまはこちらのお部屋をお使い下さいませ。」,「絵羽さま、秀吉さま。こちらのお部屋をお使い下さいませ。留弗夫さま、霧江さまはこちらのお部屋をお使い下さいませ」,"""Ева‐сама, Хидэёши‐сама, вот ваша комната, прошу. Рудольф‐сама, Кирие‐сама, вот ваша комната, прошу.""","""Eva‐sama, Hideyoshi‐sama. Vocês dois ficaram com este quarto. Rudolf‐sama, Kyrie‐sama, por favor, fiquem com este quarto.""",「绘羽夫人、秀吉先生。请用这间房间。留弗夫先生、雾江夫人请用这间房间。」,「繪羽夫人、秀吉先生。請用這間房間。留弗夫先生、霧江夫人請用這間房間。」,"""Eva-sama, Hideyoshi-sama. Prego, fate uso di questa stanza. Rudolf-sama, Kyrie-sama, prego usate questa stanza qui.""","""Signora Eva, signor Hideyoshi. Questa è la vostra stanza, accomodatevi pure. Signor Rudolf, Signora Kirie, accomodatevi pure, questa è la vostra stanza.""","""Eva‐sama, Hideyoshi‐sama. Por favor, utilicen esta habitación. Rudolf‐sama, Kyrie‐sama, usen esta habitación.""","""ﺇﻳﻔﺎ-ﺳﺎﻣﺎ ﻭﻫﻴﺪﻳﻮﺷﻲ-ﺳﺎﻣﺎ. ﻣﻦ ﻓﻀﻠﻜﻤﺎ، ﻫﺬﻩ ﻫﻲ ﻏﺮﻓﺘﻜﻤﺎ. ﺭﻭﺩﻭﻟﻒ-ﺳﺎﻣﺎ ﻭﻛﻴﺮﻳﻲ-ﺳﺎﻣﺎ، ﻣﻦ ﻓﻀﻠﻜﻤﺎ ﻫﺬﻩ ﻫﻲ ﻏﺮﻓﺘﻜﻤﺎ.""","""Thưa bà Eva, thưa ông Hideyoshi. Xin mời hai vị dùng phòng này. Thưa ông Rudolf, thưa bà Kyrie, xin mời dùng phòng bên đây.""","""Eva-sama, Hideyoshi-sama. Silakan gunakan kamar ini. Rudolf-sama, Kyrie-sama, silakan gunakan kamar di sini.""","""Eva-sama, Hideyoshi-sama. Lütfen bu odayı kullanın. Rudolf-sama, Kyrie-sama, lütfen bu odayı kullanın."""
Ushiromiya Eva,"""Ah yes, I do appreciate how pretty and elegant this place is. Western style truly is wonderful.""","""I really do love how beautiful and elegant this place is. Western-style architecture truly is wonderful."" ","""Ah yes, it's pleasant how pretty and elegant this place is. Western style truly is wonderful.""",「やっぱりここは綺麗で上品でいいわね。洋風って本当に素敵だわぁ。」,「やっぱりここは綺麗で上品でいいわね。洋風って本当に素敵だわぁ」,"""До чего же приятно, как красив и изящен этот дом. Западный стиль действительно замечателен.""","""Realmente, esse lugar é lindo e agradável. O estilo ocidental é mesmo maravilhoso.""",「果然这儿又漂亮又高级，可真是不错呢。洋风真的太棒了。」,「果然這兒又漂亮又高級，可真是不錯呢。洋風真的太棒了。」,"""Ah sì, questo posto è grazioso ed elegante, è piuttosto gradevole, no? Lo stile occidentale è davvero fantastico.""","""Questo posto è elegante e di classe come sempre. Lo stile occidentale è davvero superbo.""","""Ah sí, es agradable lo bonito y elegante que es este lugar. El estilo occidental es realmente maravilloso.""","""ﺁﻩ ﻧﻌﻢ، ﺇﻥ ﺟﻤﺎﻝ ﻭﺃﻧﺎﻗﺔ ﻫﺬﺍ ﺍﻟﻤﻜﺎﻥ ﻣﺬﻫﻞ ﺟﺪﺍ. ﺍﻟﺘﺼﻤﻴﻢ ﺍﻟﻐﺮﺑﻲ ﺑﺪﻳﻊ ﺣﻘﺎ.""","""À vâng, tôi rất cảm kích vì nơi này đẹp đẽ và sang trọng quá. Phong cách phương Tây thật tuyệt vời nhỉ.""","""Ah ya, aku sangat menghargai betapa cantik dan elegannya tempat ini. Gaya Barat sungguh luar biasa.""","""Ah evet, buranın ne kadar güzel ve zarif olduğunu takdir ediyorum. Batı tarzı gerçekten harika."""
Ushiromiya Hideyoshi,"""I can handle the Western style for a few days, but any longer than that and you need the good old Japanese style! Japanese people just relax best on tatami mats.""","""I can handle Western design for a few days, but any longer than that and you need the good old Japanese look! Japanese people just relax best on tatami mats."" ","""I can handle the western style for a few days, but any longer than that and you need the good old Japanese style! Japanese people just relax best on tatami mats.""",「ほんの２〜３日なら洋風もええやろが、ずっといて落ち着くのは断固和風やで！　日本人は畳みの上が一番くつろげるんや。」,「ほんの２〜３日なら洋風もええやろが、ずっといて落ち着くのは断固和風やで！　日本人は畳の上が一番くつろげるんや」,"""Ну, если на пару‐тройку дней, то, полагаю, западный стиль вполне годится. Но если оставаться на более долгий срок, тут уж без японского стиля не обойтись! Японцам лучше отдыхается на татами.""","""Eu posso conviver com o estilo ocidental por alguns dias, mas mais do que isso, você precisa do bom e velho estilo japonês! Japoneses descansam melhor em seus pisos de tatami.""",「只是两三天的话洋风还好，但要是一直安心住下去的话那绝对得是和风才行呐！日本人呐，还是坐在榻榻米上最舒心呐。」,「只是兩三天的話洋風還好，但要是一直安心住下去的話那絕對得是和風才行吶！日本人吶，還是坐在榻榻米上最舒心吶。」,"""Se è solo per due o tre giorni, penso che lo stile occidentale sia a posto, ma se bisogna rimanere più a lungo, allora dev'esserci certamente lo stile giapponese! {n}I giapponesi si rilassano meglio sul tatami.""","""Lo stile occidentale va bene per due o tre giorni, ma per stanziarsi più a lungo serve per forza lo stile nipponico! Un giapponese si rilassa meglio sopra ad un tatami.""","""Lo puedo tolerar por unos cuantos días, ¡pero si es por más tiempo es necesario el estilo japonés! Los japoneses simplemente se relajan mejor en los tatamis.""","""ﻳﻤﻜﻨﻨﻲ ﺍﻟﻌﻴﺶ ﻣﻊ ﺍﻟﺘﺼﻤﻴﻢ ﺍﻟﻐﺮﺑﻲ ﻟﺒﻀﻌﺔ ﺃﻳﺎﻡ، ﻟﻜﻦ ﺇﺫﺍ ﺃﻃﻠﺖ ﻣﻦ ﺫﻟﻚ ﺳﺄﺷﺘﺎﻕ ﺇﻟﻰ ﺍﻟﺘﺼﻤﻴﻢ ﺍﻟﻴﺎﺑﺎﻧﻲ ﺍﻟﻘﺪﻳﻢ ﺍﻟﺮﺍﺋﻊ! ﻻ ﻳﻘﺪﺭ ﺍﻟﻴﺎﺑﺎﻧﻴﻮﻥ ﻋﻠﻰ ﺍﻻﺳﺘﺮﺧﺎﺀ ﺇﻻ ﻋﻠﻰ ﺣﺼﻴﺮ ﺍﻟﺘﺎﺗﺎﻣﻲ.""","""Ở kiểu Tây vài ngày thì được, chứ lâu hơn là lại cần kiểu Nhật thôi! Người Nhật mình chỉ thấy thư giãn khi được ngồi chiếu tatami.""","""Aku bisa menikmati gaya Barat beberapa hari, tapi lebih dari itu butuh gaya Jepang klasik! Orang Jepang paling rileks di atas tatami.""","""Batı tarzını birkaç gün idare edebilirim, ancak bundan daha uzun bir süre için eski güzel Japon tarzına ihtiyacınız var! Japonlar en iyi tatami minderlerinde rahatlar."""
Ushiromiya George,"""...Haha, they've been fighting over making our new house Japanese‐style or Western‐style. Mother still holds a grudge about Father having started the construction as Japanese‐style, and they bicker all the time about it.""","""...Haha, they've been fighting over whether to make our new house Japanese-style or Western-style. Mom still holds a grudge about Dad having the construction started with a Japanese layout, and they bicker all the time about it."" ","""...Haha, they've been fighting over making our new house Japanese-style or western-style. Mom still holds a grudge about Dad having the construction started as Japanese-style, and they bicker all the time about it.""",「…はは、新しい家を和風にするか洋風にするかで喧嘩してね。お父さんが和風で着工させたのを母さん、まだ根に持って、よく言い合いをするんだよ。」,「…はは、新しい家を和風にするか洋風にするかで喧嘩してね。お父さんが和風で着工させたのを母さん、まだ根に持って、よく言い合いをするんだよ」,"""...Ха‐ха, помню, как они спорили, делать ли новый дом в японском или западном стиле. Мама до сих пор обижается на папу за то, что строительство началось в японском стиле, и они постоянно препираются об этом.""","""...Haha, eles vêm brigando para decidir se vão fazer a nossa casa no estilo japonês ou ocidental. Minha mãe ainda guarda um ressentimento pelo meu pai ter começado a construí‐la no estilo japonês, e toda hora eles discutem isso.""",「哈哈，为了新家是造成和风还是洋风，我爸和我妈还吵过架呢。对爸爸最后硬是让人把它造成和风这事，妈妈到现在仍然耿耿于怀，总是吵来吵去呢。」,「哈哈，為了新家是造成和風還是洋風，我爸和我媽還吵過架呢。對爸爸最後硬是讓人把它造成和風這事，媽媽到現在仍然耿耿於懷，總是吵來吵去呢。」,"""... Haha, hanno litigato sul costruire la nostra nuova casa in stile giapponese o occidentale. Mamma porta ancora rancore verso Papà per aver iniziato i lavori in stile giapponese, e bisticciano in proposito tutto il giorno.""","""...Ahah, stanno litigando sul se rendere la loro nuova casa in stile nipponico o in stile occidentale. Mamma serba ancora rancore verso papà per aver iniziato i lavori in quello nipponico, e bisticciano spesso a riguardo.""","""Jaja, han estado discutiendo si hacemos nuestra nueva casa de estilo japonés u occidental. Mamá todavía le guarda rencor a papá por haber empezado la construcción en estilo japonés, y pasan todo el tiempo discutiendo sobre eso.""","""...ﻫﺎﻫﺎﻫﺎ، ﻛﺎﻧﺎ ﻳﺘﻘﺎﺗﻼﻥ ﻣﻦ ﺃﺟﻞ ﺑﻨﺎﺀ ﻣﻨﺰﻟﻨﺎ ﺍﻟﺠﺪﻳﺪ ﻋﻠﻰ ﺍﻟﺘﺼﻤﻴﻢ ﺍﻟﻴﺎﺑﺎﻧﻲ ﺃﻭ ﺍﻟﻐﺮﺑﻲ. ﻣﺎ ﺯﺍﻟﺖ ﺃﻣﻲ ﺗﺤﻤﻞ ﺿﻐﻴﻨﺔ ﻋﻠﻰ ﺃﺑﻲ ﻟﺒﻨﺎﺋﻪ ﻋﻠﻰ ﺍﻟﻄﺮﻳﻘﺔ ﺍﻟﻴﺎﺑﺎﻧﻴﺔ، ﻳﺘﺸﺎﺟﺮﺍﻥ ﻃﻮﺍﻝ ﺍﻟﻮﻗﺖ ﺣﻮﻝ ﻫﺬﺍ ﺍﻟﻤﻮﺿﻮﻉ.""","""...Haha, bố mẹ anh cứ cãi nhau về việc nhà mới nên theo kiểu Nhật hay Tây. Mẹ thì vẫn giận vụ bố bắt đầu xây theo kiểu Nhật, nên cãi nhau miết đó.""","""...Haha, mereka terus bertengkar soal membuat rumah baru kami bergaya Jepang atau Barat. Ibu masih menyimpan dendam karena Ayah memulai konstruksi dengan gaya Jepang, dan mereka terus bertengkar karenanya.""","""...Haha, yeni evimizi Japon tarzı mı yoksa Batı tarzı mı yapalım diye kavga ediyorlar. Annem, babamın inşaatı Japon tarzı olarak başlatmasına hâlâ kin duyuyor ve bu konuda sürekli tartışıyorlar."""
Ushiromiya Jessica,"""Your parents get along so well, George nii‐san... I'm jealous as hell. Mine are so frosty. And yet they're right with each other when it comes to my grades.""","""I'm really jealous, George nii-san. Your parents get along well, don't they? Mine are so frosty. Then again, they're always in sync when it comes to my grades."" ","""I'm really jealous, George nii-san. Your parents get along well, don't they? Mine are so frosty. But even so, they're right with each other when it comes to my grades.""",「譲治兄さんのところは両親仲が良くて羨ましいぜ？　うちなんか冷め切ったもんさ。そのくせ、私の成績の話だけは連帯しやがる。」,「譲治兄さんのところは両親仲が良くて羨ましいぜ？　うちなんか冷め切ったもんさ。そのくせ、私の成績の話だけは連帯しやがる」,"""Я очень завидую тебе, Джордж нии‐сан. Твои родители так хорошо ладят. Мои же как ледышки. Однако, когда речь заходит о моих оценках, тут уж они выступают единым фронтом.""","""Seus pais se dão muito bem, George nii‐san... Eu te invejo muito. Os meus são muito frios. E ainda assim, eles só concordam entre si quando o assunto são as minhas notas.""",「让治哥的双亲关系这么好，我可真是羡慕嘞！我家那两位都冷透嘞。他们只有谈到我的成绩时才会联合起来。」,「讓治哥的雙親關係這麼好，我可真是羨慕嘞！我家那兩位都冷透嘞。他們只有談到我的成績時才會聯合起來。」,"""Sono davvero gelosa, George nii-san, i tuoi genitori vanno così d'accordo. I miei sono così freddi. Ma, a parte questo, quando si tratta dei miei voti sono sempre d'accordo.""","""Sono così gelosa dei tuoi genitori, cugino George. I miei sono così freddi. Però quando si tratta dei miei voti vanno d'amore e d'accordo.""","""En verdad estoy celosa, George nii‐san. Tus padres se llevan muy bien, ¿verdad? Los míos son tan fríos. Pero... aun así, siempre concuerdan en lo que concierne a mis notas.""","""ﺃﺷﻌﺮ ﺑﺎﻟﻐﻴﺮﺓ ﺣﻘﺎ ﻳﺎ ﺃﺧﻲ ﺟﻮﺭﺝ.، ﻳﺒﺪﻭ ﺃﻥ ﻭﺍﻟﺪﺍﻙ ﻳﺘﻌﺎﻳﺸﺎﻥ ﻓﻴﻤﺎ ﺑﻴﻨﻬﻤﺎ ﺟﻴﺪﺍ، ﺃﻟﻴﺲ ﻛﺬﻟﻚ؟ ﻭﺍﻟﺪﺍﻱ ﺑﺎﺭﺩﺍﻥ ﺟﺪﺍ. ﻭﻟﻜﻨﻬﻤﺎ ﻳﺘﻔﻘﺎﻥ ﻓﻴﻤﺎ ﺑﻴﻨﻬﻤﺎ ﻋﻨﺪﻣﺎ ﻳﺘﻌﻠﻖ ﺍﻷﻣﺮ ﺑﺪﺭﺟﺎﺗﻲ.""","""Bố mẹ anh hợp nhau thật đó, anh George... Em ganh tị ghê. Còn bố mẹ em thì lạnh lùng với nhau lắm. Nhưng cứ nhắc tới điểm số của em là họ lại đồng lòng ngay.""","""Orang tuamu sangat rukun, George nii-san... Aku sangat iri. Punyaku sangat dingin. Tapi kompak saat menyoroti nilaimu.""","""Annenle baban çok iyi geçiniyor, George nii-san... Çok kıskanıyorum. Benimkiler çok soğuk. Yine de konu ders notlarıma gelince birbirlerine hak veriyorlar."""
,"All the rooms seemed to be two‐person.{n}I was grateful, because now I wasn't gonna be forced to share the same room with the old bastard for some bullshit reason like ""being family"".","All the rooms seemed to be for two people. I was grateful, since I wasn't gonna be forced to share the same room with the old bastard, under the pretext that we were family. ","All the rooms seemed to be two-person. I was grateful, because since things turned out like this, I wasn't gonna be forced to share the same room with the old bastard, under the pretext that we were family.",部屋はみんなツインらしい。お陰で、家族とかいう理由でクソ親父と同じ部屋を強制されずに済むのはありがたいことさ。,部屋はみんなツインらしい。{n}お陰で、家族とかいう理由でクソ親父と同じ部屋を強制されずに済むのはありがたいことさ。,"Похоже, все комнаты были предназначены для двух персон.{n}Я был только рад, поскольку это означало, что мне не придётся делить комнату с моим стариканом в силу семейного родства.","Todos os quartos parecem ser para duas pessoas.{n}Isso é um alívio, porque assim eu não vou ser forçado a ter que dividir o mesmo quarto com aquele velho desgraçado por motivos idiotas, como ""ser uma família"".",房间似乎都是双人房。{n}多亏是这样，我不用因为是一家子而被强制和混蛋老爸住同一间房了，谢天谢地谢天谢地。,房間似乎都是雙人房。{n}多虧是這樣，我不用因為是一家子而被強制和混蛋老爸住同一間房了，謝天謝地謝天謝地。,"Tutte le stanze sembravano essere per due persone. Ne ero riconoscente, perché per questo motivo non sarei stato costretto a dividere la stessa stanza col vecchio bastardo, con la scusa di essere una famiglia.","Tutte le stanze sembravano essere per due persone. E menomale, ero grato di non essere costretto, con la scusa di essere una famiglia, a dividere col vecchiaccio la stessa stanza.","Todas las habitaciones parecían ser para dos personas.{n}Estaba agradecido, porque gracias a que las cosas han resultado de esta manera, no iba a tener que compartir la habitación con el viejo bastardo bajo el pretexto de que ""somos familia"".",ﻳﺒﺪﻭ ﺑﺄﻥ ﺟﻤﻴﻊ ﺍﻟﻐﺮﻑ ﺗﺘﺴﻊ ﻟﺸﺨﺼﻴﻦ. ﺷﻌﺮﺕ ﺑﺎﻻﻣﺘﻨﺎﻥ ﻷﻥ ﺍﻷﻣﻮﺭ ﻗﺪ ﺁﻟﺖ ﺇﻟﻰ ﻫﺬﺍ،{n}ﻓﻠﻢ ﺃﻛﻦ ﻣﺠﺒﺮﺍ ﻋﻠﻰ ﻣﺸﺎﺭﻛﺔ ﺍﻟﻌﺠﻮﺯ ﺍﻟﻠﻌﻴﻦ ﻧﻔﺲ ﺍﻟﻐﺮﻓﺔ ﺑﺤﺠﺔ ﺃﻧﻨﺎ ﻋﺎﺋﻠﺔ.,"Tất cả các phòng dường như là phòng đôi.{n}Tôi thấy mừng vì sẽ không phải ngủ cùng phòng với lão già kia chỉ vì lý do ""là người cùng một nhà"" nữa.","Semua kamar tampaknya untuk dua orang.{n}Aku bersyukur tidak dipaksa satu kamar dengan si tua brengsek dengan alasan ""keluarga"".","Tüm odalar iki kişilik gibi görünüyordu.{n}Buna minnettardım, çünkü artık ""aile olmak"" gibi saçma bir nedenle yaşlı piçle aynı odayı paylaşmak zorunda kalmayacaktım."
,"Besides, I figure those two wouldn't be able to enjoy themselves with someone like me around, ihihi.","And anyway, I figure those two wouldn't be able to enjoy themselves with someone like me around, ihihi. "," I figure those two wouldn't be able to enjoy themselves with someone like me around, ihihi.",親父たちだって、俺なんかがいたら、よろしくできないだろうしなー、いっひっひ。,親父たちだって、俺なんかがいたら、よろしくできないだろうしなー、いっひっひ。,"Уверен, эти двое не смогут в полной мере насладиться обществом друг друга, если я буду ошиваться поблизости, хе‐хе.","Além disso, eu percebi que aqueles dois não vão poder se divertir juntos se alguém como eu estiver por perto, ihihi.",要是我也在一起的话，混蛋老爸他们也就办不了好事了吧，嘿嘿嘿。,要是我也在一起的話，混蛋老爸他們也就辦不了好事了吧，嘿嘿嘿。,"Realizzai che i miei genitori non sarebbero stati in grado di divertirsi con qualcuno come me attorno, ihihi.","Non credo che i miei genitori si sarebbero potuti divertire con me in mezzo, ihihih.","Me imagino que esos dos no serían capaces de divertirse con alguien como yo alrededor, ijiji.",ﺃﺭﺟﺢ ﺑﺄﻥ ﻫﺬﺍﻥ ﺍﻹﺛﻨﺎﻥ ﻟﻦ ﻳﻜﻮﻧﺎ ﻗﺎﺩﺭﻳﻦ ﻋﻠﻰ ﺇﻣﺘﺎﻉ ﺃﻧﻔﺴﻬﻤﺎ ﻣﻊ ﻭﺟﻮﺩ ﺷﺨﺺ ﻣﺜﻠﻲ ﺣﻮﻟﻬﻤﺎ، ﺃﻫﻴﻬﻴﻬﻲ.,"Vả lại, tôi đoán hai người đó cũng không thoải mái được nếu có tôi ở đó, ihihi.","Lagipula, kurasa mereka berdua tidak bisa bersenang-senang dengan kehadiranku, ihihi.","Ayrıca, o ikisinin etrafta benim gibi biri varken eğlenemeyeceklerini düşündüm, ihihi."
Ushiromiya Kyrie,"""What's that creepy smile all about? You're thinking about something dirty, aren't you.""","""What's with that creepy smile? You're thinking about something dirty, aren't you?"" ","""What's that creepy smile all about?  You're thinking about something dirty, aren't you.""",「何、気持ち悪い顔で笑ってんのよ。どうせ下世話なこと考えてるんでしょ。」,「何、気持ち悪い顔で笑ってんのよ。どうせ下世話なこと考えてるんでしょ」,"""Чего это мы противно улыбаемся? Твою голову посетили пошлые мыслишки, я права?""","""O que é esse sorriso assustador? Você está pensando sobre algo indecente, não está?""",「干嘛笑得那么恶心啊？又在想什么下流的事了吧。」,「幹嘛笑得那麼噁心啊？又在想什麼下流的事了吧。」,"""Cos'è quel sorriso spaventoso? Stai pensando a qualcosa di sporco, vero?""","""Perché quel ghigno? Stai pensando a qualcosa di sconcio, vero?""","""¿Qué significa esa risa escalofriante? Estás pensando en algo sucio, ¿no?""","""ﻣﺎ ﺳﺒﺐ ﺗﻠﻚ ﺍﻻﺑﺘﺴﺎﻣﺔ ﺍﻟﻤﺨﻴﻔﺔ؟ ﺃﻧﺖ ﺗﻔﻜﺮ ﻓﻲ ﺷﻲﺀ ﻗﺬﺭ، ﺃﻟﺴﺖ ﻛﺬﻟﻚ.""","""Sao cháu lại có nụ cười kỳ cục đó vậy? Đang nghĩ chuyện bậy bạ gì đúng không.""","""Mengapa tersenyum aneh begitu? Pasti memikirkan sesuatu yang kotor.""","""Bu ürpertici gülümseme de neyin nesi? Kirli bir şeyler düşünüyorsun, değil mi?"""
Ushiromiya Battler,"""Ihihihi~! Something diiirrrty? Of coouurse no~t! Please...enjoy your staaay~!""","""Ihihihi! Something diiirrrty? Of cooouuurse not! Please enjoy your staaay! ","""Ihihihi~! Something diiirrrty? Of cooouuurse not! Do please...enjoy your staaay~!",「いっひっひっひ〜！　下世話なぁんてと〜んでもないぃ！　どうぞごゆっくりお過ごし下さいませぇ〜！,「いっひっひっひ〜！　下世話なぁんてと〜んでもないぃ！　どうぞごゆっくりお過ごし下さいませぇ〜！」,"""Хе‐хе‐хе‐хе! По‐ошлые‐е? Конечно же не‐е‐ет! От всей души... Желаю вам прия‐я‐ятного отдыха!""","""Ihihihi~! Algo indeceeeeeente? É claaaro que nã~o! Por favor...aproveitem a estadiaaa~!""",「嘿嘿嘿嘿～！什么下流的事啊～，没有没有！祝两位过得愉快～！」,「嘿嘿嘿嘿～！什麼下流的事啊～，沒有沒有！祝兩位過得愉快～！」,"""Ihihihi~! Qualcosa di sporcoooooo? Certo che noooooo! Prego... godetevi... il soggiornooo~!!","""Ihihihih! Qualcosa di sconciooo? Certo che nooo! Prego, godetevi pure il soggiornooo!""","""¡Ijijiji~! ¿Algo suciooooooooo? ¡Por supueeeeesto que no~! ¡Por favor... disfruten de su estanciaaa~!""","""ﺃﻫﻴﻬﻴﻬﻲ~! ﺷﻲﺀ ﻗﺬﺫﺫﺫﺫﺫﺭ؟ ﺑﺎﻟﻄﺒﺒﺒﺒﺒﺒﺒﺒﻊ ﻻ! ﻣﻦ ﻓﻀﻠﻚ....... ﺍﺳﺘﻤﺘﻌﻲ ﺑﻮﻗﺘﺘﺘﺘﺘﻚ~!""","""Ihihihi~! Chuyện bậy bạ áááááá? Làm gìììììì có~! Xin mời cô cứ... tận hưởng kỳ nghỉ nhéééé~!""","""Ihihihi~! Sesuatu yang kotor? Tentu saja tida~k! Silakan...nikmati waktumu~!""","""Ihihihi~! Kiiirlii bir şey mi? Tabii ki de hayı~r! Lütfen... Keyfinize bakın~!"""
Ushiromiya Battler,"""Ow, owowowow! That hurts, you old bastard!""","Ow, owowowow! That hurts, you old bastard!"" "," Ow, owowowow! That hurts, you old bastard!""",あいててててッ！　痛ぇよクソ親父！」,「あいててててッ！　痛ぇよクソ親父！」,"""Ай, ай‐ай‐ай‐ай! Больно же, козёл!""","""Ai, aiaiaii! Isso dói, seu velho desgraçado!""",「啊痛痛痛痛痛！好痛啊混蛋老爸！」,「啊痛痛痛痛痛！好痛啊混蛋老爸！」,"Ow-owowowow! Fa male, vecchio bastardo!""","""Ahiahiahiahi! Mi fai male, vecchiaccio!""","""¡Ow, owowowow! ¡Eso duele, viejo bastardo!""","""ﺃﻱ، ﺍﻳﻴﻴﻴﻴﻴﻴﻴﻴﻲ ﺍﻳﻴﻴﻴﻲ! ﻫﺬﺍ ﻣﺆﻟﻢ، ﺃﻳﻬﺎ ﺍﻟﻌﺠﻮﺯ ﺍﻟﻠﻌﻴﻦ!""","""Ối, ốiốiốiốiốiii! Lão già, đau thật đó nha!""","""Aduh, aduh aduh aduh! Sakit, kau tua brengsek!""","""Ow, owowowow! Bu acıttı, seni yaşlı piç!"""
,"Once again, Dad pulled my ears from behind.","Once again, Dad pulled my ears from behind. ","Once again, Dad pulled my ears from behind.",またしても後から親父に耳をつねり上げられる。,またしても後から親父に耳をつねり上げられる。,И вот опять мой отец потянул меня за ухо сзади.,"Mais uma vez, meu pai puxou minhas orelhas por trás.",老爸又从我身后拎起了我的耳朵。,老爸又從我身後拎起了我的耳朵。,"Ancora una volta, Papà mi tirò per le orecchie da dietro.","Dietro di me, papà mi tirò nuovamente per l'orecchio.","Una vez más, mi papá me tiró de las orejas por detrás.",ﻣﺠﺪﺩﺍ، ﺷﺪ ﺃﺑﻲ ﺃﺫﻧﻲ ﻣﻦ ﺍﻟﺨﻠﻒ.,"Lại một lần nữa, bố kéo tai tôi từ phía sau.",Lagi-lagi Ayah menarik telingaku dari belakang.,Babam bir kez daha kulaklarımı arkadan çekti.
Ushiromiya Rudolf,"""Cut the crap. I'm getting a stomachache, and I'm not in the mood for this. You're the guest of honor this time around. You play as nice as possible with Dad and Aniki and the rest.""","""Cut the crap. I'm getting a stomachache, and I'm not in the mood for this. You're the guest of honor this time around, so play as nice as possible with Dad and Aniki and the rest. ","""Cut the crap. I'm getting a stomachache, and I'm not in the mood for this. You're the guest of honor this time around. You play as nice as possible with Dad and Aniki and the rest.",「馬鹿なこと言ってんじゃねぇ。俺ぁ、胃がキリキリ痛み始めててとてもそんな元気は湧かねぇぜ。今回はお前が主賓だろうが。せいぜい、親父や兄貴たちに可愛がられろよ。,「馬鹿なこと言ってんじゃねぇ。俺ぁ、胃がキリキリ痛み始めててとてもそんな元気は湧かねぇぜ。今回はお前が主賓だろうが。せいぜい、親父や兄貴たちに可愛がられろよ」,"""Хорош глупости болтать. У меня болит живот, и я не в настроении выслушивать этот трёп. На этот раз ты почётный гость, поэтому будь, насколько это возможно, обходителен с дедом, моим братом и остальными.""","""Não diga essas besteiras. Eu estou ficando com dor de barriga, e não estou no clima para isso. Você é o convidado de honra desta vez. Tente aproveitar ao máximo com o seu avô, o aniki e os outros.""",「少给我胡说八道。我现在胃疼得不得了，哪有这兴致。这次你可是主宾。可得给我好好讨你爷爷和伯伯的欢心哦？」,「少給我胡說八道。我現在胃疼得不得了，哪有這興致。這次你可是主賓。可得給我好好討你爺爺和伯伯的歡心哦？」,"""Piantala. Mi sta venendo il mal di stomaco, e non sono dell'umore adatto. {n}Sei l'ospite d'onore stavolta. Ti comporterai il meglio possibile con Papà, mio fratello e gli altri.","""Piantala con le idiozie. Già ho lo stomaco che mi fa un male cane, non sono dell'umore. Stavolta sei un ospite d'onore. Comportati bene con mio padre e con gli altri parenti...""","""Déjate de estupideces. Me está dando dolor de estómago y no estoy de humor para esto. Esta vez eres el invitado de honor. Pórtate lo mejor que puedas con papá, Aniki y los demás.""","""ﻛﻔﺎﻙ ﺣﻤﺎﻗﺔ. ﺃﻋﺎﻧﻲ ﻣﻦ ﺃﻟﻢ ﺣﺎﺩ ﻓﻲ ﺍﻟﻤﻌﺪﺓ، ﻭﻟﺴﺖ ﻓﻲ ﻣﺰﺍﺝ ﺟﻴﺪ ﻟﺬﻟﻚ. ﺃﻧﺖ ﺿﻴﻒ ﺍﻟﺸﺮﻑ ﻓﻲ ﻫﺬﻩ ﺍﻷﺛﻨﺎﺀ. ﻓﻠﺘﻜﻦ ﻣﺆﺩﺑﺎ ﻗﺪﺭ ﺍﻟﻤﺴﺘﻄﺎﻉ ﻣﻊ ﻭﺍﻟﺪﻱ ﻭﺃﺧﻲ ﻭﺍﻟﺒﻘﻴﺔ.""","""Thôi đi con. Bụng bố mày đang đau đây, không có hứng đùa đâu. Lần này mày là khách mời danh dự đó. Cố mà cư xử cho đàng hoàng với bố, với anh mày, và cả mấy người còn lại nữa.""","""Berhenti berisik. Perutku mulai sakit, dan aku tidak mood untuk ini. Kau tamu kehormatan kali ini. Bersikaplah sebaik mungkin pada Kakek, Paman, dan yang lain.""","""Saçmalamayı kes. Karnım ağrıyor ve hiç havamda değilim. Bu sefer onur konuğu sensin. Babama, Aniki'ye ve diğerlerine olabildiğince iyi davran."""
Ushiromiya Rudolf,"""......At the very least, pay attention to what you say in front of Dad, got it? 'Cause wisecracks go over like a lead balloon with him. ......Jessica‐chan, what's the mood of our family head been like lately?""","......At the very least, be careful of what you say in front of Dad, got it? Because wisecracks don't go too well with him. ......Jessica-chan, what's the Head's mood been like lately?"" "," ......At the very least, pay attention to what you say in front of Dad, got it? Because wisecracks don't go too well with him. ......Jessica-chan, what's the head of our family's mood been lately?""",　……親父の前では言葉遣いにだけ気をつけろ？　あの人、本ッ当にシャレが通じねぇからなぁ。……朱志香ちゃん、我らが当主さまのご機嫌は最近どうなんだ？」,「……親父の前では言葉遣いにだけ気をつけろ？　あの人、本ッ当にシャレが通じねぇからなぁ。……朱志香ちゃん、我らが当主さまのご機嫌は最近どうなんだ？」,"""......Как минимум следи за тем, что ты говоришь в присутствии дедушки, понял? Потому что остряки‐самоучки у него не в почёте. ......Джессика‐чан, в каком настроении последнее время пребывал глава семейства?""","""......Ao menos, preste atenção com o que diz na frente do seu avô, entendeu?{n}Ele não gosta dessas piadas sem graça. ......Jessica‐chan, como tem estado o humor do chefe da família ultimamente?""",「……注意在爷爷面前要注意自己的用词！对那个人可真的是一点玩笑都说不得的。……朱志香，我们的当主大人最近心情怎么样？」,「……注意在爺爺面前要注意自己的用詞！對那個人可真的是一點玩笑都說不得的。……朱志香，我們的當主大人最近心情怎麼樣？」,"... Come minimo, stai attento a cosa dici di fronte a Papà, capito? Perché gli spiritosoni non vanno molto d'accordo con lui. ... Jessica-chan, qual è stato ultimamente l'umore del nostro capofamiglia?""","""Stai almeno attento a cosa dici di fronte a papà, capito? Con lui non serve a niente scherzare... Jessica-chan, di che umore è ultimamente il nostro capofamiglia?""","""Por lo menos presta atención a lo que dices en presencia de papá, ¿entendido? Porque él no se lleva mucho con las bromas. Jessica‐chan, ¿cómo ha estado el humor del líder de la familia últimamente?""","""...... ﻋﻠﻰ ﺍﻷﻗﻞ، ﺍﻧﺘﺒﻪ ﺇﻟﻰ ﻣﺎ ﺗﻘﻮﻟﻪ ﺑﻮﺟﻮﺩ ﻭﺍﻟﺪﻱ، ﺃﻓﻬﻤﺖ ﺫﻟﻚ؟ 'ﻷﻥ ﺍﻟﺤﻮﺍﺭ ﺍﻟﺮﺍﻗﻲ ﻻ ﻳﺴﻴﺮ ﺑﺸﻜﻞ ﺟﻴﺪ ﻣﻌﻚ. ......ﺟﻴﺴﻴﻜﺎ-ﺗﺸﺎﻥ، ﻛﻴﻒ ﻫﻮ ﻣﺰﺍﺝ ﺭﺋﻴﺲ ﺍﻟﻌﺎﺋﻠﺔ ﻓﻲ ﺍﻵﻭﻧﺔ ﺍﻷﺧﻴﺮﺓ؟""","""......Ít nhất thì, chú ý lời ăn tiếng nói trước mặt bố đi, nghe chưa? Vì bố cực ghét mấy câu đùa nhảm đấy.""......Jessica ơi, dạo này tâm trạng ông nội thế nào rồi?""","""......Setidaknya, perhatikan ucapanmu di depan Kakek, mengerti? Karena leluconmu tidak akan diterima. ......Jessica-chan, bagaimana suasana hati kepala keluarga belakangan ini?""","""......En azından babamın önünde söylediklerine dikkat et, anladın mı? Çünkü espriler onun gözünde kurşun balon gibi patlar. ......Jessica-chan, son zamanlarda aile reisimizin ruh hali nasıl?"""
Ushiromiya Jessica,"""...Hmm......same as last year, I guess. ......Considering they keep saying he's got three months left, he's as lively, grumpy, and irritable as ever.""","""...Hmm...... Same as last year, I guess. ......Considering they say he's got three months left to live, he's as lively, grumpy, and irritable as ever."" ","""...Hmm......,Same as last year, I guess. ......Considering they say he's got three months left, he's as stubborn, grumpy, and irritable as ever.""",「…んー……、去年から相変わらず、かな。……余命３ヶ月、余命３ヶ月って割には相変わらずピンピン、カリカリ、イライラしてるって話です。」,「…んー……、去年から相変わらず、かな。……余命３ヶ月、余命３ヶ月って割には相変わらずピンピン、カリカリ、イライラしてるって話です」,"""...Хм‐м... Думаю, в таком же, что и в прошлом году. ......Но для человека, заявившего, что ему осталось жить три месяца, он всё такой же упрямый, ворчливый и невероятно раздражительный.""","""...Hmm......igual ao do ano passado, eu acho. ......Considerando que ele continua dizendo que só tem mais três meses, ele continua vivo, mal‐humorado e irritado como sempre.""",「…嗯……，应该和去年差不多吧。……虽然老是说余命三个月、余命三个月，但他依然精神得不得了，跟个刺儿头似的，看什么都不顺眼。」,「…嗯……，應該和去年差不多吧。……雖然老是說余命三個月、余命三個月，但他依然精神得不得了，跟個刺兒頭似的，看什麼都不順眼。」,"""... Hmm... lo stesso dell'anno scorso, immagino. ... Considerando che dicono gli rimangano tre mesi, è testardo, scorbutico, e irritabile come sempre.""","""...Mmh... Suppongo lo stesso dell'anno scorso... Dicono che gli rimangono tre mesi di vita, ma nonostante questo è arzillo, scorbutico, e irascibile come sempre.""","""Mmm... igual que el año pasado, supongo. Considerando que dicen que le quedan tres meses de vida, está tan obstinado, gruñón, e irritable como siempre.""","""....ﻫﻤﻤﻤﻢ....،ﻣﺎ ﺯﺍﻝ ﻧﻔﺴﻪ ﻛﻤﺎ ﻓﻲ ﺍﻟﻌﺎﻡ ﺍﻟﻤﺎﺿﻲ، ﺃﻇﻦ ﺫﻟﻚ. ......ﺑﺎﻋﺘﺒﺎﺭ ﺃﻧﻬﻢ ﻳﻘﻮﻟﻮﻥ ﺑﺄﻥ ﻟﺪﻳﻪ ﺛﻼﺛﺔ ﺃﺷﻬﺮ ﻟﻴﻌﻴﺶ، ﺇﻻ ﺃﻧﻪ ﻋﻨﻴﺪ، ﻭﻏﺎﺿﺐ، ﻭﺳﺮﻳﻊ ﺍﻻﻧﻔﻌﺎﻝ ﻛﺎﻟﻤﻌﺘﺎﺩ.""","""...Hmm......Cũng như năm ngoái thôi, chắc vậy. ......Mọi người cứ nói ông chỉ còn sống được ba tháng nữa, vậy mà ông vẫn còn khỏe, cáu kỉnh, và khó ở như thường.""","""...Hmm......sama seperti tahun lalu. ......Mengingat mereka bilang umurnya tinggal tiga bulan lagi, dia tetap semangat, pemarah, dan mudah tersinggung seperti biasa.""","""...Hmm......geçen yılla aynı sanırım. ......Üç ayı kaldığını söyleyip durduklarına bakılırsa, işte o kadar canlı, huysuz, ve her zamanki gibi sinirli."""
Ushiromiya Rosa,"""Meaning, he's in his usual bad mood again this year. ......And the only one who's able to take care of him is Genji‐san?""","""Meaning, this year he's in his usual bad mood. ......And as usual, the only one who's able to look after him is Genji-san?"" ","""Meaning, this year he's in his usual bad mood. ......And as usual, the only one who's able to take care of him is Genji-san?""",「今年も相変わらず不機嫌、ってわけね。……お守りができるのは相変わらず、源次さんだけなの？」,「今年も相変わらず不機嫌、ってわけね。……お守りができるのはやっぱり、源次さんだけなの？」,"""А значит в этом году он всё в таком же дурном настроении. ......И единственный, кто имеет возможность ухаживать за ним — это Генджи‐сан?""","""Isso quer dizer que ele continua com o seu humor de sempre este ano.{n}......E o único capaz de cuidar dele é o Genji‐san?""",「也就是说，今年还是和往年一样心情不好啊。……能在身边照顾的人还是只有源次吗？」,「也就是說，今年還是和往年一樣心情不好啊。……能在身邊照顧的人還是只有源次嗎？」,"""Il che significa che quest'anno è del suo solito cattivo umore. ... Come al solito, l'unico che riesce a prendersi cura di lui è Genji-san?""","""Il che significa che anche quest'anno è di cattivo umore come al suo solito... L'unico che riesce a prendersi cura di lui è sempre Genji-san?""","""Lo que quiere decir que este año continúa con su mal humor de siempre. Y como siempre, ¿la única persona capaz de cuidar de él es Genji‐san?""","""ﺃﻱ ﺃﻧﻪ ﻓﻲ ﻣﺰﺍﺟﻪ ﺍﻟﺴﻴﺊ ﺍﻟﻤﻌﺘﺎﺩ ﻫﺬﺍ ﺍﻟﻌﺎﻡ ﺃﻳﻀﺎ. ......ﻭﻛﺎﻟﻌﺎﺩﺓ، ﺍﻟﺸﺨﺺ ﺍﻟﻮﺣﻴﺪ ﺍﻟﻘﺎﺩﺭ ﻋﻠﻰ ﺍﻻﻋﺘﻨﺎﺀ ﺑﻪ ﻫﻮ ﻗﻴﻨﺠﻲ-ﺳﺎﻥ؟""","""Tức là, năm nay tâm trạng bố vẫn còn tồi tệ như mọi khi. ......Và người duy nhất có thể chăm sóc bố là ông Genji?""","""Artinya, tahun ini lagi bad mood seperti biasa. ......Dan hanya Genji-san yang bisa merawatnya?""","""Yani, bu yıl da her zamanki kötü ruh halinde. ......Ve onunla ilgilenebilecek tek kişi Genji-san mı?"""
Kumasawa Chiyo,"""It seems that the Master will only open his heart to Genji‐san. Lately, us small people cannot even get an audience...""","""It seems the Master will open his heart to no one else. Lately, us small people have not even been granted an audience with him..."" ","""It seems that the Master will only open his heart to Genji-san. Lately, us small people cannot even get an audience...""",「お館様も、源次さんにだけは心を許しておいでのようです。私たち下々では、近頃はお目通りすらなかなか叶わず…。」,「お館様も、源次さんにだけは心を許しておいでのようです。私たち下々では、近頃はお目通りすらなかなか叶わず…」,"""Похоже, единственный, с кем господин может доверительно общаться — это Генджи‐сан. Последнее время мы, люди маленькие, совершенно не удостаиваемся его приёма...""","""Parece que o Mestre só abre o seu coração para o Genji‐san. Ultimamente, nós não conseguimos nem nos aproximar dele...""",「老爷似乎还是只对源次放得下心。我们这些做小的，近来连面都见不上一次…」,「老爺似乎還是只對源次放得下心。我們這些做小的，近來連面都見不上一次…」,"""Sembra che il Padrone si confidi solo con Genji-san. Ultimamente, noi gente inferiore non riusciamo neanche a ricevere udienza...""","""Pare che il padrone si apra solo nei confronti di Genji-san. Ultimamente, a stento convoca noi umili servitori...""","""Parece que el amo solo confía en Genji‐san. Últimamente nosotros, la gente sin importancia, no podemos siquiera verle...""","""ﻳﺒﺪﻭ ﺑﺄﻥ ﺍﻟﺴﻴﺪ ﻻ ﻳﻔﺘﺢ ﻗﻠﺒﻪ ﺇﻻ ﻟﻘﻴﻨﺠﻲ-ﺳﺎﻥ. ﻣﺆﺧﺮﺍ، ﺣﺘﻰ ﻧﺤﻦ ﻟﻢ ﻧﺴﺘﻄﻊ ﻣﻘﺎﺑﻠﺘﻪ...""","""Có vẻ như chủ nhân chỉ mở lòng với ông Genji thôi. Gần đây thì bọn tôi không có ai được diện kiến nữa mà...""","""Tampaknya Tuan hanya mau membuka hati pada Genji-san. Belakangan, orang kecil seperti kami tidak bisa bertemu...""","""Görünüşe göre Efendi kalbini sadece Genji-san'a açıyor. Son zamanlarda, biz küçük insanlar onunla konuşamıyoruz bile..."""
Ushiromiya Jessica,"""He's shut himself up in his study again, probably doing nothing but that weird black magic of his. What he does for a hobby is his own damn business, but when he starts stinking up the place, it really gets on my nerves. ...He can just stay in that study and never come out again for all I care. Heheheh!""","""He's shut himself up in his study again, probably doing nothing but that weird black magic of his. What he does for a hobby is his own damn business, but when he starts stinking up the house, it really gets on my nerves. ...I wish he'd never come out of that study again. Heheheh!"" ","""He's shut himself up in his study again, probably doing nothing but that weird black magic of his. What he does for a hobby is his own damn business, but when he starts stinking up the house, it really gets on my nerves. ...And I wish he'd never come out of that study again. Heheheh!""",「また書斎に閉じこもって、怪しげな黒魔術三昧じゃねえのかな。何をやろうとてめぇの趣味だから構わねぇけど、臭いが立ち込める系は勘弁してほしいもんだぜ。…ついでにそのまま書斎から永久に出てくんなってんだ。へへへ！」,「また書斎に閉じこもって、怪しげな黒魔術三昧じゃねえのかな。何をやろうとてめぇの趣味だから構わねぇけど、臭いが立ち込める系は勘弁してほしいもんだぜ。…ついでにそのまま書斎から永久に出てくんなってんだ。へへへ！」,"""Он опять заперся в своём кабинете и наверняка с головой погрузился в эти свои странные занятия чёрной магией. Чем он занимается как хобби — его грёбаное дело, но когда от его занятий по дому начинает разноситься вонь, это действует мне на нервы. ...И хочется, чтобы он больше никогда из своего кабинета не выползал. Хе‐хе‐хе!""","""Ele deve ter se trancado em seu estúdio de novo, provavelmente não fazendo nada além daquela magia negra dele. O que ele faz como hobby é problema dele, mas quando ele começa a deixar outros lugares fedendo, acaba me dando nos nervos. ...Ele poderia ficar no estúdio dele e nunca mais sair, que eu não iria me importar. Heheheh!""",「又是整天把自己关在书房里，在研究什么可疑的黑魔术吧。你老头子爱做什么是你的兴趣，这我管不着，但是你好歹别搞得那么臭气熏天的嘛。…最好就这么永远待在书房里别出来才好嘞。嘿嘿嘿！」,「又是整天把自己關在書房裡，在研究什麼可疑的黑魔術吧。你老頭子愛做什麼是你的興趣，這我管不著，但是你好歹別搞得那麼臭氣熏天的嘛。…最好就這麼永遠待在書房裡別出來才好嘞。嘿嘿嘿！」,"""Si è di nuovo chiuso nello studio, probabilmente a fare nient'altro che quella sua strana magia nera. I suoi passatempi sono affaracci suoi, ma quando comincia ad infestare casa con cattivi odori, mi dà veramente sui nervi. ... E vorrei non uscisse mai più dal suo studio. Heheheh!""","""Si sarà di nuovo chiuso nel suo studio, assorto in quella sua strana magia nera. Può fare quello che gli pare con i suoi passatempi, ma vorrei che la smettesse di infestare casa con il suo tanfo... e che rimanesse nel suo studio per sempre. Eheheh!""","""Se ha vuelto a encerrar en su estudio, probablemente sin hacer nada más que esa extraña magia negra que practica. El maldito hobby que tenga es asunto suyo, pero cuando empieza a poner la casa patas arriba, me pone los nervios de punta. Desearía que nunca volviera a salir de ese estudio. ¡Jejeje!""","""ﺇﻧﻪ ﻳﻐﻠﻖ ﺍﻟﺒﺎﺏ ﻋﻠﻰ ﻧﻔﺴﻪ ﻓﻲ ﻏﺮﻓﺔ ﺍﻟﺪﺭﺍﺳﺔ ﺧﺎﺻﺘﻪ، ﻋﻠﻰ ﺍﻷﺭﺟﺢ ﻻ ﻳﻔﻌﻞ ﺷﻴﺌﺎ ﺳﻮﻯ ﺫﻟﻚ ﺍﻟﺴﺤﺮ ﺍﻷﺳﻮﺩ ﺍﻟﻐﺮﻳﺐ. ﻣﺎ ﻳﻔﻌﻠﻪ ﺑﻬﻮﺍﻳﺘﻪ ﻫﻮ ﺃﻣﺮ ﻳﺨﺼﻪ ﺗﻤﺎﻣﺎ، ﻟﻜﻦ ﻋﻨﺪﻣﺎ ﺗﻨﺘﺸﺮ ﺗﻠﻚ ﺍﻟﺮﺍﺋﺤﺔ ﺍﻟﻜﺮﻳﻬﺔ ﻓﻲ ﺃﺭﺟﺎﺀ ﺍﻟﻘﺼﺮ ﻓﺈﻧﻪ ﻳﺜﻴﺮ ﺃﻋﺼﺎﺑﻲ ﺣﻘﺎ، .....ﺃﺗﻤﻨﻰ ﺑﺄﻥ ﻳﺒﻘﻰ ﺩﺍﺧﻞ ﻏﺮﻓﺔ ﺍﻟﺪﺭﺍﺳﺔ ﺗﻠﻚ ﻟﻸﺑﺪ. ﻫﻴﻬﻴﻬﻴﻬﻲ!""","""Ông lại nhốt mình trong thư phòng rồi, chắc lại làm mấy cái trò ma thuật đen kỳ quặc như mọi khi á. Làm gì thì làm, nhưng khi mùi lạ bốc lên khắp nơi thì thật là phiền. ...Cháu thì mong ông cứ ở lì trong đó đi, khỏi ra luôn cho xong. Heheheh!""","""Dia mengurung diri di ruang belajarnya lagi, mungkin hanya melakukan sihir hitam anehnya. Hobi dia urusannya sendiri, tapi ketika baunya menyebar, sangat mengganggu. ...Dia bisa tetap di ruang belajar itu selamanya menurutku. Heheheh!""","""Yine çalışma odasına kapanmış, muhtemelen o tuhaf kara büyüsünden başka bir şey yapmıyor. Hobi olarak ne yaptığı kendi bileceği iş, ama ortalığı kokutmaya başlayınca gerçekten sinirlerim bozuluyor. ...O çalışma odasında kalabilir ve bir daha asla dışarı çıkmayabilir, umurumda değil. Heheheh!"""
Ushiromiya George,"""You shouldn't talk like that about the elderly. We're all indebted to him, since he rebuilt the Ushiromiya family, and a little gratitude wouldn't hurt.""","""You shouldn't talk like that about the elderly. We're all indebted to him, since he rebuilt the Ushiromiya Family. We should be more grateful."" ","""You shouldn't talk like that about the elderly. We're all indebted to him, since he rebuilt the Ushiromiya Family, and a little gratitude wouldn't hurt.""",「年長の人にそんな言い方をするもんじゃないよ。右代宮家を復興させてくれた大恩人なんだから、もっと感謝しないと。」,「年長の人にそんな言い方をするもんじゃないよ。右代宮家を復興させてくれた大恩人なんだから、もっと感謝しないと」,"""Не стоит так говорить о пожилых людях. Мы все в долгу перед ним, ведь именно он возродил семью Уширомия, и чуть благодарности ему не повредит.""","""Você não deveria falar assim dos mais velhos. Todos nós estamos em dívida com ele, já que ele reconstruiu a família Ushiromiya. Mostrar um pouco de gratidão não vai doer.""",「别用这种口吻来谈论长辈。爷爷可是复兴了我们右代宫家的大功臣，一定要心存感激。」,「別用這種口吻來談論長輩。爺爺可是復興了我們右代宮家的大功臣，一定要心存感激。」,"""Non dovresti parlare così dei più anziani. Siamo tutti in debito con lui, che ha ricostruito la famiglia Ushiromiya, un pizzico di gratitudine non guasterebbe.""","""Non parlare in questo modo dei più anziani. Sii più riconoscente, siamo tutti in debito con lui per aver ricostruito la famiglia Ushiromiya.""","""No deberías hablar así de los mayores. Todos estamos en deuda con él, ya que sacó a flote a la familia Ushiromiya, y un poco de gratitud no duele.""","""ﻻ ﻳﻨﺒﻐﻲ ﻋﻠﻴﻚ ﺍﻟﺘﺤﺪﺙ ﺑﺘﻠﻚ ﺍﻟﻄﺮﻳﻘﺔ ﻋﻦ ﻛﺒﺎﺭ ﺍﻟﺴﻦ. ﺟﻤﻴﻌﻨﺎ ﻧﺪﻳﻦ ﻟﻪ ﺑﺎﻟﻜﺜﻴﺮ، ﺑﻔﻀﻠﻪ ﺃﺳﺮﺓ ﺃﻭﺷﻴﺮﻭﻣﻴﺎ ﻭﻗﻔﺖ ﻋﻠﻰ ﺳﺎﻗﻴﻬﺎ ﻣﺠﺪﺩﺍ، ﻟﺬﺍ ﺍﻟﻘﻠﻴﻞ ﻣﻦ ﺍﻻﻣﺘﻨﺎﻥ ﻟﻦ ﻳﻀﺮ.""","""Em không nên nói vậy về người lớn tuổi nhé. Ai cũng mang ơn ông vì đã xây dựng lại gia tộc Ushiromiya mình mà, nên biết ơn một chút cũng không thừa.""","""Jangan bicara seperti itu tentang orang tua. Kita semua berhutang padanya karena membangun kembali keluarga Ushiromiya, sedikit rasa terima kasih tidak ada salahnya.""","""Büyükler hakkında böyle konuşmamalısın. Ushiromiya ailesini yeniden inşa ettiği için hepimiz ona borçluyuz ve biraz minnettarlıktan zarar gelmez."""
Ushiromiya Jessica,"""Hm...well... ......Sorry.""","""Hm, ...well... ......Sorry."" ","""Hm, ...well... ......Sorry.""",「ん、…まぁ…。……ごめん。」,「ん、…まぁ…。……ごめん」,"""Хм‐м... Ну... Извините...""","""Hm...bem... ......Desculpa.""",「嗯，…也是…。……对不起。」,「嗯，…也是…。……對不起。」,"""Hm... beh... mi dispiace.""","""Mmh... beh... Scusate.""","""Mm... bueno... Lo siento.""","""ﻫﻤﻢ، ...ﺣﺴﻨﺎ.... .....ﺁﺳﻔﺔ.""","""Ờm... thì... ......Em xin lỗi.""","""Hm...baiklah... ......Maaf.""","""Hm...şey... ......Özür dilerim."""
,"After being rebuked by George‐aniki, Jessica had no choice but to take back her thoughtless remark.","After being rebuked by George-aniki, Jessica had no choice but to take back her thoughtless remark. ","After being rebuked by George-aniki, Jessica had no choice but to take back her thoughtless remark.",譲治兄貴にたしなめられては、朱志香も暴言を撤回するしかない。,譲治兄貴にたしなめられては、朱志香も暴言を撤回するしかない。,"Будучи осаженной Джорджем‐аники, Джессике ничего не оставалось, как взять обратно свою необдуманную ремарку.","Após ser repreendida pelo George‐aniki, a Jessica não teve escolha, a não ser em pensar no que tinha dito.",被让治大哥责备了的朱志香，也只好收回恶言。,被讓治大哥責備了的朱志香，也只好收回惡言。,"Dopo essere stata rimproverata da George-aniki, Jessica non ebbe altra scelta che rimangiarsi il suo commento sconsiderato.","Dopo essere stata rimproverata dal fratellone George, Jessica non potè fare altro che rimangiarsi le sue parole offensive.","Después de ser regañada por George‐aniki, Jessica no tuvo más opción que retractarse de sus precipitados comentarios.",ﺑﻌﺪ ﺃﻥ ﻭﺑﺨﻬﺎ ﺃﺧﻲ ﺟﻮﺭﺝ، ﻟﻢ ﺗﻤﻠﻚ ﺧﻴﺎﺭﺍ ﺳﻮﻯ ﺳﺤﺐ ﻛﻼﻣﻬﺎ ﺍﻟﻤﺴﺘﻬﺘﺮ.,"Bị anh George trách mắng, Jessica không còn cách nào khác ngoài việc rút lại lời nói thiếu suy nghĩ của mình.","Setelah ditegur George-aniki, Jessica tidak punya pilihan selain menarik kembali ucapannya yang sembrono.",George-aniki tarafından azarlandıktan sonra Jessica'nın düşüncesizce söylediği sözleri geri almaktan başka çaresi kalmamıştı.
,"The Ushiromiya family was wealthy beyond belief, but that, of course, meant that all its members were eccentric people, completely at odds with the rest of society.","The Ushiromiya family was wealthy beyond belief, but of course, that meant all its members were a bit strange...and completely out of touch with the world at large. "," The Ushiromiya family was wealthy beyond belief, but that, of course, meant that all its members were weird people who cut themselves off from the world entirely.",右代宮家は大富豪だが、ってことはやはり世間とは完全にズレてる曲者ぞろいだ。,右代宮家は大富豪だが、ってことはやはり世間とは完全にズレてる曲者ぞろいだ。,"Семья Уширомия была богата сверх всякой меры, что, в свою очередь, означало, что все её члены были странными людьми, предпочитающими полностью отрезать себя от окружающего мира.","A família Ushiromiya era muito rica, e isso significa que todos os seus membros eram pessoas excêntrica, completamente fora dos padrões da sociedade.",右代宫家是富豪之家，……理所当然聚集的都是些与世间普通人完全不同的狡猾之人。,右代宮家是富豪之家，……理所當然聚集的都是些與世間普通人完全不同的狡猾之人。,"La famiglia Ushiromiya era incredibilmente ricca, ma ciò, ovviamente, significava che tutti i suoi membri erano strane persone che si erano completamente estraniate dal mondo.","La famiglia Ushiromiya navigava nell'oro, ma ciò ovviamente voleva dire che era composta da persone eccentriche e completamente fuori dal mondo.","La familia Ushiromiya era increíblemente rica, pero eso, por supuesto, significaba que todos sus miembros eran personas extrañas que se aislaban por completo del mundo.",ﺗﻤﻠﻚ ﺃﺳﺮﺓ ﺃﻭﺷﻴﺮﻭﻣﻴﺎ ﺛﺮﻭﺓ ﻫﺎﺋﻠﺔ، ﻭﻟﻜﻦ ﻫﺬﺍ ﻳﻌﻨﻲ ﻃﺒﻌﺎ ﺑﺄﻥ ﺟﻤﻴﻊ ﺃﻓﺮﺍﺩﻫﺎ ﻛﺎﻧﻮﺍ ﺃﺷﺨﺎﺻﺎ ﻏﺮﻳﺒﻴﻦ ﻋﺰﻟﻮﺍ ﺃﻧﻔﺴﻬﻢ ﺗﻤﺎﻣﺎ ﻋﻦ ﺍﻟﻌﺎﻟﻢ.,"Gia tộc Ushiromiya giàu có đến mức khó tin, nhưng tất nhiên, điều đó cũng đồng nghĩa với việc tất cả các thành viên đều là những con người lập dị, hoàn toàn lệch nhịp so với phần còn lại của xã hội.","Keluarga Ushiromiya sangat kaya, tapi itu berarti semua anggotanya adalah orang-orang eksentrik yang bertolak belakang dengan masyarakat.","Ushiromiya ailesi inanılmayacak kadar zengindi, ancak bu elbette tüm üyelerinin toplumun geri kalanıyla tamamen çelişen eksantrik insanlar olduğu anlamına geliyordu."
,"The Head of the family, standing at its peak—in other words, our Grandfather—seemed to be a particularly eccentric and terrifying person, even for our family.","And at the top of the chain, the Family Head—our Grandfather—seemed especially strange and terrifying, even for our family. "," The Head of the Family, standing at its peak - in other words, our Grandfather - seemed to be a particularly weird and terrifying person, even for our family.",その頂点に立つ右代宮家当主、つまり俺たちの祖父さまは、その中でも特に曲者で恐ろしいお人らしい。,その頂点に立つ右代宮家当主、つまり俺たちの祖父さまは、その中でも特に曲者で恐ろしいお人らしい。,"Глава же семьи, занимающий в ней самое высокое положение, то есть наш дедушка, был крайне странным, да ещё и внушающим страх, даже по меркам нашей семьи.","O chefe da família, em seu auge — em outras palavras, o nosso avô — parece ser particularmente excêntrico e assustador, mesmo para a nossa família.",站在家族顶点的右代宫家当主，也就是我们的祖父，似乎就是他们之中最老奸巨滑、令人恐惧的那一个。,站在家族頂點的右代宮家當主，也就是我們的祖父，似乎就是他們之中最老奸巨滑、令人恐懼的那一個。,"Il capofamiglia, essendone alla vetta, in altre parole nostro Nonno, sembrava essere una persona particolarmente stramba e terrificante, anche per la nostra famiglia.","Trovandosi al vertice, il capofamiglia, ovvero nostro nonno, sembrava essere il più eccentrico e terribile tra tutti.","El líder de la familia, ocupando el lugar más alto —en otras palabras, nuestro abuelo— parecía ser una persona particularmente extraña y terrorífica, incluso para nuestra familia.",ﻳﺒﺪﻭ ﺑﺄﻥ ﺭﺋﻴﺲ ﺍﻟﻌﺎﺋﻠﺔ - ﺟﺪﻧﺎ - ﺍﻟﺬﻱ ﻳﺠﻠﺲ ﻓﻲ ﻗﻤﺔ ﺍﻟﻬﺮﻡ، ﻫﻮ ﺷﺨﺺ ﻏﺮﻳﺐ ﻭﻣﺨﻴﻒ، ﺣﺘﻰ ﺑﺎﻟﻨﺴﺒﺔ ﻟﻨﺎ ﻧﺤﻦ ﻋﺎﺋﻠﺘﻪ.,"Tuy tôi đã thấy gia tộc chúng tôi nhìn chung là lập dị rồi, nhưng người đứng đầu gia tộc – tức là ông nội chúng tôi – dường như còn đặc biệt lập dị và đáng sợ hơn thế.","Kepala keluarga, yang berada di puncak - yaitu Kakek kami - tampaknya orang yang sangat eksentrik dan menakutkan bahkan untuk standar keluarga kami.",Ailenin en tepesinde duran aile reisi—yani Büyükbabamız—bizim ailemiz için bile özellikle eksantrik ve ürkütücü bir kişiydi.
,"Dad had said he was getting a stomachache earlier, but I guess that was what all the adults who came here today were actually feeling.","Dad said he was getting a stomachache earlier, ...and I imagine that reflected the honest feelings of all the adults here today. "," Dad had said he was getting a stomachache earlier..., but I guess that was what all the adults who came here today were actually feeling.",さっき親父が、胃がキリキリして…と言ったが、それは今日ここに来ている大人たちの率直な気持ちだろう。,さっき親父が、胃がキリキリして…と言ったが、それは今日ここに来ている大人たちの率直な気持ちだろう。,"Отец обмолвился, что у него разболелся живот, но я думаю все взрослые, приехавшие сегодня сюда, чувствуют себя аналогичным образом.","Meu pai disse que estava ficando com dor de barriga mais cedo, mas eu acho que na verdade, ele está se sentindo assim porque todos os adultos estão reunidos aqui hoje.",刚才我老爸说他胃疼得不得了，恐怕那就是今天这里所有大人们内心的真实写照。,剛才我老爸說他胃疼得不得了，恐怕那就是今天這裡所有大人們內心的真實寫照。,Papà ha detto che gli stava venendo mal di stomaco prima... ma penso che sia la sensazione che stavano provando tutti gli adulti che erano venuti qui oggi.,"Papà prima aveva detto... che lo stomaco gli faceva un male cane, ma penso che tutti gli adulti venuti qui provassero la stessa identica sensazione.","Papá había dicho hace poco que tenía dolor de estómago, pero creo que es así como todos los adultos que habían venido aquí se sentían realmente.",ﻣﻨﺬ ﻗﻠﻴﻞ ﻗﺎﻝ ﺃﺑﻲ ﺃﻧﻪ ﻳﻌﺎﻧﻲ ﻣﻦ ﺃﻟﻢ ﺣﺎﺩ ﻓﻲ ﺍﻟﻤﻌﺪﺓ... ﻟﻜﻨﻲ ﺃﻋﺘﻘﺪ ﺃﻥ ﻫﺬﺍ ﻣﺎ ﺷﻌﺮ ﺑﻪ ﺟﻤﻴﻊ ﺍﻟﻜﺒﺎﺭ ﺍﻟﺬﻳﻦ ﺃﺗﻮﺍ ﺇﻟﻰ ﻫﻨﺎ ﺍﻟﻴﻮﻡ.,"Bố tôi vừa than đau bụng ban nãy, nhưng có lẽ đó cũng là cảm giác chung của tất cả người lớn khi đến đây hôm nay.","Ayah bilang tadi perutnya sakit, tapi kurasa itu yang sebenarnya dirasakan semua orang dewasa yang datang hari ini.",Babam daha önce karnının ağrıdığını söylemişti ama sanırım bugün buraya gelen tüm yetişkinler aslında bunu hissediyordu.
,"No doubt they were jealous of us, the grandchildren, just playing and laughing without a care.","No doubt they were jealous of us grandchildren, who could just play around and laugh without a care. "," No doubt they were jealous of us, the grandchildren, just playing and laughing without a care.",孫である俺たちがきゃっきゃと遊んでいるのが、さぞや羨ましいに違いない。,孫である俺たちがきゃっきゃと遊んでいるのが、さぞや羨ましいに違いない。,"Они наверняка завидовали нам, внукам, предающимся беззаботному веселью.","Sem dúvida, eles nos invejam, os netos, que podem apenas brincar e rir sem se importar com as coisas.",看着孙辈的我们无忧无虑地打成一片，想必他们一定很羡慕吧。,看著孫輩的我們無憂無慮地打成一片，想必他們一定很羨慕吧。,"Senza dubbio erano gelosi di noi, i nipoti, che giocavamo e ridevamo senza preoccupazioni.",Erano senz'altro invidiosi dei nipoti che giocavano e ridacchiavano.,"No es de extrañar que tuvieran envidia de nosotros, los nietos, que solo estábamos jugando y riendo sin preocuparnos.",ﻻ ﺷﻚ ﺑﺄﻧﻬﻢ ﻳﺤﺴﺪﻭﻧﻨﺎ ﻧﺤﻦ ﺍﻷﺣﻔﺎﺩ، ﻛﻞ ﻣﺎ ﻧﻔﻌﻠﻪ ﻫﻮ ﺍﻟﻤﺮﺡ ﻭﺍﻟﻀﺤﻚ ﺩﻭﻥ ﻣﺒﺎﻻﺓ.,Chắc chắn họ đang ghen tị với bọn tôi – lũ cháu của ông – những đứa trẻ chỉ biết chơi đùa vô tư.,"Pasti mereka iri pada kami, cucu-cucunya, yang hanya bermain dan tertawa tanpa beban.","Hiç şüphesiz, umursamadan oynayıp gülen biz çocukları kıskanıyorlardı."
,"From the stories Dad told me, the head of the family was a violent man who rained blows on his sons with his own fists and even beat his daughters mercilessly with a wooden sword.","From the stories Dad told me, the Family Head was a violent man who ruled with his fists, beating his children, even his daughters, mercilessly with a wooden sword. "," From the stories Dad told me, the Head of the Family was a violent man who rained blows on his sons with his own fists and even beat his daughters mercilessly with a wooden sword.",親父に聞かされた話じゃ、何でもかんでも鉄拳制裁で、娘であろうと木刀で容赦なく打ち据える暴力当主だったそうだ。,親父に聞かされた話じゃ、何でもかんでも鉄拳制裁で、娘であろうと木刀で容赦なく打ち据える暴力当主だったそうだ。,"Судя по рассказам отца, глава семьи был человеком бешеного нрава, безжалостно колотившим своих сыновей кулаками и даже дочерей деревянным мечом.","Pelas histórias que meu pai me contava, o chefe da família era um homem violento, que levantava o punho para seus filhos e até batia com uma espada de madeira, sem piedade.",听老爸说过，爷爷是个不问缘由一律拳脚相加，就算是女儿也会毫不留情地用木刀痛打的暴君当主。,聽老爸說過，爺爺是個不問緣由一律拳腳相加，就算是女兒也會毫不留情地用木刀痛打的暴君當主。,"Dalle storie che mi raccontava Papà, il capofamiglia era un uomo violento che faceva piovere botte sui suoi figli coi suoi pugni e colpiva perfino le sue figlie senza pietà con una spada di legno.","Da quello che mi raccontava il vecchio, il capofamiglia era un uomo violento che adoperava punizioni corporali in ogni occasione, e li colpiva crudelmente con una spada di legno, senza fare distinzione tra figlio o figlia.","Por las historias que papá me había contado, el líder de la familia era un hombre violento que golpeaba a sus hijos con sus propios puños e incluso golpeaba sin piedad a sus hijas con una espada de madera.",ﻣﻦ ﺍﻟﻘﺼﺺ ﺍﻟﺘﻲ ﺃﺧﺒﺮﻧﻲ ﺑﻬﺎ ﺃﺑﻲ، ﻛﺎﻥ ﺭﺋﻴﺲ ﺍﻟﻌﺎﺋﻠﺔ ﺭﺟﻼ ﻋﻨﻴﻔﺎ، ﻓﻘﺪ ﻛﺎﻥ ﻳﻀﺮﺏ ﺃﺑﻨﺎﺀﻩ ﺑﻴﺪﻳﻪ، ﻭﺣﺘﻰ ﺑﻨﺎﺗﻪ، ﺑﻼ ﺭﺣﻤﺔ ﺑﺴﻴﻒ ﺧﺸﺒﻲ.,"Theo những gì bố kể, người đứng đầu gia tộc là một gã đàn ông vũ phu, từng không xót tay mà đánh con trai, và thậm chí còn đập con gái không thương tiếc bằng kiếm gỗ.","Dari cerita Ayah, kepala keluarga ini pria kasar yang memukuli anak-anaknya dengan tangan sendiri dan bahkan tidak segan memukuli putrinya dengan pedang kayu.","Babamın bana anlattığı hikayelere göre, ailenin reisi, oğullarına kendi yumruklarıyla darbeler yağdıran ve hatta kızlarını tahta bir kılıçla acımasızca döven vahşi bir adamdı."
,"If he was such a staunch traditionalist with his kids, why wasn't he the same with their names?","If he was so strict and uptight about that, why couldn't he have been a little more conservative with his kids' names? "," If he was such a hard-ass with his kids, why wasn't he the same with their names? ",そんだけの硬派さがあったら、息子たちの名前ももう少し硬派にしたらどうだよ。,そんだけの硬派さがあったら、息子たちの名前ももう少し硬派にしたらどうだよ。,"Ну, раз уж он держал своих детей в ежовых рукавицах, то что ему стоило подойти к нашим именам по‐человечески?","Se ele era tão tradicional e rígido com seus filhos, por que não também com os seus nomes?",既然为人都这么硬派了，干嘛不把儿女们的名字也取得硬派点啊。,既然為人都這麼硬派了，幹嘛不把兒女們的名字也取得硬派點啊。,"Se era così duro con i suoi bambini, perché non lo era ugualmente con i loro nomi?","Se era così tradizionalista con i suoi bambini, perché non lo è stato un po' di più anche con i loro nomi?","Si era un tipo tan duro y estricto con sus hijos, ¿por qué no hizo lo mismo con sus nombres?",ﺇﺫﺍ ﻛﺎﻥ ﺷﺪﻳﺪﺍ ﻫﻜﺬﺍ ﻣﻊ ﺃﻭﻻﺩﻩ، ﻓﻠﻤﺎ ﻟﻢ ﻳﻔﻌﻞ ﺫﻟﻚ ﻣﻊ ﺃﺳﻤﺎﺋﻬﻢ؟,"Nếu đã ""truyền thống"" đến mức đó với con cái, sao ông không để tên của tụi nó cũng ""truyền thống"" luôn đi?","Jika dia sangat tradisional dengan anak-anaknya, mengapa tidak dengan nama mereka?","Madem çocuklarına karşı bu kadar katı bir gelenekçiydi, neden onların isimleri konusunda da aynı şeyi yapmıyordu?"
,"Because of that, even us grandkids have to suffer.","Because of that, even us grandkids have had to suffer. ","Because of that, it's a pain even for us grandkids.",お陰で孫まで迷惑してるぜ。,お陰で孫まで迷惑してるぜ。,"Нам, его внукам, с ними одна морока.","Por causa disso, mesmo nós, seus netos, sofremos com isso.",托他的福就连孙子孙女们都跟着遭殃。,托他的福就連孫子孫女們都跟著遭殃。,"E dal momento che non lo era, noi nipoti dobbiamo portarne il fardello.","Per colpa sua, anche i suoi nipoti portavano questo fardello...","Por culpa de eso, es una tortura incluso para nosotros, los nietos.",ﺇﻥ ﻫﺬﺍ ﺃﻟﻢ ﺣﺘﻰ ﺑﺎﻟﻨﺴﺒﺔ ﻟﻨﺎ ﻧﺤﻦ ﺍﻷﺣﻔﺎﺩ.,"Vì thế này, thì đến cả các cháu như tụi tôi cũng phải gánh chịu cái phong cách đặt tên ấy.","Karena itu, bahkan kami cucunya harus menderita.",Bu yüzden biz torunları bile acı çekmek zorunda kalıyoruz.
,"......Well, I have absolutely no trouble believing the terrifying image they paint of him.","...Anyway, I can't say I have any trouble believing those terrifying stories about him. ","......Well, I'm not the least unsettled by his terrifying image.",……まぁそのおっそろしいイメージには違和感は寸分もない。,……まぁそのおっそろしいイメージには違和感は寸分もない。,Что касается меня... Его внушающий страх образ ничуть не выбивает меня из колеи.,"......Bem, eu não tenho absolutamente nenhum problema em acreditar na imagem assustadora dele que me contaram.",……不过这可怕的印象倒是一点都不奇怪。,……不過這可怕的印象倒是一點都不奇怪。,"... Beh, non mi sento per niente turbato dalla sua terrificante immagine.","Beh, non mi stupiva affatto questo suo ritratto terrificante.","Bueno, no estoy desconcertado en lo absoluto por su terrorífica imagen.",......ﺣﺴﻨﺎ، ﺃﻧﺎ ﻟﺴﺖ ﺍﻷﻗﻞ ﺧﻮﻓﺎ ﻣﻦ ﻣﻜﺎﻧﺘﻪ ﺍﻟﻤﺮﻋﺒﺔ.,"......Mà thôi, tôi hoàn toàn tin vào cái hình ảnh đáng sợ mà họ miêu tả về ông.","......Yah, aku sama sekali tidak sulit mempercayai gambaran menakutkan tentang dirinya.",......Onunla ilgili çizdikleri korkunç imaja inanmakta hiç zorluk çekmiyorum.
,"I don't have many memories of meeting him over the years, but I remember his face was full of menacing thunder‐clouds, always making the people around him shrink away with a sharp look.","I don't remember meeting him very often, but I think I recall him looking extremely grumpy all the time, always making people cower with that sharp gaze of his. "," I don't have many memories of meeting him over the years, but I remember Grandpa, his face always full of menacing thunder-clouds, always making his surroundings shrink away with a sharp look.",俺も何度も会った記憶はないが、非常に気難しそうな顔をした祖父さんで、いっつも鋭い眼光で周りを萎縮させていたっけ。,俺も何度も会った記憶はないが、非常に気難しそうな顔をした祖父さんで、いっつも鋭い眼光で周りを萎縮させていたっけ。,"Моя память сохранила мало воспоминаний о встречах с ним, но я помню дедово лицо, всегда таившее угрозу, как грозовая туча — молнию, а всё, что его окружало, съеживалось под его колючим взглядом.","Eu não tenho muitas memórias de ter me encontrado com ele, mas eu me lembro de seu rosto ameaçador, sempre fazendo com que as pessoas ao seu redor se afastassem, com um olhar afiado.",记忆中我没怎么见过他，只记得爷爷他摆着张非常难伺候的脸，总是以锐利的眼神让周围的人直不起腰来。,記憶中我沒怎麼見過他，只記得爺爺他擺著張非常難伺候的臉，總是以銳利的眼神讓周圍的人直不起腰來。,"Non ho ricordi di averlo incontrato in questi anni, ma ricordo il Nonno, la sua faccia sempre ricolma di nuvoloni minacciosi, che faceva atterrire sempre l'ambiente attorno a lui con uno sguardo tagliente.","Io non ricordo di averlo incontrato molte volte, ma mi sembrava che fosse un nonno estremamente scorbutico, che faceva atterrire con uno sguardo tagliente chi si trovava in sua presenza.","No tengo muchos recuerdos de haberle visto, pero recuerdo al abuelo, con su rostro siempre lleno de amenazadoras nubes de tormenta, siempre haciendo retroceder a los que le rodeaban con una mirada severa.",ﻻ ﺃﻣﻠﻚ ﺍﻟﻜﺜﻴﺮ ﻣﻦ ﺍﻟﺬﻛﺮﻳﺎﺕ ﻋﻦ ﻟﻘﺎﺀﺍﺗﻲ ﺑﻪ ﻋﻠﻰ ﻣﺮ ﺍﻟﺴﻨﻴﻦ، ﻟﻜﻨﻨﻲ ﺃﺗﺬﻛﺮ ﻭﺟﻪ ﺟﺪﻱ ﺣﻴﺚ ﻛﺎﻥ ﻋﺒﻮﺳﺎ ﻃﻮﺍﻝ ﺍﻟﻮﻗﺖ، ﻭﻳﺨﻴﻒ ﺍﻵﺧﺮﻳﻦ ﺑﻨﻈﺮﺍﺗﻪ ﺍﻟﺤﺎﺩﺓ.,"Tôi không có nhiều ký ức về những lần gặp ông suốt những năm qua, nhưng tôi nhớ khuôn mặt ông lúc nào cũng như mây đen vần vũ, chỉ một ánh mắt cũng đủ khiến mọi người xung quanh co rúm lại.","Aku tidak banyak ingat pertemuan dengannya selama ini, tapi aku ingat wajahnya selalu berawan, membuat orang di sekitarnya ciut dengan pandangannya yang tajam.","Yıllar içinde onu gördüğüme dair çok fazla anım yok, ama yüzünün tehditkâr gök gürültüsü bulutlarıyla dolu olduğunu ve etrafındaki insanların keskin bir bakışla kaçışmasına neden olduğunu hatırlıyorum."
,"I remember that the room's atmosphere got so tense whenever he was around, you couldn't even breathe.","I remember that the room's atmosphere got so tense whenever he was around, you couldn't even breathe. "," I remember that the room's atmosphere got so tense whenever he was around, you couldn't even breathe.",祖父さんがいる時の張り詰めた空気は、窒息しかねない辛いものだったことも思い出す。,祖父さんがいる時の張り詰めた空気は、窒息しかねない辛いものだったことも思い出す。,"Я помню, что воздух в комнате, где он присутствовал, так наполнялся напряжением, что было трудно дышать.","Eu lembro que a atmosfera da sala sempre ficava tensa quando ele estava por perto, mal dava para respirar.",爷爷在场时的紧张气氛，简直能令人窒息。,爺爺在場時的緊張氣氛，簡直能令人窒息。,"Ricordo che quando era nei paraggi, l'atmosfera nella stanza diventava così tesa che non si riusciva neanche a respirare.","Ricordo anche che quando c'era il nonno, l'atmosfera nella stanza diventava così opprimente, che a stento si riusciva a respirare.","Recuerdo que el ambiente de la habitación se ponía tan tenso cada vez que se acercaba, que no podías ni respirar.",ﺃﺗﺬﻛﺮ ﺑﺄﻥ ﺟﻮ ﺍﻟﻐﺮﻓﺔ ﻳﺼﺒﺢ ﻣﺘﻮﺗﺮﺍ ﻟﻠﻐﺎﻳﺔ ﻋﻨﺪﻣﺎ ﻳﻜﻮﻥ ﻓﻲ ﺍﻟﺠﻮﺍﺭ، ﻟﻢ ﻳﻜﻦ ﺑﺎﻹﻣﻜﺎﻥ ﺣﺘﻰ ﺍﻟﺘﻨﻔﺲ.,Tôi nhớ không khí trong phòng mỗi khi ông xuất hiện căng đến mức không thể thở nổi.,"Aku ingat suasana ruangan menjadi sangat tegang ketika dia ada, sampai sulit bernapas.","O etraftayken odanın atmosferinin çok gerginleştiğini, nefes bile alamadığınızı hatırlıyorum."
,What my dad said right now about me being the guest of honor now carries a little more oomph for me.,What my dad said about me being the guest of honor now carries a little more oomph for me. ," What my dad said right now about me being the guest of honor now carries a little more oomph for me.",今頃になって親父の、今回はお前が主賓という言葉が重みを持って蘇る。,今頃になって親父の、今回はお前が主賓という言葉が重みを持って蘇る。,"Пожалуй, слова моего отца о том, что я являюсь почётным гостем, обретают даже некоторую пикантность.","O que o meu pai disse sobre mim, sobre ser um convidado de honra, me deixa um pouco mais confiante.",这会子，我老爸那句今天你是主宾的话，又带着份沉重，在我的脑海中回响了起来。,這會子，我老爸那句今天你是主賓的話，又帶著份沉重，在我的腦海中回響了起來。,Ciò che ha detto mio Papà ora a proposito del fatto che io sia l'ospite d'onore mi da un po' più di forza.,"Ciò che disse papà in quel momento, a proposito di essere l'ospite d'onore, mi faceva rivivere quel peso.",Lo que mi padre dijo hace un momento de que yo era el invitado de honor ahora llevaba un poco más de peso.,ﻣﺎ ﻗﺎﻟﻪ ﻭﺍﻟﺪﻱ ﻣﻨﺬ ﻗﻠﻴﻞ ﻋﻦ ﻛﻮﻧﻲ ﺿﻴﻒ ﺍﻟﺸﺮﻑ، ﻳﺠﻌﻠﻨﻲ ﺟﺬﺍﺑﺎ ﺃﻛﺜﺮ.,"Câu nói bố vừa nhắc về việc tôi là khách mời danh dự lần này, giờ nghe lại có vẻ mang nhiều ""trọng lượng"" hơn rồi đó.",Yang dikatakan Ayah tadi tentangku sebagai tamu kehormatan sekarang terasa lebih bermakna.,Babamın şu anda benim onur konuğu olmamla ilgili söyledikleri şimdi benim için biraz daha önem taşıyor.
Ushiromiya Battler,""".........Six years ago I was in grade school, but I'm a high‐schooler now, there's no getting away from it. If I don't show him respect, things'll probably get serious. ...Ooo, scary.""",""".........Six years ago I was in elementary school, but I'm a high-schooler now. If I act up, things could get serious. ...Oooh, scary."" ",""".........Six years ago I was in grade school, but, as one would expect, I'm a high-schooler now. If I act up, things'll probably get serious. ...Ooo, scary.""",「………６年前は俺も小学生だったが、さすがに今は高校生だ。失礼のある態度なんか取ったら、大変なことになるかもしれねぇなぁ。…怖ぇ怖ぇ。」,「………６年前は俺も小学生だったが、さすがに今は高校生だ。失礼のある態度なんか取ったら、大変なことになるかもしれねぇなぁ。…怖ぇ怖ぇ」,""".........Шесть лет назад я учился в младшей школе, но теперь, естественно, учусь уже в старшей. Начни я сейчас выпендриваться и паясничать, то это может выйти мне боком. ...О‐о, просто жуть.""",""".........Seis anos atrás eu ainda estava no fundamental, mas agora eu estou no ensino médio, não há como fugir disso. Se eu não demonstrar respeito por ele, as coisas provavelmente vão acabar ficando sérias. ...Que medo.""",「………六年前我还是小学生，但毕竟现在都是高中生了。要是态度上有所失礼，说不定就麻烦大了。…好可怕好可怕。」,「………六年前我還是小學生，但畢竟現在都是高中生了。要是態度上有所失禮，說不定就麻煩大了。…好可怕好可怕。」,"""... Sei anni fa ero alle elementari, ma, come ci si aspetterebbe, sono alle superiori adesso. Se mi comporto male, le cose potrebbero farsi serie. ... Ooo, che paura.""","""...Sei anni fa ero alle elementari, ma ora effettivamente sono un liceale. Se mi comportassi male potrei finire nei guai... Oooh, che paura.""","""Hace seis años estaba en el colegio, pero como seria de esperar, ahora estoy en preparatoria. Si doy guerra, las cosas podrían ponerse serias... Oooh, qué miedo.""",""".........ﻗﺒﻞ ﺳﺖ ﺳﻨﻮﺍﺕ ﻛﻨﺖ ﻓﻲ ﺍﻟﻤﺪﺭﺳﺔ ﺍﻻﺑﺘﺪﺍﺋﻴﺔ، ﻟﻜﻦ ﻛﻤﺎ ﻫﻮ ﻣﺘﻮﻗﻊ، ﺃﻧﺎ ﺍﻵﻥ ﻓﻲ ﺍﻟﻤﺪﺭﺳﺔ ﺍﻟﺜﺎﻧﻮﻳﺔ. ﺇﺫﺍ ﻗﻤﺖ ﺑﺒﻌﺾ ﺍﻟﺘﺼﺮﻓﺎﺕ ﺍﻟﻄﺎﺋﺸﺔ، ﻓﻤﻦ ﺍﻟﻤﺤﺘﻤﻞ ﺃﻥ ﺗﺼﺒﺢ ﺍﻷﻣﻮﺭ ﺧﻄﻴﺮﺓ. ....ﺃﻭﻭﻩ... ﻣﺨﻴﻒ.""",""".........Sáu năm trước, em còn học tiểu học, còn giờ em đã là học sinh cấp ba rồi, không còn trốn tránh được nữa. Nếu không thể hiện sự kính trọng, thì chắc sẽ có chuyện lớn đây. ...Ooo, đáng sợ thật.""",""".........Enam tahun lalu aku masih SD, tapi sekarang SMA, tidak bisa dihindari. Jika tidak menunjukkan rasa hormat, mungkin akan serius. ...Ooo, menakutkan.""",""".........Altı yıl önce ilkokuldaydım ama artık bir lise öğrencisiyim, bundan kaçış yok. Eğer ona saygı göstermezsem, muhtemelen işler ciddileşecek. ...Ooo, korkutucu."""
Ushiromiya George,"""He does look frightening, but he's not completely terrifying. He's definitely never unfair. He's just not a pretty talker, that's all.""","""He does look frightening, but he's not so terrifying that you need to tense up like that. Nothing of what he says is truly unreasonable. He may be clumsy at talking, but he's a very logical person."" ","""He does look frightening, but he's not completely terrifying. He's definitely never unfair. He's just very direct and not a pretty talker, that's all.""",「確かに強面だけど、そんなに硬くなるほど怖い人じゃないよ。決して理不尽なことは言ってないもん。口下手なだけでちゃんと筋は通す人だよ。」,「確かに強面だけど、そんなに硬くなるほど怖い人じゃないよ。決して理不尽なことは言ってないもん。口下手なだけでちゃんと筋は通す人だよ」,"""Ну, не так страшен чёрт, как его малюют. Зато он справедливый. Просто он очень прямой человек и не любит много разговаривать, только и всего.""","""Ele fez parecer assustador, mas não é algo completamente aterrorizante. Ele definitivamente nunca é injusto. Ele só não é muito bom em conversar, só isso.""",「虽然爷爷看起来是很强硬，但也没有可怕到让你怕成这样啦。他是绝不会说那种蛮不讲理的话的。他是个通情达理的人，只是不会表达而已。」,「雖然爺爺看起來是很強硬，但也沒有可怕到讓你怕成這樣啦。他是絕不會說那種蠻不講理的話的。他是個通情達理的人，只是不會表達而已。」,"""In effetti sembra spaventoso, ma non è del tutto terrificante. Sicuramente non è mai ingiusto. È soltanto molto diretto, e non un grande oratore, ecco tutto.""","""Sicuramente è irruento, ma non è così severo da risultare spaventoso. Di certo non si può dire che sia ingiusto. È una persona ragionevole che semplicemente non sa esprimersi a parole.""","""Realmente tiene un aspecto atemorizante, pero no es terrorífico del todo. Sin duda, nunca actúa de forma injusta. Simplemente no es agradable al hablar, eso es todo.""","""ﻳﺒﺪﻭ ﻣﻈﻬﺮﻩ ﻣﺨﻴﻔﺎ، ﻟﻜﻨﻪ ﻟﻴﺲ ﻣﺮﻋﺒﺎ ﺗﻤﺎﻣﺎ. ﺇﻧﻪ ﺑﺎﻟﺘﺄﻛﻴﺪ ﺟﺎﺋﺮ. ﺷﺨﺺ ﺻﺮﻳﺢ ﻭﻣﺘﺤﺪﺙ ﻏﻴﺮ ﻟﺒﻖ، ﻫﺬﺍ ﻛﻞ ﻣﺎ ﻓﻲ ﺍﻷﻣﺮ.""","""Ông trông có vẻ đáng sợ đấy, nhưng thật ra cũng không hẳn đâu. Chắc chắn ông không bao giờ bất công. Chỉ là ông không giỏi ăn nói thôi.""","""Dia terlihat menyeramkan, tapi tidak sepenuhnya mengerikan. Dia tidak pernah tidak adil. Hanya tidak pandai berkata-kata manis.""","""Korkutucu görünüyor ama tamamen dehşet verici değil. Kesinlikle haksız değil. Sadece hoş bir konuşmacı değil, hepsi bu."""
Ushiromiya Jessica,"""But George nii‐san, you've been the family darling since like forever because of your awesome grades, right? Grandfather treats us completely different!""","""But George nii-san, you've been the family darling since like forever because of your awesome grades, right? Grandfather treats us completely different! ","""But George nii-san, you've been the family darling since like forever because of your awesome grades, right? Grandfather treats us completely different!",「譲治兄さんは昔から成績優秀で一族の鑑じゃねぇかよ。私たちとじゃ祖父さまの待遇が全然違うぜ！,「譲治兄さんは昔から成績優秀で一族の鑑じゃねぇかよ。私たちとじゃ祖父さまの待遇が全然違うぜ！」,"""Но ты же, Джордж нии‐сан, всегда был любимцем семьи из‐за своих высоких оценок, разве не так? Дедушка относится к нам совершенно по‐разному!""","""Mas, George nii‐san, você sempre foi o queridinho da família por causa das suas ótimas notas, certo? O vovô nos trata de forma completamente diferente!""",「让治哥从以前开始就一直成绩优秀，简直就是我们家的榜样好吧。和我们一比，爷爷给的待遇就完全不同嘞！」,「讓治哥從以前開始就一直成績優秀，簡直就是我們家的榜樣好吧。和我們一比，爺爺給的待遇就完全不同嘞！」,"""Ma George nii-san, tu sei stato il cocco della famiglia tipo da sempre per i tuoi ottimi voti, no? Il Nonno ci tratta in maniera completamente diversa!","""Ma cugino George, tu sei sempre stato il cocco della famiglia per via dei tuoi ottimi voti. Noi veniamo trattati dal nonno in maniera completamente diversa!""","""Pero... George nii‐san, siempre has sido el favorito de la familia debido a tus increíbles notas, ¿verdad? ¡A nosotros, el abuelo nos trata de una manera completamente distinta!""","""ﻟﻜﻦ ﻳﺎ ﺃﺧﻲ ﺟﻮﺭﺝ، ﻛﻨﺖ ﻣﺤﺒﻮﺏ ﺍﻟﻌﺎﺋﻠﺔ ﻣﻨﺬ ﺍﻷﻣﺪ ﺑﺴﺒﺐ ﺩﺭﺟﺎﺗﻚ ﺍﻟﻤﺪﻫﺸﺔ، ﺻﺤﻴﺢ؟ ﺟﺪﻧﺎ ﻳﻌﺎﻣﻠﻨﺎ ﺑﺸﻜﻞ ﻣﺨﺘﻠﻒ ﺗﻤﺎﻣﺎ!""","""Nhưng anh George à, anh là cháu cưng trong nhà từ xưa đến giờ nhờ học giỏi mà đúng không? Ông nội đối xử với tụi em khác hẳn nha!""","""Tapi George nii-san, kamu sudah menjadi kesayangan keluarga sejak dulu karena nilai-nilaimu yang bagus, kan? Kakek memperlakukan kita sangat berbeda!""","""Ama George nii-san, harika ders notların sayesinde ezelden beri ailenin sevgilisisin, değil mi? Büyükbabam bize tamamen farklı davranıyor!"""
Ushiromiya Jessica,"""Like me, I've gotten slapped with a wooden sword. On my ass, my ass! On my maidenly naked ass!""","I've even gotten slapped with a wooden sword. On my ass, my ass! On my maidenly, innocent ass!"" "," Like me, I've gotten slapped with a wooden sword. On my ass, my ass! On my maidenly, innocent ass!""",私なんか木刀で引っ叩かれたことあるしよー。尻だぜ尻！　それも乙女の生尻をよー！」,「私なんか木刀で引っ叩かれたことあるしよー。尻だぜ尻！　それも乙女の生尻をよー！」,"""Вот взять меня. Мне попадало деревянным мечом. Прямо по попе, по попе! Ах, мой бедный женственный зад!""","""Como eu, que sempre apanhei com a espada de madeira. Na minha bunda, na minha bunda! Na minha virgem e inocente bundinha!""",「我可是曾经被爷爷用木刀狠狠打过嘞。是打屁股嘞打屁股！而且是打青春少女光溜溜的屁股！」,「我可是曾經被爺爺用木刀狠狠打過嘞。是打屁股嘞打屁股！而且是打青春少女光溜溜的屁股！」,"Per esempio io, io sono stata sculacciata con una spada di legno. Sul mio sedere, il mio sedere! Sul mio innocente sedere di fanciulla!""","""Ad esempio, io sono stata sculacciata con una spada di legno. Il mio sederino! Il mio candido sederino di fanciulla!""","""Como yo, he sido azotada con una espada de madera. ¡En mi trasero, mi trasero! ¡En mi femenino e inocente trasero!""","""ﻣﺜﻞ ﺣﺎﻟﻲ، ﻓﻘﺪ ﺗﻢ ﺿﺮﺑﻲ ﺑﺴﻴﻒ ﺧﺸﺒﻲ. ﻋﻠﻰ ﻣﺆﺧﺮﺗﻲ، ﻣﺆﺧﺮﺗﻲ! ﻋﻠﻰ ﻣﺆﺧﺮﺗﻲ ﺍﻟﻌﺬﺭﺍﺀ ﻭﺍﻟﻄﺎﻫﺮﺓ!""","""Như em nè, từng bị đánh kiếm gỗ. Đánh vào mông, đánh vào mông em luôn đó! Đánh vào cái mông trần trinh nguyên của em đó!""","""Sepertiku, aku pernah dipukul dengan pedang kayu. Di pantatku, pantatku! Di pantat perawan telanjangku!""","""Benim gibi, ben de tahta kılıçla tokat yedim. Kıçıma, kıçıma! Çıplak kıçıma!"""
Ushiromiya George,"""Well, you're the heiress of the head house, Jessica‐chan. Grandfather is giving you special attention. You have to realize that his strictness shows how much he's expecting of you.""","""Well, you're the heiress of the Head Family, Jessica-chan. Grandfather is giving you special attention. You've got to realize that his strictness reflects his high hopes for you."" ","""Well, you're the heiress of the head house, Jessica-chan. Grandfather is giving you special attention. You have to realize that his strictness shows how much he's expecting of you.""",「朱志香ちゃんは本家の跡取り娘だもん。お祖父さまも特に目をかけてくれてるんだよ。その厳しさは期待の気持ちの裏返しだと思わなくちゃ。」,「朱志香ちゃんは本家の跡取り娘だもん。お祖父さまも特に目をかけてくれてるんだよ。その厳しさは期待の気持ちの裏返しだと思わなくちゃ」,"""Ну, ты ведь, как‐никак, наследница главного дома, Джессика‐чан. Вот дедушка и уделяет тебе особое внимание. Ты должна понимать, что его строгость показывает, сколь многого он от тебя ожидает.""","""Bem, você é a herdeira da casa, Jessica‐chan. Por isso o vovô te dá uma atenção especial. Você precisa entender que ele é ríspido assim porque ele espera muito de você.""",「朱志香毕竟是本家的继承人嘛。所以爷爷他也是特别关照你啦。你得想，这份严厉正代表着他对你的期待呀。」,「朱志香畢竟是本家的繼承人嘛。所以爺爺他也是特別關照你啦。你得想，這份嚴厲正代表著他對你的期待呀。」,"""Beh, tu sei l'erede del capofamiglia, Jessica-chan. Il Nonno ti sta dando attenzioni speciali. Non penso che quella severità sia più di quanto ci si aspetti.""","""Jessica-chan, dopotutto tu sei la figlia erede del ramo principale della famiglia.{n}Il nonno ha un occhio di riguardo per te. Considera la sua severità come un riflesso delle sue alte aspettative.""","""Bueno, eres la heredera de la familia Ushiromiya, Jessica‐chan. El abuelo te está dando un trato especial. Tienes que darte cuenta de que lo estricto que es muestra qué tanto está esperando de ti.""","""ﺣﺴﻨﺎ، ﺃﻧﺖ ﻭﺭﻳﺜﺔ ﺍﻟﻌﺎﺋﻠﺔ ﻳﺎ ﺟﻴﺴﻴﻜﺎ-ﺗﺸﺎﻥ. ﺇﻥ ﺟﺪﻱ ﻳﻮﻟﻴﻚ ﺍﻫﺘﻤﺎﻣﺎ ﺧﺎﺻﺎ. ﻋﻠﻴﻚ ﺃﻥ ﺗﺪﺭﻛﻲ ﺃﻥ ﺻﺮﺍﻣﺘﻪ ﺗﻈﻬﺮ ﻣﺪﻯ ﻣﺎ ﻳﺘﻮﻗﻌﻪ ﻣﻨﻚ.""","""À thì, em là người thừa kế của nhà chính mà, Jessica. Ông nội chỉ đang chăm sóc em đặc biệt thôi. Phải hiểu là sự nghiêm khắc của ông thể hiện kỳ vọng rất lớn dành cho em.""","""Yah, kamu adalah putri pewaris rumah kepala, Jessica-chan. Kakek memberimu perhatian khusus. Kamu harus sadar kekerasannya menunjukkan seberapa besar harapannya padamu.""","""Sen baş evin varisisin, Jessica-chan. Büyükbaba sana özel ilgi gösteriyor. Bu kadar katı olmasının senden ne kadar çok şey beklediğini gösterdiğini anlamalısın."""
Ushiromiya Jessica,"""Oh, come on. ...Seriously, I could just turn the succession over to you, George nii‐san. It's a bit of a heavy burden for me to carry.""","""Oh, come on. ...Seriously, I could just turn the succession over to you, George nii-san. It's a bit of a heavy burden for me to carry."" ","""Oh, come on.  ...Seriously, I could just turn the succession over to you, George nii-san. It's a bit of a heavy burden for me to carry.""",「冗談じゃねぇぜ。…その跡取りってヤツは譲治兄さんに譲るよ。私が担ぐにはちょいとしんどいぜ。」,「冗談じゃねぇぜ。…その跡取りってヤツは譲治兄さんに譲るよ。私が担ぐにはちょいとしんどいぜ」,"""Ой, да ладно. ...Нет, право слово, я бы передала наследование тебе, Джордж нии‐сан. Эта ноша малость тяжеловата для меня.""","""Você só pode estar brincando. ...Sério, eu poderia apenas passar a sucessão para você, George nii‐san. É um fardo muito pesado para eu carregar.""",「开什么玩笑？…这叫什么继承人的东西我宁愿让给让治哥。我已经有点扛累嘞。」,「開什麼玩笑？…這叫什麼繼承人的東西我寧願讓給讓治哥。我已經有點扛累嘞。」,"""Oh, per favore. ... Seriamente, potrei lasciare la successione a te, George nii-san. È un fardello piuttosto pesante per me da portare.""","""Ma chi prendi in giro... Ti cederei volentieri il titolo di erede, cugino George.{n}È un fardello piuttosto pesante da sopportare.""","""Oh, vamos... En serio, por mí, podría simplemente pasarte la sucesión a ti, George nii‐san. Es una carga un poco pesada para que yo la lleve.""","""ﺃﻭﻩ، ﺑﺤﻘﻚ. ...ﺻﺪﻗﺎ، ﻳﻤﻜﻨﻨﻲ ﻓﻘﻂ ﺗﺴﻠﻴﻢ ﺍﻹﺭﺙ ﻟﻚ ﻳﺎ ﺃﺧﻲ ﺟﻮﺭﺝ. ﺇﻧﻪ ﻋﺐﺀ ﺛﻘﻴﻞ ﺑﻌﺾ ﺍﻟﺸﻲﺀ ﺣﺘﻰ ﺃﺣﻤﻠﻪ.""","""Ôi trời ơi. ...Thật lòng ấy, em muốn giao lại quyền thừa kế cho anh luôn đó, anh George à. Cái gánh nặng này thì quá sức với em rồi.""","""Ah, yang benar saja. ...Serius, aku bisa menyerahkan suksesi padamu, George nii-san. Ini beban yang agak berat untukku.""","""Oh, hadi ama. ...Cidden, görevi sana devredebilirim, George nii-san. Bu benim için biraz ağır bir yük."""
,"I think I already said it before, but Jessica is the daughter who will inherit the head house.{n}The pressure on her shoulders must be different from us cousins of the branch families.","I think I already said it before, but Jessica's the girl heir to the Head Family. We're only cousins in branch families, so she probably feels a totally different sort of pressure than we do. ","I think I already said it before, but Jessica was the daughter who would inherit the head house. As cousins of a branch of the family, the pressure on our shoulders was probably different.",すでに紹介したと思うが、朱志香は本家の跡取り娘だ。俺たち分家筋のいとことじゃ、肩に圧し掛かるプレッシャーも違うだろう。,すでに紹介したと思うが、朱志香は本家の跡取り娘だ。{n}俺たち分家筋のいとことじゃ、肩に圧し掛かるプレッシャーも違うだろう。,"Кажется, я уже говорил, но Джессика является дочерью, которая унаследует главный дом.{n}Давление на нас, как на кузенов других ветвей семейства, наверняка отличалось от давления на неё.","Acho que eu já disse isso, mas a Jessica é filha daquele que vai herdar o título de chefe da família.{n}A pressão em seus ombros deve ser muito diferente da dos seus primos e o resto da família.",我之前应该也已经介绍过了，朱志香是本家的继承人。{n}和我们这些分家的堂兄妹相比，压在她肩上的压力想必也要重得多吧。,我之前應該也已經介紹過了，朱志香是本家的繼承人。{n}和我們這些分家的堂兄妹相比，壓在她肩上的壓力想必也要重得多吧。,"Penso di averlo già detto prima, ma Jessica era la figlia che avrebbe ereditato la villa. Come cugini di un ramo della famiglia, il peso che gravava sulle nostre spalle era probabilmente diverso.","Mi pare di averla già introdotta, ma Jessica era la figlia erede del ramo principale della famiglia. Come cugini appartenenti a rami cadetti, le pressioni che sopportiamo saranno diverse.","Creo que ya lo había dicho antes, pero Jessica era la hija del que heredaría la casa principal.{n}Como primos en una rama de la familia, la presión que recibíamos era probablemente diferente.",ﺃﻋﺘﻘﺪ ﺑﺄﻧﻨﻲ ﻗﺪ ﻗﻠﺖ ﻫﺬﺍ ﻗﺒﻼ، ﻭﻟﻜﻦ ﺟﻴﺴﻴﻜﺎ ﻫﻲ ﺍﻻﺑﻨﺔ ﺍﻟﺘﻲ ﺳﺘﺮﺙ ﻣﻨﺰﻝ ﺃﻭﺷﻴﺮﻭﻣﻴﺎ.{n}ﻛﺄﺑﻨﺎﺀ ﻋﻢ ﻟﻔﺮﻉ ﻣﻦ ﺍﻟﻌﺎﺋﻠﺔ، ﻓﺈﻥ ﺍﻟﺤﻤﻞ ﻋﻠﻰ ﺃﻛﺘﺎﻓﻨﺎ ﻗﺪ ﻳﺨﺘﻠﻒ.,"Tôi nghĩ mình đã nói rồi, nhưng mà Jessica là con gái của người con trai cả, đồng nghĩa với việc chị ấy phải mang trọng trách thừa kế nhà chính.{n}Áp lực trên vai chị ấy chắc chắn khác hoàn toàn với tụi tôi – những đứa con của những người con thứ.","Kurasa sudah kukatakan sebelumnya, tapi Jessica adalah putri yang akan mewarisi rumah kepala.{n}Tekanan di pundaknya pasti berbeda dengan kami para sepupu dari keluarga cabang.",Sanırım bunu daha önce de söyledim ama Jessica evin varisi olacak kız.{n}Omuzlarındaki baskı biz şube ailelerindeki kuzenlerden farklı olmalı.
Ushiromiya Maria,""".........Uu? Jessica onee‐chan, heavy? If I hold it, will it get lighter?""",""".........Uu-? Jessica onee-chan, is that heavy? If I help hold it, will it get lighter?"" ",""".........Uu-? Jessica onee-chan, heavy? If Maria holds it, will it get lighter?""",「………うー？　朱志香お姉ちゃんが重い？　真里亞が持ったら軽くなる？」,「………うー？　朱志香お姉ちゃんが重い？　真里亞が持ったら軽くなる？」,""".........У‐у? Тяжеловата, Джессика онээ‐чан? Если Мария её поддержит, она станет легче?""",""".........Uu? Jessica onee‐chan, pesado? Se a Maria ajudar a segurar, vai ficar mais leve?""",「………呜——？朱志香姐姐太重？真里亚帮忙拿的话会不会轻点？」,「………嗚——？朱志香姐姐太重？真里亞幫忙拿的話會不會輕點？」,"""... Uu-? Jessica Onee-chan, pesante? Se Maria lo tiene, diventerà più leggero?""","""...Uuh? Cugina Jessica, è pesante? Sarebbe più leggero se lo tenesse Maria?""","""¿Uu? ¿Jessica onee‐chan, pesada? ¿Si María la sujeta, se hará más ligera?""","""...............ﺃﻭﻭ-؟ ﺃﺧﺘﻲ ﺟﻴﺴﻴﻜﺎ، ﻣﺜﻘﻠﺔ؟ ﺇﺫﺍ ﻗﺎﻣﺖ ﻣﺎﺭﻳﺎ ﺑﺤﻤﻠﻪ ﻋﻨﻚ، ﻫﻞ ﺳﻴﺼﺒﺢ ﺃﺧﻒ؟""",""".........Uu? Chị Jessica ơi, nặng lắm à? Nếu em cầm giúp, nó sẽ nhẹ hơn không?""",""".........Uu? Jessica onee-chan, berat? Jika aku pegang, apakah akan lebih ringan?""",""".........Uu? Jessica onee-chan, ağır mı? Tutarsam hafifler mi?"""
Ushiromiya Jessica,"""Hm? Ahahahaha, thanks. It's alright, it's not gonna get pushed on you, Maria‐chan.""","""Hmm? Ahahahaha, thanks. It's okay, I'm not gonna push it on you, Maria. ","""Hm? Ahahahaha, thanks. It's alright, it's not gonna get pushed on you, Maria. ",「んー？　あっはははは、サンキューな。大丈夫、真里亞ちゃんには押し付けねぇよ。,「んー？　あっはははは、サンキューな。大丈夫、真里亞ちゃんには押し付けねぇよ」,"""Хм? Аха‐ха‐ха‐ха, спасибо. Всё в порядке, Мария, я не собираюсь перекладывать её на тебя.""","""Hm? Ahahahaha, valeu. Tudo bem, isso não vai ser jogado em cima de você, Maria‐chan.""",「嗯？啊哈哈哈哈，谢谢嘞。没事的，我才不会强加给小真里亚嘞。」,「嗯？啊哈哈哈哈，謝謝嘞。沒事的，我才不會強加給小真里亞嘞。」,"""Hm? Ahahahaha, grazie. È tutto a posto, non sarà appioppato a te, Maria-chan.","""Mmh? Ahahahahah, grazie. Stai tranquilla, non ho intenzione di addossarlo a te, Maria-chan...""","""¿Mm? Ajajajaja, gracias. Está bien, no va a afectarte a ti, María.""","""ﻫﻤﻢ؟ ﺍﻫﺎﻫﺎﻫﺎ، ﺃﺷﻜﺮﻙ. ﻻ ﺑﺄﺱ، ﻟﻦ ﻳﺘﻢ ﺍﻟﻀﻐﻂ ﻋﻠﻴﻚ ﻳﺎ ﻣﺎﺭﻳﺎ.""","""Hm? Ahahahaha, cảm ơn nha. Không sao đâu, chị không để em phải chịu nó đâu, bé Maria.""","""Hm? Ahahahaha, terima kasih. Tidak apa-apa, ini tidak akan dibebankan padamu, Maria-chan.""","""Hm? Ahahahaha, teşekkürler. Sorun değil, sana paslamayacağım, Maria-chan."""
Ushiromiya Jessica,"""......I'm gonna bear that cross until my grave. ...Don't worry.""","......I'm gonna bear this cross until my grave. ...Don't worry."" ","......I'm gonna bear that cross until my grave. ...Don't worry.""",……この十字架は、私が墓まで背負ってくよ。…安心しなって。」,「……この十字架は、私が墓まで背負ってくよ。…安心しなって」,"""......Я буду нести этот крест до самой смерти. Не переживай.""","""......Eu vou aguentar isso até o túmulo. ...Não se preocupe.""",「……这座十字架，我会一直背进坟墓的。…放心吧。」,「……這座十字架，我會一直背進墳墓的。…放心吧。」,"... Dovrò portarmi questa croce fino alla tomba. ... Tranquilla.""","""Porterò questa croce fino alla tomba... Non preoccuparti.""","""Voy a cargar con esa cruz hasta mi tumba... No te preocupes.""","""......ﺳﺄﺣﻤﻞ ﻫﺬﺍ ﺍﻹﺭﺙ ﺣﺘﻰ ﻓﻲ ﻗﺒﺮﻱ. ......ﻓﻼ ﺗﻘﻠﻘﻲ.""","""......Chị phải tự mang nó cho đến lúc xuống mồ thôi. ...Đừng lo nhé.""","""......Aku akan memikul salib ini sampai mati. ...Jangan khawatir.""","""......Bu haçı mezara kadar taşıyacağım. ...Merak etme."""
,"While grateful for Maria's innocent consideration, it seemed that Jessica could not easily rid herself of the anxiety for the future that remained visible on her face.","She was grateful for Maria's innocent concern, but Jessica's face still seemed to contain some of the uneasiness she felt towards the future. ","She was grateful for Maria's innocent consideration, but it seemed that anxiety for the future she couldn't clear away remained on Jessica's face. ",真里亞の無邪気な気遣いに感謝するが、朱志香の表情には容易には晴らせぬ将来への不安が残っているようだった。,真里亞の無邪気な気遣いに感謝するが、朱志香の表情には容易には晴らせぬ将来への不安が残っているようだった。,"Она была благодарна Марии за проявленную ею невинную заботу, но тревога, порождённая мыслями о будущем, которого ей было не избежать, не сходила с её лица.","Apesar de grata pela inocente consideração da Maria, parece que a Jessica não conseguiria se livrar tão facilmente da ansiedade que estava visível em seu rosto, devido ao seu futuro.",虽然对真里亚天真的担心表示了感谢，但是朱志香脸上似乎还残存着一份对未来的不安，难以抹去。,雖然對真里亞天真的擔心表示了感謝，但是朱志香臉上似乎還殘存著一份對未來的不安，難以抹去。,"Era riconoscente per l'innocente premura di Maria, ma sembrava che l'ansia per il futuro che non era riuscita a cancellare rimanesse sul volto di Jessica.","Jessica era riconoscente per la considerazione ingenua di Maria, ma nell'espressione di Jessica permaneva un'ansia per il futuro che difficilmente sarebbe svanita...","Ella estaba agradecida con la inocente amabilidad de María, pero parecía que la ansiedad por el futuro que no podía borrar seguía presente en su rostro.",ﻛﺎﻧﺖ ﻣﻤﺘﻨﺔ ﻟﻤﺮﺍﻋﺎﺓ ﻣﺎﺭﻳﺎ ﺍﻟﺒﺮﻳﺌﺔ، ﻟﻜﻦ ﺍﻟﻘﻠﻖ ﻣﻦ ﺍﻟﻤﺴﺘﻘﺒﻞ ﺍﻟﺬﻱ ﻳﺸﻐﻞ ﺑﺎﻟﻬﺎ ﻇﻞ ﻣﺮﺳﻮﻣﺎ ﻋﻠﻰ ﻭﺟﻪ ﺟﻴﺴﻴﻜﺎ.,"Dù trân trọng sự quan tâm ngây thơ của Maria, Jessica dường như không thể xua tan nỗi lo âu về tương lai vẫn hiện rõ trên gương mặt.","Sambil berterima kasih pada kepolosan Maria, Jessica tidak bisa dengan mudah menghilangkan kecemasan akan masa depan yang masih terlihat di wajahnya.",Maria'nın masum düşüncesi için minnettar olsa da Jessica'nın yüzünde beliren gelecek kaygısından kolay kolay kurtulamayacağı anlaşılıyordu.
,...I guess I'm no different. Any high‐schooler with exams looming ahead is bound to have an anxiety for the future that they can't hide.,...Maybe we were in the same boat. Any high-schooler with exams approaching would have trouble hiding their anxiety for the future. ,"...Were we the same? If it was a high-schooler near an examination, nobody'd be able to hide their anxiety for the future.",…お互い様か。受験を控えた高校生なら、誰だって将来への不安は隠せねぇさ。,…お互い様か。受験を控えた高校生なら、誰だって将来への不安は隠せねぇさ。,"...Бывало ли подобное и с нами? Будь это ученик из высшей школы в преддверии выпускных экзаменов, тут любой бы стал волноваться о своём будущем.",...Acho que eu também não sou diferente. Qualquer estudante que tenha vestibulares pela frente não consegue esconder a ansiedade pelo futuro.,…我们俩也是彼此彼此啊。对于临近高考的高中生来说，谁都无法掩饰自己对将来的不安吧。,…我們倆也是彼此彼此啊。對於臨近高考的高中生來說，誰都無法掩飾自己對將來的不安吧。,"... Eravamo uguali? Per uno studente delle superiori vicino a un esame, nessuno sarebbe capace di nascondere la propria ansia per il futuro.","Eravamo sulla stessa barca? All'avvicinarsi degli esami, qualsiasi studente delle superiori non riuscirebbe a nascondere la propria ansia per il futuro.",¿Acaso no éramos iguales? Ningún estudiante que tuviera cerca un examen podría esconder su ansiedad por el futuro.,......ﺃﻟﺴﻨﺎ ﺟﻤﻴﻌﺎ ﻧﺸﻌﺮ ﺑﺬﻟﻚ؟ ﻛﻤﺎ ﻟﻮ ﻛﻨﺖ ﻓﻲ ﻣﺪﺭﺳﺔ ﺛﺎﻧﻮﻳﺔ ﻭﻋﻠﻰ ﻣﻘﺮﺑﺔ ﻣﻦ ﺍﻻﻣﺘﺤﺎﻧﺎﺕ، ﻟﻦ ﻳﺘﻤﻜﻦ ﺃﺣﺪ ﻣﻦ ﺇﺧﻔﺎﺀ ﻗﻠﻘﻪ ﻣﻦ ﺍﻟﻤﺴﺘﻘﺒﻞ.,"...Tôi thì chắc cũng chẳng khác gì.Học sinh cấp ba nào mà không có những bài kiểm tra chờ phía trước chứ, và chúng đều đi liền với những nỗi bất an khó giấu nổi về tương lai.",...Kurasa aku tidak berbeda. Setiap siswa SMA yang menghadapi ujian pasti memiliki kecemasan akan masa depan yang tidak bisa disembunyikan.,...Sanırım ben de farklı değilim. Önünde sınavlar olan her lise öğrencisinin saklayamadığı bir gelecek kaygısı olması kaçınılmazdır.
Ushiromiya Rosa,"""Maria, come here. You'll be in this room with Mom.""","""Maria, come here. You and I will be in this room."" ","""Maria, come here. Mom and Maria will be in this room.""",「真里亞、いらっしゃい。お母さんと真里亞はこの部屋よ。」,「真里亞、いらっしゃい。お母さんと真里亞はこの部屋よ」,"""Мария, подойди сюда. Ты с мамой будешь в этой комнате.""","""Maria, venha cá. Você vai ficar nesse quarto comigo.""",「真里亚，来来来。你和妈妈住在这个房间哟。」,「真里亞，來來來。你和媽媽住在這個房間喲。」,"""Maria, vieni qui. Mamma e Maria staranno in questa stanza.""","""Vieni qui, Maria. La mamma e Maria staranno in questa stanza.""","""María, ven aquí. Tú y mamá estarán en esta habitación.""","""ﺗﻌﺎﻟﻲ ﻫﻨﺎ ﻳﺎ ﻣﺎﺭﻳﺎ. ﺳﺘﻜﻮﻥ ﻫﺬﻩ ﻏﺮﻓﺔ ﻣﺎﻣﺎ ﻭﻣﺎﺭﻳﺎ.""","""Maria, lại đây nào. Con sẽ ở phòng này với mẹ nhé.""","""Maria, kemari. Kamu akan di kamar ini dengan Ibu.""","""Maria, buraya gel. Sen ve ben bu odada olacağız."""
Ushiromiya George,"""Battler‐kun, apparently you are with me in this room here.""","""Battler-kun, I heard you're gonna be with me in this room here."" ","""Battler-kun, you will be with me in this room here.""",「戦人くんは僕と一緒にこっちの部屋だってさ。」,「戦人くんは僕と一緒にこっちの部屋だってさ」,"""Баттлер‐кун, мы с тобой будем в этой комнате.""","""Battler‐kun, aparentemente você vai ficar comigo nesse quarto.""",「战人君和我一起，我们是这间。」,「戰人君和我一起，我們是這間。」,"""Battler-kun, tu starai con me in questa camera qui.""","""Battler-kun, io e te staremo in questa stanza.""","""Battler‐kun, tú y yo nos hospedaremos en esta habitación.""","""ﺑﺎﺗﻠﺮ-ﻛﻦ، ﺳﺘﻜﻮﻥ ﻣﻌﻲ ﻓﻲ ﻫﺬﻩ ﺍﻟﻐﺮﻓﺔ.""","""Battler à, có vẻ như em sẽ ở phòng này với anh đấy.""","""Battler-kun, tampaknya kamu sekamar denganku di sini.""","""Battler-kun, görünüşe göre sen de benimle bu odadasın."""
Ushiromiya Battler,"""Oh? This i~s a surprise! It's bigger than our parents' room, wo~w!""","""Oh? Now there's a surprise! It's bigger than our parents' rooms, dang!"" ","""Oh? This is a surprise! It's bigger than our parents' room, wo~w!""",「おー？　何々、こりゃあ驚いたぁ〜！　親たちの部屋より広めじゃないのよ、わ〜オ！」,「おー？　何々、こりゃあ驚いたぁ〜！　親たちの部屋より広めじゃないのよ、わ〜オ！」,"""О? Вот так сюрприз! Да она больше, чем комната наших родителей! Офигеть!""","""Oh? Isso é surpreendente! É maior que o quarto dos nossos pais, wo~w!""",「哦——？怎么回事怎么回事？这可真没想到啊～！比老爸他们的房间还要大嘛，哇～哦！」,「哦——？怎麼回事怎麼回事？這可真沒想到啊～！比老爸他們的房間還要大嘛，哇～哦！」,"""Oh? Questa è una sorpresa! È più grande di quella dei nostri parenti, wo~w!""","""Oh? Cavolo, che gran sorpresa! Wow, è più grande di quella dei nostri genitori!""","""¿Oh? ¡Impresionante~! ¡Es más grande que la habitación de nuestros padres, wooow!""","""ﺃﻭﻩ؟ ﻫﺬﺍ ﻣﺬﻫﻞ!  ﺃﻛﺒﺮ ﻣﻦ ﻏﺮﻓﺔ ﺁﺑﺎﺋﻨﺎ، ﻭﺍ~~ﻭ!""","""Oh? Bất ngờ ghê! Phòng này còn to hơn phòng của bố mẹ tụi mình nữa, wo~w!""","""Oh? Ini mengejutu~kan! Lebih besar dari kamar orang tua, wa~h!""","""Oh? Bu b~ir sürpriz! Ailemizin odasından daha büyük, wo~w!"""
Ushiromiya Jessica,"""I figured us cousins are probably all going to gather in one place anyway. So I went and told them to make it a biggish room.""","""Well, I figured we cousins would all want to hang out together, so I told them to get a bigger room ready."" ","""Anyway, being cousins, I think we'll gather together. I went and told them in order to get a bigger room.""",「どうせ、いとこ同士で集まるだろうと思ってよ。大きめの部屋にするように言っておいたんだ。」,「どうせ、いとこ同士で集まるだろうと思ってよ。大きめの部屋にするように言っておいたんだ」,"""Поскольку мы — двоюродные братья и сёстры, то полагаю, мы будем собираться в одну компанию. Поэтому я попросила предоставить комнату побольше.""","""Por sermos primos, eu pensei que deveríamos ficar juntos. Por isso eu pedi para fazerem um quarto bem grande.""",「我觉得反正堂兄妹们总是会聚在一起，所以就吩咐他们预留了个大房间嘞。」,「我覺得反正堂兄妹們總是會聚在一起，所以就吩咐他們預留了個大房間嘞。」,"""Tuttavia, essendo cugini, credo che staremo insieme. Sono andata a dire di prepararci una stanza più grande.""","""Sapete, ho pensato che tra cugini si dovrebbe stare insieme, quindi ho chiesto di prepararci una stanza più grande.""","""Y es que, siendo primos, supongo que nos reuniremos por aquí. Por eso les pedí una habitación un poco más grande.""","""ﺑﺄﻳﺔ ﺣﺎﻝ، ﻛﻮﻧﻨﺎ ﺃﺑﻨﺎﺀ ﻋﻤﻮﻣﺔ، ﻓﺈﻧﻨﺎ ﺳﻨﺠﺘﻤﻊ ﺳﻮﻳﺎ. ﻟﺬﺍ ﺫﻫﺒﺖ ﻭﻃﻠﺒﺖ ﻣﻨﻬﻢ ﺍﻟﺤﺼﻮﻝ ﻋﻠﻰ ﺃﻛﺒﺮ ﻏﺮﻓﺔ.""","""Chị đoán là tụi mình đã là anh em họ với nhau thì chắc sẽ tụ tập chung một chỗ thôi. Nên là chị đã bảo họ làm ra một cái phòng to đùng như thế này luôn.""","""Kurasa kita para sepupu akan berkumpul di satu tempat juga. Jadi aku minta dibuatkan kamar yang agak besar.""","""Kuzenler olarak zaten hepimiz bir yerde toplanacağız diye düşündüm. Bu yüzden gidip onlara büyük bir oda hazırlamalarını söyledim."""
Ushiromiya Maria,"""Uu! I like here best too! Here is better than being together with Mama! Uu‐uu!""","""Uu-! I like it here more too! I'd rather be here than with Mama! Uu-uu-!"" ","""Uu-! Maria likes here best too! Here is better than being together with Mom! Uu-uu-!""",「うー！　真里亞もこっちがいい！　お母さんと一緒よりこっちがいい！　うーうー！」,「うー！　真里亞もこっちがいい！　ママと一緒よりこっちがいい！　うーうー！」,"""У‐у! Марии здесь тоже нравится больше всего! Здесь лучше, чем в комнате с мамой!!! У‐у, у‐у!""","""Uu! A Maria também gostou daqui! Aqui é melhor do que ficar com a mamãe! Uu‐uu!""",「呜——！真里亚也觉得这里好！比起和妈妈一起住，还是这里好！呜——呜——！」,「嗚——！真里亞也覺得這裡好！比起和媽媽一起住，還是這裡好！嗚——嗚——！」,"""Uu-! Anche a Maria piace di più qui!! Qui è meglio che stare con Mamma! {n}Uu-uu-!""","""Uuh! Anche a Maria piace di più questa!! Qui è meglio che stare con mamma! Uuh, uuh!""","""¡Uu! ¡A María también le gusta este lugar! ¡Aquí es mejor que estar con mamá! ¡Uu‐uu!""","""ﺃﻭﻭ-! ﻣﺎﺭﻳﺎ ﺗﻔﻀﻞ ﺃﻥ ﺗﻜﻮﻥ ﻫﻨﺎ ﺃﻳﻀﺎ! ﻫﻨﺎ ﺃﻓﻀﻞ ﻣﻦ ﺃﻥ ﺃﻛﻮﻥ ﻣﻊ ﻣﺎﻣﺎ! ﺃﻭﻭ-ﺃﻭﻭ-!""","""Uu! Em cũng thích ở đây nhất! Ở đây thích hơn là ở cùng với Mama! Uu‐uu!""","""Uu! Aku juga paling suka di sini! Di sini lebih baik daripada bersama Mama! Uu-uu!""","""Uu! Maria da burayı istiyor! Burası annemle birlikte olmaktan daha iyi! Uu-uu!"""
Ushiromiya Battler,"""Okay, you like it here better too, Maria! Alright, this room is George's and mine, but we'll give you special permission to come in! Keep it a secret from your mom, alright?""","""Oh, you like it better here too, Maria?! Okay, this room is George's and mine, but we'll give you special permission to come in! Better keep it a secret from your mom, okay?"" ","""Okay, you like it here better too, Maria! Alright, this room is George's and mine, but we'll specially allow you to come in and out! Keep it a secret from your mom, right?""",「そうか、真里亞もこっちがいいか！　よし、ここは俺と譲治兄貴の部屋だが、特別に出入りを許可してやろう！　お母さんにはナイショだぞ〜？」,「そうか、真里亞もこっちがいいか！　よし、ここは俺と譲治兄貴の部屋だが、特別に出入りを許可してやろう！　お母さんにはナイショだぞ〜？」,"""Ладно, я смотрю, тебе тоже здесь нравится больше, Мария! Тогда, хоть эту комнату и выделили нам с Джорджем, мы даём тебе особое разрешение входить и выходить из неё! Только маме, чур, молчок, договорились?""","""É mesmo, seria melhor se você também ficasse aqui, Maria! Certo, esse quarto é meu e do George, mas eu vou te dar uma permissão especial para ficar aqui! Mantenha isso em segredo da sua mãe, certo?""",「是吗，真里亚也觉得这里好啊！那好，这儿虽然是我和让治大哥的房间，不过就特别允许真里亚出入吧！要对妈妈保密哦～？」,「是嗎，真里亞也覺得這裡好啊！那好，這兒雖然是我和讓治大哥的房間，不過就特別允許真里亞出入吧！要對媽媽保密哦～？」,"""Ok, anche a te piace di più stare qui, Maria! Bene, questa stanza è mia e di George, ma ti daremo il permesso speciale di entrare e uscire! Mantieni il segreto con tua Mamma, d'accordo?""","""Oh, anche a te piace di più stare qui, Maria?! Bene, questa stanza è mia e del fratellone George, ma ti daremo il permesso speciale di entrare e uscire a piacimento! Tienilo segreto da tua mamma, d'accordo?""","""¡Así que también tú lo prefieres, María! ¡Muy bien, esta habitación es de George y mía, pero te daremos un permiso especial de entrada y salida! No se lo cuentes a tu madre, ¿entendido?""","""ﺣﺴﻨﺎ، ﺃﻧﺖ ﺃﻳﻀﺎ ﺃﻋﺠﺒﻚ ﻫﻨﺎ ﻳﺎ ﻣﺎﺭﻳﺎ! ﻻﺑﺄﺱ، ﻫﺬﻩ ﺍﻟﻐﺮﻓﺔ ﺗﺨﺼﻨﻲ ﺃﻧﺎ ﻭﺟﻮﺭﺝ، ﻟﻜﻨﻨﺎ ﺳﻨﺴﻤﺢ ﻟﻚ ﺧﺼﻴﺼﺎ ﺑﺎﻟﺪﺧﻮﻝ ﻭﺍﻟﺨﺮﻭﺝ! ﺍﺣﺘﻔﻈﻲ ﺑﻪ ﺳﺮﺍ ﻋﻦ ﺃﻣﻚ، ﺍﺗﻔﻘﻨﺎ؟""","""Ok, Maria cũng thích ở đây hơn ha! Vậy thì, phòng này là của anh George với anh, nhưng bọn anh sẽ cho em đặc quyền vào đây nha! Đừng nói với mẹ em đấy!""","""Oke, kamu juga lebih suka di sini, Maria! Baik, ini kamar George dan aku, tapi kami beri izin khusus untukmu masuk! Rahasiakan dari ibumu, oke?""","""Tamam, sen de burayı istiyorsun Maria! Pekala, bu oda George ve benim, ama içeri girmen için sana özel izin vereceğiz! Bunu annenden sır olarak sakla, tamam mı?"""
Ushiromiya Maria,"""Uu! Secret!""","""Uu-! It's a secret!"" ","""Uu-! Secret!""",「うー！　ナイショ！」,「うー！　ナイショ！」,"""У‐у! Молчок!""","""Uu! Segredo!""",「呜——！保密！」,「嗚——！保密！」,"""Uu-! Segreto!""","""Uuh! Segreto!""","""¡Uu! ¡Secreto!""","""ﺃﻭﻭ-! ﺳﺮ!""","""Uu! Bí mật!""","""Uu! Rahasia!""","""Uu! Sır!"""
,"Her mother, Auntie Rosa, was right behind her, but Maria still answered, striking the air with her fists clenched tight.","Aunt Rosa was right behind us, but Maria still answered, striking the air with her fists clenched tight. ","Her mother, Rosa oba-san, was right behind us, but Maria still answered, striking the air with her fists clenched tight.",その母親の楼座叔母さんがすぐ後にいるわけだが、真里亞は元気よく握り拳で天を突き、返事をするのだった。,その母親の楼座叔母さんがすぐ後にいるわけだが、真里亞は元気よく握り拳で天を突き、返事をするのだった。,"Её мать, тётя Роза, стояла за нами, но Мария всё равно ответила, вскинув руки вверх с крепко сжатыми кулачками.","A mãe dela, a tia Rosa, estava bem atrás dela, mas a Maria respondeu mesmo assim, com seus punhos fechados dando um soco no ar.",尽管她的妈妈楼座姑母就在身后，但是真里亚仍然举起小拳头，精神十足地回答道。,儘管她的媽媽樓座姑母就在身後，但是真里亞仍然舉起小拳頭，精神十足地回答道。,"Sua Madre, Rosa oba-san era proprio dietro di noi ma Maria rispose lo stesso, fendendo l'aria con i pugni chiusi strettamente.","Sua madre, zia Rosa, era proprio dietro di noi, ma Maria rispose entusiasta, alzando i pugni trionfante.","Su madre, tía Rosa, estaba justo detrás de nosotros, pero María respondió a pesar de todo, golpeando el aire con los puños.",ﻛﺎﻧﺖ ﻭﺍﻟﺪﺗﻬﺎ، ﺍﻟﻌﻤﺔ ﺭﻭﺯﺍ، ﺗﻘﻒ ﺧﻠﻔﻨﺎ ﺗﻤﺎﻣﺎ، ﻟﻜﻦ ﻣﺎﺭﻳﺎ ﺑﻘﻴﺖ ﺗﺘﺤﺪﺙ، ﺑﻴﻨﻤﺎ ﺗﻠﻮﺡ ﻓﻲ ﺍﻟﻬﻮﺍﺀ ﺑﻘﺒﻀﺘﻬﺎ ﺍﻟﻤﺸﺪﻭﺩﺓ.,"Mẹ cô bé – cô Rosa – đang đứng ngay phía sau, nhưng Maria vẫn cất tiếng đáp, tay nắm chặt đấm vào không khí.","Ibunya, Bibi Rosa, tepat di belakangnya, tapi Maria tetap menjawab, meninju udara dengan tangan terkepal.",Annesi Rosa Teyze hemen arkasındaydı ama Maria yine de yumruklarını sıkıp havaya vurarak cevap verdi.
,"After our parents put the luggage in the rooms, they gathered again in the corridor.","After setting down their luggage in their rooms, our parents had gathered again in the corridor. "," After our parents put the luggage in the rooms, they gathered again in the corridor.",親たちは部屋に荷物を入れると、また廊下に集まっていた。,親たちは部屋に荷物を入れると、また廊下に集まっていた。,"Закончив раскладывать багаж в комнатах, наши родители вновь собрались в коридоре.","Depois que os nossos pais colocaram suas malas em seus quartos, eles se reuniram no corredor.",长辈们把行李搬进房间后，又在走廊上集合了起来。,長輩們把行李搬進房間後，又在走廊上集合了起來。,"Dopo che i nostri parenti ebbero depositato i bagagli nella camere, si riunirono nuovamente in corridoio.","Dopo che i nostri genitori depositarono i bagagli nelle camere, ci riunimmo nuovamente in corridoio.","Tras colocar su equipaje en las habitaciones, nuestros padres se reunieron en el pasillo.",ﺑﻌﺪ ﺃﻥ ﻭﺿﻊ ﺁﺑﺎﺅﻧﺎ ﺍﻟﺤﻘﺎﺋﺐ ﻓﻲ ﺍﻟﻐﺮﻑ، ﺗﺠﻤﻌﻮﺍ ﻣﺠﺪﺩﺍ ﻓﻲ ﺍﻟﻤﻤﺮ.,"Sau khi bố mẹ tụi tôi để hành lý vào phòng, họ lại tụ họp ngoài hành lang.","Setelah orang tua kami menaruh barang di kamar, mereka berkumpul lagi di koridor.",Bizimkiler bavulları odalara yerleştirdikten sonra tekrar koridorda toplandılar.
Ushiromiya Rudolf,"""So, brats, what're you gonna do? Are you cousins just gonna stay here and chat?""","""Hey, what are you brats planning to do? Are you cousins just gonna stay here and chat?"" ","""Hey brats, what'll you do? Are you cousins just gonna stay here and chat?""",「おいガキども、お前らはどうする。ここでいとこ同士、おしゃべりでもしてるか？」,「おいガキども、お前らはどうする。ここでいとこ同士、おしゃべりでもしてるか？」,"""Эй, молодежь, чем планируете заняться? Собираетесь остаться здесь и поболтать?""","""Então pirralhos, o que vão fazer? Os primos vão ficar aqui só conversando?""",「喂小鬼们，你们有什么打算？你们这帮堂兄妹，打算留在这里聊天吗？」,「喂小鬼們，你們有什麼打算？你們這幫堂兄妹，打算留在這裡聊天嗎？」,"""Ehi marmocchi, voi che fate? Resterete qui a chiacchierare?""","""Ehi, marmocchi, voi che fate? Resterete qui a chiaccherare fra cugini?""","""Oigan mocosos, ¿qué harán? ¿Ustedes, los primos, solo van a quedarse aquí y hablar?""","""ﺃﻳﻬﺎ ﺍﻷﺷﻘﻴﺎﺀ، ﻣﺎ ﺍﻟﺬﻱ ﺗﻔﻌﻠﻮﻧﻪ؟ ﺇﻟﻰ ﻣﺘﻰ ﺳﺘﻈﻠﻮﻥ ﻫﻨﺎ ﻭﺗﺜﺮﺛﺮﻭﻥ؟""","""Này mấy nhóc, các con tính sao đây? Mấy anh em họ nhà này cứ định ngồi đây mà trò chuyện thôi hả?""","""Jadi, anak-anak, apa rencanamu? Kalian para sepupu akan tetap di sini dan mengobrol?""","""Ee, veletler, ne yapacaksınız? Siz kuzenler burada kalıp sohbet mi edeceksiniz?"""
,It seemed they were heading to the mansion to announce their arrival.,It seemed they were heading to the mansion to announce their arrival. ,"It seemed they were heading to the mansion to announce their arrival.",到着の挨拶をしに屋敷の方へ行くらしい。,到着の挨拶をしに屋敷の方へ行くらしい。,"Похоже, они намеревались отправиться в особняк, чтобы объявить о своём прибытии.",Parece que eles estão indo à mansão anunciar a sua chegada.,大人们好像是要去大屋打招呼。,大人們好像是要去大屋打招呼。,Sembrava che stessero andando alla villa per annunciare il loro arrivo.,Pare che stessero per andare alla villa per annunciare il loro arrivo...,"Por lo visto, se dirigían a la mansión para anunciar su llegada.",ﻳﺒﺪﻭ ﺑﺄﻧﻬﻢ ﻣﺘﺠﻬﻴﻦ ﺇﻟﻰ ﺍﻟﻘﺼﺮ ﻟﻺﻋﻼﻥ ﻋﻦ ﻭﺻﻮﻟﻬﻢ.,Có vẻ họ đang chuẩn bị đến biệt thự để chào hỏi.,Tampaknya mereka akan pergi ke rumah besar untuk mengumumkan kedatangan.,Görünüşe göre geldiklerini duyurmak için malikaneye doğru gidiyorlardı.
,"...Normally, we would have had to follow them and greet everyone together, but if that had been the case, Dad would just have said ""You guys come too!"" and been done with it.","...Normally, they would make us follow them and greet everyone together, but if that had been the case, Dad would've just told us to come, and that'd be the end of it. ","...Normally, we would have had to follow them and greet everyone together, but if that had been the case, Dad would just have said 'You guys come!' and finished it.",…筋なら、付いていって一緒に挨拶するべきなんだが、そうなら親父はお前らも来いと一言、言って終わりだ。,…筋なら、付いていって一緒に挨拶するべきなんだが、そうなら親父はお前らも来いと一言、言って終わりだ。,"...По большому счёту нам, вроде как, полагалось идти с ними, чтобы поприветствовать всех вместе, но тогда бы отец просто сказал: ""Пошли, ребята!"" — и всё.","...Normalmente, nós os seguiríamos para cumprimentar a todos juntos, mas se esse fosse o caso, meu pai diria algo como ""Vocês vêm junto também!"" e faríamos isso.",…按道理我们是应该跟着一起去打招呼的。不过若是这样的话，老爸只需说一句“你们快过来”就行了。,…按道理我們是應該跟著一起去打招呼的。不過若是這樣的話，老爸只需說一句“你們快過來”就行了。,"... Normalmente, avremmo dovuto seguirli e salutare tutti quanti insieme, ma in quel caso, Papà avrebbe semplicemente detto ‘Venite anche voi!’ e avrebbe chiuso il discorso.","Normalmente avremmo dovuto seguirli e presentarci tutti quanti insieme, ma in quel caso, il vecchio avrebbe semplicemente detto un ‘venite anche voi!’, e avrebbe chiuso il discorso.","Lo normal es que tuviéramos que seguirles y saludar a todos juntos, pero si así hubiera sido, papá se habría limitado a decir ""¡Ustedes, vengan!"" y punto.","...ﺣﺴﺐ ﻣﺎ ﺟﺮﺕ ﺍﻟﻌﺎﺩﺓ، ﻳﻨﺒﻐﻲ ﻋﻠﻴﻨﺎ ﺃﻥ ﻧﺘﺒﻌﻬﻢ ﻭﻧﺤﻴﻲ ﺍﻟﺠﻤﻴﻊ ﻣﻌﺎ، ﻓﻲ ﻫﺬﻩ ﺍﻟﺤﺎﻟﺔ، ﻟﻜﺎﻥ ﺃﺑﻲ ﻗﺪ ﻗﺎﻝ ""ﻳﺎ ﺭﻓﺎﻕ ﻓﻠﺘﺄﺗﻮﺍ!"" ﻭﻳﻨﺘﻬﻲ ﺑﺬﻟﻚ.","...Bình thường, tụi tôi cũng sẽ phải đi theo và chào hỏi chung, nhưng nếu vậy thì bố tôi chỉ đơn giản bảo ""Các con đi cùng luôn đi!"" là xong chuyện.","...Biasanya, kami harus ikut dan menyapa bersama, tapi jika itu yang terjadi, Ayah hanya akan bilang ""Kalian ikut juga!"" dan selesai.","...Normalde onları takip etmemiz ve herkesi birlikte karşılamamız gerekirdi, ama öyle olsaydı babam ""Siz de geliyorsunuz!"" der ve işi bitirirdi."
,He's telling us that it's alright if we don't come... So what'll we do?,"He's saying it's okay if we don't come, so what'll we do? "," He was telling us that it was alright if we didn't come, so what'll we do?",来ないのも勝手だぞと言ってくれてるし、どうしよう？,来ないのも勝手だぞと言ってくれてるし、どうしよう？,"Он же дал нам понять, что нам необязательно идти с ними. Тогда чем бы нам заняться?",Mas ele está dizendo que está tudo bem se não formos... Então o que vamos fazer?,反正他也加了一句“不来也无所谓”，要不要去呢？,反正他也加了一句“不來也無所謂”，要不要去呢？,"Ci stava dicendo che andava bene anche se non fossimo venuti, quindi dov'era il problema?","Ci stava dicendo che anche se non fossimo venuti sarebbe andata bene, quindi che dovremmo fare?","Eso quiere decir que no habría problema si no vamos con ellos, así que, ¿qué deberíamos hacer?",ﻭﻟﻜﻦ ﻛﺎﻥ ﻳﺨﺒﺮﻧﺎ ﺑﺄﻧﻪ ﻻ ﺑﺄﺱ ﺇﺫﺍ ﻟﻢ ﻧﺄﺗﻲ، ﻓﻤﺎﺫﺍ ﻋﻠﻴﻨﺎ ﻓﻌﻠﻪ؟,Mà lần này thì tụi tôi không đi cũng chẳng sao... Vậy giờ làm gì đây?,Dia memberi tahu kami tidak apa-apa jika tidak ikut... Jadi apa yang akan kami lakukan?,Gelmezsek sorun olmayacağını söylüyor... Peki ne yapacağız?
Ushiromiya Hideyoshi,"""It's gonna be time for lunch soon anyway. Better let the kids unwind here. Besides, if worst comes to worst, this might be the last chance they get to play outdoors.""","""Well, it's gonna be lunchtime before long anyway. Better let the kids unwind here. Besides, if worst comes to worst, this might be their last chance to play outdoors."" ","""Anyway, it's gonna be high noon soon. Better let the kids unwind here. Besides, if worse comes to worst, this might be the last chance they get to play outdoors.""",「どうせもうすぐお昼や。子供はそこでくつろいでたらええ。それに表で遊べるのは下手をすると今の内だけかもしれんしの。」,「どうせもうすぐお昼や。子供はそこでくつろいでたらええ。それに表で遊べるのは下手をすると今の内だけかもしれんしの」,"""В любом случае, скоро настанет самый полдень. Так что лучше отпустить детишек здесь. К тому же, если сбудется худший прогноз, это будет их последний шанс порезвиться на свежем воздухе.""","""Logo já vai estar na hora do almoço de qualquer forma. É melhor deixar as crianças aqui. Além disso, se o pior acontecer, ao menos elas têm a chance de se divertirem juntas.""",「反正马上就要吃午饭了呐。就让孩子们在这儿放松一下吧。而且错过现在的话搞不好就没机会去外面玩了呐。」,「反正馬上就要吃午飯了吶。就讓孩子們在這兒放鬆一下吧。而且錯過現在的話搞不好就沒機會去外面玩了吶。」,"""In ogni caso, tra poco è mezzogiorno. Meglio che i ragazzi si rilassino qui. Anche perché, se dovesse peggiorare, questa potrebbe essere la loro ultima possibilità di giocare all'aperto.""","""In ogni caso, tra poco sarà ora di pranzo. Meglio che i ragazzi si rilassino qui.{n}E poi, se il tempo dovesse peggiorare, questa potrebbe essere la loro ultima occasione per giocare fuori.""","""Como sea, pronto llegaremos a las horas más tardías del mediodía. Es mejor que los niños se desenvuelvan por aquí. Además, en el peor de los casos, puede que sea su última oportunidad para jugar en el exterior.""","""ﻋﻠﻰ ﺃﻱ ﺣﺎﻝ، ﺳﺘﺤﻞ ﻓﺘﺮﺓ ﺍﻟﻈﻬﻴﺮﺓ ﻗﺮﻳﺒﺎ. ﻣﻦ ﺍﻷﻓﻀﻞ ﻟﻠﺼﻐﺎﺭ ﺃﻥ ﻳﺴﺘﺮﺧﻮﺍ ﻫﻨﺎ. ﻭﻋﻨﺪ ﺍﻟﻀﺮﻭﺭﺓ ﺍﻟﻘﺼﻮﻯ، ﻗﺪ ﺗﻜﻮﻥ ﻫﺬﻩ ﻫﻲ ﻓﺮﺻﺘﻬﻢ ﺍﻷﺧﻴﺮﺓ ﻟﻠﻌﺐ ﻓﻲ ﺍﻟﺨﺎﺭﺝ.""","""Cũng sắp tới giờ ăn trưa rồi. Cho các cháu thư giãn ở đây chút cũng tốt. Với lại, nếu mà xui lắm thì, có khi đây là lần cuối tụi nó được chơi ngoài trời.""","""Sebentar lagi makan siang juga. Lebih baik biarkan anak-anak bersantai di sini. Lagipula, jika yang terburuk terjadi, ini mungkin kesempatan terakhir mereka bermain di luar.""","""Zaten birazdan yemek vakti gelecek. Bırakalım da çocuklar burada dinlensin. Ayrıca, en kötü ihtimalle, bu açık havada oynamak için son şansları olabilir."""
Ushiromiya Maria,"""Uu! I'll go too!""","""Uu-! I'll go too!"" ","""Uu-! Maria will go too!""",「うー！　真里亞も行くー！」,「うー！　真里亞も行くー！」,"""У‐у! Мария тоже пойдёт!""","""Uu! A Maria também vai!""",「呜——！真里亚也想去！」,「嗚——！真里亞也想去！」,"""Uu-! Anche Maria viene!""","""Uuh! Viene anche Maria!""","""¡Uu! ¡María también irá!""","""ﺃﻭﻭ-! ﻣﺎﺭﻳﺎ ﺳﺘﺬﻫﺐ ﺃﻳﻀﺎ!""","""Uu! Con đi nữa!""","""Uu! Aku juga mau ikut!""","""Uu! Maria da gidecek!"""
Ushiromiya Rosa,"""Maria, you house‐sit for Mama, okay? You behave yourself and wait here.""","""Maria, you house-sit for Mama, okay? Behave yourself and wait here."" ","""Maria, you house-sit for Mommy, okay? You behave yourself and wait here.""",「真里亞はここでお留守番してなさい。いたずらをしないで大人しく待ってるのよ。」,「真里亞はここでお留守番してなさい。いたずらをしないで大人しく待ってるのよ」,"""Мария, посторожи дом для мамы, ладно? Веди себя хорошо и жди здесь.""","""Maria, você vai cuidar da casa para mamãe, certo? Se comporte e espere aqui.""",「真里亚就留在这里看家。不要调皮，要乖乖等着哦。」,「真里亞就留在這裡看家。不要調皮，要乖乖等著哦。」,"""Maria, tu sorveglia la casa per Mamma, ok? Fai la brava e aspetta qui.""","""Maria, tu rimani qui a casa, va bene? Fai la brava e aspetta qui.""","""María, cuida de la casa mientras no esté mamá, ¿está bien? Compórtate y espera aquí.""","""ﻣﺎﺭﻳﺎ، ﺳﺘﺒﻘﻴﻦ ﻓﻲ ﺍﻟﻤﻨﺰﻝ ﻟﺘﻌﺘﻨﻲ ﺑﻪ ﻣﻦ ﺃﺟﻞ ﻣﺎﻣﺎ، ﺣﺴﻨﺎ؟ ﻛﻮﻧﻲ ﻣﺆﺩﺑﺔ ﻭﺍﻧﺘﻈﺮﻱ.""","""Maria, con trông nhà giúp Mama nhé, được chứ? Ngoan và đợi mẹ ở đây nhé.""","""Maria, kamu tunggu di sini untuk Ibu, oke? Kamu bersikap baik dan tunggu di sini.""","""Maria, sen odaya göz kulak ol tamam mı? Uslu dur ve burada bekle."""
Ushiromiya Maria,"""......Uu.""","""......Uu-."" ","""......Uu-.""",「……うー。」,「……うー」,"""......У‐у.""","""......Uu.""",「……呜——」,「……嗚——」,"""... Uu-.""","""...Uuh.""","""... Uu.""",""".........ﺃﻭﻭ-""","""......Uu.""","""......Uu.""","""......Uu."""
,"Now that Maria had been told to house‐sit, we couldn't just leave her behind.","Since Maria was being told to house-sit here, we certainly couldn't leave her on her own. ","Telling Maria to house-sit was a pretty lame excuse for leaving her behind.",真里亞が留守番することになった以上、置いてきぼりってわけには行かない。,真里亞が留守番することになった以上、置いてきぼりってわけには行かない。,"Попросить Марию посторожить дом было довольно‐таки жалким оправданием, чтобы оставить её здесь.","Agora que foi dito para a Maria ficar aqui, nós não podemos deixá‐la sozinha.",既然真里亚要被留在这里，那么我们就不能扔下她不管。,既然真里亞要被留在這裡，那麼我們就不能扔下她不管。,Dire a Maria di sorvegliare la casa era una scusa abbastanza patetica per tenerla fuori dai piedi.,"Non potevamo andarcene e lasciarla sola, dato che era stato detto a Maria di sorvegliare la casa.","Ya que María debía quedarse a cuidar el lugar, no podríamos dejarla sola.",ﺇﻥ ﺇﺧﺒﺎﺭ ﻣﺎﺭﻳﺎ ﺑﺎﻟﺠﻠﻮﺱ ﻭﺍﻻﻋﺘﻨﺎﺀ ﺑﺎﻟﻤﻨﺰﻝ ﺫﺭﻳﻌﺔ ﺿﻌﻴﻔﺔ ﻟﺘﺮﻛﻬﺎ ﻭﺭﺍﺀﻫﺎ.,"Giờ Maria bị bảo phải ở lại, thì tụi tôi cũng không thể bỏ lại cô bé một mình được.","Sekarang setelah Maria disuruh menunggu, kami tidak bisa meninggalkannya.","Artık Maria'ya odaya bakması söylendiğine göre, onu öylece bırakamazdık."
,"George‐aniki realized that immediately, and gave a clear reply for all of us.",George-aniki noticed this immediately and gave a clear reply for all of us cousins. ," George-aniki soon realized it and gave a clear reply for all of us.",譲治の兄貴はそれをすぐに察し、いとこ代表として明快に返事をした。,譲治の兄貴はそれをすぐに察し、いとこ代表として明快に返事をした。,Джордж‐аники быстро это сообразил и дал чёткий ответ за всех нас.,"O George‐aniki percebeu isso imediatamente e deu uma resposta clara, por todos nós.",让治大哥立刻察觉到了这点，作为堂兄妹代表的他爽快地作了回答。,讓治大哥立刻察覺到了這點，作為堂兄妹代表的他爽快地作了回答。,George-aniki lo capì presto e diede una chiara risposta a nostro nome.,"Il fratellone George lo capì subito, e a nome dei cugini diede una risposta decisa.","Dándose cuenta de esto, George‐aniki dio una respuesta clara por parte de todos.",ﺳﺮﻋﺎﻥ ﻣﺎ ﺃﺩﺭﻙ ﺃﺧﻲ ﺟﻮﺭﺝ ﺫﻟﻚ ﻭﻣﻦ ﺛﻢ ﻗﺎﻡ ﺑﺘﻘﺪﻳﻢ ﺭﺩ ﺟﻠﻲ ﻟﻨﺎ ﺟﻤﻴﻌﺎ.,Anh George lập tức nhận ra điều đó và trả lời dứt khoát thay mặt cả bọn.,"George-aniki segera menyadari itu, dan memberikan jawaban jelas untuk kami semua.",George-aniki bunu hemen fark etti ve hepimiz için net bir cevap verdi.
Ushiromiya George,"""Well, we'll accept your offer and house‐sit. We have lots of stories to tell each other, after a year.""","""Well then, we'll accept your offer and house-sit. We've got lots of stories to tell each other, after being away for a year."" ","""Well, we'll accept your offer and house-sit. We have lots of stories to tell each other, after a year.""",「じゃあ、僕たちはお言葉に甘えて、留守番してようか。１年ぶりに積もる話もあるしね。」,「じゃあ、僕たちはお言葉に甘えて、留守番してようか。１年ぶりに積もる話もあるしね」,"""Что ж, в таком случае, и мы тоже тут посидим. У нас накопилось множество историй за тот год, что мы не видели друг друга, которые мы можем рассказать друг другу.""","""Bem, nós aceitamos a oferta de vocês e vamos ficar por aqui. Nós temos muitas histórias para contar uns para os outros, depois de um ano.""",「既然这样，我们恭敬不如从命，不如就留在这里看家吧。正好也积了一年份的话想聊呢。」,「既然這樣，我們恭敬不如從命，不如就留在這裡看家吧。正好也積了一年份的話想聊呢。」,"""Bene, accetteremo la tua offerta e controlleremo la casa. Abbiamo un sacco di storie da raccontarci, dopo un anno.""","""Bene, noi approfitteremo dell'occasione e resteremo in casa. Avremmo un sacco di storie da raccontarci, visto che è passato un anno.""","""Bien, aceptaremos la oferta y cuidaremos el lugar. Tras un año sin vernos, tenemos mucho que contarnos.""","""ﺣﺴﻨﺎ، ﺳﻨﻘﺒﻞ ﺍﻗﺘﺮﺍﺣﻜﻢ ﻟﻠﺠﻠﻮﺱ ﻓﻲ ﺍﻟﻤﻨﺰﻝ. ﻓﻠﺪﻳﻨﺎ ﺍﻟﻜﺜﻴﺮ ﻣﻦ ﺍﻟﻘﺼﺺ ﻟﻨﺨﺒﺮ ﺑﻬﺎ ﺑﻌﻀﻨﺎ، ﺑﻌﺪ ﻋﺎﻡ ﻣﻦ ﺍﻟﻐﻴﺎﺏ.""","""Vậy thì tụi cháu xin nhận lời và ở lại trông nhà. Một năm không gặp, tụi cháu có nhiều chuyện để nói lắm.""","""Baik, kami akan menerima tawaranmu dan menunggu di sini. Kami punya banyak cerita untuk dibagikan setelah setahun.""","""Pekala, teklifinizi kabul edeceğiz ve odada kalacağız. Bir yıl aradan sonra birbirimize anlatacak bir sürü hikâyemiz var."""
Ushiromiya Kyrie,"""That would be best. And Battler‐kun has six years' worth to tell, after all!""","""That sounds wonderful. And Battler-kun has six years' worth of stories to tell, doesn't he?"" ","""That's nice. And Battler-kun has six years' worth, doesn't he?""",「それがいいわ。戦人くんなんか６年分積もってるんだしね。」,「それがいいわ。戦人くんなんか６年分積もってるんだしね」,"""Вот и славно. А уж сколько историй накопилось у Баттлера‐куна за шесть лет, верно?""","""Assim é melhor. E o Battler‐kun tem seis anos de histórias para contar, afinal!""",「还是这样好。战人君可是积了六年的份呢。」,「還是這樣好。戰人君可是積了六年的份呢。」,"""Che bello. E Battler-kun ne ha per sei anni, no?""","""Che cosa bella. E Battler-kun ha ben sei anni da recuperare, no?""","""Eso es bueno. Y Battler‐kun tiene seis años acumulados para relatar, ¿verdad?""","""ﻫﺬﺍ ﺭﺍﺋﻊ. ﺑﺎﺗﻠﺮ-ﻛﻦ ﻳﻤﻠﻚ ﻣﻘﺪﺍﺭ ﺳﺖ ﺳﻨﻮﺍﺕ، ﺃﻟﺴﺖ ﻛﺬﻟﻚ؟""","""Vậy là tốt nhất. Với lại Battler còn có tận sáu năm chưa được nói gì với mọi người mà!""","""Itu yang terbaik. Dan Battler-kun punya cerita enam tahun untuk dibagikan!""","""En iyisi bu olur. Ve Battler-kun'un da anlatacak altı yılı var ne de olsa!"""
Ushiromiya Battler,"""Yeah, yeah. I'll take care of the house like a good little boy.""","""Yeah, yeah. I'll take care of the house like a good boy."" ","""Yeah, yeah. I'll take care of the house like a good boy.""",「へいへい。お子ちゃまな俺は大人しくお留守番してるぜ。」,「へいへい。お子ちゃまな俺は大人しくお留守番してるぜ」,"""Конечно, конечно. Я позабочусь о доме как хороший мальчик.""","""Sim, sim. Eu vou cuidar da casa como um bom garoto.""",「行嘞行嘞。我还是小孩子所以就老老实实地留在这儿看家吧。」,「行嘞行嘞。我還是小孩子所以就老老實實地留在這兒看家吧。」,"""Sì, sì. Mi prenderò cura della casa come un bravo ragazzo.""","""Eh, sì. Resterò in casa come un bravo bambino.""","""Sí, sí. Cuidaré de la casa como un buen chico.""","""ﺻﺤﻴﺢ، ﺻﺤﻴﺢ ﺳﺄﻋﺘﻨﻲ ﺑﺎﻟﻤﻨﺰﻝ ﻣﺜﻞ ﻓﺘﻰ ﻣﻄﻴﻊ.""","""Vâng vâng. Cháu sẽ trông nhà như một cậu bé ngoan luôn.""","""Ya, ya. Aku akan menjaga rumah dengan baik seperti anak laki-laki baik.""","""Evet, evet. İyi bir çocuk gibi evle ilgileneceğim."""
Ushiromiya Jessica,"""Kumasawa‐san, I'm gonna stay here too! We'll leave the rest to the adults and us kids'll break rank, heheheh!""","""Kumasawa-san, I'm gonna stay here too! We'll break rank and leave the rest to the adults, heheheh!"" ","""Kumasawa-san, I'm gonna stay here too! We'll leave the rest to the adults and us kids'll break rank, hehehe!""",「熊沢さん、私もこっちに残るからよ！　後は大人に任せて若者は退散してるぜ、へへへ！」,「熊沢さん、私もこっちに残るからよ！　後は大人に任せて若者は退散してるぜ、へへへ！」,"""Кумасава‐сан, я тоже останусь здесь! Предоставим остальное взрослым, а мы, дети, расслабимся, хе‐хе‐хе!""","""Kumasawa‐san, eu vou ficar aqui também! Vamos deixar o resto com os adultos enquanto os jovens descansam, heheheh!""",「熊泽婆婆，我也留在这边！接下来就交给大人们，年轻人就不来碍事嘞，嘿嘿嘿！」,「熊澤婆婆，我也留在這邊！接下來就交給大人們，年輕人就不來礙事嘞，嘿嘿嘿！」,"""Kumasawa-san, anche io resto qui! Lasceremo il resto agli adulti e noi ragazzi romperemo le righe, hehehe!""","""Kumasawa-san, anche io resterò qui! Noi ragazzi romperemo i ranghi e lasceremo il resto agli adulti, eheheh!""","""Kumasawa‐san, ¡creo que yo también me quedo! ¡Dejaremos que los adultos se encarguen del resto y los jóvenes romperemos filas, jejeje!""","""ﻛﻮﻣﺎﺳﺎﻭﺍ-ﺳﺎﻥ، ﺳﺄﺑﻘﻰ ﻫﻨﺎ ﺃﻳﻀﺎ! ﺳﻨﺘﺮﻙ ﺍﻟﺒﺎﻗﻲ ﻟﻠﻜﺒﺎﺭ، ﺃﻣﺎ ﻧﺤﻦ ﺍﻟﺼﻐﺎﺭ ﻓﺴﻮﻑ ﻧﺴﺒﺐ ﺍﻟﻔﻮﺿﻰ، ﻫﻴﻬﻴﻬﻲ!""","""Bà Kumasawa, cháu cũng sẽ ở lại nhé! Mấy chuyện còn lại nhờ người lớn lo, tụi cháu sẽ tách đoàn một chút, heheheh!""","""Kumasawa-san, aku juga akan tinggal di sini! Kita serahkan sisanya pada orang dewasa dan kita anak-anak akan membangkang, heheheh!""","""Kumasawa-san, ben de burada kalacağım! Gerisini yetişkinlere bırakır ve biz çocuklar rütbe atlarız, heheheh!"""
Kumasawa Chiyo,"""That would be for the best, hoh‐hoh‐ho. I'll report it to Madam...""","""Perhaps that would be best, hohohoh. I'll report it to Madam..."" ","""That's nice, hoh-hoh-ho. I'll report it to Madam...""",「それがおよろしいでしょう、ほっほっほ。奥様にはそのようにお伝えいたします…。」,「それがおよろしいでしょう、ほっほっほ。奥様にはそのようにお伝えいたします…」,"""Вот и славно, хо‐хо‐хо. Я сообщу об этом госпоже.""","""Assim vai ser melhor, hoh‐hoh‐ho. Eu vou informar isso à madame...""",「那就这样吧，嚯嚯嚯。我会向太太转达的…」,「那就這樣吧，嚯嚯嚯。我會向太太轉達的…」,"""Perfetto, hoh-hoh-ho. Lo dirò a Madame...""","""Magnifico, ohohoh. Lo riferirò alla madame...""","""Eso es bueno, jo‐jo‐jo. Se lo diré a la señora...""","""ﻫﺬﺍ ﺭﺍﺋﻊ. ﻫﻮﻩ-ﻫﻮﻩ-ﻫﻮﻩ. ﺳﺄﺑﻠﻎ ﺍﻟﺴﻴﺪﺓ ﺑﻬﺬﺍ....""","""Vậy thì là tốt nhất rồi, hoh‐hoh‐ho. Tôi sẽ báo lại với bà chủ...""","""Itu yang terbaik, hoh-hoh-ho. Aku akan melaporkan pada Nyonya...""","""Bu en iyisi olur, hoh-hoh-ho. Bunu Madam'a bildireceğim..."""
Gohda Toshiro,"""Then, everyone, I will be guiding you to the mansion. Please, this way.""","""Then allow me to guide you all to the mansion. This way, please."" ","""Then, everyone, I will be guiding you to the mansion. Please, this way.""",「それでは皆様、お屋敷の方へご案内させていただきます。どうぞこちらへ。」,「それでは皆様、お屋敷の方へご案内させていただきます。どうぞこちらへ」,"""В таком случае я отведу вас в особняк. Прошу, следуйте за мной.""","""Certo, pessoal, eu vou levá‐los até a mansão. Por favor, venham por aqui.""",「那么各位，请允许鄙人为大家带路到大屋。请往这边走。」,「那麼各位，請允許鄙人為大家帶路到大屋。請往這邊走。」,"""Allora, tutti quanti, vi guiderò io alla villa. Prego, da questa parte.""","""Bene, signori, lasciate che vi guidi verso la villa. Prego, da questa parte.""","""Bien, entonces, les guiaré a la mansión. Por favor, por aquí.""","""ﺇﺫﻥ ﺟﻤﻴﻌﻜﻢ، ﺳﺄﻛﻮﻥ ﻣﺮﺷﺪﻛﻢ ﻟﻠﻘﺼﺮ. ﻣﻦ ﻓﻀﻠﻜﻢ، ﻣﻦ ﻫﺬﺍ ﺍﻟﻄﺮﻳﻖ.""","""Vậy thì, xin mời các vị, tôi sẽ dẫn đường đến biệt thự. Mời đi lối này.""","""Kalau begitu, semuanya, saya akan memandu Anda ke rumah besar. Silakan, lewat sini.""","""O zaman millet, size malikaneye kadar rehberlik edeceğim. Lütfen, bu taraftan."""
Ushiromiya Eva,"""...The other kids aside, George is an adult now. Wouldn't it be better if he came with us?""","""...The other children are one thing, but George is getting to be an adult. Wouldn't it be better if he came with us?"" ","""...Since George isn't a child anymore, and is getting to be an adult, wouldn't it be better if he came with us?""",「…他の子はともかく、譲治は成人してるんだから連れて行った方がいいんじゃない？」,「…他の子はともかく、譲治は成人してるんだから連れて行った方がいいんじゃない？」,"""...Поскольку Джордж уже не ребёнок и скоро станет взрослым, не лучше ли ему пойти вместе с нами?""","""...Como o George já é adulto agora, não seria melhor se ele viesse junto conosco?""",「…其他的孩子就算了，让治都是成年人了，带着一起去会比较好吧？」,「…其他的孩子就算了，讓治都是成年人了，帶著一起去會比較好吧？」,"""... Visto che George non è più un bambino, e sta diventando adulto, non sarebbe meglio se venisse con noi?""","""...Per gli altri ragazzi è un conto, ma George sta diventando un adulto, non sarebbe meglio se venisse con noi?""","""Dejando a un lado a los otros niños, George ya es un adulto. ¿No sería mejor que nos acompañara?""","""...ﺑﻤﺎ ﺃﻥ ﺟﻮﺭﺝ ﻟﻢ ﻳﻌﺪ ﻃﻔﻼ، ﻭﺻﺎﺭ ﺑﺎﻟﻐﺎ، ﺃﻟﻴﺲ ﻣﻦ ﺍﻷﻓﻀﻞ ﻟﻮ ﺟﺎﺀ ﻣﻌﻨﺎ؟""","""...Không tính mấy đứa nhỏ, chứ George giờ là người lớn rồi. Cho nó đi cùng tụi mình không tốt hơn sao?""","""...Anak-anak lain tidak apa-apa, tapi George sudah dewasa sekarang. Bukankah lebih baik dia ikut kita?""","""...Diğer çocuklar bir yana, George artık bir yetişkin. Bizimle gelse daha iyi olmaz mı?"""
Ushiromiya Hideyoshi,"""If we make him come, poor George'll be the only one left out. Interactin' with his cousins is also important. Well then, see ya, guys!""","""If we make him come, then poor George will be the only one out of place. Interactin' with his cousins is also important. Okay, see ya'll later!"" ","""If we make him come, only poor George will be out of place. Interactin' with his cousins is also important. Okay, bye then!""",「そんなんで譲治だけ仲間外れは可哀想やで。いとこ同士の交流も大事や。ほな、行ってくるでー！」,「そんなんで譲治だけ仲間外れは可哀想やで。いとこ同士の交流も大事や。ほな、行ってくるでー！」,"""Если мы заставим его пойти с нами, бедный Джордж будет единственным, кто будет смотреться не к месту. Общение со своими кузенами и кузинами тоже имеет важность. Ладно, до скорого!""","""Se fizermos ele vir, o pobrezinho vai ser o único que vai ficar de fora. Interagir com os primos também é importante. Vamos, estamos indo!""",「要是这样的话，唯独让治一个人不和大家在一起就太可怜了呐。堂兄妹之间的交流也很重要呐。好啦，我们走咯！」,「要是這樣的話，唯獨讓治一個人不和大家在一起就太可怜了吶。堂兄妹之間的交流也很重要吶。好啦，我們走咯！」,"""Se lo costringiamo a venire, solo il povero George si sentirà fuori posto. {n}Anche interagire con i suoi cugini è importante. Bene, ciao allora!""","""Così il povero George si sentirà escluso. Anche interagire fra cugini è importante. Bene, allora noi andiamo!""","""Si le obligamos a venir, solo él se sentirá fuera de lugar. Es importante que interactúe con sus primos. ¡Muy bien, nos vemos!""","""ﺇﺫﺍ ﺟﻌﻠﻨﺎﻩ ﻳﺄﺗﻲ، ﻓﺴﻴﺸﻌﺮ ﺟﻮﺭﺝ ﺍﻟﻤﺴﻜﻴﻦ ﺑﺄﻧﻪ ﺍﻟﻮﺣﻴﺪ ﺍﻟﺬﻱ ﻓﻲ ﻏﻴﺮ ﻣﺤﻠﻪ. ﺍﻟﺘﻮﺍﺻﻞ ﻣﻊ ﺃﺑﻨﺎﺀ ﻋﻤﻮﻣﺘﻪ ﺃﻣﺮ ﻣﻬﻢ ﺃﻳﻀﺎ. ﺣﺴﻨﺎ ، ﺇﻟﻰ ﺍﻟﻠﻘﺎﺀ ﺍﻵﻥ!""","""Kêu nó đi theo thì tội nó lắm, vì có khi con mình sẽ cảm thấy không theo được mọi người đâu. Giao tiếp với mấy đứa em họ cũng quan trọng mà. Thôi, gặp sau nhé mấy đứa!""","""Jika kita menyuruhnya ikut, George malah akan sendirian. Berinteraksi dengan sepupu juga penting. Baiklah, sampai nanti, kalian!""","""Eğer onu da getirtirsek, zavallı George dışarıda kalan tek kişi olur. Kuzenleriyle etkileşime girmesi de önemli. Peki o zaman, görüşürüz çocuklar!"""
,The adults left one after the other.,The adults left one after the other. ,"The adults left one after the other.",大人たちはぞろぞろと表へ出て行く。,大人たちはぞろぞろと表へ出て行く。,Взрослые ушли один за другим.,Os adultos foram saindo um após o outro.,大人们一个接一个走了出去。,大人們一個接一個走了出去。,Gli adulti se ne andarono uno dopo l'altro.,"Uno dopo l'altro, gli adulti uscirono fuori.",Los adultos fueron saliendo uno tras otro.,ﻏﺎﺩﺭ ﺍﻟﻜﺒﺎﺭ ﻭﺍﺣﺪﺍ ﺗﻠﻮ ﺍﻵﺧﺮ.,Những người lớn lần lượt rời đi.,Para orang dewasa pergi satu demi satu.,Yetişkinler birbiri ardına ayrıldı.
,"Like the time he had guided us from the harbor, Gohda‐san went ahead, with Kumasawa‐san at the rear.","They left in the same formation as our trip from the harbor, with Gohda-san leading and Kumasawa-san taking up the rear. "," Like the time he had guided us from the harbor, Gohda-san went ahead, with Kumasawa-san at the rear.",船着場からの先導と同じで、先頭は郷田さん、しんがりは熊沢さんだ。,船着場からの先導と同じで、先頭は郷田さん、しんがりは熊沢さんだ。,"Точно так же, как когда он вёл нас из гавани, Года пошёл впереди всех, а замыкала шествие Кумасава‐сан.","Assim como no atracadouro, o Gohda‐san foi na frente, e a Kumasawa‐san por último.",跟刚才从码头过来时一样，领头的是乡田，殿后的是熊泽婆婆。,跟剛才從碼頭過來時一樣，領頭的是鄉田，殿後的是熊澤婆婆。,"Come quando ci aveva guidati dal porto, Gohda-san andò avanti, con Kumasawa-san nelle retrovie.","Gouda-san era a capo della fila, e Kumasawa-san era nelle retrovie, come quando ci avevano condotti fuori dal porto.","Como cuando nos guió desde el puerto, Gohda‐san fue por delante, con Kumasawa‐san en la retaguardia.",ﻛﻤﺎ ﻓﻲ ﺍﻟﻤﺮﺓ ﺍﻟﺴﺎﺑﻘﺔ ﺍﻟﺘﻲ ﺃﺭﺷﺪﻧﺎ ﻓﻴﻬﺎ ﻗﻮﺩﺍ-ﺳﺎﻥ ﻣﻦ ﺍﻟﻤﻴﻨﺎﺀ، ﻓﻘﺪ ﺫﻫﺐ ﻓﻲ ﺍﻟﻤﻘﺪﻣﺔ، ﻣﻊ ﻛﻮﻣﺎﺳﺎﻭﺍ-ﺳﺎﻥ ﻓﻲ ﺍﻟﺨﻠﻒ.,"Giống như lúc dẫn tụi tôi từ bến tàu lên đây, chú Gohda đi trước dẫn đầu, còn bà Kumasawa lại bước theo sau cùng.","Seperti saat memandu kami dari pelabuhan, Gohda-san berjalan di depan dengan Kumasawa-san di belakang.","Limanda bize rehberlik ettiği zaman olduğu gibi Gohda-san önde, Kumasawa-san arkada gitti."
,"As we gathered in the cousins' room assigned to us, George‐aniki asked us to excuse him for a second. He rushed over to Kumasawa‐san, who was following behind the disappearing adults, and seemed to be asking her something.","As we gathered in the room assigned to us cousins, George-aniki asked us to excuse him for a second. He rushed over to Kumasawa-san, who was following behind the disappearing adults, and seemed to ask her something. "," As we gathered in the cousins' room assigned to us, George-aniki asked us to excuse him for a second. He rushed over to Kumasawa-san, who was following behind the disappearing adults, and seemed to be asking her something.",俺たち用に割り当てられたいとこ部屋に集まろうとすると、譲治の兄貴がちょっとごめんと言い、ぞろぞろと出て行く大人たちの後を付いていく熊沢さんに駆け寄って、何か尋ね事をしているようだった。,俺たち用に割り当てられたいとこ部屋に集まろうとすると、譲治の兄貴がちょっとごめんと言い、ぞろぞろと出て行く大人たちの後を付いていく熊沢さんに駆け寄って、何か尋ね事をしているようだった。,"Как только мы собрались в предоставленной в расположение кузенам и кузинам, то есть нам, комнате, Джордж‐аники попросил извинить его на секундочку. Он подбежал к Кумасаве‐сан, идущей в хвосте удаляющихся взрослых, и, похоже, о чём‐то спросил её.","Ao nos reunirmos no quarto destinado aos primos, o George‐aniki pediu licença por um minuto. Ele se apressou e foi até a Kumasawa‐san, que estava acompanhando os adultos que já haviam desaparecido, e parecia que estava pedindo algo a ela.",当我们准备在安排给我们堂兄妹的大房间里聚聚时，让治大哥突然说了声抱歉，追上了走在大人队列最末尾的熊泽婆婆，好像是在询问什么事情。,當我們準備在安排給我們堂兄妹的大房間裡聚聚時，讓治大哥突然說了聲抱歉，追上了走在大人隊列最末尾的熊澤婆婆，好像是在詢問什麼事情。,"Non appena ci riunimmo nella stanza assegnata a noi cugini, George-aniki ci chiese di scusarlo un momento. Corse verso Kumasawa-san che stava seguendo in fondo alla fila gli adulti che stavano pian piano sparendo e sembrò le stesse chiedendo qualcosa.","Una volta che ci riunimmo nella stanza assegnata a noi cugini, il fratellone George ci chiese di scusarlo un momento, dopodiché corse verso Kumasawa-san, che stava seguendo gli adulti che stavano man mano uscendo, apparentemente con qualcosa da chiederle.","Mientras nos reuníamos en la habitación que nos habían asignado, George‐aniki nos pidió que le disculpáramos un momento. Corrió hacia Kumasawa‐san, que seguía a los adultos, y pareció preguntarle algo.",ﻋﻨﺪﻣﺎ ﺍﺟﺘﻤﻌﻨﺎ ﻓﻲ ﻏﺮﻓﺔ ﺃﺑﻨﺎﺀ ﺍﻟﻌﻤﻮﻣﺔ ﺍﻟﻤﺨﺼﺼﺔ ﻟﻨﺎ، ﻃﻠﺐ ﻣﻨﺎ ﺃﺧﻲ ﺟﻮﺭﺝ ﺃﻥ ﻧﻌﺬﺭﻩ ﻟﻤﺪﺓ ﻗﺼﻴﺮﺓ. ﻋﻨﺪﻫﺎ ﻫﺮﻉ ﻧﺤﻮ ﻛﻮﻣﺎﺳﺎﻭﺍ-ﺳﺎﻥ، ﺍﻟﺘﻲ ﻛﺎﻧﺖ ﻭﺭﺍﺀ ﺍﻟﻜﺒﺎﺭ ﺍﻟﻤﺘﻮﺍﺭﻳﻦ ﻋﻦ ﺍﻷﻧﻈﺎﺭ، ﺑﺪﺍ ﺃﻧﻪ ﻳﺴﺄﻟﻬﺎ ﻋﻦ ﺷﻲﺀ ﻣﺎ.,"Khi chúng tôi tụ tập trong căn phòng lớn được phân như ban nãy, anh George xin phép chạy ra ngoài một lát. Anh vội đến chỗ bà Kumasawa, người đang theo sau hội người lớn đang khuất dần, và dường như hỏi bà điều gì đó.","Saat kami berkumpul di ruang sepupu yang ditentukan untuk kami, George-aniki meminta izin sebentar. Dia bergegas menghampiri Kumasawa-san yang mengikuti orang dewasa yang sudah pergi, sepertinya ingin menanyakan sesuatu.","Bize tahsis edilen kuzenlerin odasında toplandığımızda, George-aniki bir saniye müsaade istedi. Ortadan kaybolan yetişkinlerin arkasından gelen Kumasawa-san'ın yanına koştu ve ona bir şeyler soruyor gibiydi."
,He soon finished his business and came back.,He soon finished his business and came back. ," He soon finished his business and came back.",用事はすぐ済み、戻ってきた。,用事はすぐ済み、戻ってきた。,"Как только он закончил разговор, он вернулся к нам.",Ele logo terminou seus assuntos e voltou.,很快，他就问完回来了。,很快，他就問完回來了。,Presto finì ciò che stava facendo e tornò indietro.,"Avendo avuto subito la sua risposta, ritornò indietro.",No tardó en acabar y volvió.,ﻭﺳﺮﻋﺎﻥ ﻣﺎ ﺃﻧﻬﻰ ﺫﻟﻚ ﻭﻋﺎﺩ.,"Chẳng mấy chốc, anh quay lại sau khi hoàn tất việc.",Tak lama kemudian dia kembali.,Kısa süre sonra işini bitirip geri döndü.
Ushiromiya Battler,"""What's up, Aniki?""","""What's up, Aniki?"" ","""What's up, Aniki?""",「どうしたんだよ、兄貴。」,「どうしたんだよ、兄貴」,"""Что случилось, Аники?""","""O que foi, aniki?""",「怎么啦，大哥？」,「怎麼啦，大哥？」,"""Che c'è, Aniki?""","""Tutto a posto, fratellone?""","""¿Qué ocurre, Aniki?""","""ﻣﺎ ﺍﻷﻣﺮ ﻳﺎ ﺃﺧﻲ؟""","""Sao vậy anh?""","""Ada apa, Aniki?""","""Ne oldu, Aniki?"""
Ushiromiya George,"""Ah, nothing. I just wanted to ask something.""","""Ah, nothing. I just wanted to ask her something."" ","""Ah, nothing. I just wanted to ask something.""",「あー、何でもないよ。ちょっと聞きたいことがあっただけさ。」,「あー、何でもないよ。ちょっと聞きたいことがあっただけさ」,"""Да нет, ничего. Я всего лишь хотел спросить кое‐что.""","""Ah, nada. Eu só fui perguntar uma coisa.""",「啊——，没事。只是有点事情想问问。」,「啊——，沒事。只是有點事情想問問。」,"""Ah, nulla. Volevo solo chiedere una cosa.""","""Ah, nulla. Volevo solo chiedere una cosa.""","""Ah, no es nada. Solo tenía una pregunta.""","""ﺁﻩ، ﻻ ﺷﻲﺀ. ﺃﺭﺩﺕ ﻓﻘﻂ ﺃﻥ ﺃﺳﺄﻟﻬﺎ ﻋﻦ ﺷﻲﺀ.""","""À, không sao đâu. Anh chỉ muốn hỏi vài thứ thôi.""","""Ah, tidak ada. Cuma mau tanya sesuatu.""","""Ah, bir şey yok. Sadece bir şey sormak istemiştim."""
Ushiromiya Maria,"""Uu! Ask me too! Ask me tooo!""","""Uu-! Tell me too! Tell me too!"" ","""Uu-! Tell Maria too! Tell Maria too!""",「うー！　真里亞にも聞いて！　真里亞にも聞いてー！」,「うー！　真里亞にも聞いて！　真里亞にも聞いてー！」,"""У‐у! Расскажи Марии тоже! Расскажи Марии тоже!""","""Uu! Pergunte pra Maria também! Pergunte pra Maria também!""",「呜——！也来问真里亚嘛！也来问真里亚嘛！」,「嗚——！也來問真里亞嘛！也來問真里亞嘛！」,"""Uu-! Dillo anche a Maria! Dillo anche a Maria!""","""Uuh! Anche Maria vuole sentirlo! Anche Maria vuole sentirlo!""","""¡Uu! ¡Pregúntale también a María! ¡Pregúntale también a María!""","""ﺃﻭﻭ-! ﺍﺳﺄﻝ ﻣﺎﺭﻳﺎ ﺃﻳﻀﺎ! ﺍﺳﺄﻝ ﻣﺎﺭﻳﺎ ﺃﻳﻀﺎ!""","""Uu! Hỏi em nữa đi! Hỏi em nữa điii!""","""Uu! Tanya aku juga! Tanya aku juga!""","""Uu! Maria'ya da sor! Maria'ya da sooor!"""
Ushiromiya Jessica,"""......Hm~? Hmhuhuhuhu. What could it be that George nii‐san asks Kumasawa‐san and doesn't ask me, I wonder~? Ah, I don't have a clue~!""","""...Hmm? Heheheheh. What could George nii-san be asking Kumasawa-san and not me, I wonder? Ah, I don't have a clue!"" ","""......Hm~? Hmhuhuhuhu. What could it be that George nii-san asks Kumasawa-san and doesn't ask me, I wonder~? Ah, I don't have a clue~!""",「……ん〜？　んふふふふー。何かなぁ、譲治兄さんが、私に聞かなくて熊沢さんには聞くことって何かなぁ〜？　あー、全然検討がつかねぇぜー？」,「……ん〜？　んふふふふー。何かなぁ、譲治兄さんが、私に聞かなくて熊沢さんには聞くことって何かなぁ〜？　あー、全然見当がつかねぇぜー？」,"""......Хм~? Ху‐ху‐ху‐ху. Интересно, что бы это могло быть, о чём Джордж нии‐сан спросил Кумасаву‐сан и не спросил меня? Ах, я не имею понятия~!""","""......Hm~? Hmhuhuhuhu. O que o George nii‐san perguntou à Kumasawa‐san e que não podia perguntar para mim, o que pode ser~? Ah, eu não faço ideia~!""",「……嗯～？嗯哼哼哼哼。会是什么事情呢，能让让治哥不来问我反而去问熊泽婆婆的，会是什么事情呢～？啊——，我是完全想象不出来嘞？」,「……嗯～？嗯哼哼哼哼。會是什麼事情呢，能讓讓治哥不來問我反而去問熊澤婆婆的，會是什麼事情呢～？啊——，我是完全想像不出來嘞？」,"""... Hm~? Hmhuhuhuhu. Cosa potrà mai essere che George nii-san chiede a Kumasawa-san e non a me, mi chiedo~? Ah, non ne ho idea~!""","""...Mmh? Uhuhuhuh. Cosa potrà mai chiedere il cugino George a Kumasawa-san e non a me? Ah, non ne ho la più pallida idea!""","""¿Mm~? Mmjujujuju. ¿Me pregunto qué podría ser eso que George nii‐san le pregunta a Kumasawa pero no a mí~? ¡Ah, no tengo ni idea~!""",""".....ﻫﻤﻢ~؟ ﻫﻴﻬﻴﻬﻴﻬﻴﻪ. ﺗﺮﻯ ﻣﺎﺫﺍ ﻗﺪ ﻳﺴﺄﻝ ﻛﻮﻣﺎﺳﺎﻭﺍ-ﺳﺎﻥ ﻭﻟﻢ ﻳﺴﺄﻟﻨﻲ~؟ ﺁﻩ، ﻻ ﺃﻣﻠﻚ ﺃﻱ ﻓﻜﺮﺓ~!""","""......Hm~? Hmhuhuhuhu. Có chuyện gì mà anh George phải hỏi bà Kumasawa mà không hỏi em nhỉ~? Ah, em không biết được đâu á~!""","""......Hm~? Hmhuhuhuhu. Apa ya yang George nii-san tanyakan ke Kumasawa-san tapi tidak ke aku~? Ah, aku tidak tahu~!""","""......Hm~? Hmhuhuhuhu. George nii-san'ın Kumasawa-san'a sorup da bana sormadığı şey ne olabilir acaba~? Ah, hiçbir fikrim yok~!"""
Ushiromiya George,"""No, you misunderstand...! I'm not sure what you're misunderstanding but...!""","""No, it's a misunderstanding...! ...Not that I know what you're misunderstanding...!"" ","""No, it's a misunderstanding...! I'm not sure what Jessica-chan is misunderstanding but...!""",「いや、誤解だよ…！　朱志香ちゃんが何を誤解してるのか知らないけど…！」,「いや、誤解だよ…！　朱志香ちゃんが何を誤解してるのか知らないけど…！」,"""Нет, это недоразумение! Я не совсем уверен, что Джессика‐чан истолковала не так, но...""","""Não, você entendeu mal...! Eu não tenho certeza do que você entendeu mal, mas...!""",「不是啦，这是误会…！虽然不知道朱志香是误会了什么…！」,「不是啦，這是誤會…！雖然不知道朱志香是誤會了什麼…！」,"""No, ti stai sbagliando...! Non sono sicuro di quello che Jessica-chan stia fraintendendo ma...!""","""No, devi aver frainteso...! Non so cosa stia pensando Jessica-chan, però...!""","""¡No, es un malentendido! ¡No estoy seguro de qué es lo que Jessica‐chan está malentendiendo pero...!""","""ﻛﻼ، ﺇﻧﻪ ﺳﻮﺀ ﻓﻬﻢ...! ﻟﺴﺖ ﻣﺘﺄﻛﺪﺍ ﻣﻦ ﺳﻮﺀ ﻓﻬﻢ ﺟﻴﺴﻴﻜﺎ-ﺗﺸﺎﻥ ﻭﻟﻜﻦ...!""","""Không, em hiểu lầm rồi...! Anh không biết em có hiểu lầm hay không nhưng mà...!""","""Tidak, kamu salah paham...! Aku tidak yakin apa yang kamu salah paham tapi...!""","""Hayır, yanlış anladın...! Jessica-chan, neyi yanlış anladığından emin değilim ama...!"""
,Aniki was getting pretty tongue‐tied.,Aniki was getting pretty tongue-tied. ,"Aniki was getting pretty tongue-tied.",兄貴が何だかおたおたしている。,兄貴が何だかおたおたしている。,Что‐то Аники начал запинаться.,O aniki ficou bem enrolado.,大哥不知道为什么慌里慌张的。,大哥不知道為什麼慌里慌張的。,Aniki stava cominciando a farfugliare.,Il fratellone stava cominciando a farfugliare.,Aniki se estaba enredando bastante.,ﺍﻧﻌﻘﺪ ﻟﺴﺎﻥ ﺃﺧﻲ ﺑﺸﺪﺓ.,Anh George bắt đầu lắp bắp thấy rõ.,Aniki mulai terbata-bata.,Aniki'nin dili tutulmuştu.
,"It's like he has something to hide, and Jessica has the dirt on him.","It was almost as though he felt guilty about something, and Jessica knew exactly what he was worried about. "," It's almost as though he had a guilty conscience and he was putty in Jessica's hands.",何かやましいことでもあって、それを朱志香に握られてるとでも言う感じだな。,何かやましいことでもあって、それを朱志香に握られてるとでも言う感じだな。,"Можно было подумать, что у него нечиста совесть, поэтому Джессика вертела им, как хотела.","Como se ele estivesse escondendo algo, e a Jessica sabia o que era.",就像是做了什么亏心事，被朱志香抓住了把柄一样。,就像是做了什麼虧心事，被朱志香抓住了把柄一樣。,È come se avesse avuto la coscienza sporca e fosse diventato creta nelle mani di Jessica.,"Sembrava che avesse la coscienza sporca, e che Jessica lo tenesse in pugno per questo...",Era casi como si se sintiera culpable y fuera una marioneta en manos de Jessica.,ﻛﻤﺎ ﻟﻮ ﺃﻧﻪ ﻳﺸﻌﺮ ﺑﺎﻟﺬﻧﺐ ﻭﻳﻄﻠﺐ ﺍﻟﻤﻐﻔﺮﺓ ﺑﻴﻦ ﻳﺪﻱ ﺟﻴﺴﻴﻜﺎ.,"Nhìn như thể anh ấy đang giấu chuyện gì đó, còn Jessica thì nắm được hết rồi.","Sepertinya dia menyembunyikan sesuatu, dan Jessica tahu rahasianya.",Sanki saklayacak bir şeyi varmış ve Jessica da ona takılıyor gibiydi.
,"...Whatever it is, something only Jessica knows and I don't is no fun at all!","At any rate, it's no fun if Jessica gets to know about it and not me! ","...Why? Something only Jessica knows and I don't is no fun at all!",…何であれ、朱志香だけが知ってて俺は知らないなんて面白くないぜ！,…何であれ、朱志香だけが知ってて俺は知らないなんて面白くないぜ！,"...Так, Джессика знает что‐то, чего не знаю я! Я так не играю!","...Tanto faz o que seja, só a Jessica saber e eu não, não é divertido!",…不管是怎样，只有朱志香知道我却不知道，这可一点都不好玩！,…不管是怎樣，只有朱志香知道我卻不知道，這可一點都不好玩！,... Perché? Qualcosa che solo Jessica sa e io no non è per niente divertente!,"In ogni caso, non è divertente se Jessica sa qualcosa che io non so!","¡En cualquier caso, algo que solo Jessica sepa y yo no, no es nada divertido!",.....ﻣﺎ ﺍﻟﺴﺒﺐ؟ ﺷﻲﺀ ﻣﺎ ﺗﻌﺮﻓﻪ ﺟﻴﺴﻴﻜﺎ ﻭﺣﺪﻫﺎ ﻭﺃﻧﺎ ﺃﺟﻬﻠﻪ، ﺇﻥ ﺍﻷﻣﺮ ﻟﻴﺲ ﻣﻤﺘﻌﺎ ﺇﻃﻼﻗﺎ!,"...Mà nếu có chuyện gì chỉ có Jessica biết mà tôi thì không, thì chán chết luôn!","...Apapun itu, tidak adil kalau hanya Jessica yang tahu!","...Bu her neyse, sadece Jessica'nın bildiği ve benim bilmediğim bir şey hiç de eğlenceli değil!"
Ushiromiya Battler,"""Hey, Maria, it's not fair that we're the only ones out of the loop, is it no~w?! We wanna hear what they're talking about, don't we~?!""","""Hey, Maria, it looks like we're the only two out of the loop, right? Don't you wanna know what they're talking about?!"" ","""Well, Maria, it seems only us two are out of the loop, right~? What is this all about, now? I want to know, hmm~?!""",「なぁ真里亞、俺たちだけ除け者なんてねぇよなぁ〜？　何の話か聞きてぇよな〜？！」,「なぁ真里亞、俺たちだけ除け者なんてねぇよなぁ〜？　何の話か聞きてぇよな〜？！」,"""Тэк‐с, Мария, по‐видимому, только мы с тобой тут в непонятках. В чём дело‐то, а?! Колись, давай!""","""Ei, Maria, você não acha que não é justo só nós ficarmos de fora disso, não acha~?! Nós queremos saber o que eles estão falando, né~?!""",「我说啊真里亚，只让我们俩当局外人也太不公平了吧～？想听听到底是什么事，对不对啊～？！」,「我說啊真里亞，只讓我們倆當局外人也太不公平了吧～？想聽聽到底是什麼事，對不對啊～？！」,"""Beh, Maria, sembra che solamente noi due siamo fuori dal giro, vero~? {n}Che cosa riguarda tutto questo, eh? Voglio saperlo, hmm~?!""","""Beh, Maria, sembra che gli unici ad essere esclusi siamo noi, vero? Vogliamo sentire cosa dicono?!""","""Bueno, María, no es justo que solo tú y yo no nos enteremos de nada, ¿verdad~? ¡¿No quieres también saber de qué hablan~?!""","""ﺣﺴﻨﺎ ﻳﺎ ﻣﺎﺭﻳﺎ، ﻳﺒﺪﻭ ﺑﺄﻧﻨﺎ ﻧﺤﻦ ﺍﻹﺛﻨﺎﻥ ﺧﺎﺭﺝ ﺍﻟﺪﺍﺋﺮﺓ، ﺻﺤﻴﺢ~؟ ﻣﺎ ﺍﻟﺬﻱ ﺗﺨﻔﻴﻪ؟ ﺃﺭﻳﺪ ﺃﻥ ﺃﻋﺮﻑ، ﻫﻤﻢ~ ؟!""""","""Nè Maria, tụi mình bị ra rìa thì đâu có công bằng đúng không~?! Tụi mình cũng muốn biết hai người ấy đang nói gì chứ, đúng không~?!""","""Hei Maria, tidak adil kalau cuma kita yang tidak tahu, ka~n?! Kita juga ingin dengar apa yang mereka bicarakan, ya~?!""","""Hey Maria, bu döngüden sadece bizim haberdar olmamamız sence adil mi~? Ne konuştuklarını bilmek istiyoruz, öyle değil mi~?!"""
Ushiromiya Maria,"""Uu! Battler and me want to know too! Battler and me want to know too!""","""Uu-! We wanna know too! We wanna know too!"" ","""Uu-! Battler and Maria want to know too! Battler and Maria want to know too!""",「うー！　戦人と真里亞も聞きたいー！　戦人と真里亞も聞きたいー！」,「うー！　戦人と真里亞も聞きたいー！　戦人と真里亞も聞きたいー！」,"""У‐у! Мария и Баттлер тоже хотят знать! Мария и Баттлер тоже хотят знать!""","""Uu! O Battler e a Maria também querem saber! O Battler e a Maria também querem saber!""",「呜——！战人和真里亚也想听——！战人和真里亚也想听——！」,「嗚——！戰人和真里亞也想聽——！戰人和真里亞也想聽——！」,"""Uu-! Battler e Maria vogliono sapere! Battler e Maria vogliono sapere!""","""Uuh! Battler e Maria vogliono sentire! Battler e Maria vogliono sentire!""","""¡Uu! ¡Battler y María quieren saberlo también! ¡Battler y María quieren saberlo también!""","""ﺃﻭﻭ-! ﺑﺎﺗﻠﺮ ﻭﻣﺎﺭﻳﺎ ﻳﺮﻳﺪﺍﻥ ﺃﻥ ﻳﻌﺮﻓﺎ ﺃﻳﻀﺎ! ﺑﺎﺗﻠﺮ ﻭﻣﺎﺭﻳﺎ ﻳﺮﻳﺪﺍﻥ ﺃﻥ ﻳﻌﺮﻓﺎ ﺃﻳﻀﺎ!""","""Uu! Battler với em cũng muốn biết! Battler với em cũng muốn biết!""","""Uu! Battler dan aku juga ingin tahu! Battler dan aku juga ingin tahu!""","""Uu! Battler ve Maria da bilmek istiyor! Battler ve Maria da bilmek istiyor!"""
,"""""Uu‐uu‐uu‐uu!!!""""","""""Uu-uu-uu-uu-!!!"""" ","""""Uu-uu-uu-uu-!!!""""",「「うーうーうーうー！！！」」,「「うーうーうーうー！！！」」,"""У‐у‐у‐у!!!""","""""Uu‐uu‐uu‐uu!!!""""",「「呜——呜——呜——呜——！！！」」,「「嗚——嗚——嗚——嗚——！！！」」,"""""Uu-uu-uu-uu-!!!""""","""""Uuh, uuh, uuh, uuh!!!""""","""""¡¡¡Uu‐uu‐uu‐uu!!!""""","""""ﺃﻭﻭ-ﺃﻭﻭ-ﺃﻭﻭ-ﺃﻭﻭ-!!!""""","""""Uu‐uu‐uu‐uu!!!""""","""""Uu-uu-uu-uu!!!""","""""Uu-uu-uu-uu!!!"""""
,"I fooled around while ""uu‐uu""ing together with Maria.","I fooled around while ""uu""-ing together with Maria. ","I fooled around while ""Uu~""ing together with Maria.",真里亞と二人でうーうー唸りながら囃し立てる。,真里亞と二人でうーうー唸りながら囃し立てる。,"Я дурачился, укая на пару с Марией.","Eu fiquei brincando por aí enquanto ""uu‐uu""zava junto com a Maria.",我和真里亚两个人一起“呜——呜——”地吵吵了起来。,我和真里亞兩個人一起“嗚——嗚——”地吵吵了起來。,"Feci lo sciocco facendo ""Uu~"" insieme a Maria.","Io e Maria intonammo un ‘uuh, uuh’ insieme.","Hice el tonto un rato haciendo ""uu‐uu"" con María.","ﻓﻲ ﺗﻠﻚ ﺍﻷﺛﻨﺎﺀ ﺑﺪﻭﺕ ﺃﺣﻤﻘﺎ ﻳﺮﺩﺩ ""ﺃﻭﻭ~"" ﻣﻊ ﻣﺎﺭﻳﺎ.","Tôi bắt chước ""uu‐uu"" cùng với Maria và đùa giỡn.","Aku bermain-main sambil bilang ""uu-uu"" bersama Maria.","Maria ile birlikte ""uu-uu""larken etrafta dolanıyordum."
Ushiromiya George,"""No, I'm telling you...it's no big deal, ahahaha...""","""No, I'm telling you... It's no big deal, ahahaha..."" ","""No, I'm telling you... it's no big deal, ahahaha...""",「いや、だから…大したことじゃ、あははは…、」,「いや、だから…大したことじゃ、あははは…、」,"""Да нет же, говорю я вам... Это всего лишь пустяк, аха‐ха‐ха...""","""Não, eu não vou dizer...não é grande coisa, ahahaha...""",「不，都说了…不是什么值得一提的，啊哈哈哈……」,「不，都說了…不是什麼值得一提的，啊哈哈哈……」,"""No, ti sto dicendo... non è niente di che, ahahaha...""","""No, è che... non è niente di che, ahahahah...""","""No, ya se los he dicho... no es gran cosa, ajajaja...""","""ﻛﻼ، ﺇﻧﻨﻲ ﺃﻗﻮﻝ ﻟﻜﻢ.... ﺇﻧﻪ ﻟﻴﺲ ﺑﺎﻷﻣﺮ ﺍﻟﻤﻬﻢ، ﻫﻬﻬﻬﻬﻬﻪ...""","""Không, anh nói thật mà... chẳng có gì to tát đâu, ahahaha...""","""Tidak, sungguh...ini bukan hal besar, ahahaha...""","""Hayır, size söylüyorum...önemli bir şey değil, ahahaha..."""
Ushiromiya Battler,"""Li~ar! You suck at lying, now confess! Maria, you tickle his right side, I'll tickle his left!""","""Liar! I'm surprised you'd tell such a terrible lie, Aniki. Confess! Maria, you tickle his right side, I'll tickle his left!"" ","""Li~ar! You suck at lying, now confess! Maria, you tickle his right side, I'll tickle his left!""",「嘘吐けぇ〜！　兄貴にしちゃ嘘がヘタだぜ、白状しやがれぃ！　真里亞、お前は右脇をくすぐれ、俺は左脇だ！」,「嘘吐けぇ〜！　兄貴にしちゃ嘘がヘタだぜ、白状しやがれぃ！　真里亞、お前は右脇をくすぐれ、俺は左脇だ！」,"""Всё‐ты‐врёшь! А раз врун из тебя никудышный, то колись! Мария, ты щекочи его справа, а я зайду слева!""","""Mentiroso! Você é péssimo mentindo, confesse agora! Maria, você faz cócegas no lado direito e eu vou pelo esquerdo!""",「少骗人～！大哥真是不会说谎啊，给我老实交待！真里亚，你来挠右胳肢窝，我负责左边的！」,「少騙人～！大哥真是不會說謊啊，給我老實交待！真里亞，你來撓右胳肢窩，我負責左邊的！」,"""Bu~giar~do! Fai schifo a mentire, ora confessa! Maria, fagli il solletico da destra, io da sinistra!""","""Bugiardo! Fratellone, non sai dire bugie, confessa! Maria, fagli il solletico all'ascella destra, io penserò a quella sinistra!""","""¡Mentiroso~! Eres horrible mintiendo, Aniki. ¡Confiesa! ¡María, hazle cosquillas por la derecha, yo haré lo mismo por la izquierda!""","""ﻛﺎﺫ~ﺏ! ﺃﻧﺖ ﺳﻴﻰﺀ ﻓﻲ ﺍﻟﻜﺬﺏ، ﻟﺘﻌﺘﺮﻑ ﺍﻵﻥ! ﻣﺎﺭﻳﺎ، ﻗﻮﻣﻲ ﺑﺪﻏﺪﻏﺔ ﺟﺎﻧﺒﻪ ﺍﻷﻳﻤﻦ، ﻭﺃﻧﺎ ﺳﺄﺗﻮﻟﻰ ﺍﻟﺠﺎﻧﺐ ﺍﻷﻳﺴﺮ.""","""Xạo là rõ~! Anh dở tệ khoản nói dối luôn đó, mau khai ra đi! Maria, em cù bên phải, anh sẽ cù bên trái!""","""Bohooong! Kamu payah bohong, ngaku saja! Maria, gelitik sisi kanannya, aku gelitik kiri!""","""Yalan~cı! Yalan söylemekte berbatsın, şimdi itiraf et! Maria, sen onun sağ tarafını gıdıkla, ben de sol tarafını gıdıklayayım!"""
Ushiromiya Maria,"""Uu! Me on the right side, Battler on the left! Uu!""","""Uu-! I've got his right side, Battler's got his left! Uu-!"" ","""Uu-! Maria right side, Battler left! Uu-!""",「うー！　真里亞は右脇で、戦人は左脇だー！　うー！」,「うー！　真里亞は右脇で、戦人は左脇だー！　うー！」,"""У‐у! Мария справа, Баттлер слева! У‐у!""","""Uu! A Maria pela direita, o Battler pela esquerda! Uu!""",「呜——！真里亚负责右胳肢窝，战人负责左边——！呜——！」,「嗚——！真里亞負責右胳肢窩，戰人負責左邊——！嗚——！」,"""Uu-! Maria a destra, Battler a sinistra! Uu-!""","""Uuh! Maria all'ascella destra, Battler all'ascella sinistra! Uuh!""","""¡Uu! ¡María por la derecha, Battler por la izquierda! ¡Uu!""","""ﺃﻭﻭ-! ﻣﺎﺭﻳﺎ ﻣﻦ ﺍﻟﺠﺎﻧﺐ ﺍﻷﻳﻤﻦ، ﻭﺑﺎﺗﻠﺮ ﺍﻷﻳﺴﺮ! ﺃﻭﻭ-!""","""Uu! Em bên phải, Battler bên trái! Uu!""","""Uu! Aku kanan, Battler kiri! Uu!""","""Uu! Maria sağ tarafa, Battler sol tarafa! Uu!"""
Ushiromiya George,"""Wait a second!! Wait you two...!! Ahahaha, stop, ahahahahahaha!!""","""Wait a second!! Wait, you two...!! Ahahaha, stop, ahahahahahaha!!"" ","""Wait a second!! Wait you two...!! Ahahaha, stop, ahahahahahaha!!""",「ちょっと！！　二人ともやめて…！！　あははは、やめッ、あっはははははは！！」,「ちょっと！！　二人ともやめて…！！　あははは、やめッ、あっはははははは！！」,"""Постойте!!! Да подождите вы оба!.. Аха‐ха‐ха, хватит, аха‐ха‐ха‐ха‐ха‐ха!!!""","""Esperem um pouco!! Esperem, vocês dois...!! Ahahaha, parem, ahahahahahaha!!""",「喂喂喂！！你们两个别这样啊…！！啊哈哈哈，别，啊哈哈哈哈哈哈！！」,「喂喂喂！！你們兩個別這樣啊…！！啊哈哈哈，別，啊哈哈哈哈哈哈！！」,"""Aspettate un attimo!! Aspettate voi due...!! Ahahaha, fermi, ahahahahahaha!!""","""Aspettate!! Smettetela voi due...!! Ahahahah, fermi, ahahahahahahah!!""","""¡¡Esperen un momento!! ¡¡Esperen ustedes dos!! ¡¡Ajajaja, paren, ajajajajajaja!!""","""ﻣﻬﻼ ﻟﺤﻈﺔ!! ﻣﻬﻼ ﻛﻼﻛﻤﺎ...!!! ﺃﻫﻬﻬﻬﻬﻬﻬﻪ،ﺗﻮﻗﻔﺎ، ﺃﻫﺎﻫﺎﻫﺎﻫﺎﻫﺎﻫﺎﻫﺎ!!""","""Khoan đã nào!! Khoan đã mấy đứa...!! Ahahaha, dừng lại, ahahahahahaha!!""","""Tunggu sebentar!! Tunggu kalian berdua...!! Ahahaha, hentikan, ahahahahahaha!!""","""Bekle bir saniye!! Siz ikiniz durun...!! Ahahaha, dur, ahahahahahaha!!"""
,"George‐aniki rolled around on the bed in an effort to get away, and Maria and I played around chasing him.","Maria and I played around, chasing George-aniki as he tried to escape, rolling on the bed. ","Maria and I played around, chasing George-aniki, who ran away, rolling on the bed.",ベッドの上を転げ回るように逃げる譲治の兄貴を俺と真里亞で追っ掛けてじゃれ合う。,ベッドの上を転げ回るように逃げる譲治の兄貴を俺と真里亞で追っ掛けてじゃれ合う。,"Мария и я забавлялись, гоняя Джорджа‐аники, спасающегося от нас, катаясь по кровати.","O George‐aniki rolou pela cama tentando fugir, enquanto eu e a Maria o perseguíamos.",让治大哥为逃脱我们的魔爪在床上滚来滚去，我和真里亚则紧追不舍地与他嬉闹着。,讓治大哥為逃脫我們的魔爪在床上滾來滾去，我和真里亞則緊追不捨地與他嬉鬧著。,"Maria e io scherzammo, inseguendo George-aniki che scappò rotolando sul letto.","Maria ed io inseguivamo scherzosamente il fratellone, che cercava di scappare rotolando sopra il letto.","María y yo jugamos persiguiendo a George‐aniki, quien escapaba rodando por la cama.",ﺗﺴﻠﻴﺖ ﺃﻧﺎ ﻭﻣﺎﺭﻳﺎ ﺑﻤﻄﺎﺭﺩﺓ ﺃﺧﻲ ﺟﻮﺭﺝ ﺍﻟﺬﻱ ﻓﺮ ﺑﻌﻴﺪﺍ ﻟﻴﻠﺘﻒ ﻓﻲ ﺍﻟﺴﺮﻳﺮ.,"George‐aniki lăn lộn trên giường cố né, còn tôi với Maria thì đuổi theo để trêu anh ấy.","George-aniki berguling-guling di kasur menghindar, sementara Maria dan aku mengejarnya sambil bermain.","George-aniki kaçmak için yatağın üzerinde yuvarlandı, Maria ve ben de onu kovalayarak oynadık."
,"There's something in the back of my mind telling me I'm a high‐schooler now and not a damn kitten, but in spite of that, I missed this kind of fun.","I realize high-schoolers aren't supposed to bounce around like kittens, but I still missed this kind of fun. "," I think that when you're a high-schooler you try not to act like a kitten anymore, but in spite of that, I missed this kind of fun.",高校生にもなって猫の子じゃあるまいしとは思うが、やっぱりこういうじゃれ合いは懐かしい。,高校生にもなって猫の子じゃあるまいしとは思うが、やっぱりこういうじゃれ合いは懐かしい。,"Я считаю, что когда кто‐либо достигает возраста ученика старшей школы, он старается больше не вести себя как игривый котёнок, но, несмотря на это, я соскучился по такому веселью.","Algo me dizia que eu já era um colegial, e não uma criancinha, mas apesar disso, eu sinto falta desse tipo de diversão.",虽然心里清楚我已经是个高中生，不是什么小猫咪了，但果然这种嬉闹还是很令人怀念。,雖然心裡清楚我已經是個高中生，不是什麼小貓咪了，但果然這種嬉鬧還是很令人懷念。,"Penso che quando sei un liceale cerchi di non comportarti più come un bambino, ma nonostante questo, mi mancava questo genere di divertimento.","Arrivati alle superiori credo che non si dovrebbe più fare la peste, ma in fondo mi mancava giocare in questa maniera.","Algo en mi mente decía que ya era demasiado mayor para jugar así, pero aun así, extrañaba esta clase de diversión.",ﺃﻋﺘﻘﺪ ﺃﻥ ﻛﻮﻧﻚ ﻃﺎﻟﺒﺎ ﻓﻲ ﺍﻟﺜﺎﻧﻮﻳﺔ ﻳﺤﺘﻢ ﻋﻠﻴﻚ ﺍﻟﺘﻮﻗﻒ ﻋﻦ ﻓﻌﻞ ﻫﺬﻩ ﺍﻟﻨﻮﻋﻴﺔ ﻣﻦ ﺍﻟﺘﺼﺮﻓﺎﺕ، ﻭﻟﻜﻨﻲ ﺍﺷﺘﻘﺖ ﻟﻬﺬﺍ ﺍﻟﻨﻮﻉ ﻣﻦ ﺍﻟﻤﺮﺡ.,"Trong đầu tôi có giọng nói nhắc rằng mình là học sinh cấp ba rồi đấy, không còn là con nít nữa đâu, nhưng dù vậy, tôi vẫn nhớ cảm giác vui vẻ kiểu này.","Ada suara di kepalaku yang bilang aku sudah SMA bukan anak kucing, tapi aku rindu keseruan seperti ini.",Aklımın bir köşesinde artık bir kedi yavrusu değil de liseli olduğumu söyleyen bir şeyler vardı ama buna rağmen bu tür bir eğlenceyi özlemiştim.
,A warm kind of fun.,"A warm, cozy kind of fun. "," A warm kind of fun.",温かみのある楽しさだった。,温かみのある楽しさだった。,"Веселью, от которого на душе становится тепло.",Essa calorosa diversão.,是一种暖暖的快乐。,是一種暖暖的快樂。,Un affettuoso genere di divertimento.,Un modo caloroso per divertirsi.,Una cálida forma de diversión.,ﺇﻧﻪ ﻧﻮﻉ ﺩﺍﻓﺊ ﻣﻦ ﺍﻟﻤﺮﺡ.,Một niềm vui ấm áp.,Keseruan yang hangat.,Sıcak bir eğlence.
Ushiromiya Jessica,"""Haahahahaha, what George nii‐san was asking Kumasawa‐san, see... Hmm~? Well, you know how it is. It's been a year since he last came to the head house. Apparently he's really dying to say hi to any servants that might have joined or quit in the meantime, see?""","""Haahahahaha, George nii-san, what were you asking Kumasawa-san? Hmm? Well, I've got a good guess. It's been a year since the last time he visited the Head Family. Who knows what servants might've come and gone during that time? Either way, it looks like he'd like to go and say hi."" ","""Haahahahaha, George nii-san, what were you asking Kumasawa-san? Hmm~? Well, I've got a good guess. It's been a year since you last came to the head house. During that time, some servants retired while new ones came over...and you wanted to say hi, right?""",「はっはははは、譲治兄さんが熊沢さんに聞いたのはねー？　ん〜？　まぁほらアレだぜ。兄さんも本家は一年ぶりだからよ。その間に辞めた使用人とか入った使用人とか、そういうのがいたら挨拶したいーって、そういうことらしいぜぇ？」,「はっはははは、譲治兄さんが熊沢さんに聞いたのはねー？　ん〜？　まぁほらアレだぜ。兄さんも本家は一年ぶりだからよ。その間に辞めた使用人とか入った使用人とか、そういうのがいたら挨拶したいーって、そういうことらしいぜぇ？」,"""Ха‐ха‐ха‐ха‐ха, Джордж нии‐сан, что ты спрашивал у Кумасавы‐сан? Хм‐м~? Ну, впрочем, я догадываюсь. С твоего последнего визита в главный дом прошёл год. За это время какие‐то слуги уволились, и на их место пришли другие... А ты хотел кого‐то из них поприветствовать, верно я говорю?""","""Haahahahaha, o que o George nii‐san perguntou para a Kumasawa‐san, vejamos~... Hmm~? Bem, eu acho que sei o que é. Já faz um ano desde a última vez que ele veio para cá. Durante esse tempo, alguns serviçais foram embora e outros vieram...e você só quer cumprimentá‐los, certo?""",「哈哈哈哈哈，让治哥去问熊泽婆婆的事情啊……嗯～？肯定就是那个嘞。哥也一年没来本家了。估计是问了这段时间有没有辞职的佣人啊或者新来的佣人啊，如果有新来的想去打声招呼之类的嘞。」,「哈哈哈哈哈，讓治哥去問熊澤婆婆的事情啊……嗯～？肯定就是那個嘞。哥也一年沒來本家了。估計是問了這段時間有沒有辭職的傭人啊或者新來的傭人啊，如果有新來的想去打聲招呼之類的嘞。」,"""Haahahahaha, George-nii-san, cosa stavi chiedendo a Kumasawa-san? Hmm~? Beh, mi è venuto qualcosa in mente. È passato un anno da quando sei venuto l'ultima volta alla villa. Durante questo periodo dei domestici se ne sono andati e altri sono arrivati, e tu volevi salutarli, giusto?""","""Ahahahahahah, che avevi chiesto a Kumasawa-san, cugino George? Mmh?{n}Ah, capisco, è per quello. È passato un anno da quando sei venuto a trovarci.{n}In questo periodo sono andati e venuti vari domestici, e tu volevi presentarti a loro o qualcosa del genere, giusto?""","""Jaajajajaja, George nii‐san, ¿qué le preguntabas a Kumasawa‐san? ¿Mmm~? Bueno, tengo una idea. No has venido aquí en un año. En ese tiempo, algunos sirvientes se retiraron y otros nuevos llegaron... y querías saludar, ¿verdad?""","""ﻫﺎﻫﺎﻫﺎﻫﺎﻫﺎ، ﺃﺧﻲ ﺟﻮﺭﺝ، ﻣﺎﺫﺍ ﻛﻨﺖ ﺗﺴﺄﻝ ﻛﻮﻣﺎﺳﺎﻭﺍ-ﺳﺎﻥ؟ ﻫﻤﻤﻢ~؟ ﻻ ﺑﺄﺱ، ﻟﺪﻱ ﺗﺨﻤﻴﻦ ﺟﻴﺪ. ﻟﻘﺪ ﻣﺮ ﻋﺎﻡ ﻣﻨﺬ ﺁﺧﺮ ﻣﺮﺓ ﺃﺗﻴﺖ ﻓﻴﻬﺎ ﺇﻟﻰ ﺍﻟﻤﻨﺰﻝ ﺍﻟﺮﺋﻴﺴﻲ. ﺧﻼﻝ ﺫﻟﻚ ﺍﻟﻮﻗﺖ، ﺗﻘﺎﻋﺪ ﺑﻌﺾ ﺍﻟﺨﺪﻡ ﺑﻴﻨﻤﺎ ﺟﺎﺀ ﺧﺪﻡ ﺟﺪﺩ... ﻭﺃﺭﺩﺕ ﺃﻥ ﺗﻘﻮﻝ ﻟﻬﻢ ﻣﺮﺣﺒﺎ، ﺻﺤﻴﺢ؟""","""Haahahahaha, chuyện anh George hỏi bà Kumasawa đó, thì... Hmm~? À thì, em cũng biết mà. Một năm rồi anh ý mới quay lại nhà chính. Thì có vẻ là anh ý đang nóng lòng chào hỏi mấy gia nhân mới vào hay sắp nghỉ việc thôi mà.""","""Haahahahaha, sebenarnya yang George nii-san tanyakan ke Kumasawa-san itu... Hmm~? Yah, kamu tahu lah. Sudah setahun sejak terakhir ke rumah induk. Katanya dia ingin menyapa pelayan baru atau yang sudah berhenti, paham?""","""Haahahahaha, George nii-san'ın Kumasawa-san'a sorduğu şey... Hmm~? Şey, nasıl olduğunu bilirsin. En son buraya geleli bir yıl oldu. Görünüşe göre bu süre zarfında işe girmiş veya işten ayrılmış olabilecek hizmetkârlara merhaba demek için can atıyor, anlıyor musun?"""
Ushiromiya Maria,"""......Uu? Say hi, I'll say hi too!""","""......Uu-? Say hi, I wanna to say hi too!"" ","""......Uu-? Greet, Maria will greet too!""",「……うー？　挨拶する、真里亞も挨拶する！」,「……うー？　挨拶する、真里亞も挨拶する！」,"""......У‐у? Поприветствовать, Мария тоже поприветствует!""","""......Uu? Cumprimentá‐los, a Maria também quer cumprimentá‐los!""",「……呜——？要去打招呼！真里亚也要去打招呼！」,「……嗚——？要去打招呼！真里亞也要去打招呼！」,"""... Uu-? Salutare, anche Maria saluterà!""","""...Uuh? Presentarsi, anche Maria si presenterà!""","""¿Uu? ¡Saludar, María también saludará!""",""".......ﺃﻭﻭ-؟ ﺗﺤﻴﺔ، ﻣﺎﺭﻳﺎ ﺳﺘﻠﻘﻲ ﺍﻟﺘﺤﻴﺔ ﺃﻳﻀﺎ!""","""......Uu? Chào hỏi? Em cũng muốn chào hỏi!""","""......Uu? Sapa, aku juga mau sapa!""","""......Uu? Merhaba de, Maria da merhaba desin!"""
Ushiromiya Battler,"""What the hell, that's not anything to feel guilty about, Aniki. ......Hmm~~m? That's not it, is it?? Maria, don't be fooled, Aniki's still hiding somethi~ng! Resume interrogation!! Uworyaaa!!""","""What the hell, that's nothing to feel guilty about, Aniki. ......Hmmmm? I'm not buying it. Maria, don't be fooled, Aniki's still hiding something! More torture!! Uworyaaa!!"" ","""What the hell, that's not anything to feel guilty about, Aniki. ......Hmm~~m? That's not it?? Maria, don't be fooled, what are you hiding, Aniki? More torture!! Uworyaaa!!""",「何だよそれぇ、全然やましくねぇじゃねぇかよ兄貴。……う〜〜ん？　違うなぁ？？　真里亞、騙されるな、兄貴は何か隠してるぞ〜ん？　拷問再開だー！！　うをりゃああ〜！！」,「何だよそれぇ、全然やましくねぇじゃねぇかよ兄貴。……う〜〜ん？　違うなぁ？？　真里亞、騙されるな、兄貴は何か隠してるぞ〜ん？　尋問再開だー！！　うをりゃああ〜！！」,"""Ёлки‐палки, тут же совершенно нечего стыдиться, Аники. ......Хм‐м~~м? Так дело не в этом? Мария, не дай себя одурачить. Что это ты скрываешь, Аники? Допрос с пристрастием продолжается! Урра‐а‐а!""","""O que é isso? Você não precisa ficar se sentindo culpado por causa disso, aniki. ......Hmm~~m? Não é isso, né~?? Maria, não seja enganada, o aniki ainda está escondendo alguma coisa! Continuar o interrogatório!! Uworyaaa!!""",「什么嘛这个，根本没什么好隐瞒的啊大哥。……嗯～～？不对吧？？真里亚，不要被骗了，大哥肯定还隐瞒着什么哦～！拷问继续——！！呜嚯～！！」,「什麼嘛這個，根本沒什麼好隱瞞的啊大哥。……嗯～～？不對吧？？真里亞，不要被騙了，大哥肯定還隱瞞著什麼哦～！拷問繼續——！！嗚嚯～！！」,"""Che diamine, non c'è niente di cui vergognarsi, Aniki. ... Hmm~~m? Non è così?? Maria, non farti ingannare, cosa stai nascondendo, Aniki? Altra tortura!! Uworyaaa!!""","""Che diamine, non c'è nulla di cui vergognarsi, fratellone... Mmmh? O non era per quello?! Non farti ingannare Maria, cosa sta nascondendo il fratellone? Riprendiamo la tortura!! Woaaaaaah!!""","""Qué demonios, no debes sentirte culpable por eso, Aniki... ¿Mmmmmm? No es eso entonces, ¿no? ¡María, que no te engañe! ¡¿Qué escondes, Aniki?! ¡¡Más tortura!! ¡¡Uworyaaa!!""","""ﺑﺮﺑﻚ، ﻫﺬﺍ ﻟﻴﺲ ﺷﻴﺌﺎ ﻳﺸﻌﺮﻙ ﺑﺎﻟﺬﻧﺐ ﻳﺎ ﺃﺧﻲ. .........ﻫﻤﻤﻤﻢ~ﻣﻢ؟ ﺫﻟﻚ ﻟﻴﺲ ﺻﺤﻴﺤﺎ؟! ﻻ ﺗﻨﺨﺪﻋﻲ ﻳﺎ ﻣﺎﺭﻳﺎ، ﻣﺎﺫﺍ ﺗﺨﺒﺊ ﻳﺎ ﺃﺧﻲ؟ ﺍﻟﻤﺰﻳﺪ ﻣﻦ ﺍﻟﺘﻌﺬﻳﺐ!! ﺃﻭﻭﻭﻭﻳﻴﻴﺎﻩ!!""","""Cái quái gì chứ, chuyện đó thì có gì phải giấu đâu, anh George à. ......Hmm~~m? Không phải vậy đâu đúng không?? Maria, đừng để bị lừa, anh ấy vẫn còn giấu chuyện gì đó~! Tiếp tục tra khảo!! Uworyaaa!!""","""Lah, itu kan bukan hal yang perlu disembunyikan, Aniki. ......Hmm~~m? Bukan itu kan?? Maria jangan tertipu, Aniki masih menyembunyikan sesu~atu! Lanjutkan interogasi!! Uworyaaa!!""","""Ne olacak ki, bunda suçluluk duyulacak bir şey yok, Aniki. ......Hmm~~m? Sadece bu kadar değil, öyle değil mi?? Maria aldanma, Aniki hala bir şeyler saklı~yor! Sorgulamaya devam et!! Uworyaaa!!"""
Ushiromiya George,"""S‐stop it, seriously! Aahahahahaha! Maria‐chan, you too, stop already!!""","""S-Stop it, seriously! Aahahahahaha! Maria-chan, you too, stop already!!"" ","""S, stop it, seriously! Aahahahahaha! Maria-chan, you too, stop already!!""",「や、やめてよ本当に！　あっははははは！　真里亞ちゃんももうやめてー！！」,「や、やめてよ本当に！　あっははははは！　真里亞ちゃんももうやめてー！！」,"""Х‐хватит, я серьёзно! Аха‐ха‐ха‐ха‐ха‐ха! Мария‐чан, ты тоже завязывай уже!""","""P‐Para com isso, sério! Aahahahahaha! Maria‐chan, você também, pare com isso!!""",「快、快住手啦说真的！啊哈哈哈哈哈哈！小真里亚也快住手——！！」,「快、快住手啦說真的！啊哈哈哈哈哈哈！小真里亞也快住手——！！」,"""S-Smettila, seriamente! Aahahahahaha! Maria-chan, anche tu, finiscila!!""","""S-Smettetela, dico sul serio! Aahahahahahah! Maria-chan, anche tu, finiscila!!""","""¡E‐En serio, para! ¡Aajajajajaja! ¡¡María‐chan, ya detente!!""","""ﺗـ، ﺗﻮﻗﻒ ﻋﻦ ﻫﺬﺍ، ﺑﺠﺪﻳﺔ! ﺃﻫﻬﻬﻬﻬﻬﻬﻬﻬﻬﻬﺎ! ﻣﺎﺭﻳﺎ-ﺗﺸﺎﻥ، ﺃﻧﺖ ﺃﻳﻀﺎ، ﺗﻮﻗﻔﻲ!!""","""D‐dừng lại đi, nghiêm túc đó! Aahahahahaha! Bé Maria à, em cũng dừng lại đi!!""","""J-jangan, serius! Aahahahahaha! Maria-chan, kamu juga, sudahi dulu!!""","""K-Kesin şunu, cidden! Aahahahahaha! Maria-chan, sen de, durun artık!!"""
Ushiromiya Maria,"""Aahahahahaha, aahahahahaha! *giggle*giggle*!!""","""Aahahahahaha, aahahahahaha! Hahahaha!!"" ","""Aahahahahaha, aahahahahaha! Hahahaha!!""",「あっははははは、あっははははは！　きゃっきゃ、きゃっきゃ！！」,「あっははははは、あっははははは！　きゃっきゃ、きゃっきゃ！！」,"""Аха‐ха‐ха‐ха‐ха‐ха, ха‐ха‐ха‐ха‐ха! Кья‐кья, кья‐кья!""","""Aahahahahaha, aahahahahaha! *risos*risos*!!""",「啊哈哈哈哈哈，啊哈哈哈哈哈！哈哈哈哈，哈哈哈哈！！」,「啊哈哈哈哈哈，啊哈哈哈哈哈！哈哈哈哈，哈哈哈哈！！」,"""Aahahahahaha, aahahahahaha! Hahahaha!!""","""Aahahahahahah, ahhahahahahahah! Kyahah, kyahah!!""","""¡Aajajajajaja, aajajajajaja! ¡¡¡¡Jajajaja!!!!""","""ﺃﻫﻬﻬﻬﻬﻬﻬﻬﻪ، ﺃﻫﻬﻬﻬﻬﻬﻬﻪ! ﻫﻬﻬﻬﻬﻬﻬﻬﻬﻬﻬﻬﻬﻬﻪ!!""","""Aahahahahaha, aahahahahaha! *cười khúc khích*!!""","""Aahahahahaha, aahahahahaha! *cekikikan*cekikikan*!!""","""Aahahahahaha, aahahahahaha! *giggle*giggle*!!"""
Ushiromiya Jessica,"""They're probably busy with cleaning or lunch arrangements. It's alright, we'll go and greet them properly afterwards. Basically, you wanted Shannon out there to greet you, not that Gohda getting in the way, right?! Heeheheh!""","""She's probably busy cleaning or getting lunch ready. Don't worry, she'll drop by to say hi sooner or later. Heh, I'll bet you'd rather've been welcomed in by Shannon instead of that nosy Gohda. Heheheh!"" ","""They're probably busy with cleaning or lunch arrangements. It's alright, we'll go and greet them properly afterwards. Shannon's reception will sure be better than Gohda's nosy one, right? Heehehe!""",「多分、掃除とか昼飯の準備とかで忙しいんだよ。大丈夫、後でちゃんと挨拶に来るぜ。郷田の出しゃばりの出迎えより、紗音の出迎えの方が良かったーってんだろ？　へっへへ！」,「多分、掃除とか昼飯の準備とかで忙しいんだよ。大丈夫、後でちゃんと挨拶に来るぜ。郷田の出しゃばりの出迎えより、紗音の出迎えの方が良かったーってんだろ？　へっへへ！」,"""Они наверняка заняты уборкой или подготовкой к обеду. Так что не беда, встретимся и поприветствуем их опосля. Уж приём Шаннон будет получше шумного приёма Годы, верно я говорю? Хе‐хе‐хе!""","""Ela deve estar ocupada limpando ou preparando o almoço. Tudo bem, vamos poder cumprimentá‐la melhor depois. Basicamente, ser recebido pela Shannon é muito melhor do que pelo Gohda, certo?! Heeheheh!""",「她大概在忙着做大扫除呀准备午饭之类的呢。没关系，等会儿肯定会来打招呼嘞。比起乡田那种多管闲事的出迎，哥你还是希望纱音来出迎吧？嘿嘿嘿！」,「她大概在忙著做大掃除呀準備午飯之類的呢。沒關係，等會兒肯定會來打招呼嘞。比起鄉田那種多管閑事的出迎，哥你還是希望紗音來出迎吧？嘿嘿嘿！」,"""Probabilmente sono impegnati con le pulizie o i preparativi per il pranzo. {n}Va bene, andremo a salutarli come si deve più tardi. L'accoglienza di Shannon sarà sicuramente migliore di quella curiosa di Gohda, vero? Heehehe!""","""Probabilmente è impegnata con le pulizie o i preparativi per il pranzo. Tranquillo, passerà a salutarci più tardi. Scommetto che all'accoglienza di quell'invadente di Gouda avresti preferito quella di Shannon, vero? Eheheh!""","""Deben de estar ocupados limpiando o preparando la comida. Está bien, iremos y les saludaremos como debe ser luego. Entonces, querías que Shannon te recibiera, y no el entrometido de Gohda, ¿verdad? ¡Jejeje!""","""ﻋﻠﻰ ﺍﻷﺭﺟﺢ ﺃﻧﻬﻢ ﻣﻨﺸﻐﻠﻮﻥ ﺑﺎﻟﺘﻨﻈﻴﻒ ﻭﺗﺮﺗﻴﺒﺎﺕ ﺍﻟﻐﺪﺍﺀ. ﻻ ﺑﺄﺱ، ﺳﻨﺬﻫﺐ ﻭﻧﺤﻴﻴﻬﻢ ﺑﻌﺪ ﺫﻟﻚ. ﺍﺳﺘﻘﺒﺎﻝ ﺷﺎﻧﻮﻥ ﻟﻨﺎ ﺳﻴﻜﻮﻥ ﺃﻓﻀﻞ ﻣﻦ ﺍﺳﺘﻘﺒﺎﻝ ﻗﻮﺩﺍ ﺍﻟﻔﻀﻮﻟﻲ، ﺻﺤﻴﺢ؟ ﻫﻬﻬﻬﻬﻬﻪ!""","""Có lẽ họ đang bận dọn dẹp hoặc chuẩn bị bữa trưa. Không sao đâu, tụi mình sẽ chào hỏi đàng hoàng sau. Căn bản là, anh muốn Shannon ra chào mình chứ gì, chứ không phải bị chú Gohda chen ngang đúng không?! Heeheheh!""","""Mereka mungkin sibuk bersih-bersih atau persiapan makan siang. Tidak apa, nanti kita sapa mereka baik-baik. Intinya kamu ingin Shannon yang menyambutmu, bukan si Gohda itu kan?! Heeheheh!""","""Muhtemelen temizlikle ya da yemek hazırlığıyla meşguldürler. Sorun değil, daha sonra gidip onları düzgünce karşılarız. Aslında Shannon'un seni karşılamasını istiyordun, Gohda'nın karşılamasını değil, değil mi?! Heeheheh!"""
Ushiromiya Battler,"""Shannon? ......Shannon. ......Aaaaaaaaahh... I remember, that girl! She's still a servant now? How is she?!""","""Shannon? ......Shannon. ...Aaaaahh... Yeah, I remember a girl with that name! Is she still a servant? How's she doing?!"" ","""Shannon? ......Shannon. ......Aaaaaaaaahh... I remember, that girl! She's still a servant now? Such spirit!""",「紗音？　……しゃのん。……あぁぁあああぁ…。思い出したぜ、そんな子もいたな！　今も使用人やってんのか？　元気かよ！」,「紗音？　……しゃのん。……あぁぁあああぁ…。思い出したぜ、そんな子もいたな！　今も使用人やってんのか？　元気かよ！」,"""Шаннон? ......Шаннон... ......А‐а‐а‐а‐а... Я её помню! Она всё ещё работает служанкой? Однако!""","""Shannon? ......Shannon. ......Aaaaaaaaahh... Eu me lembrei, aquela garota!{n}Ela ainda trabalha aqui? Como ela está?!""",「纱音？……纱音。……啊啊啊啊啊啊啊…！想起来了，是有这么一位！她现在还在做佣人啊？还精不精神啊！」,「紗音？……紗音。……啊啊啊啊啊啊啊…！想起來了，是有這麼一位！她現在還在做傭人啊？還精不精神啊！」,"""Shannon? ... Shannon. ... Aaaaaaaaahh... mi ricordo, quella ragazza! È ancora una domestica? Come sta, bene?!""","""Shannon...? Shannon... Aaaaaaaaahh... Mi ricordo di quella ragazza! È ancora una domestica? Come sta?!""","""¿Shannon? Shannon... Aaaaaaaaahh... ¡Ya recuerdo, esa chica! ¿Sigue siendo una sirvienta? ¡¿Qué tal le va?!""","""ﺷﺎﻧﻮﻥ؟ ......ﺷﺎﻧﻮﻥ. .........ﺁﺁﺁﺁﺁﺁﺁﺁﺁﺁﺁﺁﺁﺁﺁﺁﺁﺁﻩ... ﺃﺗﺬﻛﺮ ﺗﻠﻚ ﺍﻟﻔﺘﺎﺓ! ﻻ ﺗﺰﺍﻝ ﺧﺎﺩﻣﺔ ﺣﺘﻰ ﺍﻵﻥ؟ ﻛﻴﻒ ﺣﺎﻟﻬﺎ؟""","""Shannon hả? ......Shannon. ......Aaaaaaaaahh... Nhớ rồi, cô gái đó! Vẫn còn làm hầu gái à? Giờ cô ấy thế nào rồi?!""","""Shannon? ......Shannon. ......Aaaaaaaaahh... Aku ingat, gadis itu! Dia masih jadi pelayan sekarang? Bagaimana kabarnya?!""","""Shannon mu? ......Shannon. ......Aaaaaaaaahh... O kızı hatırlıyorum! O hala hizmetkâr mı? O nasıl?!"""
Ushiromiya Hideyoshi,"""By the way, Natsuhi nee‐san. How's your headache been lately? It seemed to be pretty serious for a time.""","""By the way, Natsuhi nee-san, how's your headache been lately? It seemed pretty serious before."" ","""By the way, Natsuhi nee-san. How's your headache been lately? It seemed to be pretty serious for a time.""",「そういや、夏妃姉さん。最近は頭痛の方はどうなんや。一時、だいぶしんどそうにしとったろ。」,「そういや、夏妃姉さん。最近、頭痛の方はどうなんや。一時、だいぶしんどそうにしとったろ」,"""Кстати, Нацухи нээ‐сан, как у тебя с головной болью последнее время? Похоже, она тебе ещё сильно докучает.""","""A propósito, Natsuhi nee‐san. Como está a sua enxaqueca? Ela parecia ser bem séria.""",「说起来，夏妃姐姐呐。最近头痛好些了么？有段时间你看起来一直是很累的样子呐。」,「說起來，夏妃姐姐吶。最近頭痛好些了麼？有段時間你看起來一直是很累的樣子吶。」,"""Comunque, Natsuhi Nee-san. Come va ultimamente il tuo mal di testa? Sembrava abbastanza fastidioso l'altra volta.""","""Comunque, Natsuhi-san. Come va il tuo mal di testa? L'ultima volta sembrava farti molto male.""","""Por cierto, Natsuhi nee‐san. ¿Cómo va tu dolor de cabeza? Parecía muy desagradable en su día.""","""ﺑﺎﻟﻤﻨﺎﺳﺒﺔ، ﻳﺎ ﺃﺧﺘﻲ ﻧﺎﺗﺴﻮﻫﻲ. ﻛﻴﻒ ﺣﺎﻝ ﺻﺪﺍﻋﻚ ﻣﺆﺧﺮﺍ؟ ﻳﺒﺪﻭ ﺑﺄﻧﻪ ﻳﺰﺩﺍﺩ ﺧﻄﻮﺭﺓ ﻋﻦ ﻛﻞ ﻣﺮﺓ.""","""Nhân tiện, chị Natsuhi à. Gần đây chị còn bị đau đầu nữa không? Hồi trước thấy có vẻ nghiêm trọng lắm.""","""Ngomong-ngomong, Natsuhi nee-san. Bagaimana sakit kepalamu belakangan ini? Sepertinya cukup parah beberapa waktu lalu.""","""Bu arada, Natsuhi nee-san. Son zamanlarda baş ağrın nasıl? Bir süredir oldukça ciddi görünüyordu."""
Ushiromiya Natsuhi,"""...I have been much better lately. Thank you for your concern.""","""...I have been much better lately. Thank you for your concern."" ","""...I have been much better lately. Thank you for your concern.""",「…お陰で、最近はだいぶ調子がいいです。心配をしてくれてありがとう。」,「…お陰で、最近はだいぶ調子がいいです。心配をしてくれてありがとう」,"""...Благодарю. Последнее время я чувствую себя нормально. Спасибо за заботу.""","""...Agradeço por se preocupar, mas estou me sentindo melhor ultimamente. Obrigada pela preocupação.""",「…托您的福，最近已经好多了。谢谢关心。」,「…托您的福，最近已經好多了。謝謝關心。」,"""... Ultimamente sono stata molto meglio. Grazie per il tuo interessamento.""","""...Ultimamente sto molto meglio, grazie al cielo. Grazie per essertene preoccupato.""","""... Gracias. Últimamente he estado bien. Agradezco tu preocupación.""","""...ﺃﺻﺒﺤﺖ ﺃﻓﻀﻞ ﺑﻜﺜﻴﺮ ﻓﻲ ﺍﻵﻭﻧﺔ ﺍﻷﺧﻴﺮﺓ. ﺷﻜﺮﺍ ﻻﻫﺘﻤﺎﻣﻚ.""","""...Dạo này chị đã khá hơn nhiều rồi. Cảm ơn chú đã quan tâm.""","""...Sudah jauh lebih baik. Terima kasih atas perhatiannya.""","""...Son zamanlarda çok daha iyiyim. Düşündüğünüz için teşekkür ederim."""
Ushiromiya Rosa,"""Oh, right, here. A present for you, Natsuhi nee‐san.""","""Oh, right. Here. A present for you, Natsuhi nee-san."" ","""Oh, right. Here. A present for you, Natsuhi nee-san.""",「そうだ、これ。夏妃姉さんにお土産。」,「そうだ、これ。夏妃姉さんにお土産」,"""О, кстати, вот тебе подарок, Нацухи нээ‐сан.""","""É mesmo, aqui. Um presente para você, Natsuhi nee‐san.""",「对了，这个。这是给夏妃姐姐的礼物。」,「對了，這個。這是給夏妃姐姐的禮物。」,"""Oh, giusto. Tieni. Un regalo per te, Natsuhi Nee-san.""","""Oh, giusto, tieni. È un pensierino per te, Natsuhi-san.""","""Ah, cierto. Toma. Un regalo para ti, Natsuhi nee‐san.""","""ﺃﻭﻩ، ﺻﺤﻴﺢ. ﺗﻔﻀﻠﻲ. ﻫﺪﻳﺔ ﻣﻦ ﺃﺟﻠﻚ ﻳﺎ ﺃﺧﺘﻲ ﻧﺎﺗﺴﻮﻫﻲ.""","""À, đúng rồi, đây. Em có chút quà gửi chị Natsuhi ạ.""","""Oh iya, ini. Hadiah untukmu, Natsuhi nee-san.""","""Oh, doğru, işte. Natsuhi nee-san, senin için bir hediye."""
Ushiromiya Natsuhi,"""......Thank you once again. I'm always receiving gifts from you. ...Is this black tea?""","""......Thank you very much. I'm always receiving gifts from you. ...Is this black tea?"" ","""......Thank you very much. I'm always receiving gifts from you. ...Is this black tea?""",「……いつもありがとう。貴方には何かをもらってばかりね。…これは、紅茶？」,「……いつもありがとう。貴方には何かをもらってばかりね。…これは、紅茶？」,"""......Большое спасибо. Я всегда получаю подарки от тебя. ...Это чёрный чай?""","""......Mais uma vez, obrigada. Eu estou sempre recebendo presentes seus. ...Isso é chá preto?""",「……一直以来都谢谢你了。总是收你送来的礼物呢。…这是，红茶？」,「……一直以來都謝謝你了。總是收你送來的禮物呢。…這是，紅茶？」,"""... Grazie mille. Ricevo sempre dei regali da parte tua. ... È tè nero?""","""...Grazie di tutto. Ricevo sempre qualcosa da parte tua... È del tè nero?""","""Muchas gracias. No dejo de recibir regalos tuyos. ¿Es té negro?""","""...........ﺃﺷﻜﺮﻙ ﻟﻠﻐﺎﻳﺔ. ﺩﻭﻣﺎ ﺃﺗﻠﻘﻰ ﻫﺪﺍﻳﺎ ﻣﻨﻚ. .........ﺃﻫﺬﺍ ﺷﺎﻱ ﺃﺳﻮﺩ؟""","""......Chị xin cảm ơn cô lần nữa nhé. Lúc nào chị cũng có quà từ cô mãi. ...Đây là trà đen à?""","""......Terima kasih lagi. Aku selalu menerima hadiah darimu. ...Ini teh hitam?""","""......Bir kez daha teşekkür ederim. Senden hep hediyeler alıyorum. ...Bu siyah çay mı?"""
Ushiromiya Rosa,"""It's herb tea with peppermint and lemon balm. It's a blend from a famous store and is supposed to be good for headaches. I thought it might help you too.""","""It's herb tea with peppermint and lemon balm. It's a blend from a well-known store, and it's supposed to be good for headaches. I thought it might help you too."" ","""It's herb tea with peppermint and lemon balm. It's a blend from a well-known store and is supposed to be good for headaches. I thought it might help you too.""",「ペパーミントとレモンバームのハーブティー。頭痛によく効くって有名なお店のブレンドなの。姉さんにも効くかなって思って。」,「ペパーミントとレモンバームのハーブティー。頭痛によく効くって有名なお店のブレンドなの。姉さんにも効くかなって思って」,"""Это отвар из перечной и лимонной мяты. Его смешали в известном магазине, и он должен быть хорошим средством против головных болей. Я подумала, что он может тебе пригодиться.""","""É um chá de ervas com hortelã e erva‐cidreira. É uma mistura feita por uma loja famosa e, aparentemente, é bom para dor de cabeça. Eu pensei que isso pudesse te ajudar.""",「是薄荷加柠檬叶的香草茶。听说这对头痛很有效，是一家名店调配的。我想着可能对姐姐的身体有好处，就买来了。」,「是薄荷加檸檬葉的香草茶。聽說這對頭痛很有效，是一家名店調配的。我想著可能對姐姐的身體有好處，就買來了。」,"""È una tisana con menta piperita e melissa cedronella. È una miscela di un negozio famoso e dicono sia ottima per le emicranie. Ho pensato che potrebbe aiutarti.""","""È una tisana con menta piperita ed erba cedrina. È una miscela di un negozio famoso, e dicono sia ottima per le emicranie. Ho pensato che potesse esserti utile.""","""Es té de hierbas con menta y bálsamo de limón. Es una mezcla de una tienda muy conocida y se supone que es bueno para dolores de cabeza. Supuse que podría serte de ayuda.""","""ﺇﻧﻪ ﺷﺎﻱ ﺃﻋﺸﺎﺏ ﻣﻊ ﺍﻟﻨﻌﻨﺎﻉ ﻭﺭﺍﺋﺤﺔ ﺍﻟﻠﻴﻤﻮﻥ. ﺧﻠﻴﻂ ﻣﻦ ﻣﺘﺠﺮ ﻣﻌﺮﻭﻑ ﻭﻣﻦ ﺍﻟﻤﻔﺘﺮﺽ ﺃﻥ ﻳﻜﻮﻥ ﺟﻴﺪﺍ ﻟﻠﺼﺪﺍﻉ. ﻇﻨﻨﺖ ﺑﺄﻧﻪ ﻗﺪ ﻳﺴﺎﻋﺪﻙ ﺃﻳﻀﺎ.""","""Là trà thảo mộc pha bạc hà và tía tô đất ạ. Đây là loại trà được pha chế đặc biệt từ một cửa hàng nổi tiếng, nghe nói là sẽ tốt cho những ai hay bị đau đầu. Em nghĩ có thể giúp ích cho chị ạ.""","""Teh herbal dengan peppermint dan lemon balm. Racikan dari toko terkenal yang katanya baik untuk sakit kepala. Kukira mungkin bisa membantumu juga.""","""Nane ve melisa içeren bir bitki çayı. Ünlü bir mağazanın karışımı ve baş ağrısına iyi geldiği söyleniyor. Sana da iyi gelebileceğini düşündüm."""
,Rosa was always a conscientious woman.,Rosa was always a conscientious woman. ,"Rosa was always a conscientious woman.",楼座は昔から気が効く女性だった。,楼座は昔から気が利く女性だった。,Роза всегда была добросовестной женщиной.,Rosa sempre foi uma mulher conscienciosa.,楼座从以前开始就是这么个心细的人。,樓座從以前開始就是這麼個心細的人。,Rosa è sempre stata una donna coscienziosa.,Rosa è sempre stata una donna coscienziosa...,Rosa era siempre muy atenta.,ﻟﻄﺎﻟﻤﺎ ﻛﺎﻧﺖ ﺭﻭﺯﺍ ﺍﻣﺮﺃﺓ ﺫﺍﺕ ﺿﻤﻴﺮ.,Rosa lúc nào cũng là người chu đáo.,Rosa selalu wanita yang penuh pertimbangan.,Rosa her zaman vicdanlı bir kadındı.
,"...Probably because she was the youngest of four, and by quite some distance, she managed to grow up without harboring the venomosity of her siblings.","...Probably because she was the youngest of four and much younger than the other three, she managed to grow up without gaining the venomous nature of her siblings. ","...Probably because she was the youngest of four siblings and much younger than the other three, she managed to grow up without harboring the venomosity of her siblings.",…４兄弟の末っ子であり、上の３人と歳が大きく離れていることもあって、兄や姉たちの毒気を宿さずに成長できたお陰かもしれない。,…４兄弟の末っ子であり、上の３人と歳が大きく離れていることもあって、兄や姉たちの毒気を宿さずに成長できたお陰かもしれない。,"Вероятно из‐за того, что она была самой младшей среди братьев и сестёр, ей удалось вырасти, не приобретя язвительности — черты, присущей её братьям и сестре.","...Provavelmente por ser a mais nova de nós, e por causa de uma pequena distância, ela conseguiu crescer sem se contaminar com o veneno de seus irmãos.",…也许是因为她在四兄妹中排最小，而且和上面三个哥哥姐姐的年纪相差很大，因此在成长过程中没有染上哥哥姐姐们的恶习吧。,…也許是因為她在四兄妹中排最小，而且和上面三個哥哥姐姐的年紀相差很大，因此在成長過程中沒有染上哥哥姐姐們的惡習吧。,"... Probabilmente perché era la più giovane dei quattro fratelli e molto più giovane degli altri tre, era riuscita a crescere senza covare la velenosità dei suoi fratelli e sorelle.","Probabilmente, essendo la più giovane dei quattro fratelli e molto più piccola in confronto agli altri tre, era riuscita a crescere senza covare la velenosità dei suoi fratelli e sorelle.","Probablemente al ser la más joven de los cuatro hermanos, con gran diferencia, consiguió crecer sin albergar la venenosidad de sus hermanos.",...ﺭﺑﻤﺎ ﻷﻧﻬﺎ ﻛﺎﻧﺖ ﺃﺻﻐﺮ ﺍﻷﺷﻘﺎﺀ ﺍﻷﺭﺑﻌﺔ ﻭﺃﺻﻐﺮ ﺑﻜﺜﻴﺮ ﻣﻦ ﺛﻼﺛﺘﻬﻢ، ﻟﻘﺪ ﺗﻤﻜﻨﺖ ﻣﻦ ﺍﻟﻨﻤﻮ ﺩﻭﻥ ﺍﻛﺘﺴﺎﺏ ﺳﻤﻮﻡ ﺇﺧﻮﺗﻬﺎ.,"...Có lẽ vì cô là con út trong bốn anh em, và cũng kém xa tuổi so với các anh chị, nên cô đã lớn lên mà không mang lòng đố kỵ như các anh chị của mình.","...Mungkin karena dia anak keempat dengan jarak usia cukup jauh, dia tumbuh tanpa menyimpan racun seperti saudara-saudaranya.","...Muhtemelen dört kardeşin en küçüğü olduğu için, hem de epey bir farkla, kardeşlerinin kinini barındırmadan büyümeyi başarmıştı."
,"Her consideration made Natsuhi soften her expression for just a moment, but it wasn't enough to undo the many years of anxiety that had curdled her expression into one of bland indifference...","Her kind words got Natsuhi to soften her expression for just a moment, but it wasn't enough to melt her stony gaze, hardened as it was by long years of mental stress. "," Her consideration made Natsuhi soften her expression for just a moment, but it wasn't enough to make her let down her guard, which was constructed around her long-held anxiety.",その気遣いに夏妃は一瞬だけ表情を和ませるが、長年の気苦労によって凝り固まってしまったその淡白な表情を解すほどには至らなかった…。,その気遣いに夏妃は一瞬だけ表情を和ませるが、長年の気苦労によって凝り固まってしまったその淡白な表情を解すほどには至らなかった…。,"Лицо Нацухи чуть смягчилось от проявленной к ней Розой заботы, но лишь на мгновение. Этого было явно недостаточно, чтобы ослабить её настороженность, подпитываемую долго сдерживаемой тревогой.","A consideração dela fez Natsuhi demonstrar uma expressão suave por um momento, mas não foi o suficiente para sobrepor os diversos anos de ansiedade que a deixaram com uma expressão branda de indiferença...",这份关心使得夏妃露出了片刻舒缓的表情，但这种程度还不足以缓解，因长年辛苦操劳而凝固住的淡漠神情…。,這份關心使得夏妃露出了片刻舒緩的表情，但這種程度還不足以緩解，因長年辛苦操勞而凝固住的淡漠神情…。,"La sua considerazione portò Natsuhi a rilassare la sua espressione solo per un attimo, ma non era abbastanza per farle abbassare la guardia, costruita attorno alla sua longeva ansia.","La sua accortezza fece rilassare per un attimo il volto di Natsuhi, ma non era abbastanza per sciogliere la sua espressione indifferente, irrigiditasi a causa dei lunghi anni di forte stress.","Su consideración suavizó momentáneamente la expresión de Natsuhi, pero no lo suficiente como para bajar la guardia, que había sido construida por años en torno a su interminable ansiedad...",ﺍﻫﺘﻤﺎﻣﻬﺎ ﺟﻌﻞ ﻧﺎﺗﺴﻮﻫﻲ ﻋﺎﺟﺰﺓ ﻋﻦ ﺍﻟﺘﻌﺒﻴﺮ ﻟﻠﺤﻈﺔ، ﻭﻟﻜﻦ ﻟﻢ ﻳﻜﻦ ﻛﺎﻓﻴﺎ ﻟﺘﻘﻠﻞ ﻣﻦ ﺣﺬﺭﻫﺎ ﺍﻟﺬﻱ ﻧﺸﺄ ﺑﺴﺒﺐ ﻗﻠﻘﻬﺎ ﻣﻨﺬ ﻓﺘﺮﺓ ﻃﻮﻳﻠﺔ.,"Sự quan tâm của cô khiến Natsuhi cảm thấy dịu lại một chút, nhưng không đủ để cô xóa tan nét lo âu hằn trên gương mặt của mình, vốn đã bị bao năm căng thẳng hóa thành như vô cảm...","Sikapnya membuat ekspresi Natsuhi melunak sejenak, tapi tidak cukup untuk menghapus kecemasan bertahun-tahun yang telah mengeras di wajahnya...","Onun bu düşüncesi Natsuhi'nin yüz ifadesini bir anlığına yumuşatmasına neden oldu, ama bu, yüz ifadesini yumuşak bir kayıtsızlığa dönüştüren uzun yılların endişesini ortadan kaldırmaya yetmedi..."
Ushiromiya Eva,"""Oh yes, you always were saying you get those headaches. Pull yourself together. Jessica‐chan will have her exams this year, won't she? Isn't that a turning point in her life? How can she count on her mother like that? Besides, Natsuhi nee‐san, you're three years younger than me. Can't you pull yourself together?""","""Come to think of it, you're always complaining about those headaches. Pull yourself together. Jessica-chan has her exams this year, right? That's going to be a turning point in her life. Will she really be able to rely on you as a mother if you're like that? Besides, Natsuhi nee-san, you're three years younger than me. You should get your act together."" ","""That reminds me, you were always saying you get those headaches. Pull yourself together. Jessica-chan will have her exams this year, won't she? Isn't that a turning point in her life? Are you that unreliable as a mother? Besides, Natsuhi nee-san, you're three years younger than me. Can't you pull yourself together?""",「そう言えばあなた、いっつも頭痛だって言ってたわねぇ。しっかりなさいな？　朱志香ちゃん、今年は受験でしょう？　人生の節目じゃない。母親のあなたがそんなじゃ頼りないわよぅ？　それに夏妃姉さん、私より３つも若いんだからぁ。もうちょっとしっかりなさい？」,「そう言えばあなた、いっつも頭痛だって言ってたわねぇ。しっかりなさいな？　朱志香ちゃん、今年は受験でしょう？　人生の節目じゃない。母親のあなたがそんなじゃ頼りないわよぅ？　それに夏妃姉さん、私より３つも若いんだからぁ。もうちょっとしっかりなさい？」,"""Я припоминаю, ты постоянно твердила о приключающихся у тебя головных болях. Соберись. Джессике предстоит сдавать экзамены в этом году, не так ли? Разве это не поворотный пункт в её жизни? Неужели ты настолько ненадёжная мать? К тому же ты на три года моложе меня, Нацухи нээ‐сан. Неужели тебе так трудно собраться с силами?""","""Isso me lembra que você está sempre dizendo que está com dor de cabeça. Você precisa se controlar. A Jessica‐chan vai fazer vestibular esse ano, não vai? É um ponto de mudança na vida dela, não? Como ela vai poder contar com uma mãe assim? Além disso, Natsuhi nee‐san, você é três anos mais jovem que eu. Não pode aguentar um pouco mais?""",「说起来，你总是说着头痛头痛呢。振作点哟？朱志香今年是要高考了吧？是人生的紧要关头哦。当母亲的你变成这样她还怎么依靠你啊？而且夏妃姐姐，你还比我小三岁呢。就不能再振作点吗？」,「說起來，你總是說著頭痛頭痛呢。振作點喲？朱志香今年是要高考了吧？是人生的緊要關頭哦。當母親的你變成這樣她還怎麼依靠你啊？而且夏妃姐姐，你還比我小三歲呢。就不能再振作點嗎？」,"""Ciò mi ricorda che hai sempre detto di avere questi mal di testa. Riprenditi d'animo. Jessica-chan avrà gli esami quest'anno, sbaglio? Questa non è forse una svolta nella sua vita? Sei così inaffidabile come Madre? Dopotutto, Natsuhi Nee-san, sei tre anni più giovane di me. Non riesci a riprenderti d'animo?""","""A proposito, hai sempre detto di avere mal di testa. Perché non ti riprendi? Jessica-chan ha gli esami quest'anno, no? Questa è una svolta cruciale nella sua vita. Non può contare su sua madre se sei in queste condizioni, vero? E poi, Natsuhi-san, sei più giovane di me di tre anni. Perché non ti dai un po' di contegno?""","""Eso me recuerda que siempre decías tener dolores de cabeza. Supéralo. Jessica‐chan tendrá sus exámenes este año, ¿no? ¿No es un punto de vital importancia en su vida? Ella no puede contar con una madre así, ¿no crees? Aparte, Natsuhi nee‐san, eres tres años más joven que yo. ¿No puedes simplemente superarlo?""","""ﻫﺬﺍ ﻳﺬﻛﺮﻧﻲ، ﺩﻭﻣﺎ ﻣﺎ ﺗﻘﻮﻟﻴﻦ ﻣﻦ ﺃﻧﻚ ﺗﻌﺎﻧﻴﻦ ﻣﻦ ﺻﺪﺍﻉ. ﺗﻤﺎﻟﻜﻲ ﻧﻔﺴﻚ. ﺳﺘﺨﻀﻊ ﺟﻴﺴﻴﻜﺎ-ﺗﺸﺎﻥ ﻟﻼﻣﺘﺤﺎﻧﺎﺕ ﻫﺬﺍ ﺍﻟﻌﺎﻡ، ﺃﻟﻴﺴﺖ ﻛﺬﻟﻚ؟ ﺳﻴﻜﻮﻥ ﺫﻟﻚ ﻧﻘﻄﺔ ﺗﺤﻮﻝ ﻓﻲ ﺣﻴﺎﺗﻬﺎ، ﺻﺤﻴﺢ؟ ﻫﻞ ﺃﻧﺖ ﺃﻡ ﻏﻴﺮ ﺟﺪﻳﺮﺓ ﺑﺎﻟﺜﻘﺔ؟ ﻛﻤﺎ ﺃﻧﻚ ﻳﺎ ﺃﺧﺘﻲ ﻧﺎﺗﺴﻮﻫﻲ، ﺃﺻﻐﺮ ﻣﻨﻲ ﺑﺜﻼﺙ ﺳﻨﻮﺍﺕ. ﺃﻻ ﻳﻤﻜﻨﻚ ﺗﻤﺎﻟﻚ ﻧﻔﺴﻚ؟""","""Phải rồi, chị lúc nào cũng nói bị đau đầu mà. Thôi cố gắng lên. Jessica cũng sắp thi rồi đúng không? Đây chẳng phải là bước ngoặt lớn sao? Làm sao nó trông cậy vào mẹ mình nếu chị cứ thế này chứ? Hơn nữa, chị Natsuhi à, chị ít hơn tôi tận ba tuổi đó. Không thể cố gắng hơn được sao?""","""Oh ya, kamu selalu bilang sering sakit kepala. Cobalah lebih tegar. Jessica-chan kan ada ujian tahun ini, bukan? Bukankah itu titik balik hidupnya? Bagaimana bisa dia mengandalkan ibunya yang seperti itu? Lagipula, Natsuhi nee-san, kamu tiga tahun lebih muda dariku. Tidak bisakah kamu lebih tegar?""","""Oh evet, hep başının ağrıdığını söylerdin. Kendini toparla. Jessica-chan bu yıl sınavlara girecek, değil mi? Bu onun hayatında bir dönüm noktası değil mi? Annesi bu durumdayken ona nasıl yaslanabilir? Ayrıca, Natsuhi nee-san, sen benden üç yaş küçüksün. Kendini biraz toparlayamaz mısın?"""
Ushiromiya Natsuhi,"""............ .........I apologize. I was born with this discomfort.""","""............ .........I apologize. I've had a tendency for headaches all my life."" ",""".....................I apologize. I was born with this discomfort.""",「…………。………ごめんなさい。生まれつきの頭痛持ちなもので。」,「…………。………ごめんなさい。生まれつきの頭痛持ちなもので」,""".....................Я извиняюсь. Я родилась с таким недугом.""",""".....................Desculpe‐me. Eu nasci com esse desconforto.""",「…………。………对不起。天生的头痛没办法。」,「…………。………對不起。天生的頭痛沒辦法。」,"""... Mi scuso. Sono nata con questo disagio.""","""...Mi dispiace. Soffro da sempre di queste emicranie.""","""... Mis disculpas. Nací con esta tendencia a tener dolores de cabeza.""","""............ .............ﺃﻋﺘﺬﺭ. ﻫﺬﺍ ﺍﻟﻘﻠﻖ ﻫﻮ ﻣﺼﻴﺮﻱ ﻣﻨﺬ ﺍﻟﻮﻻﺩﺓ.""","""............ .........Chị xin lỗi. Từ lúc sinh ra chị đã bị vậy rồi.""","""............ .........Maafkan aku. Aku terlahir dengan kelemahan ini.""","""............ .........Özür dilerim. Bu rahatsızlıkla doğmuşum."""
,"Eva sometimes fails to choose her words carefully, but even though she hid it with a smile, her comments aimed at Natsuhi contained shards of obvious malice.","Even under normal circumstances, Eva sometimes failed to choose her words carefully, but her comments aimed at Natsuhi contained shards of obvious malice, though she hid it with a smile. ","Eva sometimes fails to choose her words carefully, but even though she hid it with a smile, her comments aimed at Natsuhi contained shards of obvious malice.",絵羽は時折、言葉を選ばないが、夏妃に向けた言葉には微笑みで誤魔化しつつも、ちょっぴりの明白な悪意が含まれていたようだった。,絵羽は時折、言葉を選ばないが、夏妃に向けた言葉には微笑みで誤魔化しつつも、ちょっぴりの明白な悪意が含まれていたようだった。,"Случалось, Еве не всегда удавалось подобрать слова, не задевающие того, кому они предназначались. Но хотя она и сгладила их улыбкой, её комментарии в адрес Нацухи содержали в себе осколки неприкрытой враждебности.","Eva costuma falhar ao tentar escolher suas palavras com cuidado, mesmo escondendo isso com seu sorriso, seus comentários destinados à Natsuhi continham óbvios fragmentos de malícia.",虽然绘羽有时候说话不会斟酌用词，但是她那一边假惺惺地微笑一边说给夏妃听的那些话中，明明白白地含着一丝恶意。,雖然繪羽有時候說話不會斟酌用詞，但是她那一邊假惺惺地微笑一邊說給夏妃聽的那些話中，明明白白地含著一絲惡意。,"Talvolta Eva non sceglieva bene le sue parole, ma anche se lo nascondeva con un sorriso, i suoi commenti diretti a Natsuhi contenevano frammenti di evidente malizia.","Eva talvolta non sceglieva con cura le sue parole, ma i commenti che rivolgeva a Natsuhi contenevano tracce di palese malizia, anche se le nascondeva con un sorriso.","Hay ocasiones en las que Eva no consigue escoger bien sus palabras, pero aunque lo escondiera sonriendo, sus comentarios hacia Natsuhi contenían obvios fragmentos de malicia.",ﺗﻔﺸﻞ ﺇﻳﻔﺎ ﺃﺣﻴﺎﻧﺎ ﻓﻲ ﺍﺧﺘﻴﺎﺭ ﻛﻠﻤﺎﺗﻬﺎ ﺑﻌﻨﺎﻳﺔ، ﻭﺭﻏﻢ ﺇﺧﻔﺎﺋﻬﺎ ﺫﻟﻚ ﺑﺎﺑﺘﺴﺎﻣﺔ، ﻓﻘﺪ ﺗﻀﻤﻨﺖ ﺗﻌﻠﻴﻘﺎﺗﻬﺎ ﺍﻟﻤﻮﺟﻬﺔ ﺇﻟﻰ ﻧﺎﺗﺴﻮﻫﻲ ﺁﺛﺎﺭ ﻣﻦ ﺍﻟﺨﺒﺚ ﺍﻟﻮﺍﺿﺢ.,"Eva đôi khi không biết lựa lời, và dù vẫn cười, lời cô ấy dành cho Natsuhi chứa đầy ác ý rõ rệt.","Eva terkadang ceroboh dengan kata-katanya, dan meski tersenyum, komentarnya pada Natsuhi mengandung sengatan tajam.","Normal şartlar altında bile Eva bazen kelimelerini dikkatli seçemiyordu ama Natsuhi'ye yönelik sözleri, gülümseyerek saklıyor da olsa, bariz bir şekilde kötü niyet kırıntıları içeriyordu."
,"Of course, that didn't escape Natsuhi.","Of course, that fact didn't escape Natsuhi. "," Of course, that didn't escape Natsuhi.",もちろん、それは夏妃にも届く。,もちろん、それは夏妃にも届く。,"Естественно, это не ускользнуло от Нацухи.","É claro, ela não deixou isso escapar para Natsuhi.",当然，夏妃也看得出来。,當然，夏妃也看得出來。,"Certamente, questo non sfuggiva a Natsuhi.","Ovviamente, Natsuhi non se le lasciava sfuggire.","Por supuesto, eso no se le escapó a Natsuhi.",ﺑﺎﻟﻄﺒﻊ، ﻫﺬﺍ ﻟﻢ ﻳﻔﺖ ﻧﺎﺗﺴﻮﻫﻲ.,"Tất nhiên, điều đó không thoát khỏi tai mắt của Natsuhi.",Tentu saja Natsuhi menyadarinya.,Elbette bu Natsuhi'nin gözünden kaçmadı.
,"She frantically contained her urge to grimace, and pretended to ignore Eva.",She frantically contained her urge to grimace and pretended to ignore Eva. ," She frantically contained her urge to grimace, and pretended to ignore Eva.",夏妃は苦々しく表情を歪めたい衝動を必死に抑えながら、軽く聞き流しているように振舞うのだった。,夏妃は苦々しく表情を歪めたい衝動を必死に抑えながら、軽く聞き流しているように振舞うのだった。,"Ей стоило усилий, чтобы сохранить невозмутимость и сделать вид, словно она игнорирует Еву.",Ela freneticamente conteve seu desejo de fazer uma careta e decidiu ignorar Eva.,夏妃强忍住差点扭曲的表情，作出只把那些话当成耳边风的样子。,夏妃強忍住差點扭曲的表情，作出只把那些話當成耳邊風的樣子。,"Contenne freneticamente la sua smorfia impulsiva, e finse di ignorarla.","Mentre conteneva quanto più poteva il desiderio di rivolgerle una faccia disgustata, si comportò come se la stesse ascoltando distrattamente.","Contuvo como pudo su impulso de hacer una mueca, y fingió ignorar a Eva.",ﻓﻘﺪ ﻗﺎﻭﻣﺖ ﺑﺸﺪﺓ ﺭﻏﺒﺘﻬﺎ ﻓﻲ ﺍﻟﺘﻀﺠﺮ، ﻭﺗﻈﺎﻫﺮﺕ ﺑﺘﺠﺎﻫﻞ ﺇﻳﻔﺎ.,"Cô phải cố gắng lắm mới kìm được việc nhăn mặt, và giả vờ như không để ý đến Eva.","Dia menahan dorongan untuk meringis, dan pura-pura mengabaikan Eva.",Yüzünü buruşturma isteğini çılgınca bastırdı ve Eva'yı görmezden geliyormuş gibi yaptı.
Ushiromiya Kyrie,"""Our Battler‐kun will have his exams this year too, right? Rudolf‐san, shouldn't you be a little concerned too? For the sake of your own son, get serious to the point of getting headaches like Natsuhi nee‐san.""","""Our Battler-kun will have his exams this year too. Rudolf-san, shouldn't you be a little concerned as well? For the sake of your own son, you'd better get serious to the point of having headaches like Natsuhi nee-san."" ","""Our Battler-kun will have his exams this year too, right? Rudolf-san, shouldn't you be a little concerned too? For the sake of your own son, get serious to the point of getting headaches like Natsuhi nee-san.""",「うちの戦人くんも今年は受験でしょ？　留弗夫さんも少しは関心を持ったら？　自分の息子のために、夏妃姉さんみたいに頭痛になるくらい真剣になりなさいよ。」,「うちの戦人くんも今年は受験でしょ？　留弗夫さんも少しは関心を持ったら？　自分の息子のために、夏妃姉さんみたいに頭痛になるくらい真剣になりなさいよ」,"""Наш Баттлер‐кун тоже в этом году сдаёт экзамены, верно? Рудольф‐сан, ты ведь в этом тоже всерьёз заинтересован, не так ли? Ради блага твоего сына, отнесись к этому событию так же серьёзно, как и Нацухи нээ‐сан.""","""O nosso Battler‐kun também vai fazer vestibular esse ano, não? Rudolf‐san, você não deveria estar um pouco mais preocupado também? Pelo bem do seu filho, fique sério, ao ponto de ter dores de cabeça como a Natsuhi nee‐san.""",「我们家的战人君也是今年要高考来着吧？留弗夫你就不能对这关心一点吗？为了自己的儿子，你好歹也得像夏妃姐姐那样操心到头痛啊。」,「我們家的戰人君也是今年要高考來著吧？留弗夫你就不能對這關心一點嗎？為了自己的兒子，你好歹也得像夏妃姐姐那樣操心到頭痛啊。」,"""Anche il nostro Battler-kun avrà i suoi esami quest'anno, vero? Rudolf-san, non dovresti anche tu essere un pò preoccupato? Per il bene di tuo figlio, diventa serio a punto di avere emicranie come Natsuhi Nee-san.""","""Anche il nostro Battler-kun avrà gli esami quest'anno, vero? Rudolf-san, non dovresti interessartene un po' anche tu? Prendila con più serietà al punto da avere emicranie come Natsuhi-san, è per il bene di tuo figlio.""","""También Battler‐kun tendrá sus exámenes este año, ¿no? Rudolf‐san, ¿no deberías estar un poco preocupado? Por el bien de tu propio hijo, ponte serio hasta el punto de tener dolores de cabeza como Natsuhi nee‐san.""","""ﺳﻴﺨﻀﻊ ﺑﺎﺗﻠﺮ-ﻛﻦ ﻻﻣﺘﺤﺎﻧﺎﺗﻪ ﻫﺬﻩ ﺍﻟﺴﻨﺔ ﺃﻳﻀﺎ، ﺻﺤﻴﺢ؟ ﺃﻻ ﻳﻨﺒﻐﻲ ﻋﻠﻴﻚ ﺍﻟﻘﻠﻖ ﺑﺸﺄﻥ ﺫﻟﻚ ﻳﺎ ﺭﻭﺩﻭﻟﻒ-ﺳﺎﻥ؟ ﻣﻦ ﺃﺟﻞ ﻣﺼﻠﺤﺔ ﺍﺑﻨﻚ، ﻛﻦ ﻣﻬﺘﻤﺎ ﻟﺪﺭﺟﺔ ﺍﻹﺻﺎﺑﺔ ﺑﺼﺪﺍﻉ ﻣﺜﻞ ﺃﺧﺘﻲ ﻧﺎﺗﺴﻮﻫﻲ.""","""Battler nhà mình cũng sắp thi rồi đúng không? Rudolf à, anh cũng nên lo lắng một chút chứ? Vì con trai mình, lo đến mức đau đầu như chị Natsuhi cũng được đấy.""","""Battler-kun juga ada ujian tahun ini kan? Rudolf-san, tidakkah kamu sedikit khawatir? Demi anakmu sendiri, bersungguh-sungguhlah sampai sakit kepala seperti Natsuhi nee-san.""","""Battler-kun da bu yıl sınavlara girecek, değil mi? Rudolf-san, senin de biraz endişelenmen gerekmiyor mu? Kendi oğlunun iyiliği için, Natsuhi nee-san gibi baş ağrısı çekecek kadar ciddileş."""
Ushiromiya Rudolf,"""If I say anything, he automatically goes against it. So what should I say—maybe the opposite, that it's okay for him to mess around? That's probably the only thing he'd obediently listen to.""","""If I say anything, he automatically rebels. So what should I say? Should I say the opposite, that it's okay for him to mess around? That's probably the only way I could get him to listen to me. ","""If I say anything, he automatically goes against it. So what should I say? Should I say the opposite, that it's okay for him to mess around? That's probably the only thing he'd obediently listen to me say. ",「俺が何か言えば必ず反抗するヤツだぜ？　じゃあ何て言うんだ、むしろ逆で遊んでていいぞって言うのか？　あいつそういうのだけは素直に聞きやがるぜ。,「俺が何か言えば必ず反抗するヤツだぜ？　じゃあ何て言うんだ、むしろ逆で遊んでていいぞって言うのか？　あいつそういうのだけは素直に聞きやがるぜ」,"""Да я ему что ни скажи, он сразу же делает наоборот. И что же мне ему сказать? Что‐нибудь совершенно противоположное, дескать, пускай дурака валяет? Скорее это будет единственное, что он послушно у меня выслушает.""","""Se eu disser qualquer coisa, ele automaticamente vai fazer o contrário. Então talvez eu devesse dizer o oposto — que está tudo bem se ele não der atenção a isso? Essa provavelmente seria a única coisa que ele iria obedecer.""",「不管我说什么，那小子可都一定会唱反调啊。那你让我怎么说，难道反过来说让他随心所欲地去玩？只有说这种话那小子才会老老实实地照做。」,「不管我說什麼，那小子可都一定會唱反調啊。那你讓我怎麼說，難道反過來說讓他隨心所欲地去玩？只有說這種話那小子才會老老實實地照做。」,"""Se dico qualcosa, gli va automaticamente contro. Quindi cosa dovrei dire? Dovrei dire l'opposto, che va bene per lui bighellonare? Probabilmente sarebbe l'unica cosa che ascolterebbe ubbidientemente.","""Se dico qualcosa lui protesta sempre. Quindi come dovrei parlargli? Dirgli il contrario, che dovrebbe passare il tempo a bighellonare?""""Sarebbe l'unico modo con cui mi ascolterebbe senza fiatare.","""Si digo algo, se opone automáticamente. Entonces, ¿qué debería decir? ¿Debería decirle justo lo opuesto, que hace bien no haciendo nada? Probablemente esa es la única cosa que escucharía obedientemente de mi parte.""","""ﻣﻬﻤﺎ ﻗﻠﺖ، ﻓﺈﻧﻪ ﻳﻌﺎﺭﺿﻪ ﺗﻠﻘﺎﺋﻴﺎ. ﻓﻤﺎﺫﺍ ﻳﻨﺒﻐﻲ ﻋﻠﻲ ﺃﻥ ﺃﻗﻮﻝ؟ ﺍﻟﻌﻜﺲ ﻣﻦ ﺫﻟﻚ، ﻻ ﺑﺄﺱ ﻓﻲ ﺍﻹﻫﻤﺎﻝ؟ ﺭﺑﻤﺎ ﻳﻜﻮﻥ ﻫﺬﺍ ﻫﻮ ﺍﻟﺸﻲﺀ ﺍﻟﻮﺣﻴﺪ ﺍﻟﺬﻱ ﻳﺴﺘﻤﻊ ﺇﻟﻴﻪ ﺑﻄﺎﻋﺔ.""","""Anh mà nói gì thì nó tự động làm ngược lại ngay. Thế thì nên bảo nó làm cái gì? Có khi là bảo nó cứ chơi bời thoải mái lại hay nhỉ? Có lẽ đó là thứ duy nhất nó chịu nghe thôi.""","""Kalau aku bilang apa-apa, dia pasti menentangnya. Jadi apa yang harus kukatakan—mungkin sebaliknya, bahwa tidak apa-apa dia bermalas-malasan? Itu mungkin satu-satunya yang mau dia dengarkan dengan patuh.""","""Ne söylersem, otomatik olarak karşı çıkıyor. Peki ne demeliyim? Tam tersini, ortalıkta aylaklık etmesinin sorun olmadığını mı? Muhtemelen itaatkâr bir şekilde dinleyeceği tek şey bu olur."""
Ushiromiya Rudolf,"""In your family, Hideyoshi nii‐san, didn't George do really well on his exams? Please, teach me the secret to controlling children.""","Hideyoshi nii-san, George did really well on his exams, right? Please, you've gotta teach me the trick to handling children."" ","In your family, Hideyoshi nii-san, didn't George do really well on his exams? Please, teach me the secret to controlling children.""",秀吉兄さんのところは受験、本当にうまく行ったじゃないですか。ぜひ子供操縦術の秘訣を教えてくださいよ。」,「秀吉兄さんのところは受験、本当にうまく行ったじゃないですか。ぜひ子供操縦術の秘訣を教えてくださいよ」,"""А у тебя, Хидэёши‐сан, разве Джордж не сдал экзамены с отличием? Слушай, научи меня секрету управлять детьми.""","""Na sua família, Hideyoshi nii‐san, o George foi muito bem no vestibular, né? Por favor, me ensine o segredo para controlar as crianças.""",「秀吉姐夫家的孩子高考的时候，不是进行得很顺利嘛。务必教教我管教小孩的诀窍吧。」,「秀吉姐夫家的孩子高考的時候，不是進行得很順利嘛。務必教教我管教小孩的訣竅吧。」,"Nella tua famiglia, Hideyoshi nii-san, George è andato molto bene nei suoi esami, vero? Ti prego, insegnami il segreto per controllare i ragazzi.""","Hideyoshi-san, tuo figlio è andato molto bene negli esami, vero? Ti prego, insegnami il segreto infallibile per educare i propri figli.""","""En tu familia, Hideyoshi nii‐san, a George le fue bastante bien en sus exámenes, ¿verdad? Por favor, enséñame el secreto de cómo controlar a los hijos.""","""ﺑﺎﻟﻨﺴﺒﺔ ﻟﻌﺎﺋﻠﺘﻚ ﻳﺎ ﺃﺧﻲ ﻫﻴﺪﻳﻮﺷﻲ-ﺳﺎﻥ، ﺃﻟﻴﺲ ﺟﻮﺭﺝ ﻣﻤﺘﺎﺯﺍ ﻓﻲ ﺍﻣﺘﺤﺎﻧﺎﺗﻪ؟ ﻣﻦ ﻓﻀﻠﻚ، ﻋﻠﻤﻨﻲ ﺳﺮ ﺍﻟﺴﻴﻄﺮﺓ ﻋﻠﻰ ﺍﻷﻃﻔﺎﻝ.""","""Còn gia đình anh Hideyoshi thì sao, hồi George còn đi học thì đều thi cử tốt chứ? Làm ơn chỉ em bí quyết dạy con với.""","""Di keluargamu, Hideyoshi nii-san, bukankah George sangat sukses dalam ujian? Tolong ajari aku rahasia mengendalikan anak.""","""Hideyoshi nii-san, George sınavlarında çok başarılı değil miydi? Lütfen, bana çocukları kontrol etmenin sırrını öğret."""
Ushiromiya Hideyoshi,"""Hmm, well... It's probably because I convinced him why he should study! Study isn't worth anything on its own.""","""Hmm, well... It's probably because I got him to understand why he should study! Study isn't worth anything on its own. ","""Hmm, well... It's probably because I convinced him why he should study! Study isn't worth anything on its own.",「うーむ、そうやなぁ…。何のために勉強するのかっちゅうことを説いたかもしれんなぁ！　個々の勉強に意味があるわけやないんや。,「うーむ、そうやなぁ…。何のために勉強するのかっちゅうことを説いたかもしれんなぁ！　個々の勉強に意味があるわけやないんや」,"""Хм‐м, ну... Может, так сложилось, потому что я конкретно указал ему, чему ему следует выучиться! Учёба сама по себе ничего не значит.""","""Hmm, bem... Provavelmente é porque eu o convenci do porquê dele ter que estudar! O estudo não vale nada por si só.""",「嗯嗯，是呐…。可能是因为俺对他讲清楚了是为了什么而学习呐！纯粹只是学习，是没有任何意义的呐。」,「嗯嗯，是吶…。可能是因為俺對他講清楚了是為了什麼而學習吶！純粹只是學習，是沒有任何意義的吶。」,"""Hmm, beh... forse era perché gli ho detto esattamente per cosa doveva studiare! Lo studio, da solo, non significa nulla.","""Mmh, beh... Forse era perché gli ho detto per cosa si deve studiare! Lo studio non serve a nulla da solo.""","""Mmm, bueno... ¡Tal vez fue porque le dije exactamente por qué debía estudiar! El estudio, por sí solo, no significa nada.""","""ﻫﻤﻤﻢ، ﺣﺴﻨﺎ... ﺭﺑﻤﺎ ﻷﻧﻨﻲ ﺃﻗﻨﻌﻪ ﻟﻤﺎﺫﺍ ﻳﺠﺐ ﻋﻠﻴﻪ ﺃﻥ ﻳﺪﺭﺱ! ﻻ ﻗﻴﻤﺔ ﻟﻠﺪﺭﺍﺳﺔ ﻭﺣﺪﻫﺎ.""","""Hmm, thì... Có lẽ vì anh đã giải thích cho nó hiểu được tại sao phải học! Việc học không có giá trị gì nếu chỉ là học cho có.""","""Hmm, yah... Mungkin karena aku meyakinkannya mengapa harus belajar! Belajar tidak ada artinya sendiri.""","""Hmm, şey... Muhtemelen onu neden çalışması gerektiğine ikna ettiğim içindir! Çalışmanın tek başına bir değeri yok."""
Ushiromiya Hideyoshi,"""That's right, the real point of studyin' is to train yourself in the art of researchin' what you don't know! If you can't do that, you can't be useful to society! I'm not talkin' about math or writin'. You need to learn how to learn!""","That's right, the real point of studyin' is to practice researchin' stuff on your own whenever you bump into something ya don't know! If ya can't do that, ya can't be useful to society! I'm not talkin' about math or writin'. Ya gotta learn how to learn!"" "," That's right, the real point of studyin' is to train yourself by researchin' what you don't know! If you can't do that, you can't be useful to society! I'm not talkin' about math or writin'. You need to learn how to learn!""",そう、勉強っちゅうのは、わからんことを自分で調べて身につけるという行為の練習なんや！　これが出来んヤツは社会に出ても使い物にならん！　国語算数が出来ろと言ってるんやない。勉強し身につけることを学べっちゅうことやな！」,「そう、勉強っちゅうのは、わからんことを自分で調べて身につけるという行為の練習なんや！　これが出来んヤツは社会に出ても使い物にならん！　国語算数が出来ろと言ってるんやない。勉強し身につけることを学べっちゅうことやな！」,"""Да, учебу можно сравнить с тренировкой, когда ты обращаешься к чему‐то, что ты не знаешь, и извлекаешь из этого уроки! Если ты на подобное не способен, то не сможешь пригодиться обществу! И я тут говорю не о математике или письме, а о том, как научиться учиться и узнавать больше!""","""Isso mesmo, o verdadeiro motivo de estudar é treinar a si mesmo na arte de pesquisar aquilo que você não sabe! Se você não puder fazer isso, você não vai ser útil para a sociedade! Não estou falando sobre matemática ou redação. Você precisa aprender como aprender!""",「对，所谓学习，就是一种对于“把不懂的东西通过亲自研究来搞懂”这个行为的练习呐！这都做不到的家伙进了社会也只是个无用之人呐！不是在叫你学好语文数学。而是要你学好掌握本领的方法呐！」,「對，所謂學習，就是一種對於“把不懂的東西通過親自研究來搞懂”這個行為的練習吶！這都做不到的傢伙進了社會也只是個無用之人吶！不是在叫你學好語文數學。而是要你學好掌握本領的方法吶！」,"È giusto, il vero punto dello studiare è di allenare se stessi cercando ciò che non sai! Se non ci riesci, non puoi essere utile alla società! Non parlo di aritmetica o scrivere. È imparare come studiare e apprendere di più!""","""Giusto, lo studiare è una pratica in cui si apprende cercando ciò che non si sa!{n}Se non ci riesci, non puoi essere utile per la società! Non parlo di saper scrivere o saper fare i conti. Si tratta di imparare come studiare e apprendere!""","""¡Así es, el estudio es un tipo de entrenamiento en el que uno observa lo que no conoce, y aprende de ello! ¡Si no puedes hacer eso, no eres útil pa' la sociedad! No hablo de matemáticas o escritura. ¡Es aprender cómo ganar más conocimiento!""","""ﻫﺬﺍ ﺻﺤﻴﺢ، ﺍﻟﻬﺪﻑ ﺍﻟﺤﻘﻴﻘﻲ ﻣﻦ ﺍﻟﺪﺭﺍﺳﺔ ﻫﻮ ‘ﺗﺪﺭﻳﺐ ﻧﻔﺴﻚ ﺑﺎﻟﺒﺤﺚ‘ ﻓﻴﻤﺎ ﻻ ﺗﻌﺮﻓﻪ! ﺇﺫﺍ ﻟﻢ ﺗﺘﻤﻜﻦ ﻣﻦ ﺫﻟﻚ، ﻓﺈﻧﻚ ﻏﻴﺮ ﻣﻔﻴﺪ ﻟﻠﻤﺠﺘﻤﻊ! ﺃﻧﺎ ﻻ ﺃﺗﺤﺪﺙ ﺑﺸﺄﻥ ﺍﻟﺮﻳﺎﺿﻴﺎﺕ ﻭﺍﻷﺩﺏ. ﺗﺤﺘﺎﺝ ﺇﻟﻰ ﺗﻌﻠﻢ ﻛﻴﻔﻴﺔ ﺍﻟﺘﻌﻠﻢ!""","""Đúng rồi, mục đích thật sự của việc học là để rèn luyện khả năng tự nghiên cứu những điều mình chưa biết! Nếu không làm được điều đó, thì chẳng giúp được gì cho xã hội cả! Anh không nói đến toán hay văn gì đâu. Quan trọng là phải ""học được cách học""!""","""Benar, inti belajar adalah melatih seni meneliti apa yang tidak kamu ketahui! Kalau tidak bisa itu, tidak bisa berguna bagi masyarakat! Aku tidak bicara matematika atau menulis. Kamu perlu belajar cara belajar!""","""Bu doğru, ders çalışmanın asıl amacı bilmediğin şeyleri araştırma sanatında kendini eğitmektir! Eğer bunu yapamazsanız, topluma faydalı olamazsınız! Matematikten ya da yazmaktan bahsetmiyorum. Nasıl öğreneceğini öğrenmelisin!"""
Ushiromiya Natsuhi,"""...That's splendid. It would be nice if our Jessica could understand that, though. I don't mean this too seriously, but as it is, as an heiress of the Ushiromiya family, she's—""","""...That's splendid. I wish our Jessica could understand that as well. If she is to be the heiress of the Ushiromiya family, then at this rate-"" ","""...That's splendid. It would be nice if our Jessica could understand that, though. As it is now, she doesn't at all, but as the heiress of the Ushiromiya family,""",「…ご立派ですわ。うちの朱志香にもそれが理解できればいいんだけど。今のままでは、とてもじゃないけど、右代宮家の跡取りとしては、」,「…ご立派ですわ。うちの朱志香にもそれが理解できればいいんだけど。今のままでは、とてもじゃないけど、右代宮家の跡取りとしては、」,"""...Прекрасная мысль. Было бы неплохо, если бы Джессика смогла её осознать. Сейчас ей вряд ли это удастся, но как наследнице семьи Уширомия...""","""...Isso é esplêndido. Seria ótimo se a nossa Jessica pudesse entender isso também. Eu não quero que ela leve tão a sério, mas ainda assim, ela é a sucessora da família Ushiromiya, ela—""",「…说得真是太精彩了。要是我家的朱志香也能理解这点就好了。虽然现在还不算很不成器，但作为右代宫本家的继承人，还是有些……」,「…說得真是太精彩了。要是我家的朱志香也能理解這點就好了。雖然現在還不算很不成器，但作為右代宮本家的繼承人，還是有些……」,"""... È splendido. Sarebbe bello se la nostra Jessica potesse capirlo. Per adesso, non l'ha capito per niente, in quanto erede della famiglia Ushiromiya.""","""...Che discorso esemplare. Sarebbe bello se potesse capirlo anche la nostra Jessica. Ora come ora non ci siamo, ma per essere l'erede della famiglia Ushiromiya—""","""Espléndido. Ojalá nuestra Jessica pudiera entender eso. Ahora mismo, no tiene ni idea, pero como heredera de la familia Ushiromiya—""","""...ﻫﺬﺍ ﺭﺍﺋﻊ. ﺳﻴﻜﻮﻥ ﻣﻦ ﺍﻟﺠﻴﺪ ﻟﻮ ﺗﻔﻬﻢ ﺟﻴﺴﻴﻜﺎ ﻫﺬﺍ. ﻛﻤﺎ ﻫﻮ ﺣﺎﻟﻬﺎ ﺍﻵﻥ، ﻻ ﻗﻴﻤﺔ ﻟﻬﺎ ﺳﻮﻯ ﺃﻧﻬﺎ ﻭﺭﻳﺜﺔ ﻋﺎﺋﻠﺔ ﺃﻭﺷﻴﺮﻭﻣﻴﺎ.""","""...Tuyệt vời quá. Giá mà Jessica nhà chị cũng hiểu điều đó thì tốt biết mấy. Chị nói thế không phải để chỉ trích con bé đâu, nhưng với tư cách là người thừa kế của gia tộc Ushiromiya thì–""","""...Itu hebat. Akan baik jika Jessica kami bisa memahaminya. Aku tidak terlalu serius, tapi sebagai pewaris keluarga Ushiromiya, dia—""","""...Bu harika. Jessica'mız da bunu anlayabilseydi iyi olurdu. Bunu çok ciddiye almıyorum ama Ushiromiya ailesinin bir varisi olarak, o—"""
Ushiromiya Eva,"""Do you really have to force her into becoming the successor? Women have to find their own happiness. Parents shouldn't be deciding that for their children, right?""","""Do you really have to force her into becoming the successor? After all, a woman has to find a woman's happiness. Parents shouldn't force such things on their children, don't you think?"" ","""Do you really have to force her into becoming the successor? Women have to find their own happiness. Parents shouldn't be deciding that for their children, right?""",「いいじゃないの、無理に跡取りにしなくても。女には女の幸せというものもあるんだしぃ。それを親が押し付けちゃ悪いわよぅ？」,「いいじゃないの、無理に跡取りにしなくても。女には女の幸せというものもあるんだしぃ。それを親が押し付けちゃ悪いわよぅ？」,"""Неужели тебе так необходимо заставить её стать наследницей? Женщины должны обретать собственное счастье. Родителям не следует решать этот вопрос за своих детей, разве нет?""","""Você vai mesmo forçar ela a se tornar a sucessora? Mulheres precisam encontrar a sua própria felicidade. Os pais não deveriam decidir as coisas pelos filhos, certo?""",「这不也挺好吗，不用勉强去做继承人。女人也有女人自己的幸福。做父母的强逼她可不好哦？」,「這不也挺好嗎，不用勉強去做繼承人。女人也有女人自己的幸福。做父母的強逼她可不好哦？」,"""Devi davvero forzarla a diventare il successore? Le donne devono trovare la propria felicità. I genitori non dovrebbero deciderla per i proprio figli, giusto?""","""Suvvia, devi proprio costringerla a diventare l'erede? Dopotutto, una donna deve trovare la propria felicità. I genitori non dovrebbero imporre cose del genere, non credi?""","""¿Realmente tienes que obligarla a convertirse en la sucesora? Las mujeres deben buscar su propia felicidad. Los padres no deberían decidir por sus hijos, ¿verdad?""","""ﻫﻞ ﻳﺠﺐ ﻋﻠﻴﻚ ﺣﻘﺎ ﺇﺟﺒﺎﺭﻫﺎ ﻋﻠﻰ ﺃﻥ ﺗﺼﺒﺢ ﺍﻟﻮﺭﻳﺜﺔ؟ ﻳﺠﺐ ﺃﻥ ﺗﺠﺪ ﺍﻟﻤﺮﺃﺓ ﺳﻌﺎﺩﺗﻬﺎ ﺑﻨﻔﺴﻬﺎ. ﻻ ﻳﻨﺒﻐﻲ ﺃﻥ ﻳﻘﺮﺭ ﺍﻵﺑﺎﺀ ﺫﻟﻚ ﻧﻴﺎﺑﺔ ﻋﻦ ﺃﺑﻨﺎﺋﻬﻢ، ﺻﺤﻴﺢ؟""","""Chị thật sự cần phải ép buộc nó trở thành người thừa kế sao? Phụ nữ phải tự tìm thấy hạnh phúc cho riêng mình chứ. Cha mẹ không nên quyết định điều đó thay cho con cái, đúng không?""","""Apakah kamu harus memaksanya menjadi penerus? Wanita harus mencari kebahagiaannya sendiri. Orang tua tidak seharusnya memutuskan itu untuk anak mereka, bukan?""","""Gerçekten onu varis olmaya zorlamak zorunda mısınız? Kadınlar kendi mutluluklarını kendileri bulmalı. Ebeveynler çocukları için buna karar vermemeli, değil mi?"""
Ushiromiya Hideyoshi,"""Hold your horses, Eva. Each family has its way to raise their children. You shouldn't be pushy.""","""Hold your horses, Eva. Each family has its own way of raising their kids. You shouldn't be pushy."" ","""Hold your horses, Eva. Each family has its way to raise their children. You shouldn't be pushy.""",「よさんか、絵羽。子供の育て方は家それぞれや。押し付けがましいのはあかんで。」,「よさんか、絵羽。子供の育て方は家それぞれや。押し付けがましいのはあかんで」,"""Сбавь обороты, Ева. Каждая семья растит своих детей по‐своему. Не стоит лезть в чужой монастырь со своим уставом.""","""Dá um tempo, Eva. Cada família tem a sua forma de criar seus filhos. Você não deveria se intrometer.""",「别这样说呐，绘羽。孩子的教育方式家家都不同。你可不能这么强加于人。」,「別這樣說吶，繪羽。孩子的教育方式家家都不同。你可不能這麼強加於人。」,"""Ferma i cavalli, Eva. Ogni famiglia ha il suo modo di crescere i loro figli. {n}Non dovresti essere aggressiva.""","""Finiscila, Eva. Ogni famiglia ha il proprio modo di crescere i propri figli.{n}Non insistere.""","""Detente, Eva. Cada familia tiene su forma de criar a sus hijos. No deberías meter tanto las narices.""","""ﻋﻠﻰ ﺭﺳﻠﻚ ﻳﺎ ﺇﻳﻔﺎ. ﻟﻜﻞ ﺃﺳﺮﺓ ﻃﺮﻳﻘﺘﻬﺎ ﻓﻲ ﺗﺮﺑﻴﺔ ﺃﻃﻔﺎﻟﻬﺎ. ﻻ ﺷﺄﻥ ﻟﻚ ﺑﻤﺎ ﻳﻔﻌﻠﻪ ﺍﻵﺧﺮﻭﻥ.""","""Bình tĩnh nào, Eva. Mỗi gia đình đều có cách dạy con riêng mà. Em đừng áp đặt quá.""","""Tunggu dulu, Eva. Setiap keluarga punya cara sendiri membesarkan anak. Kamu seharusnya tidak memaksa.""","""Sakin ol Eva. Her aile çocuklarını kendi yöntemleriyle yetiştirir. Zorlayıcı olmamalısın."""
Ushiromiya Eva,"""I'm sorry. Natsuhi nee‐san, don't take it the wrong way.""","""I'm sorry. Natsuhi nee-san, don't take it the wrong way."" ","""I'm sorry. Natsuhi nee-san, don't take it the wrong way.""",「ごめんなさい。夏妃姉さんも気を悪くしないでね。」,「ごめんなさい。夏妃姉さんも気を悪くしないでね」,"""Извиняюсь. Не пойми меня превратно, Нацухи нээ‐сан.""","""Me desculpa. Natsuhi nee‐san, não entenda mal.""",「对不起。夏妃姐姐也请不要生气哦。」,「對不起。夏妃姐姐也請不要生氣哦。」,"""Mi dispiace. Natsuhi Nee-san, non prenderla nel modo sbagliato.""","""Vi chiedo scusa. Anche a te, Natsuhi-san, non prendertela, ok?""","""Lo siento. Natsuhi nee‐san, no me malinterpretes.""","""ﺁﺳﻔﺔ. ﺃﺭﺟﻮ ﺃﻥ ﻻ ﺗﺴﻴﺌﻲ ﺍﻟﻔﻬﻢ ﻳﺎ ﺃﺧﺘﻲ ﻧﺎﺗﺴﻮﻫﻲ.""","""Xin lỗi nhé. Chị Natsuhi à, đừng hiểu lầm lời tôi nhé.""","""Maafkan aku. Natsuhi nee-san, jangan salah paham.""","""Özür dilerim. Natsuhi nee-san, yanlış anlama."""
Ushiromiya Natsuhi,"""...........................""","""..........................."" ","""...........................""",「………………………。」,「………………………」,"""...........................""","""...........................""",「………………………」,「………………………」,"""...""","""...""","""...""","""...........................""","""...........................""","""...........................""","""..........................."""
,"Though the light shining in through the window was quite warm despite the cloudy weather, there was a dark mood about the room, ...which probably caused headaches for other people besides Natsuhi.","Though the light shining in through the window was quite warm despite the cloudy weather, there was a dark mood about the room, ...which was probably causing headaches for more than just Natsuhi. ","Though the light shining in through the window was quite warm despite the cloudy weather, there was a dark mood about the room, ...which probably caused headaches for other people besides Natsuhi.",窓から射す明かりは、曇天と言えどこんなにも温かなのに、室内の空気は澱んでいて、…夏妃ならずとも鈍い頭痛を感じさせるような気がした。,窓から射す明かりは、曇天と言えどこんなにも温かなのに、室内の空気は澱んでいて、…夏妃ならずとも鈍い頭痛を感じさせるような気がした。,"И хотя, несмотря на облачность, в окно лился тёплый свет, в комнате витало мрачное настроение, наверняка вызывавшее головную боль не только у Нацухи.","Embora uma brilhante e calorosa luz entrasse pela janela, mesmo com o tempo nublado, havia uma atmosfera pesada na sala, ...o que provavelmente estava causando dores de cabeça aos outros também.",虽说是阴天，从窗外照射进的阳光却还是那样温暖。可尽管如此，室内的气氛却显得十分淤塞，…仿佛让除夏妃以外的几个人也尝到了头痛的滋味。,雖說是陰天，從窗外照射進的陽光卻還是那樣溫暖。可儘管如此，室內的氣氛卻顯得十分淤塞，…仿彿讓除夏妃以外的幾個人也嘗到了頭痛的滋味。,"Sebbene la luce splendeva attraverso la finestra nonostante il tempo nuvoloso, c'era un'atmosfera cupa nella stanza... che probabilmente causava emicranie ad altre persone oltre Natsuhi.","Nonostante il tempo nuvoloso, la luce filtrata dalla finestra portava con sé tepore, eppure all'interno della stanza l'aria ristagnava... e ciò faceva venire forti mal di testa anche agli altri, oltre a Natsuhi.","Aunque la luz que brillaba a través de la ventana era bastante cálida a pesar del clima nublado, había una atmósfera desagradable en el salón, lo que seguramente provocó dolores de cabeza no solo a Natsuhi.",ﻣﻊ ﺃﻥ ﺍﻟﻀﻮﺀ ﺍﻟﺴﺎﻃﻊ ﻋﺒﺮ ﺍﻟﻨﺎﻓﺬﺓ ﻛﺎﻥ ﺩﺍﻓﺌﺎ ﻟﻠﻐﺎﻳﺔ ﺑﺎﻟﺮﻏﻢ ﻣﻦ ﺍﻟﻄﻘﺲ ﺍﻟﻐﺎﺋﻢ، ﺇﻻ ﺃﻥ ﻫﻨﺎﻙ ﻣﺰﺍﺟﺎ ﻗﺎﺗﻤﺎ ﻳﻤﻸ ﺍﻟﻐﺮﻓﺔ، ...ﻭﺍﻟﺬﻱ ﺗﺴﺒﺐ ﻋﻠﻰ ﺍﻷﺭﺟﺢ ﺑﺼﺪﺍﻉ ﻷﺷﺨﺎﺹ ﺁﺧﺮﻳﻦ ﺇﻟﻰ ﺟﺎﻧﺐ ﻧﺎﺗﺴﻮﻫﻲ.,"Dù ánh sáng ngoài cửa sổ khá ấm áp trong khi trời đầy mây, không khí trong phòng lại mang một màu sắc u ám, ...có lẽ điều đó khiến không chỉ mình Natsuhi cảm thấy nhức đầu.","Meski cahaya dari jendela cukup hangat meski cuaca mendung, ada suasana suram di ruangan itu, ...yang mungkin menyebabkan sakit kepala bagi orang selain Natsuhi.","Bulutlu havaya rağmen pencereden giren ışık oldukça sıcaktı ama odada karanlık bir hava vardı, ...bu da muhtemelen Natsuhi dışında başka insanların da başını ağrıtmıştır."
,"As if to brush away that mood, Kyrie brightly made a suggestion to all present.","As if to sweep away that mood, Kyrie brightly made a suggestion to all present. "," As if to brush away that mood, Kyrie brightly made a suggestion to all present.",その空気を打ち払うかのように、霧江が明るく一同に提案する。,その空気を打ち払うかのように、霧江が明るく一同に提案する。,"Стремясь развеять его, Кирие бодро обратилась ко всем присутствующим.","Como se quisesse afastar esse clima pesado, Kyrie deu uma brilhante sugestão para aqueles que estavam presentes.",似乎是为了赶跑这份沉闷，雾江用明朗的声音向大家提议。,似乎是為了趕跑這份沉悶，霧江用明朗的聲音向大家提議。,"Per cercare di spazzare via quell'atmosfera, Kyrie diede allegramente un suggerimento a tutti i presenti.","Per cercare di spazzare via quell'atmosfera, Kirie diede un allegro spunto di conversazione a tutti i presenti.","Como para romper con esa atmósfera, Kyrie animadamente hizo una sugerencia a todos los presentes.",ﻟﺘﻐﻴﻴﺮ ﺍﻟﻤﺰﺍﺝ ﺍﻟﻌﻜﺮ، ﻋﺮﺿﺖ ﻛﻴﺮﻳﻲ ﺍﻗﺘﺮﺍﺣﺎ ﻣﺸﺮﻗﺎ ﻟﺠﻤﻴﻊ ﺍﻟﺤﺎﺿﺮﻳﻦ.,"Như để xua đi bầu không khí ấy, Kyrie vui vẻ đưa ra một đề nghị với mọi người.","Seolah menyapu suasana itu, Kyrie dengan ceria memberikan saran.",Kyrie bu ruh halinden kurtulmak istercesine orada bulunan herkese parlak bir öneride bulundu.
Ushiromiya Kyrie,"""Still, this black tea has a really lovely aroma. Let's drink it at once. I believe that in Japan, you can't buy something like Leopold's black tea anywhere but Ginza, right?""","""Still, this black tea has a really lovely aroma. Let's drink it right away. In Japan, surely you couldn't find something like Leopold's black tea anywhere but Ginza, right?"" ","""Still, this black tea has a really lovely aroma. Let's drink it at once. In Japan, surely you can't buy something like Leopold's black tea anywhere but Ginza, right?""",「でも、本当に素敵な香りの紅茶ね。さっそく頂いてみましょうよ。レオポルドの紅茶なんて、日本じゃ確か銀座でしか買えなかったはずよ？」,「でも、本当に素敵な香りの紅茶ね。さっそく頂いてみましょうよ。レオポルドの紅茶なんて、日本じゃ確か銀座でしか買えなかったはずよ？」,"""И всё‐таки у этого чая просто бесподобный аромат. Давайте поскорее выпьем его. Полагаю, в Японии, кроме как в Гинзе, леопольдовский чёрный чай больше нигде не купишь, верно?""","""Ainda assim, o aroma desse chá preto é maravilhoso. Vamos tomá‐lo logo. Acredito que, no Japão, você não possa comprar coisas como Chá Preto Leopold em qualquer lugar além de Ginza, certo?""",「不过，这红茶的香气真是不错呢。大家也赶快尝尝吧。利奥波德的红茶，在日本似乎只能在银座买到哟？」,「不過，這紅茶的香氣真是不錯呢。大家也趕快嘗嘗吧。利奧波德的紅茶，在日本似乎只能在銀座買到喲？」,"""Comunque, questo tè nero ha davvero un ottimo aroma. Beviamolo subito. {n}In Giappone, sicuramente puoi comprare qualcosa come il tè nero di Leopold solamente a Ginza, vero?""","""Comunque, è un tè nero dall'aroma davvero ottimo. Beviamolo subito.{n}Di sicuro un tè nero di Leopold del genere in Giappone può essere comprato solo a Ginza, vero?""","""Este té negro tiene un aroma impresionante. Bebámoslo de una vez. En Japón, seguro que no puedes comprar cosas como el té negro de Leopold fuera de Ginza, ¿verdad?""","""ﻳﻤﺘﻠﻚ ﻫﺬﺍ ﺍﻟﺸﺎﻱ ﺍﻷﺳﻮﺩ ﺭﺍﺋﺤﺔ ﺟﻤﻴﻠﺔ ﺣﻘﺎ. ﺩﻋﻮﻧﺎ ﻧﺸﺮﺑﻪ ﻓﻲ ﺁﻥ ﻭﺍﺣﺪ. ﻓﻲ ﺍﻟﻴﺎﺑﺎﻥ، ﺑﺎﻟﺘﺄﻛﻴﺪ ﻻ ﻳﻤﻜﻨﻚ ﺷﺮﺍﺀ ﺍﻟﺸﺎﻱ ﺍﻷﺳﻮﺩ ﻟﻴﻮﺑﻮﻟﺪ ﻣﻦ ﺃﻱ ﻣﻜﺎﻥ ﺑﺎﺳﺘﺜﻨﺎﺀ ﻣﺪﻳﻨﺔ ﺟﻴﻨﺰﺍ، ﺻﺤﻴﺢ؟""","""Dù sao thì, trà đen này có mùi thơm tuyệt quá. Mời mọi người cùng uống ngay thôi. Chị nghe nói ở Nhật thì trà đen hiệu Leopold chỉ có thể mua ở Ginza, đúng không?""","""Teh hitam ini aromanya sangat harum. Mari kita minum sekarang. Sepertinya di Jepang, teh hitam Leopold hanya bisa dibeli di Ginza, ya?""","""Yine de bu siyah çayın gerçekten hoş bir aroması var. Hadi soğumadan içelim. Sanırım Japonya'da Leopold'un siyah çayı gibi bir şeyi Ginza dışında hiçbir yerde satın alamazsınız, değil mi?"""
Ushiromiya Rosa,"""Kyrie nee‐san, how knowledgeable of you. It really was worth buying.""","""I see you know a lot about it, Kyrie nee-san. I guess it was worth going to the trouble of buying it."" ","""Kyrie nee-san, how knowledgeable of you. It really was worth buying.""",「霧江姉さんはお詳しいですね。買って来た甲斐がありました。」,「霧江姉さんはお詳しいですね。買って来た甲斐がありました」,"""Какая осведомленность, Кирие нээ‐сан. Он действительно стоил того, чтобы его купить.""","""Kyrie nee‐san, você entende bastante disso. É algo que realmente vale a pena comprar.""",「雾江姐姐对这可真熟悉呀。我也算是没白买了。」,「霧江姐姐對這可真熟悉呀。我也算是沒白買了。」,"""Kyrie Nee-san, quanta conoscenza. Era davvero degno di essere comprato.""","""Sei ben informata, Kirie-san. Ne è valsa la pena andare ad acquistarlo.""","""Veo que sabes bastante de eso, Kyrie nee‐san. Realmente valió la pena comprarlo.""","""ﻣﺪﻯ ﻣﻌﻠﻮﻣﺎﺗﻚ ﻣﺪﻫﺶ ﻳﺎ ﺃﺧﺘﻲ ﻛﻴﺮﻳﻲ-ﺳﺎﻥ. ﻟﻘﺪ ﻛﺎﻥ ﻳﺴﺘﺤﻖ ﺍﻟﺸﺮﺍﺀ ﺣﻘﺎ.""","""Chị biết nhiều quá, chị Kyrie à. Thứ trà này rất đáng mua đó.""","""Kyrie nee-san, sangat berpengetahuan. Benar-benar layak dibeli.""","""Kyrie nee-san, ne kadar bilgilisin. Gerçekten almaya değerdi."""
,Kyrie and Rosa stood up from their seats and made as if to prepare the black tea.{n}Natsuhi forestalled them.,"Kyrie and Rosa stood up from their seats and made as if to prepare the black tea, but Natsuhi forestalled them. ","Kyrie and Rosa stood up from their seats and made as if to prepare the black tea. Natsuhi forestalled them.",霧江と楼座が席を立ち、紅茶を入れてこようとする。それを夏妃が制した。,霧江と楼座が席を立ち、紅茶を淹れてこようとする。{n}それを夏妃が制した。,Кирие и Роза встали со своих сидений и уже было собрались приготовить чёрного чая...{n}Но Нацухи опередила их.,Kyrie e Rosa levantaram de seus assentos para preparar o chá.{n}Natsuhi se antecipou.,雾江和楼座站起身来，想给大家倒红茶。{n}夏妃制止了她们。,霧江和樓座站起身來，想給大家倒紅茶。{n}夏妃制止了她們。,Kyrie e Rosa si alzarono dalle loro sedie e fecero come per preparare il tè nero. Natsuhi le anticipò.,Kirie e Rosa si alzarono dalle loro sedie per andare a preparare il tè nero.{n}Ma Natsuhi le anticipò.,Kyrie y Rosa se levantaron de sus asientos para ir a preparar el té negro.{n}pero Natsuhi las interrumpió.,ﻧﻬﻀﺖ ﻛﻴﺮﻳﻲ ﻭ ﺭﻭﺯﺍ ﻣﻦ ﻣﻘﻌﺪﻫﻤﺎ ﻣﻦ ﺃﺟﻞ ﺗﺤﻀﻴﺮ ﺍﻟﺸﺎﻱ ﺍﻷﺳﻮﺩ.{n}ﻟﻜﻦ ﻧﺎﺗﺴﻮﻫﻲ ﺳﺒﻘﺘﻬﻤﺎ،,"Kyrie và Rosa đứng dậy, như thể đang chuẩn bị rót trà.{n}Natsuhi đã ngăn họ lại.",Kyrie dan Rosa berdiri dari kursi mereka seolah akan menyiapkan teh.{n}Natsuhi mencegah mereka.,Kyrie ve Rosa oturdukları yerden kalkıp siyah çayı hazırlar gibi yaptılar.{n}Natsuhi onları engelledi.
Ushiromiya Natsuhi,"""......Thank you both. Let us save that for later. One of our people will soon be coming to bring some tea, so please relax.""","""......I thank you both, but we can try that later. One of our people will soon be coming to bring some tea, so please relax."" ","""......Thank you, both. Let us save that for later. One of our people will soon be coming to bring some tea, so please relax.""",「……お二人ともありがとう。それは後で頂きましょう。うちの者がすぐお茶を持ってきますので、どうぞおくつろぎください。」,「……お二人ともありがとう。それは後で頂きましょう。うちの者がすぐお茶を持ってきますので、どうぞおくつろぎください」,"""Благодарю вас. Но давайте немного обождём с этим. Скоро один из слуг принесёт нам чай, поэтому не утруждайте себя.""","""......Obrigada, vocês duas. Vamos guardá‐lo para outra hora. Um de nossos serviçais logo vai vir e servir um pouco de chá, por favor, descansem.""",「……谢谢二位。这个稍后再品尝吧。我家的下人马上就会来上茶，请各位放松一下稍候片刻。」,「……謝謝二位。這個稍後再品嘗吧。我家的下人馬上就會來上茶，請各位放鬆一下稍候片刻。」,"""... Vi ringrazio entrambe. Beviamolo più tardi. Qualcuno di noi arriverà presto per portare un pò di tè, quindi vi prego di rilassarvi.""","""...Vi ringrazio entrambe. Beviamolo più tardi. Uno dei nostri domestici arriverà presto a portare del tè, perciò vi prego di accomodarvi.""","""Gracias a ambas. Dejémoslo para luego. Uno de los nuestros no tardará en traer algo de té, así que relájense.""","""......ﺷﻜﺮﺍ ﻟﻜﻤﺎ. ﻟﻨﺤﻔﻆ ﻫﺬﺍ ﻟﻮﻗﺖ ﺃﺧﺮ. ﺃﺣﺪ ﺧﺪﻣﻨﺎ ﺳﻴﺄﺗﻲ ﺳﺮﻳﻌﺎ ﻭﻳﺠﻠﺐ ﺍﻟﺸﺎﻱ، ﻟﺘﺴﺘﺮﻳﺤﺎ ﻣﻦ ﻓﻀﻠﻜﻤﺎ.""","""......Cảm ơn cả hai em. Lát nữa chúng ta hãy uống sau cũng được. Chuẩn bị có người mang trà tới đây rồi, vậy nên cứ ngồi yên mà thư giãn nhé.""","""......Terima kasih. Mari kita simpan untuk nanti. Salah satu staf kami akan segera membawa teh, jadi silakan bersantai.""","""......İkinize de teşekkürler. Bunu sonraya saklayalım. Adamlarımızdan biri birazdan çay getirmeye gelecek, o yüzden lütfen keyfinize bakın."""
Ushiromiya Rudolf,"""Leave it for later, you two. Let them treat us to a ""welcome drink"" at least.""","""Leave it for later, you two. Let's enjoy our ""welcome drink""."" ","""Leave it for later, you two. Let's enjoy our 'welcome drink'.""",「二人とも後にしろよ。ウェルカムドリンクくらいご馳走になろうぜ。」,「二人とも後にしろよ。ウェルカムドリンクくらいご馳走になろうぜ」,"""Оставьте это на потом. Давайте‐ка лучше насладимся 'приветственным напитком'.""","""Deixem isso para depois, vocês duas. Vamos deixar eles ofereceram nossas ""bebidas de boas‐vindas"".""",「你们两个等下再说吧。至少先享受一下迎宾茶水的款待吧。」,「你們兩個等下再說吧。至少先享受一下迎賓茶水的款待吧。」,"""Lasciate, voi due. Godiamoci la nostra ‘bevanda di benvenuto’.""","""Lasciatelo per dopo, voi due. Godiamoci questo drink di benvenuto.""","""Déjenlo para después, ustedes dos. Disfrutemos de nuestra ""bebida de bienvenida"" al menos.""","""ﺍﺗﺮﻛﺎﻩ ﻟﻮﻗﺖ ﺁﺧﺮ، ﺃﻧﺘﻤﺎ ﺍﻻﺛﻨﺘﺎﻥ. ﺩﻋﻮﻧﺎ ﻧﺴﺘﻤﺘﻊ ﺑﺸﺮﺍﺏ ﺍﻟﺘﺮﺣﻴﺐ.""","""Hai em cứ để đó đi. Để gia chủ được đãi chúng ta một ly trà mời khách đã chứ.""","""Simpan untuk nanti, kalian berdua. Biarkan mereka menghidangkan ""minuman selamat datang"" dulu.""","""Siz ikiniz, bunu sonraya bırakın. En azından bize bir ""hoş geldin içeceği"" ikram etsinler."""
,Rudolf gave a subtle signal with his eyes for them to sit down again.{n}...Kyrie and Rosa understood instantly and obediently returned to their seats.,Rudolf gave a subtle signal with his eyes for them to sit down again. ...Kyrie and Rosa understood instantly and obediently returned to their seats. ,"Rudolf gave a subtle signal with his eyes for them to sit down again....Kyrie and Rosa understood instantly and obediently returned to their seats.",留弗夫が席に戻れと、さりげなく目で合図をする。…霧江と楼座はすぐに理解し、大人しく無言で席に戻った。,留弗夫が席に戻れと、さりげなく目で合図をする。{n}…霧江と楼座はすぐに理解し、大人しく無言で席に戻った。,Рудольф незаметно подал им глазами знак сесть обратно.{n}...Кирие с Розой тотчас же уловили его и послушно сели.,Rudolf fez um sinal sutil com os olhos para que elas sentassem novamente.{n}...Kyrie e Rosa entenderam imediatamente e obedientemente retornaram aos seus assentos.,留弗夫回到座位，悄无声息地向她俩递了个眼神。{n}…雾江和楼座马上就会意了，默默地回到自己的座位。,留弗夫回到座位，悄無聲息地向她倆遞了個眼神。{n}…霧江和樓座馬上就會意了，默默地回到自己的座位。,Rudolf ritornò alla sua sedia e con disinvoltura diede loro uno sguardo significativo. ... Kyrie e Rosa capirono immediatamente e tornarono ubbidientemente ai loro posti.,"Con sguardo disinvolto, Rudolf diede loro un segnale di tornare alle loro sedie...Kirie e Rosa capirono immediatamente, e tornarono ai loro posti senza fiatare.",Rudolf les hizo una sutil señal con los ojos para indicarles que debían volver a sentarse.{n}Kyrie y Rosa lo entendieron al instante y obedientemente regresaron a sus asientos.,ﺃﻋﻄﻰ ﺭﻭﺩﻭﻟﻒ ﺇﺷﺎﺭﺓ ﺣﺎﺫﻗﺔ ﺑﻌﻴﻨﻴﻪ ﻟﻬﻤﺎ ﻛﻲ ﺗﻌﻮﺩﺍ ﻟﻠﺠﻠﻮﺱ ﻣﺮﺓ ﺃﺧﺮﻯ.{n}....ﻓﻬﻤﺖ ﻛﻴﺮﻳﻲ ﻭ ﺭﻭﺯﺍ ﻋﻠﻰ ﺍﻟﻔﻮﺭ ﻭﻋﺎﺩﻭﺍ ﺑﺎﻧﺼﻴﺎﻉ ﺇﻟﻰ ﻣﻘﻌﺪﻫﻤﺎ.,Rudolf kín đáo ra hiệu bằng ánh mắt để họ ngồi xuống lại.{n}...Kyrie và Rosa hiểu ý ngay và lặng lẽ trở về chỗ ngồi.,Rudolf memberi isyarat halus dengan matanya untuk mereka duduk kembali.{n}...Kyrie dan Rosa langsung paham dan patuh kembali ke kursi.,Rudolf tekrar oturmaları için gözleriyle ince bir işaret verdi.{n}...Kyrie ve Rosa hemen anladılar ve itaatkâr bir şekilde yerlerine döndüler.
,"The guests had already been greeted, so it was time for some tea to be prepared for them.","The initial greeting of the guests was complete, so it was time for them to be served some tea. "," The guests had already been greeted, so it was time for some tea to be prepared for them.",客人たちが挨拶に見えたのだから、すぐにお茶が振舞われるべきなのだ。,客人たちが挨拶に見えたのだから、すぐにお茶が振舞われるべきなのだ。,"Гостей уже поприветствовали, поэтому настало время угостить их чаем.","Os convidados já haviam sido recebidos, portanto, já estava na hora de preparar o chá para eles.",客人们都前来打招呼了，按理是应该立刻上茶的。,客人們都前來打招呼了，按理是應該立刻上茶的。,"Gli ospiti erano già stati accolti, quindi era il momento di preparare del tè per loro.","Dato che gli ospiti erano stati ricevuti, bisognava subito preparare del tè per loro...","Ya se había dado la bienvenida a los invitados, así que era hora de prepararles algo de té.",ﺗﻢ ﺍﻟﺘﺮﺣﻴﺐ ﺑﺎﻟﻀﻴﻮﻑ ﺑﺎﻟﻔﻌﻞ، ﻟﺬﺍ ﺣﺎﻥ ﺍﻟﻮﻗﺖ ﻹﻋﺪﺍﺩ ﺑﻌﺾ ﺍﻟﺸﺎﻱ ﻟﻬﻢ.,"Khách thì cũng đã chào rồi, vậy thì bây giờ là lúc trà nên được mang ra.","Tamu sudah disambut, sekarang waktunya teh disiapkan untuk mereka.","Misafirler çoktan karşılanmıştı, bu yüzden onlar için çay hazırlama zamanı gelmişti."
,"...That tea was late, and having the guests talk about making some themselves was an embarrassment for the host.","...It was embarrassing for the host that the tea was late, especially now that the guests were talking about making tea themselves. ","...That tea was late and having the guests talk about making some themselves was an embarrassment for the host.",…そのお茶のタイミングが遅れて、客人たちが自分たちでお茶を入れようなどと言い出しては、ホストの顔は丸潰れだ。,…そのお茶のタイミングが遅れて、客人たちが自分たちでお茶を淹れようなどと言い出しては、ホストの顔は丸潰れだ。,"...Чай запаздывал, и зародившиеся среди гостей разговоры о том, чтобы приготовить его самим, ставили хозяйку в неловкое положение.","...O chá estava atrasado, e ter os convidados falando sobre ir prepará‐lo era algo embaraçoso para os anfitriões.",…若是错过了上茶的时机，等到客人们自己说出倒茶，主人就颜面尽失了。,…若是錯過了上茶的時機，等到客人們自己說出倒茶，主人就顏面盡失了。,"... Quel tè era in ritardo e che gli ospiti avessero iniziato a parlare riguardo al prepararsi da soli il tè, era un disastro per i padroni.","Il fatto che il tè fosse talmente in ritardo, che gli ospiti avevano incominciato a dire di preparselo da soli, stava facendo fare una pessima figura ai padroni di casa.","Dicho té llegaba tarde, y ver a los invitados hablar sobre hacer algo de té ellos mismos era una vergüenza para el anfitrión.",...ﻛﺎﻥ ﺗﺤﻀﻴﺮ ﺍﻟﺸﺎﻱ ﻣﺘﺄﺧﺮﺍ، ﻣﻤﺎ ﺟﻌﻞ ﺍﻟﻀﻴﻮﻑ ﻳﺘﺤﺪﺛﻮﻥ ﻋﻦ ﺇﻣﻜﺎﻧﻴﺔ ﺗﺤﻀﻴﺮﻩ ﺑﺄﻧﻔﺴﻬﻢ ﻭﺍﻟﺬﻱ ﻣﻦ ﺷﺄﻧﻪ ﺃﻥ ﻳﺴﺒﺐ ﺍﻹﺣﺮﺍﺝ ﻟﻠﻤﻀﻴﻒ.,"...Nhưng đợi mãi mà gia nhân vẫn chưa thấy đâu cả, và để khách tự bàn về việc rót trà thì thật mất mặt cho chủ nhà.","...Teh itu terlambat, dan membuat tamu bicara tentang menyiapkan sendiri adalah aib bagi tuan rumah.",...Çay gecikmişti ve misafirlerin kendi çaylarını yapmaktan bahsetmeleri ev sahibi için utanç vericiydi.
,"Natsuhi bit her lower lip, frustrated with the ineptitude of the servants who were taking too long to bring the tea.","Natsuhi bit her lower lip, frustrated by the ineptitude of the servants who were late bringing in the tea. "," Natsuhi bit her lower lip, frustrated with the ineptitude of the servants who were taking too long to bring the tea.",夏妃は、お茶の準備が遅れている使用人たちの不手際に下唇を噛む。,夏妃は、お茶の準備が遅れている使用人たちの不手際に下唇を噛む。,"Раздраженная халатностью слуг, задерживающихся с чаем, Нацухи прикусила нижнюю губу.","Natsuhi mordeu seu lábio inferior, frustrada com a inaptidão de seus serviçais que estavam demorando demais para trazer o chá.",夏妃为迟迟不来上茶的佣人们的笨拙气得咬住了下唇。,夏妃為遲遲不來上茶的傭人們的笨拙氣得咬住了下唇。,"Natsuhi si morse il labbro inferiore, frustrata dall'inettitudine dei domestici che stavano impiegando troppo tempo per portare il tè.","Natsuhi si morse il labbro, frustrata dall'inettitudine dei domestici che stavano impiegando troppo tempo per portare il tè...","Natsuhi se mordió el labio inferior, frustrada por la ineptitud de los sirvientes que demoraban tanto en traer el té.",ﻋﻀﺖ ﻧﺎﺗﺴﻮﻫﻲ ﺷﻔﺘﻬﺎ ﺍﻟﺴﻔﻠﻰ، ﺑﻴﻨﻤﺎ ﻛﺎﻧﺖ ﻣﺤﺒﻄﺔ ﻣﻦ ﻋﺪﻡ ﻛﻔﺎﺀﺓ ﺍﻟﺨﺪﻡ ﺍﻟﺬﻳﻦ ﻳﺴﺘﻐﺮﻗﻮﻥ ﻭﻗﺘﺎ ﻃﻮﻳﻼ ﻹﺣﻀﺎﺭ ﺍﻟﺸﺎﻱ.,"Natsuhi cắn môi dưới, giận dữ vì sự chậm trễ của đám người hầu.","Natsuhi menggigit bibir bawahnya, frustasi dengan ketidakmampuan pelayan yang terlalu lama membawa teh.","Natsuhi alt dudağını ısırdı, çayı getirmeleri çok uzun süren hizmetkârların beceriksizliğine sinirlenmişti."
,"...Seeing her face, Eva, without hesitation, started to giggle.","...Seeing her face, Eva immediately started to giggle. ","...Seeing her face, Eva, without hesitation, started to giggle.",…絵羽はその表情を見ながら、はばかることなく、くすくすと笑うのだった。,…絵羽はその表情を見ながら、はばかることなく、くすくすと笑うのだった。,"...Увидев её лицо, Ева тотчас принялась хихикать.","...Vendo sua expressão, Eva, sem hesitar, começou a rir.",…绘羽一边看着这表情，一边毫不忌讳地窃笑起来。,…繪羽一邊看著這表情，一邊毫不忌諱地竊笑起來。,"... Vedendo la sua faccia, Eva, senza esitazione, iniziò a ridacchiare.","Vedendo la sua faccia, Eva iniziò a ridacchiare senza esitazione...","Al ver su cara, Eva comenzó a reír frívolamente sin dudarlo.",ﺭﺅﻳﺔ ﻭﺟﻬﻬﺎ ﻫﻜﺬﺍ، ﺑﺪﺃﺕ ﺗﻘﻬﻘﻪ ﺇﻳﻔﺎ ﺩﻭﻥ ﺃﻱ ﺗﺮﺩﺩ.,"...Thấy biểu cảm đó, Eva không ngần ngại bật cười khúc khích.","...Melihat wajahnya, Eva tanpa ragu mulai terkikik.","...Onun yüzünü gören Eva, hiç tereddüt etmeden kıkırdamaya başladı."
,"......Of course, Shannon had no way of knowing what was taking place in the parlor.","......Of course, Shannon had no way of knowing what was taking place in the parlor. ","......Of course, Shannon had no way of knowing what was taking place in the parlor.",……もちろん、客間のそんな経緯など、紗音が知ろうはずもない。,……もちろん、客間のそんな経緯など、紗音が知ろうはずもない。,"......Шаннон, естественно, никак не могла знать о том, что творилось в гостиной.","......É claro, Shannon não tinha como saber o que estava se passando na sala de visitas.",……当然，客厅现在的这种状况，纱音是不可能知道的。,……當然，客廳現在的這種狀況，紗音是不可能知道的。,"... Certamente, Shannon non poteva sapere cosa stava succedendo nel salotto.","Ovviamente, Shannon non poteva sapere cosa stava succedendo nel salotto.","Por supuesto, Shannon no tenía ninguna manera de saber lo que estaba ocurriendo en el salón.",......ﺑﺎﻟﻄﺒﻊ، ﻟﻢ ﻳﻜﻦ ﻟﺪﻯ ﺷﺎﻧﻮﻥ ﺃﻱ ﻓﻜﺮﺓ ﻋﻤﺎ ﻳﺪﻭﺭ ﻓﻲ ﺻﺎﻟﺔ ﺍﻻﺳﺘﻘﺒﺎﻝ.,"......Dĩ nhiên, Shannon hoàn toàn không biết chuyện gì đang xảy ra trong phòng khách.","......Tentu saja, Shannon tidak tahu apa yang terjadi di ruang tamu.",......Elbette Shannon'un salonda neler olup bittiğini bilmesine imkân yoktu.
,"As she came in pushing a dish cart piled with tea cups, Natsuhi gave her a pained look for no apparent reason, and Shannon couldn't help but flinch without knowing what she had done wrong.","She came pushing a serving cart piled with tea cups. For no apparent reason, Natsuhi gave her a pained look, and Shannon couldn't help but flinch without knowing what she had done wrong. "," She came pushing a dish cart piled with tea cups. For no apparent reason, Natsuhi gave her a pained look, and Shannon couldn't help but flinch without knowing what she had done wrong.",ティーカップを積んだ配膳ワゴンを押してやって来た、という、ただそれだけで夏妃に痛みを伴う眼差しを向けられて、意味もわからず萎縮するしかなかった。,ティーカップを積んだ配膳ワゴンを押してやって来た、という、ただそれだけで夏妃に痛みを伴う眼差しを向けられて、意味もわからず萎縮するしかなかった。,"Она вошла, толкая сервировочную тележку, заставленную чашками с чаем. Без какой‐либо на то причины, Нацухи вдруг удостоила её страдальческим взглядом, и Шаннон, не понимающая, в чём же она провинилась, не смогла удержаться от того, чтобы вздрогнуть.","Ela veio empurrando um carrinho com as xícaras de chá empilhadas, Natsuhi a observou com um olhar de pena por algum motivo, e Shannon não pôde fazer nada além de hesitar por não saber que havia feito algo errado.",她推着放满茶杯的餐车走了进来。刚一进门就被夏妃那能刺痛人的眼神死死盯住，不明所以的她只好缩起了身子。,她推著放滿茶杯的餐車走了進來。剛一進門就被夏妃那能刺痛人的眼神死死盯住，不明所以的她只好縮起了身子。,"Entrò spingendo un portavivande con alcune tazze da tè. Senza motivo apparente, Natsuhi le lanciò un'occhiataccia, e Shannon non poté fare altro che indietreggiare senza sapere cosa avesse fatto di sbagliato.","Entrò spingendo un portavivande con sopra delle tazzine da tè, e senza motivo apparente, ricevette un'occhiataccia da Natsuhi, non potendo fare altro che tentennare senza sapere cosa avesse fatto.","Mientras ella llegaba empujando un carrito en el que había tazas para el té, Natsuhi la miró con una expresión de dolor sin motivo aparente, y Shannon no pudo evitar retroceder sin saber qué había hecho mal.",ﻟﻘﺪ ﺟﺎﺀﺕ ﻭﻫﻲ ﺗﺪﻓﻊ ﻋﺮﺑﺔ ﺻﻐﻴﺮﺓ ﻣﻜﺪﺳﺔ ﺑﺄﻛﻮﺍﺏ ﺍﻟﺸﺎﻱ. ﻭﺩﻭﻥ ﺳﺒﺐ ﻭﺍﺿﺢ، ﺃﻋﻄﺘﻬﺎ ﻧﺎﺗﺴﻮﻫﻲ ﻧﻈﺮﺓ ﻏﺎﺿﺒﺔ، ﻣﻤﺎ ﺟﻌﻞ ﺷﺎﻧﻮﻥ ﺗﺠﻔﻞ ﺩﻭﻥ ﺃﻥ ﺗﻌﻠﻢ ﻣﺎ ﺍﻟﺬﻱ ﻓﻌﻠﺘﻪ.,"Khi cô đẩy xe trà chất đầy những chiếc tách vào phòng, Natsuhi nhìn cô với một ánh mắt đau đớn mà không rõ lý do, khiến Shannon giật mình mà không hiểu mình làm gì sai.","Saat dia masuk mendorong gerobak hidangan dengan cangkir teh, Natsuhi memberinya tatapan kesal tanpa alasan jelas, membuat Shannon kaget tanpa tahu kesalahannya.","Çay fincanlarıyla dolu bir servis arabasını iterek içeri girdiğinde, Natsuhi görünürde bir neden olmaksızın ona acı dolu bir bakış attı ve Shannon neyi yanlış yaptığını bilmeden irkilmekten kendini alamadı."
Shannon,"""......E‐excuse me. I shall prepare some tea for you.""","""......E-Excuse me. Your tea is ready."" ","""......E, excuse me. The tea is prepared.""",「……し、失礼いたします。お茶のご用意をさせていただきます。」,「……し、失礼いたします。お茶のご用意をさせていただきます」,"""......П‐прошу прощения. Чай готов.""","""......E‐Eu peço desculpas. Irei preparar o chá para vocês.""",「……失、失礼了。请允许我为各位倒茶。」,「……失、失禮了。請允許我為各位倒茶。」,"""... S-Scusatemi. Il tè è pronto.""","""...S-Scusatemi. I preparativi del tè sono terminati.""","""... D‐Disculpen. Prepararé el té ahora mismo.""","""........ﻋـ، ﻋﻔﻮﺍ. ﺇﻥ ﺍﻟﺸﺎﻱ ﺟﺎﻫﺰ.""","""......X‐xin thứ lỗi. Tôi sẽ chuẩn bị trà ngay.""","""......P-permisi. Aku akan menyiapkan teh untuk kalian.""","""......İ-İzninizle. Sizin için biraz çay hazırlayayım."""
Ushiromiya Hideyoshi,"""Oh, Shannon‐chan, it's been a while! You keep getting prettier every time I see you!""","""Oh, Shannon-chan, it's been a while! You keep getting prettier every time I see you!"" ","""Oh, Shannon-chan, it's been a while! You keep getting prettier every time I see you!""",「おう、紗音ちゃん、久しぶりやのぅ！　ますますべっぴんさんになりよったなぁ！」,「おう、紗音ちゃん、久しぶりやのぅ！　ますますべっぴんさんになりよったなぁ！」,"""О, Шаннон‐чан, давно не виделись! Я смотрю, ты только хорошеешь и хорошеешь!""","""Oh, Shannon‐chan, há quanto tempo! Você fica cada vez mais linda sempre que te vejo!""",「哦，纱音，好久不见呐！真是长得越来越像个大美女了呐！」,「哦，紗音，好久不見吶！真是長得越來越像個大美女了吶！」,"""Oh, Shannon-chan, quanto tempo! Continui a diventare sempre più carina!""","""Oh, Shannon-chan, da quanto tempo! Ti stai facendo sempre più carina!""","""¡Oh, Shannon‐chan, ha pasado tanto tiempo! ¡No has dejado de hacerte más y más guapa!""","""ﺃﻭﻩ، ﺷﺎﻧﻮﻥ-ﺗﺸﺎﻥ، ﻟﻘﺪ ﻣﺮ ﻭﻗﺖ ﻃﻮﻳﻞ! ﺇﻧﻚ ﺗﺼﺒﺤﻴﻦ ﺃﺟﻤﻞ ﻓﻲ ﻛﻞ ﻣﺮﺓ ﺃﻗﺎﺑﻠﻚ ﻓﻴﻬﺎ!""","""Ô kìa, cô Shannon, đã lâu không gặp rồi! Mỗi lần gặp lại là tôi lại thấy cô xinh hơn hẳn đấy!""","""Oh, Shannon-chan, lama tidak bertemu! Kamu semakin cantik setiap kali bertemu!""","""Oh, Shannon-chan, uzun zaman oldu! Seni her gördüğümde daha da güzelleşiyorsun!"""
Shannon,""".........Oh, ...um, .........thanks—""",""".........Oh, ...um, .........thanks..."" ",""".........Oh, ...um, .........thanks...,""",「………いえ、…あの、………どうも…、」,「………いえ、…あの、………どうも…、」,""".........О... м‐м... благодарю...""",""".........Não, ...bem, .........obrigada—""",「……不，…那个，………谢谢……」,「……不，…那個，………謝謝……」,"""... Oh... um... grazie...""","""...Oh... ecco... grazie...""","""... Oh... um... gracias—""","""..........ﺃﻭﻩ، ..........ﺃﻣﻢ، ...........ﺷﻜﺮﺍ ﻟﻚ......""",""".........Ô, ...ừm, .........dạ cảm ơn–""",""".........Oh, ...um, .........terima—""",""".........Oh, ...şey, .........teşekkür ederim—"""
Ushiromiya Natsuhi,"""Leave the chatting for after you've set the table. The tea will get cold.""","""Save the chatting for after you've set the table. The tea will get cold."" ","""Leave the chatting for after you've set the table. The tea will get cold.""",「おしゃべりは配膳を済ませてからになさい。お茶が冷めます。」,「おしゃべりは配膳を済ませてからになさい。お茶が冷めます」,"""Сперва накрой на стол, а потом разговаривай. Иначе чай остынет.""","""Deixem para conversar depois que você arrumar a mesa. O chá vai esfriar.""",「等都倒完了再聊吧。茶会凉的。」,「等都倒完了再聊吧。茶會涼的。」,"""Potrai chiacchierare dopo che avrai preparato la tavola. Il tè si raffredderà.""","""Potrai chiacchierare dopo che avrai preparato la tavola. Si raffredderà il tè.""","""Deja las conversaciones para cuando acabes de poner la mesa. El té se enfriará.""","""ﺩﻋﻲ ﻋﻨﻚ ﺍﻟﺪﺭﺩﺷﺔ ﺑﻌﺪ ﺗﺠﻬﻴﺰ ﺍﻟﻄﺎﻭﻟﺔ. ﺳﻴﺒﺮﺩ ﺍﻟﺸﺎﻱ.""","""Chuyện trò thì để sau khi bày bàn xong đi. Trà sẽ nguội mất.""","""Tinggalkan obrolan untuk setelah meja siap. Tehnya akan dingin.""","""Sohbeti masayı hazırladıktan sonraya bırakın. Çay soğuyacak."""
Shannon,"""......I, ...I apologize, Madam.""","""......I-I apologize, Madam."" ","""......I,...I apologize, Madam.""",「……もっ、…申し訳ございません、奥様。」,「……もっ、…申し訳ございません、奥様」,"""......М‐мои глубочайшие извинения, мадам.""","""......E‐Eu peço desculpas, madame.""",「……对、…对不起，太太。」,「……對、…對不起，太太。」,"""... M... Mi scuso, Madame.""","""...M-Mi scuso, madame.""","""... Mi‐Mis disculpas, señora.""","""....ﺃ، ...ﺃﻋﺘﺬﺭ ﻳﺎ ﺳﻴﺪﺗﻲ.""","""......Con, ...con xin lỗi, thưa bà.""","""......A-aku minta maaf, Nyonya.""","""......Ben, ...Ben özür dilerim, Madam."""
,"She apologized like a small frightened animal, and, bumping against the serving cart, made a jarring racket as she dropped several tea spoons.","She apologized like a small frightened animal, bumped against the serving cart, and made a jarring racket as she dropped several teaspoons. ","She apologized like a small frightened animal, and, bumping against the serving cart, made a jarring racket as she dropped several tea spoons.",怯える小動物のように謝る仕草が、配膳ワゴンに触れ、ティースプーンを数本落として、耳障りな音を立ててしまう。,怯える小動物のように謝る仕草が、配膳ワゴンに触れ、ティースプーンを数本落として、耳障りな音を立ててしまう。,"Она извинилась, словно маленькое напуганное животное, и налетела на сервировочную тележку, отчего несколько чайных ложек упало, издав при этом дребезжащий звук.","Ela se desculpou como um pequeno animal amedrontado, batendo contra o carrinho e fazendo um som agudo, derrubando diversas colheres de chá.",纱音那像受惊的小动物一样的道歉动作，不巧碰到了餐车，几根茶匙掉了下来，发出了刺耳的声响。,紗音那像受驚的小動物一樣的道歉動作，不巧碰到了餐車，幾根茶匙掉了下來，發出了刺耳的聲響。,"Si scusò come un piccolo animale spaventato, e, urtando contro il carrello, fece un irritante fracasso mentre faceva cadere diversi cucchiaini da tè.","Durante le sue scuse simili a quelle di un animaletto impaurito, urtò contro il portavivande, facendo cadere diversi cucchiaini da tè, e causando un gran fracasso.","Se disculpó como un animal pequeño y asustado, y, golpeándose contra el carrito, hizo un estridente alboroto al tirar varias cucharillas para el té.",ﺍﻋﺘﺬﺭﺕ ﻣﺜﻞ ﺣﻴﻮﺍﻥ ﺻﻐﻴﺮ ﺧﺎﺋﻒ، ﻭﺍﺻﻄﺪﻣﺖ ﺑﻌﺮﺑﺔ ﺍﻟﺘﻘﺪﻳﻢ، ﻣﺤﺪﺛﺔ ﺟﻠﺒﺔ ﺑﻴﻨﻤﺎ ﺃﺳﻘﻄﺖ ﻋﺪﺩﺍ ﻣﻦ ﻣﻼﻋﻖ ﺍﻟﺸﺎﻱ.,"Shannon xin lỗi như một con thú nhỏ sợ hãi, va vào xe trà làm rơi lẻng xẻng mấy cái thìa.","Dia meminta maaf seperti binatang kecil ketakutan, dan menabrak gerobak hidangan hingga sendok teh jatuh berisik.",Korkmuş küçük bir hayvan gibi özür diledi ve servis arabasına çarparak birkaç çay kaşığını düşürürken sarsıcı bir gürültü çıkardı.
,"Her clumsiness made Natsuhi's expression even harsher, which made Shannon in turn quail even more.","Her clumsiness made Natsuhi's expression turn even darker, which made Shannon quail even more. "," Her clumsiness made Natsuhi's expression even harsher, which made Shannon in turn quail even more.",その無様に夏妃がますます表情を険しくし、それがますます紗音を萎縮させていた。,その無様に夏妃がますます表情を険しくし、それがますます紗音を萎縮させていた。,"От её рассеянности выражение лица Нацухи стало только жестче, отчего Шаннон заробела ещё сильнее.","Sua falta de cuidado fez com que a expressão de Natsuhi ficasse ainda mais ríspida, o que fez com que Shannon se desanimasse ainda mais.",这种失态让夏妃的表情显得更加严峻，而这也让纱音变得更加畏手畏脚。,這種失態讓夏妃的表情顯得更加嚴峻，而這也讓紗音變得更加畏手畏腳。,"La sua goffaggine rese l'espressione di Natsuhi anche più severa, la quale fece aumentare sempre più lo sgomento di Shannon.","La sua goffaggine rese l'espressione di Natsuhi ancor più severa, la quale fece aumentare sempre di più lo sgomento di Shannon.","Su torpeza hizo que la expresión de Natsuhi fuera aún más severa, lo cual a su vez hizo que Shannon temblara todavía más.",ﺑﻼﺩﺗﻬﺎ ﺟﻌﻠﺖ ﺗﻌﺒﻴﺮ ﻧﺎﺗﺴﻮﻫﻲ ﻳﻘﺴﻮ ﺃﻛﺜﺮ، ﻣﻤﺎ ﺟﻌﻞ ﺷﺎﻧﻮﻥ ﺗﺠﺒﻦ ﻓﺄﻛﺜﺮ.,"Sự vụng về đó khiến nét mặt Natsuhi càng thêm nghiêm khắc, khiến cô lại càng sợ hãi hơn.","Kekikukan itu membuat ekspresi Natsuhi semakin keras, yang membuat Shannon semakin ciut.","Sakarlığı Natsuhi'nin yüz ifadesini daha da sertleştirdi, bu da Shannon'un daha da korkmasına neden oldu."
Ushiromiya Eva,"""It's alright, Natsuhi nee‐san. What does a single greeting matter? We've already been made to wait for so long, the tea must be quite cold anyway. Heheheh.""","""Come on, Natsuhi nee-san. There's nothing wrong with her exchanging a few words in greeting. The tea must be plenty cold already, considering how long we've been kept waiting. Heheheh."" ","""It's alright, Natsuhi nee-san. It's just one kind of greeting, no big deal. We've already been made to wait for so long, the tea must be cold. Heheheh.""",「いいのよ夏妃姉さん。挨拶のひとつくらいしたって、どうってことないわよ。もう充分待たされてる分、充分、お茶も冷めてるもの。うふふふぅ。」,「いいのよ夏妃姉さん。挨拶のひとつくらいしたって、どうってことないわよ。もう充分待たされてる分、充分、お茶も冷めてるもの。うふふふぅ」,"""Не переживай, Нацухи нээ‐сан. Это тоже в своём роде приветствие. Поскольку нас заставили ждать столь долго, чай, наверное, уже остыл. Хе‐хе‐хе.""","""Está tudo bem, Natsuhi nee‐san. É apenas uma forma de cumprimento. Nós já esperamos por um bom tempo, o chá já deve estar frio de qualquer maneira. Heheheh.""",「没关系的夏妃姐姐。区区打声招呼而已嘛，又没什么大碍。反正都已经等了这么久了，茶早就凉得透透的了。哼哼哼哼。」,「沒關係的夏妃姐姐。區區打聲招呼而已嘛，又沒什麼大礙。反正都已經等了這麼久了，茶早就涼得透透的了。哼哼哼哼。」,"""È tutto a posto, Natsuhi Nee-san. È solamente un tipo di accoglienza, niente di che. Abbiamo aspettato così a lungo, il tè dev'essere freddo. Heheheh.""","""È tutto a posto, Natsuhi-san. Non c'è niente di male nello scambiare quattro chiacchiere. Abbiamo aspettato così a lungo, il tè si sarà già raffreddato. Uhuhuhuh.""","""No te preocupes, Natsuhi nee‐san. Es tan solo un saludo, no tiene mayor importancia. Nos han hecho esperar por tanto tiempo que el té ya debe de estar frío. Jejeje.""","""ﻻ ﺑﺄﺱ ﻳﺎ ﺃﺧﺘﻲ ﻧﺎﺗﺴﻮﻫﻲ. ﻻ ﻣﺸﻜﻠﺔ ﻓﻲ ﺗﺒﺎﺩﻝ ﺑﻌﺾ ﺍﻟﻜﻠﻤﺎﺕ ﻓﻲ ﺍﻟﺘﺮﺣﻴﺐ. ﻟﻘﺪ ﺍﻧﺘﻈﺮﻧﺎ ﻟﻤﺪﺓ ﻃﻮﻳﻠﺔ، ﻻ ﺑﺪ ﺃﻥ ﺍﻟﺸﺎﻱ ﻗﺪ ﺑﺮﺩ. ﻫﻴﻬﻴﻬﻴﻬﻴﻬﻲ.""","""Không sao đâu à, chị Natsuhi. Một câu chào hỏi thì có gì to tát chứ? Đằng nào tụi tôi cũng ngồi chờ quá lâu rồi, trà chắc cũng nguội hết rồi. Heheheh.""","""Tidak apa, Natsuhi nee-san. Apa artinya satu salam? Kami sudah menunggu begitu lama, tehnya pasti sudah cukup dingin. Heheheh.""","""Sorun değil, Natsuhi nee-san. Tek bir selamın ne önemi var? Zaten bu kadar uzun süre bekletildik, çay da oldukça soğuk olmalı. Heheheh."""
Shannon,"""It, ...it's alright... It's not cold yet, so—""","""Th-There's no need to worry... It's not cold yet..."" ","""It, ...it's alright... It's not cold yet...""",「そ、…それは大丈夫です…。冷めてはおりませんので…、」,「そ、…それは大丈夫です…。冷めてはおりませんので…、」,"""В‐всё в порядке... Он ещё не остыл...""","""Não, ...não tem problema... O chá ainda não esfriou, por isso—""",「不、…不用担心这一点…。因为茶还没凉……」,「不、…不用擔心這一點…。因為茶還沒涼……」,"""È... È tutto a posto... non è ancora freddo...""","""N-Non si preoccupi... Non è ancora freddo...""","""No... no pasa nada... Aún no está frio...""","""ﻻ... ﻻ ﺑﺄﺱ... ﻟﻢ ﻳﺒﺮﺩ ﺑﻌﺪ....""","""Dạ, ...dạ không sao ạ... Trà vẫn chưa nguội, nên–""","""T-tidak apa... Belum dingin, jadi—""","""So...sorun değil... Henüz soğumadı, o yüzden—"""
Ushiromiya Natsuhi,""".........Shannon, finish setting the table, quickly.""",""".........Shannon, finish setting the table, quickly."" ",""".........Shannon, finish setting the table, quickly.""",「………紗音、早く配膳を済ませなさい。」,「………紗音、早く配膳を済ませなさい」,""".........Шаннон, закончи сервировать стол, скорее.""",""".........Shannon, termine rapidamente de arrumar a mesa.""",「………纱音，快把茶倒完。」,「………紗音，快把茶倒完。」,"""... Shannon, finisci di preparare la tavola, velocemente.""","""...Shannon, termina subito i preparativi per la tavola.""","""Shannon, termina de poner la mesa, rápido.""","""ﺷﺎﻧﻮﻥ، ﺃﻧﻬﻲ ﺗﺤﻀﻴﺮ ﺍﻟﻄﺎﻭﻟﺔ، ﺑﺴﺮﻋﺔ.""",""".........Shannon, dọn cho xong cái bàn đi, nhanh lên.""",""".........Shannon, selesaikan persiapan meja, cepat.""",""".........Shannon, masayı hazırlamayı bitir, çabuk."""
Shannon,"""I, I'm sorry, Madam......""","""I-I'm sorry, Madam......"" ","""I, I'm sorry, Madam......""",「しっ、失礼しました奥様……。」,「しっ、失礼しました奥様……」,"""П‐прошу прощения, мадам......""","""Eu peço desculpas, madame......""",「对、对不起，太太……」,「對、對不起，太太……」,"""M-Mi dispiace, Madame...""","""M-Mi dispiace, madame...""","""L‐Lo siento, señora...""","""ﺁ، ﺁﺳﻔﺔ ﻳﺎ ﺳﻴﺪﺗﻲ...""","""Dạ, con xin lỗi, thưa bà......""","""A-aku minta maaf, Nyonya......""","""Ben, ben özür dilerim Madam......"""
,It was obvious that Natsuhi was getting irritated.,Natsuhi's irritation was obvious by now. ,"It was obvious that Natsuhi was getting irritated.",夏妃がイラついていることは明白だった。,夏妃がイラついていることは明白だった。,Раздражение Нацухи было очевидным.,Era evidente que Natsuhi estava ficando irritada.,夏妃很明显已经生气了。,夏妃很明顯已經生氣了。,Era ovvio che Natsuhi si stava innervosendo.,Era chiaro che Natsuhi si stesse innervosendo...,Era obvio que Natsuhi se estaba irritando.,ﻛﺎﻥ ﻣﻦ ﺍﻟﻮﺍﺿﺢ ﻋﻠﻰ ﻧﺎﺗﺴﻮﻫﻲ ﺍﻻﻧﺰﻋﺎﺝ.,Rõ ràng là Natsuhi đang bực bội.,Jelas Natsuhi semakin kesal.,Natsuhi'nin sinirlenmeye başladığı belliydi.
,"...The ineptitude that delayed the tea, the clumsiness of the servant—everything pointed to the incompetence of Natsuhi's everyday guidance, making her lose face.","...The ineptitude that delayed the tea, the clumsiness of the servant... Everything pointed to the incompetence of Natsuhi's everyday leadership, making her lose face. ","...The ineptitude that delayed the tea, the clumsiness of the servant, everything pointed to the incompetence of Natsuhi's everyday guidance, making her lose face.",…お茶が遅れた不手際も、使用人の無様も全ては夏妃の日頃の指導の至らなさということに結びつき、自分の顔を潰してしまう。,…お茶が遅れた不手際も、使用人の無様も全ては夏妃の日頃の指導の至らなさということに結びつき、自分の顔を潰してしまう。,"...Неумелость, ставшая причиной задержки чая вкупе с рассеянностью служанки, всё указывало на некомпетентность каждодневного руководства Нацухи, из‐за чего она теряла лицо.","...A inaptidão que fez o chá atrasar, a falta de cuidado de sua serviçal — tudo apontava para a incompetência diária de Natsuhi em ensiná‐la, fazendo‐a perder a compostura.",…迟迟不来上茶，以及佣人的失态，这些全要归咎于夏妃平时的教导无方，会让她的颜面荡然无存。,…遲遲不來上茶，以及傭人的失態，這些全要歸咎於夏妃平時的教導無方，會讓她的顏面蕩然無存。,"... L'inettitudine che aveva fatto ritardare il tè, la goffaggine della domestica, tutto puntava all'incompetenza della quotidiana guida di Natsuhi, facendole perdere la faccia.","L'inettitudine che aveva fatto ritardare il tè, la goffaggine della domestica, tutto puntava alle tipiche incapacità gestionali di Natsuhi, facendole perdere la faccia.","La ineptitud que había retrasado el té, la torpeza de la sirvienta, todo apuntaba a la incompetencia de Natsuhi para dirigir la casa, lo cual influía negativamente en su prestigio.",ﺗﺄﺧﺮ ﺍﻟﺸﺎﻱ، ﺣﻤﺎﻗﺔ ﺍﻟﺨﺎﺩﻡ، ﻛﻞ ﺷﻲﺀ ﻳﺸﻴﺮ ﺇﻟﻰ ﻋﺪﻡ ﻛﻔﺎﺀﺓ ﺗﻮﺟﻴﻬﺎﺕ ﻧﺎﺗﺴﻮﻫﻲ، ﻣﻤﺎ ﻳﺠﻌﻠﻬﺎ ﺗﻔﻘﺪ ﻛﺮﺍﻣﺘﻬﺎ.,"...Từ sự chậm trễ trong việc mang trà ra, rồi sự vụng về của người hầu – tất cả đều phản ánh sự yếu kém trong việc quản lý của Natsuhi, khiến bà cảm thấy bị mất mặt.","...Ketidakmampuan yang menunda teh, kekikukan pelayan—semua menunjukkan ketidakmampuan bimbingan sehari-hari Natsuhi, membuatnya kehilangan muka.","...Çayı geciktiren beceriksizlik, hizmetkârın sakarlığı, her şey Natsuhi'nin günlük rehberliğinin yetersizliğine işaret ediyor ve yüzünü kaybetmesine neden oluyordu."
,"As the person in charge of matters of the Ushiromiya head house, allowing that clumsiness to be exposed today of all days was surely nothing less than total humiliation.","As the person in charge of the Ushiromiya Head Family's kitchen, allowing that clumsiness to be exposed—today of all days—was surely nothing less than total humiliation. "," As the person in charge of the Ushiromiya head house's kitchen, allowing that clumsiness to be exposed today of all days was surely nothing less than total humiliation.",年に一度しかない日に、その無様を晒すことは、右代宮本家の台所を預かる身としては屈辱でしかなかったに違いない。,年に一度しかない日に、その無様を晒すことは、右代宮本家の台所を預かる身としては屈辱でしかなかったに違いない。,"Для человека, заведующего кухней главного дома Уширомия, допустить демонстрацию подобной рассеянности в такой день, было чистой воды унижением.","Como a pessoa encarregada dos assuntos relativos à casa, permitir que tal falta de cuidado fosse exposta todos os dias, certamente não era nada menos do que uma total humilhação.",在这个一年只得一次的日子里，竟然出现了这种失态，对于作为右代宫本家掌管内务的她来说，无疑是羞愧难当。,在這個一年只得一次的日子裡，竟然出現了這種失態，對於作為右代宮本家掌管內務的她來說，無疑是羞愧難當。,"Come la persona in carica della cucina della Villa del capo famiglia, permettere che questa goffaggine fosse esposta oggi tra tutti i giorni era sicuramente nient'altro che una totale umiliazione.","Esporre questa incompetenza, in un evento che avviene solo una volta all'anno, era senza dubbio un'enorme umiliazione per una persona responsabile delle finanze del ramo principale della famiglia Ushiromiya.","Como la persona encargada de la cocina en la casa de la familia Ushiromiya, permitir que esa torpeza fuera expuesta ante todos en aquel día significaba nada más que una humillación absoluta.",ﺑﺼﻔﺘﻬﺎ ﺍﻟﻤﺴﺆﻭﻟﺔ ﻋﻦ ﺍﻟﻤﻨﺰﻝ ﺍﻟﺮﺋﻴﺴﻲ ﻟﻌﺎﺋﻠﺔ ﺃﻭﺷﻴﺮﻭﻣﻴﺎ، ﻓﺈﻥ ﺍﻟﺴﻤﺎﺡ ﻟﻠﺤﻤﺎﻗﺎﺕ ﺑﺎﻟﺤﺪﻭﺙ ﻃﻮﺍﻝ ﺍﻟﻴﻮﻡ ﻟﻢ ﻳﻜﻦ ﺃﻗﻞ ﻣﻦ ﺇﻫﺎﻧﺔ ﺗﺎﻣﺔ.,"Với tư cách là người phụ trách nhà chính của gia tộc Ushiromiya, việc để xảy ra sơ suất như vậy vào đúng ngày hôm nay thật sự là một nỗi nhục.","Sebagai penanggung jawab rumah induk Ushiromiya, membiarkan kekikukan itu terpapar hari ini adalah penghinaan total.","Ushiromiya baş ailesinin işlerinden sorumlu kişi olarak, bu beceriksizliğin bugün olmasına izin vermek kesinlikle tam bir aşağılanmadan başka bir şey değildi."
Ushiromiya Rudolf,"""Lay off, Natsuhi nee‐san. Don't you think it's a little harsh to bully Shannon‐chan when she's trying her best?""","""Lay off, Natsuhi nee-san. Don't you think it's a little harsh to bully Shannon-chan when she's trying her best?"" ","""Lay off, Natsuhi nee-san. Don't you think it's a little harsh to bully Shannon-chan when she's trying her best?""",「よせよ夏妃姉さん。紗音ちゃんだって頑張ってるのにいじめちゃ可哀想だぜ？」,「よせよ夏妃姉さん。紗音ちゃんだって頑張ってるのにいじめちゃ可哀想だぜ？」,"""Да ладно тебе, Нацухи нээ‐сан. Тебе не кажется, что это уж слишком, обижать её, когда она старается изо всех сил?""","""Acalme‐se, Natsuhi nee‐san. Você não acha que é um pouco cruel criticar a Shannon‐chan quando ela está tentando fazer o seu melhor?""",「好了好了夏妃姐姐。纱音已经在努力了，再欺负她不是显得很可怜吗？」,「好了好了夏妃姐姐。紗音已經在努力了，再欺負她不是顯得很可怜嗎？」,"""Lascia stare, Natsuhi Nee-san. Non dovresti essere prepotente con Shannon-chan se sta facendo del suo meglio, non pensi?""","""Lasciala stare, Natsuhi-san. Non pensi che sia ingiusto maltrattare Shannon-chan se sta facendo del suo meglio?""","""Relájate, Natsuhi nee‐san. ¿No crees que es un poco duro acosar a Shannon‐chan a pesar de que lo hace lo mejor que puede?""","""ﻳﻜﻔﻲ ﻳﺎ ﺃﺧﺘﻲ ﻧﺎﺗﺴﻮﻫﻲ. ﺃﻻ ﺗﺮﻳﻦ ﺃﻧﻪ ﻣﻦ ﺍﻟﻘﺴﻮﺓ ﺃﻥ ﺗﺘﻨﻤﺮﻱ ﻋﻠﻰ ﺷﺎﻧﻮﻥ-ﺗﺸﺎﻥ ﺑﻴﻨﻤﺎ ﺗﺒﺬﻝ ﻣﺎ ﻓﻲ ﻭﺳﻌﻬﺎ؟""","""Bình tĩnh nào, chị Natsuhi. Có phải chị đang hơi quá đáng với cô Shannon, kể cả khi cô ấy đang cố gắng hết sức không?""","""Santai, Natsuhi nee-san. Tidak terlalu kejam mengganggu Shannon-chan yang sedang berusaha keras?""","""Kes şunu, Natsuhi nee-san. Elinden gelenin en iyisini yapmaya çalışan Shannon-chan'a zorbalık etmek sence de biraz acımasızca değil mi?"""
Ushiromiya Natsuhi,"""I'm not bullying anyone...!""","""I'm not bullying anyone...!"" ","""I'm not bullying anyone...!""",「いじめてなんかいません…！」,「いじめてなんかいません…！」,"""Я никого не обижаю!..""","""Eu não estou criticando ninguém...!""",「我哪有欺负她…！」,「我哪有欺負她…！」,"""Non sto facendo la prepotente con nessuno...!""","""Non sto maltrattando nessuno...!""","""¡Yo no estoy acosando a nadie!""","""ﺃﻧﺎ ﻻ ﺃﺗﻨﻤﺮ ﻋﻠﻰ ﺃﺣﺪ...!""","""Chị đâu có quá đáng đâu...!""","""Aku tidak mengganggu siapa pun...!""","""Ben kimseye zorbalık yapmıyorum...!"""
Ushiromiya Kyrie,"""What a nice smell. May I ask you the brand of this tea?""","""What a nice aroma. May I ask what brand this is?"" ","""What a nice smell. May I ask you the brand of this tea?""",「いい香りね。お茶の銘柄を聞いてもいいかしら？」,「いい香りね。お茶の銘柄を聞いてもいいかしら？」,"""Какой приятный аромат. Могу я поинтересоваться, что это за сорт чая?""","""Que aroma ótimo. Eu poderia perguntar qual a marca deste chá?""",「好香啊。可以告诉我这种茶的品名吗？」,「好香啊。可以告訴我這種茶的品名嗎？」,"""Che buon odore. Posso chiedere la marca di questo tè?""","""Che buon profumo. Posso chiedere la marca di questo tè?""","""Qué bien huele. ¿Podría preguntarte qué clase de té es?""","""ﻳﺎ ﻟﻬﺎ ﻣﻦ ﺭﺍﺋﺤﺔ ﺟﻤﻴﻠﺔ. ﻫﻞ ﻟﻲ ﺑﺴﺆﺍﻟﻚ ﻋﻦ ﻧﻮﻉ ﻫﺬﺍ ﺍﻟﺸﺎﻱ؟""","""Mùi thơm thật đấy. Cho tôi hỏi tên thương hiệu của trà này được không?""","""Aromanya enak. Boleh tahu merek teh ini?""","""Ne güzel bir koku. Bu çayın markasını sorabilir miyim?"""
Shannon,"""............Umm.........I'm, ...I'm terribly sorry... I'll find out for you later...""","""............Umm, I'm terribly sorry... I'll find out for you later..."" ","""............Umm..., ......I'm, ...I'm terribly sorry... I'll find out for you later...""",「…………ぇっと…、……も、…申し訳ございません…。後ほど調べてまいります…。」,「…………ぇっと…、……も、…申し訳ございません…。後ほど調べてまいります…」,"""............М‐м‐м... я... мне очень жаль... Я попозже выясню...""","""............Bem.........eu, ...eu peço mil desculpas... Eu vou descobrir isso depois para você...""",「…………那个…，……对、…对不起…。等下我会去查的……」,「…………那個…，……對、…對不起…。等下我會去查的……」,"""... Umm... sono... sono terribilmente dispiaciuta... la cercherò per lei più tardi...""","""...Ecco... Io... sono mortificata... La cercherò più tardi...""","""... Umm... L-Lo siento muchísimo... Lo consultaré para usted más tarde...""","""......ﺍﻣﻤﻢ...،....ﺃﻧﺎ،...ﻣﺘﺄﺳﻔﺔ ﻟﻠﻐﺎﻳﺔ.... ﺳﺄﺑﺤﺚ ﻋﻦ ﺫﻟﻚ ﻻﺣﻘﺎ ﻣﻦ ﺃﺟﻠﻚ...""","""............Ưm.........Con, ...con thật sự xin lỗi... Con sẽ tìm hiểu rồi báo lại sau ạ...""","""............Umm.........Aku...aku minta maaf... Aku akan cari tahu nanti...""","""............Umm.........Ben, ...çok çok özür dilerim... Sizin için sonra öğrenirim..."""
,"Kyrie had tried to be nice to her, wanting to cut through the tense mood.","Kyrie was trying to be nice, hoping to cut through the tense mood. ","Kyrie wanted to cut through the tense mood, planning to be nice to her.",霧江は、険しくなった空気を切り替えたくて気を遣ったつもりだった。,霧江は、険しくなった空気を切り替えたくて気を遣ったつもりだった。,"Кирие хотела разрядить обстановку, проявив доброту к Шаннон.","Kyrie estava tentando ser gentil com ela, para amenizar o clima tenso.",雾江是想缓和这严峻的气氛。,霧江是想緩和這嚴峻的氣氛。,"Kyrie voleva alleggerire quell'atmosfera tesa, pensando di essere carina con lei.","Kirie intendeva essere premurosa nei suoi confronti, volendo alleggerire quell'atmosfera tesa...",Kyrie quería despejar el tenso ambiente siendo amable con Shannon.,ﺃﺭﺍﺩﺕ ﻛﻴﺮﻳﻲ ﺃﻥ ﺗﺨﻔﻒ ﻣﻦ ﺣﺪﺓ ﺍﻟﻤﻮﻗﻒ، ﻭﺃﻥ ﺗﻜﻮﻥ ﻟﻄﻴﻔﺔ ﻣﻌﻬﺎ.,"Kyrie cố gắng làm dịu không khí, định thân thiện với Shannon.","Kyrie mencoba bersikap baik, ingin memotong suasana tegang.","Kyrie ona iyi davranmaya çalışmış, gergin havayı dağıtmak istemişti."
,"...However, instead, Shannon had shown a disgraceful display, darkening Natsuhi's face and the room's mood.","...However, Shannon had embarrassed herself instead, darkening Natsuhi's face and the room's mood. ","...However, instead, Shannon had shown a disgraceful display, darkening Natsuhi's face and the room's mood.",…だが、かえって紗音は醜態を晒すことになってしまい、ますますに夏妃の表情と部屋の空気を険しくさせてしまう。,…だが、かえって紗音は醜態を晒すことになってしまい、ますますに夏妃の表情と部屋の空気を険しくさせてしまう。,"...Однако Шаннон и тут оплошала, лишь прибавив мрачности лицу Нацухи и общему настроению в комнате.","...No entanto, ao invés disso, Shannon estava mostrando uma exibição vergonhosa, piorando ainda mais a expressão de Natsuhi e o clima na sala.",…但这反倒又让纱音露出了丑态，房间的气氛和夏妃的表情变得越发严峻了。,…但這反倒又讓紗音露出了醜態，房間的氣氛和夏妃的表情變得越發嚴峻了。,"... Tuttavia, invece, Shannon aveva assunto un'espressione di vergogna, oscurando il volto di Natsuhi e l'atmosfera della stanza.","Tuttavia, Shannon aveva al contrario assunto un comportamento disdicevole, incupendo il volto di Natsuhi e l'atmosfera della stanza.","Sin embargo, en vez de eso, Shannon había mostrado una respuesta vergonzosa, ensombreciendo la expresión de Natsuhi y el ambiente del salón.",...ﺑﺎﻟﺮﻏﻢ ﻣﻦ ﺫﻟﻚ، ﺃﻇﻬﺮﺕ ﺷﺎﻧﻮﻥ ﻋﺮﺿﺎ ﻣﺨﺰﻳﺎ ﻣﻤﺎ ﺃﻏﻀﺐ ﻧﺎﺗﺴﻮﻫﻲ ﻭﺃﺛﺮ ﻋﻠﻰ ﻣﺰﺍﺝ ﺍﻟﻤﺘﻮﺍﺟﺪﻳﻦ ﺑﺎﻟﻐﺮﻓﺔ.,"...Thế nhưng, Shannon lại thể hiện một bộ mặt luống cuống đáng xấu hổ, khiến nét mặt Natsuhi và không khí trong phòng càng trở nên nặng nề.","...Tapi malah membuat Shannon tampil memalukan, menggelapkan wajah Natsuhi dan suasana ruangan.",...Ancak Shannon bunun yerine utanç verici bir tavır sergileyerek Natsuhi'nin yüzünü ve odanın havasını kararttı.
,"By this point, Eva's giggles were loud enough to be heard by everyone in the room.","By this point, Eva was audibly giggling. "," By this point, Eva was audibly giggling.",もうこの頃には、絵羽は、誰の耳にも届く声でくすくすと笑っていた。,もうこの頃には、絵羽は、誰の耳にも届く声でくすくすと笑っていた。,К этому моменту Ева уже не скрывала своего хихиканья.,"Nesse ponto, Eva já estava gargalhando o bastante para todos na sala ouvirem.",此时，绘羽以大到谁都能听到的声音窃笑了起来。,此時，繪羽以大到誰都能聽到的聲音竊笑了起來。,"A questo punto, Eva stava distintamente ridendo.","In quel momento, tutti sentirono chiaramente la grassa risata di Eva.","Llegados a este punto, Eva estaba riéndose con sorna.",ﻓﻲ ﻫﺬﻩ ﺍﻟﻠﺤﻈﺔ، ﻗﻬﻘﻬﺖ ﺇﻳﻔﺎ ﺑﺼﻮﺕ ﻣﺴﻤﻮﻉ.,"Tới lúc này, tiếng cười khúc khích của Eva đã đủ to để ai cũng nghe thấy.","Saat ini, tawa Eva sudah cukup keras didengar semua orang.",Bu noktada Eva'nın kıkırdamaları odadaki herkes tarafından duyulacak kadar yüksekti.
Ushiromiya Eva,"""Whaat's thiis? Shannon‐chan, don't you even know what you're pouring us? Come now, you mustn't serve something so suspicious to guests. We'll need a silver spoon at the very least before we can drink this.""","""Whaat's this? Shannon-chan, don't you even know what you're pouring us? Come now, you mustn't serve something so suspicious to guests. We'll need a silver spoon at the very least before we can drink this."" ","""Whaat's this? Shannon-chan, don't you even know what you're pouring us? Come now, you mustn't serve something so suspicious to guests. We'll need a silver spoon at the very least before we can drink this.",「なぁにぃ？　紗音ちゃん、自分で淹れてるものが何かもわからないのぅ？　ダメよぅ、そんな怪しげなものを来客に振舞っちゃぁ。こんなお茶じゃ銀のスプーンでもないと飲めないわよぅ？」,「なぁにぃ？　紗音ちゃん、自分で淹れてるものが何かもわからないのぅ？　ダメよぅ、そんな怪しげなものを来客に振舞っちゃぁ。こんなお茶じゃ銀のスプーンでもないと飲めないわよぅ？」,"""Как же так, Шаннон‐чан? Ты даже не знаешь, что наливаешь нам? Разве тебе стоит разливать нечто столь подозрительное гостям? Нам сперва потребуется серебряная ложка, перед тем как мы сможем это пить.""","""O que é isso? Shannon‐chan, você não sabe nem o que está nos servindo? Você não deve servir algo suspeito para os convidados. Todos nós precisamos ao menos de uma colher de prata antes de podermos beber isto.""",「什么？纱音，你连自己倒的是什么都不知道啊？这可不行啊，这种可疑的东西怎么能给客人喝呢？这种茶不配上银茶匙可是不能喝的哦？」,「什麼？紗音，你連自己倒的是什麼都不知道啊？這可不行啊，這種可疑的東西怎麼能給客人喝呢？這種茶不配上銀茶匙可是不能喝的哦？」,"""Coos'è questo? Shannon-chan, non sai neanche cosa stai preparando? Non va bene, non dovresti servire qualcosa di così sospetto agli ospiti. Avremmo bisogno di un cucchiaino d'argento prima di berlo.","""Che coooosa? Shannon-chan, non sai neanche cosa stavi per versarci?{n}Non va bene, non dovresti servire qualcosa di così sospetto agli ospiti.{n}Avremmo bisogno di un cucchiaino d'argento per questo tè?""","""¿Qué quieres decir? ¿Shannon‐chan, no sabes siquiera lo que nos estás sirviendo? Verás, no debes servir algo tan sospechoso a los invitados. Al menos necesitaremos unas cucharas de plata antes de poder bebernos esto.""","""ﻣﺎﺍﺍ ﻫﺬﺍ؟ ﺷﺎﻧﻮﻥ-ﺗﺸﺎﻥ، ﺃﻻ ﺗﻌﺮﻓﻴﻦ ﻣﺎ ﻛﻨﺖ ﺗﺼﺒﻴﻦ ﻟﻨﺎ؟ ﺑﺮﺑﻚ، ﻻ ﻳﺠﺐ ﻋﻠﻴﻚ ﺃﻥ ﺗﻘﺪﻣﻲ ﺷﻴﺌﺎ ﻣﺸﺒﻮﻫﺎ ﻟﻠﻀﻴﻮﻑ. ﺳﻨﺤﺘﺎﺝ ﺇﻟﻰ ﻣﻠﻌﻘﺔ ﻓﻀﻴﺔ ﻋﻠﻰ ﺍﻷﻗﻞ ﻗﺒﻞ ﺃﻥ ﻧﺸﺮﺏ ﻫﺬﺍ.""","""Cái gì đây hửửử? Shannon à, cô còn không biết mình đang rót cái gì cho tụi tôi sao? Này nhé, không được rót cái thứ đáng ngờ như vậy để đãi khách đâu đó. Đã thế thì phải có thìa bạc để kiểm tra trước nữa chứ.""","""Apaa ini? Shannon-chan, kamu tidak tahu apa yang kamu sajikan? Ayolah, jangan sajikan sesuatu yang mencurigakan untuk tamu. Kami butuh sendok perak setidaknya sebelum bisa minum ini.""","""Bu daaa neee? Shannon-chan, bize ne servis ettiğini bile bilmiyor musun? Hadi ama, misafirlere bu kadar şüpheli bir şey servis etmemelisin. Bunu içebilmemiz için en azından gümüş bir kaşığa ihtiyacımız olacak."""
Shannon,""".........I, ...I'm sorry...... I'll go get one immediately—""","""...I-I'm sorry... I'll go get one immediately..."" ",""".........I, ...I'm sorry...... I'll go get one immediately...""",「………す、…すみません……。すぐに用意を…、」,「………す、…すみません……。すぐに用意を…、」,""".........П‐прошу прощения... Я сейчас же принесу её...""",""".........Eu, ...eu peço desculpas...... Eu vou buscar imediatamente—""",「………对、…对不起……。我马上去准备……」,「………對、…對不起……。我馬上去準備……」,"""... Mi... Mi dispiace... vado immediatamente a prenderne uno...""","""...M-Mi dispiace... Vado immediatamente a prenderne uno...""","""L-Lo siento... Iré a conseguir una inmediatamente...""","""........ﺁ،....ﺁﺳﻔﺔ.... ﺳﺄﺟﻠﺒﻬﺎ ﻋﻠﻰ ﺍﻟﻔﻮﺭ...""",""".........Con, ...con xin lỗi...... Con sẽ đi lấy ngay–""",""".........A-aku minta maaf...... Aku akan segera ambil—""",""".........Ben, ...özür dilerim...... Hemen gidip bir tane getireyim—"""
Ushiromiya Eva,"""Shannon‐chan? Do you know what silver spoons are used for? Or why they have to be silver? Do you know why?""","""Shannon-chan, do you know what silver spoons are used for? They have to be silver. Do you know why?"" ","""Shannon-chan? Do you know what silver spoons are used for? Or why they have to be silver? Do you know why?""",「ねぇ紗音ちゃん。銀のスプーンって何に使うか知ってるぅ？　銀じゃないとダメなのよ？　なぜかわかるぅ？」,「ねぇ紗音ちゃん。銀のスプーンって何に使うか知ってるぅ？　銀じゃないとダメなのよ？　なぜかわかるぅ？」,"""Шаннон‐чан, тебе известно, для чего используются серебряные ложки? Или почему они должны быть серебряными? Знаешь почему?""","""Ei, Shannon‐chan? Você sabe qual a finalidade das colheres de prata?{n}Ou o porquê delas serem de prata? Você sabe o motivo?""",「我说啊，纱音。你知道银茶匙是拿来干嘛的吗？不是银的可不行哦？知道为什么吗？」,「我說啊，紗音。你知道銀茶匙是拿來幹嘛的嗎？不是銀的可不行哦？知道為什麼嗎？」,"""Shannon-chan? Sai a cosa servono i cucchiaini d'argento? O perché devono essere d'argento? Sai perché?""","""Shannon-chan. Sai a cosa servono i cucchiaini d'argento? O perché devono essere d'argento? Lo sai il motivo?""","""Shannon‐chan. ¿Sabes para qué se usan las cucharas de plata? ¿O por qué deben ser de ese metal? ¿Sabes por qué?""","""ﺷﺎﻧﻮﻥ-ﺗﺸﺎﻥ؟ ﻫﻞ ﺗﻌﻠﻤﻴﻦ ﻓﻴﻤﺎ ﺗﺴﺘﺨﺪﻡ ﺍﻟﻤﻼﻋﻖ ﺍﻟﻔﻀﻴﺔ؟ ﺃﻭ ﻟﻤﺎﺫﺍ ﻳﺠﺐ ﺃﻥ ﺗﻜﻮﻥ ﻓﻀﻴﺔ؟ ﺃﺗﻌﺮﻓﻴﻦ ﻟﻢ؟""","""Cô Shannon này? Cô có biết thìa bạc dùng để làm gì không? Hoặc tại sao thìa phải làm bằng bạc không? Cô có biết không?""","""Shannon-chan? Tahukah kamu untuk apa sendok perak? Atau mengapa harus perak? Tahukah kamu?""","""Shannon-chan? Gümüş kaşıkların ne için kullanıldığını biliyor musun? Ya da neden gümüş olmak zorunda olduklarını? Nedenini biliyor musun?"""
Shannon,"""...............no............umm......""","""......No, ...umm..."" ","""...............No..., .........umm......""",「……………ぃぇ…、………ぁの……。」,「……………ぃぇ…、………ぁの……」,"""...............Нет... м‐м‐м...""","""...............Não............bem......""",「……………不…，………那个……」,「……………不…，………那個……」,"""... No... umm...""","""...No... ehm...""","""... No... Umm...""","""......ﻻ...،.......ﺃﻣﻤﻢ......""","""...............không............ưm......""","""...............tidak............umm......""","""...............hayır............umm......"""
,"Eva's eyes played over Shannon, who was setting the table, as a catty smile floated onto her face.",A teasing smile rose to Eva's face as she stared at Shannon setting the table. ,"Eva's eyes played over Shannon, who was setting the table, as a catty smile floated onto her face.",絵羽がいたずらっぽく微笑みながら、配膳をする紗音を覗き上げる。,絵羽がいたずらっぽく微笑みながら、配膳をする紗音を覗き上げる。,"Ева, с царящей на её лице улыбкой, игриво поглядывала на Шаннон, сервирующую стол.","Eva estava olhando para Shannon, que estava arrumando a mesa, com um sorriso malicioso.",绘羽一边恶作剧般地微笑着，一边仰头窥视着正在倒茶的纱音。,繪羽一邊惡作劇般地微笑著，一邊仰頭窺視著正在倒茶的紗音。,"Gli occhi di Eva giocarono su Shannon che stava preparando la tavola, con un sorriso malevolo dipinto sul suo volto.","Sfoggiando un sorriso malizioso, Eva scrutò Shannon che preparava la tavola...","Eva miraba juguetonamente a Shannon, que estaba poniendo la mesa, mientras que una maliciosa sonrisa se dibujaba en su rostro.",ﻧﺼﺒﺖ ﺇﻳﻔﺎ ﻋﻴﻨﻴﻬﺎ ﺻﻮﺏ ﺷﺎﻧﻮﻥ، ﺍﻟﺘﻲ ﻛﺎﻧﺖ ﺗﺠﻬﺰ ﺍﻟﻄﺎﻭﻟﺔ، ﻭﺃﺑﺪﺕ ﺍﺑﺘﺴﺎﻣﺔ ﻏﻤﺮﺕ ﺑﻬﺎ ﻭﺟﻬﻬﺎ.,"Eva nhìn Shannon đang dọn bàn, nụ cười ranh mãnh hiện trên khuôn mặt.","Mata Eva memperhatikan Shannon yang sedang menyiapkan meja, dengan senyum licik.",Eva'nın gözleri masayı hazırlayan Shannon'un üzerinde gezinirken yüzüne sinsi bir gülümseme yayıldı.
,"...Taken on its own, the expression on Eva's face may have been charming, in an impish sort of way.","By itself, Eva's expression was sweet in an impish sort of way. ","...Eva's expression as she watched was charming in an impish sort of way.",…絵羽のその表情は、それだけを見たなら小悪魔的な愛くるしいものなのかもしれない。,…絵羽のその表情は、それだけを見たなら小悪魔的な愛くるしいものなのかもしれない。,"...Выражение её лица, с которым она наблюдала за ней, было очаровательным и в чём‐то проказливым.","...A expressão da Eva era de um charme próprio, de um jeito travesso.",…若是单看绘羽的表情，说不定还会觉得她像小恶魔般可爱。,…若是單看繪羽的表情，說不定還會覺得她像小惡魔般可愛。,... L'espressione di Eva nel guardarla era quella di un amabile demone.,"Ad osservarla, l'espressione di Eva sembrava avere un fascino diabolico.",La expresión de Eva mirando a Shannon era encantadora desde un punto de vista algo pícaro.,ﺗﻌﺎﺑﻴﺮ ﺇﻳﻔﺎ ﺑﻴﻨﻤﺎ ﻛﺎﻧﺖ ﺗﺤﺪﻕ ﺑﺪﺕ ﺳﺎﺣﺮﺓ ﺑﻬﻴﺌﺔ ﺷﻴﻄﺎﻧﻴﺔ ﻧﻮﻋﺎ ﻣﺎ.,"...Nếu tách riêng ra, nụ cười đó có thể gọi là duyên dáng, tinh nghịch.","...Ekspresi Eva sendiri mungkin menarik, dengan cara yang nakal.","...Tek başına ele alındığında, Eva'nın yüzündeki ifade, hınzırca bir şekilde çekici olabilirdi."
,"However, the words being spun from her lips held within them the keenness of a razor.","However, the words being spun from her lips held the keenness of a razor within them. "," However, the words being spun from her lips held within them the keenness of a razor.",しかし、口から紡がれる言葉には、カミソリのような鋭利さが確かに含まれていた。,しかし、口から紡がれる言葉には、カミソリのような鋭利さが確かに含まれていた。,"Вот только слова, покидающие её губы, были остры, как бритва.","No entanto, as palavras que escapavam de seus lábios eram como navalhas afiadas.",然而，从她口中吐出的言语，却确确实实如剃刀般锋利。,然而，從她口中吐出的言語，卻確確實實如剃刀般鋒利。,"Ad ogni modo, le parole sfrecciate dalle sue labbra portavano con loro la sottigliezza di un rasoio.","Tuttavia, le parole che uscivano dalle sue labbra erano senza dubbio affilate come le lame di un rasoio.","Sin embargo, las palabras que salían de sus labios cortaban como navajas.",ﻓﺤﻤﻠﺖ ﺍﻟﻜﻠﻤﺎﺕ ﺍﻟﺘﻲ ﻛﺎﻧﺖ ﺗﺨﺮﺝ ﻣﻦ ﺷﻔﺘﻴﻬﺎ ﺷﻔﺮﺍﺕ ﺣﺎﺩﺓ.,Nhưng lời nói của cô ả lại sắc bén như dao cạo vậy.,Tapi kata-katanya setajam silet.,"Ancak, dudaklarından dökülen sözcükler bir usturanın keskinliğini taşıyordu."
,"Shannon tried with all her might to avoid Eva's gaze, which continued to focus on her.",Shannon tried with all her might to avoid Eva's continuing gaze. ," Shannon tried with all her might to avoid Eva's gaze, which continued to stare at her.",じっとその瞳を覗きつづける絵羽に、紗音は何とか目を合わせまいとするのが精一杯だ。,じっとその瞳を覗きつづける絵羽に、紗音は何とか目を合わせまいとするのが精一杯だ。,"Шаннон изо всех сил пыталась избегать взгляда Евы, рассматривающей её.","Shannon tentou como pôde desviar do olhar de Eva, que continuou a focar nela.",绘羽目不转睛地窥视着纱音的瞳孔，纱音为了避开这目光就已用尽了浑身解数。,繪羽目不轉睛地窺視著紗音的瞳孔，紗音為了避開這目光就已用盡了渾身解數。,"Shannon provò con tutte le sue forze ad evitare lo sguardo di Eva, fisso sui suoi occhi.","Shannon provò con tutte le sue forze ad evitare lo sguardo di Eva, che la fissava continuamente negli occhi.","Shannon intentaba con todas sus fuerzas evitar la mirada de Eva, la cual continuaba observándola.",ﺣﺎﻭﻟﺖ ﺷﺎﻧﻮﻥ ﺑﻜﻞ ﻣﺎ ﺍﺳﺘﻄﺎﻋﺖ ﺃﻥ ﺗﺘﺠﻨﺐ ﻧﻈﺮﺍﺕ ﺇﻳﻔﺎ، ﺍﻟﺘﻲ ﺍﺳﺘﻤﺮﺕ ﺑﺎﻟﺘﺤﺪﻳﻖ ﺻﻮﺑﻬﺎ.,Shannon cố gắng tránh ánh mắt Eva đang nhìn chằm chằm vào mình.,Shannon berusaha keras menghindari tatapan Eva yang terus mengincarnya.,Shannon tüm gücüyle Eva'nın kendisine odaklanmaya devam eden bakışlarından kaçınmaya çalıştı.
,"Grasping that Shannon was hard‐pressed for an answer, Rosa promptly gave some timely help.","Realizing that Shannon was hard-pressed for an answer, Rosa gave some timely help. "," Grasping that Shannon was hard-pressed for an answer, Rosa promptly gave some timely help.",紗音が答えに窮したのを見て取り、すぐに楼座が助け舟を出す。,紗音が答えに窮したのを見て取り、すぐに楼座が助け舟を出す。,"Осознав, что на Шаннон давят в стремлении получить ответ, Роза своевременно пришла ей на помощь.","Percebendo que Shannon estava sendo pressionada por uma resposta, Rosa prontamente tentou ajudá‐la.",看到纱音不知如何回应，楼座决定帮她一把。,看到紗音不知如何回應，樓座決定幫她一把。,"Realizzando che Shannon era alle strette per una risposta, Rosa immediatamente le diede un opportuno aiuto.","Realizzando che Shannon avesse difficoltà a rispondere, Rosa accorse prontamente in suo aiuto.","Dándose cuenta de que Shannon estaba siendo realmente presionada para que diera una respuesta, de inmediato Rosa dio una oportuna ayuda.",ﺍﺳﺘﻮﻋﺒﺖ ﺭﻭﺯﺍ ﺃﻥ ﺷﺎﻧﻮﻥ ﺗﺘﻌﺮﺽ ﻟﻀﻐﻮﻁ ﺷﺪﻳﺪﺓ ﻟﻠﺤﺼﻮﻝ ﻋﻠﻰ ﺇﺟﺎﺑﺔ، ﻓﺘﺪﺧﻠﺖ ﻟﻤﺴﺎﻋﺪﺗﻬﺎ ﻋﻠﻰ ﺍﻟﻔﻮﺭ.,"Nhận ra Shannon đang lúng túng, Rosa nhanh chóng cứu nguy.","Melihat Shannon kesulitan, Rosa segera membantu.",Shannon'un cevap vermekte zorlandığını anlayan Rosa hemen zamanında yardım etti.
Ushiromiya Rosa,"""They say that silver dims if it is touched by poison. ...*giggle*, you've learned something, right, Shannon‐chan?""","""They say that if silver is touched by poison, it darkens. ...*giggle* Guess you've learned something today, Shannon-chan."" ","""They say that if silver is touched by poison, it dims. ...*giggle*, you've learned something, right, Shannon-chan?""",「銀は毒に触れると曇るって言われてるの。…くす、紗音ちゃんもひとつお勉強ができたわね。」,「銀は毒に触れると曇るって言われてるの。…くす、紗音ちゃんもひとつお勉強ができたわね」,"""Известно, что если серебра касается яд, оно темнеет. ...Хи‐хи, вот ты и узнала что‐то новое для себя, верно, Шаннон‐чан?""","""Dizem que colheres de prata escurecem se forem tocadas por veneno. ...*risos*, você aprendeu algo aqui, certo, Shannon‐chan?""",「据说银沾染到毒物颜色会发黑。…呵呵，纱音今天也上了一课呢。」,「據說銀沾染到毒物顏色會發黑。…呵呵，紗音今天也上了一課呢。」,"""Dicono che se l'argento tocca il veleno si opacizza. ... *giggle*, hai imparato qualcosa, vero Shannon-chan?""","""Si dice che l'argento diventa opaco se entra a contatto con del veleno... Uhuhuh, hai imparato qualcosa di nuovo, vero, Shannon-chan?""","""Se dice que si la plata toca alguna clase de veneno, esta se pone opaca. *risita*, Supongo que has aprendido algo nuevo, Shannon‐chan.""","""ﻳﻘﻮﻟﻮﻥ ﺃﻧﻪ ﺇﺫﺍ ﻟﻤﺲ ﺍﻟﻔﻀﺔ ﺍﻟﺴﻢ، ﻓﺈﻧﻪ ﻳﺴﻮﺩ. *ﻗﻬﻘﻬﺔ* ، ﻟﻘﺪ ﺗﻌﻠﻤﺖ ﺷﻴﺌﺎ، ﺻﺤﻴﺢ ﻳﺎ ﺷﺎﻧﻮﻥ-ﺗﺸﺎﻥ؟""","""Người ta nói bạc sẽ xỉn màu nếu chạm phải độc đó. ...*cười khúc khích*, học được điều mới rồi nè, phải không cô Shannon?""","""Katanya perak akan pudar jika disentuh racun. ...*cekikikan*, kamu belajar sesuatu, kan Shannon-chan?""","""Gümüşe zehir değerse kararır derler. ...*giggle*, bir şeyler öğrendin, değil mi Shannon-chan?"""
,The tea was being treated as undrinkable unless it could first be tested for poison.,They were acting as though this tea needed to be tested for poison before it could be drunk. ,"If the tea hasn't been tested for poison, it can't be drunk.",毒見をしなければ飲めないお茶扱い。,毒見をしなければ飲めないお茶扱い。,Если чай не проверен на наличие яда — его нельзя пить.,"O chá estava sendo tratado como algo intragável, até que fosse testado para ver se não estava envenenado.",这茶被当成了不试毒就不能喝的茶。,這茶被當成了不試毒就不能喝的茶。,"Se il tè non era stato testato per il veleno, non poteva essere bevuto.",Lo ritenevano un tè che non si poteva bere senza assicurarsi che fosse avvelenato.,El té era tratado como si tuviera que ser comprobado por veneno antes de ser bebido.,ﺇﺫﺍ ﻟﻢ ﻳﻔﺤﺺ ﺍﻟﺸﺎﻱ ﺑﺤﺜﺎ ﻋﻦ ﺍﻟﺴﻢ، ﻓﻼ ﻳﻤﻜﻦ ﺷﺮﺑﻪ.,Thứ trà đãi khách ấy đã bị xem là không thể uống được nếu chưa được thử độc.,Teh diperlakukan tidak layak minum kecuali diuji racun dulu.,"Çay, zehir testi yapılmadığı sürece içilemez olarak değerlendiriliyordu."
,"In Natsuhi's eyes, this was an insult to both the tea...and herself for serving it.","In Natsuhi's eyes, this was an insult both to the tea...and to herself for serving it. "," In Natsuhi's eyes, this was an insult to both the tea...and herself for serving it.",夏妃にとってそれは、お茶とそれを振舞った自分を貶されたのとまったく同じことだ。,夏妃にとってそれは、お茶とそれを振舞った自分を貶されたのとまったく同じことだ。,"Таким образом, в глазах Нацухи оскорблялся чай... И она, распорядившаяся подать его.","Aos olhos de Natsuhi, isso era um insulto, tanto para o chá...como para ela por servi‐lo.",对夏妃来说，这就等同于是在贬低让下人来上茶的自己。,對夏妃來說，這就等同於是在貶低讓下人來上茶的自己。,"Per Natsuhi, questo era un insulto sia al tè... sia a lei che lo stava servendo.","Per Natsuhi era come insultare sia il tè, sia lei che lo stava offrendo.","En ojos de Natsuhi, esto era un insulto tanto para el té, como para ella por servirlo.",ﻓﻲ ﻧﻈﺮ ﻧﺎﺗﺴﻮﻫﻲ، ﻛﺎﻧﺖ ﻫﺬﻩ ﺇﻫﺎﻧﺔ ﻟﻜﻞ ﻣﻦ ﺍﻟﺸﺎﻱ...... ﻭﻧﻔﺴﻬﺎ ﻟﺘﻘﺪﻳﻤﻪ.,"Trong mắt Natsuhi, đó là sự sỉ nhục đối với cả trà...và bản thân bà vì đã chịu trách nhiệm phục vụ nó.","Bagi Natsuhi, ini penghinaan untuk teh...dan dirinya yang menyajikannya.",Natsuhi'nin gözünde bu hem çaya...hem de onu servis ettiği için kendisine yapılmış bir hakaretti.
,"Rudolf, laughing flippantly, patted Eva's shoulder.",Rudolf laughed flippantly and patted Eva's shoulder. ," Rudolf, laughing flippantly, patted Eva's shoulder.",留弗夫は軽薄そうに笑いながら絵羽の肩を叩く。,留弗夫は軽薄そうに笑いながら絵羽の肩を叩く。,"Беспечно рассмеявшись, Рудольф похлопал Еву по плечу.","Rudolf, rindo alegremente, passou a mão no ombro de Eva.",留弗夫一边轻浮地微笑着，一边拍了拍绘羽的肩膀。,留弗夫一邊輕浮地微笑著，一邊拍了拍繪羽的肩膀。,"Rudolf, ridendo irriverentemente, diede una pacca sulla spalla ad Eva.","Con una risatina in volto, Rudolf diede una pacca sulla spalla ad Eva.","Rudolf, riendo frívolamente, dio unas palmaditas a Eva en el hombro.",ﺿﺤﻚ ﺭﻭﺩﻭﻟﻒ ﺑﺘﻬﻜﻢ، ﻭﺭﺑﺖ ﻋﻠﻰ ﻛﺘﻒ ﺇﻳﻔﺎ.,Rudolf bật cười rồi vỗ vai Eva.,Rudolf tertawa ringan sambil menepuk bahu Eva.,Rudolf kayıtsızca gülerek Eva'nın omzunu sıvazladı.
Ushiromiya Rudolf,"""Haha, you don't need any silver cutlery. With just one lick of your poisonous tongue, even a silver plate would go pitch black.""","""Haha, silver cutlery wouldn't do any good for you, Aneki. Just one lick of your poisonous tongue, and even a silver plate would turn pitch black."" ","""Haha, Aneki doesn't need any silver cutlery. With just one lick of her poisonous tongue, even a silver plate would go pitch black.""",「はは、姉貴に銀食器なんていらねぇだろ。毒舌の姉貴がひと舐めしたら、銀の皿だって真っ黒に曇っちまうぜ。」,「はは、姉貴に銀食器なんていらねぇだろ。毒舌の姉貴がひと舐めしたら、銀の皿だって真っ黒に曇っちまうぜ」,"""Тебе, Анэки, никакое серебро не нужно. Достаточно лишь один раз лизнуть твоим ядовитым язычком, и даже серебряная тарелка станет иссиня‐чёрной.""","""Haha, você não precisa de talheres de prata. Com apenas uma lambida, com essa língua venenosa, até uma colher de prata ficaria completamente preta.""",「哈哈，大姐是用不着银餐具了吧。只要是被毒舌的大姐舔过，就连银盘子也都会变得漆黑漆黑的。」,「哈哈，大姐是用不著銀餐具了吧。只要是被毒舌的大姐舔過，就連銀盤子也都會變得漆黑漆黑的。」,"""Haha, Aneki non ha bisogno di posate d'argento. Con solo un tocco della sua lingua velenosa, anche un piatto d'argento diventerà nero come la pece.""","""Ahah, con te non c'è bisogno di argenteria, sorellona. Con la tua lingua velenosa, una sola leccata renderebbe nero come la pece anche un piatto d'argento.""","""Jaja, Aneki no necesita cubiertos de plata. Con solo un lengüetazo de su venenosa lengua, incluso una bandeja de plata se pondría negra.""","""ﻫﺎﻫﺎ، ﻻ ﺗﺤﺘﺎﺟﻴﻦ ﺇﻟﻰ ﺃﻱ ﻣﻦ ﺃﺩﻭﺍﺕ ﺍﻟﻤﺎﺋﺪﺓ ﺍﻟﻔﻀﻴﺔ ﻳﺎ ﺃﺧﺘﻲ. ﻣﻊ ﻟﻌﻘﺔ ﻭﺍﺣﺪﺓ ﻣﻦ ﻟﺴﺎﻧﻚ ﺍﻟﺴﺎﻡ، ﺣﺘﻰ ﺍﻟﻄﺒﻖ ﺍﻟﻔﻀﻲ ﺳﻴﺼﺒﺢ ﺷﺪﻳﺪ ﺍﻟﺴﻮﺍﺩ.""","""Haha, không cần đồ đạc bằng bạc gì đâu. Chỉ cần để cái miệng lưỡi rắn độc của chị liếm cho một phát là bạc nào cũng thành ra đen sì luôn rồi.""","""Haha, tidak perlu perak. Dengan sekali jilat lidah beracunmu, piring perak pun akan menghitam.""","""Haha, gümüş çatal bıçağa ihtiyacın yok. Zehirli dilinin bir yalamasıyla gümüş bir tabak bile simsiyah olur."""
Ushiromiya Hideyoshi,"""Wahahahaha! I get to hear that poison‐tongue every day, so I must be poison‐proof by now! Eva, I don't mind you doing it to me, but you've gotta tone it down a smidgen for the poor souls without resistance! Wahahahaha!""","""Wahahahaha! Since I get to hear that poison tongue every day, I must be poison-proof myself by now! Eva, I don't mind when you use it on me, but you'd better hold back when talking to people who haven't built up a resistance! Wahahahaha!"" ","""Wahahahaha! Since I get to hear that poison-tongue every day, I must be poison-proof by now! I don't pay it much mind, but poor souls without resistance are in for a stormy ride! Wahahahaha!""",「わっはっはっは！　わしゃあその毒舌を毎日聞かされとるから、もう毒に耐性がついてしもぅたわ！　絵羽も、わし相手には構わんが耐性のない相手にはちぃと加減せんとな！　わっはっはっは！」,「わっはっはっは！　わしゃあその毒舌を毎日聞かされとるから、もう毒に耐性がついてしもぅたわ！　絵羽も、わし相手には構わんが耐性のない相手にはちぃと加減せんとな！　わっはっはっは！」,"""Ва‐ха‐ха‐ха‐ха! Поскольку мне приходится слушать этот ядовитый язык каждый день, меня, наверное, уже никакой яд не берет! Я‐то сам не обращаю внимания, но беднягам с меньшей сопротивляемостью остаётся лишь посочувствовать! Вах‐ха‐ха‐ха!""","""Wahahahaha! Como eu ouço essa língua venenosa todos os dias, eu já devo estar imune a venenos agora! Eva, eu não me importo que você faça isso comigo, mas você poderia falar de forma mais calma com pobres almas que não têm essa resistência! Wahahahaha!""",「哇哈哈哈！俺可是因为每天都在听那毒舌，所以对毒已经有抗性了呐！绘羽，对俺是没关系呐，但对其他没抗性的人可得手下留情呐！哇哈哈哈！」,「哇哈哈哈！俺可是因為每天都在聽那毒舌，所以對毒已經有抗性了吶！繪羽，對俺是沒關係吶，但對其他沒抗性的人可得手下留情吶！哇哈哈哈！」,"""Wahahahaha! Visto che devo ascoltare questa lingua velenosa ogni giorno, devo essere immune al veleno ormai! A me non importa molto, ma le povere anime senza resistenza avranno un viaggio burrascoso! Wahahahaha!""","""Wahahahahah! Dato che ascolto questa lingua velenosa ogni giorno, ormai dovrei essere immune al veleno! Eva, non mi importa se la usi con me, ma moderati con chi non ha sviluppato una resistenza! Wahahahahah!""","""¡Wa‐ja‐ja‐ja! ¡Ya que tengo que escuchar esa lengua venenosa cada día, a e'tas alturas seguramente soy a prueba de veneno! ¡A mí no me importa mucho, pero las pobres almas sin resistencia tendrán un recorrido tormentoso! ¡Wa‐ja‐ja‐ja!""","""ﻭﺍﻫﺎﻫﺎﻫﺎﻫﺎﻫﺎﻫﺎ! ﺑﻤﺎ ﺃﻧﻨﻲ ﺃﺳﻤﻊ ﻫﺬﺍ ﺍﻟﻠﺴﺎﻥ ﺍﻟﺴﺎﻡ ﻳﻮﻣﻴﺎ، ﻳﺠﺐ ﺃﻥ ﺃﻛﻮﻥ ﻣﻀﺎﺩﺍ ﻟﻠﺴﻢ ﻓﻲ ﻫﺬﻩ ﺍﻟﺤﺎﻝ! ﻻ ﺃﻣﺎﻧﻊ ﺇﺫﺍ ﺍﺳﺘﻌﻤﻠﺘﻴﻪ ﻋﻠﻲ ﻳﺎ ﺇﻳﻔﺎ، ﻭﻟﻜﻦ ﻳﺠﺐ ﻋﻠﻴﻚ ﺗﻮﺧﻲ ﺍﻟﺤﺬﺭ ﻋﻨﺪ ﺍﻟﺤﺪﻳﺚ ﻷﺷﺨﺎﺹ ﻟﻢ ﻳﺘﺤﺼﻨﻮﺍ ﺿﺪﻩ. ﻭﺍﻫﺎﻫﺎﻫﺎﻫﺎﻫﺎﻫﺎﻩ!""","""Wahahahaha! Ngày nào anh cũng được nghe những lời nói từ cái miệng đó, nên chắc giờ anh cũng kháng độc luôn rồi! Eva à, em có nói nặng lời với anh thì cũng chẳng sao, nhưng hãy nhẹ tay với những người khác hơn chút! Wahahahaha!""","""Wahahahaha! Aku mendengar lidah beracun itu setiap hari, jadi pasti sudah kebal racun! Eva, aku tidak masalah, tapi kurangi dikit untuk orang yang tidak kebal! Wahahahaha!""","""Wahahahaha! Bu zehirli dili her gün duyuyorum, bu yüzden şimdiye kadar zehire karşı bağışıklık kazanmış olmalıyım! Eva, bunu bana yapman umurumda değil, ama bağışıklılığı olmayanlar için biraz daha yumuşak olmalısın! Wahahahaha!"""
Ushiromiya Eva,"""My, how cruel. I only gave Shannon‐chan a bit of information about tea, didn't I? *giggle*.""","""My, how cruel. All I did was teach Shannon-chan a bit about tea, didn't I? *giggle*"" ","""My, how cruel. I only gave Shannon-chan a bit of information about tea, didn't I? *giggle*.""",「あらあら、ひどぅい。紗音ちゃんにお茶の知識を教えてあげただけじゃない。くすくす。」,「あらあら、ひどぅい。紗音ちゃんにお茶の知識を教えてあげただけじゃない。くすくす」,"""Ай‐яй‐яй, какие жестокие слова. Я ведь всего лишь поделилась с Шаннон‐чан сведениями о чае, разве не так? Хи‐хи.""","""Ora, ora, que cruel. Eu só estava ensinando a Shannon‐chan um pouco sobre chás. *risos*.""",「哎呀哎呀，真过分。我只是教了点纱音关于茶的知识嘛。呵呵。」,「哎呀哎呀，真過分。我只是教了點紗音關於茶的知識嘛。呵呵。」,"""Oh, che crudeltà. Ho solamente dato a Shannon-chan un pò di informazioni sul tè, no? *giggle*.""","""Cielo, quanto siete crudeli. Ho solamente impartito a Shannon-chan qualche conoscenza sul tè. Uhuhuh.""","""Vaya, qué grosero. Solo le di algo de información sobre el té a Shannon‐chan, ¿no? *risita*.""","""ﻳﺎ ﻟﻠﻘﺴﻮﺓ. ﻓﻘﻂ ﺃﻋﻄﻴﺖ ﺷﺎﻧﻮﻥ-ﺗﺸﺎﻥ ﺑﻌﺾ ﺍﻟﻤﻌﻠﻮﻣﺎﺕ ﻋﻦ ﺍﻟﺸﺎﻱ، ﺃﻟﻴﺲ ﻛﺬﻟﻚ؟ *ﻗﻬﻘﻬﺔ*.""","""Ôi, sao mà ác thế. Em chỉ cung cấp một chút kiến thức về trà cho cô Shannon thôi mà, đúng không? *cười khúc khích*.""","""Astaga, kejam sekali. Aku hanya memberi Shannon-chan sedikit informasi tentang teh, bukan? *cekikikan*.""","""Oh, ne kadar zalimsin. Shannon-chan'a sadece çay hakkında biraz bilgi verdim, değil mi? *giggle*."""
,"Everyone followed the lead set by Hideyoshi's horselaugh and smiled, though sourly.","Everyone followed the lead set by Hideyoshi's horselaugh and chuckled, though not easily. ","Everyone followed the lead set by Hideyoshi's horselaugh and smiled, though sourly.",秀吉の馬鹿笑いに合わせるように、みんなも苦しげではありながらも笑いを重ねる。,秀吉の馬鹿笑いに合わせるように、みんなも苦しげではありながらも笑いを重ねる。,"Все решили поддержать ржание Хидэёши и улыбнулись, правда натянуто.","Todos seguiram o exemplo de Hideyoshi e começaram a rir e sorrir, embora com amargura.",像是在配合秀吉的傻笑似的，大家也都勉强地笑了起来。,像是在配合秀吉的傻笑似的，大家也都勉強地笑了起來。,"Insieme alla grassa risata di Hideyoshi, tutti sorrisero, anche se amaramente.","Tutti sorrisero, anche se con una punta di amarezza, come per unirsi alla risata sguaiata di Hideyoshi.","Todo el mundo siguió el ejemplo establecido por la carcajada de Hideyoshi y rieron, aunque con amargura.",ﺿﺤﻚ ﺍﻟﺠﻤﻴﻊ ﺗﺒﻌﺎ ﻟﻀﺤﻜﺔ ﻫﻴﺪﻳﻮﺷﻲ، ﻭﺑﺼﻌﻮﺑﺔ.,"Mọi người đều cười theo tiếng cười lớn của Hideyoshi, dù hơi gượng gạo.","Semua mengikuti tawa keras Hideyoshi dan tersenyum, meski kecut.",Herkes Hideyoshi'nin at kahkahasının açtığı yoldan ilerledi ve buruk da olsa gülümsedi.
,"There remained a single exception to this in Natsuhi, but even so, for the time being, the conversation inside the parlor could now be mistaken for a lively and friendly chat.","Only Natsuhi didn't join in, but for the time being, the conversation inside the parlor could now be mistaken for a lively and friendly chat. "," Only Natsuhi didn't join in, but for the time being, the conversation inside the parlor could now be mistaken for a lively and friendly chat.",夏妃だけは笑いに加わらなかったが、それでもとりあえず、客間内は談笑で盛り上がっていると誤解できる程度にはなった。;確認誤字,夏妃だけは笑いに加わらなかったが、それでもとりあえず、客間内は談笑で盛り上がっていると誤解できる程度にはなった。,"Все, кроме Нацухи, но посторонний вполне мог спутать этот оживленный разговор с дружеской беседой.","Apenas Natsuhi não se juntou, mas por enquanto, a conversa na sala de visitas poderia ser confundida com uma conversa alegre e amigável.",虽然只有夏妃没有加入到欢笑的队伍中，但即使如此，也足够让人将客厅里的气氛误解为轻松愉快了。,雖然只有夏妃沒有加入到歡笑的隊伍中，但即使如此，也足夠讓人將客廳裡的氣氛誤解為輕鬆愉快了。,"Solo Natsuhi non si unì, ma in quel momento, la conversazione nel salotto poteva essere scambiata per una chiacchierata allegra e amichevole.","Solo Natsuhi non si aggiunse a loro, ma almeno per il momento, la conversazione nel salotto era scambiabile per una chiacchierata allegra e amichevole.","Solo Natsuhi no se unió a las risas, pero aun así, por el momento la conversación dentro del salón podría ser confundida con una animada y amistosa charla.",ﻧﺎﺗﺴﻮﻫﻲ ﺍﻟﻮﺣﻴﺪﺓ ﺍﻟﺘﻲ ﻟﻢ ﺗﻨﻀﻢ ﺇﻟﻰ ﺍﻟﻤﺤﺎﺩﺛﺔ، ﻟﻜﻦ ﻓﻲ ﺍﻟﻮﻗﺖ ﺍﻟﺤﺎﻟﻲ، ﺍﻟﻤﺤﺎﺩﺛﺔ ﺩﺍﺧﻞ ﺍﻟﺮﺩﻫﺔ ﻳﻤﻜﻦ ﺃﻥ ﺗﺨﻄﺄ ﺑﻮﺻﻔﻬﺎ ﻣﺤﺎﺩﺛﺔ ﻭﺩﻳﺔ.,"Chỉ còn mỗi Natsuhi là không cười, nhưng ít nhất là, cuộc trò chuyện trong phòng khách lúc này có thể bị hiểu nhầm là thân thiện và vui vẻ.","Hanya Natsuhi yang tetap tidak tersenyum, tapi untuk sementara, obrolan di ruang tamu bisa disalahartikan sebagai obrolan ramah.",Natsuhi'de bunun tek bir istisnası vardı ama yine de şimdilik salonun içindeki sohbet canlı ve dostane bir sohbet olarak algılanabilirdi.
,"As Shannon finally finished setting the tea table and made to leave, Kyrie apologized to her in a low voice for not being able to help.","As Shannon finally finished setting the tea table and tried to leave, Kyrie apologized to her in a low voice for not being able to help. "," Kyrie apologized to Shannon in a low voice for not being able to help as she finally finished setting the tea table and tried to leave.",ようやくお茶の配膳を終えて戻ろうとする紗音に、霧江は助け舟にならなくてゴメンと小さく謝る。,ようやくお茶の配膳を終えて戻ろうとする紗音に、霧江は助け舟にならなくてゴメンと小さく謝る。,"Кирие негромко извинилась перед Шаннон за то, что не смогла ей помочь, когда та закончила сервировать стол и собралась уходить.","Quando Shannon finalmente terminou de preparar a mesa para o chá e saiu, Kyrie se desculpou com ela em voz baixa por não poder ter ajudado.",纱音终于给大家上完了茶，正准备离去。雾江对她小声说了句“没帮上忙真抱歉”。,紗音終於給大家上完了茶，正準備離去。霧江對她小聲說了句“沒幫上忙真抱歉”。,Kyrie si scusò a bassa voce con Shannon per non essere stata in grado di aiutarla mentre finalmente finiva di sistemare il tavolo da tè e provava ad andarsene.,"Quando Shannon finalmente finì di apparecchiare il tavolo da tè e cercò di andarsene, Kirie si scusò a bassa voce con lei per non essere stata in grado di aiutarla...",Kyrie pidió disculpas a Shannon en voz baja por no poderle ayudar cuando finalmente terminó de poner la mesa de té e intentó marcharse.,ﺍﻋﺘﺬﺭﺕ ﻛﻴﺮﻳﻲ ﻟﺸﺎﻧﻮﻥ ﺑﺼﻮﺕ ﻣﻨﺨﻔﺾ ﻟﻌﺪﻡ ﻗﺪﺭﺗﻬﺎ ﻋﻠﻰ ﻣﺴﺎﻋﺪﺗﻬﺎ، ﺑﻴﻨﻤﺎ ﺍﻧﺘﻬﺖ ﻣﻦ ﺗﺤﻀﻴﺮ ﻃﺎﻭﻟﺔ ﺍﻟﺸﺎﻱ ﻭﻫﻤﺖ ﺑﺎﻟﻤﻐﺎﺩﺭﺓ.,"Khi Shannon cuối cùng cũng dọn xong bàn trà và chuẩn bị rời đi, Kyrie khẽ xin lỗi vì không thể giúp gì cho cô.","Saat Shannon akhirnya selesai menyiapkan meja teh dan hendak pergi, Kyrie meminta maaf padanya dengan suara rendah karena tidak bisa membantu.","Shannon nihayet çay masasını hazırlamayı bitirip gitmeye hazırlanırken, Kyrie alçak sesle yardım edemediği için ondan özür diledi."
,...Shannon gave a light bow and made a hasty retreat......,...Shannon gave a light bow and made a hasty retreat...... ,"...Shannon gave a light bow and made a hasty retreat......",…紗音は小さく頷き返し、そそくさと出て行くのだった……。,…紗音は小さく頷き返し、そそくさと出て行くのだった……。,"...Сделав лёгкий поклон, Шаннон поспешно удалилась...",...Shannon se curvou de leve e se retirou rapidamente......,…纱音轻轻地点了下头，诚惶诚恐地出去了……。,…紗音輕輕地點了下頭，誠惶誠恐地出去了……。,... Shannon si inchinò lievemente e fece una veloce ritirata...,Shannon fece un piccolo inchino e si ritirò rapidamente...,Shannon hizo una pequeña reverencia y se retiró de manera precipitada...,ﺍﻧﺤﻨﺖ ﺷﺎﻧﻮﻥ ﻟﻠﻌﺎﺋﻠﺔ ﻭﺗﺮﺍﺟﻌﺖ ﻟﻠﺨﻠﻒ.......,...Shannon cúi đầu nhẹ rồi vội vã rút lui......,...Shannon membungkuk ringan dan cepat pergi......,...Shannon hafifçe eğildi ve aceleyle geri çekildi......
,"Shannon cast her eyes downwards, pushing the cart down the corridor...",Shannon cast her eyes downwards as she pushed the cart down the corridor... ," Shannon cast her eyes downwards, pushing the cart down the corridor...",俯きながら、配膳ワゴンを押して廊下を歩む紗音…。,俯きながら、配膳ワゴンを押して廊下を歩む紗音…。,"Опустив глаза, Шаннон толкала тележку по коридору...","Shannon baixou seus olhos, empurrando o carrinho pelo corredor...",纱音一边低垂着视线，一边推着餐车走在走廊上…。,紗音一邊低垂著視線，一邊推著餐車走在走廊上…。,"Shannon teneva i suoi occhi a terra, spingendo il carrello per il corridoio...","Shannon spingeva il portavivande lungo il corridoio, tenendo lo sguardo basso...","Shannon dirigió sus ojos hacia abajo, empujando el carrito por el pasillo...",ﻧﻈﺮﺕ ﺷﺎﻧﻮﻥ ﻧﺤﻮ ﺍﻷﺳﻔﻞ ﺑﻴﻨﻤﺎ ﻛﺎﻧﺖ ﺗﺪﻓﻊ ﺍﻟﻌﺮﺑﺔ ﻧﺤﻮ ﺍﻟﻤﻤﺮ....,"Cô cúi mặt, đẩy xe trà dọc hành lang...","Shannon menunduk, mendorong gerobak di koridor...","Shannon gözlerini aşağıya dikmiş, el arabasını koridorda itiyordu..."
,The pitiful air around her made it obvious that she had borne the brunt of some bullying.,Anyone seeing the pitiful way she looked might easily conclude that she'd been bullied in some way. ," The pitiful air around her made it obvious that she had borne the brunt of some bullying.",その痛々しい様子に、彼女が何かのいじめを受けたことは容易に想像することができた。,その痛々しい様子に、彼女が何かのいじめを受けたことは容易に想像することができた。,"Весь её вид ясно говорил, что она подверглась нападкам.",O ar lamentável ao seu redor deixava óbvio que ela havia suportado um grande peso devido à intimidação.,这副垂头丧气的可怜样，任谁都能轻易想象到她是受了欺负。,這副垂頭喪氣的可怜樣，任誰都能輕易想像到她是受了欺負。,Era ovvio dall'aria compassionevole intorno a lei che aveva subito una qualche prepotenza.,"Dal suo aspetto sofferente, era facile supporre che fosse stata maltrattata in quel modo.",Su aspecto lamentable hizo evidente que había soportado el peso de algún abuso.,ﺍﻷﺟﻮﺍﺀ ﺍﻟﻤﺤﻴﻄﺔ ﺑﻬﺎ ﺟﻌﻠﺖ ﺣﺎﻟﻬﺎ ﻳﺮﺛﻰ ﻟﻬﺎ ﻷﻧﻬﺎ ﺗﺤﻤﻠﺖ ﻭﻃﺄﺓ ﺑﻌﺾ ﺍﻟﺘﻨﻤﺮ.,Bầu không khí u sầu xung quanh cô cho thấy rõ ràng cô vừa bị bắt nạt.,Suasana menyedihkan di sekitarnya menunjukkan dia menjadi sasaran bullying.,"Etrafındaki acınası hava, zorbalığa maruz kaldığını açıkça gösteriyordu."
Kanon,"""......Don't be sad. You didn't do anything wrong, Nee‐san.""","""...Don't be sad. You didn't do anything wrong, Nee-san."" ","""......Don't be sad. You didn't do anything wrong, Nee-san.""",「……気を落とさないで。姉さんは何も悪くない。」,「……気を落とさないで。姉さんは何も悪くない」,"""......Не грусти. Ты ни в чём не виновата, нээ‐сан.""","""......Não fique triste. Você não fez nada de errado, nee‐san.""",「……别难过了。不是姐姐的错。」,「……別難過了。不是姐姐的錯。」,"""... Non essere triste. Non hai fatto niente di male, Nee-san.""","""...Non buttarti giù. Non hai fatto niente di male, sorella.""","""No estés triste. No hiciste nada malo, Nee‐san.""",""".....ﻻ ﺗﺤﺰﻧﻲ. ﺃﻧﺖ ﻟﻢ ﺗﻔﻌﻠﻲ ﺃﻱ ﺷﻲﺀ ﺧﺎﻃﺊ ﻳﺎ ﺃﺧﺘﻲ.""","""......Đừng buồn. Chị không làm gì sai cả, chị à.""","""......Jangan sedih. Kamu tidak melakukan kesalahan, Nee-san.""","""......Üzülme. Nee-san, sen yanlış bir şey yapmadın."""
Shannon,"""...............You were watching.""","""......You were watching."" ","""...............You were watching.""",「……………見てたのね。」,「……………見てたのね」,"""...............Ты наблюдал.""","""...............Você estava vendo.""",「……………你都看到了嘛。」,「……………你都看到了嘛。」,"""... Stavi guardando.""","""...Mi stavi osservando.""","""... Estabas observando.""",""".....ﻛﻨﺖ ﺗﺸﺎﻫﺪ.""","""...............Em đã chứng kiến rồi à.""","""...............Kamu melihat.""","""...............Demek izliyordun."""
Kanon,"""That is my duty.""","""That is my role."" ","""That is my duty.""",「そういうお役目だから。」,「そういうお役目だから」,"""Таков мой долг.""","""É claro, este é o meu dever.""",「因为我的职责就是如此。」,「因為我的職責就是如此。」,"""È il mio compito.""","""Questo è il mio dovere.""","""Es mi deber.""","""ﺇﻥ ﻫﺬﺍ ﻫﻮ ﻭﺍﺟﺒﻲ.""","""Đó là bổn phận của em.""","""Itu tugasku.""","""Bu benim görevim."""
Shannon,"""........................""",""".................."" ","""........................""",「……………………。」,「……………………」,"""........................""","""........................""",「……………………」,「……………………」,"""...""","""...""","""...""","""........................""","""........................""","""........................""","""........................"""
Kanon,"""Madam and Eva‐sama can go to hell. ......But the even worse coward is that guy.""","""Madam and Eva-sama can go to hell. ......But the worst coward is that guy."" ","""Madam and Eva-sama can go to hell. ......But the even worse coward is that guy.""",「奥様も絵羽さまも地獄へ堕ちろ。……でも、それより卑劣なのはあいつだ。」,「奥様も絵羽さまも地獄へ堕ちろ。……でも、それより卑劣なのはあいつだ」,"""Мадам и Ева‐сама могут идти лесом. ......Но этот мужик ещё трусливее.""","""A madame e a Eva‐sama poderiam ir para o inferno. ......Mas mais covarde ainda é aquele cara.""",「太太和绘羽夫人都下地狱去吧。……但是，比她们更卑劣的是那个家伙。」,「太太和繪羽夫人都下地獄去吧。……但是，比她們更卑劣的是那個傢伙。」,"""Madame ed Eva-sama possono andare all'inferno. ... Ma il codardo, anche peggiore, è quel tipo.""","""Che vadano all'inferno, sia la madame che la signora Eva... ma il peggior codardo è lui.""","""La señora y Eva‐sama pueden irse al infierno... Pero el peor cobarde es ese tipo.""","""ﻓﻠﺘﺬﻫﺐ ﺍﻟﺴﻴﺪﺓ ﻭﺇﻳﻔﺎ-ﺳﺎﻣﺎ ﺇﻟﻰ ﺍﻟﺠﺤﻴﻢ. ...ﻭﻟﻜﻦ ﺃﺳﻮﺃﻫﻢ ﻭﺃﺟﺒﻨﻬﻢ ﻫﻮ ﺫﻟﻚ ﺍﻟﺮﺟﻞ.""","""Phu nhân và bà Eva đều thật đáng bị đày xuống địa ngục. ......Nhưng tệ hơn nữa là cái gã hèn nhát đó.""","""Nyonya dan Eva-sama bisa masuk neraka. ......Tapi pengecut yang lebih buruk adalah pria itu.""","""Madam ve Eva-sama'nın canı cehenneme. ......Ama daha da kötüsü şu adam."""
,Kanon glared hatefully in the opposite direction of the parlor.,Kanon glared hatefully in the opposite direction of the parlor. ,"Kanon glared hatefully in the opposite direction of the parlor.",嘉音が憎々しげに眼差しを向ける先は、客間とは逆の方向だった。,嘉音が憎々しげに眼差しを向ける先は、客間とは逆の方向だった。,"Канон с ненавистью посмотрел в направлении, противоположном гостиной.",Kanon olhou com ódio na direção oposta à da sala de visitas.,嘉音怒目而视的方向，与客厅相反。,嘉音怒目而視的方向，與客廳相反。,Kanon guardò con odio nella direzione opposta al salotto.,Kanon volse uno sguardo pregno d'odio nella direzione opposta al salotto.,Kanon miró con odio en la dirección opuesta al salón.,ﻧﻈﺮ ﻛﺎﻧﻮﻥ ﺑﺤﺪﺓ ﻭﻛﺮﻩ ﺷﺪﻳﺪﻳﻦ ﻓﻲ ﺍﻻﺗﺠﺎﻩ ﺍﻟﻤﻌﺎﻛﺲ ﻟﻠﺼﺎﻟﺔ.,Kanon đưa ánh nhìn đầy căm ghét về phía đối diện với phòng khách.,Kanon melirik dengan benci ke arah berlawanan dari ruang tamu.,Kanon nefretle salonun karşı tarafına doğru baktı.
,The preparations for the tea had been delayed by a little bit of trouble in the kitchen.,The preparations for the tea had been delayed by some trifling problems in the kitchen. ," The preparations for the tea had been delayed by some trifling problem in the kitchen.",お茶の準備が遅れたのは、厨房でちょっとしたトラブルがあったからだ。,お茶の準備が遅れたのは、厨房でちょっとしたトラブルがあったからだ。,Чай оказался задержан из‐за пустяковой проблемы на кухне.,Os preparativos para o chá sofreram um pequeno atraso por problemas na cozinha.,茶之所以准备晚了，是因为厨房出了点问题。,茶之所以準備晚了，是因為廚房出了點問題。,I preparativi per il tè erano stati ritardati da alcuni trascurabili problemi in cucina.,I preparativi per il tè erano stati ritardati da alcuni grossi problemi in cucina.,Los preparativos para el té se habían retrasado por un problema insignificante en la cocina.,ﺗﺄﺧﺮ ﺗﺤﻀﻴﺮ ﺍﻟﺸﺎﻱ ﺑﺴﺒﺐ ﺑﻌﺾ ﺍﻟﻤﺸﺎﻛﻞ ﻓﻲ ﺍﻟﻤﻄﺒﺦ.,Trà bị chậm trễ là vì một vài sự cố trong bếp.,Persiapan teh tertunda karena sedikit masalah di dapur.,Çay hazırlıkları mutfakta çıkan küçük bir sorun yüzünden gecikmişti.
,That trouble had not been Shannon's fault.{n}The truth is that it had been Gohda's mistake.,"These problems were not Shannon's fault. In fact, it had been Gohda's mistake. "," These problems were not Shannon's fault. The truth is that it had been Gohda's mistake.",そのトラブルは紗音のせいではない。実は郷田のちょっとしたミスだった。,そのトラブルは紗音のせいではない。{n}実は郷田のちょっとしたミスだった。,Шаннон была в этом совершенно не виновата.{n}На самом деле это был промах Годы.,Não havia sido culpa de Shannon.{n}A verdade é que tinha sido tudo um erro cometido por Gohda.,这问题也不是纱音的错。{n}其实是乡田出了点小错。,這問題也不是紗音的錯。{n}其實是鄉田出了點小錯。,Questi problemi non erano colpa di Shannon. La verità era che era stato un errore di Gohda.,Questi problemi non erano stati causati da Shannon. In realtà era stato Gouda a commettere un grande sbaglio.,Esos problemas no eran culpa de Shannon.{n}En realidad había sido una equivocación de Gohda.,ﻫﺬﻩ ﺍﻟﻤﺸﺎﻛﻞ ﻟﻢ ﺗﻜﻦ ﻏﻠﻄﺔ ﺷﺎﻧﻮﻥ.{n}ﺍﻟﺤﻘﻴﻘﺔ ﻫﻲ ﺃﻧﻬﺎ ﻏﻠﻄﺔ ﻗﻮﺩﺍ.,"Và sự cố ấy không phải lỗi của Shannon.{n}Thực tế là, mọi thứ đều do Gohda mà ra.",Masalah itu bukan kesalahan Shannon.{n}Sebenarnya itu kesalahan Gohda.,"Bu sorun Shannon'un suçu değildi.{n}İşin aslı, bu Gohda'nın hatasıydı."
,"In the first place, there was no way that a showoff like Gohda would ever hand over a flamboyant job like carting the tea to the guests.","After all, there was no way a showoff like Gohda would give up a flashy job like bringing in tea when the guests arrived. "," There was no way that a showoff like Gohda would ever hand over a flamboyant job like carting the tea to the guests in the first place.",そもそも、賓客が集まっているところへお茶を運ぶという派手な仕事を、あの見栄っ張りの郷田が譲るわけがない。,そもそも、賓客が集まっているところへお茶を運ぶという派手な仕事を、あの見栄っ張りの郷田が譲るわけがない。,"Такой позер, как Года, ни за какие коврижки не предоставил бы другому выполнение столь выгодно позиционирующей слугу задачи, как подача чая гостям.","Em primeiro lugar, não havia como um exibido como Gohda não servir alguma coisa extravagante, mesmo sendo apenas um chá para os convidados.",本来往宾客聚集的客厅送茶这种出风头的工作，那个爱好邀功的乡田是不可能让给别人的。,本來往賓客聚集的客廳送茶這種出風頭的工作，那個愛好邀功的鄉田是不可能讓給別人的。,"Per iniziare, era impossibile che quell'esibizionista di Gohda avesse fatto un lavoro stravagante come portare il tè agli ospiti.","Dopotutto, era impossibile che un esibizionista come Gouda rinunciasse ad un compito appariscente come il portare il tè nel luogo in cui si erano radunati gli ospiti.","En primer lugar, no había forma de que un fanfarrón como Gohda cediera un trabajo tan vistoso como servir el té para los invitados.",ﻣﻦ ﻏﻴﺮ ﺍﻟﻤﻤﻜﻦ ﻟﺬﻟﻚ ﺍﻟﻤﺘﺒﺎﻫﻲ ﻗﻮﺩﺍ ﺑﺄﻥ ﻳﺴﻠﻢ ﻭﻇﻴﻔﺔ ﺗﻘﺪﻳﻢ ﺍﻟﺸﺎﻱ ﻟﻠﻀﻴﻮﻑ ﻷﻱ ﺷﺨﺺ ﺁﺧﺮ.,"Ngay từ đầu, một kẻ thích phô trương như Gohda thì sẽ không đời nào chịu giao lại một công việc hào nhoáng như mang trà ra đãi khách.","Sejak awal, sok-sokan seperti Gohda tidak akan pernah menyerahkan pekerjaan mencolok seperti mengantar teh ke tamu.","Her şeyden önce, Gohda gibi gösteriş meraklısı birinin çayı konuklara servis etmek gibi gösterişli bir işi başkasına devretmesi mümkün değildi."
,"He had needed to make the tea all over again, which had made him late.",He had ended up wasting time preparing the tea once again. ," He had ended up wasting time preparing the tea a second time.",お茶をもう一度準備するのに無駄な時間を掛けてしまった。,お茶をもう一度準備するのに無駄な時間を掛けてしまった。,"Но он переусердствовал и потерял время, готовя чай по второму разу.","Ele acabou perdendo tempo refazendo tudo uma segunda vez, o que acarretou no atraso.",但由于把茶又重新准备了一遍，所以浪费了不少时间。,但由於把茶又重新準備了一遍，所以浪費了不少時間。,Finì con sprecare del tempo preparando il tè una seconda volta.,"Arrivò a preparare il tè una seconda volta, sprecando tempo inutilmente.",Había terminado perdiendo tiempo preparando el té por segunda ocasión.,ﻣﻤﺎ ﺃﺩﻯ ﺑﻪ ﺍﻟﻰ ﺇﺿﺎﻋﺔ ﻭﻗﺖ ﺗﺤﻀﻴﺮ ﺍﻟﺸﺎﻱ ﻟﻠﻤﺮﺓ ﺍﻟﺜﺎﻧﻴﺔ.,"Tuy nhiên, do hắn phải pha trà lại từ đầu, cho nên việc mang ra mới bị chậm trễ.","Dia harus membuat teh ulang, yang membuatnya terlambat.",Çayı baştan yapması gerekmişti ve bu da geç kalmasına neden olmuştu.
,"So, realizing that he wouldn't be earning any brownie points, he had pushed the task of setting the table on Shannon, who happened to be passing by.","So, when he realized he wouldn't be able to score any points for this job, he pushed the task of setting the table on Shannon, who happened to be passing by. "," So, knowing that he wouldn't be able to make it on time, he pushed the task of setting the table on Shannon, who happened to be passing by.",だからポイントが稼げないことがわかり、たまたまその場を通りかかった紗音に配膳を押し付けたのだ。,だからポイントが稼げないことがわかり、たまたまその場を通りかかった紗音に配膳を押し付けたのだ。,"Поэтому зная, что ему вовремя не поспеть, он переложил задачу по сервировке стола на плечи Шаннон, которой случилось в тот момент проходить мимо него.","Por isso, percebendo que não ganharia nenhum ponto extra por seu trabalho, ele encarregou Shannon com a tarefa, que por acaso estava passando por ali.",明白了挣不到印象分的乡田，就把这倒茶的任务推给了刚好路过的纱音。,明白了掙不到印象分的鄉田，就把這倒茶的任務推給了剛好路過的紗音。,"Poi, sapendo che non era in grado di farcela in tempo, ha lasciato il compito di preparare la tavola a Shannon, che passava per caso.","Rendendosi conto che non ne avrebbe giovato in termini di reputazione, affidò il compito di preparare la tavola a Shannon, che passava di lì per caso...","Así que, sabiendo que no podría terminarlo a tiempo, dejó la tarea de preparar la mesa a Shannon, que casualmente pasaba por ahí.",ﻟﺬﻟﻚ، ﻣﻊ ﻋﻠﻤﻪ ﺃﻧﻪ ﻟﻦ ﻳﺘﻤﻜﻦ ﻣﻦ ﺍﻟﻮﺻﻮﻝ ﻓﻲ ﺍﻟﻮﻗﺖ ﺍﻟﻤﺤﺪﺩ، ﻓﻘﺪ ﺃﻟﻘﻰ ﻣﻬﻤﺔ ﺗﺠﻬﻴﺰ ﺍﻟﻄﺎﻭﻟﺔ ﻋﻠﻰ ﺷﺎﻧﻮﻥ، ﺍﻟﺘﻲ ﺻﺎﺩﻓﺖ ﺃﻧﻬﺎ ﻛﺎﻧﺖ ﺗﻤﺮ.,"Nhận ra nếu mình là người mang trà ra thì cũng chẳng được lợi lộc gì, hắn đã đẩy việc đó cho Shannon, lúc bấy giờ chỉ đang đi ngang qua bếp.","Jadi, menyadari tidak akan dapat pujian, dia menyuruh Shannon yang kebetulan lewat untuk menyiapkan meja.","Bu yüzden, herhangi bir artı puan kazanamayacağını fark ederek, masayı hazırlama görevini tesadüfen oradan geçmekte olan Shannon'a yükledi."
,"......One could truthfully call it being shrewd, and one could unquestionably call it cowardice.","...You might call it a clever move on his part, but there could be no doubt that it was a cowardly one. ","......One could say that cutting corners like this was an especially despicable kind of cowardice.",……要領がいいと言えばいいし、卑怯だと言えば紛れもなく卑怯だった。,……要領がいいと言えばいいし、卑怯だと言えば紛れもなく卑怯だった。,......Подобная изворотливость действительно попадала под определение отвратительной трусости.,"......Sem dúvida, podemos chamá‐lo de astuto, mas isso não passa daquilo que chamam de covardia.",……要说精明可以说是精于做人，若说卑鄙呢那倒也是彻彻底底的卑鄙无耻。,……要說精明可以說是精於做人，若說卑鄙呢那倒也是徹徹底底的卑鄙無恥。,"... Uno potrebbe dire che visto che stava prendendo delle scorciatoie, era un tipo particolarmente disprezzabile di codardia.","Si poteva definirla una mossa molto furba da parte sua, ma rimaneva comunque un atto di codardia.","Tal como se le podría llamar a eso astucia, era innegablemente un acto cobarde.",ﻳﻤﻜﻦ ﺍﻟﻘﻮﻝ ﺃﻥ ﺍﺧﺘﺼﺎﺭ ﺍﻟﻄﺮﻕ ﻣﺜﻞ ﻫﺬﺍ ﻓﻌﻞ ﻣﺸﻴﻦ ﻭﺟﺒﺎﻥ.,"......Có thể gọi đó là khôn ngoan, và cũng không lạ gì nếu gọi đó là hèn nhát.","......Bisa disebut cerdik, tapi juga pengecut tanpa diragukan.","......Buna kurnazlık da denebilirdi, korkaklık da."
Shannon,"""......It's alright, Kanon‐kun, thank you. ...I really don't mind...""","""......It's okay, Kanon-kun. Thanks. I'm not bothered by it at all..."" ","""......It's alright, Kanon-kun, thank you. ...I really don't mind...""",「……いいの、ありがとう嘉音くん。…私、全然気にしていないし…。」,「……いいの、ありがとう嘉音くん。…私、全然気にしていないし…」,"""......Всё в порядке, Канон‐кун. ...Я не беру в голову...""","""......Tudo bem, Kanon‐kun, obrigada. ...Eu não me importo com isso...""",「……没事的，谢谢你嘉音君。…反正我根本也没在意…」,「……沒事的，謝謝你嘉音君。…反正我根本也沒在意…」,"""... Va tutto bene, Kanon-kun, grazie. ... Davvero non mi interessa...""","""...Va tutto bene, Kanon-kun, ti ringrazio... Non mi dà fastidio, davvero...""","""Está bien, gracias Kanon‐kun... En realidad no me molesta...""",""".....ﻻ ﺑﺄﺱ ﺣﻘﺎ ﻳﺎ ﻛﺎﻧﻮﻥ-ﻛﻦ، ﺷﻜﺮﺍ ﻟﻚ. .....ﺃﻧﺎ ﺣﻘﺎ ﻻ ﺃﻫﺘﻢ...""","""......Không sao đâu, Kanon à, cảm ơn em. ...Chị thật sự không giận đâu...""","""......Tidak apa, Kanon-kun, terima kasih. ...Aku benar-benar tidak keberatan...""","""......Sorun değil, teşekkür ederim Kanon-kun. ...Gerçekten umursamıyorum..."""
Kanon,""".................................""","""................................."" ",""".................................""",「……………………………。」,「……………………………」,""".................................""",""".................................""",「……………………………」,「……………………………」,"""...""","""...""","""...""",""".................................""",""".................................""",""".................................""","""................................."""
,Kanon's silence vividly showed that Shannon's words weren't coming from her heart.,Kanon's silence vividly expressed the distance between Shannon's words and how she actually felt. ,"Kanon's silence vividly showed that Shannon's words weren't coming from her heart.",嘉音のその沈黙は、紗音の言葉が心にもないことであるのを如実に語る。,嘉音のその沈黙は、紗音の言葉が心にもないことであるのを如実に語る。,Молчание Канона отчётливо указывало на неискренность сказанных Шаннон слов.,O silêncio de Kanon vividamente demonstravam que as palavras de Shannon não vinham de seu coração.,嘉音的这份沉默，如实阐述着纱音之言并非发自真心。,嘉音的這份沉默，如實闡述著紗音之言並非發自真心。,Il silenzio di Kanon mostrava vivamente che le parole di Shannon non venivano dal suo cuore.,Il silenzio di Kanon mostrava chiaramente che le parole di Shannon non fossero sincere.,El silencio de Kanon mostró claramente que las palabras de Shannon no salían de su corazón.,ﺃﻇﻬﺮ ﺻﻤﺖ ﻛﺎﻧﻮﻥ ﺑﻮﺿﻮﺡ ﺃﻥ ﻛﻠﻤﺎﺕ ﺷﺎﻧﻮﻥ ﻟﻢ ﺗﻜﻦ ﺧﺎﻟﺼﺔ ﻣﻦ ﻗﻠﺒﻬﺎ.,Sự im lặng của Kanon cho thấy rõ ràng rằng những lời của Shannon không xuất phát từ trái tim cô.,Diamnya Kanon menunjukkan kata-kata Shannon tidak tulus.,Kanon'un sessizliği Shannon'un sözlerinin kalbinden gelmediğini açıkça gösteriyordu.
Shannon,"""............Thank you. Even if you're the only one who understands, I still feel a bit better, I think.""","""......Thank you. Even if you're the only one who understands, I feel a bit better."" ","""............Thank you. Even if you're the only one who understands, I feel better.""",「…………ありがとう。嘉音くんだけでもわかってくれたんで、ちょっと心が楽になったかな。」,「…………ありがとう。嘉音くんだけでもわかってくれたんで、ちょっと心が楽になったかな」,"""............Спасибо тебе. Даже если ты единственный, кто понимает, мне уже лучше.""","""............Obrigada. Mesmo que você seja o único que entende, eu já me sinto melhor, eu acho.""",「…………谢谢。仅仅是嘉音君能够理解，我的心情就已经稍许好受些了。」,「…………謝謝。僅僅是嘉音君能夠理解，我的心情就已經稍許好受些了。」,"""... Grazie. Anche se solo tu mi capisci, mi sento meglio.""","""...Grazie. Mi sento un po' meglio, ora che almeno tu capisci cosa provo.""","""... Gracias. Incluso si solo tú lo comprendes, me siento mejor.""","""......ﺷﻜﺮﺍ ﻟﻚ. ﺃﺷﻌﺮ ﺑﺘﺤﺴﻦ، ﺣﺘﻰ ﻭﻟﻮ ﻛﻨﺖ ﺍﻟﺸﺨﺺ ﺍﻟﻮﺣﻴﺪ ﺍﻟﺬﻱ ﻳﻔﻬﻤﻨﻲ.""","""............Cảm ơn em. Chỉ cần em hiểu cho thì cũng đã giúp chị thấy dễ chịu hơn một chút rồi.""","""............Terima kasih. Meski hanya kamu yang mengerti, aku merasa sedikit lebih baik.""","""............Teşekkür ederim. Kanon-kun, beni anlayan tek kişi sen olsan bile, yine de sanırım biraz daha iyi hissediyorum."""
Kanon,"""......You bottle things up too much, Nee‐san. ......You should be less hard on yourself for once.""","""......You keep your feelings too bottled up, Nee-san. ......You should be less hard on yourself for once."" ","""......You bottle things up too much, Nee-san. ......You should be less hard on yourself for once.""",「……姉さんは心に色々溜め込みすぎる。……たまには自分にやさしくしてあげて。」,「……姉さんは心に色々溜め込みすぎる。……たまには自分にやさしくしてあげて」,"""......Ты слишком много сдерживаешь в себе, нээ‐сан... Тебе стоит быть иной раз менее строгой к себе.""","""......Você aguenta coisas demais, nee‐san. ......Você não deveria ser tão dura consigo mesma.""",「……姐姐的内心承载了太多东西了。……偶尔也该对自己温柔点。」,「……姐姐的內心承載了太多東西了。……偶爾也該對自己溫柔點。」,"""... Reprimi troppo i tuoi sentimenti, Nee-san. ... Dovresti essere meno dura con te stessa ogni tanto.""","""...Reprimi troppo i tuoi sentimenti, sorella... Sii meno dura con te stessa di tanto in tanto.""","""Nee‐san, guardas demasiadas cosas en tu corazón. De vez en cuando, sé más amable contigo misma.""","""....ﺃﻧﺖ ﺗﻘﺴﻴﻦ ﻋﻠﻰ ﻧﻔﺴﻚ ﺃﻛﺜﺮ ﻣﻦ ﺍﻟﻼﺯﻡ ﻳﺎ ﺃﺧﺘﻲ .....ﻋﻠﻴﻚ ﺃﻥ ﺗﺄﺧﺬﻱ ﺍﻷﻣﻮﺭ ﺑﺮﻭﻳﺔ ﻣﻦ ﺣﻴﻦ ﻵﺧﺮ.""","""......Chị giấu mọi thứ trong lòng nhiều quá. ......Hãy nhẹ nhàng với bản thân hơn đi.""","""......Kamu terlalu menahan diri, Nee-san. ......Sekali-kali jangan terlalu keras pada dirimu sendiri.""","""......Nee-san, her şeyi çok fazla içine atıyorsun. ......Bir kez olsun kendine bu kadar yüklenmemelisin."""
Shannon,"""Yeah. ......Thanks.""","""Yeah. ......Thanks."" ","""Yeah. ......Thanks.""",「うん。……ありがとうね。」,「うん。……ありがとうね」,"""Ага. ......Спасибо.""","""Sim. ......Obrigada.""",「嗯。……谢谢。」,「嗯。……謝謝。」,"""Sì. ... Grazie.""","""Sì... grazie.""","""Sí... Gracias.""","""ﻧﻌﻢ. ....ﺷﻜﺮﺍ""","""Ừ. ......Cảm ơn em.""","""Ya. ......Terima kasih.""","""Evet. ......Teşekkürler."""
,"Suddenly, they both felt someone's presence and whirled around.","Suddenly, they both felt someone's presence and whirled around. ","Suddenly, they both felt someone's presence and whirled around.",その時、不意に人の気配がしたので、二人は慌てて振り返った。,その時、不意に人の気配がしたので、二人は慌てて振り返った。,Внезапно они оба ощутили чьё‐то присутствие и развернулись.,"De repente, ambos sentiram uma presença por perto e se viraram.",突然，两人感觉到身后有人，便慌忙转过身去。,突然，兩人感覺到身後有人，便慌忙轉過身去。,"Improvvisamente, entrambi percepirono la presenza di qualcuno e si girarono di scatto.","Ad un tratto entrambi percepirono la presenza di qualcuno, e si girarono di scatto.","En ese momento, ambos sintieron la presencia de alguien y se dieron la vuelta.",ﻓﺠﺄﺓ، ﺷﻌﺮﺍ ﺑﺤﻀﻮﺭ ﺷﺨﺺ ﻣﺎ ﻭﺍﻟﺘﻔﺘﺎ ﺣﻮﻟﻬﻤﺎ.,Bỗng cả hai cảm nhận được có người xuất hiện ở phía sau. Họ quay đầu lại.,Tiba-tiba mereka merasakan kehadiran seseorang dan berbalik.,"Bir anda, ikisi de birinin varlığını hissettiklerinden dönüp baktılar."
,"An elderly man stood there.{n}It was Genji, the head servant.","A middle-aged man stood there. It was Genji, the head servant. "," A middle-aged man stood there. It was Genji, the head servant.",そこには、初老の男の姿があった。使用人の長である源次である。,そこには、初老の男の姿があった。{n}使用人の長である源次である。,Позади них стоял уже немолодой мужчина.{n}Это был Генджи — главный слуга.,"Um homem, já com certa idade, estava parado lá.{n}Era Genji, o chefe da criadagem.",在那里有一位初入老年的男性身影。{n}正是佣人长源次。,在那裡有一位初入老年的男性身影。{n}正是傭人長源次。,"Un uomo di mezz'età era lì. Era Genji, il capo domestico.","Videro la figura di un uomo di mezz'età. Era Genji, il capo dei domestici.","Allí había un hombre de edad avanzada.{n}Era Genji, el jefe de los sirvientes.",ﺭﺟﻞ ﻓﻲ ﻣﻨﺘﺼﻒ ﻋﻤﺮﻩ ﻭﻗﻒ ﻫﻨﺎﻚ.{n}ﻛﺎﻥ ﻗﻴﻨﺠﻲ، ﺭﺋﻴﺲ ﺍﻟﺨﺪﻡ.,"Một người đàn ông lớn tuổi đang đứng đó.{n}Đó là Genji, người quản gia.","Seorang pria tua berdiri di sana.{n}Genji, pelayan kepala.",Yaşlı bir adam orada duruyordu.{n}Bu baş hizmetkâr Genji'ydi.
Ronoue Genji,"""..................What are you doing here? ...Shannon, hurry back to the kitchen.""",""".........What are you doing there? ...Shannon, hurry back to the kitchen."" ","""..................What are you doing here? ...Shannon, hurry back to the kitchen.""",「………………そこで何をしている。…紗音、早く厨房に戻りなさい。」,「………………そこで何をしている。…紗音、早く厨房に戻りなさい」,"""..................Что вы здесь делаете? ...Шаннон, поскорее иди на кухню.""","""..................O que você está fazendo aqui? ...Shannon, volte logo para a cozinha.""",「………………在这里干嘛呢？…纱音，快回厨房。」,「………………在這裡幹嘛呢？…紗音，快回廚房。」,"""... Cosa state facendo qui? ... Shannon, torna in cucina.""","""...Cosa state facendo qui...? Shannon, torna immediatamente in cucina.""","""¿Qué hacen aquí? Shannon, date prisa y vuelve a la cocina.""","""......ﻣﺎﺫﺍ ﺗﻔﻌﻠﻮﻥ ﻫﻨﺎ؟ ...ﺷﺎﻧﻮﻥ، ﺃﺳﺮﻋﻲ ﺑﺎﻟﻌﻮﺩﺓ ﺇﻟﻰ ﺍﻟﻤﻄﺒﺦ.""","""..................Các cô cậu đang làm gì ở đây thế? ...Shannon, mau quay lại bếp đi.""","""..................Apa yang kamu lakukan di sini? ...Shannon, cepat kembali ke dapur.""","""..................Burada ne yapıyorsunuz? ...Shannon, hemen mutfağa dön."""
Shannon,"""Y‐yes. ......If you'll excuse me......""","""Y-Yes. ......If you'll excuse me......"" ","""Y, yes. ......If you'll excuse me......""",「は、はい。……失礼いたしました……。」,「は、はい。……失礼いたしました……」,"""Д‐да. ......С вашего позволения......""","""S‐Sim. ......Com licença......""",「好、好的。……失礼了……」,「好、好的。……失禮了……」,"""S-Sì ... vogliate scusarmi...""","""S-Sì... Vogliate scusarmi...""","""S‐Sí. Si me disculpan...""","""ﺣـ، ﺣﺎﺿﺮﺓ. ....ﺍﻟﻤﻌﺬﺭﺓ....""","""V-vâng. ......Xin phép đi trước ạ......""","""Y-ya. ......Permisi......""","""E-Evet. ......İzninizle......"""
Kanon,""".................................""","""................................."" ",""".................................""",「……………………………。」,「……………………………」,""".................................""",""".................................""",「……………………………」,「……………………………」,"""...""","""...""","""...""",""".................................""",""".................................""",""".................................""","""................................."""
,Shannon humbly obeyed and promptly made to push the cart and leave.,Shannon humbly obeyed and promptly made to push the cart and leave. ,"Shannon humbly obeyed and promptly made to push the cart and leave.",紗音は畏まり、すぐに配膳ワゴンを押して立ち去ろうとする。,紗音は畏まり、すぐに配膳ワゴンを押して立ち去ろうとする。,"Шаннон почтительно повиновалась и, принявшись поспешно толкать тележку, начала уходить.","Shannon, humilde e prontamente, obedeceu e saiu empurrando o carrinho.",纱音毕恭毕敬了起来，立刻推起餐车准备离去。,紗音畢恭畢敬了起來，立刻推起餐車準備離去。,Shannon ubbidì umilmente e immediatamente fece come per spingere il carrello e andarsene.,"Shannon ubbidì prontamente, e spinse subito il portavivande, facendo per andarsene.","Shannon obedeció humildemente, y sin demorarse comenzó a empujar el carrito para marcharse.",ﺃﻃﺎﻋﺖ ﺷﺎﻧﻮﻥ ﺍﻷﻣﺮ ﺑﺘﻮﺍﺿﻊ ﻭﺩﻓﻌﺖ ﺍﻟﻌﺮﺑﺔ ﻭﻏﺎﺩﺭﺕ.,Shannon cúi đầu kính cẩn và đẩy xe rời đi.,Shannon patuh dan segera pergi dengan gerobaknya.,Shannon alçakgönüllülükle itaat etti ve hemen arabayı itip gitmeye hazırlandı.
,"However, Kanon appealed to Genji in silence, bearing something in his eyes that he could not express in words.","However, Kanon appealed to Genji in silence, bearing something in his eyes that he could not express in words. "," However, Kanon appealed to Genji in silence, bearing something in his eyes that he could not express in words.",だが、嘉音は言葉にできない何かを瞳に宿して、無言でそれを源次に訴えている。,だが、嘉音は言葉にできない何かを瞳に宿して、無言でそれを源次に訴えている。,"Канон же, тем не менее, безмолвно обратился к Генджи, выражая глазами нечто, чего нельзя было высказать словами.","No entanto, Kanon dirigiu‐se a Genji em silêncio, carregando em seus olhos algo que ele não poderia expressar em palavras.",然而，嘉音却把言语不能表达的某种东西，通过目光无言地倾诉给了源次。,然而，嘉音卻把言語不能表達的某種東西，通過目光無言地傾訴給了源次。,"Ma, Kanon si rivolse a Genji in silenzio, covando qualcosa nei suoi occhi che non poteva esprimere a parole.","Ma Kanon covava qualcosa nei suoi occhi che non poteva esprimere a parole, attirando senza dire nulla l'attenzione di Genji.","Sin embargo, Kanon le reclamó en silencio a Genji, portando algo en sus ojos que no podía expresar en palabras.",ﻭﻟﻜﻦ، ﻧﻈﺮ ﻛﺎﻧﻮﻥ ﺇﻟﻰ ﻗﻴﻨﺠﻲ ﻓﻲ ﺻﻤﺖ، ﺣﺎﻣﻼ ﺷﻴﺌﺎ ﻓﻲ ﻋﻴﻨﻴﻪ ﻟﻢ ﻳﺴﺘﻄﻊ ﺍﻟﺘﻌﺒﻴﺮ ﻋﻨﻪ ﺑﺎﻟﻜﻠﻤﺎﺕ.,"Tuy nhiên, Kanon lặng lẽ nhìn Genji, ánh mắt mang theo điều gì đó không thể nói ra bằng lời.",Tapi Kanon memandangi Genji dengan sesuatu di matanya yang tidak bisa diungkapkan.,"Ancak Kanon, gözlerinde kelimelerle ifade edilemeyecek bir şey barındırarak sessizce Genji'ye baktı."
Ronoue Genji,"""...............What is it? Did something happen...?""","""......What is it? Did something happen...?"" ","""...............What is it? Did something happen...?""",「……………どうした。何かあったか…？」,「……………どうした。何かあったか…？」,"""...............В чём дело? Что‐то случилось?..""","""...............O que foi? Aconteceu alguma coisa...?""",「……………怎么了？出什么事了吗…？」,「……………怎麼了？出什麼事了嗎…？」,"""... Cosa c'è? È successo qualcosa...?""","""...Cosa c'è? È successo qualcosa...?""","""... ¿Qué es lo que pasa? ¿Ha ocurrido algo?""",""".....ﻣﺎﺫﺍ ﺑﻚ؟ ﻫﻞ ﺣﺪﺙ ﺷﻲﺀ ﻣﺎ...؟""","""...............Có chuyện gì sao? Có chuyện vừa gì xảy ra à...?""","""...............Ada apa? Apakah terjadi sesuatu...?""","""...............Sorun ne? Bir şey mi oldu...?"""
Kanon,"""...Sha‐......Shannon didn't do anything wrong, but those—""","""...Sh- Shannon didn't do anything wrong. But even so, they..."" ","""...Sha, ......Shannon didn't do anything wrong. But even so, they...""",「…しゃ、……紗音は何も悪くないのに、あいつら…、」,「…しゃ、……紗音は何も悪くないのに、あいつら…、」,"""Ша...Шаннон ни в чём не виновата. Но они всё равно...""","""...Sha‐......A Shannon não fez nada de errado, mas eles—""",「…纱、……纱音明明什么都没做错，那些家伙却……」,「…紗、……紗音明明什麼都沒做錯，那些傢伙卻……」,"""... Sha... Shannon non ha fatto niente di male. Ma comunque, loro...""","""...S-Shannon non ha fatto nulla di male. Ma quella gente...""","""Sha‐Shannon no hizo nada malo, pero ellos—""","""...ﺷﺎ،......ﺷﺎﻧﻮﻥ ﻟﻢ ﺗﺨﻄﺊ ﻓﻲ ﺃﻱ ﺷﻲﺀ. ﻭﻟﻜﻦ ﻣﻊ ﺫﻟﻚ، ﻫﻢ...""","""...Sha‐......Shannon không làm gì sai, nhưng mấy người đó–""","""...Sha-......Shannon tidak bersalah, tapi mereka—""","""...Sha-......Shannon yanlış bir şey yapmadı, ama onlar—"""
Shannon,"""Stop it, Kanon‐kun...""","""Stop it, Kanon-kun... ","""Stop it, Kanon-kun...",「やめて嘉音くん…。,「やめて嘉音くん…」,"""Не надо, Канон‐кун...""","""Pare com isso, Kanon‐kun...""",「别说了嘉音君…」,「別說了嘉音君…」,"""Smettila, Kanon-kun...","""Smettila, Kanon-kun...""","""Basta, Kanon‐kun...""","""ﺗﻮﻗﻒ ﻳﺎ ﻛﺎﻧﻮﻥ-ﻛﻦ...""","""Dừng lại đi mà Kanon...""","""Sudah, Kanon-kun...""","""Kes şunu, Kanon-kun..."""
Shannon,"""......If you'll excuse me. I'll return to work immediately. Kanon‐kun, you too, go back to your post. ......Please.""","...Please excuse me. I'll return to work immediately. Kanon-kun, you should go back to your post too. ......Please."" ","......If you'll excuse me. I'll return to work immediately. Kanon-kun, you too, go back to your post. ......Please.""",……失礼しました。すぐに仕事に戻ります。嘉音くんも自分の持ち場に戻って。……お願い。」,「……失礼しました。すぐに仕事に戻ります。嘉音くんも自分の持ち場に戻って。……お願い」,"""......С вашего позволения, я сейчас же вернусь к работе. Канон‐кун, ты тоже последуй моему примеру. ......Прошу тебя.""","""......Se me dão licença. Eu vou voltar ao trabalho imediatamente. Kanon‐kun, você também, volte ao seu posto. ......Por favor.""",「……失礼了。我马上就回去工作。嘉音君也回自己的岗位上去吧。……拜托了。」,「……失禮了。我馬上就回去工作。嘉音君也回自己的崗位上去吧。……拜託了。」,"... Col vostro permesso. Ritorno immediatamente al lavoro. Kanon-kun, anche tu, torna al tuo posto. ... Per favore.""","""Con permesso. Torno subito al lavoro. Torna anche tu al tuo posto, Kanon-kun... Ti prego.""","""Si me disculpan. Volveré a trabajar de inmediato. Kanon‐kun, tú también, vuelve a tu puesto... Por favor.""",""".....ﺃﻋﺬﺭﻧﻲ. ﺳﺄﻋﻮﺩ ﻟﻠﻌﻤﻞ ﺣﺎﻻ. ﻛﺎﻧﻮﻥ-ﻛﻦ، ﺃﻧﺖ ﺃﻳﻀﺎ، ﻋﺪ ﺇﻟﻰ ﻣﻮﻗﻌﻚ. ......ﻣﻦ ﻓﻀﻠﻚ.""","""......Xin phép ạ. Tôi sẽ quay lại làm việc ngay. Kanon à, em cũng quay về làm việc đi. ......Nhé.""","""......Permisi. Aku akan segera kembali bekerja. Kanon-kun, kamu juga, kembali ke posmu. ......Tolong.""","""......İzninizle. Hemen işe döneceğim. Kanon-kun, sen de görevinin başına dön. ......Lütfen."""
Kanon,"""............If you say so, Nee‐san.""","""......If you say so, Nee-san."" ","""............If you say so, Nee-san.""",「…………姉さんがそういうなら。」,「…………姉さんがそういうなら」,"""............Как скажешь, нээ‐сан.""","""............Se você está pedindo, nee‐san.""",「…………既然姐姐都这么说了。」,「…………既然姐姐都這麼說了。」,"""... Se lo dici tu, Nee-san.""","""...Se lo dici tu, sorella.""","""... Si tú lo dices, Nee‐san.""",""".....ﺃﻣﺮﻙ ﻳﺎ ﺃﺧﺘﻲ.""","""............Nếu chị đã nói vậy...""","""............Kalau kamu bilang begitu, Nee-san.""","""............Nee-san, eğer öyle diyorsan."""
Ronoue Genji,""".................. ...If there is nothing, then go.""","""............ ...If that is all, then go."" ",""".....................If that is all, then go.""",「………………。…何事もないなら、そうしなさい。」,「………………。…何事もないなら、そうしなさい」,""".................. Если это всё, то я пошёл.""",""".................. ...Se isto é tudo, podem ir.""",「………………。…若是没事了就回去工作吧。」,「………………。…若是沒事了就回去工作吧。」,"""... Se è tutto, allora va'.""","""...Se questo è tutto, allora va'.""","""... Si eso es todo, entonces vayan.""",""".................. ...ﺇﺫﺍ ﻛﺎﻥ ﻫﺬﺍ ﻛﻞ ﺷﻲﺀ، ﻓﺎﺫﻫﺒﺎ.""",""".................. ...Nếu không có gì nữa, thì đi đi.""",""".................. ...Jika tidak ada apa-apa, pergilah.""",""".................. ...Hepsi bu kadarsa, gidebilirsin."""
Kanon,"""......Yes. ......If you'll excuse me.""","""...Yes. ...If you'll excuse me."" ","""......Yes. ......If you'll excuse me.""",「……はい。……失礼します。」,「……はい。……失礼します」,"""......Да. ......С вашего позволения.""","""......Sim. ......Se me dá licença.""",「……是。……失礼了。」,「……是。……失禮了。」,"""... Sì. ... Vogliate scusarmi.""","""...Sì... Vogliate scusarmi.""","""Sí. Con su permiso.""","""....ﻧﻌﻢ. ....ﺃﻋﺬﺭﻭﻧﻲ.""","""......Vâng. ......Xin phép.""","""......Ya. ......Permisi.""","""......Evet. ......İzninizle."""
,"From the shadows in the hallway, an old woman wearing an apron watched over them. It was Kumasawa...","From the shadows in the hallway, an old woman wearing an apron watched over them.  It was Kumasawa... ","From the shadows in the hallway, an old woman wearing an apron watched over them. It was Kumasawa...",その姿を廊下の影から見守る割烹着姿の老婆は熊沢であった…。,その姿を廊下の影から見守る割烹着姿の老婆は熊沢であった…。,Из теней коридора за ними наблюдала пожилая женщина в переднике. Это была Кумасава...,"Pelas sombras do corredor, uma velha mulher, vestindo um avental, estava observando. Era Kumasawa...",在走廊的阴影中一直默默地注视着他们的，那位身着烹饪服的老婆婆，正是熊泽…。,在走廊的陰影中一直默默地注視著他們的，那位身著烹飪服的老婆婆，正是熊澤…。,"Nell'ombra del corridoio, una vecchia donna che indossava un grembiule vegliava su di loro. Era Kumasawa...","Nelle ombre del corridoio, una vecchia donna che indossava un grembiule osservava la scena. Era Kumasawa...","Desde las sombras en el pasillo, una anciana usando un delantal los vigilaba. Era Kumasawa.",ﻣﻦ ﺧﻼﻝ ﺍﻟﻈﻼﻝ ﻋﻨﺪ ﺍﻟﻤﺪﺧﻞ، ﻛﺎﻧﺖ ﺗﻨﻈﺮ ﻧﺎﺣﻴﺘﻬﻢ ﺍﻣﺮﺃﺓ ﻋﺠﻮﺯ ﺗﺮﺗﺪﻱ ﻣﺌﺰﺭﺓ. ﻛﺎﻧﺖ ﻛﻮﻣﺎﺳﺎﻭﺍ...,"Từ trong bóng tối phía hành lang, một bà lão mặc tạp dề dõi theo bọn họ. Đó là bà Kumasawa...","Dari bayangan koridor, seorang wanita tua berapron mengawasi mereka. Kumasawa...","Koridordaki gölgelerin arasından, önlük giymiş yaşlı bir kadın onları izliyordu. O Kumasawa'ydı..."
Kumasawa Chiyo,"......How heartrending, Shannon‐san, Kanon‐san...{n}There's no reason for those two to be picked on.{n} ...But, it cannot be denied that they are disliked by Gohda‐san...","......Poor Shannon-san, Kanon-san... {n}There's no reason for those two to be picked on. {n}...Still, Gohda-san's dislike for them is an undeniable fact... ","......I feel so sorry for them, Shannon-san, Kanon-san...{n} There's no reason for those two to be picked on. {n}...But, it cannot be denied that they are disliked by Gohda-san...",……おいたわしや、紗音さん、嘉音さん…。{n}あの二人がいじめられる理由は何もないのです。{n}…しかし、郷田さんに嫌われているのは紛れもない事実…。,……おいたわしや、紗音さん、嘉音さん…。{n}あの二人がいじめられる理由は何もないのです。{n}…しかし、郷田さんに嫌われているのは紛れもない事実…。,"......Как же мне жаль этих бедняжек: Канона‐сана и Шаннон‐сан...{n}Ведь нет причины для них подвергаться нападкам.{n}...Но нельзя отрицать, что Года‐сан недолюбливает их...","......Que comovente, Shannon‐san, Kanon‐san...{n}Não há nenhuma razão para aqueles dois serem maltratados.{n} ...Mas não se pode negar que o Gohda‐san os odeia...",……纱音、嘉音，真是太可怜了…。{n}那两个孩子根本没有理由被欺负。{n}…可他们被乡田讨厌着却也是铁一般的事实…。,……紗音、嘉音，真是太可怜了…。{n}那兩個孩子根本沒有理由被欺負。{n}…可他們被鄉田討厭著卻也是鐵一般的事實…。,"... Mi dispiace così tanto per loro, Shannon-san, Kanon-san... {n}Non c'è motivo per prendersela con voi due. {n}... Ma, non posso negare che Gohda-san li odi...","...Oh, Shannon-san, Kanon-san, mi si strugge il cuore...{n}Non c'è ragione di prendersela con voi due...{n}Ma è innegabile che Gouda-san vi detesti...","Me siento tan afligida por ellos, Shannon‐san, Kanon‐san...{n}No hay ninguna razón para que esos dos sean molestados.{n} Pero... no se puede negar que no son del agrado de Gohda‐san...",.........ﺃﺷﻌﺮ ﺑﺎﻷﺳﻒ ﻋﻠﻴﻬﻤﺎ، ﺷﺎﻧﻮﻥ-ﺳﺎﻥ ﻭﻛﺎﻧﻮﻥ-ﺳﺎﻥ...{n}ﻻ ﻳﻮﺟﺪ ﺳﺒﺐ ﻟﻬﺬﺍﻥ ﺍﻹﺛﻨﻴﻦ ﻟﻜﻲ ﻳﻀﻄﻬﺪﺍ.{n} .....ﻭﻟﻜﻦ، ﻻ ﻳﻤﻜﻦ ﺗﺠﺎﻫﻞ ﺣﻘﻴﻘﺔ ﻛﺮﺍﻫﻴﺔ ﻗﻮﺩﺍ-ﺳﺎﻥ ﻟﻜﻠﻴﻬﻤﺎ...,"......Thật đau lòng cho cô Shannon và cậu Kanon...{n}Không có lý do gì để hai người họ bị đối xử như vậy cả.{n} ...Nhưng, thật không thể phủ nhận rằng họ đã bị anh Gohda ghét bỏ rồi...","......Menyedihkan, Shannon-san, Kanon-san...{n}Tidak ada alasan mereka diganggu.{n} ...Tapi tidak bisa dipungkiri mereka tidak disukai Gohda-san...","......Ne kadar yürek parçalayıcı, Shannon-san, Kanon-san...{n}Bu ikisine sataşılması için hiçbir sebep yok.{n} ...Ama Gohda-san tarafından sevilmedikleri inkâr edilemez..."
Kumasawa Chiyo,"Before Gohda‐san was taken in by the Ushiromiya head house, I heard he worked for a fabulous hotel somewhere.","Until Gohda-san was taken in by the Ushiromiya Head Family, I hear he worked for a fabulous hotel somewhere. "," Until Gohda-san was taken in by the Ushiromiya head house, I heard he worked for a fabulous hotel somewhere.",郷田さんは、右代宮本家へいらっしゃられるまで、どこかの立派なホテルにお勤めだったそうです。,郷田さんは、右代宮本家へいらっしゃられるまで、どこかの立派なホテルにお勤めだったそうです。,"Перед тем как его нанял главный дом Уширомия, я слышала, что он работал в каком‐то великолепном отеле.","Antes do Gohda‐san vir trabalhar para o chefe da família Ushiromiya, eu ouvi que ele trabalhava em um fabuloso hotel.",乡田在来右代宫本家之前，好像是在某个高级酒店工作。,鄉田在來右代宮本家之前，好像是在某個高級酒店工作。,"Prima che Gohda-san fosse assunto dalla famiglia Ushiromiya, ho sentito che lavorava per un fantastico hotel da qualche parte.","Pare che Gouda-san, prima che venisse assunto dalla famiglia Ushiromiya, lavorasse in un certo hotel di lusso.","Antes de que Gohda‐san trabajara para la casa principal de la familia Ushiromiya, escuché que trabajaba para un fabuloso hotel en algún lugar.",ﻗﺒﻞ ﻋﻤﻞ ﻗﻮﺩﺍ-ﺳﺎﻥ ﻓﻲ ﻣﻨﺰﻝ ﻋﺎﺋﻠﺔ ﺃﻭﺷﻴﺮﻭﻣﻴﺎ ﺍﻟﺮﺋﻴﺴﻲ، ﺳﻤﻌﺖ ﺑﺄﻧﻪ ﻋﻤﻞ ﻓﻲ ﻓﻨﺪﻕ ﻓﺨﻢ ﻓﻲ ﻣﻜﺎﻥ ﻣﺎ.,"Trước khi vào làm cho nhà chính Ushiromiya, mình nghe nói anh ta từng làm ở một khách sạn nổi tiếng nào đó.","Sebelum Gohda-san bekerja di rumah induk Ushiromiya, katanya dia bekerja di hotel mewah.","Gohda-san, Ushiromiya baş ailesi tarafından alınmadan önce, bir yerlerde muhteşem bir otel için çalıştığını duydum."
Kumasawa Chiyo,I do think the manner of work he learned there was quite something.,"The manner of work he learned there was quite impressive, I believe. "," I think the manner of work he learned there was quite something.",そこで身につけられたというお仕事ぶりは、そりゃあ大したものだとは思います。,そこで身につけられたというお仕事ぶりは、そりゃあ大したものだとは思います。,"Манера работы, которую он там приобрёл, достойна уважения.",Acho que a maneira de trabalhar que ele aprendeu lá pode ser um problema.,在那里所掌握的娴熟的待客之术，确实是很了不起。,在那裡所掌握的嫻熟的待客之術，確實是很了不起。,Credo che il metodo di lavoro che ha imparato lì sia piuttosto duro.,Penso che il metodo lavorativo che aveva imparato lì fosse alquanto impressionante.,Pienso que la forma de trabajar que aprendió ahí puede apreciarse.,ﺃﻋﺘﻘﺪ ﺃﻥ ﻃﺮﻳﻘﺔ ﺍﻟﻌﻤﻞ ﺍﻟﺘﻲ ﺗﻌﻠﻤﻬﺎ ﻛﺎﻧﺖ ﻣﻤﺘﺎﺯﺓ.,"Mình thầm nghĩ, tác phong làm việc ở đó thật đáng nể.",Aku pikir cara kerjanya cukup bagus.,Orada öğrendiği iş tarzının oldukça iyi olduğunu düşünüyorum.
Kumasawa Chiyo,It's just that...Gohda‐san is the newest servant here.{n}...He must have a lot of pride accumulated from his previous posts.,It's just that...Gohda-san is the newest servant here. {n}...He must have a lot of pride accumulated from his previous positions. ," It's just that...Gohda-san is the newest servant here.{n}...He must have a lot of pride accumulated from his previous posts.",ただ、郷田さんはここではもっとも年季の短い使用人。{n}…ご自身のそれまでの積み重ねによるプライドもあられたのでしょう。,ただ、郷田さんはここではもっとも年季の短い使用人。{n}…ご自身のそれまでの積み重ねによるプライドもあられたのでしょう。,"Вот только... Года‐сан здесь самый недавний слуга.{n}...Он наверняка очень гордится тем, как работал на предыдущих постах.",Só que...o Gohda‐san é o serviçal mais novo aqui.{n}...Ele deve ter acumulado muito orgulho em seu antigo trabalho.,只是，乡田在这里不过是个最晚进入右代宫家工作的新人。{n}…是他自己长年积累下来的自尊心在作怪吧。,只是，鄉田在這裡不過是個最晚進入右代宮家工作的新人。{n}…是他自己長年積累下來的自尊心在作怪吧。,"È solo che, Gohda-san è praticamente il nuovo domestico qui. {n}... Deve avere della superbia accumulata da allora.",È solo che Gouda-san è il domestico che lavora qui da meno tempo di tutti...{n}Credo che sia orgoglioso dell'esperienza accumulata sin da allora.,Es solo que... Gohda‐san es el sirviente más nuevo aquí.{n}Debe de tener un montón de orgullo acumulado de sus cargos anteriores.,ﺇﻧﻪ ﻓﻘﻂ... ﻗﻮﺩﺍ-ﺳﺎﻥ ﺃﺣﺪﺙ ﺧﺎﺩﻡ ﻫﻨﺎ.{n}....ﺣﺘﻤﺎ ﺃﻥ ﻟﺪﻳﻪ ﻓﺨﺮ ﻛﺒﻴﺮ ﺑﺨﺒﺮﺗﻪ ﺍﻟﺘﻲ ﺍﻛﺘﺴﺒﻬﺎ ﻣﻦ ﺃﻋﻤﺎﻟﻪ ﺍﻟﺴﺎﺑﻘﺔ.,Chỉ có điều...anh Gohda là người hầu mới nhất ở đây.{n}...Chắc hẳn anh ấy có một thứ lòng kiêu hãnh được tích lũy từ công việc trước.,Hanya saja...Gohda-san pelayan baru di sini.{n}...Dia pasti punya banyak harga diri dari pekerjaan sebelumnya.,Sadece...Gohda-san buradaki en yeni hizmetkâr.{n}...Önceki görevlerinden çok gurur duyuyor olmalı.
Kumasawa Chiyo,"Because Shannon‐san and Kanon‐kun are his seniors here at the mansion, and yet are inexperienced and have gone through much less in life than he has, he picks on them at every chance he gets...","Because Shannon-san and Kanon-kun are his seniors here at the mansion, and yet are inexperienced and have gone through much less in life than he has, he picks on them at every chance he gets... "," Because Shannon-san and Kanon-kun are his seniors here at the mansion, and yet are inexperienced and have gone through much less in life than he has, he picks on them at every chance he gets...",彼は、自分より長い年季を持ちながらも未熟で、人生経験も及ばない紗音さんと嘉音くんを、ことある毎にいびられるのです…。,彼は、自分より長い年季を持ちながらも未熟で、人生経験も及ばない紗音さんと嘉音くんを、ことある毎にいびられるのです…。,"Поскольку как слуги Шаннон‐сан и Канон‐сан по сравнению с ним занимают в доме более высокое положение, но в то же время не могут сравниться с ним ни по опыту, ни по прожитым годам, он досаждает им при любой возможности...","Como a Shannon‐san e o Kanon‐kun são como seus superiores aqui na mansão, e ainda são inexperientes, e passaram por muito menos coisas na vida que ele, ele acaba pegando muito no pé deles...",对于在这里干的时间比他长，待客之术与人生阅历却都远不如他的纱音和嘉音，只要一有机会，乡田就会趁机欺负他们…。,對於在這裡幹的時間比他長，待客之術與人生閱歷卻都遠不如他的紗音和嘉音，只要一有機會，鄉田就會趁機欺負他們…。,"È immaturo, anche se lui stesso ha molta esperienza lavorativa; Shannon-san e Kanon-san, che non competono con lui per esperienza di vita, vengono entrambi maltrattati...","Alla prima occasione, prende di mira Shannon-san e Kanon-san, che lavorano da più tempo qui alla villa, ma non hanno molta esperienza di vita, e non sono ancora maturati...","Debido a que Shannon‐san y Kanon‐kun son sus superiores aquí en la mansión, y sin embargo, no tienen experiencia y han pasado por mucho menos en la vida que él, los molesta en cada oportunidad que tiene...",ﻳﺘﻨﻤﺮ ﻋﻠﻰ ﺷﺎﻧﻮﻥ-ﺳﺎﻥ ﻭﻛﺎﻧﻮﻥ-ﻛﻦ ﻓﻲ ﻛﻞ ﻓﺮﺻﺔ ﺗﺴﻨﺢ ﻟﻪ، ﺑﻤﺎ ﺃﻧﻬﻤﺎ ﺃﻗﺪﻡ ﻣﻨﻪ ﻓﻲ ﺍﻟﻘﺼﺮ، ﻭﻣﻊ ﺫﻟﻚ ﻻ ﻳﺰﺍﻟﻮﻥ ﻋﺪﻳﻤﻲ ﺍﻟﺨﺒﺮﺓ ﻭﻟﻢ ﻳﻤﺮﻭﺍ ﺑﻜﺜﻴﺮ ﻣﻦ ﺍﻟﺼﻌﺎﺏ ﻓﻲ ﺍﻟﺤﻴﺎﺓ ﻣﺜﻞ ﻣﺎ ﻣﺮ ﻫﻮ.,"Vì tuy cô Shannon và cậu Kanon là ""tiền bối"" của anh ta trong dinh thự này, nhưng họ lại non nớt về kinh nghiệm và vốn sống, cho nên anh ta cứ bắt nạt họ bất cứ lúc nào có thể...","Karena Shannon-san dan Kanon-kun lebih senior tapi kurang pengalaman hidup, dia sering menggangu mereka...",Shannon-san ve Kanon-kun onun malikanedeki kıdemlileri olmasına rağmen tecrübesiz oldukları ve hayatta kendisinden çok daha az şey yaşadıkları için her fırsatta onlara sataşıyor...
Kumasawa Chiyo,"And also, ...although it's terrible, they are hated by Madam Natsuhi too...","And also, ...sad as it may be, they are disliked by Madam Natsuhi too... "," And also, ...although it's terrible, they are hated by Madam Natsuhi too...",また、…気の毒なことに、夏妃奥様にも嫌われております…。,また、…気の毒なことに、夏妃奥様にも嫌われております…。,А тут ещё... Их мадам Нацухи ненавидит... Просто ужасно...,"Além disso, ...também é terrível a forma como eles são odiados pela madame Natsuhi...",更可怜的是，就连夏妃太太也讨厌他们…。,更可怜的是，就連夏妃太太也討厭他們…。,"E anche... sebbene sia terribile, sono odiati anche da Madame Natsuhi...","E inoltre... anche se mi rincresce molto, sono odiati anche da madame Natsuhi...","Y además... aunque es terrible, también son odiados por la señora Natsuhi...",ﻭﺃﻳﻀﺎ، ...ﻋﻠﻰ ﺍﻟﺮﻏﻢ ﻣﻦ ﺃﻧﻪ ﺃﻣﺮ ﻓﻈﻴﻊ، ﻓﻬﻤﺎ ﻣﻜﺮﻭﻫﺎﻥ ﻣﻦ ﺍﻟﺴﻴﺪﺓ ﻧﺎﺗﺴﻮﻫﻲ...,"Và, ...dù thật đáng buồn, họ cũng bị phu nhân Natsuhi ghét bỏ nữa...","Dan juga, ...meski buruk, mereka tidak disukai Nyonya Natsuhi...","Ve ayrıca, ...yeterince korkunç olmasına rağmen, Madam Natsuhi de onlardan nefret ediyor..."
Kumasawa Chiyo,"Of course, in terms of experience, Madam has been in the family much longer.","Of course, if we're talking about experience, the Madam has been in this family much longer. "," Of course, in terms of experience, Madam has been in the family much longer.",もちろん、年季という意味では奥様の方が長くこの家におられます。,もちろん、年季という意味では奥様の方が長くこの家におられます。,"Конечно, если судить по опыту, мадам жила в семье гораздо дольше.","É claro, em termos de experiência, a madame está na família há muito mais tempo.",当然，按进入右代宫家的时间来算的话，太太要早得多。,當然，按進入右代宮家的時間來算的話，太太要早得多。,"Certo, in termini di esperienza, Madame appartiene alla famiglia da molto più tempo.","Certo, parlando per mia esperienza, la madame fa parte di questa famiglia da molto più tempo.","Por supuesto, en términos de experiencia, la señora ha estado en la familia mucho más tiempo.",ﺑﺎﻟﻄﺒﻊ، ﻣﻦ ﻧﺎﺣﻴﺔ ﺍﻟﺨﺒﺮﺓ، ﻛﺎﻧﺖ ﺍﻟﺴﻴﺪﺓ ﻓﻲ ﺍﻟﻌﺎﺋﻠﺔ ﻟﻔﺘﺮﺓ ﺃﻃﻮﻝ.,"Dĩ nhiên, xét về kinh nghiệm, phu nhân đã là người nhà từ lâu.","Tentu dalam hal pengalaman, Nyonya sudah lebih lama di keluarga.","Tabii ki, deneyim açısından, Madam ailede çok daha uzun süredir var."
Kumasawa Chiyo,However.........I must feel some sympathy for Madam as well in this case.,And yet...this is one point where I cannot help but sympathize with the Madam as well. ," It's only that, .........they are just not allowed to sympathize with her.",ただ、………こればかりは奥様にも同情しなくてはなりません。,ただ、………こればかりは奥様にも同情しなくてはなりません。,Вот только... Им просто не позволяется симпатизировать ей.,No entanto.........eu tenho que sentir um pouco de simpatia por ela nesse caso.,只是，………在这一点上太太也有让人同情之处。,只是，………在這一點上太太也有讓人同情之處。,È solo che... semplicemente non è permesso loro di solidarizzare con lei.,Eppure... questo è un punto su cui non riesco a simpatizzare con lei...,Aún así... no puedo evitar también simpatizar con ella.,ﻭﻣﻊ ﺫﻟﻚ… ﻻ ﺑﺪ ﻟﻲ ﻣﻦ ﺍﻟﺘﻌﺎﻃﻒ ﻣﻊ ﺍﻟﺴﻴﺪﺓ ﻣﻦ ﻫﺬﻩ ﺍﻟﻨﺎﺣﻴﺔ.,Tuy nhiên.........tôi cũng phải đồng cảm với phu nhân trong chuyện này.,Tapi.........aku juga harus bersimpati pada Nyonya.,Ancak.........Ben bu durumda Madam için de biraz sempati duymalıyım.
Kumasawa Chiyo,...The Master is a truly cruel person...,"...Truly, the Master is a man with many sins on his conscience... ","...The master is also a truly cruel person...",…本当にお館様も罪作りな方でございます…。,…本当にお館様も罪作りな方でございます…。,...Господин тоже действительно жестокий человек...,...O Mestre é mesmo uma pessoa cruel...,…老爷真是作孽啊…。,…老爺真是作孽啊…。,... Anche il Padrone è una persona davvero crudele...,Anche il padrone sa essere davvero perfido...,"Realmente, el amo es una persona realmente cruel...",.....ﻓﻌﻼ، ﻳﻤﻠﻚ ﺍﻟﺴﻴﺪ ﺫﻧﻮﺑﺎ ﻛﺜﻴﺮﺓ ﻋﻠﻰ ﻋﺎﺗﻘﻪ...,...Ngài chủ nhân thật là một người tàn nhẫn...,...Tuan memang kejam...,...Efendi gerçekten zalim bir insan...
Kumasawa Chiyo,Why could he not have realized that his trifling whim would pass such an inferiority complex onto Madam...,Why didn't he realize that such a trifling whim of his would give the Madam such an inferiority complex...? ," He probably did not realize his own trifling whims passed so much of an inferiority complex to his wife...",ご自身の、ちょっとした気まぐれが、奥様にこれほどまでの劣等感をお与えになるとは、どうして思い至らなかったのでしょう…。,ご自身の、ちょっとした気まぐれが、奥様にこれほどまでの劣等感をお与えになるとは、どうして思い至らなかったのでしょう…。,"Он, должно быть, не осознаёт, как его ничтожные прихоти и причуды передались как комплекс неполноценности его жене...",Por que ele não percebe que seu capricho insignificante está passando um complexo de inferioridade para a madame...?,就因为自己一时的心血来潮，竟带给太太这么重的自卑感，为什么老爷自己就想不到呢…。,就因為自己一時的心血來潮，竟帶給太太這麼重的自卑感，為什麼老爺自己就想不到呢…。,Probabilmente non ha capito che i suoi insignificanti capricci sono praticamente diventati un complesso di inferiorità per sua moglie...,Come fa a non capire che le sue insulse pretese hanno causato alla madame degli enormi complessi di inferiorità...,Probablemente no se dio cuenta que sus propios caprichos insignificantes le causaron un complejo de inferioridad a la señora.,ﻣﻦ ﺍﻟﻤﺤﺘﻤﻞ ﺑﺄﻧﻪ ﻟﻢ ﻳﺪﺭﻙ ﺃﻥ ﻧﺰﻭﺍﺗﻪ ﺍﻟﻌﺒﺜﻴﺔ ﻗﺪ ﺳﺒﺒﺖ ﻋﻘﺪﺓ ﻧﻘﺺ ﻟﺪﻯ ﺯﻭﺟﺘﻪ...,Tại sao ông ấy lại không nhận ra rằng một phút tùy hứng của mình đã gieo vào lòng phu nhân thứ mặc cảm như vậy...,Mengapa dia tidak menyadari keinginan sepelenya akan membuat Nyonya merasa inferior...,Önemsiz kaprisinin Madam'a böyle bir aşağılık kompleksi aşılayacağını neden fark edemedi...
Kumasawa Chiyo,"......Naturally, deep inside, even Madam fully acknowledges that there's no reason to treat those two so harshly...","...Of course, on the inside, even the Madam is fully aware that those two don't deserve to be treated so harshly... ","......Naturally, Madam's inner thoughts fully acknowledge that there's no reason to treat those two so harshly...",……もちろん奥様とて内心は、あの二人に辛く当たる謂れは何もないことを重々承知してはおります…。,……もちろん奥様とて内心は、あの二人に辛く当たる謂れは何もないことを重々承知してはおります…。,"......Конечно же, госпожа умом прекрасно понимает, что у неё нет причины обращаться с ними так сурово...","......Naturalmente, bem no fundo, mesmo a madame reconhece que ela não precisaria tratá‐los de forma tão dura...",……当然太太心里也清楚自己是没有理由拿那两个人当出气筒的…。,……當然太太心裡也清楚自己是沒有理由拿那兩個人當出氣筒的…。,"... Naturalmente, i pensieri più profondi di Madame riconoscono pienamente che non c'è motivo per trattare quei due così duramente...","Naturalmente, all'interno del suo cuore, la madame è perfettamente consapevole che non ha motivi per trattare quei due così duramente...","Por supuesto, los pensamiento internos de la señora reconocen plenamente que no hay razón para tratar a esos dos de forma tan severa...",.....ﺑﻄﺒﻴﻌﺔ ﺍﻟﺤﺎﻝ، ﻓﺈﻥ ﺍﻷﻓﻜﺎﺭ ﺍﻟﺪﺍﺧﻠﻴﺔ ﻟﻠﺴﻴﺪﺓ ﺗﻌﺮﻑ ﺗﻤﺎﻣﺎ ﺑﺄﻧﻪ ﻻ ﻳﻮﺟﺪ ﺳﺒﺐ ﻟﺘﻌﺎﻣﻞ ﻫﺬﻳﻦ ﺍﻟﺸﺨﺼﻴﻦ ﺑﻘﺴﻮﺓ.....,"......Tận đáy lòng, ngay cả phu nhân cũng biết mình không nên đối xử quá đáng với hai người họ...","......Sebenarnya, di dalam hati Nyonya tahu tidak ada alasan memperlakukan mereka berdua kasar...","......Doğal olarak, içten içe, Madam bile bu ikisine bu kadar sert davranmak için hiçbir neden olmadığını tamamen biliyor..."
Kumasawa Chiyo,"...However, the heart has reasons that reason knows not...","...However, the heart has reasons that reason knows not... ","...However, the heart has reasons that reason knows not...",…しかし、それが理屈でわかっているからといって、どうにもならないのが人の心…。,…しかし、それが理屈でわかっているからといって、どうにもならないのが人の心…。,...Однако ум редко бывает в ладах с сердцем...,"...No entanto, há razões que o próprio coração desconhece...",…可就算明白道理，人的心也难以改变…。,…可就算明白道理，人的心也難以改變…。,"... Comunque, il cuore ha le sue ragioni che la mente non conosce...","Comunque sia, anche se la mente sa cosa deve essere fatto, il cuore ha le sue ragioni che la mente non conosce...","Sin embargo, el corazón tiene razones que la razón no conoce.",...ﻭﻟﻜﻦ، ﻟﻠﻘﻠﺐ ﺃﺳﺒﺎﺏ ﻻ ﺗﺪﺭﻙ ﺍﻟﺼﻮﺍﺏ ...,...Nhưng con tim có lý lẽ riêng mà lý trí không hiểu được...,...Tapi hati punya alasan yang tidak dimengerti akal...,"...Ancak, kalbin mantığın bilmediği nedenleri vardır..."
Kumasawa Chiyo,"Ahh, how heartrending...","Aah, I feel so sorry for them... "," Aah, I feel so sorry for them...",あぁ、おいたわしや…。,あぁ、おいたわしや…。,"Ах, как же мне жаль их...","Ahh, eu sinto pena deles...",哎，真是太可怜了…。,哎，真是太可怜了…。,"Aah, mi dispiace così tanto per loro...","Aah, mi si strugge il cuore...","Aah, siento tanta lástima por ellos...",ﺁﺁﻩ، ﻟﻜﻢ ﺃﺷﻌﺮ ﺑﺎﻷﺳﻰ ﻋﻠﻴﻬﻢ...,"Chà, thật đau lòng quá...","Ahh, menyedihkan...","Ahh, ne kadar yürek parçalayıcı..."
Kumasawa Chiyo,I cannot do anything but watch over them from the shadows......,I can't do anything but watch over them from the shadows...... ," I can't do anything but watch over them from the shadows......",私には何もできず、こうして物陰から見守ることしかできないのです……。,私には何もできず、こうして物陰から見守ることしかできないのです……。,"Но всё, что я могу — это лишь наблюдать за ними из тени....",Eu não posso fazer nada mais além de observar das sombras......,我什么也做不了，只能像这样在暗处默默地注视着……。,我什麼也做不了，只能像這樣在暗處默默地注視著……。,Non posso far altro che vegliare su di loro nell'oscurità...,Non posso fare altro se non vegliare di nascosto su di loro...,No puedo hacer otra cosa más que velar por ellos desde las sombras...,ﻟﻴﺲ ﺑﻴﺪﻱ ﺣﻴﻠﺔ ﺳﻮﻯ ﻣﺸﺎﻫﺪﺗﻬﻢ ﻣﻦ ﺍﻟﻈﻼﻝ......,Mình cũng chẳng thể làm gì ngoài dõi theo bọn họ trong bóng tối......,Aku hanya bisa mengawasi dari bayangan......,Onları gölgelerden izlemekten başka bir şey yapamıyorum......
