Speaker,Umineko Project (UP),Steam - Umineko Project (ST),Original Witch Hunt (OG),PC Japanese (JP),PS3 Japanese - Censored (JPC),Russian (RU),Brazilian Portuguese (PT),Chinese Simplified (CN),Chinese Traditional (CHT),Italian - Ars Magica - Old (ITA),Italian - Majotachi no Sub - New (IT),Spanish (ES),Arabic (AR),Vietnamese (VI),Indonesian (IDN),Turkish (TR)
,Gohda was doing the nighttime rounds.,Gohda was doing the nighttime rounds. ,"Gohda was doing the nighttime rounds.",郷田は、夜の見回りをしていた。,郷田は、夜の見回りをしていた。,Года совершал ночной обход по особняку.,Gohda estava fazendo a ronda noturna.,乡田正在巡夜。,鄉田正在巡夜。,Gohda si stava occupando della ronda notturna.,Gohda was doing the nighttime rounds.,Gohda estaba haciendo las rondas nocturnas.,ﻛﺎﻥ ﻗﻮﺩﺍ ﻳﻘﻮﻡ ﺑﺠﻮﻻﺕ ﺍﻟﻠﻴﻞ ﺍﻟﺘﻔﻘﺪﻳﺔ.,Gohda was doing the nighttime rounds.,Gohda was doing the nighttime rounds.,Gohda was doing the nighttime rounds.
,There had never been anything on Rokkenjima outside the Ushiromiya family.{n}So checking that the doors and windows were all closed had no real purpose.,"Rokkenjima had always been empty, except for the Ushiromiya Family household. So, checking that the doors and windows were all closed had no real purpose. "," There had never been anything on Rokkenjima outside the Ushiromiya family. So checking that the doors and windows were all closed had no real purpose.",そもそも、六軒島には右代宮家以外は存在しない。だから戸締りやその確認には、それほど意味があるわけではない。,そもそも、六軒島には右代宮家以外は存在しない。{n}だから戸締りやその確認には、それほど意味があるわけではない。,"На Роккенджиме, помимо семьи Уширомия, никто не проживал.{n}Поэтому в проверке того, заперты ли окна и двери, не было настоящего смысла.","Nunca teve mais ninguém em Rokkenjima além da família Ushiromiya.{n}Logo, não havia um propósito real em conferir se todas as portas e janelas estavam fechadas.",按理说，六轩岛上除去右代宫家就没有别人了。{n}所以，锁门和复查并没有多大意义。,按理說，六軒島上除去右代宮家就沒有別人了。{n}所以，鎖門和復查並沒有多大意義。,Non c'era mai stato nessun altro su Rokkenjima a parte la famiglia Ushiromiya. Perciò controllare che le porte e le finestre fossero tutte chiuse non aveva un vero scopo.,There had never been anything on Rokkenjima outside the Ushiromiya family.{n}So checking that the doors and windows were all closed had no real purpose.,Nunca había existido nada en Rokkenjima ajeno a la familia Ushiromiya.{n}Así que revisar que las puertas y ventanas estuviesen cerradas no tenía un propósito real.,ﻟﻢ ﻳﻌﺶ ﻋﻠﻰ ﺭﻭﻛﻴﻨﺠﻴﻤﺎ ﺳﻮﻯ ﺁﻝ ﺃﻭﺷﻴﺮﻭﻣﻴﺎ.{n}ﻟﺬﺍ، ﻻ ﻃﺎﺋﻞ ﻓﻲ ﺍﻟﺘﺤﻘﻖ ﻣﻦ ﺇﻏﻼﻕ ﺍﻟﻤﺪﺍﺧﻞ.,There had never been anything on Rokkenjima outside the Ushiromiya family.{n}So checking that the doors and windows were all closed had no real purpose.,There had never been anything on Rokkenjima outside the Ushiromiya family.{n}So checking that the doors and windows were all closed had no real purpose.,There had never been anything on Rokkenjima outside the Ushiromiya family.{n}So checking that the doors and windows were all closed had no real purpose.
,"However, ever since Natsuhi had scolded them saying that this was careless, the nighttime rounds had become part of the servants' daily routine.","However, ever since the time Natsuhi had condemned such an attitude as being careless, the nighttime rounds had become part of the servants' daily routine. "," However, since Natsuhi had scolded that this was careless, the nighttime rounds had become part of the servants' daily routine.",しかし、夏妃がそれを無用心だと咎めて以来、夜回りは使用人たちの日課に組み込まれた。,しかし、夏妃がそれを無用心だと咎めて以来、夜回りは使用人たちの日課に組み込まれた。,"Но поскольку Нацухи ругалась, что не придавать значения окнам и дверям слишком беспечно, ночные обходы стали частью распорядка прислуги.","Entretanto, como Natsuhi sempre os repreendia, dizendo que isso era muito descaso, as rondas noturnas se tornaram parte da rotina dos serviçais.",可是，自从夏妃斥责了“这样太不小心了”后，巡夜就被加进了佣人们的每日工作表。,可是，自從夏妃斥責了“這樣太不小心了”後，巡夜就被加進了傭人們的每日工作表。,"Tuttavia, da quando Natsuhi aveva ributtato che non farlo era imprudente, i controlli notturni erano diventati parte della routine giornaliera dei domestici.","However, ever since Natsuhi had scolded them saying that this was careless, the nighttime rounds had become part of the servants' daily routine.","Sin embargo, como Natsuhi había sermoneado que eso era descuidado, las rondas nocturnas se habían convertido en parte de la rutina diaria de los sirvientes.",ﻭﻟﻜﻦ، ﻣﻨﺬ ﺃﻥ ﻭﺑﺨﺘﻬﻢ ﻧﺎﺗﺴﻮﻫﻲ ﻋﻠﻰ ﺫﻟﻚ ﺑﺎﻋﺘﺒﺎﺭﻩ ﺇﻫﻤﺎﻻً، ﺃﺻﺒﺤﺖ ﺟﻮﻟﺔ ﺍﻟﺘّﻔﻘﺪ ﺍﻟﻠﻴﻠﻴﺔ ﻣﻦ ﺭﺗﺎﺋﺐ ﺍﻟﺨﺪﻡ ﺍﻟﻴﻮﻣﻴﺔ.,"However, ever since Natsuhi had scolded them saying that this was careless, the nighttime rounds had become part of the servants' daily routine.","However, ever since Natsuhi had scolded them saying that this was careless, the nighttime rounds had become part of the servants' daily routine.","However, ever since Natsuhi had scolded them saying that this was careless, the nighttime rounds had become part of the servants' daily routine."
,......The reason that Natsuhi had ordered this was the occasional disturbances of the witch.,"...In the first place, Natsuhi had ordered this because of the occasional witch disturbances. ","......The reason that Natsuhi had ordered this was the occasional disturbances of the witch.",……そもそも、夏妃が夜回りを命じたのは、時折起こった、魔女騒動のせいだった。,……そもそも、夏妃が夜回りを命じたのは、時折起こった、魔女騒動のせいだった。,"......Причина, по которой Нацухи приказала так делать, заключалась в случающихся время от времени проказах ведьмы.",......O motivo pelo qual Natsuhi ordenou isso é devido às ocasionais agitações sobre a bruxa.,……不过归根结底，夏妃之所以会命令他们去巡夜，都是因为那时发生的魔女骚动。,……不過歸根結底，夏妃之所以會命令他們去巡夜，都是因為那時發生的魔女騷動。,... Il motivo che aveva spinto Natsuhi a dare quest'ordine era da trovarsi nei disordini causati dalla strega di tanto in tanto.,......The reason that Natsuhi had ordered this was the occasional disturbances of the witch.,... La razón por la cual Natsuhi ordenó esto eran los ocasionales incidentes de la bruja.,...ﻓﻲ ﺍﻷﺻﻞ، ﺃﻣﺮﺕ ﻧﺎﺗﺴﻮﻫﻲ ﺑﻬﺬﺍ ﺗﺒﻌًﺎ ﻟﻠﺸﺎﺋﻌﺎﺕ ﺍﻟﻤﻘﻠﻘﺔ ﻣﻦ ﺣﻴﻦٍ ﻵﺧﺮ ﻋﻦ ﻭﺟﻮﺩ ﺳﺎﺣﺮﺓ.,......The reason that Natsuhi had ordered this was the occasional disturbances of the witch.,......The reason that Natsuhi had ordered this was the occasional disturbances of the witch.,......The reason that Natsuhi had ordered this was the occasional disturbances of the witch.
,"Everyone who visited this island knew about the legend of {f:5:Beatrice}, the witch of the forest. This had become established as this island's characteristic ghost story.","Everyone who came and left this island knew about the legend of {f:5:Beatrice}, the witch of the forest. It had become established as this island's characteristic ghost story. "," Everyone who came and left this island knew about the legend of Beatrice, the witch of the forest. This had become established as this island's characteristic ghost story.",この島に出入りする者なら誰もが知る、森の魔女ベアトリーチェの伝説。それはこの島独自の怪談として根付いていた。,この島に出入りする者なら誰もが知る、森の魔女ベアトリーチェの伝説。それはこの島独自の怪談として根付いていた。,"Прибывающие на остров и покидающие его люди знали легенду о {f:5:Беатриче} — ведьме из леса. Она стала историей про привидения, присущей этому острову.","Todos que visitam a ilha sabem sobre a lenda da bruxa da floresta, {f:5:Beatrice}. Isso se estabeleceu como uma história de fantasmas característica da ilha.",出入此岛之人人尽皆知的，森林魔女贝阿朵莉切的传说，是在这座岛上扎下了根的，此地独有的怪谈。,出入此島之人人盡皆知的，森林魔女貝阿朵莉切的傳說，是在這座島上扎下了根的，此地獨有的怪談。,"Tutti coloro che giungevano e lasciavano quest'isola sapevano della leggenda di Beatrice, la strega della foresta. Quest'ultima si era assicurata il ruolo di tipica storia di fantasmi per quest'isola.","Everyone who visited this island knew about the legend of {f:5:Beatrice}, the witch of the forest. This had become established as this island's characteristic ghost story.","Todos los que venían y dejaban esta isla sabían de la leyenda de la bruja del bosque, {f:5:Beatrice}. Esta se había convertido en la historia de fantasmas característica de la isla.",ﻛﻞ ﻣﻦ ﺯﺍﺭ ﻫﺬﻩ ﺍﻟﺠﺰﻳﺮﺓ ﻛﺎﻥ ﻳﻌﺮﻑ ﻋﻦ ﺃﺳﻄﻮﺭﺓ {f:7:ﺑﻴﺎﺗﺮﻳﺲ}، ﺳﺎﺣﺮﺓ ﺍﻟﻐﺎﺑﺔ. ﻓﻘﺪ ﺃﺻﺒﺢ ﻫﺬﺍ ﺭﺍﺳﺨًﺎ ﻛﻘﺼﺔ ﺃﺷﺒﺎﺡ ﻣﻤﻴﺰﺓ ﻟﻬﺬﻩ ﺍﻟﺠﺰﻳﺮﺓ..,"Everyone who visited this island knew about the legend of {f:5:Beatrice}, the witch of the forest. This had become established as this island's characteristic ghost story.","Everyone who visited this island knew about the legend of {f:5:Beatrice}, the witch of the forest. This had become established as this island's characteristic ghost story.","Everyone who visited this island knew about the legend of {f:5:Beatrice}, the witch of the forest. This had become established as this island's characteristic ghost story."
,"Because of that, it was only natural that some people would occasionally say that, when they thought they were alone in the mansion, ...they had heard strange sounds, or seen the shadow of a person.","Because of that, it was only natural that some people would claim that, when they thought they were alone in the mansion, ...they would hear a strange sound or see the shadow of a person. "," Because of that, it was only natural that some people would say that, when they thought they were alone in the mansion..., they would hear a strange sound or see the shadow of a person.",だから時折、誰もいないはずの屋敷内に、不気味な音や人影が…、というような話は、自然と起こったものだった。,だから時折、誰もいないはずの屋敷内に、不気味な音や人影が…、というような話は、自然と起こったものだった。,"Поэтому не было ничего удивительного, что некоторые люди начинали рассказывать, как когда им казалось, что они были одни в особняке... Им слышался странный звук или они видели тень какого‐то человека.","Por causa disso, era natural que algumas pessoas ocasionalmente dissessem que, quando elas pensavam estar sozinhas na mansão, ...elas ouviam sons estranhos ou viam a sombra de uma pessoa.",所以，偶尔会自然地冒出些，在大屋内理应无人之处，有令人毛骨悚然的声音、人影之类的骚动的。,所以，偶爾會自然地冒出些，在大屋內理應無人之處，有令人毛骨悚然的聲音、人影之類的騷動的。,"In tali circostanze, era naturale che alcuni credessero, pensando di essere da soli nella villa... di sentire uno strano rumore o di vedere l'ombra di una persona.","Because of that, it was only natural that some people would occasionally say that, when they thought they were alone in the mansion, ...they had heard strange sounds, or seen the shadow of a person.","Por esa razón, era natural que algunas personas dijesen que, cuando pensaban que estaban a solas en la mansión... escuchaban un extraño sonido o veían la sombra de una persona.",ﻭﻟﻬﺬﺍ، ﻟﻢ ﻳﻜﻦ ﻏﺮﻳﺒًﺎ ﺃﻥ ﺗُﺮﻭﻯ ﻗﺼﺺ ﻋﻦ ﺃﺻﻮﺍﺕ ﺃﻭ ﻇﻼﻝ ﻏﺎﻣﻀﺔ ﻓﻲ ﻗﺼﺮ ﻳُﻔﺘﺮﺽ ﺃﻧﻪ ﺧﺎﻝٍ ﺗﻤﺎﻣًﺎ. ...ﻟﻜﻦ ﻓﻲ ﺑﻌﺾ ﺍﻷﺣﻴﺎﻥ،,"Because of that, it was only natural that some people would occasionally say that, when they thought they were alone in the mansion, ...they had heard strange sounds, or seen the shadow of a person.","Because of that, it was only natural that some people would occasionally say that, when they thought they were alone in the mansion, ...they had heard strange sounds, or seen the shadow of a person.","Because of that, it was only natural that some people would occasionally say that, when they thought they were alone in the mansion, ...they had heard strange sounds, or seen the shadow of a person."
,"However, when that had created a little too big of a disturbance and reached Natsuhi's ears, she had made a fuss, thinking that some suspicious person might have been coming in and out.","However, when that created a little too much of a disturbance and reached Natsuhi's ears, she made a fuss, thinking that some suspicious person might have been entering and leaving. "," However, when that had created a little too big of a disturbance and reached Natsuhi's ears, she had made a fuss, thinking that some suspicious person might have been entering and leaving.",しかし、それが少々騒ぎを大きくし過ぎて夏妃の耳にも届き、不審者が出入りしているのではないかと騒がれたのだ。,しかし、それが少々騒ぎを大きくし過ぎて夏妃の耳にも届き、不審者が出入りしているのではないかと騒がれたのだ。,"Однако когда эти проказы достигли определённого уровня и дошли до ушей Нацухи, та подняла шум, полагая, что некая подозрительная личность заходила в особняк, а затем покидала его.","Porém, quando isto criou uma pequena, mais ainda assim grande, agitação e chegou aos ouvidos de Natsuhi, ela fez um rebuliço, pensando que alguma pessoa suspeita poderia estar indo e vindo a todo momento.",不过，这稍微有点闹得太大了，传到了夏妃耳中，惊扰了她，使她疑心是不是有可疑之人在进出大屋。,不過，這稍微有點鬧得太大了，傳到了夏妃耳中，驚擾了她，使她疑心是不是有可疑之人在進出大屋。,"Ma quando tutto ciò si era trasformato in uno scompiglio un po' troppo esagerato e aveva raggiunto le orecchie di Natsuhi, lei aveva scatenato il finimondo, pensando che qualche persona sospetta si stesse introducendo nella villa a proprio piacimento.","However, when that had created a little too big of a disturbance and reached Natsuhi's ears, she had made a fuss, thinking that some suspicious person might have been coming in and out.","Sin embargo, cuando eso creó un alboroto lo suficientemente grande y llegó a oídos de Natsuhi, ella hizo un escándalo, pensando que alguna persona sospechosa podría haber estado entrando y saliendo de la mansión.",ﻛﺎﻧﺖ ﻫﺬﻩ ﺍﻟﻘﺼﺺ ﺗﺸﺎﻉُ ﻛﺜﻴﺮًﺍ ﻭﺗﺘﻀﺨﻢ، ﺣﺘﻰ ﺗﺼﻞ ﺇﻟﻰ ﺃﺫﻥ ﻧﺎﺗﺴﻮﻫﻲ، ﻓﺘﻈﻦ ﺃﻥ ﻫﻨﺎﻙ ﻏﺮﺑﺎﺀ ﺗﺴﻠﻠﻮﺍ ﺇﻟﻰ ﺍﻟﻘﺼﺮ.,"However, when that had created a little too big of a disturbance and reached Natsuhi's ears, she had made a fuss, thinking that some suspicious person might have been coming in and out.","However, when that had created a little too big of a disturbance and reached Natsuhi's ears, she had made a fuss, thinking that some suspicious person might have been coming in and out.","However, when that had created a little too big of a disturbance and reached Natsuhi's ears, she had made a fuss, thinking that some suspicious person might have been coming in and out."
,"Apparently, it was said that she had roused all of the servants and had them check throughout the mansion.","Apparently, she had roused all the servants and had them check throughout the mansion. "," Anyway, it was said that she had roused all of the servants and had them check throughout the mansion.",何でも、使用人全員を叩き起こして、屋敷中を確認させるという大騒ぎもあったという。,何でも、使用人全員を叩き起こして、屋敷中を確認させるという大騒ぎもあったという。,"В общем, поговаривали, что она собрала всю прислугу и велела им прочесать особняк.","Aparentemente, foi dito que ela acordou todos os serviçais e fez eles irem vasculhar a mansão.",据说，曾经甚至发生过她把所有佣人都叫醒，命令他们去搜查大屋的大乱子。,據說，曾經甚至發生過她把所有傭人都叫醒，命令他們去搜查大屋的大亂子。,"Ad ogni modo, si raccontava che avesse svegliato tutti i domestici e che li avesse costretti a controllare ogni angolo della villa.","Apparently, it was said that she had roused all of the servants and had them check throughout the mansion.","De cualquier manera, se decía que ella había ordenado a todos los sirvientes que revisaran la mansión.",ﻟﺪﺭﺟﺔ ﺃﻧﻬﺎ ﻓﻲ ﺇﺣﺪﻯ ﺍﻟﻤﺮﺍﺕ ﺃﻳﻘﻈﺖ ﺟﻤﻴﻊ ﺍﻟﺨﺪﻡ، ﻭﺃﻣﺮﺕ ﺑﺘﻔﺘﻴﺶ ﺍﻟﻘﺼﺮ ﺑﺄﻛﻤﻠﻪ!,"Apparently, it was said that she had roused all of the servants and had them check throughout the mansion.","Apparently, it was said that she had roused all of the servants and had them check throughout the mansion.","Apparently, it was said that she had roused all of the servants and had them check throughout the mansion."
,"Because all of this uproar over the witch had happened before Gohda had come, he had only heard about it from the more senior servants.","Because all of that panic over the witch had happened before Gohda's arrival, he had only heard about it from the more senior servants. "," Because all of this uproar over the witch had happened before Gohda had come, he had only heard about it from the more senior servants.",これらの魔女騒ぎについては、何れも郷田がやって来る前のことなので、郷田は古参の使用人たちから聞かされただけだ。,これらの魔女騒ぎについては、何れも郷田がやって来る前のことなので、郷田は古参の使用人たちから聞かされただけだ。,"Поскольку вся эта шумиха произошла до поступления Годы на службу, он слышал об этом лишь от слуг постарше.","Por causa de todo o tumulto sobre a bruxa ter ocorrido antes de Gohda chegar, ele apenas ouviu isso dos serviçais mais experientes.",这些关于魔女的骚动，全都发生在乡田来这里工作之前，所以乡田只是从老一辈佣人口中听说过而已。,這些關於魔女的騷動，全都發生在鄉田來這裡工作之前，所以鄉田只是從老一輩傭人口中聽說過而已。,"Siccome tutto questo tumulto per la strega era accaduto prima dell'arrivo di Gohda, lui ne aveva solo sentito parlare dai domestici che erano lì da molto più tempo.","Because all of this uproar over the witch had happened before Gohda had come, he had only heard about it from the more senior servants.","Ya que todo el escándalo respecto a la bruja había pasado antes de que Gohda llegase, él había escuchado de ello de los sirvientes más antiguos.",ﺑﻤﺎ ﺃﻥ ﻛﻞ ﻫﺬﻩ ﺍﻟﻀﺠﺔ ﺣﻮﻝ ﺍﻟﺴﺎﺣﺮﺓ ﺣﺪﺛﺖ ﻗﺒﻞ ﻗﺪﻭﻡ ﻗﻮﺩﺍ، ﻓﻘﺪ ﺳﻤﻊ ﻋﻨﻬﺎ ﻓﻘﻂ ﻣﻦ ﺍﻟﺨﺪﻡ ﺍﻷﻛﺜﺮ ﺃﻗﺪﻣﻴﺔ.,"Because all of this uproar over the witch had happened before Gohda had come, he had only heard about it from the more senior servants.","Because all of this uproar over the witch had happened before Gohda had come, he had only heard about it from the more senior servants.","Because all of this uproar over the witch had happened before Gohda had come, he had only heard about it from the more senior servants."
,"Ghost stories like that could be found in any workplace. Even at the hotel Gohda had once worked at, and at the restaurant, there was never a shortage of those types of story.","Ghost stories like that could be found in any workplace. Even at the hotels and restaurants Gohda had worked at, there had been plenty of them. "," Ghost stories like that could be found in any workplace. They hadn't even been lacking at the hotel or the restaurant Gohda had worked at.",この手の怪談はどこの職場にもある。かつて郷田が勤めていたホテルにだって、レストランにだって、その手の怪談は事欠かなかったものだ。,この手の怪談はどこの職場にもある。かつて郷田が勤めていたホテルにだって、レストランにだって、その手の怪談は事欠かなかったものだ。,"Такие истории о привидениях можно услышать на любом месте работы. Их даже с лихвой хватало в отеле, в ресторане которого Года работал.","Histórias de fantasmas como essas podem ser encontradas em qualquer lugar de trabalho. Mesmo no hotel que Gohda havia trabalhado, e também no restaurante, nunca faltou histórias desse tipo.",这类怪谈，是无论去哪里工作都会碰见的。乡田以前工作过的酒店、西餐厅，也都未曾少过此类怪谈。,這類怪談，是無論去哪裡工作都會碰見的。鄉田以前工作過的酒店、西餐廳，也都未曾少過此類怪談。,Storie di fantasmi come quella si ritrovavano in ogni posto di lavoro. Non erano mancate nemmeno all'hotel o al ristorante in cui Gohda aveva lavorato.,"Ghost stories like that could be found in any workplace. Even at the hotel Gohda had once worked at, and at the restaurant, there was never a shortage of those types of story.","Historias de fantasmas como esa podían ser encontradas en cualquier lugar de trabajo. Incluso en el hotel y en el restaurante en los que Gohda había trabajado una vez, nunca faltaron ese tipo de historias.",ﻗﺼﺺ ﺍﻷﺷﺒﺎﺡ ﻛﻬﺬﻩ ﻳﻤﻜﻦ ﺳﻤﺎﻋﻬﺎ ﻓﻲ ﺃﻱ ﻣﻜﺎﻥ ﻋﻤﻞ. ﺣﺘﻰ ﻓﻲ ﺍﻟﻤﻄﺎﻋﻢ ﻭﺍﻟﻔﻨﺎﺩﻕ ﺍﻟﺘﻲ ﺳﺒﻖ ﻟﻘﻮﺩﺍ ﺍﻟﻌﻤﻞ ﻓﻴﻬﺎ، ﻓﻘﺪ ﺷﺎﻉ ﻓﻴﻬﺎ ﺍﻟﻜﺜﻴﺮ ﻣﻦ ﺗﻠﻚ ﺍﻟﻘﺼﺺ.,"Ghost stories like that could be found in any workplace. Even at the hotel Gohda had once worked at, and at the restaurant, there was never a shortage of those types of story.","Ghost stories like that could be found in any workplace. Even at the hotel Gohda had once worked at, and at the restaurant, there was never a shortage of those types of story.","Ghost stories like that could be found in any workplace. Even at the hotel Gohda had once worked at, and at the restaurant, there was never a shortage of those types of story."
,"So when he heard that story on this island, he smiled bitterly, thinking ""ah, so they have that kind of thing here after all"".","So when he heard about that story on this island, he'd given a forced smile, thinking ""Ah, so they have that kind of thing here after all"". "," So when he had heard that story on this island, he had smiled bitterly, thinking 'ah, so they have that kind of thing here after all'.",だから、この島でその話を聞かされた時、あぁここにもやっぱりそういうものがあるんだなと苦笑したものだ。,だから、この島でその話を聞かされた時、あぁここにもやっぱりそういうものがあるんだなと苦笑したものだ。,"Так что когда он услышал историю на этом острове, он лишь едко улыбнулся, думая: ""А‐а, и даже здесь такие вещи есть"".","Por isso, quando ele ouviu a história da ilha, Gohda sorriu amargamente, pensando ""ah, então aqui também tem esse tipo de história?"".",所以，当他在这个岛上听到这个故事时，他想着“啊——这儿果然也有这些啊”，露出了苦笑。,所以，當他在這個島上聽到這個故事時，他想著“啊——這兒果然也有這些啊”，露出了苦笑。,"Così quando aveva sentito quella storia su quest'isola, aveva sorriso con amarezza, pensando ‘ah, e così hanno una cosa del genere anche qui’.","So when he heard that story on this island, he smiled bitterly, thinking ""ah, so they have that kind of thing here after all"".","Así que cuando él escuchó esa historia en esta isla, sonrió amargamente, pensando ""ah, así que tienen esa clase de cosas por aquí después de todo"".","ﻟﺬﺍ ﺣﻴﻦ ﺳﻤﻊ ﺑﻘﺼﺔ ﺳﺎﺣﺮﺓ ﺭﻭﻛﻴﻨﺠﻴﻤﺎ، ﺍﺑﺘﺴﻢ ﺳﺎﺧﺮًﺍ ﻛﻤﻦ ﻳﻘﻮﻝ: ""ﻫﺎﻩ، ﺣﺘﻰ ﻫﻨﺎ ﻟﺪﻳﻬﻢ ﺧﺮﺍﻓﺎﺗﻬﻢ.""","So when he heard that story on this island, he smiled bitterly, thinking ""ah, so they have that kind of thing here after all"".","So when he heard that story on this island, he smiled bitterly, thinking ""ah, so they have that kind of thing here after all"".","So when he heard that story on this island, he smiled bitterly, thinking ""ah, so they have that kind of thing here after all""."
,"He smiled bitterly, but he thought when in Rome, do as the Romans do, and had not slighted that.","That forced smile aside, he had figured that, when in Rome, do as the Romans do, and had taken it seriously. "," He had smiled bitterly, but he had thought when in Rome, do as the Romans do, and had not slighted that.",苦笑はするが、それを蔑ろにしないのが、郷に入りては郷に従えというもの。,苦笑はするが、それを蔑ろにしないのが、郷に入りては郷に従えというもの。,"Но, хоть улыбка его была и едка, он считал, что в чужой монастырь со своим уставом не лезут, и не стал относиться к этому небрежно.","Ele sorriu amargamente, mas pensou que em Roma, deve se fazer como os romanos, e não desprezou isto.",苦笑归苦笑，不去轻视这一点，即正是所谓的入乡随俗。,苦笑歸苦笑，不去輕視這一點，即正是所謂的入鄉隨俗。,"Aveva sorriso con amarezza, ma si era detto paese che vai, usanze che trovi, e non se n'era dimenticato.","He smiled bitterly, but he thought when in Rome, do as the Romans do, and had not slighted that.","Él había sonreído amargamente, pero pensaba ‘en Roma, haz como los Romanos’, y no se había molestado por eso.","ﻭﺑﻐﺾ ﺍﻟﻨﻈﺮ ﻋﻦ ﺳﺨﺮﻳﺘﻪ ﺗﻠﻚ، ﻓﺈﻥ ﻗﻮﺩﺍ ﻟﺪﻳﻪ ﻣﻌﺘﻘﺪ، ""ﻋِﻨﺪﻣﺎ ﺗﻜﻮﻥ ﻓﻲ ﺭﻭﻣﺎ ﻓﻌﻠﻴﻚ ﺍﻟﻌﻴﺶ ﻛﻤﺎ ﻳﻔﻌﻞ ﺃﻫْﻠﻬﺎ""،","He smiled bitterly, but he thought when in Rome, do as the Romans do, and had not slighted that.","He smiled bitterly, but he thought when in Rome, do as the Romans do, and had not slighted that.","He smiled bitterly, but he thought when in Rome, do as the Romans do, and had not slighted that."
,"Gohda went along with it on the outside, but in his heart he thought it was a childish trick. ......At first.","Gohda went along with it on the outside, but in his heart, he'd assumed it to be a childish trick. ...At first, that is. "," Gohda went along with it on the outside, but in his heart he had thought it was a childish trick. ......At first.",郷田も上辺は合わせたが、内心は子供だましだと思っていたものだ。……最初は。,郷田も上辺は合わせたが、内心は子供だましだと思っていたものだ。……最初は。,"Так Года внешне шёл у этого на поводу, но про себя считал эти истории детскими розыгрышами. ......Поначалу.","Gohda aparentava estar bem por fora, mas em seu coração ele pensava ser uma brincadeira infantil. ......No primeiro momento.",所以，乡田虽然表面上同意，但内心却觉得，那只是骗小孩罢了。……刚开始是这么想的。,所以，鄉田雖然表面上同意，但內心卻覺得，那只是騙小孩罷了。……剛開始是這麼想的。,"Intorno agli altri Gohda fingeva di crederci, ma nel suo cuore considerava la cosa un giochetto infantile. ... All'inizio.","Gohda went along with it on the outside, but in his heart he thought it was a childish trick. ......At first.","Gohda les siguió la corriente por fuera, pero por dentro pensaba que solo se trataba de alguna broma infantil... Hasta ahora.",ﻓﺄﻇﻬﺮ ﺍﻻﺣﺘﺮﺍﻡ، ﻟﻜﻨﻪ ﺩﺍﺧﻠﻴًﺎ ﺍﻋﺘﺒﺮ ﺍﻷﻣﺮ ﻫﺮﺍﺀ ﺃﻃﻔﺎﻝ. ...ﻭﻟﻮ ﻓﻲ ﺍﻟﺒﺪﺍﻳﺔ ﻋﻠﻰ ﺍﻷﻗﻞ.,"Gohda went along with it on the outside, but in his heart he thought it was a childish trick. ......At first.","Gohda went along with it on the outside, but in his heart he thought it was a childish trick. ......At first.","Gohda went along with it on the outside, but in his heart he thought it was a childish trick. ......At first."
Gohda Toshiro,"""............This certainly is eerie. I see, I understand why the servants got in an uproar over this in the past.""","""......This certainly is eerie. Yes, I can see why it was so easy for past servants to get into a panic."" ","""............This certainly is eerie. I see, I understand why servants got in an uproar over this in the past.""",「…………これは確かに不気味ですね。なるほど、過去の使用人たちが、色々と騒ぎたくなる気持ちもわかるものです。」,「…………これは確かに不気味ですね。なるほど、過去の使用人たちが、色々と騒ぎたくなる気持ちもわかるものです」,"""............Да уж, определённо жутковато. Ясно, теперь я понимаю, почему слуги в прошлом устраивали из‐за этого гам.""","""............Isso é realmente é agourento. Eu entendo o motivo dos serviçais terem feito um alvoroço sobre isso no passado.""",「…………这倒确实令人毛骨悚然呢。原来如此，咱也算是明白，以前佣人们这呀那呀地闹起来的心情了。」,「…………這倒確實令人毛骨悚然呢。原來如此，咱也算是明白，以前傭人們這呀那呀地鬧起來的心情了。」,"""... L'atmosfera è certamente surreale. Ora capisco perché i domestici abbiano fatto tanto rumore per quella storia in passato.""","""............This certainly is eerie. I see, I understand why the servants got in an uproar over this in the past.""","""... Esto es ciertamente misterioso. Ya veo, entiendo por qué los sirvientes se alborotaron por esto en el pasado.""","""....ﻛﻢ ﻫﺬﺍ ﻏﺮﻳﺐ. ﻓﻬﻤﺖ ﺍﻵﻥ ﻟﻤﺎﺫﺍ ﺃﺭﺍﺩ ﻣﻦ ﺳﺒﻘﻨﻲ ﻣﻦ ﺍﻟﺨﺪﻡ ﺍﻟﺘﻬﻮﻳﻞ ﻓﻲ ﻫﺬﻩ ﺍﻟﻘﺼﺺ.""","""............This certainly is eerie. I see, I understand why the servants got in an uproar over this in the past.""","""............This certainly is eerie. I see, I understand why the servants got in an uproar over this in the past.""","""............This certainly is eerie. I see, I understand why the servants got in an uproar over this in the past."""
,"He could understand that if someone, doing the rounds on an eerie night like this, saw a lace curtain waving in the breeze from a window which hadn't been closed, they might be tempted to believe they had seen a ghost.",He could understand how someone doing the rounds on an eerie night like this... might believe they'd seen a ghost if they saw a lace curtain waving in the breeze from a window that hadn't been closed. ,"He could understand how someone doing the rounds on an eerie night like this might believe they had seen a ghost if they saw a lace curtain waving in the breeze from a window which hadn't been closed.",こんな不気味な夜の夜回りで、もしも閉め忘れた窓から入るそよ風がレースのカーテンを揺らしたなら、幽霊を見たと信じたくなる気持ちを充分に理解できた。,こんな不気味な夜の夜回りで、もしも閉め忘れた窓から入るそよ風がレースのカーテンを揺らしたなら、幽霊を見たと信じたくなる気持ちを充分に理解できた。,"Он мог понять, как кто‐то, совершая обход в эту жутковатую ночь и чувствуя, что ему не по себе, мог поверить, что увидел приведение, увидев кружевную занавеску, покачивающуюся из‐за проникающего через незапертое окно ветра.","Ele podia entender que se alguém, fazendo rondas noturnas em uma noite misteriosa como esta, visse uma cortina balançando com a brisa da janela que não havia sido fechada, ela poderia ser tentada a acreditar que tinha visto um fantasma.",在这样阴森的夜晚巡夜，咱是充分理解，若是花边窗帘被忘关的窗户外吹进的微风摇动，就会以为自己看到幽灵了的感受了。,在這樣陰森的夜晚巡夜，咱是充分理解，若是花邊窗簾被忘關的窗戶外吹進的微風搖動，就會以為自己看到幽靈了的感受了。,Poteva comprendere perché qualcuno impegnato nella ronda notturna come lui in questo momento potesse credere di aver scorto un fantasma vedendo una tenda di pizzo che ondeggiava nella brezza perché una finestra non era stata chiusa.,"He could understand that if someone, doing the rounds on an eerie night like this, saw a lace curtain waving in the breeze from a window which hadn't been closed, they might be tempted to believe they had seen a ghost.","Él podía entender cómo alguien haciendo sus rondas en una noche misteriosa como esta, podría creer que había visto un fantasma si veía una cortina de encajes ondeándose con la brisa de una ventana que no había sido cerrada. Ciertamente sería natural pensar eso.",ﻓﻬﻢ ﻗﻮﺩﺍ ﻣﻌﻨﻰ ﺃﻥ ﻳﻘﻮﻡ ﺷﺨﺺ ﺑﺠﻮﻟﺔ ﺗﻔﻘﺪﻳﺔ ﻓﻲ ﻟﻴﻠﺔ ﻏﺮﻳﺒﺔ ﻛﻬﺬﻩ، ﻷﻧﻪ ﻗﺪ ﻳﺼﺪﻕ ﻭﺟﻮﺩ ﺷﺒﺢ ﺇﺫﺍ ﻣﺎ ﺭﺃﻯ ﺍﻟﺴﺘﺎﺋﺮ ﺗﺘﺮﻧﺢ ﺇﺛْﺮ ﻫﻮﺍﺀ ﻣﻨﺒﻌﺚ ﻣﻦ ﻧﺎﻓﺬﺓ ﻣﻔﺘﻮﺣﺔ. ﻓﻤﻦ ﺍﻟﻄﺒﻴﻌﻲ ﺃﻥ ﻳﺘﻮﻫﻢ ﺍﻟﻤﺮﺀ ﺭﺅﻳﺔ ﻭﺍﺣﺪ.,"He could understand that if someone, doing the rounds on an eerie night like this, saw a lace curtain waving in the breeze from a window which hadn't been closed, they might be tempted to believe they had seen a ghost.","He could understand that if someone, doing the rounds on an eerie night like this, saw a lace curtain waving in the breeze from a window which hadn't been closed, they might be tempted to believe they had seen a ghost.","He could understand that if someone, doing the rounds on an eerie night like this, saw a lace curtain waving in the breeze from a window which hadn't been closed, they might be tempted to believe they had seen a ghost."
Gohda Toshiro,"""So there's a curse if you make fun of the witch of the portrait, huh. ......Seems like there were servants who got hurt really bad and quit, too. ...I'd hate to be injured. I'm already this old. Doubt I'll ever be blessed with a workplace this hospitable again... Aaah. Great witch of the portrait. I'm really gonna work hard here, so please go easy on me.""","""So, if you make fun of the witch of the portrait, there is a curse. ...It seems there was even a servant who received a serious injury and quit. ...Well, I wouldn't want that. Think of my age. I probably wouldn't be granted a workplace this hospitable again... Aaah. Witch of the portrait, I'm working sincerely, so please give me some peace."" ","""So, if you make fun of the witch of the portrait, there is a curse. ......It seems that there was even a servant who received a serious injury and quit. ...I'd hate to be injured. I am already this old. I probably wouldn't be granted a workplace this hospitable again... Aaah. Witch of the portrait. I'm working sincerely, so please give me some peace.""",「肖像画の魔女を馬鹿にすると、祟りがあるか。……大怪我をして辞めた使用人もいるらしいし。…怪我は勘弁だなぁ。俺もこの歳だ。二度とこんな厚遇の職場にゃ恵まれねぇだろうよ…。あー。肖像画の魔女さま。真面目に働きますんで、ひとつ穏便に頼みます。」,「肖像画の魔女を馬鹿にすると、祟りがあるか。……大怪我をして辞めた使用人もいるらしいし。…怪我は勘弁だなぁ。俺もこの歳だ。二度とこんな厚遇の職場にゃ恵まれねぇだろうよ…。あー。肖像画の魔女さま。真面目に働きますんで、ひとつ穏便に頼みます」,"""Значит, если будешь насмехаться над ведьмой с портрета, то будешь проклят. ......Похоже, даже был слуга, получивший серьёзную травму и уволившийся. ...Не хотелось бы травмироваться. Я и так уже не молод. Мне вряд ли вновь удастся найти столь гостеприимное место работы, как эта... А‐а‐ах. Ведьма с портрета. Я искренне тружусь, так что дай мне немного покоя.""","""Por isso há uma maldição para caso você deboche da bruxa do retrato? ......Parece que tem serviçais que se feriram gravemente e deixaram o trabalho também. ...Eu odiaria me machucar. Já tenho uma certa idade. Duvido que eu seja abençoado com tanta hospitalidade em outro local de trabalho... Aaah. Grande bruxa do retrato. Eu vou trabalhar muito duro aqui, então pegue leve comigo, por favor.""",「小瞧肖像画上的魔女，就会遭到作祟啊。……好像还有过受重伤辞职的佣人呢。…受伤可受不了。咱都这岁数了。恐怕再也没机会碰上待遇这么好的工作了…。啊——。肖像画上的魔女夫人。鄙人有在认真工作，还请行个方便。」,「小瞧肖像畫上的魔女，就會遭到作祟啊。……好像還有過受重傷辭職的傭人呢。…受傷可受不了。咱都這歲數了。恐怕再也沒機會碰上待遇這麼好的工作了…。啊——。肖像畫上的魔女夫人。鄙人有在認真工作，還請行個方便。」,"""Dunque, se ti prendi gioco della strega del ritratto, c'è una maledizione. {n}Pare che ci sia stata addirittura una domestica che fu ferita gravemente e si licenziò. ... Detesterei restare ferito. Ho già una certa età. Probabilmente non riuscirei mai più a trovare un posto di lavoro così confortevole... Aaah. Strega del ritratto. Sto lavorando onestamente, quindi per favore lasciami in pace.""","""So there's a curse if you make fun of the witch of the portrait, huh. ......Seems like there were servants who got hurt really bad and quit, too. ...I'd hate to be injured. I'm already this old. Doubt I'll ever be blessed with a workplace this hospitable again... Aaah. Great witch of the portrait. I'm really gonna work hard here, so please go easy on me.""","""Así que hay una maldición si te burlas de la bruja del retrato... Parece que ha habido sirvientes que han tenido lesiones serias y han renunciado... Odiaría salir lastimado. Ya estoy tan viejo. Probablemente no encontraría un lugar de trabajo tan confortable como este de nuevo... Aaah. Gran bruja del retrato. Estoy trabajando honestamente, así que por favor deme algo de paz.""","""ﻳﻘﺎﻝُ، ﺇﻥ ﻫﺰﺋﺖَ ﺑﺴﺎﺣﺮﺓ ﺍﻟﻠﻮﺣﺔ، ﺳﺘﺤﻞُّ ﻋﻠﻴﻚ ﻟﻌﻨﺘﻬﺎ ﻫﻤﻢ. ......ﻳﺒﺪﻭ ﺃﻥ ﺧﺎﺩﻣًﺎ ﺃﺻﻴﺐ ﺫﺍﺕ ﻣﺮﺓ  ﺑﺠﺮﺍﺡ ﺧﻄﻴﺮﺓ ﺟﺮﺍﺀ ﺫﻟﻚ ﻭﺍﺳﺘﻘﺎﻝ. ... ﺣﺴﻨًﺎ، ﻻ ﺃﺭﻳﺪ ﺣﺪﻭﺙ ﻫﺬﺍ ﻟﻲ. ﺑﺎﻟﻨﻈﺮ ﺇﻟﻰ ﻋﻤﺮﻱ، ﻻ ﺃﻋﺘﻘﺪ ﺑﺄﻧﻲ ﺳﺄﺟﺪ ﻭﻇﻴﻔﺔ ﻣﺮﻣﻮﻗﺔ ﻛﻬﺬﻩ ﻣﺮﺓ ﺃﺧﺮﻯ... ﺁﺁﻩ. ﻳﺎ ﺳﺎﺣﺮﺓ ﺍﻟﻠﻮﺣﺔ. ﺳﺄﻋﻤﻞ ﺑﺈﺧﻼﺹ، ﻟﺬﺍ ﺃﺭﺟﻮﻙِ ﻛﻮﻧﻲ ﻟﻄﻴﻔﺔ ﻣﻌﻲ.""","""So there's a curse if you make fun of the witch of the portrait, huh. ......Seems like there were servants who got hurt really bad and quit, too. ...I'd hate to be injured. I'm already this old. Doubt I'll ever be blessed with a workplace this hospitable again... Aaah. Great witch of the portrait. I'm really gonna work hard here, so please go easy on me.""","""So there's a curse if you make fun of the witch of the portrait, huh. ......Seems like there were servants who got hurt really bad and quit, too. ...I'd hate to be injured. I'm already this old. Doubt I'll ever be blessed with a workplace this hospitable again... Aaah. Great witch of the portrait. I'm really gonna work hard here, so please go easy on me.""","""So there's a curse if you make fun of the witch of the portrait, huh. ......Seems like there were servants who got hurt really bad and quit, too. ...I'd hate to be injured. I'm already this old. Doubt I'll ever be blessed with a workplace this hospitable again... Aaah. Great witch of the portrait. I'm really gonna work hard here, so please go easy on me."""
,"Gohda prayed to the portrait, his hands together, as though he was at a Shinto shrine...","Gohda prayed to the portrait, his hands together, as though he was at a Shinto shrine... ","Gohda prayed to the portrait, his hands together, as though he was at a Shinto shrine...",郷田は神社でそうするように、肖像画に向かって手を合わせて拝む仕草をする…。,郷田は神社でそうするように、肖像画に向かって手を合わせて拝む仕草をする…。,"Года помолился портрету, сложив ладони вместе, словно находился перед синтоистской святыней...","Gohda orou em frente ao retrato, com suas mãos juntas, como se estivessem em um santuário xintoísta...",就像在神社里那样，乡田双手合一，向肖像画拜了起来…。,就像在神社裡那樣，鄉田雙手合一，向肖像畫拜了起來…。,"Gohda, le mani giunte, pregò il ritratto come se fosse stato in un tempio scintoista...","Gohda prayed to the portrait, his hands together, as though he was at a Shinto shrine...","Gohda le rezó al retrato, con sus manos juntas, como si estuviese en un altar Shinto...",ﺗﻀﺮﻉ ﻗﻮﺩﺍ ﻟﻠﻮﺣﺔ ﻭﻳﺪﺍﻩ ﻣﻀﻤﻮﻣﺘﺎﻥ، ﻭﻛﺄﻧﻪ ﺃﻣﺎﻡ ﺿﺮﻳﺢ ﺷﻨﺘﻮ...,"Gohda prayed to the portrait, his hands together, as though he was at a Shinto shrine...","Gohda prayed to the portrait, his hands together, as though he was at a Shinto shrine...","Gohda prayed to the portrait, his hands together, as though he was at a Shinto shrine..."
,"At that time, ...he thought he heard a sound.","At that time, ...he thought he heard a sound. "," At that time, ...he thought he heard a sound.",その時、…何か音が聞こえた気がした。,その時、…何か音が聞こえた気がした。,"И в этот момент... Ему показалось, что он услышал звук.","Naquele momento, ...ele pensou ter ouvido um som.",就在此时，…感觉听到了什么声音。,就在此時，…感覺聽到了什麼聲音。,In quel frangente... credette di aver sentito un rumore.,"At that time, ...he thought he heard a sound.",En ese momento... él pensó haber escuchado un sonido.,ﺣﻴﻨﻬﺎ...ﻇﻦّ ﺑﺄﻧﻪ ﺳﻤﻊ ﺷﻴﺌًﺎ.,"At that time, ...he thought he heard a sound.","At that time, ...he thought he heard a sound.","At that time, ...he thought he heard a sound."
,The kitchen? Was that the sound of something metal falling on the floor?,The kitchen? Was that the sound of something metal falling on the floor? ," The kitchen? Was that the sound of something metal falling on the floor? ",厨房？　金物か何かが床に落ちる音だったろうか。,厨房？　金物か何かが床に落ちる音だったろうか。,На кухне? Что‐то металлическое упало на пол?,A cozinha? Teria sido o som de algum objeto de metal caindo sobre o piso?,厨房？是什么金属制物品掉到了地板上吗？,廚房？是什麼金屬製物品掉到了地板上嗎？,La cucina? Era forse il rumore di un oggetto metallico che cadeva a terra?,The kitchen? Was that the sound of something metal falling on the floor?,¿La cocina? ¿Fue ese el sonido de algo metálico cayendo al suelo?,ﻣﻦ ﺍﻟﻤﻄﺒﺦ؟ ﻫﻞ ﺳﻘﻂ ﺷﻲﺀٌ ﻣﻌﺪﻧﻲ ﻋﻠﻰ ﺍﻷﺭﺽ؟,The kitchen? Was that the sound of something metal falling on the floor?,The kitchen? Was that the sound of something metal falling on the floor?,The kitchen? Was that the sound of something metal falling on the floor?
,"Surely a mouse or a cockroach hadn't come out, and knocked over some of the dishes... No, no, how could that be. It was routinely and thoroughly cleaned!","Maybe a mouse or a cockroach had come out and knocked over some of the dishes. No, no, how could that be? It was usually cleaned thoroughly! ","Maybe a mouse or a cockroach had come out, and knocked over some of the dishes. No, no, how could that be. It was normally thoroughly cleaned! ",まさかネズミかゴキブリでも出て、食器を落としたのだろうか。いやいやまさか。普段から清潔は徹底している！,まさかネズミかゴキブリでも出て、食器を落としたのだろうか。いやいやまさか。普段から清潔は徹底している！,"Должно быть, это вылезшая мышь или таракан опрокинул какое‐то из блюд. Нет, нет, как такое может быть. Её же обычно тщательно чистят!","Certamente um rato ou uma barata não apareceriam e derrubariam algum prato... Não, não poderia ser. Tudo era rotineiramente e completamente limpo!",难道是有老鼠、蟑螂，碰落了餐具？不不，怎么会呢。平时的清洁都做得很彻底！,難道是有老鼠、蟑螂，碰落了餐具？不不，怎麼會呢。平時的清潔都做得很徹底！,"Forse era venuto fuori un topo o uno scarafaggio, e aveva fatto cadere alcuni dei piatti. No, no, non era possibile. Di norma era tutto perfettamente pulito!","Surely a mouse or a cockroach hadn't come out, and knocked over some of the dishes... No, no, how could that be. It was routinely and thoroughly cleaned!","Tal vez un ratón o una cucaracha salió, y tumbó algunos de los platos... No, no, cómo puede ser eso. ¡Normalmente era limpiada a profundidad!",ﻫﻞ ﻳﻤﻜﻦ ﺃﻥ ﻳﻜﻮﻥ ﻓﺄﺭًﺍ ﺃﻭ ﺻﺮﺻﻮﺭًﺍ ﻗﺪ ﺗﺴﺒﺐ ﻓﻲ ﺫﻟﻚ؟ ﻣﺴﺘﺤﻴﻞ! ﻓﺎﻟﻨﻈﺎﻓﺔ ﺗُﺮﺍﻋﻰ ﺑﺪﻗﺔ!,"Surely a mouse or a cockroach hadn't come out, and knocked over some of the dishes... No, no, how could that be. It was routinely and thoroughly cleaned!","Surely a mouse or a cockroach hadn't come out, and knocked over some of the dishes... No, no, how could that be. It was routinely and thoroughly cleaned!","Surely a mouse or a cockroach hadn't come out, and knocked over some of the dishes... No, no, how could that be. It was routinely and thoroughly cleaned!"
,"Gohda thought that in any case he had better check what that noise had been, and entered the kitchen.","Thinking he'd check out what that noise really had been, Gohda entered the kitchen. ","Gohda thought he would check what that noise really had been and entered the kitchen.",郷田はとにかく音の正体を確かめようと厨房へ入った。,郷田はとにかく音の正体を確かめようと厨房へ入った。,"Решив проверить, что же вызвало этот звук, Года зашёл на кухню.","Gohda pensou que, de qualquer forma, era melhor ele ir conferir aquele barulho, e entrou na cozinha.",为了确认到底是什么声音，乡田进了厨房。,為了確認到底是什麼聲音，鄉田進了廚房。,Gohda pensò di controllare cosa fosse stato effettivamente a causare il rumore ed entrò in cucina.,"Gohda thought that in any case he had better check what that noise had been, and entered the kitchen.",Gohda pensó en revisar qué sonido había sido realmente y entró a la cocina.,ﺩﺧﻞ ﻗﻮﺩﺍ ﺇﻟﻰ ﺍﻟﻤﻄﺒﺦ ﻟﺘﻔﻘﺪ ﺳﺒﺐ ﺗﻠﻚ ﺍﻟﻀﻮﺿﺎﺀ...,"Gohda thought that in any case he had better check what that noise had been, and entered the kitchen.","Gohda thought that in any case he had better check what that noise had been, and entered the kitchen.","Gohda thought that in any case he had better check what that noise had been, and entered the kitchen."
,"He turned on the kitchen light.{n}......When he did, he heard a strange sound.","He turned on the kitchen light. When he did, he heard a strange sound. "," He turned on the kitchen light. When he did, he heard a strange sound.",厨房の明かりをつける。……すると不思議な音が聞こえた。,厨房の明かりをつける。{n}……すると不思議な音が聞こえた。,"Затем он включил свет.{n}Стоило ему это сделать, как он услышал странный звук.","Ele ligou as luzes da cozinha.{n}......Quando as ligou, ouviu um som estranho.",开了厨房的灯。{n}……紧接着，就听到了奇妙的声音。,開了廚房的燈。{n}……緊接著，就聽到了奇妙的聲音。,"Accese la luce della stanza. Quando lo fece, avvertì uno strano suono.","He turned on the kitchen light.{n}......When he did, he heard a strange sound.","Él encendió las luces de la cocina.{n}... Cuando lo hizo, escuchó un sonido extraño.",ﺛﻢ ﺃﺿﺎﺀ ﺍﻷﻧﻮﺍﺭ.{n}......ﻋﻨﺪﻫﺎ ﺳﻤﻊ ﺻﻮﺗًﺎ ﻏﺮﻳﺒًﺎ.,"He turned on the kitchen light.{n}......When he did, he heard a strange sound.","He turned on the kitchen light.{n}......When he did, he heard a strange sound.","He turned on the kitchen light.{n}......When he did, he heard a strange sound."
,Clankclankclankclankclankclank.,*clank*clank*clank*clank*clank*clank*. ,"*clank*clank*clank*clank*clank*clank*.",カタカタカタカタカタカタ。,カタカタカタカタカタカタ。,*бряц*бряц*бряц*бряц*бряц*бряц*.,Clankclankclankclankclankclank.,咔哒咔哒咔哒咔哒咔哒咔哒。,咔噠咔噠咔噠咔噠咔噠咔噠。,*clank*clank*clank*clank*clank*clank*.,Clankclankclankclankclankclank.,*clank*clank*clank*clank*clank*clank*.,*ﺧﺸﺨﺸﺔ*ﺧﺸﺨﺸﺔ*ﺧﺸﺨﺸﺔ*ﺧﺸﺨﺸﺔ*ﺧﺸﺨﺸﺔ*ﺧﺸﺨﺸﺔ*.,Clankclankclankclankclankclank.,Clankclankclankclankclankclank.,Clankclankclankclankclankclank.
,"......To a cook like Gohda, that sound seemed like the lid on the pressure cooker or something was shaking.","...To a cook like Gohda, the sound felt like the lid on a pressure cooker or something shaking. ","......To a cook like Gohda, that sound seemed like the lid on the pressure cooker or something was shaking.",……料理人である郷田は、その音が圧力鍋か何かが蓋を震わせる音のように感じた。,……料理人である郷田は、その音が圧力鍋か何かが蓋を震わせる音のように感じた。,"......Годе, будучи поваром, казалось, что это трясется крышка на скороварке или чём‐то подобном.","......Para um cozinheiro como Gohda, aquele som parecia vir da tampa em uma panela de pressão ou algo que estava tremendo.",……身为厨师的乡田觉得，这声音应该是压力锅或别的什么的盖子震动时发出的声音。,……身為廚師的鄉田覺得，這聲音應該是壓力鍋或別的什麼的蓋子震動時發出的聲音。,"... Ad un cuoco come Gohda, sembrò il rumore di un coperchio su di una pentola a pressione che tremava.","......To a cook like Gohda, that sound seemed like the lid on the pressure cooker or something was shaking.","... Para un cocinero como Gohda, ese sonido parecía como el de la tapa de una olla de presión o algo que estaba temblando.",...ﺑﺎﻟﻨﺴﺒﺔ ﻟﻄﺒﺎﺥٍ ﻣﺜﻞ ﻗﻮﺩﺍ، ﺑﺪﺍ ﺫﻟﻚ ﺍﻟﺼﻮﺕ ﻭﻛﺄﻥ ﻏﻄﺎﺀ ﻗﺪﺭ ﺍﻟﻀﻐﻂ ﺃﻭ ﺷﻲﺀٍ ﻣﺎ ﻛﺎﻥ ﻳﻬﺘﺰ.,"......To a cook like Gohda, that sound seemed like the lid on the pressure cooker or something was shaking.","......To a cook like Gohda, that sound seemed like the lid on the pressure cooker or something was shaking.","......To a cook like Gohda, that sound seemed like the lid on the pressure cooker or something was shaking."
,"Of course, it couldn't be in use when no one was in the kitchen.{n}If someone {i:had} been using the gas, what a dangerous thing to do, to just walk away from it.","Surely, there wouldn't be a pot on the burner when no one was in the kitchen. Even if someone was using the gas, walking away from it would be quite dangerous. "," Of course, it couldn't be in use when no one was in the kitchen. If someone was using the gas, walking away from it would be quite dangerous.",まさか、人のいない厨房で鍋をかけているわけもない。仮にガスを使っていたとして、その側を離れるなど、何と物騒な。,まさか、人のいない厨房で鍋をかけているわけもない。{n}仮にガスを使っていたとして、その側を離れるなど、何と物騒な。,"Но, разумеется, так как на кухне никого не было, то некому было воспользоваться ей.{n}Если кто‐то пользовался газом, то покинуть кухню было бы опасным поступком.","É claro, não estaria em uso quando não houvesse ninguém na cozinha.{n}Se alguém {i:estivesse} usando o fogão, o que seria algo perigoso a se fazer, seria melhor não se aproximar.",没人的厨房，怎么可能会有锅在煮东西。{n}就算有人用了煤气，那人不好好看着，也实在太危险了。,沒人的廚房，怎麼可能會有鍋在煮東西。{n}就算有人用了煤氣，那人不好好看著，也實在太危險了。,"Ovviamente, non poteva essercene una sul fuoco quando non c'era nessuno in cucina. Se qualcuno stava usando il gas, andarsene così sarebbe stato al quanto pericoloso.","Of course, it couldn't be in use when no one was in the kitchen.{n}If someone {i:had} been using the gas, what a dangerous thing to do, to just walk away from it.","Por supuesto, una olla no podía estar siendo usada cuando nadie estaba en la cocina.{n}Si alguien ha estado usando la cocina de gas, irse y dejarla descuidada sería peligroso.",ﺑﺎﻟﻄﺒﻊ، ﻻ ﻳﻤﻜﻦ ﺃﻥ ﻳﻜﻮﻥ ﻗﻴﺪ ﺍﻻﺳﺘﺨﺪﺍﻡ ﻋﻨﺪﻣﺎ ﻻ ﻳﻮﺟﺪ ﺃﺣﺪ ﻓﻲ ﺍﻟﻤﻄﺒﺦ.{n}ﺣﺘﻰ ﻟﻮ ﻛﺎﻥ ﺷﺨﺺٌ ﻣﺎ ﻳﺴﺘﺨﺪﻡ ﺍﻟﻐﺎﺯ، ﻓﺈﻥ ﻣﻦ ﺍﻟﺨﻄﺮ ﺍﻟﺸﺪﻳﺪ ﺗﺮﻛﻪ ﻭﺍﻟﺬﻫﺎﺏ ﺑﻌﻴﺪًﺍ ﻋﻨﻪ.,"Of course, it couldn't be in use when no one was in the kitchen.{n}If someone {i:had} been using the gas, what a dangerous thing to do, to just walk away from it.","Of course, it couldn't be in use when no one was in the kitchen.{n}If someone {i:had} been using the gas, what a dangerous thing to do, to just walk away from it.","Of course, it couldn't be in use when no one was in the kitchen.{n}If someone {i:had} been using the gas, what a dangerous thing to do, to just walk away from it."
,"...Just in case, Gohda decided to inspect the area around the gas range...","...Just in case, Gohda decided to inspect the area around the gas range... ","...Just in case, Gohda decided to inspect the area around the gas range...",…郷田は念のため、ガス台の回りを点検することにする…。,…郷田は念のため、ガス台の回りを点検することにする…。,...На всякий случай Года решил проверить область вокруг газовых плит...,"...Em todo caso, Gohda decidiu inspecionar as bocas do fogão.",…为了以防万一，乡田检查了一遍煤气灶…。,…為了以防萬一，鄉田檢查了一遍煤氣灶…。,"... Per sicurezza, Gohda decise di controllare la zona dei fornelli...","...Just in case, Gohda decided to inspect the area around the gas range...","... Solo por las dudas, Gohda decidió inspeccionar el área alrededor del horno...",...ﺗﻔﺎﺩﻳًﺎ ﻟﻠﺨﻄﺮ، ﻗﺮﺭ ﻗﻮﺩﺍ ﺍﻟﺘﺄﻛﺪ ﻣﻦ ﻣﻮﻗﺪ ﺍﻟﻐﺎﺯ...,"...Just in case, Gohda decided to inspect the area around the gas range...","...Just in case, Gohda decided to inspect the area around the gas range...","...Just in case, Gohda decided to inspect the area around the gas range..."
Gohda Toshiro,"""...............What is this...?""","""......What is this...?"" ","""............What is this...?""",「……………何ですか、これは…。」,「……………何ですか、これは…」,"""............Что это?..""","""...............O que é isso...?""",「……………什么啊，这个…」,「……………什麼啊，這個…」,"""... Che succede qui...?""","""...............What is this...?""","""... ¿Qué es esto?...""","""...............ﻣﺎ ﻫﺬﺍ...؟""","""...............What is this...?""","""...............What is this...?""","""...............What is this...?"""
,"When he did, in the corner by the gas range, ...the pressure cooker really had been placed there, just as he had thought.","When he did, in the corner with the gas range, ...the pressure cooker really had been set out, just as he'd thought. ","When he did, in the corner by the gas range, ...the pressure cooker really had been set, just as he had thought.",すると、ガス台の脇に、…確かに想像の通りに圧力鍋が置かれていた。,すると、ガス台の脇に、…確かに想像の通りに圧力鍋が置かれていた。,"Совершая эту проверку, он увидел, как в углу газовой плиты действительно установлена скороварка, как он и предполагал.","Ao fazer isto, em uma das bocas, ...estava uma panela de pressão, assim como ele havia imaginado.",在煤气灶的边上，…确实如他所想，摆着个压力锅。,在煤氣灶的邊上，…確實如他所想，擺著個壓力鍋。,"Quando si avvicinò, nell'angolo del piano cottura... era stata effettivamente posizionata la pentola a pressione, proprio come aveva pensato.","When he did, in the corner by the gas range, ...the pressure cooker really had been placed there, just as he had thought.","Cuando lo hizo, en la cocina de gas... la olla de presión estaba en la estufa, justo como él había pensado.",ﺛﻢ، ﺑﺠﺎﻧﺐ ﻣﻮﻗﺪ ﺍﻟﻐﺎﺯ، ...ﻛﺎﻥ ﻫﻨﺎﻙ ﺑﺎﻟﻔﻌﻞ ﻗﺪﺭ ﺿﻐﻂ، ﺗﻤﺎﻣﺎً ﻛﻤﺎ ﺗﺨﻴﻞ.,"When he did, in the corner by the gas range, ...the pressure cooker really had been placed there, just as he had thought.","When he did, in the corner by the gas range, ...the pressure cooker really had been placed there, just as he had thought.","When he did, in the corner by the gas range, ...the pressure cooker really had been placed there, just as he had thought."
,"But the flame wasn't on.{n}...And yet, the lid was clanking...","But the flame wasn't on. ...And yet, the lid was clanking... "," But the flame wasn't on....And yet, the lid was clanking...",しかしそれは火をかけられてはいない。…にもかかわらず、蓋をカタカタ言わせている…。,しかしそれは火をかけられてはいない。{n}…にもかかわらず、蓋をカタカタ言わせている…。,Вот только газ не был зажжен.{n}...А крышка всё‐таки бряцала...,"Mas não havia nenhuma chama acessa.{n}...E mesmo assim, a tampa estava batendo...",可是，没有开火。{n}…可尽管如此，盖子却在咔哒咔哒地响…。,可是，沒有開火。{n}…可儘管如此，蓋子卻在咔噠咔噠地響…。,"Ma il fornello era spento. ... Eppure, il coperchio stava sobbalzando...","But the flame wasn't on.{n}...And yet, the lid was clanking...","Pero la llama no estaba encendida.{n}... Y aun así, la tapa estaba sonando...",ﻟﻜﻨﻪ ﻟﻢ ﻳﻜﻦ ﻣﻮﺿﻮﻋًﺎ ﻋﻠﻰ ﺍﻟﻨﺎﺭ.{n}...ﻭﻣﻊ ﺫﻟﻚ، ﻛﺎﻥ ﺍﻟﻐﻄﺎﺀ ﻳﺼﺪﺭ ﺻﻮﺕ ﻃﻘﻄﻘﺔ...,"But the flame wasn't on.{n}...And yet, the lid was clanking...","But the flame wasn't on.{n}...And yet, the lid was clanking...","But the flame wasn't on.{n}...And yet, the lid was clanking..."
,"Was something fermenting and leaking gas?{n}...How could that be? ......Then was there a mouse or something inside?{n}...How could there be, ridiculous...",Was something fermenting and leaking gas? ...How could that be? ...Then was there a mouse or something inside? ...How could there be? Ridiculous... ," Was something fermenting and leaking gas?...How could it be? ......Then is there a mouse or something inside?...How could there be, ridiculous...",何かが発酵してガスでも出している？…まさか。……じゃあネズミでも入ってるとか？…まさか、馬鹿馬鹿しい…。,何かが発酵してガスでも出している？{n}…まさか。……じゃあネズミでも入ってるとか？{n}…まさか、馬鹿馬鹿しい…。,"Неужели что‐то гнило, источая газ?{n}...Как такое может быть? ......Там мышь внутри, что ли?{n}...Но откуда? Что за вздор...","Seria algo fermentando e deixando o vapor vazar?{n}...Como isso poderia acontecer? ......Então deveria ser um rato ou alguma coisa que estava dentro?{n}...Como isso pode estar acontecendo, que ridículo...",是锅里有什么发酵了，释放出了气体？{n}…怎么会呢。……那么，是有老鼠钻进去了？{n}…怎么会呢，这也太荒唐了…。,是鍋裡有什麼發酵了，釋放出了氣體？{n}…怎麼會呢。……那麼，是有老鼠鑽進去了？{n}…怎麼會呢，這也太荒唐了…。,"Forse qualcosa stava fermentando all'interno ed emetteva gas? ... Com'era possibile? ... Allora c'era un topo dentro? ... Ma come, era ridicolo...","Was something fermenting and leaking gas?{n}...How could that be? ......Then was there a mouse or something inside?{n}...How could there be, ridiculous...","¿Estaba algo fermentándose y dejando salir gas?{n}... ¿Cómo es posible eso?... Entonces, ¿hay un ratón o algo adentro?{n}... ¿Cómo podría haber...? Ridículo...",ﻫﻞ ﻫﻨﺎﻙ ﺷﻲﺀ ﻣﺎ ﻳﺘﺨﻤﺮ ﻭﻳُﺨﺮﺝ ﻏﺎﺯًﺍ؟{n}...ﻣﺴﺘﺤﻴﻞ. ...ﺇﺫﻥ، ﻫﻞ ﻛﺎﻥ ﻫﻨﺎﻙ ﻓﺄﺭٌ ﺃﻭ ﺷﻲﺀٌ ﻣﺎ ﺑﺪﺍﺧﻠﻪ؟{n}ﻛﻢ ﻫﺬﺍ ﺳﺨﻴﻒ...,"Was something fermenting and leaking gas?{n}...How could that be? ......Then was there a mouse or something inside?{n}...How could there be, ridiculous...","Was something fermenting and leaking gas?{n}...How could that be? ......Then was there a mouse or something inside?{n}...How could there be, ridiculous...","Was something fermenting and leaking gas?{n}...How could that be? ......Then was there a mouse or something inside?{n}...How could there be, ridiculous..."
,"In front of people, Gohda acted as though he had a bold personality fitting for his build, ......but he actually had an unexpectedly timid side to him.","When people were watching, Gohda acted as though he had a bold personality fitting for his build, ...but he actually had an unexpectedly timid side to him. "," In front of people, Gohda acted as though he had a bold personality fitting for his build, ......but he actually had an unexpectedly timid side to him.",郷田は、人前では体格どおりの豪胆そうな性格を装っているが、……実際は、案外臆病な一面も持っていた。,郷田は、人前では体格どおりの豪胆そうな性格を装っているが、……実際は、案外臆病な一面も持っていた。,"Перед другими людьми Года отыгрывал типаж смелого человека, чтобы соответствовать своему телосложению, но на деле, что могло показаться неожиданным, ему была присуща и боязливость.","Em frente as pessoas, Gohda age como se tivesse uma personalidade robusta para combinar com sua aparência, ......mas ele inesperadamente possui um lado mais tímido.",虽然乡田在别人面前装着副与体格相称的勇敢的样子，……但其实，他还有着令人意外的，胆小的一面。,雖然鄉田在別人面前裝著副與體格相稱的勇敢的樣子，……但其實，他還有著令人意外的，膽小的一面。,"Davanti alle persone, Gohda si comportava come se avesse avuto un carattere sicuro, adeguato alla sua stazza... ma in realtà possedeva un lato inaspettatamente timoroso.","In front of people, Gohda acted as though he had a bold personality fitting for his build, ......but he actually had an unexpectedly timid side to him.","Frente a las personas, Gohda actuaba como si tuviese una personalidad fuerte adecuada con su contextura corporal, pero en realidad tenía un inesperado lado tímido.",ﺃﻣﺎﻡ ﺍﻟﻨﺎﺱ، ﻛﺎﻥ ﻗﻮﺩﺍ ﻳﺘﺼﺮﻑ ﻛﻤﻦ ﻟﺪﻳﻪ ﺷﺨﺼﻴﺔ ﻗﻮﻳﺔ ﺗﺘﻨﺎﺳﺐ ﻣﻊ ﺑﻨﻴﺔ ﺟﺴﺪﻩ، ......ﻟﻜﻨﻪ ﺟﺒﺎﻥ ﺑﺸﻜﻞٍ ﻏﻴﺮ ﻣﺘﻮﻗﻊ.,"In front of people, Gohda acted as though he had a bold personality fitting for his build, ......but he actually had an unexpectedly timid side to him.","In front of people, Gohda acted as though he had a bold personality fitting for his build, ......but he actually had an unexpectedly timid side to him.","In front of people, Gohda acted as though he had a bold personality fitting for his build, ......but he actually had an unexpectedly timid side to him."
,"He was terrified to find out what might be inside, and he couldn't check it carelessly...","He was frightened that there might be something inside, and he couldn't bring himself to check it carelessly... "," He was frightened that there might be something inside, and he couldn't check it carelessly...",その中に何が入っているのか、恐ろしくて、迂闊に確かめられない…。,その中に何が入っているのか、恐ろしくて、迂闊に確かめられない…。,"Его пугала мысль о том, что там внутри может что‐то находиться, поэтому он не мог отнестись к проверке беззаботно...","Ele estava apavorado para descobrir o que poderia estar dentro, e não poderia checar de maneira descuidada...",怕得不敢大大咧咧地直接打开盖子，看看里面有什么…。,怕得不敢大大咧咧地直接打開蓋子，看看裡面有什麼…。,"Aveva paura che potesse esserci qualcosa lì dentro, e non poteva controllare come se nulla fosse...","He was terrified to find out what might be inside, and he couldn't check it carelessly...","Él temía que hubiera algo adentro, y no podía revisarlo descuidadamente...",ﻛﺎﻥ ﺧﺎﺋﻔًﺎ ﻣﻦ ﻭﺟﻮﺩ ﺷﻲﺀ ٍ ﺩﺍﺧﻠﻪ، ﻭﻟﻢ ﺗﺪﻓﻌﻪ ﻧﻔﺴﻪ ﻟﻠﺘﺄﻛﺪ ﺑﻼ ﻣﺒﺎﻻﺓٍ...,"He was terrified to find out what might be inside, and he couldn't check it carelessly...","He was terrified to find out what might be inside, and he couldn't check it carelessly...","He was terrified to find out what might be inside, and he couldn't check it carelessly..."
,"In his cowardice, ...he grabbed a nearby wooden pestle, and with a {i:clunk!}, he tapped it a little strongly against the side of the pressure cooker.","In his cowardice, ...he grabbed a nearby wooden pestle, and with a *clunk!* he tapped it a little forcefully against the side of the pressure cooker. "," In his cowardice, ...he grabbed a nearby wooden pestle, and with a *clunk!* he tapped it a little strongly against the side of the pressure cooker.",彼は臆病にも、…近くのすりこぎを取り、それで圧力鍋の側面を、コン！と少し強く叩いてみた。,彼は臆病にも、…近くのすりこぎを取り、それで圧力鍋の側面を、コン！　と少し強く叩いてみた。,"Труся, он схватил лежащий поблизости деревянный пестик и {i:лязг}, вложив немного силы в удар, стукнул скороварку в бок..","Com toda a sua covardice, ...ele pegou um pilão de madeira que estava próximo, e com um {i:clunk!}, ele bateu com um pouco de força na lateral da panela de pressão.",即便是胆小的他，…也还是拿起了近处的研杵，对着压力锅的侧面，咚！地一声，略微用力地敲了一下。,即便是膽小的他，…也還是拿起了近處的研杵，對著壓力鍋的側面，咚！地一聲，略微用力地敲了一下。,"Preso dalla codardia... afferrò un pestello di legno che si trovava lì vicino, e con un *clunk!* lo batté con un po' di forza contro il lato della pentola a pressione.","In his cowardice, ...he grabbed a nearby wooden pestle, and with a {i:clunk!}, he tapped it a little strongly against the side of the pressure cooker.","En su cobardía... agarró un rodillo de madera, y con un *clunk*, lo golpeó ligeramente contra el lado de la olla de presión.","ﺑﺎﻟﺘﺎﻟﻲ، ﻭﺑﻴﻨﻤﺎ ﻳﺮﺗﻌﺪ ﺧﻮﻓًﺎ ﺃﻣﺴﻚ ﺑﻤِﺪﻕّ ﺧﺸﺒﻲ،  ""ﻃَﻖ!"" ﻭﺿﺮﺏ ﺑﻘﻮﺓ ﺟﺎﻧﺐ ﻗﺪﺭ ﺍﻟﻀﻐﻂ.","In his cowardice, ...he grabbed a nearby wooden pestle, and with a {i:clunk!}, he tapped it a little strongly against the side of the pressure cooker.","In his cowardice, ...he grabbed a nearby wooden pestle, and with a {i:clunk!}, he tapped it a little strongly against the side of the pressure cooker.","In his cowardice, ...he grabbed a nearby wooden pestle, and with a {i:clunk!}, he tapped it a little strongly against the side of the pressure cooker."
,"When he did, the clanking sound suddenly stopped.","When he did, the clanking sound suddenly stopped. "," When he did, the clanking sound suddenly stopped.",すると、カタカタ言わせていた音はぴたりと止まる。,すると、カタカタ言わせていた音はぴたりと止まる。,"Стоило ему это сделать, как лязгающий звук внезапно прекратился.","Quando bateu, o som que tinia parou de repente.",随着那一敲，咔哒咔哒之声戛然而止。,隨著那一敲，咔噠咔噠之聲戛然而止。,"Dopodiché, lo sferragliamento cessò all'improvviso.","When he did, the clanking sound suddenly stopped.","Cuando lo hizo, el sonido metálico se detuvo repentinamente.",ﻓﻤﺎ ﺇﻥ ﻓﻌﻞ ﺫﻟﻚ، ﺣﺘﻰ ﺗﻮﻗﻒ ﺻﻮﺕ ﺍﻟﻄﻘﻄﻘﺔ ﻋﻠﻰ ﺍﻟﻔﻮﺭ.,"When he did, the clanking sound suddenly stopped.","When he did, the clanking sound suddenly stopped.","When he did, the clanking sound suddenly stopped."
,"...He should have been relieved now that it had stopped, ...but the fact that it had stopped when he had hit it was even more eerie, and made him even more suspicious about what was inside...","...He should've been relieved that it had stopped, ...but the fact that it had stopped when he'd hit it was even more eerie, and made him even more suspicious about what was inside... ","...He should have been relieved now that it had stopped, ...but the fact that it had stopped when he had hit it was even more eerie, and made him even more suspicious about what was inside...",…止まって安心のはずなのだが、…叩いたら止めた、という点がかえって不気味で、その中身の正体をさらに疑わせた…。,…止まって安心のはずなのだが、…叩いたら止めた、という点がかえって不気味で、その中身の正体をさらに疑わせた…。,"...На этом ему бы и следовало успокоиться, но так как звук прекратился после его удара, это лишь добавило жути происходящему, только усилив его подозрения насчёт того, что могло прятаться внутри...","...Ele deve ter ficado aliviado que havia parado, ...mas o fato de ter parado quando ele bateu deixou tudo ainda mais misterioso, e o deixou com ainda mais dúvidas sobre o que estava dentro...",…不再出声本应令人安心，…但是，一敲就没声了这一点反而令人心里发毛，更加怀疑里面到底有什么了…。,…不再出聲本應令人安心，…但是，一敲就沒聲了這一點反而令人心裡發毛，更加懷疑裡面到底有什麼了…。,"... Si sarebbe dovuto sentire sollevato ora che il rumore aveva smesso... ma il fatto che avesse smesso dopo che aveva colpito la pentola era ancora più sinistro, e lo rese ancora più sospettoso verso qualsiasi cosa fosse lì dentro...","...He should have been relieved now that it had stopped, ...but the fact that it had stopped when he had hit it was even more eerie, and made him even more suspicious about what was inside...","... Él debería estar aliviado ahora que se había detenido, pero el hecho de que se detuviera cuando él lo había golpeado era aún más misterioso, y hacía que lo que estaba dentro fuera más sospechoso...",...ﻛﺎﻥ ﻣﻦ ﺍﻟﻤﻔﺘﺮﺽ ﺃﻥ ﻳﺸﻌﺮ ﺑﺎﻟﻄﻤﺄﻧﻴﻨﺔ ﻟﺘﻮﻗﻒ ﺍﻟﺼﻮﺕ، ﻟﻜﻦ ﺣﻘﻴﻘﺔ ﺗﻮﻗﻔﻪ ﻋﻨﺪﻣﺎ ﺿﺮﺑﻪ ﻛﺎﻧﺖ ﺃﻛﺜﺮ ﻏﺮﺍﺑﺔً، ﻣﻤﺎ ﺟﻌﻠﻪ ﻳﺮﺗﺎﺏ ﺃﻛﺜﺮ ﻋﻤﺎ ﻳﻜﻮﻥ ﺩﺍﺧﻠﻪ...,"...He should have been relieved now that it had stopped, ...but the fact that it had stopped when he had hit it was even more eerie, and made him even more suspicious about what was inside...","...He should have been relieved now that it had stopped, ...but the fact that it had stopped when he had hit it was even more eerie, and made him even more suspicious about what was inside...","...He should have been relieved now that it had stopped, ...but the fact that it had stopped when he had hit it was even more eerie, and made him even more suspicious about what was inside..."
Gohda Toshiro,"""............nn, ...*gulp*. .........Strange phenomena do not exist in this world, no sirree. Yes, there's no such thing as witches, or magic, things like that can't possibly exist. All phenomena can be explained with science. ......As though monsters and witches could exist...!""","""......Hmm, ...*gulp*. ......Mysterious phenomena do not exist in this world. Yes, witches and magic, things like that couldn't possibly exist. All phenomena can be explained with science. ...As if monsters and witches could exist...!"" ","""............Hmm, ...*gulp*. .........Strange phenomena do not exist in this world. Yes, witches and magic, things like that couldn't exist. All phenomena can be explained with science. ......As though monsters and witches could exist...!""",「…………ん、…ごくり。………この世に、怪奇現象なんて存在しませんとも。えぇ、そんな魔女も魔法も、そんなもの存在するわけがない。全ての現象は科学的に説明できるんです。……オバケも魔女もいてたまるもんですか…！」,「…………ん、…ごくり。………この世に、怪奇現象なんて存在しませんとも。えぇ、そんな魔女も魔法も、そんなもの存在するわけがない。全ての現象は科学的に説明できるんです。……オバケも魔女もいてたまるもんですか…！」,"""............Хм‐м...*глыг*. .........Странных явлений не существует в этом мире. Да, ведьмы, магия и тому подобное не существуют. Все такие явления можно объяснить с научной точки зрения. ......Чтобы чудовища и ведьмы существовали, ага, как же!""","""............Hmm, ...*gulp*. .........Fenômenos paranormais não existem neste mundo, não mesmo. Sim, não existem coisas como bruxas, ou magia, coisas que não podem existir de verdade. Todos os fenômenos podem ser explicados pela ciência. ......Como se monstros e bruxas pudessem existir...!""",「…………嗯，…咕噜。………在这个世上，根本不存在什么怪奇现象。没错，魔女也好魔法也好，都是不存在的。所有的现象都能以科学作出解释。……才不会有妖怪与魔女呢…！」,「…………嗯，…咕嚕。………在這個世上，根本不存在什麼怪奇現象。沒錯，魔女也好魔法也好，都是不存在的。所有的現象都能以科學作出解釋。……才不會有妖怪與魔女呢…！」,"""... Hmm... *gulp*. ... A questo mondo non esistono strani fenomeni. Proprio così, streghe e magia, cose del genere non possono essere vere. La scienza può spiegare ogni fenomeno. ... Come se mostri e streghe potessero mai esistere...!""","""............nn, ...*gulp*. .........Strange phenomena do not exist in this world, no sirree. Yes, there's no such thing as witches, or magic, things like that can't possibly exist. All phenomena can be explained with science. ......As though monsters and witches could exist...!""","""... Umm... *gulp*... Los fenómenos extraños no existen en este mundo. Sí, ni las brujas, ni la magia, ni cosas parecidas pueden existir. Todos los fenómenos pueden ser explicados con la ciencia... ¡Como si los monstruos y las brujas pudiesen existir!...""","""...ﻧﻦ، ...*ﺑﻠﻊ*. ..........ﻻ ﻭﺟﻮﺩ ﻟﻠﻈﻮﺍﻫﺮ ﺍﻟﻐﺮﻳﺒﺔ ﻓﻲ ﻫﺬﺍ ﺍﻟﻌﺎﻟﻢ، ﻻ ﺷﻚ ﻓﻲ ﻫﺬﺍ. ﻧﻌﻢ، ﻻ ﻭﺟﻮﺩ ﻟﺴﺎﺣﺮﺍﺕ ﻭﻻ ﺳﺤﺮ ﻭﻻ ﺧﺮﺍﻓﺎﺕ ﻣﻦ ﻫﺬﺍ ﺍﻟﻘﺒﻴﻞ. ﻛﻞ ﺍﻟﻈﻮﺍﻫﺮ ﻳﻤﻜﻦ ﺗﻔﺴﻴﺮﻫﺎ ﻋﻠﻤﻴًﺎ. ......ﺍﻟﻮﺣﻮﺵ ﻭﺍﻟﺴﺎﺣﺮﺍﺕ ﻏﻴﺮ ﻣﻮﺟﻮﺩﻳﻦ...!""","""............nn, ...*gulp*. .........Strange phenomena do not exist in this world, no sirree. Yes, there's no such thing as witches, or magic, things like that can't possibly exist. All phenomena can be explained with science. ......As though monsters and witches could exist...!""","""............nn, ...*gulp*. .........Strange phenomena do not exist in this world, no sirree. Yes, there's no such thing as witches, or magic, things like that can't possibly exist. All phenomena can be explained with science. ......As though monsters and witches could exist...!""","""............nn, ...*gulp*. .........Strange phenomena do not exist in this world, no sirree. Yes, there's no such thing as witches, or magic, things like that can't possibly exist. All phenomena can be explained with science. ......As though monsters and witches could exist...!"""
,"He repeated that many times, trying to build up his own confidence. ...It was quite comical how he looked completely different from what he was saying.","He repeated that many times, trying to build up his own confidence. ...The gap between what he was saying and what he was doing was quite comical. ","He repeated that many times, trying to build up his own confidence....It was quite comical how he looked completely different from what he was saying.",自分を勇気付けるように何度もそれを繰り返す。…その言葉の意味するところと逆に見えるのが、何とも滑稽だった。,自分を勇気付けるように何度もそれを繰り返す。…その言葉の意味するところと逆に見えるのが、何とも滑稽だった。,"Он много раз повторил это, пытаясь обрести уверенность. ...Со стороны было комично наблюдать, как разнятся его вид и сказанные им слова.","Ele repetiu isso diversas vezes, tentando reaver sua própria confiança.{n}...Era ligeiramente cômico em como ele parecia completamente diferente do que dizia.",为了使自己鼓起勇气，乡田重复了好几遍这句话。…不过，这句话的句意却与他的神情完全相反，显得很是滑稽。,為了使自己鼓起勇氣，鄉田重複了好幾遍這句話。…不過，這句話的句意卻與他的神情完全相反，顯得很是滑稽。,"Ripeté quelle parole diverse volte, nel tentativo di guadagnare più sicurezza. {n}Il modo in cui il suo aspetto fisico contrastava con ciò che stava dicendo era piuttosto comico.","He repeated that many times, trying to build up his own confidence. ...It was quite comical how he looked completely different from what he was saying.","Él repitió eso muchas veces, tratando de incrementar su propia confianza... Era bastante cómico cómo lucía completamente diferente de lo que decía.",ﻛﺮﺭ ﺫﻟﻚ، ﻣﺤﺎﻭﻻً ﺗﻌﺰﻳﺰ ﺛﻘﺘﻪ ﺑﻨﻔﺴﻪ. ...ﻭﻛﺎﻥ ﻣﻦ ﺍﻟﻤﻀﺤﻚ ﺃﻥ ﻫﺬﻩ ﺍﻟﻌﺒﺎﺭﺍﺕ ﺑﺪﺕ ﻋﻜﺲ ﺣﺎﻟﺘﻪ ﺍﻟﻨﻔﺴﻴﺔ ﺗﻤﺎﻣًﺎ.,"He repeated that many times, trying to build up his own confidence. ...It was quite comical how he looked completely different from what he was saying.","He repeated that many times, trying to build up his own confidence. ...It was quite comical how he looked completely different from what he was saying.","He repeated that many times, trying to build up his own confidence. ...It was quite comical how he looked completely different from what he was saying."
Gohda Toshiro,"""Who would believe in a witch, who would believe in magic or curses... ......Come on, ......show me what you really are...! Take that!""","""Who would believe in a witch, who would believe in magic or curses...? ...Come on, ...show me what you really are...! Take that!"" ","""Who would believe in a witch, who would believe in magic or curses.........Come on, ......show me what you really are...! Take that!""",「何が魔女だ、何が魔法だ祟りだ…。……そら、……正体を見せてみろ…！っそりゃ！」,「何が魔女だ、何が魔法だ祟りだ…。……そら、……正体を見せてみろ…！　っそりゃ！」,"""Да кто поверит в ведьму, магию и проклятья... ......Давай, покажи мне, кем или чем являешься на самом деле! Получай!""","""Como pode se acreditar em bruxas, como se pode acreditar em magia ou maldições...?! ......Vamos, ......me mostre o que você realmente é...! Toma isso!""",「什么魔女啊，什么魔法、作祟啊…。……来，……让咱看看你的真面目…！呵呀！」,「什麼魔女啊，什麼魔法、作祟啊…。……來，……讓咱看看你的真面目…！呵呀！」,"""Chi crederebbe mai in una strega, chi crederebbe nella magia o nelle maledizioni... andiamo... mostrami cosa sei veramente...! Prendi questo!""","""Who would believe in a witch, who would believe in magic or curses... ......Come on, ......show me what you really are...! Take that!""","""Quién creería en una bruja, quién creería en la magia o maldiciones... Vamos, ¡muéstrame lo que realmente eres!... ¡Toma esto!""","""ﻣﻦ ﺫﺍ ﻗﺪ ﻳﺆﻣﻦ ﺑﺎﻟﺴﺎﺣﺮﺓ ﻭﺍﻟﺴﺤﺮ ﺃﻭ ﺍﻟﻠﻌﻨﺎﺕ...؟ ......ﻫﻴّﺎ، ﺃﺭِﻧﻲ ﺣﻘﻴﻘﺘﻚ...! ﺧﺬ ﻫﺬﺍ!""","""Who would believe in a witch, who would believe in magic or curses... ......Come on, ......show me what you really are...! Take that!""","""Who would believe in a witch, who would believe in magic or curses... ......Come on, ......show me what you really are...! Take that!""","""Who would believe in a witch, who would believe in magic or curses... ......Come on, ......show me what you really are...! Take that!"""
,......He removed the lid of the pressure cooker.,...He removed the lid of the pressure cooker. ,"...He removed the lid of the pressure cooker.",圧力鍋の蓋を、……取り払う。,圧力鍋の蓋を、……取り払う。,...Он снял крышку со скороварки.,......Ele removeu a tampa da panela de pressão.,乡田猛地揭开了，……压力锅的盖子。,鄉田猛地揭開了，……壓力鍋的蓋子。,... Rimosse il coperchio della pentola a pressione.,......He removed the lid of the pressure cooker.,... Él quitó la tapa de la olla de presión.,...ﺛﻢ ﻗﺎﻡ ﺑﺈﺯﺍﻟﺔ ﻏﻄﺎﺀ ﻗﺪﺭ ﺍﻟﻀﻐﻂ.,......He removed the lid of the pressure cooker.,......He removed the lid of the pressure cooker.,......He removed the lid of the pressure cooker.
,And lying exposed there...was the sparkling clean silver bottom of the pot.,And lying exposed there... was the sparkling clean silver bottom of the pot. ," And lying exposed there, ...was the sparkling clean silver bottom of the pot.",　そこに晒されるのは、…ピカピカに磨かれた銀色の鍋底。,そこに晒されるのは、…ピカピカに磨かれた銀色の鍋底。,И увидел там... сверкающее чистотой серебряное дно.,"E repousando completamente exposto lá...estava o fundo, limpo e reluzente, da panela.",暴露出来的，…是擦得锃亮的银色锅底。,暴露出來的，…是擦得鋥亮的銀色鍋底。,"E sotto, completamente esposto, vi era... il pulitissimo fondo argentato della pentola.",And lying exposed there...was the sparkling clean silver bottom of the pot.,Y allí expuesto... estaba el fondo brillante y limpio de la olla.,...ﻭﻣﺎ ﺍﻧﻜﺸﻒ ﺍﻣﺎﻣﻪ ﻫﻮ...ﻗﺎﻉ ﺍﻟﻘﺪﺭ ﺍﻟﻔﻀﻲ ﺍﻟﻤﺘﻸﻟﺊ ﻧﻈﺎﻓﺔً.,And lying exposed there...was the sparkling clean silver bottom of the pot.,And lying exposed there...was the sparkling clean silver bottom of the pot.,And lying exposed there...was the sparkling clean silver bottom of the pot.
,......There was absolutely nothing frightening like he had imagined.,...There was absolutely nothing frightening like he'd imagined. ,"......There was absolutely nothing frightening like he had imagined.",……彼が想像した、恐ろしい何かはまったく存在しなかった。,……彼が想像した、恐ろしい何かはまったく存在しなかった。,"......Ничего такого страшного, как он предполагал, там не оказалось.",......Não havia absolutamente nada assustador como ele tinha imaginado.,……根本没有他所想象的恐怖之物。,……根本沒有他所想像的恐怖之物。,... Non c'era proprio nulla di spaventoso al contrario di quanto aveva immaginato.,......There was absolutely nothing frightening like he had imagined.,... No había absolutamente nada escalofriante como lo que él había imaginado.,...ﻟﻢ ﻳﻜﻦ ﻫﻨﺎﻙ ﺃﻱ ﺷﻲﺀ ﻣﺨﻴﻒ ﻋﻠﻰ ﺍﻹﻃﻼﻕ ﻛﻤﺎ ﻛﺎﻥ ﻳﺘﺨﻴﻞ.,......There was absolutely nothing frightening like he had imagined.,......There was absolutely nothing frightening like he had imagined.,......There was absolutely nothing frightening like he had imagined.
Gohda Toshiro,"""...............Whew. ...Hahahaha, well, of course. ...There's no way there could have been anything inside.""","""......Whew. ...Hahahaha, it's only natural. ...There's no way there could have been anything inside."" ","""............Whew. ...Hahahaha, it's only natural. ...There's no way there could have been anything inside.""",「……………ふぅ。…はははは、そりゃ当然です。…中に何も、いるわけがない。」,「……………ふぅ。…はははは、そりゃ当然です。…中に何も、いるわけがない」,"""............Фу‐у. ...Ха‐ха‐ха‐ха, ну естественно. ...Откуда чему было взяться внутри.""","""...............Fuu. ...Hahahaha, bem, é claro. ...Não tinha como ter nada aqui dentro.""",「……………呼。…哈哈哈哈，这是当然啊。…里面才没可能有东西呢。」,「……………呼。…哈哈哈哈，這是當然啊。…裡面才沒可能有東西呢。」,"""... Uf. ... Hahahaha, c'era da aspettarselo. ... Era impossibile che dentro ci fosse qualcosa.""","""...............Whew. ...Hahahaha, well, of course. ...There's no way there could have been anything inside.""","""... Fiu... Jajajaja, es natural... No hay manera de que pudiera haber algo adentro.""","""...ﻓﻴﻮ. ﻫﺎﻫﺎﻫﺎ، ﺑﺎﻟﻄﺒﻊ. ﻣﻦ ﺍﻟﻄﺒﻴﻌﻲ ﺃﻻ ﻳﻜﻮﻥ ﻫﻨﺎﻙ ﺷﻲﺀ ﺑﺎﻟﺪﺍﺧﻞ.""","""...............Whew. ...Hahahaha, well, of course. ...There's no way there could have been anything inside.""","""...............Whew. ...Hahahaha, well, of course. ...There's no way there could have been anything inside.""","""...............Whew. ...Hahahaha, well, of course. ...There's no way there could have been anything inside."""
,"By now, Gohda realized that he had been a coward.","By now, Gohda realized that he had been a coward. ","By now, Gohda had realized that he had been a coward.",郷田は今頃になって、自分が小心者であったことを自覚する。,郷田は今頃になって、自分が小心者であったことを自覚する。,"И тут до Годы дошло, что он вёл себя как трус.","Naquele momento, Gohda percebeu como estava sendo covarde.",事到如今，乡田也认识到了，自己是个胆小鬼。,事到如今，鄉田也認識到了，自己是個膽小鬼。,"Adesso, Gohda aveva capito di essere stato un codardo.","By now, Gohda realized that he had been a coward.","En ese momento, Gohda se dio cuenta de que había sido un cobarde.",ﺃﺩﺭﻙ ﻗﻮﺩﺍ، ﻣﺘﺄﺧﺮًﺍ، ﻛﻢ ﻫﻮ ﺟﺒﺎﻥ ﺑﺎﻟﻔﻌﻞ.,"By now, Gohda realized that he had been a coward.","By now, Gohda realized that he had been a coward.","By now, Gohda realized that he had been a coward."
,"......So while he still had some doubts about what had caused the lid to make that sound, ...he explained it away abstractly as some quirk of positioning or something, and decided not to worry about it too much.","...So, while he still had some doubts as to what had caused the lid to make that sound, ...he figured it wasn't a big problem, and decided not to worry about it too much. ","......So while he still had some doubts about what had caused the lid to make that sound, ...he thought it wasn't a big problem, and decided not to worry about it too much.",……ならばなぜ、蓋が鳴っていたのかという疑問ももちろん湧いたが、…ちょっとした角度とかの問題、などと抽象的に考え、深くは悩まないことにした。,……ならばなぜ、蓋が鳴っていたのかという疑問ももちろん湧いたが、…ちょっとした角度とかの問題、などと抽象的に考え、深くは悩まないことにした。,"......Так что, хоть его и обуревали некоторые сомнения насчёт того, что же заставило крышку издавать тот звук, он посчитал, что этот случай не стоил пристального внимания и решил не заморачиваться.","......Enquanto ainda tinha algumas dúvidas do que poderia ter feito a tampa emitir aquele som, ...ele explicou isso de forma abstrata, como se fosse um posicionamento peculiar dele ou algo assim, e decidiu não se preocupar com isso.",……所以，尽管他还有着“既然如此，那这盖子为什么会出声呢？”的疑问，…但还是将之抽象地理解成了角度之类的小问题，没往深处想。,……所以，儘管他還有著“既然如此，那這蓋子為什麼會出聲呢？”的疑問，…但還是將之抽象地理解成了角度之類的小問題，沒往深處想。,"... Perciò pur avendo ancora dei dubbi so cosa avesse portato il coperchio a fare quel rumore... si disse che non era un gran problema, e decise di non preoccuparsene più di tanto.","......So while he still had some doubts about what had caused the lid to make that sound, ...he explained it away abstractly as some quirk of positioning or something, and decided not to worry about it too much.","... Aun cuando tenía algunas dudas sobre qué había causado que la tapa hiciese tal sonido, pensó que no era un gran problema, y decidió no preocuparse mucho por eso.","......ﺛﻢ ﺗﺴﺎﺀﻝ ﺑﻄﺒﻴﻌﺔ ﺍﻟﺤﺎﻝ: ""ﺇﺫًﺍ، ﻟﻤﺎﺫﺍ ﻛﺎﻥ ﺍﻟﻐﻄﺎﺀ ﻳﺼﺪﺭ ﺻﻮﺗًﺎ؟ ...ﺛﻢ ﻗﺮﺭ ﺃﻥ ﺍﻷﻣﺮ ﻟﻴﺲ ﻣﻬﻤﺎ ﻭﺃﻻّ ﺩﺍﻋﻲ ﻟﻠﻤﺒﺎﻟﻐﺔ ﺑﺸﺄﻧﻪ.","......So while he still had some doubts about what had caused the lid to make that sound, ...he explained it away abstractly as some quirk of positioning or something, and decided not to worry about it too much.","......So while he still had some doubts about what had caused the lid to make that sound, ...he explained it away abstractly as some quirk of positioning or something, and decided not to worry about it too much.","......So while he still had some doubts about what had caused the lid to make that sound, ...he explained it away abstractly as some quirk of positioning or something, and decided not to worry about it too much."
,"Then he took the lid he had grabbed, ......and softly set it back down where it had been.",Then he took the lid he'd grabbed...and softly set it back down where it had been. ," Then he took the lid he had grabbed, ......and softly set it back down where it had been.",そして手に取った蓋を、……そうっと元通りに置いてみる。,そして手に取った蓋を、……そうっと元通りに置いてみる。,Затем он взял крышку и мягко вернул обратно на место.,"Ele então olhou para a tampa que havia pego, ......e gentilmente a colocou de volta onde estava.",接着，他小心翼翼地将手上拿着的盖子，……照原样盖了回去。,接著，他小心翼翼地將手上拿著的蓋子，……照原樣蓋了回去。,Poi afferrò il coperchio che aveva rimosso... e lo rimise a posto senza far rumore.,"Then he took the lid he had grabbed, ......and softly set it back down where it had been.",Entonces tomó la tapa que había agarrado... y suavemente la colocó de nuevo donde estaba.,ﻓﺄﺧﺬ ﺍﻟﻐﻄﺎﺀ ﻭﺃﻋﺎﺩﻩ ﺑﻬﺪﻭﺀ.,"Then he took the lid he had grabbed, ......and softly set it back down where it had been.","Then he took the lid he had grabbed, ......and softly set it back down where it had been.","Then he took the lid he had grabbed, ......and softly set it back down where it had been."
,"......It's alright, there won't be a sound. ......Obviously.{n}As if witches or magic could exist...!","...It's fine, it won't make a sound. ...Of course it won't. As if witches or magic could exist...! ","......It's alright, there won't be a sound. ......Obviously. As if witches or magic could exist...!",……大丈夫、音は鳴らない。……当然だ。魔女も魔法もあるもんか…！,……大丈夫、音は鳴らない。……当然だ。{n}魔女も魔法もあるもんか…！,"......Всё в порядке, звука не будет. ......Очевидно же.{n}Ведьмы и магия существуют, ага, щас!","......Está tudo bem, não tem nenhum som. ......Obviamente.{n}Como se bruxas ou magia pudessem existir...!",……没事，不会有声音的。……当然的事。{n}魔女与魔法都是不存在的…！,……沒事，不會有聲音的。……當然的事。{n}魔女與魔法都是不存在的…！,"... Va tutto bene, non ci sarà neppure il più piccolo rumore. ... Ovviamente. Come se le streghe o la magia potessero esistere davvero...!","......It's alright, there won't be a sound. ......Obviously.{n}As if witches or magic could exist...!","... Está bien, no hubo ningún sonido... Obviamente.{n}¡Como si las brujas o la magia pudiesen existir!...",......ﻻ ﺑﺄﺱ، ﻟﻦ ﻳﺼﺪﺭ ﺃﻱ ﺻﻮﺕ، ......ﺑﺎﻟﻄﺒﻊ ﻟﻦ ﻳﺼﺪﺭ.{n}ﻭﻛﺄﻥ ﺍﻟﺴﺤﺮ ﻭﺍﻟﺴﺎﺣﺮﺍﺕ ﻟﻬﻢ ﻭﺟﻮﺩ...!,"......It's alright, there won't be a sound. ......Obviously.{n}As if witches or magic could exist...!","......It's alright, there won't be a sound. ......Obviously.{n}As if witches or magic could exist...!","......It's alright, there won't be a sound. ......Obviously.{n}As if witches or magic could exist...!"
,Clank. Clankclankclankclank.,*clank*. *clank*clank*clank*clank*. ,"*clank*.*clank*clank*clank*clank*.",カタ。カタカタカタカタ。,カタ。カタカタカタカタ。,*лязг*.*лязг*лязг*лязг*лязг*.,Clank. Clankclankclankclank.,咔哒。咔哒咔哒咔哒咔哒。,咔噠。咔噠咔噠咔噠咔噠。,*clank*. *clank*clank*clank*clank*.,Clank. Clankclankclankclank.,*clank*. *clank*clank*clank*clank*.,ﺧﺸﺨﺸﺔ. ﺧﺸﺨﺸﺨﺔﺧﺸﺨﺸﺨﺔﺧﺸﺨﺸﺔ.,Clank. Clankclankclankclank.,Clank. Clankclankclankclank.,Clank. Clankclankclankclank.
Gohda Toshiro,"""...............Huh...?""","""......Huh...?"" ","""............Huh...?""",「……………え…？」,「……………え…？」,"""............А?""","""...............Hã...?""",「……………哎…？」,「……………哎…？」,"""... Huh...?""","""...............Huh...?""","""... ¿Eh?...""",""".............ﻫﺎﻩ...؟""","""...............Huh...?""","""...............Huh...?""","""...............Huh...?"""
,Clank{0}clank{0}clank{0}clank{0}clank{0}clank{0}clank{0}clank.,*clank*clank*clank*clank*clank*clank*clank*clank*. ,"*clank*clank*clank*clank*clank*clank*clank*clank*.",カタカタカタカタカタカタカタカタ。,カタカタカタカタカタカタカタカタ。,*лязг*лязг*лязг*лязг*лязг*лязг*лязг*лязг*.,Clank{0}clank{0}clank{0}clank{0}clank{0}clank{0}clank{0}clank.,咔哒咔哒咔哒咔哒咔哒咔哒咔哒咔哒。,咔噠咔噠咔噠咔噠咔噠咔噠咔噠咔噠。,*clank*clank*clank*clank*clank*clank*clank*clank*.,Clank{0}clank{0}clank{0}clank{0}clank{0}clank{0}clank{0}clank.,*clank*clank*clank*clank*clank*clank*clank*clank*.,*ﺧﺸﺨﺸﺔ*ﺧﺸﺨﺸﺔ*ﺧﺸﺨﺸﺔ*ﺧﺸﺨﺸﺔ*ﺧﺸﺨﺸﺔ*ﺧﺸﺨﺸﺔ*.,Clank{0}clank{0}clank{0}clank{0}clank{0}clank{0}clank{0}clank.,Clank{0}clank{0}clank{0}clank{0}clank{0}clank{0}clank{0}clank.,Clank{0}clank{0}clank{0}clank{0}clank{0}clank{0}clank{0}clank.
,CLANK{0}CLANK{0}CLANK{0}CLANK{0}CLANK{0}CLANK{0}CLANK{0}CLANK{0}CLANK{0}CLANK{0}CLANK{0}CLANK{0}CLANK{0}CLANK!,*clank*clank*clank*clank*clank*clank*clank*clank*clank*clank*clank*clank*clank*clank*clank*clank*! ,"*clank*clank*clank*clank*clank*clank*clank*clank*clank*clank*clank*clank*clank*clank*clank*clank*!",カタカタカタカタカタカタカタカタカタカタカタカタカタカタカタカタ！,カタカタカタカタカタカタカタカタカタカタカタカタカタカタカタカタ！,*лязг*лязг*лязг*лязг*лязг*лязг*лязг*лязг*лязг*лязг*лязг*лязг*лязг*лязг*лязг*лязг*!,CLANK{0}CLANK{0}CLANK{0}CLANK{0}CLANK{0}CLANK{0}CLANK{0}CLANK{0}CLANK{0}CLANK{0}CLANK{0}CLANK{0}CLANK{0}CLANK!,咔哒咔哒咔哒咔哒咔哒咔哒咔哒咔哒咔哒咔哒咔哒咔哒咔哒咔哒咔哒咔哒！,咔噠咔噠咔噠咔噠咔噠咔噠咔噠咔噠咔噠咔噠咔噠咔噠咔噠咔噠咔噠咔噠！,*clank*clank*clank*clank*clank*clank*clank*clank*clank*clank*clank*clank*clank*clank*clank*clank*!,CLANK{0}CLANK{0}CLANK{0}CLANK{0}CLANK{0}CLANK{0}CLANK{0}CLANK{0}CLANK{0}CLANK{0}CLANK{0}CLANK{0}CLANK{0}CLANK!,¡*clank*clank*clank*clank*clank*clank*clank*clank*clank*clank*clank*clank*clank*clank*clank*clank*!,*ﺧﺸﺨﺸﺔ*ﺧﺸﺨﺸﺔ*ﺧﺸﺨﺸﺔ*ﺧﺸﺨﺸﺔ*ﺧﺸﺨﺸﺔ*ﺧﺸﺨﺸﺔ*ﺧﺸﺨﺸﺔ*ﺧﺸﺨﺸﺔ*ﺧﺸﺨﺸﺔ*ﺧﺸﺨﺸﺔ*ﺧﺸﺨﺸﺔ*ﺧﺸﺨﺸﺔ*!,CLANK{0}CLANK{0}CLANK{0}CLANK{0}CLANK{0}CLANK{0}CLANK{0}CLANK{0}CLANK{0}CLANK{0}CLANK{0}CLANK{0}CLANK{0}CLANK!,CLANK{0}CLANK{0}CLANK{0}CLANK{0}CLANK{0}CLANK{0}CLANK{0}CLANK{0}CLANK{0}CLANK{0}CLANK{0}CLANK{0}CLANK{0}CLANK!,CLANK{0}CLANK{0}CLANK{0}CLANK{0}CLANK{0}CLANK{0}CLANK{0}CLANK{0}CLANK{0}CLANK{0}CLANK{0}CLANK{0}CLANK{0}CLANK!
Gohda Toshiro,"""Hii, ......HIIIiiiIIIIii!!""","""...E-Eeeeeeeeeeeppp!!"" ","""Hii, ......HIIIIIIIIIII!!""",「ひッ、……ひっぃいいいいぃ！！」,「ひッ、……ひっぃいいいいぃ！！」,"""Хи‐и... Хи‐и‐и‐и‐и‐и‐и!""","""Hii, ......HIIIiiiIIIIii!!""",「嗨、……嗨、咿咿咿咿咿咿！！」,「嗨、……嗨、咿咿咿咿咿咿！！」,"""Hii... hIIIIIIIIIII!!""","""Hii, ......HIIIiiiIIIIii!!""","""¡¡EEK... EEEEEEKKK!!""","""ﻫـــﻪ، ﻫـــﻴﻴﻴﻴﻴﻴﻴﻴﻴﻴﻴﻴﻴﻴﻴﻴﻴﻴﻴﻴﻴﻴﻲ!!!""","""Hii, ......HIIIiiiIIIIii!!""","""Hii, ......HIIIiiiIIIIii!!""","""Hii, ......HIIIiiiIIIIii!!"""
,All of the pots and utensils in the kitchen started clanking at once.,All of the pots and dishes in the kitchen started clanking at once. ,"All of the pots and utensils in the kitchen started clanking at once.",厨房中の鍋が、食器が、一斉にカタカタと音を鳴らし始める。,厨房中の鍋が、食器が、一斉にカタカタと音を鳴らし始める。,Все кухонные сосуды и приборы вдруг как по команде принялись одновременно лязгать.,Todas as panelas e utensílios da cozinha começaram a tinir ao mesmo tempo.,厨房中的锅呀，餐具呀，一齐鸣响了起来。,廚房中的鍋呀，餐具呀，一齊鳴響了起來。,Tutte le pentole e gli utensili in cucina presero a far fracasso all'improvviso.,All of the pots and utensils in the kitchen started clanking at once.,Todas las ollas y utensilios en la cocina comenzaron a sonar al mismo tiempo.,ﺑﺪﺃﺕ ﺟﻤﻴﻊ ﺍﻷﻭﺍﻧﻲ ﻭﺍﻷﻃﺒﺎﻕ ﻓﻲ ﺍﻟﻤﻄﺒﺦ ﺗﺼﺪﺭ ﺧﺸﺨﺸﺔ ﺩﻓﻌﺔً ﻭﺍﺣﺪﺓ!,All of the pots and utensils in the kitchen started clanking at once.,All of the pots and utensils in the kitchen started clanking at once.,All of the pots and utensils in the kitchen started clanking at once.
,"And it grew stronger still, until finally, it became so strong that the lid to one of the pots fell off...!","It grew even stronger, so that finally, the lid to one of the pots fell off...! "," It grew even stronger, so that finally, the lid to one of the pots fell off...! ",それはさらに一層強くなり、とうとう一部の鍋は蓋を落としてしまうほどにまでなる…！,それはさらに一層強くなり、とうとう一部の鍋は蓋を落としてしまうほどにまでなる…！,"Лязганье нарастало, и вот один из сосудов упал!..","E ficando cada vez mais fortes, até que finalmente, a tampa de uma das panelas caiu...!",越响越激烈，最终，连一部分锅的盖子都被震落了下来…！,越響越激烈，最終，連一部分鍋的蓋子都被震落了下來…！,"Il rumore si fece ancora più forte, fino a che finalmente, il coperchio di una delle pentole cadde via...!","And it grew stronger still, until finally, it became so strong that the lid to one of the pots fell off...!","¡Y se hizo aún más fuerte, hasta que finalmente, se hizo tan fuerte que la tapa de una de las ollas se cayó!...", ﻭﺍﺯﺩﺍﺩﺕ ﺣﺪﺓً، ﺣﺘﻰ ﺳﻘﻂ ﻏﻄﺎﺀ ﺃﺣﺪ ﺍﻷﻭﺍﻧﻲ...!,"And it grew stronger still, until finally, it became so strong that the lid to one of the pots fell off...!","And it grew stronger still, until finally, it became so strong that the lid to one of the pots fell off...!","And it grew stronger still, until finally, it became so strong that the lid to one of the pots fell off...!"
,"And, ......from inside that pot, .........a slender white arm slowly streeeetched out.","And...from inside that pot, ......a slender white arm reached out. ","And, ......from inside that pot, .........a slender white arm reached out.",そして、……蓋を落とした鍋の中からは、………ぬぅぅっと、白く細い腕が、伸びだす。,そして、……蓋を落とした鍋の中からは、………ぬぅぅっと、白く細い腕が、伸びだす。,И... оттуда... показалась тонкая белая рука.,"E, ......de dentro dela, .........um esguio braço branco se esticooooou para fora.",然后，……从锅盖落下了的锅中，………“唰”地伸出了，雪白纤细的手臂。,然後，……從鍋蓋落下了的鍋中，………“唰”地伸出了，雪白纖細的手臂。,E poi... dall'interno di quella pentola... si allungò un braccio candido e sottile.,"And, ......from inside that pot, .........a slender white arm slowly streeeetched out.",Y... desde el interior de esa olla... un delgado brazo blanco salió lentamente.,ﻭ......ﻣﻦ ﺩﺍﺧﻞ ﺫﻟﻚ ﺍﻟﻘﺪﺭ، ...ﺍﻣﺘﺪﺕ ﺫﺭﺍﻉ ٌﺑﻴﻀﺎﺀ ﻃﻮﻳﻠﺔ.,"And, ......from inside that pot, .........a slender white arm slowly streeeetched out.","And, ......from inside that pot, .........a slender white arm slowly streeeetched out.","And, ......from inside that pot, .........a slender white arm slowly streeeetched out."
,"The lid fell off another pot, and another hand slowly streeeetched out, and anotherrrr, and anotherrrr...","Lids fell off the other pots one after another, and another, and another... "," The lids fell off other pots one after another, and another, and another...",次々に他の鍋も蓋を落とし、ぬぅぅ。ぬぅぅ。ぬぅぅぅ…。,次々に他の鍋も蓋を落とし、ぬぅぅ。ぬぅぅ。ぬぅぅぅ…。,"Крышка упала с одного сосуда, потом со второго, третьего, четвёртого...","A tampa de outra panela caiu, e outra mão lentamente se esticooooou para fora, e oooooutra, e oooooutra...",接着，其他锅盖也接二连三地落下，“唰”。“唰”。“唰”…。,接著，其他鍋蓋也接二連三地落下，“唰”。“唰”。“唰”…。,"I coperchi caddero da altre pentole uno dopo l'altro, e ancora, e ancora...","The lid fell off another pot, and another hand slowly streeeetched out, and anotherrrr, and anotherrrr...","Las tapas de las ollas se cayeron una tras otra, tras otra, y otra...",ﻭﺗﻮﺍﻟﻰ ﺳﻘﻮﻁ ﺑﻘﻴﺔ ﺍﻷﻭﺍﻧﻲ ﺍﻟﻮﺍﺣﺪ ﺗﻠﻮ ﺍﻵﺧﺮ... ﻭﺃﺧﺮ،  ﻭﺃﺧﺮ...,"The lid fell off another pot, and another hand slowly streeeetched out, and anotherrrr, and anotherrrr...","The lid fell off another pot, and another hand slowly streeeetched out, and anotherrrr, and anotherrrr...","The lid fell off another pot, and another hand slowly streeeetched out, and anotherrrr, and anotherrrr..."
Gohda Toshiro,"""Hiiiiiiiii!!! Witches aren't, witches can't be reeeeeal!! I'll never believe iiiiiiiiiit!!""","""Eeeeeeeeeepp!!! As if...as if witches could exiiiist!! As if I'd believe iiiiiiiiiit!!"" ","""Hiiiiiiiii!!! As if, as if witches could exiiiist!! As if I would believe iiiiiiiiiit!!""",「ひいいいいい！！！　魔女なんかッ、魔女なんかいるもんかぁああぁあ！！　信じるもんかああああぁああああ！！」,「ひいいいいい！！！　魔女なんかッ、魔女なんかいるもんかぁああぁあ！！　信じるもんかああああぁああああ！！」,"""Хи‐и‐и‐и!!! Чтобы ведьмы существовали, да ни в жисть! Я ни за что не поверю в это!!!""","""Hiiiiiiiii!!! Bruxas não existem, bruxas não podem ser reaiiiiiis!! Eu nunca vou acreditar niiiiiisso!!""",「嗨咿咿咿咿咿！！！才不会有，才不会有什么魔女呢！！咱才不信呢————————！！」,「嗨咿咿咿咿咿！！！才不會有，才不會有什麼魔女呢！！咱才不信呢————————！！」,"""Hiiiiiiiii!!! Come se, le streghe potessero mai esistere!! Come se potessi crederciiiiiii!!""","""Hiiiiiiiii!!! Witches aren't, witches can't be reeeeeal!! I'll never believe iiiiiiiiiit!!""","""¡¡¡Eeeeeek!!! ¡¡Las brujas no son... las brujas no pueden ser reaaales!! ¡¡Nunca lo creerééé!!""","""ﺇﻳﻴﻴﻴﻴﻴﻴﻴﻴﻴﻪ!!!  ﺍﻟـ-... ﺍﻟﺴﺎﺣﺮﺍﺕ ﻏﻴﺮ- ﺍﻟﺴﺎﺣﺮﺍﺕ ﻏﻴﺮ ﻣﻮﺟﻮﻭﻭﺩﺍﺕ!! ﻟﻦ ﺃﺻﺪﻕ ﻭﺟﻮﻭﻭﻭﻭﺩﻫﻦ!!""","""Hiiiiiiiii!!! Witches aren't, witches can't be reeeeeal!! I'll never believe iiiiiiiiiit!!""","""Hiiiiiiiii!!! Witches aren't, witches can't be reeeeeal!! I'll never believe iiiiiiiiiit!!""","""Hiiiiiiiii!!! Witches aren't, witches can't be reeeeeal!! I'll never believe iiiiiiiiiit!!"""
,"When the number of arms grew to seven, a loud, shrill laughter split the air.","When the number of arms grew to seven, a loud, shrill laughter split the air. ","When the number of arms grew to seven, a loud, shrill laughter split the air.",その腕の数は７本を数えた時、黄色い哄笑が空間を叩き割る。,その腕の数は７本を数えた時、黄色い哄笑が空間を叩き割る。,"Когда количество рук достигло семи, воздух прорезал громкий, пронзительный смех.","Quando o número de braços aumentou para sete, uma alta e estridente risada dividiu o ar.",当手臂的数量到达七时，尖声的哄笑划破了空间。,當手臂的數量到達七時，尖聲的哄笑劃破了空間。,"Quando il numero di braccia arrivò a sette, una risata alta e acuta spezzò l'aria.","When the number of arms grew to seven, a loud, shrill laughter split the air.","Cuando el número de brazos llegó a siete, una carcajada estridente partió el aire.",ﻭﻋﻨﺪﻣﺎ ﻭﺻﻞ ﻋﺪﺩ ﺍﻷﺫﺭﻉ ﺇﻟﻰ ﺳﺒﻌﺔ، ﺩﻭﺕ ﺿﺤﻜﺎﺕٌ ﺻﺎﺭﺧﺔ ﻭﻣﻸﺕ ﺍﻟﻤﻜﺎﻥ.,"When the number of arms grew to seven, a loud, shrill laughter split the air.","When the number of arms grew to seven, a loud, shrill laughter split the air.","When the number of arms grew to seven, a loud, shrill laughter split the air."
Beelzebub,"""What a letdown! It's a reeeeal letdown that a person who can make such delicious food is such a lightweight!!""","""What a letdown! Too bad that someone who can make such delicious food is such a lightweight!!"" ","""What a letdown! It's a real letdown that a person who can make such delicious food is such a lightweight!!""",「がっかりぃ！　これほどのオイシイお料理が作れる人が、こんな小物なんて本当ォにがっかりぃ！！」,「がっかりぃ！　これほどのオイシイお料理を作れる人が、こんな小物なんて本当ォにがっかりぃ！！」,"""Какой отстой! Какой позор, что человек, способный приготовить такую вкусную еду, на самом деле столь ничтожен!""","""Mas que decepcionante! É mesmo decepcionante que uma pessoa que faz uma comida tão deliciosa seja tãooooo devagar!!""",「失望！能做出此等好吃料理之人，竟是这么个小人物，真是令人大失所望！！」,「失望！能做出此等好吃料理之人，竟是這麼個小人物，真是令人大失所望！！」,"""Che delusione! È una vera delusione che una persona che cucina del cibo così delizioso sia un tale smidollato!!""","""What a letdown! It's a reeeeal letdown that a person who can make such delicious food is such a lightweight!!""","""¡Qué decepción! ¡¡Es una verdadera decepción que una persona que puede hacer una comida tan deliciosa sea tan poca cosa!!""","""ﺃﺷﻌﺮ ﺑﺎﻹﺣﺒﺎﻁ! ﺃﻥ ﻳﻜﻮﻥ ﺷﺨﺺٌ ﻗﺎﺩﺭ ﻋﻠﻰ ﺻﻨﻊ ﻫﺬﺍ ﺍﻟﻄﻌﺎﻡ ﺍﻟﺸﻬﻲّ، ﻣﺠﺮﺩ ﺟﺒﺎﻥ ﺗﺎﻓﻪ، ﻳﺎﺍﺍﺍﺍﺍﺍﺍﻩ، ﻳﺎ ﻟﻺﺣﺒﺎﻁ!!!""","""What a letdown! It's a reeeeal letdown that a person who can make such delicious food is such a lightweight!!""","""What a letdown! It's a reeeeal letdown that a person who can make such delicious food is such a lightweight!!""","""What a letdown! It's a reeeeal letdown that a person who can make such delicious food is such a lightweight!!"""
Mammon,"""If you don't need him, I'll take him, he's all mine!!""","""If you don't want him, I'll take him, he's all mine!!"" ","""If you don't need him, I'll take him, he's all mine!!""",「あんた、いんないなら私がもらうわぁッ、いっただきィ！！」,「あんた、いらないんなら私がもらうわぁッ、いっただきィ！！」,"""Если он вам не нужен, то я заберу его, он весь мой!""","""Se você não pegar ele, eu vou pegá‐lo, ele é todo meu!!""",「你不要的话，那就由我收下好了，归我了！！」,「你不要的話，那就由我收下好了，歸我了！！」,"""Se non lo vuoi, lo prenderò io, è tutto mio!!""","""If you don't need him, I'll take him, he's all mine!!""","""¡¡Si no lo quieres, me lo llevo yo, es todo mío!!""","""ﺇﻥ ﻛﻨﺖِ ﻻ ﺗﺮﻳﺪﻳﻨﻪ، ﻓﺴﺂﺧﺬﻩ ﺃﻧﺎ، ﺇﻧﻪ ﻣِﻠﻜﻲ!!""","""If you don't need him, I'll take him, he's all mine!!""","""If you don't need him, I'll take him, he's all mine!!""","""If you don't need him, I'll take him, he's all mine!!"""
Leviathan,"""Wait, I said nooooooooooo!! I'm gonna take him!!""","""Wait, I said nooooooooooo!! I'll take him!!"" ","""Wait, I said nooooooooooo!! I'll take him!!""",「ちょっとォ、駄目だってばぁあああぁ！！私がもらうんだからぁッ！！」,「ちょっとォ、駄目だってばぁあああぁ！！　私がもらうんだからぁッ！！」,"""Стой, кому говорят, не‐е‐е‐е‐е‐е‐е‐е‐т!!! Я его возьму!""","""Espera, eu disse que nãoooooooooo!! Eu vou pegar ele!!""",「等等——，不可以啦—————！！归我嘛～！！」,「等等——，不可以啦—————！！歸我嘛～！！」,"""Aspetta, ho detto di nooooooooooo!! Lo prendo io!!""","""Wait, I said nooooooooooo!! I'm gonna take him!!""","""¡¡Espera, eso no es justo!! ¡¡Yo lo tomaré!!""","""ﻫﻴﻴﻴﻲ! ﻻﺍﺍﺍﺍﺍ، ﻗﻠﺖ ﺇﻧﻨﻲ ﺳﺄﺃﺧﺬﻩ ﺃﻧﺎﺍﺍﺍﺍﺍ!!""","""Wait, I said nooooooooooo!! I'm gonna take him!!""","""Wait, I said nooooooooooo!! I'm gonna take him!!""","""Wait, I said nooooooooooo!! I'm gonna take him!!"""
Gohda Toshiro,"""Huh?! Wha, whaa?!?! HYAAAAAAAAAAAAAAAAAAAAAAAHHH!!""","""Huh?! Wha, whaa?!?! HYAAAAAAAAAAAAAAAAAAAAAAAHHH!!"" ","""Huh?! Wha, whaa?!?! HYAAAAAAAAAAAAAAAAAAAAAAAHHH!!""",「えッ？！　えッえッ？！？！　ひゃああああああああああぁああぁああぁ！！」,「えッ？！　えッえッ？！？！　ひゃああああああああああぁああぁああぁ！！」,"""А?! Чт‐, что‐о‐о?!?! ХЬЯА‐А‐А‐АА‐А‐А‐А‐А‐А‐А‐А‐А‐А‐А‐А‐А!!!""","""Hã?! Que, quêêê?!?! HYAAAAAAAAAAAAAAAAAAAAAAAHHH!!""",「哎？！哎、哎？！？！嗨呀啊啊啊啊啊啊啊啊啊啊啊啊啊啊啊啊啊！！」,「哎？！哎、哎？！？！嗨呀啊啊啊啊啊啊啊啊啊啊啊啊啊啊啊啊啊！！」,"""Huh?! C-Cheee?!?! HYAAAAAAAAAAAAAAAAAAAAAAAHHH!!""","""Huh?! Wha, whaa?!?! HYAAAAAAAAAAAAAAAAAAAAAAAHHH!!""","""¡¿Eh?! ¡¿¡¿Q-Quééé?!?! ¡¡HYAAAAAAAAAAAAAAAAAAAAAAAHHH!!""","""ﻫﺎﻩ؟! ﻫـﺎﻩ؟ ﻫـﺎﺍﺍﻩ؟! ﻫﻴﺎﺍﺍﺍﺍﺍﺍﺍﺍﺍﺍﺍﺍﺍﺍﺍﺍﺍﺍﺍﺍﺍﻩ!!""","""Huh?! Wha, whaa?!?! HYAAAAAAAAAAAAAAAAAAAAAAAHHH!!""","""Huh?! Wha, whaa?!?! HYAAAAAAAAAAAAAAAAAAAAAAAHHH!!""","""Huh?! Wha, whaa?!?! HYAAAAAAAAAAAAAAAAAAAAAAAHHH!!"""
,"""""""""Kyahahahahahahaha!!!""""""""","""""""""Kyahahahahahahaha!!!"""""""" ","""""""""Kyahahahahahahaha!!!""""""""",「「「「きゃっははははははは！！！」」」」,「「「「きゃっははははははは！！！」」」」,"""""""""Кья‐ха‐ха‐ха‐ха‐ха‐ха‐ха‐ха‐ха!!!""""""""","""""""""Kyahahahahahahaha!!!""""""""",「「「「呀、哈哈哈哈哈哈哈！！！」」」」,「「「「呀、哈哈哈哈哈哈哈！！！」」」」,"""""""""Kyahahahahahahaha!!!""""""""","""""""""Kyahahahahahahaha!!!""""""""","""""""""¡¡¡Kyajajajajajajaja!!!""""""""","""""""""ﻛﺎﻫﺎﻫﺎﻫﺎﻫﺎﻫﺎﻫﺎﻫﺎﻫﺎ!!!""""""""""","""""""""Kyahahahahahahaha!!!""""""""","""""""""Kyahahahahahahaha!!!""""""""","""""""""Kyahahahahahahaha!!!"""""""""
,"Come on, let's search, there's only one more.{n}That old hag! Where is she?{n}Not the mansion, maybe the guesthouse?","Come on, let's search, there's only one more. That old hag! Where is she? She isn't in the mansion, what about the guesthouse? ","Come on, let's search, there's only one more. That old hag! Where is she? She isn't in the mansion, what about the guesthouse? ",さぁ、探そう、あとは１人だ。おいぼれのババアだ！どこにいるの？屋敷じゃないよ、ゲストハウスかな？,さぁ、探そう、あとは１人だ。{n}おいぼれのババアだ！　どこにいるの？{n}屋敷じゃないよ、ゲストハウスかな？,"Ладно, давайте искать дальше. Должна быть ещё одна.{n}Та старая клюшка! Где она?{n}Её нет в особняке. Как насчёт домика для гостей?","Vamos, vamos procurar, ainda tem um.{n}Aquela velha! Onde ela está?{n}Não está na mansão, talvez na casa de hóspedes?",来，接着找，还差一人。{n}就那个死老太婆了！在哪儿呢？{n}没在大屋，是在宾馆吗？,來，接著找，還差一人。{n}就那個死老太婆了！在哪兒呢？{n}沒在大屋，是在賓館嗎？,"Su, andiamo a cercarla, ne resta solo una. Quella vecchiaccia! Dove si è cacciata? Non è nella villa, forse nella casa degli ospiti?","Come on, let's search, there's only one more.{n}That old hag! Where is she?{n}Not the mansion, maybe the guesthouse?","Vamos, busquemos, solo falta uno más.{n}¡Esa vieja bruja! ¿Dónde está?{n}Ella no está en la mansión, ¿qué tal en la casa de huéspedes?",ﻫﻴﺎ ﺑﻨﺎ ﻟﻨﻜﻤﻞ ﺍﻟﺒﺤﺚ، ﺑﻘﻲ ﻭﺍﺣﺪ ﻓﻘﻂ.{n}ﺗﻠﻚ ﺍﻟﻌﺠﻮﺯ ﺍﻟﺸﻤﻄﺎﺀ!! ﺃﻳﻦ ﻫﻲ؟{n}ﺑﻤﺎ ﺃﻧﻬﺎ ﻟﻴﺴﺖ ﻓﻲ ﺍﻟﻘﺼﺮ، ﻓﺮﺑﻤﺎ ﻓﻲ ﻣﻨﺰﻝ ﺍﻟﻀﻴﺎﻓﺔ؟,"Come on, let's search, there's only one more.{n}That old hag! Where is she?{n}Not the mansion, maybe the guesthouse?","Come on, let's search, there's only one more.{n}That old hag! Where is she?{n}Not the mansion, maybe the guesthouse?","Come on, let's search, there's only one more.{n}That old hag! Where is she?{n}Not the mansion, maybe the guesthouse?"
,"Kuhihihihi, you snooze you lose, right, you snooze you lose, right?!","Kuhihihihi, first one wins, first one wins, right?! ","Kuhihihihi, first one wins, first one wins, right?! ",くっひひひひ、早い者勝ちだよね、早い者勝ちだよね？！,くっひひひひ、早い者勝ちだよね、早い者勝ちだよね？！,"Ку‐хи‐хи‐хи‐хи‐хи, кто первая, та и выиграла, кто первая, та и выиграла, верно?!","Kuhihihihi, você dorme, você perde, você dorme, você perde, certo?!",咕、嘻嘻嘻嘻，先下手者为强，先下手者为强哦？！,咕、嘻嘻嘻嘻，先下手者為強，先下手者為強哦？！,"Kuhihihihi, la prima che la trova vince, la prima che la trova vince, giusto?!","Kuhihihihi, you snooze you lose, right, you snooze you lose, right?!","Kujijijiji, la primera gana, la primera gana, ¡¿verdad?!",ﻛﻴﻬﻴﻬﻴﻬﻴﻬﻲ، ﺳﺘﻜﻮﻥ ﻣﻦ ﻧﺼﻴﺐ ﻣﻦ ﻳﺠﺪﻫﺎ ﺃﻭﻻً، ﺻﺤﻴﺢ؟,"Kuhihihihi, you snooze you lose, right, you snooze you lose, right?!","Kuhihihihi, you snooze you lose, right, you snooze you lose, right?!","Kuhihihihi, you snooze you lose, right, you snooze you lose, right?!"
,"Come on, search search, find her find her...!","Come on, search, search, find her, find her...! ","Come on, search search, find her find her...! ",さぁ、探せ探せ、見つけろ見つけろ…！,さぁ、探せ探せ、見つけろ見つけろ…！,"Вперёд, отыскать, выследить, найти её!","Vamos, procurem, procurem, encontrem ela, encontrem ela...!",来，找、找，找出来找出来…！,來，找、找，找出來找出來…！,"Andiamo, cercate cercate, trovatela trovatela...!","Come on, search search, find her find her...!","¡Vamos, busquen busquen, encuéntrenla encuéntrenla!...",ﻫﻴّﺎ، ﺍﺑﺤﺜﻮﺍ... ﺍﺑﺤﺜﻮﺍ... ﺍﻋﺜﺮﻭﺍ ﻋﻠﻴﻬﺎ، ﺍﻋﺜﺮﻭﺍ ﻋﻠﻴﻬﺎ...!,"Come on, search search, find her find her...!","Come on, search search, find her find her...!","Come on, search search, find her find her...!"
,Don't get noticed by the relatives in the dining hall?,"Don't be noticed by the relatives in the dining hall, right? ","Don't be noticed by the relatives in the dining hall, right? ",食堂の親族たちには気付かれるな？,食堂の親族たちには気付かれるな？,"Не окажитесь замеченными родственниками в обеденном зале, ладно?",Não sejam notadas por nenhum parente na sala de jantar!,可不要被在餐厅的亲戚们发觉哦？,可不要被在餐廳的親戚們發覺哦？,"Non fatevi vedere dai parenti nella sala da pranzo, ok?",Don't get noticed by the relatives in the dining hall?,"No sean vistas por los familiares en el comedor, ¿está bien?",ﻻ ﺗﺪﻋﻮﺍ ﺍﻷﻗﺎﺭﺏ ﻓﻲ ﻏﺮﻓﺔ ﺍﻟﻄﻌﺎﻡ ﻳﺸﻌﺮﻭﻥ ﺑﻮﺟﻮﺩﻛﻢ.,Don't get noticed by the relatives in the dining hall?,Don't get noticed by the relatives in the dining hall?,Don't get noticed by the relatives in the dining hall?
,Don't get noticed by the kids in the guesthouse?,"And don't get noticed by the kids in the guesthouse, right? ","And don't get noticed by the kids in the guesthouse, right? ",ゲストハウスの子どもたちには気付かれるな？,ゲストハウスの子どもたちには気付かれるな？,"А также детьми в домике для гостей, хорошо?",Não sejam notadas pelas crianças na casa de hóspedes!,可不要被在宾馆的小孩们发觉哦？,可不要被在賓館的小孩們發覺哦？,"E non fatevi notare dai ragazzini nella casa degli ospiti, d'accordo?",Don't get noticed by the kids in the guesthouse?,"Y no se dejen ver por los niños en la casa de huéspedes, ¿bien?",ﻭﺃﻳﻀًﺎ ﺍﻷﻃﻔﺎﻝ ﻓﻲ ﻣﻨﺰﻝ ﺍﻟﻀﻴﺎﻓﺔ، ﻣﻔﻬﻮﻡ؟,Don't get noticed by the kids in the guesthouse?,Don't get noticed by the kids in the guesthouse?,Don't get noticed by the kids in the guesthouse?
,"Search in silence, kill in silence!{n}After all, it's still just the first twilight!","Search in silence, kill in silence! After all, it's still just the first twilight! ","Search in silence, kill in silence! After all, it's still just the first twilight! ",静かに探せ、静かに殺せ！何たってまだまだ第一の晩！,静かに探せ、静かに殺せ！{n}何たってまだまだ第一の晩！,Искать тихо и убить тихо!{n}Ведь всё‐таки это пока лишь первые сумерки!,"Procurem em silêncio, matem em silêncio!{n}Afinal, é apenas o primeiro crepúsculo!",静静地找，静静地杀！{n}毕竟这才是第一晚！,靜靜地找，靜靜地殺！{n}畢竟這才是第一晚！,"Cercate in silenzio, uccidete in silenzio! Dopotutto, siamo ancora soltanto al primo crepuscolo!","Search in silence, kill in silence!{n}After all, it's still just the first twilight!","¡Busquen en silencio, maten en silencio!{n}¡Después de todo, es apenas el primer crepúsculo!",ﺍﺑﺤﺜﻮﺍ ﻭﺍﻗﺘﻠﻮﺍ ﺑﺼﻤﺖ!{n}ﻓﻼ ﺯﻟﻨﺎ ﻓﻲ ﺍﻟﻐﺴﻖ ﺍﻷﻭﻝ!,"Search in silence, kill in silence!{n}After all, it's still just the first twilight!","Search in silence, kill in silence!{n}After all, it's still just the first twilight!","Search in silence, kill in silence!{n}After all, it's still just the first twilight!"
,She isn't in the guesthouse.{n}But she wasn't in the mansion either?,"She isn't in the guesthouse. But she wasn't in the mansion either, right? ","She isn't in the guesthouse. But she isn't in the mansion either? ",ゲストハウスにはいない。でも屋敷にもいなかったよ？,ゲストハウスにはいない。{n}でも屋敷にもいなかったよ？,Её нет в домике для гостей.{n}В особняке тоже?,Ela não está na casa de hóspedes.{n}Mas ela também não está na mansão?,不在宾馆。{n}但是，不也没在大屋里么？,不在賓館。{n}但是，不也沒在大屋裡麼？,Non è nella casa degli ospiti. Ma non è nemmeno nella villa?,She isn't in the guesthouse.{n}But she wasn't in the mansion either?,Ella no está en la casa de huéspedes.{n}¿Pero tampoco estaba en la mansión?,ﺇﻧﻬﺎ ﻟﻴﺴﺖ ﻓﻲ ﻣﻨﺰﻝ ﺍﻟﻀﻴﺎﻓﺔ.{n}ﻭﻻ ﻓﻲ ﺍﻟﻘﺼﺮ ﺃﻳﻀًﺎ!,She isn't in the guesthouse.{n}But she wasn't in the mansion either?,She isn't in the guesthouse.{n}But she wasn't in the mansion either?,She isn't in the guesthouse.{n}But she wasn't in the mansion either?
,"Hey hey, I found her, I found her, she's in the rose garden.{n}Why's she standing around there without an umbrella?","Hey, hey, I found her, I found her, she's in the rose garden. Why's she standing around there without an umbrella? ","Hey hey, I found her, I found her, she's in the rose garden. Why's she standing around there without an umbrella? ",おいおい、見つけた見つけた、薔薇庭園だよ。こいつ、傘も差さずに何をぼんやり？,おいおい、見つけた見つけた、薔薇庭園だよ。{n}こいつ、傘も差さずに何をぼんやり？,"Эй, эй, я нашла её, нашла, она в розарии.{n}Чего это она стоит там без зонтика?","Ei, ei, eu encontrei ela, eu encontrei ela, ela está no jardim de rosas.{n}Por que ela está lá parada sem um guarda‐chuva?",喂喂，找到啦找到啦，在玫瑰庭园。{n}这老太婆，伞也不撑，发什么傻呢？,喂喂，找到啦找到啦，在玫瑰庭園。{n}這老太婆，傘也不撐，發什麼傻呢？,"Ehi ehi, l'ho trovata, l'ho trovata, è nel roseto. Perché se ne sta lì senza un ombrello?","Hey hey, I found her, I found her, she's in the rose garden.{n}Why's she standing around there without an umbrella?","Oigan oigan, la encontré, la encontré, está en el jardín de rosas.{n}¿Por qué está ahí parada sin un paraguas?",ﻣﻬﻼً، ﻭﺟﺪﺗﻬﺎ، ﻭﺟﺪﺗﻬﺎ! ﻓﻲ ﺣﺪﻳﻘﺔ ﺍﻟﻮﺭﻭﺩ!{n}ﻟﻤﺎﺫﺍ ﻫﻲ ﻭﺍﻗﻔﺔٌ ﻫﻨﺎﻙ ﺩﻭﻥ ﻣﻈﻠﺔ؟,"Hey hey, I found her, I found her, she's in the rose garden.{n}Why's she standing around there without an umbrella?","Hey hey, I found her, I found her, she's in the rose garden.{n}Why's she standing around there without an umbrella?","Hey hey, I found her, I found her, she's in the rose garden.{n}Why's she standing around there without an umbrella?"
,"She's given herself up, all mine all mine all miiine!{n}You slowpokes can just sit there and watch!","She's already given up, all mine, all mine, all miiine! You blockheads can just sit there and watch! ","I'm ready, all mine all mine all mi-ne! You blockheads can just sit there and watch! ",観念したんだよ、いただきいただき、いっただきぃ！　ノロマなあんたたちはぼんやり見てればいいのよ！,観念したんだよ、いただきいただき、いっただきぃ！{n}ノロマなあんたたちはぼんやり見てればいいのよ！,"Готова, моя‐моя‐моя!{n}А вы, дуры набитые, сидите и смотрите!","Ela já desistiu, é toda minha, toda minha toda minhaaaa!{n}Suas lerdas, podem ficar sentadas e assistir!",她一定是认命了哦，归我了归我了，归我了！{n}你们这帮慢乌龟，就在边上傻傻看着算了！,她一定是認命了哦，歸我了歸我了，歸我了！{n}你們這幫慢烏龜，就在邊上傻傻看著算了！,"Sono pronta, tutta mia tutta mia tutta mia! Voialtre sceme potete anche restarvene sedute a guardare!","She's given herself up, all mine all mine all miiine!{n}You slowpokes can just sit there and watch!","¡Estoy lista, es toda mía toda mía toda mííía!{n}¡Ustedes estúpidas pueden sentarse y mirar!",ﻟﻘﺪ ﺍﺳﺘﺴﻠﻤﺖ ﺑﺎﻟﻔﻌﻞ، ﺇﻧﻬﺎ ﻣِﻠﻜﻲ، ﻣِﻠﻜﻲ ﻭﺣﺪﻱ!{n}ﻳﺎ ﻟﻜﻦ ﻣﻦّ ﻏﺒﻴﺎﺕ، ﻗﻔﻦَّ ﻣﻜﺎﻧﻜﻦ ﻭﺷﺎﻫﺪﻥَ ﻓﺤﺴﺐ!,"She's given herself up, all mine all mine all miiine!{n}You slowpokes can just sit there and watch!","She's given herself up, all mine all mine all miiine!{n}You slowpokes can just sit there and watch!","She's given herself up, all mine all mine all miiine!{n}You slowpokes can just sit there and watch!"
,"I told you, nooooooo, this one's miiiiiiiiiiiiine!!","I told you, nooooooo, this one's miiiiiiiiiiiiine!! ","I told you, nooooooo, this one's miiiiiiiiiiiiine!! ",だから駄目ぇえええぇ、今度は私がもらうのぉおおおおぉおお！！,だから駄目ぇえええぇ、今度は私がもらうのぉおおおおぉおお！！,"Я же тебе сказала, не‐е‐е‐е‐е‐те, она моя‐а‐а‐а‐а‐а‐а‐а!!!","Eu já disse, nãoooooo, essa é minhaaaaaaaaaaaa!!",不要啊—————，这次给我嘛————————！！,不要啊—————，這次給我嘛————————！！,"Te l'ho detto, nooooooo, questa qui è miiiaaaaaaaaaa!!","I told you, nooooooo, this one's miiiiiiiiiiiiine!!","¡¡Se los dije, nooooooo, esta es míííííííííííííííííía!!",ﻗﻠﺖُ ﻟﻚ ﻻﺍﺍﺍﺍﺍﺍﺍ، ﺇﻧﻬﺎﺍﺍﺍﺍﺍ ﻣِﻠﻜﻲ!!,"I told you, nooooooo, this one's miiiiiiiiiiiiine!!","I told you, nooooooo, this one's miiiiiiiiiiiiine!!","I told you, nooooooo, this one's miiiiiiiiiiiiine!!"
,"Come on, if we take any longer we'll be scolded by {f:5:Beatrice}‐sama! Let's take care of it all at once!","Come on, if we take any longer, we'll be scolded by {f:5:Beatrice}-sama! Let's take care of it all at once! ","Come on, if we take any longer we'll be scolded by Beatrice-sama! Let's take care of it all at once!",さぁ、これ以上時間を掛けたらベアトリーチェさまに折檻されるよ！　一気に片付けてやる！,さぁ、これ以上時間を掛けたらベアトリーチェさまに折檻されるよ！　一気に片付けてやる！,"Хватит, если мы тут задержимся, {f:5:Беатриче}‐сама нас вздует! Давайте разберёмся с ней все вместе разом!","Vamos, se demorarmos muito, a {f:5:Beatrice}‐sama vai nos repreender! Vamos cuidar de tudo de uma vez!",好了，再磨蹭下去，就会受贝阿朵莉切夫人的责罚了！一口气解决掉！,好了，再磨蹭下去，就會受貝阿朵莉切夫人的責罰了！一口氣解決掉！,"Muoviamoci, se perdiamo altro tempo saremo sgridate da Beatrice-sama! Sistemiamo tutto subito!","Come on, if we take any longer we'll be scolded by {f:5:Beatrice}‐sama! Let's take care of it all at once!","¡Vamos, si nos tardamos más seremos regañadas por {f:5:Beatrice}‐sama! ¡Encarguémonos de esto todas al mismo tiempo!",ﺑﺴﺮﻋﺔ، ﺳﺘﻮﺑﺨﻨﺎ {f:7:ﺑﻴﺎﺗﺮﻳﺲ}-ﺳﺎﻣﺎ ﻟﻮ ﺍﺳﺘﻐﺮﻗﻨﺎ ﻭﻗﺘًﺎ ﺃﻛﺜﺮ ﻣﻤﺎ ﻳﻨﺒﻐﻲ! ﻟﻨﻬﺠﻢ ﻋﻠﻴﻬﺎ ﺟﻤﻴﻌﻨﺎ ﺩﻓﻌﺔً ﻭﺍﺣﺪﺓ!,"Come on, if we take any longer we'll be scolded by {f:5:Beatrice}‐sama! Let's take care of it all at once!","Come on, if we take any longer we'll be scolded by {f:5:Beatrice}‐sama! Let's take care of it all at once!","Come on, if we take any longer we'll be scolded by {f:5:Beatrice}‐sama! Let's take care of it all at once!"
Kumasawa Chiyo,""".......................................""","""............"" ","""........................""",「…………………………………。」,「…………………………………」,"""........................""",""".......................................""",「…………………………………」,「…………………………………」,"""...""",""".......................................""","""...""",""".......................................""",""".......................................""",""".......................................""","""......................................."""
,"Come on, found her, surrounded her! Come on, let's get along and do it all at once, okay?! Diiiiiiiiiiiiiiiiiiiiiiiie!!!","There, found her, surrounded her! Come on, let's get along and do it all at once, okay?! Diiiiiiiiiiiiiiiiiiiiiiiie!!! ","Come on, found her, surrounded her! Come on, let's get along and do it all at once, okay?! Diiiiiiiiiiiiiiiiiiiiiiiie!!!",さぁ、見つけた取り囲んだ！　さぁ仲良く一度に行くよ？！　死ねえええええええええええぇえええッ！！！,さぁ、見つけた取り囲んだ！　さぁ仲良く一度に行くよ？！　死ねえええええええええええぇえええッ！！！,"Вперёд, ату её, окружай её! Ну что, давайте поладим и все вместе одновременно, договорились?! Умри‐и‐и‐и‐и‐и‐и‐и‐и!!!","Vamos, encontrem ela, cerquem ela! Vamos, vamos nos dar bem e fazer tudo de uma vez, certo! Moraaaaaaaaaaaaaaaaaaaaaa!!!",好，找到了围住了！来，相亲相爱地一起上哦？！去死吧————————————————！！！,好，找到了圍住了！來，相親相愛地一起上哦？！去死吧————————————————！！！,"Forza, l'abbiamo trovata, l'abbiamo circondata! Andiamo, andiamo d'accordo e facciamolo tutte insieme, ok?! Muoooooriiiiiiiiiiiiiiii!!!","Come on, found her, surrounded her! Come on, let's get along and do it all at once, okay?! Diiiiiiiiiiiiiiiiiiiiiiiie!!!","¡Vamos, la encontramos, la rodeamos! ¡Vamos, llevémonos bien y hagámoslo de una vez, ¿de acuerdo?! ¡¡¡Mueeeeeeeeeere!!!",ﻫﻨﺎﻙ، ﺟﺪﻭﻫﺎ ﻭﺣﺎﺻﺮﻭﻫﺎ! ﺍﻵﻥ، ﺳﻮﻳًﺎ، ﻟﻨﻨﻘﺾّ ﻣﺮﺓ ﻭﺍﺣﺪﺓ! ﻓﻠﺘﻤﻮﻭﻭﻭﻭﺗﻲ!!!,"Come on, found her, surrounded her! Come on, let's get along and do it all at once, okay?! Diiiiiiiiiiiiiiiiiiiiiiiie!!!","Come on, found her, surrounded her! Come on, let's get along and do it all at once, okay?! Diiiiiiiiiiiiiiiiiiiiiiiie!!!","Come on, found her, surrounded her! Come on, let's get along and do it all at once, okay?! Diiiiiiiiiiiiiiiiiiiiiiiie!!!"
Asmodeus,""".........Eeeh...? .........Huh?""","""......Huuuh...? ......What?"" ",""".........Eeeh...? .........Huh?""",「………えぇ…？　………あれぇ？」,「………えぇ…？　………あれぇ？」,""".........Э‐э?... .........А?""",""".........Eeeh...? .........Hã?""",「………哎哎…？………啊咧？」,「………哎哎…？………啊咧？」,"""... Eeeh...? ... Huh?""",""".........Eeeh...? .........Huh?""","""... ¿Eeeh?... ¿Uh?""",""".........ﺇﻳﻴﻪ؟ .........ﻫﺎﻩ؟""",""".........Eeeh...? .........Huh?""",""".........Eeeh...? .........Huh?""",""".........Eeeh...? .........Huh?"""
Lucifer,"""Wh‐......what is......this...""","""Wh‐ What is... this...?"" ","""Wh, ......what is, ...this...""",「なっ、……何よ、…これぇ…。」,「なっ、……何よ、…これぇ…」,"""Чт... что за... это...""","""O‐......O que é......isso...?!""",「什、……什么呀，…这个…」,「什、……什麼呀，…這個…」,"""C... Che sta... succedendo...""","""Wh‐......what is......this...""","""¿Q‐Qué es... esto?...""","""ﻣـ.........ﻣﺎ ﺍﻟﺬﻱ......ﻳﺤﺪﺙ...؟""","""Wh‐......what is......this...""","""Wh‐......what is......this...""","""Wh‐......what is......this..."""
Kumasawa Chiyo,"""............Hoh‐hoh‐hoh‐ho. What naughty girls. ...Could you be friends of that child...?""","""......Hohohohoh. What naughty girls. ...You wouldn't happen to be friends of that child, would you...?"" ","""............Hoh-hoh-hoh-ho. What naughty girls. ...Could you be friends of that child...?""",「…………ほっほっほっほ。やんちゃなお嬢さんたちだこと。…あの子のお友達かしら…？」,「…………ほっほっほっほ。やんちゃなお嬢さんたちだこと。…あの子のお友達かしら…？」,"""............Хо‐хо‐хо‐хо. Какие озорные девочки. ...Уж не подруги ли вы того ребёнка?..""","""............Hoh‐hoh‐hoh‐ho. Que garotas mais safadinhas. ...Seriam amigas daquela criança...?""",「…………嚯嚯嚯嚯。好一群顽皮的小妹妹呢。…你们是那孩子的朋友吗…？」,「…………嚯嚯嚯嚯。好一群頑皮的小妹妹呢。…你們是那孩子的朋友嗎…？」,"""... Hoh-hoh-hoh-ho. Che ragazzacce. ... Forse siete amiche di quella bambina...?""","""............Hoh‐hoh‐hoh‐ho. What naughty girls. ...Could you be friends of that child...?""","""... Jo-jo-jo-jo. Qué chicas tan traviesas... ¿Son amigas de esa niña?...""",""".....ﻫﻮﻩ-ﻫﻮﻩ-ﻫﻮﻩ-ﻫﻮ. ﻳﺎ ﻟﻜﻦَّ ﻣﻦ ﻓﺘﻴﺎﺕ ﺷﻘﻴﺎﺕ. ...ﻫﻞ ﺃﻧﺘﻦَّ ﺻﺪﻳﻘﺎﺕ ﺗﻠﻚ ﺍﻟﻄﻔﻠﺔ ...؟""","""............Hoh‐hoh‐hoh‐ho. What naughty girls. ...Could you be friends of that child...?""","""............Hoh‐hoh‐hoh‐ho. What naughty girls. ...Could you be friends of that child...?""","""............Hoh‐hoh‐hoh‐ho. What naughty girls. ...Could you be friends of that child...?"""
Leviathan,"""...What is with this............o‐old hag...?!""","""...Just what is this......this old hag...?!"" ","""...What is this, .........you old hag...!""",「…何こいつ、…………バ、ババアのくせに…！」,「…何こいつ、…………バ、ババアのくせに…！」,"""...Какого... Ты, старая кошёлка!""","""...O que é isso............s‐sua velha...?!""",「…什么呀，这家伙，…………区区老太婆，竟能…！」,「…什麼呀，這傢伙，…………區區老太婆，竟能…！」,"""... Che significa questo... razza di vecchiaccia...!""","""...What is with this............o‐old hag...?!""","""... ¡¿Qué es esto... vieja bruja?!...""","""...ﻣﺎ ﺧﻄﺐ ﻫﺬﻩ ﺍﻟﻌﺠﻮﺯ ﺍﻟﺸﻤﻄﺎﺀ...؟!","""...What is with this............o‐old hag...?!""","""...What is with this............o‐old hag...?!""","""...What is with this............o‐old hag...?!"""
Satan,"""There's got to be some mistake!! One more time!!""","""There's got to be some mistake!! One more time!!"" ","""There's got to be some mistake!! One more time!!""",「何かの間違いよ！！もう一度ッ！！」,「何かの間違いよ！！　もう一度ッ！！」,"""Тут, должно быть, какая‐то ошибка! Ещё раз!""","""Deve haver algum engano!! Mais uma vez!!""",「一定是哪里出错了！！再来一次！！」,「一定是哪裡出錯了！！再來一次！！」,"""Dev'esserci un errore!! Di nuovo!!""","""There's got to be some mistake!! One more time!!""","""¡¡Debe haber algún error!! ¡¡De nuevo!!""","""ﻻ ﺑﺪّ ﻭﺃﻥ ﻫﻨﺎﻙ ﺧﻄًﺄ ﻣﺎ!! ﻟﻨﻬﺠﻢ ﻣﺮﺓ ﺃﺧﺮﻯ!!""","""There's got to be some mistake!! One more time!!""","""There's got to be some mistake!! One more time!!""","""There's got to be some mistake!! One more time!!"""
Beelzebub,"""......Why can she defend against us?!""","""...Why can she defend against us?!"" ","""......Why can she defend against us?!""",「……こいつ、どうして私たちを防げるの？！」,「……こいつ、どうして私たちを防げるの？！」,"""......Почему она способна защититься от нас?!""","""......Por que ela consegue se defender da gente?!""",「……这家伙，为什么能挡住我们？！」,「……這傢伙，為什麼能擋住我們？！」,"""... Perché riesce a difendersi da noi?!""","""......Why can she defend against us?!""","""... ¡¿Por qué ella se puede defender de nosotras?!""","""....ﻟﻤﺎﺫﺍ ﺗﺴﺘﻄﻴﻊ ﺻﺪَّﻧﺎ....؟""","""......Why can she defend against us?!""","""......Why can she defend against us?!""","""......Why can she defend against us?!"""
Mammon,"""Move aside! One more time!!!""","""Move aside! One more time!!!"" ","""Move aside! One more time!!!""",「どいてッ！　もう一度よッ！！！」,「どいてッ！　もう一度よッ！！！」,"""Подвинься! Ещё раз!!!""","""Mexam‐se! Mais uma vez!!!""",「让开！再来一次！！！」,「讓開！再來一次！！！」,"""Spostatevi! Proviamo di nuovo!!!""","""Move aside! One more time!!!""","""¡Muévanse a un lado! ¡¡¡Una vez más!!!""","""ﺍﺑﺘﻌﺪﻥَّ! ﺳﺄﺣﺎﻭﻝ ﻣﺠﺪﺩﺍً!!!""","""Move aside! One more time!!!""","""Move aside! One more time!!!""","""Move aside! One more time!!!"""
Belphegor,"""............No matter how often you try, it's useless. This person...is good.""","""......No matter how often you try, it won't work. This person...is good."" ","""............No matter how often you try, it's useless. This person, ...is good.""",「…………何度やっても無駄だ。この御仁、…出来る。」,「…………何度やっても無駄だ。この御仁、…出来る」,"""............Пытайтесь сколько угодно, всё равно не преуспеете. А она... ничего.""","""............Não importa quantas vezes vocês tentem, é inútil. Essa senhora...é capacitada.""",「…………再来多少次都没用。这位贵人，…非同小可。」,「…………再來多少次都沒用。這位貴人，…非同小可。」,"""... Anche se ci riprovi, è inutile. Questa persona... è forte.""","""............No matter how often you try, it's useless. This person...is good.""","""... No importa cuánto lo intentes, es inútil. Esta persona... es buena.""","""...ﻣﻬﻤﺎ ﺣﺎﻭﻟﻨﺎ ﺍﻟﻘﻀﺎﺀ ﻋﻠﻴﻬﺎ ﻻ ﻧﺴﺘﻄﻴﻊ. ﻫﺬﺍ ﺍﻟﺸﺨﺺ... ﻗﻮﻱ.""","""............No matter how often you try, it's useless. This person...is good.""","""............No matter how often you try, it's useless. This person...is good.""","""............No matter how often you try, it's useless. This person...is good."""
Kumasawa Chiyo,"""...............I am waiting for that child. Would you mind calling for her?""","""......I am waiting for that child. Would you mind calling for her?"" ","""............I am waiting for that child. Would you mind calling for her?""",「……………私はあの子を待っているのです。どうか呼んできてはくれませんか？」,「……………私はあの子を待っているのです。どうか呼んできてはくれませんか？」,"""............Я жду это дитя. Вас не затруднит позвать её?""","""...............Eu estou esperando por aquela criança. Se importariam de chamar ela para mim?""",「……………我正等着那位孩子。可否请诸位小妹妹将她叫来呢？」,「……………我正等著那位孩子。可否請諸位小妹妹將她叫來呢？」,"""... Sto aspettando quella bambina. Vi dispiacerebbe chiamarla?""","""...............I am waiting for that child. Would you mind calling for her?""","""... Estoy esperando a esa niña. ¿Les molestaría llamarle?""","""...ﺃﻧﺎ ﻓﻲ ﺍﻧﺘﻈﺎﺭ ﺗﻠﻚ ﺍﻟﻄﻔﻠﺔ. ﻫﻼَّ ﻧﺎﺩﻳﺘﻦَّ ﻋﻠﻴﻬﺎ ﻣﻦ ﺃﺟﻠﻲ...؟""","""...............I am waiting for that child. Would you mind calling for her?""","""...............I am waiting for that child. Would you mind calling for her?""","""...............I am waiting for that child. Would you mind calling for her?"""
Lucifer,"""D‐do you think we'd be apprenticed to you like that?!""","""D-Do you really expect us to run errands for you like that?!"" ","""D, do you think we'd be apprenticed to you like that?!""",「そ、そのような丁稚奉公、私たちがすると思うッ？！」,「そ、そのような丁稚奉公、私たちがすると思うッ？！」,"""Д‐думаешь, можешь нами так распоряжаться?!""","""A‐Acha mesmo que vamos obedecer você assim?!""",「还、还以为我们会听你这般使唤？！」,「還、還以為我們會聽你這般使喚？！」,"""P-Pensi che ci faremo trattare come se fossimo tue discepole senza discutere?!""","""D‐do you think we'd be apprenticed to you like that?!""","""¡¿Cre-Crees que te obedeceremos o qué?!""","""ﻫﻞ ﺗﻈﻨﻴﻦ ﺃﻧﻨﺎ ﺳﻨﻄﻴﻊ ﺃﻭﺍﻣﺮﻙِ ﺑﻬﺬﻩ ﺍﻟﺒﺴﺎﻃﺔ؟""","""D‐do you think we'd be apprenticed to you like that?!""","""D‐do you think we'd be apprenticed to you like that?!""","""D‐do you think we'd be apprenticed to you like that?!"""
{f:5:Beatrice},"""There's no need.""","""There's no need."" ","""There's no need.""",「その必要はない。」,「その必要はない」,"""В этом нет необходимости.""","""Não há necessidade.""",「没这必要。」,「沒這必要。」,"""Non ce n'è bisogno.""","""There's no need.""","""No es necesario.""","""ﻻ ﺣﺎﺟﺔ ﻟﺬﻟﻚ.""","""There's no need.""","""There's no need.""","""There's no need."""
Lucifer,"""{f:5:Beatrice}‐sama...!""","""{f:5:Beatrice}-sama...!"" ","""Beatrice-sama...!""",「ベアトリーチェさま…！」,「ベアトリーチェさま…！」,"""{f:5:Беатриче}‐сама!..""","""{f:5:Beatrice}‐sama...!""",「贝阿朵莉切夫人…！」,「貝阿朵莉切夫人…！」,"""Beatrice-sama...!""","""{f:5:Beatrice}‐sama...!""","""¡{f:5:Beatrice}‐sama!...""","""{f:7:ﺑﻴﺎﺗﺮﻳﺲ}-ﺳﺎﻣﺎ...!""","""{f:5:Beatrice}‐sama...!""","""{f:5:Beatrice}‐sama...!""","""{f:5:Beatrice}‐sama...!"""
Ronove,"""............It was sufficient for even myself to manifest. ...I was sure that you would awaken.""","""......After all, even I have manifested by now. ...I was certain that you had awakened."" ","""............It's enough to make me manifest myself. ...I was sure that you had awakened.""",「…………私が顕現するほどでございます。…必ずやお目覚めと思いました。」,「…………私が顕現するほどでございます。…必ずやお目覚めと思いました」,"""............Мне уже хватает сил для воплощения. ...Уверен, и вы тоже пробудились.""","""............Foi o suficiente para fazer eu mesmo me manifestar. ...Eu tinha certeza que despertaria.""",「…………毕竟都能让我显现了啊。…我就知道，您必会苏醒。」,「…………畢竟都能讓我顯現了啊。…我就知道，您必會甦醒。」,"""... È stato sufficiente a farmi decidere di comparire. ... Ero certo che si fosse risvegliata.""","""............It was sufficient for even myself to manifest. ...I was sure that you would awaken.""","""... Fue suficiente para que incluso yo me manifestara... Estaba seguro de que habías despertado.""","""...ﺣﺘﻰ ﺃﻧﺎ ﺗﺠﺴﺪﺕ. ﻟﺬﺍ ﻛﻨﺖُ ﻭﺍﺛﻘًﺎ ﻣﻦ ﺇﺳﺘﻴﻘﺎﻇﻚِ ﻓﻲ ﺍﻟﻨﻬﺎﻳﺔ.""","""............It was sufficient for even myself to manifest. ...I was sure that you would awaken.""","""............It was sufficient for even myself to manifest. ...I was sure that you would awaken.""","""............It was sufficient for even myself to manifest. ...I was sure that you would awaken."""
Kumasawa Chiyo,"""Ronove. It has been a long time. ......Yes, it truly has been a long time.""","""Ronove, it's been a long time. ...Yes, truly, a long time."" ","""Ronove. It has been a long time. ......Yes, it truly has been a long time.""",「ロノウェ。久し振りですね。……えぇ、本当に久し振りです。」,「ロノウェ。久し振りですね。……えぇ、本当に久し振りです」,"""Ронове. Сколько лет, сколько зим. ......И правда, сколько воды утекло.""","""Ronove. Já faz um certo tempo. ......Sim, realmente já faz um longo tempo.""",「罗诺威。好久不见了呢。……是呀，真的是好久不见了。」,「羅諾威。好久不見了呢。……是呀，真的是好久不見了。」,"""Ronove. Ne è passato di tempo. ... Già, è passato veramente tanto tempo.""","""Ronove. It has been a long time. ......Yes, it truly has been a long time.""","""Ronove. Ha pasado mucho tiempo... Sí, de verdad ha sido mucho tiempo.""","""ﺭﻭﻧﻮﻑ. ﻟﻘﺪ ﻣﺮ ﺯﻣﻦٌ ﻃﻮﻳﻞ. ﻧﻌﻢ، ﻟﻘﺪ ﻛﺎﻧﺖ ﻣﺪﺓ ﻃﻮﻳﻠﺔ ﺣﻘًﺎ.""","""Ronove. It has been a long time. ......Yes, it truly has been a long time.""","""Ronove. It has been a long time. ......Yes, it truly has been a long time.""","""Ronove. It has been a long time. ......Yes, it truly has been a long time."""
Asmodeus,"""This woman, she didn't use ""sama"" for his name......!""","""This person's talking to Ronove-sama without using ""sama""...!"" ","""This person's talking to Ronove-sama without using 'sama'......!""",「こいつぅ、ロノウェさまを呼びつけに……！」,「こいつぅ、ロノウェさまを呼びつけに……！」,"""Эта старуха обращается к Ронове‐сама без 'сама'!..""","""Essa mulher... ele não usou o ""sama"" para se referir a ele......!""",「这家伙，竟直呼罗诺威先生之名……！」,「這傢伙，竟直呼羅諾威先生之名……！」,"""Sta parlando a Ronove-sama senza aggiungere ‘sama’...!""","""This woman, she didn't use ""sama"" for his name......!""","""¡Esta persona está hablando con Ronove-sama sin usar ""sama""!...""","""ﻟﻤﺎﺫﺍ ﺗﺘﺤﺪﺙ ﻣﻊ ﺍﻟﺴﻴﺪ ﺭﻭﻧﻮﻑ ﺩﻭﻥ ﻣﻨﺎﺩﺍﺗﻪ ﺑـ’ﺳﺎﻣﺎ’....!""","""This woman, she didn't use ""sama"" for his name......!""","""This woman, she didn't use ""sama"" for his name......!""","""This woman, she didn't use ""sama"" for his name......!"""
Kumasawa Chiyo,"""..................And...it has been a long time for us also. ...{f:5:Beatrice}.""",""".........And... it's been a long time since I've seen you too, ...{f:5:Beatrice}."" ","""...............And. It has been a long time for you too. ...Beatrice.""",「………………そして。あなたもお久し振りですね。…ベアトリーチェ。」,「………………そして。あなたもお久し振りですね。…ベアトリーチェ」,"""...............И. И тебя я тоже давно не видела. ...{f:5:Беатриче}.""","""..................E...já faz tanto tempo para nós também. ...{f:5:Beatrice}.""",「………………还有。与你也是，好久没见了呢。…贝阿朵莉切。」,「………………還有。與你也是，好久沒見了呢。…貝阿朵莉切。」,"""... È da tanto che non vedo anche te. ... Beatrice.""","""..................And...it has been a long time for us also. ...{f:5:Beatrice}.""","""... Y... Para nosotras también ha pasado mucho tiempo... {f:5:Beatrice}.""","""..................ﻭﺃﻳﻀًﺎ...ﻛﺎﻧﺖ ﻣﺪﺓ ﻃﻮﻳﻠﺔ ﺑﺎﻟﻔﻌﻞ ﻣﻨﺬ ﺁﺧﺮ ﻣﺮﺓ ﺭﺃﻳﺘﻚِ ﻓﻴﻬﺎ. ...{f:7:ﺑﻴﺎﺗﺮﻳﺲ}.""","""..................And...it has been a long time for us also. ...{f:5:Beatrice}.""","""..................And...it has been a long time for us also. ...{f:5:Beatrice}.""","""..................And...it has been a long time for us also. ...{f:5:Beatrice}."""
Leviathan,"""Sh‐she's not even using ""sama"" for {f:5:Beatrice}‐sama...""","""Sh-She's not even using ""sama"" for {f:5:Beatrice}-sama..."" ","""Sh, she's not even using 'sama' for Beatrice-sama...""",「こ、こいつ、ベアトリーチェさままでもを呼びつけにぃ…。」,「こ、こいつ、ベアトリーチェさままでもを呼びつけにぃ…」,"""О... она даже к {f:5:Беатриче}‐сама обращается без 'сама'...""","""E‐Ela sequer usou ""sama"" para a {f:5:Beatrice}‐sama...""",「这、这家伙，竟连对贝阿朵莉切夫人，都敢直呼名字…」,「這、這傢伙，竟連對貝阿朵莉切夫人，都敢直呼名字…」,"""N-Non usa il ‘sama’ nemmeno per Beatrice-sama...""","""Sh‐she's not even using ""sama"" for {f:5:Beatrice}‐sama...""","""E-Ella no está usando el ""sama"" ni siquiera con {f:5:Beatrice}‐sama...""","""ﺣﺘﻰ ﺍﻟﺴﻴﺪﺓ {f:7:ﺑﻴﺎﺗﺮﻳﺲ} ﻟﻢ ﺗﻨﺎﺩﻳﻬﺎ ﺑـ'ﺳﺎﻣﺎ'....!!""","""Sh‐she's not even using ""sama"" for {f:5:Beatrice}‐sama...""","""Sh‐she's not even using ""sama"" for {f:5:Beatrice}‐sama...""","""Sh‐she's not even using ""sama"" for {f:5:Beatrice}‐sama..."""
{f:5:Beatrice},"""Enough. Do you know who this person is? ......{f:5:Beatrice} was originally this person's name. I merely inherited that name from her. ......This person is my master. The Predecessor Lady {f:5:Beatrice}.""","""Enough. Don't you know who this is? ...The name ""{f:5:Beatrice}"" itself is hers. I only inherited it from her. ...This is my teacher, the previous Lady {f:5:Beatrice}."" ","""Good. Do you know who this person is? ......Beatrice was originally this person's name. I only inherited that name from her. ......This person is my teacher. The Predecessor, Lady Beatrice.""",「良い。そのお方をどなたと心得るか。……ベアトリーチェとはそもそもそのお方の名。妾はそれを受け継いだに過ぎぬ。……そのお方こそは妾の師匠。先代ベアトリーチェ卿だ。」,「良い。そのお方をどなたと心得るか。……ベアトリーチェとはそもそもそのお方の名。妾はそれを受け継いだに過ぎぬ。……そのお方こそは妾の師匠。先代ベアトリーチェ卿だ」,"""Отлично. Вам известно, кто эта особа? ......Имя {f:5:Беатриче} изначально принадлежало ей. Я унаследовала это имя от неё. ......Она — моя наставница. Предыдущая Леди {f:5:Беатриче}.""","""Já basta. Vocês sabem quem ela é? ......{f:5:Beatrice} originalmente é o nome dessa senhora. Eu meramente herdei o nome dela. ......Esta senhora é minha professora. Minha Antecessora, Lady {f:5:Beatrice}.""",「无妨。汝等可知，这位贵人是何人？……贝阿朵莉切原本是这位贵人的名字。妾身只不过是继承了此名而已。……这位贵人，即正是妾身的师傅。先代贝阿朵莉切卿。」,「無妨。汝等可知，這位貴人是何人？……貝阿朵莉切原本是這位貴人的名字。妾身只不過是繼承了此名而已。……這位貴人，即正是妾身的師傅。先代貝阿朵莉切卿。」,"""Bene. Sapete chi è questa persona? ... In origine Beatrice era il suo nome. {n}Io l'ho solo ereditato da lei. ... Questa persona è la mia maestra. La Predecessora, Lady Beatrice.""","""Enough. Do you know who this person is? ......{f:5:Beatrice} was originally this person's name. I merely inherited that name from her. ......This person is my master. The Predecessor Lady {f:5:Beatrice}.""","""Bien. ¿Saben quién es esta persona?... {f:5:Beatrice} era originalmente su nombre. Yo solo heredé ese nombre de ella... Esta persona es mi maestra. La Predecesora, Lady {f:5:Beatrice}.""","""ﻻ ﺑﺄﺱ. ﻫﻞ ﺗﻌﺮﻓﻴﻦ ﻣﻦ ﻫﻮ ﻫﺬﺍ ﺍﻟﺸﺨﺺ؟ ......ﻛﺎﻥ ﺍﺳﻢ {f:7:ﺑﻴﺎﺗﺮﻳﺲ} ﻓﻲ ﺍﻷﺻﻞ ﻣﻠﻜﻬﺎ. ﺃﻧﺎ ﻭﺭﺛﺖ ﺍﻻﺳﻢ ﻣﻨﻬﺎ ﻓﺤﺴﺐ. ...ﻫﺬﺍ ﺍﻟﺸﺨﺺ ﻫﻮ ﻣﻌﻠﻤﺘﻲ. ﺍﻟﺴﻴﺪﺓ {f:7:ﺑﻴﺎﺗﺮﻳﺲ} ﺍﻟﺴﺎﺑﻘﺔ.""","""Enough. Do you know who this person is? ......{f:5:Beatrice} was originally this person's name. I merely inherited that name from her. ......This person is my master. The Predecessor Lady {f:5:Beatrice}.""","""Enough. Do you know who this person is? ......{f:5:Beatrice} was originally this person's name. I merely inherited that name from her. ......This person is my master. The Predecessor Lady {f:5:Beatrice}.""","""Enough. Do you know who this person is? ......{f:5:Beatrice} was originally this person's name. I merely inherited that name from her. ......This person is my master. The Predecessor Lady {f:5:Beatrice}."""
Lucifer,"""The Predecessor......Lady {f:5:Beatrice}......""","""The previous... Lady {f:5:Beatrice}..."" ","""The Predecessor, ......Lady Beatrice......""",「先代、……ベアトリーチェ卿……。」,「先代、……ベアトリーチェ卿……」,"""Предыдущая... Леди {f:5:Беатриче}...""","""A Antecessora......Lady {f:5:Beatrice}......""",「先代，……贝阿朵莉切卿……」,「先代，……貝阿朵莉切卿……」,"""La Predecessora... Lady Beatrice...""","""The Predecessor......Lady {f:5:Beatrice}......""","""La Predecesora... Lady {f:5:Beatrice}...""","""ﺍﻟﺴﻴﺪﺓ {f:7:ﺑﻴﺎﺗﺮﻳﺲ}......ﺍﻟﺴﺎﺑﻘﺔ.....""","""The Predecessor......Lady {f:5:Beatrice}......""","""The Predecessor......Lady {f:5:Beatrice}......""","""The Predecessor......Lady {f:5:Beatrice}......"""
,Gold butterflies appeared in ones and twos from the garden of roses and began to gather around Kumasawa...,Gold butterflies appeared in ones and twos from the garden of roses and began to gather around Kumasawa... ,"Gold butterflies appeared in ones and twos from the garden of roses and began to gather around Kumasawa...",薔薇の園から一匹二匹と現れた黄金の蝶たちが、次第に熊沢の周りに集まり始める…。,薔薇の園から一匹二匹と現れた黄金の蝶たちが、次第に熊沢の周りに集まり始める…。,От роз в саду парами и тройками запорхали бабочки начали слетаться вокруг Кумасавы...,Borboletas douradas apareceram de uma em uma pelo jardim de rosas e começaram a se juntar ao redor de Kumasawa...,从玫瑰之园中飞舞出的一只只黄金蝶，渐渐地在熊泽周围聚集了起来…。,從玫瑰之園中飛舞出的一只只黃金蝶，漸漸地在熊澤周圍聚集了起來…。,Farfalle dorate comparvero da sole e in coppie dal roseto e iniziarono a raccogliersi attorno a Kumasawa...,Gold butterflies appeared in ones and twos from the garden of roses and began to gather around Kumasawa...,Mariposas doradas aparecieron en pequeños grupos desde el jardín de rosas y empezaron a reunirse alrededor de Kumasawa...,ﻇﻬﺮﺕ ﻋﺪﺓ ﻓﺮﺍﺷﺎﺕ ﺫﻫﺒﻴﺔ ﻣﻦ ﺣﺪﻳﻘﺔ ﺍﻟﻮﺭﻭﺩ ﻭﺑﺪﺃﺕ ﺑﺎﻟﺘﺠﻤﻊ ﺣﻮﻝ ﻛﻮﻣﺎﺳﺎﻭﺍ....,Gold butterflies appeared in ones and twos from the garden of roses and began to gather around Kumasawa...,Gold butterflies appeared in ones and twos from the garden of roses and began to gather around Kumasawa...,Gold butterflies appeared in ones and twos from the garden of roses and began to gather around Kumasawa...
,"And after becoming a golden radiance and enveloping her, they burst and disappeared—and Kumasawa's form was no longer there.","Then, after she was wrapped in a golden sparkle, she burst and disappeared, and Kumasawa's form was no longer there. "," Then, after she was wrapped in a golden sparkle, she burst and disappeared, and Kumasawa's form was no longer there.",そして黄金の輝きとなって彼女を包んだ後、弾けて消えると、そこには熊沢の姿はなかった。,そして黄金の輝きとなって彼女を包んだ後、弾けて消えると、そこには熊沢の姿はなかった。,"Она оказалась окружена золотым сиянием, а затем вдруг лопнула и исчезла. Пропала, словно её и не было.","Após ser envolvida por um ouro radiante, elas explodiram e desapareceram — a forma de Kumasawa já não estava mais lá.",化为黄金光辉包裹着她，然后绽放消失，在那里已没有了熊泽的身影。,化為黃金光輝包裹著她，然後綻放消失，在那裡已沒有了熊澤的身影。,"Poi, dopo essere stata avvolta in un bagliore dorato, si disintegrò e scomparve, e l'immagine di Kumasawa non era più lì.","And after becoming a golden radiance and enveloping her, they burst and disappeared—and Kumasawa's form was no longer there.","Entonces, después de que fue envuelta en un brillo dorado, estalló y desapareció, y la figura de Kumasawa ya no estaba allí.",ﺛﻢ، ﺃﺣﻴﻄﺖ ﻛﻮﻣﺎﺳﺎﻭﺍ ﺩﺍﺧﻞ ﺑﺮﻳﻖٍ ﺫﻫﺒﻲ، ﻭﺍﻧﻔﺠﺮﺕ ﻭﺍﺧﺘﻔﺖ، ﻭﻟﻢ ﻳﻌﺪ ﻟﻬﺎ ﺃﻱ ﻭﺟﻮﺩ.,"And after becoming a golden radiance and enveloping her, they burst and disappeared—and Kumasawa's form was no longer there.","And after becoming a golden radiance and enveloping her, they burst and disappeared—and Kumasawa's form was no longer there.","And after becoming a golden radiance and enveloping her, they burst and disappeared—and Kumasawa's form was no longer there."
,"...Instead, there was another Golden Witch, .........the one who had, in the past, explained to {f:5:Beatrice} the path of an Endless Witch, the only person {f:5:Beatrice} had called Master in her entire life.","...Instead, there was another Golden Witch, ......the one who once taught the path of an Endless Witch to {f:5:Beatrice}, and the only person {f:5:Beatrice} ever called Teacher. ","...Instead, there was another Golden Witch, .........the one who had, in the past, explained to Beatrice the path of an Endless Witch, the only person Beatrice had called Teacher in her entire life.",…代わりにそこにあったのは、………ベアトリーチェにかつて、無限の魔女の道を説き、生涯でただひとり、師匠と呼んだ、もう一人の黄金の魔女の姿だった。,…代わりにそこにあったのは、………ベアトリーチェにかつて、無限の魔女の道を説き、生涯でただひとり、師匠と呼んだ、もう一人の黄金の魔女の姿だった。,"...На её же месте встала другая Золотая Ведьма... Та, что в прошлом объяснила {f:5:Беатриче} путь Ведьмы Бесконечности, единственная личность, которую {f:5:Беатриче} за всю свою жизнь называла наставницей.","...No lugar dela havia outra Bruxa Dourada, .........aquela que, no passado, ensinou {f:5:Beatrice} o caminho da Bruxa do Infinito, a única pessoa que {f:5:Beatrice} chamou de professora durante toda a sua vida.",…取而代之的是，………曾向贝阿朵莉切讲述无限魔女之道的，她一生唯一称之为师傅的，另一位黄金魔女的身姿。,…取而代之的是，………曾向貝阿朵莉切講述無限魔女之道的，她一生唯一稱之為師傅的，另一位黃金魔女的身姿。,"... Invece, vi era un'altra Strega Dorata... colei che, in passato, aveva spiegato a Beatrice la via di una Strega dell'Infinito, l'unica persona che Beatrice avesse chiamato Maestra in tutta la sua vita.","...Instead, there was another Golden Witch, .........the one who had, in the past, explained to {f:5:Beatrice} the path of an Endless Witch, the only person {f:5:Beatrice} had called Master in her entire life.","... En su lugar, se encontraba otra Bruja Dorada... la que en el pasado había explicado a {f:5:Beatrice} el camino de la Bruja Interminable, la única persona a la que {f:5:Beatrice} había llamado maestra en su vida entera.",..ﻭﻣﻜﺎﻧﻬﺎ، ﻇﻬﺮﺕ ﺳﺎﺣﺮﺓ ﺫﻫﺒﻴﺔ ﺃﺧﺮﻯ، ﺗﻠﻚ ﺍﻟﺘﻲ ﺷﺮﺣﺖ ﻝ{f:7:ﺑﻴﺎﺗﺮﻳﺲ} ﻓﻲ ﺍﻟﻤﺎﺿﻲ ﻣﻌﻨﻰ ﺃﻥ ﺗﻜﻮﻥ ﺳﺎﺣﺮﺓ ﺃﺯﻟﻴﺔ. ﺍﻟﺴﻴﺪﺓ ﺍﻟﻮﺣﻴﺪﺓ ﺍﻟﺘﻲ ﻧﺎﺩﺗﻬﺎ {f:7:ﺑﻴﺎﺗﺮﻳﺲ} ﺑﺎﻟﻤﻌﻠﻤﺔ ﻃﻮﺍﻝ ﺣﻴﺎﺗﻬﺎ.,"...Instead, there was another Golden Witch, .........the one who had, in the past, explained to {f:5:Beatrice} the path of an Endless Witch, the only person {f:5:Beatrice} had called Master in her entire life.","...Instead, there was another Golden Witch, .........the one who had, in the past, explained to {f:5:Beatrice} the path of an Endless Witch, the only person {f:5:Beatrice} had called Master in her entire life.","...Instead, there was another Golden Witch, .........the one who had, in the past, explained to {f:5:Beatrice} the path of an Endless Witch, the only person {f:5:Beatrice} had called Master in her entire life."
,"Her hair was long, beautiful, and vividly youthful, and her figure in that elegant dress was unrecognizable as an old lady...","Her hair was long, beautiful, and vividly youthful, and her figure in that elegant dress couldn't possibly have been mistaken for an old lady... "," Her hair was long, beautiful, and vividly youthful, and her figure in that elegant dress was unrecognizable as an old lady...",髪は長く美しく、瑞々しいほどに若々しく、そして優雅なドレスをまとう姿からは、老女の姿はまったく想像できない…。,髪は長く美しく、瑞々しいほどに若々しく、そして優雅なドレスをまとう姿からは、老女の姿はまったく想像できない…。,"У неё были длинные, прекрасные и немного по‐молодому живые волосы, а в фигуре, одетой в элегантное платье, нельзя было узнать пожилую даму...","Seu cabelo era longo, lindo e exalava uma vívida juventude, sua figura em um elegante vestido a fazia irreconhecível daquela que era uma velha senhora...",从这副一头美丽长发，有着娇美欲滴的年轻身段，身着优雅礼服的样子上，怎么都无法将之想象成老婆婆…。,從這副一頭美麗長髮，有著嬌美欲滴的年輕身段，身著優雅禮服的樣子上，怎麼都無法將之想像成老婆婆…。,"I suoi capelli erano lunghi, belli, e vividamente carichi di giovinezza, e il suo corpo in quel vestito elegante non somigliava affatto a quello di una donna anziana...","Her hair was long, beautiful, and vividly youthful, and her figure in that elegant dress was unrecognizable as an old lady...","Su cabello era largo, hermoso, y vívidamente juvenil, y su figura en ese elegante vestido no tenía rastro alguno de vejez...",ﻛﺎﻥ ﺷﻌﺮﻫﺎ ﻃﻮﻳﻼً ﻭﺟﻤﻴﻼً، ﻭﺷﺒﺎﺑﻬﺎ ﻧﻀﺮ ﻛﺄﻧﻬﺎ ﻓﻲ ﺭﻳﻌﺎﻥ ﺍﻟﻌﻤﺮ، ﻭﻣﻈﻬﺮﻫﺎ ﻓﻲ ﺍﻟﻔﺴﺘﺎﻥ ﺍﻷﻧﻴﻖ ﻟﻢ ﻳﻜﻦ ﻓﻴﻪ ﺃﻱ ﺷﺒﻪ ﺑﻌﺠﻮﺯ...,"Her hair was long, beautiful, and vividly youthful, and her figure in that elegant dress was unrecognizable as an old lady...","Her hair was long, beautiful, and vividly youthful, and her figure in that elegant dress was unrecognizable as an old lady...","Her hair was long, beautiful, and vividly youthful, and her figure in that elegant dress was unrecognizable as an old lady..."
,"No, this looked like a completely different person than Kumasawa.","No, this looked like a completely different person from Kumasawa. "," No, this looked like a completely different person than Kumasawa.",いや、まったく熊沢と別人の姿だった。,いや、まったく熊沢と別人の姿だった。,"Это была не Кумасава, а совершенно другой человек.","Não, era uma pessoa completamente diferente de Kumasawa.",不，完全与熊泽判若两人。,不，完全與熊澤判若兩人。,"No, questa sembrava una persona completamente diversa da Kumasawa.","No, this looked like a completely different person than Kumasawa.","No, esta lucía como una persona completamente diferente de Kumasawa.",ﺑﻞ ﻟﻢ ﻳﻜﻦ ﻫﻨﺎﻙ ﺃﻱ ﺷﺒﻪ ﺑﻴﻨﻬﺎ ﻭﺑﻴﻦ ﻛﻮﻣﺎﺳﺎﻭﺍ ﻋﻠﻰ ﺍﻹﻃﻼﻕ.,"No, this looked like a completely different person than Kumasawa.","No, this looked like a completely different person than Kumasawa.","No, this looked like a completely different person than Kumasawa."
{f:5:Beatrice},""".........Well, well, Master. I never even dreamed the day would come that we would meet each other again.""","""......Well, well, Teacher. I never even dreamed that we would meet each other again."" ",""".........Well, well, Teacher. I never even dreamed the day would come that we would meet each other again.""",「………これはこれはお師匠様。再びお会いできる日が訪れるとは、夢にも思いませんでした。」,「………これはこれはお師匠様。再びお会いできる日が訪れるとは、夢にも思いませんでした」,""".........Ну что ж, наставница. Я и представить себе не могла, что день нашей встречи вновь когда‐нибудь наступит.""",""".........Vejam só! Se não é minha professora? Eu nunca sequer sonhei que o dia que nos encontraríamos novamente chegaria.""",「………哎呀，师傅大人。我做梦都没有想到，会迎来能与您再次相见的一天。」,「………哎呀，師傅大人。我做夢都沒有想到，會迎來能與您再次相見的一天。」,"""... Bene, bene, Maestra. Non mi sarei mai sognata che il giorno in cui ci saremmo riviste sarebbe giunto.""",""".........Well, well, Master. I never even dreamed the day would come that we would meet each other again.""","""... Bien, bien, maestra. Nunca imaginé que llegaría el día en que nos volveríamos a ver.""","""...ﻳﺎ ﻟﻬﺎ ﻣﻦ ﻣﻔﺎﺟﺄﺓ، ﻳﺎ ﻣﻌﻠﻤﺘﻲ. ﻟﻢ ﺃﺗﺨﻴﻞ ﻳﻮﻣﺎً ﺃﻥ ﻳﺄﺗﻲ ﻳﻮﻡ ﺃﺭﺍﻙ ﻓﻴﻪ ﻣﺠﺪﺩﺍً.""",""".........Well, well, Master. I never even dreamed the day would come that we would meet each other again.""",""".........Well, well, Master. I never even dreamed the day would come that we would meet each other again.""",""".........Well, well, Master. I never even dreamed the day would come that we would meet each other again."""
,"""Yes, me too. ...Certainly, I never even dreamed that my sleep would be disturbed.""","""Yes, neither did I. ...I certainly never dreamed that my sleep would be disturbed."" ","""Yes, me too. ...Certainly, I never even dreamed that my sleep would be disturbed.""",「えぇ、私もですよ。…よもやまた、眠りを妨げられるとは夢にも思いませんでした。」,「えぇ、私もですよ。…よもやまた、眠りを妨げられるとは夢にも思いませんでした」,"""Да, я тоже. ...Разумеется, я и подумать не могла, что мой сон потревожат.""","""Sim, eu também. ...Certamente, nunca sonhei que meu sono seria perturbado.""",「没错，我也是哟。…我也做梦都没有想到，沉眠竟还会受到打扰。」,「沒錯，我也是喲。…我也做夢都沒有想到，沉眠竟還會受到打擾。」,"""Già, nemmeno io. ... Di certo, non mi sarei mai sognata che il mio sonno sarebbe stato disturbato.""","""Yes, me too. ...Certainly, I never even dreamed that my sleep would be disturbed.""","""Sí, yo tampoco... Ciertamente, nunca me imaginé que mi sueño sería perturbado.""","""ﻧﻌﻢ، ﻭﺃﻧﺎ ﺃﻳﻀًﺎ، ...ﻟﻢ ﺃﺗﺨﻴﻞ ﺃﺑﺪًﺍ ﺍﺿﻄﺮﺍﺏ ﺳُﺒﺎﺗﻲ.""","""Yes, me too. ...Certainly, I never even dreamed that my sleep would be disturbed.""","""Yes, me too. ...Certainly, I never even dreamed that my sleep would be disturbed.""","""Yes, me too. ...Certainly, I never even dreamed that my sleep would be disturbed."""
{f:5:Beatrice},"""Such a troublesome time for you to awaken. ......If you remained sleeping as usual, the first twilight could be finished without much trouble.""","""Such a troublesome time for you to awaken. ...If you'd remained asleep as usual, the first twilight could have ended without much trouble. ","""Such a troublesome time for you to awaken. ......If you remained sleeping as usual, the first twilight could be finished without much trouble. ",「まったく厄介なところでお目覚めになられる。……いつもの通り、お休みであられたなら、第一の晩を何もてこずることなく終えられるのに。,「まったく厄介なところでお目覚めになられる。……いつもの通り、お休みであられたなら、第一の晩を何もてこずることなく終えられるのに」,"""Вы пробудились в такое хлопотное время. ......Если бы вы продолжили спать, первые сумерки завершились бы без особых хлопот.""","""É mesmo um momento problemático para você despertar. ......Se continuasse dormindo como sempre, o primeiro crepúsculo poderia ter terminado sem grandes problemas.""",「您真是醒得不是时候呢。……像往常一样熟睡着的话，第一晚就可以毫无阻碍地结束了。」,「您真是醒得不是時候呢。……像往常一樣熟睡著的話，第一晚就可以毫無阻礙地結束了。」,"""Davvero un brutto momento, questo, per il tuo risveglio. ... Se avessi continuato a dormire come sempre, il primo crepuscolo sarebbe terminato senza troppi problemi.","""Such a troublesome time for you to awaken. ......If you remained sleeping as usual, the first twilight could be finished without much trouble.""","""Qué momento tan problemático para tu despertar... Si hubieras permanecido dormida como siempre, el primer crepúsculo podría llevarse a cabo sin mucho problema.""","""ﻳﺎ ﻟﻪ ﻣﻦ ﻭﻗﺖٍ ﻣﺰﻋﺞٍ ﻻﺳﺘﻴﻘﺎﻇﻚ. ......ﻟﻮ ﻻ ﻧﻬﻮﺿﻚ ﻣﻦ ﻧﻮﻣﻚ ﻭﺗﺪﺧﻠﻚِ، ﻷﻧﻬﻴﺖُ ﺍﻟﻐﺴﻖ ﺍﻷﻭﻝ ﻣﻦ ﺩﻭﻥ ﺃﻱ ﻣﺘﺎﻋﺐ.""","""Such a troublesome time for you to awaken. ......If you remained sleeping as usual, the first twilight could be finished without much trouble.""","""Such a troublesome time for you to awaken. ......If you remained sleeping as usual, the first twilight could be finished without much trouble.""","""Such a troublesome time for you to awaken. ......If you remained sleeping as usual, the first twilight could be finished without much trouble."""
{f:5:Beatrice},"""...Or should I welcome you? ............I was just a little bored.""","...Or perhaps I should be glad you're here. ......I was just getting a tad bored."" ","...Or should I welcome you? ............I was just a little bored.""",…いいや、むしろ歓迎すべきですかな。…………少々、退屈しておりましたところで。」,「…いいや、むしろ歓迎すべきですかな。…………少々、退屈しておりましたところで」,"""...Или мне следует оказать вам радушный приём? ............Я как раз слегка заскучала.""","""...Ou eu deveria dar as boas‐vindas a você? ............Eu estava um pouco entediada.""",「…不，反倒是该欢迎么？…………正稍许有点无聊呢。」,「…不，反倒是該歡迎麼？…………正稍許有點無聊呢。」,"... O forse dovrei darti il benvenuto? ... Mi stavo giusto annoiando un po'.""","""...Or should I welcome you? ............I was just a little bored.""","""... ¿O debería darte la bienvenida? Estaba un poco aburrida.""","""...ﺃﻡ ﻳﺠﺐ ﺑﻲ ﺃﻥ ﺃﺭﺣﺐ ﺑﻚِ؟ ............ﻋﻠﻰ ﻛﻞٍ ﻛﻨﺖُ ﻗﺪ ﺑﺪﺃﺕُ ﺃﺷﻌﺮ ﺑﺒﻌﺾ ﺍﻟﻤﻠﻞ.""","""...Or should I welcome you? ............I was just a little bored.""","""...Or should I welcome you? ............I was just a little bored.""","""...Or should I welcome you? ............I was just a little bored."""
,"""......Just as usual, it seems you are toying with sinless people in a vulgar game. ......I believe I have taught you many times that the power of the Endless Witch must not be used to cause people trouble.""","""...As usual, it seems you're toying with sinless people in a vulgar game. ...I believe I taught you several times that the power of the Endless Witch mustn't be used to cause people trouble."" ","""......Just as usual, it seems you are toying with sinless people in a vulgar game. ......I believe I have taught you several times that the power of the Endless Witch must not be used to cause people trouble.""",「……相変わらず、悪趣味な遊びで、罪もない人々を弄んでいるようですね。……無限の魔女の力は、決して人に迷惑を掛けることに使ってはならないと、何度も教えたはずですよ。」,「……相変わらず、悪趣味な遊びで、罪もない人々を弄んでいるようですね。……無限の魔女の力は、決して人に迷惑を掛けることに使ってはならないと、何度も教えたはずですよ」,"""......Как обычно, ты, я погляжу, играешь в вульгарную игру с безгрешными людьми. ......Полагаю, я несколько раз учила тебя, что могущество Ведьмы Бесконечности не должно применяться так, чтобы приносить людям беду.""","""......Como sempre, você parece estar brincando com pessoas sem pecados em um jogo vulgar. ......Eu acredito que já a ensinei diversas vezes que o poder da Bruxa do Infinito não deve ser usado para causar problemas às pessoas.""",「……你貌似依然在以恶趣味的游戏，玩弄着无罪之人呢。……我明明和你说过无数次，无限魔女之力，决不能用于害人。」,「……你貌似依然在以惡趣味的遊戲，玩弄著無罪之人呢。……我明明和你說過無數次，無限魔女之力，決不能用於害人。」,"""... Come al solito, pare che tu stia manipolando delle persone innocenti in un gioco di cattivo gusto. ... Credo di averti insegnato più volte che il potere di una Strega dell'Infinito non va usato per causare difficoltà alle persone.""","""......Just as usual, it seems you are toying with sinless people in a vulgar game. ......I believe I have taught you many times that the power of the Endless Witch must not be used to cause people trouble.""","""... Como de costumbre, parece que estás jugando con personas sin pecado en un juego vulgar... Creo haberte enseñado varias veces que el poder de la Bruja Interminable no debe ser usado para causarle problemas a las personas.""","""....ﻛﻤﺎ ﻫﻲ ﻋﺎﺩﺗﻚِ، ﻟﻢ ﺗﻨﻔﻜﻲ ﻋﻦ ﺍﻟﺘﻼﻋﺐ ﺑﺎﻷﺑﺮﻳﺎﺀ ﻓﻲ ﻟﻌﺒﺔ ﺷﻨﻴﻌﺔ. ﺃﻋﺘﻘﺪ ﺃﻧﻲ ﻧﺒﻬﺘﻚِ ﻣﺮﺍﺭًﺍ ﺃﻥ ﻗﻮﺓ ﺍﻟﺴﺎﺣﺮﺓ ﺍﻷﺯﻟﻴﺔ ﻻ ﻳﺠﺐ ﺍﺳﺘﺨﺪﺍﻣﻬﺎ ﻷﻏﺮﺍﺽ ﺍﻟﺸﺮ...""","""......Just as usual, it seems you are toying with sinless people in a vulgar game. ......I believe I have taught you many times that the power of the Endless Witch must not be used to cause people trouble.""","""......Just as usual, it seems you are toying with sinless people in a vulgar game. ......I believe I have taught you many times that the power of the Endless Witch must not be used to cause people trouble.""","""......Just as usual, it seems you are toying with sinless people in a vulgar game. ......I believe I have taught you many times that the power of the Endless Witch must not be used to cause people trouble."""
{f:5:Beatrice},"""Don't say that, Master. Isn't boredom our natural enemy? This is just a little spice to escape from that.""","""Don't say that, Teacher. Isn't boredom our natural enemy? This is just a little spice to escape from that."" ","""Don't say that, Teacher. Isn't boredom our natural enemy? This is just a little spice to escape from that.",「そういうなよォ、お師匠様。退屈は私たちの天敵じゃありませんか。それから逃れる為の、ちょっとしたスパイスに過ぎませんよ。,「そういうなよォ、お師匠様。退屈は私たちの天敵じゃありませんか。それから逃れる為の、ちょっとしたスパイスに過ぎませんよ」,"""Не говорите так, наставница. Разве скука не является нашим естественным врагом? Это как лёгкая приправа для побега от неё.""","""Não diga isso, professora. Não é o tédio o nosso inimigo natural? É apenas um pequeno tempero para escapar dele.""",「别这么说嘛，师傅大人。烦闷可是我们的天敌啊。这只不过是为了逃避此的小小调味料而已哦。」,「別這麼說嘛，師傅大人。煩悶可是我們的天敵啊。這只不過是為了逃避此的小小調味料而已哦。」,"""Non dire così, Maestra. La noia non è forse la nostra nemica naturale? {n}Questa è solo una manciata di spezie per ravvivare le cose e sfuggirle.","""Don't say that, Master. Isn't boredom our natural enemy? This is just a little spice to escape from that.""","""No digas eso, maestra. ¿No es el aburrimiento nuestro enemigo natural? Esto es solo un poco de pimienta para escapar de eso.""","""ﻛﻔﺎﻙِ ﻣﻮﺍﻋﻈًﺎ ﻳﺎ ﻣﻌﻠﻤﺘﻲ. ﺃﻟﻴﺲ ﺍﻟﻤﻠﻞ ﻫﻮ ﻋﺪﻭﻧﺎ ﺍﻟﻠﺪﻭﺩ؟ ﻟﻴﺴﺖ ﻫﺬﻩ ﺳﻮﻯ ﺑﻬﺎﺭﺍﺕ ﻟﻠﻬﺮﺏ ﻣﻨﻪ.""","""Don't say that, Master. Isn't boredom our natural enemy? This is just a little spice to escape from that.""","""Don't say that, Master. Isn't boredom our natural enemy? This is just a little spice to escape from that.""","""Don't say that, Master. Isn't boredom our natural enemy? This is just a little spice to escape from that."""
{f:5:Beatrice},""".........Tch. The more the corrosion advances, the stronger my power becomes, and the easier it becomes to call my minions. ...But who would have thought it would release the seal on you, Master, at the same time...""","""......Tch. The more the corrosion advances, the stronger my power becomes, and the easier it becomes to summon my minions. ...But who would have thought it would release the seal on you, Teacher, at the same time..."" ",".........Chi. The more the corrosion advances, the stronger my power becomes, and the easier it becomes to call my minions. ...But who would have thought it would release the seal on you, Teacher, at the same time...""",………ち。侵食が進めば進むほどに、妾の力は強くなり、妾の眷属は呼び出しやすくなる。…しかし、それは同時にお師匠様の封印を解くことにもつながったとはなぁ…。」,「………ち。侵食が進めば進むほどに、妾の力は強くなり、妾の眷属は呼び出しやすくなる。…しかし、それは同時にお師匠様の封印を解くことにもつながったとはなぁ…」,""".........Тц. Чем дальше продвигается коррозия, тем сильнее становится моё могущество и мне всё легче призывать своих прислужников. ...Но кто бы мог подумать, что и на вас, наставница, одновременно сломается печать...""",""".........Tch. Quanto mais a corrosão avança, mais forte meus poderes ficam, e mais fácil é de chamar meus servos. ...Mas quem pensaria que isso acabaria liberando você de seu próprio selo, ao mesmo tempo...""",「………切。侵蚀越是深入，妾身的力量就越强，越是容易召唤出妾身的眷属。…不过，与此同时，这也关系到了师傅大人封印的解除啊…」,「………切。侵蝕越是深入，妾身的力量就越強，越是容易召喚出妾身的眷屬。…不過，與此同時，這也關係到了師傅大人封印的解除啊…」,"... Hah. Più la corrosione progredisce, più il mio potere si fa forte, e più diventa facile richiamare a me i miei servi. ... Ma chi avrebbe mai pensato che allo stesso tempo, avrebbe disciolto il sigillo posto su di te, Maestra...""",""".........Tch. The more the corrosion advances, the stronger my power becomes, and the easier it becomes to call my minions. ...But who would have thought it would release the seal on you, Master, at the same time...""","""... Tch. Entre más avanza la corrosión, más fuerte se hace mi poder, y más sencillo se hace llamar a mis secuaces... Pero quién habría pensado que eso al mismo tiempo liberaría tu sello, maestra...""",""".........ﺗﻚ. ﻛﻠّﻤﺎ ﺗﺮﺳﺨﺖ ﺍﻷﻭﻫﺎﻡ، ﻛﻠّﻤﺎ ﻋﺎﺩﺕ ﺇﻟﻲَّ ﻗﻮﺍﻱ ﺃﻛﺜﺮ، ﻭﺳﻬُﻞ ﻋﻠﻲ ﺍﺳﺘﺪﻋﺎﺀ ﺃﺗﺒﺎﻋﻲ. ......ﻟﻜﻨﻲ ﻟﻢ ﺃﺗﻮﻗﻊ ﺃﻥ ﻳﺆﺩﻱ ﺫﻟﻚ ﺃﻳﻀﺎً ﺇﻟﻰ ﻓﻚ ﺧﺘﻢ ﻣﻌﻠﻤﺘﻲ...""",""".........Tch. The more the corrosion advances, the stronger my power becomes, and the easier it becomes to call my minions. ...But who would have thought it would release the seal on you, Master, at the same time...""",""".........Tch. The more the corrosion advances, the stronger my power becomes, and the easier it becomes to call my minions. ...But who would have thought it would release the seal on you, Master, at the same time...""",""".........Tch. The more the corrosion advances, the stronger my power becomes, and the easier it becomes to call my minions. ...But who would have thought it would release the seal on you, Master, at the same time..."""
,"""It was because I predicted that, that I slept very close to you like this. ......As I prayed in my sleep that I would not be woken again. ...Being reunited with you like this is a very sad thing for me.""","""It's precisely because I predicted such a thing would happen... that I slept so very close to where you were. ...Though, I prayed in my sleep that I would not be woken again."" ""...Being reunited with you like this is a very sad thing for me."" ","""It was because I predicted that, that I slept very close to you like this. ......As I prayed in my sleep that I would not be woken again....Being reunited with you like this is a very sad thing for me.""",「それを予見していたからこそ。私はこうして、あなたのすぐ近くで眠りについたのですよ。……願わくば、二度と起こされぬことを夢見ながら。…こうしてあなたと再会してしまったのは、私にとってはとても悲しいことです。」,「それを予見していたからこそ。私はこうして、あなたのすぐ近くで眠りについたのですよ。……願わくば、二度と起こされぬことを夢見ながら。…こうしてあなたと再会してしまったのは、私にとってはとても悲しいことです」,"""Поскольку я предсказала это, я спала неподалёку от тебя. ......И всё‐таки я молилась, что мне не придётся просыпаться. ...Наше воссоединение принесло мне горечь.""","""É justamente porque eu previ este tipo de coisa, que adormeci muito próxima de você. ......Eu estava rezando em meu sono para que não fosse acordada novamente. ...Reunir‐me como você assim é algo realmente triste para mim.""",「正因为预见了此。我才像这样，沉眠在了你的身边。……梦想着，但愿再也不会被吵醒。…像这样与你再会，对我来说，是一件非常悲哀的事。」,「正因為預見了此。我才像這樣，沉眠在了你的身邊。……夢想著，但願再也不會被吵醒。…像這樣與你再會，對我來說，是一件非常悲哀的事。」,"""È proprio perché avevo previsto tutto questo, che riposavo così vicina a te. {n}E intanto pregavo nel mio sonno che non sarei stata risvegliata di nuovo. ... Rincontrarti in questo modo è una cosa molto triste per me.""","""It was because I predicted that, that I slept very close to you like this. ......As I prayed in my sleep that I would not be woken again. ...Being reunited with you like this is a very sad thing for me.""","""Fue porque predije eso... que decidí dormir muy cerca de ti... Mientras rezaba en mi sueño para que no me despertaran de nuevo... Reunirme contigo de esta manera es algo verdaderamente triste para mí.""","""ﻭﻷﻧﻲ ﺗﻮﻗﻌﺖ ﺫﻟﻚ، ﺍﺧﺘﺮﺕ ﺃﻥ ﺃﻧﺎﻡ ﺑﻬﺬﺍ ﺍﻟﻘﺮﺏ ﻣﻨﻚ. ......ﺭﺍﺟﻴﺔً ﺃﻻ ﻳُﻮﻗﻈﻨﻲ ﺃﺣﺪ ﻣﺠﺪﺩﺍً، ...ﻟﻘﺎﺅﻧﺎ ﻣﺠﺪﺩﺍً ﻋﻠﻰ ﻫﺬﺍ ﺍﻟﻨﺤﻮ، ﻫﻮ ﺃﻣﺮ ﻣﺆﻟﻢ ﺟﺪﺍً ﺑﺎﻟﻨﺴﺒﺔ ﻟﻲ.""","""It was because I predicted that, that I slept very close to you like this. ......As I prayed in my sleep that I would not be woken again. ...Being reunited with you like this is a very sad thing for me.""","""It was because I predicted that, that I slept very close to you like this. ......As I prayed in my sleep that I would not be woken again. ...Being reunited with you like this is a very sad thing for me.""","""It was because I predicted that, that I slept very close to you like this. ......As I prayed in my sleep that I would not be woken again. ...Being reunited with you like this is a very sad thing for me."""
{f:5:Beatrice},"""..................You're as cunning as always, Master... *cackle*...""",""".........You're as cunning as always, Teacher... *cackle*..."" ","""..................You're as cunning as always, Teacher... *cackle*...""",「………………相変わらず、お師匠様は食えないなァ…。くっくっく…。」,「………………相変わらず、お師匠様は食えないなァ…。くっくっく…」,"""..................Вы, как обычно, хитры, наставница... *хи‐хи*...""","""..................Você é ardilosa como sempre, professora... *gargalhada*...""",「………………师傅大人，您依旧是老奸巨猾呢…。呵呵呵…」,「………………師傅大人，您依舊是老奸巨猾呢…。呵呵呵…」,"""... Sei astuta come sempre, Maestra... *cackle*...""","""..................You're as cunning as always, Master... *cackle*...""","""... Eres tan astuta como siempre, maestra... *carcajada*...""","""............ﻣﺎ ﺯﻟﺖِ ﻣﺎﻛﺮﺓ ﻛﻤّﺎ ﻫﻲ ﻋﺎﺩﺗﻚِ ﻳﺎ ﻣﻌﻠﻤﺘﻲ... *ﻗﻬﻘﻬﺔ*...""","""..................You're as cunning as always, Master... *cackle*...""","""..................You're as cunning as always, Master... *cackle*...""","""..................You're as cunning as always, Master... *cackle*..."""
,"""Ronove. Have the furniture children step back. Furniture merely serves its master. The master is responsible for all of her crimes.""","""Ronove, have that young furniture step back. Furniture only serves its master. The master is responsible for all of her crimes."" ","""Ronove. Have the furniture children step back. Furniture only serves its master. The master is responsible for all of her crimes.""",「ロノウェ。家具の子たちを下げなさい。家具は主に仕えるだけです。全ての罪は主が背負います。」,「ロノウェ。家具の子たちを下げなさい。家具は主に仕えるだけです。全ての罪は主が背負います」,"""Ронове, пусть мебельные дети отступят. Мебель лишь служит своей госпоже. И госпожа ответственна за все свои преступления.""","""Ronove. Faça com que essas mobílias infantis se afastem. Mobílias meramente servem aos seus mestres. O mestre é responsável por todos os crimes delas.""",「罗诺威。叫家具孩子们退下。家具只是在服从主人。所有的罪责，都该由主人承担。」,「羅諾威。叫家具孩子們退下。家具只是在服從主人。所有的罪責，都該由主人承擔。」,"""Ronove. Di' a quella giovane mobilia di indietreggiare. I mobili non fanno altro che eseguire gli ordini del loro padrone. È il padrone ad essere responsabile per tutti i loro crimini.""","""Ronove. Have the furniture children step back. Furniture merely serves its master. The master is responsible for all of her crimes.""","""Ronove. Haz que las niñas muebles retrocedan. Los muebles solo sirven a sus amos. El amo es responsable de sus crímenes.""","""ﺭﻭﻧﻮﻑ. ﺁﻣﺮ ﻓﺘﻴﺎﺕ ﺍﻷﺛﺎﺙ ﺑﺎﻟﺘﺮﺍﺟﻊ. ﺇﻧﻬﻦّ ﻣﺠﺮّﺩ ﺃﺛﺎﺙ ﻳﺨﺪﻡ ﺳﻴﺪﺗﻪ ﻓﺤﺴﺐ. ﻭﺟﻤﻴﻊ ﺍﻟﺨﻄﺎﻳﺎ، ﻳﺘﺤﻤﻠﻬﺎ ﺍﻟﺴﻴﺪ ﻭﺣﺪﻩ.""","""Ronove. Have the furniture children step back. Furniture merely serves its master. The master is responsible for all of her crimes.""","""Ronove. Have the furniture children step back. Furniture merely serves its master. The master is responsible for all of her crimes.""","""Ronove. Have the furniture children step back. Furniture merely serves its master. The master is responsible for all of her crimes."""
Ronove,""".........Certainly. Madam {f:5:Beatrice}.""","""......Certainly, Madam {f:5:Beatrice}."" ",""".........Certainly. Madam Beatrice.""",「………かしこまりました。マダム・ベアトリーチェ。」,「………かしこまりました。マダム・ベアトリーチェ」,""".........Разумеется. Мадам {f:5:Беатриче}.""",""".........Como quiser. Madame {f:5:Beatrice}.""",「………遵命。贝阿朵莉切女士。」,「………遵命。貝阿朵莉切女士。」,"""... Come desidera. Madame Beatrice.""",""".........Certainly. Madam {f:5:Beatrice}.""","""... Como desee, madam {f:5:Beatrice}.""",""".........ﺣﺎﺿﺮ. ﻳﺎ ﺳﻴﺪﺓ {f:7:ﺑﻴﺎﺗﺮﻳﺲ}.""",""".........Certainly. Madam {f:5:Beatrice}.""",""".........Certainly. Madam {f:5:Beatrice}.""",""".........Certainly. Madam {f:5:Beatrice}."""
,"""I have already surrendered that name to this child. ......Come now, step back. Furniture girls. ......For those who do not listen the first time, I say it a second. However, I do not speak it a third...""","""I have already passed that name on to this child. ...Come now, step back, furniture girls. ...I may give warnings a second time, if you did not listen to the first. However, do not expect to receive a third..."" ","""I have already surrendered that name to this child. ......Come now, step back. Furniture girls. ......If you didn't listen the first time, I am saying it again. However, I will not say it a third time, alright...?""",「その名はもう、その子に譲りました。……さぁ、下がりなさい。家具の娘たち。……私は一度聞かぬとしても、二度言います。しかし、三度目は口にしませんよ…？」,「その名はもう、その子に譲りました。……さぁ、下がりなさい。家具の娘たち。……私は一度聞かぬとしても、二度言います。しかし、三度目は口にしませんよ…？」,"""Я давно передала это имя этому дитя. ......Итак, отойдите. Девушки‐мебель. ......Если вы не услышали в первый раз, то я повторю. Но третий раз повторять не стану, понятно?..""","""Eu já entreguei este nome para essa criança. ......Vamos, para trás. Meninas mobílias. ......Para aquelas que não entenderam na primeira vez, eu vou repetir. Porém, não irei dizer uma terceira vez...""",「此名已经让给了这位孩子。……快，退下。家具小妹妹们。……一次不听，我会说第二次。但是，第三次可是不会说出口的哦…？」,「此名已經讓給了這位孩子。……快，退下。家具小妹妹們。……一次不聽，我會說第二次。但是，第三次可是不會說出口的哦…？」,"""Quel nome, ormai, l'ho affidato a questa bambina. ... Ora andiamo, fatevi indietro. Giovani mobili. ... Se non avete sentito la prima volta, lo sto dicendo di nuovo. Tuttavia, non lo ripeterò una terza volta, va bene...?""","""I have already surrendered that name to this child. ......Come now, step back. Furniture girls. ......For those who do not listen the first time, I say it a second. However, I do not speak it a third...""","""Ya le he cedido ese nombre a esta niña... Ahora, retrocedan. Chicas mueble... Si no escucharon la primera vez, lo estoy diciendo de nuevo. Sin embargo, no lo diré una tercera vez, ¿entendido?...""","""ﻟﻘﺪ ﺃﻋﻄﻴﺖُ ﻫﺬﺍ ﺍﻻﺳﻢ ﺑﺎﻟﻔﻌﻞ ﻟﻬﺬﻩ ﺍﻟﻔﺘﺎﺓ. ......ﻫﻴّﺎ، ﺗﺮﺍﺟﻌﻦ، ﻳﺎ ﻓﺘﻴﺎﺕ ﺍﻷﺛﺎﺙ. ...... ﺭﺑﻤﺎ ﺃﺣﺬﺭﻛﻦّ ﻟﻤﺮﺓٍ ﺛﺎﻧﻴﺔ ﺇﻥ ﻟﻢ ﺗﺴﺘﻤﻌﻦ ﻟﻜﻼﻣﻲ ﻣﻦ ﺍﻟﻤﺮﺓ ﺍﻷﻭﻟﻰ. ﻭﻟﻜﻦ ﻟﻦ ﺃﻛﺮﺭ ﻣﺎ ﺃﻗﻮﻟﻪ ﻟﻤﺮﺓٍ ﺛﺎﻟﺜﺔ...""","""I have already surrendered that name to this child. ......Come now, step back. Furniture girls. ......For those who do not listen the first time, I say it a second. However, I do not speak it a third...""","""I have already surrendered that name to this child. ......Come now, step back. Furniture girls. ......For those who do not listen the first time, I say it a second. However, I do not speak it a third...""","""I have already surrendered that name to this child. ......Come now, step back. Furniture girls. ......For those who do not listen the first time, I say it a second. However, I do not speak it a third..."""
Ronove,"""......Step back, Seven Sisters of Purgatory. If you get involved, you will be turned to dust...""","""...Step back, Seven Sisters of Purgatory. If you get dragged into this, only dust will remain..."" ","""......Step back, Seven Sisters of Purgatory. If you get involved, you will be turned to dust...""",「……下がりなさい、煉獄の七姉妹。巻き添えになれば塵と化しますよ…。」,「……下がりなさい、煉獄の七姉妹。巻き添えになれば塵と化しますよ…」,"""......Отступите, семь сестёр чистилища. Если будете упорствовать, рискуете обратиться в прах...""","""......Para trás, Sete Irmãs do Purgatório. Se vocês se envolverem, vão acabar sendo reduzidas ao pó...""",「……退下，炼狱七姐妹。若受到波及，你们可是会化为尘埃的…」,「……退下，煉獄七姐妹。若受到波及，你們可是會化為塵埃的…」,"""... Fatevi indietro, Sette Sorelle del Purgatorio. Se vi immischiate, sarete ridotte in polvere...""","""......Step back, Seven Sisters of Purgatory. If you get involved, you will be turned to dust...""","""... Retrocedan, Siete Hermanas del Purgatorio. Si se entrometen, serán reducidas a polvo...""","""...ﺗﺮﺍﺟﻌﻦَّ  ﻳﺎ ﻓﺘﻴﺎﺕ ﺍﻟﻤَﻄﻬﺮ ﺍﻟﺴﺒﻊ.  ﺇﻥ ﺗﺪﺧﻠﺘﻦَّ ﻓﻲ ﻫﺬﺍ ﺍﻟﻨﺰﺍﻝ، ﻓﻠﻦ ﻳﺒﻘﻰ ﻣﻨﻜﻦَّ  ﺇﻻ ﺍﻟﺮﻣﺎﺩ...""","""......Step back, Seven Sisters of Purgatory. If you get involved, you will be turned to dust...""","""......Step back, Seven Sisters of Purgatory. If you get involved, you will be turned to dust...""","""......Step back, Seven Sisters of Purgatory. If you get involved, you will be turned to dust..."""
Lucifer,"""B‐......back, everyone...""","""...B-Back, everyone..."" ","""B, ......back, everyone...""",「さ、……下がれみんな…。」,「さ、……下がれみんな…」,"""О... отступаем, девчонки...""","""P‐......Para trás, garotas...""",「大、……大家退下…」,「大、……大家退下…」,"""R... Ragazze, indietro...""","""B‐......back, everyone...""","""Re-Retrocedan, chicas...""","""ﻫـ....ﻫﻴّﺎ ﺗﺮﺍﺟﻌﻦ ﺟﻤﻴﻌﻜﻦ.""","""B‐......back, everyone...""","""B‐......back, everyone...""","""B‐......back, everyone..."""
,Ronove and the Seven Sisters of Purgatory retreated.,Ronove and the Seven Sisters of Purgatory retreated. ,"Ronove and the Seven Sisters of Purgatory retreated.",ロノウェと煉獄の七姉妹は退く。,ロノウェと煉獄の七姉妹は退く。,Ронове и семь сестёр ретировались.,Ronove e as Sete Irmãs do Purgatório se retiraram.,罗诺威与炼狱七姐妹往后退去。,羅諾威與煉獄七姐妹往後退去。,Ronove e le Sette Sorelle si fecero da parte.,Ronove and the Seven Sisters of Purgatory retreated.,Ronove y las Siete Hermanas del Purgatorio retrocedieron.,ﺗﺮﺍﺟﻊ ﺭﻭﻧﻮﻑ ﻭﺃﺧﻮﺍﺕ ﺍﻟﻤَﻄﻬﺮ ﺍﻟﺴﺒﻊ.,Ronove and the Seven Sisters of Purgatory retreated.,Ronove and the Seven Sisters of Purgatory retreated.,Ronove and the Seven Sisters of Purgatory retreated.
,"After that, there was the {f:5:Beatrice} whose bold expression didn't falter, and the master {f:5:Beatrice}, who had given up that name, and wore a composed smile...","After that, what remained was the {f:5:Beatrice} whose daring expression didn't falter... and the teacher {f:5:Beatrice}, who had given up that name and wore a composed smile... "," After that, there was the Beatrice whose bold expression didn't falter, and the teacher Beatrice, who had given up that name, and wore a composed smile...",後には、不敵な表情を崩さないベアトリーチェと、悠然と笑顔を湛えた、名前を譲った師匠のベアトリーチェがいる…。,後には、不敵な表情を崩さないベアトリーチェと、悠然と笑顔を湛えた、名前を譲った師匠のベアトリーチェがいる…。,"Остались лишь {f:5:Беатриче}, чьё лицо не убавило смелости, и собранно улыбающаяся наставница {f:5:Беатриче}, отдавшая это имя...","Logo após, restou a {f:5:Beatrice} cujo a ousada expressão não hesitou, e sua professora, {f:5:Beatrice}, que já havia abdicado desse nome, e vestia agora um sereno sorriso...",然后就只剩下了，保持着目空一切的表情的贝阿朵莉切，与满面悠然笑容的，让出了名字的师傅贝阿朵莉切…。,然後就只剩下了，保持著目空一切的表情的貝阿朵莉切，與滿面悠然笑容的，讓出了名字的師傅貝阿朵莉切…。,"Dopodiché, rimasero la Beatrice la cui espressione boriosa non tentennava affatto, e la maestra Beatrice, che aveva abbandonato quel nome, e mostrava un sorriso sereno...","After that, there was the {f:5:Beatrice} whose bold expression didn't falter, and the master {f:5:Beatrice}, who had given up that name, and wore a composed smile...","Después de eso, allí estaba la {f:5:Beatrice} cuya expresión audaz no titubeaba, y la maestra {f:5:Beatrice}, quien había renunciado a ese nombre y lucía una serena sonrisa...",ﻭﺗﺒﻘﺖ ﻓﻘﻂ {f:7:ﺑﻴﺎﺗﺮﻳﺲ} ﺫﺍﺕ ﺍﻟﻨﻈﺮﺓ ﺍﻟﺠﺮﻳﺌﺔ، ﻭﻛﺬﻟﻚ ﻣﻌﻠﻤﺘﻬﺎ ﺍﻟﺴﺎﺑﻘﺔ {f:7:ﺑﻴﺎﺗﺮﻳﺲ} ﺍﻟﺘﻲ ﺃﻋﻄﺘﻬﺎ ﺫﻟﻚ ﺍﻻﺳﻢ، ﻣﺒﺘﺴﻤﺔً ﻭﻣﻨﺘﻈﺮﺓ ﻓﻲ ﻣﻜﺎﻧﻬﺎ...,"After that, there was the {f:5:Beatrice} whose bold expression didn't falter, and the master {f:5:Beatrice}, who had given up that name, and wore a composed smile...","After that, there was the {f:5:Beatrice} whose bold expression didn't falter, and the master {f:5:Beatrice}, who had given up that name, and wore a composed smile...","After that, there was the {f:5:Beatrice} whose bold expression didn't falter, and the master {f:5:Beatrice}, who had given up that name, and wore a composed smile..."
{f:5:Beatrice},"""Well then. ......Master. What tea shall I prepare for our long awaited reunion?""","""Well then, ...Teacher, what tea shall I prepare for our long-awaited reunion?"" ","""Well then. ......Teacher. What tea shall I prepare for our long awaited reunion?""",「さぁって。……お師匠様。久し振りの再会にはどんなお茶のご用意が良いかなぁ？」,「さぁって。……お師匠様。久し振りの再会にはどんなお茶のご用意が良いかなぁ？」,"""Ну что ж. ......Наставница. Что же мне приготовить для нашего долгожданного воссоединения?""","""Muito bem. ......Professora. Qual chá eu devo preparar para a nossa tão aguardada reunião?""",「那么。……师傅大人。这久别的再会，该备点什么茶好呢？」,「那麼。……師傅大人。這久別的再會，該備點什麼茶好呢？」,"""Molto bene. ... Maestra. Che tipo di tè dovrò preparare per la nostra riunione tanto attesa?""","""Well then. ......Master. What tea shall I prepare for our long awaited reunion?""","""Pues bien... Maestra. ¿Qué té he de preparar para nuestra tan esperada reunión?""","""ﻭﺍﻵﻥ، ......ﻳﺎ ﻣﻌﻠﻤﺘﻲ. ﺃﻱ ﺷﺎﻱٍ ﻳﺠﺐ ﺃﻥ ﺃُﻋﺪّﻩ ﻟﻠﻘﺎﺋﻨﺎ ﺍﻟﻤﻨﺘﻈﺮ؟""","""Well then. ......Master. What tea shall I prepare for our long awaited reunion?""","""Well then. ......Master. What tea shall I prepare for our long awaited reunion?""","""Well then. ......Master. What tea shall I prepare for our long awaited reunion?"""
,"""Let's see. This reunion was longer in coming than the visit of a comet. I will accept your hospitality. .........If there appear to be any issues, then my name and the title of Endless Witch, ......I will have them returned, understand?""","""Let's see. This reunion was longer in coming than the visit of a comet. Perhaps I will accept your hospitality. ......And if it seems a mistake has been made, ...I'll have you return my name and the title of Endless Witch."" ","""Let's see. This reunion was longer in coming than the visit of a comet. Shall I accept your hospitality? .........It seems there has been a mistake, ......so will you give back my name and the title of Endless Witch?""",「そうですね。箒星の訪れよりも久しい再会です。持て成してもらいましょうか。………粗相があるようならば、我が名と無限の魔女の称号。……返してもらいますよ？」,「そうですね。箒星の訪れよりも久しい再会です。もてなしてもらいましょうか。………粗相があるようならば、我が名と無限の魔女の称号。……返してもらいますよ？」,"""Посмотрим. Этого воссоединения пришлось ждать дольше, чем визита кометы. Принять ли мне твое гостеприимство? .........Видать, произошла ошибка... Так что не отдашь ли ты мне имя и титул Ведьмы Бесконечности?""","""Deixe‐me ver. Esta reunião está há mais tempo para acontecer do que a visita de um cometa. Eu irei aceitar sua hospitalidade. .........Se aparentar haver qualquer problema, então meu nome e título de Bruxa do Infinito, ......retornarão para mim, entendido?""",「是呢。这是比扫把星的到访还要久远的再会。就接受你的款待吧。………若有失态，那就由我收回，……吾之名与无限魔女的称号哦？」,「是呢。這是比掃把星的到訪還要久遠的再會。就接受你的款待吧。………若有失態，那就由我收回，……吾之名與無限魔女的稱號哦？」,"""Vediamo. Ha impiegato più tempo a giungere questo incontro che la visita di una cometa. Mi chiedo se debba accettare la tua ospitalità? ... Pare che ci sia stato un errore... perciò mi restituirai il mio nome e il titolo di Strega dell'Infinito?""","""Let's see. This reunion was longer in coming than the visit of a comet. I will accept your hospitality. .........If there appear to be any issues, then my name and the title of Endless Witch, ......I will have them returned, understand?""","""Veamos. Esta reunión demoró más en llegar que la visita de un cometa. Aceptaré tu hospitalidad... Si parece que hay algún problema, entonces mi nombre y el título de Bruja Interminable... haré que me los devuelvas, ¿entendido?""","""ﺩﻋﻴﻨﻲ ﺃﻓﻜﺮ... ﻏﻴﺎﺑﻨﺎ ﻋﻦ ﺑﻌﻀﻨﺎ ﺃﻃﻮﻝ ﻣﻦ ﻣﺮﻭﺭ ﻧﺠﻢ ﻣﺬﻧﺐ. ﻓﻠﺘُﺤﺴﻨِﻲ ﺿﻴﺎﻓﺘﻲ. .........ﻭﺇﻥ ﻛﺎﻥ ﻓﻲ ﺿﻴﺎﻓﺘﻚِ ﺗﻘﺼﻴﺮ، ﻓﺴﺄﺳﺘﻌﻴﺪ ﺍﺳﻤﻲ ﻭﻟﻘﺐ 'ﺍﻟﺴﺎﺣﺮﺓ ﺍﻷﺯﻟﻴﺔ' ﻣﻨﻚِ...!""","""Let's see. This reunion was longer in coming than the visit of a comet. I will accept your hospitality. .........If there appear to be any issues, then my name and the title of Endless Witch, ......I will have them returned, understand?""","""Let's see. This reunion was longer in coming than the visit of a comet. I will accept your hospitality. .........If there appear to be any issues, then my name and the title of Endless Witch, ......I will have them returned, understand?""","""Let's see. This reunion was longer in coming than the visit of a comet. I will accept your hospitality. .........If there appear to be any issues, then my name and the title of Endless Witch, ......I will have them returned, understand?"""
{f:5:Beatrice},"""*cackle*cackle*! So there's even a license renewal policy for the title of Endless Witch?""","""*cackle*cackle*! So, even the title of Endless Witch has a license renewal policy? ","""*cackle*cackle*! So there's even a license renewal policy for the title of Endless Witch? ",「くっくっくっく！　無限の魔女にも、免許更新制度があったとはなァ。,「くっくっくっく！　無限の魔女にも、免許更新制度があったとはなァ」,"""*хи‐хи*хи‐хи*! Так что же, существует даже политика по обновлению лицензии на титул Ведьмы Бесконечности?""","""*gargalhada*gargalhada*! Então tem até mesmo uma política de renovação de licença para o título de Bruxa do Infinito?""",「呵呵呵呵！就连无限的魔女，都有执照更新制度啊？」,「呵呵呵呵！就連無限的魔女，都有執照更新制度啊？」,"""*cackle*cackle*! E così c'è anche un procedimento di rinnovo burocratico per il titolo di Strega dell'Infinito?","""*cackle*cackle*! So there's even a license renewal policy for the title of Endless Witch?""","""¡*carcajada*carcajada*! ¿Así que incluso hay una política de renovación de licencia para el título de Bruja Interminable?""","""*ﻗﻬﻘﻬﺔ*ﻗﻬﻘﻬﺔ*! ﻟﻢ ﺃﻋﻠﻢ ﺃﻥ ﻟﻘﺐ ﺍﻟﺴﺎﺣﺮﺓ ﺍﻷﺯﻟﻴﺔ ﻳﺤﺘﺎﺝ ﺇﻟﻰ ﺗﺠﺪﻳﺪ ﺭﺧﺼﺔ!""","""*cackle*cackle*! So there's even a license renewal policy for the title of Endless Witch?""","""*cackle*cackle*! So there's even a license renewal policy for the title of Endless Witch?""","""*cackle*cackle*! So there's even a license renewal policy for the title of Endless Witch?"""
{f:5:Beatrice},"""......As you say, Master. See how splendid your disciple has become, and see how far she has surpassed what you were long ago...!""","...As you wish, Teacher. See how splendid your disciple has become, and see how far she surpassed you so long ago...!"" ","......As you say, Teacher. See how splendid your disciple has become, and see how far she has surpassed what you were long ago...!""",……仰せのままに、お師匠様。あなたの弟子が、どれほど立派になったか。そして、とっくの昔にどれほどあなたを凌駕したか、とくとご覧に入れましょう…！」,「……仰せのままに、お師匠様。あなたの弟子が、どれほど立派になったか。そして、とっくの昔にどれほどあなたを凌駕したか、とくとご覧に入れましょう…！」,"""......Как скажете, наставница. Вы увидите, сколь замечательной стала ваша ученица, и насколько она превзошла ту, какой вы были давным‐давно!""","""......Como quiser, professora. Veja o quão esplêndida sua discípula se tornou, e veja o quanto ela superou o que você era há muito tempo atrás...!""",「……遵您所言，师傅大人。就由您的法眼好好看看，您的弟子已有多了不起，早已凌驾于您之上多少…！」,「……遵您所言，師傅大人。就由您的法眼好好看看，您的弟子已有多了不起，早已凌駕於您之上多少…！」,"... Come vuoi, Maestra. Guarda com'è diventata magnifica la tua discepola, e come ha sorpassato ciò che tu sei stata tanto tempo fa...!""","""......As you say, Master. See how splendid your disciple has become, and see how far she has surpassed what you were long ago...!""","""... Como digas, maestra. ¡Mira lo espléndida que se ha hecho tu discípula, y mira cuán lejos ha superado lo que eras hace tanto tiempo!...""","""....ﻛﻤّﺎ ﺗﺸﺎﺋﻴﻦ ﻳﺎ ﻣﻌﻠﻤﺘﻲ. ﺳﺄﺭﻳﻚِ ﻛﻢ ﺃﺻﺒﺤﺖُ ﻋﻈﻴﻤﺔ ﻛﺘﻠﻤﻴﺬﺗﻚِ، ﻭﺳﺄﺭﻳﻚِ ﺃﻳﻀﺎً ﻛﻢ ﺗﺠﺎﻭﺯﺗُﻚِ ﻣﻨﺬ ﺯﻣﻦ ﻃﻮﻳﻞ...!""","""......As you say, Master. See how splendid your disciple has become, and see how far she has surpassed what you were long ago...!""","""......As you say, Master. See how splendid your disciple has become, and see how far she has surpassed what you were long ago...!""","""......As you say, Master. See how splendid your disciple has become, and see how far she has surpassed what you were long ago...!"""
,It looked like sparks exploded in the air between the two {f:5:Beatrice}s.,The air between the two {f:5:Beatrice}s seemed to explode with sparks. ,"It looked like the air between the two Beatrices exploded in fireworks.",二人のベアトリーチェを中心に、空中を火花が爆ぜたように見えた。,二人のベアトリーチェを中心に、空中を火花が爆ぜたように見えた。,В воздухе между двумя {f:5:Беатриче} словно взорвались фейерверки.,Parecia como se faíscas tivessem explodido no ar entre as duas {f:5:Beatrice}s.,以两位贝阿朵莉切为中心，空中仿佛爆发出了火花。,以兩位貝阿朵莉切為中心，空中仿彿爆發出了火花。,Sembrò che l'aria tra le due Beatrice esplodesse come fuochi d'artificio.,It looked like sparks exploded in the air between the two {f:5:Beatrice}s.,Parecía como si el aire entre las dos {f:5:Beatrices} explotara en fuegos artificiales.,ﺍﻧﻔﺠﺮﺕ ﺑﻌﺾ ﺍﻟﺸﺮﺍﺭﺍﺕ ﻓﻲ ﺍﻟﻤﺴﺎﻓﺔ ﺑﻴﻦ ﺍﻻﺛﻨﺘﺎﻥ ﺍﻟﻤﺴﻤﻴﺘﺎﻥ ﺏ{f:7:ﺑﻴﺎﺗﺮﻳﺲ}.,It looked like sparks exploded in the air between the two {f:5:Beatrice}s.,It looked like sparks exploded in the air between the two {f:5:Beatrice}s.,It looked like sparks exploded in the air between the two {f:5:Beatrice}s.
,"Just by glaring at each other, they purged all spirits from that space.","Just by glaring at each other, they purged all spirits from that space. "," Just by glaring at each other, they purged all spirits from that space.",ただ二人がにらみ合っただけで、空間の霊的存在が一掃される。,ただ二人がにらみ合っただけで、空間の霊的存在が一掃される。,"Зло глядя друг на друга, они прогнали всех духов из того пространства.","Apenas de olhar uma para a outra, elas purgaram todos os espíritos daquele espaço.",光是二人怒目相视，就将这个空间的灵类存在一扫而空。,光是二人怒目相視，就將這個空間的靈類存在一掃而空。,"Solo scambiandosi uno sguardo deciso, avevano eliminato tutti gli spiriti che si trovavano in quello spazio.","Just by glaring at each other, they purged all spirits from that space.","Solo con mirarse mutuamente, purgaron todos los espíritus de ese espacio.",ﻣﺠﺮﺩ ﻧﻈﺮﺍﺕ ﺍﻟﺘﺤﺪﻱ ﺍﻟﻤﺘﺒﺎﺩﻟﺔ ﺑﻴﻨﻬﻤﺎ ﻃﺮﺩﺕ ﺟﻤﻴﻊ ﺍﻷﺭﻭﺍﺡ ﻣﻦ ﺍﻟﻤﻜﺎﻥ.,"Just by glaring at each other, they purged all spirits from that space.","Just by glaring at each other, they purged all spirits from that space.","Just by glaring at each other, they purged all spirits from that space."
,"...As they watched, the Seven Sisters shivered. ...Because if they had retreated just three steps less than they had, they would already have been turned to dust by now.","...As they watched, the Seven Sisters shivered. ...After all, if they had retreated just three steps less than they had, they would already have been turned to dust by now. ","...As they watched, the seven sisters shivered....Because if they had retreated just three steps less than they had, they would already have been turned to dust by now.",…それを見て、七姉妹は戦慄する。…もう三歩も、二人の側を遠退かなかったら、それだけで塵になっていたに違いないからだ。,…それを見て、七姉妹は戦慄する。…もう三歩も、二人の側を遠退かなかったら、それだけで塵になっていたに違いないからだ。,"...Наблюдая это, семь сестёр одолела дрожь. ...Ведь останься они лишь на три шага ближе, то сразу бы обратились в прах.","...Apenas de olhar, as Sete Irmãs estremeceram. ...Se elas tivessem dado três passos a menos para trás, elas já teriam se tornado poeira naquele momento.",…看着这一幕，七姐妹不寒而栗。…因为，若是从她俩身旁少退了三步，七姐妹肯定就化为尘埃了。,…看著這一幕，七姐妹不寒而慄。…因為，若是從她倆身旁少退了三步，七姐妹肯定就化為塵埃了。,"... Le sette sorelle tremarono a guardarle. ... Perché se avessero fatto anche solo tre passi in meno di quanti ne avevano fatti, adesso sarebbero state polvere.","...As they watched, the Seven Sisters shivered. ...Because if they had retreated just three steps less than they had, they would already have been turned to dust by now.","... Mientras observaban, las siete hermanas se estremecieron... Porque si hubieran retrocedido solo tres pasos menos de los que habían dado, ya se habrían convertido en polvo.",...ﺭﺃﺕ ﺍﻷﺧﻮﺍﺕ ﺫﻟﻚ، ﻓﺎﺭﺗﻌﺪﻥ ﺧﻮﻓﺎً. ...ﻟﻮ ﺃﻧﻬﻢ ﻛﺎﻧﻮﺍ ﻣﺘﻘﺪﻣﻴﻦ ﺑﺜﻼﺙ ﺧﻄﻮﺍﺕ، ﻟﺘﺤﻮﻟﻮﺍ ﺇﻟﻰ ﺭﻣﺎﺩ.,"...As they watched, the Seven Sisters shivered. ...Because if they had retreated just three steps less than they had, they would already have been turned to dust by now.","...As they watched, the Seven Sisters shivered. ...Because if they had retreated just three steps less than they had, they would already have been turned to dust by now.","...As they watched, the Seven Sisters shivered. ...Because if they had retreated just three steps less than they had, they would already have been turned to dust by now."
,"""So, come. {f:5:Beatrice}. ...Surrendering my name to you is the only regret I have in my life. I will now correct that error with my own hands!""","""So come, {f:5:Beatrice}. ...Surrendering my name to you is the only regret I have in life. I will now correct that error by my own hands!"" ","""So, come. Beatrice. ...Surrendering my name to you is the only regret I have in my life. I will now correct that error with my own hands!""",「さぁ、いらっしゃい。ベアトリーチェ。…あなたにその名を譲ったことが、私の生涯でただ一度の後悔です。その過ちを、今、自らの手で修正しましょう！」,「さぁ、いらっしゃい。ベアトリーチェ。…あなたにその名を譲ったことが、私の生涯でただ一度の後悔です。その過ちを、今、自らの手で修正しましょう！」,"""Начнём же. {f:5:Беатриче}. ...Передача тебе моего имени — единственное, о чем я жалею за всю свою жизнь. Теперь я исправлю свою ошибку своими собственными руками!""","""Pois bem, que venha, {f:5:Beatrice}. ...Ter passado meu nome a você é o único arrependimento que tenho em minha vida. Eu irei agora corrigir este erro com minhas próprias mãos!""",「来，上吧。贝阿朵莉切。…把此名让给你，是我一生中唯一的悔事。这个错误，此刻，就由我来亲手修正！」,「來，上吧。貝阿朵莉切。…把此名讓給你，是我一生中唯一的悔事。這個錯誤，此刻，就由我來親手修正！」,"""Su, fatti avanti. Beatrice. ... Averti affidato il mio nome è l'unico rimorso che ho nella mia vita. Adesso rimedierò a quell'errore con le mie stesse mani!""","""So, come. {f:5:Beatrice}. ...Surrendering my name to you is the only regret I have in my life. I will now correct that error with my own hands!""","""Entonces, ven. {f:5:Beatrice}... Haberte entregado mi nombre es el único arrepentimiento que tengo en mi vida. ¡Ahora corregiré ese error con mis propias manos!""","""ﻫﻴﺎ، ﺗﻌﺎﻟﻲ ﺇﻟﻲّ، ﻳﺎ {f:7:ﺑﻴﺎﺗﺮﻳﺲ}. ...ﻧﺪﻣﻲ ﺍﻟﻮﺣﻴﺪ ﻫﻮ ﺇﻋﻄﺎﺀ ﺍﺳﻤﻲ ﻟﻚ. ﻭﺍﻵﻥ، ﺳﺄُﺻﺤﺢ ﺫﻟﻚ ﺍﻟﺨﻄﺄ ﺑﻴﺪﻱ...!""","""So, come. {f:5:Beatrice}. ...Surrendering my name to you is the only regret I have in my life. I will now correct that error with my own hands!""","""So, come. {f:5:Beatrice}. ...Surrendering my name to you is the only regret I have in my life. I will now correct that error with my own hands!""","""So, come. {f:5:Beatrice}. ...Surrendering my name to you is the only regret I have in my life. I will now correct that error with my own hands!"""
{f:5:Beatrice},"""*cackle*cackle*cackle*... ...Tut tut tut. ......That's wrong, Masterrr. My only error...was becoming your disciple to learn this trifling level of power, got thaaaat?""","""*cackle*cackle*cackle*... ...Tsk, tsk, tsk. ...You've got it wrong, Teacheer. My only error... was becoming your disciple in the hopes of gaining such a puny level of power, get iiiiiiiit?"" ","""*cackle*cackle*cackle*......Chichichi. ......That's wrong, Teacheer. My only error, was becoming your disciple to learn this level of power, riiiiiiiiiiiiight? ",「くっくっくっくっく…。…ちっちっち。……そりゃあ違うぜ、お師匠様ァ。私のただ一度の過ちは、この程度の力を学ぶのに、あんたに弟子入りしちまったことだぜぇええぇ？,「くっくっくっくっく…。…ちっちっち。……そりゃあ違うぜ、お師匠様ァ。妾のただ一度の過ちは、この程度の力を学ぶのに、あんたに弟子入りしちまったことだぜぇええぇ？」,"""*Хи‐хи*хи‐хи*хи‐хи*... ...Хи‐хи‐хи‐хи. ......Ошибаетесь, наставница. Моей единственной ошибкой стало поступление к вам в ученицы, чтобы приобрести такой уровень могущества, ве‐е‐ерно?""","""*gargalhada*gargalhada*gargalhada*... ...Tch, tch, tch. ......Está errado, professooora. Meu único erro...foi me tornar sua discípula para aprender essa insignificante quantia de poder, entendeuuuu?""",「呵呵呵呵呵…。…唧唧唧。……这可不对啊，师傅大人。妾身唯一的错误可是，仅为学这种程度的力量，就拜入你门下哦————？」,「呵呵呵呵呵…。…唧唧唧。……這可不對啊，師傅大人。妾身唯一的錯誤可是，僅為學這種程度的力量，就拜入你門下哦————？」,"""*cackle*cackle*cackle*... Hehehehe. ... Sbagli, Maestraaa. Il mio unico errore, è stato diventare tua discepola e raggiungere questo livello di potere, veroooooooooo?","""*cackle*cackle*cackle*... ...Tut tut tut. ......That's wrong, Masterrr. My only error...was becoming your disciple to learn this trifling level of power, got thaaaat?""","""*carcajada*carcajada*carcajada*... Chichichi... Eso es incorrecto, maestra. Mi único error... fue convertirme en tu discípula para aprender este insignificante nivel de poder, ¿entieendes?""","""*ﻗﻬﻘﻬﺔ*ﻗﻬﻘﻬﺔ*ﻗﻬﻘﻬﺔ*... ...ﺗﻚ ﺗﻚ ﺗﻚ. ...ﺃﺧﻄﺄﺕِ ﺍﻟﺘﻘﺪﻳﺮ، ﻳﺎ ﻣﻌﻠﻤﺘﻴﻴﻴﻴﻲ... ﺃﻛﺒﺮ ﺧﻄﺄ ﺍﺭﺗﻜﺒﺘﻪ ﻓﻲ ﺣﻴﺎﺗﻲ...ﻫﻮ ﺃﻧﻨﻲ ﺻﺮﺕ ﺗﻠﻤﻴﺬﺗﻚ ﻟﺘﻌﻠُّﻢ ﺷﻲﺀ ﺑﻬﺬﺍ ﺍﻟﻤﺴﺘﻮﻯ ﺍﻟﺪﻧﻲﺀ ﻣﻦ ﺍﻟﻘﻮﺓ.""","""*cackle*cackle*cackle*... ...Tut tut tut. ......That's wrong, Masterrr. My only error...was becoming your disciple to learn this trifling level of power, got thaaaat?""","""*cackle*cackle*cackle*... ...Tut tut tut. ......That's wrong, Masterrr. My only error...was becoming your disciple to learn this trifling level of power, got thaaaat?""","""*cackle*cackle*cackle*... ...Tut tut tut. ......That's wrong, Masterrr. My only error...was becoming your disciple to learn this trifling level of power, got thaaaat?"""
{f:5:Beatrice},"""You call this magic? You call this being an Endless Witch? ......The power to notice, that's all it waaas! And you made suuuch a big deal of it. Your time is long past, Masteee{-}e{-}e{-}e{-}e{-}e{-}e{-}e{-}eeer!!""","""What are you calling magic? What are you calling the Endless Witch? ...All you've got is a power that can be gained just by noticing, right? And you act as though that's so great and impressive. Your turn's long over, Teacheeeeeeeeeeeeer!!"" ","What is magic? What is the Endless Witch? ......Isn't this just the power to notice? You act as though you're so great. Your turn is long over, Teacheeeeeeeeeeeeer!!""",何が魔法だ。何が無限の魔女だ。……こんなの、気付くだけの力じゃねぇえかよォ。それをもったいぶって偉そうによぅ。お前の出番はとっくに終わってんだよ、お師匠様よぉおおおおおおおおおおぉ！！」,「何が魔法だ。何が無限の魔女だ。……こんなの、気付くだけの力じゃねぇえかよォ。それをもったいぶって偉そうによぅ。お前の出番はとっくに終わってんだよ、お師匠様よぉおおおおおおおおおおぉ！！」,"""Что такое магия? Что такое Ведьма Бесконечности? ......Разве это не могущество, чтобы просто заметить? Вы ведёте себя так, словно вся из себя замечательная. Ваш ход давно завершился, учитеееееееееель!""","""Você chama isso de magia? Chama isso de ser uma Bruxa do Infinito?{n}......O poder para perceber, isto é tudoooo! E ainda faz taaaanta questão disso. Seu tempo já passou, professo{‐}o{‐}o{‐}o{‐}o{‐}o{‐}o{‐}o{‐}raaaa!!""",「什么魔法啊。什么无限的魔女啊。……这种玩意，不就仅仅是注意到了就有了的力量吗？就这破玩意，还摆架子装了不起。你的上场时间早就结束了哦，师傅大人————————————！！」,「什麼魔法啊。什麼無限的魔女啊。……這種玩意，不就僅僅是注意到了就有了的力量嗎？就這破玩意，還擺架子裝了不起。你的上場時間早就結束了哦，師傅大人————————————！！」,"Cos'è la magia? Cos'è la Strega dell'Infinito? ... Questo non è forse il potere di capire tutto ciò? Ti comporti come se fossi tanto grande. Ma il tuo turno si è già concluso da tempo, Maestraaaaaaaaaaaa!!""","""You call this magic? You call this being an Endless Witch? ......The power to notice, that's all it waaas! And you made suuuch a big deal of it. Your time is long past, Masteee{-}e{-}e{-}e{-}e{-}e{-}e{-}e{-}eeer!!""","""¿Llamas a esto magia? ¿Llamas a esto ser una Bruja Interminable?... ¡El poder del reconocimiento, eso es todo lo que era! Y tú le diste tanta importancia. ¡¡Tu tiempo ya pasó, maeeeeeeeeeeeeeestra!!""","""ﺃﺗﺴﻤﻴﻦ ﻫﺬﺍ ﺳﺤﺮًﺍ؟ ﺃﺗﺴﻤﻴﻦ ﻧﻔﺴﻚ ﺳﺎﺣﺮﺓً ﺃﺯﻟﻴﺔ؟ ...ﻛﻞ ﻣﺎ ﺗﻤﻠﻜﻴﻨﻪ ﻣﺠﺮﺩ ﻗﺪﺭﺓ ﻋﻠﻰ ﺇﺩﺭﺍﻙ ﺍﻷﺷﻴﺎﺀ ﻻ ﺃﻛﺜﺮ! ﻭﺗﺘﺼﺮﻓﻴﻦ ﻭﻛﺄﻧﻚ ﻋﻈﻴﻤﺔ ﺑﻬﺎ!!! ﺍﻧﺘﻬﺖ ﺣﻘﺒﺘﻚ ﻣﻨﺬ ﻭﻗﺖٍ ﻃﻮﻳﻞ، ﻳﺎ ﻣﻌﻠﻤﺘﻲ ﺍﻟﻌﺠﻮﻭﺯﺯﺯﺯﺯﺯﺓ!!""","""You call this magic? You call this being an Endless Witch? ......The power to notice, that's all it waaas! And you made suuuch a big deal of it. Your time is long past, Masteee{-}e{-}e{-}e{-}e{-}e{-}e{-}e{-}eeer!!""","""You call this magic? You call this being an Endless Witch? ......The power to notice, that's all it waaas! And you made suuuch a big deal of it. Your time is long past, Masteee{-}e{-}e{-}e{-}e{-}e{-}e{-}e{-}eeer!!""","""You call this magic? You call this being an Endless Witch? ......The power to notice, that's all it waaas! And you made suuuch a big deal of it. Your time is long past, Masteee{-}e{-}e{-}e{-}e{-}e{-}e{-}e{-}eeer!!"""
Ushiromiya Battler,""".........I, ......I, I don't have a clue what's going on anymore......! What in the world is happening right in front of my eyes...!""","""......I... I-I don't have a clue what's going on anymore...! What in the world is happening right in front of my eyes...?!"" ",""".........I, ......I, I don't have a clue what's going on anymore......! What in the world is happening right in front of my eyes...!""",「………も、……も、もう訳がわからねぇ……！　一体、目の前で何が起こってんだ…！」,「………も、……も、もう訳がわからねぇ……！　一体、目の前で何が起こってんだ…！」,""".........Я... я... я больше не понимаю, что происходит!.. Что, чёрт побери, творится у меня перед глазами!..""",""".........Eu, ......eu não faço mais ideia do que está acontecendo......! O que diabos está acontecendo bem na frente dos meus olhos...!""",「………已、……已经什么都搞不懂了……！我眼前到底发生了什么啊…！」,「………已、……已經什麼都搞不懂了……！我眼前到底發生了什麼啊…！」,"""... I... I-Io non ho la più pallida idea di cosa stia succedendo...! Che diavolo sta succedendo proprio davanti ai miei occhi...!""",""".........I, ......I, I don't have a clue what's going on anymore......! What in the world is happening right in front of my eyes...!""","""... Yo... ¡Yo... Yo ya no tengo ni idea de lo que está pasando!... ¡¿Qué es lo que está pasando frente a mis ojos?!...""",""".........ﻻ- ......ﻻ ﺃﻣﻠﻚ ﺃﺩﻧﻰ ﻓﻜﺮﺓ ﻋﻤﺎ ﻳﺤﺼﻞ ﺍﻵﻥ......! ﻣﺎ ﺍﻟﺬﻱ ﺃﺷﻬﺪﻩ ﺃﻣﺎﻣﻲ...!""",""".........I, ......I, I don't have a clue what's going on anymore......! What in the world is happening right in front of my eyes...!""",""".........I, ......I, I don't have a clue what's going on anymore......! What in the world is happening right in front of my eyes...!""",""".........I, ......I, I don't have a clue what's going on anymore......! What in the world is happening right in front of my eyes...!"""
,"""......Poor thing. It seems my disciple is causing you trouble. I apologize.""","""...You poor thing. It seems my disciple is causing you trouble. I apologize."" ","""......Poor thing. It seems my disciple is causing you trouble. I apologize.""",「……可哀想に。私の弟子が迷惑を掛けていますね。謝ります。」,「……可哀想に。私の弟子が迷惑を掛けていますね。謝ります」,"""......Бедняга. Похоже, моя ученица доставила тебе множество хлопот. Извиняюсь.""","""......Coitado. Parece que minha discípula está causando problemas a você. Eu peço desculpas.""",「……真可怜。我的徒弟给您添麻烦了。我向您道歉。」,「……真可怜。我的徒弟給您添麻煩了。我向您道歉。」,"""... Povero caro. Sembra che la mia allieva ti stia causando dei fastidi. {n}Ti chiedo scusa.""","""......Poor thing. It seems my disciple is causing you trouble. I apologize.""","""... Pobrecito. Parece que mi discípula está causándote problemas. Pido disculpas.""","""...ﺃﻳﻬﺎ ﺍﻟﻤﺴﻜﻴﻦ. ﻳﺒﺪﻭ ﺑﺄﻥ ﺗﻠﻤﻴﺬﺗﻲ ﺗﺴﺒﺐ ﻟﻚ ﺑﺎﻟﻤﺘﺎﻋﺐ. ﺃﻋﺘﺬﺭ.""","""......Poor thing. It seems my disciple is causing you trouble. I apologize.""","""......Poor thing. It seems my disciple is causing you trouble. I apologize.""","""......Poor thing. It seems my disciple is causing you trouble. I apologize."""
Ushiromiya Battler,"""Y‐...you... Who are you? Why did Kumasawa baa‐chan turn into an attractive lady like this?! I mean, who are you?! I don't get it?! What kind of special effects are these?! My head feels like it's gonna explode!!""","""Wh-Who the heck are you...? Why did old Kumasawa turn into a nee-chan like this?! I mean, seriously, who are you?! I don't get it! What kind of special effects are these?! My head feels like it's gonna explode!!"" ","""Y, ...you..., who are you? Why did Kumasawa baa-chan turn into a nee-chan like this?! I mean, who are you?! I don't get it?! What kind of special effects are these?! My head feels like it's gonna explode!!""",「あ、…あんた…、何者なんだ。熊沢のばあちゃんが、どうしてこんな姉ちゃんに化けるんだ？！　つーか、あんた誰だよッ？！　訳がわからねぇ？！　これは何の特撮なんだ？！　俺は頭がどうにかなっちまいそうだッ！！」,「あ、…あんた…、何者なんだ。熊沢のばあちゃんが、どうしてこんな姉ちゃんに化けるんだ？！　つーか、あんた誰だよッ？！　訳がわからねぇ？！　これは何の特撮なんだ？！　俺は頭がどうにかなっちまいそうだッ！！」,"""Т... ты... ты ещё кто? Почему бабуля Кумасава превратилась в такую женщину?! Короче, кто ты такая?! Не понимаю! Что это за спецэффекты?! Моя голова сейчас взорвётся!""","""V‐...Você... Quem é você? Por que a Kumasawa baa‐chan se transformou em uma moça tão bonita assim?! Digo, quem é você?! Eu que não entendi?! Que tipo de efeitos especiais são esses?! Parece que minha cabeça vai explodir!!""",「你、…你是…，什么人啊？熊泽婆婆怎么会变成这副模样的阿姐？！话说回来，你谁啊？！莫名其妙！！这是啥特殊效果啊？！我的脑袋都乱得，不知道要变成咋样了！！」,「你、…你是…，什麼人啊？熊澤婆婆怎麼會變成這副模樣的阿姐？！話說回來，你誰啊？！莫名其妙！！這是啥特殊效果啊？！我的腦袋都亂得，不知道要變成咋樣了！！」,"""T... Tu... chi sei tu? Perché Kumasawa baa-chan si è trasformata in una bella figliola?! Voglio dire, chi sei?! Non lo capisco?! Che razza di effetti speciali sono mai questi?! Sento che sta per esplodermi la testa!!""","""Y‐...you... Who are you? Why did Kumasawa baa‐chan turn into an attractive lady like this?! I mean, who are you?! I don't get it?! What kind of special effects are these?! My head feels like it's gonna explode!!""","""T-Tú... ¿Quién eres? ¡¿Por qué la abuela Kumasawa se convirtió en una atractiva dama como esta?! ¡¿quién eres?! ¡No lo entiendo! ¡¿Qué clase de efectos especiales son estos?! ¡¡Mi cabeza se siente como si fuera a explotar!!""","""ﺃ-...ﺃﻧﺖِ... ﻣﻦ ﺃﻧﺖِ؟ ﻟﻤﺎﺫﺍ ﺗﺤﻮﻟﺖ ﻛﻮﻣﺎﺳﺎﻭﺍ ﺍﻟﻌﺠﻮﺯﺓ ﺇﻟﻰ ﺍﻣﺮﺃﺓ ﺟﺬﺍﺑﺔ ﻣﺜﻠﻚ؟! ﺃﻋﻨﻴﻬﺎ ﺑﺠﺪﻳﺔ، ﻣﻦ ﺃﻧﺖ؟ ﻻ ﺃﻓﻬﻢ! ﻣﺎ ﻧﻮﻉ ﺍﻟﺘﺄﺛﻴﺮﺍﺕ ﺍﻟﺒﺼﺮﻳﺔ ﺍﻟﺘﻲ ﺍﺳﺘﻌﻤﻠﺘﻤﻮﻫﺎ؟! ﺃﺷﻌﺮ ﻭﻛﺄﻥ ﺭﺃﺳﻲ ﺳﻴﻨﻔﺠﺮ!!""","""Y‐...you... Who are you? Why did Kumasawa baa‐chan turn into an attractive lady like this?! I mean, who are you?! I don't get it?! What kind of special effects are these?! My head feels like it's gonna explode!!""","""Y‐...you... Who are you? Why did Kumasawa baa‐chan turn into an attractive lady like this?! I mean, who are you?! I don't get it?! What kind of special effects are these?! My head feels like it's gonna explode!!""","""Y‐...you... Who are you? Why did Kumasawa baa‐chan turn into an attractive lady like this?! I mean, who are you?! I don't get it?! What kind of special effects are these?! My head feels like it's gonna explode!!"""
,"""I am the witch master of that child. My old name was {f:5:Beatrice}. When she succeeded me, I gave her that name, so I do not have a name.""","""I am the witch teacher of that child. My old name was {f:5:Beatrice}. When that child succeeded me, I gave up that name, so I have no name of my own."" ","""I am the witch teacher of that child. My old name was Beatrice. When that child succeeded me, I gave her that name, so I do not have a name.""",「私は、あの子の魔女の師匠です。かつての名はベアトリーチェ。あの子が私を継ぐ時に、その名を贈った為、今は名を持ちません。」,「私は、あの子の魔女の師匠です。かつての名はベアトリーチェ。あの子が私を継ぐ時に、その名を贈った為、今は名を持ちません」,"""Я ведьма‐наставница этого дитя. Моё прежнее имя было {f:5:Беатриче}. Когда это дитя стало моей преемницей, я отдала ей это имя и теперь безымянная.""","""Eu sou a bruxa que foi professora daquela criança. Meu antigo nome é {f:5:Beatrice}. Quando ela me sucedeu, passei a ela meu nome, por isso eu não tenho um nome.""",「我是那孩子的魔女师傅。以前的名字叫贝阿朵莉切。由于在那孩子接我班时赠予了此名，所以现在没有名字。」,「我是那孩子的魔女師傅。以前的名字叫貝阿朵莉切。由於在那孩子接我班時贈予了此名，所以現在沒有名字。」,"""Sono la strega insegnante di quella bambina. Il mio vecchio nome era Beatrice. Quando quella bambina mi è succeduta, le ho dato il mio nome, per cui adesso non ho nome.""","""I am the witch master of that child. My old name was {f:5:Beatrice}. When she succeeded me, I gave her that name, so I do not have a name.""","""Soy la bruja maestra de esta niña. Mi antiguo nombre era {f:5:Beatrice}. Cuando esa chica me sucedió, le di mi nombre, así que no tengo ninguno.""","""ﺃﻧﺎ ﻣﻌﻠﻤﺔ ﺗﻠﻚ ﺍﻟﻔﺘﺎﺓ ﻓﻲ ﻓﻨﻮﻥ ﺍﻟﺴﺤﺮ. ﺍﺳﻤﻲ ﺍﻟﺴﺎﺑﻖ ﻛﺎﻥ {f:7:ﺑﻴﺎﺗﺮﻳﺲ}. ﻭﺣﻴﻦ ﻭﺭﺛﺖ ﻫﻲ ﻣﻨﻲ ﺍﻟﻠﻘﺐ، ﺳﻠﻤﺘﻬﺎ ﺍﻻﺳﻢ ﺃﻳﻀﺎً، ﻓﻠﻢ ﺃﻋﺪ ﺃﺣﻤﻠﻪ.""","""I am the witch master of that child. My old name was {f:5:Beatrice}. When she succeeded me, I gave her that name, so I do not have a name.""","""I am the witch master of that child. My old name was {f:5:Beatrice}. When she succeeded me, I gave her that name, so I do not have a name.""","""I am the witch master of that child. My old name was {f:5:Beatrice}. When she succeeded me, I gave her that name, so I do not have a name."""
Ushiromiya Battler,"""You already said it, but your disciple's being a real pain to me! Please, take responsibility and do something! No, wait!!""","""Like you've already said, your disciple's been a real pain to me! Please, take responsibility and do something! No, wait!!"" ","""You already said it, but your disciple's been a real pain to me! Please, take responsibility and do something! No, wait!! ",「あんたがすでに言い切っちまってるが、俺はあんたの弟子のせいで大いに迷惑しているぜ！　頼むから責任取って何とかしてくれッ！　じゃなくてッ！！,「あんたがすでに言い切っちまってるが、俺はあんたの弟子のせいで大いに迷惑しているぜ！　頼むから責任取って何とかしてくれッ！　じゃなくてッ！！」,"""Это ты уже сказала, но твоя ученица оказалась ещё той занозой в пятой точке! Прошу, прими ответственность и сделай что‐нибудь! Нет, стой!""","""Você já disse isso, mas sua discípula vem sendo mesmo um problema para mim! Por favor, assuma a responsabilidade e faça algo a respeito! Não, espera!!""",「虽然你已经说过了，但我再说一次，我可是因为你的徒弟倒大霉了！拜托了，负起责任想办法帮帮忙吧！不对不对！！」,「雖然你已經說過了，但我再說一次，我可是因為你的徒弟倒大霉了！拜託了，負起責任想辦法幫幫忙吧！不對不對！！」,"""L'hai già detto tu, ma la tua allieva è stata una gran seccatura per me! Quindi ti prego, prenditi le tue responsabilità e fa' qualcosa! No, aspetta!!","""You already said it, but your disciple's being a real pain to me! Please, take responsibility and do something! No, wait!!""","""¡Ya lo dijiste, pero tu discípula ha sido una verdadera molestia para mí! ¡Por favor, toma la responsabilidad y haz algo! ¡¡No, espera, ¿qué estoy diciendo?!!""","""ﻛﻤﺎ ﺫﻛﺮﺕِ، ﺗﻠﻤﻴﺬﺗﻚ ﺃﺗﻌﺒﺘﻨﻲ ﻭﺃﺯﻋﺠﺘﻨﻲ!  ﺃﺭﺟﻮﻙ ﺗﺤﻤﻠﻲ ﺍﻟﻤﺴﺆﻭﻟﻴﺔ ﻭﺍﻓﻌﻠﻲ ﺷﻴﺌًﺎ! ﻛﻼ، ﻟﺤﻈﺔ!!""","""You already said it, but your disciple's being a real pain to me! Please, take responsibility and do something! No, wait!!""","""You already said it, but your disciple's being a real pain to me! Please, take responsibility and do something! No, wait!!""","""You already said it, but your disciple's being a real pain to me! Please, take responsibility and do something! No, wait!!"""
Ushiromiya Battler,"""I don't believe in stuff like this!! As if witches and magic are real!! I won't accept this messed‐up battle! Damn it all to hell, what am I supposed to believe?!!""","""I don't believe in stuff like this!! As if witches and magic could exist!! I won't accept this messed-up battle! Dammit, what should I believe?!!"" ","I don't believe in stuff like this!! As if witches and magic could exist!! I won't accept this messed-up battle! You bastard, what should I believe?!!""",俺はこんなの信じねぇぞ！！　魔女も魔法もあるもんか！！　こんな滅茶苦茶バトル、俺は認めねぇぞ！　くそったれ、俺は何を信じりゃいいんだ！！」,「俺はこんなの信じねぇぞ！！　魔女も魔法もあるもんか！！　こんな滅茶苦茶バトル、俺は認めねぇぞ！　くそったれ、俺は何を信じりゃいいんだ！！」,"""Я не верю в такие вещи! Ведьмы и магия существуют, ну да, как же! Я не приму этот долбанный бой! Дрянь, чему мне верить?!!""","""Eu não acredito em coisas assim!! Como se bruxas e magia fossem reais!! Eu não aceito essa batalha absurda! Puta merda, no que eu deveria acreditar?!""",「我才不信这种玩意呢！！哪会有魔女与魔法啊！！这样胡来的战斗，我是不会承认的！王八蛋，我该信什么好啊！！」,「我才不信這種玩意呢！！哪會有魔女與魔法啊！！這樣胡來的戰鬥，我是不會承認的！王八蛋，我該信什麼好啊！！」,"Non credo in questa roba!! Le streghe e la magia non possono esistere!! {n}Non accetterò questa battaglia assurda! Accidenti a te, in cosa devo credere!!""","""I don't believe in stuff like this!! As if witches and magic are real!! I won't accept this messed‐up battle! Damn it all to hell, what am I supposed to believe?!!""","""¡¡No creo en cosas como esta!! ¡¡Como si las brujas y la magia pudiesen existir!! ¡No aceptaré esta loca batalla! ¡¡Maldición, ¿qué se supone que debo creer?!!""","""ﻻ ﺃﻭﻣﻦ ﻓﻲ ﻫﺬﻩ ﺍﻷﺷﻴﺎﺀ!! ﻛﺄﻥ ﺍﻟﺴﺤﺮﺓ ﻭﺍﻟﺴﺤﺮ ﻣﻮﺟﻮﺩﻳﻦ!! ﻟﻦ ﺃﻋﺘﺮﻑ ﺑﻬﺬﻩ ﺍﻟﻤﻌﺮﻛﺔ ﺍﻟﺠﻨﻮﻧﻴﺔ! ﺗﺒﺎً، ﻣﺎﺫﺍ ﻋﺴﺎﻱ ﺃﺻﺪﻕ؟!!""","""I don't believe in stuff like this!! As if witches and magic are real!! I won't accept this messed‐up battle! Damn it all to hell, what am I supposed to believe?!!""","""I don't believe in stuff like this!! As if witches and magic are real!! I won't accept this messed‐up battle! Damn it all to hell, what am I supposed to believe?!!""","""I don't believe in stuff like this!! As if witches and magic are real!! I won't accept this messed‐up battle! Damn it all to hell, what am I supposed to believe?!!"""
,"""Hoh‐hoh‐ho... Just like you, hospitality with a very quick temper.""","""Hohohoh... That's just like you, hospitality with a very quick temper."" ","""Hoh-hoh-ho... Just like you, hospitality with a very quick temper.""",「ほっほっほ…。あなたらしい、とても短気な持て成しですね。」,「ほっほっほ…。あなたらしい、とても短気なもてなしですね」,"""Хо‐хо‐хо... Ты в своём репертуаре — гостеприимна, но быстро вспыхиваешь.""","""Hoh‐hoh‐ho... Típico de você, com esse temperamento curto quanto à hospitalidade.""",「嚯嚯嚯…。确实是如你风格，颇为性急的款待呢。」,「嚯嚯嚯…。確實是如你風格，頗為性急的款待呢。」,"""Hoh-hoh-ho... un'ospitalità che fa presto ad infiammarsi, è proprio da te.""","""Hoh‐hoh‐ho... Just like you, hospitality with a very quick temper.""","""Jo-jo-jo... Típico de ti, con ese mal genio de hospitalidad.""","""ﻫﻮﻩ-ﻫﻮﻩ-ﻫﻮ... ﻛﻤﺎ ﻫﻲ ﻋﺎﺩﺗﻚ، ﺳﺮﻳﻌﺔ ﺍﻹﻧﻔﻌﺎﻝ.""","""Hoh‐hoh‐ho... Just like you, hospitality with a very quick temper.""","""Hoh‐hoh‐ho... Just like you, hospitality with a very quick temper.""","""Hoh‐hoh‐ho... Just like you, hospitality with a very quick temper."""
{f:5:Beatrice},"""...*cackle*cackle*. I'd expect nothing less from you, Master. It looks like this level of magic is so insignificant to you, you can't even be bothered to open your eyes...!""","""...*cackle*cackle* I'd expect nothing less from you, Teacher. It seems this is so trivial to you, you don't even feel like opening your eyes...! ","""...*cackle*cackle*. I'd expect nothing less from you, Teacher. It looks like you ridiculously don't feel like opening your eyes even at this level...! ",「…くっくっくっく。さすがお師匠様。この程度じゃ、馬鹿馬鹿しくて瞼を開く気にもならないらしい…！,「…くっくっくっく。さすがお師匠様。この程度じゃ、馬鹿馬鹿しくて瞼を開く気にもならないらしい…！」,"""...*хи‐хи*хи‐хи*. Меньшего от вас и не ожидала, наставница. Я смотрю, вы упорно не собираетесь открывать глаза даже когда вокруг вас разворачиваются такие события!..""","""...*gargalhada*gargalhada*. Eu não espero menos de você, professora. Parece que o este nível de magia é tão insignificante para você, que sequer se incomodou em abrir seus olhos...!""",「…呵呵呵呵。不愧是师傅大人。看来，就这程度，是无聊地连眼睛都懒得睁开呢…！」,「…呵呵呵呵。不愧是師傅大人。看來，就這程度，是無聊地連眼睛都懶得睜開呢…！」,"""... *cackle*cackle*. Non mi aspetterei nulla di meno da te, Maestra. Ridicolo, pare che nemmeno a questo punto tu stia contemplando di aprire gli occhi...!","""...*cackle*cackle*. I'd expect nothing less from you, Master. It looks like this level of magic is so insignificant to you, you can't even be bothered to open your eyes...!""","""... *carcajada*carcajada*. No esperaría menos de ti, maestra. ¡Este nivel de magia es tan insignificante para ti que ni siquiera te molestas en abrir los ojos!...""","""...*ﻗﻬﻘﻬﺔ*ﻗﻬﻘﻬﺔ*. ﻛﻤﺎ ﻫﻮ ﻣﺘﻮﻗﻊ ﻣﻦ ﻣﻌﻠﻤﺘﻲ. ﻳﺒﺪﻭ ﺃﻥ ﻫﺬﺍ ﺍﻟﻤﺴﺘﻮﻯ ﻣﻦ ﺍﻟﺴﺤﺮ ﺗﺎﻓﻪٌ ﺟﺪًﺍ ﺑﺎﻟﻨﺴﺒﺔ ﻟﻚِ، ﺣﺘﻰ ﺃﻧﻚِ ﻻ ﺗﻜﻠﻔﻴﻦ ﻧﻔﺴﻚِ ﻋﻨﺎﺀ ﻓﺘﺢ ﻋﻴﻨﻴﻚِ...!""","""...*cackle*cackle*. I'd expect nothing less from you, Master. It looks like this level of magic is so insignificant to you, you can't even be bothered to open your eyes...!""","""...*cackle*cackle*. I'd expect nothing less from you, Master. It looks like this level of magic is so insignificant to you, you can't even be bothered to open your eyes...!""","""...*cackle*cackle*. I'd expect nothing less from you, Master. It looks like this level of magic is so insignificant to you, you can't even be bothered to open your eyes...!"""
{f:5:Beatrice},"""Looks like it'll be impossible unless I'm prepared to wreck the whole island, riiiiiight? Come, arise, Shoulder War Towers!!""","But I doubt you'll be able to win unless you're prepared to wreck this whole island, seeeeeeee? Come, arise, Shoulder War Towers!!"" ","If you don't want to wreck the whole island, it looks like that'll be impossible, riiiiiight? Come, arise, Shoulder War Towers!!""",島ごとぶっ壊す気でなきゃ、無理らしいぜぇええぇ？　さぁさお出でなさい、双肩の戦塔！！」,「島ごとぶっ壊す気でなきゃ、無理らしいぜぇええぇ？　さぁさお出でなさい、双肩の戦塔！！」,"""Если вы не хотите разворотить весь остров, то похоже, это невозможно, ве‐ерно? Явитесь, восстаньте, надплечные боевые башни!""","""Parece que vai ser impossível a não ser que eu esteja preparada para abrir um buraco nesta ilha, ceeeeeerto? Vamos, ergam‐se, Torres Ombreiras de Guerra!!""",「看来，没有连这岛一齐轰灭的打算，是没得打了呢——？来——来，出来吧，双肩战塔！！」,「看來，沒有連這島一齊轟滅的打算，是沒得打了呢——？來——來，出來吧，雙肩戰塔！！」,"Dopotutto, a meno che tu non voglia distruggere l'intera isola, è impossibile che accada, veroooooo? Forza, venite a me, Doppie Torri da Guerra!!""","""Looks like it'll be impossible unless I'm prepared to wreck the whole island, riiiiiight? Come, arise, Shoulder War Towers!!""","""Parece que será imposible a menos que esté dispuesta a destruir toda la isla, ¿verdaaaad? ¡¡Vengan, levántense, Torres de los Hombros de Guerra!!""","""ﻳﺒﺪﻭ ﺃﻧﻨﻲ ﻟﻦ ﺃﻓﻠﺢ ﺇﻻ ﺇﺫﺍ ﺩﻣﺮﺕ ﺍﻟﺠﺰﻳﺮﺓ ﺑﺄﻛﻤﻠﻬﺎ، ﺻﺤﻴﻴﻴﺢ؟ ﻫﻴَّﺎ ﻓﻠﺘﻨﻬﻀﺎ، ﻳﺎ ﺑُﺮﺟَﻲ ﺍﻟﺤﺮﺏ ﺍﻟﺘﻮﺃﻣﻴﻦ!!""","""Looks like it'll be impossible unless I'm prepared to wreck the whole island, riiiiiight? Come, arise, Shoulder War Towers!!""","""Looks like it'll be impossible unless I'm prepared to wreck the whole island, riiiiiight? Come, arise, Shoulder War Towers!!""","""Looks like it'll be impossible unless I'm prepared to wreck the whole island, riiiiiight? Come, arise, Shoulder War Towers!!"""
,"In response to {f:5:Beatrice}'s summons, a terrific earth tremor split the rose garden.","In response to {f:5:Beatrice}'s summons, a terrific earth tremor split the rose garden. ","In response to Beatrice's summons, a terrific earth tremor split the rose garden.",ベアトリーチェの呼びかけに応え、凄まじい地響きと共に薔薇庭園が裂ける。,ベアトリーチェの呼びかけに応え、凄まじい地響きと共に薔薇庭園が裂ける。,"В ответ на призыв {f:5:Беатриче}, началось сильное землетрясение, расколовшее розарий надвое.","Em resposta às invocações de {f:5:Beatrice}, um terrível tremor de terra dividiu o jardim de rosas.",应贝阿朵莉切的呼唤，随着轰轰巨响，玫瑰庭园的地面裂开来了。,應貝阿朵莉切的呼喚，隨著轟轟巨響，玫瑰庭園的地面裂開來了。,"In risposta all'invocazione di Beatrice, una terrificante scossa spaccò in due il giardino delle rose.","In response to {f:5:Beatrice}'s summons, a terrific earth tremor split the rose garden.","En respuesta a la invocación de {f:5:Beatrice}, un tremendo temblor de tierra partió el jardín de rosas.",ﺍﺳﺘﺠﺎﺑﺖ ﺍﻷﺑﺮﺍﺝ ﻟﻨﺪﺍﺀ {f:7:ﺑﻴﺎﺗﺮﻳﺲ}، ﻭﻣﻊ ﺩﻭﻱ ﻣﺮﻋﺐ، ﺍﻧﺸﻘﺖ ﺣﺪﻳﻘﺔ ﺍﻟﻮﺭﻭﺩ.,"In response to {f:5:Beatrice}'s summons, a terrific earth tremor split the rose garden.","In response to {f:5:Beatrice}'s summons, a terrific earth tremor split the rose garden.","In response to {f:5:Beatrice}'s summons, a terrific earth tremor split the rose garden."
,"And on either side of her shoulders, two massive War Towers sprouted and stabbed into the heavens. They stretched 100 {c:86Ef9C:merute} tall, and each one had over 360 ports.","And on either side of her shoulders, two massive War Towers sprouted and stabbed into the heavens. They stretched up to 100 {c:86Ef9C:merute} tall, and each had over 360 ports. "," And on either side of her shoulders, two massive War Towers sprouted and stabbed into the heavens. They stretched up to 100 {c:86EF9C:merute} tall, and each one had over 360 ports.",そして彼女の双肩を挟むように、天を突く二基の巨大な戦塔が生える。その高さは１００メルテにも及び、銃眼の数は片方だけで３６０を越える。,そして彼女の双肩を挟むように、天を突く二基の巨大な戦塔が生える。その高さは１００メルテにも及び、銃眼の数は片方だけで３６０を越える。,И над каждым её плечом в небо вознесли и уткнулись две массивные боевые башни. Высота их составляла около 100 {c:86ef9c:мерутов} и на каждой насчитывалось примерно 360 окон.,"E em cada lado de seus ombros, duas massivas Torres de Guerra brotaram e perfuraram os céus. Elas se esticaram a uma altura de 100 {c:86Ef9C:merute}, cada uma com mais de 360 embrasuras.",然后，像是夹着她的双肩似的，长出了两座直插天空的巨大战塔。其高度达到了一百{c:86EF9C:梅尔泰}，枪眼数量光是一座就超过了三百六十。{c:86EF9C:（详见魔导书同名条目）},然後，像是夾著她的雙肩似的，長出了兩座直插天空的巨大戰塔。其高度達到了一百{c:86EF9C:梅爾泰}，槍眼數量光是一座就超過了三百六十。{c:86EF9C:（詳見魔導書同名條目）},"E alla sua destra e alla sua sinistra, spuntarono due monumentali Torri d'Assalto che perforarono i cieli. Si elevavano alte fino a 100 {c:86EF9C:merute}, e ognuna aveva oltre 360 portelli.","And on either side of her shoulders, two massive War Towers sprouted and stabbed into the heavens. They stretched 100 {c:86Ef9C:merute} tall, and each one had over 360 ports.","Y a cada lado de sus hombros, dos Torres de Guerra enormes nacieron y se encajaron en los cielos. Se levantaron hasta alcanzar 100 {c:86Ef9C:merute} de altura, y cada una tenía más de 360 troneras.",ﺍﺭﺗﻔﻊ ﺑﺮﺟﺎ ﺣﺮﺏ ﻋﻤﻼﻗﺎﻥ ﺑﺠﺎﻧﺐ ﻛﺘﻔﺎ {f:7:ﺑﻴﺎﺗﺮﻳﺲ}، ﻭﺷﻘﻮﺍ ﺍﻟﺴﻤﺎﺀ ﺑﻀﺨﺎﻣﺘﻬﻢ. ﻛﺎﻧﺎ ﻳﻤﺘﺪﺍﻥ ﻟـ 001 {c:86Ef9C:ﻣﻴﺮﻭﺕ} ﺍﺭﺗﻔﺎﻋًﺎ، ﻭﻛﺎﻥ ﻟﻜﻞٍ ﻣﻨﻬﻤﺎ ﺃﻛﺜﺮ ﻣﻦ 063 ﻓﺘﺤﺔ ﻟﻺﻃﻼﻕ.,"And on either side of her shoulders, two massive War Towers sprouted and stabbed into the heavens. They stretched 100 {c:86Ef9C:merute} tall, and each one had over 360 ports.","And on either side of her shoulders, two massive War Towers sprouted and stabbed into the heavens. They stretched 100 {c:86Ef9C:merute} tall, and each one had over 360 ports.","And on either side of her shoulders, two massive War Towers sprouted and stabbed into the heavens. They stretched 100 {c:86Ef9C:merute} tall, and each one had over 360 ports."
,"They were War Towers of the gods' army corps, which had not allowed the heroes of antiquity to invade their precincts, even as they banded together.","They were War Towers of the gods' army corps, which had prevented even groups of ancient heroes from invading their sacred grounds. "," They were War Towers of the gods' army corps, which hadn't allowed even groups of ancient heroes to invade their precincts.",それこそが、古代英雄たちが束になっても神域を侵すことを許さなかった、神々の兵団の戦塔。,それこそが、古代英雄たちが束になっても神域を侵すことを許さなかった、神々の兵団の戦塔。,"Это были боевые башни армейского корпуса богов, не позволявшие даже древним героям вторгаться в их владения.","Elas eram Torres de Guerra dos membros de batalha dos deuses, que não permitiram que os heróis da antiguidade invadissem seus recintos sagrados, mesmo atacando juntos.",这即正是古代英雄们即便团结一致，也无法越过其侵犯神域的，诸神兵团的战塔。,這即正是古代英雄們即便團結一致，也無法越過其侵犯神域的，諸神兵團的戰塔。,"Erano Torri d'Assalto appartenenti agli eserciti divini, che avevano impedito persino a gruppi di antichi eroi di invadere il loro territorio.","They were War Towers of the gods' army corps, which had not allowed the heroes of antiquity to invade their precincts, even as they banded together.","Eran Torres de Guerra del ejército de los dioses, que no habían permitido ni siquiera a los grupos de héroes antiguos invadir sus recintos.",ﺇﻧﻬﺎ ﺃﺑﺮﺍﺝ ﻣﻌﺮﻛﺔ ﺟﻴﺶ ﺍﻵﻟﻬﺔ، ﺍﻟﺘﻲ ﻟﻢ ﻳﺴﺘﻄﻊ ﺃﺑﻄﺎﻝ ﺍﻟﻌﺼﻮﺭ ﺍﻟﺴﺎﺑﻘﺔ ﺍﻟﻤﺲّ ﺑﻬﺎ ﺣﺘﻰ ﻟﻮ ﺍﺗﺤﺪﻭﺍ ﻣﻌﺎً.,"They were War Towers of the gods' army corps, which had not allowed the heroes of antiquity to invade their precincts, even as they banded together.","They were War Towers of the gods' army corps, which had not allowed the heroes of antiquity to invade their precincts, even as they banded together.","They were War Towers of the gods' army corps, which had not allowed the heroes of antiquity to invade their precincts, even as they banded together."
,"As {f:5:Beatrice} elegantly floated in the gap between the massive two‐headed towers, she looked down on her master, sneering with an absolute superiority.","As {f:5:Beatrice} elegantly floated in the gap between the massive two-headed towers, she looked down on her teacher, sneering with a sense of absolute superiority. "," As Beatrice elegantly floated in the gap between the massive two-headed towers, she looked down on her teacher, sneering with an absolute superiority.",ベアトリーチェはその巨大な双頭の塔の狭間に優雅に浮かびながら、師匠を見下ろし、絶対の優位に嘲笑う。,ベアトリーチェはその巨大な双頭の塔の狭間に優雅に浮かびながら、師匠を見下ろし、絶対の優位に嘲笑う。,"Элегантно паря в проеме между этими массивными башнями, {f:5:Беатриче} смотрела вниз на свою наставницу, ухмыляясь с чувством превосходства.","{f:5:Beatrice} elegantemente flutuava no vazio entre as duas torres de duas cabeças, olhando para sua professora que estava no chão, zombando dela com absoluta superioridade.",贝阿朵莉切在这巨大的双头塔之间优雅地漂浮着，俯视师傅，以绝对优势嘲笑着她。,貝阿朵莉切在這巨大的雙頭塔之間優雅地漂浮著，俯視師傅，以絕對優勢嘲笑著她。,"Fluttuando elegantemente nello spazio tra le colossali torri, Beatrice osservava dall'alto la sua maestra con un ghigno di assoluta superiorità.","As {f:5:Beatrice} elegantly floated in the gap between the massive two‐headed towers, she looked down on her master, sneering with an absolute superiority.","Mientras {f:5:Beatrice} flotaba elegantemente en el espacio entre las enormes torres gemelas, ella bajó la mirada a su maestra, burlándose con una absoluta superioridad.",ﻃﻔﺎ ﺟﺴﺪ {f:7:ﺑﻴﺎﺗﺮﻳﺲ} ﻓﻲ ﺍﻟﻬﻮﺍﺀ ﺑﻴﻦ ﺍﻟﺒﺮﺟﻴﻦ ﺍﻟﻌﻤﻼﻗﻴﻦ، ﺗﻨﻈﺮ ﺇﻟﻰ ﻣﻌﻠﻤﺘﻬﺎ ﻣﻦ ﺍﻷﻋﻠﻰ، ﻭﺗﻀﺤﻚ ﺑﺎﺳﺘﻬﺰﺍﺀ ﻭﻫﻲ ﻣﻮﻗﻨﺔ ﺑﺘﻔﻮﻗﻬﺎ ﺍﻟﺴﺎﺣﻖ.,"As {f:5:Beatrice} elegantly floated in the gap between the massive two‐headed towers, she looked down on her master, sneering with an absolute superiority.","As {f:5:Beatrice} elegantly floated in the gap between the massive two‐headed towers, she looked down on her master, sneering with an absolute superiority.","As {f:5:Beatrice} elegantly floated in the gap between the massive two‐headed towers, she looked down on her master, sneering with an absolute superiority."
,"With the two massive towers lined up behind her shoulders, the witch looked very small, like a butterfly dancing between large trees.","With the two massive towers lined up behind her shoulders, the witch looked very small, like a butterfly dancing between huge trees. "," With the two massive towers lined up behind her shoulders, the witch looked very small, like a butterfly dancing through a large tree.",巨大なる塔を双肩に並べる魔女はあまりに小さく見え、まるで大樹の間を舞う蝶のように見えた。,巨大なる塔を双肩に並べる魔女はあまりに小さく見え、まるで大樹の間を舞う蝶のように見えた。,"На фоне возвышающихся за её плечами башен ведьма казалась очень маленькой, словно бабочка, порхающая между деревьями.","Com as duas massivas torres alinhadas atrás de seus ombros, a bruxa parecia muito pequena, como uma borboleta dançando entre grandes árvores.",与双肩巨大的战塔并排，使魔女看起来变得非常小，宛如在大树间飞舞的蝴蝶。,與雙肩巨大的戰塔並排，使魔女看起來變得非常小，宛如在大樹間飛舞的蝴蝶。,"Con le due enormi torri disposte alle sue spalle, la strega appariva molto piccola, come una farfalla che danzava tra i rami di un albero imponente.","With the two massive towers lined up behind her shoulders, the witch looked very small, like a butterfly dancing between large trees.","Con las dos enormes torres alineadas detrás de sus hombros, la bruja se veía muy pequeña, como una mariposa danzando entre dos grandes árboles.",ﺑﺪﺕ ﺍﻟﺴﺎﺣﺮﺓ ﺻﻐﻴﺮﺓ ﻣﻘﺎﺭﻧﺔ ﺑﺎﻟﺒﺮﺟﻴﻦ ﺍﻟﻌﻤﻼﻗﻴﻦ، ﻛﺄﻧﻬﺎ ﻓﺮﺍﺷﺔ ﺗﺮﻗﺺ ﺑﻴﻦ ﺃﺷﺠﺎﺭ ﺿﺨﻤﺔ.,"With the two massive towers lined up behind her shoulders, the witch looked very small, like a butterfly dancing between large trees.","With the two massive towers lined up behind her shoulders, the witch looked very small, like a butterfly dancing between large trees.","With the two massive towers lined up behind her shoulders, the witch looked very small, like a butterfly dancing between large trees."
{f:5:Beatrice},"""Hihhyahhyahhyaaaaaa!! Don't think you can dodge it by turning into butterflies, alright? The density of the twin towers' barrage wouldn't just make you a pinned bug collection, it'd make you a madly stabbed pincushion, get it...?""","""Hihhyahhyahhyaaaaaa!! Don't think you can dodge it by turning into butterflies, okay? The density of the twin towers' barrage wouldn't just make you a pinned bug sample, it'd make you a madly stabbed pincushion, right...?"" ","""Hihhyahhyahhyaaaaaa!! Don't think you can dodge it by turning into butterflies, alright? The density of the twin towers' barrage wouldn't just make you a pinned bug collection, it'd make you a madly stabbed pincushion, right...?""",「ひっひゃっひゃっひゃあああぁ！！　蝶に化ければかわせるとか思うなよぉ？　双子塔の弾幕密度じゃあんた、虫ピンの昆虫標本どころか、滅多刺しの針刺し人形だぜェ…？」,「ひっひゃっひゃっひゃあああぁ！！　蝶に化ければかわせるとか思うなよぉ？　双子塔の弾幕密度じゃあんた、虫ピンの昆虫標本どころか、滅多刺しの針刺し人形だぜェ…？」,"""Хья‐хья‐хья‐а‐а‐а‐а‐а! Не думайте, что сможете уклониться, превратившись в бабочек? Плотность огня из вас сделает даже не экземпляр из коллекции бабочек, а исколотую подушечку для иголок, не находите?""","""Hihhyahhyahhyaaaaaa!! Não pense que você pode desviar se transformando em borboletas, certo? A densidade da barragem dessas duas torres gêmeas vai transformar você em parte de uma coleção de insetos, vai fazer você ser perfurada loucamente como uma almofada para alfinetes, entendeu...?""",「嘻吓吓吓————！！别以为变成蝴蝶就能躲开哦？以双子塔弹幕的密度，何止是被钉着的昆虫标本，你可是会变成扎满针的娃娃的哦…？」,「嘻嚇嚇嚇————！！別以為變成蝴蝶就能躲開哦？以雙子塔彈幕的密度，何止是被釘著的昆虫標本，你可是會變成扎滿針的娃娃的哦…？」,"""Hihhyahhyahhyaaaaaa!! Non ti illudere di poter evitare il colpo trasformandoti in farfalle, capito? La densità della serie continua di colpi delle torri gemelle ti trasformerebbe non in un insetto da collezione, ma un puntaspilli infilzato all'inverosimile, sai...?""","""Hihhyahhyahhyaaaaaa!! Don't think you can dodge it by turning into butterflies, alright? The density of the twin towers' barrage wouldn't just make you a pinned bug collection, it'd make you a madly stabbed pincushion, get it...?""","""¡¡Jihjiahjyahjiaaaaaa!! No creas que vas a poder esquivarlo convirtiéndote en mariposa, ¿bien? La densidad del bombardeo de las torres gemelas no solo te convertiría en una colección de bichos clavados, sino que te convertiría en un alfiletero apuñalado salvajemente, ¿entiendes?...""","""ﻫﻴﻬﻬﻴﺎﻫﻴﺎﻫﻴﺎﺍﺍﺍﺍﺍﺍﺍﺍﺍﺍ!! ﻻ ﺗﻈﻨﻲ ﺃﻥ ﺑﺈﻣﻜﺎﻧﻚِ ﺗﺠﻨﺒﻬﺎ ﺑﺎﻟﺘﺤﻮﻝ ﻟﻔﺮﺍﺷﺔ. ﻣﻊ ﻛﺜﺎﻓﺔ ﻧﻴﺮﺍﻥ ﺑﺮﺟَﻲ ﺍﻟﺘﻮﺃﻡ، ﻟﻦ ﺗﻠﺘﺼﻘﻲ ﻛﺤﺸﺮﺓ ﻣﺤﻔﻮﻇﺔ ﺑﺪﺑﻮﺱ ﻭﺣﺴﺐ، ﺑﻞ ﻛﺪﻣﻴﺔ ﻣﻄﻌﻮﻧﺔ ﺑﺄﻟﻒ ﺇﺑﺮﺓ!""","""Hihhyahhyahhyaaaaaa!! Don't think you can dodge it by turning into butterflies, alright? The density of the twin towers' barrage wouldn't just make you a pinned bug collection, it'd make you a madly stabbed pincushion, get it...?""","""Hihhyahhyahhyaaaaaa!! Don't think you can dodge it by turning into butterflies, alright? The density of the twin towers' barrage wouldn't just make you a pinned bug collection, it'd make you a madly stabbed pincushion, get it...?""","""Hihhyahhyahhyaaaaaa!! Don't think you can dodge it by turning into butterflies, alright? The density of the twin towers' barrage wouldn't just make you a pinned bug collection, it'd make you a madly stabbed pincushion, get it...?"""
,"The towers' more than 720 ports opened, and godly soldiers readied their multi‐shot ballistas.","Over 720 ports opened on the towers, and godly soldiers readied their multi-shot ballistas. ","Over 720 ports opened on the towers, and godly soldiers readied their multi-shot ballistas.",双肩の塔の７２０を越える銃眼が開き、神兵たちが連装式バリスタを構える。,双肩の塔の７２０を越える銃眼が開き、神兵たちが連装式バリスタを構える。,Более 720 окон распахнулись и божественные солдаты приготовили свои многозарядные баллисты.,"As torres estavam com mais de 720 embrasuras abertas, e piedosos soldados divinos preparados com suas balistas de disparos múltiplos.",双肩塔上数量超过七百二十个的枪眼被打开，神兵们架起了连射式的巨弩。,雙肩塔上數量超過七百二十個的槍眼被打開，神兵們架起了連射式的巨弩。,"Sulle torri, più di settecentoventi portelli si aprirono, e soldati divini prepararono le loro balestre a colpi multipli.","The towers' more than 720 ports opened, and godly soldiers readied their multi‐shot ballistas.",Las más de 720 troneras de las torres se abrieron y los soldados divinos prepararon sus balistas multidisparo.,ﻓُﺘﺤﺖ ﺃﻛﺜﺮ ﻣﻦ 027 ﻓﺘﺤﺔ ﻟﻺﻃﻼﻕ ﻓﻲ ﺍﻟﺒﺮﺟﻴﻦ، ﻭﺗﺠﻬﺰ ﺍﻟﺠﻨﻮﺩ ﺍﻟﻌﻈﻤﺎﺀ ﻟﻴﻄﻠﻘﻮﺍ ﻃﻠﻘﺎﺕ ﻋﺪﻳﺪﺓ ﺑﺎﻟﻤﻨﺠﻨﻴﻖ.,"The towers' more than 720 ports opened, and godly soldiers readied their multi‐shot ballistas.","The towers' more than 720 ports opened, and godly soldiers readied their multi‐shot ballistas.","The towers' more than 720 ports opened, and godly soldiers readied their multi‐shot ballistas."
,"""Does that conclude your turn?""","""Is that the end of your turn?"" ","""Is your turn over with this?""",「それであなたの手番は終了ですか？」,「それであなたの手番は終了ですか？」,"""На этом твой ход закончен?""","""Isto conclui seu turno?""",「你的回合，就此结束了？」,「你的回合，就此結束了？」,"""Hai finito il tuo turno con questo?""","""Does that conclude your turn?""","""¿Con esto termina tu turno?""","""ﺃﻫﺬﻩ ﻧﻬﺎﻳﺔ ﺩﻭﺭﻙ؟""","""Does that conclude your turn?""","""Does that conclude your turn?""","""Does that conclude your turn?"""
{f:5:Beatrice},"""Heh, {i:those} are your last words?!! OPEN FIII{-}I{-}I{-}I{-}I{-}I{-}I{-}IIIRE!!!""","""Heh, famous last words!! Blast awaaaaaaaaaaaaaaaaaaaaaay!!!"" ","""Heh, are those your last words?!! Blast awaaaaaaaaaaaaaaaaaaaaaay!!!""",「ちっ、それが遺言かよッ！！ぶっ放せええええええぇええええぇッ！！！」,「ちっ、それが遺言かよッ！！　ぶっ放せええええええぇええええぇッ！！！」,"""Хе, и {i:это} ваши последние слова?!! Всем ого‐о‐о‐о‐о‐о‐о‐онь!!!""","""Tch, {i:essas} são suas últimas palavras?! ABRIR FOOO{‐}O{‐}O{‐}O{‐}O{‐}O{‐}O{‐}OOOGO!!!""",「切，这就是遗言啊？！！给我射—————————————！！！」,「切，這就是遺言啊？！！給我射—————————————！！！」,"""Heh, sono queste le tue ultime parole?!! {n}Fate fuocoooooooooooooooooooooo!!!""","""Heh, {i:those} are your last words?!! OPEN FIII{-}I{-}I{-}I{-}I{-}I{-}I{-}IIIRE!!!""","""Jeh, ¡¡¿{i:esas} son tus últimas palabras?!! ¡¡¡FUEEEEEEEEEEEGO!!!""","""ﺗﺴﻪ، {i:ﺃﻫﺬﻩ} ﺁﺧﺮ ﻛﻠﻤﺎﺗﻚ؟! ﺃﻃﻠﻘﻮﺍ ﺍﻟﻨﻴﻴﻴﻴﻴﻴﻴﻴﻴﻴﺮﺭﺭﺭﺭﺍﺍﺍﺍﺍﺍﺍﺍﺍﺍﺍﻥ!!!""","""Heh, {i:those} are your last words?!! OPEN FIII{-}I{-}I{-}I{-}I{-}I{-}I{-}IIIRE!!!""","""Heh, {i:those} are your last words?!! OPEN FIII{-}I{-}I{-}I{-}I{-}I{-}I{-}IIIRE!!!""","""Heh, {i:those} are your last words?!! OPEN FIII{-}I{-}I{-}I{-}I{-}I{-}I{-}IIIRE!!!"""
,"Ballista shots numbering easily over a thousand were all fired at once, drawing a beautiful geometric curtain of death.","The ballista shots that numbered over a thousand were all fired at once, drawing a beautiful geometric curtain of death. ","The ballista shots that numbered a little over a thousand were all fired at once, drawing a beautiful geometric curtain of death.",一斉に放たれる軽く千を超えるバリスタ弾が、美しい幾何学模様で死のカーテンを描く。,一斉に放たれる軽く千を超えるバリスタ弾が、美しい幾何学模様で死のカーテンを描く。,"Выстрелы больше тысячи баллист произошли одновременно, рисуя красивую геометрическую кривую смерти.","As balistas dispararam facilmente mais de mil vezes de uma só vez, traçando uma linda e geométrica cortina mortal.",一齐放出的超过千支的巨型弩箭，以美丽的几何学图案描绘出了死之瀑帘。,一齊放出的超過千支的巨型弩箭，以美麗的幾何學圖案描繪出了死之瀑簾。,"I dardi che erano poco più di mille vennero tutti lanciati nello stesso momento, tracciando un bellissimo sipario geometrico di morte.","Ballista shots numbering easily over a thousand were all fired at once, drawing a beautiful geometric curtain of death.","Los disparos de las balistas, que superaban con creces el millar, se produjeron todos a la vez, dibujando una hermosa cortina geométrica mortal.",ﺗﻌﺪﺕ ﻃﻠﻘﺎﺕ ﺍﻟﻤﻨﺠﻨﻴﻖ ﺍﻷﻟﻒ ﻃﻠﻘﺔ ﻓﻲ ﺁﻥ ﻭﺍﺣﺪ، ﻭﺭﺳﻤﺖ ﺳﺘﺎﺭﺓ ﻣﻮﺕ ﺟﻤﻴﻠﺔ.,"Ballista shots numbering easily over a thousand were all fired at once, drawing a beautiful geometric curtain of death.","Ballista shots numbering easily over a thousand were all fired at once, drawing a beautiful geometric curtain of death.","Ballista shots numbering easily over a thousand were all fired at once, drawing a beautiful geometric curtain of death."
,The boorish sound performed by those bowstrings was probably even deeper than the sound of Death swinging his scythe.,The boorish sound as the bowstrings were played was probably even deeper than that of a reaper swinging its sickle. ," The boorish sound as the bowstrings were played was probably even deeper than the sound of a death god swinging its sickle.",それらの弦が奏でる無骨な音は、多分、死神が鎌を振るうその音よりも、重い。,それらの弦が奏でる無骨な音は、多分、死神が鎌を振るうその音よりも、重い。,"Грубый звук спущенной тетивы был даже глубже, чем замах косы мрачного жнеца.",O rústico som performado por aquelas cordas de aço certamente era ainda mais profundo que o som da Morte balançando sua foice.,以各自弩弦演奏出的粗俗之声，多半比死神挥下镰刀的声音还要沉重。,以各自弩弦演奏出的粗俗之聲，多半比死神揮下鐮刀的聲音還要沉重。,Il suono grezzo delle corde che venivano tese era probabilmente ancora più profondo del suono di un dio della morte che brandisce la sua falce.,The boorish sound performed by those bowstrings was probably even deeper than the sound of Death swinging his scythe.,El tosco sonido que hacían las cuerdas de las balistas era probablemente incluso más profundo que el de la Muerte blandiendo su guadaña.,ﺍﻟﺼﻮﺕ ﺍﻟﺨﺸﻦ ﻷﻭﺗﺎﺭ ﺍﻟﻘﺬﺍﺋﻒ، ﻛﺎﻥ ـ ﺑﻼ ﺷﻚ ـ ﺃﺛﻘﻞ ﻣﻦ ﺻﻮﺕ ﻣﻨﺠﻞ ﺍﻟﻤﻮﺕ ﺫﺍﺗﻪ.,The boorish sound performed by those bowstrings was probably even deeper than the sound of Death swinging his scythe.,The boorish sound performed by those bowstrings was probably even deeper than the sound of Death swinging his scythe.,The boorish sound performed by those bowstrings was probably even deeper than the sound of Death swinging his scythe.
,"""Come, arise, Fallen Tower. Split the single language, and make known the sin.""","""Come, arise, Fallen Tower. Split the single language and let that sin be known."" ","""Come, arise, Fallen Tower. Split the single language, and make known the sin.""",「さぁさお出でなさい、墜落せし塔よ。一なる言語を爆ぜ、その罪を知らしめよ。」,「さぁさお出でなさい、墜落せし塔よ。一なる言語を爆ぜ、その罪を知らしめよ」,"""Явитесь, восстаньте, Падшие башни. Разделите единый язык и сделайте грех известным.""","""Vamos, venham, Torres Caídas. Dividam o único vernáculo e façam‐a conhecer o pecado.""",「来——来，出来吧，坠落之塔。炸散唯一的语言，通告其罪。」,「來——來，出來吧，墜落之塔。炸散唯一的語言，通告其罪。」,"""Forza, vieni a me, oh Torre Caduta. Dividi l'unico linguaggio, e rendi noto il peccato.""","""Come, arise, Fallen Tower. Split the single language, and make known the sin.""","""Vamos, levántate, Torre Caída. Divide la única lengua, y da a conocer el pecado.""","""ﻫﻴَّﺎ ﻓﻠﺘﻨﻬﺾ ﺃﻳﻬﺎ ﺍﻟﺒﺮﺝ ﺍﻟﺴﺎﻗﻂ. ﺷﺘّﺖ ﺍﻟﻠﻐﺔ ﺍﻷﻡ، ﻭﺍﻧﺸﺮ ﺍﻹﺩﺍﻧﺔ ﻋﻠﻰ ﺍﻵﺛﻤﻴﻦ.""","""Come, arise, Fallen Tower. Split the single language, and make known the sin.""","""Come, arise, Fallen Tower. Split the single language, and make known the sin.""","""Come, arise, Fallen Tower. Split the single language, and make known the sin."""
,"The sky was stained an incandescent red, and from between the clouds, a blazing, massive tower fell upside down.","The sky was stained an incandescent red, and from between the clouds, a blazing, massive tower fell upside down. ","The sky was stained an incandescent red, and from between the clouds, a blazing, massive tower fell upside down.",空は灼熱の赤に染まり、雲間から燃え盛る巨大な塔が真っ逆さまにり落ちる。,空は灼熱の赤に染まり、雲間から燃え盛る巨大な塔が真っ逆さまに降り落ちる。,Небо залило раскалённой краснотой и из облаков вниз головой упала массивная сверкающая башня.,"O firmamento foi manchado por um vermelho incandescente e, entre as nuvens, uma resplandecente e massiva torre caiu do céu.",天空被染成灼热的赤红，从云间上下颠倒地降下了熊熊燃烧着的巨大的塔。,天空被染成灼熱的赤紅，從雲間上下顛倒地降下了熊熊燃燒著的巨大的塔。,"Il cielo si macchiò di rosso incandescente, e dalle nuvole cadde all'ingiù una sfolgorante torre gigantesca.","The sky was stained an incandescent red, and from between the clouds, a blazing, massive tower fell upside down.","El cielo se tiñó de un rojo incandescente, y de entre las nubes, una ardiente torre enorme cayó de cabeza.",ﺗﻐﻴﺮ ﻟﻮﻥ ﺍﻟﺴﻤﺎﺀ ﻭﺗﻮﻫﺞ ﺑﺎﻷﺣﻤﺮ، ﺛﻢ ﺳﻘﻂ ﺑﺮﺝٌ ﻣﺸﺘﻌﻞٌ ﻋﻤﻼﻕ ﻣﻦ ﺑﻴﻦ ﺍﻟﺴﺤﺐ.,"The sky was stained an incandescent red, and from between the clouds, a blazing, massive tower fell upside down.","The sky was stained an incandescent red, and from between the clouds, a blazing, massive tower fell upside down.","The sky was stained an incandescent red, and from between the clouds, a blazing, massive tower fell upside down."
,"That massive falling tower and its rubble...swallowed the thousands of ballista shots, so that not one of them could approach the body of the witch who had summoned it.","That massive falling tower and its rubble... sucked in the thousands of ballista shots, so that not one of them approached the body of the witch who had summoned it. "," That massive falling tower and its rubble, sucked in the thousands of ballista shots, so that not one of them approached the body of the witch who had summoned it.",その墜落する巨大塔とその瓦礫は、数千にも至るバリスタ弾を飲み込み、呼び出した魔女の身にたった一本も近づけない。,その墜落する巨大塔とその瓦礫は、数千にも至るバリスタ弾を飲み込み、呼び出した魔女の身にたった一本も近づけない。,"Эта массивная упавшая башня и её булыжники всосали тысячи баллистовых выстрелов, и ни один не достиг ведьмы, призвавшей её.","A copiosa torre caiu, fazendo destroços saltarem em todas as direções...engolindo os milhares de tiros de balista, fazendo assim que nenhum deles se aproximasse do corpo da bruxa que a havia invocado.",坠落的巨大塔与其瓦砾，吞没了数以千计的巨型弩箭，不会让哪怕一支箭接近唤它出来的魔女之身。,墜落的巨大塔與其瓦礫，吞沒了數以千計的巨型弩箭，不會讓哪怕一支箭接近喚它出來的魔女之身。,"Quella colossale torre che precipitava e i suoi detriti, risucchiarono i mille dardi, così che nessuno di questi poté avvicinarsi al corpo della strega che l'aveva evocata.","That massive falling tower and its rubble...swallowed the thousands of ballista shots, so that not one of them could approach the body of the witch who had summoned it.","Esa enorme torre que caía y sus escombros... absorbieron los miles de tiros de ballesta, de manera que ninguno de ellos se acercase al cuerpo de la bruja que le había invocado.",ﺫﺍﻙ ﺍﻟﺒﺮﺝ ﺍﻟﻌﻤﻼﻕ ﻣﻊ ﺣﻄﺎﻣﻪ...ﺗﺼﺪﻯ ﻵﻻﻑ ﺍﻟﻄﻠﻘﺎﺕ، ﻭﻟﻢ ﺗﺼﻞ ﺃﻱ ﻣﻨﻬﻢ ﻟﺠﺴﻢ ﺍﻟﺴﺎﺣﺮﺓ ﺍﻟﺘﻲ ﺍﺳﺘﺪﻋﺘﻪ.,"That massive falling tower and its rubble...swallowed the thousands of ballista shots, so that not one of them could approach the body of the witch who had summoned it.","That massive falling tower and its rubble...swallowed the thousands of ballista shots, so that not one of them could approach the body of the witch who had summoned it.","That massive falling tower and its rubble...swallowed the thousands of ballista shots, so that not one of them could approach the body of the witch who had summoned it."
,"Yes, none can approach the mysteries of heaven.{n}That was the truth of the Fallen Tower.","That's right, no group of people, no matter how large, could approach the mysteries of heaven. That was the reality of the fallen tower. "," That's right, no one could approach the mysteries of heaven. That was the reality of the fallen tower.",そう、天の神秘には何人たりとも近づけないのだ。それこそが墜落せし塔の真実。,そう、天の神秘には何人たりとも近づけないのだ。{n}それこそが墜落せし塔の真実。,"Да, никто не мог приблизиться к тайнам небес.{n}Такова была реальность павшей башни.","Sim, ninguém pode se aproximar dos mistérios do céu.{n}Esta é a verdade das Torres Caídas.",对，无论来多少人，都无法接近天的神秘。{n}这即是坠落之塔的真实。,對，無論來多少人，都無法接近天的神秘。{n}這即是墜落之塔的真實。,"Proprio così, nessuno è in grado avvicinarsi ai misteri celesti. Questa era la natura della torre caduta.","Yes, none can approach the mysteries of heaven.{n}That was the truth of the Fallen Tower.","Sí, nadie puede acercarse a los misterios del cielo.{n}Esa era la verdad de la Torre Caída.",ﻧﻌﻢ، ﻻ ﺃﺣﺪ ﻳﻤﻜﻨﻪ ﺍﻻﻗﺘﺮﺍﺏ ﻣﻦ ﺃﺳﺮﺍﺭ ﺍﻟﺴﻤﺎﺀ.{n}ﺫﻟﻚ ﻫﻮ ﺟﻮﻫﺮ ﺍﻟﺒﺮﺝ ﺍﻟﺴﺎﻗﻂ.,"Yes, none can approach the mysteries of heaven.{n}That was the truth of the Fallen Tower.","Yes, none can approach the mysteries of heaven.{n}That was the truth of the Fallen Tower.","Yes, none can approach the mysteries of heaven.{n}That was the truth of the Fallen Tower."
{f:5:Beatrice},"""As I would expect from you, Master! If you do something, you always do it big!! Kuhhuhu{0}hu{0}huhya{0}hyahya!!""","""As I'd expect from you, Teacher! If you do something, you always do it big!! Khehhhuhuhuhuhyahyahya!!"" ","""As I would expect from you, Teacher! If you do something, you always do it big!! Kuhhuhuhuhuhyahyahya!!""",「さすがお師匠様ァ！　いちいちやることがデケェや！！くっひひひひひゃっひゃっひゃ！！」,「さすがお師匠様ァ！　いちいちやることがデケェや！！　くっひひひひひゃっひゃっひゃ！！」,"""Чего я и ожидала от Вас, наставница! Если вы чего‐то делаете, то делаете масштабно! Ку‐ху‐ху‐ха‐ха‐ха!""","""Como esperado de você, professora! Se você faz algo, é sempre algo grande!! Kuhhuhu{0}hu{0}huhya{0}hyahya!!""",「不愧是师傅大人！出手全是大手笔！！咕、嘻嘻嘻嘻吓、吓、吓！！」,「不愧是師傅大人！出手全是大手筆！！咕、嘻嘻嘻嘻嚇、嚇、嚇！！」,"""Tipico di te, Maestra! Se fai qualcosa, lo fai sempre in grande!! Kuhhuhuhuhuhyahyahya!!""","""As I would expect from you, Master! If you do something, you always do it big!! Kuhhuhu{0}hu{0}huhya{0}hyahya!!""","""¡Como era de esperarse de ti, maestra! ¡¡Si haces algo, siempre lo haces en grande!! ¡¡Kuhjujujujujiajiajia!!""","""ﻛﻤﺎ ﻫﻮ ﻣﺘﻮﻗﻊ ﻣﻦ ﻣﻌﻠﻤﺘﻲ!! ﺃﻳﻤﺎ ﺗﻔﻌﻠﻴﻦ، ﺗﻔﻌﻠﻴﻨﻪ ﺑﻀﺨﺎﻣﺔ!! ﻛﻮﻫﻮﻫﻮ{0}ﻫﻮ{0}ﻫﻮﻫﻴﺎ{0}ﻫﻴﺎﻫﻴﺎ!!""","""As I would expect from you, Master! If you do something, you always do it big!! Kuhhuhu{0}hu{0}huhya{0}hyahya!!""","""As I would expect from you, Master! If you do something, you always do it big!! Kuhhuhu{0}hu{0}huhya{0}hyahya!!""","""As I would expect from you, Master! If you do something, you always do it big!! Kuhhuhu{0}hu{0}huhya{0}hyahya!!"""
,"""My turn isn't over. Come, arise, Sons of Ivaldi. Bestow upon me a worthy spear!""","""My turn isn't over. Come, arise, Sons of Ivaldi. Bestow upon me a worthy spear."" ","""My turn isn't over. Come, arise, Sons of Ivaldi. Bestow upon me a worthy spear.""",「私の手番は終わりませんよ。さぁさお出でなさい、イヴァルディの息子たち。我に相応しき槍を与え給えっ。」,「私の手番は終わりませんよ。さぁさお出でなさい、イヴァルディの息子たち。我に相応しき槍を与え給えっ」,"""Мой ход пока ещё не завершен. Явитесь, восстаньте, сыны Ивальдьевы. Даруйте мне достойное копье.""","""Meu turno ainda não terminou. Vamos, venham, Filhos de Ivaldi. Tragam para mim a lança entregue por Deus!""",「我的回合还没有结束哦。来——来，出来吧，{c:86EF9C:伊凡尔迪的儿子们}。{c:86EF9C:（详见魔导书“神话相关”条目）}给予吾相称的长枪。」,「我的回合還沒有結束哦。來——來，出來吧，{c:86EF9C:伊凡爾迪的兒子們}。{c:86EF9C:（詳見魔導書“神話相關”條目）}給予吾相稱的長槍。」,"""Il mio turno non è terminato. Forza, venite a me, Figli di Ivaldi. Concedetemi una lancia degna di questo nome.""","""My turn isn't over. Come, arise, Sons of Ivaldi. Bestow upon me a worthy spear!""","""Mi turno no ha acabado. Vamos, levántense, Hijos de Ivaldi. ¡Otórguenme una lanza digna!""","""ﻟﻢ ﻳﻨﺘﻪِ ﺩﻭﺭﻱ ﺑﻌﺪ. ﻫﻴَّﺎ ﻓﻠﺘﻨﻬﻀﻮﺍ ﻳﺎ ﺃﺑﻨﺎﺀ ﺇﻳﻔﺎﻟﺪﻱ. ﺃﻧﻌﻤﻮﺍ ﻋﻠﻲَّ ﺑﺮﻣﺢٍ ﻋﻈﻴﻢ!""","""My turn isn't over. Come, arise, Sons of Ivaldi. Bestow upon me a worthy spear!""","""My turn isn't over. Come, arise, Sons of Ivaldi. Bestow upon me a worthy spear!""","""My turn isn't over. Come, arise, Sons of Ivaldi. Bestow upon me a worthy spear!"""
,"As the massive crimson tower that had fallen made a mighty gold‐colored explosion, from inside those flames, a spear showed itself, of such massive proportions that you had to look up to see all of it, much like a tower.","As the massive crimson tower that had fallen made a terrible gold-colored explosion, a massive spear appeared from inside those flames, so tall, like a tower, that you had to look up to see all of it. ","As the massive crimson tower that had fallen made a terrible gold-colored explosion, from inside those flames, a massive spear showed itself, so tall, like a tower, that you had to look up to see all of it.",墜落する紅蓮の巨大塔は黄金色の凄まじい爆発を起こすと、その爆炎の中より、塔のように見上げなければならぬほどの巨大な槍が姿を現す。,墜落する紅蓮の巨大塔は黄金色の凄まじい爆発を起こすと、その爆炎の中より、塔のように見上げなければならぬほどの巨大な槍が姿を現す。,"Упавшая ранее массивная багровая башня взорвалась с золотой вспышкой, и из возникшего пламени показалось копье, такое длинное, словно башня, чтобы осмотреть которую приходилось задирать голову.","Quando a hirta torre carmesim que caiu dos céus explodiu de forma poderosa com uma tonalidade dourada, do interior daquelas chamas, uma lança surgiu, de tamanha proporção, sendo necessário olhar para cima para ver sua ponta, bem como as torres.",伴随着坠落下来的红莲巨塔所产生的黄金色的巨大爆炸，在这爆炸之焰中，出现了不得不像仰望塔般抬头仰视的巨大长枪。,伴隨著墜落下來的紅蓮巨塔所產生的黃金色的巨大爆炸，在這爆炸之焰中，出現了不得不像仰望塔般抬頭仰視的巨大長槍。,"Quando l'enorme torre che era caduta sparì in una terribile esplosione dorata, dall'internò di quelle fiamme, comparve una lancia impressionante, così alta, come una torre, che per vederla in tutta la sua interezza era necessario alzare la testa.","As the massive crimson tower that had fallen made a mighty gold‐colored explosion, from inside those flames, a spear showed itself, of such massive proportions that you had to look up to see all of it, much like a tower.","Mientras la enorme torre carmesí que había caído hacía una terrible explosión de color dorado, desde el interior de esas llamas, una enorme lanza apareció, tan alta que, al igual que al ver una torre, tenías que alzar la mirada para verla entera.",ﻭﺑﻴﻨﻤﺎ ﻛﺎﻥ ﺍﻟﺒﺮﺝ ﺍﻟﻘﺮﻣﺰﻱ ﺍﻟﻌﻤﻼﻕ ﻳﻨﻬﺎﺭ، ﺗﻔﺠﺮ ﻣﻦ ﺍﻟﺪﺍﺧﻞ ﺗﻔﺠﺮًﺍ ﺫﻫﺒﻴًﺎ ﻫﺎﺋﻞ. ﻣﻦ ﺩﺍﺧﻞ ﺗﻠﻚ ﺍﻟﻨﻴﺮﺍﻥ، ﻇﻬﺮ ﺭﻣﺢٌ ﺑﺄﺑﻌﺎﺩٍ ﺿﺨﻤﺔٍ ﻟﺪﺭﺟﺔ ﺃﻧﻚ ﻛﻨﺖَ ﺳﺘﺮﻓﻊ ﺭﺃﺳﻚ ﻟﺘﺮﺍﻩ ﻛﻠﻪ،,"As the massive crimson tower that had fallen made a mighty gold‐colored explosion, from inside those flames, a spear showed itself, of such massive proportions that you had to look up to see all of it, much like a tower.","As the massive crimson tower that had fallen made a mighty gold‐colored explosion, from inside those flames, a spear showed itself, of such massive proportions that you had to look up to see all of it, much like a tower.","As the massive crimson tower that had fallen made a mighty gold‐colored explosion, from inside those flames, a spear showed itself, of such massive proportions that you had to look up to see all of it, much like a tower."
,...It was too large for even a giant's hand.,...It was too large even for a giant's hand. ,"...It was even too large for a giant's hand.",…その大きさは巨人の手にもまだ余る。,…その大きさは巨人の手にもまだ余る。,...Оно было велико даже для руки великана.,...Era grande o bastante até mesmo para a mão de um titã.,…大得连巨人之手都无法握住。,…大得連巨人之手都無法握住。,... Era troppo grande anche per la mano di un gigante.,...It was too large for even a giant's hand.,... Era incluso demasiado grande para la mano de un gigante.,...ﻛﺎﻥ ﺿﺨﻤًﺎ ﻋﻠﻰ ﺃﻳﺎﺩﻱ ﺍﻟﻌﻤﺎﻟﻘﺔ ﺣﺘﻰ.,...It was too large for even a giant's hand.,...It was too large for even a giant's hand.,...It was too large for even a giant's hand.
,"It was a divinely beautiful spear of the gods, so massive that it gave the illusion that the tower which had fallen had turned into a spear of the same size. A spear of certain victory that no one could escape.","That divinely beautiful Spear of the Gods was so massive, it gave the illusion that the fallen tower had turned into a spear of the same size. It was a spear of certain victory that none could escape. "," It was a divinely beautiful Spear of the Gods, so massive that it gave the illusion that the tower which had fallen had turned into a spear of the same size. A spear of certain victory that no one could escape.",先ほどの墜落する塔がそのまま槍になったかと錯覚するほどに巨大な、そして神々しく美しい神の槍。如何なる者も逃がさぬ必勝の槍。,先ほどの墜落する塔がそのまま槍になったかと錯覚するほどに巨大な、そして神々しく美しい神の槍。如何なる者も逃がさぬ必勝の槍。,"То определённо было прекрасное Копьё Богов, столь массивное, что создавало иллюзию, будто упавшая по призыву ведьмы башня обратилась в копьё того же размера. Копьё неизбежной победы.","Era uma lança dos deuses, divinamente bela, tão grande que dava a ilusão de que a torre que havia caído transformou‐se em um lança de mesmo tamanho. Uma lança da vitória concreta que ninguém poderia escapar.",它巨大到能让人错以为，先前坠落的塔就那样化做了长枪。此乃神圣美丽的神之枪。无论何人都逃不过的，必胜之枪。,它巨大到能讓人錯以為，先前墜落的塔就那樣化做了長槍。此乃神聖美麗的神之槍。無論何人都逃不過的，必勝之槍。,"Era una Lancia degli Dei di divina bellezza, così grande da dare l'illusione che la torre caduta si fosse trasformata in questa lancia delle sue stesse dimensioni. {n}Una lancia di vittoria certa a cui nessuno poteva sfuggire.","It was a divinely beautiful spear of the gods, so massive that it gave the illusion that the tower which had fallen had turned into a spear of the same size. A spear of certain victory that no one could escape.","Era una lanza de los dioses divinamente hermosa, tan enorme que daba la ilusión de que la torre que había caído se había convertido en una lanza del mismo tamaño. Una lanza de certera victoria de la que nadie podría escapar.",ﺭﻣﺢٌ ﺇﻟﻬﻲ، ﺑﺪﻳﻊ ﻭﺟﻠﻴﻞ، ﻛﺄﻥ ﺍﻟﺒﺮﺝ ﻧﻔﺴﻪ ﺗﺤﻮّﻝ ﺇﻟﻰ ﻫﺬﺍ ﺍﻟﺴﻼﺡ ﺍﻟﻤﻘﺪﺱ. ﺭﻣﺢ ﺍﻟﻨﺼﺮ ﺍﻷﻛﻴﺪ، ﺍﻟﺬﻱ ﻻ ﻳﺘﺮﻙ ﺿﺎﻟﺘﻪ ﺗﻔﻠﺖ.,"It was a divinely beautiful spear of the gods, so massive that it gave the illusion that the tower which had fallen had turned into a spear of the same size. A spear of certain victory that no one could escape.","It was a divinely beautiful spear of the gods, so massive that it gave the illusion that the tower which had fallen had turned into a spear of the same size. A spear of certain victory that no one could escape.","It was a divinely beautiful spear of the gods, so massive that it gave the illusion that the tower which had fallen had turned into a spear of the same size. A spear of certain victory that no one could escape."
,"""It looks like your twin towers are useless. How foolish that you blocked off your means of escape on both sides. You can't defend against even a single spear!""","""Looks like your twin towers won't help you now. How foolish, to block off your means of escape on both sides. You can't defend against even a single spear!"" ","""Looks like your twin towers are useless. How foolish that you blocked off your means of escape on both sides. You can't defend against even a single spear!""",「無用の双子塔ですね。自ら左右の退路を絶つとは愚かしいっ。一本の槍をもお前は防げない！」,「無用の双子塔ですね。自ら左右の退路を断つとは愚かしいっ。一本の槍をもお前は防げない！」,"""Похоже, твои башни‐близнецы бесполезны. Как неразумно отрезать пути к побегу с двух сторон. Ты не можешь защититься даже от одного копья!""","""Parece que suas torres gêmeas são inúteis. Quanta tolice bloquear suas rotas de fuga de ambos os lados. Você não pode sequer se defender de uma única lança!""",「无用的双子塔呢。自行封住左右的退路，可真是愚蠢。你连这一杆枪，都已无从抵御！」,「無用的雙子塔呢。自行封住左右的退路，可真是愚蠢。你連這一杆槍，都已無從抵御！」,"""Sembra che le tue torri gemelle siano inutili. Bloccare le tue vie di fuga in ogni direzione è stato quanto mai sciocco. Non puoi nemmeno difenderti da una sola lancia!""","""It looks like your twin towers are useless. How foolish that you blocked off your means of escape on both sides. You can't defend against even a single spear!""","""Parece que tus torres gemelas son inútiles. Qué tonto de tu parte bloquear tu escape por ambos lados. ¡Ni siquiera puedes defenderte contra una simple lanza!""","""ﻳﺒﺪﻭ ﺃﻥ ﺑﺮﺟﻴﻚِ ﺍﻟﺘﻮﺃﻣﻴﻦ ﻋﺪﻳﻤﻲ ﻓﺎﺋﺪﺓ. ﻳﺎ ﻟﻐﺒﺎﺋﻚ، ﻓﻘﺪ ﻗﻄﻌﺖِ ﺳﺒﻞ ﻫﺮﻭﺑﻚ ﻣﻦ ﺍﻟﺠﻬﺘﻴﻦ. ﻟﻴﺲ ﺑﺈﻣﻜﺎﻧﻚِ ﺣﺘﻰ ﺗﺠﻨﺐ ﺭﻣﺢٍ ﻭﺣﻴﺪ!""","""It looks like your twin towers are useless. How foolish that you blocked off your means of escape on both sides. You can't defend against even a single spear!""","""It looks like your twin towers are useless. How foolish that you blocked off your means of escape on both sides. You can't defend against even a single spear!""","""It looks like your twin towers are useless. How foolish that you blocked off your means of escape on both sides. You can't defend against even a single spear!"""
,"When she snapped her fingers in command, the massive tower‐like spear shot at {f:5:Beatrice} like a lightning bolt.","When she snapped her fingers in command, the massive tower-sized spear shot at {f:5:Beatrice} like a lightning bolt. ","When she snapped her fingers in command, the massive tower-like spear shot at Beatrice like a lightning bolt.",彼女が指を鳴らして命じると、塔の如き巨大槍は、一条の稲妻のように、ベアトリーチェを目指す。,彼女が指を鳴らして命じると、塔の如き巨大槍は、一条の稲妻のように、ベアトリーチェを目指す。,"Когда она щёлкнула пальцами, массивное кольцо величиной с башню молниеносно полетело в {f:5:Беатриче}.","Quando ela deu o comando estalando seus dedos, a enorme lança equivalente a torre disparou contra {f:5:Beatrice} como um relâmpago.",她打了个响指，随着这一声令下，如塔般巨大的长枪，犹如一道闪电，直奔贝阿朵莉切。,她打了個響指，隨著這一聲令下，如塔般巨大的長槍，猶如一道閃電，直奔貝阿朵莉切。,"Quando schioccò le dita in segno di comando, la colossale lancia simile ad una torre si lanciò contro Beatrice come un lampo.","When she snapped her fingers in command, the massive tower‐like spear shot at {f:5:Beatrice} like a lightning bolt.","Cuando chasqueó sus dedos dando órdenes, la enorme lanza se disparó hacia {f:5:Beatrice} como un relámpago.",ﻋﻨﺪﻣﺎ ﻧﻘﺮﺕ ﺑﺄﺻﺎﺑﻌﻬﺎ ﺁﻣﺮﺓً، ﺃﻣﺮﺕ ﺑﺈﻃﻼﻕ ﺍﻟﺮﻣﺢ ﺍﻟﻌﻤﻼﻕ، ﺍﻟﺬﻱ ﺍﻧﻄﻠﻖ ﻛﺎﻟﺒﺮﻕ ﺑﺎﺗﺠﺎﻩ {f:7:ﺑﻴﺎﺗﺮﻳﺲ}.,"When she snapped her fingers in command, the massive tower‐like spear shot at {f:5:Beatrice} like a lightning bolt.","When she snapped her fingers in command, the massive tower‐like spear shot at {f:5:Beatrice} like a lightning bolt.","When she snapped her fingers in command, the massive tower‐like spear shot at {f:5:Beatrice} like a lightning bolt."
,"As the Golden Witch danced in the gap between the towers like a butterfly, it sliced straight through the air like a flash of lightning, aiming right for the very middle of the absolute center of her heart, with the most ultimate and extreme precision.","It aimed right for the middle of the center of the Golden Witch's heart with extreme precision, as she danced in the gap between the towers like a butterfly, slicing straight through the air like a flash of lightning. "," It aimed right for the middle of the center of the Golden Witch's heart with extreme precision, as she danced in the gap between the towers like a butterfly, slicing straight through the air like a flash of lightning.",左右の塔の狭間にて蝶のように舞う黄金の魔女の、心臓のど真ん中の中心のさらにさらに中央を、超が七つ付く精密さで狙い、稲光のようにまっすぐ宙を駆け抜ける。,左右の塔の狭間にて蝶のように舞う黄金の魔女の、心臓のど真ん中の中心のさらにさらに中央を、超が七つ付く精密さで狙い、稲光のようにまっすぐ宙を駆け抜ける。,"Оно было нацелено в сердце Золотой Ведьмы с ужасающей точностью, пока та, подобно бабочке, танцевала в проеме между башнями, прорезав воздух как вспышка молнии.","Enquanto a Bruxa Dourada dançava entre o vazio das torres como uma borboleta, a lança perfurou diretamente através do ar como o flash de um relâmpago, almejando o centro absoluto de seu coração, com a maior e mais extrema precisão.",以可以加七个“超”的精密度，瞄准了在左右双塔之间，如蝴蝶般飘舞的黄金魔女，的心脏中心处的最最最中央，如闪电般直直地划破长空。,以可以加七個“超”的精密度，瞄準了在左右雙塔之間，如蝴蝶般飄舞的黃金魔女，的心臟中心處的最最最中央，如閃電般直直地劃破長空。,"Mirò con estrema precisione all'esatto centro del cuore della Strega Dorata, tagliando l'aria come un fulmine abbagliante, mentre lei danzava nello spazio tra le torri come una farfalla.","As the Golden Witch danced in the gap between the towers like a butterfly, it sliced straight through the air like a flash of lightning, aiming right for the very middle of the absolute center of her heart, with the most ultimate and extreme precision.","Apuntó justo al centro del corazón de la Bruja Dorada con extrema precisión, atravesando el aire como un relámpago, mientras ella danzaba en el espacio entre las torres como si fuera una mariposa.",ﻋﻨﺪﻣﺎ ﻧﻘﺮﺕ ﺑﺄﺻﺎﺑﻌﻬﺎ ﺁﻣﺮﺓً، ﺍﺳﺘﻬﺪﻑ ﻣﺮﻛﺰ ﻗﻠﺐ ﺍﻟﺴﺎﺣﺮﺓ ﺍﻟﺮﺍﻗﺼﺔ ﺑﻴﻦ ﺍﻟﺒﺮﺟﻴﻦ، ﻛﺄﻧﻤﺎ ﻳﺨﺘﺮﻕ ﺻﻤﻴﻢ ﺻﻤﻴﻤﻬﺎ، ﺑﺪﻗﺔٍ ﻗﺼﻮﻯ ﻻ ﻧﻬﺎﺋﻴﺔ. ,"As the Golden Witch danced in the gap between the towers like a butterfly, it sliced straight through the air like a flash of lightning, aiming right for the very middle of the absolute center of her heart, with the most ultimate and extreme precision.","As the Golden Witch danced in the gap between the towers like a butterfly, it sliced straight through the air like a flash of lightning, aiming right for the very middle of the absolute center of her heart, with the most ultimate and extreme precision.","As the Golden Witch danced in the gap between the towers like a butterfly, it sliced straight through the air like a flash of lightning, aiming right for the very middle of the absolute center of her heart, with the most ultimate and extreme precision."
{f:5:Beatrice},"""Hah!! So, you use Gungnir in a place like this!! You really are incredible, Masteeeerrrrr!!""","""Hah!! So, you use Gungnir at a moment like this!! You really are incredible, Teacheeeeeer!!"" ","""Hah!! So, you use Gungnir in a place like this!! You really are incredible, Teacheeeeeer!! ",「はッ！！　こんなところでグングニルが引けるとはッ！！　やっぱりお師匠様はすげェなああぁあ！！,「はッ！！　こんなところでグングニルが引けるとはッ！！　やっぱりお師匠様はすげェなああぁあ！！」,"""Ха! Так вы используете Гунгнир в таком месте! Вы воистину невероятны, наставница!""","""Hah!! Então você usou a Gungnir em uma lugar como este!! Você é mesmo incrível, professooorraaaaaaa!!""",「哈！！竟能在这种地方抽出{c:86EF9C:昆古尼尔}！！{c:86EF9C:（详见魔导书“神话相关”条目）}果然，师傅大人就是厉害啊啊啊啊！！」,「哈！！竟能在這種地方抽出{c:86EF9C:昆古尼爾}！！{c:86EF9C:（詳見魔導書“神話相關”條目）}果然，師傅大人就是厲害啊啊啊啊！！」,"""Hah!! E così, usi Gungnir in un posto simile!! Sei davvero incredibile, Maestraaaaaaaa!!","""Hah!! So, you use Gungnir in a place like this!! You really are incredible, Masteeeerrrrr!!""","""¡¡Ja!! ¡¡Así que usas a Gungnir en un lugar como este!! ¡¡De verdad eres increíble, maestraaaaaaa!!""","""ﻫﺎﺍ!! ﻟﻢ ﺃﺗﺨﻴﻞ ﺃﻧﻨﻲ ﺳﺄﺷﻬﺪﻙ ﺗﺴﺘﺨﺪﻣﻴﻦ ﺍﻟﺮﻣﺢ ﺍﻟﻤﻘﺪﺱ ﻏﺎﻧﻐﻴﺮ ﻫﻨﺎ!! ﺇﻧَّﻚِ ﻓﻌﻼً ﻣﺬﻫﻠﺔٌ ﻳﺎ ﻣﻌﻠﻤﺘﻴﻴﻲ!!""","""Hah!! So, you use Gungnir in a place like this!! You really are incredible, Masteeeerrrrr!!""","""Hah!! So, you use Gungnir in a place like this!! You really are incredible, Masteeeerrrrr!!""","""Hah!! So, you use Gungnir in a place like this!! You really are incredible, Masteeeerrrrr!!"""
{f:5:Beatrice},"""Explode, useless towers! Arise, Giant Soldier Battle Line. Fully block that divine spear with your shields and chests!!""","""Burst, useless towers! Arise, Giant Soldier Battle Line. Fully block that divine spear with your shields and chests!!"" ","Explode, useless towers! Arise, Giant Soldier Battle Line. Fully block that divine spear with your shields and chests!!""",爆ぜろ、役立たずの塔！　出でよ、巨人兵の戦列よ。その楯と胸で、神なる槍を防ぎきれ！！」,「爆ぜろ、役立たずの塔！　出でよ、巨人兵の戦列よ。その楯と胸で、神なる槍を防ぎきれ！！」,"""Взорвитесь, бесполезные башни! Восстаньте, Гигантские боевые строи солдат. Полностью заблокируйте божественное копьё своими грудью и щитами!""","""Explodam, frívolas torres! Levantem‐se, Soldados Gigantes de Linha de Batalha. Bloqueiem por completo aquela lança divina como seus escudos e arcabouços!!""",「爆散吧，没用的塔！出来吧，巨人兵的战列。以汝等的盾与胸膛，挡住神枪！！」,「爆散吧，沒用的塔！出來吧，巨人兵的戰列。以汝等的盾與胸膛，擋住神槍！！」,"Esplodete, inutili torri! Veni a me, Linea di Combattimento dei Soldati Giganti. Bloccate del tutto quella lancia divina con i vostri scudi e i vostri petti!!""","""Explode, useless towers! Arise, Giant Soldier Battle Line. Fully block that divine spear with your shields and chests!!""","""¡Exploten, torres inútiles! Levántate, Línea de Combate de Soldados Gigantes. ¡¡Bloqueen completamente esa lanza divina con sus escudos y sus pechos!!""","""ﺍﻧﻔﺠﺮﻱ، ﺃﻳﺘﻬﺎ ﺍﻷﺑﺮﺍﺝ ﺍﻟﻌﻘﻴﻤﺔ!! ﻭﺍﻧﻬﻀﻮﺍ، ﻳﺎ ﺻﻒَّ ﺍﻟﺠﻨﻮﺩ ﺍﻟﻌﻤﺎﻟﻘﺔ! ﺗﺼﺪﻭﺍ ﻟﻠﺮﻣﺢ ﺍﻹﻟﻬﻲ ﺑﺪﺭﻭﻋﻜﻢ ﻭﺻﺪﻭﺭﻛﻢ!!""","""Explode, useless towers! Arise, Giant Soldier Battle Line. Fully block that divine spear with your shields and chests!!""","""Explode, useless towers! Arise, Giant Soldier Battle Line. Fully block that divine spear with your shields and chests!!""","""Explode, useless towers! Arise, Giant Soldier Battle Line. Fully block that divine spear with your shields and chests!!"""
,The Shoulder War Towers exploded in gold.{n}They became several billion gold butterflies.,The Shoulder War Towers exploded in gold. They became several billion gold butterflies. ,"The Shoulder War Towers exploded in gold. They became several billion gold butterflies.",双肩の戦塔は黄金色の大爆発を起こす。それは何億もの黄金の蝶たち。,双肩の戦塔は黄金色の大爆発を起こす。{n}それは何億もの黄金の蝶たち。,Надплечные боевые башни взорвались золотом.{n}Они превратились в несколько миллиардов золотых бабочек.,As Torres Ombreiras De Guerra explodiram em ouro.{n}Elas se tornaram dezenas de bilhões de borboletas douradas.,双肩战塔发生了黄金色的大爆炸。{n}化为了数亿只黄金蝶。,雙肩戰塔發生了黃金色的大爆炸。{n}化為了數億只黃金蝶。,Le Doppie Torri d'Assalto esplosero in un getto d'oro. Si tramutarono in miliardi di farfalle.,The Shoulder War Towers exploded in gold.{n}They became several billion gold butterflies.,Las Torres de los Hombros de Guerra hicieron una explosión dorada.{n}Se convirtieron en miles de millones de mariposas.,ﺗﻔﺠﺮﺕ ﺃﺑﺮﺍﺝ ﺍﻟﺤﺮﺏ ﺍﻟﻤﺮﺗﻔﻌﺔ ﻟﺬﻫﺐ.{n}ﻣﻦ ﺩﺍﺧﻞ ﻫﺬﺍ ﺍﻻﻧﻔﺠﺎﺭ، ﻇﻬﺮﺕ ﻣﻼﻳﻴﻦ ﺍﻟﻔﺮﺍﺷﺎﺕ ﺍﻟﺬﻫﺒﻴﺔ،,The Shoulder War Towers exploded in gold.{n}They became several billion gold butterflies.,The Shoulder War Towers exploded in gold.{n}They became several billion gold butterflies.,The Shoulder War Towers exploded in gold.{n}They became several billion gold butterflies.
,Those butterflies took the shape of seven massive armored soldiers.,Those butterflies took the shape of seven massive armored soldiers. ," Those butterflies took the shape of seven massive armored soldiers.",その蝶たちが７人の巨人装甲兵を模る。,その蝶たちが７人の巨人装甲兵を模る。,А затем эти бабочки приняли облик семи массивных солдат в полном вооружении.,Aquelas borboletas tomaram a forma de sete imensos soldados de armadura.,这些蝴蝶化为了七位巨人装甲兵的形象。,這些蝴蝶化為了七位巨人裝甲兵的形象。,Quelle farfalle presero la forma di sette giganteschi soldati in armatura.,Those butterflies took the shape of seven massive armored soldiers.,Esas mariposas adoptaron la forma de siete enormes soldados blindados.,ﺗﺠﻤّﻌﺖ ﻟﺘﺸﻜّﻞ ﺳﺒﻌﺔ ﺟﻨﻮﺩ ﻋﻤﺎﻟﻘﺔ ﻣﺪﺭﻋﻴﻦ،,Those butterflies took the shape of seven massive armored soldiers.,Those butterflies took the shape of seven massive armored soldiers.,Those butterflies took the shape of seven massive armored soldiers.
,"Each stretched a full 50 merute into the sky, and they lined up in front of {f:5:Beatrice}, protecting their master and holding massive shields which towered like windmills.","Each stretched a full 50 merute into the sky, and they lined up in front of {f:5:Beatrice}, protecting their master and holding massive shields that towered like windmills. "," Each stretched a full 50 merute into the sky, and they lined up in front of Beatrice, protecting their master and holding massive shields which towered like windmills.",それぞれが５０メルテもの見上げるばかりの身長を持ち、そびえ立つ風車のような大きさの巨大楯をかざしてベアトリーチェの前に並んで主を守る。,それぞれが５０メルテもの見上げるばかりの身長を持ち、そびえ立つ風車のような大きさの巨大楯をかざしてベアトリーチェの前に並んで主を守る。,"Каждый был ростом в 50 мерутов, и они образовали строй перед {f:5:Беатриче}, защищая свою госпожу, держа массивные щиты и возвышаясь как огромные мельницы.","Cada um com uma altura de completos 50 merute em direção ao céu, e alinhados em frente à {f:5:Beatrice}, protegendo sua mestra enquanto seguravam imensos escudos que se assemelhavam a moinhos de vento.",各自有着令人仰视的，高达五十梅尔泰的身高，举着如矗立的风车般大小的巨大盾牌，并排在贝阿朵莉切身前，保护主人。,各自有著令人仰視的，高達五十梅爾泰的身高，舉著如矗立的風車般大小的巨大盾牌，並排在貝阿朵莉切身前，保護主人。,"Ciascuno si innalzava verso il cielo per cinquanta metri buoni, e si erano disposti di fronte a Beatrice, proteggendo la loro padrona e sorreggendo enormi scudi che torreggiavano come mulini a vento.","Each stretched a full 50 merute into the sky, and they lined up in front of {f:5:Beatrice}, protecting their master and holding massive shields which towered like windmills.","Cada uno de ellos se extendía unos 50 merutes completos hacia el cielo, y se alinearon frente a {f:5:Beatrice}, protegiendo a su ama y sosteniendo enormes escudos que se erguían como molinos de viento.",ﻛﻞ ﻭﺍﺣﺪ ﻣﻨﻬﻢ ﺑﺎﺭﺗﻔﺎﻉ ﺧﻤﺴﻴﻦ ﻣﻴﺮﻭﺕ، ﻭﺍﺻﻄﻔﻮﺍ ﺃﻣﺎﻡ {f:7:ﺑﻴﺎﺗﺮﻳﺲ}، ﻟﻴﺤﻤﻮﺍ ﺳﻴﺪﺗﻬﻢ ﺑﺪﺭﻭﻉ ﺑﻀﺨﺎﻣﺔ ﻃﻮﺍﺣﻴﻦ ﺍﻟﻬﻮﺍﺀ.,"Each stretched a full 50 merute into the sky, and they lined up in front of {f:5:Beatrice}, protecting their master and holding massive shields which towered like windmills.","Each stretched a full 50 merute into the sky, and they lined up in front of {f:5:Beatrice}, protecting their master and holding massive shields which towered like windmills.","Each stretched a full 50 merute into the sky, and they lined up in front of {f:5:Beatrice}, protecting their master and holding massive shields which towered like windmills."
,Their massive size was evocative of a mountain range. The witch hiding behind them was like a small moon hiding behind the mountains.,They were as massive as a mountain range. The witch behind them was like a small moon hiding behind the mountains. ," They were as massive as a mountain range. The witch hiding behind them was like a small moon hiding behind the mountains.",その巨大さは山脈さえも連想させる。その向こうに隠れる魔女は、さながら山の向こうに隠れる小さな月のようだった。,その巨大さは山脈さえも連想させる。その向こうに隠れる魔女は、さながら山の向こうに隠れる小さな月のようだった。,"По массивности они могли сравниться с горной грядой. Прячущаяся за ними ведьма напоминала луну, скрывающуюся за горами.","Suas medidas imanes eram evocativas a uma cadeia de montanhas.{n}A bruxa escondeu‐se atrás deles, como uma pequena Lua que se esconde atrás das montanhas.",他们的巨大，甚至能让人联想到山脉。在他们身后躲避着的魔女，就像是藏在山的另一边的小小月亮。,他們的巨大，甚至能讓人聯想到山脈。在他們身後躲避著的魔女，就像是藏在山的另一邊的小小月亮。,Erano possenti come una catena montuosa. La strega che si nascondeva dietro di loro era come una piccola luna nascosta dietro le montagne.,Their massive size was evocative of a mountain range. The witch hiding behind them was like a small moon hiding behind the mountains.,Eran tan enormes como una cordillera de montañas. La bruja escondiéndose tras ellos era como una luna pequeña escondiéndose tras las montañas.,ﻳﺸﺎﺑﻪ ﺣﺠﻤﻬﻢ ﺍﻟﻀﺨﻢ ﺳﻼﺳﻞ ﺍﻟﺠﺒﺎﻝ. ﻭﺧﻠﻔﻬﻢ، ﺑﺪﺕ ﺍﻟﺴﺎﺣﺮﺓ ﻭﻛﺄﻧﻬﺎ ﻗﻤﺮ ﺻﻐﻴﺮ ﻣﺨﺘﺒﺊ ﻭﺭﺍﺀ ﺟﺒﻞ ﺷﺎﻫﻖ.,Their massive size was evocative of a mountain range. The witch hiding behind them was like a small moon hiding behind the mountains.,Their massive size was evocative of a mountain range. The witch hiding behind them was like a small moon hiding behind the mountains.,Their massive size was evocative of a mountain range. The witch hiding behind them was like a small moon hiding behind the mountains.
,"Once in the past, when the massive shields these giants held had been readied by the whole giants' regiment, they had protected King Wilhelm's castle not only from arrows, but from the wind and the rain, and when they had faced upwards and held their shields to the heavens, not a single raindrop had gotten through.","Once in the past, when the massive shields these giants held had been readied by the whole regiment, they had protected King Whilhelm's castle not only from arrows, but from the wind and the rain, for when they had faced upwards and held their shields to the heavens, not a single raindrop had gotten through. "," Once in the past, when the massive shields these giants held had been readied by the whole giants regiment, they had protected King Whilhelm's castle not only from arrows, but from the wind and the rain, and when they had faced upwards and held their shields to the heavens, not a single raindrop had gotten through.",巨人たちが構える巨大楯は、かつて巨人連隊全員が連なって構えた時、ヴィルヘルム王の居城を矢だけでなく、風雨からすら守り、天に向けてかざした時には雨粒の一滴すらも許さなかったという。,巨人たちが構える巨大楯は、かつて巨人連隊全員が連なって構えた時、ヴィルヘルム王の居城を矢だけでなく、風雨からすら守り、天に向けてかざした時には雨粒の一滴すらも許さなかったという。,"Однажды в прошлом, когда эти щиты, что держали гиганты, были взяты на изготовку целым полком великанов, они служили защитой замку короля Вильгельма не только от стрел, но и от ветра с дождём, а когда они глядели вверх и поднимали щиты, ни одна капля не могла проскользнуть между ними.","Uma vez, no passado, quando os colossais escudos que aqueles gigantes seguravam foram preparados por todo o regimento dos gigantes, eles protegeram o castelo do Rei Wilhelm, não apenas de arcos, mas dos ventos e chuvas, e quando eles direcionam seus escudos para os céus, nenhuma única gota de chuva passou por eles.",据说这由巨人们举着的巨大盾牌，在以前由巨人联队一同举起之时，不仅能保护威尔海姆王的居城不受箭矢侵袭，甚至连风雨也一样，将盾举向天空时，就连一粒雨滴都不容落入王城。,據說這由巨人們舉著的巨大盾牌，在以前由巨人聯隊一同舉起之時，不僅能保護威爾海姆王的居城不受箭矢侵襲，甚至連風雨也一樣，將盾舉向天空時，就連一粒雨滴都不容落入王城。,"Una volta in passato, quando gli enormi scudi sorretti da questi giganti erano stati approntati dall'intero reggimento dei giganti, questi avevano protetto il castello di Re Guglielmo non solo dalle frecce, ma anche dal vento e dalla pioggia, e quando si erano volti verso l'alto e avevano innalzato i loro scudi dal cielo, non una singola goccia di pioggia era riuscita a passare.","Once in the past, when the massive shields these giants held had been readied by the whole giants' regiment, they had protected King Wilhelm's castle not only from arrows, but from the wind and the rain, and when they had faced upwards and held their shields to the heavens, not a single raindrop had gotten through.","Una vez en el pasado, cuando los enormes escudos que portaban fueron colocados por todo el regimiento de gigantes, habían protegido el castillo del Rey Whilhelm no solo de las flechas, sino también del viento y de la lluvia, y cuando ellos colocaban estos escudos hacia los cielos, ni una sola gota de lluvia pasaba a través de los mismos.",ﻓﻲ ﺯﻣﻦ ﻗﺪﻳﻢ، ﻋﻨﺪﻣﺎ ﺭﻓﻊ ﺃﻭﻟﺌﻚ ﺍﻟﺠﻨﻮﺩ ﺩﺭﻭﻋﻬﻢ ﺍﻟﻀﺨﻤﺔ، ﻛﺎﻧﻮﺍ ﻳﺤﻤﻮﻥ ﻗﻠﻌﺔ ﺍﻟﻤﻠﻚ ﻭﻳﻠﻬﻴﻠﻢ ﻣﻦ ﺍﻷﺳﻬﻢ، ﺑﺎﻹﺿﺎﻓﺔ ﻟﻠﺮﻳﺎﺡ ﻭﺍﻷﻣﻄﺎﺭ،  ﻷﻧﻬﻢ ﺣﻴﻨﻤﺎ ﺭﻓﻌﻮﺍ ﺩﺭﻭﻋﻬﻢ ﻟﻠﺴﻤﺎﺀ، ﻟﻢ ﺗﻬﺒﻂ ﻭﻻ ﻗﻄﺮﺓ ﻣﻄﺮ ﻭﺍﺣﺪﺓ ﻋﻠﻰ ﺍﻟﻘﻠﻌﺔ.,"Once in the past, when the massive shields these giants held had been readied by the whole giants' regiment, they had protected King Wilhelm's castle not only from arrows, but from the wind and the rain, and when they had faced upwards and held their shields to the heavens, not a single raindrop had gotten through.","Once in the past, when the massive shields these giants held had been readied by the whole giants' regiment, they had protected King Wilhelm's castle not only from arrows, but from the wind and the rain, and when they had faced upwards and held their shields to the heavens, not a single raindrop had gotten through.","Once in the past, when the massive shields these giants held had been readied by the whole giants' regiment, they had protected King Wilhelm's castle not only from arrows, but from the wind and the rain, and when they had faced upwards and held their shields to the heavens, not a single raindrop had gotten through."
,"""Foolish. How pitiful is the witch who has forgotten her respect for the divine. Did you think that giants could defend against a spear of the gods?!""","""Foolish. The shame of a witch who has forgotten to respect things sacred. Did you think mere giants could defend against a Spear of the Gods?!"" ","""Foolish. The misery of a witch who has forgotten to respect things sacred. Did you think that giants could defend against a Spear of the Gods?!""",「愚かな。神聖への敬いを忘れた魔女の憐れなことです。神の槍を巨人如きで防げるとお思いですか！」,「愚かな。神聖への敬いを忘れた魔女の憐れなことです。神の槍を巨人如きで防げるとお思いですか！」,"""Как глупо. Убожество ведьмы, забывшей об уважении к святым вещам. Ты думаешь, что великаны смогут защитить от Копья богов?!""","""Tolice. Quão vergonhosa é uma bruxa que esqueceu do respeito perante o divino. Você acha que esses gigantes podem defender você de uma lança dos deuses?!""",「愚蠢。这正是忘却了对神圣致以敬意的魔女的可悲之处。还以为区区巨人就能挡住神之枪！」,「愚蠢。這正是忘卻了對神聖致以敬意的魔女的可悲之處。還以為區區巨人就能擋住神之槍！」,"""Quale stoltezza. Questa è la miseria di una strega che ha dimenticato il rispetto per ciò che è sacro. Credevi che dei giganti potessero difenderti da una Lancia Divina?!""","""Foolish. How pitiful is the witch who has forgotten her respect for the divine. Did you think that giants could defend against a spear of the gods?!""","""Tonta. La miseria de una bruja que ha olvidado respetar las cosas sagradas. ¡¿Pensaste que esos gigantes podían defenderte contra la Lanza de los Dioses?!""","""ﻣﺎ ﺃﺗﻌﺴﻚ. ﻣﻦ ﺍﻟﻤﺨﺠﻞ ﻗﺘﺎﻝ ﺳﺎﺣﺮﺓ ﻓﻘﺪﺕ ﺍﺣﺘﺮﺍﻡ ﺍﻷﻏﺮﺍﺽ ﺍﻟﻤﻘﺪﺳﺔ. ﺃﺗﻈﻨﻴﻦ ﺃﻥ ﺃﻣﺜﺎﻝ ﻫﺆﻻﺀ ﺍﻟﻌﻤﺎﻟﻘﺔ ﺳﻴﺪﺍﻓﻌﻮﻥ ﺿﺪ ﺭﻣﺢ ﺍﻵﻟﻬﺔ؟!""","""Foolish. How pitiful is the witch who has forgotten her respect for the divine. Did you think that giants could defend against a spear of the gods?!""","""Foolish. How pitiful is the witch who has forgotten her respect for the divine. Did you think that giants could defend against a spear of the gods?!""","""Foolish. How pitiful is the witch who has forgotten her respect for the divine. Did you think that giants could defend against a spear of the gods?!"""
Ronove,"""......Indeed. No matter how much human metal you are armed with, you cannot block a spear of the gods. A wonderful epaulette mate by Madam.""","""...Indeed. No matter how much human metal you are armed with, you cannot block a Spear of the Gods. A wonderful Epaulette Mate by Madam."" ","""......Indeed. No matter how much human metal you are armed with, you cannot block a Spear of the Gods. A wonderful Epaulette Mate by Madam.""",「……道理ですね。人間の金属でいくら武装しようとも、神の槍は防げません。マダムの見事なエポレットメイトです。」,「……道理ですね。人間の金属でいくら武装しようとも、神の槍は防げません。マダムの見事なエポレットメイトです」,"""......Согласен. Сколько бы людского металла тебя ни защищало, он не способен выстоять против Копья богов. Чудесный мат в исполнении Мадам.""","""......De fato. Não importa com quanto metal humano esteja armada, você não pode bloquear uma lança dos deuses. Um magnífico mate epaulet da Madame.""",「……甚是在理呢。以人类的金属，无论怎么武装，都是挡不住神之枪的。女士好一着，{c:86EF9C:{ruby:eqaulette mate:双肩困杀}}。{c:86EF9C:（详见魔导书“国际象棋术语”条目）}」,「……甚是在理呢。以人類的金屬，無論怎麼武裝，都是擋不住神之槍的。女士好一著，{c:86EF9C:{ruby:eqaulette mate:雙肩困殺}}。{c:86EF9C:（詳見魔導書“國際象棋術語”條目）}」,"""... Esattamente. Per quanto metallo umano si usi per difendersi, non si può bloccare una Lancia Divina. Uno splendido Compagno di Epaulet ad opera di Madame.""","""......Indeed. No matter how much human metal you are armed with, you cannot block a spear of the gods. A wonderful epaulette mate by Madam.""","""... En efecto. No importa con cuánto metal humano estés armado, no puedes bloquear la Lanza de los Dioses. Un maravilloso <Mate Epaulette> hecho por madam.""","""...ﻣﻨﻄﻘﻲ ﺗﻤﺎﻣًﺎ. ﻻ ﻣﻌﺪﻥ ﺻﻨﻌﻪ ﺍﻹﻧﺴﺎﻥ ﻳﻤﻜﻨﻪ ﺭﺩﻉ ﺭﻣﺢ ﺍﻹﻟﻪ. ﻳﺎﻟﻬﺎ ﻣﻦ ﻣﻨﺎﻭﺭﺓ ﺩﻓﺎﻋﻴﺔ ﺭﺍﺋﻌﺔ ﻳﺎ ﺳﻴﺪﺗﻲ.""","""......Indeed. No matter how much human metal you are armed with, you cannot block a spear of the gods. A wonderful epaulette mate by Madam.""","""......Indeed. No matter how much human metal you are armed with, you cannot block a spear of the gods. A wonderful epaulette mate by Madam.""","""......Indeed. No matter how much human metal you are armed with, you cannot block a spear of the gods. A wonderful epaulette mate by Madam."""
Lucifer,"""No way?! {f:5:Beatrice}‐sama!!""","""No way! {f:5:Beatrice}-sama?!!"" ","""No way?! Beatrice-sama!!""",「そんなっ？！　ベアトリーチェさまッ！！」,「そんなっ？！　ベアトリーチェさまッ！！」,"""Как же так?! {f:5:Беатриче}‐сама!""","""Sem chance?! {f:5:Beatrice}‐sama!!""",「怎么会？！贝阿朵莉切夫人！！」,「怎麼會？！貝阿朵莉切夫人！！」,"""Come?! Beatrice-sama!!""","""No way?! {f:5:Beatrice}‐sama!!""","""¡No puede ser! ¡¡{f:5:Beatrice}‐sama!!""","""ﻣﺴﺘﺤﻴﻞ! {f:7:ﺑﻴﺎﺗﺮﻳﺲ}-ﺳﺎﻣﺎ!!""","""No way?! {f:5:Beatrice}‐sama!!""","""No way?! {f:5:Beatrice}‐sama!!""","""No way?! {f:5:Beatrice}‐sama!!"""
{f:5:Beatrice},"""Of course I haven't forgotten, Master! Come, arise, Hephaestus and his disciples. Bestow upon me a worthy shieeeld!!""","""Of course I haven't forgotten, Teacher! Come arise, disciples of Hephaestus. Bestow upon me a worthy shield!!"" ","""Of course I haven't forgotten, Teacher! Come arise, disciples of Hephaestus. Bestow upon me a worthy shield!!""",「もちろん忘れませんとも、お師匠様ァ！さぁさお出でなさい、ヘパイストスと弟子たち。我に相応しき楯を与え給えぇえ！！」,「もちろん忘れませんとも、お師匠様ァ！　さぁさお出でなさい、ヘパイストスと弟子たち。我に相応しき楯を与え給えぇえ！！」,"""Разумеется не забыла, наставница! Явитесь, восстаньте, ученики Гефеста. Даруйте мне достойный щит!""","""É claro que eu não me esqueci, professora! Venha, levantem‐se, Hefesto e seus discípulos. Concedam a mim um escudo de valoooor!!""",「我当然没忘哦，师傅大人！来——来，出来吧，{c:86EF9C:赫斐斯托斯}与其徒弟们。{c:86EF9C:（详见魔导书“神话相关”条目）}给予吾相称的盾牌！！」,「我當然沒忘哦，師傅大人！來——來，出來吧，{c:86EF9C:赫斐斯托斯}與其徒弟們。{c:86EF9C:（詳見魔導書“神話相關”條目）}給予吾相稱的盾牌！！」,"""Naturalmente non me ne sono dimenticata, Maestra! Forza venite a me, discepoli di Efesto. Concedetemi uno scudo degno di questo nome!!""","""Of course I haven't forgotten, Master! Come, arise, Hephaestus and his disciples. Bestow upon me a worthy shieeeld!!""","""¡Por supuesto que no lo he olvidado, maestra! Vamos levántense, discípulos de Hefesto. ¡¡Otórguenme un digno escudo!!""","""ﺑﺎﻟﻄﺒﻊ ﻟﻦ ﺃﻧﺴﻰ ﻳﺎ ﻣﻌﻠﻤﺘﻲ! ﺗﻌﺎﻟﻮﺍ ﻭﺍﻧﻬﻀﻮﺍ، ﻳﺎ ﺗﻼﻣﻴﺬ ﻫﻴﻔﻴﺴﺘﻮﺱ. ﺃﻧﻌﻤﻮﺍ ﻋﻠﻲَّ ﺑﺪﺭﻉٍ ﻋﻈﻴﻢ!!""","""Of course I haven't forgotten, Master! Come, arise, Hephaestus and his disciples. Bestow upon me a worthy shieeeld!!""","""Of course I haven't forgotten, Master! Come, arise, Hephaestus and his disciples. Bestow upon me a worthy shieeeld!!""","""Of course I haven't forgotten, Master! Come, arise, Hephaestus and his disciples. Bestow upon me a worthy shieeeld!!"""
,A golden whirlwind arose at the feet of the Giant Soldiers.{n}It was a group of countless butterflies.,A golden whirlwind arose at the feet of the Giant Soldiers. It was a cloud of countless butterflies. ,"A golden whirlwind arose at the feet of the Giant Soldiers. It was a group of countless butterflies.",巨人兵たちの足元より黄金の旋風が巻き起こる。それは無数の黄金蝶たちの群。,巨人兵たちの足元より黄金の旋風が巻き起こる。{n}それは無数の黄金蝶たちの群れ。,У ног солдат‐великанов возник золотой вихрь.{n}Он представлял собой неисчислимое сборище бабочек.,Um dourado redemoinho surgiu nos pés dos Soldados Gigantes.{n}Era um grupo de incontáveis borboletas.,在巨人兵们的脚边卷起了黄金旋风。{n}那正是无数的黄金蝴蝶。,在巨人兵們的腳邊捲起了黃金旋風。{n}那正是無數的黃金蝴蝶。,Un turbine dorato si innalzò ai piedi dei Soldati Giganti. Era uno stormo di infinite farfalle.,A golden whirlwind arose at the feet of the Giant Soldiers.{n}It was a group of countless butterflies.,Un remolino dorado se levantó a los pies de los Soldados Gigantes.{n}Era un grupo de incontables mariposas.,ﻣﻦ ﺗﺤﺖ ﺃﻗﺪﺍﻡ ﺟﻨﻮﺩ ﺍﻟﻌﻤﺎﻟﻘﺔ، ﺍﻧﺪﻟﻌﺖ ﺯﻭﺑﻌﺔ ﺫﻫﺒﻴﺔ.{n}ﻛﺎﻧﺖ ﺗﻠﻚ ﻋﺎﺻﻔﺔ ﻣﻦ ﺍﻟﻔﺮﺍﺷﺎﺕ ﺍﻟﺬﻫﺒﻴﺔ ﺍﻟﺘﻲ ﻻ ﺗُﻌﺪّ ﻭﻻ ﺗُﺤﺼﻰ.,A golden whirlwind arose at the feet of the Giant Soldiers.{n}It was a group of countless butterflies.,A golden whirlwind arose at the feet of the Giant Soldiers.{n}It was a group of countless butterflies.,A golden whirlwind arose at the feet of the Giant Soldiers.{n}It was a group of countless butterflies.
,"...They attached themselves to the massive shields like gold leaf, sparkling like they were a gold mirror.","...They attached themselves to the massive shields like gold leaf, sparkling like they were a gold mirror. ","...They attached themselves to the massive shields like gold leaf, sparkling like they were a gold mirror.",…それらが金箔のように巨大楯に張り付くと、まるで黄金の鏡のようにぎらぎらと光る。,…それらが金箔のように巨大楯に張り付くと、まるで黄金の鏡のようにぎらぎらと光る。,"...Они опустились на массивные щиты подобно золотым листьям, сверкая, словно являясь золотой бронёй.","...Elas juntaram‐se aos colossais escudos, como folhas douradas, reluzindo como se fossem um espelho de ouro.",…它们如金箔般贴上黄金盾牌，使之宛如黄金镜般闪闪发光。,…它們如金箔般貼上黃金盾牌，使之宛如黃金鏡般閃閃發光。,"... Esse si attaccarono agli scudi giganteschi come lamina dorata, brillando come fossero uno specchio d'oro.","...They attached themselves to the massive shields like gold leaf, sparkling like they were a gold mirror.","... Ellas se adhirieron a los enormes escudos como láminas doradas, brillando como si fueran un espejo de oro.",...ﺃﻟﺼﻘﻮﺍ ﺃﻧﻔﺴﻬﻢ ﺑﺎﻟﺪﺭﻭﻉ ﺍﻟﻀﺨﻤﺔ ﻛﺄﻭﺭﺍﻕ ﺍﻟﺬﻫﺐ، ﻭﺷﻌﻮﺍ ﻛﻤﺎ ﻟﻮ ﻛﺎﻧﻮﺍ ﻣﺮﺁﺓ ﺫﻫﺒﻴﺔ.,"...They attached themselves to the massive shields like gold leaf, sparkling like they were a gold mirror.","...They attached themselves to the massive shields like gold leaf, sparkling like they were a gold mirror.","...They attached themselves to the massive shields like gold leaf, sparkling like they were a gold mirror."
,That was the absolute defensive wall that the King of the Gods gave to the goddess.{n}The Aegis Shield.,It was the absolute defensive wall given to a goddess by the chief of the gods. The Aegis Shield. ," That was the absolute defensive wall given to the chief god by the goddess. The Aegis Shield.",それこそは主神が女神に与えた絶対の防御壁。アイギスの楯。,それこそは主神が女神に与えた絶対の防御壁。{n}アイギスの楯。,"То была абсолютная линия защиты, дарованная главным богом богине.{n}Эгида.",Era a absoluta muralha de defesa que o Rei dos Deus deu à sua deusa.{n}O Escudo Égide.,这正是主神给予女神的绝对防御壁。{n}{c:86EF9C:埃癸斯之盾}。{c:86EF9C:（详见魔导书“神话相关”条目）},這正是主神給予女神的絕對防御壁。{n}{c:86EF9C:埃癸斯之盾}。{c:86EF9C:（詳見魔導書“神話相關”條目）},Si trattava della suprema barriera difensiva che la dea aveva donato al re degli dei. L'Egida.,That was the absolute defensive wall that the King of the Gods gave to the goddess.{n}The Aegis Shield.,Ese fue el muro defensivo absoluto que el Rey de los Dioses dio a la diosa.{n}El escudo de Aegis.,"ﺫﻟﻚ ﻫﻮ ﺟﺪﺍﺭ ﺍﻟﺤﻤﺎﻳﺔ ﺍﻟﻤﻄﻠﻖ ﺍﻟﺬﻱ ﻣﻨﺤﻪ ﺍﻹﻟﻪ ﺍﻷﻋﻈﻢ ﻟﻺﻟﻬﺔ.{n}ﺩﺭﻉ ""ﺃﻳﻐﻴﺲ"".",That was the absolute defensive wall that the King of the Gods gave to the goddess.{n}The Aegis Shield.,That was the absolute defensive wall that the King of the Gods gave to the goddess.{n}The Aegis Shield.,That was the absolute defensive wall that the King of the Gods gave to the goddess.{n}The Aegis Shield.
,"When the holy spear, which left a dignified tail behind it like a comet, crashed into the mountain range of that gold shield, there was a terrible thunderous roar. It was the creaking of the pillars that held up the heavens.","When the holy spear, which left a dignified tail behind it like a comet, crashed into the mountain range of that gold shield, there was a terrible thunderous roar. It was the creaking of the pillars that held up the heavens. "," When the holy spear, which left a dignified tail behind it like a comet, crashed into the mountain range of that gold shield, there was a terrible thunderous roar. It was the creaking of the pillars that held up the heavens.",彗星の如く威厳ある尾を引いた神なる槍がその黄金楯の山脈に激突した時。凄まじい轟音が鳴り響いた。それは天空を支える柱たちが一斉に軋む音。,彗星の如く威厳ある尾を引いた神なる槍がその黄金楯の山脈に激突した時。凄まじい轟音が鳴り響いた。それは天空を支える柱たちが一斉に軋む音。,"Когда святое копьё, оставляя в своём полёте хвост, подобно комете, врезалась в горную гряду золотого щита, раздался громогласный рёв. То был скрип колонн, поддерживающих небесный свод.","Quando a lança sagrada, que deixou para trás uma digna cauda, assim como um cometa, colidiu nos escudos de ouro do tamanho de uma cadeia de montanhas, houve um terrível rugido estrondoso. Era o ranger dos pilares que suportavam os céus.",如彗星般拖着庄严长尾的神枪与黄金盾的山脉激突之时。骇人的轰声响彻寰宇。这是支撑天空的柱子一齐颤动的声音。,如彗星般拖著莊嚴長尾的神槍與黃金盾的山脈激突之時。駭人的轟聲響徹寰宇。這是支撐天空的柱子一齊顫動的聲音。,"Quando la lancia sacra, che aveva lasciato dietro di sé un'elegante coda come una cometa, si schiantò sulla catena montuosa di quegli scudi dorati, ci fu un terribile boato simile ad un tuono. Era lo scricchiolare dei pilastri che sorreggevano i cieli.","When the holy spear, which left a dignified tail behind it like a comet, crashed into the mountain range of that gold shield, there was a terrible thunderous roar. It was the creaking of the pillars that held up the heavens.","Cuando la lanza sagrada, que dejaba tras de sí una digna cola como la de un cometa, se estrelló contra la cordillera de aquellos escudos dorados, hubo un terrible rugido atronador. Era el crujir de los pilares que sostenían los cielos.",ﻭﺣﻴﻦ ﺍﺻﻄﺪﻡ ﺍﻟﺮﻣﺢ ﺍﻹﻟﻬﻲ، ﺍﻟﺬﻱ ﺻﻨﻊ ﺧﻠﻔﻪ ﻣﺴﺎﺭًﺍ ﻛﺎﻟﻤﺬﻧﺐ، ﺑﺴﻠﺴﻠﺔ ﺟﺒﺎﻝ ﺍﻟﺪﺭﻉ ﺍﻟﺬﻫﺒﻲ، ﺩﻭﻯ ﺻﻮﺕ ﺭﻋﺪ ﻗﻮﻱ. ﻛﺄﻥ ﺃﻋﻤﺪﺓ ﺍﻟﺴﻤﺎﺀ ﻧﻔﺴﻬﺎ ﺗﺌﻦّ ﻣﻦ ﺍﻟﻀﻐﻂ.,"When the holy spear, which left a dignified tail behind it like a comet, crashed into the mountain range of that gold shield, there was a terrible thunderous roar. It was the creaking of the pillars that held up the heavens.","When the holy spear, which left a dignified tail behind it like a comet, crashed into the mountain range of that gold shield, there was a terrible thunderous roar. It was the creaking of the pillars that held up the heavens.","When the holy spear, which left a dignified tail behind it like a comet, crashed into the mountain range of that gold shield, there was a terrible thunderous roar. It was the creaking of the pillars that held up the heavens."
,"The Divine Spear spun around and around, sent flying in the direction the sun sets.",The Divine Spear spun around and around...and was sent flying in the direction of the setting sun. ," The Divine Spear spun around and around, and was sent flying in the direction of the sinking sun.",神槍はぐるぐると回りながら日の沈む方角へ弾き飛ばされる。,神槍はぐるぐると回りながら日の沈む方角へ弾き飛ばされる。,"Божественное копьё, вращаясь, отправилось в полёт в направлении солнечного заката.","A Lança Divina girou de um lado para o outro, e foi mandada voando na direção em que o sol descansa.",神枪转着圈，朝日落的方向弹飞了。,神槍轉著圈，朝日落的方向彈飛了。,"La Lancia Divina volteggiò ancora e ancora, e fu lanciata in direzione del sole che tramontava.","The Divine Spear spun around and around, sent flying in the direction the sun sets.","La Lanza Divina giró alrededor varias veces, y fue enviada en dirección al sol poniente.",ﺍﻟﺘﻒ ﻭﺩﺍﺭ ﺍﻟﺮﻣﺢ ﺍﻹﻟﻬﻲ... ﻭﻃﺎﺭ ﻓﻲ ﺍﺗﺠﺎﻩ ﺍﻟﺸﻤﺲ ﺍﻟﻐﺎﺭﺑﺔ.,"The Divine Spear spun around and around, sent flying in the direction the sun sets.","The Divine Spear spun around and around, sent flying in the direction the sun sets.","The Divine Spear spun around and around, sent flying in the direction the sun sets."
Belphegor,"""Impossible... Sh‐she defended against the Divine Spear...!!""","""Impossible... She defended against the Divine Spear...!!"" ","""Impossible...  She defended against the Divine Spear...!!""",「ありえない…。し、神槍を防いだ…！！」,「ありえない…。し、神槍を防いだ…！！」,"""Не может быть... Она защитилась от Божественного копья!""","""Impossível... E‐Ela se defendeu da Lança Divina...!!""",「不可能…。防、防住了神枪…！！」,「不可能…。防、防住了神槍…！！」,"""Impossibile... ha respinto la Lancia Divina...!!""","""Impossible... Sh‐she defended against the Divine Spear...!!""","""Imposible... ¡¡E-Ella se defendió contra la Lanza Divina!!...""","""ﻣﺴﺘﺤﻴﻞ... ﻟﻘﺪ ﺗﺼﺪﺕ ﻟﻠﺮﻣﺢ ﺍﻹﻟﻬﻲ...!!""","""Impossible... Sh‐she defended against the Divine Spear...!!""","""Impossible... Sh‐she defended against the Divine Spear...!!""","""Impossible... Sh‐she defended against the Divine Spear...!!"""
Ronove,"""No, that is not correct. The holy spear avoided the impact. It is the law of the gods that an absolute spear and an absolute shield must not fight each other. Although in the end, it means the same thing as defending against it.""","""No, that is not correct. The divine spear avoided her. It is the law of the gods that an absolute spear and an absolute shield must never fight one another. Although, in the end, it means the same thing as defending against it."" ","""No, that is not correct. She avoided the holy spear. It is the law of the gods that an absolute spear and an absolute shield must not fight each other. Although in the end, it means the same thing as defending against it.""",「いいえ違います。神なる槍がよけたのです。絶対の槍と絶対の楯は争ってはいけないのが神々の掟。それはつまり、防いだのと同じことですがね。」,「いいえ違います。神なる槍がよけたのです。絶対の槍と絶対の楯は争ってはいけないのが神々の掟。それはつまり、防いだのと同じことですがね」,"""Нет, это не совсем так. Она избежала святого копья. По законам богов абсолютное копьё и абсолютный щит не должны испытывать друг друга. Хотя, в конечном итоге, это всё равно что защититься от него.""","""Não, isto não está correto. A lança sagrada desviou do impacto. É a Lei dos deuses que uma absoluta lança e um absoluto escudo não devem lutar um contra o outro. Embora acabe por significar o mesmo que se defender dela.""",「不，错了。是神枪自己避开的。绝对之枪与绝对之盾不可争斗，这是诸神的戒律。不过换言之，这与防住了相同呢。」,「不，錯了。是神槍自己避開的。絕對之槍與絕對之盾不可爭鬥，這是諸神的戒律。不過換言之，這與防住了相同呢。」,"""No, non è esatto. L'ha evitata. È previsto dalla legge degli dei che una lancia perfetta e uno scudo perfetto non debbano scontrarsi. Anche se a conti fatti, la cosa equivale comunque a respingerla.""","""No, that is not correct. The holy spear avoided the impact. It is the law of the gods that an absolute spear and an absolute shield must not fight each other. Although in the end, it means the same thing as defending against it.""","""No, eso no es correcto. La lanza sagrada evitó el impacto. Es la ley de los dioses que una lanza absoluta y un escudo absoluto no deben pelear entre sí. Aunque al final, significa lo mismo que defenderse de ella.""","""ﻛﻼ، ﻫﺬﺍ ﻏﻴﺮ ﺻﺤﻴﺢ. ﺍﻟﺮﻣﺢ ﺍﻹﻟﻬﻲ ﻫﻮ ﻣﻦ ﺗﺠﻨّﺐ ﺍﻻﺻﻄﺪﺍﻡ. ﻓﻔﻲ ﻗﻮﺍﻋﺪ ﺍﻵﻟﻬﺔ، ﻻ ﻳﺠﻮﺯ ﺃﻥ ﻳﺘﺼﺎﺩﻡ ﺍﻟﺮﻣﺢ ﺍﻟﻤﻘﺪﺱ ﻣﻊ ﺍﻟﺪﺭﻉ ﺍﻟﻤﻘﺪﺱ ﺃﺑﺪًﺍ. ﻭﺇﻥ ﻛﺎﻥ ﻫﺬﺍ ﻳﻌﻨﻲ ﺃﻧﻪ ﺻُﺪ ﻓﻲ ﺍﻟﻨﻬﺎﻳﺔ.""","""No, that is not correct. The holy spear avoided the impact. It is the law of the gods that an absolute spear and an absolute shield must not fight each other. Although in the end, it means the same thing as defending against it.""","""No, that is not correct. The holy spear avoided the impact. It is the law of the gods that an absolute spear and an absolute shield must not fight each other. Although in the end, it means the same thing as defending against it.""","""No, that is not correct. The holy spear avoided the impact. It is the law of the gods that an absolute spear and an absolute shield must not fight each other. Although in the end, it means the same thing as defending against it."""
,"""..................Churlish fighting appears to be the only area in which your skills have improved.""",""".........Your skills have improved from engaging in these fights so often."" ","""..................Your skills have improved from engaging in these fights all the time.""",「………………このような荒事ばかり腕をあげましたね。」,「………………このような荒事ばかり腕をあげましたね」,"""..................Твои навыки улучшились от постоянного участия в таких сражениях.""","""..................Uma grosseira luta aparenta ser a única área onde suas habilidades se desenvolveram.""",「………………尽是在此等动粗的方面上长本事呢。」,「………………盡是在此等動粗的方面上長本事呢。」,"""... Le tue abilità sono migliorate a furia di dar battaglia tutto il tempo.""","""..................Churlish fighting appears to be the only area in which your skills have improved.""","""... Tus habilidades han mejorado por participar en estas batallas todo el tiempo.""","""...ﺗﻄﻮﺭﺕ ﻣﻬﺎﺭﺍﺗﻚ ﺑﺴﺒﺐ ﻗﺘﺎﻟﻚ ﻓﻲ ﻣﻌﺎﺭﻙ ﻛﺜﻴﺮﺓ ﻛﻬﺬﻩ.""","""..................Churlish fighting appears to be the only area in which your skills have improved.""","""..................Churlish fighting appears to be the only area in which your skills have improved.""","""..................Churlish fighting appears to be the only area in which your skills have improved."""
{f:5:Beatrice},"""Or rather, it seems that you are still as bad as ever at this kind of game, Master. It's my turn to strike back. I shall follow the code and counter a spear with a spear.""","""Or rather, it seems you're still as bad as ever at this kind of game, Teacher. It's my turn to strike back. I shall follow the code and counter a spear with a spear."" ","""Or rather, it seems that you are still as bad as ever at this kind of game, Teacher. It's my turn to strike back. I shall follow the code and counter a spear with a spear.""",「むしろお師匠様はこういうお遊びが相変わらず苦手なようで。妾からのお返しだ。法典に則り槍には槍でお返ししましょうぞ。」,「むしろお師匠様はこういうお遊びが相変わらず苦手なようで。妾からのお返しだ。法典に則り槍には槍でお返ししましょうぞ」,"""Скорее, это у вас, наставница, плохо получается играть в такие игры. Теперь мой черёд наносить удар. Я последую кодексу и отвечу копьём на копьё.""","""Ou melhor, parece que você continua péssima como sempre nesse tipo de jogo, professora. É minha vez de contra‐atacar. Eu devo seguir o código e contragolpear uma lança com uma lança.""",「倒不如说，师傅大人，您依然不擅长玩这种游戏呢。这是妾身的还礼。遵照法典，就以枪还枪吧。」,「倒不如說，師傅大人，您依然不擅長玩這種遊戲呢。這是妾身的還禮。遵照法典，就以槍還槍吧。」,"""O piuttosto, sembra che tu ancora non sia portata per questo tipo di gioco, Maestra. Tocca a me contrattaccare. Seguirò il codice e risponderò ad una lancia con una lancia.""","""Or rather, it seems that you are still as bad as ever at this kind of game, Master. It's my turn to strike back. I shall follow the code and counter a spear with a spear.""","""O más bien, parece que aún eres tan mala como siempre en esta clase de juego, maestra. Es mi turno de contraatacar. Seguiré el código y responderé a una lanza con una lanza.""","""ﺃﻭ ﻣﻦ ﺍﻟﻤﻤﻜﻦ ﺃﻧﻚ ﻻ ﺯﻟﺖ ﺳﻴﺌﺔ ﻓﻲ ﻫﺬﺍ ﺍﻟﻨﻮﻉ ﻣﻦ ﺍﻟﻠﻌﺐ ﻳﺎ ﻣﻌﻠﻤﺘﻲ. ﺣﺎﻥ ﺩﻭﺭﻱ ﻟﻠﺮﺩ. ﻛﻤﺎ ﺗﻨﺺُّ ﺍﻟﻘﻮﺍﻋﺪ، ﺳﺄﺭﺩ ﺍﻟﺮﻣﺢ ﺑﺮﻣﺢ ﻣﺜﻠﻪ.""","""Or rather, it seems that you are still as bad as ever at this kind of game, Master. It's my turn to strike back. I shall follow the code and counter a spear with a spear.""","""Or rather, it seems that you are still as bad as ever at this kind of game, Master. It's my turn to strike back. I shall follow the code and counter a spear with a spear.""","""Or rather, it seems that you are still as bad as ever at this kind of game, Master. It's my turn to strike back. I shall follow the code and counter a spear with a spear."""
,"The Giant Soldier Battle Line, which had fully blocked the Divine Spear, released their holy gold shields.","The Giant Soldier Battle Line, which had fully blocked the Divine Spear, released its holy gold shields. ","The Giant Soldier Battle Line, which had fully blocked the Divine Spear, released their holy gold shields.",神槍を防ぎきった巨人兵の戦列は、神なる黄金の楯を手放す。,神槍を防ぎきった巨人兵の戦列は、神なる黄金の楯を手放す。,"Боевой строй солдат‐великанов, полностью заблокировавший Божественное копьё, опустили святые золотые щиты.","Os Gigantes Soldados de Linha de Batalha, que haviam cumprido com sua tarefa de bloquear a Lança Divina, se desfizeram de seus dourados escudos sagrados.",抵御住神枪的巨人兵战列放下了神之黄金盾。,抵御住神槍的巨人兵戰列放下了神之黃金盾。,"La Linea di Combattimento dei Soldati Giganti, che aveva bloccato con successo la Lancia Divina, lasciò andare i sacri scudi d'oro.","The Giant Soldier Battle Line, which had fully blocked the Divine Spear, released their holy gold shields.","La Línea de Batalla de los Soldados Gigantes, quienes habían bloqueado completamente la Lanza Divina, soltaron sus sagrados escudos dorados.",ﺃﺧﻔﺾ ﺧﻂ ﺍﻟﺠﻨﻮﺩ ﺍﻟﻌﻈﺎﻡ ﺩﺭﻭﻋﻬﻢ ﺍﻟﺬﻫﺒﻴﺔ ﺑﻌﺪﻣﺎ ﺗﺼﺪﻭﺍ ﻟﻠﺮﻣﺢ ﺍﻹﻟﻬﻲ.,"The Giant Soldier Battle Line, which had fully blocked the Divine Spear, released their holy gold shields.","The Giant Soldier Battle Line, which had fully blocked the Divine Spear, released their holy gold shields.","The Giant Soldier Battle Line, which had fully blocked the Divine Spear, released their holy gold shields."
,"The shields fell to the earth, making the ground shake.","The shields fell to the earth, making the ground shake. "," The shields fell to the earth, making the ground shake.",楯は大地に倒れ、地響きを上げた。,楯は大地に倒れ、地響きを上げた。,"Щиты упали на землю, вызывав землетрясение.","Os escudos caíram na terra, fazendo o chão tremer.",盾倒在大地上，发出了巨响。,盾倒在大地上，發出了巨響。,"Questi caddero al suolo, facendo tremare la terra.","The shields fell to the earth, making the ground shake.","Los escudos cayeron en la tierra, haciendo temblar al terreno.",ﺳﻘﻄﺖ ﺗﻠﻚ ﺍﻟﺪﺭﻭﻉ ﻋﻠﻰ ﺍﻷﺭﺽ، ﻟﺘُﺤﺪﺙ ﺯﻟﺰﺍﻻً ﺗﺤﺖ ﺃﻗﺪﺍﻣﻬﻢ.,"The shields fell to the earth, making the ground shake.","The shields fell to the earth, making the ground shake.","The shields fell to the earth, making the ground shake."
,"And then another gold whirlwind arose, and the seven gold shields changed their form into seven massive spears of lightning lying on the ground.","When they did, another gold whirlwind arose, and the seven gold shields changed their form into seven massive spears of lightning lying on the ground. "," When they did, another gold whirlwind arose, and the seven gold shields changed their form into seven massive spears of lightning lying on the ground.",すると再び黄金の旋風が巻き起こり、７つの黄金の楯を、７つの大地に横たわる巨大な稲妻槍に姿を変える。,すると再び黄金の旋風が巻き起こり、７つの黄金の楯を、７つの大地に横たわる巨大な稲妻槍に姿を変える。,"Как только это произошло, возник ещё один золотой вихрь, и семь золотых щитов превратились в семь массивных золотых копий, лежавших на земле.","E outro redemoinho surgiu, e os sete escudos dourados se transformaram em sete lanças infindas de relâmpagos que descansavam sobre o chão.",接着，再次卷起了黄金旋风，七面黄金盾变成了横卧在大地上的七杆巨大的闪电枪。,接著，再次捲起了黃金旋風，七面黃金盾變成了橫臥在大地上的七杆巨大的閃電槍。,"Dopodiché, si alzò un altro turbine dorato, e i sette scudi d'oro mutarono la loro forma in sette enormi lance fatte di saette che giacevano al suolo.","And then another gold whirlwind arose, and the seven gold shields changed their form into seven massive spears of lightning lying on the ground.","Cuando lo hicieron, otro remolino dorado surgió, los siete escudos dorados cambiaron su forma en siete enormes lanzas de rayo reposando en el suelo.",ﺑﻌﺪﻫﺎ، ﻇﻬﺮﺕ ﺯﻭﺑﻌﺔ ﺫﻫﺒﻴﺔ ﺃﺧﺮﻯ، ﻭﺣﻮّﻟﺖ ﺍﻟﺪﺭﻭﻉ ﺍﻟﺴﺒﻌﺔ ﺇﻟﻰ ﺳﺒﻌﺔ ﺭﻣﺎﺡ ﺑﺮﻕ ﻋﻈﻴﻤﺔ ﺗﺮﻗﺪ ﻋﻠﻰ ﺳﺒﻌﺔ ﺃﺭﺍﺽٍ ﻣﺨﺘﻠﻔﺔ.,"And then another gold whirlwind arose, and the seven gold shields changed their form into seven massive spears of lightning lying on the ground.","And then another gold whirlwind arose, and the seven gold shields changed their form into seven massive spears of lightning lying on the ground.","And then another gold whirlwind arose, and the seven gold shields changed their form into seven massive spears of lightning lying on the ground."
,"In unison, each of the giants lifted a leg high, and firmly stomped on the tips of the handles.","At once, each of the giants lifted one of their legs high...and firmly stomped on the tips of the handles. "," At once, each of the giants lifted one of their legs high, and firmly stomped on the tips of the handles.",巨人たちは一斉に片足を大きく振り上げると、その柄の先端を強く踏みつける。,巨人たちは一斉に片足を大きく振り上げると、その柄の先端を強く踏みつける。,Семь великанов одновременно высоко подняли ногу и твёрдо топнули на кончики рукояток.,"Em uníssono, cada um dos gigantes levantou uma perna e, com firmeza, pisaram na ponta das lanças para levantá‐las.",巨人们一齐单脚高高抬起，重重踩向枪柄的先端。,巨人們一齊單腳高高抬起，重重踩向槍柄的先端。,"Nello stesso momento, tutti quanti i giganti sollevarono in alto una gamba, e calpestarono con forza l'estremità delle impugnature delle lance.","In unison, each of the giants lifted a leg high, and firmly stomped on the tips of the handles.","Al unísono, cada uno de los gigantes levantó una pierna en alto y pisó con firmeza las puntas de las empuñaduras.",ﺭﻓﻊ ﺍﻟﻌﻤﺎﻟﻘﺔ ﺃﻗﺪﺍﻣﻬﻢ ﺩﻓﻌﺔً ﻭﺍﺣﺪﺓ، ﺛﻢ ﺩﺍﺳﻮﺍ ﺑﻘﻮﺓ ﻋﻠﻰ ﻣﻘﺎﺑﺾ ﺗﻠﻚ ﺍﻟﺮﻣﺎﺡ.,"In unison, each of the giants lifted a leg high, and firmly stomped on the tips of the handles.","In unison, each of the giants lifted a leg high, and firmly stomped on the tips of the handles.","In unison, each of the giants lifted a leg high, and firmly stomped on the tips of the handles."
,"As the earth shook with a thunderous sound, the seven lightning spears spun beautifully and flew up above the Giant Soldiers' heads.","As the earth shook with a thunderous sound, the seven lightning spears spun beautifully and flew up above the Giant Soldiers' heads. "," As the earth shook with a thunderous sound, the seven lightning spears spun beautifully and flew up above the Giant Soldiers' heads.",轟音と地響きが鳴り響き、７つの稲妻槍が美しく回転しながら巨人兵たちの頭上に飛び上がった。,轟音と地響きが鳴り響き、７つの稲妻槍が美しく回転しながら巨人兵たちの頭上に飛び上がった。,"Земля громогласно содрогнулась, семь копий‐молний красиво завращались и взлетели над головами солдат‐великанов.","Com a terra estremecida pelo violento som, as sete lanças de relâmpago rodopiaram belamente e voaram acima da cabeça dos Soldados Gigantes.",轰鸣与巨响交相辉映，七杆闪电枪边华美地旋转着，边飞到了巨人兵们的头上。,轟鳴與巨響交相輝映，七杆閃電槍邊華美地旋轉著，邊飛到了巨人兵們的頭上。,"Mentre la terra tremava col suono di cento tuoni, le sette lance di saette volteggiarono magnificamente e volarono alte sulle teste dei Soldati Giganti.","As the earth shook with a thunderous sound, the seven lightning spears spun beautifully and flew up above the Giant Soldiers' heads.","Mientras la tierra se sacudía con un sonido estruendoso, las siete lanzas de rayo giraron magnificentemente y volaron sobre las cabezas de los Solados Gigantes.",ﺗﺮﺩﺩ ﺩﻭﻱّ ﻣﻬﻴﺐ ﻭﺍﻫﺘﺰّﺕ ﺍﻷﺭﺽ، ﻓﺎﺭﺗﻔﻌﺖ ﺍﻟﺮﻣﺎﺡ ﺍﻟﺴﺒﻌﺔ ﻭﻫﻲ ﺗﺪﻭﺭ ﺑﺠﻤﺎﻝ، ﺇﻟﻰ ﺍﻷﻋﻠﻰ ﻓﻮﻕ ﺭﺅﻭﺱ ﺍﻟﺠﻨﻮﺩ.,"As the earth shook with a thunderous sound, the seven lightning spears spun beautifully and flew up above the Giant Soldiers' heads.","As the earth shook with a thunderous sound, the seven lightning spears spun beautifully and flew up above the Giant Soldiers' heads.","As the earth shook with a thunderous sound, the seven lightning spears spun beautifully and flew up above the Giant Soldiers' heads."
,...They covered everywhere in a spray of gold as they began to fall before the giants.,...They scattered into a golden splash and began to fall before the giants. ,"...They scattered into a golden splash and began to fall before the giants.",…それが黄金の飛沫を撒き散らしながら彼らの前に落ちてくる。,…それが黄金の飛沫を撒き散らしながら彼らの前に落ちてくる。,...Затем они разлетелись золотыми брызгами и стали падать перед великанами.,...Elas cobriram tudo com um spray de ouro enquanto caiam à frente dos gigantes.,…然后，它们边挥洒着黄金飞沫，边在巨人面前落下。,…然後，它們邊揮灑著黃金飛沫，邊在巨人面前落下。,... Si dissolsero in spruzzi dorati e presero a cadere dinnanzi ai Giganti.,...They covered everywhere in a spray of gold as they began to fall before the giants.,... Cubrieron todo de un rocío dorado cuando empezaron a caer ante los gigantes.,...ﻏﻄﺖ ﻛﻞ ﻣﻜﺎﻥٍ ﺑﺮﺫﺍﺫٍ ﺫﻫﺒﻲ ﺑﻴﻨﻤﺎ ﺑﺪﺃﺕ ﺗﺴﻘﻂ ﺃﻣﺎﻡ ﺍﻟﻌﻤﺎﻟﻘﺔ.,...They covered everywhere in a spray of gold as they began to fall before the giants.,...They covered everywhere in a spray of gold as they began to fall before the giants.,...They covered everywhere in a spray of gold as they began to fall before the giants.
,"Each of the giants squared off, and with the force of their whole body, they kicked and smashed them into pieces.","Each of the giants squared off, and with the force of their whole body, they kicked and smashed them. "," Each of the giants squared off, and with the force of their whole body, they kicked and smashed them.",身構えた巨人たちは、それを渾身の脚力で蹴り砕く。,身構えた巨人たちは、それを渾身の脚力で蹴り砕く。,"Каждый из великанов, приняв боевую стойку, силой всего своего тела пнули и ударили их.","Cada um dos gigantes se posicionou em posição defensiva, e com a força de todo o corpo, eles pisaram e esmagaram elas em pedaços.",摆好姿势的巨人们，以浑身的力气将其踢碎。,擺好姿勢的巨人們，以渾身的力氣將其踢碎。,"Ciascuno dei Giganti si preparò, e con tutta la forza che avevano in corpo, le colpirono con un calcio e le mandarono in pezzi.","Each of the giants squared off, and with the force of their whole body, they kicked and smashed them into pieces.","Cada uno de los gigantes se alineó, y con la fuerza de todo su cuerpo, las patearon y las hicieron pedazos.",ﺍﺻﻄﻒّ ﺍﻟﻌﻤﺎﻟﻘﺔ ﻓﻲ ﻭﺿﻌﻴﺔ ﺍﻻﺳﺘﻌﺪﺍﺩ، ﺛﻢ ﺭﻛّﺰﻭﺍ ﻗﻮﺗﻬﻢ ﺍﻟﻬﺎﺋﻠﺔ ﻓﻲ ﺃﺭﺟﻠﻬﻢ ﻭﺭﻛﻠﻮﻫﺎ ﻟﺘﺤﻄﻴﻤﻬﺎ.,"Each of the giants squared off, and with the force of their whole body, they kicked and smashed them into pieces.","Each of the giants squared off, and with the force of their whole body, they kicked and smashed them into pieces.","Each of the giants squared off, and with the force of their whole body, they kicked and smashed them into pieces."
,"Those broken pieces numbered exactly 30 each, and became lightning spears of exactly the same size as the original,","The broken pieces numbered exactly 30, and became lightning spears of exactly the same size as the originals... "," The broken pieces numbered exactly 30, and became lightning spears of exactly the same size as the original, ",砕けた破片はそれぞれきっかり３０を数え、原型とまったく同じ大きさの稲妻槍となり、,砕けた破片はそれぞれきっかり３０を数え、原型とまったく同じ大きさの稲妻槍となり、,"Разбитые части в количестве 30 штук, стали копьями‐молниями того же размера, что и оригинал,","Aqueles pedaços totalizavam exatamente trinta partes, e se transformaram lanças do exato tamanho da original,",一杆枪刚好 30 片碎片，它们各自再度变成了与原型同样大小的闪电枪，,一杆槍剛好 30 片碎片，它們各自再度變成了與原型同樣大小的閃電槍，,"I frammenti rimasti erano precisamente trenta, e questi si tramutarono in altrettante lance di saette alte proprio quanto le originali,","Those broken pieces numbered exactly 30 each, and became lightning spears of exactly the same size as the original,","Las piezas rotas sumaban exactamente 30 por cada una, y se convirtieron en lanzas de rayo de exactamente el mismo tamaño que la original,",ﺗﺤﻄّﻤﺖ ﺍﻟﺮﻣﺎﺡ، ﻭﻛﻞ ﻭﺍﺣﺪﺓ ﻣﻨﻬﺎ ﺍﻧﻘﺴﻤﺖ ﺇﻟﻰ ﺛﻼﺛﻴﻦ ﻗﻄﻌﺔ، ﻭﻛﻞ ﻗﻄﻌﺔ ﺗﺤﻮّﻟﺖ ﺇﻟﻰ ﺭﻣﺢ ﺑﺮﻕ ﻣﻄﺎﺑﻖ ﻟﻸﺻﻞ،,"Those broken pieces numbered exactly 30 each, and became lightning spears of exactly the same size as the original,","Those broken pieces numbered exactly 30 each, and became lightning spears of exactly the same size as the original,","Those broken pieces numbered exactly 30 each, and became lightning spears of exactly the same size as the original,"
," which made 210 for all 7 of them; and all of those burst at once, each splitting into 30 thorns, so that there were 6,300.","...Which made 210 for the 7 giants. And all of those burst at once, with each splitting into 30 thorns, for a total of 6,300. ","which made 210 for all 7 of them, and all of those burst at once, and each of those split into 30 thorns, so that there were 6300.",それが７人で２１０本となり、それらは一斉に爆ぜて、さらに各々が３０本の棘に分裂して６３００本となり。,それが７人で２１０本となり、それらは一斉に爆ぜて、さらに各々が３０本の棘に分裂して６３００本となり。,"что составило 210 от всех 7, а затем все они одновременно взорвались, после чего превратились в 30 шипов, и общее их количество составило 6300."," O que fez 210 a partir de 7 delas; e todas elas explodiram de uma só vez. cada uma se dividindo em 30 espinhos, o que dava um total de 6.300.",因为有七人，所以变成了 210 杆，它们再度一齐爆散，又各自分裂成了 30 根尖刺，总共 6300 杆。,因為有七人，所以變成了 210 杆，它們再度一齊爆散，又各自分裂成了 30 根尖刺，總共 6300 杆。,"ammontando così a duecentodieci lance per tutti e sette i Soldati, e tutte queste scoppiarono nello stesso istante, e ognuna si divise in trenta scaglie, arrivando a seimilatrecento."," which made 210 for all 7 of them; and all of those burst at once, each splitting into 30 thorns, so that there were 6,300."," lo que hizo un total de 210 por las 7 de todas ellas; y todas estallaron al mismo tiempo, cada una se dividió en 30 púas, por lo que había 6300.", ﺃﻱ 012 ﻟﻠﻌﻤﺎﻟﻘﺔ ﺍﻟﺴﺒﻌﺔ. ﻭﺟﻤﻴﻌﻬﺎ ﺍﻧﻔﺠﺮﺕ ﺑﻨﻔﺲ ﺍﻟﻠﺤﻈﺔ، ﻭﺍﻧﻘﺴﻢ ﻛﻞ ﻣﻨﻬﻢ ﻟـ03 ﺷﻮﻛﺔ، ﻓﺄﺻﺒﺢ ﺍﻟﻤﺠﻤﻮﻉ 0036 ﺭﻣﺤًﺎ.," which made 210 for all 7 of them; and all of those burst at once, each splitting into 30 thorns, so that there were 6,300."," which made 210 for all 7 of them; and all of those burst at once, each splitting into 30 thorns, so that there were 6,300."," which made 210 for all 7 of them; and all of those burst at once, each splitting into 30 thorns, so that there were 6,300."
,"They became a thundercloud barrage, drawing out a beautiful geometric pattern, and then each of those changed into three bolts of lightning, so that 18,900 thunderbolts shot at the Predecessor {f:5:Beatrice}.","They became a barrage of thunderclouds drawing a beautiful geometric pattern, and then each changed into three bolts of lightning, so that 18,900 thunderbolts shot at the Predecessor {f:5:Beatrice}. "," They became a barrage of thunderclouds drawing a beautiful geometric pattern, and then each of those changed into three bolts of lightning, so that 18,900 thunderbolts shot at Beatrice the Predecessor.",美しい幾何学模様を描いた弾幕の雷雲となり、さらにそれが全て三叉の稲妻に姿を変え１８９００本の雷撃となって先代のベアトリーチェを撃つ。,美しい幾何学模様を描いた弾幕の雷雲となり、さらにそれが全て三叉の稲妻に姿を変え１８９００本の雷撃となって先代のベアトリーチェを撃つ。,"Они образовали шквал грозовых облаков, рисующих красивый геометрический рисунок, после чего каждое из них превратилось в три молнии, и в {f:5:Беатриче}‐предшественницу полетело 18900 молний.","Eles se transformarem em uma barragem, como uma nuvem negra de trovões, desenhando um lindo padrão geométrico, e cada um deles se transformou em três relâmpagos de luz, o que fez com que 18.900 raios fossem disparados contra a {f:5:Beatrice} Antecessora.",它们化为描绘出美丽几何学图形的弹幕雷云，紧接着，又全都变成了三叉闪电，以 18900 道雷击袭向先代贝阿朵莉切。,它們化為描繪出美麗幾何學圖形的彈幕雷雲，緊接著，又全都變成了三叉閃電，以 18900 道雷擊襲向先代貝阿朵莉切。,"Divennero una barriera fatta di nembi che tracciavano uno splendido motivo geometrico, e poi ciascuna delle scaglie si trasformò in tre saette, così che infine diciottomilanovecento fulmini partirono contro Beatrice la Predecessora.","They became a thundercloud barrage, drawing out a beautiful geometric pattern, and then each of those changed into three bolts of lightning, so that 18,900 thunderbolts shot at the Predecessor {f:5:Beatrice}.","Se convirtieron en una lluvia de nubes de tormenta dibujando un hermoso patrón geométrico, y luego cada una de ellas se convirtieron en tres rayos, de manera que 18900 rayos salieron disparados contra la Predecesora {f:5:Beatrice}.",ﺃﺻﺒﺤﻮﺍ ﻭﺍﺑﻼً ﻣﻦ ﺍﻟﺴﺤﺎﺑﺎﺕ ﺍﻟﺮﻋﺎﺩﺓ، ﻭﺭﺳﻤﻮﺍ ﺷﻜﻼً ﺑﺪﻳﻌًﺎ،  ﺛﻢ ﻛﻞ ﻣﻨﻬﻢ ﺃﻃﻠﻖ ﺛﻼﺛﺔ ﺻﻮﺍﻋﻖ، ﺃﻱ ﺃﻥ ﻫﻨﺎﻙ 00981 ﺻﺎﻋﻘﺔ ﺃﻃﻠﻘﺖ ﻋﻠﻰ {f:7:ﺑﻴﺎﺗﺮﻳﺲ} ﺍﻟﺴﺎﺑﻘﺔ.,"They became a thundercloud barrage, drawing out a beautiful geometric pattern, and then each of those changed into three bolts of lightning, so that 18,900 thunderbolts shot at the Predecessor {f:5:Beatrice}.","They became a thundercloud barrage, drawing out a beautiful geometric pattern, and then each of those changed into three bolts of lightning, so that 18,900 thunderbolts shot at the Predecessor {f:5:Beatrice}.","They became a thundercloud barrage, drawing out a beautiful geometric pattern, and then each of those changed into three bolts of lightning, so that 18,900 thunderbolts shot at the Predecessor {f:5:Beatrice}."
Asmodeus,"""It's oveeeeer!! {f:5:Beatrice}‐samaaa!!""","""It's oveeeeer, {f:5:Beatrice}-samaaa!!"" ","""It's oveeeeer!! Beatrice-samaaa!!""",「決ったぁああぁ！！　ベアトリーチェさまぁッ！！」,「決まったぁああぁ！！　ベアトリーチェさまぁッ！！」,"""Это коне‐е‐ец!!! {f:5:Беатриче}‐сама‐а‐а!!!""","""Acabooooooou!! {f:5:Beatrice}‐samaaa!!""",「搞定了————！！贝阿朵莉切夫人——！！」,「搞定了————！！貝阿朵莉切夫人——！！」,"""È finitaaaa!! Beatrice-samaaa!!""","""It's oveeeeer!! {f:5:Beatrice}‐samaaa!!""","""¡¡Se acabóóóóóóóó!! ¡¡{f:5:Beatrice}‐samaaa!!""","""ﺍﻧﺘﻬﻰ ﺍﻷﻣﻤﻤﻤﺮ!! {f:7:ﺑﻴﺎﺗﺮﻳﺲ}-ﺳﺎﻣﺎﺍﺍﺍ!!""","""It's oveeeeer!! {f:5:Beatrice}‐samaaa!!""","""It's oveeeeer!! {f:5:Beatrice}‐samaaa!!""","""It's oveeeeer!! {f:5:Beatrice}‐samaaa!!"""
Ronove,"""I would expect nothing less. ......From Madam.""","""I would expect nothing less... from Madam."" ","""I would expect nothing less. ......From Madam.""",「さすが、やりますね。……マダムは。」,「さすが、やりますね。……マダムは」,"""Я и не ожидал меньшего. ......От Мадам.""","""Eu não esperaria nada menos......da Madame.""",「有一手呢。……不愧是女士。」,「有一手呢。……不愧是女士。」,"""Non mi sarei aspettato nulla di meno. ... Da Madame.""","""I would expect nothing less. ......From Madam.""","""No esperaría nada menos... de madam.""","""ﺃﺣﺴﻨﺖِ، ﻛﻤﺎ ﻫﻮ ﻣﺘﻮﻗّﻊ... ......ﻣﻦ ﺳﻴﺪﺗﻲ.""","""I would expect nothing less. ......From Madam.""","""I would expect nothing less. ......From Madam.""","""I would expect nothing less. ......From Madam."""
,"Certainly, a bundle of almost 20,000 thunderbolts should have reduced the master's body to dust. But there was no impact.","That bundle of almost 20,000 thunderbolts must have reduced the teacher's body to dust. But there had been no resistance. ","Certainly, a bundle of almost 20,000 thunderbolts should have reduced the teacher's body to dust. But there was no impact.",２万にも届きかねない稲妻の束は確かに師匠の体を塵に変えたはずだった。しかし手応えがない。,２万にも届きかねない稲妻の束は確かに師匠の体を塵に変えたはずだった。しかし手応えがない。,"Разумеется, рой почти 20000 молний должен был испепелить тело наставницы. Но удар не встретил сопротивления.","Certamente, lidar com quase 20.000 raios deveria reduzir o corpo de sua professora ao pó. Mas não houve impacto.",几乎达到了两万道的闪电，确实应该已将师傅的身体烧为了灰烬。可是，没有打中的感觉。,幾乎達到了兩萬道的閃電，確實應該已將師傅的身體燒為了灰燼。可是，沒有打中的感覺。,"Ovviamente, una massa di quasi ventimila fulmini avrebbe dovuto ridurre in cenere il corpo della maestra. Ma non ci fu alcun impatto.","Certainly, a bundle of almost 20,000 thunderbolts should have reduced the master's body to dust. But there was no impact.","Ciertamente, un haz de casi 20000 rayos debería haber reducido a polvo el cuerpo de la maestra. Pero no hubo impacto.","ﺑﺎﻟﺘﺄﻛﻴﺪ ﺃﻥ ﺣﺰﻣﺔ ﻣﻦ 000,02 ﺻﺎﻋﻘﺔ ﺗﻘﺮﻳﺒًﺎ ﺳﺘﻤﺤﻲ ﺟﺴﺪ ﺍﻟﻤﻌﻠﻤﺔ ﻭﺗﺠﻌﻠﻪ ﻫﺒﺎﺀ ﻣﻨﺜﻮﺭﺍ. ﻭﻟﻜﻦ ﻟﻢ ﻳﻜﻦ ﻫﻨﺎﻙ ﺷﻌﻮﺭ ﺑﺎﻻﻧﺘﺼﺎﺭ ﺍﻟﺤﻘﻴﻘﻲ.","Certainly, a bundle of almost 20,000 thunderbolts should have reduced the master's body to dust. But there was no impact.","Certainly, a bundle of almost 20,000 thunderbolts should have reduced the master's body to dust. But there was no impact.","Certainly, a bundle of almost 20,000 thunderbolts should have reduced the master's body to dust. But there was no impact."
,{f:5:Beatrice} knew immediately that she had been fooled.,{f:5:Beatrice} knew immediately that she had been fooled. ," Beatrice knew immediately that she had been fooled.",ベアトリーチェは一杯食わされたとすぐに直感する。,ベアトリーチェは一杯食わされたとすぐに直感する。,"{f:5:Беатриче} тут же поняла, что её обдурили.",{f:5:Beatrice} imediatamente soube que havia sido enganada.,贝阿朵莉切马上就凭直觉意识到，自己被摆了一道。,貝阿朵莉切馬上就憑直覺意識到，自己被擺了一道。,Beatrice capì immediatamente di essere stata ingannata.,{f:5:Beatrice} knew immediately that she had been fooled.,{f:5:Beatrice} supo inmediatamente que había sido engañada.,ﻋﻠﻤﺖ {f:7:ﺑﻴﺎﺗﺮﻳﺲ} ﻓﻮﺭﺍ ﺃﻧﻬﺎ ﺧُﺪﻋﺖ.,{f:5:Beatrice} knew immediately that she had been fooled.,{f:5:Beatrice} knew immediately that she had been fooled.,{f:5:Beatrice} knew immediately that she had been fooled.
,"At that moment, from the direction the sun was supposed to set, she felt an impossible ray of sunlight.","At that time, from the direction that the sun had supposedly set, she felt the impossible rays of sunlight. "," At that time, from the direction that the sun had supposedly sunk, she felt the impossible rays of sunlight.",その時、日が沈むはずの方角より、ありえない日の出の光を感じた。,その時、日が沈むはずの方角より、ありえない日の出の光を感じた。,"В тот момент из направления, где должно уже было зайти солнце, она ощутила невозможные лучи света.","Naquele momento, da direção onde o Sol supostamente deveria descansar, ela sentiu um impossível raio e sol.",就在此时，从太阳下山的方向，感到了一股不可能有的日出时的光芒。,就在此時，從太陽下山的方向，感到了一股不可能有的日出時的光芒。,"In quel momento, proprio nella direzione in cui il sole era tramontato, avvertì i raggi del sole che non sarebbero dovuti essere lì.","At that moment, from the direction the sun was supposed to set, she felt an impossible ray of sunlight.","En ese momento, de la dirección de donde el sol supuestamente se había puesto, ella sintió los imposibles rayos de luz solar.",ﻭﻓﻲ ﺫﺍﻙ ﺍﻟﻮﻗﺖ، ﻣﻦ ﺍﻟﺠﻬﺔ ﺍﻟﺘﻲ ﻣﻦ ﺍﻟﻤﻔﺘﺮﺽ ﺃﻥ ﺍﻟﺸﻤﺲ ﻏﺮﺑﺖ ﻓﻴﻬﺎ، ﺷﻌﺮﺕ ﺑﺄﺷﻌﺔ ﺍﻟﺸﻤﺲ ﺍﻟﻤﺴﺘﺤﻴﻞ ﻇﻬﻮﺭﻫﺎ.,"At that moment, from the direction the sun was supposed to set, she felt an impossible ray of sunlight.","At that moment, from the direction the sun was supposed to set, she felt an impossible ray of sunlight.","At that moment, from the direction the sun was supposed to set, she felt an impossible ray of sunlight."
,A brilliant ray of light shone on her profile.,A brilliant ray of light shone on her profile. ," A brilliant ray of light shone on her profile.",眩しき一条の光が彼女の横顔を照らす。,眩しき一条の光が彼女の横顔を照らす。,Сверкающие лучи света осветили её профиль.,Um brilhante raio de luz iluminando seu perfil.,耀眼的一束光照亮了她的侧脸。,耀眼的一束光照亮了她的側臉。,Un brillante fascio di luce illuminò il suo profilo.,A brilliant ray of light shone on her profile.,Un brillante rayo de luz resplandeció en su perfil.,ﺷﻌﺎﻉٌ ﺑﺎﻫﺮ ﺃﺿﺎﺀ ﺟﺎﻧﺐ ﻭﺟﻬﻬﺎ.,A brilliant ray of light shone on her profile.,A brilliant ray of light shone on her profile.,A brilliant ray of light shone on her profile.
,"It was the figure of the master, holding aloft the spear of the gods that had supposedly been repelled a short while ago.{n}...She bore a brilliant radiance like the sun on her back, and made it shine on the incarnation of darkness.","It was the figure of her teacher, holding aloft the Spear of the Gods that had supposedly been repelled a short while ago. ...She bore a sparkle like the sun on her back and made it shine on the incarnation of darkness. "," It was the figure of the teacher, holding aloft the Spear of the Gods that had supposedly been repelled a short while ago....She bore a sparkle like the sun on her back, and made it shine on the incarnation of darkness.",それはさっき弾かれたはずの神の槍を掲げる師匠の姿。…太陽の如き輝きを背負い、暗黒の化身を一条に照らす。,それはさっき弾かれたはずの神の槍を掲げる師匠の姿。{n}…太陽の如き輝きを背負い、暗黒の化身を一条に照らす。,"Это была фигура наставницы, держащей над собой Копьё Богов, которое недавно было вроде как отражено.{n}...За её спиной словно сияло солнце и казалось, что будто освещается сама инкарнация тьмы.","Era a figura de sua professora, segurando como um mastro, a lança dos deuses, que supostamente havia sido repelida momentos antes.{n}...Ela carregava um brilho radiante como o Sol em suas costas, e o fez brilhar na incarnação da escuridão.",那是举着刚才本应弹开了的神枪的师傅的身姿。{n}…背负着如太阳般的光辉，以一束光照亮暗黑的化身。,那是舉著剛才本應彈開了的神槍的師傅的身姿。{n}…背負著如太陽般的光輝，以一束光照亮暗黑的化身。,"Era la figura della maestra, che teneva alta la Lancia degli Dei che solo poco prima si era creduta essere stata respinta. ... Alle sue spalle era uno scintillio simile al sole, e da quel punto esso splendeva sull'incarnazione stessa dell'oscurità.","It was the figure of the master, holding aloft the spear of the gods that had supposedly been repelled a short while ago.{n}...She bore a brilliant radiance like the sun on her back, and made it shine on the incarnation of darkness.","Era la figura de la maestra, sosteniendo en el aire la Lanza de los Dioses que había sido supuestamente repelida hace unos momentos.{n}... Ella cargaba con un brillo intenso como el sol en su espalda, y lo hizo brillar en la encarnación de la oscuridad.",ﻭﻛﺎﻧﺖ ﺗﻠﻚ ﻫﻲ ﻣﻌﻠﻤﺘﻬﺎ، ﺭﺍﻓﻌﺔً ﺍﻟﺮﻣﺢ ﺍﻹﻟﻬﻲ ﺍﻟﺬﻱ ﻛﺎﻥ ﻗﺪ ﺍﺭﺗﺪّ ﻟﻠﺘﻮّ.{n}...ﻣﻀﻴﺌﺔً ﻛﺎﻟﺸﻤﺲ، ﺗﻨﻴﺮ ﺑﺠﺴﺪﻫﺎ ﺍﻟﻤﺸﺮﻕ ﺍﻟﻈﻠﻤﺎﺕ.,"It was the figure of the master, holding aloft the spear of the gods that had supposedly been repelled a short while ago.{n}...She bore a brilliant radiance like the sun on her back, and made it shine on the incarnation of darkness.","It was the figure of the master, holding aloft the spear of the gods that had supposedly been repelled a short while ago.{n}...She bore a brilliant radiance like the sun on her back, and made it shine on the incarnation of darkness.","It was the figure of the master, holding aloft the spear of the gods that had supposedly been repelled a short while ago.{n}...She bore a brilliant radiance like the sun on her back, and made it shine on the incarnation of darkness."
,"...{f:5:Beatrice}, watching from there, was trapped like a mouse in a cage, cornered in a dead‐end formed by the Giant Soldier Battle Line.","...As {f:5:Beatrice} watched, she was trapped like a mouse in a cage, cornered in a dead end formed by the Giant Soldier Battle Line. ","...As Beatrice watched, she was trapped like a mouse in a cage, cornered in a dead-end formed by the Giant Soldier Battle Line.",…そこより見たベアトリーチェは、巨人兵の戦列で出来た縦の袋小路に自らを追い込んだ袋の鼠。,…そこより見たベアトリーチェは、巨人兵の戦列で出来た縦の袋小路に自らを追い込んだ袋の鼠。,"...Наблюдавшая это {f:5:Беатриче} оказалась в ловушке, словно мышь в клетке, загнанная в тупик, образованный боевым строем солдат‐великанов.","...{f:5:Beatrice}, assistindo dali, estava encurralada como um rato na ratoeira, em um beco sem saída formado pelos Soldados Gigantes de Linha de Batalha.",…从此处望去的贝阿朵莉切，就像是把自己逼进了以巨人兵战列构成的纵向死胡同的瓮中之鳖。,…從此處望去的貝阿朵莉切，就像是把自己逼進了以巨人兵戰列構成的縱向死胡同的瓮中之鱉。,"... Mentre Beatrice osservava, era ormai in trappola come un topo in gabbia, messa in un vicolo cieco formato dalla Linea di Battaglia dei Soldati Giganti.","...{f:5:Beatrice}, watching from there, was trapped like a mouse in a cage, cornered in a dead‐end formed by the Giant Soldier Battle Line.","... {f:5:Beatrice}, mirando desde allí, estaba atrapada como un ratón en una jaula, arrinconada en un callejón sin salida formado por la Línea de Batalla de los Soldados Gigantes.",...ﻭﻣﻦ ﺣﻴﺚ ﻛﺎﻧﺖ {f:7:ﺑﻴﺎﺗﺮﻳﺲ} ﺗﻘﻒ، ﻛﺎﻧﺖ ﻛﻔﺄﺭٍ ﻭﻗﻊ ﻓﻲ ﻣﺼﻴﺪﺓ ﺩﺍﺧﻞ ﻃﺮﻳﻖ ﻣﺴﺪﻭﺩ، ﻃﺮﻳﻖ ﻳﺸﻜّﻠﻪ ﺻﻒّ ﺟﻨﻮﺩ ﺍﻟﻌﻤﺎﻟﻘﺔ.,"...{f:5:Beatrice}, watching from there, was trapped like a mouse in a cage, cornered in a dead‐end formed by the Giant Soldier Battle Line.","...{f:5:Beatrice}, watching from there, was trapped like a mouse in a cage, cornered in a dead‐end formed by the Giant Soldier Battle Line.","...{f:5:Beatrice}, watching from there, was trapped like a mouse in a cage, cornered in a dead‐end formed by the Giant Soldier Battle Line."
,"By now, the Predecessor {f:5:Beatrice} had seized a position directly alongside the Giant Soldier Battle Line.","By now, the Predecessor {f:5:Beatrice} had seized a position directly alongside that Line. "," By now, the Predecessor Beatrice had seized a position directly alongside the Giant Soldier Battle Line.",今、先代ベアトリーチェは巨人兵の戦列を真横から捕らえていた。,今、先代ベアトリーチェは巨人兵の戦列を真横から捕らえていた。,Теперь {f:5:Беатриче}‐предшественница заняла положение прямо сбоку боевого строя солдат‐великанов.,"Agora, a {f:5:Beatrice} Antecessora havia assumido diretamente uma posição ao lado dos Gigantes Soldados de Linha de Batalha.",此刻，先代贝阿朵莉切从巨人兵战列的正侧面，捕捉到了她的身影。,此刻，先代貝阿朵莉切從巨人兵戰列的正側面，捕捉到了她的身影。,"A questo punto, Beatrice la Predecessora si era posizionata proprio di fianco alla Linea di Battaglia dei Soldati Giganti.","By now, the Predecessor {f:5:Beatrice} had seized a position directly alongside the Giant Soldier Battle Line.","Para entonces, la Predecesora {f:5:Beatrice} había tomado una posición directamente al lado de la Línea de Batalla de los Soldados Gigantes.",ﺍﺳﺘﺤﻠﺖ {f:7:ﺑﻴﺎﺗﺮﻳﺲ} ﺍﻟﺴﺎﺑﻘﺔ ﻣﻜﺎﻧًﺎ ﺑﺠﺎﻧﺐ ﺧﻂ ﺍﻟﺠﻨﻮﺩ.,"By now, the Predecessor {f:5:Beatrice} had seized a position directly alongside the Giant Soldier Battle Line.","By now, the Predecessor {f:5:Beatrice} had seized a position directly alongside the Giant Soldier Battle Line.","By now, the Predecessor {f:5:Beatrice} had seized a position directly alongside the Giant Soldier Battle Line."
,"""Now we are done playing, {f:5:Beatrice}...!""","""Playtime is over, {f:5:Beatrice}...!"" ","""Now we are done playing, Beatrice...!""",「これでお遊戯の時間はおしまいですよ、ベアトリーチェ…！」,「これでお遊戯の時間はおしまいですよ、ベアトリーチェ…！」,"""Игры закончились, {f:5:Беатриче}!""","""Agora estamos dando fim ao jogo, {f:5:Beatrice}...!""",「玩耍的时间到此结束了哦，贝阿朵莉切…！」,「玩耍的時間到此結束了哦，貝阿朵莉切…！」,"""Il gioco termina qui, Beatrice...!""","""Now we are done playing, {f:5:Beatrice}...!""","""¡El juego se acabó, {f:5:Beatrice}!""","""ﻟﻘﺪ ﺍﻧﺘﻬﻰ ﻭﻗﺖ ﺍﻟﻠﻌﺐ، ﻳﺎ {f:7:ﺑﻴﺎﺗﺮﻳﺲ}...!""","""Now we are done playing, {f:5:Beatrice}...!""","""Now we are done playing, {f:5:Beatrice}...!""","""Now we are done playing, {f:5:Beatrice}...!"""
{f:5:Beatrice},""".........H‐have I...exposed my flaaaaank......?!""","""......Have I... exposed my flaaaaank...?!"" ",""".........Have I, ...exposed my flaaaaank......?!""",「………こ、こンの私が、…側面を許しただとぉおぉッ……？！」,「………こ、こンの妾が、…側面を許しただとぉおぉッ……？！」,""".........Неужели я... раскрылась с фланга?!""",""".........E‐Eu...expus meu flannnnnnco......?!""",「………我、我竟会，…疏忽了侧面————……？！」,「………我、我竟會，…疏忽了側面————……？！」,"""... Ho lasciato... un varco nella mia difesaaaa...?!""",""".........H‐have I...exposed my flaaaaank......?!""","""... ¡¿Yo he... expuesto mi flancoooo?!...""",""".........ﺃﺗﻘﻮﻟﻴﻦ ﺃﻥ ﺩﻓﺎﻋﻲ...ﻗﺪ ﻛﺸﻔﻔﻔﻔﻔﻔﻒ....?!""",""".........H‐have I...exposed my flaaaaank......?!""",""".........H‐have I...exposed my flaaaaank......?!""",""".........H‐have I...exposed my flaaaaank......?!"""
,"Her bold expression hadn't faltered once before now, but now it twisted for the first time.","Her bold expression hadn't faltered even once, but now it twisted for the first time. ","Her bold expression hadn't faltered once before now, but now it twisted for the first time.",終始不敵な表情を崩さなかった彼女が始めて表情を歪ませる。,終始不敵な表情を崩さなかった彼女が初めて表情を歪ませる。,"Смелое выражение лица, ранее даже не дрогнувшее, исказилось впервые за всё время.","Sua ousada expressão não havia vacilado em nenhum momento até então, mas agora havia se distorcido pela primeira vez.",始终是一副目空一切的表情的她，头一次扭曲了表情。,始終是一副目空一切的表情的她，頭一次扭曲了表情。,"La sua espressione boriosa non era stata minimamente scalfita fino ad ora, ma adesso si stava torcendo per la prima volta.","Her bold expression hadn't faltered once before now, but now it twisted for the first time.","Su expresión audaz no había titubeado ni una vez hasta ahora, pero en este momento se retorció por primera vez.",ﻟﻢ ﻳﺘﺰﻋﺰﻉ ﺗﻌﺒﻴﺮﻫﺎ ﺍﻟﺠﺮﻱﺀ ﻣﺮﺓً ﻭﺍﺣﺪﺓً ﺣﺘﻰ ﻫﺬﻩ ﺍﻟﻠﺤﻈﺔ، ﻟﻜﻨﻪ ﺍﻵﻥ ﻗﺪ ﻓﻌﻞ ﻭﻷﻭﻝ ﻣﺮﺓ.,"Her bold expression hadn't faltered once before now, but now it twisted for the first time.","Her bold expression hadn't faltered once before now, but now it twisted for the first time.","Her bold expression hadn't faltered once before now, but now it twisted for the first time."
,"And faster than {f:5:Beatrice} could click her tongue, the Predecessor {f:5:Beatrice} released the holy spear.","And faster than {f:5:Beatrice} could click her tongue, the Predecessor {f:5:Beatrice} released the holy spear. "," And faster than Beatrice could click her tongue, the Predecessor Beatrice released the holy spear.",そしてベアトリーチェが舌打ちするより早く、先代ベアトリーチェは神なる槍を放つ。,そしてベアトリーチェが舌打ちするより早く、先代ベアトリーチェは神なる槍を放つ。,"И быстрее, чем {f:5:Беатриче} успела цокнуть языком, {f:5:Беатриче}‐предшественница метнула святое копьё.","E mais rápido do que {f:5:Beatrice} poderia estalar sua língua, a {f:5:Beatrice} Antecessora liberou a lança sagrada.",然后，在贝阿朵莉切咋舌之前，先代贝阿朵莉切就扔出了神枪。,然後，在貝阿朵莉切咋舌之前，先代貝阿朵莉切就扔出了神槍。,"E prima che Beatrice potesse schioccare la lingua per il disappunto, la Beatrice Predecessora scagliò la lancia divina.","And faster than {f:5:Beatrice} could click her tongue, the Predecessor {f:5:Beatrice} released the holy spear.","Y más rápido de lo que {f:5:Beatrice} podría hacer sonar su lengua, la Predecesora {f:5:Beatrice} liberó la lanza Divina.",ﻭﻗﺒﻞ ﺃﻥ ﺗﺘﻤﻜﻦ {f:7:ﺑﻴﺎﺗﺮﻳﺲ} ﻣﻦ ﺍﻟﻨﻘﺮ ﺑﻠﺴﺎﻧﻬﺎ، ﻛﺎﻧﺖ ﻣﻌﻠﻤﺘﻬﺎ ﻗﺪ ﺃﻃﻠﻘﺖ ﺍﻟﺮﻣﺢ ﺍﻹﻟﻬﻲ ﺑﺎﻟﻔﻌﻞ.,"And faster than {f:5:Beatrice} could click her tongue, the Predecessor {f:5:Beatrice} released the holy spear.","And faster than {f:5:Beatrice} could click her tongue, the Predecessor {f:5:Beatrice} released the holy spear.","And faster than {f:5:Beatrice} could click her tongue, the Predecessor {f:5:Beatrice} released the holy spear."
,"In mid‐air, it sprung up into the air once more, and changed its form once again.","As it leapt through the air, it changed its form once more. "," As it jumped through the air, it changed its form once more.",それは空間で一度跳ねて飛び上がると、再びその姿を変えた。,それは空間で一度跳ねて飛び上がると、再びその姿を変えた。,"Летя в воздухе, оно вновь изменило форму.","No meio do ar, ela surgiu novamente, mudando sua forma mais uma vez.",它在这空间中跃动了一次后，再次变换了模样。,它在這空間中躍動了一次後，再次變換了模樣。,"Mentre si librava in aria, la sua forma cambiò ancora una volta.","In mid‐air, it sprung up into the air once more, and changed its form once again.","Mientras la lanza se elevaba en el aire, cambió de forma una vez más.",ﻏﻴﺮ ﺍﻟﺮﻣﺢ ﻫﻴﺌﺘﻪ ﻣﺮﺓ ﺃﺧﺮﻯ ﺑﻴﻨﻤﺎ ﻛﺎﻥ ﻳﻨﻄﻠﻖ ﻓﻲ ﺍﻟﻬﻮﺍﺀ.,"In mid‐air, it sprung up into the air once more, and changed its form once again.","In mid‐air, it sprung up into the air once more, and changed its form once again.","In mid‐air, it sprung up into the air once more, and changed its form once again."
,"""Come, arise, Dvergar brothers. Bestow upon me the giant‐smashing Iron Hammer of Heaven!""","""Come, arise, Dvergar brothers. Bestow upon me the giant-smashing Iron Hammer of heaven!"" ","""Come, arise, Dvergar brothers. Bestow upon me the giant-smashing Iron Hammer of heaven!""",「さぁさお出でなさい、ドヴェルグの兄弟たち。我に巨人を砕きし天の鉄槌を与え給え！」,「さぁさお出でなさい、ドヴェルグの兄弟たち。我に巨人を砕きし天の鉄槌を与え給え！」,"""Явитесь, восстаньте, братья Дуэргары. Даруйте мне сокрушающий великанов небесный Железный молот!""","""Vamos, levantem‐se, Irmãos Dvergar. Concedam a mim o gigante e esmagador Martelo de Aço dos Céus!""",「来——来，出来吧，矮人兄弟们。给予吾击碎巨人的天之铁锤！」,「來——來，出來吧，矮人兄弟們。給予吾擊碎巨人的天之鐵錘！」,"""Forza, venite a me, fratelli Dvergar. Concedetemi il divino Martello d'Acciaio che può schiacciare persino i giganti!""","""Come, arise, Dvergar brothers. Bestow upon me the giant‐smashing Iron Hammer of Heaven!""","""Vamos, levántense, hermanos Dvergar. ¡Otórguenme el Martillo de Hierro del Cielo!""","""ﺗﻌﺎﻟﻮﺍ، ﻭﺍﻧﻬﻀﻮﺍ، ﺃﻳﻬﺎ ﺍﻹﺧﻮﺓ ﺍﻷﻗﺰﺍﻡ. ﺍﻧﻌﻤﻮﺍ ﻋﻠﻲ ﺑﻤﻄﺮﻗﺔ ﺍﻟﺴﻤﺎﺀ ﺍﻟﺘﻲ ﺗﺴﺤﻖ ﺍﻟﻌﻤﺎﻟﻘﺔ!""","""Come, arise, Dvergar brothers. Bestow upon me the giant‐smashing Iron Hammer of Heaven!""","""Come, arise, Dvergar brothers. Bestow upon me the giant‐smashing Iron Hammer of Heaven!""","""Come, arise, Dvergar brothers. Bestow upon me the giant‐smashing Iron Hammer of Heaven!"""
{f:5:Beatrice},"""Giant Soldiers, protect me!!! What are you doing, you slowpokes!!!""","""Giant soldiers, protect me!!! What are you doing, you blockheads?!!!"" ","""Giant soldiers, protect me!!! What are you doing, you blockheads!!!""",「巨人兵どもッ、妾を守れッ！！！何をしているかノロマどもッ！！！」,「巨人兵どもッ、妾を守れッ！！！　何をしているかノロマどもッ！！！」,"""Солдаты‐великаны, защитите меня!!! Что вы делаете, болваны?!!""","""Soldados Gigantes, protejam‐me!!! O que estão fazendo, seus lerdos!!!""",「巨人兵们，保护妾身！！！在干什么呢，这群慢乌龟！！！」,「巨人兵們，保護妾身！！！在幹什麼呢，這群慢烏龜！！！」,"""Soldati Giganti, proteggetemi!!! Cosa state facendo, razza di idioti!!!""","""Giant Soldiers, protect me!!! What are you doing, you slowpokes!!!""","""¡¡¡Soldados gigantes, protéjanme!!! ¡¡¡¿Qué están haciendo, imbéciles?!!!""","""ﺃﻳﻬﺎ ﺍﻟﺠﻨﻮﺩ ﺍﻟﻌﻤﺎﻟﻘﺔ، ﺍﺣﻤﻮﺍ ﻣﻠﻜﺘﻜﻢ!!! ﻣﺎ ﺑﺎﻟﻜﻢ ﺃﻳﻬﺎ ﺍﻟﻜﺴﺎﻟﻰ؟!""","""Giant Soldiers, protect me!!! What are you doing, you slowpokes!!!""","""Giant Soldiers, protect me!!! What are you doing, you slowpokes!!!""","""Giant Soldiers, protect me!!! What are you doing, you slowpokes!!!"""
,"By now it was no longer a spear, but the whirlwind of a massive hammer that raised a sound like a windstorm as it flew through the air.","By now it was no longer a spear, but the whirlwind of a massive hammer that raised a sound like a windstorm as it flew through the air. ","By now it was no longer a spear, but the whirlwind of a massive hammer that raised a sound like a windstorm as it flew through the air.",それはもはや槍でなく、暴風のような音を立てながら飛んでくる巨大なる鎚の旋風。,それはもはや槍でなく、暴風のような音を立てながら飛んでくる巨大なる鎚の旋風。,"Теперь это уже было не копьё, а вихрь массивного молота, который, пролетая в воздухе, вызвал напоминающий ветровую бурю звук.","Agora não era mais uma lança, mas o redemoinho de um imenso martelo que trouxe consigo o som de uma tempestade enquanto voava pelo céu.",这已不再是枪，而是伴随着如暴风般的呼啸声飞来的，巨大的锤之旋风。,這已不再是槍，而是伴隨著如暴風般的呼嘯聲飛來的，巨大的錘之旋風。,"A questo punto non era più una lancia, ma il turbine causato da un martello enorme che produceva lo stesso frastuono di una tempesta mentre attraversava l'aria.","By now it was no longer a spear, but the whirlwind of a massive hammer that raised a sound like a windstorm as it flew through the air.","Para este momento ya no había una lanza, sino el torbellino de un enorme martillo que mientras volaba por el aire creaba un sonido como el de una tormenta de viento.",ﻟﻜﻦ ﻣﺎ ﻛﺎﻥ ﻗﺎﺩﻣًﺎ ﻟﻢ ﻳﻜﻦ ﺭﻣﺤًﺎ. ﺑﻞ ﺯﻭﺑﻌﺔ ﻣﻄﺮﻗﺔٍ ﺿﺨﻤﺔٍ ﺃﺛﺎﺭﺕ ﺻﻮﺗًﺎ ﻛﻌﺎﺻﻔﺔٍ ﺭﻳﺤﻴﺔٍ ﻭﻫﻲ ﺗﻄﻴﺮ ﻋﺒﺮ ﺍﻟﻬﻮﺍﺀ.,"By now it was no longer a spear, but the whirlwind of a massive hammer that raised a sound like a windstorm as it flew through the air.","By now it was no longer a spear, but the whirlwind of a massive hammer that raised a sound like a windstorm as it flew through the air.","By now it was no longer a spear, but the whirlwind of a massive hammer that raised a sound like a windstorm as it flew through the air."
,It was the legendary hammer that had shaken the King of the Frost Giants.{n}So the Giant Soldiers couldn't escape from that fear.,"It was the legendary hammer that had shaken even the King of the Frost Giants. So, the Giant Soldiers couldn't escape from that fear. "," It was the legendary hammer that had shaken the King of the Frost Giants. So the Giant Soldiers couldn't escape from that fear.",それは霜の巨人の王を震え上がらせた伝説の鎚。ゆえに巨人兵たちはその恐怖から逃れられない。,それは霜の巨人の王を震え上がらせた伝説の鎚。{n}ゆえに巨人兵たちはその恐怖から逃れられない。,"То был легендарный молот, позволивший одолеть Короля Ледяных великанов.{n}Так что солдатам‐великанам было не суждено избежать того страха.","Era um martelo lendário que havia abalado o Rei dos Gigantes da Geada.{n}Por isso, os Soldados Gigantes não poderiam escapar daquele temor.",这是令霜之巨人之王都不禁颤抖的传说之锤。{n}故，巨人兵们无法逃脱这份恐惧。,這是令霜之巨人之王都不禁顫抖的傳說之錘。{n}故，巨人兵們無法逃脫這份恐懼。,Si trattava del leggendario Martello che aveva colpito il Re dei Giganti di Brina. Perciò i Soldati Giganti non potevano fare a meno di esserne atterriti.,It was the legendary hammer that had shaken the King of the Frost Giants.{n}So the Giant Soldiers couldn't escape from that fear.,Era el martillo legendario que había vencido al Rey de los Gigantes de Hielo.{n}Así que los gigantes no podían escapar de ese terror.,ﻣﻄﺮﻗﺔ ﻋﻈﻴﻤﺔ، ﺃﺳﻄﻮﺭﻳﺔ، ﻫﺰّﺕ ﻣﻠﻚ ﻋﻤﺎﻟﻘﺔ ﺍﻟﺠﻠﻴﺪ ﻓﻲ ﻗﺼﺺ ﺍﻟﺰﻣﻦ ﺍﻟﻘﺪﻳﻢ.{n}ﻭﻟﻬﺬﺍ، ﻻ ﻳﺴﺘﻄﻴﻊ ﺍﻟﺠﻨﻮﺩ ﺍﻟﻌﻤﺎﻟﻘﺔ ﻛﺒﺢ ﺍﻟﺨﻮﻑ ﺍﻟﻔﻄﺮﻱ ﻣﻨﻬﺎ.,It was the legendary hammer that had shaken the King of the Frost Giants.{n}So the Giant Soldiers couldn't escape from that fear.,It was the legendary hammer that had shaken the King of the Frost Giants.{n}So the Giant Soldiers couldn't escape from that fear.,It was the legendary hammer that had shaken the King of the Frost Giants.{n}So the Giant Soldiers couldn't escape from that fear.
,"So no matter how much their master ordered them, they couldn't block the path of that hammer.","So, regardless of how strongly their master ordered them, they couldn't get in the path of that hammer. "," So no matter how much their master ordered them, they couldn't block the path of that hammer.",だからいくら主が命じようとも、その鎚の進路を遮ることができない。,だからいくら主が命じようとも、その鎚の進路を遮ることができない。,"И как бы их госпожа не приказывала им, они не могли заблокировать тот молот.","Não importa o quanto sua mestra ordenasse, eles não poderiam bloquear o caminho daquele martelo.",所以，无论主人怎么命令，他们都无法堵住锤的行进路线。,所以，無論主人怎麼命令，他們都無法堵住錘的行進路線。,"Così anche se la loro padrona gli ordinava di farlo, non potevano bloccare la traiettoria di quel martello.","So no matter how much their master ordered them, they couldn't block the path of that hammer.","Por mucho les ordenara su ama, no podían bloquear el camino de ese martillo.",ﺣﺘﻰ ﻭﺇﻥ ﺃﻣﺮﺗﻬﻢ ﻣﻠﻜﺘﻬﻢ، ﻓﻼ ﻳﻤﻜﻨﻬﻢ ﺍﻋﺘﺮﺍﺽ ﻃﺮﻳﻖ ﺗﻠﻚ ﺍﻟﻤﻄﺮﻗﺔ.,"So no matter how much their master ordered them, they couldn't block the path of that hammer.","So no matter how much their master ordered them, they couldn't block the path of that hammer.","So no matter how much their master ordered them, they couldn't block the path of that hammer."
,"""Back rank mate! Rest in peace.""","""Back Rank Mate! Rest in peace."" ","""Back Rank Mate! Sleep in peace.""",「バックランクメイト！　安らかに眠りなさい。」,「バックランクメイト！　安らかに眠りなさい」,"""Мат на последней горизонтали! Покойся с миром.""","""Mate do Corredor! Descanse em paz.""",「{c:86EF9C:{ruby:back rank mate:底线杀}}！{c:86EF9C:（详见魔导书“国际象棋术语”条目）}安宁地睡吧。」,「{c:86EF9C:{ruby:back rank mate:底線殺}}！{c:86EF9C:（詳見魔導書“國際象棋術語”條目）}安寧地睡吧。」,"""Matto del Corridoio! Riposa in pace.""","""Back rank mate! Rest in peace.""","""¡<Back Rank Mate>! Descansa en paz.""","""ﻛﺶ ﻣﺎﺕ ﺍﻟﺨﻨﻖ! ﻓﻠﺘﺮﻗﺪﻱ ﺑﺴﻼﻡ.""","""Back rank mate! Rest in peace.""","""Back rank mate! Rest in peace.""","""Back rank mate! Rest in peace."""
{f:5:Beatrice},"""...Damn iiiiiiiiiiiiiiiit.........!!!""","""...Damn iiiiiiiiiiiiiiiit...!!!"" ","""...Damn iiiiiiiiiiiiiiiit......!!!""",「…ちッくしょおおぉおおおぉ………！！！」,「…ちッくしょおおぉおおおぉ………！！！」,"""...Проклятье‐е‐е‐е‐е!!!""","""...Merdaaaaaaaaaaaaaaaaaaaaaaaa.........!!!""",「…畜生———————………！！！」,「…畜生———————………！！！」,"""... Dannazioneeeeeeeeee...!!!""","""...Damn iiiiiiiiiiiiiiiit.........!!!""","""... ¡¡¡Maldita seaaaaaaaaaaa!!!...""","""...ﺗﺒﺎﺍﺍﺍﺍﺍﺍﺍﺍﺍﺍﺍﺍ.........!!!""","""...Damn iiiiiiiiiiiiiiiit.........!!!""","""...Damn iiiiiiiiiiiiiiiit.........!!!""","""...Damn iiiiiiiiiiiiiiiit.........!!!"""
,"Before the whirlwind of this massive chunk of metal, {f:5:Beatrice} was nothing more than a mere speck.","Before the whirlwind of that massive chunk of metal, {f:5:Beatrice} was nothing more than a mere speck. ","Before the whirlwind of this massive chunk of metal, Beatrice was nothing more than a mere speck.",巨大な鉄塊の旋風の前に、ベアトリーチェなど一粒の豆に過ぎない。,巨大な鉄塊の旋風の前に、ベアトリーチェなど一粒の豆に過ぎない。,"Перед вихрем этого массивного куска металла {f:5:Беатриче} была не более, чем песчинкой.","Perante do redemoinho de pedaços de metais, {f:5:Beatrice} não era nada mais do que uma mera partícula.",在巨大的铁锤旋风之前，贝阿朵莉切只不过是一粒豆子。,在巨大的鐵錘旋風之前，貝阿朵莉切只不過是一粒豆子。,"Dinnanzi al turbinio di quest'enorme massa di metallo, Beatrice non era nulla di più che un granello di sabbia.","Before the whirlwind of this massive chunk of metal, {f:5:Beatrice} was nothing more than a mere speck.","Ante el remolino de ese enorme trozo de metal, {f:5:Beatrice} no era más que una simple partícula.",ﺃﻣﺎﻡ ﻫﺬﺍ ﺍﻹﻋﺼﺎﺭ ﺍﻟﻔﻮﻻﺫﻱ، ﻛﺎﻧﺖ {f:7:ﺑﻴﺎﺗﺮﻳﺲ} ﻛﻤﺜﻞ ﺣﺒﺔ ﻓﺎﺻﻮﻟﻴﺎﺀ.,"Before the whirlwind of this massive chunk of metal, {f:5:Beatrice} was nothing more than a mere speck.","Before the whirlwind of this massive chunk of metal, {f:5:Beatrice} was nothing more than a mere speck.","Before the whirlwind of this massive chunk of metal, {f:5:Beatrice} was nothing more than a mere speck."
,"The instant the whirlwind started to suck {f:5:Beatrice} in, {f:5:Beatrice}'s form turned into a massive War Tower.","The instant the whirlwind started to suck {f:5:Beatrice} in, she appeared to change into a massive War Tower. "," The instant the whirlwind started to suck Beatrice in, Beatrice's form turned into a massive War Tower.",その旋風がベアトリーチェを飲み込もうとした瞬間、ベアトリーチェの姿が巨大な戦塔に変わる。,その旋風がベアトリーチェを飲み込もうとした瞬間、ベアトリーチェの姿が巨大な戦塔に変わる。,"Но как только вихрь стал засасывать {f:5:Беатриче}, её фигура превратилась в массивную боевую башню.","No instante em que o redemoinho começou a sugar {f:5:Beatrice}, sua forma transformou‐se em uma imensa Torre de Guerra.",在旋风即将吞没贝阿朵莉切的一瞬间，她的身姿变成了巨大的战塔。,在旋風即將吞沒貝阿朵莉切的一瞬間，她的身姿變成了巨大的戰塔。,"Nell'istante in cui il turbine prese a risucchiare Beatrice, la figura di quest'ultima si tramutò in una gigantesca Torre d'Assedio.","The instant the whirlwind started to suck {f:5:Beatrice} in, {f:5:Beatrice}'s form turned into a massive War Tower.","En el instante en que el remolino empezó a absorber a {f:5:Beatrice}, su forma cambió a la de una enorme torre de guerra.",ﻟﻜﻦ ﻓﻲ ﺍﻟﻠﺤﻈﺔ ﺍﻟﺘﻲ ﺃﻭﺷﻜﺖ ﻓﻴﻬﺎ ﺍﻟﻌﺎﺻﻔﺔ ﻋﻠﻰ ﺍﺑﺘﻼﻋﻬﺎ، ﺗﺤﻮّﻟﺖ ﻓﺠﺄﺓ ﺇﻟﻰ ﺑﺮﺝ ﺣﺮﺑﻲٍّ ﻫﺎﺋﻞ.,"The instant the whirlwind started to suck {f:5:Beatrice} in, {f:5:Beatrice}'s form turned into a massive War Tower.","The instant the whirlwind started to suck {f:5:Beatrice} in, {f:5:Beatrice}'s form turned into a massive War Tower.","The instant the whirlwind started to suck {f:5:Beatrice} in, {f:5:Beatrice}'s form turned into a massive War Tower."
,"The Iron Hammer smashed the War Tower, scattered tremendous amounts of rubble, but it did not reach she who had escaped behind it.","The Iron Hammer smashed the War Tower, scattering tremendous amounts of rubble, but it did not reach she who had escaped behind it. "," The Iron Hammer smashed the War Tower, scattered tremendous amounts of rubble, but it did not reach she who had escaped behind it.",鉄槌は戦塔を砕き、凄まじい瓦礫を撒き散らすが、その後へと逃れていた彼女には届かなかった。,鉄槌は戦塔を砕き、凄まじい瓦礫を撒き散らすが、その後へと逃れていた彼女には届かなかった。,"Железный молот врезался в боевую башню, выбив из неё огромное множество камней, но не достиг той, что пряталась за ней.","O Martelo de Aço esmagou a Torre de Guerra, espalhando massivos destroços, mas não alcançou {f:5:Beatrice}, que conseguiu escapar se escondendo por trás.",铁锤虽然砸碎了战塔，撒下无数瓦砾，但已无法再伤及逃到后面的她了。,鐵錘雖然砸碎了戰塔，撒下無數瓦礫，但已無法再傷及逃到後面的她了。,"Il Martello d'Acciaio schiacciò la Torre d'Assedio, lanciando nell'aria una quantità tremenda di detriti, eppure non poté raggiungere colei che si era nascosta dietro la Torre.","The Iron Hammer smashed the War Tower, scattered tremendous amounts of rubble, but it did not reach she who had escaped behind it.","El Martillo de Hierro aplastó la Torre de Guerra, dispersando tremendas cantidades de escombros, pero no alcanzó a quien había escapado detrás de la torre.",ﺣﻄﻤﺖ ﻣﻄﺮﻗﺔ ﺍﻟﺤﺪﻳﺪ ﺑﺮﺝ ﺍﻟﺤﺮﺏ، ﻭﺗﻨﺎﺛﺮ ﺍﻟﺤﻄﺎﻡ ﺑﻜﻞ ﻣﻜﺎﻥ، ﻭﻟﻜﻨﻪ ﻟﻢ ﻳﺼﻞ ﻟﻤﻦ ﺍﺧﺘﺒﺊ ﺧﻠﻒ ﺍﻟﺒﺮﺝ.,"The Iron Hammer smashed the War Tower, scattered tremendous amounts of rubble, but it did not reach she who had escaped behind it.","The Iron Hammer smashed the War Tower, scattered tremendous amounts of rubble, but it did not reach she who had escaped behind it.","The Iron Hammer smashed the War Tower, scattered tremendous amounts of rubble, but it did not reach she who had escaped behind it."
,"Furthermore, when the smoke started to settle, the War Tower had sucked in the massive Iron Hammer without crumbling, and blocked the way.","Furthermore, when the smoke started to settle, the War Tower had sucked in the massive Iron Hammer without crumbling, and blocked the way. "," Furthermore, when the smoke started to settle, the War Tower had sucked in the massive Iron Hammer without crumbling, and blocked the way.",しかも噴煙が収まってみると、戦塔は巨大鉄槌を飲み込んだまま崩れず立ちはだかっている。,しかも噴煙が収まってみると、戦塔は巨大鉄槌を飲み込んだまま崩れず立ちはだかっている。,"Более того, когда дым стал рассеиваться, боевая башня, всосавшая массивный Железный молот, выстояла и заблокировала путь.","Além disso, quando a fumaça começou a baixar, a Torre de Guerra havia engolido o gigante Martelo de Aço sem se despedaçar, bloqueando o caminho.",而且，等烟散去了后一看，战塔保持着吞噬巨大铁锤的状态并未倒塌，堵住了前路。,而且，等煙散去了後一看，戰塔保持著吞噬巨大鐵錘的狀態並未倒塌，堵住了前路。,"Inoltre, quando il fumo si fu diradato, la Torre d'Assedio aveva preso contro di sé il gigantesco Martello d'Acciaio senza crollare, bloccandone la traiettoria.","Furthermore, when the smoke started to settle, the War Tower had sucked in the massive Iron Hammer without crumbling, and blocked the way.","Además, cuando el humo comenzó a asentarse, la Torre de Guerra había absorbido al enorme Martillo de Hierro sin derrumbarse, bloqueado su camino.",ﻭﺣﻴﻦ ﺍﻧﻘﺸﻊ ﺍﻟﻐﺒﺎﺭ، ﻛﺎﻥ ﺍﻟﺒﺮﺝ ﻻ ﻳﺰﺍﻝ ﻭﺍﻗﻔًﺎ. ﺑﻞ ﺍﺑﺘﻠﻊ ﺍﻟﻤﻄﺮﻗﺔ ﻓﻲ ﺟﻮﻓﻪ ﻭﻟﻢ ﻳُﻬﺪﻡ.,"Furthermore, when the smoke started to settle, the War Tower had sucked in the massive Iron Hammer without crumbling, and blocked the way.","Furthermore, when the smoke started to settle, the War Tower had sucked in the massive Iron Hammer without crumbling, and blocked the way.","Furthermore, when the smoke started to settle, the War Tower had sucked in the massive Iron Hammer without crumbling, and blocked the way."
,Even the giant‐smashing Iron Hammer couldn't break through the final tower protecting the witch.,Even the giant-smashing Iron Hammer couldn't break through the final tower protecting the witch. ," Even the giant-smashing Iron Hammer couldn't break through the final tower protecting the witch.",巨人を砕く鉄槌でも、魔女を守る最後の塔は打ち砕けなかったのだ。,巨人を砕く鉄槌でも、魔女を守る最後の塔は打ち砕けなかったのだ。,"Даже сокрушающий великанов Железный молот не смог пробиться через последнюю башню, защищающую ведьму.","Nem mesmo o Martelo de Aço gigante, com todo o seu ímpeto, foi capaz de quebrar a torre final que protegia a bruxa.",就连这击碎巨人的铁锤，都没能打碎守护魔女的最后战塔。,就連這擊碎巨人的鐵錘，都沒能打碎守護魔女的最後戰塔。,Persino il Martello d'Acciaio che poteva schiacciare i giganti non era in grado di sfondare l'eccezionale torre che ora proteggeva la strega.,Even the giant‐smashing Iron Hammer couldn't break through the final tower protecting the witch.,Incluso el gigante Martillo de Hierro no pudo romper la torre final que protegía a la bruja.,ﺣﺘﻰ ﺍﻟﻤﻄﺮﻗﺔ ﺍﻟﺘﻲ ﺗﺴﺤﻖ ﺍﻟﻌﻤﺎﻟﻘﺔ ﻟﻢ ﺗﺴﺘﻄﻊ ﺗﺤﻄﻴﻢ ﺑﺮﺝ ﺍﻟﺴﺎﺣﺮﺓ ﺍﻷﺧﻴﺮ.,Even the giant‐smashing Iron Hammer couldn't break through the final tower protecting the witch.,Even the giant‐smashing Iron Hammer couldn't break through the final tower protecting the witch.,Even the giant‐smashing Iron Hammer couldn't break through the final tower protecting the witch.
,"However, this War Tower was in fact the witch's last trump card.{n}It was a War Tower for dodging that could only save her from danger once.","However, this War Tower was actually the witch's last trump card. It was a War Tower for dodging that could only save her from danger once. "," However, this War Tower truly was the witch's last trump card. It was a War Tower for dodging that could only save her from danger once.",しかし、この戦塔は実は魔女の最後の切り札だった。危機をたった一度だけ救ってくれる変わり身の戦塔だったのだ。,しかし、この戦塔は実は魔女の最後の切り札だった。{n}危機をたった一度だけ救ってくれる変わり身の戦塔だったのだ。,"Однако та боевая башня действительно была козырной картой ведьмы.{n}Она была призвана спасти её от опасности, но лишь один раз.","Entretanto, aquela Torre de Guerra era, de fato, a última carta da bruxa.{n}Era uma Torre de Guerra para se esquivar que poderia salvá‐la do perigo apenas uma vez.",不过，这战塔其实是魔女最后的王牌。{n}是只能在千钧一发中救她一次的替身战塔。,不過，這戰塔其實是魔女最後的王牌。{n}是只能在千鈞一髮中救她一次的替身戰塔。,"Ad ogni modo, questa Torre d'Assedio era letteralmente l'ultima carta vincente della strega. Era una Torre d'Assedio dedita alla difesa che avrebbe potuto salvarla dal pericolo solo una volta.","However, this War Tower was in fact the witch's last trump card.{n}It was a War Tower for dodging that could only save her from danger once.","Sin embargo, esta Torre de Guerra verdaderamente era la última carta de triunfo de la bruja.{n}Era una Torre de Guerra para esquivar, que podía salvarle del peligro una sola vez.",ﻟﻜﻦ ﻫﺬﺍ ﺍﻟﺒﺮﺝ ﻟﻢ ﻳﻜﻦ ﺇﻻ ﻭﺭﻗﺘﻬﺎ ﺍﻷﺧﻴﺮﺓ.{n}ﻭﺳﻴﻠﺘﻬﺎ ﻟﻠﻨﺠﺎﺓ ﻣﺮﺓ ﻭﺍﺣﺪﺓ ﻓﻘﻂ.,"However, this War Tower was in fact the witch's last trump card.{n}It was a War Tower for dodging that could only save her from danger once.","However, this War Tower was in fact the witch's last trump card.{n}It was a War Tower for dodging that could only save her from danger once.","However, this War Tower was in fact the witch's last trump card.{n}It was a War Tower for dodging that could only save her from danger once."
,But this tower was impregnable. No weapon could break through it.,But this tower was impregnable. No weapon could break through it. ," But this tower was impregnable. No weapon could break through it.",でも、この塔は鉄壁。如何なる武器でも打ち砕けない。,でも、この塔は鉄壁。如何なる武器でも打ち砕けない。,Эта башня была непробиваемая. Её не могло пробить никакое орудие.,Mas aquela Torre de Guerra era inexpugnável. Nenhuma arma era capaz de quebrá‐la.,但是，此塔铜墙铁壁。任何武器都无法将之击碎。,但是，此塔銅牆鐵壁。任何武器都無法將之擊碎。,Ma questa torre era inespugnabile. Nessun arma avrebbe potuto sfondarla.,But this tower was impregnable. No weapon could break through it.,Pero esta torre era impenetrable. Ningún arma podía atravesarla.,ﻭﻟﻜﻨﻪ ﻛﺎﻥ ﺑﺮﺟًﺎ ﺣﺼﻴﻨًﺎ. ﻻ ﻳﻤﻜﻦ ﻷﻱ ﺳﻼﺡ ﺗﺤﻄﻴﻤﻪ.,But this tower was impregnable. No weapon could break through it.,But this tower was impregnable. No weapon could break through it.,But this tower was impregnable. No weapon could break through it.
,"Just then, the moon disappeared. As {f:5:Beatrice} hid in the shadows of the Giant Soldier Battle Line and the War Tower, she looked up at the sky.","At that time, the moon disappeared. As {f:5:Beatrice} hid in the shadows of the Giant Soldier Battle Line and the War Tower, she looked up at the sky. "," At that time, the moon disappeared. As Beatrice hid in the shadows of the Giant Soldier Battle Line and the War Tower, she looked up at the sky.",その時、月が消えた。ベアトリーチェは、巨人兵たちの戦列と戦塔の影に潜みながら、空を見上げる。,その時、月が消えた。ベアトリーチェは、巨人兵たちの戦列と戦塔の影に潜みながら、空を見上げる。,В это время луна исчезла. Спрятавшаяся в тени боевого строя солдат‐великанов и боевой башни {f:5:Беатриче} взглянула на небо.,"Naquele instante, a Lua desapareceu. {f:5:Beatrice} escondeu‐se nas sombra dos Soldados Gigantes de Linha de Batalha e da Torre de Guerra, e olhou para o céu.",此时，月亮消失了。贝阿朵莉切躲在巨人兵战列与战塔的影子中，抬头望向天空。,此時，月亮消失了。貝阿朵莉切躲在巨人兵戰列與戰塔的影子中，抬頭望向天空。,"In quel momento, la luna scomparve. Nascosta tra le ombre della Linea di Battaglia dei Soldati Giganti e della Torre d'Assedio, Beatrice alzò gli occhi al cielo.","Just then, the moon disappeared. As {f:5:Beatrice} hid in the shadows of the Giant Soldier Battle Line and the War Tower, she looked up at the sky.","En ese momento, la luna desapareció. Mientras {f:5:Beatrice} se escondía en las sombras de la Línea de Batalla de los Soldados Gigantes y de la Torre de Guerra, miró al cielo.",ﻓﻲ ﺗﻠﻚ ﺍﻟﻠﺤﻈﺔ، ﺍﺧﺘﻔﻰ ﺍﻟﻘﻤﺮ. ﺗﺤﺖ ﻇﻞ ﻫﺬﺍ ﺍﻟﺒﺮﺝ ﻭﺟﻨﻮﺩ ﺍﻟﻌﻤﺎﻟﻘﺔ، ﺭﻓﻌﺖ {f:7:ﺑﻴﺎﺗﺮﻳﺲ} ﺑﺼﺮﻫﺎ ﺇﻟﻰ ﺍﻟﺴﻤﺎﺀ.,"Just then, the moon disappeared. As {f:5:Beatrice} hid in the shadows of the Giant Soldier Battle Line and the War Tower, she looked up at the sky.","Just then, the moon disappeared. As {f:5:Beatrice} hid in the shadows of the Giant Soldier Battle Line and the War Tower, she looked up at the sky.","Just then, the moon disappeared. As {f:5:Beatrice} hid in the shadows of the Giant Soldier Battle Line and the War Tower, she looked up at the sky."
,"When she did, inside the moon was the figure of a massive horse ridden by the god of war and death.","When she did, inside the moon was the figure of a massive horse ridden by the god of war and death. "," When she did, inside the moon was the figure of a massive horse ridden by the god of war and death.",すると月の中に、巨大な馬とそれにまたがる戦と死の神の姿が。,すると月の中に、巨大な馬とそれにまたがる戦と死の神の姿が。,"Там, в луне, она увидела фигуру громадного коня, на котором ехал бог войны и смерти.","Ao fazer isto, dentro da Lua havia a figura de um imenso cavalo galopado pelo deus da guerra e da morte.",在月亮正中看到了，骑在巨大马匹上的，战与死之神的身影。,在月亮正中看到了，騎在巨大馬匹上的，戰與死之神的身影。,"Quando lo fece, nell'immagine della luna era la figura di un enorme cavallo cavalcato dal dio della guerra e della morte.","When she did, inside the moon was the figure of a massive horse ridden by the god of war and death.","Cuando lo hizo, dentro de la luna estaba la figura de un enorme caballo siendo montado por el dios de la guerra y la muerte.",ﻭﻓﻲ ﻣﺮﻛﺰ ﺍﻟﻘﻤﺮ، ﺗﺮﺍﺀﻯ ﻟﻬﺎ ﺣﺼﺎﻥٌ ﻫﺎﺋﻞ، ﻭﻋﻠﻴﻪ ﻓﺎﺭﺱٌ ﻳﺠﺴّﺪ ﺍﻟﺤﺮﺏ ﻭﺍﻟﻤﻮﺕ.,"When she did, inside the moon was the figure of a massive horse ridden by the god of war and death.","When she did, inside the moon was the figure of a massive horse ridden by the god of war and death.","When she did, inside the moon was the figure of a massive horse ridden by the god of war and death."
,The Predecessor {f:5:Beatrice} rode the horse with him.,The Predecessor {f:5:Beatrice} rode the horse with him. ," The Predecessor Beatrice rode the horse with him.",彼と共に馬上にある先代ベアトリーチェの姿が。,彼と共に馬上にある先代ベアトリーチェの姿が。,Вместе с ним на коне ехала {f:5:Беатриче}‐предшественница.,A {f:5:Beatrice} Antecessora montou no cavalo junto com ele.,与他同在马上的是先代贝阿朵莉切。,與他同在馬上的是先代貝阿朵莉切。,Beatrice la Predecessora cavalcava quello stesso cavallo assieme a lui.,The Predecessor {f:5:Beatrice} rode the horse with him.,La Predecesora {f:5:Beatrice} montaba el caballo con él.,ﻭﻣﻊ ﻫﺬﺍ ﺍﻟﻔﺎﺭﺱ، ﻛﺎﻧﺖ ﺍﻟﻤﻌﻠﻤﺔ {f:7:ﺑﻴﺎﺗﺮﻳﺲ} ﺍﻟﺴﺎﺑﻘﺔ ﺗﻤﺘﻄﻲ ﺻﻬﻮﺓ ﺟﻮﺍﺩﻩ.,The Predecessor {f:5:Beatrice} rode the horse with him.,The Predecessor {f:5:Beatrice} rode the horse with him.,The Predecessor {f:5:Beatrice} rode the horse with him.
,His cloak had blocked the moon and swallowed it in an eerie shadow.{n}And the spear of the gods was in his hand once more...,His cloak had blocked the moon and swallowed it in an eerie shadow. And the Spear of the Gods was in his hand once more... ," His cloak had blocked the moon and swallowed it in an eerie shadow. And the Spear of the Gods was in his hand once more...",彼のマントは月を遮り不気味な影で月を食んでいた。そしてその手には再び神の槍が…。,彼のマントは月を遮り不気味な影で月を食んでいた。{n}そしてその手には再び神の槍が…。,Его плащ закрыл луну и поглотил её жуткой тенью.{n}И вновь в его руке оказалось Копьё Богов...,Seu manto bloqueou a Lua e a engoliu com uma misteriosa sombra.{n}A lança dos deuses estava mais uma vez em suas mãos...,他的披风遮蔽了月亮，以阴森的影子吃掉了月亮。{n}然后，从他的手中，再度出现了神之枪…。,他的披風遮蔽了月亮，以陰森的影子吃掉了月亮。{n}然後，從他的手中，再度出現了神之槍…。,Il mantello di lui aveva coperto la luna e l'aveva ingoiata in un'ombra surreale. E la Lancia degli Dei era nuovamente in mano sua...,His cloak had blocked the moon and swallowed it in an eerie shadow.{n}And the spear of the gods was in his hand once more...,Su capa había bloqueado a la luna y se la había tragado en una sombra misteriosa.{n}Y la Lanza de los Dioses estaba en su mano una vez más...,ﺣﺠﺐ ﺭﺩﺍﺅﻩ ﺍﻟﻘﻤﺮ، ﻭﺍﺑﺘﻠﻊ ﻧﻮﺭﻩ ﻓﻲ ﻇﻠﻤﺔ ﻣﺮﻋﺒﺔ.{n}ﻭﻇﻬﺮ ﺭﻣﺢ ﺍﻵﻟﻬﺔ ﻓﻲ ﻳﺪﻩ ﻣﺮﺓ ﺃﺧﺮﻯ...,His cloak had blocked the moon and swallowed it in an eerie shadow.{n}And the spear of the gods was in his hand once more...,His cloak had blocked the moon and swallowed it in an eerie shadow.{n}And the spear of the gods was in his hand once more...,His cloak had blocked the moon and swallowed it in an eerie shadow.{n}And the spear of the gods was in his hand once more...
,"It was, in other words, a godly knight who had jumped over the ramparts formed by the Giant Soldiers and the War Tower, attacking from the heavens.","In other words, it was a godly knight who had jumped over the ramparts formed by the Giant Soldiers and the War Tower, attacking from the heavens. "," In other words, it was a godly knight who had jumped over the ramparts formed by the Giant Soldiers and the War Tower, attacking from the heavens.",それはつまり、巨人兵の城壁と戦塔を飛び越えて、天空より襲い来る神の騎兵。,それはつまり、巨人兵の城壁と戦塔を飛び越えて、天空より襲い来る神の騎兵。,"Другими словами, это был небесный рыцарь, перепрыгнувший образованный солдатами‐великанами и боевой башней оплот, нападая с небес.","Era, em outras palavras, o divino cavaleiro que pulou sobre as muralhas formadas pelos Soldados Gigantes e a Torre de Guerra, atacando pelos céus.",换言之，他就是飞越巨人兵城墙与战塔的，从天空袭来的神之骑兵。,換言之，他就是飛越巨人兵城牆與戰塔的，從天空襲來的神之騎兵。,"In altre parole, si trattava di un cavaliere divino che era saltato oltre i bastioni formati dai Soldati Giganti e la Torre d'Assedio, sferrando il suo attacco dai cieli.","It was, in other words, a godly knight who had jumped over the ramparts formed by the Giant Soldiers and the War Tower, attacking from the heavens.","En otras palabras, era un caballero divino que había saltado sobre las murallas formadas por los Soldados Gigantes y la Torre de Guerra, atacando desde los cielos.",ﺑﻤﻌﻨﻰ ﺁﺧﺮ، ﻫﺠﻮﻡٌ ﺳﻤﺎﻭﻱ ﻳﺘﺨﻄﻰ ﺟﺪﺍﺭ ﺍﻟﻌﻤﺎﻟﻘﺔ ﻭﺑﺮﺝ ﺍﻟﺪﻓﺎﻉ ﺍﻷﺧﻴﺮ.,"It was, in other words, a godly knight who had jumped over the ramparts formed by the Giant Soldiers and the War Tower, attacking from the heavens.","It was, in other words, a godly knight who had jumped over the ramparts formed by the Giant Soldiers and the War Tower, attacking from the heavens.","It was, in other words, a godly knight who had jumped over the ramparts formed by the Giant Soldiers and the War Tower, attacking from the heavens."
{f:5:Beatrice},"""......*cackle*... You got meee...""","""...*cackle*... You got meee..."" ","""......*cackle*... You got meee...""",「……くっくっく…。ぃやられたァァ…。」,「……くっくっく…。ぃやられたァァ…」,"""......*хи‐хи*... Вы поймали меня‐а...""","""......*gargalhada*... Você me pegouuu...""",「……呵呵呵…。糟糕…」,「……呵呵呵…。糟糕…」,"""... *cackle*... Me l'hai fattaaa...""","""......*cackle*... You got meee...""","""... *carcajada*... Me atrapasteeeee...""","""......*ﻗﻬﻘﻬﺔ*... ﻓﺰﺕ ﻋﻠﻲ...""","""......*cackle*... You got meee...""","""......*cackle*... You got meee...""","""......*cackle*... You got meee..."""
,"""Smothered mate. It was fun, {f:5:Beatrice}!""","""Smothered Mate. It was fun, {f:5:Beatrice}!"" ","""Smothered Mate. It was fun, Beatrice!""",「スマザードメイト。楽しかったですよ、ベアトリーチェ！」,「スマザードメイト。楽しかったですよ、ベアトリーチェ！」,"""Спёртый мат. С тобой было интересно, {f:5:Беатриче}!""","""Mate de Philidor. Foi divertido, {f:5:Beatrice}!""",「{c:86EF9C:{ruby:smothered mate:闷杀}}。{c:86EF9C:（详见魔导书“国际象棋术语”条目）}玩得很开心哦，贝阿朵莉切！」,「{c:86EF9C:{ruby:smothered mate:悶殺}}。{c:86EF9C:（詳見魔導書“國際象棋術語”條目）}玩得很開心哦，貝阿朵莉切！」,"""Matto Affogato. È stato divertente, Beatrice!""","""Smothered mate. It was fun, {f:5:Beatrice}!""","""<Smothered Mate>. ¡Fue divertido, {f:5:Beatrice}!""","""ﻛﺶ ﻣﺎﺕ ﺍﻟﺨﻨﻖ. ﻛﺎﻥ ﻗﺘﺎﻻً ﻣﻤﺘﻌًﺎ ﻳﺎ {f:7:ﺑﻴﺎﺗﺮﻳﺲ}!""","""Smothered mate. It was fun, {f:5:Beatrice}!""","""Smothered mate. It was fun, {f:5:Beatrice}!""","""Smothered mate. It was fun, {f:5:Beatrice}!"""
{f:5:Beatrice},"""Uuuoooooo{0}o{0}o{0}o{0}o{0}o{0}o{0}o{0}o{0}o{0}o{0}o{0}o{0}o{0}o{0}o{0}o{0}o{0}o{0}o{0}o{0}o{0}o{0}o{0}o{0}o{0}o{0}o{0}o{0}o{0}o{0}o{0}o{0}o{0}o{0}o{0}o{0}o{0}o{0}o{0}o{0}o{0}o{0}o{0}o{0}o{0}o{0}o{0}o{0}o{0}o{0}o{0}o{0}o{0}o{0}o{0}o{0}o{0}oooo!!!""","""Uuuooooooooooooooooooooooooooooooooooooooooooooooooooooooooooooooooooo!!!"" ","""Uuuooooooooooooooooooooooooooooooooooooooooooooooooooooooooooooooooooo!!!""",「うッをおおおおおおぉおおおおおおおおおおおおおおおおおおおおおおおおおおおおおおおおおおおぉおおおぉッ！！！」,「うッをおおおおおおぉおおおおおおおおおおおおおおおおおおおおおおおおおおおおおおおおおおおぉおおおぉッ！！！！」,"""У‐уо‐о‐о‐о‐о‐о‐о‐о‐о‐о‐о‐о‐о‐о‐о‐о‐о‐о‐о‐о‐о‐о‐о‐о‐о‐о‐о‐о‐о‐о‐о‐о‐о‐о‐о‐о‐о‐о!!!""","""Uuuoooooo{0}o{0}o{0}o{0}o{0}o{0}o{0}o{0}o{0}o{0}o{0}o{0}o{0}o{0}o{0}o{0}o{0}o{0}o{0}o{0}o{0}o{0}o{0}o{0}o{0}o{0}o{0}o{0}o{0}o{0}o{0}o{0}o{0}o{0}o{0}o{0}o{0}o{0}o{0}o{0}o{0}o{0}o{0}o{0}o{0}o{0}o{0}o{0}o{0}o{0}o{0}o{0}o{0}o{0}o{0}o{0}o{0}o{0}oooo!!!""",「呜、喔哦哦哦哦哦哦哦哦哦哦哦哦哦哦哦哦哦哦哦哦哦哦哦哦哦哦哦哦哦哦哦哦哦哦哦哦哦哦哦哦哦哦哦哦哦哦哦哦！！！！」,「嗚、喔哦哦哦哦哦哦哦哦哦哦哦哦哦哦哦哦哦哦哦哦哦哦哦哦哦哦哦哦哦哦哦哦哦哦哦哦哦哦哦哦哦哦哦哦哦哦哦哦！！！！」,"""Uuuooooooooooooooooooooooooooooooooooooooooooooooooooooooooooooooooooo!!!""","""Uuuoooooo{0}o{0}o{0}o{0}o{0}o{0}o{0}o{0}o{0}o{0}o{0}o{0}o{0}o{0}o{0}o{0}o{0}o{0}o{0}o{0}o{0}o{0}o{0}o{0}o{0}o{0}o{0}o{0}o{0}o{0}o{0}o{0}o{0}o{0}o{0}o{0}o{0}o{0}o{0}o{0}o{0}o{0}o{0}o{0}o{0}o{0}o{0}o{0}o{0}o{0}o{0}o{0}o{0}o{0}o{0}o{0}o{0}o{0}oooo!!!""","""¡¡¡Uuuooooooooooooooooooooooooooooooooooooooooooooooooooooooooo!!!""","""ﺃﻭﻭﻭ{0}ﻭ{0}ﻭ{0}ﻭ{0}ﻭ{0}ﻭ{0}ﻭ{0}ﻭ{0}ﻭ{0}ﻭ{0}ﻭ{0}ﻭ{0}ﻭ{0}ﻭ{0}ﻭ{0}ﻭ{0}ﻭ{0}ﻭ{0}ﻭ{0}ﻭ{0}ﻭ{0}ﻭ{0}ﻭ{0}ﻭ{0}ﻭ{0}ﻭ{0}ﻭ{0}ﻭ{0}ﻭ{0}ﻭ{0}ﻭ{0}ﻭ{0}ﻭ{0}ﻭ{0}ﻭ{0}ﻭ{0}ﻭ{0}ﻭ{0}ﻭ{0}ﻭ{0}ﻭ{0}ﻭ{0}ﻭ{0}ﻭ{0}ﻭ{0}ﻭ{0}ﻭ{0}ﻭ{0}ﻭ{0}ﻭ{0}ﻭ{0}ﻭ{0}ﻭ{0}ﻭ{0}ﻭ{0}ﻭ{0}ﻭ{0}ﻭ{0}ﻭ{0}ﻭ{0}ﻭ{0}ﻭ{0}ﻭ{0}ﻭ{0}ﻭ!!!""","""Uuuoooooo{0}o{0}o{0}o{0}o{0}o{0}o{0}o{0}o{0}o{0}o{0}o{0}o{0}o{0}o{0}o{0}o{0}o{0}o{0}o{0}o{0}o{0}o{0}o{0}o{0}o{0}o{0}o{0}o{0}o{0}o{0}o{0}o{0}o{0}o{0}o{0}o{0}o{0}o{0}o{0}o{0}o{0}o{0}o{0}o{0}o{0}o{0}o{0}o{0}o{0}o{0}o{0}o{0}o{0}o{0}o{0}o{0}o{0}oooo!!!""","""Uuuoooooo{0}o{0}o{0}o{0}o{0}o{0}o{0}o{0}o{0}o{0}o{0}o{0}o{0}o{0}o{0}o{0}o{0}o{0}o{0}o{0}o{0}o{0}o{0}o{0}o{0}o{0}o{0}o{0}o{0}o{0}o{0}o{0}o{0}o{0}o{0}o{0}o{0}o{0}o{0}o{0}o{0}o{0}o{0}o{0}o{0}o{0}o{0}o{0}o{0}o{0}o{0}o{0}o{0}o{0}o{0}o{0}o{0}o{0}oooo!!!""","""Uuuoooooo{0}o{0}o{0}o{0}o{0}o{0}o{0}o{0}o{0}o{0}o{0}o{0}o{0}o{0}o{0}o{0}o{0}o{0}o{0}o{0}o{0}o{0}o{0}o{0}o{0}o{0}o{0}o{0}o{0}o{0}o{0}o{0}o{0}o{0}o{0}o{0}o{0}o{0}o{0}o{0}o{0}o{0}o{0}o{0}o{0}o{0}o{0}o{0}o{0}o{0}o{0}o{0}o{0}o{0}o{0}o{0}o{0}o{0}oooo!!!"""
,The struggle to the death between the two witches with the same name...was resolved.,The struggle to the death between the two witches with the same name...was over. ,"The struggle to the death between the two witches with the same name, was resolved.",同じ名を名乗った魔女たちの死闘に、決着がつく。,同じ名を名乗った魔女たちの死闘に、決着がつく。,"Битва не на жизнь, а на смерть между двумя тёзками ведьмами достигла исхода.",A luta até a morte entre duas bruxas que compartilhavam do mesmo nome...chegou ao seu fim.,两位同名魔女的死斗，分出了胜负。,兩位同名魔女的死鬥，分出了勝負。,"La lotta mortale tra le due streghe dallo stesso nome, si era conclusa.",The struggle to the death between the two witches with the same name...was resolved.,La lucha a muerte entre las dos brujas del mismo nombre... fue decidida.,ﻭﻫﻜﺬﺍ، ﺍﻧﺘﻬﺖ ﺍﻟﻤﻌﺮﻛﺔ ﺍﻟﻄﺎﺣﻨﺔ ﺑﻴﻦ ﺍﻟﺴﺎﺣﺮﺗﻴﻦ ﺍﻟﻠﺘﺎﻥ ﺣﻤﻠﺘﺎ ﻧﻔﺲ ﺍﻻﺳﻢ.,The struggle to the death between the two witches with the same name...was resolved.,The struggle to the death between the two witches with the same name...was resolved.,The struggle to the death between the two witches with the same name...was resolved.
,The spear that had been launched from the heavens pierced the ground.,The spear that had been launched from the heavens pierced the ground. ," The spear that had been launched from the heavens pierced the ground.",天空より放たれた槍が大地を貫く。,天空より放たれた槍が大地を貫く。,Брошенная с небес копьё пронзило землю.,A lança que fora lançada dos céus perfurou o chão.,从天空扔下的枪，贯穿大地。,從天空扔下的槍，貫穿大地。,La lancia che era stata lanciata dal cielo perforò il suolo.,The spear that had been launched from the heavens pierced the ground.,La lanza que había sido arrojada desde los cielos penetró el suelo.,ﺍﻧﻄﻠﻖ ﺍﻟﺮﻣﺢ ﺍﻵﺗﻲ ﻣﻦ ﺍﻟﺴﻤﺎﺀ ﻭﺧﺮﻕ ﺍﻷﺭﺽ.,The spear that had been launched from the heavens pierced the ground.,The spear that had been launched from the heavens pierced the ground.,The spear that had been launched from the heavens pierced the ground.
,"The Giant Soldier Battle Line and the War Tower split up into countless gold butterflies, shrouding the area in a golden storm.","The Giant Soldier Battle Line and the War Tower split up into countless gold butterflies, wrapping the area in a gold-colored storm. "," The Giant Soldier Battle Line and the War Tower split up into countless gold butterflies, wrapping the area in a gold-colored storm.",巨人兵の戦列と戦塔が無数の黄金蝶に分解され、辺りを金色の嵐で包んだ。,巨人兵の戦列と戦塔が無数の黄金蝶に分解され、辺りを金色の嵐で包んだ。,"Боевой строй солдат‐великанов и боевая башня разделились на бесчисленных золотых бабочек, окутавших область золотой бурей.","O Gigante Soldado de Linha de Batalha e a Torre de Guerra se partiram em incontáveis borboletas douradas, envolvendo a área em uma tempestade dourada.",巨人兵战列与战塔被分解为无数黄金蝶，将四周以金色的暴风雨包围了起来。,巨人兵戰列與戰塔被分解為無數黃金蝶，將四周以金色的暴風雨包圍了起來。,"La Linea di Battaglia dei Soldati Giganti e la Torre d'Assedio esplosero in un numero infinito di farfalle, avvolgendo tutta l'area in una tempesta dorata.","The Giant Soldier Battle Line and the War Tower split up into countless gold butterflies, shrouding the area in a golden storm.","La Línea de Batalla de los Soldados Gigantes y la Torre de Guerra se dividieron en incontables mariposas doradas, envolviendo el área en una tormenta de color dorado.",ﺗﺤﻠﻞ ﺧﻂ ﻣﻌﺮﻛﺔ ﺍﻟﺠﻨﻮﺩ ﺍﻟﻌﻤﺎﻟﻘﺔ ﻭﺍﻟﺒﺮﺝ ﺍﻟﺤﺮﺑﻲ ﺇﻟﻰ ﻓﺮﺍﺷﺎﺕٍ ﺫﻫﺒﻴﺔٍ ﻻ ﺗُﺤﺼﻰ، ﻣﻐﻄﻴﺔً ﺍﻟﻤﻨﻄﻘﺔ ﺑﻌﺎﺻﻔﺔٍ ﺫﻫﺒﻴﺔ.,"The Giant Soldier Battle Line and the War Tower split up into countless gold butterflies, shrouding the area in a golden storm.","The Giant Soldier Battle Line and the War Tower split up into countless gold butterflies, shrouding the area in a golden storm.","The Giant Soldier Battle Line and the War Tower split up into countless gold butterflies, shrouding the area in a golden storm."
,"Then, the sound of thunder. ......And the sound of the falling rain and wind.",Then came the sound of thunder. And the sound of the falling rain and wind. ," Then, the sound of thunder. And the sound of the falling rain and wind.",そして稲妻の音。……そして降りしきる雨と風の音。,そして稲妻の音。……そして降りしきる雨と風の音。,Затем грянул гром. А потом пошёл дождь и задул ветер.,"Então, o ressoar de um trovão. ......E o som da chuva que caia, junto ao vento que soprava.",然后是雷电之声。……随之而来的是连绵不绝的雨声与风声。,然後是雷電之聲。……隨之而來的是連綿不絕的雨聲與風聲。,"Poi, il rombo di un tuono. E il suono della pioggia battente e del vento.","Then, the sound of thunder. ......And the sound of the falling rain and wind.","Luego, se escuchó el sonido de un trueno... junto con el sonido de la lluvia cayendo y del viento.",ﺛﻢ ﺩﻭﻯ ﺻﻮﺕ ﺍﻟﺮﻋﺪ. ......ﻭﺻﻮﺕ ﺍﻟﺮﻳﺎﺡ ﻭﻫﻄﻮﻝ ﺍﻟﻤﻄﺮ.,"Then, the sound of thunder. ......And the sound of the falling rain and wind.","Then, the sound of thunder. ......And the sound of the falling rain and wind.","Then, the sound of thunder. ......And the sound of the falling rain and wind."
,"Suddenly, that place was the empty rose garden once more.{n}...The butler and the rest were watching the two witches confronting each other.","If you looked around, the rose garden was empty. ...The butler and the rest were watching the two witches confronting each other. "," If you looked around, there was nothing in the rose garden....The butler and the rest were watching the two witches confronting each other.",気付けばそこは、何事もない薔薇庭園。…二人の魔女が対峙し、その執事たちが見届けている。,気付けばそこは、何事もない薔薇庭園。{n}…二人の魔女が対峙し、その執事たちが見届けている。,В розарии ничего не осталось.{n}...Дворецкий и остальные наблюдали за поединком двух ведьм.,"De repente, o local mais uma vez era o vazio jardim de rosas.{n}...O mordomo, assim como os outros presentes, estavam assistindo duas bruxas se confrontarem.",回过神来一看，玫瑰庭园没有任何异状。{n}…管家等人看着两位魔女的对峙。,回過神來一看，玫瑰庭園沒有任何異狀。{n}…管家等人看著兩位魔女的對峙。,"A guardarsi intorno, non vi era nulla nel roseto. ... Il maggiordomo e le altre stavano osservando lo scontro tra le due streghe.","Suddenly, that place was the empty rose garden once more.{n}...The butler and the rest were watching the two witches confronting each other.","Si mirabas alrededor, no había nada en el jardín de rosas.{n}... El mayordomo y el resto estuvieron observando a las dos brujas enfrentándose entre sí.",ﻓﺠﺄﺓ، ﻋﺎﺩ ﺫﻟﻚ ﺍﻟﻤﻜﺎﻥ ﺇﻟﻰ ﺣﺪﻳﻘﺔ ﺍﻟﻮﺭﻭﺩ ﺍﻟﻔﺎﺭﻏﺔ ﻣﺮﺓً ﺃﺧﺮﻯ.{n}...ﺷﺎﻫﺪ ﻛﺒﻴﺮ ﺍﻟﺨﺪﻡ ﻭﺍﻟﺒﻘﻴﺔ ﺫﻟﻚ ﺍﻟﻨﺰﺍﻉ ﺑﻴﻦ ﺍﻟﺴﺎﺣﺮﺗﻴﻦ.,"Suddenly, that place was the empty rose garden once more.{n}...The butler and the rest were watching the two witches confronting each other.","Suddenly, that place was the empty rose garden once more.{n}...The butler and the rest were watching the two witches confronting each other.","Suddenly, that place was the empty rose garden once more.{n}...The butler and the rest were watching the two witches confronting each other."
,.........But only {f:5:Beatrice} was different.,......But {f:5:Beatrice} alone had changed. ,".........But only Beatrice was different.",………しかし、ベアトリーチェだけが違った。,………しかし、ベアトリーチェだけが違った。,.........Вот только в {f:5:Беатриче} было заметно отличие.,.........Mas apenas {f:5:Beatrice} estava diferente.,………不过，唯独贝阿朵莉切不同。,………不過，唯獨貝阿朵莉切不同。,... Ma solo Beatrice era diversa da prima.,.........But only {f:5:Beatrice} was different.,... Pero solo {f:5:Beatrice} estaba diferente.,.........ﻭﻟﻜﻦ ﺍﻟﻮﺣﻴﺪﺓ ﺍﻟﺘﻲ ﻛﺎﻧﺖ ﻓﻲ ﺣﺎﻟﺔ ﻣﺨﺘﻠﻔﺔ ﻫﻲ {f:7:ﺑﻴﺎﺗﺮﻳﺲ}.,.........But only {f:5:Beatrice} was different.,.........But only {f:5:Beatrice} was different.,.........But only {f:5:Beatrice} was different.
,"She had been pierced straight through by the spear, from the base of her neck and her right shoulder, to her left buttock, unable to even reach the ground with her feet, ...horribly exposed like a pitiful pinned butterfly, tormented by the wind and rain...","She had been pierced straight through by the spear, from the base of her neck and her right shoulder to her left buttocks, unable to even reach the ground with her feet, ...horribly exposed like a pitiful pinned butterfly, tormented by the wind and rain... "," She had been pierced straight through by the spear, from the base of her neck and her right shoulder, to her left buttocks, unable to even reach the ground with her feet, ...horribly exposed like a pitiful pinned butterfly, tormented by the wind and rain...",彼女は一本の槍に、右肩と首の根元から左の臀部までをまっすぐに貫かれ、地に足を付けることもできぬまま、…虫ピンで止められた憐れな蝶のように、風雨に苛まれて無様を晒されている…。,彼女は一本の槍に、右肩と首の根元から左の臀部までをまっすぐに貫かれ、地に足を付けることもできぬまま、…虫ピンで止められた憐れな蝶のように、風雨に苛まれて無様を晒されている…。,"Она была напрямую пронзена копьём от основания шеи и правого плеча до левой ягодицы, неспособная дотянуться ногой до земли, напоминая жалкую пригвождённую бабочку, мучимую ветром и дождём...","Ela foi perfurada diretamente pela lança, da base de seu pescoço e seu ombro direito, até sua nádega esquerda, incapaz de sequer tocar o chão com seus pés, ...exposta de forma horrível, como uma pobre borboleta presa, atormentada pelo vento e a chuva...",她被一杆枪从右肩与脖根处刺入，从左臀处笔直贯穿而出，连脚都没法着地，…如同被大头针钉住的可怜蝴蝶，边遭受风雨折磨，边展现着丑态…。,她被一杆槍從右肩與脖根處刺入，從左臀處筆直貫穿而出，連腳都沒法著地，…如同被大頭針釘住的可怜蝴蝶，邊遭受風雨折磨，邊展現著醜態…。,"Era stata trapassata da parte a parte dalla lancia, dall'attaccatura del collo e la spalla destra, al gluteo sinistro, incapace persino di toccare il suolo coi piedi... messa in mostra orribilmente come una povera farfalla inchiodata al compensato, tormentata dal vento e dalla pioggia...","She had been pierced straight through by the spear, from the base of her neck and her right shoulder, to her left buttock, unable to even reach the ground with her feet, ...horribly exposed like a pitiful pinned butterfly, tormented by the wind and rain...","Ella había sido atravesada por la lanza, desde la base de su cuello y su hombro derecho, hasta su glúteo izquierdo, incapaz de alcanzar el suelo con sus pies... horriblemente expuesta como una mariposa clavada, atormentada por el viento y la lluvia...",ﻓﻘﺪ ﺍﺧﺘﺮﻕ ﺭﻣﺢٌ ﺟﺴﺪﻫﺎ ﻣﻦ ﺍﻟﻜﺘﻒ ﺍﻷﻳﻤﻦ، ﻣﺮﻭﺭًﺍ ﺑﺮﻗﺒﺘﻬﺎ ﺣﺘﻰ ﺭﺩﻓﻬﺎ ﺍﻷﻳﺴﺮ، ﻭﻟﻢ ﺗﻼﻣﺲ ﺃﻗﺪﺍﻣﻬﺎ ﺍﻷﺭﺽ ﺣﺘﻰ، ...ﺑﻞ ﻛﺎﻧﺖ ﻣﻌﻠﻘﺔً ﻛﺎﻟـﻔﺮﺍﺷﺔ ﺍﻟﺒﺎﺋﺴﺔ ﺍﻟﻤﺜﺒّﺘﺔ ﺑﺪﺑﻮﺱ ﺣﺎﺩ، ﺗُﺠﻠﺪ ﺑﺎﻟﺮﻳﺎﺡ ﻭﺍﻟﻤﻄﺮ...,"She had been pierced straight through by the spear, from the base of her neck and her right shoulder, to her left buttock, unable to even reach the ground with her feet, ...horribly exposed like a pitiful pinned butterfly, tormented by the wind and rain...","She had been pierced straight through by the spear, from the base of her neck and her right shoulder, to her left buttock, unable to even reach the ground with her feet, ...horribly exposed like a pitiful pinned butterfly, tormented by the wind and rain...","She had been pierced straight through by the spear, from the base of her neck and her right shoulder, to her left buttock, unable to even reach the ground with her feet, ...horribly exposed like a pitiful pinned butterfly, tormented by the wind and rain..."
Lucifer,""".........B‐{f:5:Beatrice}‐sama...""","""......B-{f:5:Beatrice}-sama..."" ",""".........B, Beatrice-sama...""",「………ベ、ベアトリーチェさま…。」,「………ベ、ベアトリーチェさま…」,""".........Б‐{f:5:Беатриче}‐сама...""",""".........B‐{f:5:Beatrice}‐sama...""",「………贝、贝阿朵莉切夫人…」,「………貝、貝阿朵莉切夫人…」,"""... B-Beatrice-sama...""",""".........B‐{f:5:Beatrice}‐sama...""","""... B‐{f:5:Beatrice}‐sama...""","""...ﺏ-{f:7:ﺑﻴﺎﺗﺮﻳﺲ}-ﺳﺎﻣﺎ...""",""".........B‐{f:5:Beatrice}‐sama...""",""".........B‐{f:5:Beatrice}‐sama...""",""".........B‐{f:5:Beatrice}‐sama..."""
Ronove,"""..................... Truly...she is a fearsome person.""","""......... As expected, ...a truly fearsome person."" ","""............... As expected, ...a fearsome person.""",「…………………。さすが、…恐ろしいお方です。」,「…………………。さすが、…恐ろしいお方です」,"""...............Что и ожидалось... Какая страшная особа.""","""..................... Realmente...ela é uma pessoa assustadora.""",「…………………。真是位，…可怕的人呢。」,「…………………。真是位，…可怕的人呢。」,"""... Come mi aspettavo... che persona spaventosa.""","""..................... Truly...she is a fearsome person.""","""... Como esperaba... ella es una persona temible.""","""..................... ﻛﻤﺎ ﻫﻮ ﻣﺘﻮﻗّﻊ،...ﻳﺎ ﻟﻬﺎ ﻣﻦ ﺍﻣﺮﺃﺓٍ ﻣﺨﻴﻔﺔ.""","""..................... Truly...she is a fearsome person.""","""..................... Truly...she is a fearsome person.""","""..................... Truly...she is a fearsome person."""
,"""It is decided. {f:5:Beatrice}.""","""That settles it, {f:5:Beatrice}."" ","""It is decided. Beatrice.""",「これで決着です。ベアトリーチェ。」,「これで決着です。ベアトリーチェ」,"""Исход решён. {f:5:Беатриче}.""","""Isto está decidido. {f:5:Beatrice}.""",「胜负已分。贝阿朵莉切。」,「勝負已分。貝阿朵莉切。」,"""È deciso. Beatrice.""","""It is decided. {f:5:Beatrice}.""","""Está decidido, {f:5:Beatrice}.""","""ﻟﻘﺪ ﺍﻧﺘﻬﻰ ﺍﻷﻣﺮ، ﻳﺎ {f:7:ﺑﻴﺎﺗﺮﻳﺲ}.""","""It is decided. {f:5:Beatrice}.""","""It is decided. {f:5:Beatrice}.""","""It is decided. {f:5:Beatrice}."""
{f:5:Beatrice},"""......Ku, ......hihihihi, ......ouch...h...""","""......Ku, ...hihihihi, ...ouch...ch..."" ","""......Ku, ......hihihihi, ......ouch...h...""",「……く、……ひひひひ、……痛ェ…ぇ…。」,「……く、……ひひひひ、……痛ェ…ぇ…」,"""......Кх... хи‐хи‐хи‐хи... ай...""","""......Ku, ......hihihihi, ......aii...h...""",「……咕，……嘻嘻嘻嘻，……好…痛…」,「……咕，……嘻嘻嘻嘻，……好…痛…」,"""... Ku... hihihihi... ahi... i...""","""......Ku, ......hihihihi, ......ouch...h...""","""... Ku... jijijiji... ouch... gah...""","""......ﻛﻮ، ......ﻫﻴﻬﻴﻬﻲ، ...ﻣﺆﻟﻢ... ﺟﺪﺍً...""","""......Ku, ......hihihihi, ......ouch...h...""","""......Ku, ......hihihihi, ......ouch...h...""","""......Ku, ......hihihihi, ......ouch...h..."""
,"{f:5:Beatrice} wore a bitter smile of false courage, but a strand of blood dangled from her mouth, making her look even more pitiful.","{f:5:Beatrice} wore a bitter smile of false courage, but a strand of blood dangled from her mouth, making her look even more pitiful. ","Beatrice wore a bitter smile of false courage, but a strand of blood dangled from her mouth, making her look even more pitiful.",ベアトリーチェは痩せ我慢のように苦笑いを浮かべるが、口元からは血の泡が浮き、その憐れさを引き立たせた。,ベアトリーチェは痩せ我慢のように苦笑いを浮かべるが、口元からは血の泡が浮き、その憐れさを引き立たせた。,"{f:5:Беатриче} натянуто улыбалась горькой улыбкой ложной смелости, но из уголка её рта полилась струйка крови, сделав её вид ещё более жалким.","{f:5:Beatrice} exibia um sorriso amargo de falsa coragem, mas o fio de sangue que vertia pela sua boca a fazia ainda mais digna de pena.",虽然贝阿朵莉切脸上浮现着逞强般的苦笑，但从嘴角冒出的血泡，反而更加衬托出了她的可怜。,雖然貝阿朵莉切臉上浮現著逞強般的苦笑，但從嘴角冒出的血泡，反而更加襯托出了她的可怜。,"Beatrice indossava un sorriso amaro colmo di falso coraggio, ma un rivolo di sangue che le scorreva dalla bocca la faceva apparire ancora più miserabile.","{f:5:Beatrice} wore a bitter smile of false courage, but a strand of blood dangled from her mouth, making her look even more pitiful.","{f:5:Beatrice} llevaba una sonrisa amarga de falsa valentía, pero un hilo de sangre colgaba de su boca, dándole un aspecto aun más lamentable.",ﺍﺑﺘﺴﻤﺖ {f:7:ﺑﻴﺎﺗﺮﻳﺲ} ﺍﺑﺘﺴﺎﻣﺔ ﻣﺸﻮﺑﺔ ﺑﺎﻟﻜﺒﺮﻳﺎﺀ ﻭﺍﻟﻤﻜﺎﺑﺮﺓ، ﻟﻜﻦ ﺗﺼﺎﻋﺪ ﻣﻦ ﻓﻤﻬﺎ ﻓﻘﺎﻋﺎﺕٌ ﻣﻦ ﺍﻟﺪﻡ، ﺯﺍﺩﺕ ﻣﻦ ﻣﻈﻬﺮﻫﺎ ﺍﻟﺒﺎﺋﺲ.,"{f:5:Beatrice} wore a bitter smile of false courage, but a strand of blood dangled from her mouth, making her look even more pitiful.","{f:5:Beatrice} wore a bitter smile of false courage, but a strand of blood dangled from her mouth, making her look even more pitiful.","{f:5:Beatrice} wore a bitter smile of false courage, but a strand of blood dangled from her mouth, making her look even more pitiful."
,"""The title and power of the Endless Witch. You will now return them to me along with the name {f:5:Beatrice}. ...You are too immature to be called the Endless Witch.""","""The title and power of the Endless Witch. You will return them to me now, along with the name {f:5:Beatrice}. ...You are too immature to call yourself an Endless Witch."" ","""The title and power of the Endless Witch. Will you now return that to me as well as the name Beatrice. ...You are too immature to be called the Endless Witch.""",「無限の魔女の称号と力。そしてベアトリーチェの名を、今こそ返してもらいましょう。…無限の魔女を語るには、お前は未熟が過ぎます。」,「無限の魔女の称号と力。そしてベアトリーチェの名を、今こそ返してもらいましょう。…無限の魔女を語るには、お前は未熟が過ぎます」,"""Титул и могущество Ведьмы Бесконечности. Теперь ты вернёшь мне их, включая имя {f:5:Беатриче}. ...Ты слишком незрела, чтобы называться Ведьмой Бесконечности .""","""O título e o poder da Bruxa do Infinito. Você vai agora retornar eles a mim junto ao nome {f:5:Beatrice}. ...Você é imatura demais para ser chamada de Bruxa do Infinito.""",「无限的魔女的称号与力量。还有贝阿朵莉切之名，就在此刻由我收回。…要谈无限的魔女，你还过于不成熟。」,「無限的魔女的稱號與力量。還有貝阿朵莉切之名，就在此刻由我收回。…要談無限的魔女，你還過於不成熟。」,"""Il titolo e il potere della Strega dell'Infinito. Adesso me li restituirai assieme al nome di Beatrice. ... Sei troppo immatura per farti chiamare Strega dell'Infinito.""","""The title and power of the Endless Witch. You will now return them to me along with the name {f:5:Beatrice}. ...You are too immature to be called the Endless Witch.""","""El título y el poder de la Bruja Interminable. Ahora me los devolverás junto con el nombre {f:5:Beatrice}... Eres demasiado inmadura para ser llamada Bruja Interminable.""","""ﻟﻘﺐ ﻭﻗﻮﺓ ﺍﻟﺴﺎﺣﺮﺓ ﺍﻷﺯﻟﻴﺔ. ﺳﻴﻌﻮﺩﺍﻥ ﺇﻟﻲ، ﺑﺎﻹﺿﺎﻓﺔ ﻻﺳﻢ {f:7:ﺑﻴﺎﺗﺮﻳﺲ}. ...ﻻ ﺗﺰﺍﻟﻴﻦ ﻏﻴﺮ ﻧﺎﺿﺠﺔ ﻟﺘﺴﻤﻲ ﻧﻔﺴﻚ ﺳﺎﺣﺮﺓ ﺃﺯﻟﻴﺔ.""","""The title and power of the Endless Witch. You will now return them to me along with the name {f:5:Beatrice}. ...You are too immature to be called the Endless Witch.""","""The title and power of the Endless Witch. You will now return them to me along with the name {f:5:Beatrice}. ...You are too immature to be called the Endless Witch.""","""The title and power of the Endless Witch. You will now return them to me along with the name {f:5:Beatrice}. ...You are too immature to be called the Endless Witch."""
{f:5:Beatrice},"""............Stop... Forgive me, Master... I was just fooling around, okay......?""","""......Stop... Forgive me, Teacher... I was just fooling around, okay...?"" ","""............Stop... Forgive me, Teacher... I was just fooling around, okay......?""",「…………止めてェ…。許しておくれよ、お師匠様ァ…。ちょっとふざけただけじゃねぇかよぉ……。」,「…………止めてェ…。許しておくれよ、お師匠様ァ…。ちょっとふざけただけじゃねぇかよぉ……」,"""............Подождите... Простите меня, наставница... Я просто дурачилась, ладно?..""","""............Pare... Perdoe‐me, professora... Eu só estava me divertindo um pouco, sabe......?""",「…………别这样嘛…。原谅我吧，师傅大人…。我不就只是，稍微调皮了一下嘛……」,「…………別這樣嘛…。原諒我吧，師傅大人…。我不就只是，稍微調皮了一下嘛……」,"""... Basta... perdonami, Maestra... stavo solo scherzando un po', ok...?""","""............Stop... Forgive me, Master... I was just fooling around, okay......?""","""... Detente... Perdóname, maestra... Yo solo estaba divirtiéndome, ¿entiendes?...""","""............ﺗﻮﻗّﻔﻲ... ﺳﺎﻣﺤﻴﻨﻲ ﻳﺎ ﻣﻌﻠﻤﺘﻲ... ﻛﻨﺖ ﺃﻣﺰﺡ ﻓﻘﻂ، ﻣﺎ ﻛﺎﻥ ﻗﺼﺪﻱ ﺃﺫﻳّﺔ ﺃﺣﺪ...""","""............Stop... Forgive me, Master... I was just fooling around, okay......?""","""............Stop... Forgive me, Master... I was just fooling around, okay......?""","""............Stop... Forgive me, Master... I was just fooling around, okay......?"""
,"""I will take my name back from you. I will return you to your original form. Relinquish this power which is beyond you, and live a life suitable for yourself.""","""I will take my name back from you. I shall return you to your original form. Perhaps you should relinquish this power which is beyond you...and live a life suitable for yourself."" ","""I will take my name back from you. You should return to your original form. Perhaps you should relinquish this power which is beyond you, and live a life suitable for yourself.",「あなたから我が名を奪います。元の姿に戻してあげましょう。過ぎたる力を手放し、己に相応しい生を全うするが良いでしょう。,「あなたから我が名を奪います。元の姿に戻してあげましょう。過ぎたる力を手放し、己に相応しい生を全うするが良いでしょう」,"""Я заберу у тебя обратно своё имя. Тебе же следует вернуться в свой изначальный облик. Возможно, тебе следует оставить это могущество, непосильное для тебя, и зажить подходящей тебе жизнью.""","""Eu tomarei meu nome de volta. Retornarei a você a sua forma original. Renuncie este poder que está além de você, e viva uma vida adequada para você.""",「我要从你那里夺回吾之名。让你变回原来的样子。放弃对自己来说过剩的力量，去完成适合自己的人生吧。」,「我要從你那裡奪回吾之名。讓你變回原來的樣子。放棄對自己來說過剩的力量，去完成適合自己的人生吧。」,"""Riprenderò il mio nome. Tu dovresti tornare alla tua forma originaria. {n}Forse dovresti abbandonare questo potere troppo grande per te, e condurre una vita che ti sia adatta.","""I will take my name back from you. I will return you to your original form. Relinquish this power which is beyond you, and live a life suitable for yourself.""","""Te quitaré mi nombre. Regresarás a tu forma original. Quizás debas abandonar este poder que está más allá de ti, y vivir una vida que te sea adecuada.""","""ﺳﺄﺳﺘﺮﺟﻊ ﺍﺳﻤﻲ ﻣﻨﻚ. ﺳﺄﻋﻴﺪﻙ ﺇﻟﻰ ﻫﻴﺌﺘﻚ ﺍﻷﺻﻠﻴﺔ. ﺗﺨﻠَّﻲ ﻋﻦ ﺍﻟﻘﻮﺓ ﺍﻟﺘﻲ ﻓﺎﻗﺖ ﺗﺤﻤُﻠﻚِ ﻭﻋﻴﺸﻲ ﺣﻴﺎﺓً ﺗﻼﺋﻤﻚِ.""","""I will take my name back from you. I will return you to your original form. Relinquish this power which is beyond you, and live a life suitable for yourself.""","""I will take my name back from you. I will return you to your original form. Relinquish this power which is beyond you, and live a life suitable for yourself.""","""I will take my name back from you. I will return you to your original form. Relinquish this power which is beyond you, and live a life suitable for yourself."""
,""".........Come, try to remember. What form did you have?""","""......Come, try to remember. What form did you have?"" ",".........Come, try to remember. What form did you have?""",………さぁさ、思い出して御覧なさい。あなたがどんな姿をしていたのか。」,「………さぁさ、思い出して御覧なさい。あなたがどんな姿をしていたのか」,""".........Ну же, вспомни. Помнишь форму прежнюю свою?""",""".........Vamos, busque recordar. Que forma você possuía?""",「………来——来，想起来吧。你原本是怎样的身姿呀？」,「………來——來，想起來吧。你原本是怎樣的身姿呀？」,"... Su, prova a ricordare. Quale forma avevi?""",""".........Come, try to remember. What form did you have?""","""... Vamos, trata de recordar. ¿Qué forma tenías?""",""".........ﻫﻴَّﺎ ﺣﺎﻭﻟﻲ ﺃﻥ ﺗﺘﺬﻛﺮﻱ، ﻋﻠﻰ ﺃﻱَّ ﻫﻴﺌﺔٍ ﻛﻨﺖِ؟""",""".........Come, try to remember. What form did you have?""",""".........Come, try to remember. What form did you have?""",""".........Come, try to remember. What form did you have?"""
,"The Predecessor {f:5:Beatrice} began to recite the words of power.{n}When she did, small gold butterflies gathered around the skewered {f:5:Beatrice}, and began to swarm about her.","The Predecessor {f:5:Beatrice} began to recite the words of power. When she did, small gold butterflies gathered near the skewered {f:5:Beatrice}...and began to swarm about her. ","The Predecessor Beatrice began to recite the words of power. When she did, small gold butterflies gathered around the skewered Beatrice, and began to swarm about her.",先代ベアトリーチェが力ある言葉を詠い始める。すると串刺しのベアトリーチェの周りに、小さな黄金蝶たちが集まり、そして彼女に群がり始める。,先代ベアトリーチェが力ある言葉を詠い始める。{n}すると串刺しのベアトリーチェの周りに、小さな黄金蝶たちが集まり、そして彼女に群がり始める。,"{f:5:Беатриче}‐предшественница начала произносить наделённые силой слова.{n}Когда она это сделала, вокруг пронзённой {f:5:Беатриче} стали собираться золотые бабочки, принявшиеся виться вокруг неё.","A {f:5:Beatrice} Antecessora começou a recitar as palavras do poder.{n}Quando ela o fez, pequenas borboletas douradas se reuniram em volta da empalada {f:5:Beatrice}, como um enxame a sua volta.",先代贝阿朵莉切以有力的话语咏唱了起来。{n}然后，被钉着的贝阿朵莉切的四周，聚集起了许多小小的黄金蝶，飞到了她身上。,先代貝阿朵莉切以有力的話語咏唱了起來。{n}然後，被釘著的貝阿朵莉切的四周，聚集起了許多小小的黃金蝶，飛到了她身上。,"Beatrice la Predecessora iniziò a recitare potenti parole. Mentre parlava, piccolo farfalle dorate si raccolsero intorno alla Beatrice infilzata, e presero a svolazzarle attorno.","The Predecessor {f:5:Beatrice} began to recite the words of power.{n}When she did, small gold butterflies gathered around the skewered {f:5:Beatrice}, and began to swarm about her.","La Predecesora {f:5:Beatrice} comenzó a recitar las palabras de poder.{n}Cuando lo hizo, pequeñas mariposas doradas se reunieron alrededor de la empalada {f:5:Beatrice}, y comenzaron a pulular sobre ella.",ﺑﺪﺃﺕ {f:7:ﺑﻴﺎﺗﺮﻳﺲ} ﺍﻟﺴﺎﺑﻘﺔ ﺗﻨﺸﺪ ﻛﻠﻤﺎﺕٍ ﻗﻮﻳﺔ ﺫﺍﺕ ﻭﻗﻊ ﺳﺤﺮﻱ.{n}ﻇﻬﺮﺕ ﺣﻴﻨﻬﺎ ﻓﺮﺍﺷﺎﺕ ﺫﻫﺒﻴﺔ ﺻﻐﻴﺮﺓ ﺣﻮﻝ {f:7:ﺑﻴﺎﺗﺮﻳﺲ} ﺍﻟﻤﺸﻮﻫﺔ... ﻭﺗﺠﻤﻌﺖ ﺣﻮﻟﻬﺎ.,"The Predecessor {f:5:Beatrice} began to recite the words of power.{n}When she did, small gold butterflies gathered around the skewered {f:5:Beatrice}, and began to swarm about her.","The Predecessor {f:5:Beatrice} began to recite the words of power.{n}When she did, small gold butterflies gathered around the skewered {f:5:Beatrice}, and began to swarm about her.","The Predecessor {f:5:Beatrice} began to recite the words of power.{n}When she did, small gold butterflies gathered around the skewered {f:5:Beatrice}, and began to swarm about her."
,Like butterflies sucking the nectar out of flowers...{n}...they began to suck the magical power out of {f:5:Beatrice}.,Like butterflies sucking the nectar out of flowers... ...They began to suck the magical power out of {f:5:Beatrice}. ," Like butterflies sucking the nectar out of flowers......They began to suck the magical power out of Beatrice.",蝶たちは花の蜜を舐め取るように。…ベアトリーチェの魔力を舐め取り始める。,蝶たちは花の蜜を舐め取るように。{n}…ベアトリーチェの魔力を舐め取り始める。,"Так же, как бабочки сосут нектар из цветков...{n}...Они принялись высасывать волшебную силу из {f:5:Беатриче}.",Como borboletas sugando o néctar das flores...{n}...elas começaram a sugar o poder mágico de {f:5:Beatrice}.,蝴蝶们就像采花蜜一样。{n}…吸取起了贝阿朵莉切的魔力。,蝴蝶們就像采花蜜一樣。{n}…吸取起了貝阿朵莉切的魔力。,Come farfalle che succhiano il nettare dai fiori... queste presero a succhiare il potere magico da Beatrice.,Like butterflies sucking the nectar out of flowers...{n}...they began to suck the magical power out of {f:5:Beatrice}.,Como mariposas consumiendo el néctar de las flores...{n}... Empezaron a consumir el poder mágico de {f:5:Beatrice}.,ﺑﺪﺃﺕ ﺍﻟﻔﺮﺍﺷﺎﺕ ﺑﺎﻣﺘﺼﺎﺹ ﺍﻟﻘﻮﺓ ﺍﻟﺴﺤﺮﻳﺔ ﻣﻦ {f:7:ﺑﻴﺎﺗﺮﻳﺲ}...{n}ﻛﻤﺎ ﻟﻮ ﺃﻧﻬﻢ ﻳﻤﺘﺼﻮﻥ ﺭﺣﻴﻖ ﺍﻟﻮﺭﻭﺩ.,Like butterflies sucking the nectar out of flowers...{n}...they began to suck the magical power out of {f:5:Beatrice}.,Like butterflies sucking the nectar out of flowers...{n}...they began to suck the magical power out of {f:5:Beatrice}.,Like butterflies sucking the nectar out of flowers...{n}...they began to suck the magical power out of {f:5:Beatrice}.
,And it seemed that it caused her intense pain.{n}A cry of agony escaped from {f:5:Beatrice}'s mouth.,And it seemed to cause her intense pain. A cry of anguish issued from {f:5:Beatrice}'s mouth. ," And it seemed that it caused her intense pain. A cry of pain issued from Beatrice's mouth.",そしてそれは、彼女に辛い苦痛を与えているようだった。ベアトリーチェの口から苦痛の声が漏れる。,そしてそれは、彼女に辛い苦痛を与えているようだった。{n}ベアトリーチェの口から苦痛の声が漏れる。,"Это, по всей видимости, причиняло ей огромную боль.{n}Её рот исторг крик боли.",E parece que isso causou uma dor intensa.{n}Um choro de agonia escapou da boca {f:5:Beatrice}.,而且，看起来这给她带来了难熬的痛苦。{n}从贝阿朵莉切的口中漏出了痛苦之声。,而且，看起來這給她帶來了難熬的痛苦。{n}從貝阿朵莉切的口中漏出了痛苦之聲。,E sembrava che ciò le infliggesse una grande sofferenza. Dalla bocca di Beatrice fuoriuscì un urlo di dolore.,And it seemed that it caused her intense pain.{n}A cry of agony escaped from {f:5:Beatrice}'s mouth.,Y parecía que eso le causaba un intenso dolor.{n}Un grito de dolor salió de la boca de {f:5:Beatrice}.,ﻭﻣﺎ ﺇﻥ ﺑﺪﺃﺕ ﺗﻔﻌﻞ، ﺣﺘﻰ ﻇﻬﺮ ﻋﻠﻰ ﻭﺟﻬﻬﺎ ﻋﻼﻣﺎﺕ ﺍﻷﻟﻢ ﺍﻟﻌﻤﻴﻖ.{n}ﺗﺄﻭﻫﺖ {f:7:ﺑﻴﺎﺗﺮﻳﺲ} ﺑﺼﻮﺕٍ ﻳﻔﻴﺾ ﺃﻟﻤﺎً،,And it seemed that it caused her intense pain.{n}A cry of agony escaped from {f:5:Beatrice}'s mouth.,And it seemed that it caused her intense pain.{n}A cry of agony escaped from {f:5:Beatrice}'s mouth.,And it seemed that it caused her intense pain.{n}A cry of agony escaped from {f:5:Beatrice}'s mouth.
,She no longer had any power to resist it...,She no longer had any power to resist it... ," She no longer had any power to resist it...",彼女にはそれに抵抗する力はもはやない…。,彼女にはそれに抵抗する力はもはやない…。,У неё больше не было сил сопротивляться...,Ela já não possuía mais poder para resistir...,她已经没有用来抵抗此的力量了…。,她已經沒有用來抵抗此的力量了…。,Non le restava più nemmeno un briciolo di forza per resistere...,She no longer had any power to resist it...,Ella ya no tenía ningún poder para resistirse...,ﻭﻟﻢ ﻳﻌﺪ ﻟﺪﻳﻬﺎ ﺃﻱ ﻗﻮﺓ ﻟﺘﻘﺎﻭﻡ...,She no longer had any power to resist it...,She no longer had any power to resist it...,She no longer had any power to resist it...
,"""Come, try closing your eyes. Try to remember. What form did you have?""","""Come, try closing your eyes. Try to remember. What form did you have?"" ","""Come, try closing your eyes. Try to remember. What form did you have?",「さぁさ、目を閉じて御覧なさい。思い出して御覧なさい。あなたがどんな姿をしていたのか。,「さぁさ、目を閉じて御覧なさい。思い出して御覧なさい。あなたがどんな姿をしていたのか」,"""Закрой свои глаза. Попробуй вспомнить. Какой же формы прежде ты была?""","""Vamos, experimente fechar seus olhos. Busque recordar. Que forma você possuía?""",「来——来，闭上眼睛。想起来吧。你原本是怎样的身姿呀？」,「來——來，閉上眼睛。想起來吧。你原本是怎樣的身姿呀？」,"""Avanti, prova a chiudere gli occhi. E prova a ricordare. Quale forma avevi?","""Come, try closing your eyes. Try to remember. What form did you have?""","""Vamos, cierra los ojos. E intenta recordar. ¿Qué forma tenías?""","""ﻫﻴﺎ، ﺃﻏﻠﻘﻲ ﻋﻴﻨﻴﻚِ. ﺣﺎﻭﻟﻲ ﺃﻥ ﺗﺘﺬﻛﺮﻱ. ﻋﻠﻰ ﺃﻱَّ ﻫﻴﺌﺔٍ ﻛﻨﺖِ؟""","""Come, try closing your eyes. Try to remember. What form did you have?""","""Come, try closing your eyes. Try to remember. What form did you have?""","""Come, try closing your eyes. Try to remember. What form did you have?"""
,""".........Come, {f:5:Beatrice}? Repeat it with me. Let us chant together. Then it will be over in no time. Let us end your pain as fast as possible.""","""......Come, {f:5:Beatrice}. Repeat it with me. Let us sing a song together. Then it will be over soon. Let us end your pain as fast as possible."" ",".........Come, Beatrice? Repeat it with me. Let us sing a song together. Then it will be over soon. Let us end your pain as fast as possible.""",………さぁ、ベアトリーチェ？　あなたも私と一緒に復唱なさい。一緒にお唄を歌いましょう。そうすればすぐに終わりますよ。あなたの苦痛が、少しでも早く終わります。」,「………さぁ、ベアトリーチェ？　あなたも私と一緒に復唱なさい。一緒にお唄を歌いましょう。そうすればすぐに終わりますよ。あなたの苦痛が、少しでも早く終わります」,""".........Ну же, {f:5:Беатриче}? Повторяй за мной. Давай споём вместе. Тогда скоро всё закончится. Давай как можно скорее прервём твою боль.""",""".........Vamos, {f:5:Beatrice}? Repita junto a mim. Vamos recitar juntas. Assim acabará em pouco tempo. Vamos acabar com a sua dor o mais rápido possível.""",「………来，贝阿朵莉切。你也跟着我一起唱。一起来唱歌吧。这么做了，就会马上结束哦。你的痛苦，会尽快地了结哦。」,「………來，貝阿朵莉切。你也跟著我一起唱。一起來唱歌吧。這麼做了，就會馬上結束哦。你的痛苦，會盡快地了結哦。」,"... Su, Beatrice? Ripeti con me. Cantiamo una canzone assieme. Poi finirà tutto in fretta. Poniamo fine alla tua agonia il prima possibile.""",""".........Come, {f:5:Beatrice}? Repeat it with me. Let us chant together. Then it will be over in no time. Let us end your pain as fast as possible.""","""... Vamos, ¿{f:5:Beatrice}? Repite conmigo. Cantemos juntas. Entonces acabará pronto. Terminemos con tu dolor lo antes posible.""",""".........ﻫﻴَّﺎ ﻳﺎ {f:7:ﺑﻴﺎﺗﺮﻳﺲ}. ﻓﻠﻨُﺮﺗَّﻞ ﺳﻮﻳًﺎ.  ﻓﻠﻨُﻨﺸﺪ ﺳﻮﻳًﺎ. ﻛﻞ ﺷﻲٍ ﺳﻴﻨﺘﻬﻲ ﻋﻤّﺎ ﻗﺮﻳﺐ ﺇﺫﺍ ﻓﻌﻠﻨﺎ ﻫﺬﺍ. ﻓﻠﻨﻨﻬﻲ ﺃﻟﻤﻚِ ﺑﺄﺳﺮﻉ ﻣﺎ ﻳﻤﻜﻦ.""",""".........Come, {f:5:Beatrice}? Repeat it with me. Let us chant together. Then it will be over in no time. Let us end your pain as fast as possible.""",""".........Come, {f:5:Beatrice}? Repeat it with me. Let us chant together. Then it will be over in no time. Let us end your pain as fast as possible.""",""".........Come, {f:5:Beatrice}? Repeat it with me. Let us chant together. Then it will be over in no time. Let us end your pain as fast as possible."""
{f:5:Beatrice},"""...Kuhihihi, ......ha, ...haha... ......You're right... How long has it been.........since I chanted with you, Master......""","""...Kuhihihi, ...ha, ...haha... ...You're right... How long has it been... ...since I've sung with you, Teacher...?"" ","""...Kuhihihi, ......ha, ...haha.........You're right... How long has it been, .........since I have sung a song with you, Teacher......?""",「…くひひひ、……は、…はは…。……そうだなぁ…。お師匠様と一緒にお唄を歌うなんて、………どれくらいぶりかなァ……。」,「…くひひひ、……は、…はは…。……そうだなぁ…。お師匠様と一緒にお唄を歌うなんて、………どれくらいぶりかなァ……」,"""...Ку‐хи‐хи‐хи... ха... ха‐ха... Вы правы... Сколько же времени прошло... с тех пор, как я пела эту песню с вами, наставница?""","""...Kuhihihi, ......ha, ...haha... ......Você está certa... Quanto tempo já faz.........desde que eu recitei isso com você, professora......?""",「…咕嘻嘻嘻，……哈、…哈哈…。……是呢…。我该有多久，………没和师傅大人一起唱歌了呢……」,「…咕嘻嘻嘻，……哈、…哈哈…。……是呢…。我該有多久，………沒和師傅大人一起唱歌了呢……」,"""... Kuhihihi... ha... haha... hai ragione... quanto tempo è passato... dall'ultima volta che ho cantato una canzone con te, Maestra...?""","""...Kuhihihi, ......ha, ...haha... ......You're right... How long has it been.........since I chanted with you, Master......""","""... Kujijiji... ja... jaja... Tienes razón... ¿Cuánto ha pasado... desde la última vez que canté una canción contigo, maestra?...""","""...ﻛﻮﻫﻴﻬﻴﻬﻲ، ......ﻫﺎ، ...ﻫﺎﻫﺎ... ......ﺻﺪﻗﺖِ... ﻛﻢ ﻣﻦ ﺍﻟﻮﻗﺖِ ﻗﺪ ﻣﻀﻰ.........ﻣﻨﺬ ﺁﺧﺮ ﻣﺮﺓ ﺃﻧﺸﺪﺕُ ﻓﻴﻬﺎ ﻣﻌﻚِ ﻳﺎ ﻣﻌﻠﻤﺘﻲ......""","""...Kuhihihi, ......ha, ...haha... ......You're right... How long has it been.........since I chanted with you, Master......""","""...Kuhihihi, ......ha, ...haha... ......You're right... How long has it been.........since I chanted with you, Master......""","""...Kuhihihi, ......ha, ...haha... ......You're right... How long has it been.........since I chanted with you, Master......"""
,"""Now, together. .........Come, try to remember. What form did you have?""","""Come, together now. ......Come, try to remember. What form did you have?"" ","""Come, together. .........Come, try to remember. What form did you have?""",「さぁ、一緒に。………さぁさ、思い出して御覧なさい。あなたがどんな姿をしていたのか。」,「さぁ、一緒に。………さぁさ、思い出して御覧なさい。あなたがどんな姿をしていたのか」,"""Давай, вместе. .........Попробуй вспомнить. Какой же формы прежде ты была?""","""Agora, juntas. .........Vamos, busque recordar. Que forma você possuía?""",「来，一起来。………来——来，想起来吧。你原本是怎样的身姿呀？」,「來，一起來。………來——來，想起來吧。你原本是怎樣的身姿呀？」,"""Su, insieme. ... Su, prova a ricordare. Quale forma avevi?""","""Now, together. .........Come, try to remember. What form did you have?""","""Ahora, juntas... Vamos, trata de recordar. ¿Qué forma tenías?""","""ﻫﻴﺎ ﺑﻨﺎ ﻣﻌًﺎ... .........ﺣﺎﻭﻟﻲ ﺃﻥ ﺗﺘﺬﻛﺮﻱ. ﻋﻠﻰ ﺃﻱَّ ﻫﻴﺌﺔٍ ﻛﻨﺖِ؟""","""Now, together. .........Come, try to remember. What form did you have?""","""Now, together. .........Come, try to remember. What form did you have?""","""Now, together. .........Come, try to remember. What form did you have?"""
{f:5:Beatrice},"""......Come, try to remember. What form did you have...?""","""...Come, try to remember. What form did you have...?"" ","""......Come, try to remember. What form did you have...?""",「……さぁさ、思い出して御覧なさい。あなたがどんな姿をしていたのか…。」,「……さぁさ、思い出して御覧なさい。あなたがどんな姿をしていたのか…」,"""......Попробуй вспомнить. Какой же формы прежде ты была?""","""......Vamos, busque recordar. Que forma você possuía...?""",「……来——来，想起来吧。你原本是怎样的身姿呀？…」,「……來——來，想起來吧。你原本是怎樣的身姿呀？…」,"""... Su, prova a ricordare. Quale forma avevi...?""","""......Come, try to remember. What form did you have...?""","""... Vamos, trata de recordar. ¿Qué forma tenías?...""","""......ﻫﻴﺎ، ﺣﺎﻭﻟﻲ ﺃﻥ ﺗﺘﺬﻛﺮﻱ. ﻋﻠﻰ ﺃﻱَّ ﻫﻴﺌﺔٍ ﻛﻨﺖِ...؟""","""......Come, try to remember. What form did you have...?""","""......Come, try to remember. What form did you have...?""","""......Come, try to remember. What form did you have...?"""
,"When the two of them began to recite the same chant, more and more gold butterflies danced around, swarming around {f:5:Beatrice}...","When the two of them began to recite the same song, more and more gold butterflies danced around, swarming around {f:5:Beatrice}... ","When the two of them began to recite the same song, more and more gold butterflies danced around, swarming around Beatrice...",二人が同じ唄を詠い始めると、黄金の蝶たちはますますに舞い上がり、ベアトリーチェに群がっていく…。,二人が同じ唄を詠い始めると、黄金の蝶たちはますますに舞い上がり、ベアトリーチェに群がっていく…。,"Когда они обе принялись петь одну и ту же песню, всё больше и больше бабочек затанцевало вокруг, кружась вокруг {f:5:Беатриче}...","Quando ambas começaram a recitar o mesmo encantamento, mais e mais borboletas douradas começaram a dançar em êxtase ao redor de {f:5:Beatrice}...",两人咏唱起了相同的歌谣，更多黄金蝶飞舞而来，聚集在贝阿朵莉切身上…。,兩人咏唱起了相同的歌謠，更多黃金蝶飛舞而來，聚集在貝阿朵莉切身上…。,"Quando le due incominciarono a recitare la stessa filastrocca, sempre più farfalle si misero a danzare e volteggiare attorno a Beatrice...","When the two of them began to recite the same chant, more and more gold butterflies danced around, swarming around {f:5:Beatrice}...","Cuando los dos empezaron a recitar el mismo cántico, más y más mariposas doradas danzaron alrededor, pululando alrededor de {f:5:Beatrice}...",ﺑﺪﺃﺕ ﺍﻻﺛﻨﺘﺎﻥ ﺗﺮﺗﻼﻥ ﺍﻷﻏﻨﻴﺔ ﻧﻔﺴﻬﺎ. ﻭﺗﻜﺎﺛﺮﺕ ﻭﺗﺮﺍﻗﺼﺖ ﺍﻟﻔﺮﺍﺷﺎﺕ ﺍﻟﺬﻫﺒﻴﺔ، ﻭﺗﺠﻤﻌﺖ ﺣﻮﻝ {f:7:ﺑﻴﺎﺗﺮﻳﺲ}......,"When the two of them began to recite the same chant, more and more gold butterflies danced around, swarming around {f:5:Beatrice}...","When the two of them began to recite the same chant, more and more gold butterflies danced around, swarming around {f:5:Beatrice}...","When the two of them began to recite the same chant, more and more gold butterflies danced around, swarming around {f:5:Beatrice}..."
,""".........It's alright, Milady. You will lose the fact that you are my disciple, but that will not change the fact that you are the lady I serve.""","""......It will be all right, Milady. You will lose your place as my disciple, but that will not change the fact that you are the lady I serve."" ",""".........It's alright, Milady. You will lose the fact that you are my disciple, but that will not change the fact that you are the lady I serve.",「………大丈夫ですよ、お嬢様。あなたは私の弟子であることを失いますが、私の仕えるお嬢様であることに変わりはありません。,「………大丈夫ですよ、お嬢様。あなたは私の弟子であることを失いますが、私の仕えるお嬢様であることに変わりはありません」,""".........Всё в порядке, миледи. Вы перестанете быть ученицей, но это не изменит факта, что вы леди, которой я служу.""",""".........Está tudo bem, ojou‐sama. Você perderá o fato de que você é minha aprendiz, mas isto não mudará o fato que é você quem eu sigo.""",「………没事的，小姐。虽然会失去您为我徒弟的事实，但是，您是我所仕奉的小姐之事是不会改变的。」,「………沒事的，小姐。雖然會失去您為我徒弟的事實，但是，您是我所仕奉的小姐之事是不會改變的。」,"""... Va tutto bene, Milady. Non sarai più la mia allieva, ma ciò non cambierà il fatto che tu sola sei la signorina che servo.",""".........It's alright, Milady. You will lose the fact that you are my disciple, but that will not change the fact that you are the lady I serve.""","""... Está bien, milady. Perderás el hecho de ser mi discípula, pero eso no cambiará el hecho de que eres la persona a quien sirvo.""","""...ﺳﻴﻜﻮﻥ ﻛﻞ ﺷﻲﺀٍ ﺑﺨﻴﺮ ﻳﺎ ﺃﻣﻴﺮﺗﻲ. ﻟﻦ ﺗﻌﻮﺩﻱ ﺗﻠﻤﻴﺬﺗﻲ، ﻟﻜﻨﻚِ ﺳﺘﻈﻠﻴﻦ ﺩﻭﻣًﺎ ﺍﻷﻣﻴﺮﺓ ﺍﻟﺘﻲ ﺃﺧﺪﻣُﻬﺎ.""",""".........It's alright, Milady. You will lose the fact that you are my disciple, but that will not change the fact that you are the lady I serve.""",""".........It's alright, Milady. You will lose the fact that you are my disciple, but that will not change the fact that you are the lady I serve.""",""".........It's alright, Milady. You will lose the fact that you are my disciple, but that will not change the fact that you are the lady I serve."""
,"""...After that, I shall read a book for you again. I shall bake you apple pies again. Just like it was long ago. ......Come, try to remember.""","""...After that, I shall read a book for you again. I shall bake you apple pies once more. Just like it was long ago. ...Come, try to remember."" ","...After that, I shall read a book for you again. I shall bake you apple pies again. Just like it was long ago. ......Come, try to remember.""",…そうしたら、また一緒にご本を読んで差し上げましょう。リンゴのパイを焼いて差し上げましょう。昔のように。……さぁさ、思い出して御覧なさい。」,「…そうしたら、また一緒にご本を読んで差し上げましょう。リンゴのパイを焼いて差し上げましょう。昔のように。……さぁさ、思い出して御覧なさい」,"""...После я опять почитаю вам книгу. Снова испеку вам яблочные пироги. Совсем как тогда давно. ......Ну же, попытайтесь вспомнить.""","""...Depois disto, eu devo ler um livro para você novamente. Eu devo assar tortas de maçã para você mais uma vez. Assim como há muito tempo atrás. ......Vamos, busque recordar.""",「…然后呢，我会再读书给您听的。还会给您烤苹果派的。就跟从前一样。……来——来，想起来吧。」,「…然後呢，我會再讀書給您聽的。還會給您烤蘋果派的。就跟從前一樣。……來——來，想起來吧。」,"... E poi, ti leggerò di nuovo un libro. Ti preparerò di nuovo una torta di mele. Proprio come ai vecchi tempi. ... Su, prova a ricordare.""","""...After that, I shall read a book for you again. I shall bake you apple pies again. Just like it was long ago. ......Come, try to remember.""","""... Después de esto, te leeré un libro de nuevo. Te hornearé pasteles de manzana de nuevo... Al igual que hace mucho tiempo. Vamos, trata de recordar.""","""...ﺣﻴﻨﻬﺎ، ﺳﺄﻗﺮﺃ ﻟﻚِ ﺍﻟﻘﺼﺺ ﻣﺠﺪﺩًﺍ، ﻭﻟﻨﺼﻨﻊ ﻟﻚِ ﻓﻄﻴﺮﺓ ﺗﻔﺎﺡ. ﻛﻤﺎ ﻛﻨﺎ ﻧﻔﻌﻞ ﻗﺪﻳﻤًﺎ. ......ﻫﻴَّﺎ، ﺣﺎﻭﻟﻲ ﺃﻥ ﺗﺘﺬﻛﺮﻱ،""","""...After that, I shall read a book for you again. I shall bake you apple pies again. Just like it was long ago. ......Come, try to remember.""","""...After that, I shall read a book for you again. I shall bake you apple pies again. Just like it was long ago. ......Come, try to remember.""","""...After that, I shall read a book for you again. I shall bake you apple pies again. Just like it was long ago. ......Come, try to remember."""
{f:5:Beatrice},"""......Hahahahahaha... Yes, try to remember. ...Are you finally starting to remember...? ............Well, Master. Did you remember......that thing behind yooou...?""","""...Hahahahahaha... Yes, try to remember. ...Are you finally starting to remember...? ......Hey, Teacher."" Did you remember... that thing behind yooou...?"" ","""......Hahahahahaha... Yes, try to remember. ...Are you finally starting to remember...? .........Hey, Teacher. Did you remember, ......that thing behind yooou...?""",「……はははははは…。あぁ、思い出して御覧なさい。…そろそろ思い出せてきたかなぁ…。…………なぁ、お師匠様。　あんたの後にあるそれ、……思い出したかなァ…？」,「……はははははは…。あぁ、思い出して御覧なさい。…そろそろ思い出せてきたかなぁ…。…………なぁ、お師匠様。あんたの後にあるそれ、……思い出したかなァ…？」,"""......Ха‐ха‐ха‐ха‐ха... Да, попытаться вспомнить. ...Вы наконец‐то начинаете вспоминать? .........Слушайте, учитель. А вы помните... Ту вещь у вас за спиной?""","""......Hahahahahaha... Sim, busque recordar. ...Você finalmente está começando a lembrar...? ............Hein, professora? Você recorda......daquilo atrás de vocêêê...?""",「……哈哈哈哈哈哈…。啊啊，想起来吧。…差不多该想起来了吧…。…………是吧，师傅大人。您身后的那个东西，……有没有想起来啊…？」,「……哈哈哈哈哈哈…。啊啊，想起來吧。…差不多該想起來了吧…。…………是吧，師傅大人。您身後的那個東西，……有沒有想起來啊…？」,"""... Hahahahahaha... sì, prova a ricordare. ... Stai finalmente iniziando a ricordare...? ... Ehi, Maestra. Te la sei ricordata... quella cosa dietro di teee...?""","""......Hahahahahaha... Yes, try to remember. ...Are you finally starting to remember...? ............Well, Master. Did you remember......that thing behind yooou...?""","""... Jajajajajajajaja... Sí, trata de recordar... ¿Estás empezando a recordar?... Oye, maestra. ¿Recuerdas... esa cosa detrás de tiii?...""","""......ﻫﺎﻫﺎﻫﺎﻫﺎﻫﺎﻫﺎﻫﺎﻫﺎ... ﻧﻌﻢ، ﺣﺎﻭﻟﻲ ﺃﻥ ﺗﺘﺬﻛّﺮﻱ... ...ﺃﺑﺪﺃﺕ ﺑﺎﻟﺘﺬﻛﺮ...؟ ............ﺃﺧﺒﺮﻳﻨﻲ ﻳﺎ ﻣﻌﻠﻤﺘﻲ. ﻫﻞ ﺗﺘﺬﻛﺮﻳﻦ......ﺫﺍﻙ ﺍﻟﺸﻲﺀ ﺧﻠــــــــﻔﻚ...؟""","""......Hahahahahaha... Yes, try to remember. ...Are you finally starting to remember...? ............Well, Master. Did you remember......that thing behind yooou...?""","""......Hahahahahaha... Yes, try to remember. ...Are you finally starting to remember...? ............Well, Master. Did you remember......that thing behind yooou...?""","""......Hahahahahaha... Yes, try to remember. ...Are you finally starting to remember...? ............Well, Master. Did you remember......that thing behind yooou...?"""
,"""...What is this...? .................................This is...""","""...What is... ............this...?"" ","""...What is this...? ..............................This is...""",「…何ですか…？…………………………………これは。」,「…何ですか…？　…………………………………これは」,"""...Что это?.. ..............................Это...""","""...O que foi...? .................................Isto é...""",「…什么…？…………………………………这是。」,「…什麼…？…………………………………這是。」,"""... Cos'è...? ... Questa è...""","""...What is this...? .................................This is...""","""... ¿Cómo dices?... ¿Esto es...?""","""...ﻣﺎ ﺍﻟﺬﻱ ﺗﻌﻨﻴﻨﻪ...؟ .......................................ﻫﺬﺍ...""","""...What is this...? .................................This is...""","""...What is this...? .................................This is...""","""...What is this...? .................................This is..."""
,"When the Predecessor {f:5:Beatrice} looked behind her, ............there was a creepy hedgehog crouching there.","When the Predecessor {f:5:Beatrice} looked behind her, ......there was an eerie hedgehog curled up there. ","When the Predecessor Beatrice looked behind her, ............there was a creepy hedgehog crouching there.",先代ベアトリーチェが後を振り返ると、…………そこには不気味な針鼠がうずくまっていた。,先代ベアトリーチェが後を振り返ると、…………そこには不気味な針鼠がうずくまっていた。,"Когда {f:5:Беатриче}‐предшественница обернулась, то увидела жуткого скорчившегося ежа.","Quando a {f:5:Beatrice} Antecessora olhou para trás, ............havia um assustador ouriço agachado lá.",先代贝阿朵莉切一回头，…………就发现了一只蹲坐着的，阴森森的大刺猬。,先代貝阿朵莉切一回頭，…………就發現了一只蹲坐著的，陰森森的大刺蝟。,Quando la Beatrice Predecessora si guardò alle spalle... vi trovò accovacciato una sorta di grottesco porcospino.,"When the Predecessor {f:5:Beatrice} looked behind her, ............there was a creepy hedgehog crouching there.",Cuando la Predecesora {f:5:Beatrice} miró tras ella... había un erizo espeluznante agazapado allí.,ﻋﻨﺪﻣﺎ ﺍﻟﺘﻔﺘﺖ {f:7:ﺑﻴﺎﺗﺮﻳﺲ} ﺍﻟﻘﺪﻳﻤﺔ ﻟﺨﻠﻔﻬﺎ، ............ﺭﺃﺕ ﻫﻨﺎﻙ ﻣﺨﻠﻮﻗًﺎ ﻏﺮﻳﺒًﺎ، ﻛﻘﻨﻔﺬٍ ﻣﺸﻮّﻩ ﻣﻦ ﻓﺮﻁ ﻣﺎ ﻏُﺮﺯ ﻓﻴﻪ.,"When the Predecessor {f:5:Beatrice} looked behind her, ............there was a creepy hedgehog crouching there.","When the Predecessor {f:5:Beatrice} looked behind her, ............there was a creepy hedgehog crouching there.","When the Predecessor {f:5:Beatrice} looked behind her, ............there was a creepy hedgehog crouching there."
,No. ...It was......herself.,No. ...It was... herself. ," That's not it. ...It was, ......herself.",違う。…それは、……彼女自身だった。,違う。…それは、……彼女自身だった。,"Нет, неверно. ...Это была... Она сама.",Não. ...Aquilo era......ela mesma.,不对。…这，……即是她自身。,不對。…這，……即是她自身。,"No, non era così. ... Si trattava di... lei stessa.",No. ...It was......herself.,"No, en realidad era... ella misma.",ﻛﻼ. ...ﻛﺎﻥ ﺫﻟﻚ،......ﻧﻔﺴﻬﺎ.,No. ...It was......herself.,No. ...It was......herself.,No. ...It was......herself.
,"There was another Predecessor {f:5:Beatrice}, whose whole body was packed with ballista shots, ......lying there like a pincushion doll...","There was another Predecessor {f:5:Beatrice}, whose whole body had been packed with ballista shots, ...lying there like a pincushion doll... "," There was another Predecessor Beatrice, whose whole body was packed with ballista shots, ......lying there like a pincushion doll...",先代ベアトリーチェがもうひとりいて、全身にバリスタ弾をびっしりと喰らって、……まるで、針刺し人形のようになって横たわっているのだ…。,先代ベアトリーチェがもうひとりいて、全身にバリスタ弾をびっしりと喰らって、……まるで、針刺し人形のようになって横たわっているのだ…。,"Там была другая {f:5:Беатриче}‐предшественница, чьё тело было утыкано зарядами баллист... Лежавшая куклой‐игольницей...","Havia outra {f:5:Beatrice} Antecessora, com o corpo todo roto devido aos tiros de balista, ......deitada como uma boneca de alfinetes...",另一位先代贝阿朵莉切，全身密密麻麻地插满了巨型弩箭，……简直就像扎满针的娃娃般，倒在了地上…。,另一位先代貝阿朵莉切，全身密密麻麻地插滿了巨型弩箭，……簡直就像扎滿針的娃娃般，倒在了地上…。,"C'era un'altra Beatrice Predecessora, il cui corpo era riempito di dardi... e giaceva lì come una bambola portaspilli...","There was another Predecessor {f:5:Beatrice}, whose whole body was packed with ballista shots, ......lying there like a pincushion doll...","La figura de otra Predecesora {f:5:Beatrice}, cuyo cuerpo entero estaba repleto de flechas de balista, yacía ahí como un alfiletero con forma de muñeco...",ﻛﺎﻧﺖ ﻫﻨﺎﻙ ﻧﺴﺨﺔ ﺃﺧﺮﻯ ﻣﻦ {f:7:ﺑﻴﺎﺗﺮﻳﺲ} ﺍﻟﺴﺎﺑﻘﺔ، ﻭﺟﺴﺪﻫﺎ ﻣﻠﻲﺀ ﺑﻄﻠﻘﺎﺕ ﺍﻟﻤﻨﺠﻨﻴﻖ، ﺗﻤﺎﻣًﺎ ﻛﺪﻣﻴﺔ ﻣﺜﻘﻮﺑﺔ ﺑﺎﻹﺑﺮ، ﻣﻨﺴﻴﺔ ﻭﺳﻂ ﺍﻟﻈﻼﻝ...,"There was another Predecessor {f:5:Beatrice}, whose whole body was packed with ballista shots, ......lying there like a pincushion doll...","There was another Predecessor {f:5:Beatrice}, whose whole body was packed with ballista shots, ......lying there like a pincushion doll...","There was another Predecessor {f:5:Beatrice}, whose whole body was packed with ballista shots, ......lying there like a pincushion doll..."
{f:5:Beatrice},"""......Come, try to remember. What form did you have? ......No, I suppose that's wrong.""","""...Come, try to remember. What form did you have? ...Or maybe that's not right."" ","""......Come, try to remember. What form did you have? ......Is that wrong?",「……さぁさ、思い出して御覧なさい。あなたがどんな姿をしていたのか。……違うか。,「……さぁさ、思い出して御覧なさい。あなたがどんな姿をしていたのか。……違うか」,"""......Давайте, попытайтесь вспомнить. Какой же формы прежде были вы? ......В чем дело?""","""......Vamos, busque recordar. Que forma você possuía? ......Não, suponho que isto esteja errado.""",「……来——来，想起来吧。你原本是怎样的身姿呀？……错了呢。」,「……來——來，想起來吧。你原本是怎樣的身姿呀？……錯了呢。」,"""... Su, prova a ricordare. Quale forma avevi? ... No, anzi.","""......Come, try to remember. What form did you have? ......No, I suppose that's wrong.""","""... Vamos, trata de recordar. ¿Qué forma tenías? No, supongo que eso está mal.""","""......ﻫﻴّﺎ، ﺣﺎﻭﻟﻲ ﺃﻥ ﺗﺘﺬﻛﺮﻱ. ﻋﻠﻰ ﺃﻱَّ ﻫﻴﺌﺔٍ ﻛﻨﺖِ؟ ......ﺭﺑﻤﺎ ﻫﺬﺍ ﺍﻟﺴﺆﺍﻝ ﻏﻴﺮ ﺻﺤﻴﺢ.""","""......Come, try to remember. What form did you have? ......No, I suppose that's wrong.""","""......Come, try to remember. What form did you have? ......No, I suppose that's wrong.""","""......Come, try to remember. What form did you have? ......No, I suppose that's wrong."""
{f:5:Beatrice},"""......Come, try to remember. How were you killed? ......Kuhihihii, kuhya{0}hhya{0}hhya{0}hhaa{0}a{0}a{0}aaahh!!""","""...Come, try to remember. How were you killed? ...Kuhihihii, kuhyahhyahhyahhaaaaaaahh!!"" ","......Come, try to remember. How were you killed? ......Kuhihihii, kuhyahhyahhyahhaaaaaaahh!!""",……さぁさ、思い出して御覧なさい。あなたがどうやって殺されたのか。……くっひひひい、くっひゃっひゃっひゃっはあああぁああぁ！！」,「……さぁさ、思い出して御覧なさい。あなたがどうやって殺されたのか。……くっひひひい、くっひゃっひゃっひゃっはあああぁああぁ！！」,"""......Ну же, попытайтесь вспомнить. Как убили вас? .....Ку‐хи‐хи‐хи, ку‐хья‐хья‐ха‐а‐а‐а‐а‐а‐а!!!""","""......Vamos, busque recordar. De que forma você foi morta? ......Kuhihihii, kuhya{0}hhya{0}hhya{0}hhaa{0}a{0}a{0}aaahh!!""",「……来——来，想起来吧。你原本是怎样被杀的啊？……咕、嘻嘻嘻——，咕、吓、吓、吓、哈——————！！」,「……來——來，想起來吧。你原本是怎樣被殺的啊？……咕、嘻嘻嘻——，咕、嚇、嚇、嚇、哈——————！！」,"... Su, prova a ricordare. Come sei stata uccisa? ... Kuhihihii, kuhyahhyahhyahhaaaaaaahh!!""","""......Come, try to remember. How were you killed? ......Kuhihihii, kuhya{0}hhya{0}hhya{0}hhaa{0}a{0}a{0}aaahh!!""","""... Vamos, trata de recordar. ¿Cómo fuiste asesinada? ¡¡Kujijijiji, kuhyahhyahhyahhaaaaaaahh!!""","""......ﻫﻴَّﺎ ﺣﺎﻭﻟﻲ ﺃﻥ ﺗﺘﺬﻛﺮﻱ. ﻛﻴﻒ ﺗﻢ ﻗﺘﻠﻚِ...؟ ......ﻛﻮﻫﻴﻬﻴﻬﻲ، ﻛﻮﻫﻴﺎﻫﻬﻴﺎﻫﻬﻴﺎﻫﺎﺍﺍﺍﺍ!!""","""......Come, try to remember. How were you killed? ......Kuhihihii, kuhya{0}hhya{0}hhya{0}hhaa{0}a{0}a{0}aaahh!!""","""......Come, try to remember. How were you killed? ......Kuhihihii, kuhya{0}hhya{0}hhya{0}hhaa{0}a{0}a{0}aaahh!!""","""......Come, try to remember. How were you killed? ......Kuhihihii, kuhya{0}hhya{0}hhya{0}hhaa{0}a{0}a{0}aaahh!!"""
,The Predecessor {f:5:Beatrice} was shocked.,The Predecessor {f:5:Beatrice} was stunned. ,"The Predecessor Beatrice was shocked.",呆然とする先代ベアトリーチェ。,呆然とする先代ベアトリーチェ。,{f:5:Беатриче}‐предшественница была в шоке.,A {f:5:Beatrice} Antecessora estava perplexa.,先代贝阿朵莉切目瞪口呆。,先代貝阿朵莉切目瞪口呆。,La Predecessora era scioccata.,The Predecessor {f:5:Beatrice} was shocked.,La Predecesora {f:5:Beatrice} estaba atónita.,ﺣﺪّﻗﺖ {f:7:ﺑﻴﺎﺗﺮﻳﺲ} ﺍﻟﺴﺎﺑﻘﺔ ﺑﺬﻫﻮﻝٍ ﺗﺎﻡ،,The Predecessor {f:5:Beatrice} was shocked.,The Predecessor {f:5:Beatrice} was shocked.,The Predecessor {f:5:Beatrice} was shocked.
,"...Instantly, her form began to grow faint...",...Her form gradually began to fade away... ,"...Instantly, her form began to grow faint...",…次第にその姿が薄くなっていく…。,…次第にその姿が薄くなっていく…。,...И тут её фигура стала растворяться...,"...Instantaneamente, sua forma começou a desmaecer...",…她的身形渐渐地变得越来越稀薄…。,…她的身形漸漸地變得越來越稀薄…。,... La sua figura iniziò a diradarsi all'istante...,"...Instantly, her form began to grow faint...","... Instantáneamente, su forma comenzó a debilitarse...",...ﻭﺑﺪﺃ ﺟﺴﺪﻫﺎ ﻳﺘﻼﺷﻰ ﺗﺪﺭﻳﺠﻴًﺎ، ﻛﺄﻧﻤﺎ ﻳُﻤﺤﻰ ﻣﻦ ﺍﻟﻮﺟﻮﺩ.,"...Instantly, her form began to grow faint...","...Instantly, her form began to grow faint...","...Instantly, her form began to grow faint..."
,"""This...... ......When...did you............""","""This is... ...When...did you......?"" ","""This......, ......when...did you............""",「これは……、……いつの間…に…………。」,「これは……、……いつの間…に…………」,"""Как... когда... ты успела...""","""Isso...... ......Quando...você fez............""",「这是……，……什么时…候…………」,「這是……，……什麼時…候…………」,"""Questo... quando... hai...""","""This...... ......When...did you............""","""Esto... ¿Cuándo... fue que...?""","""ﻟﺤﻈﺔ...... ......ﻣﺘﻰ... ﻓﻌﻠﺖ ﻫﺬﺍ...؟""","""This...... ......When...did you............""","""This...... ......When...did you............""","""This...... ......When...did you............"""
{f:5:Beatrice},"""In the beginning, I did not summon Shoulder Towers. They were Quadruplet Towers. Master, you nonchalantly stepped across the Seventh Rank Rook boundary of death created by the two hidden towers, which were lurking in the distance on either side of you.""","""At the beginning, I did not summon a pair of Shoulder Towers. There were four towers. Teacher, you carelessly stepped across the Seventh Rank Rook boundary of death created by the two hidden towers, which were lurking in the distance on either side of you."" ","""In the beginning, I did not summon Shoulder Towers. It was four towers. Teacher, you nonchalantly stepped across the Seventh Rank Rook boundary of death created by the two hidden towers, which were lurking in the distance on either side of you.",「最初に呼んだのは双肩の塔ではない。四つ子の塔だったのよ。お師匠様の左右遥かに潜んだ隠し塔が描く、セブンスランクルークの死の境界線を、お師匠様はのこのこと踏み越えてきてくれた。,「最初に呼んだのは双肩の塔ではない。四つ子の塔だったのよ。お師匠様の左右遥かに潜んだ隠し塔が描く、セブンスランクルークの死の境界線を、お師匠様はのこのこと踏み越えてきてくれた」,"""В самом начале я не призвала Надплечные башни. Это были четыре башни. Наставница, вы небрежно переступили через границу смерти ладьи седьмого ранга, созданную двумя скрытыми башнями, затаившимися на расстоянии по бокам от вас.""","""No começo, eu não invoquei as Torres Ombreiras de Guerra. Eram Torres Quádruplas. Professora, com total indiferença, você atravessou a linha de fronteira da morte da Torre na Sétima Fileira criada pelas duas torres ocultas, que estavam espreitando à distância ao seu lado.""",「一开始唤出的不是双肩塔。是四子塔哦。师傅大人，您粗心大意地跨入了，潜伏在师傅大人左右的遥远的暗塔，所画下的{c:86EF9C:{ruby:seventh rank rook:车封竖七}}的死之边界线。{c:86EF9C:（详见魔导书“国际象棋术语”条目）}」,「一開始喚出的不是雙肩塔。是四子塔哦。師傅大人，您粗心大意地跨入了，潛伏在師傅大人左右的遙遠的暗塔，所畫下的{c:86EF9C:{ruby:seventh rank rook:車封豎七}}的死之邊界線。{c:86EF9C:（詳見魔導書“國際象棋術語”條目）}」,"""All'inizio, non avevo evocato solo le Doppie Torri. Bensì quattro torri. {n}Maestra, senza pensarci hai messo piede oltre il confine mortale della mia torre alla settima traversa creato dalle due torri nascoste, che erano celate a poca distanza alla tua destra e alla tua sinistra.","""In the beginning, I did not summon Shoulder Towers. They were Quadruplet Towers. Master, you nonchalantly stepped across the Seventh Rank Rook boundary of death created by the two hidden towers, which were lurking in the distance on either side of you.""","""Al principio, cuando invoqué a las Torres de los Hombros. Eran cuatro torres. Maestra, despreocupadamente atravesaste el límite de la Séptima Torre de la muerte creado por las dos torres ocultas, que acechaban en la distancia a ambos lados de ti.""","""ﻓﻲ ﺍﻟﺒﺪﺍﻳﺔ، ﻟﻢ ﺃﺳﺘﺪﻋﻲ ﺑﺮﺟﻴﻦ ﺗﻮﺃﻣﻴﻦ. ﺑﻞ ﺍﺳﺘﺪﻋﻴﺖ ﺃﺭﺑﻌﺔ ﺗﻮﺍﺋﻢ. ﻟﻘﺪ ﻛﻨﺖِ ﺗﻤﺸﻴﻦ ﺑﺨﻄﻰ ﻭﺍﺛﻘﺔٍ ﻋﺒﺮ ﺣﺪﻭﺩ ﺍﻟﻤﻮﺕ ﺍﻟﺘﻲ ﺭﺳﻤﻬﺎ ﺍﻟﺒﺮﺟﺎﻥ ﺍﻟﻤﺨﻔﻴّﺎﻥ، ﺍﻟﻠﺬَﺍﻥ ﻛﺎﻧﺎ ﻳﺤﻴﻄﺎﻥ ﺑﻚِ ﻣﻦ ﺑﻌﻴﺪ، ﻳﻤﻴﻨًﺎ ﻭﻳﺴﺎﺭًﺍ.""","""In the beginning, I did not summon Shoulder Towers. They were Quadruplet Towers. Master, you nonchalantly stepped across the Seventh Rank Rook boundary of death created by the two hidden towers, which were lurking in the distance on either side of you.""","""In the beginning, I did not summon Shoulder Towers. They were Quadruplet Towers. Master, you nonchalantly stepped across the Seventh Rank Rook boundary of death created by the two hidden towers, which were lurking in the distance on either side of you.""","""In the beginning, I did not summon Shoulder Towers. They were Quadruplet Towers. Master, you nonchalantly stepped across the Seventh Rank Rook boundary of death created by the two hidden towers, which were lurking in the distance on either side of you."""
{f:5:Beatrice},"""......It was bad manners for me to say ""check"" so late. Let me openly apologize. ...*cackle*cackle*cackle*!""","""...It was bad manners of me to say check this late. I simply must apologize. ...*cackle*cackle*cackle*!"" ","......It was bad manners for me to say check so late. Let me openly apologize. ...*cackle*cackle*cackle*!""",……チェックの発声が遅れてしまったことだけはマナー違反。率直に謝ろうぞ。…くっくっくっくっくっく！」,「……チェックの発声が遅れてしまったことだけはマナー違反。率直に謝ろうぞ。…くっくっくっくっくっく！」,"""......С моей стороны было неприлично заявить шах так поздно. Позвольте мне открыто извиниться перед Вами. ...*хи‐хи*хи‐хи*хи‐хи*!""","""......É falta de educação da minha parte dizer ""xeque"" tão tarde assim. Permita que eu me desculpe abertamente. ...*gargalhada*gargalhada*gargalhada*!""",「……太晚喊将军违反了礼仪呢。妾身老实道歉哦。…呵呵呵呵呵呵！」,「……太晚喊將軍違反了禮儀呢。妾身老實道歉哦。…呵呵呵呵呵呵！」,"... È stato maleducato da parte mia, annunciare lo scacco solo adesso. {n}Lascia che mi scusi apertamente. ... *cackle*cackle*cackle*!""","""......It was bad manners for me to say ""check"" so late. Let me openly apologize. ...*cackle*cackle*cackle*!""","""... Qué malos modales de mi parte decir jaque tan tarde. Déjame disculparme abiertamente. ¡*carcajada*carcajada*carcajada*!""","""...ﻟﻴﺲ ﻣﻦ ﺍﻟﻨﺒﻴﻞ ﺃﻥ ﺃﻗﻮﻝ ""ﻛﺶ"" ﻣﺘﺄﺧﺮًﺍ ﻫﻜﺬﺍ. ﻓﺪﻋﻴﻨﻲ ﺃﻋﺘﺬﺭ ﻟﻚِ. ...*ﻗﻬﻘﻬﺔ*ﻗﻬﻘﻬﺔ*ﻗﻬﻘﻬﺔ*!""","""......It was bad manners for me to say ""check"" so late. Let me openly apologize. ...*cackle*cackle*cackle*!""","""......It was bad manners for me to say ""check"" so late. Let me openly apologize. ...*cackle*cackle*cackle*!""","""......It was bad manners for me to say ""check"" so late. Let me openly apologize. ...*cackle*cackle*cackle*!"""
,"The battle had been decided at the very beginning. It had been over since the time the Predecessor had leaned forward, readying her holy spear to attack {f:5:Beatrice}, who had been wedged between her Shoulder Towers.","The battle had been decided at the very beginning. It had been over since the time the Predecessor had leaned forward, readying her holy spear to attack {f:5:Beatrice}, who had been wedged between her Shoulder Towers. ","The battle had been decided at the very beginning. It had been over since the time the Predecessor had leaned forward, readying her holy spear to attack Beatrice, who had been wedged between her Shoulder Towers.",戦いは、一番最初に決していたのだ。双肩の塔に挟まれたベアトリーチェを討つために、先代が身を乗り出し神なる槍を構えた時。,戦いは、一番最初に決していたのだ。双肩の塔に挟まれたベアトリーチェを討つために、先代が身を乗り出し神なる槍を構えた時。,"Исход боя был решён с самого начала. Он был завершён в тот миг, когда Предшественница наклонилась вперёд, приготовив копьё для нападения на {f:5:Беатриче}, застрявшую между своими Надплечными башнями.","A batalha havia sido decidida logo no começo. Foi desde o momento em que a Antecessora se inclinou para frente, preparando sua lança sagrada para atacar {f:5:Beatrice}, que estava encravada entre as Torres Ombreiras de Guerra.",这一战，在最开始时就决出胜负了。为了讨伐被双肩塔包夹的贝阿朵莉切，先代挺身举起神枪时。,這一戰，在最開始時就決出勝負了。為了討伐被雙肩塔包夾的貝阿朵莉切，先代挺身舉起神槍時。,"L'esito della battaglia era stata deciso sin dall'inizio. Si era conclusa nel momento in cui la Predecessora si era sporta in avanti, preparandosi ad attaccare con la lancia divina Beatrice, che era poi stata incuneata tra le sue Doppie Torri.","The battle had been decided at the very beginning. It had been over since the time the Predecessor had leaned forward, readying her holy spear to attack {f:5:Beatrice}, who had been wedged between her Shoulder Towers.","La batalla había sido decidida desde el principio. Había acabado desde el momento en el que la Predecesora se había inclinado hacia adelante, preparando su lanza divina para atacar a {f:5:Beatrice}, quien había sido acuñada entre las Torres de los Hombros.",ﻟﻘﺪ ﺣُﺴﻤﺖ ﺍﻟﻤﻌﺮﻛﺔ ﻣﻨﺬ ﺑﺪﺍﻳﺘﻬﺎ. ﻛﺎﻧﺖ ﺍﻟﻨﺘﻴﺠﺔ ﻣﺤﺴﻮﻣﺔ ﺣﻴﻨﻤﺎ ﺗﻘﺪﻣﺖ {f:7:ﺑﻴﺎﺗﺮﻳﺲ} ﺍﻟﻘﺪﻳﻤﺔ، ﻭﺗﺠﻬﺰﺕ ﻹﻃﻼﻕ ﺍﻟﺮﻣﺢ ﺍﻹﻟﻬﻲ ﻋﻠﻰ {f:7:ﺑﻴﺎﺗﺮﻳﺲ}، ﺍﻟﻤﺤﺸﻮﺭﺓ ﺑﻴﻦ ﺍﻟﺒﺮﺟﻴﻦ ﺍﻟﻤﺮﺗﻔﻌﻴﻦ.,"The battle had been decided at the very beginning. It had been over since the time the Predecessor had leaned forward, readying her holy spear to attack {f:5:Beatrice}, who had been wedged between her Shoulder Towers.","The battle had been decided at the very beginning. It had been over since the time the Predecessor had leaned forward, readying her holy spear to attack {f:5:Beatrice}, who had been wedged between her Shoulder Towers.","The battle had been decided at the very beginning. It had been over since the time the Predecessor had leaned forward, readying her holy spear to attack {f:5:Beatrice}, who had been wedged between her Shoulder Towers."
,"...The hidden towers lurking on either side had bathed her in a windstorm of ballista shots from 720 ports on both sides, pinning and killing her.","...The hidden towers lurking on either side had bathed her in a windstorm of ballista shots from 720 ports on both sides, pinning and killing her. ","...The hidden towers lurking on either side had bathed her in a windstorm of ballista shots from 720 ports on both sides, pinning and killing her.",…左右に潜んでいた隠し塔は、左右から７２０の銃眼にてバリスタ弾の暴風を浴びせ、彼女をすで挟み殺していたのだ。,…左右に潜んでいた隠し塔は、左右から７２０の銃眼にてバリスタ弾の暴風を浴びせ、彼女をすでに挟み殺していたのだ。,"...Скрытые башни, таящиеся с каждого боку, накрыли её огнём баллист из 720 окон с обеих сторон, пригвоздив и убив её.","...As torres ocultas, espreitando em ambos os lados, a banharam em uma tempestade de tiros de balista das 720 embrasuras de ambos os lados, a atacando e matando‐a.",…潜藏在其左右的暗塔，就从左右总共 720 个枪眼射出了弩箭，令其沐浴在箭雨暴风中，受夹击而死。,…潛藏在其左右的暗塔，就從左右總共 720 個槍眼射出了弩箭，令其沐浴在箭雨暴風中，受夾擊而死。,"... Le torri nascoste alla sua destra e alla sua sinistra l'avevano avvolta in una tempesta di dardi da settecentoventi bocche su ambo i lati, bloccandola e uccidendola.","...The hidden towers lurking on either side had bathed her in a windstorm of ballista shots from 720 ports on both sides, pinning and killing her.","... Las torres escondidas acechando en ambos lados le habían bañado en una tormenta de tiros de balista de 720 troneras cada lado, inmovilizándola y matándola.",...ﺃﻃﻠﻖ ﺍﻟﺒﺮﺟﺎﻥ ﺍﻟﻤﺨﺘﺒﺌﺎﻥ ﻓﻲ ﻛﻼ ﺟﺎﻧﺒﻴﻬﺎ 027 ﻃﻠﻘﺔ ﻣﻦ ﺍﻟﻤﻨﺠﻨﻴﻖ ﻣﻦ ﺍﻟﺠﻬﺘﻴﻦ ﻭﺃﻣﻄﺮﺍﻫﺎ ﺳﻠﻔًﺎ، ﻭﻗﺘﻠﻮﻫﺎ.,"...The hidden towers lurking on either side had bathed her in a windstorm of ballista shots from 720 ports on both sides, pinning and killing her.","...The hidden towers lurking on either side had bathed her in a windstorm of ballista shots from 720 ports on both sides, pinning and killing her.","...The hidden towers lurking on either side had bathed her in a windstorm of ballista shots from 720 ports on both sides, pinning and killing her."
,"However, {f:5:Beatrice} hadn't wanted it to be resolved with that.{n}She had wanted to make her master take her next move, and had continued acting as though the game was still on.","However, {f:5:Beatrice} hadn't wanted it to be resolved like that. She had wanted to let her teacher take her next move...and had continued acting as though the game was still on. "," However, Beatrice hadn't wanted it to be resolved with that. She had wanted to make her teacher take her next move, and had continued acting as though the game was still on.",しかし、ベアトリーチェはそれで決したくなかった。師匠の次の手を続けさせて、ゲームのリレーを続けたかったのだ。,しかし、ベアトリーチェはそれで決したくなかった。{n}師匠の次の手を続けさせて、ゲームのリレーを続けたかったのだ。,"Однако {f:5:Беатриче} не хотела, чтобы всё закончилось на этом.{n}Она хотела, чтобы её наставница совершила следующий ход и притворялась, словно игра всё ещё продолжается.","Entretanto, {f:5:Beatrice} não queria que fosse resolvido daquela forma.{n}Ela queria que sua mestra fizesse seu próximo movimento, e continuou a agir como se o jogo ainda estivesse em andamento.",可是，贝阿朵莉切不想就这么结束。{n}想让师傅接着下子，交替地进行游戏。,可是，貝阿朵莉切不想就這麼結束。{n}想讓師傅接著下子，交替地進行遊戲。,"Tuttavia, a Beatrice non andava che finisse così. Voleva concedere alla sua insegnante di fare la sua prossima mossa, e aveva continuato ad agire come se la partita fosse ancora aperta.","However, {f:5:Beatrice} hadn't wanted it to be resolved with that.{n}She had wanted to make her master take her next move, and had continued acting as though the game was still on.","Sin embargo, {f:5:Beatrice} no había querido que todo acabara con eso.{n}Ella había querido hacer que su maestra realizara su siguiente jugada, y había continuado actuando como si el juego aún estuviese en curso.",ﻭﻟﻜﻦ ﻟﻢ ﺗﺮﺩ {f:7:ﺑﻴﺎﺗﺮﻳﺲ} ﺃﻥ ﺗﻨﺘﻬﻲ ﺍﻟﻤﻌﺮﻛﺔ ﺑﻬﺬﻩ ﺍﻟﺴﺮﻋﺔ.{n}ﺃﺭﺍﺩﺕ ﺃﻥ ﺗﺮﻯ ﻣﺎ ﺳﺘﻔﻌﻞ ﻣﻌﻠﻤﺘﻬﺎ ﻓﻲ ﺍﻟﺨﻄﻮﺓ ﺍﻟﻘﺎﺩﻣﺔ... ﻭﺍﺳﺘﻤﺮﺕ ﺑﺎﻟﺘﻤﺜﻴﻞ ﻭﻛﺄﻥ ﺍﻟﻠﻌﺒﺔ ﻣﺴﺘﻤﺮﺓ.,"However, {f:5:Beatrice} hadn't wanted it to be resolved with that.{n}She had wanted to make her master take her next move, and had continued acting as though the game was still on.","However, {f:5:Beatrice} hadn't wanted it to be resolved with that.{n}She had wanted to make her master take her next move, and had continued acting as though the game was still on.","However, {f:5:Beatrice} hadn't wanted it to be resolved with that.{n}She had wanted to make her master take her next move, and had continued acting as though the game was still on."
,"She had immediately revived her with the Endless power, ...and had made her continue the game as though nothing had happened...",She had immediately revived her with the Endless Power... and had made her continue the game as though nothing had happened... ," She had immediately revived her with the Endless power, ...and had made her continue the game as though nothing had happened...",即座に彼女を無限の力によって蘇らせ、…さも当然のようにゲームを続けさせていた…。,即座に彼女を無限の力によって蘇らせ、…さも当然のようにゲームを続けさせていた…。,"Она тут же оживила её силой Ведьмы Бесконечности, заставив продолжить игру, словно бы ничего не случилось...","Ela imediatamente a reviveu com o poder do infinito, ...e a fez continuar o jogo como se nada tivesse acontecido...",贝阿朵莉切当即就用无限的力量复活了她，…极其自然地让游戏进行了下去…。,貝阿朵莉切當即就用無限的力量復活了她，…極其自然地讓遊戲進行了下去…。,L'aveva subito riportata in vita col suo potere Infinito... e le aveva fatto continuare il gioco come se non fosse successo nulla...,"She had immediately revived her with the Endless power, ...and had made her continue the game as though nothing had happened...",Ella la había revivido inmediatamente con el poder Interminable... y le había hecho continuar el juego como si nada hubiese pasado...,ﻓﺄﻋﺎﺩﺕ ﺇﺣﻴﺎﺀﻫﺎ ﻟﺤﻈﺘﻬﺎ ﺑﺎﺳﺘﻌﻤﺎﻝ ﻗﻮﺗﻬﺎ ﺍﻷﺯﻟﻴﺔ، ...ﻭﺟﻌﻠﺘﻬﺎ ﺗﻜﻤﻞ ﺍﻟﻠﻌﺒﺔ ﻭﻛﺄﻥ ﺷﻴﺌًﺎ ﻟﻢ ﻳﺤﺼﻞ...,"She had immediately revived her with the Endless power, ...and had made her continue the game as though nothing had happened...","She had immediately revived her with the Endless power, ...and had made her continue the game as though nothing had happened...","She had immediately revived her with the Endless power, ...and had made her continue the game as though nothing had happened..."
,"Then the Predecessor slowly remembered that she had already been killed, ......and began to completely erase her form.","Then, the Predecessor slowly remembered that she had already been killed... ...and began to vanish completely. "," Then the Predecessor had slowly remembered that she had already been killed, ......and had begun to completely erase her form.",そして彼女は自らがすでに殺されていたことを徐々に思い出し、……姿を完全に消していく。,そして彼女は自らがすでに殺されていたことを徐々に思い出し、……姿を完全に消していく。,"Затем предшественница понемногу вспомнила, что уже была убита, и её форма стала окончательно стираться.","E assim, a Antecessora lentamente lembrou que já havia sido morta, ......e começou a apagar sua forma completamente.",然后，当她慢慢地想起自己已经被杀后，……其身形彻底消失了。,然後，當她慢慢地想起自己已經被殺後，……其身形徹底消失了。,Poi la Predecessora aveva lentamente ricordato di essere già stata uccisa... e la sua figura aveva cominciato a sparire del tutto.,"Then the Predecessor slowly remembered that she had already been killed, ......and began to completely erase her form.",Entonces la Predecesora recordó lentamente que ya había sido asesinada... y su forma había comenzado a borrarse completamente.,ﻟﻜﻦ ﺷﻴﺌًﺎ ﻓﺸﻴﺌًﺎ، ﺑﺪﺃﺕ ﺍﻟﻤﻌﻠﻤﺔ ﺗﺘﺬﻛﺮ... ﺃﻧﻬﺎ ﻛﺎﻧﺖ ﻗﺪ ﻗُﺘﻠﺖ ﺑﺎﻟﻔﻌﻞ. ......ﻭﺑﺪﺃﺕ ﺑﺎﻟﺘﻼﺷﻲ ﻛﻠﻴﺎ.,"Then the Predecessor slowly remembered that she had already been killed, ......and began to completely erase her form.","Then the Predecessor slowly remembered that she had already been killed, ......and began to completely erase her form.","Then the Predecessor slowly remembered that she had already been killed, ......and began to completely erase her form."
,"When she did, the spear which had pierced {f:5:Beatrice} also erased itself.","When she did, the spear that had pierced {f:5:Beatrice} also vanished. "," When she did, the spear which had pierced Beatrice also erased itself.",するとベアトリーチェを貫いていた槍も姿を消した。,するとベアトリーチェを貫いていた槍も姿を消した。,"Когда это стало происходить, копьё, пронзившее {f:5:Беатриче}, тоже стёрлось.","Quando ela lembrou, a lança que havia perfurado {f:5:Beatrice} também se apagou.",接着，贯穿贝阿朵莉切的枪也消失了。,接著，貫穿貝阿朵莉切的槍也消失了。,"Allo stesso momento, la lancia che aveva trapassato Beatrice era a sua volta scomparsa.","When she did, the spear which had pierced {f:5:Beatrice} also erased itself.","Cuando lo hizo, la lanza que había penetrado a {f:5:Beatrice} también se desvaneció.",ﻭﺣﻴﻦ ﺗﻼﺷﺖ ﺑﺎﻟﻜﺎﻣﻞ، ﺍﺧﺘﻔﻰ ﻣﻌﻬﺎ ﺍﻟﺮﻣﺢ ﺍﻟﺬﻱ ﻛﺎﻥ ﻗﺪ ﺍﺧﺘﺮﻕ {f:7:ﺑﻴﺎﺗﺮﻳﺲ}.,"When she did, the spear which had pierced {f:5:Beatrice} also erased itself.","When she did, the spear which had pierced {f:5:Beatrice} also erased itself.","When she did, the spear which had pierced {f:5:Beatrice} also erased itself."
,{f:5:Beatrice} finally fell and landed on her feet.{n}...There wasn't even a trace of a scar.,{f:5:Beatrice} finally landed on the ground. ...There wasn't even a trace of a scar. ," Beatrice finally fell and landed on her feet....There wasn't even a trace of a scar.",ベアトリーチェはようやく大地に降り立つ。…傷跡など、わずかほども残っていなかった。,ベアトリーチェはようやく大地に降り立つ。{n}…傷跡など、わずかほども残っていなかった。,{f:5:Беатриче} наконец‐то упала и приземлилась на ноги.{n}...От шрама не осталось даже следа.,{f:5:Beatrice} finalmente caiu e pisou no chão.{n}...Não havia qualquer vestígio de cicatriz.,贝阿朵莉切总算落到了大地上。{n}…根本没留下一丝丝的伤痕。,貝阿朵莉切總算落到了大地上。{n}…根本沒留下一絲絲的傷痕。,Infine Beatrice cadde in piedi. ... Non era nemmeno rimasta l'ombra di una cicatrice.,{f:5:Beatrice} finally fell and landed on her feet.{n}...There wasn't even a trace of a scar.,"{f:5:Beatrice} cayó finalmente, aterrizando sobre sus pies.{n}... No había ni rastro de una cicatriz.",ﺣﻄﺖ {f:7:ﺑﻴﺎﺗﺮﻳﺲ} ﻋﻠﻰ ﺍﻷﺭﺽ ﺃﺧﻴﺮًﺍ.{n}ﻭﻟﻢ ﻳﻜﻦ ﻫﻨﺎﻙ ﺃﻱ ﺃﺛﺮ ﻟﻨﺪﺑﺔٍ ﻭﺍﺣﺪﺓ.,{f:5:Beatrice} finally fell and landed on her feet.{n}...There wasn't even a trace of a scar.,{f:5:Beatrice} finally fell and landed on her feet.{n}...There wasn't even a trace of a scar.,{f:5:Beatrice} finally fell and landed on her feet.{n}...There wasn't even a trace of a scar.
{f:5:Beatrice},""".........It was fun, Master. If you want to play again, I'll revive you any time. And once we've had some fun, I'll make you remember that you were a corpse again.""","""......It was fun, Teacher. If you want to play again, I'll revive you any time. And once we've had some fun, I'll make you remember that you're a corpse again."" ",""".........It was fun, Teacher. If you want to play again, I'll revive you any time. Because once we've had some fun, I'll make you remember that you were a corpse again.",「………楽しかったぞ、お師匠様。また遊びたくなったら、いつでも蘇らせてやるよ。それで適当に遊んだら、死体だったことをまた思い出させてやるからさぁ。,「………楽しかったぞ、お師匠様。また遊びたくなったら、いつでも蘇らせてやるよ。それで適当に遊んだら、死体だったことをまた思い出させてやるからさぁ」,""".........Я позабавилась, наставница. Если вы желаете сыграть ещё раз, я воскрешу вас в любое время. Потому что, когда мы повеселимся, я снова заставлю вас вспомнить, что вы были трупом.""",""".........Foi divertido, professora. Se quiser brincar novamente, eu posso reviver você a qualquer hora. E depois que nos divertirmos, vou fazer você lembrar mais uma vez que é apenas um cadáver.""",「………很好玩哦，师傅大人。下次想玩时，随时可以把你复活哦。随便玩玩后，再让你想起来，自己曾是尸体。」,「………很好玩哦，師傅大人。下次想玩時，隨時可以把你復活哦。隨便玩玩後，再讓你想起來，自己曾是屍體。」,"""... È stato divertente, Maestra. Se vuoi giocare di nuovo, posso riportarti in vita in qualsiasi momento. Perché una volta che ci saremo divertite un po', ti farò ricordare di nuovo di essere un cadavere.",""".........It was fun, Master. If you want to play again, I'll revive you any time. And once we've had some fun, I'll make you remember that you were a corpse again.""","""... Fue divertido, maestra. Si quieres jugar de nuevo, te reviviré cuando quieras. Y una vez que nos hayamos divertido, te haré recordar que eres un cadáver de nuevo.""",""".........ﻟﻘﺪ ﻛﺎﻥ ﻭﻗﺘًﺎ ﻣﻤﺘﻌًﺎ، ﻳﺎ ﻣﻌﻠﻤﺘﻲ. ﻭﺇﺫﺍ ﺷﻌﺮﺕُ ﺑﺎﻟﺮﻏﺒﺔ ﻓﻲ ﺍﻟﻠﻌﺐ ﻣﺠﺪﺩًﺍ، ﻓﺴﺄﺑﻌﺜﻚ ﻣﻦ ﺟﺪﻳﺪ ﻓﻲ ﺃﻱ ﻭﻗﺖ، ﻭﺑﻤﺠﺮﺩ ﺃﻥ ﻧﺴﺘﻤﺘﻊ، ﺳﺄﺟﻌﻠﻚِ ﺗﺘﺬﻛﺮﻳﻦ ﺃﻧﻚِ ﻛﻨﺖِ ﺟﺜﺔً ﻣﺠﺪﺩًﺍ.""",""".........It was fun, Master. If you want to play again, I'll revive you any time. And once we've had some fun, I'll make you remember that you were a corpse again.""",""".........It was fun, Master. If you want to play again, I'll revive you any time. And once we've had some fun, I'll make you remember that you were a corpse again.""",""".........It was fun, Master. If you want to play again, I'll revive you any time. And once we've had some fun, I'll make you remember that you were a corpse again."""
{f:5:Beatrice},"""Okay? I'm fully obeying what you taught me, you know...? Didn't you say to always put a toy back in its box when you are done playing with it? *cackle*cackle*, hahha{0}ha{0}ha{0}ha{0}ha{0}ha{0}ha{0}ha{0}ha{0}ha{0}ha{0}ha{0}ha{0}ha{0}ha{0}ha{0}ha{0}ha{0}ha{0}hahaha!!""","""See? I did everything you told me to, right...? Didn't you tell me to always put my toys back in their boxes when I'm done playing with them? *cackle*cackle* Hahhahahahahahahahahahahahahahahahahahahahahaha!!"" "," Okay? I fully obeyed your instructions, right...? Didn't you say to always put a toy back in its box when you are done playing with it? *cackle*cackle*, hahhahahahahahahahahahahahahahahahahahahahahaha!!""",な？　ちゃんとあんたの言いつけは守ってるぜ…？　玩具は、遊び終わったらちゃんと玩具箱にしまいましょうってなぁ？くっくっくっく、はっはははははははははははははははははははッ！！」,「な？　ちゃんとあんたの言いつけは守ってるぜ…？　玩具は、遊び終わったらちゃんと玩具箱にしまいましょうってなぁ？　くっくっくっく、はっはははははははははははははははははははッ！！」,"""Договорились? Я ведь выполнила ваш наказ, верно? Разве не вы всегда говорили, что нужно убирать за собой игрушки, после того, как наиграешься с ними? *хи‐хи*хи‐хи*, ха‐ха‐ха‐ха‐ха‐ха‐ха‐ха‐ха‐ха‐ха‐ха‐ха‐ха‐ха‐ха‐ха‐ха‐ха‐ха‐ха‐ха‐ха‐ха‐ха!!!""","""Certo? Eu cumpri obedientemente o que você me ensinou, sabia...? Você não disse para sempre colocar os brinquedos de volta na caixa quando terminar de brincar? *gargalhada*gargalhada*, hahha{0}ha{0}ha{0}ha{0}ha{0}ha{0}ha{0}ha{0}ha{0}ha{0}ha{0}ha{0}ha{0}ha{0}ha{0}ha{0}ha{0}ha{0}ha{0}hahaha!!""",「看吧？我有好好遵守你的教训吧…？玩具玩完后，就要好好地放进玩具箱，对吧？呵、呵、呵、呵，哈、哈哈哈哈哈哈哈哈哈哈哈哈哈哈哈哈哈哈哈哈！！」,「看吧？我有好好遵守你的教訓吧…？玩具玩完後，就要好好地放進玩具箱，對吧？呵、呵、呵、呵，哈、哈哈哈哈哈哈哈哈哈哈哈哈哈哈哈哈哈哈哈哈！！」,"Ok? Ho seguito alla lettera le tue raccomandazioni, giusto...? Non mi hai sempre detto di rimettere sempre a posto un giocattolo quando ho finito di giocarci? *cackle*cackle*, hahhahahahahahahahahahahahahahahahahahahahahaha!!""","""Okay? I'm fully obeying what you taught me, you know...? Didn't you say to always put a toy back in its box when you are done playing with it? *cackle*cackle*, hahha{0}ha{0}ha{0}ha{0}ha{0}ha{0}ha{0}ha{0}ha{0}ha{0}ha{0}ha{0}ha{0}ha{0}ha{0}ha{0}ha{0}ha{0}ha{0}hahaha!!""","""¿Está bien? Estoy obedeciendo completamente lo que me enseñaste, ¿sabes?... ¿No decías siempre que colocara los juguetes de nuevo en su caja cuando terminara de jugar con ellos? *carcajada*carcajada* ¡¡Jajajajajajajajajajajajajajajajajajajajajajaja!!""","""ﻣﺎ ﺭﺃﻳﻚ؟ ﻓﻌﻠﺖ ﻛﻞ ﻣﺎ ﻋﻠﻤﺘﻴﻨﻲ ﺇﻳﺎﻩ، ﺻﺤﻴﺢ...؟ ﺃﻟﻢ ﺗﺨﺒﺮﻳﻨﻲ ﺑﺄﻥ ﺃﻋﻴﺪ ﻭﺿﻊ ﺃﻟﻌﺎﺑﻲ ﻓﻲ ﺻﻨﺎﺩﻳﻘﻬﺎ ﻋﻨﺪﻣﺎ ﺃﻧﺘﻬﻲ ﻣﻦ ﺍﻟﻠﻌﺐ ﺑﻬﻢ؟ *ﻗﻬﻘﻬﺔ*ﻗﻬﻘﻬﺔ*، ﻫﺎﻫﺎ{0}ﻫﺎ{0}ﻫﺎ{0}ﻫﺎ{0}ﻫﺎ{0}ﻫﺎ{0}ﻫﺎ{0}ﻫﺎ{0}ﻫﺎ{0}ﻫﺎ{0}ﻫﺎ{0}ﻫﺎ{0}ﻫﺎ{0}ﻫﺎ{0}ﻫﺎ{0}ﻫﺎ{0}ﻫﺎ{0}ﻫﺎ{0}ﻫﺎ{0}ﻫﺎﻫﺎﻫﺎ!!""","""Okay? I'm fully obeying what you taught me, you know...? Didn't you say to always put a toy back in its box when you are done playing with it? *cackle*cackle*, hahha{0}ha{0}ha{0}ha{0}ha{0}ha{0}ha{0}ha{0}ha{0}ha{0}ha{0}ha{0}ha{0}ha{0}ha{0}ha{0}ha{0}ha{0}ha{0}hahaha!!""","""Okay? I'm fully obeying what you taught me, you know...? Didn't you say to always put a toy back in its box when you are done playing with it? *cackle*cackle*, hahha{0}ha{0}ha{0}ha{0}ha{0}ha{0}ha{0}ha{0}ha{0}ha{0}ha{0}ha{0}ha{0}ha{0}ha{0}ha{0}ha{0}ha{0}ha{0}hahaha!!""","""Okay? I'm fully obeying what you taught me, you know...? Didn't you say to always put a toy back in its box when you are done playing with it? *cackle*cackle*, hahha{0}ha{0}ha{0}ha{0}ha{0}ha{0}ha{0}ha{0}ha{0}ha{0}ha{0}ha{0}ha{0}ha{0}ha{0}ha{0}ha{0}ha{0}ha{0}hahaha!!"""
Ronove,"""......Was it...an easy victory?""","""...Was it...an easy victory?"" ","""......Was it, an easy victory?""",「……楽勝、でございますかな？」,「……楽勝、でございますかな？」,"""......Была ли это лёгкая победа?""","""......Foi uma...vitória fácil?""",「……请问，是轻易取胜吗？」,「……請問，是輕易取勝嗎？」,"""... È stata una vittoria facile?""","""......Was it...an easy victory?""","""... ¿Fue... una victoria fácil?""","""... ﺃﻛﺎﻥ... ﻓﻮﺯﺍ ﺳﻬﻼ؟""","""......Was it...an easy victory?""","""......Was it...an easy victory?""","""......Was it...an easy victory?"""
{f:5:Beatrice},"""You fool, it was a difficult victory!! ............If I hadn't tricked her with the Quadruplet Towers, I would have been the one to die! ......As I would expect from my master. .........But now I may feel proud.""","""You fool, it was a tough one!! ......If I hadn't tricked her with the four towers, I would've been the one dead! ...As I'd expect from Teacher. ......But now I can stand proud."" ","""You fool, it was a difficult victory!! ............If I hadn't tricked her with the four towers, I would have been the one to die! ......As I would expect from Teacher. .........But this is heartrending.",「愚かなッ、辛勝だッ！！…………四つ子塔で騙せてなかったら死んでおったのは妾の方よッ！　……さすがはお師匠様。………だがこれで胸が張れるというもの。,「愚かなッ、辛勝だッ！！　…………四つ子塔で騙せてなかったら死んでおったのは妾の方よッ！　……さすがはお師匠様。………だがこれで胸が張れるというもの」,"""Дурак, как раз сложная! ............Не обмани я её четырьмя башнями, сама бы уже была покойницей! ......Я ожидала подобного от наставницы. .........На душе тяжело становится.""","""Seu tolo, foi uma vitória difícil!! ............Se eu não tivesse enganado ela com as Torres Quadruplas, seria eu quem iria morrer! ......Como esperado de minha professora. .........Mas agora eu meio que sinto orgulho.""",「笨，是险胜！！…………若是四子塔没骗过她，死的就是妾身！……不愧是师傅大人。………但是，此后妾身就能挺起胸膛了。」,「笨，是險勝！！…………若是四子塔沒騙過她，死的就是妾身！……不愧是師傅大人。………但是，此後妾身就能挺起胸膛了。」,"""Sciocco, è stato difficile!! ... Se non l'avessi ingannata con le quattro torri, sarei stata io a morire! ... Proprio come mi aspettavo dalla Maestra. ... Tuttavia questa faccenda è anche amara.","""You fool, it was a difficult victory!! ............If I hadn't tricked her with the Quadruplet Towers, I would have been the one to die! ......As I would expect from my master. .........But now I may feel proud.""","""¡¡Tonto, fue una victoria difícil!!... Si no le hubiese engañado con las cuatro torres, ¡habría sido yo la que hubiera muerto!...Como esperaría de mi maestra. ... Pero esto es desgarrador.""","""ﺃﻳﻬﺎ ﺍﻷﺑﻠﻪ، ﻟﻘﺪ ﻛﺎﻥ ﻧﺼﺮًﺍ ﻋﺴﻴﺮًﺍﺍ! ............ﻟﻮ ﻟﻢ ﺗﻨﻄﻠﻲ ﻋﻠﻴﻬﺎ ﺧﺪﻋﺔ ﺍﻷﺭﺑﻌﺔ ﺃﺑﺮﺍﺝ، ﻟﻜﻨﺖُ ﺃﻧﺎ ﺍﻟﻤﻴﺘﺔ ﺑﺪﻻً ﻣﻨﻬﺎ! ...ﻛﻤﺎ ﻫﻮ ﻣﺘﻮﻗّﻊ ﻣﻦ ﻣﻌﻠﻤﺘﻲ. .........ﻟﻜﻦ ﺍﻵﻥ، ﺃﺧﻴﺮًﺍ ﺃﺳﺘﻄﻴﻊ ﺃﻥ ﺃﻗﻮﻟﻬﺎ ﺑﻔﺨﺮ.""","""You fool, it was a difficult victory!! ............If I hadn't tricked her with the Quadruplet Towers, I would have been the one to die! ......As I would expect from my master. .........But now I may feel proud.""","""You fool, it was a difficult victory!! ............If I hadn't tricked her with the Quadruplet Towers, I would have been the one to die! ......As I would expect from my master. .........But now I may feel proud.""","""You fool, it was a difficult victory!! ............If I hadn't tricked her with the Quadruplet Towers, I would have been the one to die! ......As I would expect from my master. .........But now I may feel proud."""
{f:5:Beatrice},"""...Now, I have completely surpassed my master. Ronove. Make Master's remains a little better. ......I haven't lost my respect for her that much.""","""...Now, I have completely surpassed Teacher. Ronove, clean up Teacher's remains a bit. ...I haven't lost my respect for her that much."" ","...Now, I have completely surpassed Teacher. Ronove. Make Teacher's remains a little better. ......I haven't lost my respect for her that much.""",…妾は今こそ、お師匠様を完全に超えたとな。ロノウェ。お師匠様の亡骸をもう少しマシにしておけ。……妾もそこまで敬意を失ってはおらぬでな。」,「…妾は今こそ、お師匠様を完全に超えたとな。ロノウェ。お師匠様の亡骸をもう少しマシにしておけ。……妾もそこまで敬意を失ってはおらぬでな」,"""...Но теперь я полностью превзошла наставницу. Ронове. Поступи с её останками надлежащим образом. ......Я ещё не настолько потеряла к ней уважение.""","""...Agora eu finalmente superei minha professora por completo. Ronove. Faça os restos dela parecerem um pouco melhor. ......Eu ainda não perdi todo o meu respeito por ela.""",「…妾身在此刻，完全超越了师傅大人。罗诺威。师傅的亡骸，稍微让之好看点。……妾身还未失敬到这个地步。」,「…妾身在此刻，完全超越了師傅大人。羅諾威。師傅的亡骸，稍微讓之好看點。……妾身還未失敬到這個地步。」,"... A questo punto, ho sorpassato del tutto la Maestra. Ronove. Prenditi cura dei suoi resti. ... In fondo nutro ancora del rispetto per lei.""","""...Now, I have completely surpassed my master. Ronove. Make Master's remains a little better. ......I haven't lost my respect for her that much.""","""... Ahora, he sobrepasado completamente a mi maestra. Ronove. Arregla un poco sus restos... No le he perdido tanto el respeto.""","""...ﺃﻧﻲ، ﺃﻧﺎ ﺍﻵﻥ، ﻗﺪ ﺗﻔﻮﻗﺖُ ﻋﻠﻰ ﻣﻌﻠﻤﺘﻲ ﻛﻠﻴًﺎ. ﺭﻭﻧﻮﻑ. ﻟَﻤﻠِﻢ ﺑﻘﺎﻳﺎ ﻣﻌﻠﻤﺘﻲ ﺑﻮﻗﺎﺭ. ...... ﻓﺄﻧﺎ ﻣﺎ ﺯﻟﺖُ ﺃﻛﻦ ﻟﻬﺎ ﺑﻌﺾ ﺍﻹﺣﺘﺮﺍﻡ.""","""...Now, I have completely surpassed my master. Ronove. Make Master's remains a little better. ......I haven't lost my respect for her that much.""","""...Now, I have completely surpassed my master. Ronove. Make Master's remains a little better. ......I haven't lost my respect for her that much.""","""...Now, I have completely surpassed my master. Ronove. Make Master's remains a little better. ......I haven't lost my respect for her that much."""
Ronove,"""Certainly. Tonight's first twilight became a little too riotous. It will require some cleaning up. It shall be handled immediately. Goats, it is time to clean up.""","""Certainly. Tonight's first twilight became a little too riotous. A little cleanup will be necessary. I shall see to it immediately."" ""Goats, it is time to clean up."" ","""Certainly. Tonight's first twilight became a little too riotous. It will require some cleaning up. It shall be handled immediately. Goats, it is time to clean up.""",「かしこまりました。今宵の第一の晩は、少々派手に暴れすぎました。少しは片付けも必要でしょう。すぐに取り掛かります。山羊たちよ、お片づけの時間ですよ。」,「かしこまりました。今宵の第一の晩は、少々派手に暴れすぎました。少しは片付けも必要でしょう。すぐに取り掛かります。山羊たちよ、お片づけの時間ですよ」,"""Слушаюсь. Сегодняшние первые сумерки оказались более чем разгульными. Придётся как следует прибраться. С этим сей же час разберутся. Козлоголовые, за уборку.""","""Certamente. O primeiro crepúsculo desta noite acabou sendo um pouco tumultuado. Isto vai requerer uma limpeza. Eu devo cuidar disso imediatamente. Cabras, é hora da limpeza.""",「遵命。今宵的第一晚，稍微有点搞过头，有点显眼了呢。需要稍微收拾一下。我马上就办。山羊们，到收拾的时间了。」,「遵命。今宵的第一晚，稍微有點搞過頭，有點顯眼了呢。需要稍微收拾一下。我馬上就辦。山羊們，到收拾的時間了。」,"""Certamente. Il primo crepuscolo di stanotte è divenuto un po' troppo caotico. Sarà necessario fare delle pulizie. Me ne occuperò all'istante. Caproni, è tempo di riordinare.""","""Certainly. Tonight's first twilight became a little too riotous. It will require some cleaning up. It shall be handled immediately. Goats, it is time to clean up.""","""Como ordene. El primer crepúsculo de esta noche fue un poco accidentado. Requerirá algo de limpieza. Será manejado inmediatamente. Cabras, es hora de limpiar.""","""ﺣﺎﺿﺮ. ﺍﻟﻐﺴﻖ ﺍﻷﻭﻝ ﻟﻬﺬﻩ ﺍﻟﻠﻴﻠﺔ ﻛﺎﻥ ﻓﻮﺿﻮﻳًﺎ. ﻓﻤﻦ ﺍﻟﻼﺯﻡ ﺃﻥ ﺃﺭﺗﺐ ﻗﻠﻴﻼ. ﺳﺄﺑﺪﺃ ﺣﺎﻻ ﻳﺎ ﺳﻴﺪﺗﻲ. ﺃﻳﻬﺎ ﺍﻟﻤﺎﻋﺰ، ﻓﻠﻨﺒﺪﺃ ﺍﻟﺘﻨﻈﻴﻒ.""","""Certainly. Tonight's first twilight became a little too riotous. It will require some cleaning up. It shall be handled immediately. Goats, it is time to clean up.""","""Certainly. Tonight's first twilight became a little too riotous. It will require some cleaning up. It shall be handled immediately. Goats, it is time to clean up.""","""Certainly. Tonight's first twilight became a little too riotous. It will require some cleaning up. It shall be handled immediately. Goats, it is time to clean up."""
,"When Ronove snapped his fingers, blazing, sparkling eyes began to blink open in the shadows and darkness, becoming goat‐headed attendants, which appeared one after another, slowly out of the black.","When Ronove snapped his fingers, blazing, sparkling eyes began to blink open in the shadows and darkness, becoming goat-headed attendants that appeared one after another. ","When Ronove snapped his fingers, blazing, sparkling eyes began to blink open in the shadows and darkness, becoming goat-headed attendants, which appeared one after another.",ロノウェが指を鳴らすと、闇や影に爛々と輝く眼がぱちくりぱちくりと現れ、山羊頭の従者となって、次々ぬぅっと現れる。,ロノウェが指を鳴らすと、闇や影に爛々と輝く眼がぱちくりぱちくりと現れ、山羊頭の従者となって、次々ぬぅっと現れる。,"Когда Ронове щёлкнул пальцами, в тенях и во тьме стали мигать светящиеся сверкающие глаза, принадлежащие козлоголовым слугам, возникающим один за другим.","Quando Ronove estalou seus dedos, flamejantes e reluzentes olhos se abriram enquanto piscavam em meio às sombras e a escuridão, se tornando serventes com cabeças de cabra, que começara a surgir um depois do outro, lentamente vindos do vazio.",罗诺威打了个响指，从黑暗与阴影中，一闪一闪地出现了闪烁凶光的眼睛，化为了接连冒出的山羊头侍从。,羅諾威打了個響指，從黑暗與陰影中，一閃一閃地出現了閃爍凶光的眼睛，化為了接連冒出的山羊頭侍從。,"Quando Ronove schioccò le dita, scintillanti occhi infiammati si spalancarono nell'ombra e nell'oscurità, prendendo la forma di servitori con le teste di caproni, che comparivano uno dopo l'altro.","When Ronove snapped his fingers, blazing, sparkling eyes began to blink open in the shadows and darkness, becoming goat‐headed attendants, which appeared one after another, slowly out of the black.","Cuando Ronove chasqueó sus dedos, ojos flameantes y chispeantes comenzaron a parpadear en las sombras y la oscuridad, convirtiéndose en asistentes con cabeza de cabra, que aparecieron uno detrás del otro.",ﻋﻨﺪﻣﺎ ﻓﺮﻗﻊ ﺭﻭﻧﻮﻑ ﺃﺻﺎﺑﻌﻪ، ﻇﻬﺮﺕ ﺃﻋﻴﻦ ﻣﺸﻌﺔ ﻓﻲ ﺍﻟﻈﻼﻝ ﻭﺍﻟﻈﻼﻡ، ﻭﺃﺻﺒﺤﺖ ﺧﺪﻡ ﺫﻭ ﺭﺅﻭﺱ ﻣﺎﻋﺰ، ﻭﺑﺪﺅﻭﺍ ﺑﺎﻟﻘﺪﻭﻡ ﻣﻦ ﺍﻟﺴﻮﺍﺩ ﻭﺍﺣﺪًﺍ ﺗﻠﻮ ﺍﻵﺧﺮ.,"When Ronove snapped his fingers, blazing, sparkling eyes began to blink open in the shadows and darkness, becoming goat‐headed attendants, which appeared one after another, slowly out of the black.","When Ronove snapped his fingers, blazing, sparkling eyes began to blink open in the shadows and darkness, becoming goat‐headed attendants, which appeared one after another, slowly out of the black.","When Ronove snapped his fingers, blazing, sparkling eyes began to blink open in the shadows and darkness, becoming goat‐headed attendants, which appeared one after another, slowly out of the black."
,"One by one, they lined up behind Ronove's back, wordlessly standing at attention.","One by one, they wordlessly stood at attention in a line behind Ronove's back. "," One by one, they wordlessly stood at attention in a line behind Ronove's back.",それらは無言で畏まりながらロノウェの背後に次々並んだ。,それらは無言で畏まりながらロノウェの背後に次々並んだ。,"Не говоря ни слова, они встали в ряд за спиной Ронове.","Um por um, eles se alinharam atrás de Ronove, atentos, sem dizer nenhuma palavra.",他们一言不发，满怀敬畏地排在了罗诺威背后。,他們一言不發，滿懷敬畏地排在了羅諾威背後。,"Ad uno ad uno, formarono in silenzio una linea dietro la schiena di Ronove, in attesa.","One by one, they lined up behind Ronove's back, wordlessly standing at attention.","Uno a uno, se alinearon a espaldas de Ronove, en posición de firmes y sin mediar palabra.",ﺍﺻﻄﻔّﻮﺍ ﺧﻠﻒ ﺭﻭﻧﻮﻑ، ﺑﺼﻤﺖٍ ﻭﺧﺸﻮﻉ.,"One by one, they lined up behind Ronove's back, wordlessly standing at attention.","One by one, they lined up behind Ronove's back, wordlessly standing at attention.","One by one, they lined up behind Ronove's back, wordlessly standing at attention."
Ronove,"""What shall be done about the six bodies this time? Another locked‐room format?""","""This time, what shall be done about the six corpses? Another closed room pattern?"" ","""This time, what shall be done about the six corpses? Another closed room pattern?""",「この度は、６人の遺体をどのようにいたしますか？　また密室形式に？」,「この度は、６人の遺体をどのようにいたしますか？　また密室形式に？」,"""Как нам в этот раз поступить с шестью трупами? Опять запертая комната, но в ином расположении?""","""O que deve ser feito com os seis corpos desta vez? Outro formato de quarto fechado?""",「本次六人的遗体该怎么办呢？再以密室的形式？」,「本次六人的遺體該怎麼辦呢？再以密室的形式？」,"""Questa volta, cosa dobbiamo farne dei sei cadaveri? Un'altra stanza chiusa?""","""What shall be done about the six bodies this time? Another locked‐room format?""","""¿Qué haremos esta vez con los seis cadáveres? ¿Otro patrón de habitación cerrada?""","""ﺳﻴﺪﺗﻲ، ﻣﺎﺫﺍ ﻧﻔﻌَﻞ ﺑﺠﺜﺚ ﺍﻷﺷﺨﺎﺹ ﺍﻟﺴﺘّﺔ ﻫﺬﻩ ﺍﻟﻤﺮﺓ؟ ﻫﻞ ﻧﺮﺗّﺒﻬﻢ ﻣﺠﺪﺩًﺍ ﻋﻠﻰ ﻫﻴﺌﺔ ﺟﺮﻳﻤﺔ ﻓﻲ ﻏﺮﻓﺔ ﻣﻐﻠﻘﺔ؟""","""What shall be done about the six bodies this time? Another locked‐room format?""","""What shall be done about the six bodies this time? Another locked‐room format?""","""What shall be done about the six bodies this time? Another locked‐room format?"""
{f:5:Beatrice},"""......I am not in a mood to think now. I will leave it to you. ...An extraordinary locked room to torment Battler, if you would.""","""...I'm in no mood to think now. I will leave it to you, Ronove. ...An extraordinary closed room to torment Battler, if you would."" ","""......I am not in a mood to think now. I will leave it to you Ronove. ...An extraordinary closed room to torment Battler, if you would.""",「……妾は今、それを考える気分にない。ロノウェに任す。…戦人を悩ませるような、飛び切りの密室を頼むぞ。」,「……妾は今、それを考える気分にない。ロノウェに任す。…戦人を悩ませるような、飛びっきりの密室を頼むぞ」,"""......Я сейчас не в настроении думать на эту тему. Оставляю это тебе, Ронове. ...Если тебя не затруднит, создай необыкновенную запертую комнату, из‐за которой Баттлер на себе волосы рвать будет.""","""......Eu não estou no clima para pensar nisso agora. Deixarei isto com você.{n}...Um extraordinário quarto fechado para atormentar o Battler, se conseguir.""",「……妾身现在没有想这个的心情。交给罗诺威。…拜托来个能让战人苦恼的，非比寻常的密室。」,「……妾身現在沒有想這個的心情。交給羅諾威。…拜託來個能讓戰人苦惱的，非比尋常的密室。」,"""... Non sono dell'umore giusto per mettermi a pensare ora. Affido tutto a te Ronove. ... Una straordinaria stanza chiusa per tormentare Battler, per favore.""","""......I am not in a mood to think now. I will leave it to you. ...An extraordinary locked room to torment Battler, if you would.""","""... No estoy de humor para pensar ahora. Te lo dejaré a ti Ronove... Una extraordinaria habitación cerrada para atormentar a Battler, si puedes.""","""......ﻟﺴﺖُ ﻓﻲ ﻣﺰﺍﺝ ﻟﻠﺘﻔﻜﻴﺮ ﻓﻲ ﻫﺬﺍ ﺍﻵﻥ. ﺳﺄﺩﻉ ﻟﻚ ﺍﻷﻣﺮ. ...ﺟَﻬّﺰ ﻏﺮﻓﺔ ﻣﻐﻠﻘﺔ ﻣﻤﺘﺎﺯﺓ ﺗﻌﺼﺮ ﺩﻣﺎﻍ ﺑﺎﺗﻠﺮ.""","""......I am not in a mood to think now. I will leave it to you. ...An extraordinary locked room to torment Battler, if you would.""","""......I am not in a mood to think now. I will leave it to you. ...An extraordinary locked room to torment Battler, if you would.""","""......I am not in a mood to think now. I will leave it to you. ...An extraordinary locked room to torment Battler, if you would."""
Ronove,"""Certainly. It shall be extraordinary.""","""Certainly. Then it shall be extraordinary."" ","""Certainly. It shall be extraordinary.""",「かしこまりました。それでは飛び切りのを。」,「かしこまりました。それでは飛び切りのを」,"""Разумеется. Она будет необыкновенной.""","""Certamente. Deve ser extraordinário.""",「遵命。那么就非比寻常地来。」,「遵命。那麼就非比尋常地來。」,"""Certamente. Sarà straordinaria.""","""Certainly. It shall be extraordinary.""","""Como ordene. Será extraordinaria.""","""ﻛﻤﺎ ﺗﺄﻣﺮﻳﻦ. ﺳﺄﺑﺘﻜﺮ ﺷﻴﺌًﺎ... ﻣﺪﻫﺸًﺎ.""","""Certainly. It shall be extraordinary.""","""Certainly. It shall be extraordinary.""","""Certainly. It shall be extraordinary."""
{f:5:Beatrice},"""*cackle*cackle*cackle*, hahhhahaha{0}ha{0}ha{0}ha{0}hahaha...!! Allllright, where is Battler? Battleeeeer, did you watch my big momeeeeeeeeent??""","""*cackle*cackle*cackle* Hahhhahahahahahahahaha...!! Oookay, where's Battler? Battleeeeer, did you see my big momeeeeeeeeent??"" ","""*cackle*cackle*cackle*, hahhhahahahahahahahaha...!! A-lright, where is Battler? Battleeeeer, did you watch my big momeeeeeeeeent??""",「くっくくくくく、はっははははははははは…！！　そぅれ、戦人はどこだぁ？　戦人ぁああぁ、妾の大活躍、見ィたぁあぁあああぁぁ？？」,「くっくくくくく、はっははははははははは…！！　そぅれ、戦人はどこだぁ？　戦人ぁああぁ、妾の大活躍、見ィたぁあぁあああぁぁ？？」,"""*хи‐хи*хи‐хи*хи‐хи*, ха‐ха‐ха‐ха‐ха‐ха‐ха‐ха! Лады, где Баттлер? Баттле‐е‐ер, ну как, видал, какая я вся из себя?""","""*gargalhada*gargalhada*gargalhada*, hahhhahaha{0}ha{0}ha{0}ha{0}hahaha...!! Ceeeeertooo, onde está o Battler? Battleeeeer, você assistiu ao meu grande momeeenntooooooooo??""",「呵、呵呵呵呵呵，哈、哈哈哈哈哈哈哈哈哈…！！喂喂，战人在哪儿呢？战人————，看到妾身的大活跃没啊————————？？」,「呵、呵呵呵呵呵，哈、哈哈哈哈哈哈哈哈哈…！！喂喂，戰人在哪兒呢？戰人————，看到妾身的大活躍沒啊————————？？」,"""*cackle*cackle*cackle*, hahhhahahahahahahahaha...!! Va bene, dov'è Battler? Battleeeeer, hai ammirato la mia vittoriaaaaaaaaaa??""","""*cackle*cackle*cackle*, hahhhahaha{0}ha{0}ha{0}ha{0}hahaha...!! Allllright, where is Battler? Battleeeeer, did you watch my big momeeeeeeeeent??""","""¡¡*carcajada*carcajada*carcajada*, jaaaajajajajajajajaja!!... Muy bieeen, ¿dónde está Battler? ¿¿Battleeeeer, observaste mi gran momentooooooooo??""","""*ﻗﻬﻘﻬﺔ*ﻗﻬﻘﻬﺔ*ﻗﻬﻘﻬﺔ*، ﻫﺎﻫﺎﻫﺎﻫﺎ{0}ﻫﺎ{0}ﻫﺎ{0}ﻫﺎ{0}ﻫﺎﻫﺎﻫﺎ...!! ﻫﻴﺎﺍﺍ، ﺃﻳﻦ ﺃﻧﺖَ ﻳﺎ ﺑﺎﺗﻠﺮ؟ ﺑﺎﺍﺍﺍﺍﺍﺍﺍﺗﻠﺮ، ﻫﻞ ﺭﺃﻳﺖ ﻟﺤﻈﺎﺍﺍﺍﺕ ﺗﺄﻟﻘــــــﻲ؟""","""*cackle*cackle*cackle*, hahhhahaha{0}ha{0}ha{0}ha{0}hahaha...!! Allllright, where is Battler? Battleeeeer, did you watch my big momeeeeeeeeent??""","""*cackle*cackle*cackle*, hahhhahaha{0}ha{0}ha{0}ha{0}hahaha...!! Allllright, where is Battler? Battleeeeer, did you watch my big momeeeeeeeeent??""","""*cackle*cackle*cackle*, hahhhahaha{0}ha{0}ha{0}ha{0}hahaha...!! Allllright, where is Battler? Battleeeeer, did you watch my big momeeeeeeeeent??"""
Ushiromiya Battler,""".........Damn iiiiiiiiit... After being shown that screwed up magical storm, what can I deny?!""","""......Damn iiiiiiiiit... After being shown that screwed up magical storm, what can I deny?!"" ",""".........Damn iiiiiiiiit... After being shown that screwed up magical storm, what can I deny?! ",「………畜生ぉおおぉおぉ…。今の滅茶苦茶な魔法の嵐を見せ付けられて、俺は何を否定すればいいんだ？！,「………畜生ぉおおぉおぉ…。今の滅茶苦茶な魔法の嵐を見せ付けられて、俺は何を否定すればいいんだ？！」,""".........Твою ма‐а‐ать... Теперь, когда мне продемонстрировали эту долбанную магическую бурю, что я могу отрицать?!""",""".........Merdaaaaaaaaaaaaaaa... Depois de ver essa tempestade de magia insana, o que eu posso negar?!""",「………畜生——————…。目睹了刚才乱七八糟的魔法风暴，我该否定什么才好？！」,「………畜生——————…。目睹了剛才亂七八糟的魔法風暴，我該否定什麼才好？！」,"""... Dannazioneeeeee... dopo che mi hai mostrato quell'assurda bufera magica, che posso rinnegare?!",""".........Damn iiiiiiiiit... After being shown that screwed up magical storm, what can I deny?!""","""... Maldita seeeeeeeeea... Después de que me mostrasen esa fantástica tormenta mágica, ¡¿qué puedo negar?!""",""".........ﺗﺒﺎﺍﺍﺍﺍﺍﺍﺍﺍً... ﺑﻌﺪ ﻛﻞ ﻫﺬﻩ ﺍﻟﻌﻮﺍﺻﻒ ﺍﻟﺴﺤﺮﻳﺔ ﺍﻟﻤﺠﻨﻮﻧﺔ، ﻣﺎﺫﺍ ﺑﻘﻲ ﻟﻲ ﻷُﻧﻜﺮ؟!""",""".........Damn iiiiiiiiit... After being shown that screwed up magical storm, what can I deny?!""",""".........Damn iiiiiiiiit... After being shown that screwed up magical storm, what can I deny?!""",""".........Damn iiiiiiiiit... After being shown that screwed up magical storm, what can I deny?!"""
Ushiromiya Battler,"""Do witches exist, I ask?! After all those kabooms and kabangs, after being shown all that tremendous fantasy, what can I deny now?!! I don't get it anymore! It was like that last time too, but how can I deny that awesome, wonderful magical battle?!""","""Forget just witches existing! After being shown that tremendous, flashy fantasy, what can I deny now?!! I don't get it anymore! It was like that last time too, but how can I deny these awesome, wonderful magical battles?!"" ","Witches existing and everything! After being shown that tremendous fantasy, what can I deny now?!! I don't get it anymore! It was like that last time too, but how can I deny that awesome, wonderful magical battle?!""",魔女はいるも何も！　あんなどっかんどっかん、凄まじいファンタジーを見せ付けられて、今の俺は何を否定すりゃいいんだよ！！　もうわかんねぇッ！　前回もそうだが、このイカス素敵なマジカルバトルをどう否定すりゃいいんだよッ？！」,「魔女はいるも何も！　あんなどっかんどっかん、凄まじいファンタジーを見せ付けられて、今の俺は何を否定すりゃいいんだよ！！　もうわかんねぇッ！　前回もそうだが、このイカス素敵なマジカルバトルをどう否定すりゃいいんだよッ？！」,"""Ведьмы существуют и всё такое! После показа столь масштабной сказки, что я теперь могу отрицать?!! Я больше ничего не понимаю! И в прошлый раз тоже так было, но как я могу отрицать тот ошеломляющий, чудесный волшебный бой?!""","""Bruxas existem, pergunto eu?! Depois de todas essas explosões, depois de ver toda essas fantasias intensas, o que eu posso negar agora?! Eu não estou entendendo mais nada! É como da última vez, mas como eu vou negar essa incrível e maravilhosa batalha mágica?!""",「魔女有没有什么的！都目睹了那种轰隆轰隆的，夸张的幻想剧，现在的我到底该否定什么才好啊！！啥都搞不懂了！就跟上次一样，这酷炫华丽的魔法大战，该怎么否定才好啊？！」,「魔女有沒有什麼的！都目睹了那種轟隆轟隆的，誇張的幻想劇，現在的我到底該否定什麼才好啊！！啥都搞不懂了！就跟上次一樣，這酷炫華麗的魔法大戰，該怎麼否定才好啊？！」,"Streghe che esistono e tutto il resto! Dopo che ho visto quella roba surreale, cosa posso negare?!! Non ci capisco più nulla! Anche l'ultima volta è andata così, ma come posso dire che quella fantastica, stupefacente battaglia magica non sia avvenuta?!""","""Do witches exist, I ask?! After all those kabooms and kabangs, after being shown all that tremendous fantasy, what can I deny now?!! I don't get it anymore! It was like that last time too, but how can I deny that awesome, wonderful magical battle?!""","""¡La existencia de las brujas y todo eso! Después de todos esos kabooms y kabangs, después de que me mostraran toda esa tremenda fantasía, ¡¿qué puedo negar ahora?! ¡Ya no lo entiendo! Fue así la última vez también, pero ¡¿cómo puedo ahora negar esa asombrosa, maravillosa batalla mágica?!""","""ﺍﻧﺲ ﺇﻧﻜﺎﺭ ﺍﻟﺴﺎﺣﺮﺍﺕ! ﺑﻌﺪ ﻛﻞ ﺗﻠﻚ ﺍﻻﻧﻔﺠﺎﺭﺍﺕ ﻭﺍﻟﻀﺮﺑﺎﺕ، ﺑﻌﺪﻣﺎ ﺭﺃﻳﺖ ﻛﻞ ﺫﺍﻙ ﺍﻟﻘﺘﺎﻝ ﺍﻟﺨﻴﺎﻟﻲ، ﻣﺎ ﺍﻟﺬﻱ ﺑﻘﻲ ﻟﻲ ﻷﻧﻜﺮﻩ؟!! ﻣﺎ ﻋﺪﺕ ﺃﻓﻬﻢ ﺷﻴﺌًﺎ! ﻭﻛﺄﻧﻲ ﻛﻨﺖ ﺃﻓﻬﻢ ﺳﺎﺑﻘًﺎ ﺃﺻﻼً! ﻛﻴﻒ ﺃﻧﻜﺮ ﻫﺬﻩ ﺍﻟﻘﺘﺎﻻﺕ ﺍﻟﺴﺤﺮﻳﺔ ﺍﻟﺮﺍﺋﻌﺔ ﻭﺍﻟﻤﺬﻫﻠﺔ؟!""","""Do witches exist, I ask?! After all those kabooms and kabangs, after being shown all that tremendous fantasy, what can I deny now?!! I don't get it anymore! It was like that last time too, but how can I deny that awesome, wonderful magical battle?!""","""Do witches exist, I ask?! After all those kabooms and kabangs, after being shown all that tremendous fantasy, what can I deny now?!! I don't get it anymore! It was like that last time too, but how can I deny that awesome, wonderful magical battle?!""","""Do witches exist, I ask?! After all those kabooms and kabangs, after being shown all that tremendous fantasy, what can I deny now?!! I don't get it anymore! It was like that last time too, but how can I deny that awesome, wonderful magical battle?!"""
{f:5:Beatrice},"""I knoo~w, rii~ght?! After watching this, you can't talk your way out of it anymore, caaaan youuuuu??? Alright, Battler, let me hear some ridiculous reasoning, kuhhi{0}hhyah{0}hyahhya! Uhhiehhiehhyaaahhh!!""","""Iiisn't that riiight?! After watching this, you can't talk your way out of it, riiiiiiiight??? Okay, Battler, let me hear some ridiculous reasoning, khehhihhyahhyahhya! Ihhiehhiehhyaaahhh!!"" ","""I~sn't that ri~ght?! After watching this, you can't talk your way out of it, riiiiiiiight??? Alright, Battler, let me hear some ridiculous reasoning, kuhhihhyahhyahhya! Uhhiehhiehhyaaahhh!!""",「だぁ〜よなぁ〜？！　こんなの見ちまったらもう言い逃れは出来ねェもんなぁああぁ？？？　さぁ戦人ぁ、トンデモ推理を聞かせてくれよォ、くっひひゃっひゃっひゃっひゃッ！　うっひぇっひぇっひぇっひゃああぁあぁッ！！」,「だぁ〜よなぁ〜？！　こんなの見ちまったらもう言い逃れは出来ねェもんなぁああぁ？？？　さぁ戦人ぁ、トンデモ推理を聞かせてくれよォ、くっひひゃっひゃっひゃっひゃッ！　うっひぇっひぇっひぇっひゃああぁあぁッ！！」,"""Ве‐ерно же?! После такого зрелища ты больше не можешь отбрехаться, ве‐е‐ерно??? Ладно, Баттлер, давай послушаем твою нелепую аргументацию, ку‐хи‐хи‐хья‐хья! У‐хи‐хе‐хе‐хья‐а‐а‐а!!!""","""Eu se~i, cer~to?! Depois de assistir isso, não tem mais como você desconversar, temmmmmm??? Certo, Battler, deixe‐me ouvir algum raciocínio ridículo, kuhhi{0}hhyah{0}hyahhya! Uhhiehhiehhyaaahhh!!""",「也是啊～？！看了这个，就没法找借口了吧————？？？来～战人，让妾身听听你那异想天开的推理啊，咕、嘻吓、吓、吓、吓！呜、嘿、嘿、嘿、吓啊啊啊啊啊啊！！」,「也是啊～？！看了這個，就沒法找藉口了吧————？？？來～戰人，讓妾身聽聽你那異想天開的推理啊，咕、嘻嚇、嚇、嚇、嚇！嗚、嘿、嘿、嘿、嚇啊啊啊啊啊啊！！」,"""Proprio così~ eh~?! Dopo averla vista, non puoi trovare una via di fuga, veeerooooo??? E va bene, Battler, fammi sentire un po' dei tuoi ragionamenti ridicoli, kuhhihhyahhyahhya! Uhhiehhiehhyaaahhh!!""","""I knoo~w, rii~ght?! After watching this, you can't talk your way out of it anymore, caaaan youuuuu??? Alright, Battler, let me hear some ridiculous reasoning, kuhhi{0}hhyah{0}hyahhya! Uhhiehhiehhyaaahhh!!""","""¡Lo sééé, ¿verdad?! Después de mirar esto, no puedes encontrar una manera de negarlo, ¿¿cieeeerto?? Está bien, Battler, dejame escuchar algo de tu ridículo razonamiento, ¡kuhjihjiahjiahjia! ¡¡Uhjiehjiehjiaaahhh!!""","""ﺑﺎﻟﺾ~ﺑﻂ، ﺃﻟﻴﺲ ﻛﺬﻟﻠﻠﻚ؟! ﺑﻌﺪﻣﺎ ﺭﺃﻳﺖ ﻛﻞ ﻫﺬﺍ، ﻻ ﻳﻤﻜﻨﻚ ﺍﻟﺘﻬﺮﺏ ﻭﺍﻧﻜﺎﺭﻩ، ﺻﺤﻴﻴﻴﻴﻴﻴﻴﺢ؟؟؟  ﻫﻴﺎ ﻳﺎ ﺑﺎﺗﻠﺮ! ﺃﺭﻧﻲ ﺇﺣﺪﻯ ﻧﻈﺮﻳﺎﺗﻚ ﺍﻟﺠﻨﻮﻧﻴﺔ، ﻛﻮﻫﻲ{0}ﻫﻴﺎﻩ{0}ﻫﻴﺎﻫﻴﺎ! ﻫﻴﻴﺎﻳﻬﻴﺎﻳﺎﻫﺎﻳﻴﺎ!!""","""I knoo~w, rii~ght?! After watching this, you can't talk your way out of it anymore, caaaan youuuuu??? Alright, Battler, let me hear some ridiculous reasoning, kuhhi{0}hhyah{0}hyahhya! Uhhiehhiehhyaaahhh!!""","""I knoo~w, rii~ght?! After watching this, you can't talk your way out of it anymore, caaaan youuuuu??? Alright, Battler, let me hear some ridiculous reasoning, kuhhi{0}hhyah{0}hyahhya! Uhhiehhiehhyaaahhh!!""","""I knoo~w, rii~ght?! After watching this, you can't talk your way out of it anymore, caaaan youuuuu??? Alright, Battler, let me hear some ridiculous reasoning, kuhhi{0}hhyah{0}hyahhya! Uhhiehhiehhyaaahhh!!"""
Ronove,"""Milady, your laugh is undignified.""","""Milady, your laugh is becoming undignified."" ","""Milady, your laugh is undignified.""",「お嬢様、笑いに品がございませんよ。」,「お嬢様、笑いに品がございませんよ」,"""Миледи, ваш смех неизящен.""","""Ojou‐sama, sua risada não é nada elegante.""",「小姐，您笑得很没品。」,「小姐，您笑得很沒品。」,"""Milady, la sua risata manca di eleganza.""","""Milady, your laugh is undignified.""","""Milady, su risa es indigna.""","""ﺿﺤﻜﺘﻚ ﺗﻔﺘﻘﺮ ﺇﻟﻰ ﺍﻟﻠﺒﺎﻗﺔ ﻳﺎ ﺳﻴﺪﺗﻲ.""","""Milady, your laugh is undignified.""","""Milady, your laugh is undignified.""","""Milady, your laugh is undignified."""
{f:5:Beatrice},"""Oh, my apologies. But I am not to blame.""","""Oh, my apologies. But that isn't my fault. ","""Oh, my apologies. But that isn't my fault. ",「おお、これは済まぬ。しかし妾の責任ではないぞ。,「おお、これは済まぬ。しかし妾の責任ではないぞ」,"""О, мои извинения. Но это не моя вина.""","""Ora, eu peço desculpas. Mas não é minha culpa.""",「哦哦，这可抱歉呢。不过，这不是妾身的责任哦。」,「哦哦，這可抱歉呢。不過，這不是妾身的責任哦。」,"""Ohhh, le mie scuse. Ma non è colpa mia.","""Oh, my apologies. But I am not to blame.""","""Oh, perdón. Pero yo no tengo la culpa.""","""ﺃﻭﻩ، ﺁﺳﻔﺔ، ﺁﺳﻔﺔ. ﻭﻟﻜﻨﻬﺎ ﻟﻴﺴﺖ ﻏﻠﻄﺘﻲ.","""Oh, my apologies. But I am not to blame.""","""Oh, my apologies. But I am not to blame.""","""Oh, my apologies. But I am not to blame."""
{f:5:Beatrice},"""After all, when Battler tightly closes his eyes, grinds his teeth and shows me that ever‐so‐bitter expression, it just automatically slips out of my mouth, you seeee... Kuhhihihhyahhyahaah!!""","After all, if Battler tightly closes his eyes, grinds his teeth, and shows me that ever so bitter expression, it just automatically slips out of my mouth, you seeee... Kuhhihihhyahhyahaah!!"" ","After all, if Battler tightly closes his eyes, grinds his teeth and shows me that ever so bitter expression, it just automatically slips out of my mouth, you seeee... Kuhhihihhyahhyahaah!!""",何しろ戦人に、キュゥっと両目を硬く閉じてキリキリギリギリ歯軋りする、なぁんとも悔しそうなその表情を見せられると、自然と妾の口から零れてしまうものでなぁああぁ…。くっひひっひゃっひゃっはァ！！」,「何しろ戦人に、キュゥっと両目を硬く閉じてキリキリギリギリ歯軋りする、なぁんとも悔しそうなその表情を見せられると、自然と妾の口から零れてしまうものでなぁああぁ…。くっひひっひゃっひゃっはァ！！」,"""Ведь если Баттлер крепко закрывает глаза, стискивает зубы и показывает мне ещё больше горьких выражений лица, он сам собой покидает мой рот... Ку‐хи‐хи‐хья‐хья!""","""Afinal, quando o Battler fecha seus olhos, range os dentes e me mostra essa expressão cada vez mais amarga, escorrega da minha boca sem que eu possa evitar, entendeeeee...? Kuhhihihhyahhyahaah!!""",「毕竟，看了战人那副啾地闭紧双眼喀吱喀吱噶吱噶吱咬牙切齿，无比郁闷的表情，它就自然而然地从妾身口中流出来了…。咕、嘻嘻、吓、吓、哈！！」,「畢竟，看了戰人那副啾地閉緊雙眼喀吱喀吱噶吱噶吱咬牙切齒，無比郁悶的表情，它就自然而然地從妾身口中流出來了…。咕、嘻嘻、嚇、嚇、哈！！」,"Dopotutto, se Battler chiude gli occhi, stringe i denti e mi mostra quell'espressione così amareggiata, quella risata mi esce dalla bocca automaticamente, vediiii... kuhhihihhyahhyahaah!!""","""After all, when Battler tightly closes his eyes, grinds his teeth and shows me that ever‐so‐bitter expression, it just automatically slips out of my mouth, you seeee... Kuhhihihhyahhyahaah!!""","""Después de todo, si Battler cierra sus ojos fuertemente, enseña sus dientes y me muestra esa expresión tan amargada, se me escapa automáticamente de la boca, miraaa... ¡¡Kuhjijihjiahjiajaah!!""","""ﺣﻴﻦ ﻳُﻈﻬﺮ ﻟﻲ ﺑﺎﺗﻠﺮ ﻣﻼﻣﺤﻪ ﺍﻟﺒﺎﺋﺴﺔ، ﻭﻳﻐﻠﻖ ﻋﻴﻨﻴﻪ ﺑﺸﺪﺓ ﻭﻳﺼﺮّ ﻋﻠﻰ ﺃﺳﻨﺎﻧﻪ ﻗﻬﺮًﺍ، ﻓﺈﻥ ﺍﻟﻀﺤﻜﺔ ﺗﺨﺮﺝ ﻣﻦ ﻓﻤﻲ ﺑﺪﻭﻥ ﻗﺼﺪﺩﺩﺩﺩ... ﻛﻮﻫﻬﻴﺎﻫﺎﻳﻬﻬﺎﻳﻬﺎﻳﺎﻳﺎﺍ!!""","""After all, when Battler tightly closes his eyes, grinds his teeth and shows me that ever‐so‐bitter expression, it just automatically slips out of my mouth, you seeee... Kuhhihihhyahhyahaah!!""","""After all, when Battler tightly closes his eyes, grinds his teeth and shows me that ever‐so‐bitter expression, it just automatically slips out of my mouth, you seeee... Kuhhihihhyahhyahaah!!""","""After all, when Battler tightly closes his eyes, grinds his teeth and shows me that ever‐so‐bitter expression, it just automatically slips out of my mouth, you seeee... Kuhhihihhyahhyahaah!!"""
Ronove,"""Come, Battler‐sama. Why don't you return to the table without losing heart? Milady is expecting your counterattack, you see...?""","""So, Battler-sama, why don't you return to the table without losing heart? Milady is expecting your counterattack, you see...?"" ","""So, Battler-sama. Why don't you return to the table without losing heart? Milady is expecting your counterattack, you see...?""",「さぁ、戦人さま。挫けずにテーブルへお戻りを。お嬢様は戦人さまの反撃を期待されておりますよ…？」,「さぁ、戦人さま。挫けずにテーブルへお戻りを。お嬢様は戦人さまの反撃を期待されておりますよ…？」,"""Итак, Баттлер‐сама. Почему бы вам, не отчаиваясь, не возвратиться к игровому столу? Миледи ожидает контратаки, вы понимаете?""","""Vamos, Battler‐sama. Por que não retorna à mesa sem desanimar?{n}A ojou‐sama está esperando pelo seu contra‐ataque, certo...?""",「来，战人少爷。请不要气馁，回到桌边。小姐正期待着战人少爷的反击哦…？」,「來，戰人少爺。請不要氣餒，回到桌邊。小姐正期待著戰人少爺的反擊哦…？」,"""Ebbene, Battler-sama. Perché non torna al tavolo senza perdersi d'animo? Milady è in attesa del suo contrattacco, capisce...?""","""Come, Battler‐sama. Why don't you return to the table without losing heart? Milady is expecting your counterattack, you see...?""","""Entonces, Battler‐sama. ¿Por qué no vuelve a la mesa sin desanimarse? Milady está esperando su contraataque, ¿entiende?...""","""ﻟﺬﺍ ﻳﺎ ﺑﺎﺗﻠﺮ-ﺳﺎﻣﺎ، ﻟﻢ ﻻ ﺗﻌﻮﺩ ﺇﻟﻰ ﺍﻟﻄﺎﻭﻟﺔ ﺑﺪﻭﻥ ﺃﻥ ﺗﺴﺘﺴﻠﻢ؟ ﺳﻴﺪﺗﻲ ﺗﺘﻄﻠﻊ ﻟﻬﺠﻮﻣﻚ ﺍﻟﻤﻀﺎﺩ ﻛﻤﺎ ﺗﺮﻯ...""","""Come, Battler‐sama. Why don't you return to the table without losing heart? Milady is expecting your counterattack, you see...?""","""Come, Battler‐sama. Why don't you return to the table without losing heart? Milady is expecting your counterattack, you see...?""","""Come, Battler‐sama. Why don't you return to the table without losing heart? Milady is expecting your counterattack, you see...?"""
Ushiromiya Battler,"""Fuck you!! How the hell can I make a counterargument?!""","""Quit messing with me!! How the hell can I make a counterargument?!"" ","""Quit messing with me!! How the hell can I make a counterargument?! ",「ふざけるなッ！！　何をどう反論すりゃいいってんだッ？！,「ふざけるなッ！！　何をどう反論すりゃいいってんだッ？！」,"""Не грузи меня! Какой, чёрт побери, контраргумент я могу привести?!""","""Que se dane!! Como que eu vou argumentar contra isso?!""",「开什么玩笑！！要让我怎么反驳啊？！」,「開什麼玩笑！！要讓我怎麼反駁啊？！」,"""Piantatela di prendermi in giro!! Come diavolo mi creo un contro-argomento?!","""Fuck you!! How the hell can I make a counterargument?!""","""¡¡Dejen de jugar conmigo!! ¡¿Cómo demonios puedo hacer un contraargumento?!""","""ﺍﻟﻌﻘﻪ!! ﺑﻤﺎﺫﺍ ﻳﻔﺘﺮﺽ ﺑﻲ ﺃﻥ ﺃﺭﺩ؟!""","""Fuck you!! How the hell can I make a counterargument?!""","""Fuck you!! How the hell can I make a counterargument?!""","""Fuck you!! How the hell can I make a counterargument?!"""
Ushiromiya Battler,"""In the first place, this has all been fucked up since about the time that the tower sprouted up out of the earth!! Should I say that, actually, underground on Rokkenjima, there's a secret laboratory for massive transforming combining robots or something, and that by pushing a button, a strange tower sprouts up?!""","""In the first place, everything was already screwed up when that tower sprouted up out of the earth!! Should I say that, under the ground in Rokkenjima, there's a secret laboratory for building super-alloy combining robots or something, and that pushing a button can make these strange towers sprout up?! ","In the first place, since about the time that the tower sprouted up out of the earth, everything was already screwed up!! Should I say that, actually, underground on Rokkenjima, there's a secret laboratory for super-alloy combining robots or something, and that by pushing a button, a strange tower sprouts up?!",まず、あの塔が地面から生えてきた辺りからもう滅茶苦茶だろうがッ！！　実は六軒島の地下に、超合金の合体ロボの秘密研究所でもあって、ボタンひとつでおかしな塔が生えてくるってのか？！,「まず、あの塔が地面から生えてきた辺りからもう滅茶苦茶だろうがッ！！　実は六軒島の地下に、合体変形巨大ロボの秘密研究所でもあって、ボタンひとつでおかしな塔が生えてくるってのか？！」,"""С самого начала, когда та башня вылезла из‐под земли, всё уже пошло наперекосяк! Мне сказать, что под Роккенджимой на самом деле скрывается тайная лаборатория для разработки роботов из супер‐комбинированного сплава, или что‐то в этом роде, и что после нажатия кнопки вылезли странные башни?!""","""Em primeiro lugar, isso tudo não faz sentido algo desde a primeira vez que aquela torre brotou do meio do nada!! Eu deveria dizer que, na verdade, sob Rokkenjima, existe um laboratório secreto para transformações massivas combinando robôs ou algo assim, e apertando um botão, uma torre estranha brota do chão?!""",「首先，那塔从地面长出来的部分，就已经乱七八糟了！！难道说，其实在六轩岛的地下，有合体变形巨大机器人的秘密研究所，按一个按钮就能长出塔来吗？！」,「首先，那塔從地面長出來的部分，就已經亂七八糟了！！難道說，其實在六軒島的地下，有合體變形巨大機器人的秘密研究所，按一個按鈕就能長出塔來嗎？！」,"Innanzitutto, sin dal momento in cui quella torre è sbucata da terra, tutto era già andato a rotoli!! Dovrei dire che, in realtà, sotto il suolo di Rokkenjima, c'è un laboratorio segreto dove creano robot in super leghe metalliche che si assemblano tra loro o roba simile, e che premendo un tasto, una strana torre esce dal suolo?!","""In the first place, this has all been fucked up since about the time that the tower sprouted up out of the earth!! Should I say that, actually, underground on Rokkenjima, there's a secret laboratory for massive transforming combining robots or something, and that by pushing a button, a strange tower sprouts up?!""","""En primer lugar, desde el momento en que la torre había brotado de la tierra, ¡¡ya todo estaba retorcido!! ¡¿Debería decir que, la verdad, bajo Rokkenjima, hay un laboratorio secreto de super aleación combinado con robots o algo así, y que al pulsar un botón, una extraña torre brota hacia arriba?!""","""ﻣﻦ ﺍﻷﺳﺎﺱ، ﻛﻞ ﺷﻲﺀٍ ﻟﻢ ﻳﻌﺪ ﻣﻨﻄﻘﻴًﺎ ﻣﻨﺬ ﺧﺮﻭﺝ ﺫﻟﻚ ﺍﻟﺒﺮﺝ ﻣﻦ ﺍﻷﺭﺽ!! ﻫﻞ ﺗﻘﻮﻟﻮﻥ ﺇﻥ ﻫﻨﺎﻙ ﻣﺨﺘﺒﺮًﺍ ﺳﺮﻳًﺎ ﺗﺤﺖ ﺭﻭﻛﻴﻨﺠﻴﻤﺎ ﻳﺼﻨﻊ ﺭﻭﺑﻮﺗﺎﺕ ﻋﻤﻼﻗﺔ؟ ﻭﻣﻦ ﺍﻟﻤﻤﻜﻦ ﺑﻀﻐﻄﺔ ﺯﺭ ﺇﺧﺮﺍﺝ ﻫﺬﻩ ﺍﻷﺑﺮﺍﺝ؟!""","""In the first place, this has all been fucked up since about the time that the tower sprouted up out of the earth!! Should I say that, actually, underground on Rokkenjima, there's a secret laboratory for massive transforming combining robots or something, and that by pushing a button, a strange tower sprouts up?!""","""In the first place, this has all been fucked up since about the time that the tower sprouted up out of the earth!! Should I say that, actually, underground on Rokkenjima, there's a secret laboratory for massive transforming combining robots or something, and that by pushing a button, a strange tower sprouts up?!""","""In the first place, this has all been fucked up since about the time that the tower sprouted up out of the earth!! Should I say that, actually, underground on Rokkenjima, there's a secret laboratory for massive transforming combining robots or something, and that by pushing a button, a strange tower sprouts up?!"""
Ushiromiya Battler,"""Right, and then those huge giants must be robots, or maybe an evil secret association's mecha‐monsters?!""","Right, and then those huge giants must be the robots, or maybe an evil secret association's mecha-monsters?!"" "," Right, and then those huge giants must be the robots, or maybe an evil secret association's mecha-monsters?! ",　あぁそれならあのデケェ巨人どもはきっとロボットだぜ、あるいは悪の秘密結社のメカ怪獣かもな？！,「あぁそれならあのデケェ巨人どもはきっとロボットだぜ、あるいは悪の秘密結社のメカ怪獣かもな？！」,"""Точно, тогда те гигантские монстры, должно быть, роботы, или, наверное, тайная ассоциация меха‐монстров?!""","""Certo, e então aqueles gigantes imensos devem ser robôs, ou talvez uma associação secreta de monstros‐mecha maligna?!""",「啊——，若是如此的话，那些巨大的巨人们也一定是机器人，又或者说，是邪恶秘密结社的机器怪兽吗？！」,「啊——，若是如此的話，那些巨大的巨人們也一定是機器人，又或者說，是邪惡秘密結社的機器怪獸嗎？！」,"Giusto, e poi quei giganti enormi devono essere robot, oppure i mecha mostruosi di una malvagia società segreta?!","""Right, and then those huge giants must be robots, or maybe an evil secret association's mecha‐monsters?!""","""¡Cierto, entonces esos gigantes enormes deben ser robots, o tal vez el monstruo mecánico de una malvada asociación secreta!""","ﺻﺤﻴﺢ، ﻭﻻ ﺑﺪ ﺃﻥ ﺃﻭﻟﺌﻚ ﺍﻟﻌﻤﺎﻟﻘﺔ ﻛﺎﻧﻮﺍ ﺭﺟﺎﻻ ﺁﻟﻴﻴﻦ ﺃﻳﻀﺎ، ﺃﻭ ﺭﺑﻤﺎ ﻭﺣﻮﺵ ﺁﻟﻴﺔ ﺗﺎﺑﻌﺔ ﻟﻤﻨﻈﻤﺔ ﺷﺮﻳﺮﺓ؟!""","""Right, and then those huge giants must be robots, or maybe an evil secret association's mecha‐monsters?!""","""Right, and then those huge giants must be robots, or maybe an evil secret association's mecha‐monsters?!""","""Right, and then those huge giants must be robots, or maybe an evil secret association's mecha‐monsters?!"""
Ushiromiya Battler,"""It makes no goddamn sense!! Don't talk to meeeeeeeeeee, uuo{0}o{0}o{0}o{0}o{0}o{0}o{0}o{0}o{0}o{0}o{0}o{0}o{0}o{0}o{0}o{0}oohhh!!!""","""I don't get it!! Don't talk to meeeeeeeeeee, gwaaaaaaaaaaaaaahhh!!!"" ","I don't get it!! Don't talk to meeeeeeeeeee, uuoooooooooooooooooohhh!!!""",わけわかんねぇえよ！！　俺に話し掛けるんじゃねええええぇええぇ、うおおおおぉおおおおおおおぉおッ！！！」,「わけわかんねぇえよ！！　俺に話し掛けるんじゃねええええぇええぇ、うおおおおぉおおおおおおおぉおッ！！！」,"""Не понимаю! Не разговаривайте со мной, уо‐о‐о‐о‐о‐о‐о‐о‐о‐о‐о‐о!!!""","""Não faz sentido nenhum!!!! Não fale comigooooo, uuo{0}o{0}o{0}o{0}o{0}o{0}o{0}o{0}o{0}o{0}o{0}o{0}oohhh!!!""",「莫名其妙！！别来和我说话————————，呜哦哦哦哦哦哦哦哦哦哦哦哦哦哦哦！！！」,「莫名其妙！！別來和我說話————————，嗚哦哦哦哦哦哦哦哦哦哦哦哦哦哦哦！！！」,"Non capisco piùùù!! Statevene zittiiiiiii, uuoooooooooooooooooohhh!!!""","""It makes no goddamn sense!! Don't talk to meeeeeeeeeee, uuo{0}o{0}o{0}o{0}o{0}o{0}o{0}o{0}o{0}o{0}o{0}o{0}o{0}o{0}o{0}o{0}oohhh!!!""","""¡¡No lo entiendo!! ¡¡¡No me hableeeeeeeeeeen, uuoooooooooooooooooohhh!!!""","""ﻻ ﻳﻤﻜﻨﻨﻲ ﺇﺳﺘﻴﻌﺎﺏ ﺃﻱ ﺷﻲﺀ!! ﻻ ﺗﺘﺤﺪﺛﻲ ﺇﻟﻴﻴﻴﻴﻴﻴﻲ، ﺃﻭﻭ{0}ﻭ{0}ﻭ{0}ﻭ{0}ﻭ{0}ﻭ{0}ﻭ{0}ﻭ{0}ﻭ{0}ﻭ{0}ﻭ{0}ﻭ{0}ﻭ{0}ﻭ{0}ﻭ{0}ﻭ{0}ﻭ{0}ﻭﻭﻭﻩ!!""","""It makes no goddamn sense!! Don't talk to meeeeeeeeeee, uuo{0}o{0}o{0}o{0}o{0}o{0}o{0}o{0}o{0}o{0}o{0}o{0}o{0}o{0}o{0}o{0}oohhh!!!""","""It makes no goddamn sense!! Don't talk to meeeeeeeeeee, uuo{0}o{0}o{0}o{0}o{0}o{0}o{0}o{0}o{0}o{0}o{0}o{0}o{0}o{0}o{0}o{0}oohhh!!!""","""It makes no goddamn sense!! Don't talk to meeeeeeeeeee, uuo{0}o{0}o{0}o{0}o{0}o{0}o{0}o{0}o{0}o{0}o{0}o{0}o{0}o{0}o{0}o{0}oohhh!!!"""
{f:5:Beatrice},"""C'mon c'mon c'mon c'mon, don't cry, alright?? Kaboom, kabang, it's magic!!""","""Look, look, look, look, don't cry, okay?? Bang bang, it's magic!! ","""Look look look look, don't cry, alright?? Bang bang, it's magic!!",「ほらほらほらほら、泣くなよォ？？　魔法でどっかんどっかんッ！！,「ほらほらほらほら、泣くなよォ？？　魔法でどっかんどっかんッ！！」,"""Смотри‐смотри‐смотри‐смотри, не плачь, хорошо? Бац, бац — и магия!""","""Vamos vamos vamos vamos, não chore, certo?? Kaboom, kabang, é magia!!""",「喂喂喂喂，别哭啊？？魔法轰隆轰隆！！」,「喂喂喂喂，別哭啊？？魔法轟隆轟隆！！」,"""Su, su, su, su, non piangere, ok?? Bang, bang, è magia!!","""C'mon c'mon c'mon c'mon, don't cry, alright?? Kaboom, kabang, it's magic!!""","""Vamos vamos vamos vamos, no llores, ¿de acuerdo? ¡¡Bang bang, es magia!!""","""ﻫﻴﺎ ﻫﻴﺎ ﻫﻴﺎ ﻫﻴﺎ، ﻻ ﺗﺒﻜﻲ ﺃﺭﺟﻮﻙ. ﻛﺎﺑﻮﻡ ﻭﻛﺎﺑﺎﻧﻖ، ﺇﻧﻪ ﻣﺠﺮﺩ ﺳﺤﺮ!!""","""C'mon c'mon c'mon c'mon, don't cry, alright?? Kaboom, kabang, it's magic!!""","""C'mon c'mon c'mon c'mon, don't cry, alright?? Kaboom, kabang, it's magic!!""","""C'mon c'mon c'mon c'mon, don't cry, alright?? Kaboom, kabang, it's magic!!"""
{f:5:Beatrice},"""If you want, I'll crush the moon and make comets fall like rain! I can even bury the whole island in those bouncy‐chested babes you like so much, seeeeeeeeee?? Hihhihhihhihhi!!""","If you want, I'll crush the moon and make comets fall like rain! I can even bury the whole island in those massive-breasted nee-chans you like so much, seeeeeeeeee?? Hihhihhihhihhi!!"" "," If you want, I'll crush the moon and make comets fall like rain! I can even bury the whole island in those massive-breasted nee-chans you like so much, seeeeeeeeee?? Hihhihhihhihhi!! ",　そなたが望むなら、月だって砕くし、彗星を雨のようにだって降らすさぁ！お前好みの巨乳姉ちゃんで島を埋め尽くしてやってもいいんだぜぇええぇ？？　ひっひっひっひ！！,「そなたが望むなら、月だって砕くし、彗星を雨のようにだって降らすさぁ！　お前好みのムチムチ姉ちゃんで島を埋め尽くしてやってもいいんだぜぇええぇ？？　ひっひっひっひ！！」,"""Если хочешь, я раздавлю луну и вызову дождь из комет! Я даже могу завалить весь остров так нравящимися тебе грудастыми девицами, улавливаешь? Хи‐хи‐хи‐хи‐хи‐хи‐хи!""","""Se quiser, eu posso esmagar a Lua e fazer cometas caírem como chuva!{n}Eu posso até enterrar toda a ilha no meio das coxas voluptuosas das irmãs que você tanto gosta, que taaaaaaalll? Hihhihhihhihhi!!""",「汝如果想要的话，就连月亮都可以击碎，让彗星像雨一样落下也没问题！用你所好的巨乳姐姐把岛埋了也是可以的哦？？嘿嘿嘿嘿！！」,「汝如果想要的話，就連月亮都可以擊碎，讓彗星像雨一樣落下也沒問題！用你所好的巨乳姐姐把島埋了也是可以的哦？？嘿嘿嘿嘿！！」,"Se vuoi, ridurrò la luna in pezzi e farò cadere comete come stesse piovendo! Posso anche seppellire l'intera isola con quelle donnette col seno enorme che ti piacciono tanto, saaaaiiiii?? Hihhihhihhihhi!!","""If you want, I'll crush the moon and make comets fall like rain! I can even bury the whole island in those bouncy‐chested babes you like so much, seeeeeeeeee?? Hihhihhihhihhi!!""","""¡Si quieres, aplastaré a la luna y haré que caigan cometas como lluvia! Puedo inundar la isla entera con esas nee-chans de enormes pechos que tanto te encantan, ¿¿veeeeeeeees?? ¡¡Jijijijijijijijiji!!""","""ﺇﺫﺍ ﺃﺭﺩﺕ، ﺳﺄﺳﺤﻖ ﺍﻟﻘﻤﺮ ﻭﺃﺟﻌﻞ ﺍﻟﻤﺬﻧﺒﺎﺕ ﺗﺴﻘﻂ ﻛﺎﻟﻤﻄﺮ! ﻳﻤﻜﻨﻨﻲ ﺣﺘﻰ ﺇﻏﺮﺍﻕ ﺍﻟﺠﺰﻳﺮﺓ ﺑﺄﻛﻤﻠﻬﺎ ﺑﺘﻠﻚ ﺍﻟﻔﺘﻴﺎﺕ ﺫﻭﺍﺕ ﺍﻷﺛﺪﺍﺀ ﺍﻟﻜﺒﻴﺮﺓ ﺍﻟﺘﻲ ﺗﺤﺒﻬﺎ ﻛﺜﻴﺮًﺍ. ﻫﻴﻴﻴﻴﻬﺎﻫﺎﻫﺎﻫﺎ!!!""","""If you want, I'll crush the moon and make comets fall like rain! I can even bury the whole island in those bouncy‐chested babes you like so much, seeeeeeeeee?? Hihhihhihhihhi!!""","""If you want, I'll crush the moon and make comets fall like rain! I can even bury the whole island in those bouncy‐chested babes you like so much, seeeeeeeeee?? Hihhihhihhihhi!!""","""If you want, I'll crush the moon and make comets fall like rain! I can even bury the whole island in those bouncy‐chested babes you like so much, seeeeeeeeee?? Hihhihhihhihhi!!"""
{f:5:Beatrice},"""Come come, look look look, my turn is over, seeeeeeeeee?! Show me your response, counterattack!! You can't, can yoooooouuu? I'm a quadrillion percent sure that you can't!! You're useless against this, riiiiiiiiiight? You actually like this kind of fantasy, don't yooooouuu??""","""Come on, come on, look, look, look, my turn's over, seeeeeeeeee?! Show me your response, launch your counterattack!! You can't, can yoooooouuu? Accept that there's a quadrillion things you can't do!! You're useless against this, riiiiiiiiiight? You actually like this kind of fantasy, don't yooooouuu??"" ","Come come, look look look, my turn is over, seeeeeeeeee?! Show me your response, counterattack!! You can't, can yoooooouuu? Accept that there's a quadrillion things you can't do!! You're useless against this, riiiiiiiiiight? You actually like this kind of fantasy, don't yooooouuu?? ",さぁさぁ、ほらほらほら、妾の手番は終わったぜえええぇえ？！　受け手を指せよ、反撃しろよ！！　出来ねぇだろォオオォ？　出来ねぇのは千兆も承知よォ！！　お前、こういうのダメだもんなぁあぁあぁ？　こういうファンタジー、本当は大好きなんだもんなああぁ？？,「さぁさぁ、ほらほらほら、妾の手番は終わったぜえええぇえ？！　受け手を指せよ、反撃しろよ！！　出来ねぇだろォオオォ？　出来ねぇのは千兆も承知よォ！！　お前、こういうのダメだもんなぁあぁあぁ？　こういうファンタジー、本当は大好きなんだもんなああぁ？？」,"""Ну же, ну же, смотри‐смотри‐смотри, мой ход завершён, види‐и‐ишь?! Ответь мне, проведи контратаку! Ведь не можешь же, ве‐ерно? Прими, что существует квадриллион вещей, свершение которых тебе не под силу! Ты бесполезен против такого, ви‐идишь? Тебе ведь нравится такая сказка, не так ли?""","""Vamos vamos, veja veja veja, minha vez já acabou, entendeeeeeuu?! Me mostre sua resposta, seu contra‐ataque!! Você não consegue, consegueeeeeee? Eu tenho um quatrilhão por cento de certeza que você não consegue!! Você é inútil contra isso, não é? Na verdade, você aaama esse tipo de fantasia, não aaaama??""",「来来——，瞧瞧瞧，妾身的回合已经结束了哦？！来下对应的棋呀，来反击呀！！做不到吧————？妾身千兆个知道，你没辙！！你呀，拿这种玩意没办法吧？像这种幻想剧，你其实喜欢的不得了吧？？」,「來來——，瞧瞧瞧，妾身的回合已經結束了哦？！來下對應的棋呀，來反擊呀！！做不到吧————？妾身千兆個知道，你沒轍！！你呀，拿這種玩意沒辦法吧？像這種幻想劇，你其實喜歡的不得了吧？？」,"Andiamo, andiamo, guarda, guarda, guarda, il mio turno si è concluso, vediiiii?! Fammi vedere la tua risposta, il tuo contrattacco!! Non puoi farlo, non è cosìììììììì? Accetta che ci sono miliardi di miliardi di cose che non puoi fare!! Non puoi proprio farci nulla, verooooooooo? In realtà il fantastico ti piace, non è cosììììììì??","""Come come, look look look, my turn is over, seeeeeeeeee?! Show me your response, counterattack!! You can't, can yoooooouuu? I'm a quadrillion percent sure that you can't!! You're useless against this, riiiiiiiiiight? You actually like this kind of fantasy, don't yooooouuu??""","""Vamos vamos, mira mira mira, mi turno acabó, ¡¿veeeeeeees?! Muéstrame tu respuesta, ¡¡contrataca!! No puedes, ¿o síííííííí? ¡¡¡Estoy un cuatrillón por ciento segura de que no puedes!! Eres inútil contra esto, ¿verdaaaaaaaaaaad? En realidad, te gusta esta clase de fantasías, ¿¿verdaaaaaaaaad??""","""ﻫﻴﺎ، ﻫﻴﺎ، ﺍﻧﻈﺮ، ﺍﻧﻈﺮ، ﺍﻧﻈﺮ، ﺍﻧﺘﻬﻰ ﺩﻭﺭﻱ، ﻓﻤﺘﻰ ﺩﻭﺭﻙ؟! ﺃﺭﻧﻲ ﺭﺩﻙ  ﻭﺃﺭﻧﻲ ﻫﺠﻮﻣﻚ ﺍﻟﻤﻀﺎﺩ!! ﻻ ﻳﻤﻜﻨﻚ، ﺃﻟﻴﺲ ﻛﺬﻟﻠﻠﻠﻠﻠﻠﻚ؟ ﺃﻧﺎ ﻣﺘﺄﻛﺪﺓ ﺑﻨﺴﺒﺔ ﻛﻮﺍﺩﺭﻳﻠﻴﻮﻥ ﺑﺎﻟﻤﺌﺔ ﺃﻧﻚ ﻻ ﺗﺴﺘﻄﻴﻊ!! ﺃﻧﺖ ﻓﺎﺷﻞ ﻓﻲ ﺃﻣﻮﺭ ﺍﻟﺘﻔﻜﻴﺮ ﻫﺬﻩ ﺻﺤﻴﻴﻴﻴﻴﻴﺢ؟ ﺃﻧﺖ ﻓﻲ ﺍﻟﺤﻘﻴﻘﺔ ﺗﺤﺐُّ ﺍﻟﺨﻴﺎﻝ، ﺻﺤﻴﻴﻴﻴﺢ؟؟""","""Come come, look look look, my turn is over, seeeeeeeeee?! Show me your response, counterattack!! You can't, can yoooooouuu? I'm a quadrillion percent sure that you can't!! You're useless against this, riiiiiiiiiight? You actually like this kind of fantasy, don't yooooouuu??""","""Come come, look look look, my turn is over, seeeeeeeeee?! Show me your response, counterattack!! You can't, can yoooooouuu? I'm a quadrillion percent sure that you can't!! You're useless against this, riiiiiiiiiight? You actually like this kind of fantasy, don't yooooouuu??""","""Come come, look look look, my turn is over, seeeeeeeeee?! Show me your response, counterattack!! You can't, can yoooooouuu? I'm a quadrillion percent sure that you can't!! You're useless against this, riiiiiiiiiight? You actually like this kind of fantasy, don't yooooouuu??"""
{f:5:Beatrice},"""I know all about it, this kind of stuff's been going around everywhere lately hasn't it?! In manga and light novels, in anime and movies! Some teenage brat has a whole bunch of some strange special abilities, and there's all these kabooms and badooms with the fate of the world at risk!""","""I get it, that's been going around on the streets lately, hasn't it?! In manga and light novels, in anime and movies! Some teenage brats get a whole bunch of strange special abilities, and they blow up all sorts of stuff with the fate of the world on the line!"" ","I get it, that's been going around on the streets lately hasn't it?! In manga and light novels, in anime and movies! Some teenage brat gets a whole bunch of some strange special ability, and they go all out with the fate of the world at risk! ",知ってんダヨ、今時こんなの巷にいくらでも溢れてるじゃねぇかァ？！　漫画に小説、アニメに映画ッ！　１０代くらいのガキンチョたちがおかしな特殊能力いっぱい持ってて、世界の命運かけてドッカンバッカンやるやつぅ！,「知ってんダヨ、今時こんなの巷にいくらでも溢れてるじゃねぇかァ？！　漫画に小説、アニメに映画ッ！　１０代くらいのガキンチョたちがおかしな特殊能力いっぱい持ってて、世界の命運かけてドッカンバッカンやるやつぅ！」,"""Я погляжу, последнее время в моду вошел такой сюжет! В манге и ранобэ, аниме и кино! Подросток получает какую‐нибудь крутую сверхспособность, а затем надрывает пуп, сражаясь за судьбу мира!""","""Eu sei tudo sobre isso, esse tipo de coisa tem aparecido em tudo que é lugar ultimamente, não tem?! Em mangás, light novels, animes e filmes! Alguns pirralhos adolescentes têm um monte de habilidades especiais estranhas, e saem explodindo as coisas assim, tendo o destino do mundo em risco!""",「妾身知道哦，现今这些在街头巷尾可是要多少就有多少呢？！漫画小说、动画电影！十多岁的一群小屁孩，身怀好多奇异的特殊能力，赌上世界的命运轰隆喀嚓！」,「妾身知道哦，現今這些在街頭巷尾可是要多少就有多少呢？！漫畫小說、動畫電影！十多歲的一群小屁孩，身懷好多奇異的特殊能力，賭上世界的命運轟隆喀嚓！」,"Lo capisco, ultimamente è diventato molto diffuso vero?! Nei manga e nelle light novel, negli anime e nei film! Un marmocchio adolescente qualsiasi si ritrova con qualche strano potere, e poi si va a tutto spiano col destino del mondo che è in pericolo!","""I know all about it, this kind of stuff's been going around everywhere lately hasn't it?! In manga and light novels, in anime and movies! Some teenage brat has a whole bunch of some strange special abilities, and there's all these kabooms and badooms with the fate of the world at risk!""","""¡Lo sé todo, este tipo de cosas están circulando últimamente por todas partes, ¿cierto?! ¡En los mangas y novelas ligeras, en los anime y las películas! ¡Algún mocoso adolescente obtiene un montón de extrañas habilidades especiales, y hay todos estos kabooms y badooms con el destino del mundo en riesgo!""","""ﺃﻋﻠﻢ ﺫﻟﻚ، ﻓﻤﺜﻞ ﻫﺬﻩ ﺍﻟﻘﺼﺺ ﻣﻨﺘﺸﺮﺓ ﻓﻲ ﻛﻞ ﻣﻜﺎﻥ ﺍﻵﻥ، ﺃﻟﻴﺲ ﻛﺬﻟﻚ؟! ﻓﻲ ﺍﻟﻤﺎﻧﻐﺎ، ﻭﺍﻟﺮﻭﺍﻳﺎﺕ، ﻭﺍﻷﻧﻤﻲ، ﻭﺍﻷﻓﻼﻡ! ﻳﻈﻬﺮ ﻣﺮﺍﻫﻖٌ ﻣﺎ ﺫﻭ ﻗﺪﺭﺍﺕ ﺧﺎﺭﻗﺔ، ﻭﺗﻜﻮﻥ ﻫﻨﺎﻙ ﺗﻠﻚ ﺍﻟﺘﻔﺠﻴﺮﺍﺕ ﺑﻴﻨﻤﺎ ﻣﺼﻴﺮ ﺍﻟﻌﺎﻟﻢ ﻋﻠﻰ ﺍﻟﻤﺤﻚ!""","""I know all about it, this kind of stuff's been going around everywhere lately hasn't it?! In manga and light novels, in anime and movies! Some teenage brat has a whole bunch of some strange special abilities, and there's all these kabooms and badooms with the fate of the world at risk!""","""I know all about it, this kind of stuff's been going around everywhere lately hasn't it?! In manga and light novels, in anime and movies! Some teenage brat has a whole bunch of some strange special abilities, and there's all these kabooms and badooms with the fate of the world at risk!""","""I know all about it, this kind of stuff's been going around everywhere lately hasn't it?! In manga and light novels, in anime and movies! Some teenage brat has a whole bunch of some strange special abilities, and there's all these kabooms and badooms with the fate of the world at risk!"""
{f:5:Beatrice},"""You looove that too, don't you?! I know, don't hide it, you love it, right, hiihyahhyahhyah!! That thing that you love just displayed itself a little before your eyes, that's all, riiiiight?""","""You love that too, don't you?! I know, don't hide it, you love it, right, hi-hyahhyahhyah!! Hasn't the thing you love just been displayed before your very eyes?"" ","You love that too, don't you?! I know, don't hide it, you love it, right, hi-hyahhyahhyah!! Hasn't that thing that you love just displayed itself before your eyes? ",お前も大好きだもんなァッ？！　知ってんだよ隠すなよ、大好きじゃねぇえかよぉ、ひーひゃっひゃっひゃッ！！　その、お前の大好きなヤツがちょいと目の前で披露されただけじゃねぇえかよォ？,「お前も大好きだもんなァッ？！　知ってんだよ隠すなよ、大好きじゃねぇえかよぉ、ひーひゃっひゃっひゃッ！！　その、お前の大好きなヤツがちょいと目の前で披露されただけじゃねぇえかよォ？」,"""Тебе ведь такое нравится, не так ли?! Я знаю, не скрывай это, тебе подобное нравится, верно, хи‐хья‐хья‐хья!!! Разве тебе не пришлось только что лицезреть твои любимые вещи?""","""Você adoooora isso também, não adora?! Eu sei, não precisa esconder, você ama isso, né, hiihyahhyahhyah!! Aquilo que você ama, acontecendo bem diante dos seus olhos, é só isso, ceeeeeerto?""",「你也最喜欢这些了吧？！妾身都知道了，别藏了，这不就是你最喜欢的么，嘿——嘿嘿嘿！！这不仅仅是将你最喜欢的玩意，稍微在你眼前披露了一下而已吗？」,「你也最喜歡這些了吧？！妾身都知道了，別藏了，這不就是你最喜歡的麼，嘿——嘿嘿嘿！！這不僅僅是將你最喜歡的玩意，稍微在你眼前披露了一下而已嗎？」,"Anche a te piacciono quelle storie, non è vero?! Lo so, non nasconderlo, ti piacciono, vero, hi-hyahhyahhyah!! E ciò che ti piace non ti si è giusto materializzato davanti agli occhi?","""You looove that too, don't you?! I know, don't hide it, you love it, right, hiihyahhyahhyah!! That thing that you love just displayed itself a little before your eyes, that's all, riiiiight?""","""Amas eso también, ¡¿verdad?! Lo sé, no lo escondas, lo amas, ¡¡ji-jiahjiahjiah!! ¿Acaso esas cosas que tanto te gustan no acaban de ser mostradas ante tus ojos?""","""ﺃﻧﺖ ﺗﺤﺤﺤﺤﺐ ﻫﺬﻩ ﺍﻷﺷﻴﺎﺀ ﺃﻟﻴﺲ ﻛﺬﻟﻚ؟، ﻻ ﺗﻨﻜﺮ! ﺃﻧﺎ ﺃﻋﺮﻓﻚ ﻓﻼ ﺗﺨﻒِ ﺍﻷﻣﺮ، ﺃﻧﺖ ﻓﻌﻼً ﺗﺤﺐ ﻫﺬﻩ ﺍﻷﻣﻮﺭ ﺃﻟﻴﺲ ﻛﺬﻟﻚ؟ ﻫﻬﻴﻴﺎﻫﻴﺎﻫﻴﺎﺍﻩ!! ﻭﻣﺎ ﺷﺎﻫﺪﺗﻪ ﺍﻵﻥ ﻟﻴﺲ ﺇﻻ ﻧﺴﺨﺔ ﺣﻴﺔ ﻣﻤﺎ ﺗﺤﺒّﻪ! ﺃﻡ ﺃﻧﺎ ﻣﺨﻄﺌﺔ؟""","""You looove that too, don't you?! I know, don't hide it, you love it, right, hiihyahhyahhyah!! That thing that you love just displayed itself a little before your eyes, that's all, riiiiight?""","""You looove that too, don't you?! I know, don't hide it, you love it, right, hiihyahhyahhyah!! That thing that you love just displayed itself a little before your eyes, that's all, riiiiight?""","""You looove that too, don't you?! I know, don't hide it, you love it, right, hiihyahhyahhyah!! That thing that you love just displayed itself a little before your eyes, that's all, riiiiight?"""
{f:5:Beatrice},"""Why do you believe it in manga and anime, but you won't believe in meeeeeeeeee?? Believe, believe, believe it! You can't argue back, not after you've been shown something like this, riiiiiiiiiiiiight?""","""Why do you believe it in manga and anime, but you won't believe in meeeeeeeeee?? Believe, believe, believe it! You can't argue back, not after you've been shown something like this, riiiiiiiiiiiiight?"" ","Why do you believe it in manga and anime, but you won't believe in meeeeeeeeee?? Believe, believe, believe it! You can't argue back, not after you've been shown something like this, riiiiiiiiiiiiight? ",どうして漫画やアニメのそれは信じてくれるのに、妾のだけ信じてくれねぇんだよぉおお？？　信じろよ信じろよ、信じちまえよ！　反論なんかできねぇさ、こうして見せられちまったんだからなぁあああ？,「どうして漫画やアニメのそれは信じてくれるのに、妾のだけ信じてくれねぇんだよぉおお？？　信じろよ信じろよ、信じちまえよ！　反論なんかできねぇさ、こうして見せられちまったんだからなぁあああ？」,"""Почему ты веришь в мангу и аниме, но не в меня? Поверь, поверь, поверь! Ты не можешь спорить в ответ, не после того, как увидел такое, правильно?""","""Por que você acredita em mangás e animes, mas não acredita em miiiiiiiim?? Acredite, acredite, acredite! Você não pode argumentar, não depois de ter visto este show, ceeeeeeeeeeeeeerto?""",「为什么你相信漫画呀动画里的这些东西，却唯独不相信妾身———？？信啊信啊，快信啊！你是无法反驳的，因为都已经这么亲眼目睹了啊————？」,「為什麼你相信漫畫呀動畫裡的這些東西，卻唯獨不相信妾身———？？信啊信啊，快信啊！你是無法反駁的，因為都已經這麼親眼目睹了啊————？」,"Perché credi nei manga e negli anime, ma non vuoi credere in meeeeeeeeee?? Credi, credi, credici! Non puoi ribattere nulla, non dopo aver visto una cosa simile, giustoooooooooooooo?","""Why do you believe it in manga and anime, but you won't believe in meeeeeeeeee?? Believe, believe, believe it! You can't argue back, not after you've been shown something like this, riiiiiiiiiiiiight?""","""¿¿Por qué lo crees en los mangas y animes, pero no crees en míííííííííííííí?? ¡Cree, cree, créelo! No puedes discutirlo, no después de mostrarte algo como esto, ¿ciiiiiiiiiiiierto?""","""ﻛﻴﻒ ﺗﺼﺪﻕ ﻗﺼﺺ ﺍﻷﻧﻤﻲ ﻭﺍﻟﻤﺎﻧﻐﺎ ﻭﻣﻊ ﺫﻟﻚ ﺗﺮﻓﺾ ﺗﺼﺪﻳﻖ ﻭﺟﻮﺩﻳﻴﻴﻴﻴﻴﻴﻴﻲ؟! ﺻﺪﻕ، ﺻﺪﻕ، ﺻﺪﻕ ﺑﻮﺟﻮﺩﻱ! ﻟﻢ ﻳﻌﺪ ﻫﻨﺎﻙ ﻣﺠﺎﻝ ﻟﻺﻧﻜﺎﺭ ﺑﻌﺪ ﺃﻥ ﺭﺃﻳﺖ ﻛﻞ ﺷﻲﺀ ﺑﻨﻔﺴﻚ، ﺃﻟﻴﺲ ﻛﺬﻟـــــﻚ؟""","""Why do you believe it in manga and anime, but you won't believe in meeeeeeeeee?? Believe, believe, believe it! You can't argue back, not after you've been shown something like this, riiiiiiiiiiiiight?""","""Why do you believe it in manga and anime, but you won't believe in meeeeeeeeee?? Believe, believe, believe it! You can't argue back, not after you've been shown something like this, riiiiiiiiiiiiight?""","""Why do you believe it in manga and anime, but you won't believe in meeeeeeeeee?? Believe, believe, believe it! You can't argue back, not after you've been shown something like this, riiiiiiiiiiiiight?"""
{f:5:Beatrice},"""C'mon c'mon c'mon c'mon, answer me, you don't need to think, you can just obediently say ""I'm sorry, {f:5:Beatrice}‐sama""!""","""Look, look, look, answer, you don't need to think, you can just obediently say ""I'm sorry, {f:5:Beatrice}-sama""! ","Look look look look, answer, you don't need to think, you can just obediently say 'sorry, Beatrice-sama'!",ほらほらほらほら、返事をしろよ、思考はいらねぇ、素直にごめんなさいベアトリーチェさまって言やぁいいんだよ！,「ほらほらほらほら、返事をしろよ、思考はいらねぇ、素直にごめんなさいベアトリーチェさまって言やぁいいんだよ！」,"""Гляди‐гляди‐гляди‐гляди, отвечай, тебе не надо думать, просто покорно скажи: 'Простите, {f:5:Беатриче}‐сама!'","""Vamos vamos vamos vamos, responda, você não precisa pensar, só precisa obedientemente dizer ""Me desculpe, {f:5:Beatrice}‐sama""!""",「喂喂喂喂，回答一声呀，不需要思考，乖乖说句“对不起，贝阿朵莉切夫人”就行了啊！」,「喂喂喂喂，回答一聲呀，不需要思考，乖乖說句“對不起，貝阿朵莉切夫人”就行了啊！」,"Su, su, su, su, rispondi, non hai bisogno di pensarci, basta che tu dica ubbidientemente ‘perdono, Beatrice-sama’!","""C'mon c'mon c'mon c'mon, answer me, you don't need to think, you can just obediently say ""I'm sorry, {f:5:Beatrice}‐sama""!""","""Vamos vamos vamos vamos, respóndeme, no necesitas pensar, solo puedes decir obedientemente ‘¡lo siento, {f:5:Beatrice}‐sama!’""","""ﻫﻴَّﺎ ﻫﻴَّﺎ ﻫﻴَّﺎ ﻫﻴَّﺎ، ﺃﺟﺒﻨﻲ، ﻻ ﺣﺎﺟﺔ ﻟﻠﺘﻔﻜﻴﺮ، ﻓﻘﻂ ﺗﻜﻠﻢ ﻭﻗﻞ ﺑﻄﻮﺍﻋﻴﺔ ""ﺃﻧﺎ ﺁﺳﻒ ﻳﺎ {f:7:ﺑﻴﺎﺗﺮﻳﺲ}-ﺳﺎﻣﺎ""!""","""C'mon c'mon c'mon c'mon, answer me, you don't need to think, you can just obediently say ""I'm sorry, {f:5:Beatrice}‐sama""!""","""C'mon c'mon c'mon c'mon, answer me, you don't need to think, you can just obediently say ""I'm sorry, {f:5:Beatrice}‐sama""!""","""C'mon c'mon c'mon c'mon, answer me, you don't need to think, you can just obediently say ""I'm sorry, {f:5:Beatrice}‐sama""!"""
{f:5:Beatrice},"""Come on come on try saying it, ""I'm sorry, {f:5:Beatrice}‐sama"", try saying it, say it say it, don't be embarrassed, kukikiki{0}kak{0}ka{0}ka{0}kah{0}hyah{0}hya{0}a{0}a{0}ah{0}ha{0}hha{0}hha{0}ha{0}hhha{0}hahhya{0}aahh!!""","Look, look, try saying it, ""I'm sorry, {f:5:Beatrice}-sama"", try saying it, say it, say it, don't be embarrassed, kukikikikakkakakahhyahhyaaaah hahhahhahahhhahahhyaaahh!!"" "," Look look, try saying it, 'sorry, Beatrice-sama', try saying it, say it say it, don't be embarrassed, kukikikikakkakakahhyahhyaaaah hahhahhahahhhahahhyaaahh!!""",　ほらほら言ってみろごめんなさいベアトリーチェさまって言ってみろ言えよ言えよ恥ずかしがるなよ、くっききききかっかかかかっひゃっひゃああっはっはっはっはっはっひゃああぁッ！！」,「ほらほら言ってみろごめんなさいベアトリーチェさまって言ってみろ言えよ言えよ恥ずかしがるなよ、くっききききかっかかかかっひゃっひゃああっはっはっはっはっはっひゃああぁッ！！」,"""Давай, давай, попытайся сказать: 'Простите, {f:5:Беатриче}‐сама!' попробуй сказать это, не смущайся, ку‐ки‐ки‐ки‐ки‐ка‐ка‐ка‐хья‐хья, ха‐ха‐ха‐ха‐ха‐ха‐ха‐ха‐ха‐ха‐ха!!!""","""Vamos, vamos, tente dizer, ""Me desculpe, {f:5:Beatrice}‐sama"", tente dizer isso, diga isso diga isso, não precisa ficar com vergonha, kukikiki{0}kak{0}ka{0}ka{0}kah{0}hyah{0}hya{0}a{0}a{0}ah{0}ha{0}hha{0}hha{0}ha{0}hhha{0}hahhya{0}aahh!!""",「喂喂，说来听听呀，说“对不起，贝阿朵莉切夫人”，说嘛说嘛，别害羞了，咕唧唧唧唧噶噶噶噶噶吓吓啊啊哈哈哈哈吓啊啊啊啊！！」,「喂喂，說來聽聽呀，說“對不起，貝阿朵莉切夫人”，說嘛說嘛，別害羞了，咕唧唧唧唧噶噶噶噶噶嚇嚇啊啊哈哈哈哈嚇啊啊啊啊！！」,"Su, su, prova a dirlo, ‘perdono, Beatrice-sama’, prova a dirlo, dillo, dillo, non ti sentire in imbarazzo, kukikikikakkakakahhyahhyaaaah hahhahhahahhhahahhyaaahh!!""","""Come on come on try saying it, ""I'm sorry, {f:5:Beatrice}‐sama"", try saying it, say it say it, don't be embarrassed, kukikiki{0}kak{0}ka{0}ka{0}kah{0}hyah{0}hya{0}a{0}a{0}ah{0}ha{0}hha{0}hha{0}ha{0}hhha{0}hahhya{0}aahh!!""","""Vamos vamos, trata de decirlo, ‘lo siento, {f:5:Beatrice}‐sama’, trata de decirlo, dilo dilo, no tengas vergüenza, ¡¡Kukikikikakkakakahjiahjiaaaah jahjahjahahjjajahjyaaahh!!""","""ﻫﻴﺎ ﻫﻴﺎ ﺣﺎﻭﻝ ﻗﻮﻟﻬﺎ، ‘ﺃﻧﺎ ﺁﺳﻒ ﻳﺎ {f:7:ﺑﻴﺎﺗﺮﻳﺲ}-ﺳﺎﻣﺎ‘، ﺣﺎﻭﻝ ﻗﻮﻟﻬﺎ، ﻗﻠﻬﺎ ﻗﻠﻬﺎ، ﻻ ﺗﺨﺠﻞ ﻣﻦ ﺍﻷﻣﺮ، ﻛﻮﻛﻴﻜﻴﻜﻲ{0}ﻛﺎﻙ{0}ﻛﺎ{0}ﻛﺎ{0}ﻛﺎﻩ{0}ﻫﻴﺎﻩ{0}ﻫﻴﺎ{0}ﺁ{0}ﺁﻩ{0}ﻫﺎ{0}ﻫﻬﺎ{0}ﻫﻬﺎ{0}ﻫﺎ{0}ﻫﻬﺎ{0}ﻫﺎﻫﻴﺎ{0}ﺁﻩ!!""","""Come on come on try saying it, ""I'm sorry, {f:5:Beatrice}‐sama"", try saying it, say it say it, don't be embarrassed, kukikiki{0}kak{0}ka{0}ka{0}kah{0}hyah{0}hya{0}a{0}a{0}ah{0}ha{0}hha{0}hha{0}ha{0}hhha{0}hahhya{0}aahh!!""","""Come on come on try saying it, ""I'm sorry, {f:5:Beatrice}‐sama"", try saying it, say it say it, don't be embarrassed, kukikiki{0}kak{0}ka{0}ka{0}kah{0}hyah{0}hya{0}a{0}a{0}ah{0}ha{0}hha{0}hha{0}ha{0}hhha{0}hahhya{0}aahh!!""","""Come on come on try saying it, ""I'm sorry, {f:5:Beatrice}‐sama"", try saying it, say it say it, don't be embarrassed, kukikiki{0}kak{0}ka{0}ka{0}kah{0}hyah{0}hya{0}a{0}a{0}ah{0}ha{0}hha{0}hha{0}ha{0}hhha{0}hahhya{0}aahh!!"""
