Speaker,Umineko Project (UP),Steam - Umineko Project (ST),Original Witch Hunt (OG),PC Japanese (JP),PS3 Japanese - Censored (JPC),Russian (RU),Brazilian Portuguese (PT),Chinese Simplified (CN),Chinese Traditional (CHT),Italian - Ars Magica - Old (ITA),Italian - Majotachi no Sub - New (IT),Spanish (ES),Arabic (AR),Vietnamese (VI),Indonesian (IDN),Turkish (TR)
,...Thirty minutes had already passed since Rudolf's group had left the guesthouse.,...30 minutes had already passed since Rudolf's group had left the guesthouse. ,"...30 minutes had already passed since Rudolf's group had left the guesthouse.",…留弗夫たちがゲストハウスを出てから、すでに３０分は経過していた。,…留弗夫たちがゲストハウスを出てから、すでに３０分は経過していた。,"С того времени, как группа Рудольфа покинула домик для гостей, прошло уже 30 минут.",...Trinta minutos já tinham se passado desde que o grupo de Rudolf deixou a casa de hóspedes.,…距留弗夫他们离开宾馆，已过了三十分钟。,…距留弗夫他們離開賓館，已過了三十分鐘。,... Erano già trascorsi trenta minuti da quando il gruppo di Rudolf aveva lasciato la casa degli ospiti.,...Thirty minutes had already passed since Rudolf's group had left the guesthouse.,... Habían pasado 30 minutos desde que el grupo de Rudolf abandonó la casa de huéspedes.,...ﻣﻀﺖ ﺛﻼﺛﻮﻥ ﺩﻗﻴﻘﺔ ﻣﻨﺬ ﻣﻐﺎﺩﺭﺓ ﻣﺠﻤﻮﻋﺔ ﺭﻭﺩﻭﻟﻒ ﻣﻨﺰﻝ ﺍﻟﻀﻴﺎﻓﺔ.,...Thirty minutes had already passed since Rudolf's group had left the guesthouse.,...Thirty minutes had already passed since Rudolf's group had left the guesthouse.,...Thirty minutes had already passed since Rudolf's group had left the guesthouse.
,"By any measure, their return was too late.{n}...And Krauss and Natsuhi, who were waiting by the entrance, were by now about as restless as they could stand.","By any measure, their return was too late. ...And Krauss and Natsuhi, who waited by the entrance, were reaching the limits of their patience. "," By any measure, their return was too late....And Krauss and Natsuhi, who were waiting by the entrance, were reaching the limits of their patience.",いくらなんでも、戻りが遅すぎる。…玄関で待ち続ける蔵臼と夏妃の焦燥も限界に来ていた。,いくらなんでも、戻りが遅すぎる。{n}…玄関で待ち続ける蔵臼と夏妃の焦燥も限界に来ていた。,"По любым меркам, они значительно задержались.{n}...И у Краусса с Нацухи, ожидавших их возле входа, уже истекало терпение.","Independentemente das circunstâncias, eles já estavam demorando demais para retornar. ...Krauss e Natsuhi, que estavam esperando na entrada, estavam agora tão inquietos quanto podiam aguentar.",再怎么说，他们回来得也太晚了。{n}…一直在大门处等候的藏臼与夏妃的心情焦躁到了极点。,再怎麼說，他們回來得也太晚了。{n}…一直在大門處等候的藏臼與夏妃的心情焦躁到了極點。,"Non c'era dubbio che stessero tardando troppo a tornare. ... E Krauss e Natsuhi, che erano in attesa all'ingresso, stavano esaurendo la loro pazienza.","By any measure, their return was too late.{n}...And Krauss and Natsuhi, who were waiting by the entrance, were by now about as restless as they could stand.","Se mire como se mire, tardaban demasiado en regresar.{n}... Y Krauss y Natsuhi, que esperaban en la entrada, estaban llegando al límite de su paciencia.",ﻟﻘﺪ ﺗﺄﺧﺮﻭﺍ ﺑﺎﻟﻌﻮﺩﺓ ﻟﻠﻐﺎﻳﺔ.{n}...ﺇﺫ ﺃﻥ ﻛﺮﺍﻭﺱ ﻭﻧﺎﺗﺴﻮﻫﻲ ﺍﻟﻠﺬﺍﻥ ﻳﻨﺘﻈﺮﺍﻥ ﻋﻨﺪ ﺍﻟﻤﺪﺧﻞ ﻗﺪ ﻭﺻﻼ ﺇﻟﻰ ﺣﺪﻭﺩ ﺻﺒﺮﻫﻤﺎ.,"By any measure, their return was too late.{n}...And Krauss and Natsuhi, who were waiting by the entrance, were by now about as restless as they could stand.","By any measure, their return was too late.{n}...And Krauss and Natsuhi, who were waiting by the entrance, were by now about as restless as they could stand.","By any measure, their return was too late.{n}...And Krauss and Natsuhi, who were waiting by the entrance, were by now about as restless as they could stand."
,"The chain was set on the door. That was a precaution in the event that Rudolf's group was attacked, and the master key was stolen from them.",The chain was set on the door. That was a precaution in the event that Rudolf's group was attacked and the master key stolen from them. ," The chain was set on the door. That was a precaution in the event that Rudolf's group was attacked, and the master key stolen from them.",扉にはチェーンが掛けてある。それは、留弗夫たちが万一襲われ、マスターキーを奪われた場合に備えたものだ。,扉にはチェーンが掛けてある。それは、留弗夫たちが万一襲われ、マスターキーを奪われた場合に備えたものだ。,"Дверь была закрыта на цепочку. Это была мера предосторожности на тот случай, если на группу Рудольфа будет совершено нападение, и они лишатся главного ключа.","A corrente estava colocada na porta. Aquela era uma precaução caso o grupo de Rudolf fosse atacado, e a chave mestra roubada deles.",门上挂着链条锁。这是以防，万一留弗夫他们遇袭，被夺去总钥匙的情况，而做的措施。,門上掛著鏈條鎖。這是以防，萬一留弗夫他們遇襲，被奪去總鑰匙的情況，而做的措施。,"La catena di sicurezza della porta era inserita. Si trattava di una precauzione nel caso in cui il gruppo di Rudolf fosse stato attaccato, e gli venisse rubato il passepartout.","The chain was set on the door. That was a precaution in the event that Rudolf's group was attacked, and the master key was stolen from them.",La cadena estaba puesta en la puerta. Era una precaución en el caso de que el grupo de Rudolf fuera atacado y les robaran la llave maestra.,ﻭﻛﺈﺟﺮﺍﺀ ﺍﺣﺘﺮﺍﺯﻱ، ﺃﻗﻔﻠﻮﺍ ﺍﻟﺒﺎﺏ ﺑﺎﻟﺴﻠﺴﻠﺔ، ﺗﻔﺎﺩﻳًﺎ ﻟﻠﻤﺨﺎﻃﺮ ﻓﻲ ﺣﺎﻝ ﺗﻌﺮﺽ ﻣﺠﻤﻮﻋﺔ ﺭﻭﺩﻭﻟﻒ ﻟﻠﻬﺠﻮﻡ ﻭﺳﺮﻗﺔ ﺍﻟﻤﻔﺘﺎﺡ ﺍﻟﺮﺋﻴﺲ ﻣﻨﻬﻢ.,"The chain was set on the door. That was a precaution in the event that Rudolf's group was attacked, and the master key was stolen from them.","The chain was set on the door. That was a precaution in the event that Rudolf's group was attacked, and the master key was stolen from them.","The chain was set on the door. That was a precaution in the event that Rudolf's group was attacked, and the master key was stolen from them."
,"For that reason, they needed to wait by the entrance like this for the others to return...","For that reason, they needed to wait by the entrance like this for the others to return... "," For that reason, they needed to wait by the entrance like this for the others to return...",その為、彼らの帰りをこうして玄関で待つ必要があった…。,その為、彼らの帰りをこうして玄関で待つ必要があった…。,По этой причине им пришлось дежурить у входа в ожидании возвращения остальных...,"Por essa razão, eles precisavam esperar assim na entrada pelo retorno dos outros...",所以，必须待在大门处，等他们回来…。,所以，必須待在大門處，等他們回來…。,"Perciò, c'era bisogno che aspettassero così, all'ingresso, il ritorno degli altri...","For that reason, they needed to wait by the entrance like this for the others to return...","Por esta razón, ambos debían permanecer en la entrada de este modo esperando su regreso...",ﻟﺬﺍ ﻛﺎﻥ ﻻ ﺑﺪ ﻣﻦ ﺍﻧﺘﻈﺎﺭﻫﻢ ﻋﻨﺪ ﺍﻟﻤﺪﺧﻞ ﻣﺒﺎﺷﺮﺓ، ﺣﺘﻰ ﻳﻔﺘﺤﻮﺍ ﻟﻬﻢ ﺍﻟﺒﺎﺏ ﻋﻨﺪ ﻋﻮﺩﺗﻬﻢ...,"For that reason, they needed to wait by the entrance like this for the others to return...","For that reason, they needed to wait by the entrance like this for the others to return...","For that reason, they needed to wait by the entrance like this for the others to return..."
Ushiromiya Natsuhi,"""......They really are taking too long. You don't think something happened to them...?""","""...They really are too late. Don't you think something might have happened to them...?"" ","""......They really are too late. You don't think something happened to them...?""",「……さすがに遅すぎます。彼らの身に何かあったのでは…。」,「……さすがに遅すぎます。彼らの身に何かあったのでは…」,"""......Они и вправду задерживаются. Тебе не кажется, что с ними могло что‐нибудь случиться?..""","""......Eles realmente estão demorando demais. Não acha que pode ter acontecido alguma coisa com eles...?""",「……实在太慢了。他们会不会是出了什么事…？」,「……實在太慢了。他們會不會是出了什麼事…？」,"""... Ci stanno mettendo davvero troppo. Non pensi che potrebbe essergli successo qualcosa...?""","""......They really are taking too long. You don't think something happened to them...?""","""... Se están tardando demasiado. ¿No piensas que algo les puede haber sucedido?...""","""...ﻟﻘﺪ ﺗﺄﺧﺮﻭﺍ ﺣﻘًﺎ. ﺃﻻ ﺗﻈﻦ ﺑﺄﻥّ ﺷﻴﺌًﺎ ﻣﺎ ﻗﺪ ﺣﺪﺙ ﻟﻬﻢ...؟""","""......They really are taking too long. You don't think something happened to them...?""","""......They really are taking too long. You don't think something happened to them...?""","""......They really are taking too long. You don't think something happened to them...?"""
Ushiromiya Krauss,"""...............Hmm...""","""......Indeed..."" ","""............Hmm...""",「……………うむ…。」,「……………うむ…」,"""............Хм‐м...""","""...............Hmm...""",「……………嗯…」,「……………嗯…」,"""... Hmm...""","""...............Hmm...""","""... Mmm...""","""...............ﻫﻤﻢ...""","""...............Hmm...""","""...............Hmm...""","""...............Hmm..."""
,"Krauss glanced between the clock and the door, struggling to feign composure.","Krauss glanced between his watch and the door, struggling to keep his composure. ","Krauss glanced between his watch and the door, struggling to keep his composure.",蔵臼は時計と扉を見比べながら、冷静さを装うことに徹していた。,蔵臼は時計と扉を見比べながら、冷静さを装うことに徹していた。,"Краусс перевёл взгляд с часов на дверь, изо всех сил пытаясь сохранять хладнокровие.","Krauss olhou de relance entre o relógio e a porta, resistindo para fingir compostura.",藏臼交替看着门与时钟，依然强装着冷静。,藏臼交替看著門與時鐘，依然強裝著冷靜。,"Krauss spostò lo sguardo tra l'orologio da polso e la porta, sforzandosi di mantenere il suo contegno.","Krauss glanced between the clock and the door, struggling to feign composure.","Krauss miró tanto su reloj como la puerta, luchando por mantener la compostura.",ﻛﺎﻥ ﻛﺮﺍﻭﺱ ﻳُﻤﺮﺭ ﺑﺼﺮّﻩ ﺑﻴﻦ ﺳﺎﻋﺘﻪ ﻭﺍﻟﺒﺎﺏ، ﻭﻫﻮ ﻳﻜﺎﻓﺢ ﻟﻠﺤﻔﺎﻅ ﻋﻠﻰ ﺭﺑﺎﻃﺔ ﺟﺄﺷﻪ.,"Krauss glanced between the clock and the door, struggling to feign composure.","Krauss glanced between the clock and the door, struggling to feign composure.","Krauss glanced between the clock and the door, struggling to feign composure."
Ushiromiya Natsuhi,"""If...by some chance they were not to return......""","""If...something happened to prevent them from returning..."" ","""If, ...something happened to prevent them from returning......""",「もし、…彼らが戻らないようなことがあるならば……。」,「もし、…彼らが戻らないようなことがあるならば……」,"""Может... что‐то произошло, что помешало их возвращению...""","""Se... por alguma chance, eles não retornarem......""",「如果，…他们不回来的话……」,「如果，…他們不回來的話……」,"""Se... se fosse successo qualcosa che gli ha impedito di tornare...""","""If...by some chance they were not to return......""","""Si... ocurriese algo que impidiera su regreso...""","""ﻣﺎﺫﺍ... ﻟﻮ ﺃﻥ ﺷﻴﺌًﺎ ﺍﻋﺘﺮﺽ ﻃﺮﻳﻘﻬﻢ ﻭﻣﻨﻌﻬﻢ ﻣﻦ ﺍﻟﻌﻮﺩﺓ....""","""If...by some chance they were not to return......""","""If...by some chance they were not to return......""","""If...by some chance they were not to return......"""
Ushiromiya Krauss,"""...A terrible thought, but it looks as though we should ready ourselves for that possibility. ......It really was reckless, after all.""","""...A terrible thought, but it seems we should ready ourselves for that possibility. ...So, it really was too reckless after all."" ","""...A terrible thought, but it looks as though we should ready ourselves for that possibility. ......It really was reckless, after all.""",「…辛い想像だが、その覚悟を始めた方が良さそうだ。……やはり、無用心だったのだ。」,「…辛い想像だが、その覚悟を始めた方が良さそうだ。……やはり、無用心だったのだ」,"""...Страшная мысль, но судя по всему, нам следует быть готовыми и к такому варианту. ......Всё‐таки это было действительно безрассудно.""","""...Um pensamento terrível, mas parece que devemos nos preparar para essa possibilidade. ......Isso realmente foi imprudente, afinal.""",「…虽说不是滋味，但看来，是时候开始做好这心理准备了。……果然，是大意了啊。」,「…雖說不是滋味，但看來，是時候開始做好這心理準備了。……果然，是大意了啊。」,"""... Un pensiero terribile, ma pare che dovremmo prepararci a questa possibilità. ... È stata davvero una mossa avventata, dopotutto.""","""...A terrible thought, but it looks as though we should ready ourselves for that possibility. ......It really was reckless, after all.""","""... Un pensamiento terrible, pero parece que debemos prepararnos para esa posibilidad... Fue realmente imprudente, después de todo.""","""....ﺇﻧّﻬﺎ ﻓﺮﺿﻴﺔ ﺳﻴﺌﺔ، ﻭﻟﻜﻨّﻬﺎ ﻭﺍﺭﺩﺓ ﺍﻟﺤﺪﻭﺙ ﻓﻴﺠﺐ ﺃﻥ ﻧﺘﺄﻫﺐ. ......ﻟﻘﺪ ﻛﺎﻥ ﺫﻫﺎﺑﻬﻢ ﻟﻠﺨﺎﺭﺝ ﺗﺼﺮﻓًﺎ ﻣﺘﻬﻮﺭًﺍ ﻣﻨﺬ ﺍﻟﺒﺪﺍﻳﺔ.""","""...A terrible thought, but it looks as though we should ready ourselves for that possibility. ......It really was reckless, after all.""","""...A terrible thought, but it looks as though we should ready ourselves for that possibility. ......It really was reckless, after all.""","""...A terrible thought, but it looks as though we should ready ourselves for that possibility. ......It really was reckless, after all."""
Ushiromiya Natsuhi,"""Th‐that is what I said...! Why did they go outside when they knew it was this dangerous...! How foolish! Why go outside, even though Rosa‐san had just been attacked...?!!""","""Th-That is what I said...! Why did they go outside when they knew it was this dangerous...?! How foolish! Why go outside, even though Rosa-san had just been attacked...?!!"" ","""Th, that is what I said...! Why did they go outside when they knew it was this dangerous...! How foolish! Why go outside, even though Rosa-san had just been attacked...?!!""",「わ、私はそうだと申し上げました…！　なぜ彼らはこれほどの危険を承知で外に…！　愚かなことです！　楼座さんが襲われたばかりだというのに、なぜに外へ…！！」,「わ、私はそうだと申し上げました…！　なぜ彼らはこれほどの危険を承知で外に…！　愚かなことです！　楼座さんが襲われたばかりだというのに、なぜに外へ…！！」,"""О... об этом я и говорила!.. Почему они вышли наружу, когда им было известно, насколько это опасно!... Как глупо! Для чего выходить на улицу, когда на Розу‐сан совсем недавно напали?!!..""","""F‐Foi isso o que eu disse...! Por que eles saíram quando sabiam que era tão perigoso...?! Que tolice! Por que sair, mesmo que a Rosa‐san tivesse acabado de ser atacada...?!""",「我、我就是这么说的…！为什么他们明知如此危险，还要去外面…！太愚蠢了！楼座妹妹才刚刚遇害，为什么要去外面…！！」,「我、我就是這麼說的…！為什麼他們明知如此危險，還要去外面…！太愚蠢了！樓座妹妹才剛剛遇害，為什麼要去外面…！！」,"""I-Io l'avevo detto...! Perché sono usciti pur sapendo che era così pericoloso...! Che follia! Perché uscire, nonostante Rosa-san fosse stata appena attaccata...?!!""","""Th‐that is what I said...! Why did they go outside when they knew it was this dangerous...! How foolish! Why go outside, even though Rosa‐san had just been attacked...?!!""","""¡E-Eso fue lo que dije!... ¡¿Por qué salieron sabiendo que era peligroso?! ¡Qué estupidez! ¡¡¿Por qué salir, incluso sabiendo que Rosa-san acababa de ser atacada?!!...""","""ﻗـ-ﻗﻠﺖُ ﻟﻜﻢ ﺫﻟﻚ...! ﻟﻤﺎﺫﺍ ﺧﺮﺟﻮﺍ ﺭﻏﻢ ﻋﻠﻤﻬﻢ ﺑﺄﻥ ﺍﻷﻣﺮ ﺑﺎﻟﻎُ ﺍﻟﺨﻄﻮﺭﺓ...؟! ﻳﺎ ﻟﻠﺤﻤﺎﻗﺔ! ﻛﻴﻒ ﻳﺨﺮﺟﻮﻥ ﺣﺘﻰ ﺑﻌﺪ ﺗﻌﺮﺽ ﺭﻭﺯﺍ-ﺳﺎﻥ ﻟﻠﻘﺘﻞ...؟!!""","""Th‐that is what I said...! Why did they go outside when they knew it was this dangerous...! How foolish! Why go outside, even though Rosa‐san had just been attacked...?!!""","""Th‐that is what I said...! Why did they go outside when they knew it was this dangerous...! How foolish! Why go outside, even though Rosa‐san had just been attacked...?!!""","""Th‐that is what I said...! Why did they go outside when they knew it was this dangerous...! How foolish! Why go outside, even though Rosa‐san had just been attacked...?!!"""
Ushiromiya Krauss,""".........Nothing will come from saying that now. ...In any event, there are now three adults in the guesthouse. Me, you, ......and Eva, who's asleep with a high fever.""","""......Nothing will come of saying that now. ...At any rate, there are now three adults in the guesthouse. Me, you, ...and Eva, who's asleep with a high fever."" ",""".........Nothing will come from saying that now. ...Anyways, this way, there are three adults in the guesthouse. Me, you, ......and Eva, who's asleep with a high fever.""",「………それを言っても始まらん。…とにかく、これでゲストハウスに大人は３人。私と夏妃、……そして高熱で寝込んでいる絵羽だけだ。」,「………それを言っても始まらん。…とにかく、これでゲストハウスに大人は３人。私と夏妃、……そして高熱で寝込んでいる絵羽だけだ」,""".........Сделанного не воротишь. ...В любом случае, получается, что здесь, в домике для гостей, трое взрослых. Я, ты и Ева, лежащая с высокой температурой.""",""".........Dizer isso agora não mudará nada. ...De qualquer forma, agora há três adultos na casa de hóspedes. Eu, você......e a Eva, que está dormindo com uma febre alta.""",「………讲这些也于事无补。…总之，这下宾馆里就只剩三个大人了。我、夏妃，……还有因高烧躺着的绘羽。」,「………講這些也於事無補。…總之，這下賓館裡就只剩三個大人了。我、夏妃，……還有因高燒躺著的繪羽。」,"""... Dirlo adesso non cambierà nulla. ... Ad ogni modo, in questa situazione, ci sono tre adulti nella casa degli ospiti. Io, tu... ed Eva, che sta dormendo e ha la febbre alta.""",""".........Nothing will come from saying that now. ...In any event, there are now three adults in the guesthouse. Me, you, ......and Eva, who's asleep with a high fever.""","""... Decir eso no ayudará en nada ahora... En cualquier caso, ahora hay tres adultos en la casa de huéspedes. Tú, yo... y Eva, que está dormida y con fiebre alta.""","""...ﻟﻦ ﻳﻔﻴﺪﻧﺎ ﺍﻟﺠﺪﺍﻝ ﺍﻵﻥ. ...ﺑﺄﻳﺔ ﺣﺎﻝ، ﺑﻘﻲّ ﺍﻵﻥ ﺛﻼﺛﺔ ﺃﺷﺨﺎﺹ ﺑﺎﻟﻐﻴﻦ ﻓﻲ ﻣﻨﺰﻝ ﺍﻟﻀﻴﺎﻓﺔ. ﺃﻧﺎ ﻭﺃﻧﺖِ، ......ﻭﻛﺬﻟﻚ ﺇﻳﻔﺎ ﺍﻟﻨﺎﺋﻤﺔ ﻭﺍﻟﻤﺼﺎﺑﺔ ﺑﺎﻟﺤﻤﻰ.""",""".........Nothing will come from saying that now. ...In any event, there are now three adults in the guesthouse. Me, you, ......and Eva, who's asleep with a high fever.""",""".........Nothing will come from saying that now. ...In any event, there are now three adults in the guesthouse. Me, you, ......and Eva, who's asleep with a high fever.""",""".........Nothing will come from saying that now. ...In any event, there are now three adults in the guesthouse. Me, you, ......and Eva, who's asleep with a high fever."""
,"At that time, there was the forceful sound from the hallway of a door being opened, and Eva's shrieking voice.","At that time, the forceful sound of a door being opened came from the hallway, and they heard Eva's panicked voice. ","At that time, there was the forceful sound from the hallway of a door being opened, and they heard Eva's panicked voice.",その時、廊下から勢い良く開く扉の音と、絵羽の金切り声が聞こえてきた。,その時、廊下から勢い良く開く扉の音と、絵羽の金切り声が聞こえてきた。,"В этот момент раздался громкий звук распахнувшейся двери коридора, и до них донёсся испуганный голос Евы.","Naquela hora, ouviu‐se no corredor o som vigoroso de uma porta sendo aberta, e a voz aguda de Eva.",正在此时，从走廊上响起了气势十足的开门声，与绘羽刺耳的喊声。,正在此時，從走廊上響起了氣勢十足的開門聲，與繪羽刺耳的喊聲。,"In quell'istante, ci fu un forte rumore di una porta che veniva aperta nel corridoio, e udirono la voce agitata di Eva.","At that time, there was the forceful sound from the hallway of a door being opened, and Eva's shrieking voice.","En ese momento, se escuchó desde el pasillo el contundente ruido de una puerta que se abría, y oyeron la voz de pánico de Eva.",ﺣﻴﻨﻬﺎ، ﺗﺮّﺩﺩ ﺻﻮﺕٌ ﻗﻮﻱٌّ ﻟﺒﺎﺏ ﻳُﻔﺘﺢ ﻣﻦ ﺍﻟﺮﻭﺍﻕ، ﺑﺎﻟﺘﺰﺍﻣﻦ ﻣﻊ ﺻﻮﺕ ﺇﻳﻔﺎ ﺍﻟﻤﺬﻋﻮﺭ.,"At that time, there was the forceful sound from the hallway of a door being opened, and Eva's shrieking voice.","At that time, there was the forceful sound from the hallway of a door being opened, and Eva's shrieking voice.","At that time, there was the forceful sound from the hallway of a door being opened, and Eva's shrieking voice."
,"...That voice kept calling Hideyoshi's name. ......It seemed as though the high fever had given her a bad dream or something, and now she was calling her husband's name.",...That voice kept calling out Hideyoshi's name. ...It seemed as though she'd had a bad dream or something due to her fever...and was calling for her husband. ,"...That voice kept calling Hideyoshi's name.......It seemed as though, while down with a high fever, she had had a bad dream or something and was calling her husband's name.",…その声は秀吉の名を呼び続けている。……高熱にうなされた彼女が、何か悪い夢でも見て夫の名を呼んでいるように見えた。,…その声は秀吉の名を呼び続けている。……高熱にうなされた彼女が、何か悪い夢でも見て夫の名を呼んでいるように見えた。,"...Этот голос взывал к имени Хидэёши. ......Могло показаться, что из‐за высокой температуры ей привиделся дурной сон, и спросонья она стала взывать к имени своего мужа.","...Aquela voz continuou chamando o nome de Hideyoshi. ......Parecia como se a febre alta tivesse lhe dado um sonho ruim ou algo assim, e agora ela estava chamando o nome de seu marido.",…她在不停地呼喊着秀吉的名字。……看来是受高烧所困的她，因做了什么噩梦，而呼唤起了丈夫的名字。,…她在不停地呼喊著秀吉的名字。……看來是受高燒所困的她，因做了什麼噩夢，而呼喚起了丈夫的名字。,"... Quella voce continuava a chiamare il nome di Hideyoshi. ... Sembrava che, presa dalla febbre forte, avesse fatto un incubo o qualcosa di simile e che stesse chiamando suo marito.","...That voice kept calling Hideyoshi's name. ......It seemed as though the high fever had given her a bad dream or something, and now she was calling her husband's name.","... Esa voz insistía llamando a Hideyoshi... Parecía que, al mismo en que había caído en una alta fiebre, había tenido una pesadilla o algo por el estilo y estaba llamando a su esposo.",...ﻛﺎﻧﺖ ﺗﻨﺎﺩﻱ ﺑﺎﺳﻢ ﻫﻴﺪﻳﻮﺷﻲ. ......ﻛﺄﻥّ ﻛﺎﺑﻮﺳًﺎ ﺭﺍﻭﺩﻫﺎ ﺑﺴﺒﺐ ﺍﻟﺤﻤﻰ، ﻭﻋﻠﻰ ﺇﺛﺮﻩ ﻛﺎﻧﺖ ﺗﻨﺎﺩﻱ ﻋﻠﻰ ﺯﻭﺟﻬﺎ.,"...That voice kept calling Hideyoshi's name. ......It seemed as though the high fever had given her a bad dream or something, and now she was calling her husband's name.","...That voice kept calling Hideyoshi's name. ......It seemed as though the high fever had given her a bad dream or something, and now she was calling her husband's name.","...That voice kept calling Hideyoshi's name. ......It seemed as though the high fever had given her a bad dream or something, and now she was calling her husband's name."
Ushiromiya Natsuhi,"""Eva‐san...what is it, are you alright...?""","""Eva-san, ...what is it, are you okay...?"" ","""Eva-san..., what is it, are you alright...?""",「絵羽さん…、どうしましたか、大丈夫ですか…？」,「絵羽さん…、どうしましたか、大丈夫ですか…？」,"""Ева‐сан... В чём дело, ты в порядке?..""","""Eva‐san...o que é aconteceu? Você está bem...?""",「绘羽…，怎么了，还好吗…？」,「繪羽…，怎麼了，還好嗎…？」,"""Eva-san... cosa c'è, stai bene...?""","""Eva‐san...what is it, are you alright...?""","""Eva‐san... ¿qué ocurre, estás bien?...""","""ﺇﻳﻔﺎ-ﺳﺎﻥ...ﻣﺎﺫﺍ ﺣﺪﺙ؟ ﺃﺃﻧﺖِ ﺑﺨﻴﺮ...؟""","""Eva‐san...what is it, are you alright...?""","""Eva‐san...what is it, are you alright...?""","""Eva‐san...what is it, are you alright...?"""
Ushiromiya Eva,"""Wh‐...where is my husband?! My husband isn't here!! He promised that he'd stay with me the whole time! He promised that he'd hold my hand the whole time!!""","""...Wh-Where is my husband?! My husband isn't here!! Even though he promised that he'd stay with me the whole time! Even though he promised that he'd grasp my hand the whole time!!"" ","""Wh, ...where is my husband?! My husband isn't here!! Even though he promised that he'd stay with me the whole time! Even though he promised that he'd grasp my hand the whole time!!""",「う、…うちの人はどこ？！　うちの人がいないのッ！！　ずっと一緒にいるって約束してくれたのに！　ずっと手を握ってくれてるって約束したのにッ！！」,「う、…うちの人はどこ？！　うちの人がいないのッ！！　ずっと一緒にいるって約束してくれたのに！　ずっと手を握ってくれてるって約束したのにッ！！」,"""Гд... Где мой муж?! Моего мужа здесь нет!!! Он ведь обещал, что будет со мной всё это время! Он ведь обещал, что всё время будет держать меня за руку!!!""","""O‐Onde está meu marido?! Meu marido não está aqui!! Ele prometeu que ficaria comigo o tempo todo! Ele prometeu que seguraria minha mão o tempo todo!!""",「我、…我家那位在哪儿？！我家那位不见了！！明明约好要一直待一起的！明明约好要一直握着我的手的！！」,「我、…我家那位在哪兒？！我家那位不見了！！明明約好要一直待一起的！明明約好要一直握著我的手的！！」,"""D... Dov'è mio marito?! Mio marito non è qui!! Anche se mi ha promesso che sarebbe rimasto con me tutto il tempo! Anche se mi ha promesso che mi avrebbe stretto la mano tutto il tempo!!""","""Wh‐...where is my husband?! My husband isn't here!! He promised that he'd stay with me the whole time! He promised that he'd hold my hand the whole time!!""","""¡¿Dó-Dónde está mi esposo?! ¡¡Mi esposo no está aquí!! ¡Incluso cuando prometió que estaría conmigo todo el tiempo! ¡¡Me prometió que me tomaría de la mano todo el tiempo!!""","""ﺃﻳـ-... ﺃﻳﻦ ﻫﻮ ﺯﻭﺟﻲ؟! ﺯﻭﺟﻲ ﻟﻴﺲ ﻣﻮﺟﻮﺩًﺍ!! ﻟﻘﺪ ﻭﻋﺪﻧﻲ ﺑﺄﻥ ﻳﺒﻘﻰ ﺩﺍﺋﻤًﺎ ﻣﻌﻲ! ﻭﻋﺪﻧﻲ ﺑﺄﻻ ﻳُﻔﻠﺖ ﻳﺪﻱ ﻣﻬﻤﺎ ﺣﺪﺙ!!""","""Wh‐...where is my husband?! My husband isn't here!! He promised that he'd stay with me the whole time! He promised that he'd hold my hand the whole time!!""","""Wh‐...where is my husband?! My husband isn't here!! He promised that he'd stay with me the whole time! He promised that he'd hold my hand the whole time!!""","""Wh‐...where is my husband?! My husband isn't here!! He promised that he'd stay with me the whole time! He promised that he'd hold my hand the whole time!!"""
,"...Krauss was taken aback by this attitude of hers, which she had never shown in front of him before, but Natsuhi understood her feelings.","...Krauss was struck dumb by this attitude of hers, which she had never shown in front of him before, but Natsuhi understood her feelings. ","...Krauss was struck dumb by this attitude of hers, which she had never shown in front of him before, but Natsuhi understood her feelings.",…蔵臼の前で絶対に見せることのないその姿に、蔵臼は呆然としたが、夏妃はその気持ちを理解した。,…蔵臼の前で絶対に見せることのないその姿に、蔵臼は呆然としたが、夏妃はその気持ちを理解した。,"...Краусс буквально остолбенел от такого напора эмоций, которых она никогда раньше не проявляла при нём, но Нацухи хорошо понимала её чувства.","...Krauss foi surpreendido por aquela atitude, que ela nunca tinha demonstrado na frente dele antes, mas Natsuhi entendia os sentimentos dela.",…藏臼不禁因这副绝不会在他面前露出的样子愣住了，而夏妃则理解了她的心情。,…藏臼不禁因這副絕不會在他面前露出的樣子愣住了，而夏妃則理解了她的心情。,"... Krauss rimase senza parole davanti a questo suo atteggiamento, che lei non gli aveva mai mostrato, ma Natsuhi capiva come doveva sentirsi.","...Krauss was taken aback by this attitude of hers, which she had never shown in front of him before, but Natsuhi understood her feelings.","... Krauss se quedó sin habla ante esta actitud suya, que nunca antes había mostrado delante de él, pero Natsuhi entendía sus sentimientos.",...ﺻُﺪﻡ ﻛﺮﺍﻭﺱ ﺑﺘﺼﺮﻓﺎﺗﻬﺎ ﻫﺬﻩ، ﺇﺫ ﺃﻧّﻬﺎ ﻟﻢ ﺗُﻈﻬﺮﻫﺎ ﺃﻣﺎﻣﻪ ﻣﻦ ﻗﺒﻞ. ﻟﻜﻦّ ﻧﺎﺗﺴﻮﻫﻲ ﻓﻬﻤﺖ ﻣﺸﺎﻋﺮﻫﺎ.,"...Krauss was taken aback by this attitude of hers, which she had never shown in front of him before, but Natsuhi understood her feelings.","...Krauss was taken aback by this attitude of hers, which she had never shown in front of him before, but Natsuhi understood her feelings.","...Krauss was taken aback by this attitude of hers, which she had never shown in front of him before, but Natsuhi understood her feelings."
Ushiromiya Natsuhi,"""......C‐calm down... Hideyoshi‐san is with Rudolf‐san and Kyrie‐san, and they're outside right now.""","""...C-Calm down... Hideyoshi-san is with Rudolf-san and Kyrie-san, and they're outside right now."" ","""......C, calm down... Hideyoshi-san is with Rudolf-san and Kyrie-san, and they're outside right now.""",「……お、落ち着いて…。秀吉さんは留弗夫さんたちと一緒に、今、表へ出ています。」,「……お、落ち着いて…。秀吉さんは留弗夫さんたちと一緒に、今、表へ出ています」,"""......У... успокойся... Хидэёши‐сан ушёл вместе с Рудольфом‐саном и Кирие‐сан, и сейчас они находятся снаружи.""","""......A‐Acalme‐se... O Hideyoshi‐san está com o Rudolf‐san e a Kyrie‐san, e eles estão lá fora agora mesmo.""",「……冷、冷静一下…。秀吉正与留弗夫他们一起，去了外面。」,「……冷、冷靜一下…。秀吉正與留弗夫他們一起，去了外面。」,"""... C-Calmati... Hideyoshi-san è con Rudolf-san e Kyrie-san, e in questo momento sono fuori.""","""......C‐calm down... Hideyoshi‐san is with Rudolf‐san and Kyrie‐san, and they're outside right now.""","""... Cá-Cálmate... Hideyoshi-san está con Rudolf-san y Kyrie-san, ellos están afuera por el momento.""","""......ﺍ-ﺍﻫﺪﺋﻲ... ﺫﻫﺐ ﻫﻴﺪﻳﻮﺷﻲ-ﺳﺎﻥ ﻣﻊ ﺭﻭﺩﻭﻟﻒ-ﺳﺎﻥ ﻭﻛﻴﺮﻳﻲ-ﺳﺎﻥ ﻟﻠﺨﺎﺭﺝ.""","""......C‐calm down... Hideyoshi‐san is with Rudolf‐san and Kyrie‐san, and they're outside right now.""","""......C‐calm down... Hideyoshi‐san is with Rudolf‐san and Kyrie‐san, and they're outside right now.""","""......C‐calm down... Hideyoshi‐san is with Rudolf‐san and Kyrie‐san, and they're outside right now."""
Ushiromiya Eva,"""Outside?!?! Whwh‐why, he promised that he'd stay with me the whole time, why did he go outside?! You mustn't go outside, the witch is outside, you mustn't go, you'll be killed!! Waaa{0}a{0}a{0}a{0}aaagg{0}g{0}g{0}g{0}g{0}gghhh...!!""","""Outside?!?! Wh-Wh-Why, why did he go outside, after he promised that he'd stay with me the whole time?! You mustn't go outside, the witch is outside, you mustn't go, you'll be killed!! Waaaaaaaaaaaaaaaaaaaahhh...!!"" ","""Outside?!?! Wh, wh, why, why did he go outside, after he promised that he'd stay with me the whole time?! You mustn't go outside, the witch is outside, you mustn't go, you'll be killed!! Waaaaaaaaaaaaaaaaaaaahhh...!!""",「表へッ？！？！　どど、どうしてよ、私とずっと一緒にいてくれるって約束したのに、どうして表になんか行ってるの？！　表へ出ては駄目、表には魔女がいるわ、行っては駄目、殺されてしまうッ！！　わあああああぁあああぁあぁ…！！」,「表へッ？！？！　どど、どうしてよ、私とずっと一緒にいてくれるって約束したのに、どうして表になんか行ってるの？！　表へ出ては駄目、表には魔女がいるわ、行っては駄目、殺されてしまうッ！！　わあああああぁあああぁあぁ…！！」,"""Снаружи?!?!?! По‐по‐почему, почему он вышел наружу после того, как пообещал, что будет со мной всё это время?! Тебе нельзя выходить наружу, ведьма снаружи, ты не должен идти, тебя убьют!!! Ва‐а‐а‐а‐а‐а‐а‐а‐а‐а‐а‐а‐а‐а‐а‐аххх!!!..""","""Lá fora?!?! Po‐Po‐Por que, ele prometeu que ficaria comigo o tempo todo, por que ele saiu?! Você não deve sair, a bruxa está lá fora, você não deve ir, você será morto!! Uaaa{0}a{0}a{0}a{0}aaagg{0}g{0}g{0}g{0}g{0}gghhh...!!""",「外面？！？！为、为什么，明明约好了，要一直与我在一起的，为什么去了外面？！不可以去外面，外面有魔女，不能去啊，会被杀的！！哇啊啊啊啊啊啊啊啊啊啊啊啊…！！」,「外面？！？！為、為什麼，明明約好了，要一直與我在一起的，為什麼去了外面？！不可以去外面，外面有魔女，不能去啊，會被殺的！！哇啊啊啊啊啊啊啊啊啊啊啊啊…！！」,"""Fuori?!?! P-P-Perché, perché è andato fuori, dopo che mi aveva promesso che sarebbe rimasto con me tutto il tempo?! Non devi andare fuori, la strega è fuori, non devi andare, verrai ucciso!! Waaaaaaaaaaaaaaaaaaaahhh...!!""","""Outside?!?! Whwh‐why, he promised that he'd stay with me the whole time, why did he go outside?! You mustn't go outside, the witch is outside, you mustn't go, you'll be killed!! Waaa{0}a{0}a{0}a{0}aaagg{0}g{0}g{0}g{0}g{0}gghhh...!!""","""¡¿¡¿Afuera?!?! ¿Po‐Po-Por qué? Él prometió que se quedaría conmigo todo el tiempo. ¡¿Por qué salió?! ¡¡No debes salir, la bruja está afuera, no debes salir, te matarán!! ¡¡Waaaaaaaaaaaaaaaaaaaahhh!!...""","""ﺫﻫﺐ ﻟﻠﺨﺎﺭﺝ?!?! ﻟﻢ*ﺍ-ﻟﻤﺎ-ﻟﻤﺎﺫﺍ ﺫﻫﺐ ﻟﻠﺨﺎﺭﺝ ﺑﻌﺪ ﺃﻭ ﻭﻋﺪﻧﻲ ﺑﺄﻥ ﻳﺒﻘﻰ ﺩﺍﺋﻤًﺎ ﻣﻌﻲ؟! ﻟﻤﺎﺫﺍ ﺧﺮﺝ?! ﻳﺠﺐ ﺃﻻ ﻳﺨﺮﺟﻮﺍ، ﻓﻲ ﺍﻟﺨﺎﺭﺝ ﺗﻮﺟﺪُ ﺳﺎﺣﺮﺓ!! ﺇﺫﺍ ﻭﺟﺪﺗﻬﻢ ﻓﺴﺘﻘﺘﻠﻬﻢ!!! ﻭﺁﺁﺁﺁﺁﺁﺁﺁﺁﺁﺁﺁﺁﺁﺁﺁﺁﺁﺁﺁﺁﺁﺁﺁﺁﻩ...!!""","""Outside?!?! Whwh‐why, he promised that he'd stay with me the whole time, why did he go outside?! You mustn't go outside, the witch is outside, you mustn't go, you'll be killed!! Waaa{0}a{0}a{0}a{0}aaagg{0}g{0}g{0}g{0}g{0}gghhh...!!""","""Outside?!?! Whwh‐why, he promised that he'd stay with me the whole time, why did he go outside?! You mustn't go outside, the witch is outside, you mustn't go, you'll be killed!! Waaa{0}a{0}a{0}a{0}aaagg{0}g{0}g{0}g{0}g{0}gghhh...!!""","""Outside?!?! Whwh‐why, he promised that he'd stay with me the whole time, why did he go outside?! You mustn't go outside, the witch is outside, you mustn't go, you'll be killed!! Waaa{0}a{0}a{0}a{0}aaagg{0}g{0}g{0}g{0}g{0}gghhh...!!"""
Ushiromiya Krauss,"""...Eva, calm yourself. ......Hideyoshi‐san is back in the mansion with Rudolf and Kyrie‐san.""","""...Eva, calm yourself. ...Hideyoshi-san returned to the mansion with Rudolf and Kyrie-san."" ","""...Eva, calm yourself. ......Hideyoshi-san returned to the mansion with Rudolf and Kyrie-san.""",「…絵羽、落ち着きなさい。……秀吉さんは、留弗夫たちと一緒に屋敷へ戻っているのだ。」,「…絵羽、落ち着きなさい。……秀吉さんは、留弗夫たちと一緒に屋敷へ戻っているのだ」,"""...Ева, держи себя в руках. ......Хидэёши‐сан вернулся в особняк с Рудольфом и Кирие‐сан.""","""...Eva, acalme‐se. ......O Hideyoshi‐san voltou à mansão com o Rudolf e a {nobr:Kyrie‐san}.""",「…绘羽，冷静点。……秀吉妹夫是与留弗夫他们一起回了大屋。」,「…繪羽，冷靜點。……秀吉妹夫是與留弗夫他們一起回了大屋。」,"""... Eva, calmati. ... Hideyoshi-san è tornato alla villa con Rudolf e Kyrie-san.""","""...Eva, calm yourself. ......Hideyoshi‐san is back in the mansion with Rudolf and Kyrie‐san.""","""... Eva, cálmate... Hideyoshi-san volverá a la mansión con Rudolf y Kyrie-san.""","""...ﺍﻫﺪﺋﻲ ﻳﺎ ﺇﻳﻔﺎ. ......ﺫﻫﺐ ﻫﻴﺪﻳﻮﺷﻲ-ﺳﺎﻥ ﻟﻠﻘﺼﺮ ﻣﻊ ﺭﻭﺩﻭﻟﻒ ﻭﻛﻴﺮﻳﻲ-ﺳﺎﻥ.""","""...Eva, calm yourself. ......Hideyoshi‐san is back in the mansion with Rudolf and Kyrie‐san.""","""...Eva, calm yourself. ......Hideyoshi‐san is back in the mansion with Rudolf and Kyrie‐san.""","""...Eva, calm yourself. ......Hideyoshi‐san is back in the mansion with Rudolf and Kyrie‐san."""
Ushiromiya Eva,"""Why did he have to go to the mansion?!! Why did you let him outside when it's safe in here?!! Why did he go back to the mansion?!!""","""Why did he have to go to the mansion?!! Why did he go outside, even though it's safe here?!! Why did he go back to the mansion?!!"" ","""Why did he have to go to the mansion?!! Why did he go outside, even though it's safe here?!! Why did he go back to the mansion?!!""",「どうして屋敷に行かなくちゃいけないのよ！！　ここなら安全なのに、どうして表になんか出したのよ！！　どうして屋敷なんかに戻ったのよッ！！」,「どうして屋敷に行かなくちゃいけないのよ！！　ここなら安全なのに、どうして表になんか出したのよ！！　どうして屋敷なんかに戻ったのよッ！！」,"""Зачем он отправился в особняк?!! Почему он вышел наружу, даже понимая, что здесь безопасно?!! Почему он вернулся в особняк?!!""","""Por que ele teve que ir até a mansão?! Por que você o deixou sair quando é seguro aqui?! Por que ele voltou à mansão?!""",「为什么一定要去大屋啊！！这儿明明很安全，为什么要去外面哟！！为什么要回大屋！！」,「為什麼一定要去大屋啊！！這兒明明很安全，為什麼要去外面喲！！為什麼要回大屋！！」,"""Perché doveva andare alla villa?!! Perché è uscito, anche se qui siamo al sicuro?!! Perché è tornato alla villa?!!""","""Why did he have to go to the mansion?!! Why did you let him outside when it's safe in here?!! Why did he go back to the mansion?!!""","""¡¡¿Por qué tuvo él que ir a la mansión?!! ¡¡¿Por qué salió estando a salvo aquí dentro?!! ¡¡¿Por qué volvió a la mansión?!!""","""ﻣﺎ ﺍﻟﺬﻱ ﻳﺴﺘﺪﻋﻲ ﺍﻟﺬﻫﺎﺏ ﻟﻠﻘﺼﺮ؟!! ﻟﻤﺎﺫﺍ ﺫﻫﺐ ﻟﻠﺨﺎﺭﺝ ﻭﻧﺤﻦ ﻫﻨﺎ ﻓﻲ ﺃﻣﺎﻥ؟!! ﺃﺧﺒﺮﻧﻲ ﻟﻤﺎﺫﺍ ﻋﺎﺩ ﻟﻠﻘﺼﺮ؟!!!""","""Why did he have to go to the mansion?!! Why did you let him outside when it's safe in here?!! Why did he go back to the mansion?!!""","""Why did he have to go to the mansion?!! Why did you let him outside when it's safe in here?!! Why did he go back to the mansion?!!""","""Why did he have to go to the mansion?!! Why did you let him outside when it's safe in here?!! Why did he go back to the mansion?!!"""
Ushiromiya Krauss,""".................. ......They went to get enough food to last until tomorrow. ...Hideyoshi‐san was worried about your health, and he told us so...""","""............ ...They went to get enough food to last until tomorrow. ...Hideyoshi-san was worried about your health...and said that was partly why he wanted to go..."" ","""..................They went to get enough food to last until tomorrow. ...Hideyoshi-san was worried about your health, and he told us so...""",「………………。……明日までの食料を取りに行くことになったのだ。…秀吉さんは、お前の体調が悪いことを気にしてて、その為にもと言って…。」,「………………。……明日までの食料を取りに行くことになったのだ。…秀吉さんは、お前の体調が悪いことを気にしてて、その為にもと言って…」,"""..................Они отправились набрать достаточно еды, чтобы продержаться до завтра. ...Хидэёши‐сан был обеспокоен твоим здоровьем и сказал нам...""",""".................. ......Eles foram pegar comida suficiente para durar até amanhã.{n}...O Hideyoshi‐san estava preocupado com sua saúde, e ele nos disse isso...""",「………………。……他们是去拿直到明天的食物的。…秀吉妹夫说了，担心你体况不佳，就算为了此，也要去一趟…」,「………………。……他們是去拿直到明天的食物的。…秀吉妹夫說了，擔心你體況不佳，就算為了此，也要去一趟…」,"""... Sono andati a prendere del cibo che possa bastarci fino a domani. ... Hideyoshi-san era preoccupato per la tua salute, e ce lo ha confessato...""",""".................. ......They went to get enough food to last until tomorrow. ...Hideyoshi‐san was worried about your health, and he told us so...""","""... Fueron a conseguir el suficiente alimento para durar hasta mañana... Hideyoshi-san estaba preocupado por tu salud, y él nos lo dijo...""",""".................. ...ﺫﻫﺒﻮﺍ ﻹﺣﻀﺎﺭ ﻃﻌﺎﻡ ﻳﺴﺪُّ ﺟﻮﻋﻨﺎ ﺣﺘﻰ ﺍﻟﻐﺪ. ...ﻛﻤّﺎ ﺃﻥ ﻫﻴﺪﻳﻮﺷﻲ-ﺳﺎﻥ ﻛﺎﻥ ﻗﻠﻘًﺎ ﻋﻠﻰ ﺣﺎﻟﺘﻚ ﺍﻟﺼﺤﻴﺔ... ﺇﺫ ﻗﺎﻝ ﺃﻥ ﻫﺬﺍ ﺳﺒﺐ ﺭﻏﺒﺘﻪ ﻓﻲ ﺍﻟﺬﻫﺎﺏ...""",""".................. ......They went to get enough food to last until tomorrow. ...Hideyoshi‐san was worried about your health, and he told us so...""",""".................. ......They went to get enough food to last until tomorrow. ...Hideyoshi‐san was worried about your health, and he told us so...""",""".................. ......They went to get enough food to last until tomorrow. ...Hideyoshi‐san was worried about your health, and he told us so..."""
Ushiromiya Eva,"""When will they come back?! When will he come back?! He can't go outside, not to the rose garden, not to the mansion!! The witch is there, the Golden Witch is walking around! If she finds him he'll be killed, he'll definitely be killed!! When will my husband come back?!""","""When will they come back?! When will they come back?! Don't go outside, don't go to the rose garden, don't go to the mansion!! The witch is there, the Golden Witch is walking about! If she finds you, you'll be killed, you'll definitely be killed!! When will my husband come back?!"" ","""When will they come back?! When will they come back?! Don't go outside, don't go to the rose garden, don't go to the mansion!! The witch is there, the Golden Witch is walking around! If she finds you, you'll be killed, you'll definitely be killed!! When will my husband come back?!""",「いつ戻ってくるの？！　いつ戻ってくるのよ？！　表は駄目よ、薔薇庭園は駄目、屋敷は駄目！！　魔女がいる、黄金の魔女が歩き回ってる！　見つかったら殺されてしまう、絶対に殺されてしまうッ！！　うちの人はいつ戻ってくるのッ？！」,「いつ戻ってくるの？！　いつ戻ってくるのよ？！　表は駄目よ、薔薇庭園は駄目、屋敷は駄目！！　魔女がいる、黄金の魔女が歩き回ってる！　見つかったら殺されてしまう、絶対に殺されてしまうッ！！　うちの人はいつ戻ってくるのッ？！」,"""Когда они вернутся?! Когда они вернутся?! Не выходи наружу, не ходи в розарий, не ходи в особняк!!! Ведьма здесь, Золотая Ведьма ищет повсюду! Если она найдёт тебя, то тебя убьют, тебя обязательно убьют!!! Когда мой муж должен вернуться?!""","""Quando eles vão voltar?! Quando ele vai voltar?! Ele não pode sair, não para o jardim de rosas, não para a mansão!! A bruxa está lá, a Bruxa Dourada está andando por aí! Se ela o encontrar, ele será morto, ele definitivamente será morto!! Quando meu marido vai voltar?!""",「什么时候回来？！什么时候回来？！不能去外面、不能去玫瑰庭园、不能去大屋！！有魔女，黄金的魔女在四处徘徊！被找到就会被杀的，绝对会被杀的！！我家那位，要到什么时候才回来？！」,「什麼時候回來？！什麼時候回來？！不能去外面、不能去玫瑰庭園、不能去大屋！！有魔女，黃金的魔女在四處徘徊！被找到就會被殺的，絕對會被殺的！！我家那位，要到什麼時候才回來？！」,"""Quando torneranno?! Quanto torneranno?! Non uscite fuori, non andate nel roseto, non andate alla villa!! La strega è lì, la Strega Dorata è in giro! Se vi trova, sarete uccisi, sarete uccisi senza alcun dubbio!! Quando tornerà mio marito?!""","""When will they come back?! When will he come back?! He can't go outside, not to the rose garden, not to the mansion!! The witch is there, the Golden Witch is walking around! If she finds him he'll be killed, he'll definitely be killed!! When will my husband come back?!""","""¡¿Cuándo volverán?! ¡¿Cuándo volverá?! ¡¡No pudo haber salido, no al jardín de rosas, no a la mansión!! ¡La Bruja está allí, la Bruja Dorada está merodeando por la isla! ¡¡Si te encuentra, serás asesinado, definitivamente, estarás muerto!! ¡¿Cuándo volverá mi esposo?!""","""ﻣﺘﻰ ﺳﻴﻌﻮﺩ؟!! ﻣﺘﻰ ﺳﻴﻌﻮﺩ؟!! ﻳﺠﺐ ﺃﻻ ﻳﺨﺮﺟﻮﺍ، ﻻ ﺇﻟﻰ ﺣﺪﻳﻘﺔ ﺍﻟﻮﺭﻭﺩ ﺃﻭ ﺣﺘﻰ ﺍﻟﻘﺼﺮ!! ﻫﻨﺎﻙ ﺗﻮﺟﺪُ ﺳﺎﺣﺮﺓ. ﺍﻟﺴﺎﺣﺮﺓ ﺍﻟﺬﻫﺒﻴﺔ ﺗﺘﺠﻮّﻝ ﻫﻨﺎﻙ!! ﺇﺫﺍ ﻭﺟﺪﺗﻪ ﻓﻠﻦ ﺗﺘﺮﺩﺩ ﻓﻲ ﻗﺘﻠﻪ، ﺑﻞ ﺳﺘﻘﺘﻠﻪ ﺣﺘﻤًﺎ!! ﻣﺘﻰ ﺳﻴﻌﻮﺩ ﺯﻭﺟﻲ؟!""","""When will they come back?! When will he come back?! He can't go outside, not to the rose garden, not to the mansion!! The witch is there, the Golden Witch is walking around! If she finds him he'll be killed, he'll definitely be killed!! When will my husband come back?!""","""When will they come back?! When will he come back?! He can't go outside, not to the rose garden, not to the mansion!! The witch is there, the Golden Witch is walking around! If she finds him he'll be killed, he'll definitely be killed!! When will my husband come back?!""","""When will they come back?! When will he come back?! He can't go outside, not to the rose garden, not to the mansion!! The witch is there, the Golden Witch is walking around! If she finds him he'll be killed, he'll definitely be killed!! When will my husband come back?!"""
Ushiromiya Natsuhi,""".........They left here thirty minutes ago. We are waiting for their return.""","""......They left here thirty minutes ago. We are waiting for their return."" ",""".........They left here thirty minutes ago. We are waiting for their return.""",「………３０分前にここを出ました。私たちは帰りを待っています。」,「………３０分前にここを出ました。私たちは帰りを待っています」,""".........Они вышли ровно тридцать минут назад. Мы ожидаем их возвращения.""",""".........Eles saíram há cerca de trinta minutos atrás. Estamos esperando o retorno deles.""",「………是三十分钟前出去的。我们正在等他们回来。」,「………是三十分鐘前出去的。我們正在等他們回來。」,"""... Se ne sono andati trenta minuti fa. Stiamo attendendo il loro ritorno.""",""".........They left here thirty minutes ago. We are waiting for their return.""","""... Salieron de aquí hace unos treinta minutos. Estamos esperando a que vuelvan.""","""...ﻟﻘﺪ ﻣﻀﺖ ﻧﺤﻮ ﺛﻼﺛﻴﻦ ﺩﻗﻴﻘﺔ ﻣﻨﺬ ﻣﻐﺎﺩﺭﺗﻬﻢ. ﻧﺤﻦ ﺍﻵﻥ ﻓﻲ ﺍﻧﺘﻈﺎﺭ ﻋﻮﺩﺗﻬﻢ.""",""".........They left here thirty minutes ago. We are waiting for their return.""",""".........They left here thirty minutes ago. We are waiting for their return.""",""".........They left here thirty minutes ago. We are waiting for their return."""
Ushiromiya Eva,"""Th‐thirty minutes?! That makes no sense, why would it take him so much time to go to the mansion, get food, and come back?! And why are you two just standing around here?!""","""Th-Thirty minutes ago?! Isn't that strange? Why would it take so much time for them to go to the mansion to get food and come back?! And why are you two just standing around here?! ","""Th, thirty minutes?! Isn't that strange? Why would it take so much time for them to go to the mansion to get food and come back?! And why are you two just standing around here?!",「さ、３０分ッ？！　そんなのおかしいじゃないッ、屋敷に行って食料を取って帰ってくるのに、どうしてそんなに時間が掛かるのよ？！　それであんたたちは何でここでぼんやりしてるのよ？！,「さ、３０分ッ？！　そんなのおかしいじゃないッ、屋敷に行って食料を取って帰ってくるのに、どうしてそんなに時間が掛かるのよ？！　それであんたたちは何でここでぼんやりしてるのよ？！」,"""Тр‐тридцать минут?! Разве это не странно? Почему у них ушло так много времени, чтобы отправиться в особняк, чтобы забрать еду и вернуться?! И почему вы двое просто стояли здесь всё это время?!""","""Tri‐Trinta minutos?! Isso não faz sentido, por que levaria tanto tempo para ele ir à mansão, pegar comida e voltar?! E por que vocês dois estão só parados aí?!""",「三、三十分钟？！这不对劲哟，去趟大屋带回食物，哪会花这么多时间？！你们两个干嘛在这发呆啊？！」,「三、三十分鐘？！這不對勁喲，去趟大屋帶回食物，哪會花這麼多時間？！你們兩個幹嘛在這發呆啊？！」,"""T-Trenta minuti?! Non è strano? Perché dovrebbe volerci tutto questo tempo per andare alla villa per prendere del cibo e tornare indietro?! E perché voi due ve ne state qui così?!","""Th‐thirty minutes?! That makes no sense, why would it take him so much time to go to the mansion, get food, and come back?! And why are you two just standing around here?!""","""¡¿Tre-Treinta minutos?! ¿No es extraño? ¡¿Por qué les tomaría tanto tiempo ir a la mansión por comida y volver?! ¡¿Y por qué ustedes están los dos solos merodeando por aquí?!""","""ﺛـ-ﺛﻼﺛﻴﻦ ﺩﻗﻴﻘﺔ؟! ﻫﺬﺍ ﻏﻴﺮ ﻣﻨﻄﻘﻲ ﺃﺑﺪًﺍ! ﺍﻟﺬﻫﺎﺏ ﺇﻟﻰ ﺍﻟﻘﺼﺮ ﻓﻘﻂ ﻟﺠﻠﺐ ﺍﻟﻄﻌﺎﻡ ﻻ ﻳﺤﺘﺎﺝ ﻛﻞ ﻫﺬﺍ ﺍﻟﻮﻗﺖ!! ﻓﻠﻤﺎﺫﺍ ﺃﻧﺘﻤﺎ ﺗﻘﻔﺎﻥ ﻫﻨﺎ ﺑﻼ ﺣﺮﺍﻙ؟!""","""Th‐thirty minutes?! That makes no sense, why would it take him so much time to go to the mansion, get food, and come back?! And why are you two just standing around here?!""","""Th‐thirty minutes?! That makes no sense, why would it take him so much time to go to the mansion, get food, and come back?! And why are you two just standing around here?!""","""Th‐thirty minutes?! That makes no sense, why would it take him so much time to go to the mansion, get food, and come back?! And why are you two just standing around here?!"""
Ushiromiya Eva,"""We have to go get him!! Quick, we have to go to where he is!! Hiiiiiiiiiiiiiiiiiiiiiiiiiiii!!""","We have to go get them!! We have to hurry to where they are!! Eeeeeeeeeeeekkk!!"" "," We have to get them!! We have to quickly go to where they are!! Hiiiiiiiiiiiiiiiiiiiiiiiiiiii!!""",　迎えに行かなきゃ！！　早くあの人のところへ行かなきゃッ！！　ひぃいいいいぃいいいいいいぃ！！」,「迎えに行かなきゃ！！　早くあの人のところへ行かなきゃッ！！　ひぃいいいいぃいいいいいいぃ！！」,"""Мы должны собраться!!! Мы должны быстро отправиться туда, где они!!! Хи‐и‐и‐и‐и‐и‐и‐и‐и‐и‐и‐и‐и‐и‐и‐и‐и‐и!!!""","""Temos que ir buscá‐lo!! Rápido, temos que ir para onde ele está!! Hiiiiiiiiiiiiiiiiiiiiiiiiiiii!!""",「得去接他们啊！！得快去他的身边！！嗨咿咿咿咿咿咿咿咿咿咿咿咿咿！！」,「得去接他們啊！！得快去他的身邊！！嗨咿咿咿咿咿咿咿咿咿咿咿咿咿！！」,"Dobbiamo andare a prenderli!! Dobbiamo andare dove sono loro!! Hiiiiiiiiiiiiiiiiiiiiiiiiiiii!!""","""We have to go get him!! Quick, we have to go to where he is!! Hiiiiiiiiiiiiiiiiiiiiiiiiiiii!!""","""¡¡Tenemos que encontrarlos!! ¡¡Tenemos que ir rápidamente a donde estén ellos!! ¡¡Hiiiiiiiiiiiiiiiiiiiiiiiiiiii!!""","""ﻋﻠﻴﻨﺎ ﺍﻟﺬﻫﺎﺏ ﺇﻟﻴﻪ! ﻳﺠﺐ ﺃﻥ ﻧﺬﻫﺐ ﺇﻟﻴﻪ ﺣﺎﻻً!! ﺁﺁﺁﺁﺁﺍﺍﺍﺍﺍﻩ!!""","""We have to go get him!! Quick, we have to go to where he is!! Hiiiiiiiiiiiiiiiiiiiiiiiiiiii!!""","""We have to go get him!! Quick, we have to go to where he is!! Hiiiiiiiiiiiiiiiiiiiiiiiiiiii!!""","""We have to go get him!! Quick, we have to go to where he is!! Hiiiiiiiiiiiiiiiiiiiiiiiiiiii!!"""
,"Eva had probably had quite a nightmare. ...And after waking up and discovering that it still wasn't over, she could no longer hide her confusion.","Eva probably had quite a nightmare. ...And, because it had continued even after she woke up, she could no longer hide her panic. ","Eva probably had quite a nightmare....And because it had continued even after she had woken up, she could no longer hide her confusion.",絵羽は余程の悪夢を見たのだろう。…そして目が覚めてもまだそれが続いていることに、とうとう錯乱を隠せなくなってしまう。,絵羽は余程の悪夢を見たのだろう。…そして目が覚めてもまだそれが続いていることに、とうとう錯乱を隠せなくなってしまう。,"Еве, похоже, приснился ещё тот кошмар. ...А поскольку он продолжился, даже когда она проснулась, она больше не могла скрыть замешательства.","Eva provavelmente teve um pesadelo e tanto. ...E depois de acordar e descobrir que ele não tinha acabado, ela não conseguia mais esconder sua confusão.",绘羽是做了个非同小可的噩梦吧。…然后，面对这睁眼后仍在继续的噩梦，她终于无法掩饰住内心的混乱了。,繪羽是做了個非同小可的噩夢吧。…然後，面對這睜眼後仍在繼續的噩夢，她終於無法掩飾住內心的混亂了。,"Probabilmente Eva doveva aver avuto un incubo tremendo. ... E siccome questo era continuato anche dopo il suo risveglio, non era più in grado di nascondere la sua confusione.","Eva had probably had quite a nightmare. ...And after waking up and discovering that it still wasn't over, she could no longer hide her confusion.","Eva probablemente tuvo una pesadilla... Y tras despertarse y descubrir que aún no había terminado, ya no pudo ocultar su confusión.",ﻣﻦ ﺍﻟﻤﺤﺘﻤﻞ ﺃﻥ ﻛﺎﺑﻮﺳًﺎ ﺭﺍﻭﺩﻫﺎ. ...ﻭﻷﻧّﻪ ﺍﺳﺘﻤﺮّ ﺣﺘﻰ ﺑﻌﺪ ﺍﺳﺘﻴﻘﺎﻇﻬﺎ، ﻓﻠﻢ ﺗﻌﺪ ﺑﺪﻭﺭﻫﺎ ﻗﺎﺩﺭﺓٌ ﻋﻠﻰ ﺇﺧﻔﺎﺀ ﺫﻋﺮﻫﺎ.,"Eva had probably had quite a nightmare. ...And after waking up and discovering that it still wasn't over, she could no longer hide her confusion.","Eva had probably had quite a nightmare. ...And after waking up and discovering that it still wasn't over, she could no longer hide her confusion.","Eva had probably had quite a nightmare. ...And after waking up and discovering that it still wasn't over, she could no longer hide her confusion."
,"Natsuhi tried calming her down, but it only made Eva's emotions explode all the more.","Natsuhi tried calming her down, but all it did was make Eva's emotions explode even more. "," Natsuhi tried calming her down, but all it did was make Eva's emotions explode even more.",夏妃は落ち着かせようと試みるが、むしろ絵羽の感情をますますに弾けさせるだけだった。,夏妃は落ち着かせようと試みるが、むしろ絵羽の感情をますますに弾けさせるだけだった。,"Нацухи пыталась успокаивать её, но всё что она сделала, это заставила эмоции Евы вспыхнуть с новой силой.","Natsuhi tentou acalmá‐la, mas isso apenas fez as emoções de Eva explodirem ainda mais.",虽然夏妃试着让她冷静下来，但这反而只是更加激起了绘羽的情绪。,雖然夏妃試著讓她冷靜下來，但這反而只是更加激起了繪羽的情緒。,"Natsuhi cercò di calmarla, ma riuscì soltanto a far esplodere ulteriormente le emozioni di Eva.","Natsuhi tried calming her down, but it only made Eva's emotions explode all the more.","Natsuhi intentó calmarla, pero todo hizo que las emociones de Eva explotasen aún más.",ﺣﺎﻭﻟﺖ ﻧﺎﺗﺴﻮﻫﻲ ﺗﻬﺪﺋﺘﻬﺎ، ﻟﻜﻦّ ﻣﺸﺎﻋﺮ ﺇﻳﻔﺎ ﺗﺄﺟّﺠﺖ ﺃﻛﺜﺮ.,"Natsuhi tried calming her down, but it only made Eva's emotions explode all the more.","Natsuhi tried calming her down, but it only made Eva's emotions explode all the more.","Natsuhi tried calming her down, but it only made Eva's emotions explode all the more."
,"......Maybe they heard that disturbance. The lobby door opened slightly, and Battler and the kids, who should have been upstairs, poked their faces out.","...Maybe they heard that disturbance. Battler and the kids, who had supposedly been on the second floor, were peeking their faces through the crack of the lobby door. ","...Maybe it was because they heard that disturbance. Battler and the kids, who should have gone up to the second floor, were peeking their faces through the slightly open lobby door.",……その騒ぎが聞こえたのだろうか。ロビーの扉が細く開き、２階に行っているはずの戦人たちが顔を覗かせる。,……その騒ぎが聞こえたのだろうか。ロビーの扉が細く開き、２階に行っているはずの戦人たちが顔を覗かせる。,"...Наверное, эта вспышка достигла их ушей. Баттлер и прочие дети, которые должны были отправиться на второй этаж, выглядывали через слегка приоткрытую дверь вестибюля.","......Talvez as crianças tenham ouvido aquela perturbação. A porta do lobby se abriu ligeiramente e Battler e seus primos, que deviam estar lá em cima, colocaram seus rostos para fora.",……是听到了这吵闹声吧。大厅的门微微开了一条缝，本该待在二楼的战人几人探头张望。,……是聽到了這吵鬧聲吧。大廳的門微微開了一條縫，本該待在二樓的戰人幾人探頭張望。,"... Forse era perché avevano sentito quel fracasso. Battler e i ragazzi, che sarebbero dovuti essere al secondo piano, stavano sbirciando dalla porta semiaperta del vestibolo.","......Maybe they heard that disturbance. The lobby door opened slightly, and Battler and the kids, who should have been upstairs, poked their faces out.","... Tal vez escucharon ese alboroto. Battler y los niños, que tendrían que haberse ido al segundo piso, asomaban el rostro a través de la ligeramente abierta puerta del vestíbulo.",......ﻭﻷﻥ ﺫﻟﻚ ﺍﻟﻤﻮﻗﻒ ﺍﻟﻤﻀﻄﺮﺏ ﻗﺪ ﻭﺻﻞّ ﺇﻟﻰ ﻣﺴﺎﻣﻌﻬﻢ، ﻓﻘﺪ ﻛﺎﻥ ﺑﺎﺗﻠﺮ ﻭﺍﻷﻃﻔﺎﻝ ﻳﺴﺘﺮﻗﻮﻥ ﺍﻟﻨﻈﺮ ﻣﻦ ﺧﻼﻝ ﺷﻖّ ﺑﺎﺏ ﺍﻟﺮﺩﻫﺔ، ﺑﻴﻨﻤﺎ ﻳُﻔﺘﺮﺽ ﺑﻬﻢ ﺍﻟﺒﻘﺎﺀ ﻓﻲ ﺍﻟﻄﺎﺑﻖ ﺍﻟﺜﺎﻧﻲ.,"......Maybe they heard that disturbance. The lobby door opened slightly, and Battler and the kids, who should have been upstairs, poked their faces out.","......Maybe they heard that disturbance. The lobby door opened slightly, and Battler and the kids, who should have been upstairs, poked their faces out.","......Maybe they heard that disturbance. The lobby door opened slightly, and Battler and the kids, who should have been upstairs, poked their faces out."
,"Krauss, Natsuhi, Eva. And Battler, George, Jessica, Nanjo.{n}...Everyone in the guesthouse was gathered by the entrance, and understood the current situation.","Krauss, Natsuhi, Eva. And Battler, George, Jessica, Nanjo. ...Everyone in the guesthouse had gathered by the entrance...and understood the current situation. "," Krauss, Natsuhi, Eva. And Battler, George, Jessica, Nanjo....Everyone in the guesthouse was gathered by the entrance, and understood the current situation.",蔵臼、夏妃、絵羽。そして戦人、譲治、朱志香、南條。…ゲストハウスの全ての人間が、玄関に集い、現状を把握した。,蔵臼、夏妃、絵羽。そして戦人、譲治、朱志香、南條。{n}…ゲストハウスの全ての人間が、玄関に集い、現状を把握した。,"Краусс, Нацухи, Ева. А также Баттлер, Джордж, Джессика, Нанджо.{n}...Все в домике для гостей собрались у входа и осознали сложившуюся ситуацию.","Krauss, Natsuhi e Eva. Battler, George, Jessica e Nanjo.{n}...Todos na casa de hóspedes estavam reunidos na entrada, e entendiam a situação atual.",藏臼、夏妃、绘羽。还有战人、让治、朱志香、南条。{n}…所有在宾馆的人，都聚集到了大门处，搞清了现状。,藏臼、夏妃、繪羽。還有戰人、讓治、朱志香、南條。{n}…所有在賓館的人，都聚集到了大門處，搞清了現狀。,"Krauss, Natsuhi, Eva. E Battler, George, Jessica, Nanjo. ... Tutti i presenti nella casa degli ospiti erano riuniti all'ingresso, e sapevano cosa stava accadendo.","Krauss, Natsuhi, Eva. And Battler, George, Jessica, Nanjo.{n}...Everyone in the guesthouse was gathered by the entrance, and understood the current situation.","Krauss, Natsuhi, Eva. Y también Battler, George, Jessica, y Nanjo.{n}... Todos en la casa de huéspedes se reunieron en la entrada, y comprendieron la situación actual.",ﺣﻴﻨﺌﺬٍ، ﺗﺠﻤﻊ ﻛﻞّ ﻣﻦ ﻓﻲ ﻣﻨﺰﻝ ﺍﻟﻀﻴﺎﻓﺔ ﻋﻨﺪ ﺍﻟﻤﺪﺧﻞ. ﻛﺮﻭﺍﺱ ﻭﻧﺎﺗﺴﻮﻫﻲ ﻭﺇﻳﻔﺎ، ﻛﺬﻟﻚ ﺑﺎﺗﻠﺮ ﻭﺟﻮﺭﻭﺝ ﻭﺟﻴﺴﻴﻜﺎ ﻭﻧﺎﻧﺠﻮ.{n}...ﻣﺤﺎﻭﻟﻴﻦ ﻓﻬﻢ ﺍﻟﻤﻮﻗﻒ ﺍﻟﺤﺎﻟﻲ.,"Krauss, Natsuhi, Eva. And Battler, George, Jessica, Nanjo.{n}...Everyone in the guesthouse was gathered by the entrance, and understood the current situation.","Krauss, Natsuhi, Eva. And Battler, George, Jessica, Nanjo.{n}...Everyone in the guesthouse was gathered by the entrance, and understood the current situation.","Krauss, Natsuhi, Eva. And Battler, George, Jessica, Nanjo.{n}...Everyone in the guesthouse was gathered by the entrance, and understood the current situation."
Ushiromiya George,"""I agree with Mother. We should go to check on Father and the others.""","""I agree with Mother. We should go to check on Father and the rest."" ","""I agree with Mother. We should go to check on Father and the rest.""",「母さんの意見に同感だよ。父さんたちの様子を確かめに行くべきだ。」,「母さんの意見に同感だよ。父さんたちの様子を確かめに行くべきだ」,"""Я поддерживаю маму. Нам следует пойти, чтобы проверить папу и остальных.""","""Minha mãe está certa. Deveríamos ir checar onde estão o meu pai e os outros.""",「我赞同妈妈的意见。应该去确认一下爸爸他们的情况。」,「我贊同媽媽的意見。應該去確認一下爸爸他們的情況。」,"""Concordo con mia Madre. Dovremmo andare a controllare se Papà e gli altri stanno bene.""","""I agree with Mother. We should go to check on Father and the others.""","""Estoy de acuerdo con madre. Deberíamos ir por padre y los demás.""","""ﺃﻣﻲ ﻣﺤﻘﺔٌ ﻓﻲ ﻛﻼﻣﻬﺎ. ﻋﻠﻴﻨﺎ ﺍﻟﺬﻫﺎﺏ ﻟﻼﻃﻤﺌﻨﺎﻥ ﻋﻠﻰ ﺃﺑﻲ ﻭﻣﻦ ﻣﻌﻪ.""","""I agree with Mother. We should go to check on Father and the others.""","""I agree with Mother. We should go to check on Father and the others.""","""I agree with Mother. We should go to check on Father and the others."""
Ushiromiya Battler,"""Yeah, you're right. There's also the chance that their load is too heavy and they're having trouble carrying it. They should welcome some extra hands.""","""Yeah, that's right. It's even possible that their load's too heavy and they're having trouble carrying it. They should welcome some extra hands."" ","""Yeah, that's right. There's also the chance that their load is too heavy and they're having trouble carrying it. They should welcome some extra hands.""",「あぁ、そうだな。荷物が大きくなって手間取ってる可能性だってあるぜ。人手は歓迎のはずさ。」,「あぁ、そうだな。荷物が大きくなって手間取ってる可能性だってあるぜ。人手は歓迎のはずさ」,"""Да, это верно. Тем более, есть вероятность, что их груз слишком тяжёл и им трудно его перемещать. Им могут понадобиться дополнительные руки.""","""Sim, isso mesmo. Também existe a chance de que a carga deles seja pesada demais e estejam tendo problemas em carregá‐la. Eles deveriam receber algumas mãos extras.""",「啊啊，是啊。有可能是东西太多，耽误时间了。应该会欢迎多些人手帮忙的。」,「啊啊，是啊。有可能是東西太多，耽誤時間了。應該會歡迎多些人手幫忙的。」,"""Già, ben detto. C'è anche la possibilità che il loro carico sia troppo pesante e che non riescano a trasportarlo. Dovrebbero gradire qualche paio di mani in più.""","""Yeah, you're right. There's also the chance that their load is too heavy and they're having trouble carrying it. They should welcome some extra hands.""","""Sí, está bien. También es posible que la carga sea demasiado pesada y estén teniendo problemas para llevarla. Ellos deberían agradecer algunas manos extra.""","""ﻧﻌﻢ، ﺻﺤﻴﺢ. ﺭﺑﻤﺎ ﺗﺄﺧﺮﻭﺍ ﺑﺴﺒﺐ ﺛﻘﻞ ﻣﺆﻭﻧﺔ ﺍﻟﻄﻌﺎﻡ. ﻋﻠﻴﻨﺎ ﺍﻟﺬﻫﺎﺏ ﻟﻤﺪّ ﻳﺪ ﺍﻟﻌﻮﻥ ﻟﻬﻢ.""","""Yeah, you're right. There's also the chance that their load is too heavy and they're having trouble carrying it. They should welcome some extra hands.""","""Yeah, you're right. There's also the chance that their load is too heavy and they're having trouble carrying it. They should welcome some extra hands.""","""Yeah, you're right. There's also the chance that their load is too heavy and they're having trouble carrying it. They should welcome some extra hands."""
Nanjo Terumasa,"""......R‐Rosa‐san was attacked not long ago. ...There's a possibility that this is a second disaster. We should act with caution here and—""","""...Th-This happened right after Rosa-san was attacked. ...This may have been a secondary disaster connected to that. We should act with caution here and..."" ","""......R, Rosa-san was attacked not long ago. ...There's a possibility that this is a second disaster. We should act with caution here and...""",「……ろ、楼座さんが襲われてすぐですぞ。…二次遭難の可能性もあります。ここはひとつ慎重に…、」,「……ろ、楼座さんが襲われてすぐですぞ。…二次遭難の可能性もあります。ここはひとつ慎重に…、」,"""......Р‐Роза‐сан не так давно подверглась нападению. ...Нельзя исключать возможность повторения трагедии. Нам следует проявить осторожность и...""","""......A‐A Rosa‐san foi atacada não muito tempo atrás. ...Há a possibilidade deste ser um segundo desastre. Devemos agir com cuidado aqui e—""",「……距楼座遇袭还没过多久呐。…也是存在着“二次遇难”的可能性的呐。当前先慎重…」,「……距樓座遇襲還沒過多久吶。…也是存在著“二次遇難”的可能性的吶。當前先慎重…」,"""... R-Rosa-san è stata attaccata poco tempo fa. ... C'è la possibilità che questa sia un'altra sciagura. In questa situazione dovremmo agire con cautela e...""","""......R‐Rosa‐san was attacked not long ago. ...There's a possibility that this is a second disaster. We should act with caution here and—""","""... Ro-Rosa-san fue atacada no hace mucho... Cabe la posibilidad de que este sea un segundo desastre. Deberíamos actuar con cuidado y—""","""...ﻟـ-ﻻ ﺗﻨﺴﻮﺍ ﺃﻥ ﺭﻭﺯﺍ-ﺳﺎﻥ ﻗﺪ ﺗﻌﺮﺿﺖ ﻟﻠﻘﺘﻞ ﻣﻨﺬ ﻗﻠﻴﻞ. ...ﻟﺬﺍ ﻗﺪ ﺗﺤﺪﺙ ﺟﺮﻳﻤﺔ ﺃﺧﺮﻯ ﻣﺮﺗﺒﻄﺔ ﺑﺬﻟﻚ. ﻋﻠﻴﻨﺎ ﺗﻮﺧﻲ ﺍﻟﺤﺬﺭ ﻭﺃﻥ ﻧﺒﻘﻰ-""","""......R‐Rosa‐san was attacked not long ago. ...There's a possibility that this is a second disaster. We should act with caution here and—""","""......R‐Rosa‐san was attacked not long ago. ...There's a possibility that this is a second disaster. We should act with caution here and—""","""......R‐Rosa‐san was attacked not long ago. ...There's a possibility that this is a second disaster. We should act with caution here and—"""
Ushiromiya Eva,"""Don't be ridiculous!! Act with caution and {i:what}?! Are you saying we should stand by and let my husband die when he might be praying for help?! I'm going to look, the cowards can stay here!!""","""Don't be a fool!! What do you mean, caution?! Are you saying we should let my husband die, even though he might be begging for help?! I'm going to look, and the cowards can stay here!!"" ","""Don't be a fool!! What do you mean, caution?! Are you saying we should watch my husband die, even though he might be begging for help?! I'm going to look, and the cowards can stay here!!""",「馬鹿を言わないでッ！！　慎重に何よ？！　助けを求めてるかもしれない主人を見殺しにしろと言うのッ？！　私が様子を見に行くわ、臆病者はここで待っていなさい！！」,「馬鹿を言わないでッ！！　慎重に何よ？！　助けを求めてるかもしれない主人を見殺しにしろと言うのッ？！　私が様子を見に行くわ、臆病者はここで待っていなさい！！」,"""Не будь дураком!!! Что ты подразумеваешь под осторожностью?! Ты хочешь сказать, мы должны наблюдать, как мой муж умрёт, хотя он, возможно, умоляет о помощи?! Я сама схожу и посмотрю, а трусы могут оставаться здесь!!!""","""Não seja ridículo!! O que você quer dizer com agir com cuidado?! Você está dizendo que devemos aguardar e deixar meu marido morrer, quando ele pode estar rezando por ajuda?! Eu vou lá ver, os covardes podem ficar aqui!!""",「别说傻话了！！慎重什么啊？！叫我对说不定正在求救的丈夫坐视不管吗？！我去查看情况，胆小鬼就待在这儿！！」,「別說傻話了！！慎重什麼啊？！叫我對說不定正在求救的丈夫坐視不管嗎？！我去查看情況，膽小鬼就待在這兒！！」,"""Non sia sciocco!! Che vuole dire, con cautela?! Sta dicendo che dovremmo guardare mio marito morire, anche se magari sta chiedendo aiuto?! Io andrò a controllare, e i codardi possono restarsene qui!!""","""Don't be ridiculous!! Act with caution and {i:what}?! Are you saying we should stand by and let my husband die when he might be praying for help?! I'm going to look, the cowards can stay here!!""","""¡¡No seas ridículo!! ¡¿Qué quieres decir con cuidado?! ¡¿Estás diciendo que deberíamos ver morir a mi marido, a pesar de que podría estar pidiendo ayuda?! ¡¡Yo voy a ir a revisar, los cobardes pueden quedarse aquí!!""","""ﻛﻔﺎﻙَ ﺣﻤﺎﻗﺔً!! ﻣﺎ ﻣﻌﻨﻰ ﺍﻟﺤﺬﺭ ﺍﻵﻥ؟! ﺭﺑﻤﺎ ﻳﻄﻠﺐ ﺯﻭﺟﻲ ﺍﻟﻨﺠﺪﺓ ﺍﻵﻥ ﻓﻠﺬﻟﻚ ﺃﺗﺮﻳﺪ ﺃﻥ ﻧﺪﻋﻪ ﻳﻤﻮﺕ؟!! ﺳﺄﺫﻫﺐ ﻟﻼﻃﻤﺌﻨﺎﻥ ﻋﻠﻴﻬﻢ، ﺍﺑﻘﻮﺍ ﻫﻨﺎ ﺇﺫﺍ ﻛﻨﺘﻢ ﺟﺒﻨﺎﺀ!!""","""Don't be ridiculous!! Act with caution and {i:what}?! Are you saying we should stand by and let my husband die when he might be praying for help?! I'm going to look, the cowards can stay here!!""","""Don't be ridiculous!! Act with caution and {i:what}?! Are you saying we should stand by and let my husband die when he might be praying for help?! I'm going to look, the cowards can stay here!!""","""Don't be ridiculous!! Act with caution and {i:what}?! Are you saying we should stand by and let my husband die when he might be praying for help?! I'm going to look, the cowards can stay here!!"""
,"Looking agitated, Eva raised her gun.{n}Judging by her expression, it would be useless for anyone to try to stop her.","Looking agitated, Eva raised her gun. Judging by her face, it would be useless for anyone to try and stop her. ","Looking agitated, Eva raised her gun. Judging by her features, it would be useless for anyone to try and stop her.",絵羽は興奮した様子で、銃を構える。その形相を見る限り、もはや誰が引き止めても無駄だろう。,絵羽は興奮した様子で、銃を構える。{n}その形相を見る限り、もはや誰が引き止めても無駄だろう。,"Взволнованная Ева подняла ружьё.{n}Судя по её настрою, никому не под силу было остановить её.","Parecendo agitada, Eva levantou sua arma.{n}Julgando pela expressão dela, seria inútil para qualquer um tentar pará‐la.",绘羽情绪激动地举起了枪。{n}从她这副凶相来看，不管谁来劝，都是白费工夫。,繪羽情緒激動地舉起了槍。{n}從她這副凶相來看，不管誰來勸，都是白費工夫。,"Eva alzò il suo fucile con aria agitata. A giudicare dal suo aspetto, sarebbe stato inutile per chiunque provare a fermarla.","Looking agitated, Eva raised her gun.{n}Judging by her expression, it would be useless for anyone to try to stop her.","Buscando agitada, Eva levantó su arma.{n}A juzgar por su actitud, sería inútil para cualquiera tratar de detenerla.",ﺭﻓﻌﺖ ﺇﻳﻔﺎ ﺑﻨﺪﻗﻴﺘﻬﺎ ﻏﺎﺿﺒﺔً.{n}ﺑﺎﻟﻨﻈﺮ ﺇﻟﻰ ﻣﻼﻣﺢ ﻭﺟﻬﻬﺎ، ﺳﻴﻜﻮﻥ ﻣﻦ ﺍﻟﻤﺴﺘﺤﻴﻞ ﻋﻠﻰ ﺃﺣﺪٍ ﺭﺩﻋﻬﺎ ﻋﻦ ﺍﻟﺬﻫﺎﺏ.,"Looking agitated, Eva raised her gun.{n}Judging by her expression, it would be useless for anyone to try to stop her.","Looking agitated, Eva raised her gun.{n}Judging by her expression, it would be useless for anyone to try to stop her.","Looking agitated, Eva raised her gun.{n}Judging by her expression, it would be useless for anyone to try to stop her."
,"...George, who realized that first, raised his head.","...George, who realized that first, raised his head. ","...George, who realized that first, raised his head.",…それを最初に察した譲治が顔を上げる。,…それを最初に察した譲治が顔を上げる。,"...Джордж, осознавший это первым, поднял голову.","...George, que percebeu isso primeiro, levantou sua cabeça.",…第一个察觉这点的让治抬起了头。,…第一個察覺這點的讓治抬起了頭。,"... George, che per primo aveva realizzato questa cosa, sollevò la testa.","...George, who realized that first, raised his head.","... George, que se dio cuenta en primer lugar, alzó la cabeza.",...ﺣﻴﻨﻤﺎ ﺃﺩﺭﻙ ﺟﻮﺭﺝ ﻫﺬﺍ، ﺭﻓﻊ ﺭﺃﺳﻪ ﻭﺗﺤﺪﺙ.,"...George, who realized that first, raised his head.","...George, who realized that first, raised his head.","...George, who realized that first, raised his head."
Ushiromiya George,"""I'll go too. You will too, right, Battler‐kun? The more people, the better...!""","""I'll go as well. You will too, right, Battler-kun? The more people, the better...!"" ","""I'll go too. You will too, right, Battler-kun? The more people, the better...!""",「僕も行こう。戦人くんも来るだろう？　人数が多い方がいい…！」,「僕も行こう。戦人くんも来るだろう？　人数が多い方がいい…！」,"""Я тоже иду. Ты тоже, верно, Баттлер‐кун? Чем больше людей, тем лучше!..""","""Irei também. E você também, certo, Battler‐kun? Quanto mais pessoas, melhor...!""",「我也去。战人君也要去吧？人数多一点好…！」,「我也去。戰人君也要去吧？人數多一點好…！」,"""Verrò anch'io. Anche tu verrai, vero, Battler-kun? Più siamo, meglio è...!""","""I'll go too. You will too, right, Battler‐kun? The more people, the better...!""","""Iré también. ¿Irás también, verdad, Battler-kun? ¡Cuanta más gente, mejor!...""","""ﺳﺄﺫﻫﺐ ﺃﻧﺎ ﺃﻳﻀًﺎ. ﻣﺎﺫﺍ ﻋﻨﻚ ﻳﺎ ﺑﺎﺗﻠﺮ-ﻛﻦ؟ ﻛﻠﻤﺎ ﺯﺍﺩ ﺍﻟﻌﺪﺩ ﻛﺎﻥ ﺃﻓﻀﻞ...!""","""I'll go too. You will too, right, Battler‐kun? The more people, the better...!""","""I'll go too. You will too, right, Battler‐kun? The more people, the better...!""","""I'll go too. You will too, right, Battler‐kun? The more people, the better...!"""
Ushiromiya Battler,"""S‐sure!! Auntie Eva, we're coming even if you tell us not to.""","""S-Sure!! Aunt Eva, we're coming even if you tell us not to."" ","""S, sure!! Eva oba-san, we're coming even if you tell us not to.""",「お、おう！！　絵羽伯母さん、来るなって言ったって付いてくぜ。」,「お、おう！！　絵羽伯母さん、来るなって言ったって付いてくぜ」,"""Р‐Разумеется!!! Тётя Ева, мы идём, даже если ты против этого.""","""C‐Claro!! Tia Eva, estamos indo mesmo se você nos disser para não ir.""",「哦、哦——！！就算绘羽姑母说别来，我也会跟着去的。」,「哦、哦——！！就算繪羽姑母說別來，我也會跟著去的。」,"""C-Certo!! Eva oba-san, verremo anche se tu non vuoi.""","""S‐sure!! Auntie Eva, we're coming even if you tell us not to.""","""¡¡Cla‐Claro!! Tía Eva, iremos incluso si intentas impedírnoslo.""","""ﻃـ-ﻃﺒﻌًﺎ!! ﺳﻨﺄﺗﻲ ﻣﻌﻚ ﻳﺎ ﻋﻤﺘﻲ ﺇﻳﻔﺎ ﺣﺘﻰ ﻟﻮ ﻃﻠﺒﺖِ ﻣﻨّﺎ ﻋﺪﻡ ﺍﻟﻘﺪﻭﻡ!""","""S‐sure!! Auntie Eva, we're coming even if you tell us not to.""","""S‐sure!! Auntie Eva, we're coming even if you tell us not to.""","""S‐sure!! Auntie Eva, we're coming even if you tell us not to."""
Ushiromiya Jessica,"""...I, I'm coming too...! I'll be damned if I'm gonna be the only one hiding where it's safe...!""","""...I-I'm coming too...! I can't be the only one to hide in a safe place...!"" ","""...I, I'm coming too...! I can't be the only one to hide in a safe place...!""",「…わ、私も行くよ…！　私だけ安全なところに隠れてなんかいられないぜ…！」,「…わ、私も行くよ…！　私だけ安全なところに隠れてなんかいられないぜ…！」,"""...Я... я тоже иду!.. Я не собираюсь одна прятаться в укрытии!..""","""...E‐Eu também vou...! Não consigo ser a única me escondendo onde é seguro...!""",「…我、我也去…！才受不了，就我一个人躲在安全之处嘞…！」,「…我、我也去…！才受不了，就我一個人躲在安全之處嘞…！」,"""... V-Verrò anche io...! Non posso essere l'unica che resta a nascondersi al sicuro...!""","""...I, I'm coming too...! I'll be damned if I'm gonna be the only one hiding where it's safe...!""","""... ¡Y-Yo iré también!... ¡No puedo ser la única que se esconda en un lugar seguro!...""","""...ﺃ-ﺃﻧﺎ ﺃﻳﻀًﺎ ﻗﺎﺩﻣﺔٌ ﻣﻌﻜﻢ...! ﻟﻦ ﺃﺑﻘﻰ ﻣﺨﺘﺒﺌﺔ ﻟﻮﺣﺪﻱ ﻓﻲ ﻫﺬﺍ ﺍﻟﻤﻜﺎﻥ ﺍﻟﻠﻌﻴﻦ...!""","""...I, I'm coming too...! I'll be damned if I'm gonna be the only one hiding where it's safe...!""","""...I, I'm coming too...! I'll be damned if I'm gonna be the only one hiding where it's safe...!""","""...I, I'm coming too...! I'll be damned if I'm gonna be the only one hiding where it's safe...!"""
Ushiromiya Natsuhi,"""Jessica, you must not go outside!! You are to stay here with me. Do you understand?!""","""Jessica, you must not go outside!! Stay here with me. Got it?!"" ","""Jessica, you must not go outside!! Stay here with me. Alright?!""",「朱志香は出てはなりません！！　ここに私と居るのです。良いですね？！」,「朱志香は出てはなりません！！　ここに私と居るのです。良いですね？！」,"""Джессика, тебе нельзя выходить наружу!!! Оставайся здесь со мной. Хорошо?!""","""Jessica, você não deve sair!! Você tem que ficar aqui comigo. Entendeu?!""",「朱志香，不准出去！！留在这里，与我一起。懂了吗？！」,「朱志香，不准出去！！留在這裡，與我一起。懂了嗎？！」,"""Jessica, tu non devi uscire!! Resta qui con me. Capito?!""","""Jessica, you must not go outside!! You are to stay here with me. Do you understand?!""","""¡¡Jessica, no debes salir!! Te quedarás conmigo. ¡¿Entendido?!""","""ﻳﺠﺐ ﺃﻻ ﺗﺨﺮﺟﻲ ﻳﺎ ﺟﻴﺴﻴﻜﺎ!! ﺍﺑﻘﻲ ﻫﻨﺎ ﻣﻌﻲ. ﻣﻔﻬﻮﻡ؟!""","""Jessica, you must not go outside!! You are to stay here with me. Do you understand?!""","""Jessica, you must not go outside!! You are to stay here with me. Do you understand?!""","""Jessica, you must not go outside!! You are to stay here with me. Do you understand?!"""
,"She was essentially implying that those three had already been killed anyway, so it was pointless to go outside.","It was like they were implying that those three had already been killed anyway, so going outside would be pointless. ","It was like they were implying that those three had already been killed anyways, so it was pointless to go outside.",それは暗に、彼らはどうせもう殺されているから、表に出るのは無意味だと言っているようなもの。,それは暗に、彼らはどうせもう殺されているから、表に出るのは無意味だと言っているようなもの。,"Это походило на признание того, что те трое уже в любом случае были мертвы, поэтому выходить наружу не имеет смысла.","Ela estava essencialmente implicando que aqueles três já tinham sido mortos de qualquer forma, então era inútil sair.",这话等同于是在暗示，反正他们已经被杀了，所以出去也毫无意义。,這話等同於是在暗示，反正他們已經被殺了，所以出去也毫無意義。,"Era come se stessero dicendo tra le righe che quei tre, comunque, erano già stati uccisi, perciò uscire sarebbe stato inutile.","She was essentially implying that those three had already been killed anyway, so it was pointless to go outside.","Era como si estuvieran insinuando que aquellos tres ya habían sido asesinados de todos modos, por lo que no tenía sentido salir.",ﻛﺎﻧﺖ ﺗُﻠﻤﺢ ﺑﻜﻼﻣﻬﺎ ﻋﻠﻰ ﺃﻥ ﺃﻭﻟﺌﻚ ﺍﻟﺜﻼﺛﺔ ﻗﺪ ﻗُﺘﻠﻮﺍ ﺑﺎﻟﻔﻌﻞ، ﻟﺬﺍ ﻻ ﺟﺪﻭﻯ ﻣﻦ ﺍﻟﺨﺮﻭﺝ ﻭﺭﺍﺋﻬﻢ.,"She was essentially implying that those three had already been killed anyway, so it was pointless to go outside.","She was essentially implying that those three had already been killed anyway, so it was pointless to go outside.","She was essentially implying that those three had already been killed anyway, so it was pointless to go outside."
,"Natsuhi also realized that she had made a deep gouge in Eva's heart, but she said those words strongly as Jessica's mother.","Natsuhi realized that Eva felt like her heart had been gouged out, but she spoke out strongly as Jessica's mother. "," Natsuhi also realized that Eva felt like her heart had been gouged out, but she said that strongly as Jessica's mother.",絵羽の心を大きく抉ったことを夏妃も察するが、朱志香の母としてその言葉を強く言い切った。,絵羽の心を大きく抉ったことを夏妃も察するが、朱志香の母としてその言葉を強く言い切った。,"Нацухи также понимала, что сейчас творилось на душе у Евы, насколько разрывается её сердце, но сказала свои слова твёрдо, как мать Джессики.","Natsuhi também percebeu que tinha feito uma goiva no coração de Eva, mas disse aquelas palavras vigorosamente como mãe de Jessica.",夏妃也知道，这话会令绘羽心如刀绞，但作为朱志香的母亲，她还是斩钉截铁地将此说了出来。,夏妃也知道，這話會令繪羽心如刀絞，但作為朱志香的母親，她還是斬釘截鐵地將此說了出來。,"Natsuhi capiva anche che Eva doveva sentirsi come se le avessero strappato il cuore, ma essendo la Madre di Jessica, aveva pronunciato quelle parole con decisione.","Natsuhi also realized that she had made a deep gouge in Eva's heart, but she said those words strongly as Jessica's mother.","Natsuhi se dio cuenta de que Eva se sintió como si su corazón hubiese sido arrancado, pero dijo eso tan fuerte por ser la madre de Jessica.",ﺃﺩﺭﻛﺖ ﻧﺎﺗﺴﻮﻫﻲ ﺑﺄﻥّ ﻛﻼﻣﻬﺎ ﻗﺪ ﺍﺧﺘﺮﻕّ ﻗﻠﺐ ﺇﻳﻔﺎ، ﻭﻟﻜﻨّﻬﺎ ﺗﺤﺪﺛﺖ ﺑﺼﺮﺍﻣﺔ ﻭﻗﻮﺓ ﺑﺼﻔﺘﻬﺎ ﺃﻡّ ﺟﻴﺴﻴﻜﺎ.,"Natsuhi also realized that she had made a deep gouge in Eva's heart, but she said those words strongly as Jessica's mother.","Natsuhi also realized that she had made a deep gouge in Eva's heart, but she said those words strongly as Jessica's mother.","Natsuhi also realized that she had made a deep gouge in Eva's heart, but she said those words strongly as Jessica's mother."
Ushiromiya Eva,"""..................You're right. That would probably be best. Nii‐san, you and your family keep watch over the guesthouse.""",""".........You're right. That should be fine. Let's have Nii-san's family keep an eye on the guesthouse. ","""..................You're right. That should be fine. Let's have Nii-san's family keep an eye on the guesthouse. ",「………………そうね。それがいいでしょうね。兄さんたち一家はゲストハウスで留守番してて。,「………………そうね。それがいいでしょうね。兄さんたち一家はゲストハウスで留守番してて」,"""..................Ты права. Всё верно. Нии‐сан с семьёй должны охранять домик для гостей.""","""..................Você está certa. Isso provavelmente seria melhor. Nii‐san, você e sua família ficam de guarda na casa de hóspedes.""",「………………是呢。就这么办好了。哥一家在宾馆留守。」,「………………是呢。就這麼辦好了。哥一家在賓館留守。」,"""... Giusto. Dovrebbe andare bene così. Lasciamo che la famiglia di Nii-san resti a fare la guardia alla casa degli ospiti.","""..................You're right. That would probably be best. Nii‐san, you and your family keep watch over the guesthouse.""","""... Tienes razón. Eso sería probablemente lo mejor. Que la familia de Nii-san vigile la casa de huéspedes.""","""...ﻣﻌﻚ ﺣﻖ. ﻫﺬﺍ ﻟﻸﻓﻀﻞ. ﻣﻦ ﺍﻷﻓﻀﻞ ﺑﻘﺎﺀ ﺃﺳﺮﺓ ﺃﺧﻲ ﻟﺤﺮﺍﺳﺔ ﺑﻴﺖ ﺍﻟﻀﻴﺎﻓﺔ.","""..................You're right. That would probably be best. Nii‐san, you and your family keep watch over the guesthouse.""","""..................You're right. That would probably be best. Nii‐san, you and your family keep watch over the guesthouse.""","""..................You're right. That would probably be best. Nii‐san, you and your family keep watch over the guesthouse."""
Ushiromiya Eva,"""This is my family's and Battler‐kun's family's problem. And I wonder if Doctor Nanjo would come too. Just in case of the worst.""","This is a problem for my family and Battler-kun's. And I wonder if Doctor Nanjo would mind coming too. Just in case."" ","This is my family's and Battler-kun's family's problem. And I wonder if Doctor Nanjo would come too. Just in case.""",これはうちの家族と、戦人くんの家族の問題よ。あと南條先生も来てもらえるかしら。万が一のこともあるかもしれないから。」,「これはうちの家族と、戦人くんの家族の問題よ。あと南條先生も来てもらえるかしら。万が一のこともあるかもしれないから」,"""Это проблемы наших с Баттлером‐куном семей. И мне интересно, пойдёт ли доктор Нанджо. На всякий случай.""","""Isso é problema da minha família e da família do Battler‐kun. E me pergunto se o doutor Nanjo viria também? Só no caso do pior.""",「这是我的家人，与战人君的家人的问题。另外，南条大夫能不能也来一下？因为，或许会有个万一。」,「這是我的家人，與戰人君的家人的問題。另外，南條大夫能不能也來一下？因為，或許會有個萬一。」,"Questo problema riguarda la mia famiglia e quella di Battler-kun. E mi chiedo se il dottor Nanjo vorrà unirsi a noi. Giusto in caso.""","""This is my family's and Battler‐kun's family's problem. And I wonder if Doctor Nanjo would come too. Just in case of the worst.""","""Este es problema de mi familia y la familia de Battler-kun. Me pregunto si el doctor Nanjo podría venir también. Por si acaso.""","""ﻫﺬﺍ ﻳﺨﺺ ﺃﺳﺮﺗﻨﺎ ﺃﻧﺎ ﻭﺑﺎﺗﻠﺮ-ﻛﻦ. ﻛﻤﺎ ﺃﻧﻨﻲ ﺃﺭﺟﻮ ﻣﻦ ﺍﻟﻄﺒﻴﺐ ﻧﺎﻧﺠﻮ ﺍﻟﻘﺪﻭﻡ ﻣﻌﻨّﺎ ﺃﻳﻀًﺎ. ﺗﺤﺴﺒًﺎ ﻟﺤﺪﻭﺙ ﺃﻱ ﻃﺎﺭﺉ.""","""This is my family's and Battler‐kun's family's problem. And I wonder if Doctor Nanjo would come too. Just in case of the worst.""","""This is my family's and Battler‐kun's family's problem. And I wonder if Doctor Nanjo would come too. Just in case of the worst.""","""This is my family's and Battler‐kun's family's problem. And I wonder if Doctor Nanjo would come too. Just in case of the worst."""
{f:5:Virgilia},""".........In the hall of the mansion, Battler, Eva, George, and Nanjo...found the bodies of Rudolf, Kyrie, and Hideyoshi.""","""......In the hall of the mansion, Battler, Eva, George, and Nanjo... found the corpses of Rudolf, Kyrie, and Hideyoshi."" ",""".........In the hall of the mansion, Battler, Eva, George, and Nanjo found the corpses of Rudolf, Kyrie, and Hideyoshi.""",「………戦人、絵羽、譲治、南條の４人は屋敷のホールにて、留弗夫、霧江、秀吉の３人の遺体を発見。」,「………戦人、絵羽、譲治、南條の４人は屋敷のホールにて、留弗夫、霧江、秀吉の３人の遺体を発見」,""".........В холле особняка Баттлер, Ева, Джордж и Нанджо обнаружили трупы Рудольфа, Кирие и Хидэёши.""",""".........No hall da mansão, os quatro: Battler, Eva, George e Nanjo...encontraram os corpos de Rudolf, Kyrie e Hideyoshi.""",「………战人、绘羽、让治、南条四人在大屋的门厅，发现了留弗夫、雾江、秀吉三人的遗体。」,「………戰人、繪羽、讓治、南條四人在大屋的門廳，發現了留弗夫、霧江、秀吉三人的遺體。」,"""... Nel vestibolo della villa, Battler, Eva, George, e Nanjo trovarono i corpi di Rudolf, Kyrie, e Hideyoshi.""",""".........In the hall of the mansion, Battler, Eva, George, and Nanjo...found the bodies of Rudolf, Kyrie, and Hideyoshi.""","""... En el vestíbulo de la mansión, Battler, Eva, George, y Nanjo... encontraron los cadáveres de Rudolf, Kyrie y Hideyoshi.""","""...ﺑﺎﺗﻠﺮ، ﺇﻳﻔﺎ، ﺟﻮﺭﺝ، ﻭﻧﺎﻧﺠﻮ، ﻛﺎﻧﻮﺍ ﻓﻲ ﻗﺎﻋﺔ ﺍﻟﻘﺼﺮ، ﻭﻋﺜﺮﻭﺍ ﻋﻠﻰ ﺟﺜﺚ ﺍﻟﺜﻼﺛﺔ: ﺭﻭﺩﻭﻟﻒ، ﻛﻴﺮﻳﻲ، ﻭﻫﻴﺪﻳﻮﺷﻲ.""",""".........In the hall of the mansion, Battler, Eva, George, and Nanjo...found the bodies of Rudolf, Kyrie, and Hideyoshi.""",""".........In the hall of the mansion, Battler, Eva, George, and Nanjo...found the bodies of Rudolf, Kyrie, and Hideyoshi.""",""".........In the hall of the mansion, Battler, Eva, George, and Nanjo...found the bodies of Rudolf, Kyrie, and Hideyoshi."""
Ushiromiya Battler,""".........The fourth twilight through the sixth twilight? Then, the corpses were pierced through the forehead, chest, and stomach with those demon stakes?""","""......The fourth through sixth twilights? Then, the corpses were pierced through the forehead, chest, and stomach with those demon stakes?"" ",""".........The fourth twilight through the sixth twilight? Then, the corpses were pierced through the forehead, chest, and stomach with those demon stakes?""",「………第四から第六の晩ってことか？　なら死体には、額、胸、腹にそれぞれ、例の悪魔の杭が？」,「………第四から第六の晩ってことか？　なら死体には、額、胸、腹にそれぞれ、例の悪魔の杭が？」,""".........С четвёртых по шестые сумерки? А значит, у трупов должны быть пробиты лоб, грудь и живот теми демоническими кинжалами?""",""".........O quarto até o sexto crepúsculo? Então, os cadáveres foram penetrados pela testa, peito e barriga, com aquelas estacas demoníacas?""",「………是第四到第六晚吗？那么，分别在三具尸体的额头、胸部、腹部插着那恶魔之桩吧？」,「………是第四到第六晚嗎？那麼，分別在三具屍體的額頭、胸部、腹部插著那惡魔之樁吧？」,"""... Il quarto e il quinto crepuscolo? Allora, questi cadaveri sono stati infilzati con quei pugnali diabolici nella fronte, nel petto e nello stomaco?""",""".........The fourth twilight through the sixth twilight? Then, the corpses were pierced through the forehead, chest, and stomach with those demon stakes?""","""... ¿Desde el cuarto hasta el sexto crepúsculo? Entonces, ¿los cadáveres fueron atravesados en la frente, pecho y estómago con esas estacas demoníacas?""",""".........ﻫﻞ ﻃُﻌﻨﺖ ﺍﻟﺠﺜﺚ ﻋﻠﻰ ﺍﻟﺘﻮﺍﻟﻲ ﻓﻲ ﻣﻨﻄﻘﺔ ﺍﻟﺮﺃﺱ ﻭﺍﻟﺼﺪﺭ ﻭﺍﻟﺒﻄﻦ ﻭﻓﻘًﺎ ﻟﻸﻏﺴﺎﻕ ﻣﻦ ﺍﻟﺮﺍﺑﻊ ﺇﻟﻰ ﺍﻟﺴﺎﺩﺱ؟""",""".........The fourth twilight through the sixth twilight? Then, the corpses were pierced through the forehead, chest, and stomach with those demon stakes?""",""".........The fourth twilight through the sixth twilight? Then, the corpses were pierced through the forehead, chest, and stomach with those demon stakes?""",""".........The fourth twilight through the sixth twilight? Then, the corpses were pierced through the forehead, chest, and stomach with those demon stakes?"""
{f:5:Virgilia},"""Yes. ......Into Rudolf's forehead, into Hideyoshi's chest, and into Kyrie's stomach: one demon stake buried into each.""","""Yes. ...The demon stakes were buried into them: one in Rudolf's forehead, one in Hideyoshi's chest, and one in Kyrie's stomach."" ","""Yes. ......The demon stakes were buried into them, one in Rudolf's forehead, one in Hideyoshi's chest, and one in Kyrie's stomach.",「はい。……留弗夫の額に一本。秀吉の胸に一本。そして霧江の腹部に一本、悪魔の杭が打ち込まれています。,「はい。……留弗夫の額に一本。秀吉の胸に一本。そして霧江の腹部に一本、悪魔の杭が打ち込まれています」,"""Да. ......Демонические кинжалы были вонзены в них: один — в лоб Рудольфа, один — в грудь Хидэёши и один — в живот Кирие.""","""Sim. ......Na testa de Rudolf, no peito de Hideyoshi e na barriga de Kyrie: uma estaca demoníaca enterrada em cada um.""",「是的。……留弗夫的额头。秀吉的胸部。还有雾江的腹部，各被打进了一根恶魔之桩。」,「是的。……留弗夫的額頭。秀吉的胸部。還有霧江的腹部，各被打進了一根惡魔之樁。」,"""Sì. ... I pugnali demoniaci erano conficcati nei cadaveri, uno nella fronte di Rudolf, uno nel petto di Hideyoshi, e uno nello stomaco di Kyrie.","""Yes. ......Into Rudolf's forehead, into Hideyoshi's chest, and into Kyrie's stomach: one demon stake buried into each.""","""Sí. En la frente de Rudolf, en el pecho de Hideyoshi, y en el estómago de Kyrie: una estaca demoníaca se clavó en cada uno.""","""ﻧﻌﻢ. ......ﻛﺎﻧﺖ ﺍﻷﻭﺗﺎﺩ ﻣﻐﺮﻭﺯﺓ ﺩﺍﺧﻞ ﺭﺃﺱ ﺭﻭﺩﻭﻟﻒ، ﻭﺻﺪﺭ ﻫﻴﺪﻳﻮﺷﻲ، ﻭﺁﺧﺮ ﻓﻲ ﺑﻄﻦ ﻛﻴﺮﻳﻲ.""","""Yes. ......Into Rudolf's forehead, into Hideyoshi's chest, and into Kyrie's stomach: one demon stake buried into each.""","""Yes. ......Into Rudolf's forehead, into Hideyoshi's chest, and into Kyrie's stomach: one demon stake buried into each.""","""Yes. ......Into Rudolf's forehead, into Hideyoshi's chest, and into Kyrie's stomach: one demon stake buried into each."""
{f:5:Virgilia},"""The clothing on all three was disordered, and because of this, it is thought that they had been fighting or running away. Since the three bodies were not found right next to each other, it is hypothesized that after coming into contact with the culprit, they attempted some form of resistance.""","""The disorder of the clothing on all three suggests that they were fighting or running away. Since the three corpses were not found right next to each other, it is hypothesized that after coming into contact with the culprit, they attempted some form of resistance."" "," The clothing on all three was disordered, and because of this, it is thought that they had been fighting or running away. Since the three corpses were not found right next to each other, it is hypothesized that after coming into contact with the culprit, they attempted some form of resistance.""",３人には争ったか、あるいは逃げ回るかしたと思われる着衣の乱れがあります。３人の遺体は寄り添ってはおらず、犯人と遭遇後、ある程度の抵抗を試みたと推定されます。」,「３人には争ったか、あるいは逃げ回るかしたと思われる着衣の乱れがあります。３人の遺体は寄り添ってはおらず、犯人と遭遇後、ある程度の抵抗を試みたと推定されます」,"""Одежда троицы оказалась потрёпанной, и это наводило на мысль, что они боролись и убегали. Поскольку трупы не были найдены в непосредственной близости друг от друга, можно было предположить, что при встрече с преступником они пытались как‐то сопротивляться.""","""A desordem em suas roupas sugere que eles estavam lutando ou fugindo. Como os três corpos não foram encontrados logo ao lado um do outro, a hipótese é de que, depois de entrarem em contato com o culpado, eles tentaram alguma forma de resistência.""",「三人的着装上，有像是打斗或胡乱逃跑所造成的凌乱痕迹。三人的遗体并非紧挨在一起，估计他们在遭遇犯人后，尝试了一定程度的抵抗。」,「三人的著裝上，有像是打鬥或胡亂逃跑所造成的凌亂痕跡。三人的遺體並非緊挨在一起，估計他們在遭遇犯人後，嘗試了一定程度的抵抗。」,"Gli abiti di tutti e tre erano in disordine, e per questo, si pensò che avessero cercato di difendersi o di scappare. Dato che i tre cadaveri non erano stati ritrovati l'uno accanto all'altro, si ipotizzò che dopo aver incontrato il colpevole, avessero cercato di resistere in qualche modo.""","""The clothing on all three was disordered, and because of this, it is thought that they had been fighting or running away. Since the three bodies were not found right next to each other, it is hypothesized that after coming into contact with the culprit, they attempted some form of resistance.""","""La ropa de los tres estaba desarreglada y, por ello, se cree que habían estado peleando o huyendo. Como los tres cadáveres no fueron encontrados uno al lado del otro, la hipótesis era que tras haber establecido contacto con el culpable, intentaron oponer resistencia de algún modo.""","""ﺑﺎﻟﺤﻜﻢ ﻋﻠﻰ ﻣﻼﺑﺴﻬﻢ ﻏﻴﺮ ﺍﻟﻤﺮﺗﺒﺔ، ﻓﻘﺪ ﻛﺎﻧﻮﺍ ﻏﺎﻟﺒًﺎ ﻓﻲ ﻗﺘﺎﻝ ﺃﻭ ﻳﺤﺎﻭﻟﻮﻥ ﺍﻟﻬﺮﺏ. ﻭﺑﻤّﺎ ﺃﻥ ﺍﻟﺠﺜﺚ ﻟﻴﺴﺖ ﻗﺮﻳﺒﺔ ﻣﻦ ﺑﻌﻀﻬﺎ، ﻓﻴﻤﻜﻦ ﺍﻟﻘﻮﻝ ﺑﺄﻧّﻬﻢ ﺃﺑﺪﻭﺍ ﺑﻌﺾ ﺍﻟﻤﻘﺎﻭﻣﺔ ﺿﺪّ ﺍﻟﺠﺎﻧﻲ.""","""The clothing on all three was disordered, and because of this, it is thought that they had been fighting or running away. Since the three bodies were not found right next to each other, it is hypothesized that after coming into contact with the culprit, they attempted some form of resistance.""","""The clothing on all three was disordered, and because of this, it is thought that they had been fighting or running away. Since the three bodies were not found right next to each other, it is hypothesized that after coming into contact with the culprit, they attempted some form of resistance.""","""The clothing on all three was disordered, and because of this, it is thought that they had been fighting or running away. Since the three bodies were not found right next to each other, it is hypothesized that after coming into contact with the culprit, they attempted some form of resistance."""
Ushiromiya Battler,""".........With stakes, in the forehead, chest, and stomach. ......Horrible, just like usual...""","""......And they had stakes in the forehead, chest, and stomach. ...Horrible, just like usual..."" ",""".........With stakes, in the forehead, chest, and stomach. ......Horrible, just like usual...""",「………杭で、額と胸と、腹をとか。……相変わらず、惨ぇ…。」,「………杭で、額と胸と、腹をとか。……相変わらず、惨ぇ…」,""".........С кинжалами во лбу, груди и животе. ......Кошмарно, как и всегда...""",""".........E receberam estacas na testa, peito e barriga. ......Horrível, como o usual...""",「………用桩扎进胸口、额头、腹部。……一如既往的，凄惨…」,「………用樁扎進胸口、額頭、腹部。……一如既往的，淒慘…」,"""... Con i pugnali, nella fronte, nel petto, e nello stomaco. ... Orribile, proprio come al solito...""",""".........With stakes, in the forehead, chest, and stomach. ......Horrible, just like usual...""","""... Con estacas, en la cabeza, pecho, y estómago... Horrible, como de costumbre...""","""....ﻣﺠﺪﺩًﺍ ﻃﻌﻨﻮﺍ ﺑﺎﻷﻭﺗﺎﺩ ﻓﻲ ﺍﻟﺮﺃﺱ ﻭﺍﻟﺒﻄﻦ ﻭﺍﻟﺼﺪﺭ. ......ﺑﺸﺎﻋﺔٌ ﻛﺎﻟﻌﺎﺩﺓ...""",""".........With stakes, in the forehead, chest, and stomach. ......Horrible, just like usual...""",""".........With stakes, in the forehead, chest, and stomach. ......Horrible, just like usual...""",""".........With stakes, in the forehead, chest, and stomach. ......Horrible, just like usual..."""
Ronove,""".................................""","""............"" ","""........................""",「……………………………。」,「……………………………」,"""........................""",""".................................""",「……………………………」,「……………………………」,"""...""",""".................................""","""...""",""".................................""",""".................................""",""".................................""","""................................."""
,"Even though Ronove knew it would be superfluous, he thought that maybe he should tell Battler.","Even though Ronove knew it would be superfluous, he contemplated telling Battler the truth. ","Even though Ronove knew it would be superfluous, he thought that maybe he should tell Battler.",ロノウェは蛇足と知りつつ、戦人に伝えるべきかと思った。,ロノウェは蛇足と知りつつ、戦人に伝えるべきかと思った。,"Хотя Ронове и понимал, что это будет излишним, он подумал, что ему следует рассказать об этом Баттлеру.","Mesmo que Ronove soubesse que seria supérfluo, ele pensou que talvez ele devesse contar a Battler.",明知这是多此一举，但罗诺威还是想到了，是否应该告诉战人。,明知這是多此一舉，但羅諾威還是想到了，是否應該告訴戰人。,"Pur sapendo che sarebbe stato superfluo, Ronove pensò che forse avrebbe dovuto dirlo a Battler.","Even though Ronove knew it would be superfluous, he thought that maybe he should tell Battler.","A pesar de que Ronove sabía que sería inútil, pensó que quizás debería decírselo a Battler.",ﻋﻠﻰ ﺍﻟﺮﻏﻢ ﻣﻦ ﺃﻥ ﺭﻭﻧﻮﻑ ﻳﻌﻠّﻢ ﺃﻻ ﺿﺮﻭﺭﺓ ﺗﺴﺘﺪﻋﻲ ﻗﻮﻝ ﻣﺎ ﺣﺪﺙ ﻟﻬﻢ ﻓﻲ ﺍﻟﺤﻘﻴﻘﺔ، ﺇﻻ ﺃﻧّﻪ ﻓﻜﺮ ﻓﻲ ﺇﺧﺒﺎﺭ ﺑﺎﺗﻠﺮ ﺑﻪ.,"Even though Ronove knew it would be superfluous, he thought that maybe he should tell Battler.","Even though Ronove knew it would be superfluous, he thought that maybe he should tell Battler.","Even though Ronove knew it would be superfluous, he thought that maybe he should tell Battler."
,"...In actuality, the witch had killed them in a much more horrible way.","...Normally, the witch would have killed them in a much, much more horrible way. ","...In actuality, the witch had killed them in a much more horrible way.",…本当は魔女は、彼らをもっともっと惨たらしく殺したのだ。,…本当は魔女は、彼らをもっともっと惨たらしく殺したのだ。,...В действительности же ведьма умертвила их гораздо более жутким способом.,"...Normalmente, a bruxa teria matado‐os de uma forma muito, muito mais horripilante.",…其实，魔女杀害他们的方式远比此更残酷。,…其實，魔女殺害他們的方式遠比此更殘酷。,"... In realtà, la strega li aveva uccisi in una maniera molto più raccapricciante.","...In actuality, the witch had killed them in a much more horrible way.","... En realidad, la bruja los había matado de una manera mucho más horrible.",...ﻓﻲ ﺍﻟﺤﻘﻴﻘﺔ، ﻟﻘﺪ ﻗﺘﻠﺘﻬﻢ ﺍﻟﺴﺎﺣﺮﺓ ﺑﻄﺮﻕ ﺃﻛﺜﺮ ﻓﻈﺎﻋﺔً ﺑﻜﺜﻴﺮ.,"...In actuality, the witch had killed them in a much more horrible way.","...In actuality, the witch had killed them in a much more horrible way.","...In actuality, the witch had killed them in a much more horrible way."
,"......Beato had advised the witch to restrain herself, which was why the corpses had been left so undamaged.",...The corpses had been left in this manner only because Beato had suggested to the witch that she show restraint. ,"......Beato had advised the witch to restrain herself, which was why the corpses had been left in this manner.",……ベアトがそれを控えるようにと魔女に進言したから、この程度の死体で済む。,……ベアトがそれを控えるようにと魔女に進言したから、この程度の死体で済む。,"......Беато посоветовала ведьме сдерживать себя, и именно поэтому трупы были оставлены подобным образом.","......Beato tinha aconselhado a bruxa a conter‐se, por isso os corpos tinham sido deixados tão ilesos.",……全靠贝阿朵针对这点向魔女提了意见，才能以这种程度的尸体了事。,……全靠貝阿朵針對這點向魔女提了意見，才能以這種程度的屍體了事。,"... Beato aveva consigliato alla strega di trattenersi, ed era per questo motivo che i cadaveri erano stati lasciati così.","......Beato had advised the witch to restrain herself, which was why the corpses had been left so undamaged.","... Beato había aconsejado a la bruja moderarse, razón por la que los cadáveres fueron dejados de esa manera.",......ﻭﻗﺪ ﻭﺟﺪﺕْ ﺍﻟﺠﺜﺚ ﻋﻠﻰ ﻫﺬﺍ ﺍﻟﺤﺎﻝ ﻓﻘﻂ ﻷﻥ ﺑﻴـﺎﺗﻮ ﺃﻣﺮّﺕ ﺍﻟﺴﺎﺣﺮﺓ ﺍﻟﺠﺪﻳﺪﺓ ﺃﻥ ﺗﻜّﺒﺢ ﺟﻤﺎﺡ ﻭﺣﺸﻴﺘﻬﺎ ﻗﻠﻴﻼً.,"......Beato had advised the witch to restrain herself, which was why the corpses had been left so undamaged.","......Beato had advised the witch to restrain herself, which was why the corpses had been left so undamaged.","......Beato had advised the witch to restrain herself, which was why the corpses had been left so undamaged."
,"The new and brutal witch, thinking that all she needed to do was get the ""gouged with a stake"" part right, ......might even have just stuck a stake into a lump of meat that wasn't even shaped like a {y:0:Human}{n:0:human}.","The new witch, thinking it would fit well enough as long as she gouged them with stakes, ...would probably have just stuck a stake into a lump of meat that wasn't even shaped like a Human. "," The new witch, thinking that it would fit as long as she gouged with a stake, ......would probably have just stuck a stake into a lump of meat that wasn't even shaped like a human.",あの新しき残忍な魔女は、杭で抉るというのさえ合っていればいいのだろうと、……ニンゲンの形さえ留めない肉塊に杭を立てることさえやったかもしれない。,あの新しき残忍な魔女は、杭で抉るというのさえ合っていればいいのだろうと、……ニンゲンの形さえ留めない肉塊に杭を立てることさえやったかもしれない。,"Новая ведьма, посчитав, что главное, лишь бы были вонзены кинжалы, наверняка бы просто воткнула кинжалы в гору мяса, по форме ни чем не похожую на {y:0:Челове}{n:0:челове}ка.","A nova bruxa, pensando que tudo funcionaria perfeitamente, desde que os goivasse com as estacas, ......provavelmente tinha apenas enfiado uma estaca em um monte de carne que sequer tinha mais a forma de um {y:0:Humano}{n:0:humano}.",那位残忍的新魔女，甚至搞不好会想着，“只要扎好桩就行了”，……然后留下一团直立着桩的不成人形的肉块。,那位殘忍的新魔女，甚至搞不好會想著，“只要扎好樁就行了”，……然後留下一團直立著樁的不成人形的肉塊。,"La nuova strega, pensando che non ci sarebbero stati problemi fintanto che avesse continuato ad usare i pugnali... con ogni probabilità ne avrebbe piantato uno in una massa di carne che non aveva nemmeno più la forma di un essere umano.","The new and brutal witch, thinking that all she needed to do was get the ""gouged with a stake"" part right, ......might even have just stuck a stake into a lump of meat that wasn't even shaped like a {y:0:Human}{n:0:human}.","La nueva bruja, pensando que mientras hubiera hueco, podría encajar una estaca... probablemente habría clavado la estaca hasta dejar un trozo de carne que no tendría forma humana.",ﺑﺎﻟﺘﺎﻟﻲ ﻇﻨّﺖ ﺍﻟﺴﺎﺣﺮﺓ ﺍﻟﺠﺪﻳﺪﺓ ﺑﺄﻥّ ﻫﻴﺌﺘﻬﻢ ﺗﻠﻚ ﻣﻨﺎﺳﺒﺔ، ﻭﻫﻜﺬﺍ ﻏﺮﺯﺕ ﺍﻷﻭﺗﺎﺩ ﻓﻲ ﺃﺟﺴﺎﺩﻫﻢ ﺣﺘﻰ ﺗُﺒﻌﺪ ﻋﻨّﻬﺎ ﺍﻟﺸﺒﻬﺎﺕ. ......ﻟﻮ ﻟﻢ ﺗﻔﻌﻞ ﺫﻟﻚ، ﻟﻜﺎﻧﺖ ﺍﻷﻭﺗﺎﺩ ﻣﻐﺮﻭﺯﺓً ﻓﻲ ﻗﻄﻊ ﻟﺤﻢ ﻻ ﺗﺸﺒﻪ ﺍﻹﻧﺴﺎﻥ ﺣﺘﻰ.,"The new and brutal witch, thinking that all she needed to do was get the ""gouged with a stake"" part right, ......might even have just stuck a stake into a lump of meat that wasn't even shaped like a {y:0:Human}{n:0:human}.","The new and brutal witch, thinking that all she needed to do was get the ""gouged with a stake"" part right, ......might even have just stuck a stake into a lump of meat that wasn't even shaped like a {y:0:Human}{n:0:human}.","The new and brutal witch, thinking that all she needed to do was get the ""gouged with a stake"" part right, ......might even have just stuck a stake into a lump of meat that wasn't even shaped like a {y:0:Human}{n:0:human}."
,"Rosa's and Maria's corpses would probably have been especially striking. ...If they had been killed as the Golden Witch had wished, just how gruesome would the exposed corpses have been?","Rosa's and Maria's corpses were a particularly striking example. ...If they'd been killed as the Golden Witch had wished, just how gruesome would the corpses have been? "," Rosa's and Maria's corpses were probably especially striking....If they had been killed as the Golden Witch had wished, just how gruesome would the exposed corpse have been? ",特に楼座と真里亞の死体が顕著だろう。…黄金の魔女が望んだ通りに殺したならば、どれほどに死体は凄惨な姿を曝したことか。,特に楼座と真里亞の死体が顕著だろう。…黄金の魔女が望んだ通りに殺したならば、どれほどに死体は凄惨な姿を曝したことか。,"С трупами Розы и Марии всё могло оказаться и того страшнее. ...Если бы они были убиты так, как того хотела Золотая Ведьма, тогда насколько ужасно должны были бы выглядеть их трупы?","Os cadáveres de Rosa e Maria eram um exemplo especialmente notável.{n}...Se elas tivessem sido mortas como a Bruxa Dourada tinha desejado, o quão grotesca estaria a aparência dos cadáveres?",特别是在楼座与真里亚的尸体上，这一点会尤为明显吧。…如果是照着黄金魔女的想法杀人，那就不知道会晒出怎样凄惨的尸体了。,特別是在樓座與真里亞的屍體上，這一點會尤為明顯吧。…如果是照著黃金魔女的想法殺人，那就不知道會晒出怎樣淒慘的屍體了。,"I corpi di Rosa e Maria sarebbero stati quasi di sicuro molto singolari. ... Se fossero state uccise nel modo in cui la Strega Dorata desiderava, quanto sarebbero stati raccapriccianti i cadaveri?","Rosa's and Maria's corpses would probably have been especially striking. ...If they had been killed as the Golden Witch had wished, just how gruesome would the exposed corpses have been?","Los cadáveres de Rosa y María probablemente fueron especialmente llamativos... Si ellas hubiesen sido asesinadas como la Bruja Dorada había deseado, ¿qué tan horribles habrían sido los cadáveres que encontraron?",ﻟﻮ ﺃﺧﺬﻧﺎ ﺟﺜﺘﺎ ﺭﻭﺯﺍ ﻭﻣﺎﺭﻳﺎ ﻛﻤﺜﺎﻝ. ...ﻓﻠّﻮ ﺃﻧّﻬﻤﺎ ﻗﺪ ﻗُﺘﻠﺘﺎ ﻛﻤّﺎ ﺃﺭﺍﺩﺕ ﺍﻟﺴﺎﺣﺮﺓ ﺍﻟﺬﻫﺒﻴﺔ، ﻟﻜﺎﻧﺖ ﺟﺜﺘﻬﻤﺎ ﺃﺑﺸﻊ ﻣﻤﺎ ﻳُﻤﻜﻦ ﻟﻠﻤﺮﺀ ﺗﺼﻮﺭﻩ.,"Rosa's and Maria's corpses would probably have been especially striking. ...If they had been killed as the Golden Witch had wished, just how gruesome would the exposed corpses have been?","Rosa's and Maria's corpses would probably have been especially striking. ...If they had been killed as the Golden Witch had wished, just how gruesome would the exposed corpses have been?","Rosa's and Maria's corpses would probably have been especially striking. ...If they had been killed as the Golden Witch had wished, just how gruesome would the exposed corpses have been?"
,"Beato had changed that into a kind of killing that Battler would have called ""still better"".","Beato had changed that into the ""still better"" kind of killing Battler had mentioned earlier. ","Beato had changed that into the 'still better' kind of killing Battler had spoken of.",それをベアトが戦人の言うところの“まだマシな”殺し方に改めた。,それをベアトが戦人の言うところの“まだマシな”殺し方に改めた。,"Беато изменила убийство в ""лучшую сторону"", следуя словам Баттлера.","Beato tinha mudado aquilo para um tipo de morte ""melhor"", que Battler havia mencionado antes.",多亏了贝阿朵，这才变成了战人所说的“还算能忍”的杀法。,多虧了貝阿朵，這才變成了戰人所說的“還算能忍”的殺法。,"Beato aveva scambiato quel modo di uccidere con uno che sarebbe stato ‘meno peggio’, come Battler aveva detto.","Beato had changed that into a kind of killing that Battler would have called ""still better"".","Beato había cambiado eso en ""la mejor"" manera de matar que Battler pudo estimar.","ﻭﻟﻬﺬﺍ ﻗﺎﻣﺖ ﺑﻴـﺎﺗﻮ ﺑﺘﻐﻴﻴﺮ ﺫﻟﻚ ﺇﻟﻰ ﻧﻮﻉ ""ﺃﻓﻀﻞ""، ﻭﺍﻟﺬﻱ ﺫﻛﺮﻩ ﺑﺎﺗﻠﺮ ﺳﺎﺑﻘًﺎ.","Beato had changed that into a kind of killing that Battler would have called ""still better"".","Beato had changed that into a kind of killing that Battler would have called ""still better"".","Beato had changed that into a kind of killing that Battler would have called ""still better""."
,"Wanting to have Beato's small bit of thoughtfulness appreciated, he thought of telling Battler about that.","Wanting to have Beato's small bit of thoughtfulness appreciated, he thought of telling Battler about this. "," And wanting to have Beato's small bit of thoughtfulness appreciated, he thought of telling Battler about that.",そのベアトのささやかな気遣いを評価してもらいたくて、戦人にそれを伝えようかとも思った。,そのベアトのささやかな気遣いを評価してもらいたくて、戦人にそれを伝えようかとも思った。,"И, желая отдать должное проявленной Беато скромной заботе, он решил рассказать об этом Баттлеру.","Querendo que essa pequena fração de consideração de Beato fosse apreciada, ele pensou em contar a Battler sobre isso.",希望着贝阿朵那小小的心意能获得评价，罗诺威想到了，要将此传达给战人。,希望著貝阿朵那小小的心意能獲得評價，羅諾威想到了，要將此傳達給戰人。,"E desiderando che la piccola gentilezza usata da Beato venisse apprezzata, Ronove pensò di parlarne a Battler.","Wanting to have Beato's small bit of thoughtfulness appreciated, he thought of telling Battler about that.","Y deseando que se apreciara el pequeño detalle de Beato, pensó en contárselo a Battler.",ﺃﻱّ ﺃﻥّ ﺍﻗﺘﺼﺎﺭ ﺿﺮﺭ ﺍﻟﺠﺜﺚ ﻋﻠﻰ ﻫﺬﺍ ﻫﻮ ﺑﻔﻀﻞ ﺑﻴـﺎﺗﻮ، ﻭﻟﻬﺬﺍ ﺍﻟﺴﺒﺐ ﻓﻜﺮ ﻓﻲ ﺇﺧﺒﺎﺭ ﺑﺎﺗﻠﺮ ﺑﺬﻟﻚ.,"Wanting to have Beato's small bit of thoughtfulness appreciated, he thought of telling Battler about that.","Wanting to have Beato's small bit of thoughtfulness appreciated, he thought of telling Battler about that.","Wanting to have Beato's small bit of thoughtfulness appreciated, he thought of telling Battler about that."
,"...But, for Battler, that might do more harm than good. To humans, the gap between being alive and being dead is very large.","...But judging by Battler's eyes, that might do more harm than good. To humans, the gap between being alive and being dead is very large. ","...But in Battler's eyes, that might do more harm than good. To humans, the gap between being alive and being dead is very large.",…しかし、そんなのは戦人にとっては五十歩百歩でしかないだろう。人間にとっては、生か死かの隔たりはあまりにも大きい。,…しかし、そんなのは戦人にとっては五十歩百歩でしかないだろう。人間にとっては、生か死かの隔たりはあまりにも大きい。,"...Но глаза Баттлера дали ему понять, что вреда это принесёт больше, чем пользы. Для людей разрыв между живыми и мёртвыми слишком велик.","...Mas, para Battler, isso podia fazer mais mal que bem. Para humanos, o vão entre estar vivo e estar morto é muito grande.",…可是，这些对战人来说，只不过是五十步笑百步吧。对于人类，生死之别大于天。,…可是，這些對戰人來說，只不過是五十步笑百步吧。對於人類，生死之別大於天。,"... Ma agli occhi di Battler, la cosa avrebbe potuto fare più male che bene. {n}Per gli esseri umani, il divario tra la vita e la morte è molto profondo.","...But, for Battler, that might do more harm than good. To humans, the gap between being alive and being dead is very large.","... Pero a los ojos de Battler, eso podría hacer más daño que bien. Para los humanos, la diferencia entre estar vivo y estar muerto es enorme.",...ﻟﻜﻦ ﺑﺎﻟﻨﺴﺒﺔ ﻟﺒﺎﺗﻠﺮ، ﻓﺈﻥ ﺫﻟﻚ ﻗﺪ ﻳﻀﺮّ ﺃﻛﺜﺮ ﻣﻤﺎ ﻳﻨﻔﻊ. ﻷﻥ ﺍﻟﺤﺪّ ﺑﻴﻦ ﺍﻟﺤﻴﺎﺓ ﻭﺍﻟﻤﻮﺕ ﻛﺒﻴﺮٌ ﺟﺪًﺍ ﺑﺎﻟﻨﺴﺒﺔ ﻟﻠﺒﺸﺮ.,"...But, for Battler, that might do more harm than good. To humans, the gap between being alive and being dead is very large.","...But, for Battler, that might do more harm than good. To humans, the gap between being alive and being dead is very large.","...But, for Battler, that might do more harm than good. To humans, the gap between being alive and being dead is very large."
,"To ask for Beato's feelings to be accommodated on the grounds that she had changed it to a better way of dying...might have made it possible for a demon to pardon her, ......but there was no way it would work the same way for a {y:0:Human}{n:0:human}.","Saying that she'd given them better deaths might have made it possible for a demon to understand her feelings and pardon her, but there was no way a Human would be so accepting. "," While saying that she had changed it to a better way of dying, and that he wanted Battler to understand Beato's feelings, might have made it possible for a demon to pardon her, ......there was no way it would work the same way for a human.",マシな死に方に改めたから、お嬢様の気持ちを汲み取ってほしいなど、悪魔には酌量の余地があっても、……ニンゲンにはその余地など、あるわけもない。,マシな死に方に改めたから、お嬢様の気持ちを汲み取ってほしいなど、悪魔には酌量の余地があっても、……ニンゲンにはその余地など、あるわけもない。,"Рассказ о том, что она обеспечила им более лёгкую смерть, и что он лишь хочет дать Баттлеру понять чувства Беато, мог бы побудить демона простить её, но оказать такое же воздействие на {y:0:Челове}{n:0:челове}ка данный рассказ никак не мог.",Dizer que ela tinha dado a eles mortes melhores poderia tornar possível para um demônio entender seus sentimentos e perdoá‐la.........mas não tinha como isso funcionar da mesma forma para um {y:0:Humano}{n:0:humano}.,“因为改成了像样的杀法，所以希望你体谅下小姐的心意”，换做恶魔倒是还有酌情的余地，……但对人类来说，这个余地根本不存在。,“因為改成了像樣的殺法，所以希望你體諒下小姐的心意”，換做惡魔倒是還有酌情的餘地，……但對人類來說，這個餘地根本不存在。,"Dire che lei aveva reso quelle morti meno cruente, e che lui voleva che Battler capisse i sentimenti di Beato, avrebbe potuto far sì che un demone decidesse di perdonarla... ma sarebbe stato impossibile che lo stesso metodo funzionasse con un essere umano.","To ask for Beato's feelings to be accommodated on the grounds that she had changed it to a better way of dying...might have made it possible for a demon to pardon her, ......but there was no way it would work the same way for a {y:0:Human}{n:0:human}.",Pedir que se acepten los sentimientos de Beato alegando que ella lo había cambiado por una mejor forma de morir... podría haber sido posible para un demonio perdonarla... pero no había forma de que fuera de la misma manera para un humano.,"ﺃﻥ ﺗُﻘﺎﻝ ﻋﺒﺎﺭﺓ ﻣﺜﻞ ""ﻷﻧﻲ ﻣﻨﺤﺘﻬﺎ ﻣﻴﺘﺔً ﺃﻓﻀﻞ، ﻓﻼ ﺑﺪ ﺃﻧﻜﻢ ﺗﺘﻔﻬﻤﻮﻥ ﻣﺸﺎﻋﺮﻫﺎ"" ﻭﻣﺎ ﺇﻟﻰ ﺫﻟﻚ...ﻗﺪ ﻳﺠﺪ ﻓﻴﻬﺎ ﺷﻴﻄﺎﻥ ﻣﺠﺎﻻً ﻟﻠﺘﻔﺎﻫﻢ... ﻟﻜﻦ ﺑﺎﻟﻨﺴﺒﺔ ﻟﻠﺒﺸﺮ، ﻻ ﻣﺠﺎﻝ ﻟﺬﻟﻚ ﺃﺑﺪًﺍ.","To ask for Beato's feelings to be accommodated on the grounds that she had changed it to a better way of dying...might have made it possible for a demon to pardon her, ......but there was no way it would work the same way for a {y:0:Human}{n:0:human}.","To ask for Beato's feelings to be accommodated on the grounds that she had changed it to a better way of dying...might have made it possible for a demon to pardon her, ......but there was no way it would work the same way for a {y:0:Human}{n:0:human}.","To ask for Beato's feelings to be accommodated on the grounds that she had changed it to a better way of dying...might have made it possible for a demon to pardon her, ......but there was no way it would work the same way for a {y:0:Human}{n:0:human}."
,"Understanding this, Ronove remained silent even though he knew of Beato's modest effort...","Understanding this, Ronove remained silent despite knowing of Beato's modest efforts... "," Understanding this, Ronove remained silent even though he knew of Beato's modest effort...",そこまでを理解し、ベアトのささやかな努力を知りつつ、敢えてロノウェは沈黙する…。,そこまでを理解し、ベアトのささやかな努力を知りつつ、敢えてロノウェは沈黙する…。,"Осознавая это, Ронове промолчал, даже зная про скромные усилия, приложенные Беато...","Compreendendo isso, Ronove permaneceu em silêncio, a despeito do esforço modesto de Beato...",想到这点，知道贝阿朵那小小努力的罗诺威，选择了保持沉默…。,想到這點，知道貝阿朵那小小努力的羅諾威，選擇了保持沉默…。,"Consapevole di ciò, Ronove restò in silenzio pur sapendo del piccolo sforzo di Beato...","Understanding this, Ronove remained silent even though he knew of Beato's modest effort...","Al comprender esto, Ronove permaneció en silencio a pesar de que conocía el enorme esfuerzo de Beato...",ﻟﺬﺍ ﺍﻟﺘﺰﻡ ﺭﻭﻧﻮﻑ ﺍﻟﺼﻤﺖ ﻋﻠﻰ ﺍﻟﺮﻏﻢ ﻣﻦ ﻓﻬﻤﻪ ﻭﻋﻠّﻤﻪ ﺑﺠﻬﻮﺩ ﺑﻴـﺎﺗﻮ ﺍﻟﻤﺘﻮﺍﺿﻌﺔ...,"Understanding this, Ronove remained silent even though he knew of Beato's modest effort...","Understanding this, Ronove remained silent even though he knew of Beato's modest effort...","Understanding this, Ronove remained silent even though he knew of Beato's modest effort..."
Ushiromiya Battler,"""Just like usual, let's start by checking whether the corpses are dead. ......Ronove, please, declare it in red.""","""Just like usual, let's start by checking whether the corpses are dead. ...Ronove, please declare it in red."" ","""Just like usual, let's start by checking whether the corpses are dead. ......Ronove, please, declare it in red.""",「いつも通り、死体の死亡確認からさせてもらうぜ。……ロノウェ、赤で宣言を頼む。」,「いつも通り、死体の死亡確認からさせてもらうぜ。……ロノウェ、赤で宣言を頼む」,"""Как и обычно, начнём с проверки, являются ли трупы настоящими. ......Ронове, пожалуйста, объяви это красным.""","""Como sempre, vamos começar checando se os corpos estão mortos. ......Ronove, por favor, declare isso em vermelho.""",「依旧从确认尸体的死亡状况开始。……罗诺威，拜托，用红字宣言。」,「依舊從確認屍體的死亡狀況開始。……羅諾威，拜託，用紅字宣言。」,"""Come al solito, iniziamo col controllare che i corpi siano effettivamente morti. ... Ronove, per favore, dichiaralo in rosso.""","""Just like usual, let's start by checking whether the corpses are dead. ......Ronove, please, declare it in red.""","""Como de costumbre, vamos a comprobar si los cadáveres están realmente muertos. Ronove, por favor, decláralo en rojo.""","""ﻛﺎﻟﻌﺎﺩﺓ، ﻟﻨﺒﺪﺃ ﺃﻭﻻً ﺑﺘﺄﻛﻴﺪ ﻣﻮﺗﻬﻢ. ......ﺭﻭﻧﻮﻑ، ﻫﻼّ ﺗﻔﻀﻠﺖ ﻭﺃﻛﺪﺕ ﻣﻮﺗﻬﻢ ﺑﺎﻷﺣﻤﺮ...""","""Just like usual, let's start by checking whether the corpses are dead. ......Ronove, please, declare it in red.""","""Just like usual, let's start by checking whether the corpses are dead. ......Ronove, please, declare it in red.""","""Just like usual, let's start by checking whether the corpses are dead. ......Ronove, please, declare it in red."""
Ronove,"""....................................""","""............"" ","""........................""",「………………………………。」,「………………………………」,"""........................""","""....................................""",「………………………………」,「………………………………」,"""...""","""....................................""","""...""","""....................................""","""....................................""","""....................................""","""...................................."""
Ushiromiya Battler,"""Hey, can't you hear me? ...Please, declare it in red. This is a repetition request. ""Rudolf, Kyrie, and Hideyoshi are dead"".""","""Hey, can't you hear me? ...Please declare it in red. Repeat it. ""Rudolf, Kyrie, and Hideyoshi are dead""."" ","""Hey, can't you hear me? ...Please, declare it in red. Repeat it. 'Rudolf, Kyrie, and Hideyoshi are dead'.""",「おい、聞こえないのか？　…赤で宣言を頼む。復唱要求だ。“留弗夫、霧江、秀吉の３名は死亡している”。」,「おい、聞こえないのか？　…赤で宣言を頼む。復唱要求だ。“留弗夫、霧江、秀吉の３名は死亡している”」,"""Эй, ты не расслышал? ...Пожалуйста, объяви это красным. Повтори: 'Рудольф, Кирие, и Хидэёши мертвы'.""","""Ei, não consegue me ouvir? ...Por favor, declare isso em vermelho. Este é um pedido de repetição. ""Rudolf, Kyrie e Hideyoshi estão mortos"".""",「喂，没听见吗？…拜托用红字宣言。要求复述。“留弗夫、雾江、秀吉三人死亡”。」,「喂，沒聽見嗎？…拜託用紅字宣言。要求複述。“留弗夫、霧江、秀吉三人死亡”。」,"""Ehi, mi senti? ... Per favore, dichiaralo in rosso. Ripeti. ‘Rudolf, Kyrie, e Hideyoshi sono morti’.""","""Hey, can't you hear me? ...Please, declare it in red. This is a repetition request. ""Rudolf, Kyrie, and Hideyoshi are dead"".""","""Oye, ¿no me oyes?... Por favor, decláralo en rojo. Repítelo. ""Rudolf, Kyrie y Hideyoshi están muertos"".""","""ﻫﻴﻪ، ﺃﻻ ﺗﺴﻤﻌﻨﻲ؟ ...ﺃﺭﺟﻮ ﺃﻥ ﺗﻜﺮﺭ ﻫﺬﺍ ﺑﺎﻷﺣﻤﺮ. ﺃﻃﺎﻟﺐ ﺑﺎﻟﺘﻜﺮﺍﺭ. 'ﺭﻭﺩﻭﻟﻒ ﻭﻛﻴﺮﻳﻲ ﻭﻫﻴﺪﻳﻮﺷﻲ ﺃﻣﻮﺍﺕ'.""","""Hey, can't you hear me? ...Please, declare it in red. This is a repetition request. ""Rudolf, Kyrie, and Hideyoshi are dead"".""","""Hey, can't you hear me? ...Please, declare it in red. This is a repetition request. ""Rudolf, Kyrie, and Hideyoshi are dead"".""","""Hey, can't you hear me? ...Please, declare it in red. This is a repetition request. ""Rudolf, Kyrie, and Hideyoshi are dead""."""
Ronove,"""...............My apologies. Allow me to decline from repeating that.""","""......My apologies. Allow me to decline from repeating that."" ","""............My apologies. Allow me to decline from repeating that.""",「……………申し訳ございません。復唱を、拒否させていただきます。」,「……………申し訳ございません。復唱を、拒否させていただきます」,"""............Прошу меня извинить. Я отказываю в повторении.""","""...............Minhas desculpas. Permita‐me recusar a repetição disso.""",「……………非常抱歉。恕我，拒绝复述。」,「……………非常抱歉。恕我，拒絕複述。」,"""... Le porgo le mie scuse. Mi permetta di rifiutare di ripetere quelle parole.""","""...............My apologies. Allow me to decline from repeating that.""","""... Mis disculpas. Permítanme que me abstenga de repetir eso.""","""...ﺃﻋﺘﺬﺭ ﺑﺈﺧﻼﺹ. ﻟﻜﻨّﻲ ﻣﻀﻄﺮ ﻟﺮﻓﺾ ﻃﻠﺒﻚ.""","""...............My apologies. Allow me to decline from repeating that.""","""...............My apologies. Allow me to decline from repeating that.""","""...............My apologies. Allow me to decline from repeating that."""
Ushiromiya Battler,"""What...? That's so sudden... What are you planning...?""","""The hell...? What are you planning, all of a sudden...?"" ","""What's that...? That's so sudden...what are you planning...?""",「何だと…？　いきなり、どういうつもりだ…。」,「何だと…？　いきなり、どういうつもりだ…」,"""С чего бы это?.. Вот так неожиданность... Ты что‐то задумал?..""","""O quê...? Isso é tão repentino... O que você está planejando...?""",「什么…？突然搞什么啊…？」,「什麼…？突然搞什麼啊…？」,"""Cosa...? Così all'improvviso... che stai macchinando...?""","""What...? That's so sudden... What are you planning...?""","""¿Qué?... Eso es demasiado repentino... ¿Qué estás planeando?...""","""ﻣﺎﺫﺍ...? ﻣﺎﺫﺍ ﺩﻫﺎﻙ ﻓﺠﺄﺓً...؟""","""What...? That's so sudden... What are you planning...?""","""What...? That's so sudden... What are you planning...?""","""What...? That's so sudden... What are you planning...?"""
,"By now, proclaiming the death of the victims in red was almost a given in this battle.","By now, proclaiming that the victims were dead in red was almost a given in this battle. ","By now, proclaiming that the victims were dead in red was almost a given in this battle.",もはや、犠牲者の死亡を赤き真実で宣言するのは、彼らの戦いの前提でさえある。,もはや、犠牲者の死亡を赤き真実で宣言するのは、彼らの戦いの前提でさえある。,В настоящий момент объявление красным о смерти жертв являлось необходимой данностью.,"Agora, proclamar a morte das vítimas em vermelho era quase uma premissa nesta batalha.",以赤红的真实宣言牺牲者的死亡，早已成了他们对战的前提。,以赤紅的真實宣言犧牲者的死亡，早已成了他們對戰的前提。,"A questo punto, dichiarare la morte delle vittime in rosso era quasi scontato in questa battaglia.","By now, proclaiming the death of the victims in red was almost a given in this battle.","A estas alturas, ploclamar que las víctimas están muertas en rojo era casi un hecho en esta batalla.",ﺣﺘﻰ ﺍﻵﻥ، ﻛﺎﻥ ﺗﺄﻛﻴﺪ ﻣﻮﺕ ﺍﻟﻀﺤﺎﻳﺎ ﺑﺎﻟﻠﻮﻥ ﺍﻷﺣﻤﺮ ﺃﻣﺮًﺍ ﺃﺳﺎﺳﻴًﺎ ﻓﻲ ﻫﺬﻩ ﺍﻟﻤﻌﺮﻛﺔ.,"By now, proclaiming the death of the victims in red was almost a given in this battle.","By now, proclaiming the death of the victims in red was almost a given in this battle.","By now, proclaiming the death of the victims in red was almost a given in this battle."
,Refusing to do that was almost like losing by default.,Refusing to do that was almost like losing by default. ," Refusing to do that was almost like losing by default.",それを拒否するというのは、まるで不戦敗にも近い行為だ。,それを拒否するというのは、まるで不戦敗にも近い行為だ。,Отказ сделать это был почти равносилен признанию поражения по умолчанию.,Recusar‐se a fazer isso era quase como perder por omissão.,拒绝复述这点，十分接近于不战而败。,拒絕複述這點，十分接近於不戰而敗。,Rifiutarsi di farlo era quasi come perdere automaticamente.,Refusing to do that was almost like losing by default.,Negarse a hacerlo era casi como perder por defecto.,ﺃﻱّ ﺃﻥ ﺭﻓﺾ ﺗﻜﺮﺍﺭ ﺫﻟﻚ ﻳﺸﺒﻪ ﺍﻟﺨﺴﺎﺭﺓ.,Refusing to do that was almost like losing by default.,Refusing to do that was almost like losing by default.,Refusing to do that was almost like losing by default.
,"...So when Ronove declined as his first move, Battler was dumbfounded.","...So when Ronove refused as part of his first move, Battler was dumbfounded. ","...So when Ronove refused as part of his first move, Battler was dumbfounded.",…だから戦人はこの初手からのロノウェの拒否に、少し唖然とする。,…だから戦人はこの初手からのロノウェの拒否に、少し唖然とする。,"...Поэтому, когда Ронове отказался от инициативы в своём первом ходе, Баттлер был просто озадачен.","...Por isso, quando Ronove recusou como primeiro movimento, Battler ficou estupefato.",…所以，对拒绝接下第一着的罗诺威，战人略感哑然。,…所以，對拒絕接下第一著的羅諾威，戰人略感啞然。,"... Perciò quando Ronove, come parte della sua prima mossa, rifiutò, Battler rimase sorpreso.","...So when Ronove declined as his first move, Battler was dumbfounded.","... Por eso, cuando Ronove se negó como primer movimiento, Battler se quedó estupefacto.",...ﻟﺬﺍ ﻋﻨﺪﻣﺎ ﺭﻓﺾ ﺭﻭﻧﻮﻑ ﻗﻮﻝ ﺫﻟﻚ، ﺃﺻﻴﺐ ﺑﺎﺗﻠﺮ ﺑﺎﻟﺪﻫﺸﺔ.,"...So when Ronove declined as his first move, Battler was dumbfounded.","...So when Ronove declined as his first move, Battler was dumbfounded.","...So when Ronove declined as his first move, Battler was dumbfounded."
Ronove,"""My apologies. I hereby humbly relinquish my right to be Milady's agent. ...Accordingly, {i:I} cannot repeat that in red. ......The only one qualified to repeat that...is Milady.""","""My apologies. As of this moment, I relinquish my position as Milady's representative. ...Accordingly, ""I"" cannot repeat that in red. ...The only one qualified to repeat that...is Milady."" ","""My apologies. Someone speaking in Milady's place such as myself must relinquish his turn at this point. ...Accordingly, 'I' cannot repeat that in red. ......The only one qualified to repeat that, ...is Milady.""",「申し訳ございません。私めの、お嬢様の代行者である資格を、これを以って返上させていただきます。…よって、“私には”、それを赤で復唱することができません。……それを復唱する資格があるのは、…お嬢様ただ一人だけでございます。」,「申し訳ございません。私めの、お嬢様の代行者である資格を、これを以って返上させていただきます。…よって、“私には”、それを赤で復唱することができません。……それを復唱する資格があるのは、…お嬢様ただ一人だけでございます」,"""Мои извинения. Посредник вроде меня, говорящий от имени миледи, должен отказаться от совершения хода на данной стадии. ...Соответственно, {i:я} не могу повторить это красным. ......Единственный, кому это разрешено... сама миледи.""","""Minhas desculpas. Neste momento, eu renuncio meu direito de ser o representante da ojou‐sama. ...Consequentemente, {i:eu} não posso repetir isso em vermelho. ......A única qualificada para repetir isso é...a ojou‐sama.""",「非常抱歉。在下就此退回小姐代理的资格。…因此，“我”无法用红字复述这句话。……有资格复述这句话的，…仅为小姐一人。」,「非常抱歉。在下就此退回小姐代理的資格。…因此，“我”無法用紅字複述這句話。……有資格複述這句話的，…僅為小姐一人。」,"""Mi perdoni. Un individuo nella mia posizione, che sta soltanto facendo le veci di Milady, è costretto ad abbandonare il suo turno a questo punto. ... Secondo le regole, ‘io’ non posso ripetere quelle parole in rosso. ... L'unica che abbia le qualifiche per farlo... è Milady.""","""My apologies. I hereby humbly relinquish my right to be Milady's agent. ...Accordingly, {i:I} cannot repeat that in red. ......The only one qualified to repeat that...is Milady.""","""Mis disculpas. Por la presente renuncio humildemente a mi derecho a ser el representante de milady... En consecuencia, {i:yo} no puedo repetir eso en rojo... La única cualificada para hacerlo... es milady.""","""ﺃﻋﺘﺬﺭ ﻣﺠﺪﺩًﺍ. ﻣﻦ ﻫﺬﻩ ﺍﻟﻠﺤﻈﺔ، ﺃﺗﺮﺍﺟﻊ ﻋﻦ ﺷﺮﻑ ﺗﻤﺜﻴﻞ ﺳﻴﺪﺗﻲ. ...ﻭﻓﻘًﺎ ﻟﺬﻟﻚ، ﻻ ﻳﻤﻜﻨﻨﻲ ﺗﻜﺮﺍﺭ ﻣﺎ ﻃﻠﺒﺘﻪ ﺑﺎﻷﺣﻤﺮ. ......ﺍﻟﻮﺣﻴﺪﺓ ﺍﻟﺘﻲ ﻳﺤﻖّ ﻟﻬﺎ ﺗﻠﺒﻴﺔ ﻃﻠﺒﻚ.... ﻫﻲ ﺳﻴﺪﺗﻲ.""","""My apologies. I hereby humbly relinquish my right to be Milady's agent. ...Accordingly, {i:I} cannot repeat that in red. ......The only one qualified to repeat that...is Milady.""","""My apologies. I hereby humbly relinquish my right to be Milady's agent. ...Accordingly, {i:I} cannot repeat that in red. ......The only one qualified to repeat that...is Milady.""","""My apologies. I hereby humbly relinquish my right to be Milady's agent. ...Accordingly, {i:I} cannot repeat that in red. ......The only one qualified to repeat that...is Milady."""
Ushiromiya Battler,"""........................""","""........."" ","""...............""",「……………………。」,「……………………」,"""...............""","""........................""",「……………………」,「……………………」,"""...""","""........................""","""...""","""........................""","""........................""","""........................""","""........................"""
{f:5:Virgilia},"""...It is a valid point. Ronove is but an agent for Beato's side. ......If Ronove steps down from the position of agent, and Battler‐kun will not accept Beato as an opponent, ...a new agent must be created.""","""...His point is a valid one. Ronove is only a representative for Beato's side. ...If he steps down from that position, and if you will not accept Beato as an opponent, ...a new representative must be named."" ","""...It is a correct point. Ronove is but an agent for Beato's side. ......If Ronove steps down from the position of agent, and Battler-kun will not accept Beato as an opponent, ...a new agent must be created.""",「…正しい言い分です。ロノウェはベアト側の代行者でしかありません。……ロノウェが代行の役を降り、かつ戦人くんがベアトを相手として認めないならば。…新しい代行者を立てる必要があります。」,「…正しい言い分です。ロノウェはベアト側の代行者でしかありません。……ロノウェが代行の役を降り、かつ戦人くんがベアトを相手として認めないならば。…新しい代行者を立てる必要があります」,"""...Он всё верно говорит. Ронове — всего лишь посредник со стороны Беато. ......Если Ронове оставит должность посредника, а Баттлер‐кун не признает Беато в качестве соперника... Будет назначен новый посредник.""","""...É um ponto válido. O Ronove não é nada mais que um representante do lado da Beato. ......Se o Ronove descer da posição de representante, e o Battler‐kun não aceitar a Beato como uma oponente, ...um novo representante deve ser criado.""",「…正当的主张。罗诺威仅是贝阿朵方的代理人。……罗诺威辞去代理一职，且战人君不认可贝阿朵当对手的话。…有必要选出一个新的代理人。」,「…正當的主張。羅諾威僅是貝阿朵方的代理人。……羅諾威辭去代理一職，且戰人君不認可貝阿朵當對手的話。…有必要選出一個新的代理人。」,"""... È un punto valido. Ronove non è altro che un rappresentante per la fazione di Beato. ... Se Ronove abbandona tale posizione, e Battler-kun non accetta Beato come avversaria... si dovrà trovare un nuovo rappresentante.""","""...It is a valid point. Ronove is but an agent for Beato's side. ......If Ronove steps down from the position of agent, and Battler‐kun will not accept Beato as an opponent, ...a new agent must be created.""","""... Es un punto válido. Ronove no es más que un representante del bando de Beato... Si Ronove renuncia a su puesto de representante, y Battler-kun no acepta a Beato como oponente... entonces debe crearse un nuevo representante.""","""...ﺭﻭﻧﻮﻑ ﻣُﺤﻖّ، ﺇﻧّﻪ ﻓﻘﻂ ﻳﻨﻮﺏُ ﻋﻦ ﺑﻴـﺎﺗﻮ. ......ﺇﺫﺍ ﺗﻨﺤﻰ ﻋﻦ ﻫﺬﺍ ﺍﻟﺪﻭﺭ، ﻭﻛﺬﻟﻚ ﺇﺫﺍ ﻟﻢ ﺗﻘﺒﻞ ﺑﻴـﺎﺗﻮ ﻛﺨﺼﻢٍ ﻟﻚ، ...ﻓﻴﻨﺒﻐﻲ ﺗﻌﻴﻴﻦُ ﺷﺨﺺٍ ﺟﺪﻳﺪ ﻳﻨﻮﺏُ ﻋﻨّﻬﺎ.""","""...It is a valid point. Ronove is but an agent for Beato's side. ......If Ronove steps down from the position of agent, and Battler‐kun will not accept Beato as an opponent, ...a new agent must be created.""","""...It is a valid point. Ronove is but an agent for Beato's side. ......If Ronove steps down from the position of agent, and Battler‐kun will not accept Beato as an opponent, ...a new agent must be created.""","""...It is a valid point. Ronove is but an agent for Beato's side. ......If Ronove steps down from the position of agent, and Battler‐kun will not accept Beato as an opponent, ...a new agent must be created."""
Ronove,"""......There is no new agent. ......Please, Battler‐sama. Please accept Milady as your game partner once more.""","""...No new representative exists. ...Please, Battler-sama. Please accept Milady as your game partner once more."" ","""......There is no new agent. ......Please, Battler-sama. Please accept Milady as your game partner once more.""",「……新しき代行者はおりません。……どうか戦人さま。お嬢様を再び対局の相手とお認め下さい。」,「……新しき代行者はおりません。……どうか戦人さま。お嬢様を再び対局の相手とお認め下さい」,"""......В новых посредниках нет нужды. ......Прошу вас, Баттлер‐сама. Пожалуйста, примите миледи в качестве вашего оппонента ещё раз.""","""......Não há novo representante. ......Por favor, Battler‐sama. Peço que aceite a ojou‐sama como sua parceira de jogo mais uma vez.""",「……没有新的代理人。……战人少爷。请千万认同小姐再度成为对局敌手。」,「……沒有新的代理人。……戰人少爺。請千萬認同小姐再度成為對局敵手。」,"""... Non c'è nessun nuovo rappresentante. ... Per favore, Battler-sama. Per favore accetti nuovamente Milady come sua compagna di giochi.""","""......There is no new agent. ......Please, Battler‐sama. Please accept Milady as your game partner once more.""","""... No hay un nuevo representante... Por favor, Battler-sama. Por favor, acepte a milady como su oponente una vez más.""","""......ﻻ ﻳﻮﺟﺪ ﺃﻱّ ﺷﺨﺺ ﺁﺧﺮ. ......ﺃﺭﺟﻮﻙ ﻳﺎ ﺑﺎﺗﻠﺮ-ﺳﺎﻣﺎ. ﺃﻟﺘﻤﺲُ ﻣﻨﻚ ﺃﻥ ﺗﻘﺒﻞ ﺳﻴﺪﺗﻲ ﻛﺨﺼﻢ ﻟﻚَ ﻣﻦ ﺟﺪﻳﺪ.""","""......There is no new agent. ......Please, Battler‐sama. Please accept Milady as your game partner once more.""","""......There is no new agent. ......Please, Battler‐sama. Please accept Milady as your game partner once more.""","""......There is no new agent. ......Please, Battler‐sama. Please accept Milady as your game partner once more."""
Ushiromiya Battler,"""............Sorry, but that's not happening. ......I definitely won't accept that unpleasant, ruthless bitch as my opponent. ...Refusing to accept that is the reason I won't abandon this game.""","""......Sorry, but that's advice I can't listen to. ...I definitely won't accept that unpleasant, cruel bastard as my opponent. ...My refusal to accept her is why I can't step down from this game."" ","""............Sorry, but that's advice I can't listen to. ......I definitely won't accept that unpleasant, cruel bastard as my opponent. ...I won't give up in this game because I don't accept her.""",「…………悪ぃが。そいつは聞けねぇ相談だぜ。……あの不愉快な残酷野郎を、俺は絶対に対局者だなどと認めない。…それを認めないために、俺はこのゲームを降りないんだ。」,「…………悪ぃが。そいつは聞けねぇ相談だぜ。……あの不愉快な残酷野郎を、俺は絶対に対局者だなどと認めない。…それを認めないために、俺はこのゲームを降りないんだ」,"""............Извини, но это тот совет, к которому я не могу прислушаться. ......Я точно не приму эту мерзкую жестокую тварь в качестве своего оппонента. ...Я не собираюсь сдаваться в этой игре лишь из‐за своего неприятия её.""","""............Foi mal, mas isso não vai acontecer. ......Definitivamente não aceitarei aquela desgraçada desagradável e impiedosa como minha oponente. ...Minha recusa em aceitar isso é a razão pela qual não abandonarei este jogo.""",「…………抱歉。这事，没得商量。……我绝对不会认同，那个令人不愉快的残酷混蛋当对局敌手的。…就是因为不认同她，我才不退出这个游戏的。」,「…………抱歉。這事，沒得商量。……我絕對不會認同，那個令人不愉快的殘酷混蛋當對局敵手的。…就是因為不認同她，我才不退出這個遊戲的。」,"""... Spiacente, ma quello è un consiglio a cui non posso dar retta. ... Non accetterò mai e poi mai quella sgradevole, crudele bastarda come mia avversaria. ... Non mi arrenderò in questo gioco perché non l'accetto.""","""............Sorry, but that's not happening. ......I definitely won't accept that unpleasant, ruthless bitch as my opponent. ...Refusing to accept that is the reason I won't abandon this game.""","""... Lo siento, pero eso no pasará... Definitivamente no aceptaré a tal desagradable y cruel bastarda como mi oponente... Negarme a aceptarla es la razón por la que no abandonaré este juego.""","""...ﺁﺳﻒ، ﻟﻜﻨّﻲ ﻟﻦ ﺃﻗﺒﻞ ﻧﺼﻴﺤﺘﻚَ ﻫﺬﻩ. ......ﻭﻟﻦ ﺃﻗﺒﻞ ﺃﺑﺪًﺍ ﺗﻠﻚ ﺍﻟﺒﻐﻴﻀﺔ ﻣﺘﺤﺠﺮﺓ ﺍﻟﻘﻠﺐ ﻛﺨﺼﻢٍ ﻟﻲ. ...ﻛﻤّﺎ ﺃﻥ ﺭﻓﻀﻲ ﻟﻘﺒﻮﻟﻬﺎ ﻫﻮ ﺳﺒﺐ ﻋﺪﻡ ﺍﺳﺘﻄﺎﻋﺘﻲ ﺍﻻﻧﺴﺤﺎﺏ ﻣﻦ ﻫﺬﻩ ﺍﻟﻠﻌﺒﺔ.""","""............Sorry, but that's not happening. ......I definitely won't accept that unpleasant, ruthless bitch as my opponent. ...Refusing to accept that is the reason I won't abandon this game.""","""............Sorry, but that's not happening. ......I definitely won't accept that unpleasant, ruthless bitch as my opponent. ...Refusing to accept that is the reason I won't abandon this game.""","""............Sorry, but that's not happening. ......I definitely won't accept that unpleasant, ruthless bitch as my opponent. ...Refusing to accept that is the reason I won't abandon this game."""
Ronove,"""Regarding your point about Milady being unpleasant, I apologize in her stead. I shall obtain Milady's pledge that she will not take unpleasant actions again.""","""As to her being unpleasant, I apologize in Milady's stead. Allow me to pledge that Milady will not undertake such unpleasant actions again."" ","""Regarding your point about her being unpleasant, I apologize in Milady's stead. Allow me to pledge that Milady will not take unpleasant actions again.""",「不愉快な点につきましてはお嬢様に代わりまして謝罪します。また、お嬢様には二度と不愉快な言動を取らぬよう誓約させます。」,「不愉快な点につきましてはお嬢様に代わりまして謝罪します。また、お嬢様には二度と不愉快な言動を取らぬよう誓約させます」,"""Относительно вашего суждения по поводу её неадекватности, я хотел бы извиниться за миледи. Позвольте мне дать слово, что миледи больше не станет совершать неадекватных поступков.""","""Quanto ao seu ponto sobre a ojou‐sama ser desagradável, peço desculpas no lugar dela. Devo obter o juramento da ojou‐sama de que ela não tomará ações desagradáveis novamente.""",「令人不愉快这一点，我代小姐向您谢罪。并且，会令小姐起誓，决不会再有令人不愉快的言行。」,「令人不愉快這一點，我代小姐向您謝罪。並且，會令小姐起誓，決不會再有令人不愉快的言行。」,"""Riguardo al suo essere sgradevole, mi scuso per Milady. Mi permetta di garantire che Milady non compirà più azioni sgradevoli.""","""Regarding your point about Milady being unpleasant, I apologize in her stead. I shall obtain Milady's pledge that she will not take unpleasant actions again.""","""En cuanto al asunto del comportamiento desagradable, pido disculpas en el lugar de milady. Permítame prometerle que milady no volverá a hacer acciones tan desagradables de nuevo.""","""ﺑﺎﻟﻨﺴﺒﺔ ﻟﻜﻮﻧّﻬﺎ ﺑﻐﻴﻀﺔ، ﻓﺄﻧﺎ ﺃﻋﺘﺬﺭ ﺑﺎﻟﻨﻴﺎﺑﺔ ﻋﻨّﻬﺎ. ﺍﺳﻤﺢ ﻟﻲ ﺃﻥ ﺃﺗﻌﻬﺪ ﻋﻠﻰ ﺃﻥ ﺳﻴﺪﺗﻲ ﻟﻦ ﺗُﻜﺮﺭ ﻣﺜﻞ ﻫﺬﻩ ﺍﻷﻓﻌﺎﻝ ﺍﻟﻤﺰﻋﺠﺔ ﻣﺠﺪﺩًﺍ.""","""Regarding your point about Milady being unpleasant, I apologize in her stead. I shall obtain Milady's pledge that she will not take unpleasant actions again.""","""Regarding your point about Milady being unpleasant, I apologize in her stead. I shall obtain Milady's pledge that she will not take unpleasant actions again.""","""Regarding your point about Milady being unpleasant, I apologize in her stead. I shall obtain Milady's pledge that she will not take unpleasant actions again."""
Ushiromiya Battler,""".............................. ......Yeah, right.""","""......... ...I wonder about that."" ",""".........................I wonder about that.""",「…………………………。……どうだかな。」,「…………………………。……どうだかな」,""".........................Что‐то я сомневаюсь.""",""".............................. ......Será mesmo?.""",「…………………………。……怎么了啊？」,「…………………………。……怎麼了啊？」,"""... Ne dubito.""",""".............................. ......Yeah, right.""","""... Sí, lo que sea.""",""".............................. ......ﺃﺗﺴﺎﺀﻝ ﻋﻦ ﺻﺤﺔ ﺫﻟﻚ.""",""".............................. ......Yeah, right.""",""".............................. ......Yeah, right.""",""".............................. ......Yeah, right."""
{f:5:Virgilia},"""...Battler‐kun. ...I also apologize as that child's master. I will give her a thorough talking‐to, so would you please forgive her just this once?""","""...Battler-kun, I also want to apologize as that child's teacher. I'll give that child a good talking to, so please offer your forgiveness just this once."" ","""...Battler-kun. I also apologize as that child's teacher. She has listened well, so would you please forgive her just this once?""",「…戦人くん。…あの子の師匠として私も謝罪します。よく言って聞かせますので、どうか一度だけ許してやってはくれませんか。」,「…戦人くん。…あの子の師匠として私も謝罪します。よく言って聞かせますので、どうか一度だけ許してやってはくれませんか」,"""...Баттлер‐кун. Я тоже извиняюсь, как наставница этого ребёнка. Она безропотно всё выслушала, так почему бы тебе не простить её лишь этот раз?""","""...Battler‐kun. ...Também peço desculpas, como professora daquela criança. Terei uma boa conversa com ela, então você a perdoaria só desta vez, por favor?""",「…战人君。…我作为那孩子的师傅，也向您谢罪。已经好好说过她了，可否请您千万原谅她一回？」,「…戰人君。…我作為那孩子的師傅，也向您謝罪。已經好好說過她了，可否請您千萬原諒她一回？」,"""... Battler-kun. Essendo l'insegnante di quella ragazza, mi scuso anche io. {n}Ti ha ascoltato con attenzione, perciò potresti perdonarla solo per questa volta, per favore?""","""...Battler‐kun. ...I also apologize as that child's master. I will give her a thorough talking‐to, so would you please forgive her just this once?""","""... Battler‐kun... También pido disculpas como la maestra de esa niña. Hablaré seriamente con ella, así que ¿podrías perdonarla solo esta vez?""","""...ﺑﺎﺗﻠﺮ-ﻛﻦ. ...ﺑﺼﻔﺘﻲ ﻣﻌﻠﻤﺔ ﺗﻠﻚ ﺍﻟﻔﺘﺎﺓ، ﻓﺄﻧﺎ ﺃﻳﻀًﺎ ﺃﻋﺘﺬﺭ ﻟﻚ. ﺳﺄﻭﺑّﺨﻬﺎ ﻓﻴﻤّﺎ ﺑﻌﺪ، ﻫﻞ ﺗﺴﺘﻄﻴﻊ ﻣﺴﺎﻣﺤﺘﻬﺎ ﻫﺬﻩ ﺍﻟﻤﺮﺓ ﻓﺤﺴﺐ؟""","""...Battler‐kun. ...I also apologize as that child's master. I will give her a thorough talking‐to, so would you please forgive her just this once?""","""...Battler‐kun. ...I also apologize as that child's master. I will give her a thorough talking‐to, so would you please forgive her just this once?""","""...Battler‐kun. ...I also apologize as that child's master. I will give her a thorough talking‐to, so would you please forgive her just this once?"""
Ushiromiya Battler,"""......Hey, hey, quit that. You're making it sound like I'm the bad guy.""","""...Hey, hey, enough of that. You're making it sound like I'm the bad guy. ","""......Hey, hey, quit it please. You're making it sound like I'm the bad guy. ",「……おいおい、よしてくれよ。まるで俺が悪者みてぇだぜ。,「……おいおい、よしてくれよ。まるで俺が悪者みてぇだぜ」,"""......Эй, эй, да будет вам. Вас послушаешь, так это я тут плохой парень.""","""......Ei, ei, parem com isso. Vocês estão fazendo parecer que eu sou o cara mau.""",「……喂喂，别呀。搞得好像我是坏人一样。」,「……喂喂，別呀。搞得好像我是壞人一樣。」,"""... Ehi, Ehi, piantatela per piacere. La state mettendo come se il cattivo qui fossi io.","""......Hey, hey, quit that. You're making it sound like I'm the bad guy.""","""... Oigan, oigan, basta ya. Están haciendo que parezca que soy yo el tipo malo.""","""...ﻣﻬﻼً، ﻣﻬﻼً ﺗﻮﻗﻔﺎ ﻋﻦ ﺍﻹﻋﺘﺬﺍﺭ. ﺃﻧﺘﻤﺎ ﺗﺠﻌﻼﻧﻲ ﺃﺑﺪﻭ ﻛﺸﺨﺺ ﺳﻴﺊ.","""......Hey, hey, quit that. You're making it sound like I'm the bad guy.""","""......Hey, hey, quit that. You're making it sound like I'm the bad guy.""","""......Hey, hey, quit that. You're making it sound like I'm the bad guy."""
Ushiromiya Battler,"""...And no matter how much {i:you guys} apologize, it won't reach my ears. ......If Beato can say that from her own mouth, ............well, it's not like I'm not gonna listen to her.""","...And no matter how much you guys apologize, it won't reach my ears. ...If Beato can say that from her own lips, ......well, I might listen to her."" ","...And no matter how much you guys apologize, it won't reach my ears. ......If Beato can say that from her own mouth, ............well, it's not like I won't listen to her.""",…それにあんたらにいくら謝罪の言葉を聞かされても、俺の耳には届かない。……そいつを、ベアトが自分の口で言えるってんなら。…………まぁ、耳を貸さねぇこともないぜ。」,「…それにあんたらにいくら謝罪の言葉を聞かされても、俺の耳には届かない。……そいつを、ベアトが自分の口で言えるってんなら。…………まぁ、耳を貸さねぇこともないぜ」,"""...И сколько бы, {i:вы, ребята}, не извинялись, всё пройдёт мимо моих ушей. ......Если бы Беато сама лично сказала это... Ну, не то чтобы я её не выслушаю.""","""...E não importa o quanto {i:vocês} peçam desculpas, isso não alcançará meus ouvidos. ......Se a Beato conseguir dizer isso da própria boca dela, ............bem, não é como se eu não fosse escutá‐la.""",「…再者，不管你们讲多少谢罪的话，我都不会听进去的。……不过，要是贝阿朵能从自己的口中说出这些的话。…………那倒也并非不能借耳一听。」,「…再者，不管你們講多少謝罪的話，我都不會聽進去的。……不過，要是貝阿朵能從自己的口中說出這些的話。…………那倒也並非不能借耳一聽。」,"... E potete scusarvi quanto volete, ma le vostre parole non raggiungeranno le mie orecchie. ... Se Beato pronunciasse quelle scuse con la sua bocca... beh, non è che non le darei ascolto.""","""...And no matter how much {i:you guys} apologize, it won't reach my ears. ......If Beato can say that from her own mouth, ............well, it's not like I'm not gonna listen to her.""","""... Y por mucho que {i:ustedes} se disculpen, no llegará a mis oídos... Si Beato puede decir eso con sus propias palabras... bueno, no es como si no fuera a escucharla.""","""...ﻣﻬﻤﺎ ﺇﻋﺘﺬﺭﺗﻤﺎ ﻧﻴﺎﺑﺔً ﻋﻨﻬﺎ، ﻓﻠﻦ ﺃﺳﺘﻤﻊ ﻟﻜﻤّﺎ. ......ﻟﻜﻦ ﺇﻥ ﻛﺎﻧﺖ ﺑﻴـﺎﺗﻮ ﺳﺘﻌﺘﺬﺭ ﺑﻨﻔﺴﻬﺎ ﻭﺑﺼﻮﺗﻬﺎ، ............ﻓﺮﺑﻤﺎ ﻗﺪ ﺃﺳﺘﻤﻊ ﺇﻟﻴﻬﺎ.""","""...And no matter how much {i:you guys} apologize, it won't reach my ears. ......If Beato can say that from her own mouth, ............well, it's not like I'm not gonna listen to her.""","""...And no matter how much {i:you guys} apologize, it won't reach my ears. ......If Beato can say that from her own mouth, ............well, it's not like I'm not gonna listen to her.""","""...And no matter how much {i:you guys} apologize, it won't reach my ears. ......If Beato can say that from her own mouth, ............well, it's not like I'm not gonna listen to her."""
{f:5:Virgilia},"""............Alright. If that is the only condition under which you will accept that child again, let us have her apologize.""","""......Understood. If that is your only condition for acknowledging your opponent again, let us have that child apologize. ","""............Understood. If that is your only condition for accepting that child again, let us have that child apologize. ",「…………わかりました。それがあの子を再び認めてもらう唯一の条件ならば、あの子に謝罪をさせましょう。,「…………わかりました。それがあの子を再び認めてもらう唯一の条件ならば、あの子に謝罪をさせましょう」,"""............Понимаю. Если таково твоё единственное условие, чтобы вновь принять это дитя, пускай же тогда это дитя извинится.""","""............Tudo bem. Se essa é a única condição sob a qual você aceitará aquela criança de novo, vamos fazê‐la pedir desculpas.""",「…………明白了。如果此为再度认可那孩子的唯一条件的话，那就让那孩子自己来谢罪吧。」,「…………明白了。如果此為再度認可那孩子的唯一條件的話，那就讓那孩子自己來謝罪吧。」,"""... Ho capito. Se tale è la tua unica condizione per accettare di nuovo quella ragazza, facciamo sì che lei si scusi.","""............Alright. If that is the only condition under which you will accept that child again, let us have her apologize.""","""... Entendido. Si esa es tu única condición para aceptarla de nuevo, déjanos hacer que se disculpe.""","""............ﻟﻘﺪ ﻓﻬﻤﺖ. ﺇﺫﺍ ﻛﺎﻥ ﻫﺬﺍ ﻫﻮ ﺷﺮﻃﻚ ﺍﻟﻮﺣﻴﺪ ﻟﻼﻋﺘﺮﺍﻑ ﺑﻬﺎ ﺧﺼﻤًﺎ ﻟﻚ ﻣﻦ ﺟﺪﻳﺪ، ﻓﺴﻮﻑ ﻧﺪﻋﻬﺎ ﺗﻌﺘﺬﺭ ﺑﻨﻔﺴﻬﺎ.""","""............Alright. If that is the only condition under which you will accept that child again, let us have her apologize.""","""............Alright. If that is the only condition under which you will accept that child again, let us have her apologize.""","""............Alright. If that is the only condition under which you will accept that child again, let us have her apologize."""
{f:5:Virgilia},""".........Ronove. Call for that child. Is that alright, Battler‐kun...?""","......Ronove, call for that child. Will that be all right, Battler-kun...?"" ",".........Ronove. Call for that child. Is that alright, Battler-kun...?""",………ロノウェ。あの子を呼びなさい。よろしいですね、戦人くん…？」,「………ロノウェ。あの子を呼びなさい。よろしいですね、戦人くん…？」,""".........Ронове. Позови её. Ты не возражаешь, Баттлер‐кун?..""",""".........Ronove. Chame aquela criança. Está bom assim, Battler‐kun...?""",「………罗诺威。去叫下那孩子。可以吗，战人君…？」,「………羅諾威。去叫下那孩子。可以嗎，戰人君…？」,"... Ronove. Manda a chiamarla. Va bene così, Battler-kun...?""",""".........Ronove. Call for that child. Is that alright, Battler‐kun...?""","""... Ronove. Llámala. ¿Está bien eso, Battler-kun?...""",""".........ﺭﻭﻧﻮﻑ. ﻧﺎﺩﻱ ﺗﻠﻚ ﺍﻟﻄﻔﻠﺔ. ﻫﻞ ﺃﻧﺖَ ﻣﻮﺍﻓﻖٌ ﻋﻠﻰ ﻫﺬﺍ ﻳﺎ ﺑﺎﺗﻠﺮ-ﻛﻦ...؟""",""".........Ronove. Call for that child. Is that alright, Battler‐kun...?""",""".........Ronove. Call for that child. Is that alright, Battler‐kun...?""",""".........Ronove. Call for that child. Is that alright, Battler‐kun...?"""
Ushiromiya Battler,"""...............Tch. ...Do whatever you want. But don't expect me to forgive her. ......Go on, call for that irritating witch.""","""......Sheesh. ...Do whatever you want. Still, don't expect me to forgive her. ...Go get that irritating witch."" ","""............Sheesh. ...Do whatever you want. Still, don't expect that I'll forgive her. ......Call for that irritating witch.""",「……………ちぇ。…好きにしろよ。だが、俺が許すと期待するな。……呼べよ、あのムカつく魔女を。」,「……………ちぇ。…好きにしろよ。だが、俺が許すと期待するな。……呼べよ、あのムカつく魔女を」,"""............Да ну вас. ...Поступай как знаешь. Однако не надейся, что я могу простить её. ......Зови эту надоедливую ведьму.""","""...............Tch. ...Faça o que quiser. Mas não espere que eu a perdoe. ......Vá em frente, chame aquela bruxa irritante.""",「……………切。…随便了。不过，可别指望我原谅她啊。……叫吧，把那可气的魔女叫出来。」,「……………切。…隨便了。不過，可別指望我原諒她啊。……叫吧，把那可氣的魔女叫出來。」,"""... Tsk. ... Fate come vi pare. Però, non vi aspettate che la perdoni. ... Chiamate quella strega indisponente.""","""...............Tch. ...Do whatever you want. But don't expect me to forgive her. ......Go on, call for that irritating witch.""","""... Tch... Hagan lo que quieran. Sin embargo, no esperen que la perdone... Llamen a esa bruja irritante.""","""...............ﺗﺸﻪ. ...ﺍﻓﻌﻼ ﻣﺎ ﻳﺤﻠﻮﺍ ﻟﻜﻤّﺎ. ﻟﻜﻦ ﻻ ﺗﺘﻮﻗﻌﺎ ﻣﻨﻲ ﻣﺴﺎﻣﺤﺘﻬﺎ. ......ﺩﻋﺎ ﺗﻠﻚ ﺍﻟﺴﺎﺣﺮﺓ ﺍﻟﻤﺰﻋﺠﺔ ﺗﺄﺗﻲ.""","""...............Tch. ...Do whatever you want. But don't expect me to forgive her. ......Go on, call for that irritating witch.""","""...............Tch. ...Do whatever you want. But don't expect me to forgive her. ......Go on, call for that irritating witch.""","""...............Tch. ...Do whatever you want. But don't expect me to forgive her. ......Go on, call for that irritating witch."""
Ronove,"""...You have my thanks, Battler‐sama. .........I will call her now. ......Milady, Battler‐sama is calling for you.""","""...You have my thanks, Battler-sama. ...I shall summon her here. ...Milady, Battler-sama is calling for you."" ","""...You have my thanks, Battler-sama. ......I will now call her. ......Milady, Battler-sama is calling for you.""",「…ありがとうございます、戦人さま。………ただいま、お呼び致します。……お嬢様、戦人さまがお呼びでございます。」,「…ありがとうございます、戦人さま。………ただいま、お呼び致します。……お嬢様、戦人さまがお呼びでございます」,"""...Премного вам благодарен, Баттлер‐сама. ......Тогда я позову её. ......Миледи, Баттлер‐сама вызывает вас.""","""...Você tem meus agradecimentos, Battler‐sama. .........Eu a chamarei agora. ......Ojou‐sama, o Battler‐sama está lhe chamando.""",「…非常感谢，战人少爷。………立刻就唤小姐出来。……小姐，战人少爷在喊您了。」,「…非常感謝，戰人少爺。………立刻就喚小姐出來。……小姐，戰人少爺在喊您了。」,"""... I miei più sinceri ringraziamenti, Battler-sama. ... Adesso andrò a chiamarla. ... Milady, Battler-sama la sta chiamando.""","""...You have my thanks, Battler‐sama. .........I will call her now. ......Milady, Battler‐sama is calling for you.""","""... Le doy las gracias, Battler-sama... La llamaré ahora mismo... Milady, Battler-sama la está llamando.""","""...ﺃﺷﻜﺮﻙَ ﻳﺎ ﺑﺎﺗﻠﺮ-ﺳﺎﻣﺎ. .........ﺳﺄﻧﺎﺩﻱ ﻋﻠﻴﻬﺎ ﺍﻵﻥ. ......ﺳﻴﺪﺗﻲ، ﺇﻥ ﺑﺎﺗﻠﺮ-ﺳﺎﻣﺎ ﻳﻄﻠﺐ ﻣﻨﻚِ ﺍﻟﻘﺪﻭﻡ.""","""...You have my thanks, Battler‐sama. .........I will call her now. ......Milady, Battler‐sama is calling for you.""","""...You have my thanks, Battler‐sama. .........I will call her now. ......Milady, Battler‐sama is calling for you.""","""...You have my thanks, Battler‐sama. .........I will call her now. ......Milady, Battler‐sama is calling for you."""
,"After a few heartbeats, gold butterflies gathered together in midair and created Beato's form.","After a few heartbeats, gold butterflies gathered together in midair and created Beato's form. ","After a few heartbeats, gold butterflies gathered together in midair and created Beato's form.",数心拍を置いてから、虚空に黄金の蝶が群れ集まり、ベアトの姿を形作る。,数心拍を置いてから、虚空に黄金の蝶が群れ集まり、ベアトの姿を形作る。,"В воздухе возникла стая золотых бабочек, которые обернулись в форму Беато.","Depois de alguns poucos batimentos, borboletas douradas se reuniram no ar e criaram a forma de Beato.",等了几下心跳后，虚空中聚集起了黄金蝶群，形成了贝阿朵的身姿。,等了幾下心跳後，虛空中聚集起了黃金蝶群，形成了貝阿朵的身姿。,"Dopo pochi istanti, farfalle dorate si riunirono a mezz'aria e formarono la figura di Beato.","After a few heartbeats, gold butterflies gathered together in midair and created Beato's form.","Después de unos latidos, mariposas doradas se reunieron en el aire, formando la figura de Beato.",ﺑﻌﺪ ﺑﻀﻊ ﺛﻮﺍﻥٍ، ﺗﺠﻤﻌﺖ ﺍﻟﻔﺮﺍﺷﺎﺕ ﺍﻟﺬﻫﺒﻴﺔ ﺳﻮﻳﺔً ﻓﻲ ﺍﻟﻬﻮﺍﺀ ﻭﻛﻮﻧﺖ ﺷﻜﻞ ﺑﻴـﺎﺗﻮ.,"After a few heartbeats, gold butterflies gathered together in midair and created Beato's form.","After a few heartbeats, gold butterflies gathered together in midair and created Beato's form.","After a few heartbeats, gold butterflies gathered together in midair and created Beato's form."
,...It was much more docile than the way she had appeared before now.,...It was a much more docile appearance than the one's she'd made before. ,"...It was much more docile than the way she had appeared before now.",…それまでの彼女の登場に比べると、幾分、大人しげなものだった。,…それまでの彼女の登場に比べると、幾分、大人しげなものだった。,"...Она выглядела гораздо более смиренной, чем та, которой она была до этого.",...Era muito mais dócil que a forma que ela tinha aparecido anteriormente.,…与她之前的登场相比，多了几分规矩。,…與她之前的登場相比，多了幾分規矩。,... Fu uno spettacolo molto più sobrio delle sue apparizioni precedenti.,...It was much more docile than the way she had appeared before now.,... Era mucho más tranquila que la forma en la que había aparecido hasta ahora.,...ﻟﻘﺪ ﻛﺎﻥ ﻣﻈﻬﺮﻫﺎ ﺃﻛﺜﺮ ﺍﻧﺼﻴﺎﻋًﺎ ﺑﻜﺜﻴﺮ ﻣﻦ ﺍﻟﻤﻈﻬﺮ ﺍﻟﺬﻱ ﺗُﺒﺪﻳﻪ ﻓﻲ ﺍﻟﻌﺎﺩﺓ.,...It was much more docile than the way she had appeared before now.,...It was much more docile than the way she had appeared before now.,...It was much more docile than the way she had appeared before now.
{f:5:Beatrice},"""............Did you call, Ronove?""","""......Did you call, Ronove?"" ","""............Did you call, Ronove?""",「…………呼んだか、ロノウェ。」,「…………呼んだか、ロノウェ」,"""............Ты звал меня, Ронове?""","""............Você chamou, Ronove?""",「…………在叫妾身吗，罗诺威？」,「…………在叫妾身嗎，羅諾威？」,"""... Mi hai chiamata, Ronove?""","""............Did you call, Ronove?""","""... ¿Me llamaste, Ronove?""","""............ﻫﻞ ﻧﺎﺩﻳﺘﻨﻲ ﻳﺎ ﺭﻭﻧﻮﻑ؟""","""............Did you call, Ronove?""","""............Did you call, Ronove?""","""............Did you call, Ronove?"""
{f:5:Virgilia},"""...I believe you heard. ......Is there anything you have to say, from your own mouth...?""","""...I believe you heard. ...Is there something you have to say, from your own lips...?"" ","""...I believe you heard. ......Is there something you have to say, from your own mouth...?""",「…話は聞いていたはずですよ。……あなたの口から、何か言うことはありますか…？」,「…話は聞いていたはずですよ。……あなたの口から、何か言うことはありますか…？」,"""...Я полагаю, ты слышала. ......Не полагается ли тебе лично кое‐что сказать?..""","""...Acredito que tenha ouvido a conversa. ......Você tem algo a dizer, da sua própria boca...?""",「…你应该都听到了。……从你的口中，是不是有什么话要说呢…？」,「…你應該都聽到了。……從你的口中，是不是有什麼話要說呢…？」,"""... Credo che tu abbia già sentito. ... C'è forse qualcosa che dovresti dire, da te, con la tua bocca...?""","""...I believe you heard. ......Is there anything you have to say, from your own mouth...?""","""... Creo que escuchaste... ¿Hay algo que debas decir con tus propias palabras?...""","""...ﺃﻇﻦّ ﺃﻧّﻚِ ﺳﻤﻌﺖِ ﻛﻼﻣﻨﺎ، ......ﺃﻟﻴﺲ ﻟﺪﻳﻚِ ﻣﺎ ﺗﻘﻮﻟﻴﻨﻪ...؟""","""...I believe you heard. ......Is there anything you have to say, from your own mouth...?""","""...I believe you heard. ......Is there anything you have to say, from your own mouth...?""","""...I believe you heard. ......Is there anything you have to say, from your own mouth...?"""
Ushiromiya Battler,"""....................................""","""............"" ","""........................""",「………………………………。」,「………………………………」,"""........................""","""....................................""",「………………………………」,「………………………………」,"""...""","""....................................""","""...""","""....................................""","""....................................""","""....................................""","""...................................."""
{f:5:Beatrice},"""..............................""","""............"" ",""".....................""",「…………………………。」,「…………………………」,""".....................""","""..............................""",「…………………………」,「…………………………」,"""...""","""..............................""","""...""","""..............................""","""..............................""","""..............................""",""".............................."""
,It looked as though Beato shrunk slightly under Battler's cold gaze.,It looked as though Beato shrunk slightly under Battler's cold gaze. ,"It looked as though Beato shrunk slightly under Battler's cold gaze.",戦人の冷たい目つきに、あのベアトが少しだけ萎縮しているように見えた。,戦人の冷たい目つきに、あのベアトが少しだけ萎縮しているように見えた。,"Со стороны казалось, что Беато слегка съёжилась под холодным взглядом Баттлера.",Parecia como se Beato encolhesse ligeiramente sob o olhar frio de Battler.,面对战人冰冷的目光，那位贝阿朵显得有点畏手畏脚。,面對戰人冰冷的目光，那位貝阿朵顯得有點畏手畏腳。,Sembrò quasi che Beato si fosse fatta più piccola sotto lo sguardo freddo di Battler.,It looked as though Beato shrunk slightly under Battler's cold gaze.,Parecía que Beato se encogía ligeramente bajo la fría mirada de Battler.,ﺑﺪﺕ ﺑﻴـﺎﺗﻮ ﻣﻨﻜﻤﺸﺔً ﺑﺴﺒﺐ ﻧﻈﺮﺍﺕ ﺑﺎﺗﻠﺮ ﺍﻟﺒﺎﺭﺩﺓ.,It looked as though Beato shrunk slightly under Battler's cold gaze.,It looked as though Beato shrunk slightly under Battler's cold gaze.,It looked as though Beato shrunk slightly under Battler's cold gaze.
,"Several times, Beato made an effort to get the words out of her mouth, but that didn't work so well, ......and she was just as awkward as someone trying to light a match during a freezing winter with frozen hands...","Several times, Beato made an effort to get the words out of her mouth, but that didn't work so well, ...and she was just as awkward as someone trying to light a match during a freezing winter with icy hands... "," Several times, Beato made an effort to get the words out of her mouth, but that didn't work so well, ......and she was just as awkward as someone trying to light a match during a freezing winter with frozen hands...",ベアトは何度か言葉を口から発そうと努力したが、それはなかなか叶わず、……まるで凍てつく冬に、凍えた指でマッチを擦るかのような不器用さがあった…。,ベアトは何度か言葉を口から発そうと努力したが、それはなかなか叶わず、……まるで凍てつく冬に、凍えた指でマッチを擦るかのような不器用さがあった…。,"Несколько раз Беато предприняла усилия, пытаясь протолкнуть слова из своего рта, но всё было тщетно, и она смотрелась нелепо, словно человек, пытающийся замерзшими руками зажечь спичку в лютую зиму...","Diversas vezes, Beato fez um esforço para tirar as palavras de sua boca, mas aquilo não funcionou tão bem, ......ela estava tão estranha quanto alguém tentando acender um fósforo durante um inverno de arrepiar, com as mãos congeladas...",虽然贝阿朵一次又一次地想努力把话说出口，但就是难以如愿以偿，……带有着一份，如同在寒冬中，以冻僵的手指划火柴般的笨拙…。,雖然貝阿朵一次又一次地想努力把話說出口，但就是難以如願以償，……帶有著一份，如同在寒冬中，以凍僵的手指划火柴般的笨拙…。,"Beato tentò diverse volte di farsi uscire le parole di bocca, ma senza troppo successo... ed era impacciata come qualcuno che cerca di accendere un fiammifero nell'inverno più gelido e con le mani ghiacciate...","Several times, Beato made an effort to get the words out of her mouth, but that didn't work so well, ......and she was just as awkward as someone trying to light a match during a freezing winter with frozen hands...","Varias veces, Beato hizo el esfuerzo para que las palabras saliesen de su boca, pero no le salió muy bien... y era tan torpe como alguien intentando encender una cerilla en un gélido invierno teniendo las manos entumecidas por el frío...",ﻛﺎﻧﺖ ﺗﺤﺎﻭﻝ ﺟﺎﻫﺪﺓً ﻧُﻄّﻖ ﺍﻟﻜﻠﻤﺎﺕ ﻣﻦ ﻓﻤّﻬﺎ، ﻟﻜﻦ ﺍﻷﻣﺮ ﻟﻢ ﻳﺴﺮ ﻋﻠﻰ ﻧﺤﻮٍ ﺟﻴﺪ. ......ﻭﻣﻦ ﺷﺪﺓ ﺣﺮﺟﻬﺎ، ﺑﺪّﺕ ﻛﻤّﻦ ﻳﺤﺎﻭﻝ ﺇﺷﻌﺎﻝ ﻋﻮﺩ ﺛﻘﺎﺏ ﺑﻴﺪﻳﻦ ﻣﺘﺠﻤﺪﺗﻴﻦ ﺧﻼﻝ ﻓﺼﻞ ﺍﻟﺸﺘﺎﺀ ﺍﻟﻘﺎﺭﺱ...,"Several times, Beato made an effort to get the words out of her mouth, but that didn't work so well, ......and she was just as awkward as someone trying to light a match during a freezing winter with frozen hands...","Several times, Beato made an effort to get the words out of her mouth, but that didn't work so well, ......and she was just as awkward as someone trying to light a match during a freezing winter with frozen hands...","Several times, Beato made an effort to get the words out of her mouth, but that didn't work so well, ......and she was just as awkward as someone trying to light a match during a freezing winter with frozen hands..."
,"Even as she did that, the game board was proceeding...","Even as she did that, the game board was advancing... "," Even as she did that, the game board was proceeding...",そうしている間にもゲーム盤は進行する…。,そうしている間にもゲーム盤は進行する…。,"Пока она пыталась сделать это, ситуация на игровой доска продолжала развиваться...","Mesmo enquanto ela fazia aquilo, o tabuleiro estava avançando...",在这段时间里，棋盘上，棋局照旧推进着…。,在這段時間裡，棋盤上，棋局照舊推進著…。,"E anche durante tutto ciò, le cose sul piano di gioco stavano procedendo...","Even as she did that, the game board was proceeding...","Incluso mientras lo hacía, el tablero de juego proseguía...",ﻭﻓﻲ ﻧﻔﺲ ﺍﻟﻮﻗﺖ، ﻛﺎﻧﺖ ﺭﻗﻌﺔ ﺍﻟﻠﻌﺒﺔ ﺗﻤﻀﻲ ﻗﺪﻣًﺎ...,"Even as she did that, the game board was proceeding...","Even as she did that, the game board was proceeding...","Even as she did that, the game board was proceeding..."
,"In the hall, they had just found the bodies of the new victims, and had broken down crying...","In the hall, they had just found the corpses of the new victims and had broken down crying... "," In the hall, they had just found the corpses of the new victims, and had broken down crying...",ホールでは、発見された新しい犠牲者の遺体に、彼らが泣き崩れているところだった…。,ホールでは、発見された新しい犠牲者の遺体に、彼らが泣き崩れているところだった…。,В холле они только что обнаружили трупы новых жертв и подавленные плакали...,"No hall, eles tinham acabado de encontrar os corpos das novas vítimas e rompido em lágrimas...",在门厅发现新牺牲者遗体的他们，正哭得死去活来…。,在門廳發現新犧牲者遺體的他們，正哭得死去活來…。,"Nel vestibolo, avevano appena rinvenuto i corpi delle nuove vittime, ed erano scoppiati in lacrime...","In the hall, they had just found the bodies of the new victims, and had broken down crying...","En el pasillo, acababan de encontrar los cuerpos de las nuevas víctimas y rompieron a llorar...",ﻫﻨﺎﻙ ﻓﻲ ﻗﺎﻋﺔ ﻣﺪﺧﻞ ﺍﻟﻘﺼﺮ، ﻭﺟﺪﻭ ﺟﺜﺚ ﺍﻟﻀﺤﺎﻳﺎ ﺍﻟﺠُﺪﺩ ﻭﻋﻠﻰ ﺃﺛﺮ ﺫﻟﻚ ﺧﺮّ ﺍﻟﺠﻤﻴﻊ ﻳﺒﻜﻮﻥ...,"In the hall, they had just found the bodies of the new victims, and had broken down crying...","In the hall, they had just found the bodies of the new victims, and had broken down crying...","In the hall, they had just found the bodies of the new victims, and had broken down crying..."
Ushiromiya Battler,"""......Dad, ......Kyrie‐san... ...UooOO{0}O{0}O{0}OOoo{0}ooO{0}OOo{0}oohhhh... UOOOOooo{0}ooOO{0}OOoo{0}oohhhhh...""","""......Dad, ...Kyrie-san, ...oooooooooooooooooohhhh, ...nnngaaaaaaaaaaaahhhh..."" ","""......Dad, ......Kyrie-san..., ...oooooooooooooooooohhhh..., oooooooooooooooooooooooohhhhh...""",「……親父、……霧江さん…、…うぉおおおおぉおおぉ…、うおおおぉおおおぉぉぉ…。」,「……親父、……霧江さん…、…うぉおおおおぉおおぉ…、うおおおぉおおおぉぉぉ…」,"""......Папа...Кирие‐сан... о‐о‐о‐о‐о‐о‐о‐о‐о‐о‐о‐о‐о‐о‐о‐о‐о‐о... о‐о‐о‐о‐о‐о‐о‐о‐о‐о‐о‐о‐о‐о‐о‐о‐о‐о‐о...""","""......Pai, ......Kyrie‐san... ...UooOO{0}O{0}O{0}OOoo{0}ooO{0}OOo{0}oohhhh... UOOOOooo{0}ooOO{0}OOoo{0}oohhhhh...""",「……老爸、……雾江姐…，…呜哦哦哦哦哦哦哦哦哦…，呜哦哦哦哦哦哦哦哦哦哦……」,「……老爸、……霧江姐…，…嗚哦哦哦哦哦哦哦哦哦…，嗚哦哦哦哦哦哦哦哦哦哦……」,"""... Papà... Kyrie-san... oooooooooooooooooohhhh... oooooooooooooooooooooooohhhhh...""","""......Dad, ......Kyrie‐san... ...UooOO{0}O{0}O{0}OOoo{0}ooO{0}OOo{0}oohhhh... UOOOOooo{0}ooOO{0}OOoo{0}oohhhhh...""","""... Papá... Kyrie‐san... UooOO{0}O{0}O{0}OOoo{0}ooO{0}OOo{0}oohhhh... UOOOOooo{0}ooOO{0}OOoo{0}oohhhhh...""","""......ﺃﺑﻲ، ......ﻛﻴﺮﻳﻲ-ﺳﺎﻥ... ...ﺃﻭﻭﻭﻭﻭﻭﻭﻭﻩ... ﺁﺁﺁﺁﺁﺁﺁﺁﺁﺁﺁﺁﺁﺁﺁﺁﺁﺁﺁﺁﺁﺁﺁﺁﻩ...""","""......Dad, ......Kyrie‐san... ...UooOO{0}O{0}O{0}OOoo{0}ooO{0}OOo{0}oohhhh... UOOOOooo{0}ooOO{0}OOoo{0}oohhhhh...""","""......Dad, ......Kyrie‐san... ...UooOO{0}O{0}O{0}OOoo{0}ooO{0}OOo{0}oohhhh... UOOOOooo{0}ooOO{0}OOoo{0}oohhhhh...""","""......Dad, ......Kyrie‐san... ...UooOO{0}O{0}O{0}OOoo{0}ooO{0}OOo{0}oohhhh... UOOOOooo{0}ooOO{0}OOoo{0}oohhhhh..."""
Ushiromiya Eva,"""Oh honey, ...honeyyyy... uuu{0}u{0}u{0}u{0}u{0}u{0}u{0}huu{0}u{0}u{0}u{0}uughhhu{0}uuhu{0}uhuu...!!""","""Dear, ...deeeaar, ...whaaaaaaaaaaaaaaaaaaaaaaaahhhhh...!!"" ","""Dear, ...deeeaar..., whaaaaaaaaaaaaaaaaaaaaaaaahhhhh...!!""",「あなた、…あなたぁぁ…、うううううぅううううぅぅうぅぅぅ…！！」,「あなた、…あなたぁぁ…、うううううぅううううぅぅうぅぅぅ…！！」,"""Дорогой... дорог‐о‐о‐о‐о‐ой... у‐а‐а‐а‐а‐а‐а‐а‐а‐а‐а‐а‐а‐а‐а‐а‐а‐а!!!..""","""Querido, ...queriiiido... uuu{0}u{0}u{0}u{0}u{0}u{0}u{0}huu{0}u{0}u{0}u{0}uughhhu{0}uuhu{0}uhuu...!!""",「老公、…老公———…，呜呜呜呜呜呜呜呜呜呜呜呜呜呜呜呜…！！」,「老公、…老公———…，嗚嗚嗚嗚嗚嗚嗚嗚嗚嗚嗚嗚嗚嗚嗚嗚…！！」,"""Caro... carooo... whaaaaaaaaaaaaaaaaaaaaaaaahhhhh...!!""","""Oh honey, ...honeyyyy... uuu{0}u{0}u{0}u{0}u{0}u{0}u{0}huu{0}u{0}u{0}u{0}uughhhu{0}uuhu{0}uhuu...!!""","""¡¡Cariño... cariiiiñoooooo... uuu{0}u{0}u{0}u{0}u{0}u{0}u{0}huu{0}u{0}u{0}u{0}uughhhu{0}uuhu{0}uhuu...!!""","""ﻋﺰﻳﺰﻱ.... ﻋﺰﻳﺰﻱ.... ﺃﻭﻭﻭﻭﺁﺁﺁﺁﺁﺁﺁﺁﺁﺁﺁﺁﺁﺁﺁﺁﺁﺁﺁﺁﺁﺁﺁﺁﻩ!!""","""Oh honey, ...honeyyyy... uuu{0}u{0}u{0}u{0}u{0}u{0}u{0}huu{0}u{0}u{0}u{0}uughhhu{0}uuhu{0}uhuu...!!""","""Oh honey, ...honeyyyy... uuu{0}u{0}u{0}u{0}u{0}u{0}u{0}huu{0}u{0}u{0}u{0}uughhhu{0}uuhu{0}uhuu...!!""","""Oh honey, ...honeyyyy... uuu{0}u{0}u{0}u{0}u{0}u{0}u{0}huu{0}u{0}u{0}u{0}uughhhu{0}uuhu{0}uhuu...!!"""
Ushiromiya George,"""...Mother, ......stay strong...... ......You're not the only one who's......crushed and......sad......!""","""...Mother, ...hang in there... ...Even for me it's... ...so crushing... ...so sad...!!"" ","""...Mother, ......get a hold of yourself............I'm also, ......crushed, ......and sad......!""",「…母さん、……しっかりして……。……僕だって、……悔しい、……悲しい……！！」,「…母さん、……しっかりして……。……僕だって、……悔しい、……悲しい……！！」,"""...Мама... возьми себя в руки... я тоже... сломан... и подавлен!..""","""...Mãe, ......seja forte...... ......Você não é a única que está......de coração partido e......triste......!""",「…妈妈，……挺住……。……我也，……好不甘心，……好悲伤……！！」,「…媽媽，……挺住……。……我也，……好不甘心，……好悲傷……！！」,"""... Mamma... torna in te... anch'io sono... distrutto... e triste...!""","""...Mother, ......stay strong...... ......You're not the only one who's......crushed and......sad......!""","""... Madre... mantente fuerte... Yo también estoy... abatido... y triste...""","""...ﺃﻣﻲ ......ﺗﻤﺎﻟﻚِ ﻧﻔﺴﻚِ...... ......ﺣﺘﻰ ﺃﻧﺎ،......ﺃﺷﻌﺮ ﺑﺎﻟﻘﻬﺮ،......ﻭﺍﻟﺤﺰﻥ......!""","""...Mother, ......stay strong...... ......You're not the only one who's......crushed and......sad......!""","""...Mother, ......stay strong...... ......You're not the only one who's......crushed and......sad......!""","""...Mother, ......stay strong...... ......You're not the only one who's......crushed and......sad......!"""
Nanjo Terumasa,"""........................They probably died instantly. ...Even if we had arrived immediately after they fell, I am sure that it would have been too late...""",""".........They probably died instantly. ...I'm sure that, even if we had arrived immediately after they fell, it would have been too late..."" ","""...............They probably died instantly. ...I'm sure that, even if we had arrived immediately after they fell, it would have been too late...""",「……………………恐らく、即死だったでしょう。…例え、彼らが倒れた直後に我々がここに訪れたとしてもきっと、手遅れだったに違いありません…。」,「……………………恐らく、即死だったでしょう。…たとえ、彼らが倒れた直後に我々がここに訪れたとしてもきっと、手遅れだったに違いありません…」,"""...............Судя по всему, они умерли мгновенно. ...Я даже уверен, что явись мы в тот момент, когда они только упали, и это было бы слишком поздно...""","""........................Eles provavelmente morreram instantaneamente. ...Mesmo se tivéssemos chegado imediatamente depois que eles caíram, tenho certeza que teria sido tarde demais...""",「……………………恐怕，是即死吧。…就算我们在他们倒下后立即赶到这里，也一定为时已晚…」,「……………………恐怕，是即死吧。…就算我們在他們倒下後立即趕到這裡，也一定為時已晚…」,"""... È plausibile che siano morti all'istante. ... Sono certo che, anche se fossimo arrivati immediatamente dopo che erano stati colpiti, sarebbe stato troppo tardi...""","""........................They probably died instantly. ...Even if we had arrived immediately after they fell, I am sure that it would have been too late...""","""... Probablemente murieron al instante... Estoy seguro de que, incluso si hubiésemos llegado inmediatamente después de que fueron atacados, sería demasiado tarde...""","""........................ﻋﻠﻰ ﺍﻷﺭﺟﺢ ﺃﻥ ﻣﻮﺗﻬﻢ ﻛﺎﻥ ﻓﻮﺭﻳًﺎ. ...ﻻ ﺷﻚّ ﺃﻥ ﺍﻷﻭﺍﻥ ﻛﺎﻥ ﻟﻴﻔﻮﺕ ﺣﺘﻰ ﻟﻮ ﻭﺻﻠﻨّﺎ ﻣﺒﺎﺷﺮﺓً ﺑﻌﺪ ﺇﺻﺎﺑﺘﻬﻢ...""","""........................They probably died instantly. ...Even if we had arrived immediately after they fell, I am sure that it would have been too late...""","""........................They probably died instantly. ...Even if we had arrived immediately after they fell, I am sure that it would have been too late...""","""........................They probably died instantly. ...Even if we had arrived immediately after they fell, I am sure that it would have been too late..."""
Ushiromiya Eva,"""No, it wouldn't!! He would definitely have been alive!! His chest was stabbed with this thing...! My husband must have died in extreme pain...!!""","""No, that's wrong!! They were definitely alive!! His chest was stabbed with something like this...! My husband must have died in extreme pain...!! ","""No, that's wrong!! They were definitely alive!! His chest was stabbed with something like this...! My husband must have died in extreme pain...!! ",「いいえ、違うわッ！！　きっと生きてたわよ！！　胸にこんなものを刺されて…！　うちの人はもがき苦しみながら死んでいったに違いないのよ…！！,「いいえ、違うわッ！！　きっと生きてたわよ！！　胸にこんなものを刺されて…！　うちの人はもがき苦しみながら死んでいったに違いないのよ…！！」,"""Нет, это ошибка!!! Они точно были живы!!! Ему проткнули грудь чем‐то подобным!.. Мой муж погиб, мучаясь от ужасной боли!..""","""Não, não seria!! Ele definitivamente estaria vivo!! O peito dele foi esfaqueado com esta coisa...! Meu marido deve ter morrido com extrema dor...!!""",「不，错了！！一定还活着哟！！胸口扎进那种玩意…！我家的那位，无疑是在痛苦挣扎中死去的…！！」,「不，錯了！！一定還活著喲！！胸口扎進那種玩意…！我家的那位，無疑是在痛苦掙扎中死去的…！！」,"""No, non è così!! Senza dubbio erano vivi!! Il suo petto è stato trafitto con quest'oggetto...! Mio marito deve essere morto tra sofferenze atroci...!!","""No, it wouldn't!! He would definitely have been alive!! His chest was stabbed with this thing...! My husband must have died in extreme pain...!!""","""¡¡No, estás equivocado!! ¡¡Ellos estarían vivos!! ¡Su pecho fue apuñalado con algo como esto!... ¡¡Mi esposo debe de haber muerto con un intenso dolor!!...""","""ﻛﻼ، ﺃﻧﺖ ﻣﺨﻄﺊ!! ﻛﺎﻥ ﺑﺈﻣﻜﺎﻧﻨﺎ ﺇﻧﻘﺎﺫﻫﻢ ﺩﻭﻥ ﺷﻚ!! ﻟﻘﺪ ﺗﻢ ﻃﻌﻦ ﺻﺪﺭﻩ ﺑﻬﺬﺍ ﺍﻟﺸﻲﺀ...! ﻻ ﺑﺪّ ﻭﺃﻥ ﺯﻭﺟﻲ ﻛﺎﻥ ﻳﺘﺄﻟﻢ ﺑﺒﻂﺀ ﺣﺘﻰ ﻟﺤﻈﺔ ﻣﻮﺗﻪ...!!""","""No, it wouldn't!! He would definitely have been alive!! His chest was stabbed with this thing...! My husband must have died in extreme pain...!!""","""No, it wouldn't!! He would definitely have been alive!! His chest was stabbed with this thing...! My husband must have died in extreme pain...!!""","""No, it wouldn't!! He would definitely have been alive!! His chest was stabbed with this thing...! My husband must have died in extreme pain...!!"""
Ushiromiya Eva,"""If we had come faster, ...he would have been saved, I just know it! I just know it!! Uuuuuwa{0}aAAAaa{0}aaAA{0}AAaa{0}aa{0}aahhh...""","If we had come faster, ...surely they would've been saved! They would definitely have been saved!! Uuuuuwaaaaaaaaaaaaaaaahhh..."" ","If we had come faster, ...surely they would have been saved! They would surely have been saved!! Uuuuuwaaaaaaaaaaaaaaaahhh...""",もっと早く来ていれば、…きっと助かった！　きっと助かったのよッ！！ううううわぁああぁああぁぁぁぁ…。」,「もっと早く来ていれば、…きっと助かった！　きっと助かったのよッ！！　ううううわぁああぁああぁぁぁぁ…」,"""Если бы мы пришли раньше... они точно были бы спасены! Они обязательно бы оказались спасены!!! У‐у‐у‐у‐у‐ва‐а‐а‐а‐а‐а‐а‐а‐а‐а‐а‐а‐а‐а...""","""Se tivéssemos vindo mais rápido, ...ele teria sido salvo, eu {i:sei} que teria! Eu tenho {i:certeza} que seria!! Uuuuuwa{0}aAAAaa{0}aaAA{0}AAaa{0}aa{0}aahhh...""",「只要来得再早一点，…一定会得救的！一定会得救的哟！！呜呜呜呜哇啊啊啊啊啊啊啊啊啊啊…」,「只要來得再早一點，…一定會得救的！一定會得救的喲！！嗚嗚嗚嗚哇啊啊啊啊啊啊啊啊啊啊…」,"Se fossimo arrivati più velocemente... si sarebbero salvati di sicuro! Si sarebbero salvati di sicuro!! Uuuuuwaaaaaaaaaaaaaaaahhh...""","""If we had come faster, ...he would have been saved, I just know it! I just know it!! Uuuuuwa{0}aAAAaa{0}aaAA{0}AAaa{0}aa{0}aahhh...""","""Si hubiésemos llegado más rápido... ¡seguramente se habrían salvado! ¡¡Sin duda se habrían salvado!! Uuuuuwa{0}aAAAaa{0}aaAA{0}AAaa{0}aa{0}aahhh...""","""ﻟﻮ ﻛﻨّﺎ ﺃﺗﻴﻨﺎ ﻣﺒﻜﺮًﺍ ﻻﺳﺘﻄﻌﻨﺎ ﺇﻧﻘﺎﺫﻩ ﺑﺎﻟﺘﺄﻛﻴﺪ...!! ﻛﺎﻥ ﻣﻦ ﺍﻟﻤﻤﻜﻦ ﺇﻧﻘﺎﺫﻩ!! ﺁﺁﺁﺁﻭﻭﻭﻭﺁﺁﺁﺁﺁﺁﺁﺁﻩ...""","""If we had come faster, ...he would have been saved, I just know it! I just know it!! Uuuuuwa{0}aAAAaa{0}aaAA{0}AAaa{0}aa{0}aahhh...""","""If we had come faster, ...he would have been saved, I just know it! I just know it!! Uuuuuwa{0}aAAAaa{0}aaAA{0}AAaa{0}aa{0}aahhh...""","""If we had come faster, ...he would have been saved, I just know it! I just know it!! Uuuuuwa{0}aAAAaa{0}aaAA{0}AAaa{0}aa{0}aahhh..."""
Ushiromiya George,"""...Battler‐kun... I know it's horrible, but......you have to stay strong......""","""...It must be tough...for you too, Battler-kun, ......but stay strong..."" ","""......It must be tough..., for you too, Battler-kun, .........so stay strong......""",「……戦人くんも…、辛いだろうけど、………しっかり……。」,「…戦人くんも…、辛いだろうけど、……しっかり……」,"""......Это так тяжко... и для тебя тоже, Баттлер‐кун... крепись...""","""...Battler‐kun... Sei que é horrível, mas......você tem que ser forte......""",「……战人君也…，很伤心吧，………但是要挺住……」,「……戰人君也…，很傷心吧，………但是要挺住……」,"""... Deve essere dura... anche per te, Battler-kun... quindi fatti forza...""","""...Battler‐kun... I know it's horrible, but......you have to stay strong......""","""... Battler‐kun... sé que es horrible, pero... tienes que mantenerte fuerte......""","""...ﻻ ﺷﻚّ ﺑﺄﻥ ﻫﺬﺍ ﻗﺎﺱٍ ﻋﻠﻴﻚ ﺃﻳﻀًﺎ ﻳﺎ ﺑﺎﺗﻠﺮ-ﻛﻦ. ﻟﻜﻦ ﻋﻠﻴﻚ ﺍﻟﺘﺤﻠّﻲ ﺑﺎﻟﻘﻮﺓ...""","""...Battler‐kun... I know it's horrible, but......you have to stay strong......""","""...Battler‐kun... I know it's horrible, but......you have to stay strong......""","""...Battler‐kun... I know it's horrible, but......you have to stay strong......"""
Ushiromiya Battler,"""...............I'm fine, ...I really am, Aniki... ...Let me cry just a bit longer... ......Compared to you people, this is nothing... I should be the least sad...! So if you let me cry just a little longer, ......I'll be fine...""","""......I'm okay, ...it's okay, Aniki... Let me cry just a little bit longer... ...I've got it the best... I should be the least sad...! So if you let me cry just a little longer, ...I'll be fine..."" ","""............I'm alright, ...it's alright, Aniki... Let me cry just a little bit longer.........I've got it the best... I should be the least sad...! So if you let me cry just a little longer, ......I'll be fine...""",「……………大丈夫だよ、…大丈夫だぜ、兄貴…。…もうちょっとだけ泣かせてくれ…。……俺が一番マシなんだ…。俺が一番悲しくないはずなんだ…！　だからもうちょっとだけ泣いたら、……大丈夫だから…。」,「……………大丈夫だよ、…大丈夫だぜ、兄貴…。…もうちょっとだけ泣かせてくれ…。……俺が一番マシなんだ…。俺が一番悲しくないはずなんだ…！　だからもうちょっとだけ泣いたら、……大丈夫だから…」,"""............Я в порядке... всё нормально, Аники... Просто дай мне ещё немного поплакать... ......Мне даже получше, чем остальным... Мне даже следует печалиться меньше всех!.. Поэтому, если ты дашь мне ещё немного поплакать... я буду в порядке...""","""...............Estou bem, ...eu realmente estou, aniki... ...Só me deixe chorar mais um pouco... ......Comparado a vocês, isso não é nada... Eu devia ser o menos triste...! Então, se você me deixar chorar só mais um pouco, ......eu ficarei bem...""",「……………没事，…我没事，大哥…。…再稍微让我哭会儿…。……我最承受得住…。理应是我最不悲伤…！所以让我再稍微哭会儿，……就没事了…」,「……………沒事，…我沒事，大哥…。…再稍微讓我哭會兒…。……我最承受得住…。理應是我最不悲傷…！所以讓我再稍微哭會兒，……就沒事了…」,"""... Sto bene... va tutto bene, Aniki... lasciami piangere solo un altro po'... {n}A me è andata meglio di voi... dovrei essere quello meno triste...! Perciò se mi lasci piangere solo un altro poco... starò bene...""","""...............I'm fine, ...I really am, Aniki... ...Let me cry just a bit longer... ......Compared to you people, this is nothing... I should be the least sad...! So if you let me cry just a little longer, ......I'll be fine...""","""... Estoy bien... de verdad, Aniki... Déjame llorar tan solo un poco más... Comparado con ustedes, esto no es nada... ¡Yo debería ser el menos triste!... Por eso, si me dejas llorar solo un poco más... estaré bien...""","""....ﻻ ﺑﺄﺱ ﻳﺎ ﺃﺧﻲ، ﺃﻧﺎ ﺑﺨﻴﺮ... ...ﻓﻘﻂ ﺩﻋﻨﻲ ﺃﺑﻜﻲ ﻗﻠﻴﻼً... ......ﺃﻧﺎ ﺍﻷﻗﻞ ﻣﻌﺎﻧﺎﺓ ﺑﻴﻨﻜﻢ... ﺃﻧﺎ ﻣﻦ ﺍﻟﻤﻔﺘﺮﺽ ﺃﻥ ﻳﻜﻮﻥ ﺃﻗﻞ ﻣﻦ ﻳﺸﻌﺮ ﺑﺎﻟﺤﺰﻥ...! ﻟﺬﺍ ﺃﺗﺮﻛﻨﻲ ﺃﺑﻜﻲ ﻗﻠﻴﻼً ﻭﺳﺄﻛﻮﻥ ﻋﻠﻰ ﻣﺎ ﻳﺮﺍﻡ ﺑﻌﺪﻫﺎ...""","""...............I'm fine, ...I really am, Aniki... ...Let me cry just a bit longer... ......Compared to you people, this is nothing... I should be the least sad...! So if you let me cry just a little longer, ......I'll be fine...""","""...............I'm fine, ...I really am, Aniki... ...Let me cry just a bit longer... ......Compared to you people, this is nothing... I should be the least sad...! So if you let me cry just a little longer, ......I'll be fine...""","""...............I'm fine, ...I really am, Aniki... ...Let me cry just a bit longer... ......Compared to you people, this is nothing... I should be the least sad...! So if you let me cry just a little longer, ......I'll be fine..."""
Ushiromiya George,"""That isn't true... ......I can understand how much it must be hurting your heart to have lost both parents... ...I still have my mother. ...I've got it much better than you, Battler‐kun...""","""That isn't true... ...I can understand how much it must hurt your heart to have lost both parents... ...I still have Mother. ...That's much better than what you're going through, Battler-kun..."" ","""That isn't true.........I can understand how much it must hurt your heart to have lost both parents......I still have Mother. ...That's much better than it is for you, Battler-kun...""",「そんなことないよ…。……両親を失った心の痛みはよくわかる…。…僕には母さんがまだいる。…戦人くんよりはるかにマシだ…。」,「そんなことないよ…。……両親を失った心の痛みはよくわかる…。…僕には母さんがまだいる。…戦人くんよりはるかにマシだ…」,"""Это неправда... ......Я могу понять, как сильно потеря обоих твоих родителей терзает твоё сердце... ...У меня ещё осталась мать. ...Это гораздо лучше, чем у тебя, Баттлер‐кун...""","""Isso não é verdade... ......Eu consigo entender o quando deve estar machucando seu coração ter perdido ambos os seus pais... ...Ainda tenho minha mãe. ...Estou muito melhor que você, Battler‐kun...""",「没这种事…。……我很清楚，失去双亲的钻心之痛…。…我还有妈妈在。…比战人君要好受得多…」,「沒這種事…。……我很清楚，失去雙親的鑽心之痛…。…我還有媽媽在。…比戰人君要好受得多…」,"""Non è vero... posso capire quanto aver perso entrambi i genitori debba farti male... io ho ancora mia Madre. ... È molto più sopportabile di quanto lo sia per te, Battler-kun...""","""That isn't true... ......I can understand how much it must be hurting your heart to have lost both parents... ...I still have my mother. ...I've got it much better than you, Battler‐kun...""","""Eso no es cierto... Puedo comprender cuánto te debe doler el corazón al haber perdido ambos padres... Yo aún tengo a mi madre... Es mucho mejor que lo que te ha ocurrido a ti, Battler-kun...""","""ﻫﺬﺍ ﻟﻴﺲ ﺻﺤﻴﺤًﺎ... ......ﺃﻧﺎ ﺃﻓﻬﻢ ﻣﺪﻯ ﺍﻷﻟﻢ ﺍﻟﺬﻱ ﺃﺻﺎﺏ ﻗﻠﺒﻚ ﺑﻌﺪ ﺃﻥ ﻓﻘﺪﺕ ﻛﻼ ﺃﺑﻮﻳﻚ... ...ﻻﺯﺍﻝ ﻟﺪﻱّ ﺃﻣﻲ، ...ﺇﻧّﻲ ﻓﻲ ﻭﺿﻊ ﺃﻓﻀﻞ ﺑﻜﺜﻴﺮ ﻣﻘﺎﺭﻧﺔً ﺑﻚ ﻳﺎ ﺑﺎﺗﻠﺮ-ﻛﻦ...""","""That isn't true... ......I can understand how much it must be hurting your heart to have lost both parents... ...I still have my mother. ...I've got it much better than you, Battler‐kun...""","""That isn't true... ......I can understand how much it must be hurting your heart to have lost both parents... ...I still have my mother. ...I've got it much better than you, Battler‐kun...""","""That isn't true... ......I can understand how much it must be hurting your heart to have lost both parents... ...I still have my mother. ...I've got it much better than you, Battler‐kun..."""
Ushiromiya Battler,"""No, you haven't!! You have it the worst, George‐aniki... ......I understand, Aniki...""","""No, that's wrong!! It's got to be toughest for you, George-aniki... ...I understand, Aniki... ","""No, that's wrong!! It's got to be toughest for you, George-aniki.........I understand, Aniki... ",「いいや、違うぜッ！！　譲治の兄貴が一番辛いはずなんだ…。……わかってんだよ兄貴…。,「いいや、違うぜッ！！　譲治の兄貴が一番辛いはずなんだ…。……わかってんだよ兄貴…」,"""Нет, ты ошибаешься! Тебе тяжелей всего, Джордж‐аники... Я понимаю, Аники...""","""Não, você não está!! Você é o que mais deveria estar sofrendo, George‐aniki... ......Eu entendo, aniki...""",「不，错了！！理应是让治大哥最难受…。……我明白的，大哥…」,「不，錯了！！理應是讓治大哥最難受…。……我明白的，大哥…」,"""No, non è così!! Per te è più dura, George-aniki... io capisco, Aniki...","""No, you haven't!! You have it the worst, George‐aniki... ......I understand, Aniki...""","""¡¡No, estás equivocado!! Eres tú el que lo está pasando peor, George-aniki... Lo comprendo, Aniki...""","""ﻛﻼ، ﺃﻧﺖَ ﻣﺨﻄﺊ!! ﺑﻞ ﺣﺎﻟﺘﻚَ ﻫﻲ ﺍﻷﺳﻮﺃ ﻳﺎ ﺃﺧﻲ ﺟﻮﺭﺝ... ......ﺃﻧﺎ ﺃﻋﻠﻢ ﺫﻟﻚ ﺟﻴﺪًﺍ ﻳﺎ ﺃﺧﻲ...""","""No, you haven't!! You have it the worst, George‐aniki... ......I understand, Aniki...""","""No, you haven't!! You have it the worst, George‐aniki... ......I understand, Aniki...""","""No, you haven't!! You have it the worst, George‐aniki... ......I understand, Aniki..."""
Ushiromiya Battler,"""...Out of all of us, ...you're the most devastated, and the most in pain!! I know that...so I can't keep on snivelling like this...!! Uuu{0}u{0}u{0}u{0}uughhu{0}uugh!!""","...In this group, ...you're the saddest...and the one who has it toughest!! I understand that, ...so I can't keep on sobbing like this...!! Aaaaaaaaaaaggghhhh!!"" ","...In this group, ...you are the saddest, and the one who has it toughest!! I understand that..., so I can't keep on sobbing like this...!! Oooooooooooooooooohhh!!""",…譲治の兄貴が、…俺たちの中で一番悲しくて辛いんだッ！！　俺はそれをわかってる…、だからこれ以上、めそめそなんて泣いちゃいけねぇんだ…！！　ううううぅうううぅ！！」,「…譲治の兄貴が、…俺たちの中で一番悲しくて辛いんだッ！！　俺はそれをわかってる…、だからこれ以上、めそめそなんて泣いちゃいけねぇんだ…！！　ううううぅうううぅ！！」,"""...В нашей группе... тебе горестней всех, и это так сильно терзает тебя! Я понимаю это... поэтому я не могу сдержать из‐за этого слёз!.. О‐о‐о‐о‐о‐о‐о‐о‐о‐о‐о‐о‐о‐о‐о‐о‐о‐о!!!""","""...De todos nós, ...você é o mais devastado e mais sente dor!! Eu sei disso...Então não posso continuar choramingando assim...!! Uuu{0}u{0}u{0}u{0}uughhu{0}uugh!!""",「…让治大哥，…是我们当中最伤心最难过的人！！我明白这点…，所以，我不可以再继续稀里哗啦地哭了…！！呜呜呜呜呜呜呜呜呜！！」,「…讓治大哥，…是我們當中最傷心最難過的人！！我明白這點…，所以，我不可以再繼續稀里嘩啦地哭了…！！嗚嗚嗚嗚嗚嗚嗚嗚嗚！！」,"... In questo gruppo... tu sei il più triste, e quello che è nella situazione più difficile!! Lo capisco... per questo non posso continuare a frignare così...!! Oooooooooooooooooohhh!!""","""...Out of all of us, ...you're the most devastated, and the most in pain!! I know that...so I can't keep on snivelling like this...!! Uuu{0}u{0}u{0}u{0}uughhu{0}uugh!!""","""... De todos nosotros... ¡¡eres el más devastado y el que más sufre!! Lo comprendo... ¡¡así que no puedo seguir llorando de este modo!!... ¡¡Uuu{0}u{0}u{0}u{0}uughhu{0}uugh!!""","""...ﻣﺆﻛﺪٌ ﺃﻧّﻚ ﺍﻵﻥ ﺗﻌﺘﺼﺮ ﺣﺰﻧًﺎ ﻭﺃﻟﻤًﺎ ﺃﻛﺜﺮ ﻣﻦ ﺍﻟﺠﻤﻴﻊ...! ﻭﻷﻧﻲ ﺃﻓﻬﻢ ﻫﺬﺍ،...ﻓﺄﻧﺎ ﻻ ﺃﻣﻠﻚ ﺍﻟﺤﻖ ﻓﻲ ﺍﻟﺒﻜﺎﺀ ﺑﻬﺬﺍ ﺍﻟﺸﻜﻞ...!! ﺁﺁﺁﺁﺁﺁﺁﺁﺁﺁﺁﺁﻏﻐﻐﻪ!!""","""...Out of all of us, ...you're the most devastated, and the most in pain!! I know that...so I can't keep on snivelling like this...!! Uuu{0}u{0}u{0}u{0}uughhu{0}uugh!!""","""...Out of all of us, ...you're the most devastated, and the most in pain!! I know that...so I can't keep on snivelling like this...!! Uuu{0}u{0}u{0}u{0}uughhu{0}uugh!!""","""...Out of all of us, ...you're the most devastated, and the most in pain!! I know that...so I can't keep on snivelling like this...!! Uuu{0}u{0}u{0}u{0}uughhu{0}uugh!!"""
Ushiromiya George,"""......Why......do you say that......?""","""...Why...do you say it's toughest for me...?"" ","""......Why, ......do you say it is toughest for me......?""",「……どうして、……僕の方が辛いなんて……。」,「……どうして、……僕の方が辛いなんて……」,"""......Почему... ты утверждаешь, что мне приходится тяжелей всего?..""","""......Por que......você diz isso......?""",「……为什么，……说我更难受……」,「……為什麼，……說我更難受……」,"""... Perché... dici che per me è più difficile...?""","""......Why......do you say that......?""","""... ¿Por qué... dices eso?...""","""...ﻟﻤﺎﺫﺍ ﺗﻌﺘﻘﺪ ﺃﻧّﻲ ﺍﻷﺷﺪ ﺣﺰﻧٌﺎ ﻣﻦ ﺑﻴﻦ ﺍﻟﺠﻤﻴﻊ...؟""","""......Why......do you say that......?""","""......Why......do you say that......?""","""......Why......do you say that......?"""
Ushiromiya Battler,"""To me, Dad and Kyrie‐san......were people I'd eventually part with when I became an independent adult. Since they're parents, it's fated that they'd die before their children. ...It's just that it happened a little early...!""","""To me, Dad and Kyrie-san...were people I'd eventually split up with when I grew up and became independent. Since they're parents, it was fated that they'd die before their kids. ...It just happened a little early, that's all...!"" ","""To me, Dad and Kyrie-san, ......were people I would eventually split up with when I grew up and became independent. Since they're parents, it is fated that they would die before their children. ...It's just that it happened a little early...!",「俺にとっちゃ親父も霧江さんも、……成人して独り立ちしたら、いつかは別れる人間さ。親である以上、子どもより先に死ぬのは宿命だ。…それが少し早くなっちまっただけの話だぜ…！,「俺にとっちゃ親父も霧江さんも、……成人して独り立ちしたら、いつかは別れる人間さ。親である以上、子どもより先に死ぬのは宿命だ。…それが少し早くなっちまっただけの話だぜ…！」,"""Для меня папа и Кирие‐сан... были людьми, с которыми я бы в итоге расстался с возрастом и по обретении независимости и самостоятельности. Поскольку они родители, предопределено, что они умрут раньше своих детей. ...Но так сложилось, что это произошло немного раньше!..""","""Para mim, meu pai e a Kyrie‐san......eram pessoas com quem eu eventualmente partiria de caminho quando me tornasse um adulto independente. Como eles são pais, estava fadado que eles morreriam antes de seus filhos. ...É só que isso aconteceu um pouco cedo...!""",「对我来说，老爸也好，雾江姐也好，……都是在成人独立后，总有一天要分别的人。当父母的，命中注定，会比孩子先死。…这就仅仅是稍微早了一点而已…！」,「對我來說，老爸也好，霧江姐也好，……都是在成人獨立後，總有一天要分別的人。當父母的，命中注定，會比孩子先死。…這就僅僅是稍微早了一點而已…！」,"""Per me, Papà e Kyrie-san... erano persone da cui mi sarei separato a tempo debito, quando sarei cresciuto e diventato indipendente. Siccome sono genitori, è destino che muoiano prima dei loro figli. ... È solo che è successo un po' prima del previsto...!","""To me, Dad and Kyrie‐san......were people I'd eventually part with when I became an independent adult. Since they're parents, it's fated that they'd die before their children. ...It's just that it happened a little early...!""","""Para mí, papá y Kyrie-san... eran personas de las que acabaría separándome cuando me convirtiera en un adulto independiente. Puesto que son padres, está predestinado que mueran antes que sus hijos... ¡Es solo que sucedió un poco temprano!...""","""ﺭﺣﻴﻞ ﺃﺑﻲ ﻭﻛﻴﺮﻳﻲ-ﺳﺎﻥ ﻋﻦ ﺣﻴﺎﺗﻲ ﺃﻣﺮٌ ﻻ ﻣﻔﺮّ ﻣﻨﻪ ﻋﻨﺪﻣﺎ ﺃﻛﺒﺮ ﻭﺃﺳﺘﻘﻞ. ﻷﻥ ﻣﺼﻴﺮ ﺍﻷﺑﻮﻳﻦ ﻫﻮ ﺍﻟﻤﻮﺕ ﻗﺒﻞ ﺃﻃﻔﺎﻟﻬﻢ. ...ﻛﻞّ ﻣﺎ ﻓﻲ ﺍﻷﻣﺮ ﺃﻥ ﺫﻟﻚ ﺍﻟﻮﻗﺖ ﺣﻞّ ﺃﺑﻜﺮ ﻗﻠﻴﻼً...!""","""To me, Dad and Kyrie‐san......were people I'd eventually part with when I became an independent adult. Since they're parents, it's fated that they'd die before their children. ...It's just that it happened a little early...!""","""To me, Dad and Kyrie‐san......were people I'd eventually part with when I became an independent adult. Since they're parents, it's fated that they'd die before their children. ...It's just that it happened a little early...!""","""To me, Dad and Kyrie‐san......were people I'd eventually part with when I became an independent adult. Since they're parents, it's fated that they'd die before their children. ...It's just that it happened a little early...!"""
Ushiromiya Battler,""".........But it's not like that for you, Aniki. You didn't just lose a parent you'd part with eventually. .........You also lost someone you should have lived your whole life with, ............you lost Shannon‐chan as well...!!""","""......But it's different for you, Aniki. You didn't just lose your parents, who would've parted ways with you eventually. ...You also lost Shannon-chan, ...someone you should've spent the rest of your life with...!!"" ",".........But it's different for you, Aniki. You wouldn't have split up with your parents someday. .........You should have lived your whole lives together, .........and you've even lost Shannon-chan too, right...?!!""",………だが兄貴は違うぜ。いつか別れる親だけじゃない。………これからの人生をずっと一緒に生きていくはずの、…………紗音ちゃんまで失ったんじゃないかよ…！！」,「………だが兄貴は違うぜ。いつか別れる親だけじゃない。………これからの人生をずっと一緒に生きていくはずの、…………紗音ちゃんまで失ったんじゃないかよ…！！」,""".........Но у тебя всё по другому, Аники. Тебе не пришлось бы расставаться со своими родителями. .........Вам следовало бы всю жизнь прожить вместе... И ты ведь даже Шаннон‐чан тоже лишился, верно?!!""",""".........Mas não é assim para você, aniki. Você não só perdeu um pai com quem você eventualmente partiria de caminho. .........Você também perdeu alguém com quem você devia ter vivido sua vida toda, ............você perdeu a Shannon‐chan também...!!""",「………但是，大哥可不同。不止是总有一天要分别的父亲。………就连以后要一直在一起共度人生的，…………纱音都失去了啊…！！」,「………但是，大哥可不同。不止是總有一天要分別的父親。………就連以後要一直在一起共度人生的，…………紗音都失去了啊…！！」,"... Ma è diverso per te, Aniki. Non ti saresti separato dai tuoi genitori in futuro. ... Avreste dovuto trascorrere tutta la vita insieme... e hai perso anche Shannon-chan, non è così...?!!""",""".........But it's not like that for you, Aniki. You didn't just lose a parent you'd part with eventually. .........You also lost someone you should have lived your whole life with, ............you lost Shannon‐chan as well...!!""","""... Pero es diferente en tu caso, Aniki. No solo perdiste a un padre del que te separarías eventualmente... ¡¡sino que también perdiste a alguien con quien deberías haber vivido el resto de tu vida... también perdiste a Shannon-chan!!""","""...ﺃﻣّﺎ ﺃﻧﺖ ﻳﺎ ﺃﺧﻲ ﻓﺤﺎﻟﺘﻚَ ﻣﺨﺘﻠﻔﺔ، ﻓﺄﻧﺖ ﻟﻢ ﺗﻔﻘﺪ ﺃﺣﺪ ﺃﺑﻮﻳﻚ ﻭﺣﺴﺐ، .........ﺑﻞ ﻓﻘﺪﺕ ﺃﻳﻀًﺎ ﺍﻟﻤﺮﺃﺓ ﺍﻟﺘﻲ ﺗﻌﻬﺪﺕ ﺑﻤﺸﺎﺭﻛﺘﻬﺎ ﺣﻴﺎﺗﻚ، ............ﻟﻘﺪ ﻓﻘﺪﺕ ﺷﺎﻧﻮﻥ-ﺗﺸﺎﻥ ﺃﻳﻀًﺎ...!!""",""".........But it's not like that for you, Aniki. You didn't just lose a parent you'd part with eventually. .........You also lost someone you should have lived your whole life with, ............you lost Shannon‐chan as well...!!""",""".........But it's not like that for you, Aniki. You didn't just lose a parent you'd part with eventually. .........You also lost someone you should have lived your whole life with, ............you lost Shannon‐chan as well...!!""",""".........But it's not like that for you, Aniki. You didn't just lose a parent you'd part with eventually. .........You also lost someone you should have lived your whole life with, ............you lost Shannon‐chan as well...!!"""
Ushiromiya George,""".......................................""","""............"" ","""........................""",「…………………………………。」,「…………………………………」,"""........................""",""".......................................""",「…………………………………」,「…………………………………」,"""...""",""".......................................""","""...""",""".......................................""",""".......................................""",""".......................................""","""......................................."""
Ushiromiya Battler,"""It's not like human lives have different weights. Whether it's a baby or an old person, they're all just as precious...!""","""You can't value human lives differently. Whether it's a baby or an old person, they should all be respected the same...! ","""It's not like human lives have different weights. Whether it's a baby or an old person, they should all be respected the same...!",「人の命に重さなんかねぇさ。赤ん坊の命だって年寄りの命だって、同じくらいに尊いだろうよ…！,「人の命に重さなんかねぇさ。赤ん坊の命だって年寄りの命だって、同じくらいに尊いだろうよ…！」,"""Нет такого, что каждая человеческая жизнь имеет разный вес. Будь это ребёнок или старик, все они одинаково ценны!..""","""Não é como se as vidas humanas tivessem pesos diferentes. Seja a de um bebê ou um idoso, elas são igualmente preciosas...!""",「人命没有轻重之分。婴儿的命，老年人的命，都是同样尊贵的…！」,「人命沒有輕重之分。嬰兒的命，老年人的命，都是同樣尊貴的…！」,"""Non è che le vite umane abbiano pesi diversi. Che si tratti di un neonato o di una persona anziana, a tutti è dovuto lo stesso rispetto...!","""It's not like human lives have different weights. Whether it's a baby or an old person, they're all just as precious...!""","""No es como si las vidas humanas tengan valores distintos. ¡Ya sea un bebé o un anciano, deben ser respetados de la misma manera!...""","""ﻟﺴﺖُ ﺃﻗﺎﺭﻥ ﻗﻴﻤﺔ ﺣﻴﺎﺓٍ ﺑﺄﺧﺮﻯ. ﺳﻮﺍﺀً ﻛﺎﻥ ﻃﻔﻼً ﺭﺿﻴﻌًﺎ ﺃﻭ ﺭﺟﻼً ﻋﺠﻮﺯًﺍ، ﻳﺠﺐ ﺗﻘﺪﻳﺮ ﺣﻴﺎﺓ ﺍﻟﺠﻤﻴﻊ ﺑﻨﻔﺲ ﺍﻟﻄﺮﻳﻘﺔ...!","""It's not like human lives have different weights. Whether it's a baby or an old person, they're all just as precious...!""","""It's not like human lives have different weights. Whether it's a baby or an old person, they're all just as precious...!""","""It's not like human lives have different weights. Whether it's a baby or an old person, they're all just as precious...!"""
Ushiromiya Battler,"""......But still, the longer the life they had in front of them, ...the longer the future you'd have built together, ............the sadder their death is......!!""","...But still, the more life that person has ahead of them, ...the longer the future you're building together is, ......the sadder the fact of their death is...!!"" "," ......But still, the longer the life of a person afterwards, ...the longer the future you've built together, ............the sadder the fact of death is......!!",　……だがよ、それからの人生が長ければ長いほど。…一緒に築いてく未来が長ければ長いほど、…………その死ってのは悲しいものなんじゃねぇのかよ……！！,「……だがよ、それからの人生が長ければ長いほど。…一緒に築いてく未来が長ければ長いほど、…………その死ってのは悲しいものなんじゃねぇのかよ……！！」,"""......Но всё же, чем больше человек живёт... тем больше будущее, созданное вами... и тем печальнее факт смерти!..""","""......Mesmo assim, quanto maior a vida que tinham à frente deles, ...quanto maior o futuro que vocês teriam construído juntos, ............mais triste é sua morte......!!""",「……但是啊，其之后的人生越长。…将来要与之共筑的未来越久，…………其死时的悲伤，就越大啊……！！」,「……但是啊，其之後的人生越長。…將來要與之共築的未來越久，…………其死時的悲傷，就越大啊……！！」,"... Tuttavia, più lunga è la vita che quella persona aveva davanti... più lungo è il futuro che avevate progettato insieme... più triste è il fatto che sia morta...!!","""......But still, the longer the life they had in front of them, ...the longer the future you'd have built together, ............the sadder their death is......!!""","""... ¡¡Pero aun así, cuanto más larga era la vida que tenían por delante.. cuanto más largo sea el futuro que habrían construido juntos... más triste es su muerte!!""","""......ﻭﻟﻜﻦ، ﻛﺎﻥ ﻟﺪﻳﻜﻤﺎ ﻋﻤﺮٌ ﺃﻃﻮﻝ ﺗﻌﻴﺸﺎﻧﻪ ﻣﻌًﺎ، ...ﻛﺎﻧﺖ ﺃﻣﺎﻣﻜﻤﺎ ﺣﻴﺎﺓٌ ﻣﺪﻳﺪﺓ ﻭﻣُﺴﺘﻘﺒﻞٌ ﺗﺒﻨﻮﻧﻪ ﺳﻮﻳًﺎ. ﻻ ﺷﻚّ ﻓﻲ ﺃﻥّ ﻗﻠﺒﻚ ﻣﻔﻄﻮﺭٌ ﺃﻛﺜﺮ...!!""","""......But still, the longer the life they had in front of them, ...the longer the future you'd have built together, ............the sadder their death is......!!""","""......But still, the longer the life they had in front of them, ...the longer the future you'd have built together, ............the sadder their death is......!!""","""......But still, the longer the life they had in front of them, ...the longer the future you'd have built together, ............the sadder their death is......!!"""
Ushiromiya Battler,"""Aniki, you were engaged to Shannon‐chan, weren't you? You promised that you'd build a life and a home together in the future, didn't you?! .........Compared to how huge that future was, ...compared to how huge that happiness was, ......my pain doesn't even come close...!!""","""Aniki, you were engaged to Shannon-chan, right? You promised that you'd build a life and a home together in the future, right?! ......Compared to how huge that future was, ...compared to how huge that happiness was, ...stuff like my pain doesn't even come close...!!"" ","""Aniki, you were engaged to Shannon-chan, right? You promised that you'd build a life and a home together in the future, right?! .........Compared to how huge that future was, ...compared to how huge that happiness was, ......stuff like my pain doesn't even come close...!!",兄貴は紗音ちゃんと婚約したんだろ？　これからの人生と家庭を、一緒に築いていこうって約束したんだろ？！　………その未来のデカさが、…幸せのデカさがよ、……俺の痛みなんかとは比べ物にならねぇ…ッ！！,「兄貴は紗音ちゃんと婚約したんだろ？　これからの人生と家庭を、一緒に築いていこうって約束したんだろ？！　………その未来のデカさが、…幸せのデカさがよ、……俺の痛みなんかとは比べ物にならねぇ…ッ！！」,"""Аники, ты ведь был помолвлен с Шаннон‐чан, верно? Ты обещал, что в будущем вы создадите свою семью и дом, верно?! .........Если сравнить с тем, каким огромным будущим это было... сравнить, каким большим было это счастье... то моя боль тут и рядом не стоит!..""","""Aniki, você estava noivo da Shannon‐chan, não é? Você prometeu que construiriam uma vida e uma casa juntos no futuro, não é?! .........Comparado a quão enorme era esse futuro, ...comparado a quão enorme era essa felicidade, ......minha dor não chega nem perto...!!""",「大哥是与纱音订下婚约了吧？与她约好了，今后一起共筑人生与家庭的吧？！………这份未来的巨大分量、…幸福的巨大分量啊，……我的悲痛根本不能与之相比…！！」,「大哥是與紗音訂下婚約了吧？與她約好了，今後一起共築人生與家庭的吧？！………這份未來的巨大分量、…幸福的巨大分量啊，……我的悲痛根本不能與之相比…！！」,"""Aniki, tu eri fidanzato con Shannon-chan, vero? Avevate promesso di costruirvi una vita e una casa insieme in futuro, vero?! ... A confronto di quel futuro così vasto... a confronto di quella felicità così grande... roba come il mio dolore non si avvicina nemmeno un po' al tuo...!!","""Aniki, you were engaged to Shannon‐chan, weren't you? You promised that you'd build a life and a home together in the future, didn't you?! .........Compared to how huge that future was, ...compared to how huge that happiness was, ......my pain doesn't even come close...!!""","""Aniki, estabas comprometido con Shannon-chan, ¿verdad? ¡Prometiste que construirían una vida y hogar juntos en el futuro, ¿no es así?!... Comparado con lo inmenso de ese futuro... comparado con lo enormemente feliz que hubieras sido... ¡¡cosas como mi dolor son incomparables!!""","""ﺃﻟﻢ ﺗﺨﻄﺐ ﺷﺎﻧﻮﻥ-ﺗﺸﺎﻥ ﻳﺎ ﺃﺧﻲ؟ ﺃﻟﻢ ﺗﻌﺪﺍ ﺑﻌﻀﻜﻤﺎ ﺑﺒﻨﺎﺀ ﺣﻴﺎﺓٍ ﻭﺃﺳﺮﺓٍ ﻣﻌًﺎ ﻓﻲ ﺍﻟﻤﺴﺘﻘﺒﻞ؟ .........ﺑﺎﻟﺤﻜﻢ ﻋﻠﻰ ﺣﺠﻢ ﻫﺬﺍ ﺍﻟﻤﺴﺘﻘﺒﻞ ﻭﺗﻠﻚ ﺍﻟﺴﻌﺎﺩﺓ ......ﻓﺈﻥ ﺃﻟﻤﻲ ﻻ ﻳُﻘﺎﺭﻥ ﺑﻚ...!!""","""Aniki, you were engaged to Shannon‐chan, weren't you? You promised that you'd build a life and a home together in the future, didn't you?! .........Compared to how huge that future was, ...compared to how huge that happiness was, ......my pain doesn't even come close...!!""","""Aniki, you were engaged to Shannon‐chan, weren't you? You promised that you'd build a life and a home together in the future, didn't you?! .........Compared to how huge that future was, ...compared to how huge that happiness was, ......my pain doesn't even come close...!!""","""Aniki, you were engaged to Shannon‐chan, weren't you? You promised that you'd build a life and a home together in the future, didn't you?! .........Compared to how huge that future was, ...compared to how huge that happiness was, ......my pain doesn't even come close...!!"""
Ushiromiya Battler,""".........No one would blame you for crying so, so much more...!! And yet, ...just because you're like a big brother to us cousins, .........you force yourself to act like everything's all OK......!!""","""......So you should be allowed to cry much, much more, Aniki...!! And yet, ...just because you act like a big brother to us cousins, ......you force yourself to act like you're so calm...!"" ",".........So you should be forgiven for crying much, much more, Aniki...!! And yet, ...just because you act like a big brother for us cousins, .........you forcibly act like you're composed......!""",………だから兄貴はもっともっと泣いても許されるはずなんだ…！！　なのに、…俺たちいとこの兄貴格だからって、………無理に冷静を装って……！！」,「………だから兄貴はもっともっと泣いても許されるはずなんだ…！！　なのに、…俺たちいとこの兄貴格だからって、………無理に冷静を装って……！！」,""".........Поэтому тебе простительно плакать, плакать сильнее, Аники!.. И всё же... лишь поскольку ты следуешь роли старшего брата перед нами, кузенами... тебе приходится держаться собранным!......""",""".........Ninguém o culparia por chorar muito, muito mais...!! Ainda assim, ...só porque você é como um irmão mais velho para nós, os primos, .........você se força a agir como se estivesse tudo bem......!!""",「………所以，大哥你可以再多哭一些…！！可尽管如此，…你却因为身为我们堂兄妹的老大，………而在强装冷静……！！」,「………所以，大哥你可以再多哭一些…！！可儘管如此，…你卻因為身為我們堂兄妹的老大，………而在強裝冷靜……！！」,"... Perciò non ci sarebbe da rimproverarti se tu piangessi molto, molto di più, Aniki...!! Eppure... solo perché per noi cugini sei come un fratello maggiore... ti obblighi a comportarti con compostezza...!""",""".........No one would blame you for crying so, so much more...!! And yet, ...just because you're like a big brother to us cousins, .........you force yourself to act like everything's all OK......!!""","""... ¡¡Nadie te culparía por llorar tanto!!... Y aun así... solo porque eres como un hermano mayor para nosotros los primos... ¡¡te fuerzas a actuar como si estuvieras sereno!!...""",""".........ﻭﻟﻬﺬﺍ، ﻣﻦ ﺍﻟﻤﻔﺘﺮﺽ ﺃﻥ ﻳُﺴﻤﺢ ﻟﻚ ﺑﺎﻟﺒﻜﺎﺀ ﺃﻛﺜﺮ ﺑﻜﺜﻴﺮ ﻳﺎ ﺃﺧﻲ...!! ﻭﻟﻜﻦ، ﻓﻘﻂ ﻷﻧﻚ ﺍﻷﺥ ﺍﻷﻛﺒﺮ ﺑﻴﻨﻨﺎ ﻧﺤﻦ ﺃﺑﻨﺎﺀ ﺍﻟﻌﻤﻮﻣﺔ، .........ﺗﺤﺎﻭﻝ ﺃﻥ ﺗﺒﺪﻭ ﻫﺎﺩﺋًﺎ ﺑﺎﻟﻘﻮﺓ......!!""",""".........No one would blame you for crying so, so much more...!! And yet, ...just because you're like a big brother to us cousins, .........you force yourself to act like everything's all OK......!!""",""".........No one would blame you for crying so, so much more...!! And yet, ...just because you're like a big brother to us cousins, .........you force yourself to act like everything's all OK......!!""",""".........No one would blame you for crying so, so much more...!! And yet, ...just because you're like a big brother to us cousins, .........you force yourself to act like everything's all OK......!!"""
Ushiromiya George,"""..................Stop it, ...Battler‐kun.""","""......Stop it, ...Battler-kun."" ","""............Stop it, ...Battler-kun.""",「………………やめてよ、…戦人くん。」,「………………やめてよ、…戦人くん」,"""............Хватит уже... Баттлер‐кун.""","""..................Pare com isso, ...Battler‐kun.""",「………………别说了，…战人君。」,「………………別說了，…戰人君。」,"""... Smettila... Battler-kun.""","""..................Stop it, ...Battler‐kun.""","""... Detente... Battler‐kun.""","""...ﻳﻜﻔﻲ ﻳﺎ ﺑﺎﺗﻠﺮ-ﻛﻦ.""","""..................Stop it, ...Battler‐kun.""","""..................Stop it, ...Battler‐kun.""","""..................Stop it, ...Battler‐kun."""
,George was trying to make a calm smile.,George was trying to make a calm smile. ,"George was trying to make a calm smile.",譲治は落ち着いた笑顔を浮かべているつもりだった。,譲治は落ち着いた笑顔を浮かべているつもりだった。,Джордж попытался спокойно улыбнуться.,"George estava tentando sorrir com serenidade,",让治本想露出平静的笑容。,讓治本想露出平靜的笑容。,George stava cercando di sorridere serenamente.,George was trying to make a calm smile.,George estaba intentando hacer una sonrisa calmada.,ﺣﺎﻭﻝ ﺟﻮﺭﺝ ﺃﻥ ﻳﺒﺘﺴﻢ ﺍﺑﺘﺴﺎﻣﺔ ﻫﺎﺩﺋﺔ.,George was trying to make a calm smile.,George was trying to make a calm smile.,George was trying to make a calm smile.
,"......But.........he couldn't, any longer, stop a single hot tear from leaving a streak down his face.","...But already, ......he couldn't stop a single hot tear from leaving a streak down his face. ","......But already, .........he couldn't stop a single hot tear from leaving a streak down his face.",……しかし、もう、………熱い雫が一筋、尾を引くのを止められなくて。,……しかし、もう、………熱い雫が一筋、尾を引くのを止められなくて。,"......Но... он уже не в силах был остановить горькие слёзы, оставлявшие следы на его лице.",......mas.........não conseguia mais parar uma única lágrima quente de deixar uma linha em seu rosto.,……可是，他已无法止住，………那一行拖长了尾巴的热泪。,……可是，他已無法止住，………那一行拖長了尾巴的熱淚。,... Ma già a quel punto... non poté evitare che una singola lacrima calda lasciasse la sua scia lungo la sua guancia.,"......But.........he couldn't, any longer, stop a single hot tear from leaving a streak down his face.",... Pero... ya no pudo evitar que una sola lágrima caliente dejara un reguero en su rostro.,......ﻟﻜﻨّﻪ ﻟﻢ ﻳﺴﺘﻄﻊ ﺇﻳﻘﺎﻑ ﺗﻠﻚ ﺍﻟﺪﻣﻌﺔ ﺍﻟﻤﺮﻳﺮﺓ ﺍﻟﺘﻲ ﺳﺎﻟﺖ ﻋﻠﻰ ﺧﺪﻩ.,"......But.........he couldn't, any longer, stop a single hot tear from leaving a streak down his face.","......But.........he couldn't, any longer, stop a single hot tear from leaving a streak down his face.","......But.........he couldn't, any longer, stop a single hot tear from leaving a streak down his face."
Ushiromiya George,"""......How could I possibly.........not be sad...? .........I think of Shannon, and all the futures we imagined together. We talked of so many dreams, the hundred years of our human lives would never have been enough to make them all come true.""","""...There's no way I wouldn't... ...be sad, right...? ......Together with Shannon, I painted a picture of many futures in my mind. We talked of dreams that couldn't all come true even if we lived a hundred years. ","""......There's no way I wouldn't, .........be sad, right...? .........Together with Shannon, I painted a picture of many futures in my mind. We talked of dreams that couldn't all come true even in a thousand lifetimes.",「……悲しくないわけが、………ないじゃないか…。………僕は紗音と一緒に、たくさんの未来を思い描き合ったさ。きっと百年の人生では叶え切れないくらいの夢を語り合ったさ。,「……悲しくないわけが、………ないじゃないか…。………僕は紗音と一緒に、たくさんの未来を思い描き合ったさ。きっと百年の人生では叶え切れないくらいの夢を語り合ったさ」,"""......Да как же мне... не грустить, верно?.. .........Я рисовал столько картин будущего вместе с Шаннон. Мы говорили о мечтах, которым не суждено было исполниться даже за тысячу жизней.""","""......Como eu poderia.........não estar triste...? .........Eu penso na Shannon, e todos os futuros que imaginamos juntos. Falamos de tantos sonhos, nem cem anos de nossas vidas humanas teriam sido o suficiente para transformar todos eles em realidade.""",「……才不可能，………不难过啊…。………我与纱音，一起共同遐想了许多未来。我们一定是谈好了，在百年人生里都无法全部实现的梦想。」,「……才不可能，………不難過啊…。………我與紗音，一起共同遐想了許多未來。我們一定是談好了，在百年人生裡都無法全部實現的夢想。」,"""... Non potrei... non essere triste, vero...? ... Assieme a Shannon, avevo dipinto nella mia mente tanti futuri diversi. Parlavamo di sogni che non si sarebbero potuti realizzare tutti nemmeno nell'arco di mille vite.","""......How could I possibly.........not be sad...? .........I think of Shannon, and all the futures we imagined together. We talked of so many dreams, the hundred years of our human lives would never have been enough to make them all come true.""","""... ¿Cómo podría... no estar triste?... Pienso en Shannon, y en el futuro que imaginamos juntos. Hablamos sobre los sueños que no podrían hacerse realidad, incluso en un millar de vidas.""","""......ﻳﺴﺘﺤﻴﻞ ﻋﻠﻲّ.........ﺇﺧﻔﺎﺀ ﺣﺰﻧﻲ. .........ﻛﻞ ﻣﺎ ﺃﻓﻜﺮ ﺑﻪ ﻫﻮ ﺷﺎﻧﻮﻥ ﻭﺍﻟﻤﺴﺘﻘﺒﻞ ﺍﻟﺬﻱ ﺗﺨﻴﻠﻨﺎﻩ ﻣﻌًﺎ. ﻟﻘﺪ ﺗﺤﺪﺛﻨﺎ ﻋﻦ ﺍﻟﻌﺪﻳﺪ ﻣﻦ ﺍﻷﺣﻼﻡ، ﻟﻢ ﺗﻜﻦ ﻣﺎﺋﺔ ﺳﻨﺔ ﻣﻦ ﺣﻴﺎﺗﻨﺎ ﻛﺎﻓﻴﺔ ﺃﺑﺪًﺍ ﻟﺘﺤﻘﻴﻘﻬﺎ.""","""......How could I possibly.........not be sad...? .........I think of Shannon, and all the futures we imagined together. We talked of so many dreams, the hundred years of our human lives would never have been enough to make them all come true.""","""......How could I possibly.........not be sad...? .........I think of Shannon, and all the futures we imagined together. We talked of so many dreams, the hundred years of our human lives would never have been enough to make them all come true.""","""......How could I possibly.........not be sad...? .........I think of Shannon, and all the futures we imagined together. We talked of so many dreams, the hundred years of our human lives would never have been enough to make them all come true."""
Ushiromiya George,"""......Of those dreams, not even the very first one, ............having her move into my family register... We couldn't even have that.........so how could I possibly............not be sad.........?""","...Of those dreams, even the very first one, ......having her move into my family register, could not be granted, ......so there's no way I wouldn't... ...be sad, right......?"" "," ......Of those dreams, even the very first one, ............having her move into my family register, could not be granted, .........so there's no way I wouldn't, ............be sad, right.........?""",……その夢の、一番最初の、…………籍を入れることさえ叶えられなくて、………悲しくないわけが、…………ないじゃないか………。」,「……その夢の、一番最初の、…………籍を入れることさえ叶えられなくて、………悲しくないわけが、…………ないじゃないか………」,"""......Из тех мечтаний... даже самое первое... внести её в мой семейный регистр, не смогло исполниться... так что как же мне... не грустить, верно?..""","""......Desses sonhos, nem mesmo o primeiro, ............fazê‐la mudar para meu registro familiar... Não conseguimos fazer nem isso.........então como eu poderia............não estar triste.........?""",「……这个梦，连最初的第一步，…………入籍都没能实现，………才不可能，…………不难过呢………」,「……這個夢，連最初的第一步，…………入籍都沒能實現，………才不可能，…………不難過呢………」,"... Di quei sogni, nemmeno il primo... inserirla nel registro della mia famiglia, si è potuto realizzare... perciò non potrei... non essere triste, vero...?""","""......Of those dreams, not even the very first one, ............having her move into my family register... We couldn't even have that.........so how could I possibly............not be sad.........?""","""... De aquellos sueños, ni siquiera el primero... tenerla en mi registro familiar... Ni siquiera pudimos hacer eso... así que, ¿cómo podría... no estar triste?...""","""...ﻣﻦ ﺑﻴﻦ ﺗﻠﻚ ﺍﻷﺣﻼﻡ، ﺣﺘﻰ ﺯﻭﺍﺟﻨﺎ، ............ﻭﺍﻧﺘﻘﺎﻝ ﺍﺳﻤﻬﺎ ﻟﺴﺠﻞ ﻋﺎﺋﻠﺘﻲ...ﻟﻢ ﻧﺘﻤﻜﻦ ﻣﻦ ﺗﺤﻘﻴﻘﻪ.......ﻟﺬﺍ ﻛﻴﻒ ﻻ ﺃﻛﻮﻥ............ﺣﺰﻳﻨًﺎ.........?""","""......Of those dreams, not even the very first one, ............having her move into my family register... We couldn't even have that.........so how could I possibly............not be sad.........?""","""......Of those dreams, not even the very first one, ............having her move into my family register... We couldn't even have that.........so how could I possibly............not be sad.........?""","""......Of those dreams, not even the very first one, ............having her move into my family register... We couldn't even have that.........so how could I possibly............not be sad.........?"""
Ushiromiya Battler,"""Compared to that, I, ......I...!! Like I said, I have no right to cry any more! When even you're holding back, Aniki, what right do I have to shed any more tears?!""","""Compared to that, I...I...!! Like I said, I have no right to cry any more! When even you're struggling to hold it in, I have no right to shed any more tears!!"" ","""Compared to that, I, ......I...!! Like I said, I have no right to cry any more! When even you're holding back, Aniki, I have no right to shed any more tears!!""",「それに比べたら俺なんか、……俺なんか…ッ！！　だから俺にはこれ以上、泣く資格なんかねぇんだ！　兄貴だって堪えてるのに、俺にこれ以上の涙を流す資格なんてッ！！」,「それに比べたら俺なんか、……俺なんか…ッ！！　だから俺にはこれ以上、泣く資格なんかねぇんだ！　兄貴だって堪えてるのに、俺にこれ以上の涙を流す資格なんてッ！！」,"""По сравнению с этим, я... я!.. Я уже говорил, я больше не имею права плакать! Когда ты сдерживаешь себя, Аники, я не имею права проливать слёзы!!!""","""Comparado a isso, eu, ......eu...!! Como eu disse, não tenho mais o direito de chorar! Quando até você está se segurando, aniki, não tenho o direito de derramar mais nenhuma lágrima!!""",「与此相比，我、……我又算得了什么…？！所以，我没有再继续哭的资格！大哥都在忍，我又有什么资格再流下眼泪！！」,「與此相比，我、……我又算得了什麼…？！所以，我沒有再繼續哭的資格！大哥都在忍，我又有什麼資格再流下眼淚！！」,"""Davanti a tutto ciò, io... io...!! Come ho detto, non ho il diritto di piangere più di quanto abbia già fatto! Quando persino tu ti stai trattenendo, Aniki, non ho diritto di versare altre lacrime!!""","""Compared to that, I, ......I...!! Like I said, I have no right to cry any more! When even you're holding back, Aniki, what right do I have to shed any more tears?!""","""¡¡Comparado con eso, yo... yo!!... Como dije, ¡no tengo razón para llorar más! ¡¡Cuando incluso tú te estás conteniendo, Aniki, no tengo razón para derramar más lágrimas!!""","""ﺇﺫًﺍ ﻣﻘﺎﺭﻧﺔ ﺑﻚ، ﺃﻧﺎ... ﺃﻧﺎ...!! ﻛﻤّﺎ ﻗﻠﺖ، ﻻ ﺃﻣﻠﻚ ﺍﻟﺤﻖ ﻓﻲ ﺍﻟﺒﻜﺎﺀ ﺃﻛﺜﺮ ﻣﻦ ﺫﻟﻚ! ﺣﺘﻰ ﺃﻧﺖ، ﻳﺎ ﺃﺧﻲ، ﺗﻜﺘﻢ ﺣﺰﻧﻚ، ﻓﻜﻴﻒ ﺃﻣﻠﻚ ﺍﻟﺤﻖ ﻓﻲ ﺇﺳﺎﻟﺔ ﺍﻟﻤﺰﻳﺪ ﻣﻦ ﺍﻟﺪﻣﻮﻉ؟!""","""Compared to that, I, ......I...!! Like I said, I have no right to cry any more! When even you're holding back, Aniki, what right do I have to shed any more tears?!""","""Compared to that, I, ......I...!! Like I said, I have no right to cry any more! When even you're holding back, Aniki, what right do I have to shed any more tears?!""","""Compared to that, I, ......I...!! Like I said, I have no right to cry any more! When even you're holding back, Aniki, what right do I have to shed any more tears?!"""
Ushiromiya George,"""......We're the same. ...Both of us feel the exact same sadness from losing the ones we love. .........So there's nothing saying you don't have the right to cry compared to me.""","""...We're the same. ...We both feel the same sadness from losing those close to us. ......So there's no rule that says you can't shed any more tears than me, Battler-kun."" ","""......We're the same. ...We both feel the same sadness from losing those close to us. .........so there's no rule that you can't shed any more tears than me, Battler-kun.",「……同じだよ。…親しい人を失えば悲しいのは僕も戦人くんも同じだよ。………だから戦人くんが僕より涙を流してはいけないなんてルールはない。,「……同じだよ。…親しい人を失えば悲しいのは僕も戦人くんも同じだよ。………だから戦人くんが僕より涙を流してはいけないなんてルールはない」,"""......С тобой то же самое. ...Мы оба чувствуем боль от потери близких нам людей. Поэтому нет такого правила, что тебе нельзя плакать больше меня, Баттлер‐кун.""","""......Somos iguais. ...Ambos sentimos a exata mesma tristeza de perder aqueles que amamos. .........Por isso, não há nada dizendo que você não tem o direito de chorar comparado a mim.""",「……一样的。…失去亲近之人的悲伤，我也好，战人也好，都是一样的。………所以，才没有什么战人君不可以比我流下更多眼泪的规矩。」,「……一樣的。…失去親近之人的悲傷，我也好，戰人也好，都是一樣的。………所以，才沒有什麼戰人君不可以比我流下更多眼淚的規矩。」,"""... Siamo uguali. ... Entrambi sentiamo la stessa tristezza per aver perso chi ci era caro. ... Perciò non c'è alcuna regola che dica che tu non possa versare più lacrime di me, Battler-kun.","""......We're the same. ...Both of us feel the exact same sadness from losing the ones we love. .........So there's nothing saying you don't have the right to cry compared to me.""","""... Nosotros estamos igual... Ambos sentimos la misma tristeza de la pérdida de personas cercanas a nosotros... Por lo que no hay ninguna regla que te impida derramar más lágrimas que yo, Battler-kun.""","""......ﻻ ﺍﺧﺘﻼﻑ ﺑﻴﻨﻨﺎ. ...ﻛﻼﻧﺎ ﻧﺸﻌﺮ ﺑﻨﻔﺲ ﺍﻟﺤﺰﻥ ﻟﻔﻘﺪﺍﻥ ﺃﻧﺎﺱٍ ﻧﺤﺒﻬﻢ. .........ﻟﺬﺍ ﻻ ﺗﻮﺟﺪ ﻗﺎﻋﺪﺓ ﺗﻘﻮﻝ ﺇﻧﻚ ﻻ ﻳﺤﻖ ﻟﻚ ﺃﻥ ﺗﺒﻜﻲ ﺃﻛﺜﺮ ﻣﻨﻲ.""","""......We're the same. ...Both of us feel the exact same sadness from losing the ones we love. .........So there's nothing saying you don't have the right to cry compared to me.""","""......We're the same. ...Both of us feel the exact same sadness from losing the ones we love. .........So there's nothing saying you don't have the right to cry compared to me.""","""......We're the same. ...Both of us feel the exact same sadness from losing the ones we love. .........So there's nothing saying you don't have the right to cry compared to me."""
Ushiromiya George,""".........And......there's nothing saying...I have to hold back {i:my} tears...any longer either.""","""......And, ...for me too, ...there's no rule...that says I have to hold back my tears any longer, is there?"" ",".........And, ......for me too, ...there's no rule, ...that says I have to hold back my tears any longer.""",………そして。……僕だって、…もうこれ以上、涙を堪えなければならないなんてルールも、…ないんだもんね。」,「………そして。……僕だって、…もうこれ以上、涙を堪えなければならないなんてルールも、…ないんだもんね」,""".........И... для меня тоже... нет такого правила... которое гласит... что я больше других должен сдерживать {i:свои} слёзы.""",""".........E......não há nada dizendo...que tenho que segurar as {i:minhas} lágrimas...por mais tempo também.""",「………另外。……对我来说也是，…不存在什么必须继续忍住不流泪，…的规矩吧。」,「………另外。……對我來說也是，…不存在什麼必須繼續忍住不流淚，…的規矩吧。」,"... E... anche per me... non c'è regola... che dica che debba trattenere oltre le mie lacrime.""",""".........And......there's nothing saying...I have to hold back {i:my} tears...any longer either.""","""... Y... para mí también... no hay regla... que diga que tengo que contener las lágrimas durante más tiempo.""",""".........ﻭﺃﻧﺎ ﺃﻳﻀًﺎ،......ﻻ ﺗﻮﺟﺪ ﻗﺎﻋﺪﺓ ﺗﻘﻮﻝ ﺇﻧﻨﻲ ﻳﺠﺐ ﺃﻥ ﺃﺗﺤﻤﻞ ﺩﻣﻮﻋﻲ ﺃﻛﺜﺮ ﻣﻦ ﻫﺬﺍ.""",""".........And......there's nothing saying...I have to hold back {i:my} tears...any longer either.""",""".........And......there's nothing saying...I have to hold back {i:my} tears...any longer either.""",""".........And......there's nothing saying...I have to hold back {i:my} tears...any longer either."""
Ushiromiya Battler,"""...Aniki, ......Anikii...!!! UOO{0}Oo{0}o{0}ooHhh{0}hhO{0}OoOhh{0}hgghhh!!""","""...Aniki, ...Anikii...!!! Aaaaaaaaahhhhhh!!"" ","""...Aniki, ......Anikii...!!! Ooooooooooooooooooooohhhh!!""",「…兄貴、……兄貴ぃ…！！！　うおおおおおぉおおおおおぉおぉ！！」,「…兄貴、……兄貴ぃ…！！！　うおおおおおぉおおおおおぉおぉ！！」,"""...Аники... Аники‐и!!!.. О‐о‐о‐о‐о‐о‐о‐о‐о‐о‐о‐о‐о‐о‐о‐о‐о‐о‐о!!!""","""...Aniki, ......anikii...!!! UOO{0}Oo{0}o{0}ooHhh{0}hhO{0}OoOhh{0}hgghhh!!""",「…大哥、……大哥——…！！！呜哦哦哦哦哦哦哦哦哦哦哦哦哦哦！！」,「…大哥、……大哥——…！！！嗚哦哦哦哦哦哦哦哦哦哦哦哦哦哦！！」,"""... Aniki... Anikii...!!! Ooooooooooooooooooooohhhh!!""","""...Aniki, ......Anikii...!!! UOO{0}Oo{0}o{0}ooHhh{0}hhO{0}OoOhh{0}hgghhh!!""","""... Aniki... ¡¡¡Anikii!!!... ¡¡UOO{0}Oo{0}o{0}ooHhh{0}hhO{0}OoOhh{0}hgghhh!!""","""...ﺃﺧﻲ،  ......ﺃﺧﻲ....!!! ﺃﻭﻭﻭﻭﻭﻫﻮﻭﻭﻭﻭﻏﻐﻪ!!""","""...Aniki, ......Anikii...!!! UOO{0}Oo{0}o{0}ooHhh{0}hhO{0}OoOhh{0}hgghhh!!""","""...Aniki, ......Anikii...!!! UOO{0}Oo{0}o{0}ooHhh{0}hhO{0}OoOhh{0}hgghhh!!""","""...Aniki, ......Anikii...!!! UOO{0}Oo{0}o{0}ooHhh{0}hhO{0}OoOhh{0}hgghhh!!"""
Ushiromiya George,"""Shannon and I always talked about our future together...and now she's dead. And my dad, he's dead too. .........It hurts, ......it really hurts... ......uuu{0}uuhuu{0}huu{0}huu{0}u{0}u{0}u{0}uugh{0}hh{0}uuughh!!""","""Shannon, the one who shared my dreams for the future, is dead. Father's dead too. ......It's so sad, ...so sad... ...Aaaaaaaaaaaaaaaaaaahhhhhh!!"" ","""Shannon, with whom I talked of the future, died. Father is dead too. .........How sad, ......how sad.........Oooooooooooohhhhhhh!!""",「未来を語りあった紗音が死んだ。父さんも死んだ。………悲しいなぁ、……悲しいなぁ…。……ううううぅうううううううぅううう！！」,「未来を語りあった紗音が死んだ。父さんも死んだ。………悲しいなぁ、……悲しいなぁ…。……ううううぅうううううううぅううう！！」,"""Шаннон, с которой мы говорили о будущем, мертва. Отец тоже мёртв. .........Как горько... как горько...О‐о‐о‐о‐о‐о‐о‐о‐о‐о‐о‐о!!!""","""A Shannon e eu sempre falávamos sobre nosso futuro juntos...e agora ela está morta. E meu pai... está morto também. .........Isso dói, ......isso realmente dói... ......uuu{0}uuhuu{0}huu{0}huu{0}u{0}u{0}u{0}uugh{0}hh{0}uuughh!!""",「一同畅谈未来的纱音死了。爸爸也死了。………好伤心啊，……好伤心啊…。……呜呜呜呜呜呜呜呜呜呜呜呜呜呜呜呜！！」,「一同暢談未來的紗音死了。爸爸也死了。………好傷心啊，……好傷心啊…。……嗚嗚嗚嗚嗚嗚嗚嗚嗚嗚嗚嗚嗚嗚嗚嗚！！」,"""Shannon, con cui parlavo del futuro, è morta. Anche Papà è morto. ... Che tragedia... che tragedia... oooooooooooohhhhhhh!!""","""Shannon and I always talked about our future together...and now she's dead. And my dad, he's dead too. .........It hurts, ......it really hurts... ......uuu{0}uuhuu{0}huu{0}huu{0}u{0}u{0}u{0}uugh{0}hh{0}uuughh!!""","""Shannon y yo siempre hablamos de nuestro futuro juntos... y ahora está muerta. Y mi padre, también está muerto... ¡¡Qué triste... Qué triste... uuu{0}uuhuu{0}huu{0}huu{0}u{0}u{0}u{0}uugh{0}hh{0}uuughh!!""","""ﺃﺭﺩﺕُ ﺃﻧﺎ ﻭﺷﺎﻧﻮﻥ ﺃﻥ ﻧﺴﻴﺮ ﻧﺤﻮ ﺍﻟﻤﺴﺘﻘﺒﻞ ﺳﻮﻳﺔً... ﻟﻜﻨّﻬﺎ ﻣﻴﺘﺔٌ ﺍﻵﻥ. ﻭﺃﺑﻲ ﻣﻴﺖٌ ﺃﻳﻀًﺎ. .........ﻫﺬﺍ ﻳﻌﺘﺼﺮﻧﻲ..... ﻳﺎ ﻟﻠﺤﺰﻥ... ......ﺁﺁﺁﺁﺁﺁﺁﺁﺁﺁﺁﺁﺁﺁﺁﺁﺁﻏﻐﻪ!!""","""Shannon and I always talked about our future together...and now she's dead. And my dad, he's dead too. .........It hurts, ......it really hurts... ......uuu{0}uuhuu{0}huu{0}huu{0}u{0}u{0}u{0}uugh{0}hh{0}uuughh!!""","""Shannon and I always talked about our future together...and now she's dead. And my dad, he's dead too. .........It hurts, ......it really hurts... ......uuu{0}uuhuu{0}huu{0}huu{0}u{0}u{0}u{0}uugh{0}hh{0}uuughh!!""","""Shannon and I always talked about our future together...and now she's dead. And my dad, he's dead too. .........It hurts, ......it really hurts... ......uuu{0}uuhuu{0}huu{0}huu{0}u{0}u{0}u{0}uugh{0}hh{0}uuughh!!"""
,"As Battler and George tightly hugged each other, they cried a waterfall of tears over each other's shoulders for those people important to them...","As Battler and George hugged each other tightly, they cried a waterfall of tears over each other's shoulders for the people who had been so precious to them... ","As Battler and George tightly hugged each other, they cried a waterfall of tears over each other's shoulders for those people important to them...",戦人と譲治は固く抱き合いながら、互いの肩越しに、それぞれの大切な人への涙を滝のように零した…。,戦人と譲治は固く抱き合いながら、互いの肩越しに、それぞれの大切な人への涙を滝のように零した…。,"Баттлер и Джордж крепко обняли друг друга за плечи, проливая водопад слёз по тем людям, которые были им дороги...","Enquanto Battler e George se abraçavam fortemente, eles derramaram uma cachoeira de lágrimas sobre os ombros um do outro por aquelas pessoas importantes para eles...",战人与让治紧紧抱在一起，扑在对方肩上，为彼此的重要之人，洒下瀑布般的泪水…。,戰人與讓治緊緊抱在一起，撲在對方肩上，為彼此的重要之人，灑下瀑布般的淚水…。,"Mentre si abbracciavano forte, Battler e George versarono l'uno sulle spalle dell'altro un mare di lacrime per quelle persone a loro care...","As Battler and George tightly hugged each other, they cried a waterfall of tears over each other's shoulders for those people important to them...","Battler y George se abrazaron fuertemente, y lloraron una cascada de lágrimas sobre el hombro del otro por aquellas personas importantes para ellos...",ﻋﺎﻧﻖ ﺑﺎﺗﻠﺮ ﻭﺟﻮﺭﺝ ﺑﻌﻀﻬﻤﺎ ﺑﻘﻮﺓ، ﻭﺗﺮﻛﺎ ﺷﻼﻝ ﺍﻟﺪﻣﻮﻉ ﻳﻨﻬﻤﺮّ ﻋﻠﻰ ﺃﻛﺘﺎﻑ ﺑﻌﻀﻬﻢ ﺍﻟﺒﻌﺾ ﺣُﺰﻧًﺎ ﻋﻠﻰ ﻓﻘﺪﺍﻥ ﺃﺣﺒﺎﺋﻬﻢ...,"As Battler and George tightly hugged each other, they cried a waterfall of tears over each other's shoulders for those people important to them...","As Battler and George tightly hugged each other, they cried a waterfall of tears over each other's shoulders for those people important to them...","As Battler and George tightly hugged each other, they cried a waterfall of tears over each other's shoulders for those people important to them..."
Ushiromiya Battler,"""............Do you understand why I said that George‐aniki is the most in pain...?""","""......Do you understand why I said that George-aniki has it the toughest...?"" ","""............Do you understand why I'm saying that George-aniki has it the toughest...?""",「…………どうして俺が、譲治の兄貴が一番辛いって言ったか、わかるか…？」,「…………どうして俺が、譲治の兄貴が一番辛いって言ったか、わかるか…？」,"""............Ты понимаешь, почему я говорю Джорджу‐аники, что ему гораздо тяжелее?..""","""............Você entende por que eu disse que o George‐aniki é o que tem mais dor...?""",「…………知道我为什么说，让治大哥最难过吗…？」,「…………知道我為什麼說，讓治大哥最難過嗎…？」,"""... Capisci perché sto dicendo che per George-aniki è più dura...?""","""............Do you understand why I said that George‐aniki is the most in pain...?""","""... ¿Comprendes por qué estoy diciendo que George-aniki es el que lo está pasando peor?...""","""....ﻟﻤﺎﺫﺍ ﺗﻈﻨﻴﻦ ﺃﻧﻨﻲ ﻗﻠﺖ ﺃﻥ ﺃﺧﻲ ﺟﻮﺭﺝ ﺃﻛﺜﺮ ﻣﻦ ﻳﻘﺎﺳﻲ ﺑﻴﻨﻨﺎ...؟""","""............Do you understand why I said that George‐aniki is the most in pain...?""","""............Do you understand why I said that George‐aniki is the most in pain...?""","""............Do you understand why I said that George‐aniki is the most in pain...?"""
{f:5:Beatrice},"""I, ......I was listening, so I understand. ......The sadness is proportional to the length of time that would have been spent together in their lives after that...""","""...I-I was listening, so I understand. ...Your sadness is proportional to the length of time you would have been able to spend with that person afterwards..."" ","""I, ......I was listening, so I understand. ......The sadness is proportional to the length of time that would have been spent together in their lives after that...""",「き、……聞いていたからわかる。……その後の人生を共にする時間の長さに悲しみは比例するとな…。」,「き、……聞いていたからわかる。……その後の人生を共にする時間の長さに悲しみは比例するとな…」,"""Я ......я слышала, поэтому понимаю. ......Сила горя прямо пропорциональна тому времени, которое они могли прожить после...""","""Bem, ......eu estava ouvindo, então entendo. ......A tristeza é proporcional ao comprimento do tempo que teria sido gasto junto em suas vidas depois daquilo...""",「因、……因为有在听，所以知道。……本可与其共度的之后的人生的长度，与悲伤成正比…」,「因、……因為有在聽，所以知道。……本可與其共度的之後的人生的長度，與悲傷成正比…」,"""S... Stavo ascoltando, quindi capisco. ... La tristezza è proporzionale alla quantità di tempo che si sarebbe trascorso insieme nel futuro...""","""I, ......I was listening, so I understand. ......The sadness is proportional to the length of time that would have been spent together in their lives after that...""","""Y-Yo estaba escuchando, por lo que lo comprendo... La tristeza es proporcional a la longitud del tiempo que habrían pasado juntos en sus vidas, después de todo...""","""... ﺑـ-ﺑﺤﺴﺐ ﻣﺎ ﻓﻬﻤﺖ ﻣﻦ ﺣﺪﻳﺜﻜﻤﺎ. ......ﻓﺈﻥ ﺣﺰﻥ ﺍﻟﻤﺮﺀ ﻋﻠﻰ ﻓﻘﻴﺪﻩ، ﻳﺰﻳﺪ ﻛﻠّﻤﺎ ﻃﺎﻟﺖ ﺍﻟﻤﺪﺓ ﺍﻟﺘﻲ ﻛﺎﻥ ﻣﻦ ﺍﻟﻤﻔﺘﺮﺽ ﺃﻥ ﻳﻘﻀﻴﺎﻧﻬﺎ ﻣﻌًﺎ ﻓﻲ ﺍﻟﻤﺴﺘﻘﺒﻞ...""","""I, ......I was listening, so I understand. ......The sadness is proportional to the length of time that would have been spent together in their lives after that...""","""I, ......I was listening, so I understand. ......The sadness is proportional to the length of time that would have been spent together in their lives after that...""","""I, ......I was listening, so I understand. ......The sadness is proportional to the length of time that would have been spent together in their lives after that..."""
Ushiromiya Battler,"""......Of course, you can't calculate it just like that though. .........We {y:0:Human}{n:0:human}s aren't like you witches. ......We have a finite time we're alive to the moment we die, and we live it with our utmost strength.""","""...Of course, you can't calculate it just like that though. ......We Humans aren't like you witches. ...From the time we receive life to the moment we die, we live within that limited period as strongly as we can manage."" ","""......Of course, you can't calculate it just like that though. .........We humans aren't like you witches. ......From the time we're alive to the moment we die, we live in that limited period with our utmost strength.",「……もちろん、それだけじゃ量れねぇけどな。………俺たちニンゲンは、お前ら魔女とは違う。……生きてから死ぬまでという、有限の時間を、その力の限り生きている。,「……もちろん、それだけじゃ量れねぇけどな。………俺たちニンゲンは、お前ら魔女とは違う。……生きてから死ぬまでという、有限の時間を、その力の限り生きている」,"""......Разумеется, ты не можешь так просто вычислить его. .........Мы, {y:0:Люд}{n:0:люд}и, отличаемся от вас, ведьм. ......С момента обретения жизни и до самой смерти, мы живём отмеренный нам срок жизни изо всех сил.""","""......Mas, é claro, você não pode calcular isso assim. .........Nós, {y:0:Humanos}{n:0:humanos}, não somos como vocês, bruxas. ......Temos um tempo finito no qual estamos vivos até o momento em que morremos, e o vivemos com nossa força máxima.""",「……当然，并非是光凭这点来衡量的。………我们人类，与你们魔女不同。……我们在从生至死的有限时间中，尽自身全力活着。」,「……當然，並非是光憑這點來衡量的。………我們人類，與你們魔女不同。……我們在從生至死的有限時間中，盡自身全力活著。」,"""... Naturalmente, non si può calcolare con tanta facilità. ... Noi umani non siamo come voi streghe. ... Dal momento in cui veniamo al mondo fino al momento in cui moriamo, noi viviamo in quel ristretto lasso di tempo con tutte le nostre forze.","""......Of course, you can't calculate it just like that though. .........We {y:0:Human}{n:0:human}s aren't like you witches. ......We have a finite time we're alive to the moment we die, and we live it with our utmost strength.""","""... Por supuesto, no se puede calcular así como así... Nosotros los humanos no somos como las brujas... Desde el momento en que estamos vivos hasta el momento de morir, vivimos ese corto período de tiempo con todas nuestras fuerzas.""","""...ﻓﻌﻼً، ﻟﻜﻦّ ﺍﻷﻣﺮ ﻻ ﻳﻘﺘﺼﺮ ﻋﻠﻰ ﻫﺬﺍ. .........ﻧﺤﻦ ﺍﻟﺒﺸﺮ ﻟﺴﻨّﺎ ﻣﺜﻠﻜﻦ ﺃﻳﺘﻬﺎ ﺍﻟﺴﺎﺣﺮﺍﺕ. ......ﻓﻨﺤﻦ ﻧﺤﺎﻭﻝ ﺍﺳﺘﻐﻼﻝ ﻛﻞ ﻟﺤﻈﺔ ﻣﻦ ﺣﻴﺎﺗﻨﺎ ﺇﻟﻰ ﺃﻗﺼﺎﻫﺎ، ﻣﻨﺬ ﻭﻻﺩﺗﻨﺎ ﻭﺇﻟﻰ ﻫﻼﻛﻨﺎ.""","""......Of course, you can't calculate it just like that though. .........We {y:0:Human}{n:0:human}s aren't like you witches. ......We have a finite time we're alive to the moment we die, and we live it with our utmost strength.""","""......Of course, you can't calculate it just like that though. .........We {y:0:Human}{n:0:human}s aren't like you witches. ......We have a finite time we're alive to the moment we die, and we live it with our utmost strength.""","""......Of course, you can't calculate it just like that though. .........We {y:0:Human}{n:0:human}s aren't like you witches. ......We have a finite time we're alive to the moment we die, and we live it with our utmost strength."""
Ushiromiya Battler,""".........I can't forgive anyone who makes light of that. ......Never mind someone who sneers at it and toys with it. ...A person like you, whose very concept of death is all screwed up, probably can't understand that.""","""......I can't forgive anyone who makes light of that. ...And I definitely can't forgive anyone who sneers at people and toys with them. ...A person like you, whose very concept of death is all screwed up, probably can't understand that."" ",".........I can't forgive anyone who makes light of that. ......Furthermore, I definitely can't forgive anyone who sneers at people and toys with them. ...A person like you, whose very concept of death is all screwed up, probably can't understand that.""",………それを蔑ろにするヤツは許せない。……増してや、嘲笑い弄ぶようなヤツは、絶対に許せない。…お前のような、死の概念も滅茶苦茶なヤツには理解もできねぇだろうがよ。」,「………それを蔑ろにするヤツは許せない。……増してや、嘲笑い弄ぶようなヤツは、絶対に許せない。…お前のような、死の概念も滅茶苦茶なヤツには理解もできねぇだろうがよ」,""".........Я не прощаю тех, кто игнорирует это. ......Кроме того, я однозначно не прощаю тех, кто глумится над людьми, считая их игрушками. ...Такой особе, как ты, который даже не ведомо само понятие смерти, возможно, этого не понять.""",""".........Não posso perdoar alguém que faça pouco disso. ......Não ligue para alguém que zomba e faz pouco disso. ...Uma pessoa como você, cujo próprio conceito de morte é completamente ferrado, não deve ser capaz de compreender isso.""",「………轻蔑这点的家伙，不可原谅。……还对此加以嘲笑与玩弄的家伙，就更是绝对不能原谅了。…像你这样，连死的概念都乱七八糟的家伙，是根本不可能懂的吧。」,「………輕蔑這點的傢伙，不可原諒。……還對此加以嘲笑與玩弄的傢伙，就更是絕對不能原諒了。…像你這樣，連死的概念都亂七八糟的傢伙，是根本不可能懂的吧。」,"... Non posso perdonare chi prende tutto ciò alla leggera. ... Inoltre, non posso perdonare chi deride le persone e gioca con loro. ... Una persona come te, che ha già un'idea così perversa della morte, di certo non può capire.""",""".........I can't forgive anyone who makes light of that. ......Never mind someone who sneers at it and toys with it. ...A person like you, whose very concept of death is all screwed up, probably can't understand that.""","""... No puedo perdonar a alguien que quita la importancia a esto... Mucho menos a alguien que se burle y juegue con ello... Una persona como tú, cuya misma percepción de la muerte está completamente distorcionada, probablemente no pueda entenderlo.""",""".........ﻻ ﻳﻤﻜﻨﻨﻲ ﺃﻥ ﺃﺳﺎﻣﺢ ﺃﻱ ﺷﺨﺺ ﻳﺴﺘﺨﻒّ ﺑﺬﻟﻚ. ......ﻭﺑﺎﻟﺘﺄﻛﻴﺪ ﻟﻦ ﺃﺳﺎﻣﺢ ﺃﻳﻀًﺎ ﻣﻦ ﻳﺘﻼﻋﺐ ﻭﻳﻠّﻬﻮ ﺑﺤﻴﺎﺓ ﺍﻟﻐﻴﺮ. ...ﺭﺑﻤﺎ ﻟﻦ ﺗﻔﻬﻤﻲ ﻛﻼﻣﻲ ﻫﺬﺍ، ﺑﻤّﺎ ﺃﻥ ﻣﻔﻬﻮﻡ ﺍﻟﻤﻮﺕ ﻟﻴﺲ ﺫﺍ ﻣﻌﻨﻰ ﻟﻚِ.""",""".........I can't forgive anyone who makes light of that. ......Never mind someone who sneers at it and toys with it. ...A person like you, whose very concept of death is all screwed up, probably can't understand that.""",""".........I can't forgive anyone who makes light of that. ......Never mind someone who sneers at it and toys with it. ...A person like you, whose very concept of death is all screwed up, probably can't understand that.""",""".........I can't forgive anyone who makes light of that. ......Never mind someone who sneers at it and toys with it. ...A person like you, whose very concept of death is all screwed up, probably can't understand that."""
{f:5:Beatrice},""".......................................""","""............"" ","""........................""",「…………………………………。」,「…………………………………」,"""........................""",""".......................................""",「…………………………………」,「…………………………………」,"""...""",""".......................................""","""...""",""".......................................""",""".......................................""",""".......................................""","""......................................."""
Ushiromiya Battler,"""......It isn't just the length of time we'd live afterwards. ......Sneering at the lives of people living with all their strength... That's...what I can't forgive the most.""","""...I'm not just mad because of the length of time they would've lived afterwards. It's...sneering at the lives of people living with all they've got... That's what I can't forgive the most."" ","""......It isn't just the time we would live afterwards. ......Sneering at the lives of people living with all their strength... That's what I can't forgive the most.",「……これから生きる時間の長さだけじゃない。……一生懸命に生きているヤツの人生を嘲笑うこと。これが一番、…俺には許せねぇんだ。,「……これから生きる時間の長さだけじゃない。……一生懸命に生きているヤツの人生を嘲笑うこと。これが一番、…俺には許せねぇんだ」,"""......Это не просто время жизни, которое мы собираемся прожить. ......Смех над людьми, живущими изо всех сил... Именно это больше всего я и не могу простить.""","""......Não é só o tempo total de vida que viveríamos em seguida. ......Zombar das vidas de pessoas vivendo com toda a sua força... Isso é...o que mais não consigo perdoar.""",「……并不是光看以后能活多久。……嘲笑竭尽全力地活着的家伙的人生。是我最，…不能容忍的事。」,「……並不是光看以後能活多久。……嘲笑竭盡全力地活著的傢伙的人生。是我最，…不能容忍的事。」,"""... Non è solo il tempo che avremmo avuto a disposizione in futuro. ... Deridere l'esistenza di persone che fanno del loro meglio per vivere... È soprattutto questo che non posso perdonare.","""......It isn't just the length of time we'd live afterwards. ......Sneering at the lives of people living with all their strength... That's...what I can't forgive the most.""","""... No es solo el tiempo que viviríamos después. Burlarse de las vidas de las personas, que viven con todas sus fuerzas... Eso es lo que nunca podría perdonar.""","""...ﺃﻧﺎ ﻟﺴﺖُ ﻏﺎﺿﺒًﺎ ﻣﻦ ﻣﻮﺗﻬﻢ ﻗﺒﻞ ﺃﻥ ﻳﻌﻴﺸﻮﺍ ﺣﻴﺎﺗﻬﻢ ﻋﻠﻰ ﺃﻛﻤﻞ ﻭﺟﻪٍ ﻓﺤﺴﺐ. ......ﺑﻞ ﺗﻼﻋﺒﻚِ ﻭﺳﺨﺮﻳﺘﻚِ ﻣﻦ ﻫﺆﻻﺀ ﺍﻟﻨﺎﺱ ﺍﻟﺬﻳﻦ ﻳﻌﻴﺸﻮﻥ ﺣﻴﺎﺗﻬﻢ ﺑﺎﺫﻟﻴﻦ ﻗﺼﺎﺭﻱ ﺟﻬﺪﻫﻢ،... ﻫﺬﺍ... ﺃﻛﺜﺮ ﺃﻣﺮٍ ﻻ ﺃﻏﻔﺮ ﻟﻪ...!""","""......It isn't just the length of time we'd live afterwards. ......Sneering at the lives of people living with all their strength... That's...what I can't forgive the most.""","""......It isn't just the length of time we'd live afterwards. ......Sneering at the lives of people living with all their strength... That's...what I can't forgive the most.""","""......It isn't just the length of time we'd live afterwards. ......Sneering at the lives of people living with all their strength... That's...what I can't forgive the most."""
Ushiromiya Battler,"""George‐aniki has gone through his life hell‐bent on doing his best. ...He must have shown up today with heroic determination in order that he could marry Shannon‐chan. ......It's completely different from me, a guy who was just feeling happy to be able to meet his cousins again for the first time in ages.""","""George-aniki lived his life by recklessly doing his best. ...He must have approached this day with a grim resolve to marry Shannon-chan no matter the challenges. ...That's completely different from me, since I was happy just to be able to meet my cousins after a long while."" "," George-aniki lived his life by recklessly doing his best. ...He must have shown up today heroically prepared to marry Shannon-chan. ......It's completely different from me, since I was happy just to be able to meet my cousins after a long while.""",譲治の兄貴は、がむしゃらに頑張って人生を生きてた。…紗音ちゃんと結婚するために、悲壮な覚悟をしてこの日に臨んでいたはずなんだ。……俺みたいに、久しぶりにいとこと会えるなんて浮かれてたヤツとは訳が違う。」,「譲治の兄貴は、がむしゃらに頑張って人生を生きてた。…紗音ちゃんと結婚するために、悲壮な覚悟をしてこの日に臨んでいたはずなんだ。……俺みたいに、久しぶりにいとこと会えるなんて浮かれてたヤツとは訳が違う」,"""Джордж‐аники проживал жизнь, отчаянно стараясь изо всех сил. ...Сегодня он наверняка был героически готовым жениться на Шаннон‐чан. ......Это совершенно отличается от меня, радовавшегося встрече с кузеном и кузинами по прошествии столь долгого времени.""","""O George‐aniki viveu sua vida totalmente predisposto em sempre dar o seu melhor. ...Ele deve ter mostrado hoje uma determinação heroica para que pudesse se casar com a Shannon‐chan. ......É completamente diferente de mim, um cara que estava apenas se sentindo feliz de ser capaz de se encontrar com seus primos de novo pela primeira vez depois de muito tempo.""",「让治大哥莽撞努力地经营着人生。…为了与纱音结婚，他应该是做好了悲壮的觉悟，在面对着这一天。……跟我这种，因与堂兄妹们久别重逢而兴高采烈的家伙大不相同。」,「讓治大哥莽撞努力地經營著人生。…為了與紗音結婚，他應該是做好了悲壯的覺悟，在面對著這一天。……跟我這種，因與堂兄妹們久別重逢而興高采烈的傢伙大不相同。」,"George-aniki ha vissuto la sua vita facendo del suo meglio senza mai fermarsi. ... Oggi doveva essere arrivato sull'isola armato di tutto il suo coraggio per sposare Shannon-chan. ... È completamente diverso da me, che ero solo felice di poter rivedere i miei cugini dopo tanto tempo.""","""George‐aniki has gone through his life hell‐bent on doing his best. ...He must have shown up today with heroic determination in order that he could marry Shannon‐chan. ......It's completely different from me, a guy who was just feeling happy to be able to meet his cousins again for the first time in ages.""","""George-aniki ha pasado su vida empeñado en hacerlo lo mejor posible... Debe de haberse presentado hoy con una determinación heroica para pedirle matrimonio a Shannon-chan... En mi caso es totalmente distinto, ya que yo era feliz con solo ser capaz de encontrarme con mis primos después de tanto tiempo.""","""ﻟﻘﺪ ﻋﺎﺵّ ﺃﺧﻲ ﺟﻮﺭﺝ ﺣﻴﺎﺗﻪ ﻣُﺘﺤﻤﻼً ﺍﻟﻀﻐﻂ ﻭﺍﻟﺼﻌﻮﺑﺎﺕ. ...ﻻ ﺷﻚّ ﻓﻲ ﺃﻧّﻪ ﺃﺗﻰ ﻟﻬﺬﺍ ﺍﻻﺟﺘﻤﺎﻉ ﻋﺎﻗﺪًﺍ ﻋﺰﻣﻪ ﻋﻠﻰ ﺍﻟﺰﻭﺍﺝ ﻣﻦ ﺷﺎﻧﻮﻥ-ﺗﺸﺎﻥ ﻣﻬﻤﺎ ﻛﻠّﻔﻪ ﺫﻟﻚ. ......ﻟﻴﺲ ﻣﺜﻠﻲ، ﺃﻧﺎ ﺍﻟﺬﻱ ﻛﺎﻥ ﻛﻞ ﻣﺎ ﺃﺷﻌﺮ ﺑﻪ ﻫﻮ ﺍﻟﺤﻤﺎﺱ ﻟﻠﻘﺎﺀ ﺃﺑﻨﺎﺀ ﻋﻤﻮﻣﺘﻲ ﺑﻌﺪ ﺯﻣﻦٍ ﻃﻮﻳﻞ.""","""George‐aniki has gone through his life hell‐bent on doing his best. ...He must have shown up today with heroic determination in order that he could marry Shannon‐chan. ......It's completely different from me, a guy who was just feeling happy to be able to meet his cousins again for the first time in ages.""","""George‐aniki has gone through his life hell‐bent on doing his best. ...He must have shown up today with heroic determination in order that he could marry Shannon‐chan. ......It's completely different from me, a guy who was just feeling happy to be able to meet his cousins again for the first time in ages.""","""George‐aniki has gone through his life hell‐bent on doing his best. ...He must have shown up today with heroic determination in order that he could marry Shannon‐chan. ......It's completely different from me, a guy who was just feeling happy to be able to meet his cousins again for the first time in ages."""
{f:5:Beatrice},"""...B‐.........But still—""","""...B-But still..."" ","""...B, .........but still...""",「…し、………しかしだな…、」,「…し、………しかしだな…、」,"""Н... но всё же...""","""...M‐.........Mas ainda—""",「…可、………可是啊…」,「…可、………可是啊…」,"""... P... Però...""","""...B‐.........But still—""","""... P-Pero aun así—""","""...ﻭ-ﻭﻟﻜﻦ...""","""...B‐.........But still—""","""...B‐.........But still—""","""...B‐.........But still—"""
{f:5:Virgilia},"""Beato. For now, stay silent and listen.""","""Beato. For now, stay silent and listen."" ","""Beato. For now, stay silent and listen.""",「ベアト。今は黙って聞きなさい。」,「ベアト。今は黙って聞きなさい」,"""Беато. Пока что помолчи и слушай.""","""Beato. Por ora, fique em silêncio e escute.""",「贝阿朵。此刻先默默地听着。」,「貝阿朵。此刻先默默地聽著。」,"""Beato. Per ora, resta in silenzio e ascolta.""","""Beato. For now, stay silent and listen.""","""Beato, permanece en silencio y escucha por el momento.""","""ﺑﻴـﺎﺗﻮ. ﺍﻟﺘﺰﻣﻲ ﺍﻟﺼﻤﺖ ﻭﺍﺳﺘﻤﻌﻲ ﻓﺤﺴﺐ.""","""Beato. For now, stay silent and listen.""","""Beato. For now, stay silent and listen.""","""Beato. For now, stay silent and listen."""
{f:5:Beatrice},"""............M‐...mm.""","""......I-Indeed."" ","""............H, ...hmm.""",「…………う、…うむ。」,「…………う、…うむ」,"""............Х...хм‐м.""","""............M‐Mm.""",「…………呜、…呜嗯。」,「…………嗚、…嗚嗯。」,"""... Hm... hmm.""","""............M‐...mm.""","""... M‐Mmm.""","""...ﺣـ-ﺣﺴﻨًﺎ.""","""............M‐...mm.""","""............M‐...mm.""","""............M‐...mm."""
Ushiromiya Battler,""".........In a way, I do understand where you're coming from. ...You say that you need to continue murdering according to that weird epitaph for your own resurrection.""","""......In a way, I understand your point. ...You say you need to continue murdering according to the epitaph for your own resurrection."" ",""".........In a way, I understand your excuse. ...You say that you need to continue murdering according to the epitaph for your own resurrection.",「………お前の言い分にも、一定の理解はする。…お前には、自分の復活の為に、おかしな碑文に沿った殺人を続ける必要があるってんだろ。,「………お前の言い分にも、一定の理解はする。…お前には、自分の復活の為に、おかしな碑文に沿った殺人を続ける必要があるってんだろ」,""".........В некотором смысле, мне понятны твои оправдания. ...Ты говоришь, что тебе необходимо продолжать убийства согласно эпитафии для твоего собственного воскрешения.""",""".........Até um certo ponto, eu compreendo as suas ações. ...Você diz que precisa continuar assassinando de acordo com aquele epitáfio estranho para a sua própria ressurreição.""",「………你的理由，我也给予一定的理解。…你为了自己的复活，必须照着那怪异的碑文，进行连续杀人吧。」,「………你的理由，我也給予一定的理解。…你為了自己的復活，必須照著那怪異的碑文，進行連續殺人吧。」,"""... Da un certo punto di vista, capisco i tuoi motivi. ... Dici di dover continuare ad uccidere seguendo l'epigrafe per ottenere la resurrezione.",""".........In a way, I do understand where you're coming from. ...You say that you need to continue murdering according to that weird epitaph for your own resurrection.""","""... En cierto modo, comprendo tu excusa... Dices que necesitas seguir asesinando como se muestra en el epitafio para tu propia resurreción.""",""".........ﺃﻧﺎ ﺃﻓﻬﻢ ﻭﺟﻬﺔ ﻧﻈﺮﻙ ﺇﻟﻰ ﺣﺪ ﻣﺎ. ...ﺗﻨﻔﻴﺬﻙِ ﻟﺠﺮﺍﺋﻢ ﺍﻟﻘﺘﻞ ﻭﻓﻘًﺎ ﻟﻠﻤﺮﺛﻴﺔ ﻛﺎﻥ ﻣﻦ ﺃﺟﻞ ﻃﻘﻮﺱ ﺑﻌﺜﻚِ.""",""".........In a way, I do understand where you're coming from. ...You say that you need to continue murdering according to that weird epitaph for your own resurrection.""",""".........In a way, I do understand where you're coming from. ...You say that you need to continue murdering according to that weird epitaph for your own resurrection.""",""".........In a way, I do understand where you're coming from. ...You say that you need to continue murdering according to that weird epitaph for your own resurrection."""
Ushiromiya Battler,"""......So if I keep the circumstances of your position in mind, ......I can just barely understand your murders. ......Because for you, that is a necessary action. ......In that case, all further unnecessary actions are your own meaningless cruel hobby.""","""...So, considering your circumstances, ...I can just barely bring myself to understand your murders. ...Because to you, it's a necessary course of action. ...But that means all unnecessary actions you take beyond that...are due to your meaningless and brutal tastes."" ","......So judging by the circumstances of your position, ......I can just barely understand your murders. ......Because to you, that is a necessary action. ......In that case, all further unnecessary actions are because of your meaningless brutal hobby.",……だから、その範囲内でのお前の殺人は、……お前の立場の事情を汲み取る限り、ぎりぎりの理解は出来る。……それがお前にとっては必要な行為だからだ。……なら、それ以上の不要な行為は全て、お前の無意味な残酷趣味ということになる。,「……だから、その範囲内でのお前の殺人は、……お前の立場の事情を汲み取る限り、ぎりぎりの理解は出来る。……それがお前にとっては必要な行為だからだ。……なら、それ以上の不要な行為は全て、お前の無意味な残酷趣味ということになる」,"""......Поэтому, исходя из обстоятельств твоей стороны... Я могу немного понять твои убийства. ......Поскольку для тебя это — необходимые действия. ......В таком случае все дальнейшие лишние действия являются лишь проявлением твоего бессмысленного и жестокого хобби.""","""......Então, se eu manter as circunstâncias da sua posição em mente, ......eu consigo entender tenuemente seus assassinatos. ......Porque, para você, essa é uma ação necessária. ......Nesse caso, todas as ações além do necessário são para seu próprio hobby cruel e sem sentido.""",「……所以，在这范围内的你的杀人，……考虑到你立场上的原因，能够勉勉强强地予以理解。……因为，这对你来说，是必要的行为。……那么，超出此的多余行为，就全是你毫无意义的残酷兴趣所致。」,「……所以，在這範圍內的你的殺人，……考慮到你立場上的原因，能夠勉勉強強地予以理解。……因為，這對你來說，是必要的行為。……那麼，超出此的多餘行為，就全是你毫無意義的殘酷興趣所致。」,"... Perciò considerando le circostanze della tua posizione... posso appena appena capire i tuoi omicidi. ... Perché per te, si tratta di un'azione necessaria. ... Ma in questo caso, ogni ulteriore azione inutile è frutto di quel tuo hobby brutale e senza senso.","""......So if I keep the circumstances of your position in mind, ......I can just barely understand your murders. ......Because for you, that is a necessary action. ......In that case, all further unnecessary actions are your own meaningless cruel hobby.""","""... Así que a juzgar por las circunstancias de tu posición, puedo entender en cierto modo tus asesinatos... Porque para ti, es una acción necesaria. En ese caso, todas las nuevas acciones innecesarias son a causa de tu brutal e inentendible afición.""","""...ﺇﺫًﺍ، ﺑﺎﻟﺤﻜﻢ ﺍﺳﺘﻨﺎﺩًﺍ ﻋﻠﻰ ﺫﻟﻚ، ......ﻳﻤﻜﻨﻨﻲ ﻋﻠﻰ ﻣﻀﺾ ﺗﻔﻬﻢ ﻭﺗﻘﺒﻞ ﺿﺮﻭﺭﺓ ﻫﺬﻩ ﺍﻟﺠﺮﺍﺋﻢ ﺑﺎﻟﻨﺴﺒﺔ ﻟﻚِ. ...ﻷﻧﻬﺎ، ﺑﺎﻟﻨﺴﺒﺔ ﻟﻚ، ﺃﻓﻌﺎﻝ ﺿﺮﻭﺭﻳﺔ. ......ﻟﻜﻦ ﻛﻞ ﺃﻓﻌﺎﻟﻚِ ﺍﻟﻮﺣﺸﻴﺔ ﺍﻟﺘﻲ ﻻ ﻣﻐﺰﻯ ﻟﻬﺎ ﻫﻲ ﻧﺎﺑﻌﺔٌ ﻣﻦ ﺭﻏﺒﺘﻚِ ﺃﻧﺖِ""","""......So if I keep the circumstances of your position in mind, ......I can just barely understand your murders. ......Because for you, that is a necessary action. ......In that case, all further unnecessary actions are your own meaningless cruel hobby.""","""......So if I keep the circumstances of your position in mind, ......I can just barely understand your murders. ......Because for you, that is a necessary action. ......In that case, all further unnecessary actions are your own meaningless cruel hobby.""","""......So if I keep the circumstances of your position in mind, ......I can just barely understand your murders. ......Because for you, that is a necessary action. ......In that case, all further unnecessary actions are your own meaningless cruel hobby."""
Ushiromiya Battler,"""......In other words, if killing six people for the first twilight is a ""necessary action"" for you, ...all that show of crushing their faces and splitting their stomachs and stuffing them full of sweets is your own, completely unnecessary, preference for cruelty. .........I absolutely cannot forgive this aspect of you.""","""...In other words, if killing the six people for the first twilight was a ""necessary action"" for you, ...then all that show of crushing their faces and splitting their stomachs and stuffing them full of sweets was completely unnecessary, and caused by nothing more than your brutal hobby. ......That's an aspect of you that I definitely cannot forgive."" ","......In other words, if killing the six people for the first twilight was a 'necessary action' for you, ...then all that show of crushing their faces and splitting their stomachs and stuffing them full of sweets was completely unnecessary, and just your brutal hobby. .........I definitely cannot forgive this aspect of you.""",……つまり、第一の晩に６人を殺すことまでがお前にとっての“必要な行為”ならば、…顔を砕くとか、腹を割いてお菓子を詰め込むなんて真似は全て、まったく不必要な、お前の残酷趣味だってことになる。………俺はお前のこの点について、断じて許すことができないんだ。」,「……つまり、第一の晩に６人を殺すことまでがお前にとっての“必要な行為”ならば、…顔を砕くとか、腹を割いてお菓子を詰め込むなんて真似は全て、まったく不必要な、お前の残酷趣味だってことになる。………俺はお前のこの点について、断じて許すことができないんだ」,"""......Другими словами, если убийство шести человек в первые сумерки было для тебя 'необходимой мерой', тогда весь этот показ изуродованных лиц и распоротых животов с полным набиванием их сладостями был совершенно излишним, являясь лишь твоим жестоким увлечением. .........Я определённо не могу простить эту твою сторону.""","""......Em outras palavras, se matar seis pessoas para o primeiro crepúsculo é uma ""ação necessária"" para você, ...todo aquele show de esmagar seus rostos, cortar suas barrigas e enchê‐las de doces é para sua própria e completamente desnecessária preferência por crueldade. .........Eu jamais conseguiria perdoar esse seu aspecto.""",「……也就是说，如果在第一晚杀害六人，是对你来说的“必要行为”的话，…那捣碎脸，剖开肚子塞糖果这些，就全都是毫无必要的，是你的残酷兴趣所致。………对于你的这一点，我断然无法容忍。」,「……也就是說，如果在第一晚殺害六人，是對你來說的“必要行為”的話，…那搗碎臉，剖開肚子塞糖果這些，就全都是毫無必要的，是你的殘酷興趣所致。………對於你的這一點，我斷然無法容忍。」,"... In altre parole, mentre uccidere le sei persone per il primo crepuscolo era ‘un'azione necessaria’ per te... tutto quello spettacolo con le facce distrutte e gli stomaci aperti e riempiti di dolciumi è stato completamente inutile, era solo il tuo modo disumano di passare il tempo. ... Non posso assolutamente perdonare questo lato di te.""","""......In other words, if killing six people for the first twilight is a ""necessary action"" for you, ...all that show of crushing their faces and splitting their stomachs and stuffing them full of sweets is your own, completely unnecessary, preference for cruelty. .........I absolutely cannot forgive this aspect of you.""","""... En otras palabras, si matar a las seis personas del primer crepúsculo era una ""acción necesaria"" para ti... Entonces, todo lo referente a mostrar sus rostros aplastados y abrirle sus estómagos y rellenarlos de dulces fue completamente innecesario, fue solo por tu brutal afición... No puedo perdonar este aspecto de ti.""","""...ﺑﻤﻌﻨﻰ ﺁﺧﺮ، ﺇﺫﺍ ﻛﺎﻥ ﻗﺘﻠﻚ ﻟﻠﺴﺘﺔ ﺃﺷﺨﺎﺹ ﻓﻲ  ﺍﻟﻐﺴﻖ ﺍﻷﻭﻝ ""ﻓﻌﻼً ﺿﺮﻭﺭﻳًﺎ"" ﺑﺎﻟﻨﺴﺒﺔ ﻟﻚ، ...ﻓﺒﺎﻟﺘﺎﻟﻲ ﺗﺸﻮﻳﻪ ﻭﺟﻬﻬﻢ ﻭﺷﻖّ ﺑﻄﻮﻧﻬﻢ ﻭﺣﺸﻮﻫﺎ ﺑﺎﻟﺤﻠﻮﻯ ﻫﻲ ﺑﺎﻟﺘﺄﻛﻴﺪ ﺃﻓﻌﺎﻝ ﻏﻴﺮ ﺿﺮﻭﺭﻳﺔ ﻭﻻ ﻣﻐﺰﻯ ﻣﻨﻬﺎ...! ﺑﻞ ﻫﻮ ﻣﺠﺮﺩ ﺗﻌﺒﻴﺮ ﻋﻦ ﻫﻮﺍﻳﺘﻚ ﺍﻟﺴﺎﺩﻳﺔ. .........ﻭﻻ ﻳﻤﻜﻨﻨﻲ ﻣﺴﺎﻣﺤﺔ ﻫﺬﺍ ﺍﻟﺠﺎﻧﺐ ﻣﻦ ﺷﺨﺼﻴﺘﻚِ!""","""......In other words, if killing six people for the first twilight is a ""necessary action"" for you, ...all that show of crushing their faces and splitting their stomachs and stuffing them full of sweets is your own, completely unnecessary, preference for cruelty. .........I absolutely cannot forgive this aspect of you.""","""......In other words, if killing six people for the first twilight is a ""necessary action"" for you, ...all that show of crushing their faces and splitting their stomachs and stuffing them full of sweets is your own, completely unnecessary, preference for cruelty. .........I absolutely cannot forgive this aspect of you.""","""......In other words, if killing six people for the first twilight is a ""necessary action"" for you, ...all that show of crushing their faces and splitting their stomachs and stuffing them full of sweets is your own, completely unnecessary, preference for cruelty. .........I absolutely cannot forgive this aspect of you."""
{f:5:Beatrice},"""........................m...mm......""","""......I-Indeed..."" ","""............H, ...mm......""",「……………………う、…む……。」,「……………………う、…む……」,"""............Хм‐м...""","""........................m...mm......""",「……………………呜，…唔……」,「……………………嗚，…唔……」,"""... Hm... mm...""","""........................m...mm......""","""... M-Mm....""","""........................ﻡ...ﻣﻢ...""","""........................m...mm......""","""........................m...mm......""","""........................m...mm......"""
Ushiromiya Battler,"""When Auntie Rosa was repeatedly killed in horrible ways, ......you said, ""she'll be brought back to life in the end, so it doesn't matter how she kills her"", ...or something like that, I hear. {f:5:Virgilia} told me.""","""When you saw Aunt Rosa getting repeatedly killed in that horrible way, ...you apparently said something like ""If they're going to be brought back to life in the end anyway, it doesn't matter how they're killed."" I heard from {f:5:Virgilia}."" ","""When you repeatedly killed Rosa oba-san in that horrible way, ......I heard that you were saying something like 'in the very end, I will bring them back to life, so it doesn't matter how I kill them, right?' I heard from Virgilia.""",「お前は楼座叔母さんがひどい殺され方を繰り返された時。……結局は最後には生き返らせるのだから、どう殺したっていいじゃないか、…みたいなことを言ったそうだな。ワルギリアに聞いてるぜ。」,「お前は楼座叔母さんがひどい殺され方を繰り返された時。……結局は最後には生き返らせるのだから、どう殺したっていいじゃないか、…みたいなことを言ったそうだな。ワルギリアに聞いてるぜ」,"""Когда тётю Розу неоднократно убивали самыми ужасными способами... я слышал, ты говорила: 'в конце она снова вернётся к жизни, так что не имеет значения, как она убьёт её'... или что‐то вроде. {f:5:Вергилия} мне рассказала.""","""Quando a tia Rosa foi morta repetidas vezes, de formas horríveis, ......você disse: ""ela será trazida de volta à vida no fim, então não importa como ela a mate"", ...ou algo assim, eu ouvi. A {f:5:Virgilia} me contou.""",「你在楼座姑母被反复残杀的时候。……好像是说过，类似“反正在最后会让她复活的，所以怎么杀都无所谓吧”之类的话呢…。瓦尔基莉亚都告诉我了。」,「你在樓座姑母被反覆殘殺的時候。……好像是說過，類似“反正在最後會讓她復活的，所以怎麼殺都無所謂吧”之類的話呢…。瓦爾基莉亞都告訴我了。」,"""Quando hai ucciso più e più volte Rosa oba-san in quel modo orribile... ho sentito che hai detto qualcosa tipo ‘alla fine dei conti, li riporterò in vita, perciò non importa in che modo li uccido, vero?’ Me l'ha detto Virgilia.""","""When Auntie Rosa was repeatedly killed in horrible ways, ......you said, ""she'll be brought back to life in the end, so it doesn't matter how she kills her"", ...or something like that, I hear. {f:5:Virgilia} told me.""","""Cuando la tía Rosa fue asesinada repetidamente de maneras horribles... dijiste ""al final será devuelta a la vida, así que no importa cómo la mate""... o algo así, ¿verdad? {f:5:Virgilia} me lo dijo.""","""ﺑﻌﺪ ﺭﺅﻳﺘﻚِ ﻟﻠﻌﻤﺔ ﺭﻭﺯﺍ ﻭﻫﻲ ﺗُﻘﺘﻞ ﺑﻔﻈﺎﻋﺔ ﻣﺮﺍﺭًﺍ ﻭﺗﻜﺮﺍﺭًﺍ، ......ﻗﻠﺖِ ''ﻻ ﻳﻬﻢ ﻛﻴﻒ ﻭﻛﻢ ﻣﺮﺓً ﻳُﻘﺘﻠﻮﻥ ...ﻣﺎ ﺩﺍﻡ ﺑﺎﻹﻣﻜﺎﻥ ﺇﻋﺎﺩﺗﻬﻢ ﻟﻠﺤﻴﺎﺓ''. ﻟﻘﺪ ﺃﺧﺒﺮﺗﻨﻲ {f:7:ﻓﻴﺮﺟﻴﻠﻴﺎ} ﺑﺬﻟﻚ.""","""When Auntie Rosa was repeatedly killed in horrible ways, ......you said, ""she'll be brought back to life in the end, so it doesn't matter how she kills her"", ...or something like that, I hear. {f:5:Virgilia} told me.""","""When Auntie Rosa was repeatedly killed in horrible ways, ......you said, ""she'll be brought back to life in the end, so it doesn't matter how she kills her"", ...or something like that, I hear. {f:5:Virgilia} told me.""","""When Auntie Rosa was repeatedly killed in horrible ways, ......you said, ""she'll be brought back to life in the end, so it doesn't matter how she kills her"", ...or something like that, I hear. {f:5:Virgilia} told me."""
{f:5:Beatrice},""".........That was......well...umm.........""",""".........That was... ...well, ...umm......"" ",""".........Well, that, ......well, ...umm.........""",「………それは、……まぁ、…その………、」,「………それは、……まぁ、…その………、」,""".........Ну, это... э‐э... м‐м‐м...""",""".........Aquilo foi......bem...hmm.........""",「………这个，……嘛，…是那个………」,「………這個，……嘛，…是那個………」,"""... Ecco... beh... umm...""",""".........That was......well...umm.........""","""... Eso fue... bueno... umm...""","""...ﺑﻬﺬﺍ ﺍﻟﺸﺄﻥ......ﺣﺴﻨًﺎ،..ﺃﻣﻢ.........""",""".........That was......well...umm.........""",""".........That was......well...umm.........""",""".........That was......well...umm........."""
Ushiromiya Battler,"""That idea that you can kill them as many times as you want, as long as you bring them back to life in the end, is a completely unnecessary action of toying with a life, isn't it?""","""That idea that you can kill them as many times as you want, as long as you bring them back to life in the end... Isn't that a completely unnecessary action, with no purpose other than to toy around with someone's life?"" ","""That idea that you can kill them as many times as you want, as long as you bring them back to life in the end, is a completely unnecessary action of toying with a life, isn't it?",「最後には生き返るなら何度殺してもいいという考えは、命を弄ぶだけのまったく不必要な行為ではないのか。,「最後には生き返るなら何度殺してもいいという考えは、命を弄ぶだけのまったく不必要な行為ではないのか」,"""Эта идея, что ты можешь убивать их сколько угодно раз до тех пор, пока имеешь возможность воскресить, выливается в совершенно излишние действия игры с чужой жизнью, не так ли?""","""Aquela ideia que você pode matá‐los quantas vezes você quiser, contanto que os traga de volta à vida no fim, é uma ação completamente desnecessária de brincar com uma vida, não é?""",「所谓“既然会在最后让之复活，那么不管杀多少次都无所谓”的想法，不就正是仅仅是为了玩弄生命而做的，毫无必要的行为吗？」,「所謂“既然會在最後讓之復活，那麼不管殺多少次都無所謂”的想法，不就正是僅僅是為了玩弄生命而做的，毫無必要的行為嗎？」,"""L'idea che puoi uccidere una persona tutte le volte che vuoi, fintanto che le riporti in vita, significa giocare senza motivo con una vita, non è così?","""That idea that you can kill them as many times as you want, as long as you bring them back to life in the end, is a completely unnecessary action of toying with a life, isn't it?""","""Esa idea de que tú puedes matarlos tantas veces como quieras, mientras los traigas de vuelta al final, es una acción completamente innecesaria para jugar con una vida, ¿no crees?""","""ﺃﻟﻴﺴﺖ ﻓﻜﺮﺓ ﻗﺘﻠﻬﻢ ﻛﻤّﺎ ﻳﺤﻠﻮ ﻟﻚِ ﺗُﻌﺘﺒﺮ ﻓﻌﻼً ﻏﻴﺮ ﺿﺮﻭﺭﻱٍ ﺇﻃﻼﻗًﺎ، ﻭﻟﻴﺲ ﻟﻬﺎ ﻣﻐﺰﻯ ﺳﻮﻯ ﺍﻟﺘﻼﻋﺐ ﺑﺤﻴﺎﺓ ﺍﻟﻨﺎﺱ ﻣﺎ ﺩﺍﻡ ﺑﺈﻣﻜﺎﻧﻚِ ﺇﺣﻴﺎﺋﻬﻢ ﻣﻦ ﺟﺪﻳﺪ؟""","""That idea that you can kill them as many times as you want, as long as you bring them back to life in the end, is a completely unnecessary action of toying with a life, isn't it?""","""That idea that you can kill them as many times as you want, as long as you bring them back to life in the end, is a completely unnecessary action of toying with a life, isn't it?""","""That idea that you can kill them as many times as you want, as long as you bring them back to life in the end, is a completely unnecessary action of toying with a life, isn't it?"""
Ushiromiya Battler,""".........If you're going to kill them, get it over with! Don't toy with them!! If you aren't going to kill them, then don't tease them!! You're taking advantage of the fact that you can do as you will with people's lives, and you've forgotten the sanctity of life. So I can't accept you...!""","""......If you're going to kill, do it instantly! Don't toy with them!! If you won't kill them, then don't bully them!! You're taking advantage of the fact that you can do as you will with people's lives, and you've forgotten the sanctity of life. So I can't accept or acknowledge you...! ",".........If you're going to kill, do it instantly! Don't toy with them!! If you won't kill them, then don't tease them!! You're taking advantage of the fact that you can do as you will with people's lives, and you've forgotten the sanctity of life. So I can't accept you...!",………殺すなら一思いに殺せ！　弄ぶな！！　殺さないなら甚振るな！！　お前は人の命を自在に操れるのをいいことに、命の尊厳を忘れてしまった。だから俺は認められないんだ…！,「………殺すなら一思いに殺せ！　弄ぶな！！　殺さないならいたぶるな！！　お前は人の命を自在に操れるのをいいことに、命の尊厳を忘れてしまった。だから俺は認められないんだ…！」,""".........Если тебе нужно убить, делай это моментально! Не играй с ними!!! Если не собираешься убивать, то не издевайся над ними!!! Ты корыстно воспользовалась тем фактом, что в твоей власти сила над человеческими жизнями, тем самым позабыв саму сокровенность жизни. Поэтому я не могу принять тебя!..""",""".........Se você vai matá‐los, acabe logo com isso! Não brinque com eles!! Se você não vai matá‐los, então não os provoque!! Você está tirando vantagem do fato de que você pode fazer como quiser com as vidas das pessoas, e esqueceu a santidade da vida. Por isso não posso aceitá‐la...!""",「………要杀就痛快地杀！不要玩弄！！不杀就别折磨人！！你因为自己能自由摆布人的生命，而忘记了生命的尊严。所以，我无法认同你…！」,「………要殺就痛快地殺！不要玩弄！！不殺就別折磨人！！你因為自己能自由擺佈人的生命，而忘記了生命的尊嚴。所以，我無法認同你…！」,"... Se devi uccidere, fallo rapidamente! Non ti divertire con loro!! Se non li vuoi uccidere, non spaventarli!! Stai sfruttando il fatto che puoi fare quel che vuoi con le vite delle persone, e hai dimenticato che la vita è sacra. Per questo io non posso accettarti...!",""".........If you're going to kill them, get it over with! Don't toy with them!! If you aren't going to kill them, then don't tease them!! You're taking advantage of the fact that you can do as you will with people's lives, and you've forgotten the sanctity of life. So I can't accept you...!""","""... ¡Si vas a matar, hazlo al instante! ¡¡No juegues con ellos!! ¡¡Si no los vas a matar, entonces, no los molestes!! Te estás aprovechando de que puedes hacer lo que quieras con la vida de las personas, y has olvidado la santidad de la vida. ¡Así que no puedo aceptarte!...""","""...ﺇﻥ ﻛﻨﺖِ ﺳﺘﻘﺘﻠﻴﻦ، ﻓﺄﻗﺘﻠﻴﻬﻢ ﻓﻮﺭًﺍ! ﻻ ﺗﻌﺒﺜﻲ ﺑﻬﻢ!! ﻭﺇﻥ ﻟﻢ ﺗﻜﻮﻧﻲ ﺳﺘﻘﺘﻠﻴﻨﻬﻢ، ﻓﻼ ﺗُﻌﺬّﺑﻴﻬﻢ!!  ﻟﻘﺪ ﺃﻧﺴﺘﻚِ ﻗﻮﺓ ﺍﻟﻘﺘﻞ ﻭﺍﻹﺣﻴﺎﺀ ﺣُﺮﻣﺔ ﺍﻟﺤﻴﺎﺓ. ﻭﻟﻬﺬﺍ ﻟﻦ ﺃﻗﺒﻠﻚِ ﺃﻭ ﺃﻋﺘﺮﻑ ﺑﻚِ...!""",""".........If you're going to kill them, get it over with! Don't toy with them!! If you aren't going to kill them, then don't tease them!! You're taking advantage of the fact that you can do as you will with people's lives, and you've forgotten the sanctity of life. So I can't accept you...!""",""".........If you're going to kill them, get it over with! Don't toy with them!! If you aren't going to kill them, then don't tease them!! You're taking advantage of the fact that you can do as you will with people's lives, and you've forgotten the sanctity of life. So I can't accept you...!""",""".........If you're going to kill them, get it over with! Don't toy with them!! If you aren't going to kill them, then don't tease them!! You're taking advantage of the fact that you can do as you will with people's lives, and you've forgotten the sanctity of life. So I can't accept you...!"""
Ushiromiya Battler,"""I definitely can't accept as my opponent a person who doesn't know the weight of a life, and the sadness when that life is lost!""","I definitely can't accept as my opponent a person who doesn't know the value of a life...or the sadness felt when lives are lost!"" "," I definitely can't accept as my opponent a person who doesn't know the weight of a life, and the sadness when that life is lost!""",　命の重みを、そして失った時の悲しみを知らないヤツを、俺は対戦相手だと断じて認められないッ！」,「命の重みを、そして失った時の悲しみを知らないヤツを、俺は対戦相手だと断じて認められないッ！」,"""Я определённо не могу принять в качестве своего соперника особу, которая не осознаёт ценность жизни и горе, когда этой жизни лишаются!""","""Definitivamente não posso aceitar como minha oponente uma pessoa que não sabe o peso de uma vida, e a tristeza quando essa vida é perdida!""",「我断然不认可，不懂生命之沉重与失去之悲伤的家伙，来当我的对战敌手！」,「我斷然不認可，不懂生命之沉重與失去之悲傷的傢伙，來當我的對戰敵手！」,"Non posso assolutamente accettare come avversaria una persona che non conosce nemmeno l'importanza di una vita, e la tristezza di quando quella vita si spegne!""","""I definitely can't accept as my opponent a person who doesn't know the weight of a life, and the sadness when that life is lost!""","""¡Definitivamente no aceptaré como mi oponente a una persona que desconoce el valor de una vida y el de la tristeza cuando esa vida se pierde!""","ﻻ ﻳﻤﻜﻨﻨﻲ ﺍﻻﻋﺘﺮﺍﻑ ﺑﺨﺼﻢٍ ﻻ ﻳﺪﺭﻙ ﻗﻴﻤﺔ ﺍﻟﺤﻴﺎﺓ ﻭﻻ ﺛِﻘﻞ ﺍﻟﻤﻮﺕ!""","""I definitely can't accept as my opponent a person who doesn't know the weight of a life, and the sadness when that life is lost!""","""I definitely can't accept as my opponent a person who doesn't know the weight of a life, and the sadness when that life is lost!""","""I definitely can't accept as my opponent a person who doesn't know the weight of a life, and the sadness when that life is lost!"""
{f:5:Virgilia},"""...............That is why the Endless Magic is known as a black art. ...An Endless Witch has no concept of the finite. ......They have no concept of the finite, of the end that is implied by breaking and killing.""","""......That is why the Endless Magic is known as a black art. ...The Endless Witch has no concept of limitations. ...She has no concept of the limitations and losses caused by breaking and killing."" ","""............That is why the Endless Magic is known as a black art. ...The Endless Witch has no concept of limitations. ......She has no concept of the limitations and losses caused by breaking and killing.",「……………無限の魔法が邪法と言われる所以です。…無限の魔女に有限の概念はない。……壊す・殺すという、有限と終焉の概念がないのです。,「……………無限の魔法が邪法と言われる所以です。…無限の魔女に有限の概念はない。……壊す殺すという、有限と終焉の概念がないのです」,"""............Вот почему магия бесконечности известна как чёрная магия. ...Ведьма Бесконечности ничем не ограничена. ......Она понятия не имеет об ограничениях и потерях, которые несут в себе ломание и убийство.""","""...............É por isso que a Magia do Infinito é conhecida como uma arte negra. ...Uma Bruxa do Infinito não tem conceito do finito. ......Elas não têm conceito do finito, do fim que é implicado por quebrar e matar.""",「……………这就是无限之魔法被称为邪法的缘由。…无限的魔女没有“有限”这个概念。……没有所谓搞坏、杀死的，有限与终焉的概念。」,「……………這就是無限之魔法被稱為邪法的緣由。…無限的魔女沒有“有限”這個概念。……沒有所謂搞壞、殺死的，有限與終焉的概念。」,"""... È per questo motivo che la Magia Infinita è conosciuta come un'arte oscura. ... La Strega dell'Infinito non ha la benché minima idea di cosa siano i limiti. ... Non ha idea delle limitazioni e delle perdite che si causano quando si distrugge e si uccide.","""...............That is why the Endless Magic is known as a black art. ...An Endless Witch has no concept of the finite. ......They have no concept of the finite, of the end that is implied by breaking and killing.""","""... Esa es la razón por la que la Magia Interminable es conocida como un arte oscuro... Una Bruja Interminable no tiene concepto de lo finito... del fin que implica romper y matar.""","""...ﻟﻬﺬﺍ ﻛﺎﻥ ﻳُﻘﺎﻝ ﺃﻥ ﺍﻟﺴﺤﺮ ﺍﻷﺯﻟﻲ ﺳﺤﺮٌ ﺷﺮﻳﺮ. ...ﻓﺎﻟﺴﺎﺣﺮﺓ ﺍﻷﺯﻟﻴﺔ ﻻ ﺗﻤﺘﻠﻚ ﻣﻔﻬﻮﻡ ﺍﻟﻤﺤﺪﻭﺩﻳﺔ. ......ﻻ ﺗﻌﺘﺮﻑ ﺑﺎﻟﻨﻬﺎﻳﺔ ﺃﻭ ﺍﻟﻤﻮﺕ ﺃﻭ ﺍﻻﻧﻜﺴﺎﺭ ﻛﻤﻌﺎﻥٍ ﺣﻘﻴﻘﻴﺔ.""","""...............That is why the Endless Magic is known as a black art. ...An Endless Witch has no concept of the finite. ......They have no concept of the finite, of the end that is implied by breaking and killing.""","""...............That is why the Endless Magic is known as a black art. ...An Endless Witch has no concept of the finite. ......They have no concept of the finite, of the end that is implied by breaking and killing.""","""...............That is why the Endless Magic is known as a black art. ...An Endless Witch has no concept of the finite. ......They have no concept of the finite, of the end that is implied by breaking and killing."""
{f:5:Virgilia},"""...For that reason, Endless Witches sometimes treat the gap between life and death as if it was a Chinese jump rope, and start jumping back and forth over it.""","""...For that reason, Endless Witches sometimes start playing by jumping over the gap between life and death like it's a game. ","...For that reason, Endless Witches sometimes start playing by jumping over the gap between life and death like it's a game.",…それゆえに、無限の魔女は時に、生と死の狭間をゴム跳びで遊ぶかのように、その行き来を遊びだすようになります。,「…それゆえに、無限の魔女は時に、生と死の狭間をゴム跳びで遊ぶかのように、その行き来を遊びだすようになります」,"""...По этой причине Ведьмы Бесконечности иногда начинают забавляться, перепрыгивая пропасть между жизнью и смертью, словно играя в игру.""","""...Por essa razão, Bruxas do Infinito tendem a tratar o vão entre a vida e a morte como se estivessem brincando de pula elástico, e começam a pular para frente e para trás sobre ele.""",「…故，无限的魔女有时会如跳皮筋般跳过生死之隔地，玩弄起生死的往复。」,「…故，無限的魔女有時會如跳皮筋般跳過生死之隔地，玩弄起生死的往復。」,"... Per questa ragione, talvolta le Streghe dell'Infinito prendono a divertirsi saltando oltre l'abisso che separa vita e morte come se fosse un gioco.","""...For that reason, Endless Witches sometimes treat the gap between life and death as if it was a Chinese jump rope, and start jumping back and forth over it.""","""... Por esa razón, la Bruja Interminable algunas veces comienza a jugar saltando por la brecha entre la vida y la muerte, y lo hace una y otra vez.""","""...ﻭﻫﻜﺬﺍ ﺗﺒﺪﺃ ﺍﻟﺴﺎﺣﺮﺍﺕ ﺍﻷﺯﻟﻴﺎﺕ ﺑﺎﻟﻠﻬﻮ ﻋﺒﺮ ﺍﻟﻘﻔﺰ ﺑﻴﻦ ﺣﺪّ ﺍﻟﺤﻴﺎﺓ ﻭﺍﻟﻤﻮﺕ، ﻣﺜﻞ ﻟﻌﺒﺔ ﻧﻂ ﺍﻟﺤﺒﻞ.""","""...For that reason, Endless Witches sometimes treat the gap between life and death as if it was a Chinese jump rope, and start jumping back and forth over it.""","""...For that reason, Endless Witches sometimes treat the gap between life and death as if it was a Chinese jump rope, and start jumping back and forth over it.""","""...For that reason, Endless Witches sometimes treat the gap between life and death as if it was a Chinese jump rope, and start jumping back and forth over it."""
{f:5:Virgilia},""".........That is a very, very frightening thing. That is why, as an Endless Witch, and out of my own desire, {i:I never reached your level}.""","......That is a very, very frightening thing. So as an Endless Witch, and by my own choosing, {i:I never reached your level}."" "," .........That is a very, very frightening thing. So as an Endless Witch, and out of my own desire, I never reached your level.""",………それはとてもとても恐ろしいことです。だから私は無限の魔女として自ら望み、{i:あなたの域まで達しなかった}のです。」,「………それはとてもとても恐ろしいことです。だから私は無限の魔女として自ら望み、{i:あなたの域まで達しなかった}のです」,""".........Это очень, очень жутко. Поэтому, сама, будучи Ведьмой Бесконечности и по собственному желанию, {i:я никогда не стремилась достичь твоего уровня}.""",""".........Essa é uma coisa muito, muito assustadora. É por isso que, como uma Bruxa do Infinito, e por meu próprio desejo, {i:nunca alcancei o mesmo nível que você}.""",「………这是非常非常可怕的事。所以，我身为无限的魔女，出于自身所愿地，{i:不去达到你的境界}。」,「………這是非常非常可怕的事。所以，我身為無限的魔女，出於自身所願地，{i:不去達到你的境界}。」,"... Questo è qualcosa di molto, molto spaventoso. Per cui in quanto Strega dell'Infinito, e per mia volontà, non ho mai raggiunto il tuo livello.""",""".........That is a very, very frightening thing. That is why, as an Endless Witch, and out of my own desire, {i:I never reached your level}.""","""... Eso es algo muy, muy aterrador. Por eso, como Bruja Interminable, y por mi propio deseo, {i:nunca llegué a tu nivel}.""",""".........ﻭﻫﺬﺍ ﺃﻣﺮ ﻣﺮﻋﺐ ﻟﻠﻐﺎﻳﺔ. ﻭﻟﻬﺬﺍ ﺍﻟﺴﺒﺐ، ﺃﻧﺎ ﻟﻢ ﺃﺻﻞ ﺇﻟﻰ ﻣﺴﺘﻮﺍﻙ، ﺭﻏﻢ ﺃﻧﻨﻲ ﺗﻤﻨﻴﺖ ﺃﻥ ﺃﻛﻮﻥ ﻣﺜﻠﻚ ﺫﺍﺕ ﻳﻮﻡ.""",""".........That is a very, very frightening thing. That is why, as an Endless Witch, and out of my own desire, {i:I never reached your level}.""",""".........That is a very, very frightening thing. That is why, as an Endless Witch, and out of my own desire, {i:I never reached your level}.""",""".........That is a very, very frightening thing. That is why, as an Endless Witch, and out of my own desire, {i:I never reached your level}."""
,{f:5:Virgilia} had told Beato that countless times before.,It was something {f:5:Virgilia} had been trying to tell Beato for a long time. ,"Virgilia had wanted to tell Beato that for a long time.",ワルギリアはそれをベアトにずっと伝えてきたつもりだった。,ワルギリアはそれをベアトにずっと伝えてきたつもりだった。,{f:5:Вергилии} давно хотелось сказать Беато эти слова.,{f:5:Virgilia} tinha dito isso para Beato incontáveis vezes antes.,瓦尔基莉亚一直都在对贝阿朵讲这些道理。,瓦爾基莉亞一直都在對貝阿朵講這些道理。,Virgilia aveva desiderato dire queste parole a Beato per lungo tempo.,{f:5:Virgilia} had told Beato that countless times before.,{f:5:Virgilia} había querido decirle eso a Beato desde hacía mucho tiempo.,ﻣﻨﺬ ﺯﻣﻦٍ ﻃﻮﻳﻞ، ﺣﺎﻭﻟﺖ {f:7:ﻓﻴﺮﺟﻴﻠﻴﺎ} ﻧُﺼﺢ ﺑﻴـﺎﺗﻮ ﻭﺇﺑﻌﺎﺩﻫﺎ ﻋﻦ ﺗﻠﻚ ﺍﻟﻘﻮﺓ.,{f:5:Virgilia} had told Beato that countless times before.,{f:5:Virgilia} had told Beato that countless times before.,{f:5:Virgilia} had told Beato that countless times before.
,But Beato had been too young to obediently listen to those words. She had been too wild. ...She had been possessed by that...detestable pleasure.,But Beato had been too young to obediently listen to those words. She had been too wild. ...She had been possessed by that detestable pleasure. ," But Beato had been too young to obediently listen to those words. She had been too wild....She had been possessed by that detestable pleasure.",しかし、それに大人しく耳を傾けるには、ベアトは若すぎた。奔放すぎた。…その、忌むべき快楽に取り付かれてしまった。,しかし、それに大人しく耳を傾けるには、ベアトは若すぎた。奔放すぎた。…その、忌むべき快楽に取り付かれてしまった。,"Но Беато была слишком молода, чтобы послушно выслушать их. Её натура была крайне неусидчивой. ...Она оказалась одержима этим омерзительным удовольствием.",Mas Beato era então muito jovem para escutar tais palavras obedientemente.{n}Ela tinha sido selvagem demais. ...Ela tinha sido possuída por aquele... prazer detestável.,可是，要老老实实地听进去，贝阿朵还太年轻了。太奔放了。…沉醉于禁忌的快乐之中。,可是，要老老實實地聽進去，貝阿朵還太年輕了。太奔放了。…沉醉於禁忌的快樂之中。,Ma Beato era stata troppo giovane per ascoltarle ubbidientemente. Era stata troppo ribelle. ... Era stata posseduta da quel piacere detestabile.,But Beato had been too young to obediently listen to those words. She had been too wild. ...She had been possessed by that...detestable pleasure.,Pero Beato había sido demasiado joven para escuchar obedientemente aquellas palabras. Ella era demasiado desenfrenada... Había sido poseída por ese detestable placer.,ﻟﻜﻨّﻬﺎ ﻛﺎﻧﺖ ﺃﺻﻐﺮ ﻣﻦ ﺃﻥ ﺗُﻄﻴﻌﻬﺎ ﻓﻲ ﺫﻟﻚ. ﻟﻘﺪ ﺍﺳﺘﺤﻮّﺫﺕ ﻋﻠﻴﻬﺎ ﺗﻠﻚ ﺍﻟﻤﺘﻌﺔ ﺍﻟﺒﻐﻴﻀﺔ، ...ﻓﺄﺻﺒﺤﺖ ﺍﻓﻌﺎﻟﻬﺎ ﻣﻨﺬ ﺫﻟﻚ ﺍﻟﺤﻴﻦ ﻭﺣﺸﻴﺔ.,But Beato had been too young to obediently listen to those words. She had been too wild. ...She had been possessed by that...detestable pleasure.,But Beato had been too young to obediently listen to those words. She had been too wild. ...She had been possessed by that...detestable pleasure.,But Beato had been too young to obediently listen to those words. She had been too wild. ...She had been possessed by that...detestable pleasure.
{f:5:Beatrice},"""......I had always been told not to break vases. ......But that's what made me want to break them someday.""","""...I have been told not to break vases. ...But that's why I wanted to break them. ","""......I have been told not to break vases. ...But that's why I wanted to break them. ",「……壷を割ってはならぬと言われてきた。……でも、だからこそいつか割ってみたいと思っていた。,「……壷を割ってはならぬと言われてきた。……でも、だからこそいつか割ってみたいと思っていた」,"""......Мне наказывали не разбивать вазу. ...Но это лишь подогревало моё желание, чтобы она разбилась.""","""......Sempre me disseram para não quebrar vasos. ......Mas era isso é o que me fazia querer quebrá‐los algum dia.""",「……一直都在听别人说，不可以打碎壶。……但是，正因如此才想到了，总有一天，要将壶打碎来看看。」,「……一直都在聽別人說，不可以打碎壺。……但是，正因如此才想到了，總有一天，要將壺打碎來看看。」,"""... Mi è stato detto di non rompere i vasi. ... Ma è per questo che volevo romperli.","""......I had always been told not to break vases. ......But that's what made me want to break them someday.""","""... Me dijeron que no rompiera jarrones... Pero esa es la razón por la que quería romperlos.""",""".....ﻗﻴﻞ ﻟﻲ ﺩﺍﺋﻤًﺎ ﺃﻻ ﺃﻛﺴﺮ ﺍﻟﻤﺰﻫﺮﻳﺔ. ......ﻭﺑﺴﺒﺐ ﺫﻟﻚ ﺃﺭﺩﺕُ ﻛﺴﺮﻫﺎ.""","""......I had always been told not to break vases. ......But that's what made me want to break them someday.""","""......I had always been told not to break vases. ......But that's what made me want to break them someday.""","""......I had always been told not to break vases. ......But that's what made me want to break them someday."""
{f:5:Beatrice},""".........Then, when I gained the Endless Magic, ...and I learned that I could fix it back to normal no matter how much I broke it, ......I was surprised at how fun it was to break a vase...""","......Then I gained the Endless Magic. ...When I knew that I could fix them back to normal no matter how badly I broke them, ...I was surprised at how fun it could be to break a vase..."" ",".........Then I gained the Endless Magic. ...When I knew that I could fix it back to normal no matter how badly I broke it, ......I was surprised at how fun it was to break a vase...""",………そして無限の魔法を得て。…いくら壊しても好きなだけ元に直せると知った時。……妾は壷を壊すことがこれほどまでに楽しかったのかと驚いたものだ…。」,「………そして無限の魔法を得て。…いくら壊しても好きなだけ元に直せると知った時。……妾は壷を壊すことがこれほどまでに楽しかったのかと驚いたものだ…」,""".........Затем я получила магию бесконечности. ...И будучи уверенной, что мне по силам всё исправить, независимо от того, насколько сильно она оказывалась разбита... Я была удивлена тем, сколько веселья приносило разбивание вазы...""",""".........Por isso, quando ganhei a Magia do Infinito, ...e aprendi que eu podia consertá‐lo, trazendo‐o de volta ao normal, não importa o quanto eu o quebrasse, ......fiquei surpresa em como era divertido quebrar um vaso...""",「………然后，在得到了无限之魔法后。…明白了，不管打碎多少次，都可以随意复原时。……妾身为打碎壶这件事竟有如此快乐而深感惊奇…」,「………然後，在得到了無限之魔法後。…明白了，不管打碎多少次，都可以隨意復原時。……妾身為打碎壺這件事竟有如此快樂而深感驚奇…」,"... Poi ho acquisito la Magia Infinita. ... Quando seppi che potevo farlo tornare normale anche se l'avessi fatto in mille pezzi... fui sorpresa da quanto fosse divertente rompere un vaso...""",""".........Then, when I gained the Endless Magic, ...and I learned that I could fix it back to normal no matter how much I broke it, ......I was surprised at how fun it was to break a vase...""","""... Después, adquirí la Magia Interminable... y aprendí que podía arreglarlo para que volviera a la normalidad por mucho que lo rompiera... Me sorprendió lo divertido que era romper un jarrón...""","""...ﺛﻢ ﺣﻴﻦ ﺍﻛﺘﺴﺒﺖُ ﻗﻮﺓ ﺳﺤﺮ ﺍﻷﺯﻝ، ... ﻋﻠّﻤﺖُ ﺣﻴﻨﻬﺎ ﺃﻥ ﺑﺈﻣﻜﺎﻧﻲ ﺇﺻﻼﺣﻬﺎ ﺇﻟﻰ ﻣﺎ ﻛﺎﻧﺖ ﻋﻠﻴﻪ، ﺑﻐﺾ ﺍﻟﻨﻈﺮ ﻋﻦ ﻣﺪﻯ ﺳﻮﺀ ﻛﺴﺮﻫﺎ. ......ﻭﻫﻜﺬﺍ ﺃﺻﺎﺑﺘﻨﻲ ﺍﻟﺪﻫﺸﺔ ﻧﺘﻴﺠﺔ ﺍﻟﻤﺘﻌﺔ ﺍﻟﺘﻲ ﺷﻌﺮﺕُ ﺑﻬﺎ ﻣﻦ ﻗﺪﺭﺗﻲ ﻋﻠﻰ ﻛﺴﺮّ ﺍﻟﻤﺰﻫﺮﻳﺔ ﻛﻤّﺎ ﻳﺤﻠﻮ ﻟﻲ...""",""".........Then, when I gained the Endless Magic, ...and I learned that I could fix it back to normal no matter how much I broke it, ......I was surprised at how fun it was to break a vase...""",""".........Then, when I gained the Endless Magic, ...and I learned that I could fix it back to normal no matter how much I broke it, ......I was surprised at how fun it was to break a vase...""",""".........Then, when I gained the Endless Magic, ...and I learned that I could fix it back to normal no matter how much I broke it, ......I was surprised at how fun it was to break a vase..."""
{f:5:Virgilia},"""That is called the forbidden honey. People are not captivated by what's inside. They are captivated by the lock that seals it. .........It truly is deplorable.""","""That is what's known as the forbidden honey. People are not captivated by what's inside. They are captivated by the sealed lock. ......It is truly regrettable."" ","""That is called the forbidden honey. People are not captivated by what's inside. They are captivated by the sealed lock. .........It truly is deplorable.""",「それを禁忌の蜜と呼びます。人はその中身に惹かれるのではない。それを封ずる錠前に惹かれるのです。………実に嘆かわしいことです。」,「それを禁忌の蜜と呼びます。人はその中身に惹かれるのではない。それを封ずる錠前に惹かれるのです。………実に嘆かわしいことです」,"""Это называется запретный мёд. Люди не могут его попробовать. Для них он навечно остаётся недосягаем. .........Это действительно грустно.""","""Isso é conhecido como o néctar proibido. As pessoas não são cativadas pelo que está dentro. Elas são cativadas pelo cadeado. .........Isso é verdadeiramente deplorável.""",「这就叫，禁忌之蜜。吸引人的，并非其中所盛之物。而是那将其封住的锁。………真是可悲。」,「這就叫，禁忌之蜜。吸引人的，並非其中所盛之物。而是那將其封住的鎖。………真是可悲。」,"""Questo viene chiamato il miele proibito. Le persone non vengono affascinate da ciò che si cela all'interno. Sono stregate dal lucchetto chiuso. ... È veramente riprovevole.""","""That is called the forbidden honey. People are not captivated by what's inside. They are captivated by the lock that seals it. .........It truly is deplorable.""","""Eso es conocido como un placer prohibido. La gente no es cautivada por lo que habrá dentro. Son cautivados por la cerradura sellada... Es realmente detestable.""","""ﻣﺜﻞ ﺍﻟﻌﺴﻞ ﺍﻟﻤﺤﺮَّﻡ، ﻛﻞ ﻣﻤﻨﻮﻉ ﻣﺮﻏﻮﺏ. ﻷﻥ ﺍﻟﺒﺸﺮ ﻻ ﻳﺠﺬﺑﻬﻢ ﻣﺎ ﺑﺪﺍﺧﻞ ﺍﻟﺒﺎﺏ ﺍﻟﻤﻮﺻﺪ، ﺑﻞ ﺍﻟﻘﻔﻞ ﺍﻟﺬﻱ ﻋﻠﻴﻪ. .........ﻭﻫﺬﺍ ﺃﻣﺮٌ ﻣﺆﺳﻒٌ ﺣﻘًﺎ.","""That is called the forbidden honey. People are not captivated by what's inside. They are captivated by the lock that seals it. .........It truly is deplorable.""","""That is called the forbidden honey. People are not captivated by what's inside. They are captivated by the lock that seals it. .........It truly is deplorable.""","""That is called the forbidden honey. People are not captivated by what's inside. They are captivated by the lock that seals it. .........It truly is deplorable."""
Ushiromiya Battler,""".........I want to ask you, {f:5:Virgilia}. Why does this thing called the Endless Magic exist? ...For what purpose does it exist in this world?""","""......I want to ask you, {f:5:Virgilia}. Why does this thing called the Endless Magic exist? ...For what purpose does it exist in this world?"" ",""".........I want to ask you, Virgilia. Why does this thing called the Endless Magic exist? ...And for what purpose does it exist in this world?""",「………ワルギリアに聞きたい。無限の魔法なんてものが、どうしてあるんだ。…それは何の為にこの世にあるんだ。」,「………ワルギリアに聞きたい。無限の魔法なんてものが、どうしてあるんだ。…それは何の為にこの世にあるんだ」,""".........Я хотел бы спросить у тебя, {f:5:Вергилия}. Почему существует то, что вы называете магией бесконечности? ...И для какой цели она существует в этом мире?""",""".........Eu quero te perguntar uma coisa, {f:5:Virgilia}. Por que esta coisa chamada a Magia do Infinito existe? ...Para qual propósito ela existe neste mundo?""",「………瓦尔基莉亚，问你一件事。为什么会存在无限魔法这种东西？…它是为何而存在于这世上的？」,「………瓦爾基莉亞，問你一件事。為什麼會存在無限魔法這種東西？…它是為何而存在於這世上的？」,"""... Voglio chiederti una cosa, Virgilia. Perché questa cosa chiamata Magia Infinita esiste? ... E quale scopo serve in questo mondo?""",""".........I want to ask you, {f:5:Virgilia}. Why does this thing called the Endless Magic exist? ...For what purpose does it exist in this world?""","""... Quiero preguntarte, {f:5:Virgilia}. ¿Por qué esta cosa llamada Magia Interminable existe?... ¿Con qué fin existe en este mundo?""","""...ﻫﻨﺎﻙ ﺳﺆﺍﻝ ﺃﻭﺩّ ﻃﺮﺣﻪ ﻋﻠﻴﻚِ ﻳﺎ {f:7:ﻓﻴﺮﺟﻴﻠﻴﺎ}. ﻟﻤﺎﺫﺍ ﻳﻮﺟﺪ ﺷﻲﺀ ﻣﺜﻞ ﺍﻟﺴﺤﺮ ﺍﻷﺯﻟﻲ ﺃﺻﻼً؟ ...ﻣﺎ ﺍﻟﻬﺪﻑ ﻣﻦ ﻭﺟﻮﺩﻩ ﻓﻲ ﻫﺬﺍ ﺍﻟﻌﺎﻟﻢ؟""",""".........I want to ask you, {f:5:Virgilia}. Why does this thing called the Endless Magic exist? ...For what purpose does it exist in this world?""",""".........I want to ask you, {f:5:Virgilia}. Why does this thing called the Endless Magic exist? ...For what purpose does it exist in this world?""",""".........I want to ask you, {f:5:Virgilia}. Why does this thing called the Endless Magic exist? ...For what purpose does it exist in this world?"""
{f:5:Virgilia},"""It is not limited to the Endless Magic. ...All magic exists to bring happiness to the human world.""","""It is not limited to the Endless Magic. ...All magic exists to bring happiness to the human world. ","""It is not limited to the Endless Magic. ...All magic exists to bring happiness to the human world. ",「無限の魔法に限らず。…魔法は全て、人の世に幸福をもたらすために存在するのです。,「無限の魔法に限らず。…魔法は全て、人の世に幸福をもたらすために存在するのです」,"""Магией бесконечности тут дело не ограничивается. ...Вся магия существует, чтобы принести счастье в человеческий мир.""","""Isso não está limitado à Magia do Infinito. ...Toda magia existe para trazer felicidade ao mundo humano.""",「并不局限于无限之魔法。…魔法全都是为了给人世带来幸福而存在的。」,「並不局限於無限之魔法。…魔法全都是為了給人世帶來幸福而存在的。」,"""Questo non riguarda solo la Magia Infinita. ... Tutta la magia esiste per portare felicità al mondo degli umani.","""It is not limited to the Endless Magic. ...All magic exists to bring happiness to the human world.""","""No es solamente para la Magia Interminable... Toda magia existe para traer felicidad al mundo humano.""","""ﻟﻴﺲ ﻓﻘﻂ ﺍﻟﺴﺤﺮ ﺍﻷﺯﻟﻲ. ...ﺑﻞ ﻛﻞ ﺍﻟﺴﺤﺮ ﻣﻮﺟﻮﺩٌ ﻟﺘﺤﻘﻴﻖ ﺍﻟﺴﻌﺎﺩﺓ ﻓﻲ ﺍﻟﻌﺎﻟﻢ ﺍﻟﺒﺸﺮﻱ.""","""It is not limited to the Endless Magic. ...All magic exists to bring happiness to the human world.""","""It is not limited to the Endless Magic. ...All magic exists to bring happiness to the human world.""","""It is not limited to the Endless Magic. ...All magic exists to bring happiness to the human world."""
{f:5:Virgilia},"""......After everything that has happened, it may be difficult for you to believe, Battler‐kun, ......but we witches train in order to bring blessings to the human world, to become a bridge between humans and those who are not human.""","...After everything that has happened, it may be difficult for you to believe, Battler-kun, ...but in order to bring blessings to the human world, we witches are supposed to become bridges between humans and nonhumans, and that is why we train so hard."" ","......After everything that has happened, it may be difficult for you to believe, Battler-kun, ......but in order to bring blessings to the human world, we witches are supposed to become a bridge between humans and those who are not human, and continue to study.""",……今更戦人くんには信じ難いでしょうが、……私たち魔女は、人の世に恵みを与えるために、人と人ならざる者たちとの架け橋になるべく、修行を重ねているのです。」,「……今更戦人くんには信じ難いでしょうが、……私たち魔女は、人の世に恵みを与えるために、人と人ならざる者たちとの架け橋になるべく、修行を重ねているのです」,"""......После всего случившегося тебе, возможно, будет трудно поверить, Баттлер‐кун... Но чтобы принести благо в человеческий мир, мы, ведьмы, должны стать мостом между людьми и теми, кто не является людьми, и продолжать учиться.""","""......Depois de tudo que aconteceu, pode ser difícil para você acreditar, {nobr:Battler‐kun}, ......mas nós bruxas treinamos para trazer bênçãos ao mundo humano, para nos tornarmos uma ponte entre os humanos e aqueles que não são humanos.""",「……虽然事到如今，战人君是难以相信的吧，……但我们魔女，是为了给人世带来恩泽，尽可能地架起人与非人者之间的桥梁，而日益积累着修行。」,「……雖然事到如今，戰人君是難以相信的吧，……但我們魔女，是為了給人世帶來恩澤，盡可能地架起人與非人者之間的橋樑，而日益積累著修行。」,"... Dopotutto ciò che è accaduto, potrebbe essere difficile da credere per te, Battler-kun... ma per poter portare benefici al mondo umano, noi streghe dobbiamo diventare un ponte tra esseri umani e coloro che umani non sono, e proseguire gli studi.""","""......After everything that has happened, it may be difficult for you to believe, Battler‐kun, ......but we witches train in order to bring blessings to the human world, to become a bridge between humans and those who are not human.""","""... Después de todo lo ocurrido, puede que sea difícil creerlo para ti, Battler-kun... pero nosotras las brujas entrenamos arduamente para traer bendiciones al mundo humano, para convertirnos en un puente entre los humanos y lo que no es humano.""","""......ﺑﻌﺪ ﻛﻞّ ﻣﺎ ﺣﺪﺙ، ﺭﺑّﻤﺎ ﻳﺼﻌﺐ ﻋﻠﻴﻚَ ﺍﻵﻥ ﺗﺼﺪﻳﻖ ﻫﺬﺍ ﻳﺎ ﺑﺎﺗﻠﺮ-ﻛﻦ، ﻭﻟﻜﻨّﻨﺎ ﻧﺤﻦ ﺍﻟﺴﺎﺣﺮﺍﺕ ﻧﺘﺪﺭﺏ ﺑﺠﻬﺪٍ ﺑﺎﻟﻎ ﻣﻦ ﺃﺟﻞ ﺇﺣﻼﻝ ﺍﻟﺒﺮﻛﺎﺕ ﻋﻠﻰ ﻋﺎﻟﻢ ﺍﻟﺒﺸﺮ، ﻳُﻔﺘﺮﺽ ﺑﻨّﺎ ﺃﻥ ﻧﺼﺒﺢ ﺟﺴﺮًﺍ ﻳﺮﺑﻂّ ﻫﺬﺍ ﺍﻟﻌﺎﻟﻢ ﺑﺎﻟﻌﺎﻟﻢ ﺍﻟﺨﻴﺎﻟﻲ.""","""......After everything that has happened, it may be difficult for you to believe, Battler‐kun, ......but we witches train in order to bring blessings to the human world, to become a bridge between humans and those who are not human.""","""......After everything that has happened, it may be difficult for you to believe, Battler‐kun, ......but we witches train in order to bring blessings to the human world, to become a bridge between humans and those who are not human.""","""......After everything that has happened, it may be difficult for you to believe, Battler‐kun, ......but we witches train in order to bring blessings to the human world, to become a bridge between humans and those who are not human."""
Ushiromiya Battler,"""......How the hell does reviving the dead and torturing them to death over and over again help the human world?""","""...How does reviving the dead and torturing them to death over and over again help the human world?"" ","""......How does reviving the dead and torturing them to death over and over again help the human world?""",「……死者を繰り返し蘇らし、何度も虐め殺すことで、どう人の世に役立つってんだ。」,「……死者を繰り返し蘇らせ、何度も虐め殺すことで、どう人の世に役立つってんだ」,"""......Каким образом возрождение мёртвых и их многократное убийство может помочь человеческому миру?""","""......Como diabos reviver os mortos e torturá‐los até a morte de novo e de novo ajudaria o mundo humano?""",「……反复地复活死者，一遍又一遍地将之虐杀，又是在怎么给人世带来益处啊？」,「……反覆地復活死者，一遍又一遍地將之虐殺，又是在怎麼給人世帶來益處啊？」,"""... Come può resuscitare i defunti e torturarli a morte più e più volte aiutare il mondo umano?""","""......How the hell does reviving the dead and torturing them to death over and over again help the human world?""","""... ¿Cómo puede ser que revivir a los muertos y torturarlos hasta la muerte una y otra vez sea de ayuda en el mundo humano?""","""...ﻭﻫﻞ ﺇﻋﺎﺩﺓ ﺇﺣﻴﺎﺀ ﺍﻟﻤﻮﺗﻰ ﻭﺗﻌﺬﻳﺒﻬﻢ ﺣﺘﻰ ﺍﻟﻤﻮﺕ ﺑﻼ ﺷﻔﻘﺔ ﻫﻮ ﺇﺣﺪﻯ ﻫﺬﻩ ﺍﻟﺒﺮﻛﺎﺕ؟""","""......How the hell does reviving the dead and torturing them to death over and over again help the human world?""","""......How the hell does reviving the dead and torturing them to death over and over again help the human world?""","""......How the hell does reviving the dead and torturing them to death over and over again help the human world?"""
{f:5:Virgilia},"""When a vase that is an important memento is broken, if by fixing it everyone will regain their smiles, I would repair it with magic as many times as necessary. However, I would not be fixing it in order to break it again. ......I would be reviving it to give humans happiness.""","""When a vase that was an important memento is broken, if by fixing it, everyone will regain their smiles, I would repair it with magic as many times as necessary. However, I would not be fixing it in order to break it again. ...I would be reviving it to give humans happiness."" ","""When a vase that is an important memento is broken, if by fixing it, everyone will regain their smiles, I would repair it with magic as many times as necessary. However, I would not be fixing it in order to break it again. ......I would be reviving it to give humans happiness.""",「大切な形見の壷が割れてしまった時。それを直すことで、誰もが笑顔を取り戻すならば、私は何度でも魔法にて直すでしょう。しかしそれは、壊すために直すのではありません。……人に幸福を与えるために、蘇らすのです。」,「大切な形見の壷が割れてしまった時。それを直すことで、誰もが笑顔を取り戻すならば、私は何度でも魔法にて直すでしょう。しかしそれは、壊すために直すのではありません。……人に幸福を与えるために、蘇らせるのです」,"""Когда ваза как предмет является носителем важной памяти о чём‐либо, то если восстановление её вернёт всем прежние улыбки, я была бы готова восстановить её магией сколько угодно раз. Однако я бы не стала восстанавливать её для того, чтобы снова разбить. ......Я бы восстановила её, чтобы сделать людей счастливыми.""","""Caso um vaso que fosse uma recordação importante se quebrasse, eu o repararia por meio de magia quantas vezes fosse necessário, desde que isso devolvesse o sorriso a todos. Porém, eu não estaria consertando‐o para quebrá‐lo de novo. ......Eu estaria revivendo‐o para dar felicidade aos humanos.""",「在极具纪念意义的壶碎了的时候。如果只要将其复原，就能令谁重获笑容的话，那我会不计次数地用魔法将其复原。不过，这并不是为了打碎而做的复原。……这是为了给人带来幸福而做的，复苏。」,「在極具紀念意義的壺碎了的時候。如果只要將其復原，就能令誰重獲笑容的話，那我會不計次數地用魔法將其復原。不過，這並不是為了打碎而做的復原。……這是為了給人帶來幸福而做的，復甦。」,"""Quando un vaso che è un ricordo importante si rompe, se riparandolo, tutti ritrovassero il sorriso, io lo riparerei con la magia tutte le volte che fosse necessario. Tuttavia, non lo riparerei con lo scopo di romperlo nuovamente. ... Lo farei per dare la felicità agli uomini.""","""When a vase that is an important memento is broken, if by fixing it everyone will regain their smiles, I would repair it with magic as many times as necessary. However, I would not be fixing it in order to break it again. ......I would be reviving it to give humans happiness.""","""Cuando un jarrón que es un importarte recuerdo se rompe, si por arreglarlo, todo el mundo recobrará su sonrisa, podría repararlo con magia tantas veces como fuese necesario. Sin embargo, no lo repararía con el fin de volverlo a romper... Lo reviviría para traeles felicidad a los humanos.""","""ﺇﺫﺍ ﻛﺎﻥ ﺇﺻﻼﺣﻲ ﻟﻤﺰﻫﺮﻳﺔ ﺛﻤﻴﻨﺔ ﻗﺪ ﻛُﺴﺮﺕ، ﺳﻴﻌﻴﺪ ﺍﻹﺑﺘﺴﺎﻣﺔ ﻷﺣﺪٍ ﻣﺎ، ﻓﺴﺄﺻﻠﺤﻬﺎ ﺑﺴﺤﺮﻱ ﺩﻭﻣًﺎ ﺣﺴﺐ ﺍﻟﻀﺮﻭﺭﺓ. ﻭﻟﻜﻦ ﻟﻦ ﺃﺻﻠﺤﻬﺎ ﺑﻬﺪﻑ ﻛﺴﺮﻫﺎ ﻣﺠﺪﺩًﺍ، ......ﺑﻞ ﻷﻣﻨﺢ ﺍﻟﺒﺸﺮ ﺍﻟﺴﻌﺎﺩﺓ.""","""When a vase that is an important memento is broken, if by fixing it everyone will regain their smiles, I would repair it with magic as many times as necessary. However, I would not be fixing it in order to break it again. ......I would be reviving it to give humans happiness.""","""When a vase that is an important memento is broken, if by fixing it everyone will regain their smiles, I would repair it with magic as many times as necessary. However, I would not be fixing it in order to break it again. ......I would be reviving it to give humans happiness.""","""When a vase that is an important memento is broken, if by fixing it everyone will regain their smiles, I would repair it with magic as many times as necessary. However, I would not be fixing it in order to break it again. ......I would be reviving it to give humans happiness."""
Ushiromiya Battler,"""In that case, ............Beato. You fail as an Endless Witch.""","""In that case, ......Beato, you fail as an Endless Witch."" ","""In that case, ............Beato. You fail as an Endless Witch.""",「だとしたら。…………ベアト。お前は無限の魔女、失格だな。」,「だとしたら。…………ベアト。お前は無限の魔女、失格だな」,"""В таком случае... Беато, ты с треском провалилась в качестве Ведьмы Бесконечности.""","""Nesse caso, ............Beato, você falha como uma Bruxa do Infinito.""",「照这么说。…………贝阿朵。你不配当，无限的魔女。」,「照這麼說。…………貝阿朵。你不配當，無限的魔女。」,"""In tal caso... Beato. Sei un fallimento come Strega dell'Infinito.""","""In that case, ............Beato. You fail as an Endless Witch.""","""En ese caso... Beato. Has fallado como Bruja Interminable.""","""ﺃﻱ ﺃﻧّﻚِ ............ﻳﺎ ﺑﻴـﺎﺗﻮ ﻗﺪ ﻓﺸﻠﺖِ ﻓﻲ ﺩﻭﺭﻙِ ﻛﺴﺎﺣﺮﺓ ﺃﺯﻟﻴﺔ.""","""In that case, ............Beato. You fail as an Endless Witch.""","""In that case, ............Beato. You fail as an Endless Witch.""","""In that case, ............Beato. You fail as an Endless Witch."""
{f:5:Beatrice},"""..............................h......mmm...""","""............I-Indeed..."" ","""........................H, ......mmm...""",「…………………………う、……む…。」,「…………………………う、……む…」,"""........................Хм‐м‐м...""","""..............................h......mmm...""",「…………………………呜，……唔…」,「…………………………嗚，……唔…」,"""... Hm... mmm...""","""..............................h......mmm...""","""... M-Mmm""","""..............................ﻩ....ﻣﻤﻢ...""","""..............................h......mmm...""","""..............................h......mmm...""","""..............................h......mmm..."""
Ushiromiya Battler,"""......There's something that's just come to me. .........Why do I keep going on with this strange game against you?""","""...There's this thing I've been vaguely thinking about. ......Why do I keep playing this strange game against you?"" ","""......By now, I have, at times, vaguely thought about something. .........Why do I keep going on with this strange game against you?",「……今、俺は漠然と思ったことがある。………どうして俺がお前と、こんなおかしなゲームを延々と続けてるのかだ。,「……今、俺は漠然と思ったことがある。………どうして俺がお前と、こんなおかしなゲームを延々と続けてるのかだ」,"""......До настоящего момента, я, временами, кое о чём задумывался. .........Почему я продолжаю участвовать в этой странной игре против тебя?""","""......Tem uma coisa que acabou de me ocorrer. .........Por que eu continuo com este jogo estranho contra você?""",「……此刻，我隐隐约约地想到了一件事。………为什么我要与你没完没了地玩这反常的游戏？」,「……此刻，我隱隱約約地想到了一件事。………為什麼我要與你沒完沒了地玩這反常的遊戲？」,"""... Fino ad oggi, a volte mi sono chiesto una cosa. ... Perché continuo con questo strano gioco contro di te?","""......There's something that's just come to me. .........Why do I keep going on with this strange game against you?""","""... Hay algo que se me acaba de pasar por la cabeza... ¿Por qué sigo con este extraño juego como tu contrincante?""","""...ﻟﻘﺪ ﺗﺒﺎﺩﺭ ﺳﺆﺍﻝٌ ﻓﻲ ﺫﻫﻨﻲ ﻟﻠﺘﻮ. .........ﻟﻤﺎﺫﺍ ﺃﺧﻮﺽ ﻫﺬﻩ ﺍﻟﻠﻌﺒﺔ ﺍﻟﻐﺮﻳﺒﺔ ﺿﺪّﻙِ؟""","""......There's something that's just come to me. .........Why do I keep going on with this strange game against you?""","""......There's something that's just come to me. .........Why do I keep going on with this strange game against you?""","""......There's something that's just come to me. .........Why do I keep going on with this strange game against you?"""
Ushiromiya Battler,"""......Maybe this isn't a game to make me submit. ......Couldn't it be a test for you to be accepted as an Endless Witch, {i:in its true meaning}?""","""...Maybe this game isn't about making me surrender. ...Maybe it's a test for you to be accepted as an Endless Witch...{i:in the truest sense}."" ","......This isn't a game to make me surrender.......Couldn't it be a test for you to be accepted as an Endless Witch, in its true meaning?""",……これは俺を屈服させるためのゲームじゃない。……お前が、{i:本当の意味で}、無限の魔女に認められるための試験ではないのか、ってな。」,「……これは俺を屈服させるためのゲームじゃない。……お前が、{i:本当の意味で}、無限の魔女に認められるための試験ではないのか、ってな」,"""......Это не та игра, цель которой заставить меня сдаться. ......Не является ли она для тебя испытанием для обретения звания Ведьмы Бесконечности {i:в его истинном значении}?""","""......Talvez isto não seja um jogo para fazer eu me submeter. ......Não poderia isso ser um teste para você ser aceita como uma Bruxa do Infinito, {i:em seu verdadeiro sentido}?""",「……这不是为了让我屈服的游戏。……这是令你从{i:真正意义上}被认可为无限魔女的考验，才对吧？」,「……這不是為了讓我屈服的遊戲。……這是令你從{i:真正意義上}被認可為無限魔女的考驗，才對吧？」,"... Questo gioco non ha lo scopo di farmi arrendere. ... Non è che si tratta di un test per farti accettare come Strega dell'Infinito, nel senso più vero del termine ?""","""......Maybe this isn't a game to make me submit. ......Couldn't it be a test for you to be accepted as an Endless Witch, {i:in its true meaning}?""","""... ¿Tal vez esto no sea un juego para hacer que me rinda... sino una prueba para que te acepten como Bruja Interminable {i:en su verdadero sentido}?""","""...ﺭﺑّﻤﺎ ﻻ ﺗﺘﻌﻠﻖ ﻫﺬﻩ ﺍﻟﻠﻌﺒﺔ ﺑﺈﺳﺘﺴﻼﻣﻲ. ......ﺑﻞ ﻗﺪ ﺗﻜﻮﻥ ﺍﺧﺘﺒﺎﺭًﺍ ﻟﻚِ ﺣﺘﻰ ﻳﺘﻢ ﺍﻻﻋﺘﺮﺍﻑ ﺑﻚِ ﻛﺴﺎﺣﺮﺓ ﺃﺯﻟﻴﺔ ﺑﺎﻟﻤﻌﻨﻰ ﺍﻟﺤﻘﻴﻘﻲ ﻟﺬﻟﻚ.""","""......Maybe this isn't a game to make me submit. ......Couldn't it be a test for you to be accepted as an Endless Witch, {i:in its true meaning}?""","""......Maybe this isn't a game to make me submit. ......Couldn't it be a test for you to be accepted as an Endless Witch, {i:in its true meaning}?""","""......Maybe this isn't a game to make me submit. ......Couldn't it be a test for you to be accepted as an Endless Witch, {i:in its true meaning}?"""
{f:5:Beatrice},"""...I, .........I don't know about that. ...The reason I proposed this game to you was, umm, ......simply as a way to kill time... There was no one's ulterior motive.""","""...I-I don't know about that. ...The reason I proposed this game to you was...umm...simply as a way to kill time... There were no ulterior motives at work."" ","""...I, .........I don't know about that. ...The reason I proposed this game to you was, umm, ......simply as a way to kill time... No one was anticipating it.""",「…し、………知らぬわ。…妾がそなたにゲームを申し込んでいるのはその、……単なる暇潰しだ…。誰の思惑でもないわ。」,「…し、………知らぬわ。…妾がそなたにゲームを申し込んでいるのはその、……単なる暇潰しだ…。誰の思惑でもないわ」,"""...Я... не знаю на этот счёт. ...Причина, по которой я предложила тебе эту игру, заключалась в, м‐м‐м, просто в поиске способа убить время... Никто этого не ожидал.""","""...Eu, .........eu não sei sobre isso. ...A razão pela qual propus este jogo a você foi, bem, ......simplesmente uma forma de matar o tempo... Não havia nenhum tipo motivo oculto.""",「…不、………不知道。…妾身邀汝玩游戏，……仅仅是为了解闷…。不是出于任何人的打算。」,「…不、………不知道。…妾身邀汝玩遊戲，……僅僅是為了解悶…。不是出於任何人的打算。」,"""... I... Io non saprei. ... Ti ho proposto questo gioco, umm... semplicemente per passare il tempo... nessuno l'aveva programmato.""","""...I, .........I don't know about that. ...The reason I proposed this game to you was, umm, ......simply as a way to kill time... There was no one's ulterior motive.""","""... Y-Yo no sé nada sobre eso... La razón por la que te propuse este juego fue... umm... simplemente como una forma de pasar el tiempo... No había ningún motivo oculto de nadie.""","""...ﻟـ-ﻻ ﻋﻠﻢ ﻟﻲ ﺑﺬﻟﻚ. ...ﺍﻟﺴﺒﺐ ﺍﻟﺬﻱ ﺟﻌﻠﻨﻲ ﺃﺧﻮﺽ ﻣﻌﻚ ﻫﺬﻩ ﺍﻟﻠﻌﺒﺔ ﻫﻮ... ﺃﻣﻤﻢ... ﺑﺒﺴﺎﻃﺔ ﻷﻫﺮﺏ ﻣﻦ ﺍﻟﻤﻠﻞ... ﻟﻢ ﺗﻜﻦ ﻫﻨﺎﻙ ﺩﻭﺍﻓﻊ ﺧﻔﻴﺔ ﺃﻭ ﻣﺎ ﺷﺎﺑﻪ.""","""...I, .........I don't know about that. ...The reason I proposed this game to you was, umm, ......simply as a way to kill time... There was no one's ulterior motive.""","""...I, .........I don't know about that. ...The reason I proposed this game to you was, umm, ......simply as a way to kill time... There was no one's ulterior motive.""","""...I, .........I don't know about that. ...The reason I proposed this game to you was, umm, ......simply as a way to kill time... There was no one's ulterior motive."""
Ushiromiya Battler,"""Just now, I heard the definition of a witch from {f:5:Virgilia}. By that definition, you, Beato, are not even a witch. You'd be an apprentice who's in the middle of her training, and who misunderstands her own power.""","""Just now, I heard the definition of a witch from {f:5:Virgilia}. By that definition, you, Beato, are not even a witch. You're an apprentice who's still in training...and who misunderstands her own power."" ","""Just now, I heard the definition of a witch from Virgilia. By that definition, you, Beato, are not even a witch. You'd be an apprentice who's in the middle of her training, and who misunderstands her own power.",「俺は今、ワルギリアから魔女の定義を聞いた。それによるならばベアト。お前は魔女ですらない。その修行の途中で、自らの力を誤解した見習いってことになる。,「俺は今、ワルギリアからの魔女の定義を聞いた。それによるならばベアト。お前は魔女ですらない。その修行の途中で、自らの力を誤解した見習いってことになる」,"""Я только что услышал определение ведьмы от {f:5:Вергилии}. Согласно этому определению, ты, Беато, даже не ведьма. Ты лишь ученица в процессе своего обучения и та, кто ошибочно понимает свою силу.""","""Ainda há pouco, eu ouvi a definição que a {f:5:Virgilia} deu sobre o que é ser uma bruxa. Por essa definição, você, Beato, não é uma bruxa. Você seria uma aprendiz que está no meio do seu treinamento, e que entende errado seu próprio poder.""",「我在此刻，听瓦尔基莉亚讲了魔女的定义。照这么说，贝阿朵。你连魔女都不是。只是个才修行了一半，误解了自身力量的见习。」,「我在此刻，聽瓦爾基莉亞講了魔女的定義。照這麼說，貝阿朵。你連魔女都不是。只是個才修行了一半，誤解了自身力量的見習。」,"""Proprio ora, ho sentito cos'è una strega da Virgilia. Stando a quella definizione, tu, Beato, non sei nemmeno una strega. Saresti un'apprendista che è nel mezzo del suo addestramento, e fraintende il significato del suo potere.","""Just now, I heard the definition of a witch from {f:5:Virgilia}. By that definition, you, Beato, are not even a witch. You'd be an apprentice who's in the middle of her training, and who misunderstands her own power.""","""Hace un momento, oí la definición de bruja que dio {f:5:Virgilia}. Basándose en esa definición, tú, Beato, ni siquiera eres una bruja. Tú serías una aprendiz a mitad de su entrenamiento, que aún no comprende todo su poder.""","""ﻟﻠﺘﻮ ﺃﺧﺒﺮﺗﻨﺎ {f:7:ﻓﻴﺮﺟﻴﻠﻴﺎ} ﻋﻦ ﺗﻌﺮﻳﻒ ﺍﻟﺴﺎﺣﺮﺓ ﺍﻟﺤﻘﻴﻘﻴﺔ.  ﺑﻬﺬﺍ ﺍﻟﺘﻌﺮﻳﻒ، ﺃﻧﺖِ ﻳﺎ ﺑﻴـﺎﺗﻮ، ﻟﺴﺖِ ﺳﺎﺣﺮﺓ ﺣﻘﻴﻘﻴﺔ. ﺑﻞ ﺃﻧﺖِ ﺳﺎﺣﺮﺓ ﻣﺘﺪﺭﺑﺔ ﺗُﺴﻲﺀ ﺗﻘﺪﻳﺮ ﻗﻮﺗﻬﺎ.""","""Just now, I heard the definition of a witch from {f:5:Virgilia}. By that definition, you, Beato, are not even a witch. You'd be an apprentice who's in the middle of her training, and who misunderstands her own power.""","""Just now, I heard the definition of a witch from {f:5:Virgilia}. By that definition, you, Beato, are not even a witch. You'd be an apprentice who's in the middle of her training, and who misunderstands her own power.""","""Just now, I heard the definition of a witch from {f:5:Virgilia}. By that definition, you, Beato, are not even a witch. You'd be an apprentice who's in the middle of her training, and who misunderstands her own power."""
Ushiromiya Battler,"""......This was supposedly a fight between a witch and a human. In that case, someone like you, who isn't a witch, is not qualified to be my opponent. .........Understand?""","""...This was supposed to a fight between a witch and a human. If you aren't a witch, then you aren't qualified to be my opponent. ......Understand?"" ","......This was supposedly a fight between a witch and a human. In that case, someone like you, who isn't a witch, is not qualified to be my opponent. .........Understand?""",……これは魔女と人間の戦いのはず。ならば魔女でないお前に、俺の相手としての資格はない。………わかるな？」,「……これは魔女と人間の戦いのはず。ならば魔女でないお前に、俺の相手としての資格はない。………わかるな？」,"""......Это ведь должна быть борьба между человеком и ведьмой. А в этом случае такая как ты, не являющаяся ведьмой, не может выступать в качестве моего оппонента. .........Понимаешь?""","""......Isto supostamente era uma luta entre uma bruxa e um humano. Nesse caso, alguém como você, que não é uma bruxa, não é qualificada para ser minha oponente. .........Você entende, certo?""",「……这应该是魔女与人类之间的战斗。那么，不是魔女的你，没有当我对手的资格。………明白吧？」,「……這應該是魔女與人類之間的戰鬥。那麼，不是魔女的你，沒有當我對手的資格。………明白吧？」,"... Questa dovrebbe essere una lotta tra una strega e un umano. In tal caso, qualcuno come te, che non è una strega, non ha le qualifiche per essere la mia avversaria. ... Capisci?""","""......This was supposedly a fight between a witch and a human. In that case, someone like you, who isn't a witch, is not qualified to be my opponent. .........Understand?""","""... Esto era supuestamente un enfrentamiento entre una bruja y un humano. En ese caso, alguien como tú, que no es una bruja, no está cualificado para ser mi oponente... ¿Lo comprendes?""","""...ﻣﻦ ﺍﻟﻤﻔﺘﺮﺽ ﺃﻥ ﻫﺬﻩ ﺍﻟﻠﻌﺒﺔ ﻫﻲ ﻣﻌﺮﻛﺔٌ ﺑﻴﻦ ﺍﻟﺒﺸﺮ ﻭﺍﻟﺴﺎﺣﺮﺍﺕ. ﻭﻟﻬﺬﺍ ﻻ ﻳﺤﻖّ ﻟﻚِ ﺃﻥ ﺗﻜﻮﻧﻲ ﺧﺼﻤًﺎ ﻟﻲ ﻣﺎ ﺩﻣﺖِ ﻟﺴﺖِ ﺳﺎﺣﺮﺓ ﺣﻘﻴﻘﻴﺔ. .........ﻫﻞ ﻓﻬﻤﺖِ؟""","""......This was supposedly a fight between a witch and a human. In that case, someone like you, who isn't a witch, is not qualified to be my opponent. .........Understand?""","""......This was supposedly a fight between a witch and a human. In that case, someone like you, who isn't a witch, is not qualified to be my opponent. .........Understand?""","""......This was supposedly a fight between a witch and a human. In that case, someone like you, who isn't a witch, is not qualified to be my opponent. .........Understand?"""
{f:5:Beatrice},"""......I am still............only an apprentice, ......you say...... Then, when will I be accepted as your opponent once again? ......When can we resume this game?""","""...You say... ...I am still... ...only an apprentice...? Then, when will I be accepted as your opponent once again? ...When can we resume this game?"" ","""......You say, ......I am still, ............only an apprentice...... Then, when will I be accepted as your opponent once again? ......When can we resume this game?""",「……妾がまだ、…………見習い風情だと、……申すか……。ならば、妾はいつ、そなたの対戦相手だと再び認められるのか。……いつ、このゲームを再開できるというのか。」,「……妾がまだ、…………見習い風情だと、……申すか……。ならば、妾はいつ、そなたの対戦相手だと再び認められるのか。……いつ、このゲームを再開できるというのか」,"""......Ты хочешь сказать... я до сих пор... всего лишь ученица... Тогда, когда я снова смогу стать твоим оппонентом? ......Когда мы сможем продолжить игру?""","""......Eu ainda............sou apenas......uma aprendiz......? Então, quando serei aceita como sua oponente novamente? ......Quando podemos continuar este jogo?""",「……汝是说妾身，…………仅是区区，……见习之身吗……？那么，妾身要到何时，才能再度被汝认可为对战敌手？……要到何时，才能重新开始这个游戏？」,「……汝是說妾身，…………僅是區區，……見習之身嗎……？那麼，妾身要到何時，才能再度被汝認可為對戰敵手？……要到何時，才能重新開始這個遊戲？」,"""... Dici che... io sono ancora... solo un'apprendista... allora, quand'è che sarò accettata di nuovo come tua avversaria? ... Quando possiamo ricominciare il gioco?""","""......I am still............only an apprentice, ......you say...... Then, when will I be accepted as your opponent once again? ......When can we resume this game?""","""... Dices... que yo sigo siendo... solo una aprendiz... Entonces, ¿cuándo podré ser aceptada como tu rival de nuevo?... ¿Cuándo podremos reanudar el juego?""","""......ﺃﺗﻘﻮﻝ............ﺃﻧّﻲ ﻻ ﺯﻟﺖُ  ......ﻣﺠﺮّﺩ ﺳﺎﺣﺮﺓ ﻣﺘﺪﺭﺑﺔ......... ﺇﺫًﺍ، ﻣﺎﺫﺍ ﻋﻠﻲّ ﺃﻥ ﺃﻓﻌﻞ ﻛﻲ ﺗﻌﺘﺮﻑ ﺑﻲ ﺧﺼﻤًﺎ ﻟﻚ ﻣﻦ ﺟﺪﻳﺪ؟ ......ﻣﺘﻰ ﻳﻤﻜﻨﻨﺎ ﺍﺳﺘﺌﻨﺎﻑ ﻫﺬﻩ ﺍﻟﻠﻌﺒﺔ؟""","""......I am still............only an apprentice, ......you say...... Then, when will I be accepted as your opponent once again? ......When can we resume this game?""","""......I am still............only an apprentice, ......you say...... Then, when will I be accepted as your opponent once again? ......When can we resume this game?""","""......I am still............only an apprentice, ......you say...... Then, when will I be accepted as your opponent once again? ......When can we resume this game?"""
Ushiromiya Battler,"""..................Who knows. ...At the very least, it isn't now. ......When you fully understand what I've said, and become a real witch, ...I will probably accept you as my opponent in this game once more.""","""......Who knows. ...At the very least, it isn't now. ...When you fully understand what I've said and become a real witch, ...I'll probably accept you as my opponent in this game once more."" ","""............Who knows. ...At the very least, it isn't now. ......When you fully understand what I've said, and become a real witch, ...I will probably accept you as my opponent in this game once more.""",「………………さぁな。…それは少なくとも、今じゃない。……お前が俺の言った話をちゃんと理解出来て、本当の魔女になった時。…俺はお前を再び、ゲームの対戦相手だと認めるだろうよ。」,「………………さぁな。…それは少なくとも、今じゃない。……お前が俺の言った話をちゃんと理解出来て、本当の魔女になった時。…俺はお前を再び、ゲームの対戦相手だと認めるだろうよ」,"""............Кто знает. ...По крайней мере, точно не сейчас. ......Когда ты в полной мере сможешь осознать то, что я сказал и станешь настоящей ведьмой... Я, возможно, смогу принять тебя своим оппонентом в этой игре ещё раз.""","""..................Não sei. ...Pelo menos, não neste momento. ......Quando você entender completamente o que eu disse e se tornar uma bruxa de verdade, ...eu provavelmente a aceitarei como minha oponente neste jogo mais uma vez.""",「………………不好说啊。…至少不是现在。……到你好好地理解我所说的话，成为真正的魔女时。…我就会再次认可你为游戏的对手吧。」,「………………不好說啊。…至少不是現在。……到你好好地理解我所說的話，成為真正的魔女時。…我就會再次認可你為遊戲的對手吧。」,"""... Chissà. ... Come minimo, non adesso. ... Quando capirai appieno ciò che ho detto, e diventerai una vera strega... probabilmente ti accetterò ancora una volta come mia avversaria in questo gioco.""","""..................Who knows. ...At the very least, it isn't now. ......When you fully understand what I've said, and become a real witch, ...I will probably accept you as my opponent in this game once more.""","""... Quién sabe... Por lo menos, ahora no. Cuando comprendas completamente lo que he dicho, y llegues a ser una bruja de verdad... probablemente te aceptaré como mi rival en este juego una vez más.""","""..................ﻣﻦ ﻳﻌﻠﻢ. ...ﻋﻠﻰ ﺃﻗﻞ ﺗﻘﺪﻳﺮ، ﻟﻴﺲ ﺍﻵﻥ. ......ﺣﻴﻦ ﺗﻔﻬﻤﻴﻦ ﻣﺎ ﻗُﻠﺘﻪ ﻭﺗﺼﺒﺤﻴﻦ ﺳﺎﺣﺮﺓ ﺣﻘﻴﻘﻴﺔ، ...ﺣﻴﻨﻬﺎ ﻗﺪ ﺃﻋﺘﺮﻑ ﺑﻚ ﻣﺮﺓً ﺃﺧﺮﻯ ﺧﺼﻤًﺎ ﻟﻲ ﻓﻲ ﻫﺬﻩ ﺍﻟﻠﻌﺒﺔ.""","""..................Who knows. ...At the very least, it isn't now. ......When you fully understand what I've said, and become a real witch, ...I will probably accept you as my opponent in this game once more.""","""..................Who knows. ...At the very least, it isn't now. ......When you fully understand what I've said, and become a real witch, ...I will probably accept you as my opponent in this game once more.""","""..................Who knows. ...At the very least, it isn't now. ......When you fully understand what I've said, and become a real witch, ...I will probably accept you as my opponent in this game once more."""
{f:5:Beatrice},"""I, I can't understand if you say it so abstractly like that... Clearly tell me what I should do to earn your forgiveness...""","""I-I can't understand if you say it so abstractly like that... Clearly tell me what I should do to earn your forgiveness..."" ","""I, I can't understand if you say it so abstractly like that... Clearly tell me what I should do to earn your forgiveness...""",「そ、そのような抽象的な言い方ではわからぬ…。どうすればお前の許しを乞えるのか、はっきりと聞かせよ…。」,「そ、そのような抽象的な言い方ではわからぬ…。どうすればお前の許しを乞えるのか、はっきりと聞かせよ…」,"""Я...я не совсем понимаю, когда ты говоришь так абстрактно... Проясни мне, что я должна сделать, чтобы заслужить твоё прощение...""","""E‐Eu não consigo entender se você disser isso de modo tão abstrato... Diga‐me claramente o que eu devo fazer para ganhar seu perdão...""",「听、听不懂这种抽象的说法…。要怎么做才能得到你的原谅，明明白白地讲出来…」,「聽、聽不懂這種抽象的說法…。要怎麼做才能得到你的原諒，明明白白地講出來…」,"""N-Non riesco a capire se me lo spieghi in modo così astratto... dimmi con chiarezza cosa devo fare per guadagnare il tuo perdono...""","""I, I can't understand if you say it so abstractly like that... Clearly tell me what I should do to earn your forgiveness...""","""Y-Yo no puedo comprender si lo dices de un modo tan abstracto como ese... Dime de manera clara lo que debo hacer para ganarme tu perdón...""","""ﺃ-ﺃﻧﺎ ﻻ ﺃﻓﻬﻢ ﻣﺎ ﺗﻌﻨﻴﻪ ﺑﻬﺬﻩ ﺍﻟﻄﺮﻳﻘﺔ ﺍﻟﻐﺎﻣﻀﺔ ﻓﻲ ﺍﻟﻜﻼﻡ... ﻛﻔّﺎﻙ ﻓﻠﺴﻔﺔً ﻭﺃﺧﺒﺮﻧﻲ ﺑﻮﺿﻮﺡ ﻋﻤّﺎ ﻋﻠﻲّ ﻓﻌﻠﻪ ﺣﺘﻰ ﺗﺴﺎﻣﺤﻨﻲ...""","""I, I can't understand if you say it so abstractly like that... Clearly tell me what I should do to earn your forgiveness...""","""I, I can't understand if you say it so abstractly like that... Clearly tell me what I should do to earn your forgiveness...""","""I, I can't understand if you say it so abstractly like that... Clearly tell me what I should do to earn your forgiveness..."""
Ushiromiya Battler,"""No, I've said enough. You think about the rest. .........I've said everything I want to say. ...If you can't understand it, try talking with {f:5:Virgilia} and Ronove. ...A brat like you should start off by listening to what the adults say.""","""No, I've said enough. You think about the rest. ......That's all I want to say. ...If you can't figure it out, try talking with {f:5:Virgilia} and Ronove. ...A brat like you should start off by listening to what the adults say."" ","""No, I've said enough. You think about the rest. .........That's all I want to say. ...If you can't understand it, try talking with Virgilia and Ronove. ...A brat like you should start off by listening to what the adults say.",「いいや、これで十分だ。あとはお前が考えろ。………俺が言いたいのは以上だ。…理解ができないなら、ワルギリアやロノウェに相談してみろ。…お前みたいなガキンチョは、まず大人の言葉に耳を傾けるところから始めやがれ。,「いいや、これで十分だ。あとはお前が考えろ。………俺が言いたいのは以上だ。…理解ができないなら、ワルギリアやロノウェに相談してみろ。…お前みたいなガキンチョは、まず大人の言葉に耳を傾けるところから始めやがれ」,"""Нет, я сказал достаточно. Ты сама должна додуматься об остальном. .........Вот и всё, что я хотел сказать. ...Если ты не понимаешь, то попробуй поговорить с {f:5:Вергилией} или Ронове. ...Недоучка вроде тебя должна начинать учиться слушать то, что говорят взрослые.""","""Não, eu já disse o suficiente. Pense você no resto. .........Eu já disse tudo o que queria dizer. ...Se você não consegue entender isso, tente falar com a {f:5:Virgilia} e o Ronove. ...Uma pirralha como você deveria começar a ouvir o que os adultos dizem.""",「不，这就足够了。剩下的，你自己想。………我要说的，就这些。…若是无法理解的话，就去跟瓦尔基莉亚或罗诺威商量。…像你这样的小屁孩，首先要从听进大人的话开始学起。」,「不，這就足夠了。剩下的，你自己想。………我要說的，就這些。…若是無法理解的話，就去跟瓦爾基莉亞或羅諾威商量。…像你這樣的小屁孩，首先要從聽進大人的話開始學起。」,"""No, ho detto abbastanza. Al resto pensaci tu. ... Questo è tutto ciò che ho da dire. ... Se non lo riesci a capire, prova a parlare con Virgilia e Ronove. {n}Una mocciosa come te dovrebbe iniziare innanzitutto col prestare attenzione a quello che dicono i grandi.","""No, I've said enough. You think about the rest. .........I've said everything I want to say. ...If you can't understand it, try talking with {f:5:Virgilia} and Ronove. ...A brat like you should start off by listening to what the adults say.""","""No, he dicho suficiente. Piensa tú el resto... Eso es todo lo que quiero decir. Si no puedes comprenderlo, prueba a hablar con {f:5:Virgilia} y Ronove. Una mocosa como tú debe empezar por escuchar lo que dicen los adultos.""","""ﻛﻼ، ﻟﻘﺪ ﻗﻠﺖُ ﻛﻞ ﻣﺎ ﻋﻨﺪﻱ. ﻓﻜّﺮﻱ ﺑﺎﻷﻣﺮ ﺑﻨﻔﺴﻚِ. .........ﻗﻠﺖُ ﻛﻞ ﻣﺎ ﻟﺪﻱ. ...ﺇﺫﺍ ﺗﻌﺴﺮّ ﻋﻠﻴﻚِ ﺍﻟﻔﻬﻢ، ﻓﺤﺎﻭﻟﻲ ﺃﺧﺬ ﺍﻟﻤﺸﻮﺭﺓ ﻣﻦ {f:7:ﻓﻴﺮﺟﻴﻠﻴﺎ} ﻭﺭﻭﻧﻮﻑ. ...ﻳﺠﺐ ﻋﻠﻰ ﺍﻷﻃﻔﺎﻝ ﺍﻷﺷﻘﻴﺎﺀ ﺃﻣﺜﺎﻟﻚِ ﺍﻻﺳﺘﻤﺎﻉ ﺇﻟﻰ ﻣﺎ ﻳﻘﻮﻟﻪ ﺍﻟﻜﺒﺎﺭ.""","""No, I've said enough. You think about the rest. .........I've said everything I want to say. ...If you can't understand it, try talking with {f:5:Virgilia} and Ronove. ...A brat like you should start off by listening to what the adults say.""","""No, I've said enough. You think about the rest. .........I've said everything I want to say. ...If you can't understand it, try talking with {f:5:Virgilia} and Ronove. ...A brat like you should start off by listening to what the adults say.""","""No, I've said enough. You think about the rest. .........I've said everything I want to say. ...If you can't understand it, try talking with {f:5:Virgilia} and Ronove. ...A brat like you should start off by listening to what the adults say."""
Ushiromiya Battler,""".........{f:5:Virgilia}. I will suspend the game for now. Now that Ronove has stepped down as representative, all we can do is wait for Beato to gain the qualifications of a proper opponent.""","""......{f:5:Virgilia}, suspend the game for now. Now that Ronove has stepped down as a representative, all we can do is wait for Beato to gain the qualifications of a proper opponent."" ","............Virgilia. Suspend the game for now. Now that Ronove has stepped down as representative, all we can do is wait for Beato to gain the qualifications of a proper opponent.""",………ワルギリア。ゲームは一度中断する。ロノウェが代行を降りた以上、あとはベアトが対局者として相応しい資格を持つのを待つしかない。」,「………ワルギリア。ゲームは一度中断する。ロノウェが代行を降りた以上、あとはベアトが対局者として相応しい資格を持つのを待つしかない」,"""............{f:5:Вергилия}. Пока что приостанови игру. Теперь, когда Ронове оставил место представителя, всё, что нам остаётся, это ждать, когда Беато сможет достичь соответствующей моему сопернику квалификации.""",""".........{f:5:Virgilia}. Suspenderei o jogo por ora. Agora que o Ronove desistiu de ser um representante, tudo que podemos fazer é esperar a Beato ganhar as qualificações de uma oponente apropriada.""",「………瓦尔基莉亚。暂时中断游戏。既然罗诺威不当代理人，那就只好等贝阿朵自行取回对局者的资格了。」,「………瓦爾基莉亞。暫時中斷遊戲。既然羅諾威不當代理人，那就只好等貝阿朵自行取回對局者的資格了。」,"... Virgilia. Sospendi il gioco per ora. Adesso che Ronove si è ritirato come rappresentante, non possiamo fare altro che aspettare che Beato guadagni le qualifiche di un'avversaria come si deve.""",""".........{f:5:Virgilia}. I will suspend the game for now. Now that Ronove has stepped down as representative, all we can do is wait for Beato to gain the qualifications of a proper opponent.""","""... {f:5:Virgilia}. Voy a suspender el juego por ahora. Ahora que Ronove renunció como representante, todo lo que podemos hacer es esperar a que Beato adquiera las cualidades dignas de un oponente.""",""".........{f:7:ﻓﻴﺮﺟﻴﻠﻴﺎ}. ﺳﻮﻑ ﻧُﻮﻗﻒ ﺍﻟﻠﻌﺒﺔ ﻣﺆﻗﺘًﺎ. ﺑﻤّﺎ ﺃﻥ ﺭﻭﻧﻮﻑ ﺍﻧﺴﺤﺐ ﻛﻤﻤﺜﻞ ﻧﻴﺎﺑﺔً ﻋﻨﻬﺎ، ﻓﺴﻮﻑ ﺃﻋﻠّﻖ ﺍﻟﻠﻌﺒﺔ ﺇﻟﻰ ﺃﻥ ﺗﺴﺘﻌﻴﺪ ﺑﻴـﺎﺗﻮ ﺃﻫﻠﻴﺘﻬﺎ ﻛﺨﺼﻢٍ ﻣﻨﺎﺳﺐٍ ﻟﻲ.""",""".........{f:5:Virgilia}. I will suspend the game for now. Now that Ronove has stepped down as representative, all we can do is wait for Beato to gain the qualifications of a proper opponent.""",""".........{f:5:Virgilia}. I will suspend the game for now. Now that Ronove has stepped down as representative, all we can do is wait for Beato to gain the qualifications of a proper opponent.""",""".........{f:5:Virgilia}. I will suspend the game for now. Now that Ronove has stepped down as representative, all we can do is wait for Beato to gain the qualifications of a proper opponent."""
{f:5:Virgilia},"""......Understood. ......Until Beato has been accepted as having gained those qualifications, the game will proceed without an opponent. Is that alright with you too, Beato?""","""...Understood. ...Until Beato has been acknowledged as having earned those qualifications, the game will proceed without an opponent. Is that all right with you too, Beato?"" ","""......Understood. ......Until Beato has been accepted as having gained those qualifications, the game will proceed without an opponent. Is that alright with you too, Beato?""",「……了解しました。……ベアトが、その資格を得たと認められるまで、ゲームを対局者不在のまま進行させます。ベアトもそれでよろしいですね？」,「……了解しました。……ベアトが、その資格を得たと認められるまで、ゲームを対局者不在のまま進行させます。ベアトもそれでよろしいですね？」,"""......Я понимаю. ......Пока Беато не достигнет необходимой квалификации, игра будет проходить без оппонента. Тебя это тоже устраивает, Беато?""","""......Entendido. ......Até a Beato ter sido aceita como tendo ganho essas qualificações, o jogo procederá sem um oponente. Assim está bom para você também, Beato?""",「……了解。……那么，在您认可贝阿朵取得资格之前，便以无人对局的情况推进游戏。贝阿朵也没有意见吧？」,「……了解。……那麼，在您認可貝阿朵取得資格之前，便以無人對局的情況推進遊戲。貝阿朵也沒有意見吧？」,"""... Comprendo. ... Fino a che Beato non verrà accettata per aver conquistato quelle qualifiche, il gioco procederà senza un avversario. Va bene anche a te così, Beato?""","""......Understood. ......Until Beato has been accepted as having gained those qualifications, the game will proceed without an opponent. Is that alright with you too, Beato?""","""... Entendido... Hasta que Beato haya sido aceptada al haber conseguido esas cualidades, el juego continuará sin un oponente. ¿Estás de acuerdo, Beato?""","""......ﻣﻔﻬﻮﻡ. ......ﺳﻮﻑ ﺗﺴﺘﻤﺮ ﺍﻟﻠﻌﺒﺔ ﺩﻭﻥ ﻻﻋﺒﻴﻦ ﺇﻟﻰ ﺃﻥ ﻳﺘﻢ ﺍﻻﻋﺘﺮﺍﻑ ﺑﺄﻥ ﺑﻴـﺎﺗﻮ ﺣﻘﻘﺖ ﺍﻟﻤﻄﻠﻮﺏ ﻣﻨﻬﺎ. ﺃﻻ ﺑﺄﺱ ﺑﻬﺬﺍ ﻳﺎ ﺑﻴـﺎﺗﻮ؟""","""......Understood. ......Until Beato has been accepted as having gained those qualifications, the game will proceed without an opponent. Is that alright with you too, Beato?""","""......Understood. ......Until Beato has been accepted as having gained those qualifications, the game will proceed without an opponent. Is that alright with you too, Beato?""","""......Understood. ......Until Beato has been accepted as having gained those qualifications, the game will proceed without an opponent. Is that alright with you too, Beato?"""
{f:5:Beatrice},"""...I, ......I have no objections. .........I want time, and a place where I can think at a leisurely pace. ...May I take my leave now?""","""...I-I have no objections. ......I want time...and a place where I can think at a leisurely pace. ...May I leave my seat for that?"" ","""...I, ......I have no objections. .........I want time, and a place where I can think at a leisurely pace. ...May I leave my seat for that?""",「…い、……異論はない。………妾は時間と、ゆっくり考えられる場所が欲しい。…これにて席を外しても良いか。」,「…い、……異論はない。………妾は時間と、ゆっくり考えられる場所が欲しい。…これにて席を外しても良いか」,"""...Я..... я не возражаю. .........Мне нужно время и место, где я могла бы спокойно всё обдумать. ...Можно мне теперь оставить вас?""","""...Eu......eu não tenho objeções. .........Quero tempo e um lugar onde eu possa pensar a passos lentos. ...Posso sair agora?""",「…没、……没有异议。………妾身想要些时间，与能好好思考的场所。…可以就此离席吗？」,「…沒、……沒有異議。………妾身想要些時間，與能好好思考的場所。…可以就此離席嗎？」,"""... N... Non ho obiezioni. ... Voglio del tempo, e un luogo dove possa riflettere con calma. ... Perciò posso alzarmi?""","""...I, ......I have no objections. .........I want time, and a place where I can think at a leisurely pace. ...May I take my leave now?""","""... Yo... no tengo objecciones... Necesito tiempo, y un lugar donde pueda meditar con tranquilidad... ¿Puedo dejar mi asiento para eso?""","""...ﻝ-ﻻ،......ﻻ ﺍﻋﺘﺮﺍﺽ ﻟﺪﻱ. .........ﺃﻣﻬﻠﻮﻧﻲ ﺍﻟﻮﻗﺖ ﻭﺍﻟﻤﻜﺎﻥ ﻟﻜﻲ ﺃﻓﻜﺮ ﺑﻬﺪﻭﺀ. ...ﻫﻞ ﻟﻲ ﺃﻥ ﺃﻏﺎﺩﺭ ﺍﻵﻥ؟""","""...I, ......I have no objections. .........I want time, and a place where I can think at a leisurely pace. ...May I take my leave now?""","""...I, ......I have no objections. .........I want time, and a place where I can think at a leisurely pace. ...May I take my leave now?""","""...I, ......I have no objections. .........I want time, and a place where I can think at a leisurely pace. ...May I take my leave now?"""
Ushiromiya Battler,""".........Yeah, sure.""","""......Yeah, that's fine."" ",""".........Yeah, that's fine.""",「………あぁ、いいぜ。」,「………あぁ、いいぜ」,""".........Да, всё в порядке.""",""".........Sim, claro.""",「………嗯，可以。」,「………嗯，可以。」,"""... Ok, va bene.""",""".........Yeah, sure.""","""... Claro, está bien.""","""...ﻧﻌﻢ. ﻻ ﺑﺄﺱ.""",""".........Yeah, sure.""",""".........Yeah, sure.""",""".........Yeah, sure."""
{f:5:Beatrice},"""...Well then, see you...later.""","""...Well then, see you...later."" ","""...Well then, see you, later.""",「…それでは、また、な。」,「…それでは、また、な」,"""...Что ж, ещё увидимся, до скорого.""","""...Bem, então, vejo você...depois.""",「…那么，再见，了。」,「…那麼，再見，了。」,"""... Bene, allora, a più tardi.""","""...Well then, see you...later.""","""... Pues bien, te veo... más tarde.""","""...ﺣﺴﻨًﺎ ﺇﺫًﺍ، ﺃﺭﺍﻙَ... ﻻﺣﻘًﺎ.""","""...Well then, see you...later.""","""...Well then, see you...later.""","""...Well then, see you...later."""
Ushiromiya Battler,"""Wait. ......Don't make that dejected face.""","""Wait. ...Don't make that dejected face."" ","""Wait. ......Don't make that dejected face.""",「待てよ。……そうショボくれた顔をすんな。」,「待てよ。……そうショボくれた顔をすんな」,"""Погоди. ......Не делай такого унылого лица.""","""Espere. ......Não faça essa cara abatida.""",「等等。……别摆出这么一副可怜样啊。」,「等等。……別擺出這麼一副可怜樣啊。」,"""Aspetta. ... Non fare quella faccia sconsolata.""","""Wait. ......Don't make that dejected face.""","""Espera... No pongas esa cara abatida.""","""ﻣﻬﻼً. ......ﻻ ﺗﻈﻬﺮﻱ ﻫﺬﻩ ﺍﻟﻤﻼﻣﺢ ﺍﻟﻤﻜﺘﺌﺒﺔ.""","""Wait. ......Don't make that dejected face.""","""Wait. ......Don't make that dejected face.""","""Wait. ......Don't make that dejected face."""
{f:5:Beatrice},"""........................Sorry about that. Letting everything inside my heart show up on my face is part of my personality. I cannot deceive.""","""............Sorry about that. Letting everything inside my heart show up on my face is part of my personality. I cannot deceive."" ",""".....................Sorry about that. Letting everything inside my heart show up on my face is part of my personality. I cannot deceive.""",「……………………それは済まぬな。妾は胸の内が全て顔に出る性分。偽れぬ。」,「……………………それは済まぬな。妾は胸の内が全て顔に出る性分。偽れぬ」,""".....................Извини. Чувства в моём сердце всегда отражаются на моём лице и это часть моей натуры. Я не умею обманывать.""","""........................Desculpe por isso. Deixar tudo dentro do meu coração aparecer no meu rosto é parte da minha personalidade. Não consigo enganar.""",「……………………这倒是，对不起了。内心想法全都会表露在脸上，这是妾身的天性。不会做假。」,「……………………這倒是，對不起了。內心想法全都會表露在臉上，這是妾身的天性。不會做假。」,"""... Mi devi scusare per questo. Lasciare che quel che ho nel cuore affiori sul mio viso fa parte del mio carattere. Non sono in grado di ingannare gli altri.""","""........................Sorry about that. Letting everything inside my heart show up on my face is part of my personality. I cannot deceive.""","""... Discúlpame. Dejar que todo lo que hay dentro de mi corazón se muestre en mi rostro es parte de mi personalidad. No puedo impedirlo.""","""...ﺁﺳﻔﺔ ﺑﺸﺄﻥ ﻫﺬﺍ. ﺃﻧﺎ ﻣﻦ ﺍﻟﻨﻮﻉ ﺍﻟﺬﻱ ﻳﻈﻬﺮ ﻛﻞ ﻣﺎ ﻓﻲ ﻗﻠﺒﻪ ﻋﻠﻰ ﻣﻼﻣﺤﻪ. ﻻ ﺃﺟﻴﺪُ ﺍﻟﺘﻈﺎﻫﺮ.""","""........................Sorry about that. Letting everything inside my heart show up on my face is part of my personality. I cannot deceive.""","""........................Sorry about that. Letting everything inside my heart show up on my face is part of my personality. I cannot deceive.""","""........................Sorry about that. Letting everything inside my heart show up on my face is part of my personality. I cannot deceive."""
Ushiromiya Battler,"""In that case, there's hope for you yet. .........Let me promise you one thing. In this game with you, I might win, and I might lose. ......It's also possible that it'll be a victory by default for me if you don't come back.""","""Then maybe there's still some hope for you. ......Let me promise you one thing. In this game with you, I might win, and I might lose. ...If you don't come back, it might be my victory by default."" ","""In that case, there's still room for improvement. .........Let me promise you one thing. In this game with you, I might win, and I might lose. ......If you don't come back, it'll probably be a victory by default for me.""",「なら、まだ更正の余地はあるってことだぜ。………ひとつだけ約束する。俺はお前とのゲームに、勝つかもしれないし負けるかもしれない。…お前が戻って来なけりゃ不戦勝ってこともあるだろうよ。」,「なら、まだ更正の余地はあるってことだぜ。………ひとつだけ約束する。俺はお前とのゲームに、勝つかもしれないし負けるかもしれない。…お前が戻って来なけりゃ不戦勝ってこともあるだろうよ」,"""В таком случае ещё есть возможность для совершенствования. .........Позволь мне пообещать тебе одно. В этой игре против тебя я могу как выиграть, так и проиграть. ......Если ты не вернёшься, то вероятно, победа по умолчанию будет за мной.""","""Nesse caso, ainda existe esperança para você. .........Deixe‐me prometer uma coisa. Neste jogo contra você posso vencer ou posso perder. ......Também é possível que isso seja uma vitória por desistência do adversário, se você não voltar.""",「那么，你还有更正的余地啊。………向你保证一件事。我在与你的游戏中，有可能赢，有可能输。…你要是不回来，还有可能不战而胜。」,「那麼，你還有更正的餘地啊。………向你保證一件事。我在與你的遊戲中，有可能贏，有可能輸。…你要是不回來，還有可能不戰而勝。」,"""In tal caso, ci sono ancora possibilità di miglioramento. ... Lascia che ti prometta una cosa. In questo gioco con te, potrei vincere, e potrei perdere. ... Se tu non tornassi, è probabile che vincerei automaticamente.""","""In that case, there's hope for you yet. .........Let me promise you one thing. In this game with you, I might win, and I might lose. ......It's also possible that it'll be a victory by default for me if you don't come back.""","""En ese caso, todavía hay esperanzas de mejorar... Prométeme una cosa. En este juego contigo, yo podría ganar, o podría perder... Si no vuelves, ganaré probablemente.""","""ﻫﺬﺍ ﻳﻌﻨﻲ ﺃﻧﻪ ﻻ ﻳﺰﺍﻝ ﻫﻨﺎﻟﻚ ﺃﻣﻞٌ ﻓﻲ ﺗﺮﻭﻳﻀﻚ. .........ﺩﻋﻴﻨﻲ ﺃﻋﺪﻙِ ﺑﺸﻲﺀٍ ﻭﺍﺣﺪٍ ﻋﻠﻰ ﺍﻷﻗﻞ. ﻗﺪ ﺃﻓﻮﺯ ﻋﻠﻴﻚِ ﻓﻲ ﻫﺬﻩ ﺍﻟﻠﻌﺒﺔ، ﻭﻗﺪ ﺃﺧﺴﺮ. ......ﻭﺇﻥ ﻟﻢ ﺗﻌﻮﺩﻱ، ﻓﺴﻴﻜﻮﻥ ﺍﻧﺘﺼﺎﺭًﺍ ﻟﻲ ﺩﻭﻥ ﻗﺘﺎﻝ، ﻻ ﺃﻛﺜﺮ.""","""In that case, there's hope for you yet. .........Let me promise you one thing. In this game with you, I might win, and I might lose. ......It's also possible that it'll be a victory by default for me if you don't come back.""","""In that case, there's hope for you yet. .........Let me promise you one thing. In this game with you, I might win, and I might lose. ......It's also possible that it'll be a victory by default for me if you don't come back.""","""In that case, there's hope for you yet. .........Let me promise you one thing. In this game with you, I might win, and I might lose. ......It's also possible that it'll be a victory by default for me if you don't come back."""
,"At that point, Battler stopped talking for a second.{n}...Then he spoke forcefully.","At that point, Battler stopped talking for a second. ...Then he spoke forcefully. ","At that point, Battler stopped talking for a second....Then he spoke forcefully.",そこで戦人は一度言葉を切る。…そして、力強く言った。,そこで戦人は一度言葉を切る。{n}…そして、力強く言った。,В этот момент Баттлер на секунду выдержал паузу.{n}...А затем с убеждением произнёс.,"Nesse momento, Battler parou de falar por um segundo.{n}...Então ele falou vigorosamente.",在此，战人中断了话语。{n}…然后，重重地说道。,在此，戰人中斷了話語。{n}…然後，重重地說道。,"A quel punto, Battler smise di parlare per un istante. ... Poi riprese con decisione.","At that point, Battler stopped talking for a second.{n}...Then he spoke forcefully.","En ese momento, Battler dejó de hablar por un segundo.{n}... Luego habló con fuerza.",ﺣﻴﻨﻬﺎ، ﺗﻮﻗﻒ ﺑﺎﺗﻠﺮ ﻋﻦ ﺍﻟﺤﺪﻳﺚ ﻟﻠﺤﻈﺔ.{n}...ﺛﻢ ﻋﺎﻭﺩّ ﺍﻟﺤﺪﻳﺚ ﺑﻜﻞّ ﺛﻘﺔ.,"At that point, Battler stopped talking for a second.{n}...Then he spoke forcefully.","At that point, Battler stopped talking for a second.{n}...Then he spoke forcefully.","At that point, Battler stopped talking for a second.{n}...Then he spoke forcefully."
Ushiromiya Battler,""".........However, I definitely won't be the one to step down. I definitely won't give you a victory by default. ......I will keep on waiting here, for you to sit there again as my worthy opponent.""","""......However, I definitely won't be the one to step down. I definitely won't give you a victory by default. ...I'll keep on waiting here for you to sit there again as my worthy opponent."" ",""".........However, I definitely won't be the one to step down. I definitely won't give you a victory by default. ......I will keep on waiting here for you to sit there again as my worthy opponent.""",「………しかし、絶対に俺からは降りない。お前を不戦勝にだけは、絶対にしない。……お前が再び、俺の好敵手としてそこに座るのを、俺はずっとここで待っているぞ。」,「………しかし、絶対に俺からは降りない。お前を不戦勝にだけは、絶対にしない。……お前が再び、俺の好敵手としてそこに座るのを、俺はずっとここで待っているぞ」,""".........Однако я определённо не собираюсь сдаваться. Я однозначно не дам тебе победы по умолчанию. ......Я буду продолжать ждать здесь, пока ты вновь не усядешься здесь в качестве моего достойного соперника.""",""".........Porém, definitivamente não serei eu a desistir. Definitivamente não vou lhe dar uma vitória por desistência. ......Continuarei esperando aqui, para você sentar aí de novo como minha oponente digna.""",「………但是，我绝对不会退出。绝对不会令你，不战而胜。……我会一直在这里等着，等到你再度作为我的好敌手，坐上那个位子。」,「………但是，我絕對不會退出。絕對不會令你，不戰而勝。……我會一直在這裡等著，等到你再度作為我的好敵手，坐上那個位子。」,"""... Tuttavia, non sarò io a tirarmi indietro, assolutamente. Non ti regalerò la vittoria per default. ... Continuerò ad aspettare in questo posto che tu ti sieda di nuovo lì come la mia degna avversaria.""",""".........However, I definitely won't be the one to step down. I definitely won't give you a victory by default. ......I will keep on waiting here, for you to sit there again as my worthy opponent.""","""... Sin embargo, definitivamente no renunciaría. No te daría una victoria por defecto... Así que seguiré esperando a que vuelvas a sentarte aquí como mi digna rival.""",""".........ﻭﻟﻜﻦ، ﺣﺘﻤًﺎ ﻟﻦ ﺃﻏﺎﺩﺭ ﻣﻘﻌﺪﻱ ﻫﺬﺍ. ﻭﻟﻦ ﻳﻜﻮﻥ ﻓﻮﺯﻱ ﻣﺤﺾّ ﻧﺼﺮٍ ﺗﻠﻘﺎﺋﻲ. ......ﺳﺄﻧﺘﻈﺮﻙِ ﻫﻨﺎ ﺇﻟﻰ ﺃﻥ ﺗﺼﺒﺤﻲ ﻣﺆﻫﻠﺔً ﻭﺗﻌﺎﻭﺩﻱ ﺍﻟﺠﻠﻮﺱ ﻫﻨﺎﻙ ﻛﺨﺼﻢٍ ﺟﺪﻳﺮٍ ﺑﻤﻘﻌﺪﻩ.""",""".........However, I definitely won't be the one to step down. I definitely won't give you a victory by default. ......I will keep on waiting here, for you to sit there again as my worthy opponent.""",""".........However, I definitely won't be the one to step down. I definitely won't give you a victory by default. ......I will keep on waiting here, for you to sit there again as my worthy opponent.""",""".........However, I definitely won't be the one to step down. I definitely won't give you a victory by default. ......I will keep on waiting here, for you to sit there again as my worthy opponent."""
Ronove,"""......Battler‐sama...""","""...Battler-sama..."" ","""......Battler-sama...""",「……戦人さま…。」,「……戦人さま…」,"""......Баттлер‐сама...""","""......Battler‐sama...""",「……战人少爷…」,「……戰人少爺…」,"""... Battler-sama...""","""......Battler‐sama...""","""... Battler‐sama...""","""...ﺑﺎﺗﻠﺮ-ﺳﺎﻣﺎ...""","""......Battler‐sama...""","""......Battler‐sama...""","""......Battler‐sama..."""
{f:5:Beatrice},"""...............Thank you, Battler. ...I will definitely come back and be accepted by you.""","""......Thank you, Battler. ...I will definitely...come back and be accepted by you."" ","""............Thank you, Battler. ...I will definitely, come back and be accepted by you.""",「……………ありがとうな。戦人。…妾はきっと、そなたに認められて戻ってくるぞ。」,「……………ありがとうな。戦人。…妾はきっと、そなたに認められて戻ってくるぞ」,"""............Спасибо тебе, Баттлер. ...Я обязательно вернусь, и ты примешь меня.""","""...............Obrigada, Battler. ...Definitivamente voltarei e serei aceita por você.""",「……………谢谢。战人。…妾身一定会得到汝的认同回来的。」,「……………謝謝。戰人。…妾身一定會得到汝的認同回來的。」,"""... Ti ringrazio, Battler. ... Di sicuro io tornerò e sarò accettata da te.""","""...............Thank you, Battler. ...I will definitely come back and be accepted by you.""","""... Gracias, Battler. Definitivamente... volveré y seré aceptada por ti.""","""...............ﺷﻜﺮًﺍ ﻟﻚ ﻳﺎ ﺑﺎﺗﻠﺮ. ...ﺳﻮﻑ ﺃﻋﻮﺩ ﺑﺎﻟﺘﺄﻛﻴﺪ ﻭﺃﺟﻌﻠﻚ ﺗﻌﺘﺮﻑ ﺑﻲ.""","""...............Thank you, Battler. ...I will definitely come back and be accepted by you.""","""...............Thank you, Battler. ...I will definitely come back and be accepted by you.""","""...............Thank you, Battler. ...I will definitely come back and be accepted by you."""
,"Beato showed him a very slightly hopeful smile, and disappeared.","After showing a hopeful smile for a very short while, Beato vanished. ","After showing a hopeful smile for a very short while, Beato hid herself.",ほんの少しだけ望みのある笑顔を見せ、ベアトは姿を消す。,ほんの少しだけ望みのある笑顔を見せ、ベアトは姿を消す。,"После недолгой обнадёживающей улыбки, Беато исчезла.",Beato mostrou a ele um sorriso ligeiramente esperançoso e desapareceu.,露出带有一丝希望的笑容，贝阿朵消去了身形。,露出帶有一絲希望的笑容，貝阿朵消去了身形。,"Dopo aver mostrato un sorriso carico di speranza per un brevissimo istante, Beato svanì.","Beato showed him a very slightly hopeful smile, and disappeared.","Tras mostrar una sonrisa llena de esperanza durante un poco de tiempo, Beato desapareció.",ﺑﻌﺪﻣﺎ ﺃﻇﻬﺮﺕ ﺍﺑﺘﺴﺎﻣﺔ ﻣﻔﻌﻤﺔً ﺑﺎﻷﻣﻞ ﻟﻔﺘﺮﺓ ﻗﺼﻴﺮﺓ، ﺍﺧﺘﻔﺖ ﺑﻴـﺎﺗﻮ.,"Beato showed him a very slightly hopeful smile, and disappeared.","Beato showed him a very slightly hopeful smile, and disappeared.","Beato showed him a very slightly hopeful smile, and disappeared."
,"...Looking at that expression, Battler strongly believed that her face could tell no lies...","...After seeing her expression as she left, Battler was absolutely convinced that her face could tell no lies... ","...Looking at that expression, Battler strongly believed that her face wasn't lying...",…その表情を見て、彼女は自らの表情にウソをつけぬことを、戦人は固く信じるのだった…。,…その表情を見て、彼女は自らの表情にウソをつけぬことを、戦人は固く信じるのだった…。,"...Глядевший на это выражение Баттлер был твёрдо убеждён, что её лицо не лгало...","...Olhando essa expressão, Battler acreditou firmemente que o rosto dela não podia contar mentiras...",…看了这表情，战人确信了，她的表情不会说谎…。,…看了這表情，戰人確信了，她的表情不會說謊…。,"... Nel guardare quell'espressione, Battler credé fortemente che il suo volto non stesse mentendo...","...Looking at that expression, Battler strongly believed that her face could tell no lies...","... Viendo esa expresión, Battler estaba firmemente convencido de que su rostro no estaba mintiendo...",...ﺑﺎﻟﻨﻈﺮ ﺇﻟﻰ ﻭﺟﻬﻬﺎ، ﺁﻣﻦ ﺑﺎﺗﻠﺮ ﺑﺜﻘﺔ ﺃﻥ ﻣﻼﻣﺤﻬﺎ ﺗﻠﻚ ﻟﻴﺴﺖ ﻣﺰﻳﻔﺔ...,"...Looking at that expression, Battler strongly believed that her face could tell no lies...","...Looking at that expression, Battler strongly believed that her face could tell no lies...","...Looking at that expression, Battler strongly believed that her face could tell no lies..."
,"The seven survivors returned to the guesthouse once again.{n}By now, it was clear that those who went outside would not be able to return alive.","The seven survivors returned to the guesthouse once again. By now, it was clear that those who went outside would not return alive. "," The seven survivors returned to the guesthouse once again. By now, it was clear that those who had gone outside would not be able to return alive.",７人の生存者たちは、再びゲストハウスに戻る。表へ出た者が生きては帰れないことは、今や明白だった。,７人の生存者たちは、再びゲストハウスに戻る。{n}表へ出た者が生きては帰れないことは、今や明白だった。,"Семеро выживших в очередной раз вернулись в домик для гостей.{n}В настоящий момент было ясно, что те, кто вышел наружу, лишены шансов вернуться живыми.","Os sete sobreviventes retornaram à casa de hóspedes mais uma vez.{n}Agora, estava claro que aqueles que saíssem não seriam capazes de voltar vivos.",七位生存者再度回到了宾馆。{n}出去之人无法活着回来，在现今，这点成了明确的事实。,七位生存者再度回到了賓館。{n}出去之人無法活著回來，在現今，這點成了明確的事實。,"I sette sopravvissuti tornarono di nuovo alla casa degli ospiti. A quel punto, era chiaro che coloro che si erano recati fuori non sarebbero più stati in grado di ritornare.","The seven survivors returned to the guesthouse once again.{n}By now, it was clear that those who went outside would not be able to return alive.",Los siete supervivientes volvieron a la casa de huéspedes una vez más.{n}Ya estaba claro que los que salieran no podrían volver con vida.,ﻋﺎﺩ ﺍﻟﻨﺎﺟﻮﻥ ﺍﻟﺴﺒﻌﺔ ﺇﻟﻰ ﺑﻴﺖ ﺍﻟﻀﻴﺎﻓﺔ ﻣﺮﺓ ﺃﺧﺮﻯ.{n}ﻟﻘﺪ ﺑﺎﺕ ﻭﺍﺿﺤًﺎ ﺍﻵﻥ ﺃﻥ ﻛﻞ ﻣﻦ ﻳﺬﻫﺐ ﺧﺎﺭﺟًﺎ، ......ﻻ ﻳﻌﻮﺩ ﺣﻴًﺎ.,"The seven survivors returned to the guesthouse once again.{n}By now, it was clear that those who went outside would not be able to return alive.","The seven survivors returned to the guesthouse once again.{n}By now, it was clear that those who went outside would not be able to return alive.","The seven survivors returned to the guesthouse once again.{n}By now, it was clear that those who went outside would not be able to return alive."
,Rudolf's group had gone out holding two guns and one master key. But those had been lost.,Rudolf's group had gone out with two guns and a master key. But those had been lost. ," Rudolf's group had gone out holding two guns and one master key. But those had been lost.",留弗夫たちは２丁の銃と１つのマスターキーを持って出掛けた。しかしそれらは紛失していた。,留弗夫たちは２丁の銃と１つのマスターキーを持って出掛けた。しかしそれらは紛失していた。,Группа Рудольфа вынесла с собой два ружья и один универсальный ключ. Но они были утеряны.,O grupo de Rudolf tinha ido segurando duas armas e uma chave mestra.{n}Mas esses objetos haviam sido perdidos.,留弗夫他们是带着两把枪与总钥匙出门的。可是，这些全都不见了。,留弗夫他們是帶著兩把槍與總鑰匙出門的。可是，這些全都不見了。,Il gruppo di Rudolf era uscito portando con sé due fucili e un passepartout. {n}Ma questi erano andati perduti.,Rudolf's group had gone out holding two guns and one master key. But those had been lost.,El grupo de Rudolf había salido con dos armas y una llave maestra. Pero se habían perdido.,ﻏﺎﺩﺭ ﺭﻭﺩﻭﻟﻒ ﻭﺍﻟﺒﺎﻗﻮﻥ ﻭﻣﻌﻬﻤﺎ ﺳﻼﺣﺎﻥ ﻭﻣﻔﺘﺎﺡ ﺭﺋﻴﺲ ﻭﺍﺣﺪ. ﻟﻜﻨﻬﺎ ﺍﻵﻥ ﻗﺪ ﻓُﻘﺪﺕ.,Rudolf's group had gone out holding two guns and one master key. But those had been lost.,Rudolf's group had gone out holding two guns and one master key. But those had been lost.,Rudolf's group had gone out holding two guns and one master key. But those had been lost.
,It was more than clear by now that they had been stolen by the culprit.,It was already clear that those had been stolen by the culprit. ," It was already clear that those had been stolen by the culprit.",犯人にこれらが奪われたことは、もはや明白だった。,犯人にこれらが奪われたことは、もはや明白だった。,"Теперь было ясно, что они были украдены преступником.",Estava mais do que claro agora que eles tinham sido roubados pelo culpado.,显而易见，是犯人夺走了它们。,顯而易見，是犯人奪走了它們。,Era già chiaro che fossero stati rubati dal colpevole.,It was more than clear by now that they had been stolen by the culprit.,Ya estaba claro que habían sido robadas por el culpable.,ﻻ ﺷﻚّ ﻓﻲ ﺃﻥ ﺍﻟﺠﺎﻧﻲ ﻗﺪ ﺃﺧﺬﻫﻢ.,It was more than clear by now that they had been stolen by the culprit.,It was more than clear by now that they had been stolen by the culprit.,It was more than clear by now that they had been stolen by the culprit.
,"Since the windows were closed with the shutters, they wouldn't open even if the culprit had the master key.","Because the shutters were closed on the windows, they couldn't be opened even if the culprit had a master key. "," Because the shutters were closed on the windows, they wouldn't open even if the culprit had the master key.",窓は鎧戸で閉ざしている為、例えマスターキーがあったとしても開けはしない。,窓は鎧戸で閉ざしている為、例えマスターキーがあったとしても開けはしない。,По этой причине жалюзи на окнах были закрыты и их невозможно было открыть даже с находившимся у преступника главным ключом.,"Como as janelas estavam fechadas com as venezianas, elas não abririam mesmo se o culpado tivesse a chave mestra.",窗户有百叶窗封着，所以即便有总钥匙，也没法从窗户侵入。,窗戶有百葉窗封著，所以即便有總鑰匙，也沒法從窗戶侵入。,"Dal momento che le scuri erano state chiuse, anche se il colpevole disponeva il passepartout, le finestre non si sarebbero aperte.","Since the windows were closed with the shutters, they wouldn't open even if the culprit had the master key.","Dado que las contraventanas estaban cerradas, no podrían abrirlas incluso si el culpable tenía la llave maestra.",ﻟﻜﻦ ﺑﻤّﺎ ﺃﻥ ﺍﻟﻨﻮﺍﻓﺬ ﻣُﻐﻠﻘﺔٌ ﻣﻦ ﺍﻟﺪﺍﺧﻞ، ﻓﻼ ﻳﻤﻜﻦ ﻓﺘﺤﻬﺎ ﺣﺘﻰ ﻟﻮ ﺍﻣﺘﻠﻚ ﺍﻟﺠﺎﻧﻲ ﻣﻔﺘﺎﺣًﺎ ﺭﺋﻴﺴًﺎ.,"Since the windows were closed with the shutters, they wouldn't open even if the culprit had the master key.","Since the windows were closed with the shutters, they wouldn't open even if the culprit had the master key.","Since the windows were closed with the shutters, they wouldn't open even if the culprit had the master key."
,"They sealed the front door and all other doors to the outside with chains, and further blocked them with sofas and tables.","The front and back doors that led to the outside were all sealed by chains, and they were further blocked with sofas and tables. "," The front and back doors that led to the outside were all sealed by chains, and they were further blocked with sofas and tables.",玄関や勝手口などの外へ通じる扉は全てチェーンで閉ざし、さらにはソファーやテーブルなどの什器で塞ぐ。,玄関や勝手口などの外へ通じる扉は全てチェーンで閉ざし、さらにはソファーやテーブルなどの什器で塞ぐ。,"Парадная и задняя двери ведущие наружу, были заперты на цепочку и далее заблокированы диванами и столами.","Eles selaram a porta da frente e todas as outras portas do lado de fora com correntes, bloqueando ainda mais com sofás e mesas.",大门、后门等所有通向外面的门全部锁上了链条锁，并以沙发、桌子等杂物堵了个严严实实。,大門、後門等所有通向外面的門全部鎖上了鏈條鎖，並以沙發、桌子等雜物堵了個嚴嚴實實。,"La porta principale e quella sul retro che comunicavano con l'esterno erano tutte sigillate con le loro catene, ed erano state inoltre bloccate con divani e tavoli.","They sealed the front door and all other doors to the outside with chains, and further blocked them with sofas and tables.","Las puertas delantera y trasera del exterior estaban cerradas con cadenas, y las bloquearon además con sofás y mesas.",ﻛﺬﻟﻚ ﻛﺎﻧﺖ ﻛﻞ ﺍﻷﺑﻮﺍﺏ ﺍﻟﺘﻲ ﺗﺆﺩﻱ ﺇﻟﻰ ﺍﻟﺨﺎﺭﺝ ﻣﻮﺻﺪﺓٌ ﺑﺎﻟﺴﻠﺴﻠﺔ، ﻭﺗﻢ ﺳﺪّﻫﺎ ﺃﻳﻀﺎ ﺑﺎﻷﺭﺍﺋﻚ ﻭﺍﻟﻄﺎﻭﻻﺕ.,"They sealed the front door and all other doors to the outside with chains, and further blocked them with sofas and tables.","They sealed the front door and all other doors to the outside with chains, and further blocked them with sofas and tables.","They sealed the front door and all other doors to the outside with chains, and further blocked them with sofas and tables."
,"Even if the culprit decided to break in through violent means, it wouldn't be easy for them.","Even if the culprit decided to break in through violent means, it wouldn't be easy for them. "," Even if the culprit decided to break in through violent means, it wouldn't be easy for them.",万が一、乱暴な方法で突破しようとしても、簡単には行くまい。,万が一、乱暴な方法で突破しようとしても、簡単には行くまい。,"Даже если преступник решит ворваться силой, их будет непросто достать.","Mesmo se o culpado decidisse arrombar por meios violentos, isso não seria fácil para ele.",即使万一犯人选择了强行突破，也无法轻易得逞。,即使萬一犯人選擇了強行突破，也無法輕易得逞。,"Anche se il colpevole avesse deciso di aprirsi un varco con la violenza, non gli sarebbe stato facile.","Even if the culprit decided to break in through violent means, it wouldn't be easy for them.","Incluso si el culpable decidiera irrumpir por medios violentos, no le sería nada fácil.",ﺑﺤﻴﺚ ﻟﻮ ﻗﺮﺭ ﺍﻟﺠﺎﻧﻲ ﺍﻗﺘﺤﺎﻡ ﺍﻟﻤﻜﺎﻥ ﺑﺄﺳﺎﻟﻴﺐ ﻋﻨﻴﻔﺔ ﻓﻠﻦ ﻳﻜﻮﻥ ﺍﻷﻣﺮ ﺳﻬﻼً ﻋﻠﻴﻪ.,"Even if the culprit decided to break in through violent means, it wouldn't be easy for them.","Even if the culprit decided to break in through violent means, it wouldn't be easy for them.","Even if the culprit decided to break in through violent means, it wouldn't be easy for them."
Ushiromiya Krauss,"""......At this point, the typhoon may actually be fortunate. If it were clear outside, it might have been possible for them to set fire to the guesthouse.""","""...At this point, the typhoon may actually be fortunate. If it were clear outside, it might have been possible for them to set fire to the guesthouse."" ","""......At this point, the typhoon may actually be fortunate. If it were clear outside, it might have been possible for them to set fire to the guesthouse.""",「……台風が、今となってはむしろ幸いかもしれんな。もしも晴れていたなら、ゲストハウスに放火するという手もありえたかもしれん。」,「……台風が、今となってはむしろ幸いかもしれんな。もしも晴れていたなら、ゲストハウスに放火するという手もありえたかもしれん」,"""......В настоящий момент тайфун для нас настоящая удача. Если бы снаружи сейчас было сухо, вполне возможно, они попробовали бы поджечь домик для гостей.""","""......Neste ponto, o tufão pode realmente ser um golpe de sorte. Se o tempo estivesse limpo, podia ter sido possível para ele atear fogo na casa de hóspedes.""",「……事到如今，遇上台风反而算是幸运吧。如果天晴的话，搞不好还会来放火烧宾馆。」,「……事到如今，遇上台風反而算是幸運吧。如果天晴的話，搞不好還會來放火燒賓館。」,"""... In realtà, in questa situazione, il tifone era forse un bene. Se il tempo fosse stato sereno, il colpevole avrebbe potuto dar fuoco alla casa degli ospiti.""","""......At this point, the typhoon may actually be fortunate. If it were clear outside, it might have been possible for them to set fire to the guesthouse.""","""... En este momento, en realidad el tifón puede que sea algo afortunado para nosotros. Si hubiese estado despejado, es posible que hubiesen prendido fuego a la casa de huéspedes.""","""...ﻗﺪ ﻧﻜﻮﻥ ﻣﺤﻈﻮﻇﻴﻦ ﺑﻮﺟﻮﺩ ﺍﻹﻋﺼﺎﺭ. ﻟﻮ ﻛﺎﻥ ﺍﻟﺠﻮ ﺻﺤﻮًﺍ ﻓﻲ ﺍﻟﺨﺎﺭﺝ، ﻟﺮﺑّﻤﺎ ﻓﻜﺮ ﺍﻟﺠﺎﻧﻲ ﻓﻲ ﺇﺿﺮﺍﻡ ﺍﻟﻨﺎﺭ ﻓﻲ ﺑﻴﺖ ﺍﻟﻀﻴﺎﻓﺔ.""","""......At this point, the typhoon may actually be fortunate. If it were clear outside, it might have been possible for them to set fire to the guesthouse.""","""......At this point, the typhoon may actually be fortunate. If it were clear outside, it might have been possible for them to set fire to the guesthouse.""","""......At this point, the typhoon may actually be fortunate. If it were clear outside, it might have been possible for them to set fire to the guesthouse."""
Ushiromiya Eva,"""If there wasn't a typhoon in the first place, the boat would have arrived before noon. I'm not sure you can call that a cloud's silver lining.""","""If there wasn't a typhoon in the first place, the boat would have arrived before noon. That's not much of a silver lining."" ","""If there wasn't a typhoon in the first place, the boat would have arrived before noon. I'm not sure you can call that a cloud's silver lining.""",「そもそも台風でなかったなら、午前中に船が来てたわ。それを不幸中の幸いと言えるかは微妙ね。」,「そもそも台風でなかったなら、午前中に船が来てたわ。それを不幸中の幸いと言えるかは微妙ね」,"""Да если бы не этот тайфун, катер бы прибыл ещё до полудня."" Я бы не называла это удачей.""","""Se não houvesse um tufão, em primeiro lugar, o barco teria chegado antes do meio‐dia. Não tenho certeza se você pode considerar isso como algo bom.""",「说到底，要是没台风，在上午就会来船了。能否将此称为不幸中的万幸，还是有点微妙哦。」,「說到底，要是沒台風，在上午就會來船了。能否將此稱為不幸中的萬幸，還是有點微妙哦。」,"""Se in primo luogo non ci fosse stato il tifone, il motoscafo sarebbe arrivato prima di mezzogiorno. Non sono sicura che in questo caso si possa dire che non tutti i mali vengono per nuocere.""","""If there wasn't a typhoon in the first place, the boat would have arrived before noon. I'm not sure you can call that a cloud's silver lining.""","""Si no hubiese habido un tifón en primer lugar, el barco habría llegado antes del mediodía. No creo que puedas llamarle a eso ser afortunado.""","""ﻟﻮ ﻟﻢ ﻳﻜﻦ ﻫﻨﺎﻙ ﺇﻋﺼﺎﺭٌ ﻓﻲ ﺍﻟﻤﻘﺎﻡ ﺍﻷﻭﻝ، ﻟﻮﺻﻞّ ﺍﻟﻘﺎﺭﺏ ﺍﻟﺬﻱ ﻳُﻘﻠﻨﺎ ﺻﺒﺎﺡ ﻫﺬﺍ ﺍﻟﻴﻮﻡ. ﻻ ﺃﻋﻠﻢ ﺇﻥ ﻛﺎﻥ ﻳﻤﻜﻦ ﺍﻋﺘﺒﺎﺭ ﺫﻟﻚ ﺣﺴﻦ ﺣﻆ ﺃﻳﻀﺎً.""","""If there wasn't a typhoon in the first place, the boat would have arrived before noon. I'm not sure you can call that a cloud's silver lining.""","""If there wasn't a typhoon in the first place, the boat would have arrived before noon. I'm not sure you can call that a cloud's silver lining.""","""If there wasn't a typhoon in the first place, the boat would have arrived before noon. I'm not sure you can call that a cloud's silver lining."""
Ushiromiya Natsuhi,"""......Eva‐san, how are you feeling physically? Please, try to take it easy.""","""...Eva-san, how do you feel? Please, try to take it easy."" ","""......Eva-san, how do you feel? Please, try to take it easy.""",「……絵羽さん、体の具合はいかがですか？　無理をされないようにしてください。」,「……絵羽さん、体の具合はいかがですか？　無理をされないようにしてください」,"""......Ева‐сан, как твоё самочувствие? Пожалуйста, постарайся не напрягать себя.""","""......Eva‐san, como você está se sentindo fisicamente? Por favor, tente pegar leve.""",「……绘羽，身体状况还好吗？请不要勉强自己。」,「……繪羽，身體狀況還好嗎？請不要勉強自己。」,"""... Eva-san, come si sente? Per piacere, cerchi di stare a riposo.""","""......Eva‐san, how are you feeling physically? Please, try to take it easy.""","""... Eva-san, ¿cómo te encuentras? Por favor, intenta tomártelo con calma.""","""...ﻛﻴﻒ ﺗﺸﻌﺮﻳﻦ ﺍﻵﻥ ﻳﺎ ﺇﻳﻔﺎ-ﺳﺎﻣﺎ؟ ﺃﺭﺟﻮﻙِ ﻻ ﺗُﺠﻬﺪﻱ ﻧﻔﺴﻚِ.""","""......Eva‐san, how are you feeling physically? Please, try to take it easy.""","""......Eva‐san, how are you feeling physically? Please, try to take it easy.""","""......Eva‐san, how are you feeling physically? Please, try to take it easy."""
Ushiromiya Eva,"""Thank you. ...I still have a temperature, but now isn't the time to be saying things like that. ......Now is not the time to be stuck in bed, for the children's sake as well.""","""Thank you. ...I still feel like I have a fever, but this is no time to complain about that. ...For the children's sake as well, this is no time to be bedridden."" ","""Thank you. ...I still feel a fever, but now isn't the time to talk about that. ......Now is not the time to fall asleep, for the children's sake as well.""",「ありがとう。…熱はまだ感じるけど、そんなことを言ってる場合じゃないわ。……子どもの為にも、今は寝込んでる場合じゃない。」,「ありがとう。…熱はまだ感じるけど、そんなことを言ってる場合じゃないわ。……子どもの為にも、今は寝込んでる場合じゃない」,"""Спасибо. ...Я пока ещё чувствую жар, но сейчас не время говорить об этом. ......Сейчас не время для сна, ради детей мы должны держаться.""","""Obrigada. ...Ainda tenho febre, mas agora não é a hora de dizer coisas assim. ......Agora não é a hora de ficar presa na cama, pelo bem das crianças.""",「谢谢。…感觉还是有点热度，但现在不是说这种事的时候。……就算是为了孩子们，我也不能去躺着。」,「謝謝。…感覺還是有點熱度，但現在不是說這種事的時候。……就算是為了孩子們，我也不能去躺著。」,"""Grazie. ... Mi sento ancora la febbre addosso, ma ora non è il momento di discuterne. ... Non è il momento di riposare, anche per il bene dei ragazzi.""","""Thank you. ...I still have a temperature, but now isn't the time to be saying things like that. ......Now is not the time to be stuck in bed, for the children's sake as well.""","""Gracias... Aún siento que tengo algo de fiebre, pero no es hora de hablar de eso. No es el momento de quedarse dormido, por el bien de los niños.""","""ﺃﺷﻜﺮﻙِ. ...ﻣﺎ ﺯﻟﺖُ ﺃﺷﻌﺮ ﺑﺒﻌﺾ ﺍﻟﺤﻤﻰ، ﻟﻜﻦ ﻫﺬﺍ ﻟﻴﺲ ﺍﻟﻮﻗﺖ ﺍﻟﻤﻨﺎﺳﺐ ﻟﻠﺘﺸﻜﻲ ﻣﻦ ﺫﻟﻚ. ......ﻋﻠﻲّ ﺍﻟﺘﺤﻤّﻞ ﻣﻦ ﺃﺟﻞ ﻣﺼﻠﺤﺔ ﺍﻷﻃﻔﺎﻝ ﺃﻳﻀًﺎ.""","""Thank you. ...I still have a temperature, but now isn't the time to be saying things like that. ......Now is not the time to be stuck in bed, for the children's sake as well.""","""Thank you. ...I still have a temperature, but now isn't the time to be saying things like that. ......Now is not the time to be stuck in bed, for the children's sake as well.""","""Thank you. ...I still have a temperature, but now isn't the time to be saying things like that. ......Now is not the time to be stuck in bed, for the children's sake as well."""
,"After crying so much in front of Hideyoshi's body, Eva had now gained a strong self‐awareness that she was a mother, and her expression conveyed a strong will.","After crying so much in front of Hideyoshi's corpse, Eva had felt a strong self-awareness of her position as a mother, and her expression conveyed a strong will. ","After crying so much in front of Hideyoshi's corpse, Eva had felt a strong self-awareness that she was a mother, and her expression conveyed a strong will.",あれほどに秀吉の遺体の前で涙を流した絵羽は、今では母の強い自覚を持ち、強い意志を感じさせる表情を浮かべていた。,あれほどに秀吉の遺体の前で涙を流した絵羽は、今では母の強い自覚を持ち、強い意志を感じさせる表情を浮かべていた。,"После долгого плача над трупом Хидэёши, Ева ощутила твёрдое самосознание матери, и выражение её лица отражало сильную волю.","Depois de chorar tanto na frente do corpo de Hideyoshi, Eva tinha ganho agora uma forte autoconsciência de que ela era uma mãe, e sua expressão demonstrava uma vontade resoluta.",在秀吉遗体前泪如雨下的绘羽，此刻已具有作为人母的强烈自觉，浮现出了能令人感受到强烈意志的表情。,在秀吉遺體前淚如雨下的繪羽，此刻已具有作為人母的強烈自覺，浮現出了能令人感受到強烈意志的表情。,"Dopo aver pianto a lungo davanti al cadavere di Hideyoshi, Eva aveva realizzato appieno il suo ruolo di Madre, e dalla sua espressione trasudava una grande forza di volontà.","After crying so much in front of Hideyoshi's body, Eva had now gained a strong self‐awareness that she was a mother, and her expression conveyed a strong will.","Después de tanto llorar sobre el cadáver de Hideyoshi, Eva había sentido una fuerte conciencia de que era madre, y su expresión se volvió fuerte.",ﺑﻌﺪ ﺃﻥ ﺑﻜﺖّ ﻛﻔﺎﻳﺘﻬﺎ ﺃﻣﺎﻡ ﺟﺜﺔ ﻫﻴﺪﻳﻮﺷﻲ، ﺷﻌﺮﺕ ﺇﻳﻔﺎ ﺑﺈﺩﺭﺍﻙ ﺫﺍﺗﻲ ﻗﻮﻱ ﻟﻤﻜﺎﻧﺘﻬﺎ ﻛﺄﻡ، ﻭﻋﺒَّﺮﺕ ﻣﻼﻣﺤﻬﺎ ﻋﻦ ﺫﻟﻚ ﺑﺈﺭﺍﺩﺓ ﻗﻮﻳﺔ.,"After crying so much in front of Hideyoshi's body, Eva had now gained a strong self‐awareness that she was a mother, and her expression conveyed a strong will.","After crying so much in front of Hideyoshi's body, Eva had now gained a strong self‐awareness that she was a mother, and her expression conveyed a strong will.","After crying so much in front of Hideyoshi's body, Eva had now gained a strong self‐awareness that she was a mother, and her expression conveyed a strong will."
,"...Actually, her fever still hadn't gone down.","...In actual fact, her fever still hadn't gone down. ","...Actually, her fever still hadn't gone down.",…実際には、彼女の熱はまだ引いてはいない。,…実際には、彼女の熱はまだ引いてはいない。,...На деле её жар всё ещё не спал.,"...Na verdade, a febre dela ainda não tinha baixado.",…实际上，她的烧还没有退。,…實際上，她的燒還沒有退。,"... In realtà, la sua febbre non era scesa.","...Actually, her fever still hadn't gone down.","... En realidad, la fiebre aún no había bajado.",...ﻓﻲ ﺍﻟﻮﺍﻗﻊ، ﻟﻢ ﺗﻨﺨﻔﺾ ﺣﺮﺍﺭﺗﻬﺎ.,"...Actually, her fever still hadn't gone down.","...Actually, her fever still hadn't gone down.","...Actually, her fever still hadn't gone down."
,"And she was aware of that. Whenever she wasn't galvanizing herself, she felt the fever starting to make her mind hazy again.","And she was aware of that. If she didn't keep a strong hold on herself, she felt as though the fever would make her mind hazy again. "," And she was aware of that. If she didn't keep a strong hold on herself, she felt as though the fever would make her mind hazy again.",それは彼女も自覚している。自らを奮い立たせなければ、熱で再び朦朧としてくるのを感じていた。,それは彼女も自覚している。自らを奮い立たせなければ、熱で再び朦朧としてくるのを感じていた。,"И ей было известно об этом. Если бы она не воодушевила сама себя, она чувствовала, что жар снова может затуманить её разум.","E ela estava ciente disso. Quando ela não estava se galvanizando, ela sentia a febre começar a deixar sua mente nebulosa de novo.",她也自知这一点。感觉到了，如果她不自行振作精神的话，就会再度烧得意识朦胧。,她也自知這一點。感覺到了，如果她不自行振作精神的話，就會再度燒得意識朦朧。,"E lei ne era consapevole. Sentiva che se non avesse mantenuto un controllo ferreo su di sé, la febbre le avrebbe di nuovo annebbiato la mente.","And she was aware of that. Whenever she wasn't galvanizing herself, she felt the fever starting to make her mind hazy again.","Y ella era consciente de ello. Sentía que si no se mantenía a sí misma con una actitud fuerte, la fiebre podría provocar que se le nublara la mente de nuevo.",ﻭﻫﻲ ﺃﺩﺭﻯ ﺑﺬﻟﻚ. ﻭﻟﻜﻦ ﺇﺫﺍ ﻟﻢ ﺗُﺴﻴﻄﺮ ﻋﻠﻰ ﻧﻔﺴﻬﺎ، ﻓﻘﺪ ﺗﺘﻤﻜﻦ ﻣﻨﻬﺎ ﺍﻟﺤﻤﻰ ﻭﺗﺆﺛﺮ ﻋﻠﻰ ﻋﻘﻠﻬﺎ ﻣﺮﺓ ﺍﺧﺮﻯ.,"And she was aware of that. Whenever she wasn't galvanizing herself, she felt the fever starting to make her mind hazy again.","And she was aware of that. Whenever she wasn't galvanizing herself, she felt the fever starting to make her mind hazy again.","And she was aware of that. Whenever she wasn't galvanizing herself, she felt the fever starting to make her mind hazy again."
,"By this point, the first floor was a final line of defense made by Krauss, Natsuhi, and Eva.{n}The children and the guest, Nanjo, had been strongly warned not to carelessly come downstairs.","By this point, the first floor formed a final line of defense set up by Krauss, Natsuhi, and Eva. The children and the guest, Nanjo, had been strongly warned not to go downstairs without taking great care. "," By this point, the first floor was a final line of defense made by Krauss, Natsuhi, and Eva. The children and the guest, Nanjo, had been strongly warned not to carelessly go downstairs.",１階はもはや、蔵臼と夏妃と絵羽による最終防衛線だった。子どもたちと客人の南條には、迂闊に１階に降りてきてはいけないと強く言ってある。,１階はもはや、蔵臼と夏妃と絵羽による最終防衛線だった。{n}子どもたちと客人の南條には、迂闊に１階に降りてきてはいけないと強く言ってある。,"К этому моменту второй этаж оставался последней линией обороны, созданной Крауссом, Нацухи и Евой.{n}Детей и гостя, Нанджо, настоятельно попросили не спускаться вниз без острой нужды.","Neste momento, o primeiro andar era uma linha final de defesa feita por Krauss, Natsuhi e Eva.{n}As crianças e Nanjo tinham sido firmemente alertados para não descerem as escadas descuidadamente.",一楼已变成了藏臼、夏妃、绘羽三人构成的最终防卫线。{n}重重警告过了孩子们与客人南条，不准大意地来到一楼。,一樓已變成了藏臼、夏妃、繪羽三人構成的最終防衛線。{n}重重警告過了孩子們與客人南條，不准大意地來到一樓。,"A questo punto, il piano terra era l'ultima linea di difesa sorretta da Krauss, Natsuhi, ed Eva. Ai ragazzi e all'ospite, Nanjo, era stato caldamente raccomandato di non fare la sciocchezza di scendere giù.","By this point, the first floor was a final line of defense made by Krauss, Natsuhi, and Eva.{n}The children and the guest, Nanjo, had been strongly warned not to carelessly come downstairs.","En este punto, el primer piso era la línea defensiva final construida por Krauss, Natsuhi y Eva.{n}Los niños y el invitado, Nanjo, fueron estrictamente avisados de no bajar las escaleras descuidadamente.",ﻋﻨﺪ ﻫﺬﻩ ﺍﻟﻨﻘﻄﺔ، ﻗﺮّﺭ ﻛﻞٌّ ﻣﻦ ﻛﺮﺍﻭﺱ ﻭﻧﺎﺗﺴﻮﻫﻲ ﻭﺇﻳﻔﺎ ﺗﺸﻜﻴﻞ ﺑﺆﺭﺓ ﺩﻓﺎﻉ ﺃﺧﻴﺮﺓ ﻓﻲ ﺍﻟﻄﺎﺑﻖ ﺍﻷﻭﻝ.{n}ﻭﻃﻠﺒﻮﺍ ﻣﻦ ﺍﻷﻃﻔﺎﻝ ﻭﻧﺎﻧﺠﻮ ﺍﻟﺼﻌﻮﺩ ﺇﻟﻰ ﺍﻟﻄﺎﺑﻖ ﺍﻟﻌﻠﻮﻱ ﻣﻊ ﺗﺤﺬﻳﺮٍ ﺷﺪﻳﺪ ﺑﻌﺪّﻡ ﺍﻟﻨﺰﻭﻝ ﺩﻭﻥ ﺗﻮﺧﻲ ﺍﻟﺤﺬّﺭ.,"By this point, the first floor was a final line of defense made by Krauss, Natsuhi, and Eva.{n}The children and the guest, Nanjo, had been strongly warned not to carelessly come downstairs.","By this point, the first floor was a final line of defense made by Krauss, Natsuhi, and Eva.{n}The children and the guest, Nanjo, had been strongly warned not to carelessly come downstairs.","By this point, the first floor was a final line of defense made by Krauss, Natsuhi, and Eva.{n}The children and the guest, Nanjo, had been strongly warned not to carelessly come downstairs."
,"If the culprit used a ladder or something, it probably wouldn't be impossible for them to attack from upstairs.","If the culprit used a ladder or something, it probably wouldn't be impossible for them to attack from the second floor. "," If the culprit used a ladder or something, it probably wouldn't be impossible for them to attack from the second floor.",梯子などを用いれば、２階から襲うことは不可能ではないだろう。,梯子などを用いれば、２階から襲うことは不可能ではないだろう。,"Если преступник использует лестницу или что‐то подобное, вероятно, для него не станет проблемой устроить нападение со второго этажа.","Se o culpado usasse uma escada ou algo assim, provavelmente não seria impossível atacar de cima.",若是有梯子之类的东西，那从二楼侵入也并非不可能。,若是有梯子之類的東西，那從二樓侵入也並非不可能。,"Se il colpevole avesse usato una scala o qualcosa di simile, probabilmente gli sarebbe stato possibile attaccare dal secondo piano.","If the culprit used a ladder or something, it probably wouldn't be impossible for them to attack from upstairs.","Si el culpable usara una escalera o algo por el estilo, no le sería imposible atacar desde el segundo piso.",ﻗﺪ ﻻ ﻳﻜﻮﻥ ﻣﻦ ﺍﻟﺼﻌﺐ ﻋﻠﻰ ﺍﻟﺠﺎﻧﻲ ﺍﻟﻬﺠﻮﻡ ﻋﻠﻰ ﺍﻟﻄﺎﺑﻖ ﺍﻟﺜﺎﻧﻲ ﺇﺫﺍ ﺍﺳﺘﺨﺪﻡ ﺳﻠﻤًﺎ ﺃﻭ ﻣﺎ ﺷﺎﺑﻪ.,"If the culprit used a ladder or something, it probably wouldn't be impossible for them to attack from upstairs.","If the culprit used a ladder or something, it probably wouldn't be impossible for them to attack from upstairs.","If the culprit used a ladder or something, it probably wouldn't be impossible for them to attack from upstairs."
,But it wouldn't be easy for them to break those sturdy shutters from such an unstable position. It was comparatively safer upstairs compared to downstairs.,But it wouldn't be easy for them to break those sturdy shutters from such an insecure position. The second floor was relatively safe compared to the first. ," But it wouldn't be easy for them to break those sturdy shutters from such an insecure position. The second floor was safe compared to the first.",しかし、厳重な鎧戸をその不安定な足場から打ち破ることは、容易なことではない。２階は１階に比べて安全なのだ。,しかし、厳重な鎧戸をその不安定な足場から打ち破ることは、容易なことではない。２階は１階に比べて安全なのだ。,"Но ему будет довольно непросто пробить эти крепкие ставни, балансируя на скользкой почве. Второй этаж был значительно безопасней по сравнению с первым.",Mas não seria fácil quebrar aquelas venezianas robustas a partir de uma posição tão instável. O andar de cima era mais seguro comparado ao de baixo.,不过，脚下不稳，是难以攻破封得死死的百叶窗的。二楼比一楼要安全。,不過，腳下不穩，是難以攻破封得死死的百葉窗的。二樓比一樓要安全。,Ma in una posizione così poco stabile non gli sarebbe stato facile rompere le imposte massicce. Il secondo piano era sicuro messo a confronto col primo.,But it wouldn't be easy for them to break those sturdy shutters from such an unstable position. It was comparatively safer upstairs compared to downstairs.,Pero no sería fácil que rompiesen las contraventanas desde una posición tan insegura. El segundo piso era seguro en comparación con el primero.,ﻟﻜﻦ، ﻟﻦ ﻳﻜﻮﻥ ﻣﻦ ﺍﻟﺴﻬﻞ ﻋﻠﻴﻪ ﻛﺴﺮ ﺃﻗﻔﺎﻝ ﺍﻟﻨﺎﻓﺬﺓ ﺍﻟﻘﻮﻳﺔ ﻭﻫﻮ ﻓﻲ ﺗﻠﻚ ﺍﻟﻮﺿﻌﻴﺔ ﻏﻴﺮ ﺍﻵﻣﻨﺔ. ﻳﻤﻜﻦ ﺍﻟﻘﻮﻝ ﺑﺄﻥ ﺍﻟﻄﺎﺑﻖ ﺍﻟﺜﺎﻧﻲ ﻛﺎﻥ ﺁﻣﻨًﺎ ﻧﺴﺒﻴًﺎ ﻣﻘﺎﺭﻧﺔً ﺑﺎﻟﻄﺎﺑﻖ ﺍﻷﻭﻝ.,But it wouldn't be easy for them to break those sturdy shutters from such an unstable position. It was comparatively safer upstairs compared to downstairs.,But it wouldn't be easy for them to break those sturdy shutters from such an unstable position. It was comparatively safer upstairs compared to downstairs.,But it wouldn't be easy for them to break those sturdy shutters from such an unstable position. It was comparatively safer upstairs compared to downstairs.
,"Battler and George had hoped to remain downstairs as well, to fight in the worst case scenario, but Eva had rejected that.","Battler and George had also wanted to remain on the first floor so that they could fight if the worst happened, but Eva had put a stop to that. "," Battler and George had hoped they could also remain on the first floor, to fight in the worst case scenario, but Eva had rejected that.",戦人や譲治は、自分たちも１階にいて、万一の際には戦いたいと希望したが、絵羽が一蹴した。,戦人や譲治は、自分たちも１階にいて、万一の際には戦いたいと希望したが、絵羽が一蹴した。,"Баттлер и Джордж надеялись, что им тоже позволят остаться на первом этаже, чтобы бороться в самом наихудшем случае, но Ева отказала им.","Battler e George esperavam poder permanecer no andar de baixo, para lutar na pior das hipóteses, mas Eva havia rejeitado isso.",战人与让治提出了，自己也待在一楼，想在有个万一时参与战斗，不过，被绘羽断然拒绝了。,戰人與讓治提出了，自己也待在一樓，想在有個萬一時參與戰鬥，不過，被繪羽斷然拒絕了。,"Battler e George avevano a loro volta sperato di poter restare al piano terra, per combattere nella peggiore dell'eventualità, ma Eva aveva rifiutato.","Battler and George had hoped to remain downstairs as well, to fight in the worst case scenario, but Eva had rejected that.","Battler y George esperaban quedarse abajo también, para luchar en el peor de los casos, pero Eva lo impidió.",ﺃﺭﺍﺩ ﺑﺎﺗﻠﺮ ﻭﺟﻮﺭﺝ ﺃﻳﻀًﺎ ﺍﻟﺒﻘﺎﺀ ﻓﻲ ﺍﻟﻄﺎﺑﻖ ﺍﻷﻭﻝ ﺣﺘﻰ ﻳﺘﻤﻜﻨﺎ ﻣﻦ ﺍﻟﻘﺘﺎﻝ ﺇﺫﺍ ﻣﺎ ﺣﺪﺙ ﺍﻷﺳﻮﺃ، ﻟﻜﻦ ﺇﻳﻔﺎ ﻭﺿﻌّﺖ ﺣﺪًﺍ ﻟﺬﻟﻚ.,"Battler and George had hoped to remain downstairs as well, to fight in the worst case scenario, but Eva had rejected that.","Battler and George had hoped to remain downstairs as well, to fight in the worst case scenario, but Eva had rejected that.","Battler and George had hoped to remain downstairs as well, to fight in the worst case scenario, but Eva had rejected that."
,"In her mind, George was now her only family.{n}It seemed that she didn't even want to expose him to the danger of coming downstairs to the first floor.","In her mind, George was now the only member of her family. It seemed that she didn't even want to expose him to the danger of coming downstairs to the first floor. "," In her mind, George was now the only member of her family. It seemed that she didn't even want to expose him to the danger of coming downstairs to the first floor.",彼女にとって、譲治はもはや唯一の家族。１階に下りるという危険さえ冒させたくないらしい。,彼女にとって、譲治はもはや唯一の家族。{n}１階に下りるという危険さえ冒させたくないらしい。,"По её мнению, Джордж оставался теперь единственным членом её семьи.{n}Было похоже, что она даже не желает подвергать его риску нахождения на первом этаже.","Na mente dela, George agora era sua única família.{n}Parecia que ela não queria nem mesmo expô‐lo ao perigo de descer ao primeiro andar.",对她来说，让治已是唯一的家人。{n}似乎是连置身一楼的危险都不愿他冒。,對她來說，讓治已是唯一的家人。{n}似乎是連置身一樓的危險都不願他冒。,"Nella sua mente, adesso George era l'unico membro della sua famiglia. Apparentemente non voleva esporlo nemmeno al rischio di scendere al piano terra.","In her mind, George was now her only family.{n}It seemed that she didn't even want to expose him to the danger of coming downstairs to the first floor.","En su mente, George era ahora su única familia.{n}Parecía que ni siquiera quería exponerle al peligro de estar en el primer piso.",ﻓﺒﺎﻟﻨﺴﺒﺔ ﻟﻬﺎ، ﺟﻮﺭﺝ ﻫﻮ ﻛﻞ ﻣﺎ ﺗﺒﻘﻰ ﻟﻬﺎ ﻣﻦ ﻋﺎﺋﻠﺔ.{n}ﻭﻳﺒﺪﻭ ﺃﻧّﻬﺎ ﻻ ﺗﺮﻳﺪ ﺣﺘﻰ ﺗﻌﺮﻳﻀﻪ ﻟﺨﻄّﺮ ﺍﻟﻨﺰﻭﻝ ﺇﻟﻰ ﺍﻟﻄﺎﺑﻖ ﺍﻷﻭﻝ.,"In her mind, George was now her only family.{n}It seemed that she didn't even want to expose him to the danger of coming downstairs to the first floor.","In her mind, George was now her only family.{n}It seemed that she didn't even want to expose him to the danger of coming downstairs to the first floor.","In her mind, George was now her only family.{n}It seemed that she didn't even want to expose him to the danger of coming downstairs to the first floor."
,Krauss and Natsuhi could also understand that feeling.,Krauss and Natsuhi could understand that feeling. ," Krauss and Natsuhi could also understand that feeling.",その気持ちは、蔵臼夫妻にとっても理解できるものだった。,その気持ちは、蔵臼夫妻にとっても理解できるものだった。,Краусс и Нацухи также очень хорошо понимали эти чувства.,Krauss e Natsuhi também conseguiam entender esse sentimento.,藏臼夫妻也很是理解她的这份心情。,藏臼夫妻也很是理解她的這份心情。,Anche Krauss e Natsuhi potevano comprendere il suo stato d'animo.,Krauss and Natsuhi could also understand that feeling.,Krauss y Natsuhi la comprendieron.,ﻭﻛﺎﻥ ﻫﺬﺍ ﺍﻟﺸﻌﻮﺭ ﻣﻔﻬﻮﻣًﺎ ﺗﻤﺎﻣًﺎ ﻟﺪﻯ ﻛﺮﺍﻭﺱ ﻭﺯﻭﺟﺘﻪ ﻧﺎﺗﺴﻮﻫﻲ.,Krauss and Natsuhi could also understand that feeling.,Krauss and Natsuhi could also understand that feeling.,Krauss and Natsuhi could also understand that feeling.
,......A great deal of time had now passed since they once again barricaded themselves in.,"...Also, a great deal of time had passed since the siege began. ","......Since this siege began, a great deal of time had passed.",……そして、その篭城から、短くない時間が経過した。,……そして、その篭城から、短くない時間が経過した。,"......С тех пор, как началась эта осада, минуло уже довольно много времени.",......Uma grande quantidade de tempo tinha se passado desde que eles se haviam se barricado mais uma vez.,……接着，从开始笼城起，经过了一段不短的时间。,……接著，從開始籠城起，經過了一段不短的時間。,... Era passato molto tempo dall'inizio dell'assedio.,......A great deal of time had now passed since they once again barricaded themselves in.,... Ya había pasado mucho tiempo desde que volvieron a atrincherarse.,......ﻟﻘﺪ ﻣﻀﻰ ﻭﻗﺖٌ ﻟﻴﺲ ﺑﻘﺼﻴﺮ ﻣﻨﺬ ﺃﻥ ﺣﺼﻨّﻮﺍ ﺃﻧﻔﺴﻬﻢ ﺩﺍﺧﻞ ﺍﻟﻐﺮﻑ ﻣﺠﺪﺩًﺍ.,......A great deal of time had now passed since they once again barricaded themselves in.,......A great deal of time had now passed since they once again barricaded themselves in.,......A great deal of time had now passed since they once again barricaded themselves in.
,"In the cousins' room upstairs, Battler, George, and Jessica were sitting dazed, their ears not even registering the TV that had been left on.","In the second floor cousins' room, Battler, George, and Jessica sat dazed... and didn't even listen to the TV that had been left on. "," In the second floor cousins' room, Battler, George, and Jessica were dazed, and didn't even listen to the TV that had been left on.",２階のいとこ部屋では、戦人と譲治と朱志香の３人が、付けっ放したテレビに耳も傾けず、ぼんやりと放心していた。,２階のいとこ部屋では、戦人と譲治と朱志香の３人が、付けっ放したテレビに耳も傾けず、ぼんやりと放心していた。,"В комнате для кузенов и кузин сидели впавшие в прострацию Баттлер, Джордж и Джессика, даже не слушавшие телевизор, оставленный включённым.","No quarto dos primos no andar de cima, Battler, George e Jessica estavam sentados, atordoados, com seus ouvidos nem ao menos registrando o que era dito na televisão que havia sido deixada ligada.",在二楼堂兄妹房间中，战人、让治、朱志香三人，无视开着的电视，神情恍惚地发着呆。,在二樓堂兄妹房間中，戰人、讓治、朱志香三人，無視開著的電視，神情恍惚地發著呆。,"Nella stanza dei cugini al secondo piano, Battler, George, e Jessica erano intontiti, e non prestavano nemmeno attenzione alla TV che era stata lasciata accesa.","In the cousins' room upstairs, Battler, George, and Jessica were sitting dazed, their ears not even registering the TV that had been left on.","En la habitación de los primos, en la segunda planta, Battler, George, y Jessica estaban confundidos, y ni siquiera escuchaban la televisión que habían encendido.",ﻓﻲ ﻏﺮﻓﺔ ﺃﺑﻨﺎﺀ ﺍﻟﻌﻤﻮﻣﺔ ﺑﺎﻟﻄﺎﺑﻖ ﺍﻟﺜﺎﻧﻲ، ﺟﻠﺲ ﺑﺎﺗﻠﺮ ﻭﺟﻮﺭﺝ ﻭﺟﻴﺴﻴﻜﺎ ﻓﻲ ﺣﺎﻟﺔ ﺫﻫﻮﻝ، ﻟﻢ ﻳُﻠﻘﻮﺍ ﺑﺎﻻً ﺣﺘﻰ ﻟﻠﺘﻠﻔﺎﺯ ﺍﻟﺬﻱ ﺗُﺮﻙ ﻣﻔﺘﻮﺣًﺎ.,"In the cousins' room upstairs, Battler, George, and Jessica were sitting dazed, their ears not even registering the TV that had been left on.","In the cousins' room upstairs, Battler, George, and Jessica were sitting dazed, their ears not even registering the TV that had been left on.","In the cousins' room upstairs, Battler, George, and Jessica were sitting dazed, their ears not even registering the TV that had been left on."
,"For a while, Nanjo had been with them, and had tried to send them words to cheer them up, but when he realized that he might actually be having the opposite effect, he disappeared into his own upstairs room.","For a while, Nanjo had been with them and had tried to lend them words of encouragement, but when he realized that he might actually be having the opposite effect, he hid himself in his own room on the same second floor. "," For a while, Nanjo had been with them, and had tried to send them words of encouragement, but when he realized that he might actually be having the opposite effect, he had hid himself in his own room on the same second floor.",しばらくの間、南條も一緒にいてくれて、彼らを励ますような言葉を掛けてくれたのだが、それはむしろ逆効果かもしれないと気付き、同じ２階の自室に姿を消していた。,しばらくの間、南條も一緒にいてくれて、彼らを励ますような言葉を掛けてくれたのだが、それはむしろ逆効果かもしれないと気付き、同じ２階の自室に姿を消していた。,"Нанджо провёл какое‐то время вместе с ними, пытаясь подбодрить их словами поддержки, но когда понял, что может добиться совершенно противоположного эффекта, то укрылся в своей комнате на втором этаже.","Por um momento, Nanjo tinha estado com eles, tentando dar palavras de ânimo, mas quando ele percebeu que isso podia na verdade estar tendo o efeito oposto, ele desapareceu em seu próprio quarto no andar de cima.",虽然有一段时间，南条也在陪着他们，鼓励着他们，但注意到这或许会起到反效果后，他就回了二楼自己的房间。,雖然有一段時間，南條也在陪著他們，鼓勵著他們，但注意到這或許會起到反效果後，他就回了二樓自己的房間。,"Nanjo era stato con loro per un po' di tempo, e aveva cercato di offrirgli parole d'incoraggiamento, ma quando si era accorto che in realtà stava probabilmente ottenendo l'effetto contrario, si era eclissato nella sua stanza sempre al secondo piano.","For a while, Nanjo had been with them, and had tried to send them words to cheer them up, but when he realized that he might actually be having the opposite effect, he disappeared into his own upstairs room.","Durante un rato, Nanjo estuvo con ellos, y trató de animarlos, pero al darse cuenta de que quizás estaba obteniendo el efecto contrario, se fue a su habitación de la misma planta.",ﺃﻣّﺎ ﻧﺎﻧﺠﻮ ﻓﻘﺪ ﺣﺎﻭﻝ ﺇﻣﺪﺍﺩﻫﻢ ﺑﻜﻠﻤﺎﺕ ﻣﺸﺠﻌﺔ، ﻭﻟﻜﻨّﻪ ﺃﺩﺭﻙ ﺃﻥ ﺫﻟﻚ ﻗﺪ ﻳﻜﻮﻥ ﺫﻭ ﺗﺄﺛﻴﺮ ﻣﻌﺎﻛﺲ، ﻟﺬﺍ ﺭﺣﻞ ﺑﻬﺪﻭﺀ ﻭﺍﺧﺘﺒﺊ ﺩﺍﺧﻞ ﻏﺮﻓﺘﻪ ﺍﻟﺨﺎﺻﺔ ﻓﻲ ﻧﻔﺲ ﺍﻟﻄﺎﺑﻖ ﺍﻟﺜﺎﻧﻲ.,"For a while, Nanjo had been with them, and had tried to send them words to cheer them up, but when he realized that he might actually be having the opposite effect, he disappeared into his own upstairs room.","For a while, Nanjo had been with them, and had tried to send them words to cheer them up, but when he realized that he might actually be having the opposite effect, he disappeared into his own upstairs room.","For a while, Nanjo had been with them, and had tried to send them words to cheer them up, but when he realized that he might actually be having the opposite effect, he disappeared into his own upstairs room."
,George kept looking dazedly at the photographs inserted in his notebook.,George kept looking dazedly at the photographs inserted in his notebook. ," George kept looking dazedly at the photographs inserted in his notebook.",譲治は手帳に挟んでいた写真を、ずっとぼんやりと見続けている。,譲治は手帳に挟んでいた写真を、ずっとぼんやりと見続けている。,Джордж в ступоре глядел на фотографии в своём фотоальбоме.,George continuou olhando atordoado para as fotografias inseridas em seu pequeno caderno de bolso.,让治一直呆呆地望着，夹在小册子里的照片。,讓治一直呆呆地望著，夾在小冊子裡的照片。,George continuava a fissare le foto nel suo taccuino con aria inebetita.,George kept looking dazedly at the photographs inserted in his notebook.,George seguía mirando aturdido las fotografías insertadas en su cuaderno.,ﻇﻞّ ﺟﻮﺭﺝ ﻳﻨﻈﺮ ﺑﺄﺳﻰ ﺇﻟﻰ ﺑﻌﺾ ﺍﻟﺼﻮﺭ ﻓﻲ ﻣﺬﻛﺮﺗﻪ.,George kept looking dazedly at the photographs inserted in his notebook.,George kept looking dazedly at the photographs inserted in his notebook.,George kept looking dazedly at the photographs inserted in his notebook.
,......They were from that time he had taken a vacation to Okinawa with Shannon.,...It was from the time he'd taken a vacation to Okinawa with Shannon. ,"......It was from that time he had taken a vacation to Okinawa with Shannon.",……それは以前、紗音と一緒に行った、沖縄旅行の時のもの。,……それは以前、紗音と一緒に行った、沖縄旅行の時のもの。,......Они были сделаны во время его отпуска на Окинаву вместе с Шаннон.,......Elas eram daquele tempo em que ele tinha tirado férias em Okinawa junto com Shannon.,……这是以前，他与纱音一起去冲绳旅行时拍的照。,……這是以前，他與紗音一起去沖繩旅行時拍的照。,... Erano di quella volta in cui era stato in vacanza ad Okinawa con Shannon.,......They were from that time he had taken a vacation to Okinawa with Shannon.,... Eran del tiempo que pasó de vacaciones en Okinawa con Shannon.,......ﻟﻘﺪ ﻛﺎﻧﺖ ﺻﻮﺭًﺍ ﺍﻟﺘﻘﻄﻬﺎ ﻣﻦ ﺭﺣﻠﺘﻪ ﻣﻊ ﺷﺎﻧﻮﻥ ﺇﻟﻰ ﺃﻭﻛﻴﻨﺎﻭﺍ.,......They were from that time he had taken a vacation to Okinawa with Shannon.,......They were from that time he had taken a vacation to Okinawa with Shannon.,......They were from that time he had taken a vacation to Okinawa with Shannon.
,Shannon's happy smile was contained in those photographs.,Shannon's happy smile was contained in those photos. ," Shannon's happy smile was contained in those photographs.",紗音の楽しそうな笑顔が写真に収められている。,紗音の楽しそうな笑顔が写真に収められている。,Счастливая улыбка Шаннон была запечатлена на этих фотографиях.,O sorriso feliz de Shannon estava contido nessa fotografias.,纱音高兴的笑容印在了照片之中。,紗音高興的笑容印在了照片之中。,Il sorriso felice di Shannon era catturato in quelle fotografie.,Shannon's happy smile was contained in those photographs.,La feliz sonrisa de Shannon estaba en aquellas fotografías.,ﻣَﻸَﺕ ﺍﺑﺘﺴﺎﻣﺔ ﺷﺎﻧﻮﻥ ﺍﻟﺪﺍﻓﺌﺔ ﺗﻠﻚ ﺍﻟﺼﻮﺭ.,Shannon's happy smile was contained in those photographs.,Shannon's happy smile was contained in those photographs.,Shannon's happy smile was contained in those photographs.
,"......George could remember the temperature and the humidity, the warmth and strength of the wind, and even what he had been talking about with her at the time those photos had been taken, as clearly as though it had been yesterday.","...George could remember the temperature and the humidity, the warmth and strength of the wind, and even what he had been talking about with her at the time those photos had been taken...as clearly as though it had been yesterday. ","......George could remember the temperature and the humidity, the warmth and strength of the wind, and even what he had been talking about with her at the time those photos had been taken as clearly as though it had been yesterday.",……譲治には、それらの写真を撮った時の、気温や湿度、風の温かさや強さ、そしてどんな会話を彼女としていたかさえ、昨日のことのようにはっきりと思い出せた。,……譲治には、それらの写真を撮った時の、気温や湿度、風の温かさや強さ、そしてどんな会話を彼女としていたかさえ、昨日のことのようにはっきりと思い出せた。,"......Джордж помнил температуру и влажность, тепло и силу ветра, и даже то, что говорил ей в тот момент, когда снимал эти фотографии, так чётко, словно это было ещё вчера.","......George conseguia se lembrar da temperatura e da umidade, o calor e a força do vento, e até sobre o que ele estava falando com ela na hora que aquelas fotos tinham sido tiradas, tão claramente como se tivesse sido ontem.",……如昨日之事般，让治清楚地记起了，拍这些照片时的气温、湿度、风温、风速，以及与她进行了怎样的交谈。,……如昨日之事般，讓治清楚地記起了，拍這些照片時的氣溫、濕度、風溫、風速，以及與她進行了怎樣的交談。,"... George riusciva a ricordare la temperature e l'umidità, il calore e la forza del vento, e persino di cosa stavano parlando quando quelle foto erano state scattate chiaramente, come se fosse accaduto il giorno prima.","......George could remember the temperature and the humidity, the warmth and strength of the wind, and even what he had been talking about with her at the time those photos had been taken, as clearly as though it had been yesterday.","... George pudo recordar la temperatura y humedad, el calor y la fuerza del viento, e incluso de qué estuvo hablando con ella mientras esas fotos estaban siendo tomadas, de un modo tan claro como si hubiese ocurrido ayer.",......ﺗﺬﻛﺮ ﺟﻮﺭﺝ ﺩﺭﺟﺔ ﺍﻟﺤﺮﺍﺭﺓ ﻭﺍﻟﺮﻃﻮﺑﺔ ﻭﺩﻑﺀ ﻭﻗﻮﺓ ﺍﻟﺮﻳﺎﺡ، ﻭﺣﺘﻰ ﺍﻟﺤﺪﻳﺚ ﺍﻟﺬﻱ ﻛﺎﻥ ﻳﺪّﻭﺭ ﺑﻴﻨﻬﻤﺎ ﻭﻗﺖ ﺍﻟﺘﻘﺎﻁ ﺗﻠﻚ ﺍﻟﺼﻮﺭ، ﻟﻘﺪ ﺃﺣﺲّ ﺑﻮﺿﻮﺡ ﻛﻤﺎ ﻟﻮ ﺃﻥ ﺗﻠﻚ ﺍﻻﺣﺪﺍﺙ ﺣﺪﺛﺖ ﺍﻟﺒﺎﺭﺣﺔ.,"......George could remember the temperature and the humidity, the warmth and strength of the wind, and even what he had been talking about with her at the time those photos had been taken, as clearly as though it had been yesterday.","......George could remember the temperature and the humidity, the warmth and strength of the wind, and even what he had been talking about with her at the time those photos had been taken, as clearly as though it had been yesterday.","......George could remember the temperature and the humidity, the warmth and strength of the wind, and even what he had been talking about with her at the time those photos had been taken, as clearly as though it had been yesterday."
,"So to George, they weren't simply photos, but a door to bring back warm memories...","So to George, they weren't simply photos, but a door to bring back warm memories... "," So to George, they weren't simply photos, but a door to bring back warm memories...",だからそれは、単なる写真ではなく、譲治にとって、温かな記憶を蘇らせるための入り口でもある…。,だからそれは、単なる写真ではなく、譲治にとって、温かな記憶を蘇らせるための入り口でもある…。,"Поэтому для Джорджа это были не просто фотографии, а та дверь, которая возвращала те тёплые воспоминания...","Por isso, para George, elas não eram simplesmente fotos, mas uma porta para trazer de volta memórias calorosas...",所以，这不仅仅是照片，对让治来说，它还是复苏温暖记忆的入口…。,所以，這不僅僅是照片，對讓治來說，它還是復甦溫暖記憶的入口…。,"Quindi per George, quelle non erano semplici foto, ma una porta attraverso cui riportare indietro caldi ricordi...","So to George, they weren't simply photos, but a door to bring back warm memories...","Así que para George, no eran solamente fotos, sino una puerta para traer cálidos recuerdos...",ﺑﺎﻟﻨﺴﺒﺔ ﻟﺠﻮﺭﺝ، ﻟﻢ ﺗﻜﻦ ﻣﺠﺮّﺩ ﺻﻮﺭ، ﺑﻞ ﺑﺎﺑًﺎ ﻳُﻌﻴﺪ ﺇﻟﻴﻪ ﺫﻛﺮﻳﺎﺕٍ ﺩﺍﻓﺌﺔ...,"So to George, they weren't simply photos, but a door to bring back warm memories...","So to George, they weren't simply photos, but a door to bring back warm memories...","So to George, they weren't simply photos, but a door to bring back warm memories..."
,"In this room, even though the sound of the typhoon and the TV should have entered George's hearing, ......it was the scenery of Okinawa he had seen with her, and her laughing voice, that reached his eyes and his ears...","In this room, even though the sound of the typhoon and the TV should have entered George's hearing, ...it was the scenery of Okinawa he had seen with her and her laughing voice that reached his eyes and his ears... "," In this room, even though the sound of the typhoon and the TV should have entered George's hearing, ......it was the scenery of Okinawa he had seen with her and her laughing voice that reached his eyes and his ears...",譲治は確かに今、この部屋で台風の音とテレビの音を耳にしているはずなのに、……彼女と過ごした沖縄の風景と彼女の笑い声を、目にし耳にしている…。,譲治は確かに今、この部屋で台風の音とテレビの音を耳にしているはずなのに、……彼女と過ごした沖縄の風景と彼女の笑い声を、目にし耳にしている…。,"И хотя звуки тайфуна и телевизора в этой комнате отдавались в ушах Джорджа... Глаза его видели пейзаж Окинавы, а уши слышали её смеющийся голос...","Neste quarto, mesmo que o som do tufão e da televisão passassem pela audição de George, ......era o cenário de Okinawa que ele tinha visto com ela, e a voz risonha dela, que alcançavam seus olhos e ouvidos...",让治此刻的确是在这房间之中，听着台风与电视机的声音，……但他的眼前却展开着与她共览的冲绳美景，耳中注满了她的笑声…。,讓治此刻的確是在這房間之中，聽著台風與電視機的聲音，……但他的眼前卻展開著與她共覽的沖繩美景，耳中注滿了她的笑聲…。,"In questa stanza, il rumore del tifone e la TV avrebbero dovuto invadere il campo uditivo di George... ma era il paesaggio di Okinawa che aveva visto con lei e la sua voce ridente che gli riempivano gli occhi e le orecchie...","In this room, even though the sound of the typhoon and the TV should have entered George's hearing, ......it was the scenery of Okinawa he had seen with her, and her laughing voice, that reached his eyes and his ears...","En esta habitación, aunque el sonido del tifón y de la televisión debería haber entrado en el oído de George, era el escenario de Okinawa el que estaba viendo, y la risa de Shannon, lo que llegaba a sus ojos y oídos...",ﻋﻠﻰ ﺍﻟﺮﻏﻢ ﻣﻦ ﺃﻥ ﺻﻮﺕ ﺍﻹﻋﺼﺎﺭ ﻭﺍﻟﺘﻠﻔﺎﺯ ﻛﺎﻧﺎ ﻳﺼﺪﺣﺎﻥ ﺩﺍﺧﻞ ﺍﻟﻐﺮﻓﺔ، ......ﺇﻻ ﺃﻥ ﺫﻛﺮﻳﺎﺕ ﺭﺣﻠﺔ ﺃﻭﻛﻴﻨﺎﻭﺍ ﻭﺻﻮﺕ ﺷﺎﻧﻮﻥ ﺍﻟﻀﺎﺣﻚ ﻫﻤّﺎ ﻛﻞ ﻣﺎ ﻣﻞﺀ ﻣﺴﺎﻣﻊ ﻭﺑﺼﺮ ﺟﻮﺭﺝ...,"In this room, even though the sound of the typhoon and the TV should have entered George's hearing, ......it was the scenery of Okinawa he had seen with her, and her laughing voice, that reached his eyes and his ears...","In this room, even though the sound of the typhoon and the TV should have entered George's hearing, ......it was the scenery of Okinawa he had seen with her, and her laughing voice, that reached his eyes and his ears...","In this room, even though the sound of the typhoon and the TV should have entered George's hearing, ......it was the scenery of Okinawa he had seen with her, and her laughing voice, that reached his eyes and his ears..."
,"After meeting Shannon, George had made the decision to be reborn.",George had strived to be reborn after meeting Shannon. ," George had strived to be reborn after meeting Shannon.",譲治は、紗音と出会ったことで、生まれ変わろうと決意した。,譲治は、紗音と出会ったことで、生まれ変わろうと決意した。,Джордж дал себе слово измениться после встречи с Шаннон.,"Depois de conhecer Shannon, George tinha tomado a decisão de renascer.",让治通过与纱音相恋，从而下定决心，重新做人。,讓治通過與紗音相戀，從而下定決心，重新做人。,George aveva fatto del suo meglio per rinascere dopo aver incontrato Shannon.,"After meeting Shannon, George had made the decision to be reborn.",George se había esforzado por cambiar tras conocer a Shannon.,ﺑﻌﺪ ﻟﻘﺎﺋﻪ ﺑﺸﺎﻧﻮﻥ، ﺟﺎﻫﺪ ﺟﻮﺭﺝ ﻧﻔﺴﻪ ﻋﻠﻰ ﺃﻥ ﻳُﺼﺒﺢ ﺷﺨﺼًﺎ ﻣﺨﺘﻠﻔًﺎ.,"After meeting Shannon, George had made the decision to be reborn.","After meeting Shannon, George had made the decision to be reborn.","After meeting Shannon, George had made the decision to be reborn."
,"He had sworn to separate himself from the timid person he had once been: easily caught up in the atmosphere, unable to refuse a request, and easily used by those around him.","He had sworn to separate himself from the timid person he had once been, easily caught up in the atmosphere, unable to refuse a request, and easily used by those around him. "," He had sworn to separate himself from the timid person he had once been, easily caught up in the atmosphere, unable to refuse a request, and easily used by those around him.",雰囲気に押し流されやすくて、頼まれると断れず、都合よく周りに使われてしまう気弱な自分と決別しようと誓った。,雰囲気に押し流されやすくて、頼まれると断れず、都合よく周りに使われてしまう気弱な自分と決別しようと誓った。,"Он поклялся перестать быть тем робким человеком, которым когда то был, легко попадающим под влияние стихии, не умеющим отказывать в просьбах и которого было легко использовать.","Ele havia jurado separar‐se da pessoa tímida que ele tinha sido uma vez: facilmente pego no clima, incapaz de recusar um pedido, e facilmente manipulado por aqueles à sua volta.",发誓要与易受气氛摆布，不会拒绝请求，老被身边之人趁机利用的懦弱的自己诀别。,發誓要與易受氣氛擺佈，不會拒絕請求，老被身邊之人趁機利用的懦弱的自己訣別。,"Aveva giurato di staccarsi dalla persona mite che era stato, una persona facilmente influenzata dall'ambiente circostante, incapace di rifiutare un favore a qualcuno, e facilmente usata da chi gli era intorno.","He had sworn to separate himself from the timid person he had once been: easily caught up in the atmosphere, unable to refuse a request, and easily used by those around him.","Se había jurado a sí mismo abandonar a la persona tímida que había sido, alguien fácilmente atrapado por la atmósfera, sin poder negarse a una petición, y fácil de manipular por quienes le rodeaban.",ﻟﻘﺪ ﺃﻗﺴﻢ ﻋﻠﻰ ﻓﺼﻞ ﻧﻔﺴﻪ ﻋﻦ ﺍﻟﺸﺨﺺ ﺍﻟﺨﺠﻮﻝ ﺍﻟﺬﻱ ﻛﺎﻥ ﻋﻠﻴﻪ ﺫﺍﺕ ﻣﺮﺓ، ﻭﺍﻟﺬﻱ ﻛﺎﻥ ﺩﻭﻣًﺎ ﻳﻔﻌﻞ ﻋﻜﺲ ﺭﻏﺒﺎﺗﻪ، ﻭﻏﻴﺮ ﻗﺎﺩﺭٍ ﻋﻠﻰ ﺭﻓﺾ ﺃﻱ ﻃﻠﺐ، ﻭﺑﺬﻟﻚ ﻳﺴﻬﻞ ﺍﺳﺘﻐﻼﻟﻪ ﻣﻦ ﻗﺒﻞ ﻣﻦ ﺣﻮﻟﻪ.,"He had sworn to separate himself from the timid person he had once been: easily caught up in the atmosphere, unable to refuse a request, and easily used by those around him.","He had sworn to separate himself from the timid person he had once been: easily caught up in the atmosphere, unable to refuse a request, and easily used by those around him.","He had sworn to separate himself from the timid person he had once been: easily caught up in the atmosphere, unable to refuse a request, and easily used by those around him."
,......He had resolved himself to become a strong man who would make her life even more joyous.,...He had resolved himself to become a strong man who could make her life more joyous. ,"......He had resolved himself to become a strong man who would make her life even more joyous.",……彼女の人生を、より幸福にするために、強い男になろうと決心したのだ。,……彼女の人生を、より幸福にするために、強い男になろうと決心したのだ。,"......Он сам решил стать более сильным человеком, который сделает её жизнь ещё счастливее.",......Ele tinha resolvido transformar‐se em um homem forte que deixaria a vida dela ainda mais alegre.,……决心成为，让她的人生过得更幸福的，坚强的男人。,……決心成為，讓她的人生過得更幸福的，堅強的男人。,... Si era deciso a diventare un uomo forte che avrebbe reso la vita di lei ancora più colma di gioia.,......He had resolved himself to become a strong man who would make her life even more joyous.,... Se había decidido a convertirse en un hombre fuerte que podría haber hecho la vida de Shannon incluso más feliz.,......ﻭﻟﻜﻲ ﻳُﺴﻌﺪﻫﺎ، ...ﻋﺎﻫﺪ ﻧﻔﺴﻪ ﻋﻠﻰ ﺃﻥ ﻳُﺼﺒﺢ ﺭﺟﻼً ﻗﻮﻳًﺎ.,......He had resolved himself to become a strong man who would make her life even more joyous.,......He had resolved himself to become a strong man who would make her life even more joyous.,......He had resolved himself to become a strong man who would make her life even more joyous.
,"So. ...If he hadn't met Shannon, ......the man called Ushiromiya George would probably have lived a very different life.","Therefore. ...If he hadn't met Shannon, ...the man called Ushiromiya George would probably have lived a very different life. "," Therefore. ...If he hadn't met Shannon, ......the man called Ushiromiya George would probably have lived a very different life.",だから。…もしも紗音との出会いがなかったなら、……右代宮譲治という男は、もっと別の、異なった人生を送っていただろう。,だから。…もしも紗音との出会いがなかったなら、……右代宮譲治という男は、もっと別の、異なった人生を送っていただろう。,"Поэтому, если бы он не встретил Шаннон... Человек по имени Уширомия Джордж, наверное, жил бы совершенно другой жизнью.","Logo, ...se ele não tivesse conhecido Shannon, ......o homem chamado Ushiromiya George provavelmente teria vivido uma vida muito diferente.",所以。…如果没有与纱音相恋的话，……名叫右代宫让治的男人，会过上与此不同的，别的人生吧。,所以。…如果沒有與紗音相戀的話，……名叫右代宮讓治的男人，會過上與此不同的，別的人生吧。,"Perciò. ... Se non avesse incontrato Shannon... l'uomo chiamato George Ushiromiya avrebbe, con ogni probabilità, vissuto una vita molto diversa.","So. ...If he hadn't met Shannon, ......the man called Ushiromiya George would probably have lived a very different life.","Por lo tanto... Si no hubiese conocido a Shannon, el hombre llamado Ushiromiya George habría vivido una vida muy diferente, probablemente.",ﻭﻟﺬﻟﻚ. ...ﻛﻞّ ﻣﺎ ﻓﻲ ﺃﻭﺷﻴﺮﻭﻣﻴﺎ ﺟﻮﺭﺝ ﺍﻵﻥ ......ﻫﻮ ﺑﻔﻀﻞ ﺷﺎﻧﻮﻥ.,"So. ...If he hadn't met Shannon, ......the man called Ushiromiya George would probably have lived a very different life.","So. ...If he hadn't met Shannon, ......the man called Ushiromiya George would probably have lived a very different life.","So. ...If he hadn't met Shannon, ......the man called Ushiromiya George would probably have lived a very different life."
,And the George of that different life surely wouldn't have been as excellent a man as he now was.,And the George of that different life surely wouldn't have been as excellent a man as he is now. ," And the George of that different life surely wouldn't have been as excellent a man as he is now.",そしてその人生における彼は、今の彼ほど立派な男ではなかったに違いない。,そしてその人生における彼は、今の彼ほど立派な男ではなかったに違いない。,"И Джордж из другой жизни определённо не был бы таким же отличным парнем, каким он является сейчас.",E o George daquela outra vida com certeza não teria sido um homem tão excelente quanto ele era agora.,并且，过上了这种人生的他，无疑是不会成为如现在的他这般出色的男性的。,並且，過上了這種人生的他，無疑是不會成為如現在的他這般出色的男性的。,E il George di quella vita diversa di certo non sarebbe stato un uomo ammirevole come lo era adesso.,And the George of that different life surely wouldn't have been as excellent a man as he now was.,Y el George de esa vida diferente seguramente no habría sido un hombre tan excelente como lo era él ahora.,ﻟﻮ ﻟﻢ ﻳﻠﺘﻘﻲ ﺑﻬﺎ ﻟﻜﺎﻧﺖ ﺣﻴﺎﺗﻪ ﻣﺨﺘﻠﻔﺔ. ﻭﺑﻼ ﺷﻚّ ﺃﻥ ﺣﻴﺎﺗﻪ ﺍﻟﻤﺨﺘﻠﻔﺔ ﺗﻠﻚ ﻟﻦ ﺗﺠﻌﻞ ﻣﻨﻪ ﺭﺟﻼً ﺭﺍﺋﻌًﺎ ﻛﻤّﺎ ﻫﻮ ﺍﻟﻴﻮﻡ.,And the George of that different life surely wouldn't have been as excellent a man as he now was.,And the George of that different life surely wouldn't have been as excellent a man as he now was.,And the George of that different life surely wouldn't have been as excellent a man as he now was.
,"The way he was now, he was for the sake of Shannon. ......But if that same Shannon was now gone, ...he found himself wondering why he exists.","The person I am now exists for Shannon's sake... ...Now that Shannon is gone, ...why do I exist? "," Even though I now exist for Shannon's sake.......Even so, now that Shannon is gone, ...why do I exist? ",紗音のために、今の自分がいるのに。……なのに、その紗音がいなくなったなら、…自分はなぜいるのか。,紗音のために、今の自分がいるのに。……なのに、その紗音がいなくなったなら、…自分はなぜいるのか。,Даже если сейчас я всё ещё живу ради Шаннон... ......Даже когда Шаннон больше нет... зачем я живу?,"Foi por causa de Shannon que ele mudou. ......Mas, como essa mesma Shannon estava morta agora, ...ele perguntava‐se o por que de sua própria existência.",因为纱音，才有了现在的自己。……可是，既然连纱音都不在了，…那自己又是为何而存在的呢？,因為紗音，才有了現在的自己。……可是，既然連紗音都不在了，…那自己又是為何而存在的呢？,"Anche se è grazie a Shannon che sono qui. ... Nonostante questo, ora che Shannon se n'è andata... perché esisto?","The way he was now, he was for the sake of Shannon. ......But if that same Shannon was now gone, ...he found himself wondering why he exists.","La forma en que estaba ahora, era por el bien de Shannon. Pero ahora que Shannon ya no estaba... se preguntaba así mismo por qué existe.",ﺑﻤﻌﻨﻰ ﺃﻥ ﺷﺨﺼﻴﺘﻪ ﺍﻟﻤﺨﺘﻠﻔﺔ ﺗﻠﻚ ﻟﻢ ﺗُﻮﺟﺪ ﺳﻮﻯ ﻷﺟﻞ ﺷﺎﻧﻮﻥ. ......ﻭﻟﻜﻦ، ﺑﻤّﺎ ﺃﻥ ﺷﺎﻧﻮﻥ ﻗﺪ ﺭﺣﻠﺖ ﺍﻵﻥ، ...ﻓﻘﺪ ﺑﺪﺃ ﻳﺴﺄﻝ ﻧﻔﺴﻪ ﻋﻦ ﺳﺒﺒﻪ ﻭﺟﻮﺩﻩ.,"The way he was now, he was for the sake of Shannon. ......But if that same Shannon was now gone, ...he found himself wondering why he exists.","The way he was now, he was for the sake of Shannon. ......But if that same Shannon was now gone, ...he found himself wondering why he exists.","The way he was now, he was for the sake of Shannon. ......But if that same Shannon was now gone, ...he found himself wondering why he exists."
,Isn't it completely meaningless?,"It's completely meaningless, isn't it? ","It's completely meaningless, isn't it?",何の意味もないのではないか。,何の意味もないのではないか。,"Это ведь совершенно бессмысленно, разве не так?",Isso não é completamente insignificante?,这不是根本没有任何意义吗？,這不是根本沒有任何意義嗎？,"Non ha alcun senso, vero?",Isn't it completely meaningless?,¿No carece totalmente de sentido?,ﻟﻢ ﻳﻌﺪ ﻟﻮﺟﻮﺩﻱ ﻣﻌﻨﻰ ﻣﻦ ﺩﻭﻧﻚِ، ﺻﺤﻴﺢ؟,Isn't it completely meaningless?,Isn't it completely meaningless?,Isn't it completely meaningless?
,"...A deep, deep sadness, as though he himself had become empty.","...He felt a deep, deep sadness, as though he himself had become empty. ","...A deep, deep sadness, as though he himself had become empty.",…自分自身が空虚になってしまうような、深い深い悲しみ。,…自分自身が空虚になってしまうような、深い深い悲しみ。,"...Глубокая, глубокая пустота, словно его самого опустошили.","...Uma profunda, profunda tristeza, como se ele tivesse ficado vazio.",…这是掏空自身存在的深邃悲伤。,…這是掏空自身存在的深邃悲傷。,"... Una profondissima tristezza, come se dentro fosse rimasto completamente svuotato.","...A deep, deep sadness, as though he himself had become empty.","... Una profunda, profunda tristeza, como si estuviese completamente vacío.",...ﻛﺎﻥ ﻳﺸﻌﺮ ﺑﺤﺰﻥٍ ﻋﻤﻴﻖ ﻳﺴﺘﻮﻃﻦ ﻗﻠﺒﻪ، ﻛﻤّﺎ ﻟﻮ ﺃﻥ ﺭﻭﺣﻪ ﺃﺻﺒﺤﺖ ﻓﺎﺭﻏﺔً.,"...A deep, deep sadness, as though he himself had become empty.","...A deep, deep sadness, as though he himself had become empty.","...A deep, deep sadness, as though he himself had become empty."
,"That feeling had tormented him the whole time. ......However, until Battler had told him, he hadn't been aware of the feeling himself.","That feeling must have been tormenting him this whole time. ...However, until Battler mentioned it, he hadn't been aware of the feeling himself. "," That feeling should have tormented him the whole time. ......However, until Battler had told him, he hadn't been aware of the feeling himself.",その気持ちは、ずっと彼を苛んでいたはずだ。　……しかし、戦人にさっき言われるまで、自覚できずにいた。,その気持ちは、ずっと彼を苛んでいたはずだ。……しかし、戦人にさっき言われるまで、自覚できずにいた。,"Эти чувства, должно быть, мучили его всё это время. ......Однако пока Баттлер не сказал ему, он и сам не подозревал о них.","Esse sentimento tinha atormentado‐o o tempo todo. ......Porém, até Battler ter dito isso a ele, ele mesmo não tinha estado ciente do sentimento.",他明明一直遭受着这份哀伤的折磨。……但直至刚才战人说出口前，他都没有这个自觉。,他明明一直遭受著這份哀傷的折磨。……但直至剛才戰人說出口前，他都沒有這個自覺。,"Questa sensazione avrebbe dovuto tormentarlo senza sosta. ... Eppure, fino a che Battler non gliel'aveva fatto notare, non si era affatto accorto di sentirsi così.","That feeling had tormented him the whole time. ......However, until Battler had told him, he hadn't been aware of the feeling himself.","Ese sentimiento le había atormentado todo el tiempo... Sin embargo, hasta que Battler se lo dijo, no había sido consciente de sentirlo por sí mismo.",ﻻﺑﺪّ ﺃﻥ ﻫﺬﺍ ﺍﻟﺸﻌﻮﺭ ﻛﺎﻥ ﻳﻌﺬﺑﻪ ﻃﻮﺍﻝ ﺍﻟﻮﻗﺖ. ......ﻭﻟﻜﻨّﻪ ﻛﺎﻥ ﻳﺠﻬﻞ ﺫﻟﻚ ﺍﻟﺸﻌﻮﺭ ﺣﺘﻰ ﺫﻛﺮﻩ ﺑﺎﺗﻠﺮ.,"That feeling had tormented him the whole time. ......However, until Battler had told him, he hadn't been aware of the feeling himself.","That feeling had tormented him the whole time. ......However, until Battler had told him, he hadn't been aware of the feeling himself.","That feeling had tormented him the whole time. ......However, until Battler had told him, he hadn't been aware of the feeling himself."
,"......He finally remembered...that he should have cried much, much more.","...He'd finally managed to remember...that it should have been all right for him to cry much, much more. ","......He finally remembered, ...that he should have cried much, much more.",……自分は、もっともっと泣いても良かったんだって、…やっと思い出せたのだ。,……自分は、もっともっと泣いても良かったんだって、…やっと思い出せたのだ。,"......Он, наконец, вспомнил, что должен был плакать больше, гораздо больше.","......Ele finalmente lembrou...que devia ter chorado muito, muito mais.",……战人的话终于令他想到了，自己可以去多多地，…哭。,……戰人的話終於令他想到了，自己可以去多多地，…哭。,"... Finalmente ricordò... che avrebbe dovuto piangere molto, molto di più.","......He finally remembered...that he should have cried much, much more.","... Finalmente recordó... que debió haber llorado mucho, muchísimo más.",......ﺣﻴﻨﻬﺎ ﺃﺩﺭﻙ ﺃﻧّﻪ ﻛﺎﻥ ﻟﺪﻳﻪ ﺍﻟﺤﻖّ ﻓﻲ ﺍﻟﺒﻜﺎﺀ ﻛﺜﻴﺮًﺍ ﻛﻴﻔﻤﺎ ﻳﺮﻏﺐ.,"......He finally remembered...that he should have cried much, much more.","......He finally remembered...that he should have cried much, much more.","......He finally remembered...that he should have cried much, much more."
,"So he had cried. Just like Battler, he had cried himself dry.","So he cried. Just like Battler had, he cried himself dry. "," So he cried. Just like Battler had, he had cried himself dry.",だから泣いた。彼がそうするように、自分も枯れるまで涙を流した。,だから泣いた。彼がそうするように、自分も枯れるまで涙を流した。,"Поэтому он плакал. Так же как и Баттлер, он выплакался досуха.","Então, ele chorou. Assim como Battler, chorou até secar as lágrimas.",所以哭了。就像战人那样，自己也将眼泪倾泻至枯竭。,所以哭了。就像戰人那樣，自己也將眼淚傾瀉至枯竭。,"Perciò aveva pianto. Proprio come aveva fatto Battler, aveva pianto fino ad esaurire le lacrime.","So he had cried. Just like Battler, he had cried himself dry.","Entonces, lloró. Tal y como lo hizo Battler, lloró hasta quedarse seco.",ﻓﺒﻜﻰ. ﻛﻤﺎ ﺑﻜﻰ ﺑﺎﺗﻠﺮ، ﺑﻜﻰ ﺟﻮﺭﺝ ﺣﺘﻰ ﺟﻔّﺖ ﺩﻣﻮﻋﻪ.,"So he had cried. Just like Battler, he had cried himself dry.","So he had cried. Just like Battler, he had cried himself dry.","So he had cried. Just like Battler, he had cried himself dry."
,"......By now, his eyes were bright red and swollen, and he could not cry any more. So George did his best to change his way of thinking.","...By now, his eyes were bright red and swollen, and he couldn't cry any more. So George did his best to change his way of thinking. ","......By now, his eyes were bright red and swollen, and he could not cry any more. So George did his best to change his way of thinking.",……今はもう、目が真っ赤に腫れ上がり、それ以上の涙は零せない。だから譲治はがんばって思考を変えようと思った。,……今はもう、目が真っ赤に腫れ上がり、それ以上の涙は零せない。だから譲治はがんばって思考を変えようと思った。,"......К этому времени его глаза были ярко красными и опухшими, и он не мог плакать. Поэтому Джордж сделал всё, чтобы направить мысли в другое русло.","......Agora, seus olhos estavam inchados e profundamente avermelhados, e ele não conseguia mais chorar. Então, George fez o seu melhor para mudar sua forma de pensar.",……此刻，眼睛已又红又肿，再也无法流出眼泪。所以，让治想到了，努力转变思考方式。,……此刻，眼睛已又紅又腫，再也無法流出眼淚。所以，讓治想到了，努力轉變思考方式。,"... Adesso, i suoi occhi erano di un rosso vivo e gonfi, e non era più in grado di versare altre lacrime. Così George stava facendo del suo meglio per cambiare la sua linea di pensiero.","......By now, his eyes were bright red and swollen, and he could not cry any more. So George did his best to change his way of thinking.","... Por el momento, sus ojos estaban de color rojo brillante e hinchados, y no podía llorar más. Así que George hizo todo lo posible para cambiar su modo de pensar.",......ﻭﺍﻵﻥ، ﻋﻴﻨﺎﻩ ﻣﺘﻮﺭﻣﺘﺎﻥ ﺑﺸﺪﺓ، ﻭﻟﻢ ﺗﻌﺪ ﻫﻨﺎﻙ ﺩﻣﻮﻉ ﻟﻴﺬﺭﻓﻬﺎ. ﻟﺬﻟﻚ ﺣﺎﻭﻝ ﺃﻥ ﻳُﻐﻴﺮ ﻃﺮﻳﻘﺔ ﺗﻔﻜﻴﺮﻩ.,"......By now, his eyes were bright red and swollen, and he could not cry any more. So George did his best to change his way of thinking.","......By now, his eyes were bright red and swollen, and he could not cry any more. So George did his best to change his way of thinking.","......By now, his eyes were bright red and swollen, and he could not cry any more. So George did his best to change his way of thinking."
,"He decided to think that he was not meaningless, ...that he should be grateful to Shannon for giving him such a character.","He was not meaningless now, ...and he should be grateful to Shannon for giving him such a character. "," He was not meaningless now, ...and he should be grateful that Shannon had given him such a character.",今の自分は無意味なのではなく、…紗音にこんな自分を与えてくれたことに感謝しようと思った。,今の自分は無意味なのではなく、…紗音にこんな自分を与えてくれたことに感謝しようと思った。,"Он больше не был опустошён... И был благодарен Шаннон за то, что она воспитала в нём такой характер.","Ele decidiu pensar que ele não era insignificante, ...que ele devia ser grato a Shannon por ter lhe dado tal caráter.",想到了现在的自己并非毫无意义，…得感谢纱音，给予了这样的自己。,想到了現在的自己並非毫無意義，…得感謝紗音，給予了這樣的自己。,La sua esistenza non era inutile ora... e doveva essere grato che Shannon gli avesse donato questa personalità.,"He decided to think that he was not meaningless, ...that he should be grateful to Shannon for giving him such a character.",Decidió pensar que no carecía de sentido... que debía estar agradecido a Shannon por haberle dado ese carácter.,ﻟﻢ ﻳﻜﻦ ﻭﺟﻮﺩﻩ ﺑﻼ ﻣﻌﻨﻰ، ﺑﻞ ﻳﻨﺒﻐﻲ ﻋﻠﻴﻪ ﺃﻥ ﻳﻜﻮﻥ ﻣﻤﺘﻨًﺎ ﻟﺸﺎﻧﻮﻥ ﻟﻤﺴﺎﻋﺪﺗﻪ ﻓﻲ ﺍﻛﺘﺴﺎﺏ ﺷﺨﺼﻴﺔ ﻣﺨﺘﻠﻔﺔ ﻭﺭﺍﺋﻌﺔ.,"He decided to think that he was not meaningless, ...that he should be grateful to Shannon for giving him such a character.","He decided to think that he was not meaningless, ...that he should be grateful to Shannon for giving him such a character.","He decided to think that he was not meaningless, ...that he should be grateful to Shannon for giving him such a character."
,Dead lives are not revived. He would have to get over being separated from his beloved.,The dead don't come back to life. He would have to get over being separated from his most beloved person. ," Dead lives are not revived. He would have to get over being separated from his most beloved person.",死んだ命は蘇らない。最愛の人との別れを、彼は乗り越えなくてはならない。,死んだ命は蘇らない。最愛の人との別れを、彼は乗り越えなくてはならない。,Мёртвых не вернуть к жизни. Ему придётся пережить расставание со своим самым любимым человеком.,As vidas que foram perdidas não podem mais retornar.{n}Ele teria que superar a separação de sua amada.,死去的生命无法复苏。他必须熬过，与最爱之人的离别。,死去的生命無法復甦。他必須熬過，與最愛之人的離別。,Le foglie morte non tornano in vita. Doveva superare il dolore di essere separato dalla persona che più amava.,Dead lives are not revived. He would have to get over being separated from his beloved.,Los muertos no pueden revivirse. Tendría que superar el separarse de la persona que más quería.,ﺍﻟﻤﻮﺗﻰ ﻟﻦ ﻳﺤﻴﻮﻭﻥ. ﻭﻓﺮﺍﻕ ﺃﻋﺰ ﺍﻷﺣﺒﺎﺏ ﻻ ﺑﺪ ﻣﻦ ﺗﺠﺎﻭﺯﻩ.,Dead lives are not revived. He would have to get over being separated from his beloved.,Dead lives are not revived. He would have to get over being separated from his beloved.,Dead lives are not revived. He would have to get over being separated from his beloved.
,"If he were to come after Shannon by killing himself, she would surely be deeply dejected.","If he were to chase after Shannon and kill himself, she would surely be deeply dejected. "," If he were to chase after Shannon and kill himself, she would surely be deeply dejected.",自分が紗音の後を追って自殺するようなことがあったなら、彼女はきっと深く落胆するだろう。,自分が紗音の後を追って自殺するようなことがあったなら、彼女はきっと深く落胆するだろう。,"Если бы он решил последовать за Шаннон и покончил с собой, она несомненно была бы очень опечалена.","Se ele fosse seguir Shannon, cometendo suicídio, ela com certeza ficaria terrivelmente abatida.",若是自己追随纱音而去的话，她一定会感到深深的沮丧的。,若是自己追隨紗音而去的話，她一定會感到深深的沮喪的。,"Se avesse seguito Shannon e si fosse ucciso, senza dubbio lei ne sarebbe stata molto triste.","If he were to come after Shannon by killing himself, she would surely be deeply dejected.","Si tuviese que correr detrás de Shannon y suicidarse, ella se sentiría profundamente abatida.",ﻟﻮ ﺃﻧّﻪ ﻗﺮﺭ ﺃﻥ ﻳﻨﻬﻲ ﺣﻴﺎﺗﻪ ﻟﻴﻠﺤﻖ ﺑﺸﺎﻧﻮﻥ، ﻟﺸﻌﺮﺕ ﺑﺎﻟﺘﺄﻛﻴﺪ ﺑﺎﻟﺤﺰﻥ ﺍﻟﺸﺪﻳﺪ.,"If he were to come after Shannon by killing himself, she would surely be deeply dejected.","If he were to come after Shannon by killing himself, she would surely be deeply dejected.","If he were to come after Shannon by killing himself, she would surely be deeply dejected."
,"......It would be the same the other way around, too. If he died, and Shannon chased after him, throwing away her own life, he wouldn't be able to forgive himself.","...It worked the other way around, too. If he had died, and Shannon had chased after him, throwing away her own life, he wouldn't have been able to forgive himself. ","......It worked the other way around, too. If he had died, and Shannon had chased after him, throwing away her own life, he wouldn't have been able to forgive it himself.",……逆だって同じだ。自分が死に、それを追って紗音が自ら命を捨てるようなことがあったなら、自分で自分が許せなくなってしまう。,……逆だって同じだ。自分が死に、それを追って紗音が自ら命を捨てるようなことがあったなら、自分で自分が許せなくなってしまう。,"......Верным было и обратное. Если бы он умер, а Шаннон последовала бы за ним, лишая себя собственной жизни, он не смог бы простить себя.","......Seria do mesmo jeito caso fosse o contrário. Se ele morresse, e Shannon seguisse atrás dele, jogando fora sua própria vida, ele não seria capaz de se perdoar.",……反之也是一样。若是自己死后，纱音也选择跟着舍弃性命的话，那连自己都会饶不了自己的。,……反之也是一樣。若是自己死後，紗音也選擇跟著捨棄性命的話，那連自己都會饒不了自己的。,"... E viceversa. Se fosse morto, e Shannon l'avesse seguito, gettando via la sua vita, nemmeno lui sarebbe stato in grado di perdonare quel gesto.","......It would be the same the other way around, too. If he died, and Shannon chased after him, throwing away her own life, he wouldn't be able to forgive himself.","... Esto también funcionaba al revés. Si él hubiera muerto, y Shannon le hubiese seguido, destruyendo su propia vida, no habría sido capaz de perdonarse a sí mismo.",...ﻭﺍﻟﻌﻜﺲ ﺻﺤﻴﺢ ﺃﻳﻀًﺎ. ﻟﻮ ﺃﻧّﻪ ﻛﺎﻥ ﻫﻮ ﻣﻦ ﻗُﺘﻞ، ﻭﻗﺮﺭﺕ ﺷﺎﻧﻮﻥ ﻗﺘﻞ ﻧﻔﺴﻬﺎ ﻟﻠﺤﺎﻕ ﺑﻪ، ﻓﻠﻦ ﻳُﺴﺎﻣﺢ ﻧﻔﺴﻪ ﺃﺑﺪًﺍ.,"......It would be the same the other way around, too. If he died, and Shannon chased after him, throwing away her own life, he wouldn't be able to forgive himself.","......It would be the same the other way around, too. If he died, and Shannon chased after him, throwing away her own life, he wouldn't be able to forgive himself.","......It would be the same the other way around, too. If he died, and Shannon chased after him, throwing away her own life, he wouldn't be able to forgive himself."
,"......So he chose to surpass his emotions of sadness and anger, .........and decided to thank her.",...So he chose to surpass his sadness and anger... ...and decided to thank her instead. ,"......So he had chosen to surpass his emotions of sadness and anger, .........and had decided to thank her.",……だから彼は、悲しんだり、怒ったりする感情をはるかに超越して、………感謝することにしたのだ。,……だから彼は、悲しんだり、怒ったりする感情をはるかに超越して、………感謝することにしたのだ。,......Поэтому он решил преодолеть все свои эмоции гнева и печали... И поблагодарить её.,"......Por isso, ele escolheu superar suas emoções de tristeza e raiva, .........e decidiu agradecê‐la.",……所以，他远远超越了悲伤、愤怒之情，………选择了心怀感谢。,……所以，他遠遠超越了悲傷、憤怒之情，………選擇了心懷感謝。,... Per questa ragione aveva deciso di muovere oltre la sua tristezza e la sua rabbia... e aveva deciso di ringraziarla.,"......So he chose to surpass his emotions of sadness and anger, .........and decided to thank her.",... Así que eligió superar sus emociones de rabia y tristeza... y decidió darle las gracias.,......ﻟﺬﻟﻚ ﺍﺧﺘﺎﺭ ﺃﻥ ﻳﺘﺠﺎﻭﺯ ﺣﺰﻧﻪ ﻭﻏﻀﺒﻪ .........ﻭﻗﺮﺭ ﺃﻥ ﻳﻜﻮﻥ ﻣﻤﺘﻨًﺎ ﻟﻠﻘﺎﺋﻬﺎ ﻋﻮﺿًﺎ ﻋﻦ ﺫﻟﻚ.,"......So he chose to surpass his emotions of sadness and anger, .........and decided to thank her.","......So he chose to surpass his emotions of sadness and anger, .........and decided to thank her.","......So he chose to surpass his emotions of sadness and anger, .........and decided to thank her."
,"Meeting Shannon had made his days rich and full, ...and had taught him the meaning of working hard for other people's sakes.","After meeting Shannon, she made his days rich and full... and taught him the meaning of working hard for other people's sakes. "," He had met with Shannon, who had made his days rich and full, ...and who had taught him the meaning of working hard for other people's sakes.",紗音と出会え、豊かな日々を与えてくれて、…そして自分に、人のために努力することの意味を教えてくれた。,紗音と出会え、豊かな日々を与えてくれて、…そして自分に、人のために努力することの意味を教えてくれた。,"Он повстречал Шаннон, сделавшую его дни богатыми и насыщенными и научившую его прилагать все усилия на благо других людей.","Conhecer Shannon tinha deixado os dias dele mais ricos e alegres, ...e tinha lhe ensinado o significado de trabalhar duro pelo bem de outras pessoas.",与纱音的相恋，不仅给予了自己一段丰富多彩的日子，…也教给了自己，为他人努力的意义。,與紗音的相戀，不僅給予了自己一段豐富多彩的日子，…也教給了自己，為他人努力的意義。,"Aveva incontrato Shannon, che aveva reso i suoi giorni preziosi e li aveva riempiti... e che gli aveva insegnato cosa significasse lavorare sodo per il bene altrui.","Meeting Shannon had made his days rich and full, ...and had taught him the meaning of working hard for other people's sakes.",Conocer a Shannon había hecho sus días más felices y plenos... y le había enseñado el significado de trabajar duro por el bien de los demás.,ﻟﻘﺪ ﺟﻌﻠﺖ ﺷﺎﻧﻮﻥ ﺣﻴﺎﺗﻪ ﻣﻠﻴﺌﺔ ﻭﻣﺘﺮﻓﺔً ﺑﺎﻟﺴﻌﺎﺩﺓ، ...ﻟﻘﺪ ﻋﻠّﻤﺘﻪ ﻣﻌﻨﻰ ﺍﻟﻌﻤﻞ ﺍﻟﺠﺎﺩ ﻓﻲ ﺳﺒﻴﻞ ﺇﺿﻔﺎﺀ ﺍﻟﺒﻬﺠﺔ ﻋﻠﻰ ﺍﻵﺧﺮﻳﻦ.,"Meeting Shannon had made his days rich and full, ...and had taught him the meaning of working hard for other people's sakes.","Meeting Shannon had made his days rich and full, ...and had taught him the meaning of working hard for other people's sakes.","Meeting Shannon had made his days rich and full, ...and had taught him the meaning of working hard for other people's sakes."
,"As a result, she had shaped him into the person he had wanted to be.{n}...He thought he should thank her for that.","As a result, she had shaped him into the kind of person he had wanted to be. ...He wanted to thank her for that. "," As a result, she had shaped him into the person he had admired....He thought he should thank her for that.",その結果、自分の憧れた姿の自分を与えてくれた。…それに感謝しようと思った。,その結果、自分の憧れた姿の自分を与えてくれた。{n}…それに感謝しようと思った。,"И в результате она придала ему форму того человека, которым он восхищался.{n}...Он подумал, что ему следует быть благодарным ей за это.","Como resultado, ela tinha moldado‐o na pessoa que ele queria ser.{n}Ele pensou que devia agradecê‐la por isso.",其结果，给予了自身所憧憬的自己。{n}…所以，他想到了，为此感谢她。,其結果，給予了自身所憧憬的自己。{n}…所以，他想到了，為此感謝她。,"A conti fatti, lei l'aveva modellato nel tipo di persona che lui ammirava. ... Credeva di doverla ringraziare per questo.","As a result, she had shaped him into the person he had wanted to be.{n}...He thought he should thank her for that.","Como resultado, ella lo convirtió en la persona que admiraba.{n}... Pensó que debía agradecérselo.",ﻭﻧﺘﻴﺠﺔ ﻟﺬﻟﻚ، ﺃﺻﺒﺢ ﺍﻟﺸﺨﺺ ﺍﻟﺬﻱ ﺃﺭﺍﺩ ﺩﻭﻣًﺎ ﺃﻥ ﻳﻜﻮﻧﻪ.{n}...ﻟﻘﺪ ﺭﻏﺐ ﻓﻲ ﺷﻜﺮﻫﺎ ﻋﻠﻰ ﺫﻟﻚ.,"As a result, she had shaped him into the person he had wanted to be.{n}...He thought he should thank her for that.","As a result, she had shaped him into the person he had wanted to be.{n}...He thought he should thank her for that.","As a result, she had shaped him into the person he had wanted to be.{n}...He thought he should thank her for that."
,"By doing that, he tried to quell his sadness.{n}But each time he did, he remembered Shannon's smile...","He tried to quell his sadness in this way, but each time he did, he remembered Shannon's smile... "," By doing that, he tried to quell his sadness. But each time he did, he remembered Shannon's face...",そうすることで、悲しみを和らげようとしたのだ。でもその度に、彼女の笑顔が蘇ってしまう…。,そうすることで、悲しみを和らげようとしたのだ。{n}でもその度に、彼女の笑顔が蘇ってしまう…。,"Делая это, он пытался подавить свою грусть.{n}Но каждый раз, когда он это делал, он вспоминал лицо Шаннон...","Fazendo isso, ele tentou saciar sua tristeza.{n}Mas cada vez que ele o fazia, se lembrava do sorriso de Shannon...",他通过这么想来缓解悲伤。{n}可是每次这么想时，脑中都会再度浮现起她的笑容…。,他通過這麼想來緩解悲傷。{n}可是每次這麼想時，腦中都會再度浮現起她的笑容…。,"Così facendo, cercava di reprimere la sua tristezza. Ma ogni volta che ci provava, ricordava il volto di Shannon...","By doing that, he tried to quell his sadness.{n}But each time he did, he remembered Shannon's smile...","Haciendo esto, intentó calmar su tristeza.{n}Pero cada vez que lo intentaba, recordaba el rostro de Shannon...",ﻭﺑﻬﺬﻩ ﺍﻟﻄﺮﻳﻘﺔ ﺣﺎﻭﻝ ﺃﻥ ﻳُﻬﺪﺉ ﻣﻦ ﺣﺰﻧﻪ،{n}ﻟﻜﻦ ﻓﻲ ﻛﻞ ﻣﺮﺓ ﻳﻔﻌﻞ ﺫﻟﻚ، ﻳﺘﺬﻛﺮ ﺍﺑﺘﺴﺎﻣﺔ ﺷﺎﻧﻮﻥ...,"By doing that, he tried to quell his sadness.{n}But each time he did, he remembered Shannon's smile...","By doing that, he tried to quell his sadness.{n}But each time he did, he remembered Shannon's smile...","By doing that, he tried to quell his sadness.{n}But each time he did, he remembered Shannon's smile..."
,".........He knew it, logically.",......He understood it logically. ,".........He understood the reasoning.",………理屈ではわかってる。,………理屈ではわかってる。,.........Он понимал причину.,".........Ele entendia isso, logicamente.",………道理是明白的。,………道理是明白的。,"... Razionalmente, lui capiva.",".........He knew it, logically.",... Comprendió el razonamiento.,.........ﻛﺎﻥ ﻳﻔﻬﻢ ﺍﻷﻣﺮ ﺟﻴﺪًﺍ،,".........He knew it, logically.",".........He knew it, logically.",".........He knew it, logically."
,"He understood that grieving any more than this would only make her grieve in heaven, ......yet he couldn't stop his sadness...","He knew that grieving any more than this would only make her grieve in heaven, ...but that didn't bring a stop to his sadness... "," Even though he understood that grieving any more than this would only make her grieve in heaven, ......he couldn't stop his sadness...",これ以上、悲しむことは、むしろ天国の彼女を悲しませてしまうだけだと理解しているのに、……悲しみを止められないのだ…。,これ以上、悲しむことは、むしろ天国の彼女を悲しませてしまうだけだと理解しているのに、……悲しみを止められないのだ…。,"И хотя он понимал, что своей скорбью лишь заставит её грустить на небесах, он не мог унять свою печаль...","Ele entendia que lamentar ainda mais que isto apenas a faria lamentar‐se no céu, ......ainda assim ele não conseguia parar sua tristeza...",明明知道，再继续伤心下去，只会反而让身在天国的她感到悲伤，……但就是止不住心中的哀伤…。,明明知道，再繼續傷心下去，只會反而讓身在天國的她感到悲傷，……但就是止不住心中的哀傷…。,Pur capendo che addolorarsi più di quanto avesse già fatto avrebbe solo procurato dolore a lei in paradiso... non riusciva a bloccare la sua tristezza...,"He understood that grieving any more than this would only make her grieve in heaven, ......yet he couldn't stop his sadness...",A pesar de que comprendió que sufrir más por esto solo la haría infeliz en el cielo... no pudo detener su tristeza...,ﻭﻳﻌﻠﻢ ﺃﻥّ ﺍﺳﺘﻤﺮﺍﺭﻩ ﻓﻲ ﺍﻟﺒﻜﺎﺀ ﻟﻦ ﻳُﺤﺰِﻥ ﺇﻻ ﻣﻦ ﻓﻲ ﺍﻟﺴﻤﺎﺀ. ......ﺭﻏﻢ ﺫﻟﻚ، ﻟﻢ ﻳﺨﺘﻔﻲ ﺷﻌﻮﺭ ﺍﻵﺳﻰ ﻭﺍﻟﺤﺰﻥ ﻣﻦ ﻗﻠﺒﻪ...,"He understood that grieving any more than this would only make her grieve in heaven, ......yet he couldn't stop his sadness...","He understood that grieving any more than this would only make her grieve in heaven, ......yet he couldn't stop his sadness...","He understood that grieving any more than this would only make her grieve in heaven, ......yet he couldn't stop his sadness..."
Ushiromiya Battler,"""Why.........does people dying......make us this sad...""","""Why is it... ...that when people die... it's so sad like this...?"" ","""Why is it, .........that when people die, ......it's so sad like this...""",「何で、………人が死ぬってのはよ、……こんなに悲しいんだろうな…。」,「何で、………人が死ぬってのはよ、……こんなに悲しいんだろうな…」,"""Почему же... когда люди умирают... становится так невыносимо грустно...""","""Por que.........a morte das pessoas......nos deixa tão tristes assim...?""",「为什么，………人之死，……是此等的悲伤啊…」,「為什麼，………人之死，……是此等的悲傷啊…」,"""Perché... è così triste... quando le persone muoiono...""","""Why.........does people dying......make us this sad...""","""¿Por qué... cuando muere alguien... es así de triste?...""","""ﻟﻤﺎﺫﺍ.........ﻣﻮﺕ ﺍﻟﻨﺎﺱ......ﻳﺠﻌﻠﻨﺎ ﻧﺤﺰﻥ ﺑﻬﺬﻩ ﺍﻟﺸﺪّﺓ...""","""Why.........does people dying......make us this sad...""","""Why.........does people dying......make us this sad...""","""Why.........does people dying......make us this sad..."""
,Battler muttered.{n}...It was as though he was speaking on behalf of all humans.,Battler muttered. ...It was as though he was speaking on behalf of all humans. ,"Battler muttered....It was as though he was speaking on behalf of all humans.",戦人がぽつりと呟く。…それは、全ての人間を代弁するかのようだった。,戦人がぽつりと呟く。{n}…それは、全ての人間を代弁するかのようだった。,Пробормотал Баттлер.{n}...Он словно спрашивал от имени всех людей.,Battler murmurou.{n}...Era como se ele estivesse falando em nome de todos os humanos.,战人嘟哝了一句。{n}…这句话如同代言了所有人的心声。,戰人嘟噥了一句。{n}…這句話如同代言了所有人的心聲。,Mormorò Battler. ... Era come se avesse parlato a nome di tutto il genere umano.,Battler muttered.{n}...It was as though he was speaking on behalf of all humans.,Murmuró Battler.{n}... Era como si hablase en nombre de todos los seres humanos.,ﺗﻤﺘﻢ ﺑﺎﺗﻠﺮ.{n}...ﻛﻤّﻦ ﻳﺘﺤﺪﺙ ﻧﻴﺎﺑﺔ ﻋﻦ ﺟﻤﻴﻊ ﺍﻟﺒﺸﺮ.,Battler muttered.{n}...It was as though he was speaking on behalf of all humans.,Battler muttered.{n}...It was as though he was speaking on behalf of all humans.,Battler muttered.{n}...It was as though he was speaking on behalf of all humans.
,"He probably hadn't been asking anyone, but Jessica answered.","His question probably hadn't been directed at anyone, but Jessica answered. "," He probably hadn't been asking anyone, but Jessica answered.",それは誰に問い掛けたものでもなかったろうが、朱志香が答えた。,それは誰に問い掛けたものでもなかったろうが、朱志香が答えた。,"Возможно, он ни к кому конкретно не обращался, но Джессика ответила.","Ele provavelmente não estava perguntando a ninguém, mas Jessica respondeu.",虽然这并不是在问谁，但朱志香回答了他的话。,雖然這並不是在問誰，但朱志香回答了他的話。,"Con ogni probabilità non aveva rivolto la domanda a nessuno in particolare, ma Jessica rispose.","He probably hadn't been asking anyone, but Jessica answered.","Probablemente no era una pregunta para nadie, pero Jessica respondió.",ﺭﺑّﻤﺎ ﻟﻢ ﻳﻜﻦ ﺳﺆﺍﻟﻪ ﻣﻮﺟﻬًﺎ ﺇﻟﻰ ﺷﺨﺺٍ ﻣﺤﺪﺩ، ﻟﻜﻦّ ﺟﻴﺴﻴﻜﺎ ﺃﺟﺎﺑﺖ.,"He probably hadn't been asking anyone, but Jessica answered.","He probably hadn't been asking anyone, but Jessica answered.","He probably hadn't been asking anyone, but Jessica answered."
Ushiromiya Jessica,"""......Partings are always sad, no matter what they're like.""","""...It's always sad when you have to say goodbye. ","""......No matter how you say your farewell, it's always sad. ",「……別れはどんな形でも、いつも悲しいさ。,「……別れはどんな形でも、いつも悲しいさ」,"""......Какие бы слова прощания ты ни говорил, это всегда печально.""","""......Despedidas sempre são tristes, não importa como sejam.""",「……不管哪种形式的离别，都是很悲伤的。」,「……不管哪種形式的離別，都是很悲傷的。」,"""... In qualsiasi modo tu debba dire addio, è sempre una cosa triste.","""......Partings are always sad, no matter what they're like.""","""... No importa de quién te despidas, siempre es triste.""","""...ﺍﻟﻔﺮﺍﻕ ﺍﻷﺑﺪﻱ ﻣﺤﺰﻥٌ ﻣﻬﻤﺎ ﻳﻜﻦ ﺳﺒﺒﻪ.""","""......Partings are always sad, no matter what they're like.""","""......Partings are always sad, no matter what they're like.""","""......Partings are always sad, no matter what they're like."""
Ushiromiya Jessica,"""...But, when, for example, the person is old, or there's some time it's going to happen, ...when it's expected in advance, and you know it's a farewell that must come sooner or later, ...you can spend a long time softening the blow of that sadness. ......Sudden misfortune is probably sad...because you aren't allowed even that...""","...But when the person's old or there's some time, ...when you know beforehand that it's coming, sooner or later, that sadness gets spread out over a long period of time. ...When misfortune comes suddenly, it's sad...because you don't even get that time..."" ","...But, when, for example, the person is old, or there's some time, ...when it's expected in advance, and you know it's a farewell that must come sooner or later, that sadness can grow fainter over a long period of time. ......Sudden misfortune is probably sad, ...because you aren't allowed even that...""",…でもそれが、例えば老いであるとか、何かの時間であるとか、…予め約束されていて、いつか訪れる別れであるとわかっているものは、…その悲しみを、長い時間を掛けて予め薄めておくことができる。……それを許されないから、…突然の不幸は、悲しいんだろうよ…。」,「…でもそれが、例えば老いであるとか、何かの時間であるとか、…予め約束されていて、いつか訪れる別れであるとわかっているものは、…その悲しみを、長い時間を掛けて予め薄めておくことができる。……それを許されないから、…突然の不幸は、悲しいんだろうよ…」,"""...Но когда, к примеру, человек уже стар или имеется некоторое время... Когда этого ожидают заранее, и ты знаешь, что это прощание, наступит рано или поздно, такая печаль может значительно поутихнуть по прошествии долгого времени. ......Печаль внезапной трагедии, наверное... в том, что ты оказываешься лишён даже такой возможности...""","""...Mas quando, por exemplo, a pessoa é idosa ou tem pouco tempo de vida, ...quando você sabe de antemão que ela vai morrer mais cedo ou mais tarde,{n}...a tristeza se dilui por um longo período. ......É triste quando a desgraça chega sem avisar...porque você não teve tempo para se preparar...""",「…但是，像是年老，或是有什么时间的，…事先知道早晚注定要迎来离别的情况，…可以在事前通过很长的时间来稀释这份悲伤。……正因毫无准备，…所以突然的不幸才会很令人伤心…」,「…但是，像是年老，或是有什麼時間的，…事先知道早晚注定要迎來離別的情況，…可以在事前通過很長的時間來稀釋這份悲傷。……正因毫無準備，…所以突然的不幸才會很令人傷心…」,"... Ma quando, per esempio, una persona è vecchia, oppure c'è un po' di tempo... quando già ce lo si aspetta, e tu sai che si tratta di un addio che prima o poi dovrà arrivare, quella tristezza può dissolversi dopo molto tempo. ... Probabilmente le disgrazie improvvise sono tristi... perché non ti è nemmeno concesso quello...""","""...But, when, for example, the person is old, or there's some time it's going to happen, ...when it's expected in advance, and you know it's a farewell that must come sooner or later, ...you can spend a long time softening the blow of that sadness. ......Sudden misfortune is probably sad...because you aren't allowed even that...""","""... Pero cuando, por ejemplo, la persona es vieja o le queda poco tiempo... cuando se espera de antemano, y sabes que la despedida vendrá tarde o temprano... puedes pasar mucho tiempo suavizando el efecto de esa tristeza... La desgracia repentina es probablemente triste... porque no se te permite ni eso...""","""...ﻟﻜﻦ ﻛﻤﺜﺎﻝ ﻋﻨﺪﻣﺎ ﺗﻌﻠﻢ ﻣﺘﻰ ﺳﻴﻤﻮﺕ ﻫﺬﺍ ﺍﻟﺸﺨﺺ ﺑﺴﺒﺐ ﻣﺮﺿﻪ ﺃﻭ ﻛﺒﺮ ﺳﻨﻪ، ...ﺣﻴﺚ ﺃﻧّﻚ ﺗﻌﻠّﻢ ﺃﻥ ﺁﻭﺍﻧﻪ ﻳﻘﺘﺮﺏ ﻋﺎﺟﻼً ﺃﻡ ﺁﺟﻼً، ...ﻳﺘﺎﺡ ﻟﻚ ﺑﻌﺾ ﺍﻟﻮﻗﺖ ﻟﻼﺳﺘﻌﺪﺍﺩ ﻭﺍﻟﺘﺄﻗﻠﻢ ......ﺃﻣّﺎ ﻣﻮﺕ ﺍﻟﻔﺠﺄﺓ ﻓﻬﻮ ﺍﻷﺳﻮﺃ، ﻷﻧﻪ ﻳﺤﺮﻣﻨﺎ ﻣﻦ ﺫﻟﻚ ﺍﻟﻮﻗﺖ.""","""...But, when, for example, the person is old, or there's some time it's going to happen, ...when it's expected in advance, and you know it's a farewell that must come sooner or later, ...you can spend a long time softening the blow of that sadness. ......Sudden misfortune is probably sad...because you aren't allowed even that...""","""...But, when, for example, the person is old, or there's some time it's going to happen, ...when it's expected in advance, and you know it's a farewell that must come sooner or later, ...you can spend a long time softening the blow of that sadness. ......Sudden misfortune is probably sad...because you aren't allowed even that...""","""...But, when, for example, the person is old, or there's some time it's going to happen, ...when it's expected in advance, and you know it's a farewell that must come sooner or later, ...you can spend a long time softening the blow of that sadness. ......Sudden misfortune is probably sad...because you aren't allowed even that..."""
Ushiromiya Battler,"""...............I see, yeah. ...Sure, if they get sick or something, and end up bedridden in a hospital for several years, you might be able to ready yourself for it bit by bit, ...but when it happens suddenly some day, you don't have that much time.""","""......I see. So, if they get sick or something and end up bedridden in a hospital, you might be able to ready yourself for it bit by bit, ...but when it happens suddenly someday, you don't get that luxury."" ","""............I see. So, if they get sick or something, and end up bedridden in a hospital, you might be able to ready yourself for it bit by bit, ...but when it happens suddenly on some day, you don't have that much free time.""",「……………なるほどな。…そりゃ、病気にでも掛かって、病院で寝たきりになってりゃ、少しずつ心の整理もついてくだろうけど、…ある日突然じゃ、その暇もねぇもんな。」,「……………なるほどな。…そりゃ、病気にでも掛かって、何年も昏睡状態になってりゃ、少しずつ心の整理もついてくだろうけど、…ある日突然じゃ、その暇もねぇもんな」,"""............Я понял. Значит, если они заболеют или ещё что‐нибудь в этом роде и в итоге окажутся в больнице, ты сможешь постепенно свыкнуться с этим. Но если это неожиданно произойдёт в один непрекрасный день, столько свободного времени у тебя не окажется.""","""...............Entendo. ...Assim, se a pessoa adoecer ou algo do tipo, e acabar na cama de um hospital por vários anos, você pode ser capaz de preparar‐se para o que virá, pouco a pouco, ...mas quando isso acontece repentinamente você não tem esse tempo.""",「……………原来如此啊。…说来，如果换做生病，在医院里卧床不起的话，那还可以一点点地整理好心绪吧，…但换成在某一天突然到来，就根本没这工夫了。」,「……………原來如此啊。…說來，如果換做生病，在醫院裡臥床不起的話，那還可以一點點地整理好心緒吧，…但換成在某一天突然到來，就根本沒這工夫了。」,"""... Capisco. Dunque, se una persona si ammala, e finisce allettata in ospedale, è possibile che tu riesca a prepararti mentalmente a poco a poco... ma quando succede all'improvviso in un giorno qualsiasi, non hai molto tempo per farlo.""","""...............I see, yeah. ...Sure, if they get sick or something, and end up bedridden in a hospital for several years, you might be able to ready yourself for it bit by bit, ...but when it happens suddenly some day, you don't have that much time.""","""... Ya veo. Así que, si se enferman o algo, y acaban postrados en la cama de un hospital, podrías ser capaz de prepararte poco a poco... pero cuando sucede de repente un día, no tienes mucho tiempo.""","""...............ﻧﻌﻢ، ﻟﻘﺪ ﻓﻬﻤﺖ. ...ﺑﺴﺒﺐ ﻣﺮﺿﻬﻢ ﺃﻭ ﻋﺠﺰﻫﻢ، ﺗُﺘﺎﺡ ﻟﻚ ﺍﻟﻔﺮﺻﺔ ﻟﺘﻬﻴﺌﺔ ﻧﻔﺴﻚ ﻟﺮﺣﻴﻠﻬﻢ ﺷﻴﺌًﺎ ﻓﺸﻴﺌًﺎ، ...ﻭﻟﻜﻦ ﻟﻮ ﺣﺪﺙ ﺫﻟﻚ ﻓﺠﺄﺓً، ﻓﺴﻴﻜﻮﻥ ﺣﻴﻨﻬﺎ ﻭﻗﻊ ﺍﻟﺼﺪﻣﺔ ﺃﺷﺪّ.""","""...............I see, yeah. ...Sure, if they get sick or something, and end up bedridden in a hospital for several years, you might be able to ready yourself for it bit by bit, ...but when it happens suddenly some day, you don't have that much time.""","""...............I see, yeah. ...Sure, if they get sick or something, and end up bedridden in a hospital for several years, you might be able to ready yourself for it bit by bit, ...but when it happens suddenly some day, you don't have that much time.""","""...............I see, yeah. ...Sure, if they get sick or something, and end up bedridden in a hospital for several years, you might be able to ready yourself for it bit by bit, ...but when it happens suddenly some day, you don't have that much time."""
Ushiromiya Jessica,"""...The sadness which you should normally spend several years softening closes in on you all at once. .........No wonder it's tough. ......Sometimes, it might even cause a sadness great enough to leave a scar for life...""","""...The sadness that's usually spread out over several years...closes in on you all at once. ......That's pretty tough. ...Sometimes, it makes you feel a sadness so deep, it can leave scars for life..."" ","""...The sadness which normally should grow weaker over a period of several years closes in on you all at once. .........That's pretty tough. ......Sometimes, it might even cause a great sadness that leaves a scar for life...""",「…本来なら、数年を掛けて薄めるべき悲しみが、一度に押し寄せる。………そりゃあ辛いわけさ。……時には、人の生涯に傷を残すほど、深い悲しみを与えることも、あるかもしれない…。」,「…本来なら、数年を掛けて薄めるべき悲しみが、一度に押し寄せる。………そりゃあ辛いわけさ。……時には、人の生涯に傷を残すほど、深い悲しみを与えることも、あるかもしれない…」,"""...Печаль, которой полагается стихать по прошествии нескольких лет, в один миг обрушивается на тебя. .........Это очень тяжело. ......Иногда это даже приводит к большей печали, оставляющей шрамы на всю жизнь...""","""...A tristeza que normalmente se diluiria por vários anos, cai sobre você de uma vez só. .........Não é de admirar que seja difícil. ......Às vezes, isso pode até mesmo causar uma tristeza grande o bastante para deixar uma cicatriz pelo resto da vida...""",「…本该靠花费数年来慢慢稀释的悲伤，一口气扑了上来。………那倒是会很难熬哦。……有时甚至会带来，能令人留下终生伤痕的深深悲伤，这也不无可能…」,「…本該靠花費數年來慢慢稀釋的悲傷，一口氣撲了上來。………那倒是會很難熬哦。……有時甚至會帶來，能令人留下終生傷痕的深深悲傷，這也不無可能…」,"""... La tristezza che di norma si indebolisce dopo diversi anni ti assale tutto a un tratto. ... È una cosa difficile da affrontare. ... Talvolta, può anche causare una tale tristezza da lasciarti cicatrici che durano tutta la vita...""","""...The sadness which you should normally spend several years softening closes in on you all at once. .........No wonder it's tough. ......Sometimes, it might even cause a sadness great enough to leave a scar for life...""","""... La tristeza que normalmente debería suavizarse durante varios años te invade de golpe... No me extraña que sea duro... A veces, puede incluso causar una gran tristeza que deja una cicatriz de por vida...""","""...ﺫﻟﻚ ﺍﻟﺤﺰﻥ، ﺍﻟﺬﻱ ﻳُﻔﺘﺮﺽ ﺃﻥ ﻳﺨﻒ ﺗﺪﺭﻳﺠﻴًﺎ ﻋﻠﻰ ﻣﺪﻯ ﺳﻨﻮﺍﺕ، ﺣﻴﻦ ﻳﻨﻘﺾّ ﻋﻠﻴﻨﺎ ﻓﺠﺄﺓ، ﺑﻜﺎﻣﻞ ﺛﻘﻠﻪ، .........ﻓﻼ ﻋﺠﺐ ﺃﻥ ﻳﻜﻮﻥ ﻣﺆﻟﻤًﺎ ﺇﻟﻰ ﻫﺬﺍ ﺍﻟﺤﺪ. ......ﺃﺣﻴﺎﻧًﺎ ﻳﺘﺮﻙ ﻧﺪﺑﺔً ﻋﻤﻴﻘﺔً ﻗﺪ ﺗﻈﻞّ ﻣﺤﻔﻮﺭﺓً ﻃﻮﻝ ﺣﻴﺎﺓ ﺍﻟﻤﺮﺀ....""","""...The sadness which you should normally spend several years softening closes in on you all at once. .........No wonder it's tough. ......Sometimes, it might even cause a sadness great enough to leave a scar for life...""","""...The sadness which you should normally spend several years softening closes in on you all at once. .........No wonder it's tough. ......Sometimes, it might even cause a sadness great enough to leave a scar for life...""","""...The sadness which you should normally spend several years softening closes in on you all at once. .........No wonder it's tough. ......Sometimes, it might even cause a sadness great enough to leave a scar for life..."""
Ushiromiya Battler,"""......Enough to leave a scar for life, ...you say.""","""...Scars for life, huh?"" ","""......Enough to leave a scar for life, ...you say.""",「……生涯に傷を残すほど、…か。」,「……生涯に傷を残すほど、…か」,"""......Оставляет шрамы на всю жизнь... говоришь.""","""......O bastante para deixar uma cicatriz pelo resto da vida, ...é?""",「……深到能留下终生的伤痕，…吗。」,「……深到能留下終生的傷痕，…嗎。」,"""... Da lasciarti cicatrici che durano una vita... dici.""","""......Enough to leave a scar for life, ...you say.""","""... Lo suficiente como para dejar una cicatriz de por vida... dices.""","""......ﻧﺪﺑﺔً ﻣﺤﻔﻮﺭﺓً ﻃﻮﻝ ﺣﻴﺎﺓ ﺍﻟﻤﺮﺀ، ﻫﺎ...""","""......Enough to leave a scar for life, ...you say.""","""......Enough to leave a scar for life, ...you say.""","""......Enough to leave a scar for life, ...you say."""
Ushiromiya Jessica,"""......It's like Grandfather's occult hobby. That was what they whispered about it. ......That maybe {f:5:Beatrice} was his lover, who died a long time ago, and he was so sad that he couldn't pull himself together.""","""...Like Grandfather's occult hobby. People say that's what caused it. ...That {f:5:Beatrice}, his mistress, died a long time ago, and he was so sad that he couldn't pull himself together. ","""......It's like Grandfather's occult hobby. People whisper about it. ......That Beatrice was his mistress, who died a long time ago, and he was so sad that he couldn't pull himself together.",「……祖父さまのオカルト趣味もさ。そう囁かれてたんだよな。……例のベアトリーチェって愛人を大昔に亡くして、それが悲しくて悲しくて立ち直れなくて。,「……祖父さまのオカルト趣味もさ。そう囁かれてたんだよな。……例のベアトリーチェって愛人を大昔に亡くして、それが悲しくて悲しくて立ち直れなくて」,"""......Это наподобие оккультного хобби дедушки. Люди шептались об этом. ......Что {f:5:Беатриче} была его давно умершей любовницей, и ему стало так грустно, что он не смог смириться с этим.""","""......É como o passatempo ocultista do vovô. Isso foi o que sussurraram sobre ele. ......Que talvez a {f:5:Beatrice} fosse a amante dele que morreu muito tempo atrás, e ele ficou tão triste que não conseguiu se recompor.""",「……还有，关于爷爷那神秘学兴趣。私下里都是这么传的吧。……说那会不会是，因为很久以前，那位名叫贝阿朵莉切的情人的去世，爷爷伤心地无法重新振作起来。」,「……還有，關於爺爺那神秘學興趣。私下裡都是這麼傳的吧。……說那會不會是，因為很久以前，那位名叫貝阿朵莉切的情人的去世，爺爺傷心地無法重新振作起來。」,"""... È lo stesso per la passione che il Nonno ha per l'occulto. Le persone mormorano. ... Che Beatrice fosse stata la sua amante, morta tanto tempo fa, e che lui fosse così addolorato da non potersi riprendere.","""......It's like Grandfather's occult hobby. That was what they whispered about it. ......That maybe {f:5:Beatrice} was his lover, who died a long time ago, and he was so sad that he couldn't pull himself together.""","""... Es como la afición por el ocultismo del abuelo. La gente comenta al respecto... Dicen que {f:5:Beatrice} fue su amante, que murió hace mucho tiempo, y que estaba tan triste que no pudo recomponerse.""","""...ﻫﻮﺍﻳﺔ ﺟﺪﻧﺎ ﺑﺎﻷﻣﻮﺭ ﺍﻟﻐﻴﺒﻴﺔ. ﻳُﻘﺎﻝ ﺇﻧﻬﺎ ﺗﻌﻮﺩ ﻟﺬﻟﻚ ﺃﻳﻀًﺎ. ...ﻳُﻘﺎﻝ ﺇﻧﻪ ﻓﻘﺪ ﻋﺸﻴﻘﺘﻪ ﺍﻟﺘﻲ ﺗُﺪﻋﻰ {f:7:ﺑﻴﺎﺗﺮﻳﺲ} ﻣﻨﺬ ﺯﻣﻦ ﺑﻌﻴﺪ، ﻭﺣﺰﻥ ﻋﻠﻴﻬﺎ ﺣﺰﻧًﺎ ﻋﻤﻴﻘًﺎ ﻟﻢ ﻳﺘﻌﺎﻑَ ﻣﻨﻪ ﺃﺑﺪًﺍ.""","""......It's like Grandfather's occult hobby. That was what they whispered about it. ......That maybe {f:5:Beatrice} was his lover, who died a long time ago, and he was so sad that he couldn't pull himself together.""","""......It's like Grandfather's occult hobby. That was what they whispered about it. ......That maybe {f:5:Beatrice} was his lover, who died a long time ago, and he was so sad that he couldn't pull himself together.""","""......It's like Grandfather's occult hobby. That was what they whispered about it. ......That maybe {f:5:Beatrice} was his lover, who died a long time ago, and he was so sad that he couldn't pull himself together."""
Ushiromiya Jessica,"""......And that's why he started sacrificing the rest of his life to research of the occult, in order to revive the dead. ......That's what they said.""","...Some people whisper... that this is why he started sacrificing the rest of his life to occult research, in order to revive the dead."" "," ......Some people whisper, ......that this is why he started sacrificing the rest of his life to research of the occult, in order to revive the dead.""",……それで死者を蘇らせるためのオカルトの研究に残りの人生を全て捧げるようになったのではないかって。……そう囁かれてた。」,「……それで死者を蘇らせるためのオカルトの研究に残りの人生を全て捧げるようになったのではないかって。……そう囁かれてた」,"""......Некоторые люди шептались... что именно поэтому он и решил потратить всю свою жизнь на оккультные исследования, чтобы научиться воскрешать мёртвых.""","""......E é por isso que ele começou a sacrificar o resto da vida dele à pesquisa do ocultismo, para reviver os mortos. ......Isso é o que dizem.""",「……才会把剩下的人生，全部奉献给了复活死者的神秘学方面的研究。……他们是这么说的。」,「……才會把剩下的人生，全部奉獻給了復活死者的神秘學方面的研究。……他們是這麼說的。」,"... Alcuni mormorano... che è per questo motivo che ha sacrificato il resto della sua vita a studiare l'occulto, per poter riportare in vita chi era morto.""","""......And that's why he started sacrificing the rest of his life to research of the occult, in order to revive the dead. ......That's what they said.""","""... Algunas personas comentaron... que por eso empezó a dedicar el resto de su vida a la investigación de lo oculto... con el fin de resucitar a los muertos.""","""...ﻭﻳُﺸﺎﻉ ﺃﻧﻪ ﻛﺮّﺱ ﺑﻘﻴﺔ ﺣﻴﺎﺗﻪ ﻟﺪﺭﺍﺳﺔ ﺍﻟﻐﻴﺒﻴﺎﺕ، ﻋﻠﻰ ﺃﻣﻞ ﺃﻥ ﻳﻌﻴﺪ ﺇﺣﻴﺎﺀ ﻣﻦ ﻓﻘﺪﻫﺎ. ......ﺫﻟﻚ ﻣﺎ ﺷﻴﻊ ﻋﻨﻪ.""","""......And that's why he started sacrificing the rest of his life to research of the occult, in order to revive the dead. ......That's what they said.""","""......And that's why he started sacrificing the rest of his life to research of the occult, in order to revive the dead. ......That's what they said.""","""......And that's why he started sacrificing the rest of his life to research of the occult, in order to revive the dead. ......That's what they said."""
Ushiromiya Battler,"""In that case, Grandfather succeeded in that miracle in his last moments. ......The culprit would be the revived {f:5:Beatrice}, with Grandfather being reunited with her at the moment he was killed. ......Pretty ironic that he revived her, only then to be killed by her.""","""If that's true, Grandfather succeeded in that miracle in his last moments. ...The culprit is the revived {f:5:Beatrice}, and Grandfather was reunited with her at the moment he was killed. Pretty ironic that he revived her, and then got killed by her."" ","""In that case, Grandfather succeeded in that miracle in his last moments. ......The culprit is the revived Beatrice, and Grandfather was reunited with her at the moment he was killed. Pretty ironic that he revived her, and was then killed by her.""",「だとしたら、祖父さまは最後の土壇場でその奇跡を成し遂げたな。……犯人は蘇ったベアトリーチェで、祖父さまは殺される瞬間に再会できたってことになるぜ。……自分で蘇らせて、それに殺されるとは皮肉な話さ。」,「だとしたら、祖父さまは最後の土壇場でその奇跡を成し遂げたな。……犯人は蘇ったベアトリーチェで、祖父さまは殺される瞬間に再会できたってことになるぜ。……自分で蘇らせて、それに殺されるとは皮肉な話さ」,"""В таком случае дедушка преуспел в том, чтобы совершить чудо в свои последние мгновения. ......Виновницей является возрождённая {f:5:Беатриче}, и дедушка воссоединился с ней в тот момент, когда оказался убит. Забавная ирония, что он возродил её, чтобы оказаться убитым ею же.""","""Nesse caso, o vovô obteve sucesso nesse milagre em seus últimos momentos. ......O culpado seria a {f:5:Beatrice} revivida, com o vovô se reunindo a ela no momento em que ele foi morto. ......É bem irônico o fato dele tê‐la ressuscitado apenas para ser morto por ela.""",「照这么说，爷爷就是在最后关头完成了这个奇迹啊。……复生的贝阿朵莉切成了犯人，爷爷在被杀的瞬间终于与她重逢。……让她复生，却反被她杀死，倒真够讽刺的呢。」,「照這麼說，爺爺就是在最後關頭完成了這個奇跡啊。……復生的貝阿朵莉切成了犯人，爺爺在被殺的瞬間終於與她重逢。……讓她復生，卻反被她殺死，倒真夠諷刺的呢。」,"""In tal caso, il Nonno è riuscito a realizzare quel miracolo nei suoi ultimi istanti. ... Il colpevole è Beatrice, resuscitata, e il Nonno si è riunito a lei quando è stato ucciso. Davvero ironico che l'abbia riportata in vita, e poi ne sia stato ucciso.""","""In that case, Grandfather succeeded in that miracle in his last moments. ......The culprit would be the revived {f:5:Beatrice}, with Grandfather being reunited with her at the moment he was killed. ......Pretty ironic that he revived her, only then to be killed by her.""","""En ese caso, el abuelo logró tal milagro en sus últimos momentos... El culpable era {f:5:Beatrice} revivida, y el abuelo se reunió con ella en el momento de su muerte... Bastante irónico el revivirla, y luego ser asesinado por ella.""","""ﺇﻥ ﻛﺎﻥ ﺫﻟﻚ ﺻﺤﻴﺤًﺎ، ﻓﺠﺪّﻱ ﻗﺪ ﺣﻘﻖ ﻣﻌﺠﺰﺗﻪ ﺃﺧﻴﺮًﺍ، ﻓﻲ ﻟﺤﻈﺎﺗﻪ ﺍﻷﺧﻴﺮﺓ. ...ﻓﺎﻟﻘﺎﺗﻞ ﺍﻵﻥ ﻳُﻘﺎﻝ ﺇﻧﻬﺎ {f:7:ﺑﻴﺎﺗﺮﻳﺲ} ﺍﻟﺘﻲ ﻋﺎﺩﺕ ﻣﻦ ﺍﻟﻤﻮﺕ، ﻭﻗﺪ ﺍﻟﺘﻘﺎﻫﺎ ﻓﻲ ﻟﺤﻈﺔ ﻣﻘﺘﻠﻪ . ......ﻳﺎ ﻟﻠﺴﺨﺮﻳﺔ...ﺃﻥ ﺗﻤﻮﺕ ﻋﻠﻰ ﻳﺪ ﻣﻦ ﺑﻌﺜﺘﻪ.""","""In that case, Grandfather succeeded in that miracle in his last moments. ......The culprit would be the revived {f:5:Beatrice}, with Grandfather being reunited with her at the moment he was killed. ......Pretty ironic that he revived her, only then to be killed by her.""","""In that case, Grandfather succeeded in that miracle in his last moments. ......The culprit would be the revived {f:5:Beatrice}, with Grandfather being reunited with her at the moment he was killed. ......Pretty ironic that he revived her, only then to be killed by her.""","""In that case, Grandfather succeeded in that miracle in his last moments. ......The culprit would be the revived {f:5:Beatrice}, with Grandfather being reunited with her at the moment he was killed. ......Pretty ironic that he revived her, only then to be killed by her."""
Ushiromiya George,"""............Even so, Grandfather was probably able to meet her. ...He gambled half of his life, and even though it was only for a short time, he was probably reunited with the woman he wished to see once again.""","""......Even so, Grandfather probably managed to meet her. ...He gambled half of his life and, even though it was only for a short time, he was reunited with the woman he wished to see once again."" ",""".........Even so, Grandfather was probably able to meet her. ...He gambled half of his life and, even though it was only for a short time, he was reunited with the woman he wished to see once again.""",「…………それでも、お祖父さまは、会えたんだろうね。…人生の半分を賭して、もう一度会いたいと願った女性に、わずかなひと時とはいえ、再会できたんだろうね。」,「…………それでも、お祖父さまは、会えたんだろうね。…人生の半分を賭して、もう一度会いたいと願った女性に、わずかなひと時とはいえ、再会できたんだろうね」,""".........Несмотря на это, дедушка, возможно, исполнил то, чего она желала. ...Он играл половину своей жизни и хотя бы на небольшой срок смог воссоединиться с той женщиной, которую хотел снова увидеть.""","""............Mesmo assim, o vovô provavelmente foi capaz de encontrá‐la.{n}...Ele apostou metade da vida dele, e mesmo que tenha sido apenas por um tempo curto, ele provavelmente se reuniu com a mulher que ele desejava ver mais uma vez.""",「…………即便如此，爷爷也是与她见过面了吧。…虽说仅是短短的一瞬，但爷爷是与为之赌上了半生，祈求再见一面的女性，成功重逢了吧。」,「…………即便如此，爺爺也是與她見過面了吧。…雖說僅是短短的一瞬，但爺爺是與為之賭上了半生，祈求再見一面的女性，成功重逢了吧。」,"""... A dispetto di ciò, è quasi certo che il Nonno abbia potuto rivederla. {n}Ha messo in gioco metà della sua vita e, anche se solo per poco, ha potuto riunirsi con la donna che desiderava vedere ancora una volta.""","""............Even so, Grandfather was probably able to meet her. ...He gambled half of his life, and even though it was only for a short time, he was probably reunited with the woman he wished to see once again.""","""... Aun así, el abuelo fue probablemente capaz de encontrarse con ella... Apostó la mitad de su vida, y aunque fuese por poco tiempo, se reunió con la mujer que deseaba ver de nuevo.""","""...ﺭﻏﻢ ﺫﻟﻚ، ﺍﺳﺘﻄﺎﻉ ﺟﺪﻱ ﻟﻘﺎﺋﻬﺎ. ...ﻟﻘﺪ ﺿﺤﻰ ﺑﻨﺼﻒ ﺣﻴﺎﺗﻪ ﻣﻦ ﺃﺟﻞ ﺭﺅﻳﺔ ﺍﻟﻤﺮﺃﺓ ﺍﻟﺘﻲ ﺃﺣﺒّﻬﺎ، ﺣﺘﻰ ﻟﻮ ﻛﺎﻥ ﺫﻟﻚ ﻟﻮﻗﺖٍ ﻗﺼﻴﺮ.""","""............Even so, Grandfather was probably able to meet her. ...He gambled half of his life, and even though it was only for a short time, he was probably reunited with the woman he wished to see once again.""","""............Even so, Grandfather was probably able to meet her. ...He gambled half of his life, and even though it was only for a short time, he was probably reunited with the woman he wished to see once again.""","""............Even so, Grandfather was probably able to meet her. ...He gambled half of his life, and even though it was only for a short time, he was probably reunited with the woman he wished to see once again."""
Ushiromiya Battler,"""...Except he got totally roasted. Probably wanted a bit more than that out of half a life's research.""","""...Then he got totally roasted though. Feels like that result doesn't quite add up to the cost of researching for half his life."" ","""...Although he was completely roasted. Feels like that result doesn't quite add up to the cost of researching for half of his life.""",「…丸焼きにされちまったけどな。人生の半分を掛けた研究にしては、ちょいと割りの合わない成果だろうぜ。」,「…丸焼きにされちまったけどな。人生の半分を掛けた研究にしては、ちょいと割りの合わない成果だろうぜ」,"""...Вот только он полностью изжарился. Судя по результатам, их цена не совсем оправдывает потраченную целую половину жизни.""","""...Exceto que ele ficou totalmente torrado. Provavelmente ele esperava um pouquinho mais que isso, depois da metade de uma vida de pesquisa.""",「…不过就是被做成了烤全人啊。以花费半生的研究来说，这可是个稍微有点不划算的成果呢。」,「…不過就是被做成了烤全人啊。以花費半生的研究來說，這可是個稍微有點不划算的成果呢。」,"""... Anche se poi è stato completamente arrostito. Pare che alla fine il risultato non sia stato proporzionale alla metà della vita che ha passato a fare ricerche.""","""...Except he got totally roasted. Probably wanted a bit more than that out of half a life's research.""","""... Excepto que fue totalmente rostizado. Probablemente quiso un poco más que eso a cambio del coste de investigar durante la mitad de su vida.""","""...ﻟﻜﻨّﻪ ﻓﻲ ﺍﻟﻨﻬﺎﻳﺔ ﺃﺻﺒﺢ ﻛﺘﻠﺔ ﻟﺤﻢ ﻣﺸﻮﻳﺔ ﻛﻠﻴًﺎ. ﻻ ﺃﻋﺘﻘﺪ ﺃﻥ ﻧﻬﺎﻳﺘﻪ ﺗﻠﻚ ﺗﺴﺘﺤﻖ ﺍﻟﺘﻀﺤﻴﺔ ﺑﻨﺼﻒ ﺣﻴﺎﺗﻪ.""","""...Except he got totally roasted. Probably wanted a bit more than that out of half a life's research.""","""...Except he got totally roasted. Probably wanted a bit more than that out of half a life's research.""","""...Except he got totally roasted. Probably wanted a bit more than that out of half a life's research."""
Ushiromiya George,"""I wouldn't say that. .........Even if it was only for an instant, ......Grandfather must have been happy to be reunited with the woman he loved.""","""That's not true. ......Even if it was only for an instant, ...Grandfather must have been happy to be reunited with the woman he loved."" ","""That's not true. .........Even if it was only for an instant, ......Grandfather should have been happy to be reunited with the woman he loved.",「そんなことはないよ。………たとえほんのひと時であったとしても。……愛した女性に再会できたお祖父さまは幸せだったはずさ。,「そんなことはないよ。………たとえほんのひと時であったとしても。……愛した女性に再会できたお祖父さまは幸せだったはずさ」,"""Это не совсем так. .........Даже если только на мгновение..... дедушка, должно быть, был рад воссоединиться с любимой женщиной.""","""Eu não diria isso. .........Mesmo se foi apenas por um instante, ......o vovô deve ter ficado feliz por poder se reunir com a mulher que ele amava.""",「没这种事。………即便只是短短的一瞬。……做到与深爱的女性重逢的爷爷，也理应是很幸福的。」,「沒這種事。………即便只是短短的一瞬。……做到與深愛的女性重逢的爺爺，也理應是很幸福的。」,"""Questo non è vero. ... Anche se è durato solo un istante... il Nonno deve essere stato felice di poter rivedere la donna che amava.","""I wouldn't say that. .........Even if it was only for an instant, ......Grandfather must have been happy to be reunited with the woman he loved.""","""Yo no diría eso... Incluso si fuese solo por un instante... el abuelo debió haber sido feliz al estar reunido con la mujer que amó.""","""ﻫﺬﺍ ﻟﻴﺲ ﺻﺤﻴﺤًﺎ. .........ﺣﺘﻰ ﻟﻮ ﻟﻠﺤﻈﺔ، ......ﻻ ﺑﺪّ ﻭﺃﻥ ﺟﺪﻱ ﻛﺎﻥ ﺳﻌﻴﺪًﺍ ﺑﻠﻘﺎﺀ ﺍﻟﻤﺮﺃﺓ ﺍﻟﺘﻲ ﺃﺣﺒّﻬﺎ.""","""I wouldn't say that. .........Even if it was only for an instant, ......Grandfather must have been happy to be reunited with the woman he loved.""","""I wouldn't say that. .........Even if it was only for an instant, ......Grandfather must have been happy to be reunited with the woman he loved.""","""I wouldn't say that. .........Even if it was only for an instant, ......Grandfather must have been happy to be reunited with the woman he loved."""
Ushiromiya George,""".........Even if his sin of defying life's providence was punished by God, and his body was burnt and sent down to hell, ...and even if the reunion he got in return only lasted a very short time...""","""......And that would be true...even if his crime of going against divine providence was punished by God, and his body was burnt and sent down to hell, ...even if that reunion only lasted a very short time, right...?"" ",".........Even if his crime of going against divine providence was punished by God, and his body was burnt and sent down to hell, ...even if that reunion only lasted a very short time, right...?""",………仮に、生命の摂理に逆らった罪を神に咎められて、その身を焼かれ、地獄に落とされたとしても。…その見返りの再会が、ほんのわずかな時間だったとしても、ね…。」,「………仮に、生命の摂理に逆らった罪を神に咎められて、その身を焼かれ、地獄に落とされたとしても。…その見返りの再会が、ほんのわずかな時間だったとしても、ね…」,""".........Даже если его преступление было направлено против божьего промысла, и он был наказан Богом, а его тело оказалось сожжено и отправлено в ад... Даже если эта встреча длилась лишь краткое мгновение, так ведь?..""",""".........Mesmo que o pecado dele de desafiar a providência da vida foi punido por Deus, e seu corpo foi queimado e enviado ao Inferno, ...e mesmo se a reunião que ele conseguiu em troca durou apenas um tempo muito curto...""",「………就算，被神追究忤逆生命规律之罪，焚身下了地狱。…就算以此为代价获得的重逢，只有短短的一点时间…」,「………就算，被神追究忤逆生命規律之罪，焚身下了地獄。…就算以此為代價獲得的重逢，只有短短的一點時間…」,"... Anche se Dio l'ha punito per essersi opposto alla divina provvidenza, e il suo corpo è stato bruciato e gettato all'inferno... anche se quella riunione non è durata che per un brevissimo lasso di tempo, non è così...?""",""".........Even if his sin of defying life's providence was punished by God, and his body was burnt and sent down to hell, ...and even if the reunion he got in return only lasted a very short time...""","""... Incluso si su delito fue ir en contra de la divina providencia y fue castigado por Dios, quemando su cuerpo y enviado al infierno... e incluso si el reencuentro que obtuvo a cambio duró muy poco tiempo...""",""".........ﺣﺘﻰ ﻟﻮ ﻏﻀﺒﺖ ﻣﻨﻪ ﺍﻵﻟﻬﺔ ﻟﻤﺨﺎﻟﻔﺘﻪ ﻗﻮﺍﻧﻴﻦ ﺍﻟﻄﺒﻴﻌﺔ، ﻭﻫﻮّﺕ ﺑﻪ ﺇﻟﻰ ﺃﻋﻤﺎﻕ ﺍﻟﺠﺤﻴﻢ ﻭﺍﺣﺮﻗﺖ ﺟﺴﺪﻩ ﺑﺎﻟﻜﺎﻣﻞ، ...ﺫﻟﻚ ﺍﻟﻠﻘﺎﺀ ﺍﻟﻘﺼﻴﺮ ﺟﺪًﺍ ﻳﺴﺘﺤﻖ ﻛﻞ ﺍﻟﺘﻀﺤﻴﺎﺕ....""",""".........Even if his sin of defying life's providence was punished by God, and his body was burnt and sent down to hell, ...and even if the reunion he got in return only lasted a very short time...""",""".........Even if his sin of defying life's providence was punished by God, and his body was burnt and sent down to hell, ...and even if the reunion he got in return only lasted a very short time...""",""".........Even if his sin of defying life's providence was punished by God, and his body was burnt and sent down to hell, ...and even if the reunion he got in return only lasted a very short time..."""
Ushiromiya Jessica,"""George nii‐san......""","""George nii-san..."" ","""George nii-san......""",「譲治兄さん……。」,「譲治兄さん……」,"""Джордж нии‐сан......""","""George nii‐san......""",「让治哥……」,「讓治哥……」,"""George nii-san...""","""George nii‐san......""","""George nii‐san...""","""ﺟﻮﺭﺝ ﻧﻴﻲ-ﺳﺎﻥ......""","""George nii‐san......""","""George nii‐san......""","""George nii‐san......"""
Ushiromiya George,"""......I wouldn't care if I met with the wrath of God and had my body burned. .........Even if it was just for a short amount of time, ......if I could revive Shannon again, ..................I would sacrifice the rest of my life to the same research as Grandfather.""","""...I wouldn't care I met with the wrath of God and had my body burned. ......Even if it was just for a short amount of time, ...if I could revive Shannon again, .........I would sacrifice the rest of my life to the same research as Grandfather. ","""......It doesn't matter if I meet with the wrath of God and have my body burned. .........Even if it's just a short amount of time, ......if I could revive Shannon again, ...............I would sacrifice the rest of my life to the same research as Grandfather.",「……神の怒りに触れて、この身を焼かれようとも構わない。………わずかな時間でもいいから、……紗音を再び蘇らせてくれるなら。………………僕は残りの人生全てを、お祖父さまと同じ研究に捧げるよ。,「……神の怒りに触れて、この身を焼かれようとも構わない。………わずかな時間でもいいから、……紗音を再び蘇らせてくれるなら。………………僕は残りの人生全てを、お祖父さまと同じ研究に捧げるよ」,"""......Меня не волнует, падёт ли на меня гнев Божий и будет ли сожжено моё тело. .........Даже если всего лишь на краткий промежуток времени... если бы я снова смог оживить Шаннон..... я пожертвовал бы остатком своей жизни на те же исследованиям, что и дедушка.""","""......Eu não ligaria se eu me encontrasse com a ira de Deus e tivesse meu corpo queimado. .........Mesmo se fosse só por uma curta quantia de tempo, ......se eu pudesse reviver a Shannon novamente, ..................eu sacrificaria o resto da minha vida à mesma pesquisa que o vovô.""",「……就算会触怒神，焚尽此身也没关系。………只要短短一瞬就行了，……若是能让纱音再度复生。………………我就把剩下的人生，全都献给与爷爷相同的研究。」,「……就算會觸怒神，焚盡此身也沒關係。………只要短短一瞬就行了，……若是能讓紗音再度復生。………………我就把剩下的人生，全都獻給與爺爺相同的研究。」,"""... Non mi importerebbe di incorrere nell'ira divina e di avere il corpo ridotto in cenere. ... Anche se si trattasse di pochissimo tempo... se potessi riportare in vita Shannon... sacrificherei il resto della mia vita alla stessa ricerca del Nonno.","""......I wouldn't care if I met with the wrath of God and had my body burned. .........Even if it was just for a short amount of time, ......if I could revive Shannon again, ..................I would sacrifice the rest of my life to the same research as Grandfather.""","""... No me importaría recibir la ira de Dios y que mi cuerpo fuera quemado... Incluso si es solo por poco tiempo... si pudiese devolver a la vida a Shannon, sacrificaría el resto de mi vida a investigar cómo, al igual que el abuelo.""","""......ﻻ ﻳﻬﻤﻨﻲ ﻏﻀﺐ ﺍﻵﻟﻬﺔ ﻭﻋﻮﺍﻗﺐ ﺫﻟﻚ. .........ﻟﻮ ﻛﺎﻥ ﺑﺎﻹﻣﻜﺎﻥ، ......ﺍﺳﺘﻌﺎﺩﺓ ﺷﺎﻧﻮﻥ ﻭﻟﻮ ﻟﻠﺤﻈﺔٍ ﻗﺼﻴﺮﺓ، ..................ﻷﻓﻨﻴﺖُ ﺑﻘﻴﺔ ﺣﻴﺎﺗﻲ ﻓﻲ ﺳﺒﻴﻞ ﺍﻟﺒﺤﺚ ﻋﻦ ﺫﻟﻚ ﻣﺜﻞ ﺟﺪﻱ.""","""......I wouldn't care if I met with the wrath of God and had my body burned. .........Even if it was just for a short amount of time, ......if I could revive Shannon again, ..................I would sacrifice the rest of my life to the same research as Grandfather.""","""......I wouldn't care if I met with the wrath of God and had my body burned. .........Even if it was just for a short amount of time, ......if I could revive Shannon again, ..................I would sacrifice the rest of my life to the same research as Grandfather.""","""......I wouldn't care if I met with the wrath of God and had my body burned. .........Even if it was just for a short amount of time, ......if I could revive Shannon again, ..................I would sacrifice the rest of my life to the same research as Grandfather."""
Ushiromiya George,"""......Five minutes would be enough, ......I just want to talk with Shannon again... ......Even one minute would be fine...... ......In exchange, ...I wouldn't mind......sacrificing the rest of my life......!""","...I want to talk with Shannon again, ...even if it's only for five minutes... ...Even one minute would be fine... ...In exchange, ...I wouldn't mind...sacrificing the rest of my life...!"" "," ......Five minutes would be enough, ......because I want to talk with Shannon again.........Even one minute would be fine............In exchange, ...I wouldn't mind, ......sacrificing the rest of my life......!""",……５分でいいから、……紗音ともう一度言葉を交わしたい…。……１分でもいいから……。……それと引き換えに、…全ての人生を捧げても、……僕は構わない……！」,「……５分でいいから、……紗音ともう一度言葉を交わしたい…。……１分でもいいから……。……それと引き換えに、…全ての人生を捧げても、……僕は構わない……！」,"""......Пяти минут вполне бы хватило..... потому что я хочу снова поговорить с Шаннон... ......Хватило бы даже одной минуты...... в обмен на это... я бы не возражал..... пожертвовать своей жизнью!..""","""......Cinco minutos seriam o suficiente, ......eu só quero falar com a Shannon de novo... ......Até um minuto estaria bom...... ......Em troca, ...eu não me importaria......em sacrificar o resto da minha vida......!""",「……有五分钟就行了，……我想与纱音再交谈一次…。……就一分钟也行……。……作为此的代价，…就算是要献上整个人生，……我也无所谓……！」,「……有五分鐘就行了，……我想與紗音再交談一次…。……就一分鐘也行……。……作為此的代價，…就算是要獻上整個人生，……我也無所謂……！」,"... Cinque minuti sarebbero sufficienti... perché voglio parlare di nuovo con Shannon... persino un solo minuto andrebbe bene... in cambio... non mi spiacerebbe... sacrificare ciò che resta della mia vita...!""","""......Five minutes would be enough, ......I just want to talk with Shannon again... ......Even one minute would be fine...... ......In exchange, ...I wouldn't mind......sacrificing the rest of my life......!""","""... Cinco minutos serían suficientes... porque quiero hablar con Shannon de nuevo... Incluso un minuto estaría bien... ¡A cambio... no me importaría... sacrificar el resto de mi vida!...""","""......ﺧﻤﺲ ﺩﻗﺎﺋﻖ ﻻ ﻏﻴﺮ، ......ﻻ ﺃﺭﻳﺪ ﺳﻮﻯ ﺍﻟﺤﺪﻳﺚ ﻣﻌﻬﺎ ﻣﺠﺪﺩًﺍ... ......ﻻ ﺑﺄﺱ ﺣﺘﻰ ﻟﻮ ﻟﺪﻗﻴﻘﺔ ﻭﺍﺣﺪﺓ...... ......ﻣﻘﺎﺑﻞ ﺫﻟﻚ، ﻟﻦ ﺃﻣﺎﻧﻊ ﺍﻟﺘﻀﺤﻴﺔ ﺑﺤﻴﺎﺗﻲ...!""","""......Five minutes would be enough, ......I just want to talk with Shannon again... ......Even one minute would be fine...... ......In exchange, ...I wouldn't mind......sacrificing the rest of my life......!""","""......Five minutes would be enough, ......I just want to talk with Shannon again... ......Even one minute would be fine...... ......In exchange, ...I wouldn't mind......sacrificing the rest of my life......!""","""......Five minutes would be enough, ......I just want to talk with Shannon again... ......Even one minute would be fine...... ......In exchange, ...I wouldn't mind......sacrificing the rest of my life......!"""
Ushiromiya Battler,""".........Aniki......""","""......Aniki..."" ",""".........Aniki......""",「………兄貴……。」,「………兄貴……」,""".........Аники...""",""".........Aniki......""",「………大哥……」,「………大哥……」,"""... Aniki...""",""".........Aniki......""","""... Aniki...""",""".........ﺃﺧﻲ......""",""".........Aniki......""",""".........Aniki......""",""".........Aniki......"""
,"When Battler and Jessica realized that their pointless discussion was hurting George, they had no choice but to shut their mouths...","When Battler and Jessica realized that their pointless discussion was causing George pain, they could do nothing more than shut their mouths... ","When Battler and Jessica realized that their pointless discussion was giving George painful feelings, they could do nothing more than shut their mouths...",戦人と朱志香は、自分たちの下らない話が、譲治に辛い思いをさせてしまったことを悟り、口をつぐむ他なかった…。,戦人と朱志香は、自分たちの下らない話が、譲治に辛い思いをさせてしまったことを悟り、口をつぐむ他なかった…。,"Когда Баттлер и Джессика поняли, что их бессмысленные обсуждения лишь пробуждают у Джорджа болезненные чувства, им ничего не оставалось, кроме как замолчать...","Quando Battler e Jessica perceberam que sua discussão inútil estava machucando George, eles não tiveram escolha além de calar suas bocas...",战人与朱志香意识到自己那些无益的废话，戳到了让治的伤心处后，紧紧闭上了嘴…。,戰人與朱志香意識到自己那些無益的廢話，戳到了讓治的傷心處後，緊緊閉上了嘴…。,"Quando Battler e Jessica si accorsero che la loro futile discussione stava causando dolore a George, non poterono far altro che chiudere la bocca...","When Battler and Jessica realized that their pointless discussion was hurting George, they had no choice but to shut their mouths...","Cuando Battler y Jessica se dieron cuenta que esa inútil discusión estaba lastimando a George, no pudieron hacer nada, salvo cerrar la boca...",ﺃﺩﺭﻙ ﺑﺎﺗﻠﺮ ﻭﺟﻴﺴﻴﻜﺎ ﺃﻥ ﻧﻘﺎﺷﻬﻤﺎ ﻟﻦ ﻳﺆﺩﻱ ﺇﻟﻰ ﺃﻱّ ﻓﺎﺋﺪﺓ ﺳﻮﻯ ﺃﻥ ﻳُﻔﺎﻗﻢ ﺃﻟﻢ ﺟﻮﺭﺝ، ﻟﺬﺍ ﻓﻀﻼ ﺇﻏﻼﻕ ﺃﻓﻮﺍﻫﻬﻤﺎ...,"When Battler and Jessica realized that their pointless discussion was hurting George, they had no choice but to shut their mouths...","When Battler and Jessica realized that their pointless discussion was hurting George, they had no choice but to shut their mouths...","When Battler and Jessica realized that their pointless discussion was hurting George, they had no choice but to shut their mouths..."
,......George directed his thoughts at Kinzo's life:,...George directed his thoughts to Kinzo's life. ,"......George directed his thoughts at Kinzo's life.",……譲治は、金蔵の生涯に思いを馳せる。,……譲治は、金蔵の生涯に思いを馳せる。,......Джордж направил свои мысли к жизни Кинзо.,......George direcionou seus pensamentos à vida de Kinzo.,……让治遐想着金藏的一生。,……讓治遐想著金藏的一生。,... George volse i suoi pensieri alla vita di Kinzo.,......George directed his thoughts at Kinzo's life:,... George dirigió sus pensamientos a la vida de Kinzo.,......ﺃﻣّﺎ ﺟﻮﺭﺝ ﻓﻘﺪ ﺳﺮﺡ ﺑﺄﻓﻜﺎﺭﻩ ﺣﻮّﻝ ﺣﻴﺎﺓ ﻛﻴﻨﺰﻭ.,......George directed his thoughts at Kinzo's life:,......George directed his thoughts at Kinzo's life:,......George directed his thoughts at Kinzo's life:
,I saw him sacrifice half of his life to research that no one could understand.,He sacrificed half his life to research that no one understood. ," He had sacrificed half of his life to research that no one could understand.",彼は誰の理解も得られない研究に半生を捧げた。,彼は誰の理解も得られない研究に半生を捧げた。,"Он пожертвовал половину своей жизни на исследования, которые никто не мог понять.",Ele sacrificou metade de sua vida a uma pesquisa que mais ninguém era capaz de compreender.,他将半生献给了不会获得任何人理解的研究。,他將半生獻給了不會獲得任何人理解的研究。,Lui aveva sacrificato metà della sua esistenza ad una ricerca che nessuno poteva comprendere.,I saw him sacrifice half of his life to research that no one could understand.,Él había sacrificado media vida en investigar algo que nadie podría comprender.,ﺭﺃﻳﺘﻪ ﻳﻀﺤﻲ ﺑﻨﺼﻒ ﺣﻴﺎﺗﻪ ﻣﻦ ﺃﺟﻞ ﺃﺑﺤﺎﺙٍ ﻻ ﻳﻔﻬﻤﻬﺎ ﺃﺣﺪ.,I saw him sacrifice half of his life to research that no one could understand.,I saw him sacrifice half of his life to research that no one could understand.,I saw him sacrifice half of his life to research that no one could understand.
,"......And, on the last day of his life, he revived the person he loved most, ......and probably succeeded in his reunion in his final moments.","...And, on the last day of his life, he revived the person he loved most, ...and probably succeeded in his reunion in his final moments. ","......And, on the last day of his life, he had revived the person he loved most, ......and probably succeeded in his reunion in his final moments.",……そして、その人生の最後の日に最愛の人を蘇らせ、……恐らく最後の瞬間に、再会を果たすことができただろう。,……そして、その人生の最後の日に最愛の人を蘇らせ、……恐らく最後の瞬間に、再会を果たすことができただろう。,"......И в последний день своей жизни он возродил человека, которого любил больше всех... И, вероятно, преуспел в своём воссоединении в свои последние мгновения.","......E, no último dia de sua vida, ele reviveu a pessoa que mais amava,{n}......e provavelmente teve sucesso em se reunir com ela em seus momentos finais.",……然后，在其人生的最后一天，复活了最爱之人，……恐怕，他是在最后的瞬间，终于了了重逢的心愿吧。,……然後，在其人生的最後一天，復活了最愛之人，……恐怕，他是在最後的瞬間，終於了了重逢的心願吧。,"... E, proprio nel suo ultimo giorno, aveva riportato in vita la persona che amava di più... e probabilmente era riuscito a rincontrarla nei suoi ultimi istanti.","......And, on the last day of his life, he revived the person he loved most, ......and probably succeeded in his reunion in his final moments.","... Y, en el último día de su vida, revivió a la persona que más amó... y probablemente tuvo éxito en aquella reunión en su momento final.",......ﻭﻓﻲ ﺍﻟﻴﻮﻡ ﺍﻷﺧﻴﺮ ﻣﻦ ﺣﻴﺎﺗﻪ ﻧﺠﺢ ﻓﻲ ﺇﺣﻴﺎﺀ ﺍﻟﻤﺮﺃﺓ ﺍﻟﺘﻲ ﺃﺣﺒّﻬﺎ، ......ﻭﺭﺑﻤﺎ، ﻓﻲ ﻟﺤﻈﺎﺗﻪ ﺍﻷﺧﻴﺮﺓ، ﻧﺠﺢ ﺃﺧﻴﺮًﺍ ﻓﻲ ﻟﻘﺎﺋﻬﺎ ﻣﺠﺪﺩًﺍ.,"......And, on the last day of his life, he revived the person he loved most, ......and probably succeeded in his reunion in his final moments.","......And, on the last day of his life, he revived the person he loved most, ......and probably succeeded in his reunion in his final moments.","......And, on the last day of his life, he revived the person he loved most, ......and probably succeeded in his reunion in his final moments."
,"I don't know how much time they were able to spend together. ...I don't know whether they were given an hour, ...or just five minutes.",George didn't know how much time they'd had together. ...He didn't know if they'd been given an hour...or just five minutes. ," George didn't know how much time they had spent together....He didn't know whether they had been given an hour, ...or just five minutes.",どれだけの時間を共に過ごせたかはわからない。…１時間を許されたのか、…それともたったの５分だったのか、…わからない。,どれだけの時間を共に過ごせたかはわからない。…１時間を許されたのか、…それともたったの５分だったのか、…わからない。,"Джордж не знал, как много времени они провели вместе. ...Он не знал, были ли они вместе час... или же всего пять минут.","Não sei quanto tempo eles foram capazes de passar juntos. ...Não sei se eles tiveram uma hora, ...ou só cinco minutos.",不知他们共度了多少时间。…是获得了一小时吗，…还是只有区区五分钟呢，…这就无从得知了。,不知他們共度了多少時間。…是獲得了一小時嗎，…還是只有區區五分鐘呢，…這就無從得知了。,George non sapeva quanto tempo avessero trascorso assieme. ... Non sapeva nemmeno se gli fosse stata concessa un'ora... o solo cinque minuti.,"I don't know how much time they were able to spend together. ...I don't know whether they were given an hour, ...or just five minutes.",George no sabía cuánto tiempo habían pasado juntos... Él no sabía si se les había dado una hora... o solo cinco minutos.,ﻻ ﺃﻋﺮﻑ ﻛﻢ ﻣﻦ ﺍﻟﻮﻗﺖ ﻗﻀﻴﺎﻩ ﻣﻌًﺎ. ...ﻻ ﺃﻋﻠﻢ ﺇﻥ ﻛﺎﻧﺖ ﺳﺎﻋﺔ ﻛﺎﻣﻠﺔ... ﺃﻡ ﻣﺠﺮﺩ ﺧﻤﺲ ﺩﻗﺎﺋﻖ.,"I don't know how much time they were able to spend together. ...I don't know whether they were given an hour, ...or just five minutes.","I don't know how much time they were able to spend together. ...I don't know whether they were given an hour, ...or just five minutes.","I don't know how much time they were able to spend together. ...I don't know whether they were given an hour, ...or just five minutes."
,"However, ......in that moment, all of that time he had sacrificed for his research must have been rewarded. ...Even though he spent decades to gain it, that small amount of time must have been enough to reward him.","However, ...that moment must have been enough to reward him for all those months of research. ...Even though he spent dozens of years to achieve it, that small amount of time was probably more than worth it to him. "," However, ......in that moment, all of that time he had sacrificed for his research should have been rewarded....Even though he spent dozens of years to gain it, that small amount of time was probably enough to reward him.",しかし、……その瞬間に彼が研究に捧げた月日は、全て報われたはずだ。…数十年の月日を掛けて得た、そのわずかな時間で、十分に彼の心は報われたはずだ。,しかし、……その瞬間に彼が研究に捧げた月日は、全て報われたはずだ。…数十年の月日を掛けて得た、そのわずかな時間で、十分に彼の心は報われたはずだ。,"Однако... В тот момент всё то время, что он пожертвовал на свои исследования, должно было быть вознаграждено. ...Хотя он и посвятил десятки лет тому, стремясь преуспеть в этом, лишь этого недолгого времени, возможно, было достаточно, чтобы вознаградить его.","Porém, ......naquele momento, todo o tempo que ele sacrificou para sua pesquisa deve ter sido recompensado. ...Mesmo que ele tenha gasto décadas para ganhá‐la, aquela pequena quantia de tempo deve ter sido o suficiente para recompensá‐lo.",不过，……在那一瞬间，他为研究所献上的岁月，应该全都得到了回报。…花费数十年所得的，短短的时间，应该充分地回报了他的心。,不過，……在那一瞬間，他為研究所獻上的歲月，應該全都得到了回報。…花費數十年所得的，短短的時間，應該充分地回報了他的心。,"Ad ogni modo... in quell'istante, tutto il tempo che aveva sacrificato studiando era stato ricompensato. ... Nonostante avesse speso anni e anni per guadagnarlo, quel briciolo di tempo era stato probabilmente sufficiente a ricompensarlo.","However, ......in that moment, all of that time he had sacrificed for his research must have been rewarded. ...Even though he spent decades to gain it, that small amount of time must have been enough to reward him.","Sin embargo... en ese momento, todo ese tiempo que había sido dedicado a la investigación, debió ser recompensado... A pesar de que pasó docenas de años para conseguirlo, esa pequeña cantidad de tiempo fue probablemente la suficiente para recompensarle.",ﻭﻣﻊ ﺫﻟﻚ، ﻻ ﺑﺪّ ﺃﻥ ﺗﻠﻚ ﺍﻟﻠﺤﻈﺔ ﻛﺎﻧﺖ ﻛﺎﻓﻴﺔً ﻹﺭﺿﺎﺋﻪ ﻣﻘﺎﺑﻞ ﻛﻞ ﺫﻟﻚ ﺍﻟﻮﻗﺖ ﺍﻟﺬﻱ ﻗﻀﺎﻩ ﻓﻲ ﺇﺑﺤﺎﺛﻪ. ...ﺭﻏﻢ ﺃﻧّﻪ ﺃﻣﻀﻰ ﻋﻘﻮﺩًﺍ ﻓﻲ ﺳﺒﻴﻞ ﺗﺤﻘﻴﻖ ﻫﺬﻩ ﺍﻟﻐﺎﻳﺔ، ﺇﻻ ﺃﻥ ﺫﻟﻚ ﺍﻟﻘﺪﺭ ﺍﻟﻀﺌﻴﻞ ﻣﻦ ﺍﻟﻮﻗﺖ ﺭﺑﻤﺎ ﻛﺎﻥ ﻳﺴﺘﺤﻖ ﻛﻞ ﺍﻟﻌﻨﺎﺀ ﻓﻲ ﻧﻈﺮﻩ.,"However, ......in that moment, all of that time he had sacrificed for his research must have been rewarded. ...Even though he spent decades to gain it, that small amount of time must have been enough to reward him.","However, ......in that moment, all of that time he had sacrificed for his research must have been rewarded. ...Even though he spent decades to gain it, that small amount of time must have been enough to reward him.","However, ......in that moment, all of that time he had sacrificed for his research must have been rewarded. ...Even though he spent decades to gain it, that small amount of time must have been enough to reward him."
,"Until today, I never believed in the occult or magic or anything.{n}Somewhere in my heart, ...I even made fun of Grandfather's research as nothing more than an indulgence.","Until today, I never believed in the occult or magic or anything. Somewhere in my heart, ...I even made fun of Grandfather's research, thinking of it as nothing more than a pastime. "," Until today, I never believed in the occult or magic or anything. Somewhere in my heart, ...I even made fun of Grandfather's research as nothing more than a pastime.",僕は今日まで、オカルトも魔法も、何も信じなかった。お祖父さまの研究だって、…道楽だと心のどこかで馬鹿にしていた。,僕は今日まで、オカルトも魔法も、何も信じなかった。{n}お祖父さまの研究だって、…道楽だと心のどこかで馬鹿にしていた。,"До этого дня я никогда не верил ни в оккультизм, ни в магию или что‐то подобное.{n}Где‐то в глубине души я даже высмеивал дедушкины исследования, считая их пустой тратой времени.","Até hoje, nunca acreditei no ocultismo ou na magia, nem nada do tipo.{n}Em algum lugar no meu coração, ...eu considerei a pesquisa do vovô como nada mais que uma tolice.",在今日前，神秘学也好、魔法也好，我全都不信。{n}就连爷爷的研究，…我都暗自在心中鄙为了怪癖。,在今日前，神秘學也好、魔法也好，我全都不信。{n}就連爺爺的研究，…我都暗自在心中鄙為了怪癖。,"Fino ad oggi, non ho mai creduto nell'occulto o nella magia o altre cose simili. Da qualche parte dentro di me... ho anche deriso gli studi del Nonno considerandoli null'altro che un modo per passare il tempo.","Until today, I never believed in the occult or magic or anything.{n}Somewhere in my heart, ...I even made fun of Grandfather's research as nothing more than an indulgence.","Hasta hoy, nunca he creído en el ocultismo ni magia ni nada por el estilo.{n}En algún lugar de mi corazón... incluso yo me burlé de la investigación del abuelo como si no fuera más que un capricho.",ﺣﺘﻰ ﻳﻮﻣﻨﺎ ﻫﺬﺍ، ﻟﻢ ﺃﻭﻣﻦ ﺑﺎﻟﺴﺤﺮ ﻭﻣﺎ ﺷﺎﺑﻪ،{n}ﺑﻞ، ﻓﻲ ﺃﻋﻤﺎﻗﻲ، ...ﻛﻨﺖ ﺃﺳﺘﻬﺰﺉ ﺑﺄﺑﺤﺎﺙ ﺟﺪﻱ ﻭﺃﺭﺍﻫﺎ ﻣﺠﺮﺩ ﻫﻮﺱ ﻓﺎﺭﻍ.,"Until today, I never believed in the occult or magic or anything.{n}Somewhere in my heart, ...I even made fun of Grandfather's research as nothing more than an indulgence.","Until today, I never believed in the occult or magic or anything.{n}Somewhere in my heart, ...I even made fun of Grandfather's research as nothing more than an indulgence.","Until today, I never believed in the occult or magic or anything.{n}Somewhere in my heart, ...I even made fun of Grandfather's research as nothing more than an indulgence."
,"However, ......I won't make fun of it anymore.{n}...No, to the contrary, I strongly believe that it does exist.","However, ...I won't make fun of it anymore. ...No, to the contrary, I'll believe strongly that it's real. "," However, ......I won't make fun of it anymore....No, to the contrary, I strongly believe that it does exist.",しかし、……もう馬鹿にしない。…いや、それどころかその存在を強く信じる。,しかし、……もう馬鹿にしない。{n}…いや、それどころかその存在を強く信じる。,"Однако..... с этого момента я больше не собираюсь смеяться над ним.{n}...Нет, даже наоборот, я полностью уверен, что она действительно существует.","Porém, ......não vou mais caçoar dela.{n}...Não, pelo contrário, eu acredito firmemente na existência do seu tema de pesquisa.",不过，……我不会再鄙视这些了。{n}…不，岂止如此，我还强烈相信它们的存在。,不過，……我不會再鄙視這些了。{n}…不，豈止如此，我還強烈相信它們的存在。,"Tuttavia... non ne riderò più. ... No, al contrario, credo con tutto me stesso che sia vero.","However, ......I won't make fun of it anymore.{n}...No, to the contrary, I strongly believe that it does exist.","Sin embargo... no me burlaré más de él.{n}... No, al contrario, creo firmemente que eso debe existir.",ﻟﻜﻦ ﺍﻵﻥ، ......ﻟﻦ ﺃﺳﺨﺮ ﻣﻨﻪ ﺑﻌﺪ ﺍﻵﻥ.{n}ﻛﻼ، ﺑﻞ ﻋﻠﻰ ﺍﻟﻌﻜﺲ ﻣﻦ ﺫﻟﻚ، ﺳﺄﻭﻣﻦ ﺑﺼﺪﻕ ﺃﻥ ﺫﻟﻚ ﺣﻘﻴﻘﻲ.,"However, ......I won't make fun of it anymore.{n}...No, to the contrary, I strongly believe that it does exist.","However, ......I won't make fun of it anymore.{n}...No, to the contrary, I strongly believe that it does exist.","However, ......I won't make fun of it anymore.{n}...No, to the contrary, I strongly believe that it does exist."
,"...If that power of belief can become miracles, I'll probably throw away all of my studies up until today, and spend the rest of my life from today onwards studying magic.","...If the power of belief can create miracles, I'll probably throw away all of my studies up until today, spending the rest of my life from today onwards studying magic. ","...If the power of belief can become miracles, I'll probably throw away all of my studies up until today, and spend the rest of my life from today onwards studying magic.",…その信じる力が奇跡に通じるならば、僕は今日まで習ってきた全ての学問を投げ出し、今日より残り全ての人生を掛けて、魔法を学ぶだろう。,…その信じる力が奇跡に通じるならば、僕は今日まで習ってきた全ての学問を投げ出し、今日より残り全ての人生を掛けて、魔法を学ぶだろう。,"...Если сила веры способна сотворить чудо, я брошу всю учебу, которой занимался до сегодняшнего дня и проведу остаток всей своей жизни начиная с этого дня в изучении магии.","...Se esse poder de crença puder se transformar em milagres, provavelmente jogarei fora todos os meus estudos até hoje, e passarei o resto da minha vida de hoje em diante estudando magia.",…如果这份相信之力会导向奇迹的话，我就抛弃今日前所学的所有学问，从今天起，用剩下的全部人生，来学习魔法。,…如果這份相信之力會導向奇跡的話，我就拋棄今日前所學的所有學問，從今天起，用剩下的全部人生，來學習魔法。,"... Se la forza della fede può trasformarsi in miracoli, probabilmente rinuncerò a tutti gli studi che ho fatto fino ad oggi, e passerò il resto della mia vita a studiare la magia.","...If that power of belief can become miracles, I'll probably throw away all of my studies up until today, and spend the rest of my life from today onwards studying magic.","... Si el poder de la creencia puede convertirse en milagros, probablemente tiraré todos mis estudios hasta la fecha, y a partir de hoy dedicaré el resto de mi vida al estudio de la magia.",...ﺇﺫﺍ ﻛﺎﻧﺖ ﻗﻮﺓ ﺍﻹﻳﻤﺎﻥ ﺗﺨﻠﻖ ﺍﻟﻤﻌﺠﺰﺍﺕ ﺣﻘًﺎ، ﻓﻤﻦ ﺍﻟﻴﻮﻡ ﻭﺻﺎﻋﺪًﺍ ﺳﺄﺭﻣﻲ ﻭﺭﺍﺋﻲ ﻛﻞ ﻣﺎ ﺗﻌﻠّﻤﺘﻪ ﺣﺘﻰ ﺍﻟﻴﻮﻡ، ﻭﺃﻗﻀﻲّ ﺑﻘﻴّﺔ ﺣﻴﺎﺗﻲ ﻓﻲ ﺩﺭﺍﺳﺔ ﺍﻟﺴﺤﺮ.,"...If that power of belief can become miracles, I'll probably throw away all of my studies up until today, and spend the rest of my life from today onwards studying magic.","...If that power of belief can become miracles, I'll probably throw away all of my studies up until today, and spend the rest of my life from today onwards studying magic.","...If that power of belief can become miracles, I'll probably throw away all of my studies up until today, and spend the rest of my life from today onwards studying magic."
,.........Give me the power of magic.,......Give me the power of magic. ,".........Give me the power of magic.",………僕に魔法の力を。,………僕に魔法の力を。,.........Дай мне силу магии.,.........Me dê o poder da magia.,………给我魔法之力。,………給我魔法之力。,... Datemi il potere della magia.,.........Give me the power of magic.,... Obtendré el poder de la magia.,.........ﺳﺄﻭﻣﻦ ﺑﻘﻮﺓ ﺍﻟﺴﺤﺮ.,.........Give me the power of magic.,.........Give me the power of magic.,.........Give me the power of magic.
,...And...a miracle which lets me meet Shannon again...,...And give me a miracle that'll let me see Shannon again... ,"...And, a miracle which lets me meet Shannon again...",…そして、紗音に再び出会える奇跡を…。,…そして、紗音に再び出会える奇跡を…。,"...И то чудо, которое позволит мне снова встретиться с Шаннон...",...E...um milagre no qual eu possa encontrar a Shannon de novo...,…然后，赐予我与纱音再度相会的奇迹…。,…然後，賜予我與紗音再度相會的奇跡…。,"... E, un miracolo che mi faccia vedere di nuovo Shannon...",...And...a miracle which lets me meet Shannon again...,... Y... un milagro con el que encontrarme con Shannon de nuevo...,...ﻭﻛﺬﻟﻚ ﺍﻟﻤﻌﺠﺰﺓ ﺍﻟﺘﻲ ﺗُﻤﻜﻨﻨﻲ ﻣﻦ ﻟﻘﺎﺀ ﺷﺎﻧﻮﻥ ﻣﺮﺓ ﺃﺧﺮﻯ...,...And...a miracle which lets me meet Shannon again...,...And...a miracle which lets me meet Shannon again...,...And...a miracle which lets me meet Shannon again...
Ushiromiya George,""".................................... ......Haha, ...ha. ...Sorry, you two. I must be going mad. ......If you could revive the dead with magic, ......people would probably be studying it everywhere around the world.""","""............ ...Haha, ...ha. ...Sorry, you two. What am I talking about? ...If you could revive the dead with magic, ...people would probably be researching it everywhere around the world. ","""..............................Haha, ...ha. ...Sorry, you two. What am I talking about? ......If you could revive the dead with magic, ......people would probably be studying it everywhere around the world.",「………………………………。……はは、…は。…ごめんよみんな。僕もどうかしてる。……魔法で死者が蘇るくらいだったら、……世界中の人々が魔法を学ぶだろうね。,「………………………………。……はは、…は。…ごめんよみんな。僕もどうかしてる。……魔法で死者が蘇るくらいだったら、……世界中の人々が魔法を学ぶだろうね」,"""........................Ха‐ха... ха. ...Извините, ребята. Что я несу? ......Если бы можно было воскрешать мёртвых магией..... люди, возможно, изучали бы её по всему миру.""",""".................................... ......Haha, ...ha. ...Desculpe, pessoal. Devo estar ficando louco. ......Se fosse possível reviver os mortos com magia, ......as pessoas provavelmente estariam estudando isso em toda parte ao redor do mundo.""",「………………………………。……哈哈、…哈。…对不起呢，各位。我也不知是怎么了呢。……要是用魔法就能复生死者的话，……那全世界的人就都在学魔法了。」,「………………………………。……哈哈、…哈。…對不起呢，各位。我也不知是怎麼了呢。……要是用魔法就能復生死者的話，……那全世界的人就都在學魔法了。」,"""... Haha... ha. ... Scusate, ragazzi. Che sto dicendo? ... Se si potessero resuscitare i defunti con la magia... di certo le persone di ogni parte del mondo la studierebbero.",""".................................... ......Haha, ...ha. ...Sorry, you two. I must be going mad. ......If you could revive the dead with magic, ......people would probably be studying it everywhere around the world.""","""... Jaja... ja... Discúlpenme... ambos. Debo estar volviéndome loco... Si pudieras revivir a los muertos con magia... la gente probablemente la estaría estudiando por todo el mundo.""",""".................................... ......ﻫﺎﻫﺎﻩ، ...ﻫﺎ. ...ﺃﻋﺘﺬﺭ ﻣﻨﻜﻤﺎ. ﻻ ﺑﺪّ ﻭﺃﻧّﻲ ﻓﻘﺪﺕُ ﻋﻘﻠﻲ ......ﻟﻮ ﻛﺎﻥ ﻣﻦ ﺍﻟﻤﻤﻜﻦ ﺇﺣﻴﺎﺀ ﺍﻟﻤﻮﺗﻰ ﺑﺎﻟﺴﺤﺮ، ......ﻷﻓﻨّﻰ ﺍﻟﻨﺎﺱ ﺣﻴﺎﺗﻬﻢ ﻓﻲ ﺩﺭﺍﺳﺔ ﺫﻟﻚ.""",""".................................... ......Haha, ...ha. ...Sorry, you two. I must be going mad. ......If you could revive the dead with magic, ......people would probably be studying it everywhere around the world.""",""".................................... ......Haha, ...ha. ...Sorry, you two. I must be going mad. ......If you could revive the dead with magic, ......people would probably be studying it everywhere around the world.""",""".................................... ......Haha, ...ha. ...Sorry, you two. I must be going mad. ......If you could revive the dead with magic, ......people would probably be studying it everywhere around the world."""
Ushiromiya George,"""...But things like that don't exist in reality. No one studies it. .........That's because...they know...that the dead can't be brought back with magic.""",...But things like that don't exist in reality. No one researches it. ......That's because...they know the dead can't be revived with magic. ," ...But things like that don't exist in reality. No one studies it. .........That's because, ...they know that the dead can't be revived with magic.",…でも、現実にはそんなことはない。誰も学ばない。………死者が魔法では蘇らないって、…知っているから。,「…でも、現実にはそんなことはない。誰も学ばない。………死者が魔法では蘇らないって、…知っているから」,"""...Но в реальности таких вещей не существует. Никто не изучает её. .........Это из‐за того, что... им известно, что мёртвых не вернуть к жизни никакой магией.""","""...Mas coisas assim não existem na realidade. Ninguém estuda isso. .........Isso é porque...elas sabem...que os mortos não podem ser trazidos de volta com magia.""",「…但是，现实并非如此。谁都不学。………因为他们知道，…死者无法靠魔法复生。」,「…但是，現實並非如此。誰都不學。………因為他們知道，…死者無法靠魔法復生。」,... Ma queste cose non esistono nella realtà. Nessuno la studia. ... Perché... sanno che i morti non possono essere resuscitati con la magia.,"""...But things like that don't exist in reality. No one studies it. .........That's because...they know...that the dead can't be brought back with magic.""","""... Pero esas cosas no existen en la realidad. Nadie la estudia... Eso es porque... saben que los muertos no pueden ser revividos a través de la magia.""","""...ﻟﻜﻦ ﺃﺷﻴﺎﺀ ﻛﻬﺬﻩ ﻻ ﻭﺟﻮﺩ ﻟﻬﺎ ﻓﻲ ﻋﺎﻟﻤﻨﺎ. ﻻ ﺃﻋﺘﻘﺪ ﺃﻥ ﺃﺣﺪًﺍ ﻳﺒﺤﺚ ﻓﻲ ﺫﻟﻚ، .........ﻷﻧّﻬﻢ ﻳﻌﻠﻤﻮﻥ ﺃﻥ ﺍﻟﻤﻮﺗﻰ ﻻ ﻳﻤﻜﻦ ﺇﺣﻴﺎﺋﻬﻢ ﺑﺎﻟﺴﺤﺮ.""","""...But things like that don't exist in reality. No one studies it. .........That's because...they know...that the dead can't be brought back with magic.""","""...But things like that don't exist in reality. No one studies it. .........That's because...they know...that the dead can't be brought back with magic.""","""...But things like that don't exist in reality. No one studies it. .........That's because...they know...that the dead can't be brought back with magic."""
Ushiromiya George,"""............Sorry for saying such weird things. It's my fault that the atmosphere here has gotten so strange. ...Sorry for making you worry about me, even though this is hard on everybody.""","......Sorry for saying something so weird. It's my fault that the atmosphere here has gotten so strange. ...Sorry for making you tiptoe around me, even though this is tough for us all."" "," ............Sorry for saying something so weird. It's my fault that the atmosphere here has gotten so strange. ...Sorry for making you worry, even though this is tough for everybody.""",…………ごめんよ、妙なことを言い出して。僕のせいで、おかしな空気になっちゃったね。…みんなだって辛いだろうに、気を遣わせてごめん。」,「…………ごめんよ、妙なことを言い出して。僕のせいで、おかしな空気になっちゃったね。…みんなだって辛いだろうに、気を遣わせてごめん」,"""............Извините, что показался странным. Это моя вина, что атмосфера стала слишком странной. ...Извините, что заставил вас волноваться и переживать, хотя всем сейчас приходится нелегко.""","""............Desculpe por dizer tais coisas esquisitas. É culpa minha o clima aqui ter ficado tão estranho. ...Desculpe fazer vocês se preocuparem comigo, mesmo que isso seja difícil para todo mundo.""",「…………对不起呢，说了些怪怪的话。是我的错，搞糟了气氛呢。…明明大家都很难受，还令你们担心，对不起。」,「…………對不起呢，說了些怪怪的話。是我的錯，搞糟了氣氛呢。…明明大家都很難受，還令你們擔心，對不起。」,"... Scusatemi per aver detto quelle cose strane. È colpa mia se l'atmosfera si è fatta così strana. ... Scusatemi per avervi fatto preoccupare, nonostante tutti stiano affrontando una situazione difficile.""","""............Sorry for saying such weird things. It's my fault that the atmosphere here has gotten so strange. ...Sorry for making you worry about me, even though this is hard on everybody.""","""... Discúlpenme por decir algo tan raro. Es mi culpa que la atmósfera aquí se haya puesto tan extraña... Siento haber hecho que se preocupen, aunque esto es difícil para todos.""","""............ﺁﺳﻒ ﻟﺤﺪﻳﺜﻲ ﺍﻟﻐﺮﻳﺐ ﻫﺬﺍ. ﺇﻧّﻪ ﺧﻄﺌﻲ ﻓﻲ ﺃﻥّ ﺍﻟﺠﻮّ ﺻﺎﺭ ﻣﺘﻮﺗﺮًﺍ ﻫﻜﺬﺍ. ...ﺁﺳﻒ ﻷﻧﻨﻲ ﺟﻌﻠﺘﻜﻤﺎ ﺗﻘﻠﻘﺎﻥ، ﺭﻏﻢ ﺃﻥ ﺍﻟﺠﻤﻴﻊ ﻳﻤﺮّ ﺑﻮﻗﺖ ﻋﺼﻴﺐ.""","""............Sorry for saying such weird things. It's my fault that the atmosphere here has gotten so strange. ...Sorry for making you worry about me, even though this is hard on everybody.""","""............Sorry for saying such weird things. It's my fault that the atmosphere here has gotten so strange. ...Sorry for making you worry about me, even though this is hard on everybody.""","""............Sorry for saying such weird things. It's my fault that the atmosphere here has gotten so strange. ...Sorry for making you worry about me, even though this is hard on everybody."""
,"...Even though I did it to divert myself from my sadness, maybe I did say something strange.","...Even if I did it to divert myself from my sadness, maybe I did say something strange. ","...Even though I did it to divert myself from my sadness, maybe I did say something strange.",…悲しさを紛らわすためとは言え、おかしなことを言ってしまったかもしれない。,…悲しさを紛らわすためとは言え、おかしなことを言ってしまったかもしれない。,"...Даже если я делал это, чтобы отвлечь свои мысли от печали, может быть, я действительно сказал что‐то странное.","...Mesmo que eu tivesse feito isso para me distrair da minha tristeza, talvez eu tenha dito algo estranho.",…虽说是为了排解悲伤，但我或许是把奇怪的话说出了口。,…雖說是為了排解悲傷，但我或許是把奇怪的話說出了口。,"... Anche se l'ho fatto per distrarmi dalla mia tristezza, forse ho detto qualcosa di bizzarro.","...Even though I did it to divert myself from my sadness, maybe I did say something strange.","... A pesar de que lo hice para evadirme de mi tristeza, tal vez dije algunas cosas extrañas.",...ﺣﺘﻰ ﻟﻮ ﻓﻌﻠﺖُ ﺫﻟﻚ ﻟﺘﺨﻔﻴﻒ ﺣﺪﺓ ﺍﻟﺤﺰﻥ ﻓﻲ ﻗﻠﺒﻲ، ﻓﻬﺬﺍ ﻟﻴﺲ ﻋﺬﺭًﺍ ﻟﻲ ﻟﻠﺘﺤﺪﺙ ﺑﻬﺬﻩ ﺍﻟﻐﺮﺍﺑﺔ.,"...Even though I did it to divert myself from my sadness, maybe I did say something strange.","...Even though I did it to divert myself from my sadness, maybe I did say something strange.","...Even though I did it to divert myself from my sadness, maybe I did say something strange."
,"If I keep talking about something so weird, I'm sure it won't heal their sadness...","If I keep talking about stuff that's so weird, I'm sure it won't do anything good for their sadness... "," If I keep talking about something so weird, I'm sure it won't heal their sadness...",僕がこれ以上おかしな話を続けることは、彼らの悲しみを癒すことに、きっとならないのだから…。,僕がこれ以上おかしな話を続けることは、彼らの悲しみを癒すことに、きっとならないのだから…。,"Если я продолжу рассуждать о подобных странных вещах, уверен, это не прогонит моё горе...","Se eu continuar falando sobre algo tão esquisito, tenho certeza que isso não curará a tristeza deles...",我再继续胡言乱语下去，一定是不会对治愈他们的哀伤，起到任何作用的…。,我再繼續胡言亂語下去，一定是不會對治癒他們的哀傷，起到任何作用的…。,Sono certo che continuare a parlare di cose così strana non guarirà il mio dolore...,"If I keep talking about something so weird, I'm sure it won't heal their sadness...","Si sigo hablando mucho de esto, estoy seguro de que no curaré mi tristeza...",ﺇﺫﺍ ﻭﺍﺻﻠﺖُ ﺍﻟﺤﺪﻳﺚ ﻋﻦ ﺃﺷﻴﺎﺀ ﻛﻬﺬﻩ، ﻓﺄﻧّﺎ ﻣﺘﺄﻛﺪ ﻣﻦ ﺃﻥّ ﺫﻟﻚ ﻟﻦ ﻳُﺠﺪﻱ ﻧﻔﻌًﺎ ﺗﺠﺎﻩ ﻣﺸﺎﻋﺮﻫﻢ ﺍﻟﺤﺰﻳﻨﺔ...,"If I keep talking about something so weird, I'm sure it won't heal their sadness...","If I keep talking about something so weird, I'm sure it won't heal their sadness...","If I keep talking about something so weird, I'm sure it won't heal their sadness..."
,"But, even so, ...that doesn't mean that I can withstand this silence.",But...that doesn't mean I can bear this silence. ," But, just because of that, ...it doesn't mean that I can withstand this silence.",でも、だからといって、…僕はこの沈黙には耐えられそうもない。,でも、だからといって、…僕はこの沈黙には耐えられそうもない。,"Но это... ещё не значит, что я могу вынести эту тишину.","Mas, ainda assim, ...isso não significa que consigo suportar este silêncio.",不过，虽说如此，…我还是无法承受住这份沉默。,不過，雖說如此，…我還是無法承受住這份沉默。,Ciò nonostante... questo non significa che possa sopportare questo silenzio.,"But, even so, ...that doesn't mean that I can withstand this silence.",Pero aun así... eso no significa que pueda soportar este silencio.,ﻟﻜﻦ... ﻫﺬﺍ ﻻ ﻳﻌﻨﻲ ﺃﻧﻨﻲ ﺃﺳﺘﻄﻴﻊ ﺗﺤﻤّﻞ ﻫﺬﺍ ﺍﻟﺼﻤﺖ ﺍﻟﺬﻱ ﺳﺎﺩّ ﺍﻟﻤﻜﺎﻥ.,"But, even so, ...that doesn't mean that I can withstand this silence.","But, even so, ...that doesn't mean that I can withstand this silence.","But, even so, ...that doesn't mean that I can withstand this silence."
Ushiromiya George,"""......I'll go downstairs, and get another cup of coffee. ......My mother is very particular about how to make a cup of coffee. Does anyone want a refill?""","""...I'll go downstairs and get another cup of coffee. ...Mom's very particular about how she likes hers. Does anyone else want a refill?"" ","""......I'll go downstairs, and get another cup of coffee. ......My mother is obsessed with making coffee. Does anyone want a refill?""",「……僕は下に行って、もう一杯、コーヒーをもらってくる。……うちの母さん、コーヒーの淹れ方にはこだわりがあるんだよ。みんなもお代わりはいるかい？」,「……僕は下に行って、もう一杯、コーヒーをもらってくる。……うちの母さん、コーヒーの淹れ方にはこだわりがあるんだよ。みんなもお代わりはいるかい？」,"""......Я спущусь вниз, сделаю себе ещё одну чашку кофе. ......Моя мать просто помешана на приготовлении кофе. Кто‐нибудь ещё желает добавки?""","""......Vou descer e pegar mais uma xícara de café. ......Minha mãe tem sua própria peculiaridade sobre como preparar o café. Alguém também vai querer?""",「……我去下楼下，再去拿杯咖啡。……我妈妈对泡咖啡的方法很有讲究哟。大家要不要也再来一杯？」,「……我去下樓下，再去拿杯咖啡。……我媽媽對泡咖啡的方法很有講究喲。大家要不要也再來一杯？」,"""... Scenderò giù a prendere un'altra tazza di caffè. ... Mia Madre ha l'ossessione del preparare il caffè. Qualcuno ne vuole ancora?""","""......I'll go downstairs, and get another cup of coffee. ......My mother is very particular about how to make a cup of coffee. Does anyone want a refill?""","""... Voy a bajar y prepararme otra taza de café... Mi madre es muy particular a la hora de preparar una taza de café. ¿Alguno quiere algo?""","""...ﺳﺄﻧﺰﻝ ﺗﺤﺖ ﻹﺣﻀﺎﺭ ﺍﻟﻤﺰﻳﺪ ﻣﻦ ﺍﻟﻘﻬﻮﺓ. ......ﺇﻥّ ﻃﺮﻳﻘﺔ ﺃﻣﻲ ﻓﻲ ﺗﺤﻀﻴﺮ ﺍﻟﻘﻬﻮﺓ ﻣﻤﻴﺰﺓ. ﻫﻞ ﻳﺮﻳﺪ ﺃﺣﺪ ﻣﻨﻜﻤﺎ ﺇﻋﺎﺩﺓ ﺗﻌﺒﺌﺔ ﻛﻮﺑﻪ؟""","""......I'll go downstairs, and get another cup of coffee. ......My mother is very particular about how to make a cup of coffee. Does anyone want a refill?""","""......I'll go downstairs, and get another cup of coffee. ......My mother is very particular about how to make a cup of coffee. Does anyone want a refill?""","""......I'll go downstairs, and get another cup of coffee. ......My mother is very particular about how to make a cup of coffee. Does anyone want a refill?"""
,"Battler‐kun and Jessica‐chan lightly shook their heads.{n}Without being any more persistent than that, I took my mug and left the room.","Battler-kun and Jessica-chan lightly shook their heads. Without pressing them any further, I took my mug and left the room. ","Battler-kun and Jessica-chan lightly shook their heads. Without being any more persistent than that, I took my mug and left the room.",戦人くんと朱志香ちゃんは、軽く首を横に振る。僕はそれ以上をしつこくせず、マグカップを持って部屋を出た。廊下の窓にまで全て鎧戸が下ろされている為、廊下はとても薄暗い。,戦人くんと朱志香ちゃんは、軽く首を横に振る。{n}僕はそれ以上をしつこくせず、マグカップを持って部屋を出た。,"Баттлер‐кун и Джессика‐чан слегка покачали головами.{n}Не имея больше сил оставаться, я забрал свою кружку и вышел из комнаты.","O Battler‐kun e a Jessica‐chan balançaram suas cabeças levemente.{n}Sem ser mais persistente que isso, peguei minha caneca e deixei o quarto.",战人君与朱志香轻轻摇了摇头。{n}我不再多话，拿着马克杯，出了房间。,戰人君與朱志香輕輕搖了搖頭。{n}我不再多話，拿著馬克杯，出了房間。,"Battler-kun e Jessica-chan scossero leggermente la testa. Senza insistere oltre, presi la mia tazza e lasciai la stanza.","Battler‐kun and Jessica‐chan lightly shook their heads.{n}Without being any more persistent than that, I took my mug and left the room.","Battler-kun y Jessica-chan negaron ligeramente con la cabeza.{n}Sin ser mucho más persistente, tomé mi taza y salí de la habitación.",ﻫﺰّ ﻛﻞٌّ ﻣﻦ ﺑﺎﺗﻠﺮ ﻭﺟﻴﺴﻴﻜﺎ ﺭﺃﺳﻴﻬﻤﺎ ﺭﻓﻀًﺎ.{n}ﻭﺩﻭﻥ ﺃﻥ ﺃﻟﺢّ ﻋﻠﻴﻬﻤﺎ ﺃﻛﺜﺮ، ﺃﺧﺬﺕ ﻛﻮﺑﻲ ﻭﻏﺎﺩﺭﺕُ ﺍﻟﻐﺮﻓﺔ.,"Battler‐kun and Jessica‐chan lightly shook their heads.{n}Without being any more persistent than that, I took my mug and left the room.","Battler‐kun and Jessica‐chan lightly shook their heads.{n}Without being any more persistent than that, I took my mug and left the room.","Battler‐kun and Jessica‐chan lightly shook their heads.{n}Without being any more persistent than that, I took my mug and left the room."
,"I did visit Doctor Nanjo's room to ask whether he wanted any more coffee as well, but he too said that he didn't want any more.","The shutters were all closed in the hallway, so the corridor was very dim. I tried visiting Doctor Nanjo's room and asking if he wanted more coffee, "," Because the shutters were all closed in the hallway, the corridor was very dim. I tried visiting Doctor Nanjo's room and asking whether he needed more coffee,",一応、南條先生の部屋も訪れ、コーヒーのお代わりはいるかと聞いたが、こちらもいらないと言われてしまった。,一応、南條先生の部屋も訪れ、コーヒーのお代わりはいるかと聞いたが、こちらもいらないと言われてしまった。,"Из‐за запертых ставен в коридоре было очень тускло. Я навестил комнату доктора Нанджо и спросил, нужно ли ему ещё кофе,","Eu visitei o quarto do doutor Nanjo para perguntar se ele queria mais café também, mas ele também disse que não queria mais.",虽然也有去过南条大夫的房间，问过“要不要再来杯咖啡”，但他也说，不用了。,雖然也有去過南條大夫的房間，問過“要不要再來杯咖啡”，但他也說，不用了。,"Siccome tutte le imposte erano state chiuse, il corridoio era immerso nell'oscurità. Provai a recarmi nella stanza del dottor Nanjo per chiedergli se volesse dell'altro caffè,","I did visit Doctor Nanjo's room to ask whether he wanted any more coffee as well, but he too said that he didn't want any more.","Fui a la habitación del doctor Nanjo para preguntarle si quería más café, pero dijo que no necesitaba nada más.",ﻣﺮﺭﺕُ ﻋﻠﻰ ﻏﺮﻓﺔ ﺍﻟﻄﺒﻴﺐ ﻧﺎﻧﺠﻮ ﻷﺳﺄﻟﻪ ﺇﺫﺍ ﻛﺎﻥ ﻳﺮﻳﺪ ﺍﻟﻤﺰﻳﺪ ﻣﻦ ﺍﻟﻘﻬﻮﺓ، ﻟﻜﻨّﻪ ﻗﺎﻝ ﺃﻳﻀًﺎ ﺃﻧّﻪ ﻻ ﻳﺮﻳﺪ.,"I did visit Doctor Nanjo's room to ask whether he wanted any more coffee as well, but he too said that he didn't want any more.","I did visit Doctor Nanjo's room to ask whether he wanted any more coffee as well, but he too said that he didn't want any more.","I did visit Doctor Nanjo's room to ask whether he wanted any more coffee as well, but he too said that he didn't want any more."
,......It seemed as though my mother's orthodox method of making coffee wasn't universally appreciated.,but he said he didn't need any either. ," but he said that he didn't need any more either.",……母さんの本格的な淹れ方のコーヒーは、どうも一般受けしないらしい。,……母さんの本格的な淹れ方のコーヒーは、どうも一般受けしないらしい。,"но он сказал, что ему больше не требуется.",......Parecia que o método ortodoxo de fazer café da minha mãe não era universalmente apreciado.,……看来，妈妈那以正统泡法冲的咖啡，并不受大众的欢迎。,……看來，媽媽那以正統泡法衝的咖啡，並不受大眾的歡迎。,ma anche lui disse che non ne aveva bisogno.,......It seemed as though my mother's orthodox method of making coffee wasn't universally appreciated.,... Parecía como si el método ortodoxo de mi madre de hacer el café no fuese universalmente apreciado.,......ﻳﺒﺪﻭ ﺃﻥ ﻃﺮﻳﻘﺔ ﺃﻣﻲ ﺍﻟﻐﻴﺮ ﻣﺄﻟﻮﻓﺔ ﻓﻲ ﺗﺤﻀﻴﺮ ﺍﻟﻘﻬﻮﺓ ﻻ ﺗﺤﻈّﻰ ﺑﺘﻘﺪﻳﺮ ﻋﺎﻟﻲ.,......It seemed as though my mother's orthodox method of making coffee wasn't universally appreciated.,......It seemed as though my mother's orthodox method of making coffee wasn't universally appreciated.,......It seemed as though my mother's orthodox method of making coffee wasn't universally appreciated.
,"One time, I had Shannon drink some that I brewed by that method, ......but she told me that while it was delicious, it was a little strong, if I remember her words...","...It seems my mother's orthodox method of making coffee isn't universally appreciated. One time, I made some for Shannon, ...but she told me that while it was delicious, it was a little strong... ","......It seemed as though my mother's orthodox method of making coffee wasn't universally appreciated. One time, I had Shannon drink it, ...but she told me that while it was delicious, it was a little strong...",一度、紗音にその淹れ方で飲ませてあげたことがあったが、……おいしいけど、少し濃いですね。と言われたことがあったような…。,一度、紗音にその淹れ方で飲ませてあげたことがあったが、……おいしいけど、少し濃いですね。と言われたことがあったような…。,"......Похоже, излюбленный моей матерью метод приготовления кофе не пользовался спросом у каждого. Однажды я дал попробовать Шаннон, но она сказала мне, что хоть вкус и восхитительный, но он довольно крепкий...","Uma vez, fiz a Shannon beber um pouco do café que preparei com esse método, ......mas ela me disse que, ainda que estivesse delicioso, era um pouco forte, se eu bem me lembro das palavras dela...",我曾让纱音喝过一次，用这种泡法冲的咖啡，……不过她好像是说了。挺好喝的，但就是有点太浓了…。,我曾讓紗音喝過一次，用這種泡法衝的咖啡，……不過她好像是說了。挺好喝的，但就是有點太濃了…。,"... Pareva che non tutti apprezzassero il metodo ortodosso con cui mia Madre lo preparava. Una volta, l'avevo fatto provare a Shannon... ma lei mi aveva detto che per quanto fosse delizioso, era un po' forte...","One time, I had Shannon drink some that I brewed by that method, ......but she told me that while it was delicious, it was a little strong, if I remember her words...","Una vez, se lo hice probar a Shannon, pero me dijo que aunque estaba delicioso, era un poco fuerte...",ﺫﺍﺕ ﻣﺮﺓ، ﺣﻀﺮﺕُ ﺑﻌﻀًﺎ ﻣﻨّﻬﺎ ﻟﺸﺎﻧﻮﻥ، ......ﻓﺄﺧﺒﺮﺗﻨﻲ ﻋﻦ ﺭﺃﻳﻬﺎ ﻗﺎﺋﻠﺔً: ﺃﻧّﻬﺎ ﻟﺬﻳﺬﺓ ﺍﻟﻤﺬﺍﻕ ﻟﻜﻦ ﻧﻜﻬﺘﻬﺎ ﻗﻮﻳﺔٌ ﺑﻌﺾ ﺍﻟﺸﻲﺀ، ﻫﻜﺬﺍ ﺃﺫﻛﺮ ﻛﻼﻣﻬﺎ...,"One time, I had Shannon drink some that I brewed by that method, ......but she told me that while it was delicious, it was a little strong, if I remember her words...","One time, I had Shannon drink some that I brewed by that method, ......but she told me that while it was delicious, it was a little strong, if I remember her words...","One time, I had Shannon drink some that I brewed by that method, ......but she told me that while it was delicious, it was a little strong, if I remember her words..."
Ushiromiya George,"""............Shannon.........""",......Shannon...... ,"............Shannon.........",…………紗音………。,「…………紗音………」,"""............Шаннон.....""","""............Shannon.........""",「…………纱音………」,「…………紗音………」,... Shannon...,"""............Shannon.........""","""... Shannon...""","""............ﺷﺎﻧﻮﻥ.........""","""............Shannon.........""","""............Shannon.........""","""............Shannon........."""
,"It's no good... ......Even though I left the room to change my mood, ...that image of Shannon's face that's filling my head hasn't faded in the slightest...","That's no good... ...Even though I left the room to change my mood, ...that image of Shannon's face filling my head hasn't faded in the slightest... "," That's no good.........even though I left the room to change my mood, ...that image of Shannon's face that's filling my head hasn't faded in the slightest...",駄目だ…。……気分を変えるために部屋を出たのに、…僕の頭の中をいっぱいに満たす紗音の面影は、わずかほども薄れない…。,駄目だ…。……気分を変えるために部屋を出たのに、…僕の頭の中をいっぱいに満たす紗音の面影は、わずかほども薄れない…。,"Так не пойдёт... Я ведь даже вышел из комнаты, чтобы сменить настроение, но образ лица Шаннон, заполнивший все мои мысли, нисколько не поблек...","Isso não é bom... ......Mesmo que eu tenha deixado o quarto para mudar meu humor, ...aquela imagem do rosto da Shannon que está preenchendo minha cabeça não se esvaiu nem um pouco...",不行…。……明明是为了换心情出的房间，…可充满我脑中的纱音的面容，连一丁点都没有褪去…。,不行…。……明明是為了換心情出的房間，…可充滿我腦中的紗音的面容，連一丁點都沒有褪去…。,Così non va bene... pur avendo lasciato la stanza per tirarmi su... l'immagine del volto di Shannon che mi riempie la mente non si è affievolita nemmeno un po'...,"It's no good... ......Even though I left the room to change my mood, ...that image of Shannon's face that's filling my head hasn't faded in the slightest...", Esto no está bien... a pesar de que salí de la habitación para cambiar mi estado de ánimo... la imagen del rostro de Shannon llenando mi cabeza no ha cambiado en lo más mínimo...,ﻻ ﺟﺪﻭﻯ ﻣﻦ ﻫﺬﺍ... ......ﻋﻠﻰ ﺍﻟﺮﻏﻢ ﻣﻦ ﺃﻧﻨﻲ ﻏﺎﺩﺭﺕُ ﺍﻟﻐﺮﻓﺔ ﻟﺘﻐﻴﻴﺮ ﻣﺰﺍﺟﻲ، ...ﺇﻻ ﺃﻥّ ﻭﺟﻪ ﺷﺎﻧﻮﻥ ﺍﻟﺬﻱ ﻳﻤﻠﺆ ﻓﻜﺮﻱ ﻟﻢ ﻳﺘﻼﺷﻰ ﻋﻠﻰ ﺍﻹﻃﻼﻕ...,"It's no good... ......Even though I left the room to change my mood, ...that image of Shannon's face that's filling my head hasn't faded in the slightest...","It's no good... ......Even though I left the room to change my mood, ...that image of Shannon's face that's filling my head hasn't faded in the slightest...","It's no good... ......Even though I left the room to change my mood, ...that image of Shannon's face that's filling my head hasn't faded in the slightest..."
,"The fun days I shared with her were becoming more and more vivid, ............and I felt saddened that I was not even allowed to see her dead face.","I keep seeing those fun days with her, more and more vividly, ......and it's saddening that I never even got a chance to see her dead face. "," The fun days with her are repeating vividly, ............and it's saddening that I haven't even been able to see her dead face.",彼女との楽しかった日々が、繰り返し鮮明になり、…………未だ、彼女の死に顔すら見させてもらえないことが、悲しかった。,彼女との楽しかった日々が、繰り返し鮮明になり、…………未だ、彼女の死に顔すら見させてもらえないことが、悲しかった。,"Весёлые дни с ней ярко пробегают мимо... И как горько, что я не могу даже увидеть её мёртвого лица.","Os dias divertidos que compartilhei com ela estavam se tornando mais e mais vívidos, ............e me senti entristecido que não me fosse permitido sequer ver o rosto do seu corpo.",与她共度的快乐时光，随着反复闪现，变得越来越鲜明，…………内心还在为，连想看她的遗容都不被允许，而感到难过。,與她共度的快樂時光，隨著反覆閃現，變得越來越鮮明，…………內心還在為，連想看她的遺容都不被允許，而感到難過。,"I giorni divertenti trascorsi con lei vi si ripetono, vividi... e mi rattrista non aver potuto nemmeno vedere il suo volto dopo la morte.","The fun days I shared with her were becoming more and more vivid, ............and I felt saddened that I was not even allowed to see her dead face.","Los días divertidos con ella estaban repitiéndose vívidamente, y es triste que ni siquiera pude ver su rostro al morir.",ﻣﺎ ﺯﻟﺖُ ﺃﺫﻛﺮ ﺗﻠﻚ ﺍﻷﻳﺎﻡ ﺍﻟﻤﻤﺘﻌﺔ ﺍﻟﺘﻲ ﻗﻀﻴﺘﻬﺎ ﻣﻌﻬﺎ ﺑﻜﻞّ ﻭﺿﻮﺡ. ............ﻭﻣﻦ ﺍﻟﻤﺤﺰﻥ ﺃﻧﻲ ﻟﻢ ﺃﺣﺼﻞ ﻋﻠﻰ ﻓﺮﺻﺔ ﺣﺘﻰ ﻟﺮﺅﻳﺔ ﻭﺟﻬﻬﺎ ﺑﻌﺪ ﻣﻤﺎﺗﻬﺎ.,"The fun days I shared with her were becoming more and more vivid, ............and I felt saddened that I was not even allowed to see her dead face.","The fun days I shared with her were becoming more and more vivid, ............and I felt saddened that I was not even allowed to see her dead face.","The fun days I shared with her were becoming more and more vivid, ............and I felt saddened that I was not even allowed to see her dead face."
,"According to our parents, it seems as though she was killed with something like a gun or spear.","According to our parents, she was apparently killed with something like a gun or a spear. "," According to our parents, it seems as though she was killed with something like a gun or spear.",親たちの話によれば、銃か槍のようなもので殺されたらしいという。,親たちの話によれば、銃か槍のようなもので殺されたらしいという。,"Согласно нашим родителям, похоже, она была убита каким‐то ружьём или копьём.","De acordo com nossos pais, parece que ela foi morta com algo similar a uma arma de fogo ou uma lança.",据长辈们所说，她似乎是被枪械或矛之类的凶器所杀。,據長輩們所說，她似乎是被槍械或矛之類的凶器所殺。,"Stando a quanto hanno detto i nostri genitori, sembra sia stata uccisa con un fucile o un pugnale.","According to our parents, it seems as though she was killed with something like a gun or spear.","Según nuestros padres, parecía haber muerto por algo semejante a un arma de fuego o una lanza.",ﻟﻘﺪ ﻗﺎﻝ ﺁﺑﺎﺋﻨﺎ ﺑﺄﻧّﻬﺎ ﻗﺪ ﺗﻜﻮﻥ ﻗُﺘﻠﺖ ﺑﺴﻼﺡ ﺃﻭ ﻃُﻌﻨﺖ ﺑﺸﻲﺀٍ ﺣﺎﺩٍ.,"According to our parents, it seems as though she was killed with something like a gun or spear.","According to our parents, it seems as though she was killed with something like a gun or spear.","According to our parents, it seems as though she was killed with something like a gun or spear."
,"...I'm sure they were just trying to console me, ......but they had said that her face in death had been very beautiful and peaceful.","...I'm sure they were just trying to console me, ...but they had said her dead face had been very beautiful and peaceful. ","...I'm sure they were just trying to console me, ......but they had said that her dead face had been very beautiful and peaceful.",…もちろん慰めだろうが、……とても綺麗で安らかな死に顔だと言っていた。,…もちろん慰めだろうが、……とても綺麗で安らかな死に顔だと言っていた。,"...Я уверен, они лишь пытались меня утешить... но они говорили, что её мёртвое лицо было очень красивым и умиротворённым.","...Tenho certeza que estavam só tentando me consolar, ......mas eles tinham dito que o rosto dela na morte tinha sido muito belo e pacífico.",…虽说肯定是安慰，……但照他们所说，纱音留下了非常漂亮安详的遗容。,…雖說肯定是安慰，……但照他們所說，紗音留下了非常漂亮安詳的遺容。,... Sono certo che volessero solo consolarmi... ma hanno detto che il suo viso era bellissimo e avvolto dalla pace.,"...I'm sure they were just trying to console me, ......but they had said that her face in death had been very beautiful and peaceful.",... Estoy seguro de que solo trataban de consolarme... pero habían dicho que su rostro permanecía tranquilo y sereno.,...ﻻ ﺑﺪّ ﺃﻧّﻬﻢ ﻛﺎﻧﻮﺍ ﻳﺤﺎﻭﻟﻮﻥ ﻣﻮﺍﺳﺎﺗﻲ. ......ﻟﻜﻨّﻬﻢ ﻗﺎﻟﻮﺍ ﺃﻳﻀًﺎ ﺃﻥ ﻭﺟﻬﻬﺎ ﻋﻨﺪ ﻣﻮﺗﻬﺎ ﻛﺎﻥ ﺟﻤﻴﻼً ﺟﺪًﺍ ﻭﻫﺎﺩﺋًﺎ.,"...I'm sure they were just trying to console me, ......but they had said that her face in death had been very beautiful and peaceful.","...I'm sure they were just trying to console me, ......but they had said that her face in death had been very beautiful and peaceful.","...I'm sure they were just trying to console me, ......but they had said that her face in death had been very beautiful and peaceful."
,I wonder if she's...wearing the engagement ring I gave her last night?,I wonder if she had the engagement ring I gave her last night...on her finger. ," I wonder if she put the engagement ring I gave her last night, ...on her finger?",彼女はその指に、…僕が昨夜贈った、あの婚約指輪をしてくれているだろうか。,彼女はその指に、…僕が昨夜贈った、あの婚約指輪をしてくれているだろうか。,"Интересно, а надела ли она обручальное кольцо, что я подарил ей вчера вечером... на свой палец?",Me pergunto se ela estava...usando o anel de noivado que dei a ela noite passada?,她的手指上，…有没有戴着我昨晚送的，那枚订婚戒指呢？,她的手指上，…有沒有戴著我昨晚送的，那枚訂婚戒指呢？,Mi chiedo se l'anello di fidanzamento che le ho dato ieri notte... l'abbia messo al dito?,I wonder if she's...wearing the engagement ring I gave her last night?,Me pregunto si se puso el anillo de compromiso que le di la otra noche... sobre su dedo.,ُﺃﻛﺎﻧﺖ ﻳﺎ ﺗُﺮﻯ ﺗﺮﺗﺪﻱ ﺧﺎﺗﻢ ﺍﻟﺨﻄﻮﺑﺔ ﺍﻟﺬﻱ ﺃﻫﺪﻳﺘﻬﺎ ﺇﻳﺎﻩ ﻟﻴﻠﺔ ﺍﻟﺒﺎﺭﺣﺔ...؟,I wonder if she's...wearing the engagement ring I gave her last night?,I wonder if she's...wearing the engagement ring I gave her last night?,I wonder if she's...wearing the engagement ring I gave her last night?
,"......If she accepted my engagement, she should have it on the ring finger of her left hand...","...If she accepted my engagement, she should have had it on the ring finger of her left hand... ","......If she had accepted my engagement, she should have put it on the ring finger of her left hand...",……僕の婚約を受けてくれたなら、左手の薬指にしているはず…。,……僕の婚約を受けてくれたなら、左手の薬指にしているはず…。,"......Если бы она приняла моё предложение, то надела бы его на свой безымянный палец левой руки...","......Se ela aceitou meu noivado, ela devia tê‐lo no dedo anelar de sua mão esquerda...",……如果接受了我的求婚的话，应该会戴在左手的无名指上…。,……如果接受了我的求婚的話，應該會戴在左手的無名指上…。,"... Se aveva accettato la mia proposta, dovrebbe averlo messo all'anulare sinistro...","......If she accepted my engagement, she should have it on the ring finger of her left hand...","... Si ella había aceptado mi compromiso, debía de habérselo puesto en su dedo anular de la mano izquierda...",......ﻟﻮ ﺃﻧّﻬﺎ ﻗﺒﻠﺖ ﺧﻄﺒﺘﻲ ﻟﻬﺎ، ﻓﻴﺠﺐ ﺃﻥ ﺗﻀﻌﻪ ﻓﻲ ﺇﺻﺒﻊ ﻳﺪﻫﺎ ﺍﻟﻴﺴﺮﻯ...,"......If she accepted my engagement, she should have it on the ring finger of her left hand...","......If she accepted my engagement, she should have it on the ring finger of her left hand...","......If she accepted my engagement, she should have it on the ring finger of her left hand..."
,"Last night, our heads were both full of each other, and we weren't composed at all.","Last night, we were both on the edge of losing it and not calm at all. "," Last night, we were both on the edge of losing it, and not calm at all.",昨夜は僕たちものぼせ上がっていて冷静じゃなかった。,昨夜は僕たちものぼせ上がっていて冷静じゃなかった。,Вчера вечером мы были близки к впадению в панику и не могли сохранять спокойствие.,"Noite passada, nossas cabeças estavam ambas preenchidas um com o outro, e com certeza não estávamos muito calmos.",昨晚，我们两人全都兴奋得晕头转向，很不冷静。,昨晚，我們兩人全都興奮得暈頭轉向，很不冷靜。,"La scorsa notte, eravamo entrambi molto nervosi, senza un briciolo di calma.","Last night, our heads were both full of each other, and we weren't composed at all.","Anoche, los dos teníamos la cabeza muy ocupada y estábamos muy nerviosos.",ﻟﻘﺪ ﺷﻌﺮﺍ ﻛﻼﻧﺎ ﺑﺎﻟﺘﻮﺗﺮ ﻟﻴﻠﺔ ﺍﻟﺒﺎﺭﺣﺔ.,"Last night, our heads were both full of each other, and we weren't composed at all.","Last night, our heads were both full of each other, and we weren't composed at all.","Last night, our heads were both full of each other, and we weren't composed at all."
,"Shannon had accepted the engagement semi‐boldly, but she might have regretted that as a rash action once she cooled her head. She might have taken the ring off.","Shannon accepted my engagement pretty courageously, but she might have regretted that as a rash action once she cooled her head. She might have taken the ring off. "," Shannon had accepted the engagement courageously, but she might have regretted that as a rash action once she cooled her head. She might have taken the ring off.",紗音は半ば勇ましく婚約を受けてはくれたけど、頭を冷やしたらそれが勇み足だったと後悔しているかもしれない。指輪を外しているかもしれない。,紗音は半ば勇ましく婚約を受けてはくれたけど、頭を冷やしたらそれが勇み足だったと後悔しているかもしれない。指輪を外しているかもしれない。,"Шаннон отважно приняла помолвку, но возможно, потом она могла пожалеть о своём поспешном решении, когда немного остудила голову. Она могла снять кольцо.","Shannon tinha aceito o noivado meio que bravamente, mas ela podia ter se arrependido daquilo como uma ação precipitada depois de esfriar sua cabeça.{n}Ela podia ter tirado o anel.",虽然纱音颇具勇气地接受了婚约，但等头脑冷静下来后，说不定会为自己的草率感到后悔。说不定会摘下戒指。,雖然紗音頗具勇氣地接受了婚約，但等頭腦冷靜下來後，說不定會為自己的草率感到後悔。說不定會摘下戒指。,"Shannon ha accettato il fidanzamento con coraggio, ma forse dopo essersi calmata, se n'è pentita considerandola un'azione avventata. È possibile che abbia tolto l'anello.","Shannon had accepted the engagement semi‐boldly, but she might have regretted that as a rash action once she cooled her head. She might have taken the ring off.","Shannon había aceptado el compromiso con valentía, pero quizás se había lamentado de esa acción una vez que lo pensó detenidamente. Quizás podría haberse quitado el anillo.",ﺭﻏﻢ ﺫﻟﻚ، ﻗﺒﻠﺖ ﺷﺎﻧﻮﻥ ﺍﻟﺨﺎﺗﻢ ﺑﻜﻞّ ﺷﺠﺎﻋﺔ، ﻭﻟﻜﻦّ ﺭﺑﻤﺎ ﺗﻜﻮﻥ ﻗﺪ ﻏﻴﺮﺕ ﺭﺃﻳﻬﺎ ﺑﻌﺪ ﺃﻥ ﻫﺪﺃﺕ ﻭﻓﻜﺮﺕ ﺑﺎﻷﻣﺮ ﻣﻠﻴًّﺎ. ﻗﺪ ﺗﻈﻦ ﺑﺄﻧّﻬﺎ ﺍﺳﺘﻌﺠﻠﺖ ﻓﻲ ﻗﺮﺍﺭﻫﺎ ﻭﻗﺪ ﺧﻠﻌﺘﻪ،,"Shannon had accepted the engagement semi‐boldly, but she might have regretted that as a rash action once she cooled her head. She might have taken the ring off.","Shannon had accepted the engagement semi‐boldly, but she might have regretted that as a rash action once she cooled her head. She might have taken the ring off.","Shannon had accepted the engagement semi‐boldly, but she might have regretted that as a rash action once she cooled her head. She might have taken the ring off."
,......I wonder if she has the ring on now.,...I wonder if she has the ring on now. ,"......I wonder if she has the ring on now.",……彼女は今、指輪をしてくれているだろうか。,……彼女は今、指輪をしてくれているだろうか。,"......Интересно, надето ли кольцо на её палец.",......Me pergunto se ela está com o anel agora?,……她此刻，有没有戴着戒指呢？,……她此刻，有沒有戴著戒指呢？,... Mi chiedo se adesso l'abbia indosso.,......I wonder if she has the ring on now.,... Me pregunto si lo tendrá puesto ahora.,...ﻫﻞ ﻳﺎ ﺗﺮﻯ ﻻ ﺗﺰﺍﻝ ﺗﺮﺗﺪﻱ ﺍﻟﺨﺎﺗﻢ ﺍﻵﻥ؟,......I wonder if she has the ring on now.,......I wonder if she has the ring on now.,......I wonder if she has the ring on now.
,......I at least want to be sure of that much.{n}I want to know...her final feelings......,...I want to be sure of at least that much. I want to know how she felt...at the very end... ,"......I at least want to be sure of that much. I want to know...her final feelings......",……せめて、それだけでも確かめたい。紗音の最後の気持ちが、知りたい……。,……せめて、それだけでも確かめたい。{n}紗音の最後の気持ちが、知りたい……。,"......По крайней мере, я хотел бы окончательно убедиться.{n}Я хочу узнать... её последние чувства.....",......Quero pelo menos ter certeza desse tanto.{n}Quero saber...os sentimentos finais dela......,……哪怕只是让我确认一下这个也好。{n}我想知道，纱音最后的心意……。,……哪怕只是讓我確認一下這個也好。{n}我想知道，紗音最後的心意……。,... Voglio accertarmi perlomeno di questo. Io voglio conoscere... i suoi sentimenti alla fine...,......I at least want to be sure of that much.{n}I want to know...her final feelings......,... Por lo menos quiero estar seguro de eso.{n}Quiero conocer... sus últimos sentimientos...,......ﺃﺭﻳﺪ ﺍﻟﺘﺄﻛﺪ ﻣﻦ ﺫﻟﻚ ﻋﻠﻰ ﺍﻷﻗﻞ.{n}ﺃﺭﻳﺪ ﺃﻥ ﺃﻋﺮﻑ ﻣﺸﺎﻋﺮ ﺷﺎﻧﻮﻥ ﺍﻷﺧﻴﺮﺓ...,......I at least want to be sure of that much.{n}I want to know...her final feelings......,......I at least want to be sure of that much.{n}I want to know...her final feelings......,......I at least want to be sure of that much.{n}I want to know...her final feelings......
,"However, ......even if I do check that, ...it's not as if she'll be revived.","But...even if I do confirm that, ...it doesn't mean she'll come back. "," However, ......even if I do check that, ...she won't be revived.",しかし、……それを確かめたからと言って、…彼女が蘇るわけでもない。,しかし、……それを確かめたからと言って、…彼女が蘇るわけでもない。,Однако..... даже если я проверю это... этим её не вернуть.,"Porém, ......mesmo se eu checar isso, ...não é como se ela fosse reviver.",然而，……就算确认完这点，…她也没有可能复活。,然而，……就算確認完這點，…她也沒有可能復活。,Però... anche se controllassi... lei non rivivrebbe.,"However, ......even if I do check that, ...it's not as if she'll be revived.",Sin embargo... incluso si lo compruebo... ella no volverá a la vida.,ﻭﻟﻜﻦ... ﺣﺘﻰ ﻟﻮ ﻋﺮﻓﺖ ﺫﻟﻚ، ﻓﻬﺬﺍ ﻻ ﻳﻌﻨﻲ ﺃﻧﻬﺎ ﺳﺘﻌﻮﺩ ﻟﻠﺤﻴﺎﺓ...,"However, ......even if I do check that, ...it's not as if she'll be revived.","However, ......even if I do check that, ...it's not as if she'll be revived.","However, ......even if I do check that, ...it's not as if she'll be revived."
,"...............I wonder what will happen to her body.{n}After the autopsy, ......it will probably be immediately cremated.","......I wonder what will happen to her body. After the autopsy, ...it will probably be immediately cremated. ","............I wonder what will happen to her body. After the autopsy, ......it will probably be immediately cremated.",……………彼女の遺体は、どうなるのだろう。多分、検死などを経て、……迅速に火葬されるだろう。,……………彼女の遺体は、どうなるのだろう。{n}多分、検死などを経て、……迅速に火葬されるだろう。,"............Интересно, что станет с её телом.{n}После вскрытия... вероятно, сразу же кремируют.","...............Me pergunto o que acontecerá ao corpo dela.{n}Depois da autópsia, ......ele provavelmente será cremado imediatamente.",……………她的遗体，会遭受怎样的处置呢？{n}多半，会经过验尸，……然后迅速火葬吧。,……………她的遺體，會遭受怎樣的處置呢？{n}多半，會經過驗屍，……然後迅速火葬吧。,... Mi chiedo cosa ne sarà del suo corpo. Dopo l'autopsia... con ogni probabilità verrà cremato immediatamente.,"...............I wonder what will happen to her body.{n}After the autopsy, ......it will probably be immediately cremated.",... Me pregunto que pasará con su cuerpo.{n}Después de la autopsia... probablemente la incinerarán inmediatamente.,...ﻣﺎﺫﺍ ﺳﻴﺤﻞّ ﺑﺠﺜﺘﻬﺎ؟{n}ﻋﻠﻰ ﺍﻷﺭﺟﺢ، ﺑﻌﺪ ﺍﻟﺘﺸﺮﻳﺢ، ﺳﻴﺘﻢ ﺣﺮﻕ ﺟﺜﺘﻬﺎ ﺑﺴﺮﻋﺔ.,"...............I wonder what will happen to her body.{n}After the autopsy, ......it will probably be immediately cremated.","...............I wonder what will happen to her body.{n}After the autopsy, ......it will probably be immediately cremated.","...............I wonder what will happen to her body.{n}After the autopsy, ......it will probably be immediately cremated."
,"Then, I'll never be able to see her face, ...even her dead face, for all eternity...","Then, I'll never be able to see her face, ...even her dead face, for all eternity... "," Then, I'll never be able to see her face, ...even her dead face, for all eternity...",もう、彼女の顔を、…死に顔さえも、永遠に見ることができなくなるのだ…。,もう、彼女の顔を、…死に顔さえも、永遠に見ることができなくなるのだ…。,"Тогда, мне больше никогда не увидеть её лица... даже её мёртвого лица, навечно...","Então, nunca serei capaz de ver o rosto dela, ...nem seu rosto morto, por toda a eternidade...",别提她的脸了，…连遗容都永远无法见到了…。,別提她的臉了，…連遺容都永遠無法見到了…。,"E così, non potrò mai più rivedere il suo viso... nemmeno il suo viso da morta, per tutta l'eternità...","Then, I'll never be able to see her face, ...even her dead face, for all eternity...","Entonces, nunca podré volver a ver su cara... ni la cara de su cadáver, durante toda la eternidad...",ﺣﻴﻨﻬﺎ ﻟﻦ ﻳﻜﻮﻥ ﺑﻤﻘﺪﻭﺭﻱ ﺭﺅﻳﺔ ﻭﺟﻬﻬﺎ ﻟﻸﺑﺪ...,"Then, I'll never be able to see her face, ...even her dead face, for all eternity...","Then, I'll never be able to see her face, ...even her dead face, for all eternity...","Then, I'll never be able to see her face, ...even her dead face, for all eternity..."
Ushiromiya George,""".................. .........Haha, ...because of the shock of losing Shannon, ......am I going a little crazy...?""","""...... ...Haha, ...has the shock of losing Shannon... made me go a little crazy...?"" ",""".....................Haha, ...because of the shock of losing Shannon, ......am I going a little crazy...?""",「………………。………はは、…僕は、紗音を失ったショックで、……少しおかしくなってるのかな…。」,「………………。………はは、…僕は、紗音を失ったショックで、……少しおかしくなってるのかな…」,""".....................Ха‐ха... Из‐за шока от потери Шаннон... я уже понемногу схожу с ума?..""",""".................. .........Haha, ...por causa do choque de perder a Shannon, ......acho que eu estou ficando meio doido...?""",「………………。………哈哈，…我，会不会是因为失去纱音的打击，……而有点不正常了呢…」,「………………。………哈哈，…我，會不會是因為失去紗音的打擊，……而有點不正常了呢…」,"""... Haha... aver perso Shannon... mi ha fatto perdere la ragione...?""",""".................. .........Haha, ...because of the shock of losing Shannon, ......am I going a little crazy...?""","""... Jaja... por el shock de perder a Shannon... ¿me estoy volviendo un poco loco?...""",""".................. .........ﻫﺎﻫﺎﻫﺎ... ﻫﻞ ﺻﺪﻣﺔ ﺧﺴﺮﺍﺗﻲ ﻟﺸﺎﻧﻮﻥ ......ﺃﻓﻘﺪﺗﻨﻲ ﻋﻘﻠﻲ...؟""",""".................. .........Haha, ...because of the shock of losing Shannon, ......am I going a little crazy...?""",""".................. .........Haha, ...because of the shock of losing Shannon, ......am I going a little crazy...?""",""".................. .........Haha, ...because of the shock of losing Shannon, ......am I going a little crazy...?"""
,"I don't want......Shannon's body to be burned.{n}If she's burned, she'll turn to ash, ......and {i:never again will it be possible for her to revive}.","I don't want...her body to be burned. If she's burned and turned to ash, ...never again {i:will it be possible for her to revive}. ","I don't want, ......to burn Shannon's body. If she is burned, she'll turn to ash, ......and never again will it be possible for her to revive.",紗音の遺体を、……焼かれたくない。焼かれれば灰になって、……彼女は二度と、{i:蘇れない}。,紗音の遺体を、……焼かれたくない。{n}焼かれれば灰になって、……彼女は二度と、{i:蘇れない}。,"Я не хочу... чтобы тело Шаннон сжигали.{n}Когда её сожгут, она обратится в пепел... и ей больше никогда {i:не представится возможность воскреснуть}.","Não quero......que o corpo de Shannon seja queimado.{n}Se for queimada, virará cinzas, ......e {i:nunca será possível para ela reviver de novo}.",不希望纱音的遗体，……被烧掉。{n}烧掉化为灰以后，……她就再也无法，{i:复活了}。,不希望紗音的遺體，……被燒掉。{n}燒掉化為灰以後，……她就再也無法，{i:復活了}。,"Non voglio... bruciare il corpo di Shannon. Se venisse bruciata, diventerebbe cenere... e mai più sarà possibile riportarla in vita .","I don't want......Shannon's body to be burned.{n}If she's burned, she'll turn to ash, ......and {i:never again will it be possible for her to revive}.","No quiero que el cuerpo de Shannon... sea incinerado.{n}Si es incinerada, se convertirá en cenizas... y {i:nunca será posible revivirla}.",ﻻ ﺃﺭﻳﺪ ﺃﻥ ﻳﺤﺘﺮﻕ ﺟﺴﺪﻫﺎ.{n}ﺇﺫﺍ ﺍﺣﺘﺮﻗﺖ ﻭﺗﺤﻮّﻝ ﺟﺴﺪﻫﺎ ﺇﻟﻰ ﺭﻣﺎﺩ، ﺳﻮﻑ ﻳﺴﺘﺤﻴﻞ ﺑﻌﺜُﻬﺎ ﻣﻦ ﺟﺪﻳﺪ.,"I don't want......Shannon's body to be burned.{n}If she's burned, she'll turn to ash, ......and {i:never again will it be possible for her to revive}.","I don't want......Shannon's body to be burned.{n}If she's burned, she'll turn to ash, ......and {i:never again will it be possible for her to revive}.","I don't want......Shannon's body to be burned.{n}If she's burned, she'll turn to ash, ......and {i:never again will it be possible for her to revive}."
,"They say that cremation is disliked in Western tradition.{n}......Because on the day of resurrection, there would be no body to revive.","They say cremation is frowned upon in Western tradition. ...Because on the day of resurrection, there would be no body to revive. "," They say that cremation is disliked in western tradition.......Because on the day of resurrection, there would be no body to revive.",西洋の習慣では火葬は嫌われているという。……復活の日に、蘇るべき体がなくなってしまうからだ。,西洋の習慣では火葬は嫌われているという。{n}……復活の日に、蘇るべき体がなくなってしまうからだ。,"Я слышал, что кремация не приветствуется в западных традициях.{n}......Поскольку в день воскресения тело не сможет воскреснуть.",Dizem que cremação é detestada pelos costumes ocidentais.{n}......Porque no dia da ressurreição não haveria corpo para reviver.,据说，按西方的习俗，是忌讳火葬的。{n}……因为，那样会在复活之日里，没有身体可供复活。,據說，按西方的習俗，是忌諱火葬的。{n}……因為，那樣會在復活之日裡，沒有身體可供復活。,"Dicono che la cremazione non venga apprezzata nella cultura occidentale. ... Perché nel giorno della resurrezione, non ci sarebbe alcun corpo da riportare alla vita.","They say that cremation is disliked in Western tradition.{n}......Because on the day of resurrection, there would be no body to revive.","Dicen que la cremación está mal vista en la cultura occidental.{n}... Porque en el día de la resurrección, no habría cuerpo para resucitar.",ُﻳﻘﺎﻝ ﺃﻥ ﺣﺮﻕ ﺍﻟﺠﺜﺚ ﺃﻣﺮٌ ﻣﻜﺮﻭﻩ ﻓﻲ ﺍﻟﺘﻘﺎﻟﻴﺪ ﺍﻟﻐﺮﺑﻴﺔ.{n}......ﻷﻥّ ﺣﺮﻕ ﺍﻟﺠﺜﺔ ﻳﻌﺘﺒﺮ ﻣﻨﺎﻓﻴًﺎ ﻟﺘﻜﺮﻳﻢ ﺍﻹﻧﺴﺎﻥ ﻭﻟﺪﻳﻬﻢ ﻣﻌﺘﻘﺪ ﺃﻥ ﻟﻴﺲ ﺑﺈﻣﻜﺎﻥ ﺍﻟﻤﻮﺗﻰ ﺃﻥ ﻳﺒﻌﺜﻮﺍ ﻳﻮﻡ ﺍﻟﺪﻳﻦ.,"They say that cremation is disliked in Western tradition.{n}......Because on the day of resurrection, there would be no body to revive.","They say that cremation is disliked in Western tradition.{n}......Because on the day of resurrection, there would be no body to revive.","They say that cremation is disliked in Western tradition.{n}......Because on the day of resurrection, there would be no body to revive."
,"Because of that, it seems that great criminals in Western history were often cremated after execution as a punishment, and their ashes were sometimes scattered in rivers and such...","Because of that, it seems that great criminals in Western history were often cremated after execution as a punishment, and their ashes were sometimes scattered in rivers and such... "," Because of that, it seems that great criminals in western history were often cremated after execution as a punishment, and their ashes were sometimes scattered in rivers and such...",だから、西洋の歴史的な大罪人は、多くの場合、懲罰的な意味で処刑後に火葬されて、川などに散骨されることが多いらしい…。,だから、西洋の歴史的な大罪人は、多くの場合、懲罰的な意味で処刑後に火葬されて、川などに散骨されることが多いらしい…。,"В связи с этим, по‐видимому, большинство преступников в западной истории, часто кремировали в качестве посмертного наказания, а прах развеивали над рекой или что‐то в этом роде...","Por causa disso, parece que grandes criminosos na história ocidental geralmente eram cremados depois da execução, como uma punição, e suas cinzas costumavam ser espalhadas em rios...",所以，似乎西方历史上的大罪人，在大多数情况下，都会以惩罚的意义，在处刑后火葬，骨灰撒于河川之类的场所…。,所以，似乎西方歷史上的大罪人，在大多數情況下，都會以懲罰的意義，在處刑後火葬，骨灰撒於河川之類的場所…。,"Per questo motivo, pare che i peggiori criminali della storia occidentale venissero spesso cremate dopo essere stati puniti con la pena capitale, e le loro ceneri erano talvolta disperse in fiumi o via dicendo...","Because of that, it seems that great criminals in Western history were often cremated after execution as a punishment, and their ashes were sometimes scattered in rivers and such...","A causa de esto, parece ser que los grandes criminales de la historia occidental fueron incinerados como castigo, y sus cenizas fueron esparcidas a los ríos...", ﻭﺑﺴﺒﺐ ﺫﻟﻚ، ﻳﺒﺪﻭ ﺃﻥ ﻣﺮﺗﻜﺒﻲ ﺍﻟﺠﺮﺍﺋﻢ ﺍﻟﻜﺒﻴﺮﺓ ﻓﻲ ﺍﻟﺘﺎﺭﻳﺦ ﺍﻟﻐﺮﺑﻲ ﻏﺎﻟﺒًﺎ ﻣﺎ ﻳﺘﻢ ﺣﺮﻕ ﺟﺜﺜﻬﻢ ﺑﻌﺪ ﺍﻹﻋﺪﺍﻡ ﻛﻌﻘﺎﺏٍ ﻟﻬﻢ، ﺑﺤﻴﺚ ﻳُﻨﺜﺮ ﺭﻣﺎﺩﻫﻢ ﺃﺣﻴﺎﻧًﺎ ﻓﻲ ﺍﻷﻧﻬﺎﺭ ﻭﻣﺎ ﺇﻟﻰ ﺫﻟﻚ...,"Because of that, it seems that great criminals in Western history were often cremated after execution as a punishment, and their ashes were sometimes scattered in rivers and such...","Because of that, it seems that great criminals in Western history were often cremated after execution as a punishment, and their ashes were sometimes scattered in rivers and such...","Because of that, it seems that great criminals in Western history were often cremated after execution as a punishment, and their ashes were sometimes scattered in rivers and such..."
,"In other words, to Western people, death is nothing more than a sleep until the resurrection. It is essential that the corpse is left after death.","In other words, to Western people, death is nothing more than a sleep until the resurrection. It is essential that the corpse is left after death. "," In other words, to western people, death is nothing more than a sleep until the resurrection. It is essential that the corpse is left after death.",つまり、西洋人にとって、死は復活までの間の眠りでしかない。死後にも体を残しておくことが重要なのだ。,つまり、西洋人にとって、死は復活までの間の眠りでしかない。死後にも体を残しておくことが重要なのだ。,"Иными словами, для западных людей смерть — это не более чем сон до воскрешения. Очень важно, чтобы труп оставался после смерти.","Em outras palavras, para os ocidentais, a morte é nada mais que um sono até a ressurreição. É essencial que o cadáver seja deixado após a morte.",换言之，对西方人来说，死只是复活之前的沉眠。死后留下身体，是一件很重要的事。,換言之，對西方人來說，死只是復活之前的沉眠。死後留下身體，是一件很重要的事。,"In breve, per gli occidentali, la morte non è altro che un sonno che dura fino alla resurrezione. È essenziale che il cadavere sia preservato dopo la morte.","In other words, to Western people, death is nothing more than a sleep until the resurrection. It is essential that the corpse is left after death.","En otras palabras, para los occidentales, la muerte no es más que un sueño antes de la resurrección. Es esencial que se conserve el cadaver después de la muerte.",ﺑﻤﻌﻨﻰ ﺁﺧﺮ، ﻓﺈﻥ ﺍﻟﻤﻮﺕ ﺑﺎﻟﻨﺴﺒﺔ ﻟﻠﻐﺮﺑﻴﻴﻦ ﻟﻴﺲ ﺳﻮﻯ ﺟﺴﺪٍ ﻧﺎﺋﻢ ﺣﺘﻰ ﻗﺪﻭﻡ ﻳﻮﻡ ﺍﻟﺪﻳﻦ. ﺃﻱّ ﺃﻧّﻪ ﻣﻦ ﺍﻟﻀﺮﻭﺭﻱ ﺗﺮﻙ ﺍﻟﺠﺜﺔ ﻛﻤّﺎ ﻫﻲ ﺑﻌﺪ ﺍﻟﻤﻮﺕ.,"In other words, to Western people, death is nothing more than a sleep until the resurrection. It is essential that the corpse is left after death.","In other words, to Western people, death is nothing more than a sleep until the resurrection. It is essential that the corpse is left after death.","In other words, to Western people, death is nothing more than a sleep until the resurrection. It is essential that the corpse is left after death."
Ushiromiya George,"""In other words, ......that's because Western people......knew of the existence of......a miracle to revive the dead. .........But that miracle didn't exist in Japan, so we burn them.""","""In other words, that's because... ...Western people... ......knew of a miracle that can revive the dead. .........But that miracle didn't exist in Japan, so we burn them."" ","""In other words, that's because, ......western people, ......knew of the existence of a miracle to revive the dead. .........But because that miracle doesn't exist in Japan, we burn them.""",「つまりそれは、……西洋人は、……死者が蘇る奇跡の存在を、…知っていたからなんだ。………でも日本にはその奇跡がなかったから、焼いてしまうんだ。」,「つまりそれは、……西洋人は、……死者が蘇る奇跡の存在を、…知っていたからなんだ。………でも日本にはその奇跡がなかったから、焼いてしまうんだ」,"""Другими словами, это связано с тем, что... Западным людям было известно о существовании чуда воскрешения мёртвых. .........Но поскольку этого самого чуда не существует в Японии, мы сжигаем их.""","""Em outras palavras, ......isso é porque os ocidentais......sabiam da existência de......um milagre para reviver os mortos. .........Mas esse milagre não existe no Japão, então nós os queimamos.""",「换言之，这就是指，……西方人，……知道存在着，…死者复活的奇迹。………但是，日本没有这个奇迹，所以会将遗体烧掉。」,「換言之，這就是指，……西方人，……知道存在著，…死者復活的奇跡。………但是，日本沒有這個奇跡，所以會將遺體燒掉。」,"""In altre parole, il motivo è che... gli occidentali... sapevano dell'esistenza di un miracolo per rivivere i morti. ... Ma dato che tale miracolo non esiste in Giappone, noi li cremiamo.""","""In other words, ......that's because Western people......knew of the existence of......a miracle to revive the dead. .........But that miracle didn't exist in Japan, so we burn them.""","""En otras palabras, eso es porque... los occidentales... conocen la existencia de un milagro para revivir a los muertos... Pero como ese milagro no existe en Japón, los quemamos.""","""ﺑﻤﻌﻨﻰ ﺁﺧﺮ، ......ﻫﺬﺍ ﻷﻥ ﺍﻟﻐﺮﺑﻴﻴﻦ......ﻳﺆﻣﻨﻮﻥ ﺑﻮﺟﻮﺩ ﻣﻌﺠﺰﺓ......ﺍﻟﺒﻌﺚ ﺑﻌﺪ ﺍﻟﻤﻮﺕ. .........ﻟﻜﻦ ﺗﻠﻚ ﺍﻟﻤﻌﺠﺰﺓ ﻻ ﻭﺟﻮﺩ ﻟﻬﺎ ﻓﻲ ﺍﻟﻴﺎﺑﺎﻥ، ﻭﻟﻬﺬﺍ ﺗُﺤﺮﻕ ﺍﻟﺠﺜﺚ.""","""In other words, ......that's because Western people......knew of the existence of......a miracle to revive the dead. .........But that miracle didn't exist in Japan, so we burn them.""","""In other words, ......that's because Western people......knew of the existence of......a miracle to revive the dead. .........But that miracle didn't exist in Japan, so we burn them.""","""In other words, ......that's because Western people......knew of the existence of......a miracle to revive the dead. .........But that miracle didn't exist in Japan, so we burn them."""
,Now I understand. ...I understand why Grandfather idolized the Western occult.,Now I understand. ...I understand why Grandfather idolized the Western occult. ,"Now I understand. ...I understand why Grandfather idolized the western occult.",今こそわかる。…なぜお祖父さまが西洋のオカルトに傾倒したのか。,今こそわかる。…なぜお祖父さまが西洋のオカルトに傾倒したのか。,"Теперь я понимаю. ...Я понимаю, почему дедушка боготворил западный оккультизм.",Agora eu entendo. ...Entendo porque o vovô idolatrava o ocultismo ocidental.,到现在，我也明白了。…明白了爷爷为什么会倾倒于西方神秘学。,到現在，我也明白了。…明白了爺爺為什麼會傾倒於西方神秘學。,Adesso capisco. ... Comprendo perché il Nonno idolatrava la tradizione occulta occidentale.,Now I understand. ...I understand why Grandfather idolized the Western occult.,Ahora lo comprendo... Comprendo por qué mi abuelo idolatraba el ocultismo occidental.,ﺍﻵﻥ ﺑﺖُّ ﺃﻓﻬﻢ، ...ﺑﺖُّ ﺃﻓﻬﻢ ﺳﺒﺐ ﻫﻮﺱ ﺟﺪﻱ ﺑﺎﻟﺴﺤﺮ ﺍﻟﻐﺮﺑﻲ.,Now I understand. ...I understand why Grandfather idolized the Western occult.,Now I understand. ...I understand why Grandfather idolized the Western occult.,Now I understand. ...I understand why Grandfather idolized the Western occult.
,"From the beginning, it had all been only for that reason. ...Just to revive the person dear to him, ...Grandfather spent the rest of his remaining life researching the Western occult.","That was his only reason from the very beginning. ...Just to revive the person dear to him, ...Grandfather spent the rest of his remaining life researching the Western occult. "," From the beginning, it had all been only for that reason....Just to revive the person dear to him, ...Grandfather spent the rest of his remaining life researching the western occult.",最初から全て、その為だけなのだ。…愛しい人を蘇らせるためだけに、…お祖父さまは生涯の残り全てを西洋オカルトの研究に費やした。,最初から全て、その為だけなのだ。…愛しい人を蘇らせるためだけに、…お祖父さまは生涯の残り全てを西洋オカルトの研究に費やした。,"С самого начала, всё это было лишь по этой причине. ...Лишь для того, чтобы оживить лицо дорогого ему человека... дедушка посвятил всю свою оставшуюся жизнь исследованию западного оккультизма.","Do início, tinha sido tudo apenas por essa razão. ...Apenas para reviver a pessoa querida para ele, ...o vovô passou o restante de sua vida pesquisando o ocultismo ocidental.",从一开始起，就全都是为了这个。…爷爷将余生全部耗费在了西方神秘学的研究中，…仅仅是为了令深爱之人复活。,從一開始起，就全都是為了這個。…爺爺將餘生全部耗費在了西方神秘學的研究中，…僅僅是為了令深愛之人復活。,"Sin dall'inizio, è stato tutto per quella singola ragione. ... Solo per resuscitare la persona a lui cara... il Nonno ha trascorso ciò che restava della sua vita studiando l'occulto dell'occidente.","From the beginning, it had all been only for that reason. ...Just to revive the person dear to him, ...Grandfather spent the rest of his remaining life researching the Western occult.","Desde el comienzo, todo había sido por esa única razón... solo para revivir a una persona querida... el abuelo pasó el resto de su vida útil restante investigando sobre el ocultismo occidental.",ﺃﻣﻀﻰ ﺟﺪﻱ ﺑﻘﻴﺔ ﺣﻴﺎﺗﻪ ﻓﻲ ﺩﺭﺍﺳﺔ ﺍﻟﺴﺤﺮ ﺍﻟﻐﺮﺑﻲ، ...ﻓﻘﻂ ﻹﺣﻴﺎﺀ ﺍﻟﻤﺮﺃﺓ ﺍﻟﻌﺰﻳﺰﺓ ﻋﻠﻰ ﻗﻠﺒﻪ. ﻟﻘﺪ ﻛﺎﻥ ﺫﻟﻚ ﻫﻮ ﺍﻟﺴﺒﺐ ﺍﻟﻮﺣﻴﺪ ﻣﻨﺬ ﺍﻟﺒﺪﺍﻳﺔ.,"From the beginning, it had all been only for that reason. ...Just to revive the person dear to him, ...Grandfather spent the rest of his remaining life researching the Western occult.","From the beginning, it had all been only for that reason. ...Just to revive the person dear to him, ...Grandfather spent the rest of his remaining life researching the Western occult.","From the beginning, it had all been only for that reason. ...Just to revive the person dear to him, ...Grandfather spent the rest of his remaining life researching the Western occult."
,.........The situation surrounding us right now was abnormal.,......The situation surrounding us now is abnormal. ,".........Now, the situation surrounding us is abnormal.",………今、僕たちを取り巻く状況は異常だ。,………今、僕たちを取り巻く状況は異常だ。,.........Сейчас мы находимся в совершенно безумной ситуации.,.........A situação nos cercando agora mesmo era anormal.,………此刻，我们身处的状况十分异常。,………此刻，我們身處的狀況十分異常。,"... In questo momento, ci troviamo in una situazione anomala.",.........The situation surrounding us right now was abnormal.,"... Ahora, la situación que nos envuelve es insólita.",.........ﻛﻢ ﻫﺬﺍ ﺃﻣﺮٌ ﻏﺮﻳﺐٌ ﺑﺎﻟﻔﻌﻞ.,.........The situation surrounding us right now was abnormal.,.........The situation surrounding us right now was abnormal.,.........The situation surrounding us right now was abnormal.
,Grandfather had revived his beloved {f:5:Beatrice}.,Grandfather did revive his beloved {f:5:Beatrice}. ," Grandfather revived his beloved Beatrice.",お祖父さまは愛しいベアトリーチェを蘇らせた。,お祖父さまは愛しいベアトリーチェを蘇らせた。,Дедушка возродил свою любимую {f:5:Беатриче}.,O vovô tinha revivido sua amada {f:5:Beatrice}.,爷爷复活了他深爱的贝阿朵莉切。,爺爺復活了他深愛的貝阿朵莉切。,Il Nonno ha riportato in vita la sua amata Beatrice.,Grandfather had revived his beloved {f:5:Beatrice}.,El abuelo revivió a su amada {f:5:Beatrice}.,ﻟﻘﺪ ﺃﻋﺎﺩ ﺟﺪﻱ ﺇﺣﻴﺎﺀ ﺣﺒﻴﺒﺘﻪ {f:7:ﺑﻴﺎﺗﺮﻳﺲ}.,Grandfather had revived his beloved {f:5:Beatrice}.,Grandfather had revived his beloved {f:5:Beatrice}.,Grandfather had revived his beloved {f:5:Beatrice}.
,"...And that {f:5:Beatrice} had carried out a terrible serial murder, with chains of locked rooms that were impossible without the use of magic.","...And, that {f:5:Beatrice} has carried out a terrible serial murder, with linked closed rooms that force us to conclude that magic was used. ","...And, that Beatrice has carried out a terrible serial murder, with linked closed rooms which forced us to think that magic had been used.",…そして、そのベアトリーチェは恐ろしい連続殺人事件を、魔法でも使わなければ考えられない連鎖密室にて行なった。,…そして、そのベアトリーチェは恐ろしい連続殺人事件を、魔法でも使わなければ考えられない連鎖密室にて行なった。,"...И эта {f:5:Беатриче} совершила серию чудовищных убийств, связала их с закрытыми помещениями и тем самым заставила нас думать, что была использована магия.","...E aquela {f:5:Beatrice} tinha executado um assassinato em série terrível, com cadeias de quartos fechados que eram impossíveis sem o uso de magia.",…然后，这位贝阿朵莉切以不用魔法就不可能做得到的连环密室，犯下了可怕的连续杀人事件。,…然後，這位貝阿朵莉切以不用魔法就不可能做得到的連環密室，犯下了可怕的連續殺人事件。,"... E, quella stessa Beatrice ha commesso una terribile serie di omicidi, con stanze chiuse intrecciate l'una all'altra che ci hanno spinti a credere che fossero opera della magia.","...And that {f:5:Beatrice} had carried out a terrible serial murder, with chains of locked rooms that were impossible without the use of magic.","... Y esa {f:5:Beatrice} ha llevado a cabo una terrible serie de asesinatos, con habitaciones cerradas encadenadas, lo que nos obligó a pensar que se había usado magia.",...ﻭﻫﻲ ﺑﺪﻭﺭﻫﺎ ﺍﺭﺗﻜﺒﺖ ﺟﺮﺍﺋﻢ ﻗﺘﻞ ﻓﻈﻴﻌﺔ ﻭﻣﺘﺴﻠﺴﻠﺔ، ﺩﺍﺧﻞ ﻏﺮﻑ ﻣﻐﻠﻘﺔ ﻣﺮﺗﺒﻄﺔ ﺑﺒﻌﻀﻬﺎ، ﺑﺤﻴﺚ ﺗُﺠﺒﺮﻧﺎ ﻋﻠﻰ ﺍﻻﺳﺘﻨﺘﺎﺝ ﺑﺄﻥّ ﻛﻞ ﺫﻟﻚ ﻧُﻔﺬ ﺑﻮﺍﺳﻄﺔ ﺍﻟﺴﺤﺮ.,"...And that {f:5:Beatrice} had carried out a terrible serial murder, with chains of locked rooms that were impossible without the use of magic.","...And that {f:5:Beatrice} had carried out a terrible serial murder, with chains of locked rooms that were impossible without the use of magic.","...And that {f:5:Beatrice} had carried out a terrible serial murder, with chains of locked rooms that were impossible without the use of magic."
,"......The Golden Witch, {f:5:Beatrice}.{n}The incarnation of the miracle of the Western occult.{n}.........And also, the culprit who killed Shannon......","...The Golden Witch, {f:5:Beatrice}. The incarnation of the miracle of the Western occult. ......And also, the culprit who killed Shannon... ","......The Golden Witch, Beatrice. The incarnation of the miracle of the western occult..........And also, the culprit who killed Shannon......",……黄金の魔女、ベアトリーチェ。西洋オカルトの奇跡を具現した存在。………そして、紗音を殺した犯人でもある……。,……黄金の魔女、ベアトリーチェ。{n}西洋オカルトの奇跡を具現した存在。{n}………そして、紗音を殺した犯人でもある……。,"......Золотая Ведьма {f:5:Беатриче}.{n}Воплощённое чудо западного оккультизма.{n}.........И кроме того, преступница убившая Шаннон...","......A Bruxa Dourada, {f:5:Beatrice}.{n}A encarnação do milagre do ocultismo ocidental.{n}.........E também a culpada que matou a Shannon......",……黄金的魔女，贝阿朵莉切。{n}西洋神秘学具现化后的存在。{n}………并且，还是杀害纱音的凶手……。,……黃金的魔女，貝阿朵莉切。{n}西洋神秘學具現化後的存在。{n}………並且，還是殺害紗音的凶手……。,"... La Strega Dorata, Beatrice. L'incarnazione del miracolo dell'occultismo occidentale. ... E allo stesso tempo, il colpevole che ha ucciso Shannon...","......The Golden Witch, {f:5:Beatrice}.{n}The incarnation of the miracle of the Western occult.{n}.........And also, the culprit who killed Shannon......","... La Bruja Dorada, {f:5:Beatrice}.{n}La encarnación del milagro del ocultismo occidental.{n}... Y también, la culpable que mató a Shannon...",......ﺍﻟﺴﺎﺣﺮﺓ ﺍﻟﺬﻫﺒﻴﺔ، {f:7:ﺑﻴﺎﺗﺮﻳﺲ}.{n}ﺗﺠﺴﻴﺪ ﻣﻌﺠﺰﺓ ﺍﻟﺴﺤﺮ ﺍﻟﻐﺮﺑﻲ.{n}......ﻭﺃﻳﻀﺎً ﺍﻟﺠﺎﻧﻲ ﺍﻟﺬﻱ ﻗﺘﻞ ﺷﺎﻧﻮﻥ......,"......The Golden Witch, {f:5:Beatrice}.{n}The incarnation of the miracle of the Western occult.{n}.........And also, the culprit who killed Shannon......","......The Golden Witch, {f:5:Beatrice}.{n}The incarnation of the miracle of the Western occult.{n}.........And also, the culprit who killed Shannon......","......The Golden Witch, {f:5:Beatrice}.{n}The incarnation of the miracle of the Western occult.{n}.........And also, the culprit who killed Shannon......"
,"I should hate that being, ............and yet, for some reason, I want to cling to the hope she represents.","She's an entity I should hate, ......and yet, for some reason, I want to cling to her. "," I should hate that being, ............and yet, for some reason, I want to cling to her.",憎い存在のはずなのに、…………なのになぜか、彼女にすがりたい気持ちがある。,憎い存在のはずなのに、…………なのになぜか、彼女にすがりたい気持ちがある。,"Я ненавижу это создание... И всё же, у меня остаются причины обратиться к ней.","Eu devia odiar aquele ser, ............e ainda assim, por alguma razão, quero me agarrar à esperança que ela representa.",明明是个可憎的存在，…………但不知为何，心中涌起了一股，想要仰仗她的念头。,明明是個可憎的存在，…………但不知為何，心中涌起了一股，想要仰仗她的念頭。,"Dovrei odiare quella creatura... eppure, chissà per quale ragione, voglio aggrapparmi a lei.","I should hate that being, ............and yet, for some reason, I want to cling to the hope she represents.","Debería odiar a ese ser... y aun así, por alguna razón, quiero aferrarme a ella.",ﺇﻧّﻬﺎ ﻛﻴﺎﻥ ﻳﺘﻮﺟﺐ ﻋﻠﻲ ﺃﻥ ﺃﻛﺮﻫﻪ، ﻭﻟﻜﻦ ﻟﺴﺒﺐٍ ﻣﺎ، ﺃﺭﻳﺪ ﺍﻟﺘﺸﺒّﺚ ﺑﻮﺟﻮﺩﻫﺎ.,"I should hate that being, ............and yet, for some reason, I want to cling to the hope she represents.","I should hate that being, ............and yet, for some reason, I want to cling to the hope she represents.","I should hate that being, ............and yet, for some reason, I want to cling to the hope she represents."
,I wonder if she could use that miraculous magic that Grandfather spent his life espousing...to revive Shannon...,"I wonder...if Shannon could be revived with the magic of miracles, which Grandfather bet his life on... "," I wonder, ...if Shannon could be revived with the magic of miracles, which Grandfather bet his life on...",お祖父さまが、生涯讃え続けたその奇跡の魔法で、…紗音を蘇らせてはくれないだろうか…。,お祖父さまが、生涯讃え続けたその奇跡の魔法で、…紗音を蘇らせてはくれないだろうか…。,"Я всё гадаю... Возможно ли воскресить Шаннон с помощью магии чуда, на которую дедушка поставил свою жизнь...",Me pergunto se ela poderia usar essa magia milagrosa que o vovô passou sua vida louvando...para reviver a Shannon...,她会不会以爷爷赞颂了一生的奇迹魔法，…帮我复活纱音呢…？,她會不會以爺爺讚頌了一生的奇跡魔法，…幫我復活紗音呢…？,"Mi chiedo... se Shannon possa essere resuscitata con la magia dei miracoli, su cui il Nonno ha scommesso la sua esistenza...",I wonder if she could use that miraculous magic that Grandfather spent his life espousing...to revive Shannon...,Me pregunto si podría usar esa magia milagrosa que el abuelo se pasó la vida propugnando... para revivir a Shannon...,...ﺗُﺮﻯ ﻫﻞ ﻣﻦ ﺍﻟﻤﻤﻜﻦ ﺇﺣﻴﺎﺀ ﺷﺎﻧﻮﻥ ﺑﺴﺤﺮ ﺍﻟﻤﻌﺠﺰﺍﺕ ﺍﻟﺬﻱ ﺭﺍﻫﻦ ﺟﺪﻱ ﺑﺤﻴﺎﺗﻪ ﻋﻠﻴﻪ...؟,I wonder if she could use that miraculous magic that Grandfather spent his life espousing...to revive Shannon...,I wonder if she could use that miraculous magic that Grandfather spent his life espousing...to revive Shannon...,I wonder if she could use that miraculous magic that Grandfather spent his life espousing...to revive Shannon...
,"According to the Ushiromiya family legend, Grandfather met with her long ago, and was given a vast quantity of gold.","According to the legend of the Ushiromiya family, Grandfather met with her long ago and was given a vast quantity of gold. "," According to the legend of the Ushiromiya family, Grandfather met with her long ago, and was given a vast quantity of gold.",右代宮家の伝説によるならば、お祖父さまは昔、彼女に出会い、莫大な黄金を授けられたという。,右代宮家の伝説によるならば、お祖父さまは昔、彼女に出会い、莫大な黄金を授けられたという。,"Согласно легенде семьи Уширомия, дедушка давно уже встречался с ней и ему было даровано огромное количество золота.","De acordo com a lenda da família Ushiromiya, o vovô a encontrou muito tempo atrás, e ela lhe deu uma vasta quantidade de ouro.",根据右代宫家的传说，爷爷是在很久以前，遇见了她，获授了巨额的黄金。,根據右代宮家的傳說，爺爺是在很久以前，遇見了她，獲授了巨額的黃金。,"Secondo la leggenda della famiglia Ushiromiya, il Nonno la incontrò molto tempo fa, e gli fu concessa una vasta quantità d'oro.","According to the Ushiromiya family legend, Grandfather met with her long ago, and was given a vast quantity of gold.","Según la leyenda de la familia Ushiromiya, el abuelo la conoció hace mucho tiempo, y ella le concedió una enorme cantidad de oro.",ﻭﻓﻘًﺎ ﻷﺳﻄﻮﺭﺓ ﻋﺎﺋﻠﺔ ﺃﻭﺷﻴﺮﻭﻣﻴﺎ، ﻓﻘﺪ ﺍﻟﺘﻘﻰ ﺑﻬﺎ ﺟﺪﻱ ﻣﻨﺬ ﺯﻣﻦٍ ﺑﻌﻴﺪ، ﺣﻴﻨﻬﺎ ﻣﻨﺤﺘﻪ ﻛﻤﻴﺔ ﻛﺒﻴﺮﺓ ﻣﻦ ﺍﻟﺬﻫﺐ.,"According to the Ushiromiya family legend, Grandfather met with her long ago, and was given a vast quantity of gold.","According to the Ushiromiya family legend, Grandfather met with her long ago, and was given a vast quantity of gold.","According to the Ushiromiya family legend, Grandfather met with her long ago, and was given a vast quantity of gold."
,"...Then if I also met her, ......instead of gold, would she give me Shannon's life?","...Then, if I also met with her, ...instead of gold, would she give me Shannon's life? ","...Then if I also meet her, ......instead of gold, would she give me Shannon's life? ",…ならば僕も彼女に出会い、……黄金ではなく、紗音の命を授けてはくれないだろうか。,…ならば僕も彼女に出会い、……黄金ではなく、紗音の命を授けてはくれないだろうか。,...Тогда если я тоже встречусь с ней... сможет ли она вернуть мне жизнь Шаннон вместо золота?,"...Então, se eu também encontrá‐la, ......em vez de ouro, ela me daria a vida da Shannon?",…那么，我是不是，也可以去与她见面，……不要黄金，而要纱音的生命呢？,…那麼，我是不是，也可以去與她見面，……不要黃金，而要紗音的生命呢？,"... Dunque se anche io la incontrassi... invece dell'oro, potrebbe darmi la vita di Shannon?","...Then if I also met her, ......instead of gold, would she give me Shannon's life?","... Entonces, si yo también me reuniese con ella... en lugar de oro, ¿me daría la vida de Shannon?",...ﺇﺫﺍ ﺍﻟﺘﻘﻴﺖ ﺑﻬﺎ ﺃﻳﻀًﺎ، ......ﻓﻬﻞ ﺑﺈﻣﻜﺎﻧﻬﺎ ﺇﻋﺎﺩﺓ ﺷﺎﻧﻮﻥ ﻟﻠﺤﻴﺎﺓ ﺑﺪﻻً ﻣﻦ ﻣﻨﺤﻲ ﺑﻌﺾ ﺍﻟﺬﻫﺐ؟,"...Then if I also met her, ......instead of gold, would she give me Shannon's life?","...Then if I also met her, ......instead of gold, would she give me Shannon's life?","...Then if I also met her, ......instead of gold, would she give me Shannon's life?"
,"In return, she could impose any kind of devil's contract.{n}For that, I would sacrifice all of my remaining life...","As collateral, I don't care what sort of devil's contract she imposed. I wouldn't mind sacrificing all of my remaining life... ","As collateral, she could impose any kind of devil's contract. For that, I could sacrifice all of my remaining life...",その見返りに、どのような悪魔の契約を課せられてもいい。その為に、残りの生涯の全てを奉げることになってもいい…。,その見返りに、どのような悪魔の契約を課せられてもいい。{n}その為に、残りの生涯の全てを奉げることになってもいい…。,В качестве платы она может требовать заключения любого дьявольского договора.{n}Ради этого я готов пожертвовать всю свою оставшуюся жизнь...,"Em troca, ela podia impor qualquer tipo de contrato diabólico.{n}Para isso, eu sacrificaria toda a minha vida restante...",其代价，无论是要签订怎样的恶魔契约都无所谓。{n}为此，就算是要献上剩下的全部人生也无所谓…。,其代價，無論是要簽訂怎樣的惡魔契約都無所謂。{n}為此，就算是要獻上剩下的全部人生也無所謂…。,"In cambio, potrebbe impormi qualsiasi tipo di contratto diabolico. Per questo scopo, sacrificherei tutto ciò che resta della mia vita...","In return, she could impose any kind of devil's contract.{n}For that, I would sacrifice all of my remaining life...","Como garantía, podría imponer cualquier tipo de pacto demoníaco.{n}Yo sacrificaría todo lo que me queda de vida...",ﻭﺑﻤﻘﺎﺑﻞ ﺫﻟﻚ ﺃﻧﺎ ﻣﺴﺘﻌﺪ ﻟﻌﻘﺪ ﺇﺗﻔﺎﻕٍ ﺣﺘﻰ ﻣﻊ ﺍﻟﺸﻴﻄﺎﻥ.{n}ﻻ ﺃﻣﺎﻧﻊ ﺣﺘﻰ ﺍﻟﺘﻀﺤﻴﺔ ﺑﻤّﺎ ﺗﺒﻘﻰ ﻣﻦ ﺣﻴﺎﺗﻲ...,"In return, she could impose any kind of devil's contract.{n}For that, I would sacrifice all of my remaining life...","In return, she could impose any kind of devil's contract.{n}For that, I would sacrifice all of my remaining life...","In return, she could impose any kind of devil's contract.{n}For that, I would sacrifice all of my remaining life..."
,"George probably couldn't have believed or noticed that, ...right behind him, ......the witch herself stood, listening to his voiceless wish.","George probably couldn't believe or realize that his voiceless wish... was heard by the witch herself, who stood right behind him. "," George probably couldn't believe or notice that his voiceless wish, ...was heard by the witch herself, standing right behind him.",その譲治の、…声無き願いを、……彼のすぐ後で、…その当人の魔女が聞いていたなんて、彼には信じることも気付くこともできないだろう。,その譲治の、…声無き願いを、……彼のすぐ後で、…その当人の魔女が聞いていたなんて、彼には信じることも気付くこともできないだろう。,"Джордж, наверное, не мог поверить или догадаться, что его немое желание... Оказалось услышано самой ведьмой, стоящей прямо за его спиной.","George provavelmente não podia ter acreditado ou percebido que, ...bem atrás dele, ......a própria bruxa estava ali parada, ouvindo o desejo sem voz dele.",让治是根本不会相信，…也不会注意到，……自己那无声的祈愿，…已全被在他身后的魔女本人听到了吧。,讓治是根本不會相信，…也不會注意到，……自己那無聲的祈願，…已全被在他身後的魔女本人聽到了吧。,"Probabilmente George non avrebbe potuto credere o accorgersi che il suo desiderio silenzioso... era stato ascoltato proprio dalla strega, che si trovava dietro di lui.","George probably couldn't have believed or noticed that, ...right behind him, ......the witch herself stood, listening to his voiceless wish.","George probablemente no pudo creer o darse cuenta de que su silemcioso deseo... fue oído por la propia bruja, que estaba de pie justo detrás de él.",ﺭﺑﻤﺎ ﻟﻦ ﻳُﺼﺪﻕ ﺟﻮﺭﺝ ﺃﻭ ﻳُﺪﺭﻙ ﺃﻥ ﺭﻏﺒﺘﻪ ﺍﻟﺪﺍﺧﻠﻴﺔ ﺗﻠﻚ... ......ﺳﻤﻌﺘﻬﺎ ﺍﻟﺴﺎﺣﺮﺓ ﺑﺬﺍﺗﻬﺎ، ﺍﻟﺘﻲ ﻛﺎﻧﺖ ﺗﻘﻒ ﺧﻠﻔﻪ ﻣﺒﺎﺷﺮﺓ.,"George probably couldn't have believed or noticed that, ...right behind him, ......the witch herself stood, listening to his voiceless wish.","George probably couldn't have believed or noticed that, ...right behind him, ......the witch herself stood, listening to his voiceless wish.","George probably couldn't have believed or noticed that, ...right behind him, ......the witch herself stood, listening to his voiceless wish."
,{f:5:Beatrice} had been listening to everything George and the others had to say since their discussion just now in the cousins' room.,{f:5:Beatrice} had been listening to that entire discussion between the children just now in the cousins' room. ," Beatrice had been listening to the children's discussion just now in the cousins' room the whole time.",ベアトリーチェは、譲治たちの話を、さっきのいとこ部屋からずっと聞いていたのだ。,ベアトリーチェは、譲治たちの話を、さっきのいとこ部屋からずっと聞いていたのだ。,Всё это время {f:5:Беатриче} слушала обсуждения детей в комнате кузенов.,{f:5:Beatrice} estava ouvindo tudo que George e os outros tinham a dizer desde sua discussão ainda há pouco no quarto dos primos.,自刚才在堂兄妹房间时起，贝阿朵莉切就一直在听让治他们谈的那些话。,自剛才在堂兄妹房間時起，貝阿朵莉切就一直在聽讓治他們談的那些話。,Beatrice aveva ascoltato tutta la discussione dei ragazzi poco prima nella stanza dei cugini.,{f:5:Beatrice} had been listening to everything George and the others had to say since their discussion just now in the cousins' room.,{f:5:Beatrice} había estado oyendo la discusión del chico tanto ahora como en la habitación de los primos todo este tiempo.,ﻛﺎﻧﺖ {f:7:ﺑﻴﺎﺗﺮﻳﺲ} ﺗﺴﺘﻤﻊ ﻣﻨﺬ ﺍﻟﺒﺪﺍﻳﺔ ﺇﻟﻰ ﻛﺎﻣﻞ ﺍﻟﻨﻘﺎﺵ ﺍﻟﺬﻱ ﺩﺍﺭ ﺑﻴﻦ ﺟﻮﺭﺝ ﻭﺃﺑﻨﺎﺀ ﻋﻤﻮﻣﺘﻪ.,{f:5:Beatrice} had been listening to everything George and the others had to say since their discussion just now in the cousins' room.,{f:5:Beatrice} had been listening to everything George and the others had to say since their discussion just now in the cousins' room.,{f:5:Beatrice} had been listening to everything George and the others had to say since their discussion just now in the cousins' room.
,"......Battler had told her that she didn't know the weight of a human's life, ......and wanting to understand that in her own way, she had stealthily visited, and listened to their discussion.","...Battler had told her that she didn't know the value of a human's life, ...and wanting to understand that in her own way, she had stealthily visited, listening in on their discussion. ","......Battler had told her that she didn't know the value of a human's life, ......and wanting to understand that in her own way, she had stealthily visited, and listened to their discussion.",……戦人に、人の命の重みを知らないと言われ、……彼女なりにそれを理解したくて、こっそりとここへ訪れ、彼らの話に耳を傾けていたのだ。,……戦人に、人の命の重みを知らないと言われ、……彼女なりにそれを理解したくて、こっそりとここへ訪れ、彼らの話に耳を傾けていたのだ。,"......Баттлер сказал ей, что она не понимает, насколько ценна человеческая жизнь. И желая самостоятельно узнать об этом, она тайком посетила домик для гостей и слушала их беседы.","......Battler tinha lhe dito que ela não sabia o peso da vida de um humano, ......e querendo entender isso de sua própria forma, ela visitou furtivamente, e escutou a discussão deles.",……战人说过她，不知人命之沉重，……所以她想设法搞懂这点，偷偷地来到了此处，倾听了他们的对话。,……戰人說過她，不知人命之沉重，……所以她想設法搞懂這點，偷偷地來到了此處，傾聽了他們的對話。,"... Battler le aveva detto che lei non conosceva il valore della vita di un essere umano... e volendolo comprendere a modo suo, si era intrufolata di nascosto, e aveva ascoltato la loro discussione.","......Battler had told her that she didn't know the weight of a human's life, ......and wanting to understand that in her own way, she had stealthily visited, and listened to their discussion.","... Battler le había dicho que no conocía el valor de la vida de un ser humano... y buscando el poder comprenderlo por sí misma, ella los había visitado a hurtadillas y escuchó la discusión.",...ﻟﻘﺪ ﺃﺧﺒﺮﻫﺎ ﺑﺎﺗﻠﺮ ﺑﺄﻧّﻬﺎ ﻻ ﺗُﻘﺪﺭ ﺣُﺮﻣﺔ ﺣﻴﺎﺓ ﺍﻟﺒﺸﺮ. ......ﻭﺭﻏﺒﺔً ﻣﻨﻬﺎ ﻓﻲ ﻣﻌﺮﻓﺔ ﻭﻓﻬﻢ ﺫﻟﻚ، ﻗﺮّﺭﺕ ﺍﻻﺳﺘﻤﺎﻉ ﺧﻠﺴﺔً ﻟﻤﺤﺎﺩﺛﺘﻬﻢ.,"......Battler had told her that she didn't know the weight of a human's life, ......and wanting to understand that in her own way, she had stealthily visited, and listened to their discussion.","......Battler had told her that she didn't know the weight of a human's life, ......and wanting to understand that in her own way, she had stealthily visited, and listened to their discussion.","......Battler had told her that she didn't know the weight of a human's life, ......and wanting to understand that in her own way, she had stealthily visited, and listened to their discussion."
{f:5:Beatrice},"""........................ ......You say that is your wish...? If I could grant that, would I be accepted as a witch...?""","""......... ...That is your wish, you say...? If I could grant that, would I be accepted as a witch...?"" ","""........................That is your wish, you say...? If I could grant that, would I be accepted as a witch...?""",「……………………。……それが、願いだというのか…？　それを叶えれば、妾は魔女だと、認められるのか…？」,「……………………。……それが、願いだというのか…？　それを叶えれば、妾は魔女だと、認められるのか…？」,"""........................Значит, таково твоё желание?.. Если я исполню его, буду ли я признана ведьмой?..""","""........................ ......Está dizendo que esse é seu desejo...? Se eu puder conceder isso, eu seria aceita como uma bruxa...?""",「……………………。……这就是，所谓的祈愿吗…？若将此实现，妾身就能被承认为魔女吗…？」,「……………………。……這就是，所謂的祈願嗎…？若將此實現，妾身就能被承認為魔女嗎…？」,"""... Questo è il tuo desiderio, dici...? Se potessi realizzarlo, verrei accettata come strega...?""","""........................ ......You say that is your wish...? If I could grant that, would I be accepted as a witch...?""","""... ¿Dices... que ese es tu deseo?... Si pudiera concedértelo, ¿sería aceptada como una bruja?...""","""........................ ......ﺃﻫﺬﻩ ﻫﻲ ﺃﻣﻨﻴﺘﻚ...؟ ﻫﻞ ﺳﺘﻌﺘﺮﻑ ﺑﺄﻧﻲ ﺳﺎﺣﺮﺓٌ ﺇﺫﺍ ﺣﻘﻘﺘﻬﺎ...؟""","""........................ ......You say that is your wish...? If I could grant that, would I be accepted as a witch...?""","""........................ ......You say that is your wish...? If I could grant that, would I be accepted as a witch...?""","""........................ ......You say that is your wish...? If I could grant that, would I be accepted as a witch...?"""
,Beato looked at the palms of both of her hands.,Beato looked at the palms of both of her hands. ,"Beato looked at the palms of both of her hands.",ベアトは自分の両手の手の平を見る。,ベアトは自分の両手の手の平を見る。,Беато посмотрела на ладони своих рук.,Beato olhou as palmas de ambas as suas mãos.,贝阿朵望着自己双手的手掌。,貝阿朵望著自己雙手的手掌。,Beato spostò lo sguardo sui palmi delle sue mani.,Beato looked at the palms of both of her hands.,Beato miró las palmas de sus manos.,ﻧﻈﺮﺕ ﺑﻴـﺎﺗﻮ ﺇﻟﻰ ﺑﺎﻃﻦ ﻛﻔﻴّﻬﺎ.,Beato looked at the palms of both of her hands.,Beato looked at the palms of both of her hands.,Beato looked at the palms of both of her hands.
,...She had handed over most of her previously surging magic power when the new witch had succeeded the name of Endless Witch.,...She had handed over most of her once-surging magical power when the new witch succeeded the name of the Endless Witch. ,"...She had handed over most of her previously surging magic power when the new witch had succeeded the name of Endless Witch.",…かつての迸るような魔力は、無限の魔女の名を新しき魔女に継承した時に、ほとんどを受け渡してしまった。,…かつての迸るような魔力は、無限の魔女の名を新しき魔女に継承した時に、ほとんどを受け渡してしまった。,"...Она передала большую часть своей могучей магической силы, когда новая ведьма получила титул Ведьмы Бесконечности.",...Ela tinha entregue a maior parte do seu potencial mágico quando a nova bruxa tinha herdado o nome da Bruxa do Infinito.,…曾经汹涌澎湃的魔力，已在将无限魔女之名传予新魔女之时，交付殆尽。,…曾經洶涌澎湃的魔力，已在將無限魔女之名傳予新魔女之時，交付殆盡。,... Aveva dato via gran parte del suo incredibile potere magico quando la nuova strega aveva ottenuto il titolo di Strega dell'Infinito.,...She had handed over most of her previously surging magic power when the new witch had succeeded the name of Endless Witch.,... Ella había entregado la mayor parte de su poder mágico previamente cuando la nueva bruja fue nombrada Bruja Interminable.,"...ﺍﻟﻘﻮﺓ ﺍﻟﺴﺤﺮﻳﺔ ﺍﻟﺘﻲ ﻛﺎﻧﺖ ﺗﻨﺒﻌﺚ ﻣﻨﻬﺎ ﻓﻲ ﺍﻟﻤﺎﺿﻲ، ﻗﺪ ﺍﻧﺘﻘﻞ ﻣﻌﻈﻤﻬﺎ ﺇﻟﻰ ﺍﻟﺴﺎﺣﺮﺓ ﺍﻟﺠﺪﻳﺪﺓ ﺍﻟﺘﻲ ﻭﺭﺛﺖ ﻟﻘﺐ ""ﺍﻟﺴﺎﺣﺮﺓ ﺍﻷﺯﻟﻴﺔ"".",...She had handed over most of her previously surging magic power when the new witch had succeeded the name of Endless Witch.,...She had handed over most of her previously surging magic power when the new witch had succeeded the name of Endless Witch.,...She had handed over most of her previously surging magic power when the new witch had succeeded the name of Endless Witch.
,"Of course, even now her magic power still made her worthy of being called a witch, ...but it did not even compare to her previous strength.","Of course, her current power still made her worthy of being called a witch, ...but it could not begin to compare to her previous strength. "," Of course, her current magic power still made her worthy of being called a witch, ...but it did not even compare to her previous strength.",もちろん、今だって魔女の名に相応しい魔力を持ってはいるが、…それはだいぶ見劣るものだった。,もちろん、今だって魔女の名に相応しい魔力を持ってはいるが、…それはだいぶ見劣るものだった。,"Разумеется, её оставшаяся магическая сила всё ещё позволяла ей гордо называть себя ведьмой, но даже это не шло ни в какое сравнение с её предыдущей силой.","É claro, mesmo agora o poder mágico dela ainda a tornava digna de ser chamada de bruxa, ...mas ele nem se comparava à sua força anterior.",当然，现在也是具有着配得上魔女之名的魔力的，…但这比以前要差得多。,當然，現在也是具有著配得上魔女之名的魔力的，…但這比以前要差得多。,"Certo, il suo potere attuale la rendeva ancora degna di dirsi una strega... ma non si poteva nemmeno comparare alla forza che aveva posseduto.","Of course, even now her magic power still made her worthy of being called a witch, ...but it did not even compare to her previous strength.","Por supuesto, su poder mágico actual todavía la hacía digna de ser llamada bruja, pero no era comparable a su poder anterior.",ﺑﺎﻟﻄﺒﻊ، ﻣﺎ ﺯﺍﻟﺖ ﺗُﻌﺘﺒﺮ ﺳﺎﺣﺮﺓ ﺑﻘﻮﺗﻬﺎ ﺍﻟﺤﺎﻟﻴﺔ، ...ﻟﻜﻨّﻬﺎ ﻻ ﺗﻘﺎﺭﻥ ﺃﺑﺪًﺍ ﺑﻘﻮﺗﻬﺎ ﺍﻟﺴﺎﺑﻘﺔ.,"Of course, even now her magic power still made her worthy of being called a witch, ...but it did not even compare to her previous strength.","Of course, even now her magic power still made her worthy of being called a witch, ...but it did not even compare to her previous strength.","Of course, even now her magic power still made her worthy of being called a witch, ...but it did not even compare to her previous strength."
{f:5:Beatrice},"""......Hmph. Even without the Endless Magic, I am a Great Witch whose name has thundered through a thousand years. Reviving the dead is no trouble at all.""","""...Hmm. Even without the Endless Magic, I am a Great Witch whose name has been thundered for a thousand years. Reviving the dead will be no trouble at all."" ","""......Hmm. Even without the Endless Magic, I am a Great Witch whose name has been thundered for a thousand years. Reviving the dead is no trouble at all.""",「……ふん。無限の魔法などなくとも、妾は千年に名を轟かす大魔女であるぞ。死者を蘇らすなど、造作もないことよ。」,「……ふん。無限の魔法などなくとも、妾は千年に名を轟かす大魔女であるぞ。死者を蘇らすなど、造作もないことよ」,"""......Хм‐м. Даже перестав быть Ведьмой Бесконечности, я всё ещё Великая Ведьма, чьё имя гремело в течение тысячи лет. С возрождением мёртвых у меня никогда не было проблем.""","""......Hmph. Mesmo sem a Magia do Infinito, sou uma Grande Bruxa cujo nome trovejou por mil anos. Reviver os mortos não é problema nenhum.""",「……哼。即便没有无限之魔法，妾身也是个名震千年的大魔女。复生死者，不过小事一桩。」,「……哼。即便沒有無限之魔法，妾身也是個名震千年的大魔女。復生死者，不過小事一樁。」,"""... Hmm. Pur senza la Magia Infinita, sono una Grande Strega il cui nome è risuonato come tuono per mille anni. Resuscitare i defunti non è affatto difficile.""","""......Hmph. Even without the Endless Magic, I am a Great Witch whose name has thundered through a thousand years. Reviving the dead is no trouble at all.""","""... Hmph. Incluso sin la Magia Interminable, soy una gran bruja cuyo nombre ha sido aclamado durante mil años. Revivir a los muertos no es problema para mí.""","""......ﻫﻤﻒ. ﺣﺘﻰ ﻟﻮ ﻛﻨﺖُ ﻻ ﺃﻣﻠﻚ ﺳﺤﺮ ﺍﻷﺯﻝ، ﻓﺄﻧﺎ ﺍﻟﺴﺎﺣﺮﺓ ﺍﻟﻌﻈﻴﻤﺔ ﺍﻟﺘﻲ ﺻﺪﺡ ﺍﺳﻤﻬﺎ ﻷﻟﻒ ﻋﺎﻡ. ﺑﺎﻟﻄﺒﻊ ﻟﻦ ﻳﺼﻌﺐ ﻋﻠﻲّ ﺑﻌﺚ ﺍﻟﻤﻮﺗﻰ.""","""......Hmph. Even without the Endless Magic, I am a Great Witch whose name has thundered through a thousand years. Reviving the dead is no trouble at all.""","""......Hmph. Even without the Endless Magic, I am a Great Witch whose name has thundered through a thousand years. Reviving the dead is no trouble at all.""","""......Hmph. Even without the Endless Magic, I am a Great Witch whose name has thundered through a thousand years. Reviving the dead is no trouble at all."""
,"Inside her head, she thought about several magical methods for reviving the dead.","Inside her head, she thought about several magical steps she could take to revive the dead. ","Inside her head, she thought about several magical steps she could take to revive the dead.",頭の中で、死者を蘇らすいくつかの魔法的手段を思案する。,頭の中で、死者を蘇らすいくつかの魔法的手段を思案する。,"В своей голове она продумывала несколько магических ходов, при помощи которых могла бы оживить мёртвых.","Dentro de sua cabeça, ela pensou em diversos métodos mágicos para reviver os mortos.",她的脑中思量起了好几种复生死者的魔法方法。,她的腦中思量起了好幾種復生死者的魔法方法。,"Nella sua mente, considerò diversi metodi magici che avrebbe potuto utilizzare per riportare in vita i morti.","Inside her head, she thought about several magical methods for reviving the dead.","En su cabeza, pensó distintos medios mágicos que podría usar para revivir a los muertos.",ﻛﺎﻧﺖ ﺍﻷﻓﻜﺎﺭ ﺗﺪﻭﺭ ﻓﻲ ﻋﻘﻠّﻬﺎ ﻓﻲ ﻣﺤﺎﻭﻟﺔٍ ﻣﻨﻬﺎ ﻹﻳﺠﺎﺩ ﻋﺪﺓ ﺃﺳﺎﻟﻴﺐ ﺳﺤﺮﻳﺔ ﺗُﻤﻜﻨّﻬﺎ ﻣﻦ ﺇﺣﻴﺎﺀ ﺍﻟﻤﻮﺗﻰ.,"Inside her head, she thought about several magical methods for reviving the dead.","Inside her head, she thought about several magical methods for reviving the dead.","Inside her head, she thought about several magical methods for reviving the dead."
,......Even magic that she could do easily in the past would be difficult with her current magic power.,...Even magic that should have been easy in the past would be difficult with her current power. ,"......Even magic that should have been easy in the past would be difficult with her current magic power.",……かつては容易に出来たはずの魔法も、今の魔力では難しくなっている。,……かつては容易に出来たはずの魔法も、今の魔力では難しくなっている。,"......Даже магия, раньше с лёгкостью удававшаяся ей, теперь вызывала трудности с её текущим уровнем магической силы.",......Até magias que ela conseguia fazer facilmente no passado seriam difíceis com seu poder mágico atual.,……然而，曾经能轻易使出的魔法，以现今的魔力就难以做到了。,……然而，曾經能輕易使出的魔法，以現今的魔力就難以做到了。,... Anche magie che in passato erano state semplici sarebbero state complicate col potere di cui disponeva adesso.,......Even magic that she could do easily in the past would be difficult with her current magic power.,... Incluso la magia que debía haber sido fácil en el pasado sería difícil con su poder mágico actual.,......ﻻ ﺑﺪّ ﻭﺃﻥ ﺍﻟﺴﺤﺮ ﺍﻟﺬﻱ ﻛﺎﻥ ﺳﻬﻼً ﻋﻠﻴﻬﺎ ﻓﻲ ﺍﻟﺴﺎﺑﻖ ﺳﻴﻜﻮﻥ ﺻﻌﺒًﺎ ﻣﻊ ﻗﻮﺗﻬﺎ ﺍﻟﺤﺎﻟﻴﺔ.,......Even magic that she could do easily in the past would be difficult with her current magic power.,......Even magic that she could do easily in the past would be difficult with her current magic power.,......Even magic that she could do easily in the past would be difficult with her current magic power.
,"She thought of something, then clicked her tongue, and repeated this several times.","She thought of something, then clicked her tongue, then did so again, over and over. "," She thought of something, then clicked her tongue, and repeated this several times.",思いついては舌を打つ、を数度繰り返す。,思いついては舌を打つ、を数度繰り返す。,"Она что‐то задумала, затем щёлкнула языком и повторила это несколько раз.","Ela pensava em algo, então estalava sua língua, e repetia isto diversas vezes.",这也行不通那也行不通，连着咂了好几次嘴。,這也行不通那也行不通，連著咂了好幾次嘴。,"Ebbe un'idea, poi schioccò la lingua, e ripeté queste azioni svariate volte.","She thought of something, then clicked her tongue, and repeated this several times.","Pensó en algo, y luego chasqueó su lengua, y repitió esto varias veces.",ﻛﺎﻧﺖ ﺗﺘﻮﺻﻞ ﻟﻔﻜﺮﺓ، ﺛﻢ ﺗﺸﻬﻖ ﺑﺈﺣﺒﺎﻁ ﻭﺗﻌﺾ ﻟﺴﺎﻧﻬﺎ، ﻭﻛﺮﺭﺕ ﺫﻟﻚ ﻋﺪﺓ ﻣﺮﺍﺕ.,"She thought of something, then clicked her tongue, and repeated this several times.","She thought of something, then clicked her tongue, and repeated this several times.","She thought of something, then clicked her tongue, and repeated this several times."
,"In the end, ......she finally thought of a single spell.","In the end, ...she finally thought of a single spell. "," In the end, ......she finally thought of a single magic.",その末、……ようやく、ひとつの魔法を思いつく。,その末、……ようやく、ひとつの魔法を思いつく。,В итоге... Ей на ум наконец пришла одна магия.,"Por fim, ......ela finalmente pensou em um único feitiço.",在最后，……总算是想到了一个魔法。,在最後，……總算是想到了一個魔法。,Infine... si ricordò di un certo incantesimo.,"In the end, ......she finally thought of a single spell.",Al final... pensó en una magia particular finalmente.,ﻭﻓﻲ ﺍﻟﻨﻬﺎﻳﺔ... ﺧﻄﺮ ﺑﺒﺎﻟﻬﺎ ﺗﻌﻮﻳﺬﺓ ﻭﺍﺣﺪﺓ.,"In the end, ......she finally thought of a single spell.","In the end, ......she finally thought of a single spell.","In the end, ......she finally thought of a single spell."
,"But that was a spell that she couldn't use by herself.{n}It was a spell that witches with weak power used, that relied on the aid of others.","But that was a spell that she couldn't use by herself. It was a spell that witches with weak power used, one that relied on the aid of others. "," But that was a magic that she couldn't use by herself. It was a magic that witches with weak power used, that relied on the aid of others.",しかしそれは、彼女ひとりでは使えない魔法。力の弱い魔女が使う、他者の助けを借りる魔法だ。,しかしそれは、彼女ひとりでは使えない魔法。{n}力の弱い魔女が使う、他者の助けを借りる魔法だ。,"Но это была магия, использовать которую одной ей было не под силу.{n}То была магия, которую ведьмы с ограниченной магической силой могли использовать лишь прибегая к помощи других.","Mas esse era um feitiço que ela não conseguia usar por conta própria.{n}Era um feitiço que bruxas com poder fraco usavam, que confiava no auxílio de outros.",不过，这是个无法由她独自使出的魔法。{n}这是弱小的魔女使用的，需要借助他人帮助的魔法,不過，這是個無法由她獨自使出的魔法。{n}這是弱小的魔女使用的，需要借助他人幫助的魔法,"Ma si trattava di una magia che non poteva esercitare da sola. Era una magia che veniva usata da streghe poco potenti, che si affidava all'aiuto altrui.","But that was a spell that she couldn't use by herself.{n}It was a spell that witches with weak power used, that relied on the aid of others.","Pero era una magia que no podía utilizar por sí misma.{n}Era una magia que usaban las brujas con poder débil, que dependía de la ayuda de los demás.",ﻟﻜﻨﻬﺎ ﻛﺎﻧﺖ ﺗﻌﻮﻳﺬﺓ ﻻ ﻳﻤﻜﻨﻬﺎ ﺗﻨﻔﻴﺬﻫﺎ ﺑﻤﻔﺮﺩﻫﺎ.{n}...ﺇﻧﻪ ﺳﺤﺮ ﻳﺘﻄﻠﺐ ﻣﻌﻮﻧﺔ ﻣﻦ ﺍﻵﺧﺮﻳﻦ، ﻳﻨﺎﺳﺐ ﺍﻟﺴﺎﺣﺮﺍﺕ ﺿﻌﻴﻔﺎﺕ ﺍﻟﻘﻮﺓ.,"But that was a spell that she couldn't use by herself.{n}It was a spell that witches with weak power used, that relied on the aid of others.","But that was a spell that she couldn't use by herself.{n}It was a spell that witches with weak power used, that relied on the aid of others.","But that was a spell that she couldn't use by herself.{n}It was a spell that witches with weak power used, that relied on the aid of others."
,"...In the past, Beato had looked down upon that type of magic.","...In the past, Beato had looked down upon that type of magic. ","...In the past, Beato had looked down upon that type of magic.",…かつて、ベアトはそういう類の魔法を見下していた。,…かつて、ベアトはそういう類の魔法を見下していた。,...В прошлом Беато не воспринимала эту магию всерьёз.,"...No passado, Beato tinha menosprezado esse tipo de magia.",…贝阿朵以前很藐视此类魔法。,…貝阿朵以前很藐視此類魔法。,"... In passato, Beato aveva disdegnato quel tipo di magia.","...In the past, Beato had looked down upon that type of magic.","... En el pasado, Beato había despreciado este tipo de magia.",...ﻛﺎﻧﺖ ﺑﻴـﺎﺗﻮ ﻓﻲ ﺍﻟﻤﺎﺿﻲ ﺗﻨﻈﺮ ﺑﺎﺯﺩﺭﺍﺀ ﺇﻟﻰ ﻫﺬﺍ ﺍﻟﻨﻮﻉ ﻣﻦ ﺍﻟﺴﺤﺮ.,"...In the past, Beato had looked down upon that type of magic.","...In the past, Beato had looked down upon that type of magic.","...In the past, Beato had looked down upon that type of magic."
,"Therefore, she frantically tried to think if there wasn't any other possible spell, .........but in the end, she couldn't think of one, and slumped over in self‐derision.","Therefore, she frantically tried to search for any conceivable alternative, ......but in the end, she couldn't think of one and slumped over in self-derision. "," Therefore, she frantically tried to think if there wasn't any other possible magic, .........but in the end, she couldn't think of one, and slumped over in self-derision.",なので、それ以外に可能な魔法はないのかと、必死に思案してみたのだが、………結局、思いつかず、肩を落として自嘲する。,なので、それ以外に可能な魔法はないのかと、必死に思案してみたのだが、………結局、思いつかず、肩を落として自嘲する。,"По этой причине она отчаянно пыталась вспомнить, не остаётся ли ещё возможных видов магии, но в конце концов, так и не сумев вспомнить, она усмехнулась над собой.","Logo, ela tentou freneticamente pensar se não havia qualquer outro feitiço possível, .........mas, no fim, ela não conseguiu lembrar de nenhum, e caiu em autoescárnio.",所以，她刚才在拼命思索着，有没有除此以外的可行的魔法，………但结果，她一个都想不出来，只好垂下肩膀聊以自嘲。,所以，她剛才在拚命思索著，有沒有除此以外的可行的魔法，………但結果，她一個都想不出來，只好垂下肩膀聊以自嘲。,"Perciò, cercò freneticamente di ricordare se non vi ne fosse un altro incantesimo... ma alla fine, non riuscì a trovarne nemmeno uno, e crollò a terrà colma deridendo se stessa.","Therefore, she frantically tried to think if there wasn't any other possible spell, .........but in the end, she couldn't think of one, and slumped over in self‐derision.","Por lo tanto, ella trató frenéticamente de pensar si no había otro hechizo posible... pero al final, no pudo pensar en uno, y se burló de sí misma.",ﻭﻟﻬﺬﺍ ﺍﻟﺴﺒﺐ، ﻛﺎﻧﺖ ﺗﺤﺎﻭﻝ ﺑﺸﻜﻞٍ ﻣﺤﻤﻮﻡ ﺍﻟﺒﺤﺚ ﻋﻦ ﺃﻱّ ﺗﻌﻮﻳﺬﺓ ﺑﺪﻳﻠﺔ ﻣﻤﻜﻨﺔ، .........ﻟﻜﻨّﻬﺎ ﻓﺸﻠﺖ ﻓﻲ ﺫﻟﻚ ﻭﺃﺻﺒﺤﺖ ﻣﺤﻂّ ﺳﺨﺮﻳﺔٍ ﻣﻦ ﻧﻔﺴﻬﺎ.,"Therefore, she frantically tried to think if there wasn't any other possible spell, .........but in the end, she couldn't think of one, and slumped over in self‐derision.","Therefore, she frantically tried to think if there wasn't any other possible spell, .........but in the end, she couldn't think of one, and slumped over in self‐derision.","Therefore, she frantically tried to think if there wasn't any other possible spell, .........but in the end, she couldn't think of one, and slumped over in self‐derision."
,"And then, ......careful not to surprise him, she softly called out. Softly, to George's heart...","Then, ...careful not to surprise him, she softly called out. Softly, to George's heart... "," And then, ......careful not to surprise him, she softly called out. Softly, to George's heart...",そして、……なるべく驚かさないように、そっと声を掛けた。譲治の心に、そっと…。,そして、……なるべく驚かさないように、そっと声を掛けた。譲治の心に、そっと…。,"И затем, осторожно, чтобы не шокировать его, она негромко обратилась к нему. Мягко, к самому сердцу Джорджа...","E então, ......tomando cuidado para não surpreendê‐lo, ela chamou suavemente. Suavemente, ao coração de George...",然后，……为了尽量不吓到他，贝阿朵悄悄地向让治的心，送去了轻轻的一句话…。,然後，……為了盡量不嚇到他，貝阿朵悄悄地向讓治的心，送去了輕輕的一句話…。,"E poi... facendo attenzione a non spaventarlo, chiamò con dolcezza. {n}Con dolcezza, chiamò il cuore di George...","And then, ......careful not to surprise him, she softly called out. Softly, to George's heart...","Y entonces... con cuidado de no sorprenderle, lo llamó suavemente. Suavemente, llamó al corazón de George...",ﺛﻢ ﻧﺎﺩﺗُﻪ ﺑﻠﻄﻒ، ﺣﺮﻳﺼﺔً ﺃﻻ ﺗُﺮﻋﺒﻪ. ﻭﺑﻬﺪﻭﺀ ﺗﺤﺪﺛﺖ ﺇﻟﻰ ﺟﻮﺭﺝ ﺑﺄﻋﻤﺎﻕ ﻗﻠﺒﻪ...,"And then, ......careful not to surprise him, she softly called out. Softly, to George's heart...","And then, ......careful not to surprise him, she softly called out. Softly, to George's heart...","And then, ......careful not to surprise him, she softly called out. Softly, to George's heart..."
{f:5:Beatrice},""".........Ushiromiya George. ...Can you hear my voice...?""","""......Ushiromiya George, ...can you hear my voice...?"" ",""".........Ushiromiya George. ...Can you hear my voice...?""",「………右代宮譲治よ。…妾の声が聞こえるか…？」,「………右代宮譲治よ。…妾の声が聞こえるか…？」,""".........Уширомия Джордж. ...Слышишь ли ты мой голос?..""",""".........Ushiromiya George. ...Consegue ouvir a minha voz...?""",「………右代宫让治哟。…听得到妾身的声音吗…？」,「………右代宮讓治喲。…聽得到妾身的聲音嗎…？」,"""... George Ushiromiya. ... Riesci a sentire la mia voce...?""",""".........Ushiromiya George. ...Can you hear my voice...?""","""... Ushiromiya George... ¿Puedes oírme?...""",""".........ﺃﻭﺷﻴﺮﻭﻣﻴﺎ ﺟﻮﺭﺝ. ...ﻫﻞ ﻳُﻤﻜﻨﻚَ ﺳﻤﺎﻉ ﺻﻮﺗﻲ...؟""",""".........Ushiromiya George. ...Can you hear my voice...?""",""".........Ushiromiya George. ...Can you hear my voice...?""",""".........Ushiromiya George. ...Can you hear my voice...?"""
Ushiromiya George,"""......I can hear. ......Who are you...? Are you really the witch, {f:5:Beatrice}...? ...Or else, are you an illusion created by my sadness...?""","""...I can hear you. ...Who are you...? Are you really the witch, {f:5:Beatrice}...? ...Or are you an illusion created by my sorrow...?"" ","""......I can hear. ......Who are you...? Are you really the witch, Beatrice...? ...Or else, are you an illusion created by my sadness...?",「……聞こえるとも。……あなたは誰だい…？　本当に魔女のベアトリーチェ…？　…それとも、僕の悲しみが生んだ幻想なのか…。,「……聞こえるとも。……あなたは誰だい…？　本当に魔女のベアトリーチェ…？　…それとも、僕の悲しみが生んだ幻想なのか…」,"""......Я слышу его. ......Кто ты?.. Ты и вправду ведьма, {f:5:Беатриче}?.. ...Или же ты лишь иллюзия, рождённая моей печалью?..""","""......Consigo ouvir. ......Quem é você...? Você realmente é a {f:5:Beatrice}, a bruxa...? ...Ou será que é uma ilusão criada pela minha tristeza...?""",「……当然听得到。……你是谁…？真的是魔女贝阿朵莉切吗…？…还是，我的悲伤产生的幻想呢…？」,「……當然聽得到。……你是誰…？真的是魔女貝阿朵莉切嗎…？…還是，我的悲傷產生的幻想呢…？」,"""... Posso sentirti. ... Chi sei...? Sei veramente la strega, Beatrice...? Oppure, sei un'illusione creata dalla mia tristezza...?","""......I can hear. ......Who are you...? Are you really the witch, {f:5:Beatrice}...? ...Or else, are you an illusion created by my sadness...?""","""... Te oigo. ¿Quién eres?... ¿Realmente eres la bruja, {f:5:Beatrice}?... ¿O no eres más que una ilusión creada por mi tristeza?...""","""......ﺃﺳﻤﻌﻪ ﺑﻮﺿﻮﺡ. ......ﻣﻦ ﺗﻜﻮﻧﻴﻦ... ﺃﺃﻧﺖِ ﺣﻘًﺎ ﺍﻟﺴﺎﺣﺮﺓ {f:7:ﺑﻴﺎﺗﺮﻳﺲ}...؟ ...ﺃﻡ ﺃﻧّﻚِ ﻭﻫﻢٌّ ﺃﺗﺨﻴﻠﻪ ﻣﻦ ﺷﺪّﺓ ﺣﺰﻧﻲ...؟""","""......I can hear. ......Who are you...? Are you really the witch, {f:5:Beatrice}...? ...Or else, are you an illusion created by my sadness...?""","""......I can hear. ......Who are you...? Are you really the witch, {f:5:Beatrice}...? ...Or else, are you an illusion created by my sadness...?""","""......I can hear. ......Who are you...? Are you really the witch, {f:5:Beatrice}...? ...Or else, are you an illusion created by my sadness...?"""
Ushiromiya George,""".........If it's the former, I want you to hear my wish. ...And if it's the latter, just leave me alone...""","""......If it's the former, please hear my wish. ...And if it's the latter, just leave me alone..."" ",".........If it's the former, I want you to hear my wish. ...And if it's the latter, just leave me alone...""",………もしも前者だったなら、僕の願いを聞いて欲しい。…そして後者なら、僕をそっとしておいてほしい…。」,「………もしも前者だったなら、僕の願いを聞いて欲しい。…そして後者なら、僕をそっとしておいてほしい…」,""".........Если первое, я хотел бы, чтобы ты услышала моё желание. ...А если последнее, просто оставь меня одного...""",""".........Se for a primeira opção, quero que você escute meu desejo. ...E se for a última, apenas me deixe sozinho...""",「………如果是前者的话，希望您听下我的请求。…如果是后者的话，请别来吵我…」,「………如果是前者的話，希望您聽下我的請求。…如果是後者的話，請別來吵我…」,"... Se si tratta della prima, voglio che ascolti il mio desiderio. ... E se si tratta della seconda, lasciami in pace...""",""".........If it's the former, I want you to hear my wish. ...And if it's the latter, just leave me alone...""","""... Si es lo primero, quiero que escuches mi deseo... Y si es lo último, tan solo déjame en paz...""",""".........ﺇﺫﺍ ﻛﺎﻥ ﺟﻮﺍﺏ ﺍﻟﺴﺆﺍﻝ ﺍﻷﻭﻝ ﺻﺤﻴﺤًﺎ ﻓﺄﺭﺟﻮﻙِ ﺣﻘﻘﻲ ﺃﻣﻨﻴﺘﻲ. ...ﺃﻣّﺎ ﺇﺫﺍ ﻛﺎﻥ ﺍﻟﺜﺎﻧﻲ، ﻓﺄﺭﺟﻮ ﺃﻥ ﺗﺪﻋﻴﻨﻲ ﻭﺷﺄﻧﻲ...""",""".........If it's the former, I want you to hear my wish. ...And if it's the latter, just leave me alone...""",""".........If it's the former, I want you to hear my wish. ...And if it's the latter, just leave me alone...""",""".........If it's the former, I want you to hear my wish. ...And if it's the latter, just leave me alone..."""
,Conversations in the world of the mind are a lot like those in a dream.,Their conversation in a mental world was a lot like having one in a dream. ,"Their conversation in a mental world was a lot like having one in a dream.",精神的な世界での会話は、夢の中でのそれによく似ている。,精神的な世界での会話は、夢の中でのそれによく似ている。,Их разговор в неосязаемом мире напоминал сон.,Conversas no mundo da mente são similares às de um sonho.,在精神世界中的对话，十分类似于梦中的情景。,在精神世界中的對話，十分類似於夢中的情景。,La loro conversazione nel piano mentale era molto simile ad una conversazione avuta in sogno.,Conversations in the world of the mind are a lot like those in a dream.,Su conversación en un mundo mental era muy parecido a tener una en un sueño.,ﺍﻟﺤﻮﺍﺭ ﻓﻲ ﻫﺬﺍ ﺍﻟﻌﺎﻟﻢ ﺍﻟﺮﻭﺣﻲ ﻳﺸﺒﻪ ﻛﺜﻴﺮًﺍ ﺍﻟﺤﺪﻳﺚ ﺩﺍﺧﻞ ﺍﻷﺣﻼﻡ.,Conversations in the world of the mind are a lot like those in a dream.,Conversations in the world of the mind are a lot like those in a dream.,Conversations in the world of the mind are a lot like those in a dream.
,"When you dream, haven't you ever had the experience...of casually accepting something that would have been absurd in the real world?","When you dream, haven't you ever had the experience... of casually accepting something that would've been absurd in the real world? "," When you dream, haven't you ever had the experience... of casually accepting something that would have been absurd in the real world?",現実に存在したら荒唐無稽なものでも、夢で見ている時には、さも当り前であるように受け入れているという経験はないだろうか？,現実に存在したら荒唐無稽なものでも、夢で見ている時には、さも当り前であるように受け入れているという経験はないだろうか？,"Когда вы спали, приходилось ли вам... Бессознательно принимать то, что казалось бы абсурдом в настоящем мире?","Quando sonha, você já teve a experiência...de casualmente aceitar algo que teria sido absurdo no mundo real?",人人都有过，在现实中出现时就是荒谬无稽的情景，在做梦时却能理所当然地接受，这样的经历吧？,人人都有過，在現實中出現時就是荒謬無稽的情景，在做夢時卻能理所當然地接受，這樣的經歷吧？,"Sognando, non vi è mai accaduto... di accettare senza problemi qualcosa che nel mondo reale sarebbe stata assurda?","When you dream, haven't you ever had the experience...of casually accepting something that would have been absurd in the real world?","Cuando sueñas, ¿nunca has tenido la experiencia... de aceptar despreocupadamente algo que habría sido absurdo en el mundo real?",ﺃﻟﻢ ﻳﺴﺒﻖ ﻟﻚ ﺃﻥ ﺣﻠّﻤﺖ ﺑﺸﻲﺀٍ ﻏﻴﺮ ﻣﻌﻘﻮﻝٍ ﺑﺎﻟﻨﺴﺒﺔ ﻟﻌﺎﻟﻤﻨّﺎ،...ﻭﺭﻏﻢ ﻫﺬﺍ ﻗﺒﻠﺖ ﺑﻪ؟,"When you dream, haven't you ever had the experience...of casually accepting something that would have been absurd in the real world?","When you dream, haven't you ever had the experience...of casually accepting something that would have been absurd in the real world?","When you dream, haven't you ever had the experience...of casually accepting something that would have been absurd in the real world?"
,......The conversation in this world was like that.,...The conversation in this world was like that. ,"......The conversation in this world was like that.",……この世界での会話は、それに似る。,……この世界での会話は、それに似る。,......Разговор в том мире был именно такого рода.,......A conversa neste mundo era assim.,……在这个世界中的对话，就类似于此。,……在這個世界中的對話，就類似於此。,... La conversazione in questa dimensione era simile.,......The conversation in this world was like that.,... La conversación en este mundo se parecía a eso.,......ﻟﻘﺪ ﻛﺎﻥ ﺣﺪﻳﺜﻬﻤﺎ ﺃﺷﺒﻪ ﺑﺬﻟﻚ.,......The conversation in this world was like that.,......The conversation in this world was like that.,......The conversation in this world was like that.
,"So even though a witch appeared and started talking to George, he was not surprised...","So even though a witch appeared and started talking to George, he was not surprised... "," So even though a witch appeared and started talking to George, he was not surprised...",だから、魔女が現れて譲治に話し掛けてきたとしても、彼はそれを驚きはしないのだ…。,だから、魔女が現れて譲治に話し掛けてきたとしても、彼はそれを驚きはしないのだ…。,"Поэтому даже когда ведьма материализовалась и начала говорить с Джорджем, он не удивился...","Por isso, mesmo que uma bruxa tenha aparecido e começado a falar com George, ele não ficou surpreso...",所以，就算魔女现身，向让治搭话，他也不会对此感到吃惊…。,所以，就算魔女現身，向讓治搭話，他也不會對此感到吃驚…。,"Per cui anche se una strega era apparsa e aveva preso a parlargli, George non era sorpreso...","So even though a witch appeared and started talking to George, he was not surprised...","Así que, aunque una bruja apareció y comenzó a hablar con George, él no se sorprendió...",ﻟﺬﺍ، ﻋﻠﻰ ﺍﻟﺮﻏﻢ ﻣﻦ ﻇﻬﻮﺭ ﺳﺎﺣﺮﺓ ﺗﺘﺤﺪﺙ ﺃﻣﺎﻣﻪ، ﺇﻻ ﺃﻥّ ﺟﻮﺭﺝ ﻟﻢ ﻳﺘﻔﺎﺟﺄ...,"So even though a witch appeared and started talking to George, he was not surprised...","So even though a witch appeared and started talking to George, he was not surprised...","So even though a witch appeared and started talking to George, he was not surprised..."
{f:5:Beatrice},"""Mm. ......I am...the Golden Witch, {f:5:Beatrice}. .........Normally, you and I would not be able to talk together like this. ...However, you are strongly conscious of me, and wish to have a discussion, ...so both of our channels are able to match like this.""","""Indeed. ...I am...the Golden Witch, {f:5:Beatrice}. ......Normally, you and I would not be able to talk together in this manner. ...However, you are strongly conscious of me and wish to have a discussion, ...so both of our channels are able to match like this."" ","""Hmm. ......I am...the Golden Witch, Beatrice. .........Normally, you and I would not be able to talk together like this. ...However, you are strongly conscious of me, and wish to have a discussion, ...so both of our channels are able to match like this.""",「うむ。……妾が、黄金の魔女、ベアトリーチェである。………本来、妾とそなたはこうして会話を交わすことなど出来ぬ。…しかし、そなたが妾のことを強く意識し、会話を望むから、…こうして互いのチャンネルを合わせることができる。」,「うむ。……妾が、黄金の魔女、ベアトリーチェである。………本来、妾とそなたはこうして会話を交わすことなど出来ぬ。…しかし、そなたが妾のことを強く意識し、会話を望むから、…こうして互いのチャンネルを合わせることができる」,"""Хм‐м. ......Я... Золотая Ведьма {f:5:Беатриче}. .........В обычных обстоятельствах мы с тобой не смогли бы разговаривать как сейчас. ...Однако ты осознанно поверил в меня и захотел поговорить, поэтому мы с тобой смогли установить связь, подобно этой.""","""Mm. ......Eu sou...a Bruxa Dourada, {f:5:Beatrice}. .........Normalmente, você e eu não teríamos sido capazes de conversar assim. ...Porém, você está fortemente consciente de mim, e deseja ter uma discussão, ...então ambos os nossos canais são capazes de combinar assim.""",「嗯。……妾身就是黄金的魔女，贝阿朵莉切。………原本，妾身与汝是无法像这样对话的。…不过，由于汝对妾身抱有强烈的意愿，渴望与妾身对话，…所以，可以像这样互相对上彼此的频道。」,「嗯。……妾身就是黃金的魔女，貝阿朵莉切。………原本，妾身與汝是無法像這樣對話的。…不過，由於汝對妾身抱有強烈的意願，渴望與妾身對話，…所以，可以像這樣互相對上彼此的頻道。」,"""Hmm. ... Io sono... la Strega Dorata, Beatrice. ... In circostanze normali, tu e io non potremmo parlarci in questo modo. ... Tuttavia, tu sei fortemente consapevole della mia esistenza, e desideri avere questa discussione... perciò le nostre frequenze possono incontrarsi come accade ora.""","""Mm. ......I am...the Golden Witch, {f:5:Beatrice}. .........Normally, you and I would not be able to talk together like this. ...However, you are strongly conscious of me, and wish to have a discussion, ...so both of our channels are able to match like this.""","""Mm... Yo soy la Bruja Dorada, {f:5:Beatrice}... Normalmente, tú y yo no podríamos hablar juntos como ahora... Sin embargo, eres muy consciente de mí, y deseas tener una discusión conmigo... Es por eso que ambos podemos hablar así ahora mismo.""","""ﻧﻌﻢ. ......ﺃﻧﺎ ﺍﻟﺴﺎﺣﺮﺓ ﺍﻟﺬﻫﺒﻴﺔ {f:7:ﺑﻴﺎﺗﺮﻳﺲ}. ...ﻓﻲ ﺍﻷﺻﻞ، ﻻ ﻳﻨﺒﻐﻲ ﺃﻥ ﻧﺘﺤﺪﺙ ﺑﻬﺬﻩ ﺍﻟﻄﺮﻳﻘﺔ. ...ﻟﻜﻦ ﻗﻮﺓ ﺇﺩﺭﺍﻛﻚ ﻭﺭﻏﺒﺘﻚ ﺍﻟﺤﺎﻟﻴﺔ ﻓﻲ ﺍﻟﺤﺪﻳﺚ ﻣﻌﻲ، ...ﻓﺘﺤﺖ ﻗﻨﺎﺓ ﺍﺗﺼﺎﻝ ﺑﻴﻨﻨﺎ.""","""Mm. ......I am...the Golden Witch, {f:5:Beatrice}. .........Normally, you and I would not be able to talk together like this. ...However, you are strongly conscious of me, and wish to have a discussion, ...so both of our channels are able to match like this.""","""Mm. ......I am...the Golden Witch, {f:5:Beatrice}. .........Normally, you and I would not be able to talk together like this. ...However, you are strongly conscious of me, and wish to have a discussion, ...so both of our channels are able to match like this.""","""Mm. ......I am...the Golden Witch, {f:5:Beatrice}. .........Normally, you and I would not be able to talk together like this. ...However, you are strongly conscious of me, and wish to have a discussion, ...so both of our channels are able to match like this."""
Ushiromiya George,"""...............The person who killed Shannon...I don't care if it was you, or someone else taking on your name. ......As long as you exist as a real witch.""","""......I don't care if the person who killed Shannon was you... or someone else using your name. ...As long as you exist as a real witch..."" ","""............I don't care whether the person who killed Shannon was... you, or someone else taking on your name. ......As long as you exist as a real witch...",「……………紗音を殺したのが、あなたなのか、あなたを名乗る何者かの仕業なのか、……僕はどうでもいい。……ただあなたが本当の魔女として存在しているならば。,「……………紗音を殺したのが、あなたなのか、あなたを名乗る何者かの仕業なのか、……僕はどうでもいい。……ただあなたが本当の魔女として存在しているならば」,"""............Мне всё равно, кто особа, убившая Шаннон, ты или та кто назвалась твоим именем. ......Пока ты существуешь как настоящая ведьма...""","""...............A pessoa que matou Shannon...não ligo se foi você ou alguém mais tomando seu nome. ......Contanto que você exista como uma bruxa de verdade.""",「……………杀死纱音的，是你也好，是冒你名的其他人也好，……我都无所谓。……只要你真的身为魔女存在着。」,「……………殺死紗音的，是你也好，是冒你名的其他人也好，……我都無所謂。……只要你真的身為魔女存在著。」,"""... Non mi importa se la persona che ha ucciso Shannon sia... tu, o qualcuno che ha preso il tuo nome. ... Fintanto che tu sia davvero una strega...","""...............The person who killed Shannon...I don't care if it was you, or someone else taking on your name. ......As long as you exist as a real witch.""","""... No me importa si la persona que mató a Shannon... fuiste tú, o cualquier otro usando tu nombre... Mientras existas como una bruja de verdad.""","""...............ﺳﻮﺍﺀ ﻛﻨﺖِ ﺃﻧﺖِ ﻣﻦ ﻗﺘﻞ ﺷﺎﻧﻮﻥ...ﻟﻢ ﺃﻋﺪ ﺃﻫﺘﻢ ﻟﻮ ﻛﺎﻥ ﺃﻧﺖِ ﺃﻭ ﻛﺎﻥ ﺷﺨﺼًﺎ ﺁﺧﺮ ﻳﻨﺘﺤﻞُّ ﺍﺳﻤﻚِ.. ......ﻣﺎ ﻳﻬﻤﻨﻲ ﺑﺎﻟﻔﻌﻞ ﻫﻮ ﻛﻮﻧﻚِ ﺳﺎﺣﺮﺓ ﺣﻘًﺎ.""","""...............The person who killed Shannon...I don't care if it was you, or someone else taking on your name. ......As long as you exist as a real witch.""","""...............The person who killed Shannon...I don't care if it was you, or someone else taking on your name. ......As long as you exist as a real witch.""","""...............The person who killed Shannon...I don't care if it was you, or someone else taking on your name. ......As long as you exist as a real witch."""
Ushiromiya George,"""............I would pay any compensation. ...If you desire my life, you can take it right now. ......Please, I want you to bring Shannon back to life... .........If that's impossible, then at least, I would like just to be allowed to talk to her for a short while...... ......Please.........""","""......I'll pay whatever cost you ask for. If you desire my life, take it right now. ...Please, I want you to bring Shannon back to life... ......If that's impossible, I'd be satisfied if you'd just let me talk to her for a short while... ...Please......"" ","............I would pay any compensation. If you desire my life, you can take it right now. ......Please, I want you to bring Shannon back to life............If that's impossible, I don't mind if you just let me talk to her for a short while............Please.........""",…………どんな対価にも応じる。…僕の命を望むなら、今すぐに奉げてもいい。……どうか紗音を、生き返らせて欲しい…。………それが無理ならせめて、わずかの間、話をさせてくれるだけでもいい……。……お願いだ………。」,「…………どんな対価にも応じる。…僕の命を望むなら、今すぐに奉げてもいい。……どうか紗音を、生き返らせて欲しい…。………それが無理ならせめて、わずかの間、話をさせてくれるだけでもいい……。……お願いだ………」,"""............Я готов заплатить любую плату. Если тебе нужна моя жизнь, ты можешь забрать её прямо сейчас. ......Прошу тебя, я хочу, чтобы ты вернула Шаннон к жизни... .........Если это невозможно, я не возражаю, если ты дашь мне поговорить с ней хоть краткое время... ......Умоляю тебя...""","""............Eu pagaria qualquer compensação. ...Se você desejar minha vida, pode tomá‐la agora mesmo. ......Por favor, quero que você traga a Shannon de volta à vida... .........Se isso for impossível, então pelo menos, eu gostaria apenas de ter a permissão de falar com ela por um curto momento...... ......Por favor.........""",「…………我愿付出任何代价。…想要我的命的话，立马就献给你好了。……无论如何，请复活纱音吧…。………要是这不行的话，那就请至少，让我与她说一小会儿的话吧……。……求求你了………」,「…………我願付出任何代價。…想要我的命的話，立馬就獻給你好了。……無論如何，請復活紗音吧…。………要是這不行的話，那就請至少，讓我與她說一小會兒的話吧……。……求求你了………」,"... Darei qualsiasi cosa. Se desideri la mia vita, puoi prenderla in questo stesso istante. ... Te ne prego, voglio che riporti Shannon in vita... qualora fosse infattibile, sarei contento anche se mi lasciassi solo parlare con lei per poco... {n}te ne prego...""","""............I would pay any compensation. ...If you desire my life, you can take it right now. ......Please, I want you to bring Shannon back to life... .........If that's impossible, then at least, I would like just to be allowed to talk to her for a short while...... ......Please.........""","""... Yo pagaría cualquier compensación... Si deseas mi vida, puedes tomarla ahora mismo... Por favor, quiero que traigas a Shannon de vuelta a la vida... Si es imposible, no me importaría si solo me dejas hablar con ella por poco tiempo... Por favor...""","""............ﺃﻧﺎ ﻣﺴﺘﻌﺪ ﻟﺪﻓﻊ ﺃﻱ ﺛﻤﻦ. ...ﺇﻥ ﺃﺭﺩﺕِ ﺣﻴﺎﺗﻲ، ﻓﺴﺄﻫﺒﻬﺎ ﻟﻚِ ﻓﻲ ﻫﺬﻩ ﺍﻟﻠﺤﻈﺔ ﺩﻭﻥ ﺗﺮﺩﺩ. ......ﺃﺭﺟﻮﻙِ ﺃﻋﻴﺪﻱ ﺷﺎﻧﻮﻥ ﻟﻠﺤﻴﺎﺓ... .........ﻭﺇﻥ ﻛﺎﻥ ﻫﺬﺍ ﻣﺴﺘﺤﻴﻼً، ﻓﺄﺭﺟﻮﻙِ ﻋﻠﻰ ﺍﻷﻗﻞ، ﺍﺳﻤﺤﻲ ﻟﻲ ﺑﺎﻟﺘﺤﺪﺙ ﻣﻌﻬﺎ ﻭﻟﻮ ﻟﻠﺤﻈﺎﺕ ﻗﺼﻴﺮﺓ ﻓﻘﻂ...... ......ﺃﺭﺟﻮﻙِ.........""","""............I would pay any compensation. ...If you desire my life, you can take it right now. ......Please, I want you to bring Shannon back to life... .........If that's impossible, then at least, I would like just to be allowed to talk to her for a short while...... ......Please.........""","""............I would pay any compensation. ...If you desire my life, you can take it right now. ......Please, I want you to bring Shannon back to life... .........If that's impossible, then at least, I would like just to be allowed to talk to her for a short while...... ......Please.........""","""............I would pay any compensation. ...If you desire my life, you can take it right now. ......Please, I want you to bring Shannon back to life... .........If that's impossible, then at least, I would like just to be allowed to talk to her for a short while...... ......Please........."""
{f:5:Beatrice},""".........I require no compensation. I shall grant that wish.""","""......I ask for nothing in return. I shall grant that wish."" ",""".........I require no compensation. I shall grant that wish.""",「………対価は要らぬ。その願い、叶えて遣わそう。」,「………対価は要らぬ。その願い、叶えて遣わそう」,""".........Я не нуждаюсь в компенсации. Я исполню то, чего ты желаешь.""",""".........Não exijo compensação. Devo conceder esse desejo.""",「………无需代价。妾身实现，汝这个愿望。」,「………無需代價。妾身實現，汝這個願望。」,"""... Non desidero nulla in cambio. Esaudirò questo desiderio.""",""".........I require no compensation. I shall grant that wish.""","""... No quiero una compensación. Te concederé ese deseo.""",""".........ﻻ ﺃﺣﺘﺎﺝ ﻣﻘﺎﺑﻼً. ﺳﺄﺣﻘﻖ ﺃﻣﻨﻴﺘﻚ.""",""".........I require no compensation. I shall grant that wish.""",""".........I require no compensation. I shall grant that wish.""",""".........I require no compensation. I shall grant that wish."""
Ushiromiya George,"""...Really......? You'll really bring Shannon.........""","""...Really...? Really, you'll revive Shannon......?"" ","""...Really......? Really, for Shannon.........?""",「…本当に……？　本当に紗音を………？」,「…本当に……？　本当に紗音を………？」,"""...Правда?.. В самом деле, для Шаннон?..""","""...Mesmo......? Você realmente trará a Shannon.........""",「…真的……？真的会让纱音………？」,「…真的……？真的會讓紗音………？」,"""... Veramente...? Veramente, per Shannon...?""","""...Really......? You'll really bring Shannon.........""","""... ¿De verdad?... ¿Realmente traerás a Shannon?...""","""...ﺣﻘًﺎ...؟ ﻫﻞ ﺳﺘﻌﻴﺪﻳﻦ ﺷﺎﻧﻮﻥ ﺣﻘﺎً.........""","""...Really......? You'll really bring Shannon.........""","""...Really......? You'll really bring Shannon.........""","""...Really......? You'll really bring Shannon........."""
{f:5:Beatrice},"""Mm. ......However, my current magic power is not sufficient to use resurrection magic. ...Therefore, I must rely on your help.""","""Indeed. ...However, my current magical power is not sufficient to use the magic of resurrection. ...Therefore, I must rely on your help."" ","""Hmm. ......However, my current magic power is not sufficient to use resurrection magic. ...Therefore, I must rely on your help.""",「うむ。……だが、反魂の魔法を扱うには、今の妾には魔力が足りぬ。…だから、そなたの手を借りねばならぬ。」,「うむ。……だが、反魂の魔法を扱うには、今の妾には魔力が足りぬ。…だから、そなたの手を借りねばならぬ」,"""Хм‐м. ......Однако моей текущей магической силы не хватает для использования магии воскрешения. ...Поэтому я рассчитываю на твою помощь.""","""Mm. ......Porém, meu poder mágico atual não é suficiente para usar magia de ressurreição. ...Logo, devo confiar na sua ajuda.""",「嗯。……但是，以现今妾身的魔力，不足以用出返魂的魔法。…所以，必须借助汝的帮忙。」,「嗯。……但是，以現今妾身的魔力，不足以用出返魂的魔法。…所以，必須借助汝的幫忙。」,"""Hmm. ... Tuttavia, il mio attuale potere magico non è sufficiente ad utilizzare un incantesimo per la resurrezione. ... Perciò, devo chiederti di aiutarmi.""","""Mm. ......However, my current magic power is not sufficient to use resurrection magic. ...Therefore, I must rely on your help.""","""Mm... Sin embargo, mi poder mágico actual no es suficiente como para usar magia de resurrección... Por lo tanto, debo contar con tu ayuda.""","""ﻧﻌﻢ. ......ﻭﻟﻜﻦ ﻗﻮﺍﻱّ ﺍﻟﺴﺤﺮﻳﺔ ﺍﻟﺤﺎﻟﻴﺔ ﻻ ﺗﻜﻔﻲ ﻟﺴﺤﺮ ﺍﻟﺒﻌﺚ. ...ﻟﺬﺍ، ﺍﺣﺘﺎﺝ ﻻﺳﺘﻌﺎﺭﺓ ﻗﻮﺗﻚ.""","""Mm. ......However, my current magic power is not sufficient to use resurrection magic. ...Therefore, I must rely on your help.""","""Mm. ......However, my current magic power is not sufficient to use resurrection magic. ...Therefore, I must rely on your help.""","""Mm. ......However, my current magic power is not sufficient to use resurrection magic. ...Therefore, I must rely on your help."""
Ushiromiya George,""".........If there's something I can do, I'll do anything. ...Even if that means taking my heart out right here and now, I will not hesitate...""","""......If there's anything I can do, I'll do it. ...Even if that means taking my heart out right here and now, I will not hesitate..."" ",""".........If there's something I can do, I'll do anything. ...Even if that means taking my heart out right here and now, I will not hesitate...""",「………僕に出来ることならどんなことでも。…それが、僕の心臓を今すぐこの場で取り出すことであったとしても、僕は躊躇しない…。」,「………僕に出来ることならどんなことでも。…それが、僕の心臓を今すぐこの場で取り出すことであったとしても、僕は躊躇しない…」,""".........Если я могу что‐то сделать, я сделаю всё возможное. ...Даже если потребуется вырвать моё сердце прямо здесь, меня это не остановит...""",""".........Se houver algo que eu possa fazer, farei qualquer coisa. ...Mesmo se isso significar tirar meu coração bem aqui e agora, não hesitarei...""",「………只要是我能做的事，什么都行。…就算是要我马上就地掏出自己的心脏，我也不会有所迟疑…」,「………只要是我能做的事，什麼都行。…就算是要我馬上就地掏出自己的心臟，我也不會有所遲疑…」,"""... Se c'è qualcosa che posso fare, la farò qualsiasi essa sia. ... Anche se significasse strapparmi il cuore qui e subito, non esiterò...""",""".........If there's something I can do, I'll do anything. ...Even if that means taking my heart out right here and now, I will not hesitate...""","""... Si hay algo que puedo hacer, haré lo que sea... Incluso si eso significa que tiene que tomar mi corazón aquí y ahora, no dudaré...""",""".........ﺇﺫﺍ ﻛﺎﻥ ﺑﻤﻘﺪﻭﺭﻱ، ﻓﺴﺄﻓﻌﻞ ﻛﻞّ ﻣﺎ ﺗﻄﻠﺒﻴﻨﻪ ﻣﻨﻲ. ...ﺣﺘﻰ ﻟﻮ ﺗﺤﺘﻢ ﻋﻠﻲّ ﺍﻧﺘﺰﺍﻉ ﻗﻠﺒﻲ ﻫﻨﺎ ﻭﺍﻵﻥ ﻓﻠﻦ ﺃﺗﺮﺩﺩ ﻭﻟﻮ ﻟﺜﺎﻧﻴﺔ....!""",""".........If there's something I can do, I'll do anything. ...Even if that means taking my heart out right here and now, I will not hesitate...""",""".........If there's something I can do, I'll do anything. ...Even if that means taking my heart out right here and now, I will not hesitate...""",""".........If there's something I can do, I'll do anything. ...Even if that means taking my heart out right here and now, I will not hesitate..."""
{f:5:Beatrice},"""...I'm telling you that I don't require something like that. ............I may cast the spell. Then, a gap would open in the door to Hades.""","""...I told you, I don't need anything like that. ......I will chant the magic. Then, a gap will open in the door to the Land of the Dead."" ","""...I'm telling you that I don't require something like that. ............I will chant the magic. Then, a gap will open in the door to Hades.",「…そんなもの要らぬというのに。…………妾は魔法を唱える。さすれば冥府の扉に隙間が出来よう。,「…そんなもの要らぬというのに。…………妾は魔法を唱える。さすれば冥府の扉に隙間が出来よう」,"""...Говорю же тебе, я не нуждаюсь в подобных вещах. ............Я воззову к магии. Затем в дверях, ведущих в царство Аида, возникнет проём.""","""...Estou lhe dizendo que não exijo algo assim. ............Posso lançar o feitiço. Então, um vão se abriria na porta de Hades.""",「…都说了，不需要这种东西。…………妾身咏唱魔法。然后冥府之门会敞开一条缝。」,「…都說了，不需要這種東西。…………妾身咏唱魔法。然後冥府之門會敞開一條縫。」,"""... Ti ho detto che non ho bisogno di un compenso. ... Reciterò l'incantesimo. Poi, si aprirà una breccia nella porta che conduce all'Ade.","""...I'm telling you that I don't require something like that. ............I may cast the spell. Then, a gap would open in the door to Hades.""","""... Te estoy diciendo que no necesito de algo como eso... Puedo conjurar el hechizo. Entonces, se abriría una brecha en la puerta del Hades.""","""...ﻟﻘﺪ ﺃﺧﺒﺮﺗﻚَ ﺑﺄﻧﻲ ﻟﺴﺖُ ﺑﺤﺎﺟﺔٍ ﺇﻟﻰ ﺃﻱ ﺗﻀﺤﻴﺔٍ ﺑﻬﺬﺍ ﺍﻟﺸﻜﻞ. ............ﺳﺄُﻟﻘﻲ ﺍﻟﺘﻌﻮﻳﺬﺓ ﺍﻟﺴﺤﺮﻳﺔ. ﻭﻋﻨﺪﻫﺎ ﺳﺘﺘﻜﻮﻥ ﻓﺠﻮﺓ ﻓﻲ ﺑﻮﺍﺑﺔ ﻋﺎﻟﻢ ﺍﻟﻤﻮﺗﻰ.""","""...I'm telling you that I don't require something like that. ............I may cast the spell. Then, a gap would open in the door to Hades.""","""...I'm telling you that I don't require something like that. ............I may cast the spell. Then, a gap would open in the door to Hades.""","""...I'm telling you that I don't require something like that. ............I may cast the spell. Then, a gap would open in the door to Hades."""
{f:5:Beatrice},"""...But as I am now, I do not have the power to bring Shannon's soul up through that gap. .........However, if it were you, who has strong feelings for Shannon, you should be able to change those feelings into magic, and bring her soul out without fail.""","""...But as I am now, I do not have the power to bring Shannon's soul up through that gap. ......However, you have strong feelings for Shannon, and those feelings will surely become magic that can bring her soul out without fail."" ","...But as I am now, I do not have the power to bring Shannon's soul up through that gap. .........However, if it were you, who has strong feelings for Shannon, those feelings should change into magic and bring her soul out without fail.",…だが、今の妾にはその隙間より紗音の魂を連れ出せるほどの力はない。………しかし、紗音のことを強く想うそなたなら、その想いを魔力に変えて、彼女の魂を必ずや連れ戻せるだろう。,「…だが、今の妾にはその隙間より紗音の魂を連れ出せるほどの力はない。………しかし、紗音のことを強く想うそなたなら、その想いを魔力に変えて、彼女の魂を必ずや連れ戻せるだろう」,"""...Но дело в том, что в настоящий момент у меня недостаточно сил, чтобы вытащить душу Шаннон через этот проём. .........Тем не менее, если это будешь ты, имеющий сильные чувства к Шаннон, эти чувства должны обратиться в магию и непременно вытащить её душу.""","""...Mas como estou agora, não tenho o poder de trazer a alma da Shannon por esse vão. .........Porém, se fosse você, que tem fortes sentimentos por Shannon, você deveria ser capaz de transformar esses sentimentos em magia, e trazer a alma dela para fora sem falha.""",「…但是，现在的妾身不具有能从这缝隙间带出纱音灵魂的魔力。………不过，换做强烈思念着纱音的汝的话，将那思念化为魔力，就肯定能带回她的灵魂吧。」,「…但是，現在的妾身不具有能從這縫隙間帶出紗音靈魂的魔力。………不過，換做強烈思念著紗音的汝的話，將那思念化為魔力，就肯定能帶回她的靈魂吧。」,"... Ma al mio stato attuale, non ho la forza per trascinare via l'anima di Shannon attraverso quella breccia. ... Tuttavia, se fossi tu a provarci, che nutri un forte sentimento nei confronti di Shannon, questo sentimento dovrebbe tradursi in magia e riprendere la sua anima senza errori.","""...But as I am now, I do not have the power to bring Shannon's soul up through that gap. .........However, if it were you, who has strong feelings for Shannon, you should be able to change those feelings into magic, and bring her soul out without fail.""","""... Pero tal y como estoy ahora, no tengo el poder de traer el alma de Shannon a través de esa brecha... Sin embargo, si fueses tú, que tienes unos fuertes sentimientos hacia Shannon, deberías ser capaz de cambiar esos sentimientos por magia, y traer su alma sin ningún error.""","""...ﻭﻟﻜﻦ ﺑﻘﻮﺗﻲ ﺍﻟﺤﺎﻟﻴﺔ ﻟﻦ ﺃﺳﺘﻄﻴﻊ ﺍﺧﺮﺍﺝ ﺭﻭﺡ ﺷﺎﻧﻮﻥ ﻋﺒﺮ ﺗﻠﻚ ﺍﻟﻔﺠﻮﺓ. .........ﻟﻜﻨﻚ، ﺑﻤﺎ ﺗﺤﻤﻞ ﻓﻲ ﻗﻠﺒﻚ ﻣﻦ ﻣﺸﺎﻋﺮ ﻗﻮﻳﺔ ﻧﺤﻮﻫﺎ، ﻳﻤﻜﻦ ﺃﻥ ﺗﺘﺤﻮّﻝ ﺇﻟﻰ ﺳﺤﺮٍ ﻳﻌﻴﺪُ ﺭﻭﺣﻬﺎ ﻣﻦ ﺃﻋﻤﺎﻕ ﺫﻟﻚ ﺍﻟﻌﺎﻟﻢ.""","""...But as I am now, I do not have the power to bring Shannon's soul up through that gap. .........However, if it were you, who has strong feelings for Shannon, you should be able to change those feelings into magic, and bring her soul out without fail.""","""...But as I am now, I do not have the power to bring Shannon's soul up through that gap. .........However, if it were you, who has strong feelings for Shannon, you should be able to change those feelings into magic, and bring her soul out without fail.""","""...But as I am now, I do not have the power to bring Shannon's soul up through that gap. .........However, if it were you, who has strong feelings for Shannon, you should be able to change those feelings into magic, and bring her soul out without fail."""
{f:5:Beatrice},"""......What do you say? Will you help me...?""","""...What do you say? Will you help me...?"" ","......What do you say? Will you help me...?""",……どうだ。妾を手伝うか…？」,「……どうだ。妾を手伝うか…？」,"""......Ну, что скажешь? Ты поможешь мне?..""","""......O que me diz? Vai me ajudar...?""",「……如何？帮不帮妾身…？」,「……如何？幫不幫妾身…？」,"... Cosa ne dici? Mi aiuterai...?""","""......What do you say? Will you help me...?""","""... ¿Qué dices? ¿Me ayudarás?...""","""......ﻣﺎ ﻗﻮﻟﻚ؟ ﻫﻞ ﺳﺘﺴﺎﻋﺪﻧﻲ...؟""","""......What do you say? Will you help me...?""","""......What do you say? Will you help me...?""","""......What do you say? Will you help me...?"""
Ushiromiya George,"""...Of course I will. .........If Shannon's life will be revived, ......I am not afraid to lose everything......!""","""...I will. ......If Shannon's life will be restored, ...there's nothing I'm afraid to lose...!"" ","""...I will help. .........If Shannon's life will be revived, ......I am not afraid to lose everything......!""",「…手伝うとも。………紗音の命が蘇るなら、……僕は何を失うことも恐れない……！」,「…手伝うとも。………紗音の命が蘇るなら、……僕は何を失うことも恐れない……！」,"""...Я помогу. .........Если душа Шаннон сможет возродиться, я не побоюсь потерять всё!..""","""...É claro que irei. .........Se a vida da Shannon será trazida de volta, ......não tenho medo de perder tudo......!""",「…当然帮。………只要能复苏纱音的生命，……我不怕失去任何东西……！」,「…當然幫。………只要能復甦紗音的生命，……我不怕失去任何東西……！」,"""... Ti aiuterò. ... Se la vita di Shannon verrà riguadagnata... non ho paura di perdere tutto ciò che ho...!""","""...Of course I will. .........If Shannon's life will be revived, ......I am not afraid to lose everything......!""","""... Te ayudaré... ¡Si la vida de Shannon será traída de vuelta, no tengo miedo de perder nada!""","""...ﺑﺎﻟﻄﺒﻊ ﺳﺄﺳﺎﻋﺪﻙ. .........ﺇﻥ ﻛﺎﻥ ﺑﻮﺳﻌﻲ ﺇﻋﺎﺩﺓ ﺷﺎﻧﻮﻥ ﺇﻟﻰ ﺍﻟﺤﻴﺎﺓ، ......ﻓﻠﻴﺲ ﻟﺪﻱ ﻣﺎ ﺃﺧﺴﺮﻩ......!""","""...Of course I will. .........If Shannon's life will be revived, ......I am not afraid to lose everything......!""","""...Of course I will. .........If Shannon's life will be revived, ......I am not afraid to lose everything......!""","""...Of course I will. .........If Shannon's life will be revived, ......I am not afraid to lose everything......!"""
,George's fists shook in silence.,George's fists shook in silence. ,"George's fists shook in silence.",譲治は静かに両の手を握り締め拳を振るわせた。,譲治は静かに両の手を握り締め拳を振るわせた。,Джордж встряхнул кулаками в тишине.,Os punhos de George tremeram em silêncio.,让治静静挥舞了一下，握紧的双拳。,讓治靜靜揮舞了一下，握緊的雙拳。,I pugni George tremavano nel silenzio.,George's fists shook in silence.,Los puños de George temblaron en silencio.,ﻛﺎﻧﺖ ﻗﺒﻀﺔ ﻳﺪﻩ ﺗﺮﺗﻌﺶ ﺑﺼﻤﺖ.,George's fists shook in silence.,George's fists shook in silence.,George's fists shook in silence.
,...Then he slowly regained consciousness.,"...Then, he slowly came to his senses. ","...Then he slowly regained consciousness.",…そして意識がゆっくりと覚醒する。,…そして意識がゆっくりと覚醒する。,...Затем медленно вернулся в сознание.,"...Então, ele lentamente recobrou a consciência.",…然后，意识慢慢地清醒了过来。,…然後，意識慢慢地清醒了過來。,... Poi tornò lentamente alla realtà.,...Then he slowly regained consciousness.,"... Luego, fue recobrando poco a poco la consciencia.",...ﻭﺗﺪﺭﻳﺠﻴًﺎ ﺑﺪﺃ ﻳﺴﺘﻌﻴﺪ ﻭﻋﻴﻪ.,...Then he slowly regained consciousness.,...Then he slowly regained consciousness.,...Then he slowly regained consciousness.
,"He had been absentmindedly standing near the window in the hall the whole time, his mug still in his hand...","He had been absent-mindedly standing near the window in the hall that whole time, his mug still in his hand... "," He had been absent-mindedly standing near the window in the hall the whole time, his mug still in his hand...",彼は廊下の窓辺でマグカップを持ったまま、ずっと放心していたのだ…。,彼は廊下の窓辺でマグカップを持ったまま、ずっと放心していたのだ…。,"Он рассеянно стоял возле окна в коридоре всё это время, сжимая кружку в руках...","Ele estava distraidamente parado de pé, próximo à janela no corredor o tempo todo, ainda com a caneca em sua mão...",原来，他是站在走廊窗边，拿着马克杯，发了好一会儿呆…。,原來，他是站在走廊窗邊，拿著馬克杯，發了好一會兒呆…。,"Era rimasto per tutto il tempo in piedi vicino ad una finestra del corridoio come intontito, aveva ancora la sua tazza in mano...","He had been absentmindedly standing near the window in the hall the whole time, his mug still in his hand...","Él había permanecido de pie distraído, junto a la ventana del pasillo todo el tiempo, con su taza en la mano...",ﻟﻘﺪ ﻛﺎﻥ ﻃﻮﺍﻝ ﺍﻟﻮﻗﺖ ﻳﻘﻒ ﺷﺎﺭﺩ ﺍﻟﺬﻫﻦ ﻓﻲ ﺍﻟﻤﻤﺮ ﺑﺎﻟﻘﺮﺏ ﻣﻦ ﺍﻟﻨﺎﻓﺬﺓ، ﻭﻣﺎ ﺯﺍﻝ ﻳﺤﻤﻞ ﺍﻟﻜﻮﺏ ﻓﻲ ﻳﺪﻩ...,"He had been absentmindedly standing near the window in the hall the whole time, his mug still in his hand...","He had been absentmindedly standing near the window in the hall the whole time, his mug still in his hand...","He had been absentmindedly standing near the window in the hall the whole time, his mug still in his hand..."
,And..................the witch from his dream......was still there.,And... ......the witch from his dream...was still there. ," And......, ............the witch from his dream, ......was still there.",すると……、…………その夢の中の魔女は、……まだ、そこにいた。,すると……、…………その夢の中の魔女は、……まだ、そこにいた。,Но при этом... Ведьма из его видения... Всё ещё была здесь.,E..................a bruxa do sonho dele......ainda estava ali.,而……，…………那位梦中的魔女，……依然，站在原地。,而……，…………那位夢中的魔女，……依然，站在原地。,E... la strega del suo sogno... era ancora lì.,And..................the witch from his dream......was still there.,Y... la bruja de su sueño... todavía estaba allí.,ﺃﻣّﺎ ﺍﻟﺴﺎﺣﺮﺓ..................ﺍﻟﺘﻲ ﻛﺎﻥ ﻳﺤﺴﺒﻬﺎ ﺣﻠﻤًﺎ، ﻛﺎﻧﺖ ﻻ ﺗﺰﺍﻝ ﻭﺍﻗﻔﺔ ﻫﻨﺎﻙ.,And..................the witch from his dream......was still there.,And..................the witch from his dream......was still there.,And..................the witch from his dream......was still there.
Ushiromiya George,"""Wh‐......what the... .........I‐it isn't......a dream.........""","""Wh...What the... ......I-It isn't...a dream......"" ","""Wh, ......what the, .........i, it isn't, ......a dream.........""",「そ、……そんな、………ゆ、夢じゃ、……ない………。」,「そ、……そんな、………ゆ、夢じゃ、……ない………」,"""Эт... это... н‐не было..... видением...""","""O‐......O quê...? .........I‐isso não é......um sonho.........""",「怎、……怎么会，………不、不是，……梦………」,「怎、……怎麼會，………不、不是，……夢………」,"""Ma... ma che... n-non era... un sogno...""","""Wh‐......what the... .........I‐it isn't......a dream.........""","""¿Q-Qué es lo que...? E-Esto no es... un sueño...""","""ﻣﺎ... ﻣﺎﺫﺍ... ﺃﻟﻢ ﻳﻜﻦ ﺫﻟﻚ ﺣﻠﻤًﺎ.........""","""Wh‐......what the... .........I‐it isn't......a dream.........""","""Wh‐......what the... .........I‐it isn't......a dream.........""","""Wh‐......what the... .........I‐it isn't......a dream........."""
{f:5:Beatrice},"""......Be quiet. I am very fragile now. If any more {y:0:Human}{n:0:human}s appear now, I will not be able to preserve this form. ...I shall grant your wish, so stay silent for now. ...Is that alright?""","""...Be quiet. I am very fragile now. If any more Humans appear, I will not be able to preserve this form. ...I shall grant your wish, so stay silent for now. ...Understand?"" ","""......Be quiet. I am very fragile now. If any more humans appear now, I will not be able to preserve this form. ...I shall grant your wish, so stay silent for now. ...Is that alright?""",「……静かにせよ。今の妾はとても脆い。この上、さらに他のニンゲンまで現れたら姿を保ち切れぬ。…そなたの願いは叶えるから、今は沈黙せよ。…良いか？」,「……静かにせよ。今の妾はとても脆い。この上、さらに他のニンゲンまで現れたら姿を保ち切れぬ。…そなたの願いは叶えるから、今は沈黙せよ。…良いか？」,"""......Помолчи. Я сейчас очень ослаблена. Приди сюда ещё {y:0:Люд}{n:0:люд}и, и я не смогу удержать эту форму. ...Я исполню твою просьбу, поэтому сейчас помолчи. ...Тебя это устраивает?""","""......Fique quieto. Estou muito frágil agora. Se mais {y:0:Humanos}{n:0:humanos} aparecerem agora, não serei capaz de preservar esta forma. ...Devo conceder seu desejo, então fique em silêncio por ora. ...Está bem assim?""",「……安静点。现在的妾身非常脆弱。若是再出现其他人类的话，就无法保住身形了。…妾身会实现汝的心愿，此刻先保持沉默。…好吗？」,「……安靜點。現在的妾身非常脆弱。若是再出現其他人類的話，就無法保住身形了。…妾身會實現汝的心願，此刻先保持沉默。…好嗎？」,"""... Fa' silenzio. Ora come ora sono molto fragile. Se dovessero comparire altri umani in questo istante, non sarò in grado di mantenere questo aspetto. ... Esaudirò il tuo desiderio, perciò resta in silenzio. ... D'accordo?""","""......Be quiet. I am very fragile now. If any more {y:0:Human}{n:0:human}s appear now, I will not be able to preserve this form. ...I shall grant your wish, so stay silent for now. ...Is that alright?""","""... Estate tranquilo. Estoy muy frágil ahora. Si cualquier otro humano apareciera, no podré mantener esta forma... Voy a concederte tu deseo, así que mantente callado por el momento, ¿de acuerdo?""","""......ﺍﺻﻤﺖ. ﻭﺟﻮﺩﻱ ﻫﺶٌّ ﺟﺪًﺍ ﺍﻵﻥ. ﻻ ﻳﻤﻜﻨﻨﻲ ﺍﻟﺤﻔﺎﻅ ﻋﻠﻰ ﻫﻴﺌﺘﻲ ﺇﺫﺍ ﻇﻬﺮ ﺑﺸﺮٌ ﺁﺧﺮﻭﻥ. ...ﺳﺄﺣﻘﻖ ﺃﻣﻨﻴﺘﻚ، ﻟﻜﻦ ﺍﻟﺰﻡ ﺍﻟﺼﻤﺖ ﺍﻵﻥ. ...ﻣﻔﻬﻮﻡ؟""","""......Be quiet. I am very fragile now. If any more {y:0:Human}{n:0:human}s appear now, I will not be able to preserve this form. ...I shall grant your wish, so stay silent for now. ...Is that alright?""","""......Be quiet. I am very fragile now. If any more {y:0:Human}{n:0:human}s appear now, I will not be able to preserve this form. ...I shall grant your wish, so stay silent for now. ...Is that alright?""","""......Be quiet. I am very fragile now. If any more {y:0:Human}{n:0:human}s appear now, I will not be able to preserve this form. ...I shall grant your wish, so stay silent for now. ...Is that alright?"""
,"George covered his mouth with both hands, forcefully nodding several times.","George covered his mouth with both hands, nodding enthusiastically several times. ","George covered his mouth with both hands, forcefully nodding several times.",譲治は自らの口を両手で押さえ、何度も力強く頷いた。,譲治は自らの口を両手で押さえ、何度も力強く頷いた。,"Джордж прикрыв рот обеими руками, энергично кивнул несколько раз.","George cobriu sua boca com ambas as mãos, assentindo com vigor diversas vezes.",让治用双手按住了自己的嘴巴，不停地重重点头。,讓治用雙手按住了自己的嘴巴，不停地重重點頭。,"George si coprì la bocca con ambo le mani, annuendo energeticamente diverse volte.","George covered his mouth with both hands, forcefully nodding several times.","George tapó su boca con ambas manos, asintiendo con fuerza varias veces.",ﻏﻄﻰ ﺟﻮﺭﺝ ﻓﻤّﻪ ﺑﻜﻠﺘﺎ ﻳﺪﻳﻪ، ﻭﺃﻭﻣﺄ ﺑﺮﺃﺳﻪ ﻣﻮﺍﻓﻘًﺎ ﻋﺪﺓ ﻣﺮﺍﺕ.,"George covered his mouth with both hands, forcefully nodding several times.","George covered his mouth with both hands, forcefully nodding several times.","George covered his mouth with both hands, forcefully nodding several times."
,"As he did, he almost dropped the mug he was holding.","In that instant, he almost dropped the mug he was holding. "," In that instant, it looked as though the mug he was holding was about to fall.",その拍子に、手に持っていたマグカップを落としそうになる。,その拍子に、手に持っていたマグカップを落としそうになる。,"В этот момент показалось, что он вот‐вот уронит державшую в руках кружку.","Enquanto ele o fazia, quase derrubou a caneca que estava segurando.",这动作差点使他脱手摔下手中的马克杯。,這動作差點使他脫手摔下手中的馬克杯。,"In quel frangente, parve che la tazza che aveva in mano stesse per cadere.","As he did, he almost dropped the mug he was holding.","Al hacerlo, casi se le cae la taza que llevaba en la mano.",ﻓﻲ ﺗﻠﻚ ﺍﻟﻠﺤﻈﺔ، ﻛﺎﺩ ﺃﻥ ﻳﺴﻘﻂ ﺍﻟﻜﻮﺏ ﺍﻟﺬﻱ ﻛﺎﻥ ﻳﺤﻤﻠﻪ.,"As he did, he almost dropped the mug he was holding.","As he did, he almost dropped the mug he was holding.","As he did, he almost dropped the mug he was holding."
,George frantically juggled it around and caught it.,George frantically juggled it around and caught it. ," George frantically juggled it around and caught it.",譲治は慌ててそれをお手玉しながらキャッチする。,譲治は慌ててそれをお手玉しながらキャッチする。,"Джордж отчаянно жонглируя ей, всё же смог её поймать.",...George manipulou‐a freneticamente e a capturou.,让治慌张地如耍杂技般抓住了杯子。,讓治慌張地如耍雜技般抓住了杯子。,"Freneticamente, George la passò da una mano all'altra e riuscì ad afferrarla.",George frantically juggled it around and caught it.,George hizo malabares frenéticamente para agarrarla.,ﻟﻜﻨّﻪ ﺍﺳﺘﻄﺎﻉ ﺍﻟﺘﻘﺎﻃﻪ ﻗﺒﻞ ﺃﻥ ﻳﺼﻞ ﺇﻟﻰ ﺍﻷﺭﺽ.,George frantically juggled it around and caught it.,George frantically juggled it around and caught it.,George frantically juggled it around and caught it.
,"...He was afraid that if it fell to the floor and made a loud sound, the witch's form might disappear like a bubble popping.","...He was afraid that if it fell to the floor and made a loud sound, the witch's form might disappear like a bubble popping. ","...He was afraid that if it fell to the floor and made a loud sound, the witch's form might disappear like a bubble popping.",…もし、それを床に落として大きな音を立てたなら、シャボン玉が弾けるように魔女の姿も消えてしまうかもしれないと恐れたのだ。,…もし、それを床に落として大きな音を立てたなら、シャボン玉が弾けるように魔女の姿も消えてしまうかもしれないと恐れたのだ。,"...Он боялся, что стоим ему уронить её на пол и поднять шум, форма ведьмы тут же исчезнет словно лопнувший мыльный пузырь.","...Ele estava com medo que se ela caísse no chão e fizesse um som alto, a forma da bruxa poderia desaparecer como uma bolha estourando.",…这是因为，他怕要是这杯子掉到地板上，发出很大声响的话，魔女就有可能会如爆裂的肥皂泡般消失无踪。,…這是因為，他怕要是這杯子掉到地板上，發出很大聲響的話，魔女就有可能會如爆裂的肥皂泡般消失無踪。,"... Aveva paura che se fosse caduta sul pavimento e avesse fatto rumore, la figura della strega si sarebbe potuta dileguare come una bolla che scoppia.","...He was afraid that if it fell to the floor and made a loud sound, the witch's form might disappear like a bubble popping.","... Tenía miedo de que si se le caía al suelo y hacía un ruido fuerte, la forma de la bruja podría desaparecer como una burbuja al estallar.",...ﻟﻘﺪ ﻛﺎﻥ ﺧﺎﺋﻔًﺎ ﻣﻦ ﺃﻥّ ﺻﻮﺗًﺎ ﻋﺎﻟﻴًﺎ ﻗﺪ ﻳﻨﺘﺞ ﻣﻦ ﺳﻘﻮﻃﻪ، ﺣﻴﻨﻬﺎ ﻗﺪ ﺗﺨﺘﻔﻲ ﺍﻟﺴﺎﺣﺮﺓ ﻣﺜﻞ ﻓﻘﺎﻋﺔ ﺻﺎﺑﻮﻥ.,"...He was afraid that if it fell to the floor and made a loud sound, the witch's form might disappear like a bubble popping.","...He was afraid that if it fell to the floor and made a loud sound, the witch's form might disappear like a bubble popping.","...He was afraid that if it fell to the floor and made a loud sound, the witch's form might disappear like a bubble popping."
,"He softly set the mug on the floor, ...and stared once again at the witch in front of him.",He softly set the mug on the floor...and stared at the witch in front of him again. ," He softly set the mug on the floor, ...and stared at the witch in front of him again.",床にそっとマグカップを置き、…正面の魔女をもう一度凝視する。,床にそっとマグカップを置き、…正面の魔女をもう一度凝視する。,"Он мягко поставил кружку на пол и снова направил взгляд на ведьму, стоявшую перед ним.","Ele colocou a caneca no piso suavemente, ...encarando mais uma vez a bruxa diante dele.",让治轻轻地将马克杯放到地板上，…再一次凝视起了面前的魔女。,讓治輕輕地將馬克杯放到地板上，…再一次凝視起了面前的魔女。,Appoggiò piano la tazza sul pavimento... e fissò di nuovo la strega davanti a lui.,"He softly set the mug on the floor, ...and stared once again at the witch in front of him.",Dejó cuidadosamente la taza sobre el suelo... y se quedó mirando a la bruja que permanecía frente a él.,ﻭﺑﻴﻨﻤﺎ ﻳُﺤﺪﻕ ﻓﻲ ﺍﻟﺴﺎﺣﺮﺓ ﺃﻣﺎﻣﻪ، ﻭﺿﻊ ﺍﻟﻜﻮﺏ ﺃﺭﺿًﺎ ﺑﻬﺪﻭﺀ.,"He softly set the mug on the floor, ...and stared once again at the witch in front of him.","He softly set the mug on the floor, ...and stared once again at the witch in front of him.","He softly set the mug on the floor, ...and stared once again at the witch in front of him."
,.........Her form didn't disappear. It wasn't a dream......,......Her form didn't disappear. It wasn't a dream... ,".........Her form didn't disappear. It wasn't a dream......",………姿は消えない。夢ではないのだ……。,………姿は消えない。夢ではないのだ……。,.........Её форма не исчезла. Это не было видением...,.........A forma dela não desapareceu. Isso não era um sonho......,………没有消失。不是梦……。,………沒有消失。不是夢……。,... La sua figura non svanì. Non era un sogno...,.........Her form didn't disappear. It wasn't a dream......,... Su forma no desapareció. No era un sueño...,.........ﻟﻢ ﺗﺨﺘﻔﻲ ﻫﻴﺌﺘﻬﺎ، ﺃﻱّ ﺃﻥّ ﻭﺟﻮﺩﻫﺎ ﻟﻢ ﻳﻜﻦ ﺣﻠﻤًﺎ......,.........Her form didn't disappear. It wasn't a dream......,.........Her form didn't disappear. It wasn't a dream......,.........Her form didn't disappear. It wasn't a dream......
{f:5:Beatrice},"""Come, let us go to the parlor where Shannon sleeps. With the power of your feelings, we will bring back her soul.""","""Come, let us go to the parlor where Shannon sleeps. With the power of your feelings, we will bring back her soul."" ","""Come, let us go to the parlor where Shannon sleeps. With the power of your feelings, we will bring back her soul.""",「さぁ、紗音が眠る客室へ行くぞ。そなたの想いの力にて、彼女の魂を連れ戻すのだ。」,「さぁ、紗音が眠る客室へ行くぞ。そなたの想いの力にて、彼女の魂を連れ戻すのだ」,"""Вперёд, мы должны отправиться в гостиную, где спит Шаннон. С силой твоих чувств мы вернём её душу.""","""Venha, vamos para a sala onde Shannon dorme. Com o poder de seus sentimentos, traremos de volta a alma dela.""",「来，动身去纱音沉眠着的客厅。以汝的思念之力，带回她的灵魂。」,「來，動身去紗音沉眠著的客廳。以汝的思念之力，帶回她的靈魂。」,"""Su, rechiamoci nel salotto dove riposa Shannon. Con la forza dei tuoi sentimenti, riporteremo indietro la sua anima.""","""Come, let us go to the parlor where Shannon sleeps. With the power of your feelings, we will bring back her soul.""","""Muy bien, vayamos a la sala donde duerme Shannon. Con el poder de tus sentimientos, vamos a traer de vuelta su alma.""","""ﻫﻴﺎ، ﻓﻠﻨﺬﻫﺐ ﺇﻟﻰ ﻏﺮﻓﺔ ﺍﻟﻤﻌﻴﺸﺔ ﺑﺎﻟﻘﺼﺮ ﺣﻴﺚ ﺗﺮﻗﺪ ﺷﺎﻧﻮﻥ. ﺑﻘﻮﺓ ﻣﺸﺎﻋﺮﻙ، ﺳﻨﻌﻴﺪُ ﺭﻭﺣﻬﺎ.""","""Come, let us go to the parlor where Shannon sleeps. With the power of your feelings, we will bring back her soul.""","""Come, let us go to the parlor where Shannon sleeps. With the power of your feelings, we will bring back her soul.""","""Come, let us go to the parlor where Shannon sleeps. With the power of your feelings, we will bring back her soul."""
Ushiromiya George,"""Y‐you say go, but...how...? My mother and the others are downstairs. There's no way they'd let me go outside. ......And, didn't you just say that you wouldn't be able to preserve your form if another {y:0:Human}{n:0:human} appeared?""","""Y-You say go, but how...? My mother and the rest are downstairs. There's no way they'd let us go outside. ...And...didn't you just say that you wouldn't be able to preserve your form if another Human appeared?"" ","""Y, you say go, but how...? My mother and the rest are downstairs. There's no way they'd let us go outside. ......And, didn't you just say that you wouldn't be able to preserve your form if another human appeared?""",「い、行くって、どうやって…。下には母さんたちがいる。表へ出るのを許してくれるわけがない。……それに、あなたはさっき、他のニンゲンが現れたら姿を保てないと言わなかったかい？」,「い、行くって、どうやって…。下には母さんたちがいる。表へ出るのを許してくれるわけがない。……それに、あなたはさっき、他のニンゲンが現れたら姿を保てないと言わなかったかい？」,"""Х‐хоть ты и говоришь пойти, но как?.. Моя мать и остальные внизу. Они ни под каким предлогом не выпустят меня наружу. ......И разве ты не говорила, что ты не сможешь удержать свою форму, если появится больше {y:0:Люд}{n:0:люд}ей?""","""V‐Você diz que vamos, mas...como...? Minha mãe e os outros estão lá embaixo. Não tem como eles me deixarem sair. ......E você não acabou de dizer que não seria capaz de preservar sua forma se outro {y:0:Humano}{n:0:humano} aparecesse?""",「动、动身，是要怎么去…？楼下有妈妈与长辈们。他们是不可能允许我到外面去的。……再者，你刚才不也说了，若是出现其他人类，就没法保住身形了吗？」,「動、動身，是要怎麼去…？樓下有媽媽與長輩們。他們是不可能允許我到外面去的。……再者，你剛才不也說了，若是出現其他人類，就沒法保住身形了嗎？」,"""D-Dici di andare, ma in che modo...? Mia Madre e gli altri sono giù. Non ci lascerebbero mai uscire. ... Inoltre, non hai appena detto che non saresti in grado di mantenere il tuo aspetto se apparisse un altro essere umano?""","""Y‐you say go, but...how...? My mother and the others are downstairs. There's no way they'd let me go outside. ......And, didn't you just say that you wouldn't be able to preserve your form if another {y:0:Human}{n:0:human} appeared?""","""Di-Dices que vayamos, pero ¿cómo?... Mi madre y el resto están abajo. No hay modo de que nos dejen salir... Y, ¿no acabas de decir que no podrás mantener tu forma si otro humano te ve?""","""ﺗـ-ﺗﻘﻮﻟﻴﻦ ﻓﻠﻨﺬﻫﺐ، ﻭﻟﻜﻦ ﻛﻴﻒ...؟ ﺃﻣﻲ ﻭﻣﻦ ﻣﻌﻬﺎ ﻣﻮﺟﻮﺩﻭﻥ ﺗﺤﺖ. ﻭﻻ ﻳﻤﻜﻦ ﺃﻥ ﻳﺴﻤﺤﻮﺍ ﻟﻨّﺎ ﺑﺎﻟﺬﻫﺎﺏ ﻟﻠﺨﺎﺭﺝ. ......ﺛﻢ ﺃﻟﻢ ﺗﻘﻮﻟﻲ ﻗﺒﻞ ﻗﻠﻴﻞ ﺃﻧﻚ ﻟﻦ ﺗﺴﺘﻄﻴﻌﻲ ﺍﻟﺤﻔﺎﻅ ﻋﻠﻰ ﻭﺟﻮﺩﻙ ﺇﻥ ﻇﻬﺮ ﺇﻧﺴﺎﻥ ﺁﺧﺮ؟""","""Y‐you say go, but...how...? My mother and the others are downstairs. There's no way they'd let me go outside. ......And, didn't you just say that you wouldn't be able to preserve your form if another {y:0:Human}{n:0:human} appeared?""","""Y‐you say go, but...how...? My mother and the others are downstairs. There's no way they'd let me go outside. ......And, didn't you just say that you wouldn't be able to preserve your form if another {y:0:Human}{n:0:human} appeared?""","""Y‐you say go, but...how...? My mother and the others are downstairs. There's no way they'd let me go outside. ......And, didn't you just say that you wouldn't be able to preserve your form if another {y:0:Human}{n:0:human} appeared?"""
{f:5:Beatrice},"""......Come to think of it, that is true. So, Krauss and the rest are downstairs. ...In that case, we definitely cannot go down. ......Well then, we just need to go to the mansion without going downstairs, right? It's simple.""","""...Come to think of it, that is true. So, Krauss and the rest are downstairs. ...In that case, we definitely cannot go down. ...Well then, we just need to go to the mansion without going down to the first floor, right? It's simple."" ","""......Come to think of it, that is true. So, Krauss and the rest are downstairs. ...In that case, we definitely cannot go down. ......Well then, we just need to go to the mansion without going down to the first floor, right? It's simple.""",「……そう言えばそうだったな。下には蔵臼たちがおったか。…それでは確かに下へ降りられぬな。……ならば、１階へ降りずに、屋敷へ行けばいいではないか。簡単な話よ。」,「……そう言えばそうだったな。下には蔵臼たちがおったか。…それでは確かに下へ降りられぬな。……ならば、１階へ降りずに、屋敷へ行けばいいではないか。簡単な話よ」,"""......А ведь и правда. Итак, Краусс и остальные находятся внизу. ...В таком случае мы определённо не можем спуститься вниз. ......Что ж, мы просто должны попасть в особняк, минуя первый этаж, верно? Это не проблема.""","""......Pensando bem, é verdade. Então, Krauss e os demais estão lá embaixo? ...Nesse caso, definitivamente não podemos descer. ......Bem, então só precisamos ir à mansão sem descer as escadas, certo? É simples.""",「……说来倒确实如此呢。楼下有着藏臼等人么。…这倒确实是不能下楼了呢。……那么，便不下一楼地前去大屋，不就行了？很简单的事嘛。」,「……說來倒確實如此呢。樓下有著藏臼等人麼。…這倒確實是不能下樓了呢。……那麼，便不下一樓地前去大屋，不就行了？很簡單的事嘛。」,"""... A pensarci, è vero. Dunque, Krauss e gli altri sono disotto. ... In tal caso, non possiamo proprio scendere. ... Bene allora, dobbiamo solo arrivare alla villa senza scendere al piano terra, giusto? È semplice.""","""......Come to think of it, that is true. So, Krauss and the rest are downstairs. ...In that case, we definitely cannot go down. ......Well then, we just need to go to the mansion without going downstairs, right? It's simple.""","""... Ahora que lo pienso, es cierto. Tanto Krauss como el resto están abajo... En ese caso, definitivamente no podemos bajar... Pues bien, solo necesitamos salir de la mansión sin bajar por la primera planta, ¿cierto? Es simple.""","""......ﺍﻵﻥ ﺑﻌﺪ ﺃﻥ ﺫﻛﺮﺗﻨﻲ، ﺻﺤﻴﺢ. ﻛﺮﻭﺍﺱ ﻭﺍﻟﺒﻘﻴﺔ ﻣﻮﺟﻮﺩﻭﻥ ﻫﻨﺎﻙ. ...ﻓﻔﻲ ﻫﺬﻩ ﺍﻟﺤﺎﻟﺔ ﻻ ﻳﺠﺐ ﺃﻥ ﻧﻨﺰﻝ ﻟﻸﺳﻔﻞ. ......ﺇﺫًﺍ، ﻟﻤﺎ ﻻ ﻧﺬﻫﺐ ﻣﺒﺎﺷﺮﺓ ﺇﻟﻰ ﺍﻟﻘﺼﺮ ﺩﻭﻥ ﺍﻟﻨﺰﻭﻝ ﺇﻟﻰ ﺍﻟﻄﺎﺑﻖ ﺍﻷﻭﻝ؟ ﺍﻷﻣﺮ ﺑﺴﻴﻂٌ ﻟﻠﻐﺎﻳﺔ.""","""......Come to think of it, that is true. So, Krauss and the rest are downstairs. ...In that case, we definitely cannot go down. ......Well then, we just need to go to the mansion without going downstairs, right? It's simple.""","""......Come to think of it, that is true. So, Krauss and the rest are downstairs. ...In that case, we definitely cannot go down. ......Well then, we just need to go to the mansion without going downstairs, right? It's simple.""","""......Come to think of it, that is true. So, Krauss and the rest are downstairs. ...In that case, we definitely cannot go down. ......Well then, we just need to go to the mansion without going downstairs, right? It's simple."""
,"Beato laughed, as though she had thought of a pleasant prank.","Beato laughed, as though she had thought of a pleasant prank. ","Beato laughed, as though she had thought of a pleasant prank.",まるで、愉快な悪戯でも思いついたかのようにベアトは笑う。,まるで、愉快な悪戯でも思いついたかのようにベアトは笑う。,"Беато рассмеялась, словно ей на ум пришла весёлая шалость.","Beato riu, como se tivesse pensado em uma brincadeira agradável.",简直就像是想到了一个好玩的恶作剧似的，贝阿朵笑了。,簡直就像是想到了一個好玩的惡作劇似的，貝阿朵笑了。,"Beato rise, come se avesse escogitato uno scherzo divertente.","Beato laughed, as though she had thought of a pleasant prank.","Beato rió, como si hubiera pensado en una agradable broma.",ﺿﺤﻜﺖ ﺑﻴـﺎﺗﻮ، ﻭﻛﺄﻥ ﺣﻴﻠﺔ ﺷﻴﻘﺔ ﺗُﻮﻣﺾ ﻓﻲ ﺫﻫﻨﻬﺎ.,"Beato laughed, as though she had thought of a pleasant prank.","Beato laughed, as though she had thought of a pleasant prank.","Beato laughed, as though she had thought of a pleasant prank."
,"......And with her golden pipe, she lightly tapped a window with its shutter closed.","...And with her golden pipe, she lightly tapped a window with its shutter closed. ","......And with her golden pipe, she lightly tapped a window with its shutter closed.",……そして黄金の煙管で、鎧戸が閉ざす窓を軽く叩いた。,……そして黄金の煙管で、鎧戸が閉ざす窓を軽く叩いた。,......И своей золотой трубкой она слегка постучала в окно с запертой ставней.,"......E com seu cachimbo dourado, ela bateu levemente em uma janela com sua veneziana fechada.",……然后，她用黄金烟管轻轻敲了敲以百叶窗封住的窗户。,……然後，她用黃金煙管輕輕敲了敲以百葉窗封住的窗戶。,"... E con la sua pipa dorata, colpì leggermente la finestra con le scuri chiuse.","......And with her golden pipe, she lightly tapped a window with its shutter closed.","... Y con su pipa de oro, ella golpeó ligeramente una ventana con las contraventanas cerradas.",......ﻭﺑﺎﺳﺘﺨﺪﺍﻡ ﻏﻠﻴﻮﻧﻬﺎ ﺍﻟﺬﻫﺒﻲ، ﻧﻘﺮﺕ ﺑﺮﻓﻖ ﻋﻠﻰ ﻧﺎﻓﺬﺓ ﻣﻐﻠﻘﺔ ﺑﻤﺼﺮﺍﻋﻬﺎ.,"......And with her golden pipe, she lightly tapped a window with its shutter closed.","......And with her golden pipe, she lightly tapped a window with its shutter closed.","......And with her golden pipe, she lightly tapped a window with its shutter closed."
,"When she did, three gold butterflies appeared from the pipe and opened the lock on the window as though melting it.","When she did, three gold butterflies appeared from the pipe and opened the lock on the window as though melting it. "," When she did, three gold butterflies appeared from the pipe and opened the lock on the window as though melting it.",すると、煙管から３匹の黄金の蝶が現れ、窓の鍵を、溶かすように開けてしまう。,すると、煙管から３匹の黄金の蝶が現れ、窓の鍵を、溶かすように開けてしまう。,"Стоило ей это сделать, и три золотых бабочки вылетели из трубки и раскрыли замок на окне, словно его оплавили.","Ao fazer isso, três borboletas douradas apareceram saindo do cachimbo e abriram a tranca na janela, como que derretendo‐a.",接着，从烟管中冒出了三只黄金蝶，如将之熔化般地，打开了窗户的锁。,接著，從煙管中冒出了三只黃金蝶，如將之熔化般地，打開了窗戶的鎖。,"Così facendo, tre farfalle dorate si materializzarono dalla pipa e aprirono la serratura sulla finestra come se la stessero sciogliendo.","When she did, three gold butterflies appeared from the pipe and opened the lock on the window as though melting it.","Cuando lo hizo, tres mariposas doradas emergieron desde la pipa y se introdujeron en la cerradura de la ventana como si se fusionaran con esta.",ﻋﻨﺪﻣﺎ ﻓﻌﻠﺖ ﺫﻟﻚ، ﻇﻬﺮﺕ ﺛﻼﺙ ﻓﺮﺍﺷﺎﺕ ﺫﻫﺒﻴﺔ ﻭﺃﺫﺍﺑﺖ ﺍﻟﻘﻔﻞ ﻋﻠﻰ ﺍﻟﻨﺎﻓﺬﺓ.,"When she did, three gold butterflies appeared from the pipe and opened the lock on the window as though melting it.","When she did, three gold butterflies appeared from the pipe and opened the lock on the window as though melting it.","When she did, three gold butterflies appeared from the pipe and opened the lock on the window as though melting it."
,Then the window opened without a sound.,"Then, the window opened without a sound. "," Then the window opened without a sound.",そして音もなく窓をすうっと開いた。,そして音もなく窓をすうっと開いた。,Затем окно беззвучно распахнулось.,Então a janela abriu sem fazer som algum.,然后，窗户无声地悄悄敞开。,然後，窗戶無聲地悄悄敞開。,Poi la finestra si aprì senza alcun rumore.,Then the window opened without a sound.,Entonces la ventana se abrió sin hacer ruido.,ﺣﻴﻨﻬﺎ، ﻓُﺘﺤﺖ ﺍﻟﻨﺎﻓﺬﺓ ﺩﻭﻥ ﺇﺻﺪﺍﺭ ﺃﻱّ ﺻﻮﺕ.,Then the window opened without a sound.,Then the window opened without a sound.,Then the window opened without a sound.
,"The shutter beyond it was exactly the same.{n}The clasp unset itself, also without making a sound, and it quietly opened.","The shutter beyond it was exactly the same. The clasp unset itself, also without making a sound, and it quietly opened. "," The shutter beyond it was exactly the same. The clasp unset itself, also without making a sound, and it quietly opened.",その向こうの鎧戸もまったく同じ。留め金が、同じく音もなく外れて、すぅっと静かに開いた。,その向こうの鎧戸もまったく同じ。{n}留め金が、同じく音もなく外れて、すぅっと静かに開いた。,Затвор на его наружной части был таким же.{n}Защёлка беззвучно открепилась и тихо открылась.,"Com a veneziana além dela foi exatamente igual.{n}O fecho se desfez, também sem fazer som, e ela abriu silenciosamente.",外面的百叶窗也完全一样。{n}同样无声地松开锁扣，静静开启。,外面的百葉窗也完全一樣。{n}同樣無聲地松開鎖扣，靜靜開啟。,"Lo stesso accadde con le imposte dietro i vetri. Il fermaglio si sganciò da solo, a sua volta senza far rumore, e si aprì in silenzio.","The shutter beyond it was exactly the same.{n}The clasp unset itself, also without making a sound, and it quietly opened.","Las contraventanas hicieron exactamente lo mismo al lado contrario.{n}El cierre se soltó solo, y se abrió silenciosamente.",ﻭﻛﺬﻟﻚ ﺍﻟﻤﺼﺮﺍﻉ ﺧﻠﻒ ﺍﻟﻨﺎﻓﺬﺓ.{n}ﺣﻴﺚ ﻓُﺘﺢ ﺍﻟﻘﻔﻞ ﺑﻬﺪﻭﺀ ﻣﻦ ﺗﻠﻘﺎﺀ ﻧﻔﺴﻪ، ﺑﺪﻭﻥ ﺇﺻﺪﺍﺭ ﺃﻱ ﺻﻮﺕٍ ﺃﻳﻀًﺎ.,"The shutter beyond it was exactly the same.{n}The clasp unset itself, also without making a sound, and it quietly opened.","The shutter beyond it was exactly the same.{n}The clasp unset itself, also without making a sound, and it quietly opened.","The shutter beyond it was exactly the same.{n}The clasp unset itself, also without making a sound, and it quietly opened."
,"The window opened, exposing the wind and rain outside the mansion. ...Perhaps because of the direction or something related to the construction of the building, the wind did not blow inside.","The window opened, exposing the wind and rain outside the mansion. ...Perhaps because of the direction or something related to the construction of the building, the wind did not blow inside. "," The window opened, exposing the wind and rain outside the mansion....Perhaps because of the direction or something related to the construction of the building, the wind did not blow inside.",窓が開き、風雨の屋外が晒される。…そこは向きや建物の構造上の関係なのか、風が吹き込まなかった。,窓が開き、風雨の屋外が晒される。…そこは向きや建物の構造上の関係なのか、風が吹き込まなかった。,"Окно растворилось, явив взору дождь и ветер снаружи особняка. ...Возможно, из‐за направления или самой конструкции здания, ветер не задувал внутрь.","A janela aberta expunha o vento e a chuva fora da mansão. ...Talvez por causa da direção ou algo relacionado à construção do prédio, o vento não soprava para dentro.",窗户打开后，显露出了风雨交加的屋外。…是出于朝向或建筑物构造上的原因吧，风吹不进此处。,窗戶打開後，顯露出了風雨交加的屋外。…是出於朝向或建築物構造上的原因吧，風吹不進此處。,"La finestra si aprì, rivelando il vento e la pioggia fuori alla villa. ... Forse a causa della sua direzione o per qualche caratteristica della costruzione dell'edificio, il vento non soffiò all'interno.","The window opened, exposing the wind and rain outside the mansion. ...Perhaps because of the direction or something related to the construction of the building, the wind did not blow inside.","La ventana se abrió, mostrando el viento y la lluvia fuera de la mansión... Tal vez por la dirección del viento o la orientación del edificio, el viento no se introdujo en su interior.",ﻋﻨﺪﺋﺬٍ، ﻓﺘﺤﺖ ﺍﻟﻨﺎﻓﺬﺓ ﻋﻠﻰ ﻣﺼﺮﺍﻋﻴﻬﺎ، ﻛﺎﺷﻔﺔً ﻋﻦ ﺍﻟﻌﺎﺻﻔﺔ ﺍﻟﺸﺪﻳﺪﺓ ﺧﺎﺭﺝ ﺍﻟﻘﺼﺮ. ...ﻟﻢ ﺗﻬﺐّ ﺍﻟﺮﻳﺎﺡ ﺇﻟﻰ ﺩﺍﺧﻞ ﺑﻴﺖ ﺍﻟﻀﻴﺎﻓﺔ، ﺭﺑﻤﺎ ﺑﺴﺒﺐ ﺍﻻﺗﺠﺎﻩ ﺃﻭ ﺷﻲﺀٍ ﻳﺘﻌﻠﻖ ﺑﻄﺮﻳﻘﺔ ﺗﺼﻤﻴﻢ ﺍﻟﻤﺒﻨﻰ.,"The window opened, exposing the wind and rain outside the mansion. ...Perhaps because of the direction or something related to the construction of the building, the wind did not blow inside.","The window opened, exposing the wind and rain outside the mansion. ...Perhaps because of the direction or something related to the construction of the building, the wind did not blow inside.","The window opened, exposing the wind and rain outside the mansion. ...Perhaps because of the direction or something related to the construction of the building, the wind did not blow inside."
,"Because of that, for a while, George felt as though this entrance opening to the outside was a dream or illusion, and he couldn't accept it as real.","Because of that, for a while, George felt as though this entrance that opened to the outside was a dream or an illusion, and he couldn't accept it as real. "," Because of that, for a while, George felt as though this entrance opening to the outside was a dream or illusion, and he couldn't accept it as real.",そのせいで譲治は、しばらくの間、外への入り口が開かれたことを夢か幻のように感じてしまい、実感することができなかった。,そのせいで譲治は、しばらくの間、外への入り口が開かれたことを夢か幻のように感じてしまい、実感することができなかった。,"Поэтому Джорджу на какое‐то время почудилось, будто этот выход наружу был лишь сном или иллюзией, и он не мог поверить в его реальность.","Por causa disso, por um momento, George sentiu como se esta entrada se abrindo para o exterior era um sonho ou ilusão, e não conseguiu aceitá‐la como real.",因此让治有好一会儿，都感觉打开通往外界的入口一事就像是一场梦，没有一丝真实感。,因此讓治有好一會兒，都感覺打開通往外界的入口一事就像是一場夢，沒有一絲真實感。,"Per questo motivo, per qualche istante, George si sentì come se questo portale verso l'esterno fosse un sogno o un'illusione, e non riusciva ad accettare che fosse reale.","Because of that, for a while, George felt as though this entrance opening to the outside was a dream or illusion, and he couldn't accept it as real.","Debido a eso, durante un tiempo, George sentía como si esta apertura hacia el exterior fuese un sueño o una ilusión, y no lo podía aceptar como real.", ﻭﺑﺴﺒﺐ ﺫﻟﻚ، ﺷﻌﺮ ﺟﻮﺭﺝ ﻟﺒﻌﺾ ﺍﻟﻮﻗﺖ ﻭﻛﺄﻥ ﻫﺬﺍ ﺍﻟﻤﺪﺧﻞ ﺍﻟﺬﻱ ﻳﺆﺩﻱ ﻟﻠﺨﺎﺭﺝ ﺃﺷﺒﻪ ﺑﺤﻠﻢٍ ﺃﻭ ﻭﻫﻢٍ، ﺇﺫ ﻟﻢ ﻳﺴﺘﻄﻊ ﺍﻟﺘﺼﺪﻳﻖ ﺑﺄﻧّﻪ ﺣﻘﻴﻘﻲ.,"Because of that, for a while, George felt as though this entrance opening to the outside was a dream or illusion, and he couldn't accept it as real.","Because of that, for a while, George felt as though this entrance opening to the outside was a dream or illusion, and he couldn't accept it as real.","Because of that, for a while, George felt as though this entrance opening to the outside was a dream or illusion, and he couldn't accept it as real."
{f:5:Beatrice},"""Come, let us go. Come with me.""","""Come, let us go. Come with me."" ","""Come, let us go. Come with me.""",「さぁ、行くぞ。ついてまいれ。」,「さぁ、行くぞ。ついてまいれ」,"""Давай же, идём. Следуй за мной.""","""Venha, vamos. Venha comigo.""",「来，走喽。跟着妾身。」,「來，走嘍。跟著妾身。」,"""Su, andiamo. Vieni con me.""","""Come, let us go. Come with me.""","""Vamos, salgamos. Ven conmigo.""","""ﺳﻮﻑ ﻧﺬﻫﺐ ﺍﻵﻥ. ﺍﺗﺒﻌﻨﻲ.""","""Come, let us go. Come with me.""","""Come, let us go. Come with me.""","""Come, let us go. Come with me."""
,"Beato gently floated upwards. It was a natural action, like that of a diver enjoying an underwater stroll.","Beato gently floated upwards. It was a natural action, like that of a diver enjoying an underwater stroll. ","Beato gently floated upwards. It was a natural action, like that of a diver enjoying an underwater stroll.",ベアトはふわりと浮き上がる。それはまるで、ダイバーが水中散歩を楽しむような自然な仕草。,ベアトはふわりと浮き上がる。それはまるで、ダイバーが水中散歩を楽しむような自然な仕草。,"Беато мягко взмыла вверх. Это было естественное действие, словно его совершал водолаз, наслаждающийся водной прогулкой.","Beato gentilmente flutuou para cima. Era uma ação natural, como aquela de um mergulhador aproveitando um passeio debaixo d'água.",贝阿朵轻飘飘地浮在了空中。这是就像潜水员在享受着水中漫步般的，自然的动作。,貝阿朵輕飄飄地浮在了空中。這是就像潛水員在享受著水中漫步般的，自然的動作。,"Beato si sollevò con eleganza dal pavimento. Era un'azione naturale, come quella di un subacqueo che si gode una passeggiata sott'acqua.","Beato gently floated upwards. It was a natural action, like that of a diver enjoying an underwater stroll.","Beato comenzó a flotar suavemente. Fue una acción natural, como la de un buzo disfrutando de un paseo submarino.",ﻭﺑﺮﻗﺔٍ، ﺣﻠّﻖ ﺟﺴﺪ ﺑﻴـﺎﺗﻮ ﻷﻋﻠﻰ. ﻛﺄﻧﻬﺎ ﻏﻮﺍﺹ ﻳﺴﺘﻤﺘﻊ ﺑﺠﻮﻟﺔ ﺗﺤﺖ ﺍﻟﻤﺎﺀ، ﺑﺤﺮﻛﺎﺕ ﻃﺒﻴﻌﻴﺔ ﺳﻠﺴﺔ.,"Beato gently floated upwards. It was a natural action, like that of a diver enjoying an underwater stroll.","Beato gently floated upwards. It was a natural action, like that of a diver enjoying an underwater stroll.","Beato gently floated upwards. It was a natural action, like that of a diver enjoying an underwater stroll."
,"......It made it easy to believe that if you acted like she did, you too might be able to float in the sky just as though you were swimming in the water.","...It made it easy to believe that if you acted like she did, you too might be able to float in the sky just as though you were swimming through the water. ","......It made it easy to believe that if you acted like she did, you too might be able to float in the sky just as though you were swimming in the water.",……彼女のように振舞ったなら、空中を、まるで水中のように泳ぎ、浮かぶことができるのではないかと信じてしまいそうだった。,……彼女のように振舞ったなら、空中を、まるで水中のように泳ぎ、浮かぶことができるのではないかと信じてしまいそうだった。,"......Это запросто пробуждало веру, что поступи ты как она, и можно будет плыть по небу, словно плывя в воде.","......Isso tornava fácil acreditar que, se você agisse como ela, também poderia ser capaz de flutuar no céu, como se estivesse nadando na água.",……看到她的这般举动，就会不由自主地相信，人或许能如在水中飘浮一般地，畅游于空中吧。,……看到她的這般舉動，就會不由自主地相信，人或許能如在水中飄浮一般地，暢游於空中吧。,"... A guardarla era facile credere che se avessi imitato i suoi gesti, anche tu avresti potuto fluttuare nel cielo proprio come se stessi nuotando nell'acqua.","......It made it easy to believe that if you acted like she did, you too might be able to float in the sky just as though you were swimming in the water.","... Era fácil creer que si actuabas como ella lo hizo, también podrías ser capaz de flotar en el cielo como si estuvieras nadando en el agua.",...... ﺣﺘﻰ ﺃﻥ ﺟﻮﺭﺝ ﺷﻌﺮ ﻟﻠﺤﻈﺔ، ﺃﻥ ﻣﻦ ﻳﺘﺼﺮﻑ ﻣﺜﻠﻬﺎ ﻳﺴﺘﻄﻴﻊ ﺍﻟﺴﺒﺎﺣﺔ ﻓﻲ ﺍﻟﻬﻮﺍﺀ ﻛﻤﺎ ﻓﻲ ﺍﻟﻤﺎﺀ.,"......It made it easy to believe that if you acted like she did, you too might be able to float in the sky just as though you were swimming in the water.","......It made it easy to believe that if you acted like she did, you too might be able to float in the sky just as though you were swimming in the water.","......It made it easy to believe that if you acted like she did, you too might be able to float in the sky just as though you were swimming in the water."
,"...No, George did believe that.","...No, George did believe that. ","...No, George did believe that.",…いや、譲治は信じた。,…いや、譲治は信じた。,"...Нет, Джордж был убеждён в этом.","...Não, George acreditou nisso.",…不，让治相信了。,…不，讓治相信了。,"... No, George ci credeva.","...No, George did believe that.","... No, George creía eso.",...ﺑﻞ... ﺁﻣﻦ ﺑﺬﻟﻚ ﺗﻤﺎﻣﺎً.,"...No, George did believe that.","...No, George did believe that.","...No, George did believe that."
,"......So without thinking, just as she had done, he also......gently......as though swimming in the water...he moved his feet......","...So without thinking, just as she had done, he also... ...gently, ...as though swimming in the water, lifted his feet... ","......So without thinking, just as she had done, he also..., ...gently, ......as though swimming in the water, his feet......",……だから思わず、彼女がそうしたように、自分も…、…ふわりと、……水の中を泳ぐように、足を……。,……だから思わず、彼女がそうしたように、自分も…、…ふわりと、……水の中を泳ぐように、足を……。,"......Поэтому без раздумий, так же как и она, мягко, словно плавая в воде, ногами...","......Então sem pensar, assim como ela tinha feito, ele também......gentilmente......como se nadando na água...ele moveu seus pés......",……所以想都没想地，学着她的样子，自己也…，…如同进入水中游泳般，……伸出了脚……。,……所以想都沒想地，學著她的樣子，自己也…，…如同進入水中游泳般，……伸出了腳……。,"... Perciò senza rifletterci, proprio come aveva fatto lei, anche lui... elegantemente... come se se stesse nuotando, i suoi piedi...","......So without thinking, just as she had done, he also......gently......as though swimming in the water...he moved his feet......","... Por lo que, sin pensarlo, en cuanto ella lo hizo, él también... movió sus pies... suavemente... como si nadara en el agua...",... ﻟﺬﻟﻚ، ﺣﺬﺍ ﺣﺬﻭﻫﺎ ﺩﻭﻥ ﺗﻔﻜﻴﺮ، ﻭ......ﺑﺨﻔﺔ......ﺭﻓﻊ ﻗﺪﻣﻴﻪ ﺑﺮﻓﻖ، ﻭﻃﻔﻰ ﻓﻲ ﺍﻟﺠﻮ ﻛﻤّﻦ ﻳﺴﺒﺢ ﻓﻲ ﺍﻟﻤﺎﺀ......,"......So without thinking, just as she had done, he also......gently......as though swimming in the water...he moved his feet......","......So without thinking, just as she had done, he also......gently......as though swimming in the water...he moved his feet......","......So without thinking, just as she had done, he also......gently......as though swimming in the water...he moved his feet......"
Ushiromiya George,"""......ah, ............aaaaaaahh.........""","""...Ah, ......aaaaaaahh......"" ","""......ah, ............aaaaaaahh.........""",「……ぁ、…………ああぁ………っ。」,「……ぁ、…………ああぁ………っ」,"""......ах... а‐а‐а‐а‐а‐а‐ахх...""","""......Ah, ............aaaaaaahh.........""",「……啊、…………啊啊啊………」,「……啊、…………啊啊啊………」,"""... Ah... aaaaaaahh...""","""......ah, ............aaaaaaahh.........""","""... Ah... aaaaaaahh...""","""......ﺁﻩ، .......ﺁﺁﺁﺁﺁﺁﺁﺁﻩ.....""","""......ah, ............aaaaaaahh.........""","""......ah, ............aaaaaaahh.........""","""......ah, ............aaaaaaahh........."""
{f:5:Beatrice},"""Hoh. ...Not bad. So you learned how to dance through the sky faster than I could explain it.""","""Hoh. ...Not bad. So, you learned how to dance in the sky faster than I could explain it."" ","""Hoh. ...Not bad. So you learned how to dance in the sky faster than I could explain it.""",「ほお。…やるではないか。妾が説明するよりも早く、空を舞うことを覚えたか。」,「ほお。…やるではないか。妾が説明するよりも早く、空を舞うことを覚えたか」,"""Хо. ...Неплохо. Ну вот, ты научился танцевать в небе быстрее, чем я могла бы тебе это объяснить.""","""Hoh. ...Nada mal. Então você aprendeu como dançar pelo céu mais rápido do que eu conseguiria explicar?""",「呵。…挺厉害嘛。在妾身说明之前，就学会了舞空之术么？」,「呵。…挺厲害嘛。在妾身說明之前，就學會了舞空之術麼？」,"""Hoh. ... Non male. E così hai appreso come si danza nel cielo prima che potessi spiegarlo.""","""Hoh. ...Not bad. So you learned how to dance through the sky faster than I could explain it.""","""Jo... Nada mal. Aprenderás a danzar en el cielo antes de que pueda explicarte cómo hacerlo.""","""ﺃﻭﻭﻩ. ...ﻟﺴﺖ ﺳﻴﺌًﺎ. ﻟﻘﺪ ﺗﻌﻠّﻤﺖ ﺍﻟﻄﻴﺮﺍﻥ ﻓﻲ ﺍﻟﺴﻤﺎﺀ ﻗﺒﻞ ﺃﻥ ﺃﺷﺮﺡ ﻟﻚ.""","""Hoh. ...Not bad. So you learned how to dance through the sky faster than I could explain it.""","""Hoh. ...Not bad. So you learned how to dance through the sky faster than I could explain it.""","""Hoh. ...Not bad. So you learned how to dance through the sky faster than I could explain it."""
,George was shocked to find himself floating in midair like he was swimming.,George was shocked to find himself floating in midair like he was swimming. ,"George was shocked to find himself floating in midair like he was swimming.",譲治は自らが宙を、泳ぐように浮かべることに驚愕する。,譲治は自らが宙を、泳ぐように浮かべることに驚愕する。,"Джордж был потрясён, когда обнаружил себя парящим в воздухе, словно бы он плыл.",George ficou chocado ao encontrar‐se flutuando no ar como se estivesse nadando.,让治为自己能如游泳般浮在空中深感惊讶。,讓治為自己能如游泳般浮在空中深感驚訝。,George si sorprese ritrovandosi a fluttuare a mezz'aria come se stesse nuotando.,George was shocked to find himself floating in midair like he was swimming.,George estaba impresionado por encontrarse flotando en el aire como si estuviese nadando.,ﺷﻌﺮ ﺟﻮﺭﺝ ﺑﺎﻟﺪﻫﺸﺔ ﻋﻨﺪﻣﺎ ﻭﺟﺪ ﻧﻔﺴﻪ ﻳﻄﻔﻮ ﻓﻲ ﺍﻟﻬﻮﺍﺀ ﻭﻛﺄﻧﻪ ﻳﺴﺒﺢ ﻓﻲ ﺍﻟﻤﺎﺀ.,George was shocked to find himself floating in midair like he was swimming.,George was shocked to find himself floating in midair like he was swimming.,George was shocked to find himself floating in midair like he was swimming.
,"...Of course, Beato was also shocked that George, who should have been unacquainted with magic, had learned how to do that just by instinct.","...Of course, Beato was also shocked that George, who shouldn't have been able to use magic, had figured out how to do that just by instinct. ","...Of course, Beato was also shocked that George, who shouldn't have been able to use magic, had learned how to do that just by instinct.",…もちろんベアトも、魔法に通じぬはずの譲治が、直感だけでそれを身につけたことに驚いていた。,…もちろんベアトも、魔法に通じぬはずの譲治が、直感だけでそれを身につけたことに驚いていた。,"...Разумеется, Беато тоже была поражена тем, что Джордж, который совершенно не разбирался в магии, понял, как это делать, следуя одному лишь инстинкту.","...É claro, Beato também ficou chocada com o fato de George, que devia desconhecer magia, ter aprendido a fazer isso só por instinto.",…当然，贝阿朵也为理应不通魔法的让治，能光靠直觉就掌握此术感到惊讶。,…當然，貝阿朵也為理應不通魔法的讓治，能光靠直覺就掌握此術感到驚訝。,"... Naturalmente, anche Beato era scioccata dal fatto che George, che non sarebbe dovuto essere in grado di usare la magia, avesse imparato semplicemente seguendo l'istinto.","...Of course, Beato was also shocked that George, who should have been unacquainted with magic, had learned how to do that just by instinct.","... Por supuesto, Beato también estaba sorprendida por George, quien no debería haber sabido cómo usar la magia, y había aprendido cómo hacerlo solo por instinto.",...ﻭﺑﺎﻟﻄﺒﻊ، ﺷﻌﺮﺕ ﺑﻴـﺎﺗﻮ ﺑﺎﻟﺼﺪﻣﺔ ﺍﻳﻀًﺎ، ﻷﻥ ﺟﻮﺭﺝ، ﺍﻟﺬﻱ ﻻ ﻳﻔﺘﺮﺽ ﺑﻪ ﺍﺳﺘﺨﺪﺍﻡ ﺍﻟﺴﺤﺮ، ﺍﻛﺘﺸﻒ ﻛﻴﻒ ﻳﻔﻌﻞ ﺫﻟﻚ ﻣﻦ ﺧﻼﻝ ﻏﺮﻳﺰﺗﻪ ﻓﺤﺴﺐ.,"...Of course, Beato was also shocked that George, who should have been unacquainted with magic, had learned how to do that just by instinct.","...Of course, Beato was also shocked that George, who should have been unacquainted with magic, had learned how to do that just by instinct.","...Of course, Beato was also shocked that George, who should have been unacquainted with magic, had learned how to do that just by instinct."
Ushiromiya George,""".........To be able to......fly in the air, ......swim in the air......""","""......To be able to... ...fly in the air, ...to swim in the air..."" ",""".........To be able to, ......fly in the air, ......swim in the air......""",「………空が、……飛べるなんて、……泳げるなんて……。」,「………空が、……飛べるなんて、……泳げるなんて……」,""".........Быть способным... летать в воздухе... плавать в воздухе...""",""".........Ser capaz de......voar pelo céu, ......nadar pelo céu......""",「………竟能，……在空中飞，……在空中游……」,「………竟能，……在空中飛，……在空中游……」,"""... Essere in grado di... volare nell'aria... nuotare nell'aria...""",""".........To be able to......fly in the air, ......swim in the air......""","""... Para poder... volar por el aire... nadar por el aire...""",""".........ﻫﻞ ﺃﻧﺎ ﺣﻘًﺎ......ﺃﻃﻴﺮ، ......ﻓﻲ ﺍﻟﺴﻤﺎﺀ......""",""".........To be able to......fly in the air, ......swim in the air......""",""".........To be able to......fly in the air, ......swim in the air......""",""".........To be able to......fly in the air, ......swim in the air......"""
{f:5:Beatrice},"""...You must not think of the logic. Accept it as a natural thing. ......You must not think back upon the {y:0:Human}{n:0:human} doctrines, such as those from Newton and Einstein.""","""...You mustn't be bound by reason. Accept it as a natural thing. ...You mustn't fall back to your Human doctrines, such as those of Newton and Einstein."" ","""...You must not think of the reason. Accept it as a natural thing. ......You must not think back upon the human doctrines, such as those from Newton and Einstein.",「…理屈を考えてはならぬ。それが自然なことであると受け入れよ。……ニュートンとかアインシュタインとか、ニンゲンたちの教義を思い出してはならぬぞ。,「…理屈を考えてはならぬ。それが自然なことであると受け入れよ。……ニュートンとかアインシュタインとか、ニンゲンたちの教義を思い出してはならぬぞ」,"""...Тебе не нужно думать о причине. Прими это как естественное явление. ......Тебе не нужно задумываться над {y:0:Люд}{n:0:люд}скими научными теориями, тех же самых Ньютона и Эйнштейна.""","""...Você não deve pensar na lógica. Aceite isso como uma coisa natural.{n}......Não pense nas doutrinas {y:0:Humanas}{n:0:humanas}, tais como aquelas de Newton e Einstein.""",「…不可去想理由。将此当成理所当然之事接受。……不可想起，牛顿、爱因斯坦等人类的教义。」,「…不可去想理由。將此當成理所當然之事接受。……不可想起，牛頓、愛因斯坦等人類的教義。」,"""... Non devi pensare alla ragione. Accettala come una cosa naturale. ... Non devi riportarti alla mente le dottrine umane, come quelle di Newton ed Einstein.","""...You must not think of the logic. Accept it as a natural thing. ......You must not think back upon the {y:0:Human}{n:0:human} doctrines, such as those from Newton and Einstein.""","""... No debes pensar en la lógica. Aceptalo como algo natural... No deberías pensar basándote en las leyes humanas, como las de Newton y Einstein.""","""...ﻟﻴﺲ ﻋﻠﻴﻚ ﺃﻥ ﺗﺠﺪ ﺳﺒﺒًﺎ ﻟﺬﻟﻚ. ﻋﻠﻴﻚ ﺗﻘﺒﻠﻪ ﻛﺸﻲﺀٍ ﻃﺒﻴﻌﻲ. ......ﻳﺠﺐ ﺃﻻ ﺗﺴﺘﻨﺪ ﻋﻠﻰ ﻗﻮﺍﻧﻴﻦ ﺍﻟﺒﺸﺮ، ﻣﺜﻞ ﺗﻠﻚ ﺍﻟﺨﺎﺻﺔ ﺑﻨﻴﻮﺗﻦ ﻭ ﺁﻳﻨﺸﺘﺎﻳﻦ.""","""...You must not think of the logic. Accept it as a natural thing. ......You must not think back upon the {y:0:Human}{n:0:human} doctrines, such as those from Newton and Einstein.""","""...You must not think of the logic. Accept it as a natural thing. ......You must not think back upon the {y:0:Human}{n:0:human} doctrines, such as those from Newton and Einstein.""","""...You must not think of the logic. Accept it as a natural thing. ......You must not think back upon the {y:0:Human}{n:0:human} doctrines, such as those from Newton and Einstein."""
{f:5:Beatrice},"""Especially when flying high in the sky. ...Inexperienced witches sometimes fall.""","""Especially when flying high in the sky. ...Inexperienced witches sometimes plummet to the earth."" "," Especially when flying high in the sky. ...Inexperienced witches sometimes fall.""",特に、高き空を飛んでいる時はな。…墜落する未熟な魔女も時におる。」,「特に、高き空を飛んでいる時はな。…墜落する未熟な魔女も時におる」,"""Особенно когда летишь так высоко в небе. ...Из‐за этого некоторые неопытные ведьмы даже падали.""","""Especialmente quando está voando alto no céu. ...Bruxas inexperientes caem às vezes.""",「在飞于高空中时，要特别注意。…时而也是有不慎坠落的半桶水的魔女的。」,「在飛於高空中時，要特別注意。…時而也是有不慎墜落的半桶水的魔女的。」,"Soprattutto mentre si vola alto nel cielo. ... A volte le streghe più immature cadono.""","""Especially when flying high in the sky. ...Inexperienced witches sometimes fall.""","""Especialmente cuando vuelas alto por el cielo... Las brujas inexpertas suelen caer algunas veces.""","""ﺧﺎﺻﺔً ﻋﻨﺪﻣﺎ ﺗُﺤﻠﻖ ﻋﺎﻟﻴًﺎ ﻓﻲ ﺍﻟﺴﻤﺎﺀ. ...ﺣﺘﻰ ﺑﻌﺾ ﺍﻟﺴﺎﺣﺮﺍﺕ ﻗﻠﻴﻼﺕ ﺍﻟﺨﺒﺮﺓ ﻳﺴﻘﻄﻦ ﺃﺣﻴﺎﻧﺎً ﺑﺴﺒﺐ ﺍﻟﺸﻚ ﻭﺍﻟﺨﻮﻑ.""","""Especially when flying high in the sky. ...Inexperienced witches sometimes fall.""","""Especially when flying high in the sky. ...Inexperienced witches sometimes fall.""","""Especially when flying high in the sky. ...Inexperienced witches sometimes fall."""
Ushiromiya George,"""...I, ...I accept it as true... I accept it as true......""","""...I-I accept things for what they appear to be... I-I accept things for what they appear to be..."" ","""...I, I accept it as true... I accept it as true......""",「…あ、…あるがままを、受け入れる…。あるがままを、受け入れる……。」,「…あ、…あるがままを、受け入れる…。あるがままを、受け入れる……」,"""...Я... я верю в это... Я верю в это......""","""...Eu, ...eu aceito isto como verdade... Eu aceito isto como verdade......""",「…自、…自然接受，发生的一切…。自然接受，发生的一切……」,「…自、…自然接受，發生的一切…。自然接受，發生的一切……」,"""... I-Io accetto che tutto questo è reale... accetto che è reale...""","""...I, ...I accept it as true... I accept it as true......""","""... Y-Yo... lo acepto como realidad... Acepto esto como verdad...""","""...ﺃ-ﺃﻧﺎ ﺃﻭﻣﻦ ﺑﺎﻷﺷﻴﺎﺀ ﻛﻤّﺎ ﺗﻈﻬﺮ ﻋﻠﻴﻪ... ﺃ-ﺃﻧﺎ ﺃﻭﻣﻦ ﺑﺎﻷﺷﻴﺎﺀ ﻛﻤّﺎ ﺗﻈﻬﺮ ﻋﻠﻴﻪ......""","""...I, ...I accept it as true... I accept it as true......""","""...I, ...I accept it as true... I accept it as true......""","""...I, ...I accept it as true... I accept it as true......"""
,"George repeated those words over and over.{n}......He must not deny magic, no matter what.","George repeated those words over and over. ...He must not deny magic, no matter what. ","George repeated those words over and over.......He must not deny magic, no matter what.",譲治はその言葉を何度か繰り返した。……魔法を断じて否定してはならないのだ。,譲治はその言葉を何度か繰り返した。{n}……魔法を断じて否定してはならないのだ。,"Джордж продолжал раз за разом повторять эти слова.{n}......Он не должен отрицать магию, ни в коем случае.","George repetiu essas palavras de novo e de novo.{n}......Ele não deveria negar a magia, não importando o motivo.",让治一遍又一遍地反复说着这句话。{n}……断然不可否定魔法。,讓治一遍又一遍地反覆說著這句話。{n}……斷然不可否定魔法。,"George ripeté queste parole ancora e ancora. ... Qualsiasi cosa fosse successa, non doveva rinnegare la magia.","George repeated those words over and over.{n}......He must not deny magic, no matter what.","George repitió esas palabras una y otra vez.{n}... Mientras no negase la magia, no habría de qué preocuparse.",ﻛﺮّﺭ ﺟﻮﺭﺝ ﺗﻠﻚ ﺍﻟﻜﻠﻤﺎﺕ ﻣﺮﺍﺭًﺍ ﻭﺗﻜﺮﺍﺭًﺍ.{n}......ﻻ ﻳﺠﺐ ﻋﻠﻴﻪ ﺇﻧﻜﺎﺭُ ﺍﻟﺴﺤﺮ ﻣﻬﻤﺎ ﺣﺪﺙ.,"George repeated those words over and over.{n}......He must not deny magic, no matter what.","George repeated those words over and over.{n}......He must not deny magic, no matter what.","George repeated those words over and over.{n}......He must not deny magic, no matter what."
,To deny that would be the same as to throw away what might be...his first and last chance to revive Shannon.,Denying that would be like throwing away what might be his first and last chance to revive Shannon. ," Denying that would be like throwing away what might be his first and last chance to revive Shannon.",それを否定することは、紗音を蘇らせる最初で最後かもしれないこのチャンスを、自ら捨てることと同じなのだから。,それを否定することは、紗音を蘇らせる最初で最後かもしれないこのチャンスを、自ら捨てることと同じなのだから。,"Отрицать это — всё равно что лишить себя того, что может быть его первым и последним шансом воскресить Шаннон.",Negar aquilo seria o mesmo que jogar fora o que poderia ser...sua primeira e última chance de reviver Shannon.,因为，否定这个，就等同于是自行舍弃，这很可能是第一次，也是最后一次的，复活纱音的机会。,因為，否定這個，就等同於是自行捨棄，這很可能是第一次，也是最後一次的，復活紗音的機會。,Rinnegarla avrebbe significato gettare al vento... quella che sarebbe potuta essere la sua prima e ultima possibilità di riportare in vita Shannon.,To deny that would be the same as to throw away what might be...his first and last chance to revive Shannon.,Negarla sería como desperdiciar lo que podría ser... su primera y última oportunidad para revivir a Shannon.,ﺇﻧﻜﺎﺭ ﺫﻟﻚ ﺳﻴﻜﻮﻥ ﺑﻤﺜﺎﺑﺔ ﺗﻀﻴﻴﻊ ﻓﺮﺻﺘﻪ ﺍﻷﻭﻟﻰ ﻭﺍﻷﺧﻴﺮﺓ...ﻹﺣﻴﺎﺀ ﺷﺎﻧﻮﻥ.,To deny that would be the same as to throw away what might be...his first and last chance to revive Shannon.,To deny that would be the same as to throw away what might be...his first and last chance to revive Shannon.,To deny that would be the same as to throw away what might be...his first and last chance to revive Shannon.
,"However, compared to Beato, who was elegantly drifting like smoke, George's movements were clearly similar to someone underwater.","However, compared to Beato, who was elegantly drifting like smoke, George's movements clearly resembled someone underwater. "," However, compared to Beato, who was elegantly drifting like smoke, George's movements were clearly similar to someone underwater.",しかし、煙のように優雅に漂うベアトのそれに比べると、譲治のそれは明らかに水中での動きに似ていた。,しかし、煙のように優雅に漂うベアトのそれに比べると、譲治のそれは明らかに水中での動きに似ていた。,"Однако по сравнению с Беато, парившей элегантно, словно дым, движения Джорджа больше напоминали плаванье под водой.","Porém, comparado a Beato, que estava flutuando elegantemente como fumaça, os movimentos de George claramente eram similares a alguém debaixo d'água.",不过，与有如一缕清烟般优雅飘逸的贝阿朵一比，让治的动作明显类似于在水中游泳。,不過，與有如一縷清煙般優雅飄逸的貝阿朵一比，讓治的動作明顯類似於在水中游泳。,"Tuttavia, a confronto con Beato, che fluttuava elegantemente come fumo, i movimenti di George erano palesemente simili a quelli di qualcuno che si trova sott'acqua.","However, compared to Beato, who was elegantly drifting like smoke, George's movements were clearly similar to someone underwater.","Sin embargo, en comparación con Beato, que iba elegantemente a la deriva, como el humo, los movimientos de George eran similares a los de una persona bajo el agua.",ﻟﻜﻦ، ﻣﻘﺎﺭﻧﺔ ﺑﺮﺷﺎﻗﺔ ﺑﻴـﺎﺗﻮ ﺍﻟﺘﻲ ﻛﺎﻧﺖ ﺗﻨﺴﺎﺏ ﻓﻲ ﺍﻟﻬﻮﺍﺀ ﻛﺎﻟﺪﺧﺎﻥ، ﻛﺎﻥ ﻃﻴﺮﺍﻥ ﺟﻮﺭﺝ ﻻ ﻳﺰﺍﻝ ﺃﻗﺮﺏ ﻟﺤﺮﻛﺎﺕ ﺍﻟﺴﺒﺎﺣﺔ ﺗﺤﺖ ﺍﻟﻤﺎﺀ.,"However, compared to Beato, who was elegantly drifting like smoke, George's movements were clearly similar to someone underwater.","However, compared to Beato, who was elegantly drifting like smoke, George's movements were clearly similar to someone underwater.","However, compared to Beato, who was elegantly drifting like smoke, George's movements were clearly similar to someone underwater."
,"...Therefore, if he didn't make a movement like kicking his feet in water every once in a while, he would be slowly dragged down by the force of gravity.","...Therefore, if he didn't act like he was kicking his feet in water every once in a while, he'd be caught by the force of gravity bit by bit. ","...Therefore, if he didn't act like he was kicking his feet in water every once in a while, he would be caught by the force of gravity bit by bit.",…だから、足で水を蹴るような仕草を時折しないと、少しずつ重力に引かれてしまう。,…だから、足で水を蹴るような仕草を時折しないと、少しずつ重力に引かれてしまう。,"...Поскольку не делай он подобных движений, время от времени не загребая воздух своими ногами, словно в воде, сила тяжести постепенно опустила бы его вниз.","...Logo, se ele não fizesse um movimento como se chutasse seus pés na água de vez em quando, ele lentamente seria arrastado para baixo pela força da gravidade.",…所以，他不时而做出用脚踹水般的动作的话，就会一点点地被重力拉回地面。,…所以，他不時而做出用腳踹水般的動作的話，就會一點點地被重力拉回地面。,"... Perciò, se di tanto in tanto non si fosse mosso come a battere le gambe in acqua, la forza di gravità l'avrebbe gradualmente riacciuffato.","...Therefore, if he didn't make a movement like kicking his feet in water every once in a while, he would be slowly dragged down by the force of gravity.","... Por lo tanto, si no pataleara de vez en cuando como si estuviera bajo el agua, se vería arrastrado lentamente hacia abajo por la fuerza de la gravedad.",... ﻟﺬﺍ ﻛﺎﻥ ﺑﻴﻦ ﺍﻟﺤﻴﻦ ﻭﺍﻵﺧﺮ ﻳﻀﻄﺮ ﻟﺘﺤﺮﻳﻚ ﻗﺪﻣﻴﻪ ﻛﻤﺎ ﻟﻮ ﻳﺮﻛﻞ ﺍﻟﻤﺎﺀ ﻟﻜﻲ ﻻ ﻳﻨﺨﻔﺾ ﻗﻠﻴﻼً ﺗﺤﺖ ﺗﺄﺛﻴﺮ ﺍﻟﺠﺎﺫﺑﻴﺔ.,"...Therefore, if he didn't make a movement like kicking his feet in water every once in a while, he would be slowly dragged down by the force of gravity.","...Therefore, if he didn't make a movement like kicking his feet in water every once in a while, he would be slowly dragged down by the force of gravity.","...Therefore, if he didn't make a movement like kicking his feet in water every once in a while, he would be slowly dragged down by the force of gravity."
{f:5:Beatrice},"""I shall praise this as being a better performance than the first time I danced in the sky. ......Here we go. Come with me.""","""I must say you're doing better than when I first danced through the sky. ...Here we go. Come with me."" ","""I shall praise this as being a better performance than the first time I danced in the sky. ......Here we go. Come with me.""",「妾が初めて空を舞った時よりは、上出来であると褒めておこう。……行くぞ。ついてまいれ。」,「妾が初めて空を舞った時よりは、上出来であると褒めておこう。……行くぞ。ついてまいれ」,"""Я оцениваю это как более выдающийся результат, чем тот, когда я впервые танцевала в небе. ......Мы отправляемся. Следуй за мной.""","""Devo elogiar isto como sendo uma performance melhor que a primeira vez que dancei no céu. ......Aqui vamos nós. Venha comigo.""",「妾身赞颂汝，比妾身初次飞上天空时，要表现得更出色哦。……走了。跟妾身来。」,「妾身讚頌汝，比妾身初次飛上天空時，要表現得更出色哦。……走了。跟妾身來。」,"""I miei complimenti, questa tua performance è migliore della prima volta che ho danzato nel cielo. ... Eccoci qui. Vieni con me.""","""I shall praise this as being a better performance than the first time I danced in the sky. ......Here we go. Come with me.""","""Elogiaré esto como un mejor logro comparado con la primera vez que dancé en el cielo. Aquí vamos, sígueme.""","""ﻋﻠﻲّ ﺍﻻﻋﺘﺮﺍﻑ ﺑﺄﻧّﻚ ﺃﻓﻀﻞ ﻣﻨّﻲ ﺣﻴﻦ ﺭﻗﺼﺖ ﻓﻲ ﺍﻟﺴﻤﺎﺀ ﻷﻭﻝ ﻣﺮﺓ. ......ﻫﻴﺎ ﺑﻨﺎ. ﺍﺗﺒﻌﻨﻲ.""","""I shall praise this as being a better performance than the first time I danced in the sky. ......Here we go. Come with me.""","""I shall praise this as being a better performance than the first time I danced in the sky. ......Here we go. Come with me.""","""I shall praise this as being a better performance than the first time I danced in the sky. ......Here we go. Come with me."""
,"Beato beckoned to George, and gently flew into the stormy sky.","When Beato beckoned to George, she gently flew into the stormy sky. ","When Beato beckoned to George, she gently flew into the stormy sky.",ベアトは譲治を誘うと、ふわりと風雨の空へ飛び立つ。,ベアトは譲治を誘うと、ふわりと風雨の空へ飛び立つ。,Беато поманила Джорджа и затем мягко взмыла в грозовое небо.,"Beato acenou para George, e lentamente voou para o céu tempestuoso.",贝阿朵引导着让治，轻飘飘地飞向了风雨交加的天空。,貝阿朵引導著讓治，輕飄飄地飛向了風雨交加的天空。,"Invitando George a seguirla con un cenno, Beato volò con grazia su nel cielo in tempesta.","Beato beckoned to George, and gently flew into the stormy sky.","Cuando Beato le hizo una seña a George, ella voló suavemente hacia el cielo tormentoso.",ﻋﻨﺪﻣﺎ ﺃﺷﺎﺭﺕ ﺑﻴـﺎﺗﻮ ﺇﻟﻰ ﺟﻮﺭﺝ ﺑﺄﻥّ ﻳﺘﺒﻌﻬﺎ، ﺣﻠﻘﺖ ﺑﺮﺷﺎﻗﺔ ﺩﺍﺧﻞ ﺍﻟﺴﻤﺎﺀ ﺍﻟﻌﺎﺻﻔﺔ.,"Beato beckoned to George, and gently flew into the stormy sky.","Beato beckoned to George, and gently flew into the stormy sky.","Beato beckoned to George, and gently flew into the stormy sky."
,......It was just like a scene from a fairy tale.,...It was just like a scene from a fairy tale. ,"......It was just like a scene from a fairy tale.",……それはまるで、おとぎ話の一幕のよう。,……それはまるで、おとぎ話の一幕のよう。,......Это походило на сцену из сказки.,......Era como uma cena de um conto de fadas.,……这简直就像是童话中的一幕。,……這簡直就像是童話中的一幕。,... Era come una scena uscita da una fiaba.,......It was just like a scene from a fairy tale.,... Era como una escena sacada de un cuento de hadas.,......ﻟﻘﺪ ﻛﺎﻥ ﻣﺜﻞ ﻣﺸﻬﺪ ﻣﻦ ﻗﺼﺔ ﺧﻴﺎﻟﻴﺔ.,......It was just like a scene from a fairy tale.,......It was just like a scene from a fairy tale.,......It was just like a scene from a fairy tale.
,The scene unfolding before George's eyes felt entirely like an extension of his dream.,The scene unfolding before George's eyes felt entirely like an extension of his dream. ," The scene unfolding before George's eyes felt entirely like an extension of his dream.",その光景に、譲治は目の前の光景は全て夢の延長のように感じられた。,その光景に、譲治は目の前の光景は全て夢の延長のように感じられた。,"Сцена, открывшаяся взгляду Джорджа, ощущалась как продолжение его снов.",A cena se desenrolando diante dos olhos de George parecia inteiramente como uma extensão do sonho dele.,面对此情此景，让治感觉眼前的一切就犹如梦的延续。,面對此情此景，讓治感覺眼前的一切就猶如夢的延續。,La scena che si dipanava davanti agli occhi di George sembrava in tutto e per tutto una continuazione del suo sogno.,The scene unfolding before George's eyes felt entirely like an extension of his dream.,La escena se desarrollaba ante los ojos de George como si fuese parte de un sueño.,ﺇﺫ ﺑﺪﺍ ﺍﻟﻤﺸﻬﺪ ﻓﻲ ﻋﻴﻨﻲ ﺟﻮﺭﺝ ﻭﻛﺄﻧّﻪ ﺍﻣﺘﺪﺍﺩٌ ﻟﺤﻠﻤﻪ.,The scene unfolding before George's eyes felt entirely like an extension of his dream.,The scene unfolding before George's eyes felt entirely like an extension of his dream.,The scene unfolding before George's eyes felt entirely like an extension of his dream.
Ushiromiya George,"""......Being able to fly is......incredible, ......but so is the wind and the rain...""","""...Being able to fly is...incredible, ...but so is the wind and the rain..."" ","""......Being able to fly is, ......incredible, ......but so is the wind and the rain...""",「……空を飛べるのは、……すごいけど、……すごい風と雨だ…。」,「……空を飛べるのは、……すごいけど、……すごい風と雨だ…」,"""......Способность летать..... невероятна... Но эти ветер и дождь настолько...""","""......Ser capaz de voar é......incrível, ......mas o vento e a chuva estão muito fortes...""",「……能在空中飞，……是很厉害，……但好大的风雨啊…」,「……能在空中飛，……是很厲害，……但好大的風雨啊…」,"""... Poter volare è... incredibile... ma anche il vento e la pioggia lo sono...""","""......Being able to fly is......incredible, ......but so is the wind and the rain...""","""... Ser capaz de volar es... increíble... pero también lo es el viento y la lluvia...""",""".... ﺍﻟﻘﺪﺭﺓ ﻋﻠﻰ ﺍﻟﻄﻴﺮﺍﻥ... ﻻ ﺗﺼﺪﻕ........ ﻭﻟﻜﻦ ﺍﻟﺮﻳﺎﺡ ﻭﺍﻟﻤﻄﺮ ﺷﺪﻳﺪﺍﻥ...""","""......Being able to fly is......incredible, ......but so is the wind and the rain...""","""......Being able to fly is......incredible, ......but so is the wind and the rain...""","""......Being able to fly is......incredible, ......but so is the wind and the rain..."""
{f:5:Beatrice},"""What's this? Are the wind and rain tormenting you...? ......I could teach you magic to block against that, but it may be too early for you, and it may be a misuse of time right now.""","""What's this? Are the wind and rain tormenting you...? ...I could teach you magic to block against that, but it may be too early for you, and it may be a misuse of time right now."" ","""What's this? Are the wind and rain tormenting you...? ......I could teach you magic to block against that, but it may be too early for you, and it may be a misuse of time right now.""",「何だ、雨と風に苛まれるのか…？　……それを防ぐ魔法を教えても良いが、今のそなたには早いし、今はそれを習う時間を割くのも惜しかろう。」,「何だ、雨と風に苛まれるのか…？　……それを防ぐ魔法を教えても良いが、今のそなたには早いし、今はそれを習う時間を割くのも惜しかろう」,"""В чём дело? Ветер и дождь тебя истязают?.. ......Я могла бы научить тебя магии, чтобы защититься от них, но для тебя это пока может оказаться преждевременным, а также лишь неоправданной тратой времени.""","""O que foi? O vento e chuva estão atormentando você...? ......Eu poderia lhe ensinar magia para bloquear isso, mas pode ser cedo demais para você, e pode ser um uso errado do tempo agora mesmo.""",「怎么，受风雨所困吗…？……虽然可以教汝抵御此的魔法，但这对现在的汝来说，既有点太早了，也不值得在此刻划出学习的时间吧。」,「怎麼，受風雨所困嗎…？……雖然可以教汝抵御此的魔法，但這對現在的汝來說，既有點太早了，也不值得在此刻劃出學習的時間吧。」,"""Cosa c'è? Il vento e la pioggia ti tormentano...? Potrei insegnarti una magia per bloccarli, ma forse è troppo presto per te, e in questo momento potrebbe rivelarsi uno spreco di tempo.""","""What's this? Are the wind and rain tormenting you...? ......I could teach you magic to block against that, but it may be too early for you, and it may be a misuse of time right now.""","""¿Qué pasa? ¿Te esta molestando el viento y la lluvia?... Puedo enseñarte magia para bloquearlos, pero quizás sea demasiado precipitado para ti, y podría ser una pérdida de tiempo en este momento.""","""ﻣﺎﺫﺍ ﺑﻚَ؟ ﻫﻞ ﺍﻟﺮﻳﺎﺡ ﻭﺍﻟﻤﻄﺮ ﻳُﻌﺬﺑﺎﻧﻚَ...؟ ......ﻳﻤﻜﻨﻨﻲ ﺃﻥ ﺃﻋﻠّﻤﻚ ﺳﺤﺮﺍً ﻟﺼﺪّﻫﻤﺎ، ﻭﻟﻜﻦ ﻗﺪ ﻳﻜﻮﻥ ﻫﺬﺍ ﻣﺒﻜﺮًﺍ ﺟﺪًﺍ ﻟﻚ، ﻛﻤّﺎ ﺃﻥ ﺍﻟﻮﻗﺖ ﻻ ﻳﺴﻌﻔﻨﺎ.""","""What's this? Are the wind and rain tormenting you...? ......I could teach you magic to block against that, but it may be too early for you, and it may be a misuse of time right now.""","""What's this? Are the wind and rain tormenting you...? ......I could teach you magic to block against that, but it may be too early for you, and it may be a misuse of time right now.""","""What's this? Are the wind and rain tormenting you...? ......I could teach you magic to block against that, but it may be too early for you, and it may be a misuse of time right now."""
Ushiromiya George,"""........................Yes. ...The magic I need...isn't that.""",""".........Yes. ...The magic I need...isn't that."" ","""..................Yes. ...The magic I need...isn't that.""",「……………………えぇ。…僕が必要としている魔法は、それじゃない。」,「……………………えぇ。…僕が必要としている魔法は、それじゃない」,"""..................Да. ...Нужная мне магия... не эта.""","""........................Sim. ...A magia que preciso...não é essa.""",「……………………嗯。…我所需的魔法，不是这个。」,「……………………嗯。…我所需的魔法，不是這個。」,"""... Infatti. ... La magia di cui ho bisogno... non è quella.""","""........................Yes. ...The magic I need...isn't that.""","""... Sí... La magia que necesito... no es esa.""","""........................ﻧﻌﻢ. ...ﻻ ﻭﻗﺖ ﻟﺘﻌﻠﻢ ﻫﺬﺍ ﺍﻟﺴﺤﺮ ﺍﻵﻥ.""","""........................Yes. ...The magic I need...isn't that.""","""........................Yes. ...The magic I need...isn't that.""","""........................Yes. ...The magic I need...isn't that."""
,"Without losing to the wind and rain, George wore a strong‐willed gaze.","George wore a strong-willed gaze, refusing to let the wind and rain get to him. ","Without losing to the wind and rain, George wore a strong-willed gaze.",譲治は風雨に負けず、強い意志を持った眼差しを見せた。,譲治は風雨に負けず、強い意志を持った眼差しを見せた。,"Не сдаваясь перед дождём и ветром, Джордж смотрел твёрдым взглядом.","Sem perder para o vento e a chuva, George tinha um olhar obstinado.",让治显露出了，不会输给风雨的、带有强烈意志的眼神。,讓治顯露出了，不會輸給風雨的、帶有強烈意志的眼神。,"Senza lasciarsi abbattere dal vento e dalla pioggia, George portava in volto uno sguardo carico di forza di volontà.","Without losing to the wind and rain, George wore a strong‐willed gaze.","Sin rendirse ante el viento y la lluvia, George lucía una mirada llena de fuerza de voluntad.",ﺃﺑﺪﻯ ﺟﻮﺭﺝ ﻧﻈﺮﺓ ﺣﺎﺩﺓ، ﺭﺍﻓﻀًﺎ ﺍﻟﺴﻤﺎﺡ ﻟﻠﺮﻳﺎﺡ ﻭﺍﻟﻤﻄﺮ ﺑﺈﻋﺎﻗﺘﻪ ﻋﻦ ﺑﻠﻮﻍ ﻫﺪﻓﻪ.,"Without losing to the wind and rain, George wore a strong‐willed gaze.","Without losing to the wind and rain, George wore a strong‐willed gaze.","Without losing to the wind and rain, George wore a strong‐willed gaze."
{f:5:Beatrice},"""The mansion is coming into sight. ...Hold out just a little longer. If you fall now, you'll hit the bushes in the rose garden.""","""The mansion is coming into sight. ...Hold out just a little longer. If you fall now, you'll hit the bushes in the rose garden."" ","""The mansion is coming into sight. ...Hold out just a little longer. If you fall now, you'll hit the bushes in the rose garden.""",「見えてきたぞ、屋敷だ。…もう少し頑張れよ。今、落ちれば薔薇の茂みだぞ。」,「見えてきたぞ、屋敷だ。…もう少し頑張れよ。今、落ちれば薔薇の茂みだぞ」,"""Особняк уже на виду. ...Потерпи ещё немного. Если ты сейчас упадёшь, то угодишь прямо в кусты роз в розарии.""","""Já é possível avistar a mansão. ...Aguente só mais um pouco. Se você cair agora, atingirá os arbustos no jardim de rosas.""",「能看到大屋了哦。…再稍微加把油。此刻掉下去，就会摔进玫瑰丛哦。」,「能看到大屋了哦。…再稍微加把油。此刻掉下去，就會摔進玫瑰叢哦。」,"""Si inizia a vedere la villa. ... Resisti un altro po'. Se cadi adesso, finirai sui cespugli del roseto.""","""The mansion is coming into sight. ...Hold out just a little longer. If you fall now, you'll hit the bushes in the rose garden.""","""La mansión ya está a la vista... Aguanta solo un poco más. Si caes ahora, caerás sobre el jardín de rosas.""","""ﻟﻘﺪ ﺍﻗﺘﺮﺑﻨﺎ ﻣﻦ ﺍﻟﻘﺼﺮ. ...ﺗﺤﻤّﻞ ﻗﻠﻴﻼً. ﻓﻠﻮ ﺗﻜﺎﺳﻠﺖ ﺍﻵﻥ، ﻓﺴﺘﺴﻘﻂ ﻋﻠﻰ ﺍﻟﺸﺠﻴﺮﺍﺕ ﻓﻲ ﺣﺪﻳﻘﺔ ﺍﻟﻮﺭﻭﺩ.""","""The mansion is coming into sight. ...Hold out just a little longer. If you fall now, you'll hit the bushes in the rose garden.""","""The mansion is coming into sight. ...Hold out just a little longer. If you fall now, you'll hit the bushes in the rose garden.""","""The mansion is coming into sight. ...Hold out just a little longer. If you fall now, you'll hit the bushes in the rose garden."""
,The undulating rose garden was spread beneath the witch and George's gazes.,The undulating rose garden was spread beneath the witch and George's gazes. ,"The undulating rose garden was spread beneath the witch and George's gazes.",魔女と譲治の眼下には、風雨に波打つ薔薇庭園が広がっている。,魔女と譲治の眼下には、風雨に波打つ薔薇庭園が広がっている。,Исходящий волнами от ветра розарий раскинулся под взорами ведьмы и Джорджа.,O jardim de rosas ondulante estava estendido debaixo dos olhares da bruxa e de George.,魔女与让治的身下，是在风雨中起伏的玫瑰庭园。,魔女與讓治的身下，是在風雨中起伏的玫瑰庭園。,Il roseto in balia del vento si estendeva sotto lo sguardo della strega e di George.,The undulating rose garden was spread beneath the witch and George's gazes.,El ondulado jardín de rosas se extendía bajo la mirada de la Bruja y George.,ﻛﺎﻧﺖ ﺣﺪﻳﻘﺔ ﺍﻟﻮﺭﻭﺩ ﺗﻤﺘﺪُّ ﺗﺤﺖ ﺃﻧﻈﺎﺭ ﺍﻟﺴﺎﺣﺮﺓ ﻭﺟﻮﺭﺝ.,The undulating rose garden was spread beneath the witch and George's gazes.,The undulating rose garden was spread beneath the witch and George's gazes.,The undulating rose garden was spread beneath the witch and George's gazes.
,This fantasy‐like scene no longer surprised George.,This illusion-like scene no longer surprised George. ," This illusion-like scene no longer surprised George.",その幻想のような光景に、もはや譲治は驚かない。,その幻想のような光景に、もはや譲治は驚かない。,Эта фантастическая сцена уже не могла удивить Джорджа.,Aquela cena fantasiosa não surpreendia mais George.,对于这幻想世界般的景色，让治已然不会感到惊奇。,對於這幻想世界般的景色，讓治已然不會感到驚奇。,Questa scena simile ad un'illusione non sorprendeva più George.,This fantasy‐like scene no longer surprised George.,Esta escena de fantasía ya no sorprendía a George.,ﻟﻢ ﻳﻌﺪ ﻫﺬﺍ ﺍﻟﻤﺸﻬﺪ ﺍﻟﺨﻴﺎﻟﻲ ﻳُﺪﻫﺶ ﺟﻮﺭﺝ ﺑﻌﺪ ﺍﻵﻥ.,This fantasy‐like scene no longer surprised George.,This fantasy‐like scene no longer surprised George.,This fantasy‐like scene no longer surprised George.
,Only the gradually approaching mansion was reflected in his eyes.,Only the gradually approaching mansion was reflected in his eyes. ," Only the gradually approaching mansion was reflected in his eyes.",その目には、次第に近付きつつある屋敷だけが映っている。,その目には、次第に近付きつつある屋敷だけが映っている。,Его глаза теперь отражали лишь постепенно приближающийся особняк.,Apenas a mansão aproximando‐se gradualmente era refletida nos olhos dele.,在他的眼中，只映着逐渐接近的大屋。,在他的眼中，只映著逐漸接近的大屋。,Solo la villa che si faceva sempre più vicina era riflessa nei suoi occhi.,Only the gradually approaching mansion was reflected in his eyes.,Solo la mansión acercándose poco a poco se reflejaba en sus ojos.,ﻓﻘﺪ ﻛﺎﻥ ﺍﻟﻘﺼﺮ ﺍﻟﺬﻱ ﻳﻘﺘﺮﺏ ﺗﺪﺭﻳﺠﻴﺎً ﻳﻨﻌﻜﺲ ﻓﻲ ﻋﻴﻨﻴﻪ.,Only the gradually approaching mansion was reflected in his eyes.,Only the gradually approaching mansion was reflected in his eyes.,Only the gradually approaching mansion was reflected in his eyes.
Ushiromiya George,"""Shannon, .........wait for me... ......I will definitely...revive you......!""","""Shannon, ......wait for me... ...I will definitely...revive you...!"" ","""Shannon, .........wait for me.........I will definitely...revive you......!""",「紗音、………待ってて…。……必ず君を、蘇らせて見せる……！」,「紗音、………待ってて…。……必ず君を、蘇らせて見せる……！」,"""Шаннон... жди меня..... Я обязательно... воскрешу тебя!..""","""Shannon, .........espere por mim... ......Definitivamente...reviverei você......!""",「纱音，………等着…。……我一定会令你复生的……！」,「紗音，………等著…。……我一定會令你復生的……！」,"""Shannon... aspettami... senza alcun dubbio io... ti riporterò indietro...!""","""Shannon, .........wait for me... ......I will definitely...revive you......!""","""Shannon... espérame... ¡definitivamente... te devolveré a la vida!...","""ﺷﺎﻧﻮﻥ... ﺍﻧﺘﻈﺮﻳﻨﻲ... ...ﺳﺄﻋﻴﺪﻙ ﺇﻟﻰ ﺍﻟﺤﻴﺎﺓ، ﻣﻬﻤﺎ ﻛﻠﻔﻨﻲ ﺍﻷﻣﺮ......!""","""Shannon, .........wait for me... ......I will definitely...revive you......!""","""Shannon, .........wait for me... ......I will definitely...revive you......!""","""Shannon, .........wait for me... ......I will definitely...revive you......!"""
,Meanwhile.........the cruel new witch could be seen staring at the guesthouse from a different location.,"At that time, ...the cruel new witch could be seen staring at the guesthouse from a different location. ","At that time. ......The cruel new witch could be seen staring at the guesthouse from a different location.",その頃。……新しき残酷な魔女の姿は、それとは別の場所にあり、ゲストハウスを凝視していた。,その頃。……新しき残酷な魔女の姿は、それとは別の場所にあり、ゲストハウスを凝視していた。,В это время. ......Жестокая новая ведьма наблюдала за домиком для гостей из другого места.,Enquanto isso.........a nova e cruel bruxa podia ser vista encarando a casa de hóspedes de uma localização diferente.,此时。……残酷的新魔女，正在别处凝视着宾馆。,此時。……殘酷的新魔女，正在別處凝視著賓館。,In quello stesso momento. ... Si poteva scorgere la crudele nuova strega osservare la casa degli ospiti da una posizione differente.,Meanwhile.........the cruel new witch could be seen staring at the guesthouse from a different location.,Mientras tanto... la cruel nueva bruja se encontraba mirando a la casa de huéspedes desde una ubicación distinta.,ﻓﻲ ﺗﻠﻚ ﺍﻷﺛﻨﺎﺀ.........ﻛﺎﻧﺖ ﺍﻟﺴﺎﺣﺮﺓ ﺍﻟﻤﺘﻮﺣﺸﺔ ﺍﻟﺠﺪﻳﺪﺓ ﺗُﺤﺪﻕ ﻓﻲ ﺑﻴﺖ ﺍﻟﻀﻴﺎﻓﺔ ﻣﻦ ﻣﻜﺎﻥٍ ﻣﺨﺘﻠﻒ.,Meanwhile.........the cruel new witch could be seen staring at the guesthouse from a different location.,Meanwhile.........the cruel new witch could be seen staring at the guesthouse from a different location.,Meanwhile.........the cruel new witch could be seen staring at the guesthouse from a different location.
{f:5:Eva Beatrice},"""...............Now, all that's left is the seventh and eighth twilights. Just two more, and my obligation to that predecessor hag is finished. .........I'll kill Krauss and Natsuhi. Together like a happy couple.""","""......Now, all that's left is the seventh and eighth twilights. Just two more, and my obligation to that old hag Predecessor is finished. ......I'll kill Krauss and Natsuhi. Let them die together like the good couple they are."" ","""............Now, all that's left is the seventh and eighth twilights. Just two more, and my obligation to that predecessor granny is finished. .........I'll kill Krauss and Natsuhi. A close couple.""",「……………後、残すは第七、第八の晩だけね。あと２人で、先代のババアの義理はおしまいだわ。………蔵臼と夏妃を殺す。夫婦仲良くね。」,「……………後、残すは第七、第八の晩だけね。あと２人で、先代のババアの義理はおしまいだわ。………蔵臼と夏妃を殺す。夫婦仲良くね」,"""............Что ж, остались всего лишь седьмые и восьмые сумерки. Всего лишь двое — и моё обязательство перед этой старухой будет исполнено. .........Я убью Краусса и Нацухи. Близкую пару.""","""...............Agora, tudo que resta é o sétimo e o oitavo crepúsculo. Só mais dois, e minha obrigação àquela velhota predecessora está terminada. .........Matarei o Krauss e a Natsuhi. Juntos como um casal feliz.""",「……………接下来，就只剩第七、第八晚了呢。再来两人，就彻底不欠先代老太婆的情了。………杀藏臼与夏妃。夫妻一块去死。」,「……………接下來，就只剩第七、第八晚了呢。再來兩人，就徹底不欠先代老太婆的情了。………殺藏臼與夏妃。夫妻一塊去死。」,"""... Adesso restano solo il settimo e l'ottavo crepuscolo. Solo due, e non avrò più obblighi verso quella Predecessora decrepita. ... Ucciderò Krauss e Natsuhi. {n}Una coppia unita.""","""...............Now, all that's left is the seventh and eighth twilights. Just two more, and my obligation to that predecessor hag is finished. .........I'll kill Krauss and Natsuhi. Together like a happy couple.""","""... Ahora, lo único que queda es el séptimo y octavo crepúsculo. Solamente dos más, y mi obligación con esa predecesora anciana habrá acabado... Mataré a Krauss y a Natsuhi. Juntos, como una pareja feliz.""","""...ﻛﻞ ﻣﺎ ﺗﺒﻘﻰ ﻫﻮ ﺗﻀﺤﻴﺘﻲ ﺍﻟﻐﺴﻖ ﺍﻟﺴﺎﺑﻊ ﻭﺍﻟﺜﺎﻣﻦ. ﻓﻘﻂ ﺍﺛﻨﻴﻦ ﺁﺧﺮﻳﻦ، ﻭﺳﺘﻨﺘﻬﻲ ﺍﻟﺘﺰﺍﻣﺎﺗﻲ ﺗﺠﺎﻩ ﺳﺎﺑﻘﺘﻲ ﺍﻟﺸﻤﻄﺎﺀ. .........ﺳﺄﻗﺘﻞ ﻛﺮﺍﻭﺱ ﻭﻧﺎﺗﺴﻮﻫﻲ ﻣﻌًﺎ، ﻛﺰﻭﺟﻴﻦ ﺭﺍﺋﻌﻴﻦ ﻳﺤﺒﺎﻥ ﺑﻌﻀﻬﻤﺎ.""","""...............Now, all that's left is the seventh and eighth twilights. Just two more, and my obligation to that predecessor hag is finished. .........I'll kill Krauss and Natsuhi. Together like a happy couple.""","""...............Now, all that's left is the seventh and eighth twilights. Just two more, and my obligation to that predecessor hag is finished. .........I'll kill Krauss and Natsuhi. Together like a happy couple.""","""...............Now, all that's left is the seventh and eighth twilights. Just two more, and my obligation to that predecessor hag is finished. .........I'll kill Krauss and Natsuhi. Together like a happy couple."""
Chiester410,"""Nihi. How are the targets nyeh?""","""Nihi. Where's the target nyeh?"" ","""Nihi. Whe-re is the target nyeh?""",「にひ。標的はどうかにぇ？」,「にひ。標的はどうかにぇ？」,"""Нихи. Где располагается цель?""","""Nihi. Onde estão os alvos, nyeh?""",「泥嘻。目标情况如何？」,「泥嘻。目標情況如何？」,"""Nihi. Dove si trova il bersaglio nyeh?""","""Nihi. How are the targets nyeh?""","""Niji. ¿Cómo están los objetivos? nyeh""","""ﻧﻴﻬﻲ. ﺃﻳﻦ ﻣﻮﻗﻊ ﺍﻟﻬﺪﻓﻴﻦ؟""","""Nihi. How are the targets nyeh?""","""Nihi. How are the targets nyeh?""","""Nihi. How are the targets nyeh?"""
Chiester45,"""......In the lobby on the first floor of the guesthouse, both targets and Ushiromiya Eva acquired. Measuring anti‐magic power. Data link to 410.""","""...In the lobby on the first floor of the guesthouse, two targets and Ushiromiya Eva identified. Measuring Anti-Magic Power Levels. Data Link to 410."" ","""......In the lobby on the first floor of the guesthouse, both targets and Ushiromiya Eva aquired. Anti-Magic Power Measurement. Data Link to 410.""",「……ゲストハウス１階ロビーにて、標的２名と右代宮絵羽を補足。反魔法力測定。４１０へデータリンク。」,「……ゲストハウス１階ロビーにて、標的２名と右代宮絵羽を捕捉。反魔法力測定。４１０へデータリンク」,"""......В фойе первого этажа домика для гостей, сами цели и Уширомия Ева захвачены. Измеряю уровень антимагического противодействия. Передаю данные 410.""","""......No lobby no primeiro andar da casa de hóspedes, dois alvos e Ushiromiya Eva identificados. Medindo poder antimagia. Link de dados para 410.""",「……在宾馆一楼大厅，捕捉到两位目标与右代宫绘羽。测量反魔法力。与 410 建立数据链。」,「……在賓館一樓大廳，捕捉到兩位目標與右代宮繪羽。測量反魔法力。與 410 建立數據鏈。」,"""... Nel vestibolo al piano terra della casa degli ospiti, entrambi i bersagli ed Eva Ushiromiya sono stati individuati. Misurazione del Potere Anti-Magia. Trasmissione Dati a 410.""","""......In the lobby on the first floor of the guesthouse, both targets and Ushiromiya Eva acquired. Measuring anti‐magic power. Data link to 410.""","""... En el vestíbulo del primer piso de la casa de huéspedes, ambos objetivos y Ushiromiya Eva localizados. Midiendo el poder anti-mágico. Datos enlazados a 410.""","""...ﺗﻢ ﺗﺤﺪﻳﺪ ﺍﻟﻬﺪﻓﻴﻦ ﻓﻲ ﺭﺩﻫﺔ ﺑﻴﺖ ﺍﻟﻀﻴﺎﻓﺔ ﺑﺮﻓﻘﺔ ﺃﻭﺷﻴﺮﻭﻣﻴﺎ ﺇﻳﻔﺎ. ﺗﻢ ﻗﻴﺎﺱ ﻣﺴﺘﻮﻳﺎﺕ ﺍﻟﻄﺎﻗﺔ ﺍﻟﻤﻀﺎﺩﺓ ﻟﻠﺴﺤﺮ. ﺗﻢ ﺭﺑﻂ ﺍﻟﺒﻴﺎﻧﺎﺕ ﻣﻊ 014.""","""......In the lobby on the first floor of the guesthouse, both targets and Ushiromiya Eva acquired. Measuring anti‐magic power. Data link to 410.""","""......In the lobby on the first floor of the guesthouse, both targets and Ushiromiya Eva acquired. Measuring anti‐magic power. Data link to 410.""","""......In the lobby on the first floor of the guesthouse, both targets and Ushiromiya Eva acquired. Measuring anti‐magic power. Data link to 410."""
Chiester410,"""410, data received. Anti‐magic power is extremely low. If Eva just goes outside, they're tuna and abalone on a chopping board. Nihihihihi...!""","""410, Data Received. Anti-magic power levels are extremely low. If Eva just goes outside, they're tuna and abalone on a chopping board. Nihihihihi...!"" ","""410 Data Received. Anti-magic power is extremely small. If Eva just goes outside, they're tuna and abalone on a chopping board. Nihihihihi...!""",「４１０データ受領。反魔法力は極めて小。絵羽さえ席を外せば、まな板の上のマグロにアワビです。にひひひひ…！」,「４１０データ受領。反魔法力は極めて小。絵羽さえ席を外せば、まな板の上のマグロにアワビです。にひひひひ…！」,"""410 Данные получены. Антимагическое противодействие не представляет угрозы. Еве достаточно лишь выйти наружу, эти тунец с абалоном сразу же окажутся на разделочной доске. Нихи‐хи‐хи‐хи!..""","""410, dados recebidos. O poder antimagia está extremamente baixo. Se a Eva apenas sair para fora, eles serão atum e haliote em uma tábua de corte. Nihihihihi...!""",「410 收到数据。反魔法力极小。只要绘羽离开，他俩就是案板上的鲔鱼与鲍鱼。泥嘻嘻嘻嘻…！」,「410 收到數據。反魔法力極小。只要繪羽離開，他倆就是案板上的鮪魚與鮑魚。泥嘻嘻嘻嘻…！」,"""410 Dati Ricevuti. Il Potere Anti-Magia è estremamente debole. Basterà che Eva esca, e quei due saranno come un tonno e un abalone sul tagliere. Nihihihihi...!""","""410, data received. Anti‐magic power is extremely low. If Eva just goes outside, they're tuna and abalone on a chopping board. Nihihihihi...!""","""410, datos recibidos. El poder anti-mágico es extremadamente débil. Si Eva se va afuera, serán pan comido. ¡Nijijijiji!...""","""ﻫﻨﺎ 014، ﺗﻢ ﺍﺳﺘﻼﻡ ﺍﻟﺒﻴﺎﻧﺎﺕ. ﻣﺴﺘﻮﻳﺎﺕ ﺍﻟﻄﺎﻗﺔ ﺍﻟﻤﻀﺎﺩﺓ ﻟﻠﺴﺤﺮ ﻣﻨﺨﻔﻀﺔ ﻟﻠﻐﺎﻳﺔ. ﺇﺫﺍ ﺧﺮﺟﺖ ﺇﻳﻔﺎ ﻣﻦ ﺍﻟﺮﺩﻫﺔ، ﻓﺴﻴﻜﻮﻧﺎﻥ ﻣﺜﻞ ﺳﻤﻜﺘﻴﻦ ﺟﺎﻫﺰﺗﻴﻦ ﻟﻠﺘﻘﻄﻴﻊ. ﻧﻴﻬﻴﻬﻴﻬﻲ...!""","""410, data received. Anti‐magic power is extremely low. If Eva just goes outside, they're tuna and abalone on a chopping board. Nihihihihi...!""","""410, data received. Anti‐magic power is extremely low. If Eva just goes outside, they're tuna and abalone on a chopping board. Nihihihihi...!""","""410, data received. Anti‐magic power is extremely low. If Eva just goes outside, they're tuna and abalone on a chopping board. Nihihihihi...!"""
Chiester45,"""What would you ask of us, Great Lady {f:5:Beatrice}? If you give the order, we will snipe right away...! Please, your orders...!""","""What do you think, Great Lady {f:5:Beatrice}? When you give the order, we shall snipe right away...! Please, your orders...!"" ","""What do you think, great Lady Beatrice? If you give the order, we will snipe right away...! Please, your orders...!""",「いかがしますか、大ベアトリーチェ卿。ご命令を頂ければ、すぐにも狙撃いたします…！　どうかご命令を…！」,「いかがしますか、大ベアトリーチェ卿。ご命令を頂ければ、すぐにも狙撃いたします…！　どうかご命令を…！」,"""Что думаете, великая Леди {f:5:Беатриче}? Стоит вам отдать приказ и мы немедленно приступим!.. Пожалуйста, ваш приказ!...""","""O que gostaria que fizéssemos, Grande Lady {f:5:Beatrice}? Se der a ordem, atiraremos de imediato...! Por favor, suas ordens...!""",「请问要怎么做，大贝阿朵莉切卿？只要得到您的命令，立刻就可以进行狙击…！请下令…！」,「請問要怎麼做，大貝阿朵莉切卿？只要得到您的命令，立刻就可以進行狙擊…！請下令…！」,"""Cosa ne dice, gran Lady Beatrice? Se ce lo ordina, faremo fuoco immediatamente...! Per favore, ci dia i suoi ordini...!""","""What would you ask of us, Great Lady {f:5:Beatrice}? If you give the order, we will snipe right away...! Please, your orders...!""","""¿Qué opina, gran Lady {f:5:Beatrice}? Si nos da la orden, ¡dispararemos de inmediato!... ¡Por favor, ¿cuáles son sus órdenes?!...""","""ﻣﺎ ﻫﻲ ﺃﻭﺍﻣﺮﻙِ ﺃﻳﺘﻬﺎ ﺍﻟﺴﻴﺪﺓ ﺍﻟﻌﻈﻴﻤﺔ {f:7:ﺑﻴﺎﺗﺮﻳﺲ}؟ ﺑﻤﺠﺮﺩ ﺻﺪﻭﺭ ﺍﻷﻣﺮ ﻣﻨﻚ، ﺳﻨﻄﻠﻖ ﺍﻟﻨﺎﺭ ﻓﻮﺭﺍً...! ﺃﻭﺍﻣﺮﻙ ﺍﻟﺘﺎﻟﻴﺔ ﺭﺟﺎﺀً...!""","""What would you ask of us, Great Lady {f:5:Beatrice}? If you give the order, we will snipe right away...! Please, your orders...!""","""What would you ask of us, Great Lady {f:5:Beatrice}? If you give the order, we will snipe right away...! Please, your orders...!""","""What would you ask of us, Great Lady {f:5:Beatrice}? If you give the order, we will snipe right away...! Please, your orders...!"""
{f:5:Eva Beatrice},"""...You guys reaally are convenient furniture. Very different from old, second‐hand furniture, which only has enough talent to gouge corpses. Right?""","""...You guys reeeally are convenient furniture. Not at all like that old, second-hand furniture that's only useful for gouging corpses. Right?"" ","""...You guys re-ally are convenient furniture. Very different from old, second-hand furniture, which only has enough talent to gouge corpses. Right?""",「…ほぉんとにあんたたちは便利な家具ね。死体をほじるしか能のない、中古家具どもとは大違いだわ。ねぇ？」,「…ほぉんとにあんたたちは便利な家具ね。死体をほじるしか能のない、中古家具どもとは大違いだわ。ねぇ？」,"""...Вы, ребята, действительно являетесь удобной мебелью. Очень отличаетесь от устаревшей, подержанной второсортной мебели, которой хватает лишь на то, чтобы запутывать трупы. Верно?""","""...Vocês são mesmo mobílias convenientes. Muito diferente da mobília velha, de segunda‐mão, a qual tem apenas talento suficiente para goivar cadáveres. Certo?""",「…你们可真是便利的家具呢。与只会扎扎尸体的旧家具们大不相同啊。是吧？」,「…你們可真是便利的家具呢。與只會扎扎屍體的舊家具們大不相同啊。是吧？」,"""... Voialtre siete mobile davvero utili. Completamente diverse da vecchi mobili di seconda mano, il cui unico talento è trafiggere cadaveri. Vero?""","""...You guys reaally are convenient furniture. Very different from old, second‐hand furniture, which only has enough talent to gouge corpses. Right?""","""... Son unos muebles realmente convenientes. Muy distintos de los antiguos, los muebles de segunda, que solo tienen el talento suficiente para agujerear cadáveres. ¿Verdad?""","""...ﺇﻧﻜﻤّﺎ ﺣﻘًﺎ ﺃﺛﺎﺙٌ ﻳﻠﻴﻖُ ﺑﻲ. ﻟﺴﺘﻤّﺎ ﺃﺑﺪًﺍ ﻣﺜﻞ ﺃﻭﻟﺌﻚ ﺍﻷﺛﺎﺙ ﺍﻟﻘﺪﻳﻢ ﻭﺍﻟﻤﺴﺘﻌﻤﻞ. ﻻ ﻳﺼﻠﺢ ﺇﻻ ﻟﻐﺮﺯ ﺍﻷﻭﺗﺎﺩ ﻓﻲ ﺍﻟﺠﺜﺚ. ﺃﻟﻴﺲ ﻛﺬﻟﻚ؟""","""...You guys reaally are convenient furniture. Very different from old, second‐hand furniture, which only has enough talent to gouge corpses. Right?""","""...You guys reaally are convenient furniture. Very different from old, second‐hand furniture, which only has enough talent to gouge corpses. Right?""","""...You guys reaally are convenient furniture. Very different from old, second‐hand furniture, which only has enough talent to gouge corpses. Right?"""
Lucifer,"""..............................kh...""","""............Nn..."" ","""........................Ku...""",「…………………………く…。」,「…………………………く…」,"""........................Кх...""","""..............................kh...""",「…………………………咕…」,「…………………………咕…」,"""... Ku...""","""..............................kh...""","""... Ku...""","""..............................ﻛﺎﻩ...""","""..............................kh...""","""..............................kh...""","""..............................kh..."""
{f:5:Eva Beatrice},"""Chiester Sisters, please show me your skill again. ...Prepare to attack! *giggle*giggle*giggle*giggle*giggle*! Carry the corpses out again, alright? 'Cause I'll play with them a lot. No complaints, OK, Ronove?""","""Chiester Sisters, please show me your skill once more. ...Prepare to fire! *giggle*giggle*giggle*giggle*giggle*! And carry out the corpses again, got it? 'Cause I'll play with them a lot. No complaints from you, right, Ronove?"" ","""Siesta Sisters, please show me your skill again. ...Firing Preparations! *giggle*giggle*giggle*giggle*giggle*! Carry the corpses out again, alright? 'Cause I'll play with them a lot. No complaints, right Ronove?""",「シエスタ姉妹、またあなたたちの手際を見せて頂戴。…攻撃準備よ！　くすくすくすくすくす！　死体はまた運び出してね。たっぷり遊んであげるんだから。文句はなしよ、ロノウェ？」,「シエスタ姉妹、またあなたたちの手際を見せて頂戴。…攻撃準備よ！　くすくすくすくすくす！　死体はまた運び出してね。たっぷり遊んであげるんだから。文句はなしよ、ロノウェ？」,"""Сёстры Чиесты, пожалуйста, продемонстрируйте мне своё умение ещё раз. ...Готовьтесь открыть огонь! *смешок*смешок*смешок*смешок*смешок*! Не испортите только опять трупы, хорошо? Потому что я собираюсь позабавиться с ними. Претензий нет, верно, Ронове?""","""Irmãs Chiester, por favor, mostrem‐me suas habilidades novamente. ...Preparem para atacar! *risos*risos*risos*risos*risos*! Carreguem os cadáveres para fora de novo, tudo bem? Porque vou brincar bastante com eles. Sem reclamações, tudo bem, Ronove?""",「谢丝塔姐妹，再让我观看一次你们的本领。…准备攻击！呵呵呵呵呵！要再拖来尸体哦。尽情地玩个够。不准提意见哟，罗诺威？」,「謝絲塔姐妹，再讓我觀看一次你們的本領。…準備攻擊！呵呵呵呵呵！要再拖來屍體哦。盡情地玩個夠。不准提意見喲，羅諾威？」,"""Sorelle Chiester, prego, mostratemi di nuovo la vostra abilità. ... Preparatevi a far fuoco! *giggle*giggle*giggle*giggle*giggle*! Portate di nuovo i cadaveri fuori, sì? Perché ci giocherò un sacco. Niente da ridire, giusto Ronove?""","""Chiester Sisters, please show me your skill again. ...Prepare to attack! *giggle*giggle*giggle*giggle*giggle*! Carry the corpses out again, alright? 'Cause I'll play with them a lot. No complaints, OK, Ronove?""","""Hermanas Siesta, por favor, muéstrenme su habilidad de nuevo. ¡Prepárense para atacar! ¡*risita*risita*risita*risita*risita*! Vuelvan a traer los cadáveres, ¿de acuerdo? Quiero jugar mucho con ellos. No hay objeciones, ¿verdad, Ronove?""","""ﻳﺎ ﺃﺧﺘﺎ ﺍﻟﺸﻴﺎﺳﺘﺮ، ﻫﻼّ ﺍﺳﺘﻌﺮﺿﺘﻤﺎ ﻗﺪﺭﺍﺗﻜﻤﺎ ﺃﻣﺎﻣﻲ ﻣﺮﺓ ﺃﺧﺮﻯ. ...ﻫﻴّﺎ، ﺍﺳﺘﻌﺪﺍ ﻟﻠﻬﺠﻮﻡ! *ﺿﺤﻚ*ﺿﺤﻚ*ﺿﺤﻚ*ﺿﺤﻚ*ﺿﺤﻚ*! ﻭﻻ ﺗﻨﺴﻴﺎ ﺃﺧﺬ ﺍﻟﺠﺜﺘﻴﻦ ﻛﺎﻟﻌﺎﺩﺓ. ﺳﻮﻑ ﺃﻟﻬﻮ ﺑﻬﻤﺎ ﻛﺜﻴﺮًﺍ...! ﻫﻞ ﻟﺪﻳﻚ ﺃﻱّ ﺇﻋﺘﺮﺍﺽ ﻳﺎ ﺭﻭﻧﻮﻑ؟""","""Chiester Sisters, please show me your skill again. ...Prepare to attack! *giggle*giggle*giggle*giggle*giggle*! Carry the corpses out again, alright? 'Cause I'll play with them a lot. No complaints, OK, Ronove?""","""Chiester Sisters, please show me your skill again. ...Prepare to attack! *giggle*giggle*giggle*giggle*giggle*! Carry the corpses out again, alright? 'Cause I'll play with them a lot. No complaints, OK, Ronove?""","""Chiester Sisters, please show me your skill again. ...Prepare to attack! *giggle*giggle*giggle*giggle*giggle*! Carry the corpses out again, alright? 'Cause I'll play with them a lot. No complaints, OK, Ronove?"""
Ronove,"""......Yes. Certainly.""","""...Correct. As you command."" ","""......Correct. Certainly.""",「……はい。畏まりました。」,「……はい。畏まりました」,"""......Разумеется. Вы правы.""","""......Não. Faça como desejar.""",「……是。遵命。」,「……是。遵命。」,"""... Sì. Esattamente.""","""......Yes. Certainly.""","""... Así es. Ninguna.""","""......ﻛﻼ. ﺃﻧﺎ ﻃﻮﻉُ ﺃﻣﺮﻙِ..""","""......Yes. Certainly.""","""......Yes. Certainly.""","""......Yes. Certainly."""
{f:5:Eva Beatrice},"""Nn......""","""Nn..."" ","""Nn......""",「ん……。」,「ん……」,"""Н‐н......""","""Nn......""",「嗯……」,「嗯……」,"""Nn...""","""Nn......""","""Nn...""","""ﻧﻦ......""","""Nn......""","""Nn......""","""Nn......"""
,"At that time, the witch noticed something. ......As though some presence had disappeared... ...Was it her imagination......?","At that moment, the witch noticed something. ...It was as though some presence had disappeared... ...Was it her imagination...? ","At that time, the witch noticed something.......As though some presence had disappeared......was it her imagination......?",その時、魔女は何かに気付く。……何かの気配が去っていったかのような、……気のせい……？,その時、魔女は何かに気付く。……何かの気配が去っていったかのような、……気のせい……？,В этот момент ведьма что‐то почуяла. ......Как если бы пропало чьё то присутствие... Почудилось ли ей?..,"Naquela hora, a bruxa notou algo. ......Como se alguma presença tivesse desaparecido... ...Foi a imaginação dela......?",此时，魔女察觉到了什么。……好像是有什么人在渐渐远去，……多心了……？,此時，魔女察覺到了什麼。……好像是有什麼人在漸漸遠去，……多心了……？,"In quel frangente, la strega notò qualcosa. ... Come se una presenza fosse appena scomparsa... che fosse la sua immaginazione...?","At that time, the witch noticed something. ......As though some presence had disappeared... ...Was it her imagination......?","En ese momento, la bruja se percató de algo... Como si una presencia hubiese desaparecido... ¿fue su imaginación?...",ﻓﻲ ﺫﻟﻚ ﺍﻟﻮﻗﺖ، ﻻﺣﻈﺖ ﺍﻟﺴﺎﺣﺮﺓ ﺷﻴﺌًﺎ. ......ﻭﻛﺄﻥ ﺷﺨﺼًﺎ ﻇﻬﺮ ﺛﻢ ﺍﺧﺘﻔﻰ... ...ﺃﻡّ ﺃﻧّﻬﺎ ﻛﺎﻧﺖ ﺗﺘﻮﻫﻢ ﻓﺤﺴﺐ.......؟,"At that time, the witch noticed something. ......As though some presence had disappeared... ...Was it her imagination......?","At that time, the witch noticed something. ......As though some presence had disappeared... ...Was it her imagination......?","At that time, the witch noticed something. ......As though some presence had disappeared... ...Was it her imagination......?"
{f:5:Eva Beatrice},""".........Did you feel some kind of presence just now? Did any of you feel it?""","""......Was that someone's presence just now? Did anyone feel it?"" ",""".........Did you feel some kind of presence just now? Did anyone feel it?""",「………今、何か気配を感じなかった？　誰か感じた人いる？」,「………今、何か気配を感じなかった？　誰か感じた人いる？」,""".........Прямо сейчас, вы ничего не почувствовали? Было ощущение человеческого присутствия?""",""".........Vocês sentiram algum tipo de presença ainda pouco? Algum de vocês a sentiu?""",「………刚才，有没有感觉到什么动静？有没有感觉到的人？」,「………剛才，有沒有感覺到什麼動靜？有沒有感覺到的人？」,"""... Avete avvertito qualche sorta di presenza, in questo momento? Nessuno l'ha sentita?""",""".........Did you feel some kind of presence just now? Did any of you feel it?""","""... ¿Has sentido algún tipo de presencia ahora mismo? ¿Alguien lo sintió?""","""...ﻫﻞ ﺷﻌﺮﺗﻢ ﺑﻮﺟﻮﺩ ﺷﺨﺺٍ ﻟﻠﺘﻮ؟  ﻫﻞ ﺷﻌﺮ ﺃﺣﺪﻛﻢ ﺑﺸﻲﺀ؟""",""".........Did you feel some kind of presence just now? Did any of you feel it?""",""".........Did you feel some kind of presence just now? Did any of you feel it?""",""".........Did you feel some kind of presence just now? Did any of you feel it?"""
Chiester45,"""M‐...my apologies, I didn't notice anything... Please forgive me......!!""","""M-My apologies, I haven't noticed anything, ...so please forgive me...!!"" ","""M, ...my apologies, I haven't noticed anything..., please forgive me......!!""",「もッ、…申し訳ありません、私は何も気付きませんでした…、お許しを……！！」,「もッ、…申し訳ありません、私は何も気付きませんでした…、お許しを……！！」,"""П...простите меня, я ничего не заметила... умоляю, простите меня!..""","""M‐Minhas desculpas, não notei nada... Por favor, me perdoe......!!""",「非、…非常抱歉，我没有发觉任何动静…，请原谅……！！」,「非、…非常抱歉，我沒有發覺任何動靜…，請原諒……！！」,"""L... Le mie scusa, ma non ho notato nulla... la prego mi perdoni...!!""","""M‐...my apologies, I didn't notice anything... Please forgive me......!!""","""M-Mis disculpas, no me he percatado de nada... ¡¡por favor, perdóneme!!""","""ﺃ-ﺃﻋﺘﺬﺭ، ﻟﻢ ﺃﻟﺤﻆ ﺃﻱ ﺷﻲﺀ. ﺃﺭﺟﻮ ﺃﻥ ﺗﻌﺬﺭﻳﻨﻲ...!!""","""M‐...my apologies, I didn't notice anything... Please forgive me......!!""","""M‐...my apologies, I didn't notice anything... Please forgive me......!!""","""M‐...my apologies, I didn't notice anything... Please forgive me......!!"""
Chiester410,"""We were in the middle of observing the guesthouse, so our peripheral surveillance was turned off. Nihi. ...What about you, Lucifer‐chaaan? Did you feel a presence?""","""We were in the middle of observing the guesthouse, so our peripheral surveillance was set to off. Nihi. ...What about you, Lucifer-chaaan? Did you feel any presence?"" ","""We were in the middle of observing the guesthouse, so our peripheral surveillance was set to off. Nihi. ...What about you, Lucifer-chaaan? Did you feel a presence?""",「私たち、ゲストハウスを観測中でしたから、周辺監視はオフにしてます。にひ。…ルシファーちゃんはぁ？　何か気配感じた？」,「私たち、ゲストハウスを観測中でしたから、周辺監視はオフにしてます。にひ。…ルシファーちゃんはぁ？　何か気配感じた？」,"""Мы находились в процессе наблюдения за домиком для гостей, поэтому наблюдение на периферии было отключено. Нихи. ...Как насчёт тебя, Люцифер‐ча‐а‐ан? Ты кого‐нибудь почувствовала?""","""Estávamos no meio da observação da casa de hóspedes, então nossa vigilância periférica estava desligada. Nihi. ...E quanto a você, Lucifer‐chaaan? Sentiu alguma presença?""",「我们由于正在观测宾馆，所以关掉了周边监视。泥嘻。…路西法呢？有没有感觉到什么动静呀？」,「我們由於正在觀測賓館，所以關掉了周邊監視。泥嘻。…路西法呢？有沒有感覺到什麼動靜呀？」,"""Eravamo impegnate ad osservare la casa degli ospiti, perciò la sorveglianza secondaria non era in funzione. Nihi. ... E tu, Lucifer-chaaan? Hai avvertito una presenza?""","""We were in the middle of observing the guesthouse, so our peripheral surveillance was turned off. Nihi. ...What about you, Lucifer‐chaaan? Did you feel a presence?""","""Estábamos en medio de la observación de la casa de huéspedes, por lo que nuestra vigilancia periférica fue desactivada, niji... ¿Qué hay de ti, Lucifer-chaaan? ¿Sentiste alguna presencia?""","""ﻟﻘﺪ ﻛﻨّﺎ ﻓﻲ ﺧﻀﻢ ﻣﺮﺍﻗﺒﺔ ﻣﻨﺰﻝ ﺍﻟﻀﻴﺎﻓﺔ، ﻟﺬﻟﻚ ﺗﻢ ﺇﻳﻘﺎﻑ ﺗﺸﻐﻴﻞ ﺍﻟﻤﺮﺍﻗﺒﺔ ﺍﻟﺨﺎﺭﺟﻴﺔ. ﻧﻴﻬﻲ. ...ﻣﺎﺫﺍ ﻋﻨﻚِ ﻳﺎ ﻟﻮﺳﻴﻔﺮ-ﺗﺸﺎﺍﺍﻥ؟ ﻫﻞ ﻻﺣﻈﺖ ﻭﺟﻮﺩ ﺃﻱ ﺷﺨﺺ؟""","""We were in the middle of observing the guesthouse, so our peripheral surveillance was turned off. Nihi. ...What about you, Lucifer‐chaaan? Did you feel a presence?""","""We were in the middle of observing the guesthouse, so our peripheral surveillance was turned off. Nihi. ...What about you, Lucifer‐chaaan? Did you feel a presence?""","""We were in the middle of observing the guesthouse, so our peripheral surveillance was turned off. Nihi. ...What about you, Lucifer‐chaaan? Did you feel a presence?"""
Lucifer,""".........nh—""","""......Nn-"" ",""".........Nn-""",「………ん、」,「………ん、」,""".........Н‐н...""",""".........nh—""",「………嗯…」,「………嗯…」,"""... Nn-""",""".........nh—""","""... Nh—""",""".........ﻛﻪ-""",""".........nh—""",""".........nh—""",""".........nh—"""
,"For just an instant, Lucifer sent a glance at Ronove, questioning whether she should answer honestly or not.","For just an instant, Lucifer glanced at Ronove, asking whether she should answer honestly or not. ","For just an instant, Lucifer sent a glance at Ronove, asking whether she should answer honestly or not.",ルシファーは一瞬だけ目線をロノウェに送り、正直に答えるべきかどうかを問う。,ルシファーは一瞬だけ目線をロノウェに送り、正直に答えるべきかどうかを問う。,"Люцифер на мгновение бросила взгляд на Ронове, словно спрашивая, отвечать ей честно или нет.","Só por um instante, Lucifer deu um olhar de relance para Ronove, questionando se ela devia responder honestamente ou não.",路西法偷瞄了一眼罗诺威，询问该不该老实回答。,路西法偷瞄了一眼羅諾威，詢問該不該老實回答。,"Per un brevissimo istante, Lucifer lanciò uno sguardo a Ronove, chiedendo se dovesse rispondere con sincerità o meno.","For just an instant, Lucifer sent a glance at Ronove, questioning whether she should answer honestly or not.","Por un instante, Lucifer envió una mirada a Ronove, preguntando si debía contestar honestamente o no.",ﺃﻟﻘﺖ ﻟﻮﺳﻴﻔﺮ ﻧﻈﺮﺓ ﺧﺎﻃﻔﺔ ﻋﻠﻰ ﺭﻭﻧﻮﻑ، ﻣﺘﺴﺎﺋﻠﺔً ﻋﻤّﺎ ﺇﺫﺍ ﻛﺎﻥ ﻋﻠﻴﻬﺎ ﺍﻹﺟﺎﺑﺔ ﺑﺼﺪﻕٍ ﺃﻡ ﻻ.,"For just an instant, Lucifer sent a glance at Ronove, questioning whether she should answer honestly or not.","For just an instant, Lucifer sent a glance at Ronove, questioning whether she should answer honestly or not.","For just an instant, Lucifer sent a glance at Ronove, questioning whether she should answer honestly or not."
,Ronove gave a small nod in response.,Ronove gave a small nod in response. ," Ronove gave a small nod in response.",それにロノウェは、小さく頷いて応えた。,それにロノウェは、小さく頷いて応えた。,Ронове слегка кивнул в ответ.,Ronove deu um pequeno assentimento em resposta.,对此，罗诺威微微点了点头。,對此，羅諾威微微點了點頭。,Ronove rispose inclinando appena la testa in un cenno d'assenso.,Ronove gave a small nod in response.,Ronove nego levemente con la cabeza en señal de respuesta., ﺑﺎﻟﻤﻘﺎﺑﻞ ﺃﻭﻣﺄ ﺭﻭﻧﻮﻑ ﺑﺮﺃﺳﻪ ﺭﺩًﺍ ﻋﻠﻴﻬﺎ.,Ronove gave a small nod in response.,Ronove gave a small nod in response.,Ronove gave a small nod in response.
Ronove,"""No. ...My apologies, {f:5:Beatrice}‐sama. Nothing from us. .........Forgive us for this stupidity, as we are only second‐hand furniture.""","""No. ...My apologies, {f:5:Beatrice}-sama. We noticed nothing. ......Forgive us the stupidity of us second-hand furniture."" ","""No. ...My apologies, Beatrice-sama. Nothing from us. .........Forgive us for this stupidity, as we are only second-hand furniture.""",「いいえ。…申し訳ございません、ベアトリーチェさま。私たちは何も。………中古家具ゆえ、愚鈍なことをお許しください。」,「いいえ。…申し訳ございません、ベアトリーチェさま。私たちは何も。………中古家具ゆえ、愚鈍なことをお許しください」,"""Нет. ...Приношу свои извинения, {f:5:Беатриче}‐сама. Мы ничего не заметили. .........Простите нас за эту неосмотрительность, мы всего лишь подержанная второсортная мебель.""","""Não. ...Minhas desculpas, {f:5:Beatrice}‐sama. Nós não percebemos nada. .........Perdoe‐nos por esta estupidez, afinal não passamos de mobílias de {nobr:segunda‐mão}.""",「没有。…非常抱歉，贝阿朵莉切夫人。我们什么都没有感觉到。………因为是旧家具，所以很是愚钝，还请原谅。」,「沒有。…非常抱歉，貝阿朵莉切夫人。我們什麼都沒有感覺到。………因為是舊家具，所以很是愚鈍，還請原諒。」,"""No. ... Le mie scuse, Beatrice-sama. Non abbiamo percepito niente. {n}Ci perdoni per questa imperizia, in fondo non siamo altro che mobili di seconda mano.""","""No. ...My apologies, {f:5:Beatrice}‐sama. Nothing from us. .........Forgive us for this stupidity, as we are only second‐hand furniture.""","""No... Mis disculpas, {f:5:Beatrice}‐sama. Ninguno de nosotros sintió algo... Perdónenos por ser tan estúpidos, ya que solamente somos muebles de segunda mano.""","""ﻛﻼ. ...ﺃﻋﺬﺭﻳﻨﻲ ﻳﺎ {f:7:ﺑﻴﺎﺗﺮﻳﺲ}-ﺳﺎﻣﺎ. ﻟﻢ ﺃﻟﺤﻆ ﺷﻴﺌًﺎ ﺃﻧﺎ ﺃﻳﻀًﺎ. .........ﺍﻏﻔﺮﻱ ﻟﻨّﺎ ﺯﻟﺘﻨﺎ ﻫﺬﻩ، ﻓﻨﺤﻦ ﻣﺠﺮﺩ ﺃﺛﺎﺙ ﻣﻬﺘﺮﺉ ﻭﻣﺴﺘﻌﻤﻞ.""","""No. ...My apologies, {f:5:Beatrice}‐sama. Nothing from us. .........Forgive us for this stupidity, as we are only second‐hand furniture.""","""No. ...My apologies, {f:5:Beatrice}‐sama. Nothing from us. .........Forgive us for this stupidity, as we are only second‐hand furniture.""","""No. ...My apologies, {f:5:Beatrice}‐sama. Nothing from us. .........Forgive us for this stupidity, as we are only second‐hand furniture."""
{f:5:Eva Beatrice},"""...........................""","""............"" ","""........................""",「………………………。」,「………………………」,"""........................""","""...........................""",「………………………」,「………………………」,"""...""","""...........................""","""...""","""...........................""","""...........................""","""...........................""","""..........................."""
Ronove,"""...........................""","""............"" ","""........................""",「………………………。」,「………………………」,"""........................""","""...........................""",「………………………」,「………………………」,"""...""","""...........................""","""...""","""...........................""","""...........................""","""...........................""","""..........................."""
{f:5:Eva Beatrice},"""........................... ......I see. If a Great Demon like you says that, then it must have been my imagination.""","""............ ...I see. If a great demon like you says that, then it must've been my imagination."" ","""..............................I see. If a great demon like you says that, then it must have been my imagination.""",「………………………。……そう。大悪魔のあなたがそう言うなら、きっと私の気のせいなんでしょうね。」,「………………………。……そう。大悪魔のあなたがそう言うなら、きっと私の気のせいなんでしょうね」,"""..............................Вот как. Если это говорит такой великий демон, как ты, значит это лишь моё воображение.""","""........................... ......Entendo. Se um Grande Demônio como você diz isso, então deve ter sido minha imaginação.""",「………………………。……这样啊。既然身为大恶魔的你都这么说了，那这就一定是我多心了吧。」,「………………………。……這樣啊。既然身為大惡魔的你都這麼說了，那這就一定是我多心了吧。」,"""... Capisco. Se un gran demone come te dice di non aver percepito niente, devo essermelo immaginato.""","""........................... ......I see. If a Great Demon like you says that, then it must have been my imagination.""","""... Ya veo. Si un gran demonio como tú lo dice, entonces debe haber sido mi imaginación.""","""........................... ......ﺣﺴﻨًﺎ. ﺑﻤّﺎ ﺃﻥّ ﻋﻔﺮﻳﺘًﺎ ﻋﻈﻴﻤًﺎ ﻣﺜﻠﻚ ﻳﻘﻮﻝ ﻫﺬﺍ، ﻓﻼ ﺑﺪّ ﻭﺃﻥ ﺫﻟﻚ ﻣﻦ ﻭﺣﻲ ﻣﺨﻴﻠﺘﻲ.""","""........................... ......I see. If a Great Demon like you says that, then it must have been my imagination.""","""........................... ......I see. If a Great Demon like you says that, then it must have been my imagination.""","""........................... ......I see. If a Great Demon like you says that, then it must have been my imagination."""
,The witch stared persistently in the direction the presence had disappeared to.,The witch persistently stared in the direction the presence had disappeared to. ,"The witch persistently stared in the direction the presence had disappeared to.",魔女は、気配の消え去った方角を執念深く凝視する。,魔女は、気配の消え去った方角を執念深く凝視する。,"Ведьма настойчиво смотрела в сторону, где пропало присутствие.",A bruxa encarou persistentemente na direção em que a presença tinha desaparecido.,魔女甚是执着地凝视起了，方才感觉有人远去消失的方向。,魔女甚是執著地凝視起了，方才感覺有人遠去消失的方向。,La strega fissò con insistenza la direzione in cui la presenza era svanita.,The witch stared persistently in the direction the presence had disappeared to.,La bruja miraba persistente en la dirección en la que había desaparecido la presencia.,ﻛﺎﻧﺖ ﺍﻟﺴﺎﺣﺮﺓ ﺗُﺤﺪﻕ ﺑﺘﻤّﻌﻦ ﻓﻲ ﺍﻻﺗﺠﺎﻩ ﺍﻟﺬﻱ ﺷﻌﺮﺕ ﻓﻴﻪ ﺑﻮﺟﻮﺩ ﺷﺨﺺٍ ﻣﺎ.,The witch stared persistently in the direction the presence had disappeared to.,The witch stared persistently in the direction the presence had disappeared to.,The witch stared persistently in the direction the presence had disappeared to.
,"......That was the direction of the rose garden. And beyond that, she could see the mansion's dark silhouette created by lightning.","...That was where the rose garden lay. And beyond that, she could see the mansion's dark silhouette creating by lightning. ","......That was the direction of the rose garden. And beyond that, she could see the mansion's dark silhouette creating by lightning.",……それは薔薇庭園の方角。そしてその向こうには、雷光に黒いシルエットを浮かび上がらせる屋敷が見える。,……それは薔薇庭園の方角。そしてその向こうには、雷光に黒いシルエットを浮かび上がらせる屋敷が見える。,"......В этой стороне находился розарий. И в этом направлении она видела темный силуэт особняка, созданный молнией.","......Aquela era a direção do jardim de rosas. E além desse ponto, ela podia ver a silhueta escura da mansão, criada pelo relâmpago.",……那是玫瑰庭园的方向。在庭园的另一边，可以看到被雷光照成黑色剪影的大屋。,……那是玫瑰庭園的方向。在庭園的另一邊，可以看到被雷光照成黑色剪影的大屋。,"... Era la direzione in cui si trovava il roseto. E dietro di esso, poteva scorgere la sagoma scura della villa creata dai fulmini.","......That was the direction of the rose garden. And beyond that, she could see the mansion's dark silhouette created by lightning.","... En esa dirección se encuentra el jardín de rosas. Y más allá, pudo ver la oscura silueta de la mansión originada por un rayo.",......ﻟﻘﺪ ﻛﺎﻥ ﺍﺗﺠﺎﻩ ﺣﺪﻳﻘﺔ ﺍﻟﻮﺭﻭﺩ. ﻭﺧﻠﻔﻬﺎ ﻳﻘﻊ ﺍﻟﻘﺼﺮ ﺍﻟﺬﻱ ﺍﺳﺘﻄﺎﻋﺖ ﺭﺅﻳﺘﻪ ﻛﻠﻤّﺎ ﻭﻣﺾ ﺍﻟﺒﺮﻕ ﺑﻨﻮﺭﻩ,"......That was the direction of the rose garden. And beyond that, she could see the mansion's dark silhouette created by lightning.","......That was the direction of the rose garden. And beyond that, she could see the mansion's dark silhouette created by lightning.","......That was the direction of the rose garden. And beyond that, she could see the mansion's dark silhouette created by lightning."
,"......It took her quite some time before she pushed her unsatisfied feelings aside, and once again turned to face the guesthouse.",...It took quite some time before she pushed her unsatisfied feelings aside... and once again faced the guesthouse. ,"......It took her quite some time before she pushed her unsatisfied feelings aside, and once again faced the guesthouse.",……釈然としない気持ちを押さえ、再びゲストハウスに向き直るまで、彼女は短くない時間を掛けるのだった。,……釈然としない気持ちを抑え、再びゲストハウスに向き直るまで、彼女は短くない時間を掛けるのだった。,"......Ей понадобилось некоторое время, прежде чем она оттеснила в сторону свои неутихшие подозрения, и она снова повернулась к домику для гостей.","......Levou bastante tempo antes dela deixar seus sentimentos de insatisfação de lado, e mais uma vez se virar para encarar a casa de hóspedes.",……压抑住并未释然的心绪，重新转身面向宾馆，耗费了她一段不短的时间。,……壓抑住並未釋然的心緒，重新轉身面向賓館，耗費了她一段不短的時間。,"... Le ci volle un po' prima che potesse mettere da parte quel senso di insoddisfazione, e poi ancora una volta, si volse verso la casa degli ospiti.","......It took her quite some time before she pushed her unsatisfied feelings aside, and once again turned to face the guesthouse.","... Tardó bastante tiempo en dejar de lado sus sentimientos de disconformidad, y una vez más dirigió la vista a la casa de huéspedes.",......ﻭﺑﻴﻨﻤﺎ ﺗﻜﺒﺢ ﻓﻲ ﺩﺍﺧﻠﻬﺎ ﻫﺬﺍ ﺍﻟﺸﻌﻮﺭ ﺍﻟﻐﺎﻣﺾ ﺑﻌﺪﻡ ﺍﻻﺭﺗﻴﺎﺡ، ﺍﺳﺘﻐﺮﻗﺖ ﺑﻌﺾ ﺍﻟﻮﻗﺖ ﻗﺒﻞ ﺃﻥ ﺗﻌﻴﺪ ﺗﺮﻛﻴﺰ ﺍﻧﺘﺒﺎﻫﻬﺎ ﻣﺠﺪﺩﺍً ﻧﺤﻮ ﺑﻴﺖ ﺍﻟﻀﻴﺎﻓﺔ.,"......It took her quite some time before she pushed her unsatisfied feelings aside, and once again turned to face the guesthouse.","......It took her quite some time before she pushed her unsatisfied feelings aside, and once again turned to face the guesthouse.","......It took her quite some time before she pushed her unsatisfied feelings aside, and once again turned to face the guesthouse."
