Speaker,Spanish (ES)
,"... Cuando me di cuenta, todo estaba en silencio.{n}Era un lugar tenue. Pero... vasto."
,... ¿Dónde estoy exactamente?...
,"Me di cuenta de que estaba sentado en algo parecido a un sofá estrecho.{n}Era muy incómodo, y había muchos más iguales alineados uno junto al otro... en filas interminables."
,Fue entonces cuando me di cuenta de que estaba en un teatro.
Ushiromiya Lion,"""... ¿Dónde... estoy exactamente?..."""
,"No sabía desde cuándo estaba allí.{n}Y más importante aún, no sabía dónde estaba."
,"... Después del funeral de Beatrice, todos regresamos a la mansión..."
,"... Pero desde entonces, mis recuerdos son borrosos y no puedo recordar nada."
,"En ese momento, sentí la presencia de alguien y me sobresalté."
,"Al parecer, no era el único en las butacas de aquel vasto teatro."
,... El sonido venía justo del lado de mi asiento.
,"Miré y vi que, dejando unos cuantos asientos vacíos a mi izquierda, había una chica sentada."
,"No reconocí su rostro... ¿Quién será?{n}Su edad parecía similar a la mía. Parecía una estudiante de preparatoria, o quizá de universidad."
,"""... Mmm..."""
,"La chica murmuró algo. Al parecer, acababa de despertarse..."
,"Para no asustarla, decidí saludarla primero..."
Ushiromiya Lion,"""... Hola."""
Ushiromiya Ange,"""¡¡...!!"""
,Ella tampoco esperaba que hubiera alguien más allí.{n}Mi saludo la hizo sobresaltarse.
Ushiromiya Ange,"""... ¿Quién eres tú?"""
Ushiromiya Lion,"""Yo también me pregunto lo mismo... Parece que ninguno de los dos está aquí por voluntad propia."""
Ushiromiya Ange,"""... Eso... ¿es el emblema de una sola ala?"""
Ushiromiya Lion,"""¿Eh...? ¿Conoces este emblema?"""
,La chica miró con desconfianza el emblema de una sola ala bordado en mi cuello.
,"Aunque no podía llamarlo hostilidad, su mirada evidentemente directa no resultaba nada agradable."
Ushiromiya Lion,"""Permíteme presentarme primero... Soy Ushiromiya Lion."""
Ushiromiya Ange,"""¿Ushiromiya...? ¿Eh? ¿Qué?"""
Ushiromiya Lion,"""Lion. Se escribe con el kanji de ‘razón’ {p:0:理} y el de ‘control’ {p:0:御}, y se pronuncia ""Li‐on"". Es un nombre poco común, ¿verdad?"""
Ushiromiya Ange,"""... Si hablamos de nombres raros, yo tampoco me quedo atrás. Pero lo siento. No te conozco."""
Ushiromiya Lion,"""Es lógico, ya que yo tampoco te conozco."""
Ushiromiya Ange,"""No me refiero a eso. ¿Quién eres? No hay nadie como tú en la familia Ushiromiya."""
Ushiromiya Lion,"""¿Por qué estás tan segura de eso? ¿Tienes alguna relación con la familia?"""
Ushiromiya Ange,"""Yo soy parte de la familia Ushiromiya."""
Ushiromiya Lion,"""... Eso es..."""
,Ella mostró la manga izquierda de su ropa... y allí estaba bordado el emblema del Águila de un Ala.
Ushiromiya Lion,"""... Permíteme devolverte la pregunta, ¿quién eres? Nunca te he visto en la familia Ushiromiya."""
Ushiromiya Ange,"""... Primero me despedazan, luego me hacen leer... ¿Qué sigue ahora? ¿A qué bruja se supone que debo entretener esta vez?"""
,"Con un gesto de desdén, ella escupió esas palabras como si maldijera algo."
Ushiromiya Ange,"""Ange. Soy Ushiromiya Ange. La hija de Rudolf y Kyrie."""
Ushiromiya Lion,"""¡¿Eh?! ¿Eh...? ¡¿Ange-chan...?! Pero, Ange-chan debería tener solo seis años..."""
Ushiromiya Ange,"""... Tenía seis años cuando se celebró la última conferencia familiar en Rokkenjima... Ya veo. Ahora entiendo que tú eres alguien del año 1986. Yo tengo 18 años. Y soy alguien del año 1998."""
Ushiromiya Lion,"""E-Entonces... ¿eres Ange-chan del futuro, la de 12 años después?..."""
Ushiromiya Ange,"""Me alegra que lo entiendas. Pero, lo siento, no tengo idea de quién eres... ¿Quién eres tú? ¿Quiénes son tus padres?"""
Ushiromiya Lion,"""Mi padre es Krauss. Y mi madre es Natsuhi."""
Ushiromiya Ange,"""Eso te convertiría en Jessica onee-chan."""
Ushiromiya Lion,"""Jessica es mi hermana menor."""
Ushiromiya Ange,"""... ¿Qué significa esto? ¿Jessica no era hija única?..."""
,"Para este punto, empezaba a entender poco a poco la situación en la que se encontraba Ange."
,"... Probablemente, ella era la Ange de un mundo donde yo no existía, un mundo en el que desperté como bruja."
Ushiromiya Lion,"""Es difícil de explicar, pero... piensa en ello de esta manera. En un mundo diferente al que conoces, yo también soy parte de la familia Ushiromiya. En tu mundo, debido a un destino diferente, llevé otra vida y no viví como miembro de la familia Ushiromiya."""
Ushiromiya Ange,"""... ¿Eres una bruja?..."""
Ushiromiya Lion,"""Lamentablemente, soy solo una persona normal... Lo que acabo de decir es algo que me enseñó una bruja llamada {f:5:Bernkastel}‐san."""
Ushiromiya Ange,"""... ¿{f:5:Bernkastel}? ¿Esa del pelo largo y azul y la cara sombría?..."""
Ushiromiya Lion,"""Eh... sí. Creo que tenía esa apariencia..."""
Ushiromiya Ange,"""... Entonces. Estoy siendo arrastrada otra vez a una farsa de brujas. ¿Dónde estamos exactamente?"""
Ushiromiya Lion,"""Yo también acabo de despertar... Me pregunto dónde está esto."""
Ushiromiya Ange,"""Parece un teatro... ¿Será que quieren que veamos algo?"""
Ushiromiya Lion,"""... No estoy de humor para eso ahora mismo. Busquemos una salida."""
Ushiromiya Ange,"""... ¿No te has dado cuenta? Mira."""
Ushiromiya Lion,"""¿Eh...? Ah, esto es..."""
,Clink.
,Me di cuenta demasiado tarde. Mis muñecas y tobillos estaban atados con algo parecido a cadenas.
,"Mientras permaneciera sentado, tenía algo de libertad de movimiento, pero estaba claro que no podía irme de allí."
Ushiromiya Lion,"""... ¿Cuándo pasó esto?... ¿Quién podría haber hecho algo así?..."""
Ushiromiya Ange,"""... Si te conviertes en la pieza de una bruja... Serás su juguete para siempre... No hay escapatoria."""
,Ange hizo sonar las cadenas con un clink mientras cruzaba las piernas.
,"No importaba cuánto lo intentara, no podía liberarse de las cadenas... Entrar en pánico no cambiaría nada. Su temple era impresionante."
Ushiromiya Lion,"""¿Qué significa ser la pieza de una bruja?"""
Ushiromiya Ange,"""... Es como ser un sirviente de ellas... Hice un trato... Quería ver a mi familia, traerlos de vuelta de aquel día. La bruja me ofreció esa posibilidad a cambio de convertirme en su pieza... Al menos, la bruja cumplió su promesa. Al menos pude reunirme con mi Onii-chan."""
Ushiromiya Lion,"""... ¿Te refieres a Battler-kun?..."""
Ushiromiya Ange,"""Ni siquiera pude presentarme como Ange... Y a cambio de ese breve momento, sigo atrapada aquí, sin poder escapar de la caja de juguetes de las brujas, por toda la eternidad... Parece que tú también eres parte de este grupo... ¿Qué trato has hecho?"""
Ushiromiya Lion,"""Yo... no pacté nada..."""
Ushiromiya Ange,"""¿Nunca le has pedido nada a una bruja?"""
Ushiromiya Lion,"""Nunca... Solo me mostraron lo milagrosa que es mi existencia. Eso es todo."""
Ushiromiya Ange,"""... De cualquier forma, no podemos escapar de aquí... ¡Vamos, brujas! ¡¿Qué clase de espectáculo nos mostrarán esta vez?! ¿Después de la lectura, una obra de teatro? ¡¿Se supone que tengo que ver a alguien leer en voz alta esta vez, o qué?! Entonces, adelante, empiecen. ¡Ya estoy completamente aburrida!"""
,"Ange gritó hacia el oscuro escenario.{n}Su voz resonó en todo el teatro, pero nadie respondió..."
,"... No, alguien respondió. Y lo hizo con una voz que retumbó por todo el teatro."
,"Sin embargo, aquella voz era exageradamente teatral, como si anunciara el inicio de una obra."
,"""¿Quieres saber lo qué ocurrió ese día? No voy a decírtelo. ¡¿Por qué tan solo no te muerdes el ombligo y te mueres?!"""
Ushiromiya Lion,"""... ¿Esa voz es de...?"""
Ushiromiya Ange,"""Es esa vieja. Es la voz de la tía Eva."""
Ushiromiya Lion,"""¿Qué quiere decir con ""lo que ocurrió aquel día""?"""
Ushiromiya Ange,"""... Los días 4 y 5 de octubre de 1986... El día en que se celebró la última conferencia familiar en Rokkenjima."""
Ushiromiya Lion,"""En otras palabras, hoy."""
,Hoy es 4 de octubre de 1986.
,"Como preludio a la conferencia familiar, se celebró el funeral de Beatrice..."
Ushiromiya Ange,"""Estoy sorprendida. ¿Dices que vienes del 4 de octubre de 1986? Dime. ¿Qué ocurrió exactamente durante esos dos días?..."""
,La respuesta que busca está dentro de la caja del gato. Solo podría decirle que hubo malentendidos llenos de tristeza.
,"Sin embargo, esa explicación no sería suficiente para ella."
,"En ese momento, un destello de luz brillante atravesó el escenario."
,"Allí, una figura vestida de blanco estaba de pie.{n}... Aquel vestido blanco no dejaba lugar a dudas: era Clair."
,"Ange, por supuesto, no la conocía. Se preguntaba quién podría ser."
,"Sin embargo, incluso yo sentí algo extraño."
,... ¿No había sido su alma liberada de todos sus apegos y enviada al más allá durante el funeral hace solo un momento?
,"De pie en el centro del escenario, iluminada por una luz intensa, su rostro carecía de... vitalidad."
,Las luces comenzaron a multiplicarse una tras otra.
,"La luz la iluminaba con una intensidad creciente, hasta el punto de cegarnos a los que la observábamos."
,"El mundo quedó completamente inundado por una luz tan intensa que era imposible mantener los ojos abiertos. Un sonido ensordecedor, que parecía una mezcla entre el viento y el ruido de un televisor, llenó el espacio... Nuestra conciencia comenzó a desvanecerse..."
Ushiromiya Hideyoshi,"""¡Ahh...! ¡Este año también han floreci'o de manera espectacular!"""
Ushiromiya Rudolf,"""Debe ser un trabajo duro cuidar de esto. Para nosotros, que solo las admiramos, es algo fácil."""
Ushiromiya Kyrie,"""Jeje, estoy de acuerdo. Tenemos que agradecer a quienes las cuidan."""
Ushiromiya Eva,"""Aunque, no tienen mucha clase, ¿verdad? Eran más hermosas antes de que Nii-san las modificara."""
Ushiromiya Rosa,"""Aunque lo de antes también tenía su encanto."""
Ushiromiya Maria,"""¡Uu! ¡A María le gustan las rosas! ¡Le gustarían más si no tuvieran espinas! ¡Uu!"""
Ushiromiya Battler,"""¡Vaya! ¡Qué nostalgia este jardín de rosas! ¡Lo había olvidado por completo en estos seis años!"""
Ushiromiya George,"""¿Ya han pasado tantos años? Este jardín de rosas, y tú también, Battler-kun, han cambiado muchísimo."""
Ushiromiya Jessica,"""¡Ah, déjame presentarte! ¡Este es Kanon-kun, uno de los sirvientes! Es la primera vez que se conocen, ¿verdad?"""
Kanon,"""... Un placer conocerle."""
Ushiromiya Battler,"""¡Llámame Battler, por favor! ¡Encantado de conocerte!"""
Ushiromiya Jessica,"""Hoy también está Shannon. ¿Te acuerdas de cuando jugábamos juntos?"""
Ushiromiya Battler,"""¡Ah, Shannon! ¡Lo había olvidado por completo, qué nostalgia! ¡¿Cómo está?!"""
Ushiromiya George,"""En estos seis años, se ha vuelto aún más hermosa. Deberías saludarla después."""
Ushiromiya Maria,"""¡Shannon es muy amiga de George Onii-chan! ¡Uu!"""
Ushiromiya Jessica,"""¡María, shhh! ¡Eso es un secreto!"""
Gohda Toshiro,"""Bueno, señoras y señores, es hora de que les guíe hacia la casa de huéspedes."""
,"Después de disfrutar plenamente de la bienvenida de las rosas, los familiares se dirigieron hacia la casa de huéspedes bajo la guía de Gohda..."
,4 de octubre de 1986.
,Rokkenjima. Un mundo sin Lion.{n}... El día de la conferencia familiar de los Ushiromiya.
,"Después de la cena, María anunció que debía leer algo y comenzó a recitar el contenido de una misteriosa carta."
,"La autora de la carta, quien se autodenomina la Bruja Dorada {f:5:Beatrice}, desafió a los familiares."
,"Resuelvan el misterio del epitafio. De lo contrario, lo tomaré todo."
,"Era, como siempre, la declaración de apertura del juego de {f:5:Beatrice}."
,¿Un desconocido se involucra en el problema de la herencia?{n}¿Dónde está escondido el oro valorado en 20 mil millones de yenes?{n}¿Cuál es la intención de esta carta? ¿Con qué propósito?{n}¿Quién es realmente {f:5:Beatrice}?
,"Una cena del 4 de octubre, como en cada juego, llena de preguntas y desconfianza entrelazadas..."
Ushiromiya Rosa,"""George‐kun. Lamento pedirte esto, pero ¿podrías regresar a la casa de huéspedes con los demás? Mis disculpas."""
Ushiromiya Natsuhi,"""... Shannon. Lleva a los niños a la casa de huéspedes. Nosotros comenzaremos la conferencia familiar ahora."""
Shannon,"""S-Sí. Como ordene..."""
Ushiromiya Krauss,"""¿La Bruja Dorada, {f:5:Beatrice}?... Vaya, qué peculiar carta nos ha enviado..."""
Ushiromiya Eva,"""¿Que resolvamos el epitafio, dice?... Qué tontería. Ese oro nos pertenece. ¡¿Por qué íbamos a cederlo a alguien de fuera?!..."""
Ushiromiya Rudolf,"""... Si encontramos ese oro, todos seremos felices. Nadie saldrá perdiendo, ¿verdad?"""
Ushiromiya George,"""Vamos. De aquí en adelante es una conversación de adultos..."""
Ushiromiya Battler,"""... Vaya, vaya. Parece que será un tema complicado."""
Ushiromiya Jessica,"""Vamos, María... Vámonos..."""
Ushiromiya Maria,"""El ritual de Beato ha comenzado... Kiji{0}ji{0}ji{0}ji{0}jiji..."""
Shannon,"""Entonces... Les guiaré a la casa de huéspedes..."""
Ushiromiya Lion,"""... Esto... ¿Qué significa...?"""
Ushiromiya Ange,"""Podría ser una recreación de alguno de los juegos pasados... o tal vez, un juego nuevo. En cualquier caso, el 4 de octubre siempre sigue casi el mismo desarrollo."""
Ushiromiya Lion,"""... ¿Un juego nuevo? ¿Quieres decir que es una historia que no existía en los fragmentos anteriores?"""
Ushiromiya Ange,"""No puede ser un juego que ya conocemos, no después de habernos encadenado para mostrárnoslo... Deberíamos asumir que se trata de un juego nuevo. Si es así, debe haber un Game Master. ¿Quién será? ¿Esa bruja? ¿{f:5:Bernkastel}...?"""
Ushiromiya Lion,"""No creo que sea el caso... Clair debería haber desaparecido ya. No debería haber necesidad de tejer una nueva historia..."""
Ushiromiya Ange,"""El tablero de juego de Beato fue tomado por esas malvadas brujas hace mucho tiempo. Incluso Beato no es más que una pieza en su juego."""
Ushiromiya Lion,"""... ¿Qué significa esto?... ¿Quién está detrás de todo esto? ¿Qué es lo que quieren mostrarnos?..."""
,Antes de que comenzara esta historia. Es cierto que Clair apareció en el escenario.
," Ella es, en efecto, una versión de ""mí"" de un mundo con un destino diferente, y la narradora de la historia del juego de {f:5:Beatrice}."
,"Sin embargo, ella confió todo a Will, y todos los misterios deberían haber sido resueltos."
,Ella ya no debería tener necesidad de plantear nuevos enigmas...
,"... Entonces, ¿esta historia es un intento de {f:5:Bernkastel} por ponerme a prueba?..."
,"Al menos, junto con Will, llegué a lo más profundo de la historia y comprendí incluso el corazón del culpable."
,"Así que, incluso si se presenta una historia completamente nueva, debería ser capaz de ver a través de los enigmas."
,... ¿Es ese mi papel?...{n}¿Es mi papel revelar la verdad de la historia a Ange?...
Ushiromiya Lion,"""... ¿Lo sabes? ¿Sobre la verdad detrás de esta historia?"""
Ushiromiya Ange,"""Tengo algunas hipótesis en mente. Pero no puedo llegar a una respuesta definitiva para ninguna de ellas. La verdad siempre está dentro de la caja del gato. No se puede afirmar con certeza."""
,"En este mundo, Ange estuvo ausente ese día.{n}Por lo tanto, es natural que no sepa lo que ocurrió ese día."
,"Pero yo, al menos, sé quién es el culpable y qué planeaba hacer ese día..."
Ushiromiya Lion,"""... Por fin... Creo que finalmente entiendo cuál es mi papel."""
Ushiromiya Ange,"""¿Qué quieres decir?"""
Ushiromiya Lion,"""Aparentemente, estás aquí como espectadora, y yo estoy aquí para explicar las cosas."""
Ushiromiya Ange,"""¿Y qué es lo que vas a explicar?"""
Ushiromiya Lion,"""Yo... sé quién es el culpable del incidente que está por ocurrir."""
Ushiromiya Ange,"""¿Qué has dicho...?"""
Ushiromiya Krauss,"""Si lo piensas con lógica... Parece que alguien quiere que resolvamos el epitafio para luego arrebatarnos el mérito."""
Ushiromiya Rudolf,"""Estoy de acuerdo. Si lo resuelven primero, solo tendrían que quedarse con todo y ya. ¿Por qué molestarse en provocarnos diciendo que lo resolvamos?"""
Ushiromiya Eva,"""Es una broma de alguno de los sirvientes. Seguro piensan que, si encuentran el oro, podrían recibir una recompensa como propina."""
Ushiromiya Natsuhi,"""No creo que haya alguien así entre los sirvientes de esta familia..."""
Ushiromiya Rosa,"""... O tal vez alguien de nosotros se hizo pasar por un sirviente y envió esa carta."""
Ushiromiya Eva,"""Si lo pones así, tú eres la más sospechosa. ¿No será que le pediste a María que actuara y leyera esa carta?"""
Ushiromiya Rosa,"""¡Y-Yo nunca haría algo así!"""
Ushiromiya Hideyoshi,"""Basta ya, Eva. No deberías sacar conclusiones apresuradas. ¿No es el momento de que nos mantengamos uni'os?"""
Ushiromiya Kyrie,"""Tienes razón. Esa carta sospechosa busca claramente romper nuestra unión. Cuanto más juguemos a su juego, más estaremos cayendo en las manos de esa tal {f:5:Beatrice}."""
Ushiromiya Krauss,"""Tienes razón, Kyrie-san. Quizás lo mejor sea no darle importancia a una carta como esa desde el principio, ¿no crees?"""
Ushiromiya Natsuhi,"""Eso es lo que he dicho desde el principio. ¡Esto no es más que una broma insignificante!"""
Ushiromiya Hideyoshi,"""Así es, tienes toda la razón. ¡Si un par de improbables reclamaciones por daños y perjuicios te ponen nervioso, nunca serás capaz de vender nah!"""
Ushiromiya Eva,"""Mi marido tiene razón. Tomarse en serio algo tan infantil solo sería una pérdida de tiempo. Si alguien realmente quisiera involucrarse en el asunto de la herencia, no se molestaría en enviar una carta tan indirecta, simplemente se presentaría abiertamente."""
Ushiromiya Rudolf,"""Exacto. Seguramente alguien quiere hacernos creer que hay otra persona intentando hacer demandas sobre la herencia, cuando su verdadero objetivo es solo recoger las sobras."""
Ushiromiya Rosa,"""... ¿Quizás sea alguien que pida dinero a cambio de no interferir en el asunto de la herencia?"""
Ushiromiya Kyrie,"""Si fuera así, ya lo habría escrito en la carta."""
Ushiromiya Krauss,"""El contenido de la carta es simplemente un desafío: resuelvan el epitafio o lo tomaré todo."""
Ushiromiya Hideyoshi,"""¡El 'ta intentando que resolvamos el misterio del epitafio! Eso es to', ni más ni menos."""
Ushiromiya Rudolf,"""En resumen. Prestarle atención a una carta como esta es perder."""
Ushiromiya Krauss,"""Sí, estoy de acuerdo... Es como una escena sacada de una novela de misterio, tan intrigante que terminamos divirtiéndonos con ello. ¡Jajajaja! Parece que nosotros tampoco estamos muy tranquilos."""
Ushiromiya Natsuhi,"""Pero, ¿quién pudo escribir una carta como esta? Es algo realmente irritante."""
Ushiromiya Eva,"""Si no fueron los sirvientes, entonces fue alguien entre nosotros quien la escribió. No diré quién, claro."""
Ushiromiya Rosa,"""¡D-Deja de decir eso! ¡De verdad que no sé nada sobre esto!"""
Ushiromiya Hideyoshi,"""Vamos, vamos. Sin embargo, lo que dice la carta tiene algo de razón... Todos aquí necesitamos dinero. Y, si es posible, lo necesitamos enseguida. No creo que haya nadie que esté en desacuerdo con eso, ¿verdad?"""
Ushiromiya Rudolf,"""... Eso es cierto. El dinero y el amor nunca son suficientes, ¿verdad?"""
Ushiromiya Krauss,"""La herencia del viejo... no sabemos cuándo llegará... Pero el oro del epitafio es diferente. Si lo encontramos, lo repartimos de inmediato."""
Ushiromiya Eva,"""En cierto sentido... Es un dinero más tangible que la herencia de nuestro padre."""
Ushiromiya Rosa,"""Claro, siempre y cuando resolvamos el misterio del epitafio..."""
Ushiromiya Kyrie,"""... Supongo que todos aquí han intentado resolver el misterio del epitafio, ¿no?"""
,"Cuando Kyrie hizo esta pregunta al grupo, todos asintieron en silencio."
Ushiromiya Kyrie,"""Aquí hay cuatro personas que comparten la sangre del autor del acertijo, y aun así, cada uno está resolviendo el misterio por su cuenta. ¿No creen que eso no es nada eficiente?"""
Ushiromiya Rudolf,"""... Es cierto. Cada uno de nosotros ha estado intentando resolver el acertijo solo, movido por su propia avaricia... Pero. Ya hemos llegado a un acuerdo sobre cómo repartir el oro si lo encontramos. Y también hemos aceptado que el hermano mayor será el próximo líder de la familia."""
Ushiromiya Krauss,"""Aunque nos costó bastante llegar a ese acuerdo."""
Ushiromiya Rosa,"""... Si trabajáramos juntos para resolver el acertijo, ¿podríamos descifrar el epitafio?..."""
Ushiromiya Kyrie,"""Dicen que tres cabezas piensan mejor que una. Y aquí somos siete, nada menos."""
Ushiromiya Eva,"""En cuanto al tema de la herencia de nuestro padre, hoy hemos llegado a un acuerdo general... Tal vez podríamos intentar resolver el epitafio como un entretenimiento."""
Ushiromiya Hideyoshi,"""Eso es. Podríamos probarlo un rato, mientras paramos para fumar."""
Ushiromiya Natsuhi,"""... Qué tontería. Hablar de un oro escondido..."""
Ushiromiya Rudolf,"""Vamos, vamos. Solo tómalo como un pasatiempo. Pidámosle a Gohda que nos traiga algo frío para beber. Mientras tomamos un descanso, podríamos intentar resolver el acertijo juntos como hermanos, por una vez."""
Ushiromiya Krauss,"""Mmmm. De todas formas, la noche es larga. Es mucho más constructivo que especular sobre la vida de nuestro padre."""
Ushiromiya Rosa,"""Voy a llamar a Gohda‐san. Que nos traiga algo, ¿de acuerdo?"""
Ushiromiya Eva,"""¿Un poco de té y dulces?... ¿Y tal vez un mapa de Taiwán también?"""
,Se veían dos figuras en la pérgola del jardín de rosas.{n}... Era un encuentro entre George y Shannon.
Ushiromiya George,"""Quiero que aceptes este anillo."""
Shannon,"""G‐George‐sama..."""
Ushiromiya George,"""Prometo amarte toda mi vida... No solo ahora que somos jóvenes. Te amaré hasta que envejezcamos y hasta el final de nuestros días, y prometo hacerte feliz."""
Shannon,"""... ¿No hay falsedad alguna en esas palabras?"""
Ushiromiya George,"""No, ninguna. Estoy completamente decidido y seguro de que puedo amarte y construir un hogar feliz contigo."""
Shannon,"""¿Y cómo sería ese hogar feliz?"""
Ushiromiya George,"""Bueno. Sería un hogar muy feliz. Una casa con coche y un jardín. Y un perro como mascota. En el jardín, un pequeño huerto familiar. Los niños corriendo de un lado a otro mientras nosotros los observamos desde el balcón con una sonrisa. Esa sería la escena típica de nuestros domingos en el futuro."""
Shannon,"""Es una escena maravillosa..."""
Ushiromiya Battler,"""¡¿Quééé?! ¡¿Esos dos son {i:pareja}?!"""
Ushiromiya Jessica,"""¡Shhh! ¡Estás hablando demasiado alto! ¡María se va a despertar!"""
Ushiromiya Battler,"""C-Cierto. Así que es verdad... Ahora que lo mencionas, había buen ambiente entre ellos hoy... Claro, ya estamos en la edad de enamorarnos también."""
Ushiromiya Jessica,"""Hemos cambiado mucho en los últimos seis años. George-nii-san antes parecía poco confiable, pero ahora es diferente."""
Ushiromiya Battler,"""Yo también lo noté. George-aniki ahora tiene mucha más presencia."""
,"... Pero aún así, Shannon-chan y George-aniki. Es un poco inesperado."
,"Hace seis años jugaban juntos, pero no parecía que tuvieran tanta conexión."
Ushiromiya Battler,"""... Tiene sentido, han pasado seis años."""
Ushiromiya Jessica,"""Estos seis años han sido importantes para todos."""
Ushiromiya Battler,"""Sí... Yo también he pasado por muchas cosas en estos seis años, y siendo honesto, casi me había olvidado de Rokkenjima."""
Ushiromiya Jessica,"""Bueno, yo también casi me había olvidado de ti, Battler."""
Ushiromiya Battler,"""¡Eso es cruel! ¡Jajaja~!"""
,"Mientras hablamos así, siento que poco a poco volvemos a ser como éramos hace seis años."
,"Seis años tan largos que casi los habíamos olvidado por completo.{n}Pero, al estar así, esos seis años empiezan a revivir poco a poco."
,... Shannon‐chan...
,"Hace seis años, estabas en nuestro grupo de amigos y jugábamos juntos a muchas cosas."
,"Creo que, en ese entonces, puede que me gustara Shannon‐chan."
,Era esa edad en la que uno está demasiado consciente de sí mismo y enamorado de la idea del amor.
,"Recuerdo esas palabras cursis y tontas con las que bromeaba, unos recuerdos dulces y amargos a la vez."
Ushiromiya Battler,"""... Qué nostálgico. Creo que dije un montón de cosas vergonzosas que ahora no podría decir ni en broma. ¡Argh, solo recordarlo me hace ponerme rojo!"""
Ushiromiya Jessica,"""Jejeje. Shannon será algo despistada, pero tiene buena memoria. Luego le preguntaré sobre las vergonzosas historias del pasado de Battler."""
Ushiromiya Battler,"""¡O-Oye, para ya! Han pasado seis años, ¡ya debería haber prescrito, ¿no?!"""
,... Vaya... Así que Shannon está saliendo con George‐aniki...
,...
,¿Qué me pasa? ¿Acaso estoy celoso?
,"Ahora que lo pienso... lo que tenía con Shannon en ese entonces, probablemente fue mi primer amor."
,"Bueno, considerando que la olvidé por completo hasta volver a verla, no tengo derecho a estar celoso."
Ushiromiya Rudolf,"""Es un hecho conocido que la tierra natal de padre es el distrito Taisho, en Taiwán."""
Ushiromiya Krauss,"""Incluso ahora, de vez en cuando, mi padre recuerda Taiwán y mastica una nuez de betel. Parece que lo descubrió en su juventud como sustituto del tabaco."""
Ushiromiya Rosa,"""... Pero estoy segura de que había muchos ríos donde nadaban peces ayu."""
Ushiromiya Eva,"""Hay un sinfín de arroyos que son famosos lugares de pesca de peces ayu... Los ayu pueden vivir en cualquier lugar mientras el agua sea limpia. Es un caso perdido."""
Ushiromiya Hideyoshi,"""¿No será algún riachuelo cerca de donde jugaba padre cuando era niño? Habla de ayu, pero podría ser algo tan común como una carpa."""
Ushiromiya Kyrie,"""... O tal vez sea una metáfora. El río no tiene por qué ser necesariamente uno con agua corriente."""
Ushiromiya Natsuhi,"""¿Un río sin agua corriente?..."""
Ushiromiya Kyrie,"""Quién sabe... No tengo ni idea."""
Ushiromiya Rudolf,"""Kyrie tiene un buen punto. ¿Entonces, sería precipitado asumir que la tierra natal es Taiwán o que el río de los ayu es uno con agua corriente?"""
Ushiromiya Hideyoshi,"""Visto así, no tengo nada que decir. Cuanto más lo piensas, más parece un acertijo complica'o."""
Ushiromiya Eva,"""... Es cierto. Esto es solo un absurdo rompecabezas... Kyrie tiene razón. Tenemos que pensar con la mente abierta."""
Ushiromiya Rosa,"""Si hablamos de un río cerca del distrito Taisho... ¿podría ser el río Tamsui?"""
Ushiromiya Eva,"""¡¿Estás escuchando lo que digo?! ¡Te estoy diciendo que no tiene por qué ser un río con agua corriente! ¡¿Y quién garantiza que ese río sea el de los ayu?!"""
Ushiromiya Rosa,"""T-Tienes razón... lo siento..."""
Ushiromiya Rudolf,"""... Bueno, probablemente había ayu nadando ahí. Después de todo, es un río de agua dulce. No sería raro que un pez de agua dulce como el ayu nadara ahí."""
Ushiromiya Krauss,"""El ayu es un pez de agua dulce. Entonces, un río de ayu es un río de agua dulce. ¿Así que por eso el río se llama ""Tamsui""({ruby:Agua dulce:{p:0:淡水}})? Jajaja. Es un juego de palabras."""
Ushiromiya Kyrie,"""Es una teoría interesante... Sigamos deduciendo un poco más. Si sigues el río hacia abajo, encontrarás una aldea... ¿Qué pueblo hay en la desembocadura del río Tamsui?"""
Ushiromiya Natsuhi,"""... Está escrito como ""Tamsui""."""
Ushiromiya Eva,"""He visitado Tamsui como turista. Es un tranquilo pueblo portuario. El atardecer era precioso."""
Ushiromiya Rudolf,"""¿Encontraste allí la ""costa"" de la que hablaban los dos?"""
Ushiromiya Eva,"""... Quién sabe. No tengo idea."""
Ushiromiya Rosa,"""Al final, supongo que ese 'añorado pueblo natal' no se refiere a Taiwán. Quizás sea Odawara, después de todo."""
Ushiromiya Krauss,"""Si no debemos descartar ninguna posibilidad... entonces esto es un caso perdido. Ni siquiera podemos avanzar de manera coherente desde la primera línea del epitafio."""
Ushiromiya Eva,"""¡Silencio, me desconcentras!... Tiene que ser Taiwán. ¡Padre jamás describiría otro lugar como añorado!"""
Ushiromiya Natsuhi,"""... En eso, estoy completamente de acuerdo. Para padre, Taiwán sigue siendo su hogar en su corazón."""
Ushiromiya Rosa,"""No tiene sentido obsesionarse solo con la primera línea. Voy a revisar las otras líneas... Empezaré con el primer crepúsculo."""
Ushiromiya Rudolf,"""... Yo haré lo mismo. Dejaré el río de los ayu a Aneki y revisaré lo que sigue."""
Ushiromiya Kyrie,"""En el primer crepúsculo, ofrece a los seis elegidos por la llave como sacrificios. Qué misterioso."""
Ushiromiya Eva,"""Lo... Lo tengo."""
,"De repente, Eva murmuró esas palabras.{n}Todos se sobresaltaron y se giraron hacia ella."
,Eva comenzó a pasar las páginas sobre Taiwán con una intensidad impresionante. Encontró la página que buscaba y la abrió con tanta fuerza que casi la rasga.
,"Habían estado revisando constantemente las páginas con nombres de lugares.{n}Teniendo en cuenta la cantidad de información disponible, se decidió que lo más adecuado era analizarlo en esa página."
,"Sin embargo, la página que Eva abrió contenía información muy limitada."
,Era... una página con el mapa de las líneas de tren.
Ushiromiya Eva,"""... Si sigues el río hacia abajo... una aldea... ¡una aldea! ¡Ahí está, lo encontré!"""
Ushiromiya Krauss,"""¿D-De qué estás hablando, Eva? Explícalo."""
Ushiromiya Eva,"""¡¡Silencio!! ¡Hay una costa, una ""boca"" para ""hablar"" también...! No sé qué significa eso de ""los dos te dirán"", pero... ¡¡hay una aldea, una costa y una boca!! ¡¡Es aquí, este debe ser la aldea donde yace la llave del oro!!"""
Ushiromiya Hideyoshi,"""¡C-Cálmate! ¡Explícalo de manera que podamos entenderlo también!"""
Ushiromiya Kyrie,"""... ¿La línea Tamsui? Ya veo. ¿Entonces, el río de los ayu se refiere a la línea de tren llamada Tamsui?"""
Ushiromiya Natsuhi,"""Ah... Pero no creo que haya ayu nadando ahí..."""
Ushiromiya Eva,"""¡¡Mira!! ¡Si sigues la línea Tamsui en dirección descendente, hay una estación que antes se llamaba Kirigan! ¡¡Mira bien los kanji!! ¡¡¡Hay una aldea ({p:0:里}), una boca ({p:0:口}), y una costa ({p:0:岸})!!!"""
Ushiromiya Hideyoshi,"""¡Es verdad...! ¡¡Tiene ""aldea"", también ""boca"" y ""costa""!!"""
Ushiromiya Rudolf,"""... A medida que avances río abajo, verás una aldea... Es cierto, entre los nombres de las estaciones de la línea Tamsui, esa es la única que incluye ""aldea""."""
Ushiromiya Krauss,"""Ya veo, es como un código que apunta hacia el nombre de esta estación..."""
Ushiromiya Eva,"""¡¡Es esto, no hay duda!! ¡Si investigamos, seguro entenderemos lo que significa ""dos te dirán""...! ¡Mira, mira! ¡¡Esto, esto!!"""
Ushiromiya Kyrie,"""En el nombre de Kirigan, el ri {p:0:リ} se forma con el radical boca {p:0:口} y el kanji aldea {p:0:里}... Eso significa que Kirigan tiene dos bocas {p:0:口}. Es decir... ¿dos te dirán?"
Ushiromiya Rosa,"""E-Es increíble, hermana... Esto es, sin duda..."""
Ushiromiya Natsuhi,"""¿Eso significa que en algún lugar de este pueblo llamado Kirigan hay una llave escondida?"""
Ushiromiya Kyrie,"""Me pregunto... Hasta ahora, los enigmas han sido juegos de palabras. Si es así, es muy probable que ""Ahí descansa la llave"" también sea un juego de palabras, ¿no crees?"""
Ushiromiya Eva,"""Estoy de acuerdo. En el primer crepúsculo, la llave elige a seis sacrificios, ¿verdad? Es decir, es difícil pensar que se trate de algo con la forma literal de una llave... ¡Eso no tiene sentido!"""
Ushiromiya Rudolf,"""... Vaya... Esto se está poniendo... interesante..."""
Ushiromiya Eva,"""Ofrece a los seis elegidos por la llave como sacrificios.... ¡Piensa en una llave que podamos deducir de esto! ¡Y con eso, desentrañemos el significado del lugar llamado ""Kirigan""! Estoy segura, ¡esto es un juego de palabras! ¡Definitivamente es un juego de palabras! ¡¡Piensen, todos!!"""
Ushiromiya George,"""Es curioso, ¿no? Incluso una lluvia que deprime cuando estás solo, contigo se siente fresca y agradable."""
Shannon,"""... Es hora de regresar. Kanon-kun nos está esperando."""
Ushiromiya George,"""Tienes razón. Creo que también he hecho esperar bastante a Jessica-chan y a Battler-kun."""
Shannon,"""Es nostálgico, ¿verdad? La señorita, George-sama, Battler-sama y yo... Hubo un tiempo en que los cuatro jugábamos juntos, ¿no es así? Esos días también fueron divertidos."""
Ushiromiya George,"""Yo disfruto más ahora. Porque ahora puedo tenerte solo para mí."""
Shannon,"""Jejeje... Oh, George‐sama."""
,"Se rieron de la melodramática frase de George. Sin embargo, la risa de George sonaba un poco forzada."
Shannon,"""... ¿George‐sama?"""
Ushiromiya George,"""¿Eh...? Ah, perdón... La verdad, todavía tengo un complejo de inferioridad con Battler-kun."""
Shannon,"""¿Un complejo...?"""
Ushiromiya George,"""Él se parece al tío Rudolf: es vivaz, divertido y, sobre todo, lleno de energía. Es mucho más carismático que yo... Cuando estoy junto a él, siento que me vuelvo invisible."""
Shannon,"""Eso no es cierto. Usted es admirable y tiene su propio encanto, George-sama. No tienes nada que envidiarle a Battler-sama."""
Ushiromiya George,"""... ¿De verdad?"""
Shannon,"""Sí, de verdad."""
Ushiromiya George,"""La verdad es que... Cuando escuché que Battler regresaría este año... Al principio no me gustó."""
Shannon,"""¿Por qué...?"""
Ushiromiya George,"""... Hace seis años... El que realmente era cercano a ti era Battler-kun. Yo quería acercarme más a ti, pero no había forma de que pudiera interponerme entre ustedes... Desde mi perspectiva, no podía hacer más que observar con impotencia. Parecían hechos el uno para el otro."""
Shannon,"""¿Es así como lo recuerda?... No creo que fuéramos una pareja ideal... Más bien, Battler-sama solo se burlaba de mí constantemente..."""
Ushiromiya George,"""... Eran la pareja perfecta. Sin lugar a dudas... Estaba convencido de que ustedes estaban juntos."""
Shannon,"""Eso nunca fue así. Creo que está exagerando, George-sama..."""
Ushiromiya George,"""... Soy realmente patético, ¿no? Hoy, cuando te entregué el anillo, tenía miedo de que lo rechazases."""
Shannon,"""¿Por qué pensarías eso? ¿Por qué habría de rechazar tu anillo, George-san?"""
Ushiromiya George,"""Porque... Battler-kun ha regresado. En el fondo, sigues enamorada de Battler‐kun... Y ahora que él ha vuelto, temí que ya no tuviera lugar en tu vida."""
Shannon,"""... ¿George‐san? Mira esto. El brillo plateado que ves en mi dedo anular. ¿Qué crees que es?"""
Ushiromiya George,"""... Tienes razón. Lo siento. No sé por qué estoy tan alterado... Supongo que, después de seis años, al verlo más apuesto que nunca, me dejé llevar por los celos otra vez... Es patético."""
Shannon,"""No, está bien. Ese sentimiento no es más que la prueba de lo mucho que George-san desea que nadie más me tenga... Si temes que mis sentimientos puedan cambiar hacia Battler-sama... Entonces ámame con tanta fuerza que no me quede espacio para pensar en nadie más... Ámame tanto que no tenga tiempo de pensar en ningún otro hombre que no seas tú."""
Shannon,"""Yo también tengo miedo. Mujeres mucho más atractivas que yo aparecerán en tu vida, estoy segura. O tal vez, un día te canses de mis defectos. Tengo miedo de no poder mantener tu amor solo para mí durante toda la vida."""
Ushiromiya George,"""No tienes por qué temer eso. Te prometo que te amaré toda mi vida."""
Shannon,"""Yo también hice esa promesa, pero en cuanto Battler-sama regresó, dejaste de confiar en mí."""
,"Cuando Shannon dejó escapar una pequeña risa, George finalmente se dio cuenta de que sus palabras inseguras la habían herido..."
Shannon,"""... He ganado el corazón de un hombre maravilloso llamado Ushiromiya George-san. Le hice prometer que me amaría por toda la vida y me entregó este anillo como símbolo de esa promesa. Con este anillo en mi dedo anular, voy a ser completamente honesta contigo."""
Ushiromiya George,"""Sí."""
Shannon,"""Es cierto, como dices... Hace seis años, estaba enamorada de Battler-sama. Probablemente, lo quería más de lo que te quería a ti en aquel entonces."""
Shannon,"""Pero... Eso fue hace seis años. No tiene nada que ver con el presente. Esos sentimientos hacia Battler-sama se resolvieron durante estos seis años y quedaron atrás, junto con los recuerdos del pasado. Ahora, solo existo para amarte a ti."""
,"Shannon lo dijo con firmeza, sin titubeos..."
,George dejó escapar una leve y vacilante sonrisa... probablemente la misma sonrisa que habría mostrado seis años atrás.
,"Luego, enderezó su espalda con determinación y abrazó a Shannon en silencio. Para él, ese fue el momento en el que finalmente dejó atrás al George de hace seis años..."
Ushiromiya Hideyoshi,"""¡Aquí traigo la escalera!... ¡Vamos, vamos!"""
Ushiromiya Rosa,"""<Quadrillion>... Este es el único lugar en esta isla en el podrías encontrar ese número."""
Ushiromiya Eva,"""10¹⁵ en la escala corta... Es difícil de creer."""
Ushiromiya Kyrie,"""Si nuestra teoría es correcta, entonces las letras de ese relieve deben ser la clave."""
Ushiromiya Krauss,"""Solo hay una forma de saberlo. ¿Quién subirá?"""
Ushiromiya Rudolf,"""Subiré yo. Sujétenla bien."""
Ushiromiya Natsuhi,"""Ten cuidado. Está bastante alto..."""
,"Rudolf comenzó a subir por la escalera que habían colocado. Con cada peldaño, la lluvia lo empapaba más y más..."
Ushiromiya Kyrie,"""Mira la letra ""Q"". ¿Qué ves? ¿Parece que haya algún mecanismo?"""
Ushiromiya Rudolf,"""Nnn... Esto se mueve un poco... ¿Oh? ¡Oh, no!..."""
Ushiromiya Eva,"""¡¿Qué pasa?! ¡¿Ha pasado algo?!"""
Ushiromiya Rudolf,"""... Jeje. Bingo. Mira esto."""
,Rudolf lanzó la letra 'Q' desde lo alto de la escalera.{n}Golpeó el hombro de Krauss antes de caer en un charco de agua.
Ushiromiya Rosa,"""Esto es... ¡una llave!"""
Ushiromiya Hideyoshi,"""¡¿Qué significa esto?! ¡Rudolf‐kun! ¡¿Es posible que se puedan sacar también las otras letras?!"""
Ushiromiya Rudolf,"""... Sí, parece que sí. ¡Al parecer, nuestra descabellada teoría no estaba equivocada! ¡¿Cuál es la siguiente letra que debemos sacar?!"""
Ushiromiya Natsuhi,"""Eh, esto... ¡la ""i""! ¡Y luego la ""l""!"""
,"Siguiendo las instrucciones, Rudolf comenzó a eliminar las seis letras correspondientes al primer crepúsculo..."
,"Una vez llegaran a ese punto, ya no habría nada que se interpusiera entre ellos y la resolución del misterio."
,"Por ensayo y error, finalmente llegaron al último mecanismo."
Ushiromiya Krauss,"""Eso de apuntar comenzando por la cabeza seguramente significa hacerlo en orden, de izquierda a derecha."""
Ushiromiya Kyrie,"""¡Rudolf‐san! ¡Gira las llaves en orden, de izquierda a derecha, y luego sácalas!"""
Ushiromiya Rudolf,"""¡Entendido!..."""
Ushiromiya Rudolf,"""Con esto, todas las letras han sido eliminadas. En el noveno crepúsculo, nadie podrá quedar con vida. ¿verdad?"""
Ushiromiya Rosa,"""¡¿Y...?! ¿Ha pasado algo?"""
Ushiromiya Rudolf,"""Sentí algo, pero no parece haber ningún cambio. Quizás se abrió una puerta secreta en algún lugar."""
Ushiromiya Hideyoshi,"""¡Eh, oye! ¡Mira eso! ¡¡Se movió, 'toy seguro de que se movió!!"""
Ushiromiya Eva,"""¡¿...?! ¡Miren todos! ¡La posición de la estatua del león ha cambiado!"""
Ushiromiya Natsuhi,"""¿Q-Qué significa esto? ¡¿Hay algún secreto en la estatua del león?!"""
Ushiromiya Krauss,"""... No, no es eso. Probablemente significa que debemos mirar hacia donde apunta el león. Fijense bien. Hacia donde está mirando esa estatua del león."""
Ushiromiya Rosa,"""¡La posición de ese otro león también ha cambiado...! ¡¿Qué significa esto?!"""
Ushiromiya Eva,"""¡Idiotas! ¡Nos está guiando! ¡Significa que debemos ir en la dirección hacia donde apunta el león!..."""
,"Eva salió corriendo, ansiosa por adelantarse.{n}Los demás la siguieron, cada uno corriendo por su cuenta."
,... El oro estaba ya al alcance de sus manos.
Ushiromiya Krauss,"""... Es impresionante. Quién iba a pensar que existía una escalera oculta como esta."""
Ushiromiya Eva,"""Ahora tiene sentido. Ahora entiendo por qué padre no quería que nadie se acercara a la capilla..."""
Ushiromiya Rosa,"""... Me pregunto, ¿desde cuándo existe este mecanismo? Por el aspecto del pasadizo subterráneo, parece que lleva aquí mucho tiempo..."""
Ushiromiya Kyrie,"""Probablemente, se construyó al mismo tiempo que la mansión... Quizás el enigma del epitafio también fue preparado hace décadas."""
Ushiromiya Rudolf,"""Bueno, viniendo de ese viejo... Creí que ya nada podría sorprenderme."""
Ushiromiya Natsuhi,"""¿Hasta dónde llega esta escalera?..."""
Ushiromiya Hideyoshi,"""Oigan, tal vez ese viejo rumor era cierto... Ya saben, la historia sobre que él tenía una amante en una mansión oculta en algún lugar del bosque."""
Ushiromiya Krauss,"""Ya veo. Es probable que este pasaje subterráneo llegue a ese lugar."""
Ushiromiya Rosa,"""... Me pregunto si se conecta con la mansión de aquel día..."""
Ushiromiya Eva,"""Creo que hemos encontrado el objetivo... Miren esa puerta sucia. Algo está escrito en ella."""
Ushiromiya Rudolf,"""... Fiuuu. Bingo."""
,En la puerta había algo escrito con pintura roja.
,"En el décimo crepúsculo, al final de la travesía, recibirás el poder de los cuatro tesoros de la Aldea Dorada..."
Ushiromiya Kyrie,"""¿Se abre?..."""
Ushiromiya Eva,"""Sí... ¿Están preparados? Voy a abrirla."""
Ushiromiya Krauss,"""¿Finalmente hemos llegado al oro?..."""
Ushiromiya Hideyoshi,"""Suena demasiado bueno para ser verdad... pero 'toy deseando que lo sea."""
Ushiromiya Rosa,"""Abrámosla, Nee‐san."""
Ushiromiya Eva,"""Bien. Aquí vamos."""
,La pesada puerta... se abrió lentamente...
,"Entonces, la habitación VIP subterránea llena de oro se mostró..."
,Solo tuvieron un instante para admirar el espléndido mobiliario de la habitación VIP subterránea.
,"Tan pronto como la montaña de oro junto a la cama con dosel apareció a la vista, todos se detuvieron, aturdidos."
,"Después de un segundo, el silencio atónito se desvaneció y fue reemplazado por gritos de asombro y alegría salvaje..."
Ushiromiya Krauss,"""... ¡¡Increíble!! ¡¡Jaja, jaj{0}ja{0}ja{0}ja{0}ja{0}ja{0}jaja!!"""
Ushiromiya Rosa,"""N-No puedo creerlo... ¡¡Son 20 mil millones de yenes en oro!!... ¡¡Existe... de verdad existe!!"""
Ushiromiya Kyrie,"""Qué montaña tan brillante. Es casi cegadora..."""
Ushiromiya Hideyoshi,"""¡¡Ujajajajajajajaja!! ¡Lo hicimos! ¡¡Lo conseguimos!! ¡¡Ganamos este juego!!"""
Ushiromiya Natsuhi,"""... ¡N-No deben tocar sin permiso! ¡¡Este es el oro de padre!!"""
Ushiromiya Eva,"""¡¿Oh, de verdad?! Entonces, ¡¿por qué no llamas a padre aquí ahora?! ¡¡Hazlo de inmediato!! ¡¡Tu pequeña farsa ya terminó hace rato!!"""
Ushiromiya Rudolf,"""Natsuhi nee‐san. Pongamos un final a esas mentiras tan obvias, ¿de acuerdo? ¡Tenemos una auténtica montaña de oro frente a nosotros! Lo mejor sería que fueramos honestos entre nosotros."""
Ushiromiya Eva,"""Afortunadamente, en este momento todos estamos de buen humor y nos sentimos muy generosos. ¡Ríndete de una vez!"""
Ushiromiya Natsuhi,"""¡Nng...!"""
,Una pila de oro tan grande contiene poder mágico en su interior. Ese poder extrae los sentimientos más honestos dentro de las personas.
,"La luz del candelabro se reflejaba en la montaña dorada, iluminándolos con su brillo dorado."
,Era como si el brillo los manipulara.
,"Por un rato, se olvidaron de su edad, aullaron y rieron, corriendo y rodando como un grupo de niños de preescolar emocionados en un parque..."
Ushiromiya Ange,"""... ¿Qué es todo esto? ¿Qué se supone que significa?"""
Ushiromiya Lion,"""El epitafio fue resuelto antes de que el crimen ocurriera... por todos los hermanos en conjunto..."""
Ushiromiya Ange,"""Eso no ha sucedido en ninguno de los juegos hasta ahora."""
Ushiromiya Lion,"""... Supuestamente, {f:5:Beatrice} decidió que no cometería el crimen si el epitafio era resuelto..."""
Ushiromiya Ange,"""Sí, supuestamente... Hmph. Eso ya lo veremos."""
,Ange gruñó... pero yo lo creí.
,... Esto es lo que Clair decidió.
,"Ella confió todo a la ruleta del destino, así que obedecería el resultado."
,"Dejó que la ruleta decidiese su destino, ya que no era capaz de decidirlo por su cuenta."
,Así que hará lo que le dice. Seguirá su propia regla.
,Definitivamente cumplirá su promesa.
Ushiromiya Lion,"""No creo... que el crimen vaya a ocurrir."""
Ushiromiya Ange,"""... ¿De verdad lo crees?"""
Ushiromiya Lion,"""Sí... Su ruleta ya ha tomado una decisión. Este es el final de su juego."""
Ushiromiya Ange,"""Si es el final, ¿qué pasará después? ¿Felizmente todos terminan volviéndose ricos y salen ilesos de la conferencia familiar? ¿Mi familia regresará a casa conmigo trayendo lingotes que no son de chocolate como regalo? ¿Será un final feliz para todos? ¡¿Crees que esas brujas nos encadenarían a sillas para mostrarnos un sueño ingenuo como ese?!"""
Ushiromiya Lion,"""... Mgh..."""
,"Cuando resaltó la cadena en su muñeca con un ruido metálico, no pude responderle con confianza."
,"Aun así, quiero creer."
,"Aunque este podría ser el final menos emocionante, el juego de Clair ahora ha llegado a su fin."
,"... Quizás, solo una vez al final, quiso mostrarnos un mundo donde no ocurre ningún crimen."
,"Ahora que ha desaparecido sin ningún remordimiento, creo que pretendía dejarnos un regalo de despedida, un juego donde no ocurre ningún crimen, en cierto sentido, el tipo de juego más pacífico."
,Me gustaría creer eso.
,... Si tan solo estas pesadas y frías cadenas no estuvieran reteniéndonos en este teatro.
Ushiromiya Rosa,"""¡¿¡¿H-Hay alguien ahí?!?!"""
,El estridente grito de Rosa hizo que la celebración se detuviera de inmediato.
,Rosa sabía que lo había visto.
,La cortina contra la pared se había ondeado y detrás de ella había una figura humana.
Ushiromiya Rudolf,"""... Vamos, no hagas eso. Solo estás imaginando cosas..."""
Ushiromiya Eva,"""¡¿Hay alguien ahí?! ¡Si lo está, salga!..."""
,Cuando Eva gritó... la cortina se sacudió.
,Y entonces... una bruja que llevaba un vestido negro apareció desde el otro lado...
,"En un instante, todos se dieron cuenta de que el vestido era el mismo que usaba la bruja del retrato... y se dieron cuenta de una cosa más."
,Esta persona... era la dueña de esta habitación.
{f:5:Beatrice},"""... Bienvenidos a la habitación del oro."""
,"Su rostro y su voz eran inexpresivos, vacíos."
,"Los demás se miraron entre sí, preguntándose quién debería responder. Rudolf fue el primero en hablar."
Ushiromiya Rudolf,"""... Así que tú eres {f:5:Beatrice}."""
{f:5:Beatrice},"""En efecto."""
Ushiromiya Rosa,"""Entonces, ¡¿fuiste tú quien le dio la carta a María?!..."""
{f:5:Beatrice},"""En efecto."""
Ushiromiya Krauss,"""... ¿Acaso todo esto es obra de padre?"""
{f:5:Beatrice},"""No. Este es... mi juego."""
Ushiromiya Eva,"""Si es así, entonces hemos ganado. ¡Hemos resuelto el acertijo del epitafio y hemos encontrado el oro!..."""
Ushiromiya Hideyoshi,"""¡Hemos acepta'o tu desafío y hemos ganado!... Eso significa que este oro nos pertenece, ¡¿verdad?!"""
{f:5:Beatrice},"""En efecto, es tal y como dicen... Resolvieron el epitafio espléndidamente y descubrieron el oro escondido. Este juego termina con su victoria... Este oro ya no es mío, le pertenece a todos ustedes..."""
Ushiromiya Krauss,"""... Parece que eres una buena perdedora."""
Ushiromiya Eva,"""Oye, tú... ¿Qué planeabas hacer si no hubiésemos resuelto el acertijo del epitafio?"""
Ushiromiya Rudolf,"""La carta decía que te quedarías con ""todo lo de la familia Ushiromiya""."""
{f:5:Beatrice},"""Sí. Planeé tomar todas sus riqueza... y todas sus vidas... Planeé hacer lo que quisiera con todo lo que existe en esta isla."""
,... La bruja caminó hacia la mesa al lado de la cama.
,"Entonces, por primera vez, los demás se dieron cuenta de lo que había sobre esa mesa."
,Eran... cuatro rifles. También había un estuche lleno de balas...
,La bruja habló sin cambiar su expresión mientras jugaba con una de las balas de plomo que yacían sobre la mesa.
{f:5:Beatrice},"""En caso... de que la noche hubiera terminado antes de que pudieran resolver el acertijo del epitafio... planeaba seguir sus instrucciones y cometer trece asesinatos."""
Ushiromiya Rosa,"""¿Q-Qué acabas de decir?..."""
Ushiromiya Kyrie,"""... Eso fue lo que pensé cuando vi ese epitafio por primera vez... Casi parece algo que encontrarías en una novela de misterio sobre asesinatos en serie... Es cierto. Si hubieras matado a trece personas para que coincidieran con el epitafio... habría sido un crimen bastante misterioso..."""
Ushiromiya Natsuhi,"""¡No hay forma en que pudieras hacer eso tú sola!... ¡¡No importa cuántas armas tengas, matar a trece personas... eso sería simplemente...!!"""
{f:5:Beatrice},"""... Mi planificación fue meticulosa e involucró muchas alternativas diferentes. Imaginé todas las acciones que podrían realizar entre esta noche y mañana... y preparé un misterio para abordar cada una de ellas... Me temo que ya no puedo revelarlos, pero tenía preparados un buen número de intrincados y entretenidos asesinatos de habitaciones cerradas."""
Ushiromiya Rudolf,"""Probablemente podrías haber disparado a algunos de nosotros mientras dormíamos. ¡Pero no hay manera de que hubieras podido matar a trece de nosotros!... No somos tan tontos."""
{f:5:Beatrice},"""... Eso parece. De todos modos, el resultado que consideraba más improbable era que el epitafio fuera resuelto antes del primer crepúsculo."""
Ushiromiya Krauss,"""Entonces, nunca pensaste que llegaríamos a este lugar."""
{f:5:Beatrice},"""Ese no es el caso... Incluso este fue uno de los resultados de la ruleta que deseaba crear. Y es muy probable que sea el mejor resultado para todos ustedes. Nadie morirá y podrán abandonar esta isla con el oro... Felicidades. Este juego termina con una victoria perfecta para todos ustedes."""
,"Si nadie podía resolver el acertijo, planeaba tomar esas armas y cometer un asesinato en serie. Todos tragaron saliva mientras veían a la bruja hacer su confesión sin mostrar emoción alguna..."
Ushiromiya Kyrie,"""... Si tu confesión es la verdad, eso significa que estabas tratando de matarnos."""
{f:5:Beatrice},"""Sí. Eso es verdad."""
Ushiromiya Rudolf,"""Qué demonios... No puedo creer que puedas admitir eso."""
Ushiromiya Krauss,"""No puedes esperar que te tratemos favorablemente ahora que nos has revelado eso..."""
{f:5:Beatrice},"""Estoy preparada... Pueden hacer lo que quieran conmigo... Si no hubieran resuelto el epitafio, yo les habría hecho lo mismo, así que es justo."""
Ushiromiya Hideyoshi,"""... Esta chica tiene agallas."""
{f:5:Beatrice},"""Planeé este juego porque estaba preparada para apostar mi vida. Estoy satisfecha con el resultado... Si desean matarme ahora, estoy preparada."""
,Ella ya ni siquiera valoraba su vida.
,"La bruja caminó hacia los demás mientras hablaba, y ellos automáticamente dieron un paso atrás..."
{f:5:Beatrice},"""El oro es de todos ustedes. Planeaba darle todo a quien lo descubriera primero, pero no esperaba que serían siete personas... Les dejo la decisión de cómo dividir el oro a ustedes siete. No me involucraré... Así que..."""
,La bruja se acercó aún más.
,Ella caminó por el medio del grupo hasta el reloj antiguo que estaba detrás de ellos.
,El reloj era grande y tenía un aire digno. La bruja le dio unas palmaditas y habló.
{f:5:Beatrice},"""... Permítanme explicar el dispositivo dentro de este reloj. Porque no solo han ganado el oro, sino la totalidad de esta isla."""
Ushiromiya Krauss,"""¿A qué... te refieres con eso?"""
Ushiromiya Kyrie,"""... Si interpretamos el epitafio como un caso de asesinatos en serie, 13 personas son asesinadas hasta el octavo crepúsculo... Pero en el noveno crepúsculo... dice claramente que nadie podrá quedar con vida."""
Ushiromiya Rudolf,"""¿Qué significa eso?... En otras palabras, ¿ella estaba planeando masacrarnos a todos?"""
Ushiromiya Eva,"""... No me digas que ese reloj..."""
{f:5:Beatrice},"""Lo adivinaste... está conectado a un conjunto de explosivos."""
Ushiromiya Kyrie,"""¿Fuiste tú quien configuró eso?... ¿O fue Ushiromiya Kinzo?"""
{f:5:Beatrice},"""Ushiromiya Kinzo fue quien lo configuró. Este mecanismo es la fuente de su alocado poder mágico..."""
Ushiromiya Hideyoshi,"""... N-No comprendo na' de lo qué 'tán diciendo."""
Ushiromiya Rudolf,"""En otras palabras... ¿Padre instaló esta bomba, y si en algún momento se iba a la quiebra, estaba preparado para morir en una explosión que arrasaría con todo, incluido él mismo?..."""
{f:5:Beatrice},"""En esta isla, Ushiromiya Kinzo hizo un contrato con la Bruja Dorada y obtuvo el oro. Sin embargo, eso no fue todo lo que obtuvo."""
Ushiromiya Natsuhi,"""... ¿De qué estás hablando?..."""
Ushiromiya Eva,"""Espera... no me digas que..."""
Ushiromiya Krauss,"""Hay un rumor sobre que existen restos de una antigua  militar japonesa en Rokkenjima... Podría ser..."""
{f:5:Beatrice},"""Sus suposiciones son correctas... Debajo de esta isla yacen los restos de una base militar japonesa subterránea de la época de la guerra. Junto con novecientas toneladas de explosivos."""
Ushiromiya Hideyoshi,"""¡¿N-Novecientas toneladas?! ¡E-Eso es increíble! ¡Si eso explotara, el resultado sería inimaginable! ¡¡Olvídate de que la mansión explote, dejaría un cráter enorme!!"""
{f:5:Beatrice},"""Creo que la estimación de un experto daba como resultado un agujero de varias docenas de metros de profundidad y un kilómetro de diámetro."""
Ushiromiya Krauss,"""... No quedaría... ni siquiera un rastro..."""
{f:5:Beatrice},"""Hay un mecanismo especial que controla la detonación de estos explosivos... Este interruptor que acabo de accionar activa el mecanismo."""
,La bruja jugó con un interruptor en la parte superior del reloj antiguo.
{f:5:Beatrice},"""... Si llega la medianoche mientras el interruptor está en esta posición, los explosivos detonarán."""
Ushiromiya Natsuhi,"""P-Pero ya casi es medianoche..."""
Ushiromiya Kyrie,"""En otras palabras, no es una bomba de tiempo que explota un cierto número de horas después de que la activas... Es una que solo explota a la medianoche."""
{f:5:Beatrice},"""En efecto... Ya casi es medianoche. Si lo que desean es una explosión, solo tienen que dejarlo así."""
Ushiromiya Eva,"""¡¿Quién querría eso?!... ¡Apágalo!"""
,"Hasta este momento, el único que lo sabía probablemente era Kinzo."
,La base secreta de Rokkenjima había comenzado como una base para submarinos.
,"Sin embargo, cuando ese plan quedó estancado, se redefinió como una base de alto secreto para la defensa nacional."
,Se había elaborado un gran plan para que el ejército y la marina realizaran un ataque de pinza contra las fuerzas estadounidenses si estas últimas decidían desembarcar en la playa de Kujuukuri y avanzar hacia Tokio.
,"Como carta de triunfo de esta masiva maniobra defensiva, la marina comenzó a almacenar grandes cantidades de explosivos y combustible en absoluto secreto."
,Y la base de Rokkenjima era el lugar donde se almacenaban.
,El peso total de los explosivos enterrados fue de novecientas toneladas.
,"Además, temiendo que los estadounidenses pudieran descubrir los secretos de la isla y apoderarse de los explosivos, instalaron un sistema para la autodestrucción de toda la isla..."
,"Kinzo, que sabía de todo esto, decidió no solo mantener activo este sistema de autodestrucción, sino conectarlo a este extraño reloj que podría causar la explosión cualquier día a medianoche."
,"... Kinzo es famoso por acumular fondos utilizando una gran reserva de oro, para posteriormente usarlos en múltiples apuestas jugándoselo todo, una tras otra."
,¿Qué significaban para él sus reservas de oro... y las novecientas toneladas de explosivos en la isla?
,"En este punto, solo podemos especular. Quizás la verdadera fuente del alocado poder de Kinzo... no era el oro después de todo."
,"Tal vez era este dispositivo, con el que podría borrarse a sí mismo y a toda esta isla de la existencia si perdía una gran apuesta y todo lo que poseía."
,Debió haber estado arriesgando el oro y todo lo que tenía en cada momento de su vida...
,Kinzo probablemente había mirado este reloj en ocasiones... tal vez accionando el interruptor y dejando que el reloj siguiera corriendo.
,"Siempre que las cosas se ponían difíciles y él se quedaba atascado, tal vez se escondía aquí y activaba el interruptor..."
,Podría haberse impuesto como regla que destruiría todo si no se le ocurría un plan brillante antes de que llegara la medianoche.
,"Miraría la montaña de oro, escuchando como el tictac del reloj lo acercaba cada vez más a su muerte mientras buscaba alguna idea..."
,"Quizás el verdadero estudio de Ushiromiya Kinzo no era el de la mansión, sino este lugar..."
Ushiromiya Rudolf,"""... Todo este mecanismo suena típico de papá... En ese caso, es posible que cada vez que... se preocupaba por algo, nosotros, los niños, también estábamos en riesgo..."""
Ushiromiya Rosa,"""Tratándose de padre... no sería impensable..."""
{f:5:Beatrice},"""Ahora este dispositivo les pertenece a todos ustedes... Si quieren una enorme explosión, úsenlo cuando gusten."""
Ushiromiya Hideyoshi,"""¡¿'Tás loca?!... ¡¿Quién querría una gran explosión?!..."""
Ushiromiya Kyrie,"""... Estos explosivos tienen medio siglo de antigüedad, ¿verdad? ¿De verdad explotarían?"""
{f:5:Beatrice},"""Sí, por supuesto. Los explosivos y las mechas todavía funcionan... Los he probado yo misma."""
Ushiromiya Natsuhi,"""¿Los probaste?..."""
Ushiromiya Rudolf,"""... ¿Podría ser... eso?"""
Ushiromiya Krauss,"""Sí, finalmente entiendo. Así que por eso el santuario desapareció sin dejar rastro..."""
,"Este verano, el santuario había desaparecido sin dejar rastro, junto con el arrecife que se encontraba debajo."
,"Aunque pensaron que era extraño que las olas pudieran haberlo destruido sin dejar rastro, nadie le había prestado mucha atención."
,"Y ahora, esta pieza encaja perfectamente en el hueco dejado por esa extraña sensación..."
{f:5:Beatrice},"""En efecto... Usé ese santuario para probar si los explosivos todavía funcionaban después de medio siglo. Creo que todos son conscientes del resultado."""
Ushiromiya Natsuhi,"""..."""
{f:5:Beatrice},"""La pequeña cantidad que usé fue suficiente para hacer desaparecer todo el arrecife. Como seguro pueden imaginar, novecientas toneladas de eso causarían una explosión lo suficientemente grande como para reescribir el mapa..."""
Ushiromiya Krauss,"""... Si ocurriera una explosión como esa, seguramente todos moriríamos. Pero ¿qué hubieras hecho tú? Por algún motivo dudo que tuvieras la intención de morir junto al resto nosotros..."""
{f:5:Beatrice},"""Esta habitación VIP subterránea está conectada a un pasaje subterráneo de los restos de la base militar. Si sigues recto por ahí, llegarás a la mansión oculta en el lado opuesto de la isla, Kuwadorian. Está a unos dos kilómetros de distancia. Si llegas hasta allí, debería ser posible escapar de la explosión."""
Ushiromiya Kyrie,"""... Ya veo. Así que planeabas escapar allí justo antes de la explosión."""
{f:5:Beatrice},"""Solo he dicho que tal cosa es posible... Puede que no lo crean, pero si el noveno crepúsculo hubiera terminado antes de que alguno de ustedes pudiera resolver el acertijo... planeaba morir junto con todos."""
Ushiromiya Rudolf,"""... Hay algo seriamente mal en esta chica..."""
Ushiromiya Eva,"""Está demente... ¡No tiene sentido pensar en ello! ¡Si no hubiéramos resuelto el epitafio, ella habría usado esas armas, o tal vez ese interruptor, para masacrarnos a todos! ¡¡No tengo ninguna duda!!"""
{f:5:Beatrice},"""Tienes razón... Han terminado este juego de la mejor manera posible, sin que haya habido ni una sola víctima... Deseo transmitir mi respeto y admiración. Aunque fue un esfuerzo de siete personas, solo les tomó una noche resolver el acertijo que a mí me llevó mucho tiempo resolver... Eso es digno de alabanza."""
Ushiromiya Krauss,"""También te admiro por tu gracia y honestidad ante la derrota... Aún no hemos decidido que vamos a hacer contigo, pero espero hacer todo lo posible para llegar a un acuerdo caballeroso."""
{f:5:Beatrice},"""... No se preocupen más por mí. Como alguien que ya estaba preparada para matarlos a todos y morir en el proceso, ya soy uno de los muertos."""
,"La Bruja Dorada {f:5:Beatrice} resolvió el epitafio, llegó a esta habitación y revivió."
,Y ahora... Nuevas personas habían resuelto el acertijo y llegaron a esta sala... así que su papel había terminado.
,Cuando el acertijo del epitafio fue resuelto... la ilusión de la bruja creada por {f:5:Beatrice} terminó.
,Lo más probable es que nadie en esta sala sería capaz de comprender su trágica resolución.
,"... Probablemente, ella era la única que podía entenderlo."
,"Mientras los muchos yo dentro de ella comprendieran, eso sería suficiente."
,... Soy un ser y a la vez muchos.
,"Me entregué a la ruleta mágica de infinitas posibilidades.{n}El resultado, la respuesta, es esta.{n}Esto es lo que me han demostrado las cartas del tarot conocidas como el ritual del epitafio."
,... {f:5:Beatrice} ya está muerta.
,Ellos no la mataron.{n}Fui yo quien la mató... de acuerdo con el mandato del destino.{n}Ellos nunca lo entenderán... por toda la eternidad.
,...
,"La bruja se quedó mirando el techo sin hablar durante un rato, luego pareció como si de repente hubiera recordado algo."
,Ella agarró las mangas de su vestido y sacó una especie de tarjeta.
{f:5:Beatrice},"""Oh, sí. Lo olvidé... No necesitó dinero después de haber muerto. También les daré esto."""
Ushiromiya Rosa,"""... ¿Una tarjeta de efectivo?"""
{f:5:Beatrice},"""He convertido una parte del oro en efectivo. Esto es para la cuenta donde está el dinero."""
Ushiromiya Hideyoshi,"""Ya veo. Así que esta es la energía mágica de la Bruja Dorada."""
Ushiromiya Krauss,"""¿Cuánto hay en la cuenta?"""
{f:5:Beatrice},"""He olvidado la cifra exacta. Sin embargo, hay más de mil millones de yenes."""
Ushiromiya Rudolf,"""¡Mil millones!... ¡Eso sí que es magia!"""
Ushiromiya Kyrie,"""Cierto. No hay nada que no puedas hacer con tanto dinero."""
{f:5:Beatrice},"""Muy cierto. La magia más poderosa para contrarrestar la toxina anti-magia de los {y:0:Humanos}{n:0:humanos}, es esta magia de oro... Es posible que esta tarjeta tenga mayor poder que los lingotes."""
Ushiromiya Krauss,"""Ciertamente. El dinero en efectivo sería mucho más agradable que los lingotes."""
{f:5:Beatrice},"""Aquí tienen... Ya no necesito esto."""
,La tarjeta que ella ofreció... no fue tomada por nadie.
,¿Quién entregaría una tarjeta con mil millones de yenes dentro?
,"La montaña de oro, el dispositivo para volar la isla, la tarjeta con mil millones de yenes... Todo esto superaba su comprensión."
,Así que... nadie pudo atreverse a tomarla.
Ushiromiya Eva,"""... No me agrada."""
{f:5:Beatrice},"""... ¿Qué es lo que no te agrada?"""
Ushiromiya Eva,"""Miren aquí, hay una montaña de oro. También apagaré los explosivos y ya que estamos les daré una tarjeta con mil millones de yenes... Suena demasiado bueno para ser verdad... Estás tratando de engañarnos de alguna manera, ¿no es así?"""
{f:5:Beatrice},"""No tengo ningún deseo de engañarlos, pero no intentaré obligarte a creer... Les he ofrecido todo, les he revelado todo. A partir de ahora, lo que crean o lo que hagan es decisión suya, nuevos dueños del oro. Son libres incluso de no creer nada de lo que digo y abandonar este lugar."""
Ushiromiya Krauss,"""Eva. No puedo imaginar que ella esté mintiendo."""
Ushiromiya Eva,"""¡¿Y cómo puedes saber eso?! ¡No me gusta lo relajada que está actuando! ¡Es como si pensara que ya ha ganado!... ¡¡Se me acaba de ocurrir algo justo ahora!! ¡¿Qué pasaría si estuviera mintiendo sobre cuál es el lado ‘apagado’ del interruptor?!"""
Ushiromiya Rosa,"""¿Q-Qué quieres decir, Nee‐san?..."""
Ushiromiya Eva,"""¡Hace apenas un segundo, esta mujer accionó el interruptor, diciendo que apagaría la bomba! ¡¿Pero qué pasaría si en realidad eso acaba de activarla?! Resolvimos el acertijo, así que pusiste el interruptor de la bomba en ‘encendido’, tratando de hacernos explotar junto con los demás, ¡¿cierto?!"""
{f:5:Beatrice},"""... Si eso es lo que piensas, siéntete libre de mover el interruptor del reloj. Será medianoche en un minuto... El reloj te mostrará la verdad."""
Ushiromiya Eva,"""¿Q-Qué dijiste?..."""
Ushiromiya Rudolf,"""O-Oye, ¿qué se supone que debemos hacer?... ¿La bomba está puesta en ‘encendido’? ¡¿O en ‘apagado’?!"""
Ushiromiya Krauss,"""¡No creo que esté mintiendo!... Está desactivada. ¡No deberíamos moverlo!..."""
Ushiromiya Eva,"""¡¡Pero no me agrada!! ¡¿Por qué está tan resignada a su destino?! ¡¿Por qué nos ofrece cosas una tras otra?! ¡¡Nos está engañando para ganar tiempo!! ¡¡Quiere ganar tiempo hasta la medianoche para poder arder junto con nosotros!!"""
{f:5:Beatrice},"""..."""
Ushiromiya Rosa,"""¿Y-Y qué hay del interruptor en sí? ¿Hay alguna manera de saber si está encendido o apagado?..."""
,En la parte superior del reloj antiguo había un interruptor de metal que podía deslizarse hacia la derecha o hacia la izquierda.
,"Actualmente, estaba hacia la izquierda."
,"Sin embargo, no había marcas en particular en ninguno de los lados que indicaran qué lado era ""apagado"" y cuál era ""encendido""."
Ushiromiya Rudolf,"""¡¡Oye, dinos la verdad!! ¡¿De qué lado se apaga?!"""
{f:5:Beatrice},"""... Izquierda. En este momento está apagado."""
Ushiromiya Eva,"""¡Rudolf, idiota! ¡¿Realmente esperas una respuesta honesta de ella?! ¡¡Es lo opuesto... Tiene que serlo!! ¡¡El lado derecho debe ser para apagarlo!!"""
Ushiromiya Rosa,"""¡¡Y-Ya no nos queda tiempo, Nee‐san!!..."""
Ushiromiya Krauss,"""¡¡Detente, Eva!! ¡No toques el interruptor! ¡¡Ya está apagado!!"""
Ushiromiya Natsuhi,"""¡¡Eva‐san, quita tu mano de ahí!!"""
Ushiromiya Kyrie,"""Estoy de acuerdo. Ahora está apagado. Si hubiera querido matarnos con una bomba, no nos lo habría dicho."""
Ushiromiya Eva,"""¡¡¡...!!! ¡¡B‐{f:5:Beatriceeeeeee}...!! ¡¡¡No creas que puedes engañarme!!!..."""
{f:5:Beatrice},"""... Cinco... cuatro... tres..."""
Ushiromiya Eva,"""¡¡¡Nng, aah... aaaaaaaaaarrrrgggghh!!!"""
,El segundero del reloj... marcaba más allá de la medianoche.
,El 4 de octubre terminó... y el telón se levantó el 5 de octubre de 1986...
,El interruptor seguía apuntando hacia la izquierda.{n}...  Se había demostrado que las palabras de la bruja eran correctas.
{f:5:Beatrice},"""... ¿Me he ganado tu confianza ahora?..."""
Ushiromiya Eva,"""¡M‐Maldita zorra!"""
,"Con una expresión horrible y cubierta de sudor, Eva le arrebató la tarjeta de efectivo de la mano a la bruja."
Ushiromiya Eva,"""... ¿Qué hay de la libreta bancaria y el sello? ¡No podemos retirar nada con solo una tarjeta!"""
{f:5:Beatrice},"""Todo lo que necesitan es el PIN. Tiene ocho dígitos."""
Ushiromiya Eva,"""¡¡E-Espera un segundo!! ¡¡Voy a escribirlo!!..."""
,Eva y Kyrie sacaron un bolígrafo y un bloc de notas y comenzaron a escribir el número de ocho dígitos que les dijo la bruja.
{f:5:Beatrice},"""... Eso es todo lo que tengo que decirles y darles... No diré nada más. Todas mis tareas han sido completadas."""
,"Después de decir esto, la bruja se dio la vuelta... y se sentó en la cama."
,Ella ya ni siquiera miraba a los demás.
,"Ella estaba sentada allí como una cascarón vacío que, tal como había dicho, había terminado todo lo que existía para hacer..."
,"Durante un rato, todos observaron a la bruja para ver si recordaba algo más y comenzaba a hablar."
,"Sin embargo, no dijo nada más."
,"La bruja, que se había hecho llamar una de las muertas, ahora era poco más que una gran muñeca francesa que vestía un vestido negro..."
,"El oro es la única encarnación física de la magia que puede aparecer en el mundo humano.{n}Desde la antigüedad, incluso un pequeño fragmento de él podía controlar a los hombres con su magia."
,"En ese caso, ¿cuánto poder mágico habitaría en él... si estuviera amontonado en una montaña tan alta que tendrías que mirar hacia arriba para ver la cima?"
Ushiromiya Eva,"""¡No seas tonto, lo dividiremos equitativamente! ¡¿No es esa la solución obvia?!"""
Ushiromiya Krauss,"""¡¿No habíamos acordado que la mitad de esta montaña me pertenecería y la otra mitad se dividiría entre ustedes tres?!"""
,"Los gritos de la gente que bailaba alrededor del oro resonaron por toda la sala subterránea...{n}Frente a la montaña de oro, discutían sobre cómo dividirlo."
Ushiromiya Eva,"""¿Podrías haber resuelto el acertijo tú solo, Nii-san? No podrías haberlo hecho, ¡¿verdad?! ¡Los cuatro hermanos lo solucionamos juntos! ¡¡Por supuesto que lo dividiremos en cuatro partes iguales!!"""
Ushiromiya Natsuhi,"""¡Cobardes! ¡¿No fueron ustedes los primeros que hicieron esa propuesta sobre la distribución del oro?! ¡¿Cómo pueden descartar eso tan fácilmente?!..."""
Ushiromiya Rudolf,"""¿De verdad crees que estás en posición de negociar? ¡¿Cuando fueron ustedes los que ocultaban la muerte de papá?!..."""
Ushiromiya Rosa,"""¡¡E-Eso es cierto, es verdad...!! ¡Nos han estado estafando todo este tiempo, tratando la riqueza de padre como si les perteneciera solo a ustedes!..."""
Ushiromiya Kyrie,"""Todo lo que tienen que hacer es dividir el oro en partes iguales y nos olvidaremos del asunto. Suena bastante justo para mí."""
Ushiromiya Krauss,"""Bueno, si van a decir eso, intentemos dividirlo en cuatro partes. Siéntanse libres de dividir esta montaña de oro en cuatro y de llevarse su parte a casa."""
Ushiromiya Krauss,"""¡Espero que tengan bolsillos que puedan cargar 2.5 toneladas de lingotes!... Parece que todos han enloquecido por el oro y han perdido toda capacidad de hacer juicios racionales."""
Ushiromiya Hideyoshi,"""¿Qué quieres decir con eso, Krauss nii‐san?"""
Ushiromiya Krauss,"""Miren este lingote. Como pueden ver, no hay marcas oficiales, solo la cresta de padre... ¿Cómo pretenden convertir el oro sin marcar en efectivo?"""
Ushiromiya Rudolf,"""Nnn... bueno..."""
Ushiromiya Krauss,"""¿Finalmente te diste cuenta? Esta montaña de oro bien podría valer 20 mil millones de yenes. Sin embargo, eso solo si puedes cambiarlo por dinero en efectivo. ¡¿Alguno de ustedes es capaz de liquidar tantos lingotes desconocidos y sin marcar al tipo de cambio adecuado sin que se sepa nada al respecto?!"""
,"Si se tratara de un collar o un anillo, cambiarlo por dinero en efectivo habría sido un problema manejable."
,"Sin embargo, hacer eso con varias toneladas de oro sin marcar que no se pueden hacer públicas... sería imposible para cualquier persona normal."
,"... Sin embargo, Krauss podía hacerlo."
,"Entre los varios socios comerciales que habían sido cercanos a la familia desde la generación de Kinzo, había algunos que tenían vínculos con el mercado negro y suficiente influencia financiera."
,Los mil millones de yenes vinculados a la tarjeta de efectivo que la Bruja Dorada había entregado también era dinero que había sido liquidado a través de una de las conexiones de Kinzo...
,"Sin embargo, ninguno de los otros hermanos tenía conexiones de ese tipo."
,Tendrían que confiar en Krauss para cambiar el oro por dinero en efectivo.
Ushiromiya Krauss,"""Finalmente se están dando cuenta. Me disculpo por ocultar todas esas cosas sobre padre. Sin embargo, su posición no es tan fuerte como para que puedan usarla en mi contra."""
Ushiromiya Eva,"""... ¡¿¡¿D-De verdad crees que esa pequeñez te da la ventaja?!?!"""
Ushiromiya Krauss,"""¿Qué pretendes hacer con ese arma? Por favor, deja esa cosa peligrosa a un lado."""
,Eva agarraba el arma con tanta fuerza que parecía que se iba a romper.
,... Las cuatro armas que la bruja había colocado en esta habitación ahora estaban en manos de los familiares.
,"Así como el oro había llevado sus corazones por mal camino, parecía que estas armas tenían el poder mágico de hacer que sus corazones sucumbieran a la violencia..."
,"Finalmente, surgió una pelea entre Eva y Krauss."
,"A un lado, Natsuhi comenzó a discutir con Rudolf y su esposa, y la gran habitación VIP subterránea se llenó de una cacofonía de arrebatos de ira..."
Ushiromiya Ange,"""..."""
,El rostro de Ange comenzaba a distorsionarse de dolor después de verse obligada a ver esta escena durante tanto tiempo.
,"Era natural, después de que le mostraran esta discusión abusiva entre sus padres y sus otros familiares."
Ushiromiya Lion,"""... ¿Qué demonios...?"""
,"Para Lion también fue doloroso.{n}Si tan solo fuera posible, Lion habría intentado intervenir y calmarlos."
,"El oro no iría a ninguna parte. Si se tomaran su tiempo y lo pensaran con calma, podrían resolverlo."
,"Eva y los demás habían argumentado que necesitaban mucho dinero antes de fin de año, lo cual era comprensible."
,"Sin embargo, la tarjeta de efectivo de mil millones de yenes sería más que suficiente para pagar eso."
,"Con sus gastos de emergencia cubiertos, podrían liquidar el oro a su gusto y luego dividirlo entre ellos."
,"Claro, tal vez Krauss era el único capaz de convertir el oro. Eso podría darle una ventaja sobre los otros hermanos."
,"Sin embargo, este oro no podía negociarse por medios abiertos. Además de atraer la atención pública, también daría lugar a diversos problemas legales."
,Era mejor que este dinero secreto permaneciera en secreto.
,"Si querían obtener las porciones más grandes posibles, entonces todos deberían estar de acuerdo en no decirle a nadie sobre este oro."
,"En otras palabras, para maximizar sus ganancias, necesitaban un acuerdo entre caballeros según el cual todos guardarían el secreto."
,"Krauss tenía una ligera ventaja. Sin embargo, era posible que los demás familiares se negaran a cooperar y le contaran al mundo sobre el oro."
,Y también... hay que considerar el ocultamiento de la muerte de Kinzo.
,"Krauss era un inversor. No solo necesitaba influencia financiera, sino también un cierto grado de confianza pública."
,Su ventaja no era lo suficientemente grande como para actuar de manera tan autoritaria.
Ushiromiya Lion,"""... La montaña de oro... ha hecho que todos pierdan su capacidad de pensar racionalmente... Esta no es una discusión entre adultos... Es solo una pelea entre niños."""
Ushiromiya Ange,"""¿Qué tiene de divertido mostrarnos esto?... ¿O es este el juego de alguna bruja nueva?... ¡¿Están riéndose mientras nos miran sufrir desde algún lugar?!"""
Ushiromiya Lion,"""..."""
,"A estas alturas... ni siquiera yo tenía idea de quién nos estaba mostrando esto, o con qué propósito."
,"Por lo menos, no parece que este nuevo cuento esté repleto de afecto."
,"... Al principio, pensé que era una historia de un mundo hermoso donde no ocurría ningún crimen, ya que Clair había superado todos sus arrepentimientos."
,Pero algo es diferente.
,Esta historia está claramente llena de malicia hacia nosotros.
,Ahora puedo ver eso con claridad... pero no tengo idea de quién querría mostrarnos esto.
,"De repente, una fuerte explosión resonó."
,... No parecía el sonido de un disparo.
,Después de todo... la mayoría de las personas que viven una vida normal nunca escuchan ese sonido.
,"*goteo*, *goteo*goteo*goteo*.{n}Se escuchó sonido de las gruesas gotas de lluvia golpeando el suelo."
,... Pero no había lluvia en esta habitación subterránea.
,... Era el sonido de la sangre goteando... del ojo derecho de Natsuhi.
,La bala había entrado por su ojo derecho... hacia la parte posterior de su cabeza...
Ushiromiya Krauss,"""¿N‐Natsuhi?..."""
Ushiromiya Eva,"""... E-Es culpa tuya... por lanzarte hacia mí..."""
,El arma... que cayó de las manos de Eva... aterrizó en el suelo con un fuerte ruido metálico.
,"Como en respuesta a ese sonido, la cabeza de Natsuhi giró lentamente para mirar al techo..."
Ushiromiya Krauss,"""... N-Natsuhi... ¡¡¡Natsuhiiiiiiiiiiiii!!!"""
,Natsuhi cayó hacia atrás.
,"Cuando la parte posterior de su cabeza golpeó el suelo, una salpicadura roja se extendió bajo ella... formando una sola flor para adornar su rostro muerto..."
Ushiromiya Rosa,"""Natsuhi... nee‐san..."""
Ushiromiya Krauss,"""¡¿P-Por qué le disparaste?! ¡¿Por qué le disparaste, Eva?! ¡¡Evaa{-}a{-}a{-}a{-}a{-}a{-}a{-}a{-}a{-}a{-}a{-}a{-}a{-}a{-}a{-}a{-}a{-}a{-}aa!!"""
,"Krauss aulló, levantó su arma y corrió hacia Eva."
,"Al mismo tiempo, Hideyoshi se puso entre ellos. Se produjo una riña entre los dos hombres."
Ushiromiya Krauss,"""¡¿¡¿Cómo te atreves a hacerle esto a Natsuhi?!?! ¡¡A Natsuhiii{-}i{-}i{-}i{-}i{-}i{-}i{-}i{-}iii, nngaa{0}a{0}a{0}a{0}a{0}a{0}a{0}a{0}aaahhh!!"""
Ushiromiya Hideyoshi,"""¡¡K-Krauss nii-san, 'tás equivoca'o... 'tás totalmente equivoca'o... Eso... solo fue un accidente!!..."""
Ushiromiya Krauss,"""Evaa{-}a{-}a{-}a{-}a{-}a{-}aaa, ¡¿¡¿cómo pudiste?!?! ¡Te mataré! ¡¡Voy a matarte{-}e{-}e{-}e{-}e{-}e{-}e{-}ee!!"""
Ushiromiya Eva,"""Yo... no le disparé... no lo hice... ¡¡Yo... le dije que parara, y entonces se lanzó sobre mí, y...!!"""
,"Krauss, que acababa de ver a su esposa siendo asesinada frente a sus ojos, había perdido todo rastro de racionalidad en su expresión."
,"Estaba tan furioso que, si hubiera empujado a Hideyoshi a un lado y hubiera atacado a Eva, podría haberle destrozado la garganta."
Ushiromiya Krauss,"""¡¿Por qué la mataste?! ¡¿Por qué?! ¡¡Evaaa{-}a{-}a{-}a{-}a{-}a{-}a{-}a{-}aa!!"""
Ushiromiya Hideyoshi,"""¡¡Fue un accidente... un accidente...!! ¡¡Tranquilízate, Krauss nii‐san...!! Ow{0}ow{0}ow{0}ow{0}ow{0}ow... nngg{0}g{0}g{0}g{0}g{0}g{0}g{0}gghhhh..."""
,Otra explosión resonó.{n}La cara de Hideyoshi estaba cubierta de sangre.
,"Los dos habían estado peleando por el arma que Krauss sostenía, tratando de alejarla de ellos."
,"Cuando el cañón giró para apuntar a la barbilla de Krauss... la burlona y amorfa muerte, dueña de la habitación de oro, había blandido su guadaña una vez más."
,Un hilo de sangre... goteó de la boca de Krauss.
Ushiromiya Hideyoshi,"""¡¡U‐uwa{0}a{0}a{0}a{0}a{0}aahh... hyaa{0}a{0}a{0}a{0}a{0}a{0}a{0}a{0}aahhh!!..."""
,"Los dos cayeron, con el cuerpo de Krauss encima de Hideyoshi."
,"Dejando escapar un grito cobarde, Hideyoshi retrocedió antes de que el cuerpo de Krauss pudiera cubrirlo..."
Ushiromiya Eva,"""¡¡Q-Querido...!!"""
Ushiromiya Hideyoshi,"""¡¡Yo no hice na'!! ¡¡¡El dedo de Krauss nii-san quedó atrapa'o en el gatillo!... ¡¡Fue un accidente, en serio lo fue!!..."""
Ushiromiya Eva,"""¡¡E-Es cierto, un accidente... Todo esto fue un accidente!!..."""
,"Mientras ambos rompían a sollozar y afirmaban repetidamente que todo había sido un accidente, Rosa y los demás no pudieron decir nada..."
,"La bruja también observó esta escena, pero no dijo nada, y parecía estar completamente desinteresada."
Ushiromiya Hideyoshi,"""¡N-No fue nuestra culpa!... ¡Fue solo un accidente!... Ustedes lo vieron, ¡¿verdad?! ¡¿Verdad?!"""
Ushiromiya Eva,"""Tú lo viste, ¡¿no, Rosa?! ¡Krauss nii-san y Natsuhi nee-san dejaron que sus emociones se apoderaran de ellos y nos atacaron!..."""
Ushiromiya Rosa,"""... Bueno, no puedo decir que estoy segura."""
Ushiromiya Eva,"""¡¡Rosa, idiota!! Lo viste, ¡¿verdad?! ¡¡Lo viste desde allí mismo, así que debes saberlo!!"""
Ushiromiya Rosa,"""Lo siento. No puedo decir si sucedió por accidente... o si los mataron y trataron de hacerlo parecer un accidente."""
Ushiromiya Eva,"""¡¡¡R‐Rosa, tú...!!!"""
Ushiromiya Hideyoshi,"""¡Rudolf‐kun...! ¡Lo viste! Tú sabes lo que ocurrió, ¡¿cierto?! ¡¿Cierto?!"""
Ushiromiya Rudolf,"""... Lo siento, pero estoy de acuerdo con Rosa. No podemos decir si fue un accidente o algo intencional."""
,Las miradas de Rosa y Rudolf parecían muy frías e indiferentes hacia Eva y su marido.
Ushiromiya Eva,"""¿Qué vamos a hacer? ¡Murieron por un disparo...! ¡¡No podemos decir que esto ha sido solo un accidente!!..."""
Ushiromiya Hideyoshi,"""¡E-El bosque! ¡Diremos que fueron al bosque y desaparecieron! ¡Así podremos ganar algo de tiempo!..."""
Ushiromiya Eva,"""Eso no nos librará del apuro, ¡¿verdad?! ¡¡La policía simplemente buscará en todo el bosque!! Y de todos modos, ¡¿por qué esos dos se irían a un bosque salvaje como ese?! ¡Parecerá sospechoso desde el principio! ¡¡No hay forma en que podamos salir de esta!!"""
Ushiromiya Hideyoshi,"""¡Todo saldrá bien...! ¡Si escondemos los cadáveres aquí, nadie podrá encontrarlos! ¡Si todos nos hacemos los tontos, funcionará!"""
Ushiromiya Rosa,"""No funcionará... No hay forma de engañar a la policía. Si los dos desaparecen durante una conferencia familiar donde estábamos discutiendo sobre el problema de la herencia... la policía no lo tomará solo como un caso de personas desaparecidas."""
Ushiromiya Eva,"""... A-Acabo de pensar en algo..."""
,"Aunque Eva se había estado rascando la cabeza, abrumada por la emoción... sus brazos cayeron de repente como si sus cuerdas hubieran sido cortadas."
Ushiromiya Hideyoshi,"""¿E-En qué has pensa'o?"""
Ushiromiya Eva,"""... Un accidente... Solo necesitamos hacer que parezca un accidente."""
Ushiromiya Hideyoshi,"""¡No digas tonterías!... ¡¿Qué clase de accidente?!... ¡Hay claras heridas de bala en ambos cadáveres! ¡¡Incluso si los quemamos para que parezca que fueron atrapa'os en un incendio, seguiría siendo obvio que fueron asesinados con armas de fuego!!"""
Ushiromiya Eva,"""... ¿Un incendio? Eso no es suficientemente bueno... Necesitamos algo más grande. Un accidente muchísimo más grande."""
Ushiromiya Hideyoshi,"""¿U-Un accidente muchísimo más grande?..."""
,Eva avanzó lentamente... le dio un golpecito y habló.
Ushiromiya Eva,"""Un accidente de explosión... Solo necesitamos el tipo de accidente que no deje rastros de sus cadáveres."""
,"Mientras jugaba con el interruptor que provocaría una explosión automática a medianoche... Eva se giró para mirarlos, con una expresión enloquecida en su rostro..."
,Fue realmente... una inspiración loca.
,"Si giraban el interruptor hacia la derecha y esperaban a la medianoche, las novecientas toneladas de explosivos acabarían con la mansión sin dejar rastro."
,Ni siquiera quedarían restos de los cadáveres. No habría forma de saber que habían muerto por heridas de bala antes de la explosión.
Ushiromiya Eva,"""¡Es un hecho inquebrantable que esta isla todavía está llena de explosivos de la guerra! ¡¡Entonces, por coincidencia, mañana por la noche... algo lo activará por casualidad y todo explotará!! ¡Sí, será un accidente! ¡¡Un accidente de explosión!! ¡¿Qué opinan?! ¡¡No hay forma de que la policía descubra la verdad!! ¡¡De esta manera podemos lograrlo!! ¡¡Podemos ocultar la forma en que murieron!!"""
Ushiromiya Hideyoshi,"""Ja... jajaja... qué... ridículo..."""
,"Temblando, Hideyoshi buscó frenéticamente un contraargumento, con la esperanza de repudiar la loca idea de Eva."
,... Pero no pudo encontrar ninguno.
,"Si hicieran estallar todo, los hechos serían confusos...{n}¡Podrían hacer que pareciera que Krauss y Natsuhi habían muerto en un accidente de explosión!..."
Ushiromiya Eva,"""¡¡¡Es perfecto, simplemente perfecto!!!... ¡Después de todo, fue un accidente que murieran de todos modos! ¡¡Solo estamos cambiando el tipo de accidente!! ¿No es así? ¡¡Podemos pensar en cualquier historia que queramos!! ¡Por casualidad, el resto de nosotros estaremos en la mansión oculta mañana por la noche! ¡¡Entonces, cuando ocurra el accidente de la explosión, tendremos la suerte de sobrevivir!! ¡¡Esa historia debería funcionar!!"""
Ushiromiya Rosa,"""... ¿Q-Qué tipo de historia estás planeando?... ¡¿Qué tipo de historia podría explicar cómo los dos permanecieron solos aquí, mientras el resto de nosotros fuimos a la mansión oculta y convenientemente logramos escapar?!..."""
Ushiromiya Eva,"""¡¡¡Eso es lo que tenemos que pensar ahora, estúpida Rosa!!! ¡¡No importa lo que sea, siempre y cuando estemos todos de acuerdo!! ¡¡Pensaré en algo... Estoy pensando... Todos ustedes piensen también!! ¡¡¡Que alguien piense algo{-}o{-}o{-}o{-}o{-}o{-}o{-}o{-}o{-}o{-}o!!!"""
Ushiromiya Hideyoshi,"""Tranquilízate, Eva... ¡Pensaré en algo, y to's los demás también lo harán! ¡Definitivamente pensaremos en algo y to' saldrá bien! Compartiremos la carga. ¡¡No tendrás que cargar con to' tú sola!!... ¡¡To' estará bien... To' estará bien!! ¡Sé que pensaremos en una buena excusa!"""
Ushiromiya Rosa,"""... ¿Qué clase de excusa? ¿Llevamos a los niños y a todos los sirvientes a explorar un pasadizo subterráneo, dejándolos solo a ellos dos atrás, y el resto de nosotros decidimos pasar la noche en la mansión oculta? ¿Cómo podría funcionar cualquier excusa?... ¡Es una locura!"""
Ushiromiya Eva,"""¡¡Y pensar en esa locura es nuestro trabajo!! ¡¿Por qué actúas como si esto no tuviera nada que ver contigo?! ¡¡¡Piensa también en algo!!!"""
Ushiromiya Rosa,"""... Nee‐san. Déjame hacerte una pregunta... Si haces explotar la isla, ¿qué pasará con este oro?"""
Ushiromiya Eva,"""Nnn... b‐bueno..."""
Ushiromiya Rosa,"""Por fin hemos conseguido 20 mil millones de yenes en oro. ¿Y quieres hacerlo volar por los aires?..."""
Ushiromiya Eva,"""¡¡Podemos llevárnoslo, es así de sencillo!! ¡La explosión ocurrirá mañana a medianoche! ¡¡Tenemos todo un día entero!! Si todos lo llevamos juntos, podríamos—"""
Ushiromiya Rosa,"""Te das cuenta de que hay diez toneladas, ¿cierto?... Somos un grupo pequeño que, como mucho, puede cargar un saco de arroz cada uno, y solo tenemos un día. ¿Cuánto crees que podemos llevar de un lado a otro a través de este largo pasaje subterráneo que atraviesa toda la isla? Estás siendo absurda."""
Ushiromiya Eva,"""¡¡M-Mira esto!! ¡Tenemos esta tarjeta! ¡¡La tarjeta con mil millones de yenes que nos dio esa mujer!! ¡Podemos llevar todo el oro que podamos! ¡Además de eso, tenemos la tarjeta que vale mil millones de yenes! ¡Si lo dividimos en tres partes, tendremos más de 300 millones cada uno! ¡¡Eso debería ser suficiente para todos nuestros propósitos!!"""
Ushiromiya Rosa,"""No gracias."""
Ushiromiya Eva,"""¿Q-Qué?..."""
Ushiromiya Rosa,"""Hay una montaña que vale 20 mil millones de yenes aquí mismo. ¿Por qué debería estar satisfecha con unos míseros 300 millones?"""
Ushiromiya Eva,"""R-Rosaaaaa..."""
,El rostro de Eva se contrajo de angustia... y se encontró con la mirada de fría despreocupación de Rosa.
Ushiromiya Rosa,"""... Incluso si tenemos en cuenta la parte de Krauss nii-san, eso nos da 5 mil millones de yenes para cada uno. Sustrae los 300 millones de la tarjeta y el resto de mi parte son 4.7 mil millones... Si aceptas pagarme esa cantidad, entonces podrás hacer lo que quieras con esta montaña de oro."""
Ushiromiya Eva,"""¡¿Qué crees que estás diciendo?! ¡¿Así que no pretendes de cooperar?!"""
Ushiromiya Rosa,"""Nee‐san. Por favor, cálmate y escucha. Te voy a sugerir la manera en que ambas podemos salir con la mayor cantidad de dinero."""
Ushiromiya Eva,"""¡¿¡¿Q‐Qué?!?!..."""
Ushiromiya Rosa,"""Quiero que vayas a la policía y te entregues, admitiendo que te metiste en una pelea y el arma se disparó."""
Ushiromiya Eva,"""¿E-Estás loca? ¡¡¡No quiero ir a la policía!!!"""
Ushiromiya Rosa,"""Por supuesto, no queremos decir que el crimen ocurrió aquí. La policía encontraría el oro... Sí, ¿qué te parece el jardín de rosas? Está lloviendo a cántaros, por lo que la policía probablemente no encontrará ninguna contradicción en la escena del crimen."""
Ushiromiya Rosa,"""Te dejaré pensar en una excusa de por qué tú y Nii-san comenzaron a pelear mientras sostenían armas en el jardín de rosas bajo la lluvia... No intentes involucrarnos a nosotros y a nuestra parte solo porque quieres ocultar tu crimen."""
Ushiromiya Eva,"""¡¡¡R‐Rosaaa{-}a{-}a{-}a{-}a{-}a{-}a{-}a{-}a{-}a{-}a{-}a{-}a{-}a{-}a{-}a{-}aaa!!!"""
Ushiromiya Rosa,"""No está tan mal, ¿cierto? No es como si te fueran a encerrar por décadas. Fue un accidente, ¿no? Podrás salir de ahí en unos cuantos años... Una vez que hayas pagado por tu crimen y hayas salido, podrás hacer lo que quieras con tus 5 mil millones."""
Ushiromiya Eva,"""¡¡No, absolutamente no!! ¡¿Qué pasaría si nos arrestaran?! ¡¿Qué pasaría con la empresa de mi esposo?!"""
Ushiromiya Rosa,"""¿A quién le importa la empresa? Con 5 mil millones de yenes, seguir trabajando sería una pérdida de tiempo, ¿verdad?"""
,Rosa nunca tuvo intención de seguir la idea que propuso Eva.
,"En cuanto al tamaño de la porción de cada persona, nadie tenía nada que ganar de un accidente de explosión."
,"Al hacer eso, podrían ocultar las muertes de Krauss y Natsuhi. No había otra razón para hacerlo."
,"Desde la perspectiva de Rosa, el resultado ideal sería que confesaran sus crímenes, sin trucos innecesarios."
,Todo lo que quería hacer era cambiar la escena del crimen de aquí a un lugar diferente.
,"Sin embargo, Eva no quería ser arrestada."
,"A ella no le gustó que su parte se redujera de 5 mil millones a 300 millones, pero incluso eso era más que suficiente para cubrir la cantidad que había estado tratando de sacarle a Krauss en primer lugar."
,"Ella quería ocultar lo que había sucedido aquí, incluso si eso significaba hacer explotar 4.7 mil millones de yenes."
,¿Qué pasaría si los arrestaran?
,"La vida, la empresa y la confianza por las que Eva y su esposo habían trabajado tanto en construir... Eran cosas que no se podían recuperar con dinero."
,"¡Así que quería ocultar las muertes de Krauss y Natsuhi, incluso si eso significaba hacer explotar sus 4.7 mil millones de yenes en oro!..."
,"Pero desde la perspectiva de Rosa, eso solo era una tontería irracional."
Ushiromiya Eva,"""¡¡R‐Rosaaa{-}a{-}a{-}a{-}a{-}a{-}a{-}a{-}aaa!!"""
Ushiromiya Rosa,"""¿Qué crees que estás haciendo con ese arma, Nee-san?... ¿Vas a ‘disparar por accidente’ y me matarás a mí también? Eso hará que encontrar una excusa sea aún más difícil. De hecho, también será más difícil explicar las otras dos muertes como accidentes..."""
Ushiromiya Rosa,"""Si terminas vinculada a tres muertes, sería un crimen bastante grande... Probablemente tratarían de darte la pena de muerte. Si tienes suerte, te sentenciarían a cadena perpetua. En el mejor de los casos, te encerrarán durante unos buenos diez años o más."""
Ushiromiya Rosa,"""Ríndete y entrégate. Si lo haces, esto no será más que un par de accidentes desafortunados. Por supuesto, tu tiempo en prisión tampoco será demasiado terrible... No te preocupes por George-kun. Cuidaremos bien de él. Y nos aseguraremos de que los 5 mil millones de tu parte estén listos para cuando regreses."""
,Eva apretó los dientes y miró fijamente.
,La Rosa que ella conocía debería haber estado temblando y obedeciendo sus órdenes. Y aún así... Rosa no estaba asustada.
,"Su expresión vacía... no, esa leve sonrisa era una que Eva nunca había visto antes."
Ushiromiya Rosa,"""Baja el arma, Nee‐san. Si te calmas verás que mi plan es el mejor... La prisión no es tan mala, ¿cierto? Piensa en ello como una estrategia financiera."""
Ushiromiya Rosa,"""Aunque te encierren diez años, habrán 5 mil millones esperándote cuando salgas. Eso es como trabajar por un salario de 500 millones de yenes, ¿verdad? Si lo piensas de esa manera, es posible que incluso disfrutes de tu trabajo."""
Ushiromiya Eva,"""¡¡¡Mentirosa!!! ¡¡Solo quieres robarte mi parte mientras estoy allí!! ¡¡¡Justo como tu hombre lo hizo contigo!!!"""
Ushiromiya Rosa,"""É-Él no tiene nada que ver con esto, ¡¿¡¿de acuerdo?!?! ¡No voy a huir! ¡Nunca, jamás, huiría con dinero!... ¡¡¡N-Nunca haría eso!!!"""
,"La hasta ahora expresión pétrea de Rosa se llenó de rabia.{n}Las dos personas que aullaban se apuntaron con sus armas, gritándose insultos..."
,Podías oler a la muerte de la sala dorada acercándose sigilosamente.
,"El olor de la pólvora, el olor explosivo de la muerte... llenó la habitación..."
,*goteo*.
,Una burbuja de sangre goteaba de la boca de Rosa.
,Entonces... cayó sin vida... como si fuera un maniquí.
Ushiromiya Hideyoshi,"""... ¡¿E‐Eva?!..."""
Ushiromiya Eva,"""¡N-No fui yo! ¡Juro que ni siquiera apreté el gatillo!"""
Ushiromiya Kyrie,"""... Eva nee-san, acabas de dispararle a Natsuhi-san, así que tu arma no estaba cargada, ¿verdad?... Nunca recargaste, así que incluso si aprietas el gatillo, ese arma no mataría a nadie. No te preocupes."""
,"Mientras Kyrie decía esto, maniobró la palanca de acción con habilidad y un cartucho con olor a humo fue expulsado..."
,Cayó al suelo con un pequeño sonido metálico. Ese pequeño sonido tenía un tono inquietante...
Ushiromiya Kyrie,"""El análisis de Rosa-san fue un poco ingenuo... Convertir todos estos lingotes de oro sin marcar en dinero utilizable... No tiene idea de lo difícil que sería eso."""
Ushiromiya Rudolf,"""... Padre solo lo mostraba para ganar confianza, e incluso eso fue suficiente para crear el rumor de la Leyenda del Oro Ushiromiya... Es imposible cambiarlo por dinero. Una montaña de oro que no puedes usar no es mejor que una montaña de mierda."""
Ushiromiya Kyrie,"""Diez toneladas de oro intercambiadas en el mercado negro. El sucesor y su esposa muertos en circunstancias sospechosas. Esperar que no llame la atención es lo realmente imposible... Es mejor no involucrar a la policía. Volaremos esta isla y destruiremos todas las pruebas. Si les resulta difícil desprenderse del oro, no duden en tomar algunos lingotes. Los mil millones de yenes en la tarjeta de efectivo son más que suficientes... En otras palabras, Eva Nee-san tiene razón."""
Ushiromiya Eva,"""M-Me alegro... Parece que estamos en la misma página... S-Si la policía interviene, ¿quién sabe qué podría pasar? Es lo mismo con el cobro del oro. ¡¡Solo crearía más oportunidades para que la voz se difundiera, es más de lo que podemos manejar!!..."""
Ushiromiya Eva,"""¡Los mil millones de yenes que esa mujer de allí cambió por dinero en efectivo es el único dinero que podemos conseguir! ¡E incluso dividiendo esos mil millones, será más que suficiente para lo que necesitamos!... ¡Además, ahora que Rosa ha muerto, nuestra parte ha aumentado aún más!... ¡Podemos salir de esta isla con 500 millones cada uno!..."""
Ushiromiya Kyrie,"""Exactamente. Mientras no dejemos que nuestro deseo codicioso de convertir el oro en dinero nos controle... podemos pretender que todo lo ocurrido en esta isla nunca pasó. Tenemos una manera de hacerlo justo aquí."""
,Ya no había motivos para preocuparse por disparos accidentales o por personas siendo disparadas en esta isla.
,Todo sería borrado por el accidente de la explosión.
,"No importa lo que suceda entre ahora y la medianoche del día siguiente, todo será reescrito por el accidente de explosión."
Ushiromiya Eva,"""... ¡¿Y me dijiste... que me entregara?! ¡Rosa idiota...! ¿No estabas conforme con unos miserables 300 millones? Esto es lo que te pasa por ser tan codiciosa...{n}N-No obtuviste más que lo que te merecías..."""
Ushiromiya Hideyoshi,"""Pero Kyrie-san... no había necesidad de dispararle, ¿verdad?... Incluso Rosa-san lo habría entendido si se lo hubieras dicho..."""
Ushiromiya Kyrie,"""Necesitaba dispararle. Después de todo, Rosa-san es la única que no disparó su arma."""
Ushiromiya Hideyoshi,"""... ¿Qué importa eso?..."""
Ushiromiya Kyrie,"""Las armas que están a tus pies son las de Krauss nii-san y Eva nee-san. Ambas han sido disparadas. Sin embargo, el arma de Rosa-san puede disparar solo con apretar el gatillo. Es difícil recargar uno de estos si no estás acostumbrado a hacer palanca. Un principiante no podría hacerlo."""
Ushiromiya Eva,"""Kyrie‐san, ¿de qué estás hablando?..."""
Ushiromiya Hideyoshi,"""¡¡T‐Tú!!..."""
,Finalmente se dieron cuenta de lo que Kyrie intentaba decir.
,"... “Rosa tenía la única arma que aún podía disparar, así que le disparé primero”."
,"Oh, qué tontos fuimos... ¿Por qué no nos dimos cuenta antes?"
,Deberíamos habernos dado cuenta de que existe un mecanismo para borrar todo lo que sucede en esta isla...
,Eva y Hideyoshi se apresuraron a recoger las armas que yacían a sus pies.
,"Al mismo tiempo, el fuego volvió a salir del arma de Kyrie."
,"Hideyoshi dejó escapar un breve grito, se agarró el pecho y cayó bocabajo."
Ushiromiya Eva,"""¡¿Querido?! ¡¡Querido!!..."""
Ushiromiya Eva,"""... Ngh... ¿q-qué sucede—?"""
,"Eva jugueteó con la palanca, tratando de imitar algo que recordaba vagamente de películas wéstern viejas, pero algo parecía estar atascado y la palanca aún abierta no se movió."
Ushiromiya Kyrie,"""¿Ves? Es muy difícil."""
Ushiromiya Eva,"""¡¡¡T‐Tú!!!..."""
,Kyrie terminó de recargar con un movimiento fluido.{n}La forma en que lo sostenía era tan inocente y segura como la de un niño jugando con una pistola de agua.
,"Junto al ruido de otro disparo despiadado, la marioneta llamada Eva se desplomó en el suelo... Como si todos sus hilos hubieran sido cortados..."
Ushiromiya Kyrie,"""... Rudolf‐san. La tarjeta de mil millones de yenes."""
Ushiromiya Rudolf,"""Seguro..."""
,"La tarjeta de efectivo con mil millones de yenes, que Eva acababa de tomar de la bruja."
,Solo eso valía más que suficiente.
,La montaña de oro de 20 mil millones de yenes había distorsionado la percepción de valor de todos.
,Personas podían llegar a matar por unos pocos millones de yenes. Y estos eran mil millones.
Ushiromiya Kyrie,"""Rosa‐san. Esas fueron unas últimas palabras bastante buenas. ¿‘Unos míseros 300 millones’?... Fuiste demasiado avariciosa."""
Ushiromiya Rudolf,"""Jeje... Sin duda... Ah, qué suerte tengo. No tengo que hurgar en su cadáver."""
,"Cuando Rudolf se acercó al cuerpo de Eva, encontró la tarjeta a su lado... y la recogió."
Ushiromiya Rudolf,"""Así que esta pequeña y delgada tarjeta vale mil millones de yenes... Mantener la empresa en marcha ahora parece ridículo. ¿Deberíamos cerrar el negocio y pasar el resto de nuestras vidas en algún país del sur?"""
Ushiromiya Kyrie,"""Eso se volvería aburrido. Además, me gusta verte preocuparte por algún problema y verte jugar como un niño pequeño cuando finalmente lo superas."""
Ushiromiya Rudolf,"""¡Jejeje!... Seguro que sí..."""
Ushiromiya Kyrie,"""Gracias, señorita Bruja Dorada... Rudolf-san y yo haremos buen uso de estos mil millones."""
{f:5:Beatrice},"""..."""
Ushiromiya Kyrie,"""Krauss nii-san prometió tratarte de manera caballerosa. Pero yo no prometí nada por el estilo."""
,... Apretó el gatillo sin ningún rastro de piedad.
,"Cuando el sonido del disparo cesó... la sangre comenzó a brotar de la boca de la bruja, y cayó sobre la cama."
,"Una vez más, Kyrie expulsó el cartucho usado."
,Los cuatro sonidos metálicos de los cartuchos usados golpeando el suelo parecían simbolizar el hecho de que Rudolf y su esposa ahora poseían todas las partes del oro...
Ushiromiya Kyrie,"""... Todos ellos fueron muy lentos... Desde el momento en que explicó lo de la bomba, toda la noción de jugar limpio desapareció de esta isla, y no se dieron cuenta."""
Ushiromiya Rudolf,"""Perdón por esto, Aniki, Aneki, Rosa... ¿Qué puedo decir? Así es la vida. Denme un respiro, ¿quieren? Aniki y Aneki se ponen a pelear, Rosa se ve arrastrada, y yo soy el que obtiene los beneficios... De la misma manera que siempre ha sido, ¿verdad?"""
,"Al principio, Rudolf y Kyrie no habían planeado matar a todos y quedarse con todo para ellos."
,"Kyrie se dio cuenta rápidamente, por el tamaño del arma en sus manos, que probablemente podría contener cinco balas a la vez."
,... Sí. Tanto Kyrie como Rudolf sabían mucho sobre estas armas.
,"Rudolf, que había heredado el interés de su padre por las armas occidentales de estilo antiguo, poseía una escopeta de diseño similar."
,"Como Kyrie tenía la misma habilidad en el manejo de armas de fuego, ambos sabían lo suficiente sobre estas armas como para disfrutar disparando juntos..."
,"Incluyendo a la bruja, ocho personas habían estado allí. Seis personas además de ellos dos."
,Cada arma contenía cinco balas... Eran muy pocas. No tenían suficientes para matarlos a todos.
Ushiromiya Rudolf,"""... Sinceramente, estaba sorprendido cuando empezaron a pelear y una de las armas se disparó."""
,Ese accidente fortuito... había proporcionado la bala que faltaba.
,"No fue el segundo disparo. El primer disparo, que mató accidentalmente a Natsuhi, había garantizado el resultado de esta masacre..."
,"En esa habitación dorada llena de humo y cadáveres, los dos lucían sonrisas relajadas, apenas diferentes de las que solían usar..."
Ushiromiya Rudolf,"""... Entonces. ¿Qué hacemos ahora?"""
,"Rudolf recogió el arma de Rosa. Luego, disparó un tiro de prueba a la pared y expulsó el viejo proyectil con un movimiento suave como el de Kyrie."
,"Kyrie fue a la caja de balas que estaba sobre la mesa, tomó algunas casualmente y las cargó una tras otra en su arma."
Ushiromiya Kyrie,"""Coloca el interruptor de la bomba en ""encendido"". Después de eso, solo tenemos que esperar veinticuatro horas."""
Ushiromiya Rudolf,"""Los demás harán un escándalo cuando se den cuenta de que todos faltan por la mañana."""
Ushiromiya Kyrie,"""Entonces solo necesitamos callarlos."""
Ushiromiya Rudolf,"""Supongo... ¿Y qué hay de Battler?"""
Ushiromiya Kyrie,"""Es tu hijo. No el mío."""
Ushiromiya Rudolf,"""No digas eso. Realmente se encariñó contigo. Te respeta, ¿sabes?"""
Ushiromiya Kyrie,"""Entonces piensa en algo inteligente que lo convenza. Yo me preocuparé por Ange. Y tú te preocuparas por Battler‐kun. ¿Te parece bien?"""
Ushiromiya Rudolf,"""Nn... claro."""
Ushiromiya Kyrie,"""Puedo ser amable con mi propia hija... pero me es bastante complicado tratar al hijo de Asumu-san de la misma manera. ¿Lo entiendes?"""
Ushiromiya Rudolf,"""..."""
,La voz de Kyrie se había vuelto fría.
,Kyrie había actuado con calidez hacia Battler porque eso era lo que un adulto debía hacer.
,"Era el hijo de Rudolf, así que trató de evitar ser descortés."
,"Pero en el fondo, él era el hijo de Asumu, la mujer a la que Kyrie seguía odiando a pesar de que estaba muerta."
,Ahora que había dado a luz a Ange y finalmente había formado una nueva familia... ¿era el regreso de Battler algo realmente feliz para ella?...
Ushiromiya Kyrie,"""Prepárate. Ahora que hemos llegado tan lejos... Solo nos queda conseguir los mil millones de yenes o morir en el intento. Si no puedes convencer a Battler-kun, lo siento, pero no correré ningún riesgo."""
Ushiromiya Rudolf,"""... No hay necesidad de amenazarme. Yo me encargaré. Ya se me ocurrirá una buena historia para contarle."""
Ushiromiya Kyrie,"""Asegúrate de hacer un buen trabajo... Si Ange escucha que Battler-kun ha muerto en un accidente, estoy segura de que estará muy triste."""
Ushiromiya Rudolf,"""Seguro... ¿Por dónde empezamos?"""
Ushiromiya Kyrie,"""No tenemos nada que ganar esperando a que amanezca. Ahora es el mejor momento."""
Ushiromiya Rudolf,"""... Oh, maravilloso. Ni siquiera hay tiempo para un descanso."""
Ushiromiya Battler,"""... ¿Una prueba? ¿En qué está pensando? ¿A esta hora de la noche? ¿Justo ahora?"""
,Battler gritó salvajemente en el receptor.
,"Cuando dijo ""a esta hora de la noche"", George y Jessica se giraron para mirarse."
,"Según el reloj, era pasada la medianoche."
,"Puede que fuera un momento normal para que les dijeran que se cepillaran los dientes y se fueran a dormir, pero no podían entender de qué se trataba esta ""prueba""."
Ushiromiya Battler,"""Está bien, le pasaré el teléfono... Ten, George‐aniki. Es mi padre."""
Ushiromiya George,"""... Hola, habla George."""
Ushiromiya Rudolf,"""Ah, hola, George‐kun. Perdón por llamar tan tarde. Apuesto a que no te desperté, ¿verdad? ¿Todavía seguían despiertos mientras conversaban?"""
Ushiromiya George,"""Algo así. María-chan está durmiendo... oh, espera, parece que acaba de despertarse. Bueno, ¿de qué quería hablar? Battler-kun dijo algo sobre una prueba..."""
Ushiromiya Rudolf,"""Ah, sí. Padre puede ser una molestia a veces. De repente bajó de su habitación. Pasaron un montón de cosas y de repente empezó a hablar sobre qué nieto sería el mejor sucesor."""
Ushiromiya George,"""... Pero... ¿el sucesor no es el tío Krauss?"""
Ushiromiya Rudolf,"""Dice que ninguno de nosotros es lo suficientemente bueno para ser el sucesor... Así que está hablando de omitirnos a nosotros los adultos y elegir a uno de ustedes, sus nietos. Realmente nos ha conmocionado que nos hayan impuesto esto de repente. Aniki y los demás están discutiendo sobre ello al otro lado de la habitación. Puede que escuches la estridente voz de Aneki filtrándose a través del teléfono."""
Ushiromiya George,"""¿E-Es eso cierto? Si eso es lo que dice el abuelo, entonces no hay forma de evitarlo, supongo... En ese caso, ¿qué debemos hacer?"""
Ushiromiya Rudolf,"""Dice que quiere llamarlos uno por uno, empezando por Jessica-chan... Oh, espera un segundo... Ah, ¿todavía estás ahí? Parece que George-kun y Jessica-chan serán los primeros en hacerlo. Quiere que Jessica-chan vaya al salón de la mansión. Y tú tienes que ir a la capilla."""
Ushiromiya George,"""Es tan repentino que casi no me siento preparado... ¿Qué tipo de prueba es?"""
Ushiromiya Rudolf,"""Parece que padre hizo algún tipo de cuestionario disparatado... Algunas preguntas extrañas sobre lo que significa ser el líder."""
,"Por supuesto, George sintió que algo no estaba bien."
,"Sin embargo, Kinzo era famoso por hacer cosas radicales por capricho... Incluso esta extraña prueba parecía plausible una vez que escuchó que era una idea repentina de Kinzo."
,"... Pero incluso en ese caso, si quería probarlos de uno en uno, ¿por qué no los llamaría uno por uno?"
,"Al igual que en una entrevista, deberían simplemente esperar en la sala de recepción para que los llamaran uno a uno."
,"¿Por qué dos personas serían llamadas a lugares diferentes al mismo tiempo?... El plan no parecía tener sentido, lo que hizo que George sintiera que estaba ignorando algo."
Ushiromiya Rudolf,"""Aún así, me pregunto por qué de entre todos los lugares querría que fueras a la capilla... Parece que tu abuelo espera mucho de ti. No estoy seguro de qué se trata, pero creo que quiere hablarte de algo a solas."""
Ushiromiya George,"""... ¿El abuelo... quiere hablar conmigo?"""
Ushiromiya Rudolf,"""Me pregunto de qué se trata. Eres el más exitoso de todos sus nietos, después de todo. Supongo que hay algo que quiere decirte en particular... Bueno, de todos modos, eso es lo que dice. Ve allí inmediatamente. Se supone que también debo ir allí. Terminemos con esto de una vez. Ambos nos resfriaremos si nos quedamos mucho tiempo."""
Ushiromiya George,"""... ¿Es eso cierto? Ya veo. Entonces iré a la capilla. Jessica-chan irá al salón... Está bien. Nos vemos en un rato entonces."""
,"¿Qué tipo de prueba, o conversación privada podría querer tener Kinzo a esta hora de la noche?"
,"Sin embargo, era un hecho bien conocido que a Kinzo no le quedaba mucho tiempo de vida."
,Era concebible que tuviera algunas últimas palabras para cada uno de sus descendientes...
,"Dentro de la mente de George, la leve sensación de que algo andaba mal fue reemplazada por curiosidad... y un deseo de verse con Kinzo directamente y escuchar los detalles."
,George dejó el auricular y rápidamente explicó a los demás.
Ushiromiya George,"""Es tal como lo oyen... El abuelo dice que quiere hacernos algún tipo de prueba a todos."""
Ushiromiya Maria,"""¿Uu? ¿Una prueba?..."""
Ushiromiya Jessica,"""¿Después de esconderse en su estudio todos estos años, decide darnos un examen sorpresa a estas horas de la noche?... Maldito viejo. ¿En qué está pensando?"""
Ushiromiya George,"""Parece que nuestros padres se sienten de la misma forma. Parece que hay una gran disputa al respecto."""
Ushiromiya Battler,"""Bueno, dudo que enfadarse por eso haga que el abuelo cambie de opinión."""
Ushiromiya George,"""Exactamente... Podríamos aceptarlo también. Después de todo, es la orden del líder de la familia. Obedezcámosla... Para empezar, Jessica-chan y yo hemos sido convocados. Yo iré a la capilla. Jessica-chan, debes ir al salón de la mansión."""
Ushiromiya Battler,"""¿Qué hay de María y de mí?"""
Ushiromiya George,"""Creo que los llamarán después. Pueden esperar aquí."""
Ushiromiya Maria,"""¡Uu! ¡Una prueba de medianoche! ¡¿Qué podría ser?! ¡¿Qué tipo de prueba es?! ¿Un cuestionario? ¿Un rompecabezas? ¡Soy muy buena con los rompecabezas de lobos y ovejas! ¡Uu!"""
,"María, que ya estaba completamente despierta, parecía estar muy emocionada por esta inesperada prueba de medianoche."
Ushiromiya Battler,"""Entonces nos quedaremos aquí."""
Ushiromiya George,"""Sí. Bien, ya me voy. Creo que ya nos están esperando."""
Ushiromiya Jessica,"""... Así que convertirá a uno de sus nietos en el sucesor. A mí me parece genial. ¡Ahora puedo dejar que uno de ustedes se ocupe de ello!"""
Ushiromiya Maria,"""¡Voy a convertirme en la sucesora! ¡Quiero hacerlo! ¡Uu‐uu‐uu!"""
Ushiromiya Battler,"""Ajaja. Sería divertido tener a María como sucesora.."""
Ushiromiya George,"""Hasta luego. Nos vemos más tarde."""
,Rudolf colgó el auricular y se levantó.
Ushiromiya Rudolf,"""Bien... Supongo que iré a la capilla. Hace un frío del demonio ahí fuera... Gohda‐san. Ten un café esperándome para cuando regrese, ¿quieres?"""
,Junto a Rudolf... Gohda estaba acostado bocarriba.
,Su rostro estaba cubierto por un libro de crucigramas.
,"Sin embargo, sus páginas estaban manchadas de sangre, y no había necesidad de mover el libro para imaginar cómo había encontrado su lamentable final..."
Ushiromiya Kyrie,"""¿Qué tal estuvo? Un buen guion, ¿no crees?"""
Ushiromiya Rudolf,"""Sí. Deberíamos agradecerle a papá. Todo lo que tenemos que hacer es decir que es él actuando inestable, y nadie dudará de nosotros."""
Ushiromiya Kyrie,"""*risita*. Entonces, vamos a dividirnos... Yo me encargaré de Jessica‐chan. Tú encárgate de George‐kun."""
Ushiromiya Rudolf,"""De acuerdo... Terminemos con esto rápidamente y luego relajémonos con un café."""
Ushiromiya Kyrie,"""No habrá ningún problema, ¿verdad?... ¿Ningún remordimiento repentino?"""
,Kyrie sonrió con frialdad...
,Probablemente hubiera sido más seguro llamarlos uno a uno y acabar con ellos juntos.
,"... Sin embargo, Kyrie había decidido que su marido trabajaría por separado."
,Quería medir la determinación de Rudolf.
,"Si ella fuera la única que se ensuciara las manos, y Rudolf solo observara, su corazón no estaría tan dedicado a esta operación."
,"Al dejar que se ensuciara las manos, podría hacer que estuviera verdaderamente decidido a llevar esto a cabo."
,... Kyrie entendió este tipo de juego mental mejor que nadie.
,"Reflexivamente, Rudolf apartó la mirada de los fríos ojos de Kyrie, pero luego se encogió de hombros y respondió a su pregunta."
Ushiromiya Rudolf,"""Por supuesto... Tenemos mil millones de yenes en juego. Soy un hombre. No perderé una oportunidad que nunca volverá a presentarse en mi vida."""
Ushiromiya Kyrie,"""... No esperaba menos de ti, Rudolf‐san... Me encantan las personas que aprovechan las oportunidades cuando se presentan. Fue por eso que me enamoré de ti."""
Ushiromiya Rudolf,"""G-Gracias... Me hace feliz."""
Ushiromiya Kyrie,"""Rudolf‐san."""
Ushiromiya Rudolf,"""¿Qué...?"""
Ushiromiya Kyrie,"""¿Seguirás siendo así?..."""
Ushiromiya Rudolf,"""¿Eh? ¿Qué dijiste?"""
Ushiromiya Kyrie,"""¿Seguirás siendo... el mismo Rudolf-san al que amo, verdad?"""
Ushiromiya Rudolf,"""... Por supuesto. ¿Cuándo te he decepcionado? En lugar de eso, deberías preocuparte más por el tipo de champán que usaremos para brindar por nuestra victoria."""
Ushiromiya Kyrie,"""Lo haré... Ahora ten cuidado. Si realmente valoras a Battler-kun, no mates a George-kun frente a la capilla, ¿de acuerdo? Sería una molestia si encontrara el cadáver."""
Ushiromiya Rudolf,"""... Sí, lo sé... Lo alejaré de ahí de alguna manera. Está lloviendo afuera. Debería haber alguna forma de hacerlo."""
Ushiromiya Kyrie,"""No eres ningún villano de ninguna vieja película wéstern, ¿de acuerdo? No concedas ninguna última voluntad ni ningunas últimas palabras, ¿entendido?"""
,Kyrie levantó su arma nuevamente y tiró de la palanca.{n}... Para expulsar el cartucho de la bala con la que había matado a Gohda.
Ushiromiya Eva,"""... Querido... Queridooo... Uuuughhhuu{0}u{0}uuu..."""
,Eva sostenía el cuerpo de Hideyoshi mientras lloraba.
,No había sido disparada en absoluto. La bala le había rozado el costado de la cabeza... y falló.
,No se estaba haciendo la muerta... En verdad pensó que había recibido el disparado.
,"Cuando el arma de Kyrie disparó, Eva sintió que algo veloz y feroz pasó rozando su cabeza... antes de sentirse mareada y desmayarse."
,"Luego, se despertó más tarde en la ahora silenciosa habitación del oro."
,"El cadáver de su amado esposo yacía a su lado. Junto con los cadáveres de Krauss, Natsuhi y Rosa."
,Era una habitación de muerte y cuerpos amontonados...
,Tras haber llorado todo lo que pudo sobre el cuerpo de Hideyoshi... se dio cuenta de que todavía había algo que debía hacer.
Ushiromiya Eva,"""... George está en peligro... ¡George... George...!"""
,"Están intentando usar la bomba para volarlo todo, para enterrar toda esta isla con un ""accidente de explosión""..."
,Eva miró el reloj y se demostró que tenía razón.
,"Como era de esperar, el interruptor estaba situado a la derecha, lo que significaba que estaba activo."
,Eva se movió para girarlo hacia la izquierda... y se detuvo.
,Es cierto. Mientras este interruptor apunte hacia la derecha... todo lo que suceda en esta isla desaparecerá en una noche de ilusión.
,"Sí, esto es una ilusión."
,"Pase lo que pase esta noche, todo permanecerá oculto y se volverá confuso."
Ushiromiya Eva,"""Van a matar a todos los demás. ¡Tiene que ser eso... estoy segura!..."""
,"Cuando miró la mesa con la caja de balas, vio señales de que habían sacado varios puñados grandes de la caja."
,Eso mostró claramente... que planeaban usar muchas balas.
,... Tengo que pelear.
,... Aunque sea solo para proteger la vida de mi amado hijo...
,El arma que dejé caer cuando me dispararon está atascada con la manija de la palanca abierta.
,"No importa lo fuerte que tire, no se abrirá más, y no se cerrará de nuevo."
,... Una bala debió haberse atascado y roto.
,... Es tal y como dijo Kyrie. Cargar una bala es difícil si no estás acostumbrado a ello.
Ushiromiya Eva,"""Por favor, cariño... Préstame tu fuerza... Ayúdame a proteger a George... Préstame tu fuerza..."""
,"En la mano de Hideyoshi estaba el arma de Krauss, que había estado tratando de recoger."
,Eva la tomó... rezó por su esposo una vez más y tiró de la manija de la palanca.
,"... Con un ligero sonido metálico, la carcasa dorada giró en el aire... y rebotó en el suelo."
,Cuando tímidamente intentó empujar la palanca hacia atrás... esta vez regresó a su lugar original sin ninguna resistencia.
,... Hubo otro sonido metálico.
,Fue el sonido de una nueva bala cargándose...
Ushiromiya Ange,"""... Hmph. Me imaginé que sería algo como esto... Alguien está tramando mostrarme el juego que más me indignaría, para poder reírse de mí..."""
,"En los juegos hasta ahora, varias personas han sido sospechosas de ser culpables o cómplices."
,La única diferencia ahora era que Rudolf y Kyrie eran esos sospechosos...
,"Sin embargo, ese fue el acontecimiento más agravante posible para Ange."
Ushiromiya Lion,"""..."""
,Estos pensamientos dolorosos invadieron incluso a Lion.
,"Habían tenido la suerte de resolver el epitafio, que era el único milagro que podía llevar a un juego sin víctimas... Qué irónico que hubieran sido incapaces de prevenir la tragedia."
,"¿Significa esto que no se nos permite tener un futuro en el que todos regresemos vivos y felices de esta isla, incluso si el epitafio se resuelve milagrosamente antes de que ocurra el crimen?..."
,Un milagro... ciertamente... no ocurrirá...
,Recordé aquellas palabras que había oído en uno de los fragmentos que {f:5:Bernkastel} me había mostrado...
Ushiromiya Lion,"""{f:5:Bernkastel}‐san... Me mostraste lo maravilloso que era mi mundo... No quiero creer que creaste esta historia solo para herir a Ange..."""
Ushiromiya Lion,"""... A estas alturas, incluso yo me doy cuenta de que tú eres la Game Master... Por favor, explícame... ¿Por qué nos estás mostrando este juego?..."""
,"Por supuesto, nadie respondió la pregunta que Lion murmuró."
,"El juego creado para burlarse de Ange continuó tranquilamente, con más giros terribles que no traicionaron las expectativas de nadie..."
Ushiromiya Ange,"""¡Ja! ¡Muestra cualquier juego terrible que te guste! Estás intentando decir que esta es una de las infinitas posibilidades dentro de la caja del gato, ¡¿verdad?! ¡Haz lo que quieras!... ¡¡No dejaré que algo así me afecte!! ¡¡Algún día descubriré la verdad de lo que pasó el 5 de octubre de 1986!!"""
,"Después de encontrarse con Kyrie en el salón, se le dijo Jessica que la prueba se llevaría a cabo en el comedor, y siguió a Kyrie hasta allí..."
Ushiromiya Jessica,"""... Tía Kyrie, aquí no hay nadie."""
Ushiromiya Kyrie,"""Estará aquí pronto. Siéntate allí."""
Ushiromiya Jessica,"""..."""
,"Jessica se sentó en esa silla, luciendo nerviosa y agitada."
,Kyrie era de lejos la que estaba más tranquila de las dos.
,"Kyrie cerró la puerta detrás de ella, revelando el arma que descansaba allí. Jessica estaba mirando hacia el otro lado, por lo que no vio nada..."
Ushiromiya Jessica,"""... ¿Has oído algo, tía Kyrie? ¿Sabes qué tipo de prueba es esta?"""
Ushiromiya Kyrie,"""Sí. Habrá terminado pronto."""
Ushiromiya Jessica,"""Espero que así sea."""
,"Mientras se quejaba, Jessica giró la cabeza y la punta de su nariz chocó contra el frío metal."
Ushiromiya Jessica,"""... ¿Eh—?"""
Ushiromiya George,"""¡¿T-Tío Rudolf...!? ¿Qué... haces?..."""
Ushiromiya Rudolf,"""Jeje. Soy incapaz de dispararte por la espalda."""
Ushiromiya George,"""... C‐Cuidado, esa cosa es peligrosa. ¡¿Qué demonios estás haciendo?!..."""
Ushiromiya Rudolf,"""¿Necesitas preguntar por qué alguien apuntaría con un arma y apretaría el gatillo?"""
,"Rudolf recargó velozmente, y jaló del gatillo sin vacilar."
,"El estruendo de la pólvora brotó envuelto en la lluvia, y George cayó de rodillas..."
Ushiromiya George,"""¡¡Unnggg... ggnhh...!!"""
Ushiromiya Rudolf,"""Vaya, sí que es extraño. Tira bajo... Este arma está en las últimas."""
Ushiromiya George,"""¡¡A-Alguien...!! ¡¡Ayúdenme... El tío Rudolf es...!!"""
,"George se tambaleaba mientras intentaba huir, aferrándose a su costado.{n}Al pedir ayuda, su voz era débil y aguda."
,"Rudolf estaba detrás de él, en aparente calma absoluta, jugueteando con el arma."
Ushiromiya George,"""Me duele... duele... ¡Gah, nngg...!"""
,"Justo donde se agarraba, un dolor punzante atormentaba a George. Un dolor tan insoportable, que apenas podía arrastrarse..."
,Se apoyó contra el tronco de un árbol.
,"Y tras agacharse, intentando cubrir su herida, fue consciente de que tal vez nunca podría levantarse de nuevo."
,George no sabía qué estaba pasando. Le había parecido muy extraño desde un principio.
,"Por supuesto que era extraño, ser llamado a este lugar, en este momento."
,"... Pero, ¿cómo? ¿Cómo podría imaginar que algo no estaba bien?..."
,"Después de todo, fue su propio tío... el que le dijo que su abuelo le llamaba desde la conferencia familiar... ¿Cómo sospechar...?"
Ushiromiya Rudolf,"""... Te debo una disculpa, George‐kun. Duele, ¿no es cierto? De saberlo, te habría volado los sesos antes de que pudieses darte cuenta. Pensé que habría sido muy cruel acabar con tu vida de ese modo. Me equivoqué."""
Ushiromiya George,"""... ¿Qu‐? ¿Por qué, Tío Rudolf?... ¿Por qué... mi querido tío... haría... esto?..."""
Ushiromiya Rudolf,"""Puedes olvidarlo todo. Porque, para la noche de mañana, nosotros lo olvidaremos también."""
,"Con un veloz accionar de la palanca, cargó el arma."
,El casquillo de la misma bala que había destruido las costillas de George cayó frente a sus ojos...
Ushiromiya Rudolf,"""Todos moriremos en un terrible accidente. Hasta el fatídico día de aquel accidente, fuimos una familia grande y feliz... Así será. No te preocupes. Y olvídalo todo."""
,George era incapaz de entender lo que su tío le estaba diciendo.
,"Solo sabía que sería asesinado por él, y que en su rostro no se vislumbraba ni una sombra de duda..."
,"Era extraño... Aquel cercano, admirable, divertido y hábil tío Rudolf que George conocía... no parecía ser el Rudolf que estaba frente a él, apuntándolo con un arma."
,"No, no era eso. Era extraño, porque era exactamente el mismo."
,"Incluso teniendo un arma en sus manos... Rudolf tenía una inmensa sonrisa, la misma que tenía cada vez que contaba alguna broma hilarante."
,... ¿Por qué alguien tan simpático... como el tío Rudolf... haría esto?...
,Una melancolía incomprensible se apoderó de él... y las pesadas lágrimas vencieron a sus ojos.
Ushiromiya George,"""Ungh, uughh... tío Rudolf... Yo... te admiraba..."""
Ushiromiya Rudolf,"""¿No recuerdas todas las veces que te lo dije, George?... que no quería que terminaras siendo un hombre como yo. Tengo otro consejo. En el más allá, asegúrate de aprender a reconocer un verdadero bastardo... Sé que podrás hacerlo. Siempre has tenido talento para aprender."""
Ushiromiya George,"""¡¡Uu... khh... rrrraaaaaaaaaaaaaaaaahhhhhhhh!!"""
,"Apretando los dientes, soportando el dolor... y desatando su último bastión, George lanzó su cuerpo completo en una patada."
,"Al mismo tiempo, el cañón del arma hizo explosión."
,"... Y una bala atravesó el pecho de George.{n}George se retorció, cayendo al piso mientras la sangre abandonaba su cuerpo."
,"Jadeó de forma incomprensible, y los dientes que apretaba estaban ahora tintados de rojo.{n}El arma fue presionada en su sien."
Ushiromiya Rudolf,"""Hasta pronto... Conviértete en un buen tipo en la próxima vida. No quiero que termines siendo un hombre como yo."""
Ushiromiya George,"""... No puedo creer... que mi tío... mataría por dinero... Khghaaaahhhhh..."""
Ushiromiya Rudolf,"""Eres tan ingenuo... Las personas... matan por dinero."""
,El implacable gatillo se adelantó a cualquier pregunta.
,"Las manos de George, que antes sostenían su herida, cayeron..."
,"Rudolf pudo ver como el cuerpo de George dejaba ir toda vida, y soltó el profundo suspiro que había estado reprimiendo."
Ushiromiya Rudolf,"""Ja... Ja{0}ja{0}ja{0}ja{0}ja{0}ja{0}ja{0}ja{0}jaja... En realidad pensé que sería peor."""
,"Rudolf echó su mirada a los cielos, donde solo la oscuridad y la lluvia le respondieron, resbalando por su rostro... Y entonces comenzó a reír, con una expresión indescriptible, mientras su lengua buscaba huir de su boca."
Ushiromiya Rudolf,"""En realidad pensé que mi conciencia me torturaría mucho más por hace esto... Ahora que se terminó, me doy cuenta... una vez más, me equivoqué."""
,"*carcajada*carcajada*, Jajajajajajaja.{n}Rudolf se echó a reír.{n}Eso era justo lo que Kyrie deseaba."
,No había sido fácil matar a George.
,"... Aunque había sido despiadado, los últimos vestigios de conciencia que aún latían en el corazón de Rudolf seguramente entorpecieron su paso."
,"Pero ahora que había asesinado a otra persona con sus propias manos, ahora que había pasado esa línea, finalmente había despertado."
,"... No, ahora lo entendía."
Ushiromiya Rudolf,"""... Es exactamente igual que los negocios... El mismo viejo juego de suma cero. Cuando hay una montaña de oro por repartir, no hay premio por ser paciente. Los que son demasiado lentos son arrojados al infierno."""
,He estafado docenas de pobres diablos y los he sumergido en la miseria.
,"Y estoy seguro que más de uno de ellos se colgó. Siempre me reí, siguiendo el cómodo mantra de que no era mi problema."
,Eso es todo.
,"La única diferencia, es que, por primera vez... He dado el último golpe con mis propias manos."
Ushiromiya Rudolf,"""... Debo agradecerte, Kyrie... Solo tú logras destruir así mi ingenuidad... Jejeje, ¡Je{0}ja{0}ja{0}ja{0}ja{0}ja{0}ja{0}ja{0}ja! ¡¡¡Ja{0}ja{0}ja{0}ja{0}ja{0}ja{0}ja{0}ja{0}ja{0}ja{0}ja{0}ja{0}jaja!!!"""
,La carcajada de Rudolf resonó.
,"Y era tan puramente malvada, que resultaba refrescante.{n}La maldad que se aferra a su conciencia e intenta razonarse como aceptable es por completo repulsiva."
,Un hombre que se entrega a la maldad solo puede conservar elegancia si es honesto.
,"En ese sentido, la risa de Rudolf... Era completamente elegante..."
,Y...
,"Seguramente, el espectáculo sangriento y brutal del comedor debía tener algo de elegante también."
,Un eco metálico. Un golpe sordo. Un crujido y un chasquido viscoso... Una amalgama de estos sonidos permanecía repitiéndose al mismo ritmo.
,... Cada vez que una mancha roja salpicaba en el mantel colgante.
Ushiromiya Kyrie,"""Jessica‐chan... ¿Oyes eso?"""
,Kyrie preguntaba esto con el tipo de sonrisa amable que cualquier tía le dedicaría a su sobrina.{n}Jessica no respondió.
,Lo cual no era en absoluto una sorpresa.
,"... Después de todo, para este punto... su nariz estaba quebrada, sus ojos habían sido aplastados... sus dientes arrancados... y toda su cara era ya apenas reconocible... Solo era un amasijo de carne ensangrentada."
,Kyrie al fin acabó la monótona tarea de moler la cara de Jessica usando la culata de su arma.
,"Todavía sentada sobre Jessica, Kyrie arrojó el arma a un costado y sacó de su bolsillo una polvera, examinando su propio rostro."
,Le había salpicado sangre.
Ushiromiya Kyrie,"""Es una lástima. Tendré que tirar este conjunto... ¡¡*carcajada*carcajada*, *carcajada*carcajada*carcajada*carcajada*!!"""
,"Con una risa ahogada, Kyrie se puso en pie, tambaleando."
,"Jessica ya no se movía... Hasta hacía un momento, aún convulsionaba un poco, pero ahora yacía totalmente rígida."
Ushiromiya Kyrie,"""... Cuando se trata de arrebatarle oportunidades a otras mujeres, tu tía es una experta. Discúlpame por dejarte en este estado... Si no te hubieses resistido, te habría matado limpiamente."""
,"Kyrie arrancó el mantel, y lo utilizó como toalla para quitar la sangre ajena de su cuerpo."
,"Pero la sangre no se iba, en vez de eso, se empezó a mezclar... Y fue imposible deshacerse del olor a muerte que la envolvía."
,"Cuando se aburrió de revolver la sangre con el mantel, Kyrie caminó a la extensión telefónica en la esquina del salón."
,Marcó el número de la habitación de los primos en la casa de huéspedes...
Ushiromiya Kyrie,"""... Hola. Ya sabes quién soy... Te toca, Battler-kun... Debes ir a la capilla... Sí, eso haré. No he recibido instrucciones sobre María-chan. Asegúrate de que espere pacientemente... *risita*. Tómatelo en serio... Estoy apostando porque seas nombrado sucesor."""
,"Con la misma sonrisa de siempre y con las manchas de sangre limpiadas solo parcialmente, Kyrie terminó su llamada con Battler."
,"Colgó y escucho un leve golpe llamar de la puerta, tras el cual Rudolf entró."
Ushiromiya Rudolf,"""... Vaya desastre."""
Ushiromiya Kyrie,"""Jessica‐chan era más hábil de lo que creí. Reaccionó justo cuando no me lo esperaba."""
Ushiromiya Rudolf,"""Es una lástima que llegara a su final luciendo así... Qué desperdicio de los genes de Natsuhi nee‐san."""
Ushiromiya Kyrie,"""¿Cómo resultó tu parte? ¿Te causó muchos problemas?"""
Ushiromiya Rudolf,"""Ninguno. Fue muy sencillo."""
,"Al escuchar la respuesta sin titubeos de Rudolf, Kyrie le dedicó una sonrisa perversa."
,"Es cierto, el hombre que ella amaba no dejaba que nada se interpusiese en su camino, mucho menos emociones baratas..."
Ushiromiya Kyrie,"""Te amo, Rudolf‐san. Esto es justo como yo lo deseé."""
Ushiromiya Rudolf,"""Es difícil imaginar un trabajo más sencillo que este para asegurarse mil millones de yenes... Como siempre decía papá. En la vida de todo hombre, llega un momento en que tiene que estar dispuesto a matar."""
Ushiromiya Kyrie,"""Dispuesto a hacer lo que haga falta para sobrevivir... De sus frases, es mi preferida."""
Ushiromiya Rudolf,"""¿Qué sigue? Mi rifle quiere probar sangre."""
Ushiromiya Kyrie,"""Te toca un trabajo muy importante. Convencer a Battler‐kun."""
Ushiromiya Rudolf,"""Ah, es cierto. Qué pereza. Más le vale no obligarme a apretar el gatillo."""
Ushiromiya Kyrie,"""Me gusta, sabes... Nuestra tierna familia de tres, con Ange... Si realmente quieres que Battler se nos una... No será fácil."""
Ushiromiya Rudolf,"""Seguro... No pienso darle una oportunidad de discutir. Me he encargado de diseñar una historia en la que caerá redondo."""
Ushiromiya Kyrie,"""Te deseo suerte. Preferiría que el querido hermano mayor de Ange no sea hallado muerto por una explosión."""
Ushiromiya Rudolf,"""Lo sé. Suficiente, iré a la capilla."""
Ushiromiya Kyrie,"""Rudolf‐san."""
Ushiromiya Rudolf,"""¿Qué...?"""
Ushiromiya Kyrie,"""... Recuerda, si por cualquier motivo, Battler‐kun no acepta..."""
Ushiromiya Rudolf,"""... Lo sé, lo sé. De llegar a eso, bang."""
Ushiromiya Kyrie,"""Es un chico testarudo, incluso se atrevió a irse de casa cuando nos comprometimos... Tienes que contarle una historia que no deje cabos sueltos, porque si nos cuestiona más tarde... será fatal."""
Ushiromiya Rudolf,"""Sí, lo sé. Quiero que confíes en mí."""
Ushiromiya Kyrie,"""... Te lo advierto... si llego a sospechar, aunque sea por un segundo de Battler-kun... Yo misma lo mataré. Ya que no es mi hijo."""
Ushiromiya Rudolf,"""... Cierto, tienes razón... Pero, Kyrie, tendrás que prometerme una cosa."""
Ushiromiya Kyrie,"""¿Qué...?"""
Ushiromiya Rudolf,"""Si... logro engañar a Battler, y los tres nos vamos de esta isla, juntos..."""
Ushiromiya Kyrie,"""... ¿Sí?"""
Ushiromiya Rudolf,"""... No vuelvas a decir que Battler no es tu hijo... Nunca... más. Por favor."""
Ushiromiya Kyrie,"""... Como sea, lo prometo."""
,"Kyrie se encogió de hombros, respondiendo mientras recargaba su arma."
Ushiromiya Kyrie,"""Ve a la capilla. Esperaré hasta que Battler‐kun se haya marchado, y entonces limpiaré la casa de huéspedes."""
Ushiromiya Rudolf,"""¿Estarás bien lidiando con todo eso sola?"""
Ushiromiya Kyrie,"""Preocupate de ti mismo mejor."""
,Battler abandonó la casa de huéspedes bajo un paraguas.
,"Fue llamado frente a la capilla, al igual que George."
,No había pasado ni media hora desde que Jessica y George habían acudido a sus llamados... Esta prueba no parecía ser muy larga.
Ushiromiya Battler,"""... Maldito vejestorio. No te dignaste a presentarte al almuerzo, y ahora nos atormentas con una prueba en mitad de la noche... Seguro que vivir encerrado todo el tiempo le ha trastornado su reloj interno."""
,"Quejándose por el camino, Battler se adentró en la tormenta."
,"Pronto fue tragado por la oscuridad del jardín de rosas, y desapareció de toda vista."
,... Entonces...
,Kyrie emergió de la oscuridad en el jardín.
,"En su mano derecha, una pistola. En su mano izquierda, un paraguas."
,"En su bolsillo interior, cargaba la llave maestra que robo de Gohda."
,"En su bolsillo derecho, un puñado de balas. En el izquierdo, guardaba un cuchillo que tomó de la cocina."
,Era una asesina perfectamente equipada.
,"Desde el torbellino caótico que reinaba en los cielos, descendió otro relámpago. Solo la mitad del rostro de Kyrie se iluminó."
,La otra mitad... seguía oscurecida por la sangre de Jessica.
,"Bajo el alero, Kyrie cerró el paraguas, sonrió y le habló a la nada."
Ushiromiya Kyrie,"""¿Qué tal, todos?"""
,"Rudolf permanecia bajo el alero de la capilla.{n}Había escondido su arma en las sombras, y ahora encendía un cigarrillo..."
Ushiromiya Rudolf,"""... Será muy fácil engañar a ese ingenuo... Y si acaso eso no funcionase..."""
,Observó de reojo el sitio donde yacía la pistola.{n}El humo del cigarrillo agradablemente lo envolvió en una cortina de incertidumbre.
,... Battler ya no es solo un muchacho. Es un adulto que puede decidir el rumbo de su vida.
,"Cuando los animales crecen, es normal que abandonen el grupo y emprendan su propio camino. Los humanos somos los únicos que insistimos en tratarnos como niños, incluso después de crecer..."
Ushiromiya Rudolf,"""... De haber sabido que acabaría así, no te habría rogado que regresaras... Me arrepiento, tanto... de arrastrarte de regreso a la familia..."""
,Exhaló estas palabras... junto con el humo.
,"Estaba esperando que apareciera Battler, pero no pensaba expresarle sus remordimientos."
,Rudolf ya había decidido cumplir con su papel de asesino despiadado que quita vidas por dinero.
Ushiromiya Rudolf,"""... Aún no está aquí... ¿Por qué le está tomando tanto tiempo?"""
,Escuchó pisadas en la gravilla.
,"Levantó la mirada, pensando que Battler había llegado al fin... pero el ruido provenía de la dirección contraria de la mansión."
Ushiromiya Rudolf,"""¡...!"""
Ushiromiya Eva,"""... Rudolf... ¡¿Cómo pudiste...?! ¡¿Cómo pudiste... hacerle eso a mi esposo?!"""
Ushiromiya Rudolf,"""Aneki... Así que, sigues con vida..."""
Ushiromiya Eva,"""Sí, tendrás que disculparme, pero sigo viva... ¡Qué lástima! Mi esposo no corrió la misma suerte... ¡¿Cómo pudiste...?! ¡¡¿Cómo pudiste...?!!"""
,"Con el rostro oscurecido entre rabia y lágrimas, Eva caminó hacia adelante, con el arma alzada."
,Su esposo había sido asesinado frente a sus ojos. No dudaría ahora.
,"Rudolf retrocedió, viendo el arma que apuntaba a su pecho temblar por la ira de quien la empuñaba."
,"Pero la verdad es que estaba acercándose a su propia arma, escondida en la oscuridad."
Ushiromiya Rudolf,"""C‐Cálmate, Aneki... Baja el arma... Yo no quería que las cosas terminasen de esta manera. Todo pasó tan rápido. ¡No tuve oportunidad...!"""
Ushiromiya Eva,"""¡¡¿Cómo te atreves a decirme mentiras tan patéticas?!!"""
,Una sarta de mentiras a medias.
,Rudolf habría dicho cualquier cosa para apaciguar las emociones de Eva...
,... El pie de Rudolf chocó con su arma.
Ushiromiya Rudolf,"""I-Intentemos hablar de esto... George pronto vendrá... Oh... Ey, George-kun, por aquí."""
,"Rudolf saludó, como si George estuviese detrás de Eva."
,Deja que Eva se gire en esa dirección y...
,... Esa estúpida... Mi sencilla hermana mayor siempre ha sido una pobre diabla.
,¡¡¡Muere!!!
,Se escucho un disparo. 
,"... Y entonces, el sonido de un goteo más pesado que el de la lluvia, tintando el adoquín."
Ushiromiya Rudolf,"""... Agh... nggg..."""
Ushiromiya Eva,"""... Rudolf... ¡¡Jamás has sido capaz de engañarme!!"""
,"La bala disparada por Eva se encajó por completo en el pecho de Rudolf.{n}Mientras que la bala disparada por Rudolf, aterrizó desviada, cerca de los pies de Eva."
Ushiromiya Rudolf,"""Esta vez, no me equivoqué... Este arma... dispara... bajo..."""
,"Rudolf soltó el arma y su cuerpo se tambaleó hacia atrás, estampándose contra el muro de la capilla."
Ushiromiya Rudolf,"""No, no fue por eso... Solo fue porque... todos los buenos wésterns terminan... con el tipo malo fallando su tiro..."""
,"Eva saltó hacia él, pateando el arma que Rudolf había dejado caer en un charco, y lo agarró por el collar."
Ushiromiya Eva,"""¡¿Qué le pasó a George?! ¡¿Dónde está?! ¡¡No permitiré que le pongas un dedo encima!!..."""
Ushiromiya Rudolf,"""... Lo siento, Aneki... Ya... está muerto."""
Ushiromiya Eva,"""¡¡Mientes!!"""
Ushiromiya Rudolf,"""... En aquellos arbustos... Puedes revisarlo. Y lo verás..."""
Ushiromiya Eva,"""... R‐Rudolf... tú..."""
,"Eva jamás había sido engañada por Rudolf, y por eso, sabía que sus últimas palabras eran ciertas."
Ushiromiya Eva,"""¡¡¡Cómo pudiste... George... Geoo{-}o{-}o{-}o{-}o{-}o{-}o{-}o{-}o{-}o{-}o{-}o{-}o{-}o{-}o{-}o{-}orge!!!"""
,Un casquillo vacío rebotó en el adoquín. El cañón de un arma furiosa fue presionado contra la frente de Rudolf.
Ushiromiya Rudolf,"""... Adelante, dispara... Ya no habrá paz para ninguno."""
,"Un rayo cayó violentamente desde el cielo, y solo se pudo ver blanco.{n}Pero la muralla de la capilla, estaba totalmente roja."
,"Todo estaba rojo, goteando detrás de la cabeza de Rudolf..."
,"Y dejando un rastro del mismo color detrás de él... Rudolf resbaló del muro, hasta quedar sentado en el piso, y caer de frente."
Ushiromiya Eva,"""¡¡George, Geooo{-}o{-}o{-}o{-}o{-}o{-}orge!! ¡¡Geooo{-}o{-}o{-}o{-}o{-}o{-}orge, uwaa{0}a{0}a{0}a{0}a{0}a{0}a{0}a{0}a{0}aahhh!!"""
,"Eva se apresuró hacia los arbustos... Encontró el cadáver de George, gritó, y cayó al suelo, llorando."
,... El cadáver ensangrentado de Rudolf estaba expuesto ante la lluvia que se deslizaba por el alero de la capilla.
,"Sus ojos seguían abiertos de par en par. Tenía un agujero del tamaño de un puño en su cabeza, exponiendo su interior a la intemperie."
,Pero dentro no había más que una mezcla de carne picada y gelatina roja brillante.
,"Una sustancia repulsiva que parecía haber sido revuelta con una cuchara, y que goteaba de sus ojos, nariz, orejas, boca, y claro, del agujero en su cabeza..."
Ushiromiya Ange,"""... Papá... papá... ¡¡¡Aaaaaaaaahhh...!!!"""
,"Ange agarró su cabeza con ambas manos, gimoteando y rompiendo en llanto."
,"Rudolf se había ensuciado las manos por dinero, y por ello había pagado un alto precio. Ver a su padre así, constituía un sufrimiento inconmensurable para una hija."
,... No puedo aguantarlo más. Nada de esto tiene sentido.
Ushiromiya Lion,"""¡{f:5:Bernkastel}‐san...! ¡Sé que estás ahí! ¡¡Te lo ruego, detén este juego...!! ¡No tiene sentido!"""
,Como en respuesta a ese grito... una sombra oscura apareció unos asientos más adelante.
,Pero parecía ser que llevaba ahí desde un principio.
,Como si hubiese sido invisible para quien no se diese cuenta de que estaba ahí.
,"Era, sin lugar a dudas, la espalda de {f:5:Bernkastel}."
Ushiromiya Lion,"""¡¡{f:5:Bernkastel}‐san...!!"""
{f:5:Bernkastel},"""... Bajen la voz. ¿Son incapaces de ver un espectáculo en silencio?"""
,"La bruja se giró con una mirada de aburrimiento... En su expresión se podía percibir un desdén por el ruido, cual si ella fuese la normal en esta situación."
Ushiromiya Lion,"""¡Por favor, haz que pare...! ¡Ya entendimos que este mundo forma parte de la caja del gato del 4 y 5 de octubre!..."""
,Estos juegos son como mensajes.
,"O como una carta de amor indirecta, que transmite un único mensaje a través de varios juegos."
,Pero ya lo entendimos. Sabemos que interminables historias pueden filtrarse desde esta caja del gato sellada.
,"Incluso sé quien es el culpable, y su motivación. Ya fue revelado, y no tiene nada que ver con este juego."
Ushiromiya Lion,"""¡Ya sabemos la respuesta!... ¡¡No hay razón para seguir con esto!!... ¡¡Si se supone que esto es un juego entre tú y yo, entonces ya lo entendimos!!... ¡¡Este juego debería terminar ya!!"""
{f:5:Lambdadelta},"""Cállate. ¿No escuchaste cuando Bern exigió silencio?"""
,"Otra silueta apareció en el siguiente asiento, y regaño al par."
{f:5:Bernkastel},"""... Hay una razón. Si dejas de gritar y sigues viendo, la entenderás... *risita*risita*."""
Ushiromiya Lion,"""¡¿Eres tú la Game Master?!..."""
{f:5:Bernkastel},"""... No."""
Ushiromiya Lion,"""¡¿Entonces quién?! ¿Acaso es... Clair?..."""
{f:5:Bernkastel},"""Si sigues viendo, lo sabrás. Ya no queda mucho... *risita*risita*."""
{f:5:Lambdadelta},"""Esta tragedia está por alcanzar su clímax. ¿Quién sobrevivirá? Me pregunto. Jeje{0}je{0}je{0}je{0}je{0}je{0}jeje..."""
,¿{f:5:Bernkastel} no es la Game Master?...
,¿Entonces quién es?{n}¿Podría ser que Clair escribiese una historia tan cruel?...
,¿O acaso hay más brujas jugando con esta caja del gato?...
,La casa de huéspedes permanecía envuelta en un silencio perentorio.
,Ni una señal de vida.
,Ni una pista de la presencia de alguien. Ninguna respiración.
,Nada...
,De haber un sonido...{n}Sería el de los pasos del responsable...
,Kyrie caminó por el salón.
,"En su mano derecha, tenía una pistola.{n}En su mano izquierda, un cuchillo."
,"Un cuchillo envuelto en sangre, que aún goteaba... dejando un rastro carmesí de huellas demoníacas..."
,Sus manos estaban repletas de herramientas para matar.{n}Era incapaz de cualquier cosa excepto el asesinato.
,"Ya no era nada más que eso, una asesina."
,... Alcanzó la puerta frontal y contempló sus manos por primera vez desde que había entrado.
,Esas eran las herramientas de la muerte.
,"Se dio cuenta de que no podría abrir la puerta, así que descartó el cuchillo..."
,"Llevó su mano al pomo de la puerta, se volteó en calma y habló."
Ushiromiya Kyrie,"""Lo siento mucho por ustedes... Pero no se preocupen. En unos días, los diarios hablarán de un trágico accidente... y con seguridad, todos creerán que pasaron sus últimos momentos en una feliz ignorancia... Sí, todos ustedes habrán sido felices hasta la media noche del 5 de octubre."""
,Así lo declaró la responsable.
Ushiromiya Kyrie,"""A esta hora, los primos seguían despiertos, divirtiéndose... Los sirvientes con el turno de mañana dormían a pierna suelta, y los de tarde seguramente estaban haciendo el registro o tomando un descanso."""
Ushiromiya Kyrie,"""... Así es. Desde aquí, aún soy capaz de escuchar las risas en la habitación de los primos... *risita*."""
,Nadie fuera de aquella caja sellada podría entender.
,Pero ella se regodeaba en el significado de sus palabras...
,"Fuera, la lluvia seguía cayendo de forma despiadada."
,"Kyrie casi recoge un paraguas, pero se detuvo súbitamente, como si hubiese recordado algo."
,"Y comenzó a caminar bajo la lluvia, dejándose mojar..."
,¿Acaso fue porque no quería que al agarrar el paraguas tuviese que dejar de apuntar con su arma?... ¿O esperaba que el fluir de la lluvia pudiese llevarse la sangre consigo?
Ushiromiya Kyrie,"""..."""
,Kyrie se detuvo. Algo inesperado captó su atención.{n}Pero esta vez no se trataba de un capricho...
Ushiromiya Eva,"""... ¡¡¡¿Cómo pudiste... matar a mi esposo...?!!!"""
Ushiromiya Kyrie,"""Oh... Eva nee‐san. Qué sorpresa. ¿Cómo pude fallar a tan corta distancia?"""
Ushiromiya Eva,"""También estoy sorprendida. De seguir con vida."""
Ushiromiya Kyrie,"""... Llegaste hasta aquí a través de la escalera subterránea detrás de la capilla, ¿no es así?... En ese caso—"""
Ushiromiya Eva,"""Así es. ¡Me crucé con Rudolf frente a la capilla!"""
Ushiromiya Kyrie,"""¿Se encontraba bien?"""
Ushiromiya Eva,"""Oh, sí. Ha pasado mucho tiempo desde la última vez que charlamos así."""
Ushiromiya Kyrie,"""... Ya veo. Es un presumido, pero al final del día es incapaz de lidiar con una situación como esta... Realmente me necesitaba."""
,A Kyrie no le hacía falta confirmar que Rudolf estaba muerto.
,"Y aún así, ningún pánico o urgencia se apoderó de su rostro."
,"Solo cerró los ojos, con su expresión despreocupada usual... Y cuando los abrió, su sonrisa había regresado."
Ushiromiya Kyrie,"""... Gracias. Estoy verdaderamente agradecida. Por primera vez, será todo mío."""
Ushiromiya Eva,"""¿Qué es esa sangre en tu ropa?... Vienes de la casa de huéspedes... No me digas que..."""
Ushiromiya Kyrie,"""Sí, es justo lo que piensas... Estoy en medio de un asesinato."""
Ushiromiya Eva,"""¡¿Los mataste?! ¡¡¿A todos?!! ¡¿Incluso a María‐chan?!..."""
Ushiromiya Kyrie,"""No había razón para dejarles vivir. De llegar la mañana, armarían un escándalo, eso sería desagradable. Incluso podrían haber pedido ayuda a alguien fuera de la isla... Así que era simplemente lógico hacer esto. Al voltear el tablero, era el mejor movimiento."""
Ushiromiya Eva,"""¡¡Monstruo!! ¡¡No puedo creer que estuvieses tan cegada por la avaricia como para hacer algo así...!!"""
Ushiromiya Kyrie,"""No te olvides de lo que tú hiciste."""
Ushiromiya Eva,"""¡¡Fue un accidente!! ¡No quería matarlos! ¡¡No soy como tú!!"""
Ushiromiya Kyrie,"""Oh, sí, sí que lo eres... De no ser por aquel disparo, habrían seguido discutiendo entre ustedes. Y habrían alcanzado la misma respuesta, solo un poco más lento."""
Ushiromiya Eva,"""¡¡No soy una asesina!!"""
Ushiromiya Kyrie,"""Mientes. Eres una asesina, solo no tuviste la oportunidad. Fuiste salvada por un accidente, eso es todo... Estoy segura de que de no ser por eso... estarías justo donde estoy yo ahora. Esto es una verdad alterna, una de muchas, y no se irá por mucho que la niegues."""
Ushiromiya Eva,"""¡N-No intentes confundirme!"""
,Pero Eva lo sabía.
,"En aquel momento, fue salvada por una coincidencia."
,"De haber continuado con aquella discusión, lo habría terminado intentando."
,"... No podía negar la existencia de este demonio, que descansaba en lo profundo de su corazón."
,Y los espectadores sabían.{n}Que ella podía convertirse en una asesina en otro mundo.
,Kyrie no necesitaba ver ningún juego para saber eso... Parecía ser extraordinaria.
,"Eva solo rechinó los dientes, apuntando con su arma..."
Ushiromiya Eva,"""... No lo entiendo. También eres madre, conoces el dolor de dar a luz. ¡¿Cómo puedes no reconocer lo valiosa que es una vida?!... ¡¿Cómo eres capaz de hacer esto...?!"""
Ushiromiya Kyrie,"""Puedes tener un bebé sin siquiera intentarlo."""
Ushiromiya Eva,"""¡¡¿Qué tiene que ver eso...?!!"""
Ushiromiya Kyrie,"""Que son vínculos."""
Ushiromiya Eva,"""¡¿Qué?!"""
Ushiromiya Kyrie,"""Los hijos son vínculos, con los que atar a tu marido... En mi caso, uno para que Rudolf-san me reconociera, para quitárselo a esa mujer."""
Ushiromiya Kyrie,"""Pero tú mataste a Rudolf-san. Entiendes lo que eso significa, ¿no es así?"""
Ushiromiya Eva,"""¡¿Qué quieres decir... con eso?!"""
Ushiromiya Kyrie,"""Ahora mismo, he dejado de ser esposa, y gracias a ello, puedo dejar de ser madre también... Al fin, soy yo. Kyrie. Ahora que Rudolf está muerto, ya no soy una Ushiromiya. Vivo por y para mí."""
Ushiromiya Eva,"""Es cierto, Rudolf está muerto, y ya no puedes ser su esposa. ¡Pero aún tienes a Ange‐chan, ¿verdad?!... ¡¿Aún eres madre, no es así...?!"""
Ushiromiya Kyrie,"""¿Es que acaso no escuchas lo que digo? Sin Rudolf, Ange me es inútil."""
Ushiromiya Eva,"""... T‐Tú... ¡¿Cómo puede una madre decir eso de su hija?!"""
Ushiromiya Kyrie,"""Eva nee‐san. Deja esto. Ya no necesitas pretender."""
Ushiromiya Eva,"""¡¿Pretender...?!"""
Ushiromiya Kyrie,"""¿Acaso alguna de nosotras se casó por querer hijos? ¿No, verdad? Nos casamos por querer vivir con el hombre que amábamos. Y tras casarnos, no queremos dejar a ese hombre ir, ¿no es cierto? Los hijos... no son más que armas."""
Ushiromiya Eva,"""¡¡Nadie tendría hijos por un motivo como ese...!!"""
Ushiromiya Kyrie,"""Algunas personas tendrían hijos por un motivo como ese."""
,"Kyrie hablaba desprovista de toda emoción, ignorando la lluvia...{n}Su sonrisa relajada no cedió ni por un instante."
Ushiromiya Kyrie,"""Ange no fue más que una cadena con la que atar a Rudolf-san... O tal vez sería mejor llamarla pieza... Para mí, Ange solo fue una pieza de ajedrez que utilicé para conseguir una ventaja en el tablero."""
Ushiromiya Eva,"""... Tú... ¡¿Podrías decirle eso a Ange-chan a la cara?!"""
Ushiromiya Kyrie,"""Eso sería innecesariamente cruel. Pienso escribirle una carta, pidiéndole que perdone a su mala madre, y entonces desapareceré de su vida. Has visto como Rosa‐san y María‐chan son realmente, ¿cierto? Ahora que Rudolf-san no está, Ange se ha vuelto un obstáculo."""
Ushiromiya Kyrie,"""... Pienso volver a mi vida siendo solo Kyrie. Un nuevo desafío, una nueva vida. Y tal vez un nuevo amor también. *risita*..."""
Ushiromiya Eva,"""... Y te haces llamar humana... ¡¿Y te haces llamar la madre de Ange-chan?!"""
Ushiromiya Kyrie,"""*risita*risita*. ¿A quién le importa Ange? Solo es una mocosa. Nunca la quise."""
Ushiromiya Eva,"""... ¿C-Cómo... puedes...?"""
Ushiromiya Kyrie,"""Es cierto, tú también has sido liberada. Cantemos por la libertad de la mujer. Deberías agradecerme por haberme encargado de tu obstáculo llamado George-kun."""
Ushiromiya Eva,"""¡¡T‐Tú... monstr{-}u{-}u{-}u{-}u{-}u{-}u{-}ooo!!"""
Ushiromiya Kyrie,"""¡¡¡Jaja{0}ja{0}ja{0}ja{0}jaj{0}ja{0}ja{0}ja{0}ja{0}ja{0}ja{0}ja{0}ja{0}a{0}a{0}a{0}a{0}a{0}a{0}a{0}a{0}aahhhhh!!!"""
,"Dos gritos, y el estentóreo ruido de las armas de fuego, resonaron a través de la tormenta en el oscuro jardín de rosas."
,"... Lentamente, Eva cayó de espaldas."
,"Aterrizando en un charco, salpicando incontables gotas de agua."
,"Al otro lado, Kyrie giró como si danzara."
,Hermosos pétalos completamente oscuros se dispersaron a su alrededor.
,Eran pétalos de rosa rojo pardo.
,... Se revolvió en un círculo mientras los pétalos giraban en torno a su garganta... y lentamente se desvaneció.
,Cayendo al suelo.
,"Ambas mujeres habían disparado sus armas, y ambas habían caído."
,"Pero cuando resonó el trueno, solo una pudo levantarse..."
Ushiromiya Eva,"""... *jadeo*... *jadeo*... *jadeo*..."""
,Eva no había recibido un disparo.
,La intensidad de Kyrie la hizo tropezarse y caer de espaldas... pero la bala solo le había rozado...
,Eva maldijo su buena suerte.{n}¿Por qué no pudo esta buena suerte salvar a su esposo o a su hijo?
Ushiromiya Eva,"""... Perece aquí... por el bien de Ange‐chan. Morirás en un trágico accidente. Y hasta el momento de tu muerte, estuviste preocupada por la hija que ahora has abandonado... Tallaré ese mensaje... en la tapa sellada de la caja del gato..."""
Ushiromiya Kyrie,"""..."""
,"Cuando Kyrie escuchó esto, la sangre goteó de su sonrisa perversa, y dio la impresión de responder."
,"Pero su voz fue un gorgoteo de sangre que escapaba de un agujero en su garganta, en vez de palabras..."
Ushiromiya Ange,"""M‐Mamá... Mamá... ¡Waaaaaa...! Es... mentira... ¡¡es todo mentira!!... ¡¡Aaaaaaagggghhhhhh...!!"""
Ushiromiya Lion,"""Ange... ¡por favor, cálmate...! ¡No es más que un juego...! ¡Es imposible que esto sea lo que tu madre de verdad siente!... ¡¡No es más que lo que el Game Master obligó a la tía Kyrie decir!!..."""
,Las lágrimas de Ange no cesaron.
,"No la culpo. Incluso si sabe que es solo un juego... no solo fue forzada a ver la muerte de su madre... si no también a verla confesar ser la culpable de un asesinato en serie, y que ni siquiera quería a su hija. Cualquiera lloraría tras ver esto..."
Ushiromiya Lion,"""¡¡{f:5:Bernkastel}‐san!! ¡¡Ya fue suficiente!! ¡¡No me importa quién sea el Game Master!! ¡¡Detengan este juego sin sentido ahora!!"""
,"En cuanto Lion gritó esto, el escenario entero fue tragado por la oscuridad."
,Pero esto no bastó para sorprenderle.
,"Lion continuó gritando el nombre de {f:5:Bernkastel} a la oscuridad, exigiéndole a la bruja que detuviese el juego."
,Un solo haz de luz apareció sobre el escenario.
,"Y ahí... estaba Clair, quien había aparecido por solo un momento antes de que esta cruel historia comenzara."
Ushiromiya Lion,"""¡¡Clair!!... Así que... ¡¿Tú eras la Game Master después de todo?!... ¡No lo entiendo! ¡¿Por qué?!"""
,Clair no respondió.
,... Lucía como si ni siquiera hubiese escuchado.
,"Sus ojos estaban en blanco, y no se podía distinguir hacia donde miraba.{n}De hecho, ni siquiera pestañeaba..."
,... Parecía... una muñeca...
,Otra luz apareció sobre el escenario.
,Bajo esa luz estaba {f:5:Bernkastel}.
,"Aunque no parecía haber nadie en la audiencia, un fuerte aplauso se hizo escuchar."
{f:5:Bernkastel},"""... *risita*."""
,{f:5:Bernkastel} levantó su mano derecha en respuesta al aplauso.{n}Y continuó hasta que el aplauso se apagó del todo
Ushiromiya Lion,"""¡¡{f:5:Bernkastel}‐san!! Así que... ¡¡Tú eras la Game Master!!"""
{f:5:Bernkastel},"""... Lion. ¿Cuántas veces debo repetir que no soy la Game Master?"""
Ushiromiya Lion,"""¡¿Quieres decir que es Clair entonces?! ¡¡Eso es imposible!!..."""
{f:5:Bernkastel},"""Sí. Eso es, por supuesto, imposible. Después de todo, Clair está muerta... Hace nada estábamos en su funeral. ¿Acaso lo olvidaste?..."""
Ushiromiya Lion,"""Pero entonces... ¿Quién está ahí de pie?"""
{f:5:Bernkastel},"""Un cadáver. No es taxidermia. Aún conserva su interior... Lo esconde tras una elegante coraza, pero está repleta de órganos."""
,"Cuando {f:5:Bernkastel} alzó su mano derecha... una luz cayó ahí, y una negra y brillante guadaña apareció."
,"Era un objeto frío, despiadado y cruel, algo que portaría una parca clásica."
Ushiromiya Lion,"""¿Qu‐Qué pretendes hacer?..."""
{f:5:Bernkastel},"""... Cuando están con vida, disfrutas de verles luchar. Cuando mueren, disfrutas de arrancarles los órganos. Las historias son cosas que se disfrutan dos veces... Eso es lo que significa ser la Bruja de la Expectación."""
,"{f:5:Bernkastel} presionó la cuchilla de su guadaña contra el vientre de Clair, lentamente lo cruzó."
,"En la línea que trazó, el vestido de Clair fue cortado."
,"Quedó claro entonces que la guadaña que portaba no se trataba de una imitación para uso teatral... Y también quedó claro lo que pensaba hacer, lo que la hacía esbozar esa sonrisa tan cruel."
{f:5:Bernkastel},"""Ange. ¿Puedes oírme?"""
Ushiromiya Ange,"""... Yo... te escucho... ¡Me hacen pedazos, me hacen leer! ¡¿Qué sigue?! ¡¿Me estás mostrando la peor historia posible solo para dañarme más?!"""
Ushiromiya Ange,"""¡¿Es esto divertido para ti?! Sí, apuesto a que sí. ¡Yo también me lo pasé en grande!... ¡¿Acaso creíste... que esto bastaría para romperme?! ¡¡¿Acaso creíste... que me quedaría sentada llorando solo por este estúpido juego tuyo?!!"""
{f:5:Bernkastel},"""... Tanto tú como Lion... parecen tener una idea errónea. No soy la Game Master. Yo no creé esta historia."""
Ushiromiya Ange,"""¡¿Entonces, la mujer en ese vestido es la Game Master?!"""
Ushiromiya Lion,"""¡No, no lo es!... ¡Eso no es posible! ¡¿Entonces quién es el Game Master?! ¡¡¿Quién creó esta desagradable historia?!!"""
{f:5:Bernkastel},"""¿Aún no lo entienden?"""
Ushiromiya Ange,"""¡¡¿Qué es lo que no entendemos?!!"""
{f:5:Bernkastel},"""Ange. Lo apostaste todo a la vaga posibilidad de un milagro, lanzándote de frente... Y en respeto por tu coraje, te he invitado al mundo del 4 y 5 de octubre de 1986."""
{f:5:Bernkastel},"""... ¿Cuál era tu objetivo? Recuperar a tu familia... Eso sería una cuestión muy difícil de lograr, y sin la bendición de un milagro, una imposible. Estabas preparada para eso, ¿no?"""
Ushiromiya Ange,"""Sí, ¡¡estoy preparada!!... ¡Y no me he rendido con Onii-chan, mamá y papá!"""
{f:5:Bernkastel},"""Si te rindes o no, es tu decisión. Ese es tu propio juego, después de todo. No te apoyaré, ni intervendré. Ya disfruté de la ronda de juegos que te usan como pieza, así que ya no te necesito."""
Ushiromiya Ange,"""Bueno, qué alivio. ¿Por qué estoy aquí, entonces? ¡¿No fuiste tú quien me invitó?!"""
{f:5:Bernkastel},"""Sí, eso es correcto. Yo te invité aquí... Para agradecerte por entretenerme, como mi pieza."""
Ushiromiya Ange,"""¡¿Agradecerme?! Ja, ¡¡así que de este modo las brujas muestran su gratitud!! Sí, ha sido todo un placer, ¡maldito monstruo! ¡¡¿Cómo te atreves a hacerle esto a mis padres... trayéndolos a este... A este juego enfermo?!!"""
{f:5:Bernkastel},"""Ange. Pediste un deseo, esperando recuperar a tu familia. Pero también pediste un deseo más. ¿Lo recuerdas?"""
Ushiromiya Ange,"""¡¡No, no lo recuerdo!!"""
{f:5:Bernkastel},"""Querías saber qué pasó aquel día."""
,¿Qué pasó en Rokkenjima el 4 y 5 de octubre de 1986?
,¿No comenzó el viaje de Ange y Amakusa con la intención de responder esa pregunta?
Ushiromiya Ange,"""Eso es correcto... Así que, ¡¿cuál es tu punto?!"""
Ushiromiya Lion,"""... No querrás... decir..."""
,Lion se dio cuenta de lo que {f:5:Bernkastel} estaba implicando.
,Y por ello fue incapaz de hablar.
,"Si el Game Master no es {f:5:Bernkastel}, ni Clair."
,¿Entonces quién es?...
,Esa no es la pregunta adecuada. No hay... Game Master.
,Eso solo puede significar una cosa.
{f:5:Bernkastel},"""Ange. ¿Aún no lo entiendes?"""
Ushiromiya Ange,"""... ¿Qué...?"""
{f:5:Bernkastel},"""Esta es la verdad. Es el interior de la caja del gato del 4 y 5 de octubre de 1986. Tras esto, Eva sobrevive a la explosión al escapar a Kuwadorian... y, ya que nunca habló del interior de la caja sin importar lo mucho que quisieses saber, la verdad quedó sellada en esa caja por toda la eternidad."""
Ushiromiya Ange,"""¿Qué... estás diciendo?..."""
{f:5:Bernkastel},"""Solo Eva regresó con vida. A pesar de que la policía lo reconoció como un accidente, el público no quiso creerlo. Entonces ella se responsabilizó de la empresa de su marido, y mientras más duro trabajó para hacerla exitosa, más enemigos aparecieron. A los ojos del público, se volvió la mente maestra de un increíble plan criminal."""
{f:5:Bernkastel},"""... Tengo la certeza de que ella quiso contar lo que pasó realmente. La verdad que nadie creería sin pruebas... Poco a poco, el corazón de Eva se empezó a romper."""
{f:5:Bernkastel},"""Rechazaste a Eva, como todos los demás lo hicieron, y ella te rechazó en respuesta. A pesar de ser las últimas dos personas de la familia, su relación se tensó. Cada vez que ella te comparaba con su querido hijo, se volvía más rota y perversa."""
,"Entonces, un extraño mensaje en una botella apareció, convirtiéndose en tema de conversación."
,"Contenía una extraña historia, que hablaba sobre un misterioso asesinato serial relacionado con el oro en Rokkenjima."
,Todos rechazaron la teoría de la explosión accidental y empezaron a idear sus propias teorías.
,"Algunas de estas teorías señalaban a Eva como la culpable, lo cual la atormentó aún más."
,Pero Eva usó incluso eso para crear la caja del gato.
,"Y hasta el momento de su muerte, se aseguró de protegerla.{n}Protegió el candado que mantenía la caja cerrada."
,"Así, ningún {y:0:Humano}{n:0:humano} alcanzaría la verdad dentro de la caja.{n}No a menos que las brujas que atravesaron el Mar de Fragmentos abriesen ese candado..."
{f:5:Bernkastel},"""Esta es la verdad."""
Ushiromiya Ange,"""... Mientes... ¡¡Mientes... mientes!!... ¡¡Si esto fuese verdad, podrías decirlo usando la verdad roja!! ¡¡Pero no puedes, no hay forma de que puedas!! ¡¡¡Aaa{0}a{0}a{0}a{0}a{0}a{0}a{0}a{0}a{0}a{0}a{0}a{0}a{0}a{0}a{0}a{0}a{0}a{0}aahh!!!"""
Ushiromiya Lion,"""¡¡Ange!!... ¡¡Ange, cálmate!!... Ungh... ¡¿ah...?!"""
,Ange se retorció con tanta rabia que las cadenas de sus brazos y piernas parecían estar a punto de romperse.
,Sobre su cuerpo... un liquido rojo y viscoso se empezó a filtrar.
,Era como si múltiples grietas se hubiesen abierto por todo su cuerpo y estuviese saliendo sangre de todas ellas.
{f:5:Bernkastel},"""¿Qué es eso? ¿Quieres que lo anuncie con la verdad roja? Entonces lo haré, exclusivamente para ti."""
{f:5:Bernkastel},"{a:c:""‘{p:1:Esta es toda la verdad}}"
Ushiromiya Ange,"{a:c:""¡¡¡NOOOOOOOOOOOOOOOOOOOOOOOOOOO!!!""}"
,El gritó de Ange cubrió la verdad roja de Bern.
{f:5:Bernkastel},"""*risita*risita*risita*, ¡¡jaja{0}ja{0}ja{0}ja{0}ja{0}ja{0}ja{0}ja{0}jaja!!... Mocosa estúpida. Si tan solo no me hubieses pedido decir eso, podría habérmelo callado, dejándolo en la caja del gato."""
{f:5:Bernkastel},"""Pero tú lo pediste, ¿cierto? Sabía que lo harías. Quería verte gritar así."""
{f:5:Bernkastel},"""... Qué expresión encantadora, una expresión de la que me podré reír por cien años... *risita*risita*, ¡¡¡*risita*risita*risita*risita*!!! Vuelve a convertirte en carne molida. ¡¡¡Jaja{0}ja{0}ja{0}ja{0}ja{0}ja{0}ja{0}ja{0}ja{0}ja{0}ja{0}jaja!!!"""
Ushiromiya Ange,"""¡¡Uwaaa{0}a{0}a{0}a{0}a{0}a{0}a{0}a{0}a{0}a{0}a{0}a{0}a{0}a{0}a{0}a{0}a{0}a{0}a{0}a{0}a{0}a{0}a{0}a{0}aahh, gyaa{0}a{0}a{0}a{0}a{0}a{0}a{0}a{0}a{0}a{0}a{0}a{0}a{0}a{0}a{0}a{0}a{0}a{0}a{0}aahhhh!!"""
Ushiromiya Ange,"""Mamá, papá... tiene que ser mentira, ¡¿verdad?! Mentira... mentira... gyaaa{0}a{0}a{0}a{0}a{0}a{0}a{0}a{0}a{0}a{0}a{0}a{0}a{0}a{0}a{0}a{0}a{0}a{0}a{0}a{0}aahhhh..."""
Ushiromiya Lion,"""¡A‐Ange!... ¡¿Ange...?!"""
,"Mientras Ange se agarraba la cabeza y gritaba, la sangre que goteaba de ella se hizo tan gruesa que comenzó a desparramarse por todas partes."
,"Pedazo a pedazo, su cuerpo comenzó a desarmarse.{n}Estos pedazos se amontonaron en su silla... hasta que solo quedó una pila de carne y órganos incomprensible..."
{f:5:Bernkastel},"""¡¡Ajajajajajajajajajajajaja, aajajajajajajaaaaajajajaja!! ¿Es la verdad una cosa tan preciada? ¡¡Qué absurdo, qué tonto!!"""
{f:5:Bernkastel},"""¿Por qué no pueden los {y:0:Human}{n:0:human}os controlar su propia verdad? ¡¡Estúpidamente persiguen la verdad como si fuese lo único que importa, y cuando finalmente la encuentran, no la aguantan y se convierten en carne molida!!"""
{f:5:Bernkastel},"""Oye. ¿Sigues mirando? ¿Clair?... Tú también querías esconder esta verdad, ¿no es así?"""
{f:5:Bernkastel},"""Por diversión, escribiste muchas historias, y las sellaste en botellas como el final de alguna de esas novelas de misterio que te gustaban. Las lanzaste al mar. ¡¡Para salvar a aquellos que sufrirían de saber la verdad!!..."""
{f:5:Bernkastel},"""Lo sellaste todo en esta caja del gato, y Eva puso el candado. ¡¡*risita*risita*!! ¡¡Y ahora rebané por completo esa caja!!"""
{f:5:Bernkastel},"""Ajja{0}ja{0}ja{0}ja{0}ja{0}ja{0}ja{0}ja{0}jaja, ¡¡Todo el esfuerzo que pusiste no sirvió de nada!! ¡¡He expuesto toda la verdad que escondiste con tu muerte!! ¡¡Ajja{0}ja{0}ja{0}ja{0}ja{0}ja{0}jaj{0}jaj{0}jaj{0}ja!!"""
Ushiromiya Lion,"""¡¿Es eso lo que querías?! ¡¡¿Tú... hiciste todo esto... solo para insultar la muerte de Clair?!! ¡Y entonces se lo mostraste a Ange para hacerla sufrir! ¡¡Realmente eras... una bruja malvada después de todo!!"""
{f:5:Bernkastel},"""He sido una bruja todo este tiempo. Una viajera cuyo único objetivo es escapar del aburrimiento... Cuidarle y amarle mientras vive, y entonces comerme sus intestinos cuando muere. ¡Así viven las brujas!"""
Ushiromiya Lion,"""¡¡Lo que has hecho es imperdonable!! Has herido a Ange y humillado a Clair... ¡¡La persona en la que me convertiría en otro mundo!!... ¡¡No te lo puedo perdonar!!..."""
{f:5:Bernkastel},"""Lion. A pesar de todo, eres lo que Clair desea ser. Incluso tras la muerte, ella aún lo desea."""
Ushiromiya Lion,"""¡...!"""
{f:5:Bernkastel},"""Desde el momento en que Clair fue arrojada del acantilado, su destino ya estaba sellado. Tengo la certeza de que le sirve de consuelo que otra ""ella""... vive feliz en otro mundo."""
Ushiromiya Lion,"""... Es cierto. ¡Soy su salvación!... Debo vivir mi vida al máximo... ¡Vivir por los dos!..."""
{f:5:Bernkastel},"""Lion... Déjame enseñarte un poco más de esta historia de la verdad."""
Ushiromiya Lion,"""¡No me interesa!"""
{f:5:Bernkastel},"""No te preocupes, será muy interesante, te lo aseguro... Tras el duelo entre Eva y Kyrie, la casa de huéspedes se vio nuevamente envuelta en silencio. Permíteme invitarte al salón en este punto."""
Ushiromiya Lion,"""¿El salón?... ¿El de la mansión?"""
,"{f:5:Bernkastel} chasqueó los dedos, y la escena del salón de la mansión se materializó frente a ellos."
,"En la cruel historia que se les había mostrado, el salón no había sido particularmente importante."
,"Jessica fue llamada allí, pero luego fue inmediatamente llevada al comedor para ser asesinada."
,"Por lo que, nada pasó en el salón.{n}Y ahora mismo, no había nada que Lion pudiera ver en el salón."
Ushiromiya Lion,"""¿Qué se supone que debería ver aquí?"""
{f:5:Bernkastel},"""*risita*... Como puedes ver, no hay nada aquí. Pero observa. Te mostraré algo muy interesante."""
Ushiromiya Lion,"""Si tú dices que es interesante, es una prueba clara de que no lo es."""
{f:5:Bernkastel},"""*risita*risita*... Vamos, echa un vistazo... Está justo ahí. En esa esquina."""
,{f:5:Bernkastel} estaba apuntando... a nada más que la esquina de la habitación.
,No había nada allí.
,Lion esperaba que hubiese algo terrible ahí... pero realmente no había nada.
Ushiromiya Lion,"""¿¿...??"""
{f:5:Bernkastel},"""... Es correcto, no hay nada. Al menos, no en este mundo. ¿Pero qué ocurre si echamos un vistazo al siguiente Fragmento?"""
Ushiromiya Lion,"""¡¿...?!"""
,En la pálida muralla... poco... a poco... una mancha de sangre apareció en la pared.
,"Y entonces, un cadáver apareció.{n}Pero... no puede ser..."
Ushiromiya Lion,"""A‐Acaso soy... ¡¿y‐yo...?!"""
,"Era Lion, que yacía sin vida contra la pared."
,"El cadáver de Ushiromiya Lion yacía allí, expuesto..."
Ushiromiya Lion,"""¿Q‐Qué está pasando?... ¿Por qué estoy aquí?... ¡Se supone que este es el mundo de Clair, no el mío!... ¡¿Clair y yo no podemos existir simultáneamente, verdad?!..."""
{f:5:Bernkastel},"""Sí, es cierto. Eso es porque acabo de cambiar los mundos, los Fragmentos. Cambié a tu mundo."""
Ushiromiya Lion,"""... ¡No lo entiendo!"""
{f:5:Bernkastel},"""Es muy sencillo. Ambos mundos terminan de la misma manera... ¡¡*risita*risita*!!"""
Ushiromiya Lion,"""¡No logro comprender! ¡¡¿Por qué estaría sin vida aquí?!!"""
{f:5:Bernkastel},"""En tu mundo, el 4 de octubre de 1986, el funeral de Beatrice fue llevado a cabo justo antes de la conferencia familiar."""
Ushiromiya Lion,"""Sí, eso lo sé. ¡Y para mí, eso ocurrió hoy, hace muy poco!"""
{f:5:Bernkastel},"""Desde ese momento, hasta más tarde en la noche, ¿sabes lo que ocurrió?"""
Ushiromiya Lion,"""¡¡Nada en absoluto!! ¡Los primos jugarán todos juntos, y la familia tendrá una agradable cena!"""
{f:5:Bernkastel},"""Entonces, esa noche, la conferencia familiar ocurrió... Ibas a suceder el liderazgo cuando cumplieses veinte, ¿no es así? ¿Me pregunto si toda la familia estaría satisfecha con eso?"""
Ushiromiya Lion,"""... No sé si estarían satisfechos, pero la decisión ya fue tomada... El líder de la familia la tomó."""
{f:5:Bernkastel},"""Parece que ni siquiera tú crees que estuviesen satisfechos. De eso se trata... Kinzo te adoraba más que nada, e intentó hacer una excepción al nombrarte nuevo líder. Pero sus hijos no estaban contentos con eso."""
,Los hermanos objetaron la sucesión.
,"Incluso Krauss se unió, declarando que Lion aún era muy joven."
,"Entonces, la noche de la conferencia familiar, Kinzo propuso un complejo acertijo..."
Ushiromiya Lion,"""Tú... no querrás decir..."""
{f:5:Bernkastel},"""Exactamente. El acertijo del epitafio... Gracias al mecanismo que fue puesto en la capilla, puedes darte cuenta de que Kinzo pensó en el acertijo del epitafio casi desde el principio, cuando la mansión aún estaba siendo construida... Tenía la romántica idea de usarlo algún día para seleccionar a su sucesor."""
,Kinzo decidió presentar el acertijo en la conferencia familiar.
,¿Pensaba darle la posición de sucesor a quien lo resolviese? ¿O prometió reconsiderar la posición de Lion como sucesor de ser resuelto?
,"De cualquier manera, Kinzo tenía confianza."
,Tenía confianza en que nadie sería capaz de resolver ese acertijo.
{f:5:Bernkastel},"""Después de eso, las cosas ocurrieron exactamente como la verdad que acabas de ver. Los hermanos lo resolvieron, y hubo un conflicto por la montaña de oro. *risita*..."""
{f:5:Bernkastel},"""Kyrie y Rudolf cometieron los asesinatos para evitar toda oportunidad de que el crimen fuese descubierto la mañana siguiente... Llamaron a los primos uno por uno, y los asesinaron."""
{f:5:Bernkastel},"""... Fuiste a quien llamaron primero. Y entonces Kyrie te mató, justo aquí."""
{f:5:Bernkastel},"""... No, no es exactamente así. Eres Ushiromiya Lion de las primeras horas de la tarde del 4 de octubre de 1986. Lo diré de esta manera... Esta noche en el salón, Kyrie te asesinará de un disparo."""
Ushiromiya Lion,"""Eso es... una locura...  Es— ¡Cierto, solo es una probabilidad!"""
Ushiromiya Lion,"""Así como el milagro llamado Lion solo tiene una pequeña probabilidad de aparecer en lugar de Clair, ¡la probabilidad de que la tía Kyrie cometa el asesinato debe ser muy cercana a cero! ¡¡¿No eres tú la bruja que se especializa en encontrar mundos extremadamente improbables?!!"""
{f:5:Bernkastel},"""Eso es correcto. Tuve que buscar entre 2.578.917 Fragmentos para encontrar el único mundo en el que existes. Así de milagrosa es tu existencia."""
{f:5:Bernkastel},"""... Pero, fue muy, muy fácil encontrar este resultado para tu mundo. Después de todo, la probabilidad no es un factor... Soy la bruja que puede descubrir cualquier milagro, sin importar que tan improbable que sea."""
{f:5:Bernkastel},"""Sin embargo, no puedo encontrar algo que no existe... Si la Bruja de la Certeza asegura que algo es certero, ni siquiera yo puedo ganarle."""
Ushiromiya Lion,"""Pero... entonces... yo..."""
{f:5:Bernkastel},"""Con una probabilidad de 2.578.916 en 2.578.917, vives como Clair, eres convertido en el juguete de un tortuoso destino inescapable, y terminas finalmente descartado en un trágico final. Mientras que con una probabilidad de 1 en 2.578.917, vives como Ushiromiya Lion... y mueres a manos de Kyrie esta misma noche."""
{f:5:Bernkastel},"""... En otras palabras, el destino que comparten les aprisiona en un callejón sin salida, un infierno con una categórica probabilidad de 2.578.917 en 2.578.917... ¡Un destino certero, en el que no existe absolutamente ninguna probabilidad de que ocurra un milagro!"""
{f:5:Bernkastel},"""*risita*, ¡¡jeje{0}je{0}je{0}je{0}je{0}je{0}je{0}je{0}je!! Qué mal por ti, Clair. No, {f:5:Beatrice}."""
,"Una luz cegadora lo cubrió todo de blanco, y en un momento, estuvieron de regreso en el teatro."
,"Mientras Clair permanecía completamente rígida en el escenario, la punta de la guadaña de {f:5:Bernkastel} trazó una línea a través de su estómago."
,"Una línea roja fue dibujada a lo largo de su piel expuesta, y sangre oscura empezó a brotar."
{f:5:Bernkastel},"""{f:5:Beatrice}. Atrapada en ese par de días sellados e inexorables, te convertiste en una bruja capaz de crear una cantidad interminable de posibilidades dentro de esa caja del gato... A cambio, se estableció que con certeza, no podrías ser salvada o premiada."""
{f:5:Bernkastel},"""Incluso así, tenías un sueño... Un sueño llamado Ushiromiya Lion... Te consolaste con el pensamiento de un mundo milagroso, ¡un mundo donde jamás tendrías que volverte Clair!"""
{f:5:Bernkastel},"""... Tuve que trabajar muy duro para encontrar a Lion. Como Beato lo soñó, la vida de Lion era un verdadero milagro. Y al final de tu funeral, quería enseñarte... Que incluso {i:con} ese milagro, ¡te sería imposible escapar de esta tragedia!"""
,"Con la mirada fija en ese ínfimo trozo de cielo que se vislumbraba a través de las barras de metal que la encerraban, la bruja llamada {f:5:Beatrice} soñó con un mundo en el que podría haber sido muy feliz..."
,"Pero, aquel cielo a través de las barras... era también parte de una jaula más grande..."
Ushiromiya Lion,"""¡Mientras más te escucho... menos te entiendo!... ¡¿Por qué... harías algo como esto?!..."""
{f:5:Bernkastel},"""Perdí un juego con Beato, y ansiaba vengarme... ¡¡*risita*risita*!! ¡Sí, ahora me siento mucho mejor a pesar de haber perdido!... Oye, Beato, ¿estás mirando? ¡¿Puedes ver esto?! ¿Y recordar? ¡¿Recuerdas como te prometí que no habría milagros?!"""
{f:5:Bernkastel},"""¡¡Ajja{0}ja{0}ja{0}ja{0}ja{0}ja{0}jaj, ajja{0}ja{0}ja{0}ja{0}ja{0}ja{0}ja{0}ja{0}ja{0}ja{0}ja{0}jaja!! Así que, ¡Lion! ¡¡Permíteme devolverte a tu mundo, ante la mirada de Beato!!"""
{f:5:Bernkastel},"""Parece que las Brujas de la Expectación ya están cansadas de esas escenas en las que las familias se reunen felizmente. ¡Te enviaré directo a ese momento, justo antes de que Kyrie te dispare! ¡¡Y me aseguraré de que Beato lo vea en primera fila!!"""
{f:5:Bernkastel},"""¡¡Ajja{0}ja{0}ja{0}ja{0}jaj{0}jaj{0}jaj{0}ja{0}jaja!! ¡Muere, repugnante Lion! La última esperanza de la repugnante Beato, ¡¡¡uhyah{0}jah{0}hyaah{0}ja{0}a{0}a{0}a{0}a{0}a{0}a{0}aahhh!!!"""
,{f:5:Bernkastel} levantó su guadaña segadora... y la bajó con gusto... sumergiéndola profundamente en el vientre de Clair...
{f:5:Bernkastel},"""¿Pensaste que tendrías una muerte rápida? ¡¡Jejiji{0}ji{0}ji{0}ji{0}jiji!! ¡¡Pero si humillar un cadáver y arrancarle las entrañas es lo que mejor se me da!!"""
,"De forma despiadada, arrastró la enorme cuchilla enterrada en el vientre de Clair de vuelta a los cielos."
,... Junto con un tajo vertical desde su estómago hasta el pecho... la cuchilla cortó profundo... deparando a Clair en dos.
,"Sus órganos carmesí ennegrecido... comenzaron a sobresalir... y como una presa que se rompe, estallaron hacia fuera de su estómago, cubriendo el mundo con sus entrañas rojinegras..."
,"""¿R‐Robar el oro de los italianos, dices? ¡Cobarde, Ushiromiya! ¡¡¿Y te haces llamar un soldado del imperio?!!"""
{f:5:Beatrice},"""... ¿P‐Padre?... Te... Te quiero y te respeto, padre... P-Pero... tus sentimientos son algo que yo, ummm..."""
,"""¡¡¿Por qué...?!! ¡¿Por qué salvarme?! ¡¿Por qué no me dejaste morir?! Por culpa de esa repugnante herida... ¡¡Me han obligado a vivir en un cuerpo como este!! ¡¡Jamás quise vivir en un cuerpo como este!!"""
,"""¡¡Un cuerpo que no es capaz de amar!!... ¡¿Cuál... cuál es el punto de vivir así?! ¡¡Esta no es la vida de un {y:0:Human}{n:0:human}o...!! ¡¡Es como ser un mueble!!"""
,"""Es exactamente eso, soy... un mueble... ¡¡Un mueble...!! ¡¡¿Por qué...?!! ¡¡¿Por qué no me dejaste morir?!! ¡¡¡Aaa{0}a{0}a{0}a{0}a{0}a{0}a{0}a{0}a{0}a{0}a{0}a{0}aahhhh...!!!"""
Ushiromiya Lion,"""... ¿Eh—?"""
,Volví en mí... Estaba en el salón de la mansión.
,¿Cuándo llegué aquí?
,"... Escuché un sonido detrás de mí, y me volteé lentamente..."
,Y allí...
Ushiromiya Kyrie,"""Disculpa. No es nada personal."""
Ushiromiya Lion,"""... ¿Eh—?"""
,Pude ver el rígido cañón del arma con la que la tía Kyrie me apuntaba.
,Entonces... lentamente... apretó el gatillo...
,"Sentí un viento afilado como una navaja atravesar mi cuerpo, como un cuchillo cortando mantequilla."
,"... Preparándome para la muerte, y esperando ver mi destino hasta el final, abrí los ojos lentamente..."
,... El mundo había sido cortado a la mitad.
,"Kyrie estaba congelada en el sitio, como una estatua, aún apuntando su rifle con una fría sonrisa en el rostro... y había sido partida en dos con un tajo diagonal, con la parte superior de su cuerpo deslizándose lentamente hacia un lado."
,"No, eso no era del todo cierto. No lo era en absoluto."
,"No era solo Kyrie. El mundo entero había sido rebanado en ángulo, y estaba deslizándose lentamente hacia un lado."
,"Parecía que se abrían fisuras por todo el mundo, y antes de que pudiera procesarlo, el mundo se hizo pedazos."
Ushiromiya Lion,"""¡¿...?! ¡T-Tú!"""
Willard H. Wright,"""... Cuando tienes un gato, tiendes a aprender sus hábitos."""
,"Apuntó a {f:5:Bernkastel} con la punta de la espada negra con la que había cortado al mundo, y se quedo mirándola."
{f:5:Bernkastel},"""*risita*risita*... ¿Qué es esto? ¿Dices que volviste por capricho?..."""
Willard H. Wright,"""... No había forma de que fueras a terminar las cosas con un final feliz. ¿De verdad odias tanto a {f:5:Beatrice}?"""
{f:5:Bernkastel},"""¿Pensaste que le dejaría salirse con la suya luego de ganar?... Tengo que vengarme por la humillación que me causó. Cuando guardo rencor, no lo olvido ni en cien años."""
Willard H. Wright,"""Eres una persona sombría."""
{f:5:Bernkastel},"""Por favor, no ignores mi corazón... ¡¡*risita*risita*risita*!!"""
Willard H. Wright,"""¿Te encuentras bien, Lion?... Oye, ¡¿qué pasa?!"""
,"Lion se inclinó bruscamente, gimiendo de dolor."
Ushiromiya Lion,"""... Mi pecho... duele... Es..."""
,"Will agarró bruscamente la mano que era presionada contra el pecho de Lion, y la apartó."
,Sangre manaba del sitio en el que Lion había puesto la mano.
,... Era el lugar en el que la bala habría entrado si Kyrie le disparaba a Lion.
{f:5:Bernkastel},"""*risita*... El cuerpo de Lion ya está en proceso... de aceptar su destino."""
Willard H. Wright,"""¡Lion, resiste!... ¡Malditas cadenas!..."""
,"Cuando Will intentó levantar a Lion, finalmente se dió cuenta de las cadenas atadas a cada muñeca y tobillo."
{f:5:Bernkastel},"""¿Qué es esto? ¿Intentas llevarte a Lion y escapar? No te lo permitiré. Lion tiene que escupir sangre, y hundirse en la desesperación al entender que no hay esperanza en ninguno de los infinitos mundos. Estamos aquí solo para presenciar cómo Lion perece en agonía y desesperanza."""
Willard H. Wright,"""Lion no es un espectáculo."""
,Will blandió su espada negra como la noche para destruir las cadenas que ataban a Lion.
,Las cadenas y grilletes se hicieron añicos como si fueran de vidrio... para luego desvanecerse.
{f:5:Bernkastel},"""¿Pretendes interponerte en mi diversión?..."""
Willard H. Wright,"""No eres Dios. Todo lo que puedes hacer es burlarte del destino... Solo Lion puede decidir su destino. No puedes usar el destino de un humano como juguete."""
{f:5:Bernkastel},"""... *risita*risita*, ¡¡ja{0}ja{0}jaa{0}ja{0}ja{0}ja{0}ja{0}ja{0}ja{0}ja{0}jaja!!... ¡Tienes agallas para decirle eso a la gran {f:5:Bernkastel}, bruja del senado! Ya no eres útil para mí, ¿lo entiendes?"""
{f:5:Bernkastel},"""Has revelado la fantasía de Beato como un misterio y lo cortaste en pedacitos. Has terminado tu papel. Te habría dejado estar, si solo te hubieras ido tranquilamente. Ahora que has regresado hasta aquí, no podrás quejarte cuando te convierta en mi juguete, ¿verdad?"""
{f:5:Bernkastel},"""Vengan a mí, mis dulces gatitos... Rásguenlos y desgarren su piel. ¡Pélenlos como uvas!..."""
,"Cuando {f:5:Bernkastel} aplaudió dos veces, incontables joyas resplandecientes aparecieron alrededor de Will y Lion."
,"Eran claramente ojos de gato, pero su respiración sonaba mucho más aterradora que la de cualquier gato..."
Ushiromiya Lion,"""...Will... Nnnghh..."""
Willard H. Wright,"""Yo me encargaré de esto. Cortar las uñas de un gatito no es nada nuevo para mí."""
,El número de gemas rodeándolos ya había alcanzado los miles.
,"Will apuntó su espada en una dirección tras otra, protegiéndose de los gatos circundantes..."
Willard H. Wright,"""¡Reacciona, Lion! Aún no te han disparado. ¡No aceptes que has sido— no, no aceptes el hecho de que {i:te van} a disparar!..."""
Ushiromiya Lion,"""... Nngggghhh..."""
,Lion intentó luchar contra un increíble dolor desgarrador.
,No... era una lucha contra el futuro prometido que {f:5:Bernkastel} le había mostrado.
,"Sin embargo, la penetrante estaca que representaba ese futuro, la cual la Bruja de los Milagros había garantizado que no contendría absolutamente ningún milagro, permanecía firme y despiadada..."
,"Poco a poco, y aún sin detenerse, seguía perforando el pecho de Lion..."
Willard H. Wright,"""... Escucha. Voy a atravesar su perímetro por un momento. Cuando lo haga, tienes que correr con todas tus fuerzas. No cambies de dirección, solo sigue corriendo. No importa hacia dónde. Solo asegúrate de alejarte mucho de este lugar y sigue corriendo pase lo que pase."""
Ushiromiya Lion,"""... Lo haré... lo mejor que pueda... Si no puedo lograrlo... por favor perdóname..."""
Willard H. Wright,"""... ¿Si {i:no puedes} lograrlo? Nunca te rindas. No te dejaré. Clair no te dejará."""
Willard H. Wright,"""... ¿Acaso olvidaste que eres Clair en una posibilidad de 1 entre 2.578.917? ¡¡Si te rindes, estás traicionando a todos los ""tú"" de incontables mundos!! ¡Así que, no te desanimes! ¡¡Sigue luchando y luchando!! No busques un milagro... ¡¡sé uno!!"""
Ushiromiya Lion,"""... Ser... un milagro..."""
Willard H. Wright,"""Vas a alcanzar un futuro feliz. No puedes rendirte, no puedes quejarte. Solo intenta quejarte una vez más. ¡Y seré yo quien te pellizque el trasero!"""
Ushiromiya Lion,"""... E‐Entendido."""
{f:5:Bernkastel},"""*risita*risita*. ¡¡Jaja{0}ja{0}ja{0}jaa{0}jaa{0}jaa{0}jajaa{0}jajaja!! ¡Qué confiado te muestras, diciéndole que sea un milagro cuando estás ante la Bruja de los Milagros!... ¡Los milagros no son más que una fantasía! ¡Arrástrate en este mundo que ha sido sentenciado como un misterio y muere de forma espantosa como un gusano! ¡Las Brujas de la Expectación no pueden esperar para disfrutarlo!"""
Willard H. Wright,"""... Hmph. ¿Llamas a esto un misterio? ¿Creíste que aceptaría un misterio sin corazón?... Que el gato que quiera terminar como un {c:86EF9C:shamisen} dé el primer golpe."""
Willard H. Wright,"""¡Argh, qué molestia! ¡Vengan todos a la vez! Soy Willard {nobr:H. Wright}, Inquisidor General de la Herejía de la SSVD. ¡Esta será la ultima vez que empuñe mi espada!"""
{f:5:Bernkastel},"""Acaben con él, gatitos."""
,"De inmediato, todos los ojos de gato se abrieron de par en par, ondularon y giraron en espiral, devorando a Will."
,Pero ni Will ni Lion fueron engullidos.
,Era como si un globo hubiera explotado a su alrededor; los gatos que habían cargado contra ellos desde todas las direcciones salieron despedidos.
{f:5:Bernkastel},"""... Oh, no está mal."""
Willard H. Wright,"""No me interesan en absoluto tus gatitos. Lo único que me importa es la gata madre... ¡¡Bruja de los Milagros, {f:5:Bernkastel}!! ¡¡Ya es hora que alguien te corte las garras!!"""
,Otro resplandor de la espada negra giró como un tornado y dispersó a los gatos otra vez.
,"Lion, dándose cuenta de que esta era la oportunidad que Will había planeado, corrió con una mano en el pecho."
Ushiromiya Lion,"""...Will... me voy."""
Willard H. Wright,"""Diana tiene un estómago débil. Asegúrate de solo darle leche caliente."""
Ushiromiya Lion,"""¿Eh?"""
,"Antes de que Lion pudiera pedirle que repitiera lo que había dicho, Will ya había saltado al escenario y ahora estaba enfrentándose a {f:5:Bernkastel}."
,Era como el clímax de un espectáculo... Un fuerte clamor se levantó desde los oscuros asientos del público.
,"A ambos lados de Clair, quien yacía con sus entrañas expuestas... Se encontraban Will, con su espada negra como la noche, y {f:5:Bernkastel}, con la guadaña capaz de cosechar milagros del destino."
Willard H. Wright,"""¿Kyrie y Rudolf son los culpables y masacraron a todos en la isla? ¿Llamaron a Lion al salón, y entonces le dispararon para matarlo? Lo siento, pero el concepto de misterio rechaza esta ""verdad"" tuya. Todo esto es una fantasía."""
{f:5:Bernkastel},"""¿Fantasía? ¿Lo llamas así para intentar que Lion escape del destino? Por supuesto, inténtalo. ¡¡*carcajada*carcajada*, *risita*risita*risita*!! ¡¡¡Aja{0}jaa{0}jaa{0}jaj{0}aja{0}ja{0}ja{0}ja{0}ja{0}ja{0}ja{0}jaja, jiiyaa{0}a{0}a{0}a{0}aaj{0}jaa{0}a{0}a{0}a{0}a{0}aah!!!"""
Willard H. Wright,"""{p:1:Regla #1. Queda prohibido tener un crimen sin todas las pruebas presentes}."""
,... La espada negra de Will cortó el cuerpo de {f:5:Bernkastel} en ángulo oblicuo.
,"Sin embargo, no tuvo efecto... fue como cortar el reflejo de la luna en la superficie del agua."
{f:5:Bernkastel},"""¿Qué es esto? ¿A qué te refieres con ""pruebas""?"""
Willard H. Wright,"""No aceptaré tú ""misterio"" con Kyrie y Rudolf como culpables... No encontrarás pruebas que demuestren que son los culpables sin importar que juego revises."""
{f:5:Bernkastel},"""Por supuesto que no. Incluso si llegaron a existir, la isla entera explotó."""
Willard H. Wright,"""Lo que significa que no hay pruebas. Por lo que esto no es un misterio. Es fantasía."""
{f:5:Bernkastel},"""¿Eh?"""
,Es imposible que una verdad que no se puede demostrar se convierta en verdad en el mundo {y:0:Humano}{n:0:humano}.
,"En otras palabras, ni siquiera la verdad podía dejar la caja del gato."
{f:5:Bernkastel},"""¡¡Aja{0}ja{0}ja{0}ja{0}ja{0}ja{0}ja{0}ja{0}ha{0}jaja!! ¿Estás intentando sellar la {i:verdad} dentro de la caja del gato? *risita*risita*, ¿es así como se supone que pelea el género de misterio? ¡Ajajaj{0}aj{0}aja{0}ja{0}ja{0}ja{0}ja{0}ja{0}ja{0}jaja! ¡¡Jiiyajaja{0}ja{0}ja{0}ja{0}jaja{0}a{0}a{0}a{0}a{0}a{0}a{0}aahh!!"""
,"Con una risa que sonaba como el aullido de un animal salvaje, {f:5:Bernkastel} tiró despreocupadamente su guadaña a un lado."
{f:5:Bernkastel},"""Ni siquiera mereces que te enfrente. Acércate, asqueroso. Intenta cortarme todo lo que quieras. Escucharé todo lo que tengas que decir."""
Willard H. Wright,"""... Las veinte cuñas perforarán cada parte de tu despiadado misterio. Aquí vienen."""
{f:5:Bernkastel},"""Y cuando te des cuenta de que no puedes derrotarme con esas veinte cuñas... sabes lo que te pasará despues, ¿no? *risita*, vamos. ¡Jugaré contigo... y con esas veinte cuñas tuyas!"""
Willard H. Wright,"""¡¡¡Haaaa{0}a{0}a{0}a{0}a{0}a{0}a{0}a{0}a{0}a{0}a{0}a{0}a{0}a{0}a{0}a{0}a{0}a{0}a{0}a{0}a{0}a{0}a{0}aahhhh!!!"""
,Intentando ignorar el increíble dolor en su pecho... Lion siguió corriendo y corriendo sin parar.
,Salí corriendo del teatro de las Brujas de la Expectación y luego corrí a través de un incomprensible mundo de oscuridad.
,"Antes de darme cuenta, estaba corriendo por un sitio que parecía un mar de estrellas... o quizás era el fondo oceánico con estrellas repartidas alrededor."
,"Si me descuido por solo un segundo, probablemente tropezaré."
,"No, si me descuido, no seré capaz de discernir si estoy corriendo o simplemente moviendo las piernas como si corriera mientras caigo en picada... hundiéndome interminablemente en el profundo océano de estrellas."
,"Solo seguí corriendo, sin meta u objetivo alguno."
,No debo dejar de moverme.{n}No debo caer aquí.
,"Si caigo... aplastaré la esperanza de todos los ""yo"" de incontables mundos..."
,El mundo feliz que {f:5:Beatrice} soñó.
,"Soy su última esperanza, la única capaz de alcanzar ese mundo..."
,"... Incluso aunque lo entiendo... la bruja que controla los milagros ha declarado que no habrá uno... y la ""verdad"" que ella puso delante de mí con esas palabras se clava cruelmente en mi pecho..."
Ushiromiya Lion,"""... Lo siento... Will... Mi cuerpo... no puede..."""
,Lion finalmente... sucumbió al fiero dolor y al destino... y cayó...
,El cuerpo de Lion fue agarrado y levantado bruscamente por detrás.
Ushiromiya Lion,"""¡¡...!! ¡¡W‐Will!! ¡Estás bien!"""
Willard H. Wright,"""No, no realmente... No te rindas. ¿No te dije que te pellizcaría el trasero?"""
Ushiromiya Lion,"""... Lo siento... Lo siento muchísimo... Pero... ese día, en ese lugar, mi único destino era morir..."""
Willard H. Wright,"""Es cierto. Todos los humanos están destinados a morir al final. ¿Significa eso que sus vidas carecen de significado?"""
Willard H. Wright,"""Por supuesto que no. Lo que significa la vida de una persona, lo que vale, lo que es... todo eso son decisiones que cada persona toma por sí misma. ¿Y qué si te han impuesto un destino? No lo aceptes. ¡Crea tu mundo... con tus propias manos!"""
Ushiromiya Lion,"""... ¡Will... tu... brazo izquierdo!"""
Willard H. Wright,"""Ah, cierto... debo haberlo olvidado. Sería un fastidio tener que volver a recogerlo."""
,Todo el cuerpo de Will estaba desgarrado.
,"No solo eso, su brazo izquierdo había sido brutalmente arrancado desde el codo, su ropa estaba hecha jirones... parecía un espantapájaros ensangrentado..."
,"Entonces, Lion lo notó."
,"Aunque este sitio alguna vez se había sentido como un mar lleno de estrellas, tanto arriba como debajo de ellos... esas estrellas ahora se habían juntado y estaban rodeándolos..."
,"Esa gran cantidad de estrellas, agrupadas en cúmulos pares, los miraban a los dos..."
,"Will sostenía a Lion con un único brazo. No podía sacar su espada.{n}Sin embargo, no aflojó su agarre."
,"... Estaba determinado a dejar que Lion escapase de aquí, y guiarle al final feliz que las {f:5:Beatrice} habían soñado."
,A través de los gatos cuyos ojos brillaban en la oscuridad vacía... apareció la reina de los gatos que no permitía milagros...
{f:5:Bernkastel},"""... Willard. Baja a Lion. Si lo haces, te dejaré ir."""
Willard H. Wright,"""Ve a presentar una queja ante la Gran Corte. Puedes llevarlo a debate."""
Ushiromiya Lion,"""... Will, por favor..."""
Willard H. Wright,"""No te dejaré atrás. Dejáme contarte... por qué dejé la SSVD."""
{f:5:Bernkastel},"""... Ahora que lo pienso, ni siquiera yo lo sé... ¿Por qué lo hiciste?"""
Willard H. Wright,"""Es porque ya me cansé de todos esos malditos misterios con historias trágicas. Sobreviviremos y conseguiremos un final feliz."""
Willard H. Wright,"""Se lo mostraré. {f:5:Beatrice} murió en desesperación, creyendo que solo había finales malos. Le mostraré que un final feliz puede existir. Por eso nunca te dejaré."""
Ushiromiya Lion,"""... Will..."""
Willard H. Wright,"""Pueden tomar el resto de mi brazo izquierdo, gatos. Si quieren, también les daré mis piernas... Pero no voy a dejar a Lion aquí... ¡Voy a hacer que Lion escape de tu final trágico, aunque tenga que arrastrarme para salir de aquí!..."""
{f:5:Bernkastel},"""¿Eso te parece bien, Lion? Will planea morir protegiéndote. No quieres eso, ¿o sí? Adelante, dile que te deje en paz y se salve."""
Ushiromiya Lion,"""... Will..."""
Willard H. Wright,"""Sí."""
Ushiromiya Lion,"""... ¡Por favor... no me dejes aquí!... ¡Sobreviviré... sin duda! ¡¡Y tú también!!"""
Willard H. Wright,"""Ese es el espíritu."""
,"Mientras dijo esto, Will abrazó a Lion con fuerza."
Willard H. Wright,"""Ahí lo tienes. Seguiremos luchando, {f:5:Bernkastel}."""
Ushiromiya Lion,"""¡No renunciaremos a la posibilidad de un milagro!..."""
{f:5:Bernkastel},"""Estoy sorprendida que puedas decir eso cuando la Bruja de los Milagros te ha prometido con certeza que no habrá ningún milagro. *risita*risita*, ¡¡ejej{0}ej{0}ejeja{0}ja{0}ja{0}ja{0}ja{0}ja{0}ja{0}jaja!! Hasta nunca, ustedes dos. ¡¡Vayan a recoger polvo en las profundidades del olvido, incapaces incluso de morir y desaparezcan!!"""
{f:5:Bernkastel},"""Vengan, gatitos. No les ordenaré matarlos. No hay más escenas para estas dos piezas... guárdenlas."""
,"Mil millones, un billón, un trillón, un cuatrillón de gatos mostraron sus colmillos."
,"En el cielo estrellado con ojos de gato, incontables bocas de color carne se abrieron, exponiendo una infinidad de colmillos."
,"{a:c:... El mundo fue envuelto en carne, sangre y colmillos}."
