Speaker,Umineko Project (UP),Steam - Umineko Project (ST),Original Witch Hunt (OG),PC Japanese (JP),PS3 Japanese - Censored (JPC),Russian (RU),Brazilian Portuguese (PT),Chinese Simplified (CN),Chinese Traditional (CHT),Italian - Ars Magica - Old (ITA),Italian - Majotachi no Sub - New (IT),Spanish (ES),Arabic (AR),Turkish (TR)
Ushiromiya Battler,"""Hey, everyone, good job finishing ""Umineko no Naku Koro ni""! Man, I still didn't have a clue what was going on when the story ended!""","""Hey, everyone, good job finishing ""Umineko no Naku Koro ni""! Man, I still didn't have a clue what was going on when the story ended!"" ","""Hey, everyone, good job finishing 'Umineko no Naku Koro ni'! Man, I still didn't have a clue what was going on when the story ended!""",「おー、みんな『うみねこのなく頃に』、お疲れさん！　やれやれ、わけがわかんない内に物語が終わっちまったなぁ！」,[=JP],"""Всем привет, поздравляем с завершением 'Когда плачут чайки'! Ну и ну, я до сих пор ни капельки не понимаю, что происходило под конец истории!""","""Ei, pessoal, bom trabalho terminando ""Umineko no Naku Koro ni""! Puxa, eu ainda não faço ideia do que estava acontecendo quando a história terminou!""",「哇哦，在『海猫鸣泣之时』里，大家都辛苦了！哎呀哎呀，什么都还没搞清楚故事就结束了啊！」,「哇哦，在『海貓鳴泣之時』裡，大家都辛苦了！哎呀哎呀，什麼都還沒搞清楚故事就結束了啊！」,"""Ehi, voi, complimenti per aver finito ‘Umineko no Naku Koro ni’! Ancora non ho idea di cosa stesse accadendo alla fine della storia!""","""Ehilà, bella gente, complimenti per aver terminato ‘Umineko no Naku Koro ni - Quando i Gabbiani Piangeranno’! Cavolo, la storia è finita prima che iniziassi a capirci qualcosa!""","""Oigan, todos, ¡buen trabajo finalizando ""Umineko no Naku Koro ni""! Vaya, ¡todavía no tengo ni la más remota idea de qué ocurrió cuando la historia terminó!""","""ﺃﻫﻼ ﺑﺎﻟﺠﻤﻴﻊ، ﺃﺣﺴﻨﺘﻢ ﻋﻤﻼ ﺑﺈﻧﻬﺎﺋﻜﻢ ‘ﺣﻴﻦ ﺗﻨﻮﺡ ﺍﻟﻨﻮﺍﺭﺱ'! ﻳﺎ ﺭﺟﻞ، ﻣﺎﺯﻟﺖ ﻻ ﺃﻣﻠﻚ ﺃﺩﻧﻰ ﻓﻜﺮﺓ ﻋﻤﺎ ﺣﺪﺙ ﺣﺘﻰ ﺑﻌﺪ ﺍﻧﺘﻬﺎﺀ ﺍﻟﻘﺼﺔ!""","""Hey millet, ""Umineko no Naku Koro ni""yi bitirmekle iyi iş çıkardınız! Dostum, hikaye bittiğinde neler olduğuna dair hala bir fikrim yoktu!"""
Ushiromiya Jessica,"""So just what happened? Was that basically the ""bad ending"", where time runs out before the culprit can be exposed?""","""So just what happened? Was that basically the ""bad ending"", where time runs out before the culprit gets exposed?"" ","""So just what happened? Was that basically the 'bad ending', where time runs out before the culprit can be exposed?""",「つまり何だ？　あれは結局、犯人は暴けず時間切れのバッドエンドでしたーってことなのか？」,[=JP],"""Так что стряслось? Получается, это была 'плохая концовка', когда время вышло до того, как удалось разоблачить преступника?""","""Então, o que aconteceu? Foi basicamente um ""{i:bad ending}"", onde o tempo acaba antes do culpado ser exposto?""",「所以这算什么啊？这就是，到最后也没能找出犯人，时间用光 BAD END 的意思吗？」,「所以這算什麼啊？這就是，到最後也沒能找出犯人，時間用光 BAD END 的意思嗎？」,"""Quindi cos'è successo? Alla fine, è stato il solito ‘bad ending’ dove il tempo finisce prima che il colpevole venga rivelato?""","""Quindi che è successo? Alla fine ci è capitato un bad ending dove il tempo è scaduto prima che venisse svelato il colpevole?""","""¿Qué sucedió, entonces? ¿Fue eso básicamente el ""final malo"", donde el tiempo se acaba antes de que el culpable fuese expuesto?""","""ﺇﺫﻥ، ﻣﺎ ﺍﻟﺬﻱ ﺣﺪﺙ ﺑﺎﻟﻀﺒﻂ؟ ﺃﻛﺎﻧﺖ ﺗﻠﻚ ﺑﺒﺴﺎﻃﺔ 'ﺍﻟﻨﻬﺎﻳﺔ ﺍﻟﺴﻴﺌﺔ'، ﺣﻴﺚ ﻳﻨﺘﻬﻲ ﺍﻟﻮﻗﺖ ﻗﺒﻞ ﺍﻟﻜﺸﻒ ﻋﻦ ﻫﻮﻳﺔ ﺍﻟﺠﺎﻧﻲ؟""","""Peki tam olarak ne oldu? Bu basitçe suçlu ifşalanamadan önce zamanın tükendiği ""kötü son"" muydu?"""
Ushiromiya Maria,"""Uu. Definitely a bad ending. Uu.""","""Uu-. Definitely a bad ending. Uu-."" ","""Uu-. Definitely a bad ending. Uu-.""",「うー。きっとバッドエンド。うー。」,「うー。きっとバッドエンド。うー」,"""У‐у. Плохая концовка, без сомнений. У‐у.""","""Uu. Definitivamente um {i:bad ending}. Uu.""",「呜——。肯定是 BAD END。呜——」,「嗚——。肯定是 BAD END。嗚——」,"""Uu-. Decisamente un bad ending. Uu-.""","""Uuh. Decisamente un bad ending. Uuh.""","""Uu. Definitivamente un final malo. Uu."""," ""ﺃﻭﻭ-. ﻛﺎﻧﺖ ﺣﻘﺎ ﻧﻬﺎﻳﺔ ﺳﻴﺌﺔ. ﺃﻭﻭ-.""","""Uu. Kesinlikle kötü bir son. Uu."""
Ushiromiya George,"""I think so too. {f:5:Beatrice}'s letter, which Maria‐chan read on the first day, did tell us in advance to solve the riddle of the epitaph. We were all so busy trying to protect ourselves and look for the culprit that we didn't even take a shot at it.""","""That's right. {f:5:Beatrice}'s letter, which Maria-chan read on the first day, did tell us in advance to solve the riddle of the epitaph. We were all so busy trying to protect ourselves and look for the culprit that we didn't even take a shot at it."" ","""That's right. Beatrice's letter, which Maria-chan read on the first day, did tell us in advance to solve the riddle of the epitaph. We were all so busy trying to protect ourselves and look for the culprit that we didn't even take a shot at it.""",「そうだね。一日目の夜に真里亞ちゃんが読んだ、ベアトリーチェの手紙に、碑文の謎を解いてみろとちゃんと予告してたもんね。僕たちは自衛や犯人を探るのに忙しくて、全然その謎に挑まなかったし。」,「そうだね。一日目の夜に真里亞ちゃんが読んだ、ベアトリーチェの手紙に、碑文の謎を解いてみろとちゃんと予告してたもんね。僕たちは自衛や犯人を探るのに忙しくて、全然その謎に挑まなかったし」,"""Так и есть. Письмо от {f:5:Беатриче}, которое Мария‐чан прочитала в первый день, заранее уведомило нас о том, что мы должны разгадать загадку эпитафии. Но так как мы все пытались защитить себя и искали преступника, то совсем забыли о ней.""","""Eu também acho. A carta da {f:5:Beatrice}, a qual a Maria‐chan leu no primeiro dia, nos dizia como resolver o enigma do epitáfio. Nós estávamos tão ocupados tentando nos proteger e encontrar o culpado que nem prestamos atenção nisso.""",「是啊。第一天晚上，真里亚读过的那封贝阿朵莉切的信上，就已经事先通知过，叫我们快去解开碑文之谜了呢。结果我们忙着自卫和找犯人，完全没去挑战过那个谜题。」,「是啊。第一天晚上，真里亞讀過的那封貝阿朵莉切的信上，就已經事先通知過，叫我們快去解開碑文之謎了呢。結果我們忙著自衛和找犯人，完全沒去挑戰過那個謎題。」,"""Esatto. La lettera di Beatrice, che Maria-chan ci ha letto il primo giorno, ci consigliava di risolvere l'indovinello dell'epigrafe. Eravamo tutti così occupati a proteggerci e a cercare il colpevole, che non abbiamo nemmeno tentato di risolverlo.""","""Eh, già. La lettera di {f:5:Beatrice}, che Maria-chan ci ha letto il primo giorno, ci aveva avvisato di risolvere l'enigma dell'epigrafe. Eravamo tutti così occupati a difenderci e a cercare il colpevole, che non abbiamo nemmeno provato a risolverlo.""","""Yo pienso lo mismo. La carta de {f:5:Beatrice}, que María‐chan leyó en el primer día, nos avisó de antemano que teniamos que resolver el acertijo del epitafio. Estuvimos tan ocupados intentando protegernos y de buscar al culpable que no dimos ni siquiera intentamos resolverlo.""","""ﺻﺤﻴﺢ. ﺧﻄﺎﺏ {f:7:ﺑﻴﺎﺗﺮﻳﺲ} ﺍﻟﺬﻱ ﻗﺮﺃﺗﻪ ﻣﺎﺭﻳﺎ-ﺗﺸﺎﻥ ﻓﻲ ﺍﻟﻴﻮﻡ ﺍﻷﻭﻝ ﻗﺪ ﺃﺧﺒﺮﻧﺎ ﻣﺴﺒﻘﺎ ﺑﺄﻥ ﻋﻠﻴﻨﺎ ﺣﻞ ﻟﻐﺰ ﺍﻟﻤﺮﺛﻴﺔ. ﻛﻨﺎ ﻣﻨﺸﻐﻠﻮﻥ ﺟﻤﻴﻌﺎ ﺑﺤﻤﺎﻳﺔ ﺃﻧﻔﺴﻨﺎ ﻭﺍﻟﺒﺤﺚ ﻋﻦ ﺍﻟﺠﺎﻧﻲ ﻟﺪﺭﺟﺔ ﺃﻧﻨﺎ ﻟﻢ ﻧﺠﺮﺏ ﺣﻈﻨﺎ ﻓﻲ ﺣﻠﻪ.""","""Bence de. Maria-chan'ın ilk gün okuduğu {f:5:Beatrice}'in mektubu, kitabenin bilmecesini çözmemizi önceden söylemişti. Hepimiz kendimizi korumaya ve suçluyu aramaya çalışmakla o kadar meşguldük ki bir şans bile vermedik."""
Shannon,""".........Yes, that's true. If we had actually tried to solve the riddle, I'm sure things would have ended differently.""","""...That's right. If we had actually tried to solve the riddle, maybe things would have ended differently."" ",""".........That's right. If we had actually tried to solve the riddle, I'm sure things would have ended differently.""",「………そうですね。ちゃんと碑文の謎に挑んでいたら、違う結末もあったのでしょうか。」,「………そうですね。ちゃんと碑文の謎に挑んでいたら、違う結末もあったのでしょうか」,""".........Действительно. Думаю, попробуй мы действительно разгадать загадку, то всё бы закончилось совсем по‐другому.""",""".........Sim, é verdade. Se nós tivéssemos tentado resolver o epitáfio, tenho certeza que as coisas acabariam diferentes.""",「………是呀。如果好好挑战碑文之谜的话，是不是会有不同的结局呢？」,「………是呀。如果好好挑戰碑文之謎的話，是不是會有不同的結局呢？」,"""... Esatto. Se effettivamente ci avessimo provato, sono sicura che sarebbe finita diversamente.""","""...Esatto. Forse, se avessimo seriamente cercato di risolverlo, le cose sarebbero andate diversamente.""","""Sí, es verdad. Si realmente hubiésemos intentado resolver el acertijo, estoy segura de que las cosas habrían terminado de manera diferente.""",""".........ﻣﻌﻚ ﺣﻖ. ﺇﻥ ﺣﺎﻭﻟﻨﺎ ﺣﻘﺎ ﺣﻞ ﺍﻟﻠﻐﺰ ﻻﻧﺘﻬﻰ ﻛﻞ ﻫﺬﺍ ﻋﻠﻰ ﻧﺤﻮ ﻣﺨﺘﻠﻒ.""",""".........Evet, bu doğru. Eğer bilmeceyi gerçekten çözmeye çalışsaydık, eminim her şey daha farklı sonuçlanırdı."""
Ushiromiya Battler,"""I wonder about that. Shannon‐chan, you did a good job too!""","""I wonder about that. Shannon-chan, you did a good job too! ","""I wonder about that. Shannon-chan, you did a good job too! ",「それはどうかな。紗音ちゃんもお疲れ！,「それはどうかな。紗音ちゃんもお疲れ！」,"""Кто знает! Шаннон‐чан, тебе тоже пришлось несладко!""","""Eu me pergunto o mesmo. Shannon‐chan, você fez um bom trabalho também!""",「这可不好说啊。纱音也辛苦了！」,「這可不好說啊。紗音也辛苦了！」,"""Può darsi. Shannon-chan, anche tu hai fatto un ottimo lavoro!","""Chi può dirlo. Anche tu hai fatto un ottimo lavoro, Shannon-chan!""","""No estoy muy seguro de eso. ¡Shannon‐chan, tú también hiciste un buen trabajo!""","""ﺃﺗﺴﺎﺀﻝ ﺣﻴﺎﻝ ﺫﻟﻚ. ﺃﺑﻠﻴﺖ ﺣﺴﻨﺎ ﺃﻳﻀﺎ ﻳﺎ ﺷﺎﻧﻮﻥ-ﺗﺸﺎﻥ!","""Bundan emin değilim. Shannon-chan, sen de iyi iş çıkardın!"""
Ushiromiya Battler,"""You don't have to be our waitress and serve tea. After all, this is a wrap party. As a group of people who met a horrible fate, let's all get along and lick each other's wou~~nds! Licklickli~ck!!""","You don't have to be our waitress and serve tea. After all, this is a wrap party. As a group of people who met a horrible fate, let's all get along and lick each other's wounds! Licklicklick!!"" ","You don't have to be our waitress and serve tea. After all, this is a wrap party. As a group of people who met a horrible fate, let's all get along and lick each other's wou~~nds! Licklickli~ck!!""",お茶の給仕なんてしなくていいぜ。何しろここはお疲れさま会なんだからよ。酷ぇ目に遭った者同士、仲良く傷の舐めあいをしよぅぜ〜〜！　べろべろべろ〜！！」,「お茶の給仕なんてしなくていいぜ。何しろここはお疲れさま会なんだからよ。酷ぇ目に遭った者同士、仲良く傷の舐めあいをしよぅぜ〜〜！　べろべろべろ〜！！」,"""Тебе не обязательно быть официанткой и разливать нам чай. Мы, как‐никак, на вечеринке после съёмок! Так как все мы встретили несчастную судьбу, давайте будем веселиться вместе и залижем друг другу раны! Лизь‐лизь‐лизь!!!""","""Você não precisa ser a nossa garçonete e servir chá. Afinal, essa é uma festa de encerramento. Como parte do grupo que se deparou com uma morte horrível, vamos nos dar bem e lamber as feridas um dos outros~! Lambelambelam~be!!""",「不用服侍上茶也没事的。这毕竟是慰劳会嘛。咱们同是倒了血霉的难兄难弟，一起来相亲相爱地互舔伤口嘛～～！舔舔舔～！！」,「不用服侍上茶也沒事的。這畢竟是慰勞會嘛。咱們同是倒了血霉的難兄難弟，一起來相親相愛地互舔傷口嘛～～！舔舔舔～！！」,"Non devi farci da cameriera e servirci del tè. Dopotutto, questa è una festa. Come gruppo di persone che ha incontrato un destino orribile, dovremmo essere tutti amichevoli e leccarci le ferite a vicen~~da! Leccaleccale~cca!!""","""Non devi farci da cameriera e servirci del tè. Dopotutto, stiamo celebrando i nostri sforzi. In quanto compagni di sventure, dovremmo essere buoni amici e leccarci le ferite a vicenda! Lecca lecca lecca!!""","""No tienes que ser nuestra mesera y servir el té. Después de todo, esta es nuestra fiesta de despedida. ¡Como un grupo de gente que ha encontrado un destino horrible, vamos a llevarnos bien y lamernos las heridas! ¡¡Lamerlamerlame~r!!""","ﻻ ﻳﺠﺐ ﻋﻠﻴﻚ ﺗﻘﺪﻳﻢ ﺍﻟﺸﺎﻱ ﻭﺍﻟﺘﺼﺮﻑ ﻛﻨﺎﺩﻟﺔ، ﻓﻬﺬﺍ ﺣﻔﻞ ﺧﺘﺎﻡ ﻓﻲ ﻧﻬﺎﻳﺔ ﺍﻟﻤﻄﺎﻑ. ﻛﻤﺠﻤﻮﻋﺔ ﺃﺷﺨﺎﺹ ﻟﻘﻮﺍ ﻣﺼﻴﺮﺍ ﺷﻨﻴﻌﺎ، ﻟﻨﻜﻦ ﺟﻤﻴﻌﺎ ﻋﻠﻰ ﻭﻓﺎﻕ ﻭﻟﻨﻠﻌﻖ ﺟﺮﻭﺡ ﺑﻌﻀﻨﺎ ﺍﻟﺒﻌﺾ! ﻟﻌﻖ ﻟﻌﻖ ﻟﻌﻖ~!""","""Garsonumuz olup çay servisi yapmak zorunda değilsin. Ne de olsa bu bir kapanış partisi. Korkunç bir kaderle karşılaşan bir grup insan olarak, hepimiz iyi geçinelim ve birbirimizin yaralarını yalaya~~lım! Yalayalaya~lalım!!"""
Ushiromiya Jessica,"""Speaking of a horrible fate, Shannon beats the rest of us hands down, doesn't she? She was such a beautiful character, so I thought she'd definitely survive until the very end, but she was killed right in the beginning, and on top of that...what was it? Half of her face was smashed, right? That's the worst!""","""Speaking of a horrible fate, Shannon beats the rest of us hands down, doesn't she? She was such a beautiful character, so I thought she'd definitely survive until the very end, but she was killed right in the beginning, and on top of that...what was it? Half of her face was smashed, right? That's the worst!"" ","""Speaking of a horrible fate, Shannon beats the rest of us hands down, doesn't she? She was such a beautiful character, so I thought she'd definitely survive until the very end, but she was killed right in the beginning, and on top of that...what was it? Half of her face was smashed, right? That's the worst!""",「酷ぇ目って言ったら、紗音がぶっちぎりだったぜ？　綺麗どころのキャラだから、てっきり最後まで生き残るかと思ったら、一番最初に殺されるし、しかも、何だっけ？　顔面を半分砕かれてたんだっけ？　最悪だよなぁ！」,[=JP],"""Кстати, если говорить о несчастной судьбе, то Шаннон тут вне конкуренции, не находите? Она такой прекрасный персонаж, так что я думала, что она обязательно доживёт до самого конца, но её убили в самом начале, и, кроме того... что там ещё? У неё половина лица была размозжена до неузнаваемости, так? Просто отвратительно!""","""Falando em um destino horrível, a Shannon nos deixou bem surpresos, não deixou? Ela era uma personagem tão linda, então eu pensei que ela fosse sobreviver até o final, mas ela foi morta logo no início, e além disso...o que foi aquilo? Metade do seu rosto foi esmagado, não? Aquilo foi horrível!""",「说到倒霉，纱音可是独占鳌头嘞？因为是颜值担当的花瓶角色，我还以为一定能活到最后嘞，结果最开始就被杀了，而且，还那什么来着？半张脸被捣碎了吧？真是惨毙了嘞！」,「說到倒霉，紗音可是獨佔鰲頭嘞？因為是顏值擔當的花瓶角色，我還以為一定能活到最後嘞，結果最開始就被殺了，而且，還那什麼來著？半張臉被搗碎了吧？真是慘斃了嘞！」,"""In quanto a morti cruente, Shannon ci batte ad occhi chiusi, vero? Era un personaggio così bello. Pensavo che sarebbe rimasta in vita sino alla fine, ma è stata uccisa sin dall'inizio, e inoltre, in che modo? Metà del suo volto è stato distrutto, giusto? Terribile!""","""Shannon ci batte ad occhi chiusi in quanto a sventure, vero? Ero certa che un personaggio dall'aria così posata sarebbe sopravvissuto fino alla fine, ma è stata uccisa fin da subito, e poi in che modo? Sbaglio o è stato distrutto metà del suo volto? Che fine orrenda!""","""Hablando de un destino horrible, Shannon nos gana en cuanto a eso, ¿no creen? Ella era un personaje tan hermoso, que pensé que sobreviviría hasta el final, pero murió justo al principio, y además... ¿Cómo fue? La mitad de su cara estaba destrozada, ¿no? ¡Eso es de lo peor!""","""ﻋﻠﻰ ﺫﻛﺮ ﺷﻨﺎﻋﺔ ﺍﻟﻤﺼﻴﺮ، ﺷﺎﻧﻮﻥ ﺗﻐﻠﺒﻨﺎ ﺟﻤﻴﻌﺎ ﺑﺴﻬﻮﻟﺔ، ﺃﻟﻴﺲ ﻛﺬﻟﻚ؟ ﻟﻘﺪ ﻛﺎﻧﺖ ﺷﺨﺼﻴﺔ ﺟﻤﻴﻠﺔ ﺑﺤﻖ، ﻓﻈﻨﻨﺖ ﺃﻧﻬﺎ ﺳﺘﻨﺠﻮ ﺣﺘﻰ ﺍﻟﻨﻬﺎﻳﺔ، ﻟﻜﻨﻬﺎ ﻗﺘﻠﺖ ﻓﻲ ﺍﻟﺒﺪﺍﻳﺔ، ﻭﻋﻼﻭﺓ ﻋﻠﻰ ﺫﻟﻚ...ﻣﺎﺫﺍ ﻛﺎﻥ؟ ﻧﺼﻒ ﻭﺟﻬﻬﺎ ﻛﺎﻥ ﻣﻬﺸﻤﺎ، ﺻﺤﻴﺢ؟ ﻫﺬﺍ ﺍﻟﻤﺼﻴﺮ ﺍﻷﺳﻮﺃ!""","""Korkunç bir kaderden bahsetmişken, Shannon hepimizi geride bırakmadı mı? Çok güzel bir karakterdi, bu yüzden kesinlikle en sonuna kadar hayatta kalacağını düşünmüştüm, ama daha başlangıçta öldürüldü, ve üstüne üstlük...o da neydi? Yüzünün yarısı parçalanmıştı, değil mi? En kötüsü de bu!"""
Shannon,"""............That was my role, so, umm......there was no way around it...""","""...That was my role, so, umm, ...there was no way around it..."" ","""............That was my role, so, umm......there was no way around it...""",「…………そういうお役目でしたら、……その、仕方ありませんし…。」,「…………そういうお役目でしたら、……その、仕方ありませんし…」,"""............Такова была моя роль, так что, ум‐м...... тут уж ничего не поделаешь...""","""............Era o meu papel, por isso, bem,......não havia como ser de outro jeito...""",「…………如果这就是我的作用的话，……这个，我也没办法…」,「…………如果這就是我的作用的話，……這個，我也沒辦法…」,"""... Quello era il mio ruolo, quindi, umm... non si poteva fare niente...""","""...Era il mio dovere, perciò... ecco, non c'era nulla da fare...""","""Ese fue mi papel, así que, umm... no había otra manera...""","""......ﻟﻘﺪ ﻛﺎﻥ ﺩﻭﺭﻱ، ﻓـ... ﻓﻠﻢ ﻳﻜﻦ ﻫﻨﺎﻙ ﺃﻱ ﺧﻴﺎﺭ ﺁﺧﺮ...""","""............Bu benim rolümdü, bu yüzden, umm......bundan kaçmanın bir yolu yoktu..."""
Kanon,"""...Nee‐san, it's nothing for you to worry about. Judging by the final epilogue, even Milady and the others met with a considerably tragic end.""","""...Nee-san, it's nothing for you to worry about. Judging by the last epilogue, even Milady and the rest of them met an extremely tragic end."" ","""...Nee-san, it's nothing for you to worry about. Judging by the last epilogue, even Milady and the rest of them met an extremely tragic end.""",「…姉さんが気にすることはないよ。お嬢様方も、ラストのエピローグを見る限り、相当悲惨な最期を遂げられたようだしね。」,「…姉さんが気にすることはないよ。お嬢様方も、ラストのエピローグを見る限り、相当悲惨な最期を遂げられたようだしね」,"""...Нээ‐сан, не волнуйся об этом. Судя по эпилогу, даже миледи и другие не избежали трагического конца.""","""...Nee‐san, você não precisa se preocupar com isso. Jugando pelo epílogo final, até mesmo a madame e os outros tiveram uma morte consideravelmente trágica.""",「…姐姐不必为此在意。以最后的一幕来看，小姐他们的临终也是相当悲惨的。」,「…姐姐不必為此在意。以最後的一幕來看，小姐他們的臨終也是相當悲慘的。」,"""... Nee-san, non c'è niente di cui preoccuparsi. Giudicando dall'epilogo, anche Milady e gli altri hanno incontrato una fine tremendamente tragica.""","""...Sorella, non c'è niente di cui preoccuparsi. A giudicare dall'epilogo, anche la signorina e gli altri hanno incontrato una fine altrettanto tragica.""","""Nee‐san, no es nada de lo que te debas preocupar. A juzgar por el epílogo final, incluso la señorita y los demás encontraron un final considerablemente trágico.""","""....ﻻ ﻳﺠﺐ ﻋﻠﻴﻚ ﺍﻟﻘﻠﻖ ﺣﻴﺎﻝ ﺫﻟﻚ ﻳﺎ ﺃﺧﺘﻲ. ﺑﺎﻟﺤﻜﻢ ﻋﻠﻰ ﺍﻟﺨﺎﺗﻤﺔ، ﻓﺤﺘﻰ ﺳﻴﺪﺗﻲ ﻭﻣﻦ ﺗﺒﻘﻰ ﻟﻘﻮﺍ ﺣﺘﻔﺎ ﻣﺄﺳﺎﻭﻳﺎ.""","""...Nee-san, endişelenecek bir şey yok. Leydim ve diğerlerinin bile oldukça trajik bir sonla karşılaştığı final epilogundan anlaşılabiliyor."""
Ushiromiya George,"""Ahahaha... It seems that way. I think I remember seeing this horrible picture, kind of like my entire body had been eaten apart and dismembered.""","""Ahahaha, ...it seems so. I think I remember seeing this horrible picture, kind of like my entire body had been eaten apart and dismembered."" ","""Ahahaha..., it seems so. I think I remember seeing this horrible picture, kind of like my entire body had been eaten apart and dismembered.""",「あっはっはっは…、どうもそうみたいだね。何だか、全身を食いちぎられてばらばらにされたみたいな、恐ろしい描写があったような気がするよ。」,「あっはっはっは…、どうもそうみたいだね。何だか、全身を食いちぎられてばらばらにされたみたいな、恐ろしい描写があったような気がするよ」,"""Аха‐ха‐ха... похоже, что так. Я до сих пор помню эту ужасную картину, как будто моё тело расчленили и съели по частям.""","""Ahahaha... Parece que foi mesmo. Eu acho que me lembro de ver essa imagem horrível, como se todo o meu corpo tivesse sido devorado e desmembrado.""",「啊哈哈哈…，好像是这样呢。我记得好像有全身被撕咬扯碎一样的恐怖描写呢。」,「啊哈哈哈…，好像是這樣呢。我記得好像有全身被撕咬扯碎一樣的恐怖描寫呢。」,"""Ahahaha... a quanto pare. Ricordo di aver vissuto questa scena orribile, dove il mio corpo veniva squarciato e smembrato.""","""Ahahahah... così pare. Ricordo che fosse una scena orribile, in cui il mio corpo veniva fatto a pezzi e poi smembrato.""","""Jajaja... Así parece ser. Creo recordar ver esta horrible imagen, algo así como si mi cuerpo entero hubiese sido consumido y descuartizado.""","""ﺃﻫﺎﻫﺎﻫﺎﻫﺎ... ﺫﻟﻚ ﺻﺤﻴﺢ. ﺃﻋﺘﻘﺪ ﺃﻧﻲ ﺃﺗﺬﻛﺮ ﺭﺅﻳﺔ ﻣﺸﻬﺪ ﻓﻀﻴﻊ، ﻛﺄﻧﻤﺎ ﻛﺎﻣﻞ ﺟﺴﺪﻱ ﻗﺪ ﺃﻛﻞ ﻭﻗﻄﻊ.""","""Ahahaha... Öyle görünüyor. Sanırım bu korkunç tabloyu gördüğümü hatırlıyorum, sanki tüm vücudum yenmiş ve parçalara ayrılmış gibiydi."""
Ushiromiya Battler,"""Speaking of which, don't you think Kanon‐kun's last moments were the coolest? Even though he had the tables turned on him, it was a showdown with the culprit, right? It's a whole bunch better than our confusing last moments!""","""Speaking of which, don't you think Kanon's last moments were the coolest? Even though he had the tables turned on him, it was a showdown with the culprit, right? It's a whole bunch better than our confusing last moments, right?"" ","""Speaking of which, don't you think Kanon's last moments were the coolest? Even though he had the tables turned on him, it was a showdown with the culprit, right? It's a whole bunch better than our confusing last moments, ri~ght?""",「それを言ったら、嘉音くんの最期が一番かっこよかったと思うぜぇ？　返り討ちとは言え、犯人と一騎打ちだろ？俺らのよくわからん最期よりは数段マシだぜ〜？」,「それを言ったら、嘉音くんの最期が一番かっこよかったと思うぜぇ？　返り討ちとは言え、犯人と一騎打ちだろ？　俺らのよくわからん最期よりは数段マシだぜ〜？」,"""Кстати говоря, вы не думаете, что последний миг Канона был очень крутым? И хотя преимущество оказалось совсем не на его стороне, это же был поединок с преступником, верно? Всяко лучше, чем наши последние вызывающие смятение моменты!""","""Falando nisso, você não acha que o Kanon‐kun teve os últimos momentos mais legais de todos? Mesmo que a mesa estivesse virada contra ele, foi um confronto direto com o culpado, não foi? É muito melhor do que os nossos últimos momentos completamente confusos!""",「要说这个的话，我觉得嘉音君的临终时刻是最帅气的哦。虽说最后被反杀了，但是和犯人单独对决了吧？比起我们一头雾水的临终不知道高到哪里去了啊。」,「要說這個的話，我覺得嘉音君的臨終時刻是最帥氣的哦。雖說最後被反殺了，但是和犯人單獨對決了吧？比起我們一頭霧水的臨終不知道高到哪裡去了啊。」,"""A proposito, non pensate che l'ultimo istante di vita di Kanon sia stato il migliore? Anche se la situazione gli si è ribaltata contro, è stato uno scontro col colpevole, no? È decisamente meglio dei nostri ultimi momenti di vita, gius~to?""","""A proposito, non pensate che gli ultimi momenti di Kanon-kun siano stati i migliori? Anche se la tua vendetta non si è compiuta, hai avuto un faccia a faccia col colpevole, no? Decisamente meglio dei nostri ultimi istanti in cui non capivamo una mazza, giusto?""","""Hablando de eso, ¿no creen que los últimos momentos de Kanon‐kun fueron geniales? Incluso con todo en contra, fue un enfrentamiento contra el culpable, ¿no? ¡Mucho mejor que nuestros confusos últimos momentos!""","""ﺑﺎﻟﺤﺪﻳﺚ ﻋﻦ ﺫﻟﻚ، ﺃﻻ ﺗﻌﺘﻘﺪﻭﻥ ﺃﻥ ﻟﺤﻈﺎﺕ ﻛﺎﻧﻮﻥ-ﻛﻦ ﺍﻷﺧﻴﺮﺓ ﻛﺎﻧﺖ ﺍﻷﺭﻭﻉ؟ ﺑﺎﻟﺮﻏﻢ ﻣﻦ ﺍﻧﻘﻼﺏ ﺍﻟﻄﺎﻭﻟﺔ ﻋﻠﻴﻪ، ﺇﻻ ﺃﻧﻪ ﺍﺳﺘﻄﺎﻉ ﻣﻮﺍﺟﻬﺔ ﺍﻟﻤﺠﺮﻡ. ﻫﺬﺍ ﺃﻓﻀﻞ ﺑﻜﺜﻴﺮ ﻣﻦ ﻟﺤﻈﺎﺗﻨﺎ ﺍﻷﺧﻴﺮﺓ ﺍﻟﻤﺜﻴﺮﺓ ﻟﻠﺤﻴﺮﺓ.""","""Bu arada, sizce de Kanon-kun'un son anları çok havalı değil miydi? Durum aleyhine gelişmiş olsa da, bu suçlu ile yaptığı bir hesaplaşma değil miydi? Bizim kafa karıştırıcı son anlarımızdan çok daha iyi!"""
Kanon,""".........Though, in the end, I was no match for her.""","""...Though, in the end, I was unable to get a solid hit in."" ",""".........Though, in the end, I was unable to get a solid hit in.""",「………結局、何も歯が立ちませんでしたが。」,「………結局、何も歯が立ちませんでしたが」,""".........Как бы то ни было, в конечном итоге, я не смог противостоять ей.""",""".........Embora, no fim, eu não tenha sido páreo para ela.""",「………结果，我根本不是犯人的对手。」,「………結果，我根本不是犯人的對手。」,"""... Però, alla fine, non ho potuto fornirvi un indizio valido.""","""...Anche se alla fine, non sono riuscito a scalfirlo.""","""Aunque, al final, no fui rival ante ella.""","""...ﻟﻜﻦ ﻓﻲ ﺍﻟﻨﻬﺎﻳﺔ، ﻟﻢ ﺃﺳﺘﻄﻊ ﻣﺠﺎﺭﺍﺗﻬﺎ.""",""".........Her ne kadar sonunda onunla boy ölçüşemesem bile."""
Shannon,"""Still, ...I think that Kanon‐kun's death was a big hint. I mean, because of that, it became clear that a 19th person existed.""","""Still, ...I think Kanon-kun's death was a big hint. After all, because of that, the existence of the 19th person was made clear."" ","""Still, ...I think that Kanon-kun's death was a big hint. After all, because of that, the existence of the 19th person was made clear.""",「でも、…嘉音くんの死は大きなヒントになったと思うな。だって、あのせいで、１９人目の存在が明らかになったんだから。」,「でも、…嘉音くんの死は大きなヒントになったと思うな。だって、あのせいで、１９人目の存在が明らかになったんだから」,"""И всё же... я думаю, смерть Канон‐куна была серьёзной подсказкой. В конце концов, после этого стало абсолютно ясно, что существует 19‐й человек.""","""Mesmo assim, ...eu acho que a morte do Kanon‐kun foi uma grande dica. Quero dizer, por causa dela, ficou claro que existe uma 19ª pessoa.""",「不过，…我觉得嘉音君的死是个重大的提示哦。因为这表明了，确实有第十九人存在呢。」,「不過，…我覺得嘉音君的死是個重大的提示哦。因為這表明了，確實有第十九人存在呢。」,"""Ma …penso che la stessa morte di Kanon-kun sia stata un grosso indizio. {n}Dopotutto, grazie ad essa, l'esistenza di una diciannovesima persona è stata resa chiara.""","""Però... penso che la morte di Kanon-kun sia stata un grosso indizio.{n}Dopotutto, grazie ad essa, è stato reso evidente che esistesse una 19ª persona.""","""Aun así... creo que la muerte de Kanon‐kun fue una pista importante. Quiero decir, debido a ello, estuvo más que claro que una 19.ª persona existía.""","""ﻣﻊ ﺫﻟﻚ، ... ﺃﻋﺘﻘﺪ ﺃﻥ ﻣﻮﺕ ﻛﺎﻧﻮﻥ-ﻛﻦ ﺃﻋﻄﻰ ﺗﻠﻤﻴﺤﺎ ﻛﺒﻴﺮﺍ... ﻓﻔﻲ ﻧﻬﺎﻳﺔ ﺍﻟﻤﻄﺎﻑ ﻣﻮﺗﻪ ﻗﺪ ﺃﻭﺿﺢ ﻭﺟﻮﺩ ﺍﻟﺸﺨﺺ ﺍﻟﺘﺎﺳﻊ ﻋﺸﺮ.","""Yine de, ...Kanon-kun'un ölümünün büyük bir ipucu olduğunu düşünüyorum. Demek istediğim, bu sayede 19. kişinin var olduğu netleşti."""
Ushiromiya George,"""Yes. At that time, everyone's location was obvious. So it was impossible for anyone other than some unknown 19th person to kill Kanon‐kun.""","""That's right. At that time, everyone's location was obvious. So it was impossible for anyone other than some unknown 19th person to kill Kanon."" ","""That's right. At that time, everyone's location was obvious. So it was impossible for anyone other than some unknown 19th person to kill Kanon.""",「そうだね。あの時点では全員の所在が明らかだった。だから嘉音くんを殺せるのは、未知の１９人目しかありえない。」,「そうだね。あの時点では全員の所在が明らかだった。だから嘉音くんを殺せるのは、未知の１９人目しかありえない」,"""Верно. В то время местонахождение всех людей было очевидным. Таким образом, убить Канона было невозможно для всех, кроме неизвестного 19‐го человека.""","""Sim. Naquele momento, a localização de todos era óbvia. Então é impossível para qualquer um, além de uma desconhecida 19ª pessoa, ter matado o Kanon‐kun.""",「是啊。那段时间所有人的位置都是明确的。所以能杀害嘉音君的，只可能是未知的第十九人。」,「是啊。那段時間所有人的位置都是明確的。所以能殺害嘉音君的，只可能是未知的第十九人。」,"""Esatto. In quell'istante, la posizione di tutti quanti era certa. Perciò era impossibile per chiunque di noi a parte per una sconosciuta diciannovesima persona uccidere Kanon.""","""Giusto. In quel frangente, la posizione di tutti era chiara. Perciò, uccidere Kanon-kun era impossibile per ciascuno di noi, tranne una 19ª persona ignota.""","""Sí. En aquel momento, la ubicación de todo el mundo era obvia. Así que era imposible que alguien más que una 19.ª persona desconocida matase a Kanon‐kun.""","""ﺑﺎﻟﻔﻌﻞ. ﻛﺎﻧﺖ ﺃﻣﺎﻛﻦ ﺍﻟﺠﻤﻴﻊ ﻭﺍﺿﺤﺔ ﻓﻲ ﺫﻟﻚ ﺍﻟﺤﻴﻦ. ﺃﻱ ﺃﻥ ﻣﻦ ﺍﻻﺳﺘﺤﺎﻟﺔ ﻷﻱ ﺷﺨﺺ ﻗﺘﻞ ﻛﺎﻧﻮﻥ، ﺇﻻ ﻟﻮ ﻛﺎﻥ ﺷﺨﺼﺎ ﺗﺎﺳﻊ ﻋﺸﺮ ﻧﺠﻬﻠﻪ.""","""Evet, doğru. O sırada herkesin yeri belliydi. Bu yüzden Kanon-kun'u bilinmeyen 19. bir kişiden başkasının öldürmesi imkansızdı."""
Ushiromiya Maria,"""Uu! I did say it was {f:5:Beatrice} from the beginning, over and oooover. Uu!""","""Uu-! I said it was {f:5:Beatrice} from the beginning, over and over. Uu-!"" ","""Uu-! Maria said it was Beatrice from the beginning, o-ver and o-ver. Uu-!""",「うー！　真里亞は最初からベアトリーチェだって、ずーっと言ってるー。うー！」,[=JP],"""У‐у! Я с самого начала говорила, что это {f:5:Беатриче}, снова и сно‐о‐ова. У‐у!""","""Uu! A Maria disse desde o início que foi a {f:5:Beatrice}, várias e vááááárias vezes. Uu!""",「呜——！真里亚一开始就说了是贝阿朵莉切，一直都在说——。呜——！」,「嗚——！真里亞一開始就說了是貝阿朵莉切，一直都在說——。嗚——！」,"""Uu-! Maria ha detto che è stata Beatrice sin dall'inizio, sempre e sempre. Uu-!""","""Uuh! Maria ha detto che era stata {f:5:Beatrice} fin dall'inizio, lo ha sempre detto! Uuh!""","""¡Uu! María les dijo que era {f:5:Beatrice} desde el principio, una y ooootra vez. ¡Uu!""","""ﺃﻭﻭ-! ﻣﺎﺭﻳﺎ ﻗﺎﻟﺖ ﻣﻨﺬ ﺍﻟﺒﺪﺍﻳﺔ ﺃﻧﻬﺎ ﻛﺎﻧﺖ {f:7:ﺑﻴﺎﺗﺮﻳﺲ}. ﺃﻭﻭ-!""","""Uu! Maria başından beri {f:5:Beatrice} olduğunu teeekrar ve tekrar söyledi. Uu!"""
Ushiromiya Jessica,"""......I don't wanna believe it, but that does prove the culprit was a witch calling herself {f:5:Beatrice}.""","""...I don't wanna believe it, but that does prove the culprit was a witch calling herself {f:5:Beatrice}."" ","""......I don't wanna believe it, but that does prove the culprit was a witch calling herself Beatrice.""",「……信じたくはねぇけど、ベアトリーチェを名乗る、魔女が犯人ってことになるんだろうぜ。」,「……信じたくはねぇけど、ベアトリーチェを名乗る、魔女が犯人ってことになるんだろうぜ」,"""......Мне не хочется в это верить, но это доказывает, что преступник — ведьма, зовущая себя {f:5:Беатриче}.""","""......Eu não queria acreditar, mas isso prova que o culpado foi uma bruxa que intitula a si mesma como {f:5:Beatrice}.""",「……虽说是不愿这么相信，但犯人应该就是自称贝阿朵莉切的魔女了吧。」,「……雖說是不願這麼相信，但犯人應該就是自稱貝阿朵莉切的魔女了吧。」,"""... Non voglio crederci, ma questo significa che il colpevole era la strega che si faceva chiamare Beatrice.""","""...Stento a crederci, ma questo prova che il colpevole era la strega che si fa chiamare {f:5:Beatrice}.""","""No lo quiero creer, pero sí que demuestra que el culpable era una bruja llevando el nombre de {f:5:Beatrice}.""","""......ﻻ ﺃﻭﺩ ﺗﺼﺪﻳﻖ ﺫﻟﻚ، ﻟﻜﻦ ﻫﺬﺍ ﻳﺜﺒﺖ ﺃﻥ ﺍﻟﺠﺎﻧﻲ ﻛﺎﻥ ﺳﺎﺣﺮﺓ ﺗﺪﻋﻮ ﻧﻔﺴﻬﺎ {f:7:ﺑﻴﺎﺗﺮﻳﺲ}.""","""......İnanmak istemiyorum ama bu, {f:5:Beatrice}'in kendine cadı diyen bir suçlu olduğunu kanıtlıyor."""
Shannon,"""That's right... There were many strange things that happened which a human couldn't do...""","""That's right... There were many strange things that happened...that a human couldn't do..."" ","""That's right... There were many strange things that happened...which a human couldn't do...""",「そうですよね…。人にはできない、不思議なことがいっぱいありましたし…。」,「そうですよね…。人にはできない、不思議なことがいっぱいありましたし…」,"""Согласна... Много всего случилось странного, чего человеку сделать не под силу...""","""Isso mesmo... Aconteceram muitas coisas estranhas que não poderiam ter sido feitas por um humano...""",「说得是呢…。毕竟发生了好多人类做不到的，不可思议的事…」,「說得是呢…。畢竟發生了好多人類做不到的，不可思議的事…」,"""Esatto... sono successe molte cose strane, che un umano non avrebbe potuto fare...""","""Ha ragione... Sono successe parecchie cose strane, che un umano non avrebbe mai potuto compiere...""","""Así es... Sucedieron demasiadas cosas extrañas que un humano no podría hacer...""","""ﺻﺤﻴﺢ... ﻓﻘﺪ ﺣﺪﺛﺖ ﺍﻟﻜﺜﻴﺮ ﻣﻦ ﺍﻷﻣﻮﺭ ﺍﻟﻐﺮﻳﺒﺔ... ﻭﺍﻟﺘﻲ ﻳﺼﻌﺐ ﻋﻠﻰ ﺍﻹﻧﺴﺎﻥ ﻓﻌﻠﻬﺎ...""","""Bu doğru... Bir insanın yapamayacağı birçok garip şey oldu..."""
Ushiromiya Maria,"""Uu. Only a witch could do things like Auntie Eva's locked‐room murder. A human couldn't do that! Uu!""","""Uu-. Only a witch could do things like murdering Aunt Eva in that closed room. A human couldn't do it! Uu-!"" ","""Uu-. Only a witch could do things like murdering Eva oba-san in that closed room. A human couldn't do it! Uu-!""",「うー。絵羽伯母さんの密室殺人とか、魔女にしかできない。人間にはできない！　うー！」,[=JP],"""У‐у. Только ведьма могла убить тётю Еву в запертой комнате. Обычным людям это не под силу! У‐у!""","""Uu. Só uma bruxa poderia fazer algo como matar a tia Eva em um quarto fechado. Um humano não poderia fazer aquilo! Uu!""",「呜——。比如绘羽姨母那次密室杀人，就只有魔女做得到。人类是做不到的！呜——！」,「嗚——。比如繪羽姨母那次密室殺人，就只有魔女做得到。人類是做不到的！嗚——！」,"""Uu-. Solo una strega poteva fare cose come uccidere Eva oba-san in quella stanza chiusa. Un umano non avrebbe potuto farlo! Uu-!""","""Uuh. Solo una strega poteva uccidere zia Eva in quella camera chiusa, ad esempio. Non avrebbe potuto farlo un umano! Uuh!""","""Uu. Solo una bruja podría hacer cosas como el asesinato de la habitación cerrada de la tía Eva. ¡Un humano no podría hacer eso! ¡Uu!""","""ﺃﻭﻭ-، ﻭﺣﺪﻫﺎ ﺍﻟﺴﺎﺣﺮﺓ ﺗﺴﺘﻄﻴﻊ ﻗﺘﻞ ﻋﻤﺘﻲ ﺇﻳﻔﺎ ﻓﻲ ﺗﻠﻚ ﺍﻟﻐﺮﻓﺔ ﺍﻟﻤﻐﻠﻘﺔ. ﻻ ﻳﺴﺘﻄﻴﻊ ﺍﻟﺒﺸﺮ ﻓﻌﻠﻬﺎ! ﺃﻭﻭ-!""","""Uu. Eva Teyze'nin kilitli oda cinayeti gibi şeyleri sadece bir cadı yapabilir. Bir insan bunu yapamaz! Uu!"""
Kanon,"""............Not only is it clear that a 19th person exists, but it is also obvious that this person holds a power that humans can't even imagine.""","""...Not only is the existence of a 19th person clear, but it's also obvious that this person holds a power that humans can't even imagine."" ","""............Not only is the existence of a 19th person clear, but it is also obvious that this person holds a power that humans can't even imagine.""",「…………１９人目が存在することが明らかで、しかもその人物は人間では考えられない力を持っている。」,「…………１９人目が存在することが明らかで、しかもその人物は人間では考えられない力を持っている」,"""............Ясно не только существование 19‐го человека, но и то, что этот человек обладает силой, которую люди себе даже представить не могут.""","""............Não só está claro que existe uma 19ª pessoa, mas também que é fato que essa pessoa possui poderes que humanos sequer podem imaginar.""",「…………显然有第十九人存在，而且这个人物拥有人类无法想象的力量。」,「…………顯然有第十九人存在，而且這個人物擁有人類無法想像的力量。」,"""... Non solo l'esistenza di una diciannovesima persona è chiara, ma è anche ovvio che questa persona possiede un potere che gli umani neanche si immaginano.""","""...Non solo è stata chiarita l'esistenza di una 19ª persona, ma è anche ovvio che questo individuo possegga poteri che gli umani non possono neanche concepire.""","""... No solo está claro que una 19.ª persona existe, también es obvio que esta persona tiene un poder que los humanos no pueden ni imaginar.""",""".....ﻭﺟﻮﺩ ﺍﻟﺸﺨﺺ ﺍﻟﺘﺎﺳﻊ ﻋﺸﺮ ﻭﺍﺿﺢ، ﻭﻻ ﺃﺗﺼﻮﺭ ﺃﻧﻪ ﺷﺨﺺ ﺑﺸﺮﻱ، ﻻ ﺑﺪ ﻭﺃﻧﻪ ﻳﻤﻠﻚ ﻗﻮﺓ ﻣﺎ...""","""............Sadece 19. kişinin var olduğu açık değil, aynı zamanda bu kişinin insanların hayal bile edemeyeceği bir güce sahip olduğu da açık."""
Ushiromiya Jessica,"""In that case, I don't think there's anything wrong with calling this person {f:5:Beatrice}.""","""In that case, I don't think there's anything wrong with calling this person {f:5:Beatrice}."" ","""In that case, I don't think there's anything wrong with calling this person Beatrice.""",「となれば、その人物をベアトリーチェと呼んでも、差し支えはねぇだろうぜ。」,「となれば、その人物をベアトリーチェと呼んでも、差し支えはねぇだろうぜ」,"""В таком случае, думаю, нет ничего плохого в том, что мы назовём этого человека {f:5:Беатриче}.""","""Nesse caso, eu não vejo problema em chamar essa pessoa de {f:5:Beatrice}.""",「如此说来，就算称这个人物为贝阿朵莉切，也无妨吧。」,「如此說來，就算稱這個人物為貝阿朵莉切，也無妨吧。」,"""In questo caso, non c'è niente di male a chiamare questa persona Beatrice.""","""In tal caso, penso non ci siano problemi se chiamiamo questo individuo col nome di ‘{f:5:Beatrice}’.""","""En ese caso, no creo que haya nada malo en llamar a esta persona {f:5:Beatrice}.""","""ﻓﻲ ﻫﺬﻩ ﺍﻟﺤﺎﻟﺔ، ﻻ ﻳﻮﺟﺪ ﻣﺎ ﻳﻤﻨﻌﻨﺎ ﻣﻦ ﺩﻋﻮﺗﻪ ﺑﺎﺳﻢ {f:7:ﺑﻴﺎﺗﺮﻳﺲ}.""","""Bu durumda, bu kişiye {f:5:Beatrice} demenin yanlış bir şey olduğunu düşünmüyorum."""
Ushiromiya George,"""...We probably met at the very end. ...Met with the Golden Witch.""","""...We probably met at the very end. ...Met with the Golden Witch."" ","""...We probably met at the very end. ...Met with the Golden Witch.""",「…多分、僕たちはラストで、出会っているよ。…黄金の魔女にね。」,「…多分、僕たちはラストで、出会っているよ。…黄金の魔女にね」,"""...Наверное, мы встретились в самом конце. ...Встретились с Золотой Ведьмой.""","""...Nós provavelmente nos encontraremos com ela bem no final. ...Nos encontraremos com a Bruxa Dourada.""",「…我觉得，我们在最后多半是见到了她。…见到了这位黄金的魔女呢。」,「…我覺得，我們在最後多半是見到了她。…見到了這位黃金的魔女呢。」,"""... Probabilmente ci siamo incontrati alla fine. ... Ci siamo incontrati con la Strega Dorata.""","""...Forse, la Strega Dorata... l'abbiamo incontrata verso la fine.""","""Probablemente nos la encontramos al final... a la Bruja Dorada.""","""...ﻋﻠﻰ ﺍﻷﺭﺟﺢ ﺗﻘﺎﺑﻠﻨﺎ ﻣﻌﻬﺎ ﻓﻲ ﻧﻬﺎﻳﺔ ﺍﻟﻘﺼﺔ. ...ﻣﻊ ﺍﻟﺴﺎﺣﺮﺓ ﺍﻟﺬﻫﺒﻴﺔ.""","""...Muhtemelen en son anda karşılaştık. ...Altın Cadı ile."""
Ushiromiya Maria,"""That's why I kept telling you {f:5:Beatrice} exists. It all went bad because no one ever believed. Uu! Even one of my witch friends says miracles won't happen if you don't believe! Uu!""","""Like I kept saying, {f:5:Beatrice} exists. It all went bad because no one ever believed. Uu-! Even one of her witch friends says that miracles won't occur if you don't believe. Uu-!"" ","""Like Maria kept saying, Beatrice exists. It all went bad because no one ever believed. Uu-! Even one of her witch friends says that miracles won't occur if you don't believe. Uu-!""",「だから真里亞は、ベアトリーチェがいるーってずっと言ってる。みんなずっと信じなかったから駄目だった。うー！　信じないと奇跡は起きないって、友達の魔女も言ってる！　うー！」,[=JP],"""Я всё время говорила, что {f:5:Беатриче} 'есть'. Всё пошло так плохо потому, что вы не поверили. У‐у! Даже одна из моих подруг‐ведьм сказала, что чудеса не происходят, если в них не веришь. У‐у!""","""Por isso a Maria sempre disse que a {f:5:Beatrice} existia. E tudo terminou de forma ruim porque ninguém acreditou. Uu! Mesmo uma das minhas amigas bruxas diz que milagres não acontecem se você não acreditar! Uu!""",「所以真里亚呀，一直都在说有贝阿朵莉切。就是因为大家老是不信才不行的。呜——！不相信就无法引发奇迹，我的魔女朋友也说过的！呜——！」,「所以真里亞呀，一直都在說有貝阿朵莉切。就是因為大家老是不信才不行的。嗚——！不相信就無法引發奇跡，我的魔女朋友也說過的！嗚——！」,"""Come Maria continuava a dire, Beatrice esiste. È andato tutto male perché nessuno ci credeva. Uu-! Anche una delle sue amiche streghe dice che un miracolo non accadrà se non credi. Uu-!""","""Ecco perché Maria continuava a dire che {f:5:Beatrice} esiste! È andato tutto storto perché nessuno ci ha creduto. Uuh! Se non si crede ai miracoli, essi non avvengono, lo ha anche detto una sua amica strega! Uuh!""","""Por eso María estuvo diciendo que {f:5:Beatrice} existe. Todo fue mal porque nadie creyó. ¡Uu! ¡Incluso una de mis amigas brujas dice que los milagros no sucederán si no crees! ¡Uu!""","""ﻟﻬﺬﺍ ﻛﺎﻧﺖ ﻣﺎﺭﻳﺎ ﺗﻘﻮﻝ ﻃﻮﺍﻝ ﺍﻟﻮﻗﺖ ﺑﺄﻥ {f:7:ﺑﻴﺎﺗﺮﻳﺲ} ﻣﻮﺟﻮﺩﺓ. ﻛﻞ ﺷﻲﺀ ﻓﻈﻴﻊ ﺣﺪﺙ ﺑﺴﺒﺐ ﺃﻧﻜﻢ ﻟﻢ ﺗﺼﺪﻗﻮﺍ ﻭﺟﻮﺩﻫﺎ. ﺃﻭﻭ-! ﺣﺘﻰ ﺻﺪﻳﻘﺎﺗﻲ ﺍﻟﺴﺎﺣﺮﺍﺕ ﺃﺧﺒﺮﻧﻨﻲ ﺑﺄﻥ ﺍﻟﻤﻌﺠﺰﺓ ﻟﻦ ﺗﺤﺪﺙ ﺇﺫﺍ ﻟﻢ ﺗﺆﻣﻨﻮﺍ. ﺃﻭﻭ-!""","""Bu yüzden Maria, {f:5:Beatrice}'in var olduğunu söyleyip durdu. Her şey kötü gitti çünkü kimse inanmadı. Uu! Cadı arkadaşlarımdan biri bile inanmazsan mucizelerin gerçekleşmeyeceğini söylüyor! Uu!"""
Shannon,"""That's right. {f:5:Beatrice}‐sama is generous to those who respect her.""","""That's right. {f:5:Beatrice}-sama is generous to those who respect her."" ","""That's right. Beatrice-sama is generous to those who respect her.""",「そうですね。ベアトリーチェさまは、敬う者に寛大だそうですし。」,「そうですね。ベアトリーチェさまは、敬う者に寛大だそうですし」,"""Совершенно верно. {f:5:Беатриче}‐сама щедра к тем, кто почитает её.""","""Isso mesmo. A {f:5:Beatrice}‐sama é generosa com aqueles que a respeitam.""",「是呢。据说贝阿朵莉切夫人，对尊敬她的人是很宽宏大量的。」,「是呢。據說貝阿朵莉切夫人，對尊敬她的人是很寬宏大量的。」,"""Esatto. Beatrice-sama è generosa con chi la rispetta.""","""Esatto. {f:5:Beatrice}-sama è magnanima nei confronti di chi la rispetta.""","""Es verdad. {f:5:Beatrice}‐sama es generosa ante quienes la respetan.""","""ﻣﻌﻚ ﺣﻘﻚ. {f:7:ﺑﻴﺎﺗﺮﻳﺲ}-ﺳﺎﻣﺎ ﺭﺅﻭﻓﺔ ﻣﻊ ﻣﻦ ﻳﺤﺘﺮﻣﻬﺎ.""","""Bu doğru. {f:5:Beatrice}-sama ona saygı duyanlara karşı cömerttir."""
Kanon,"""......I feel as if, despite the fact that horrible incidents kept occurring one after the other, Maria‐sama wasn't in danger from {f:5:Beatrice}‐sama until the end.""","""...It seems to me that Maria-sama was never a target of {f:5:Beatrice}-sama's wrath up to the very end, despite the horrible crimes that occurred one after another."" ","""......I think that, despite the fact that horrible cases kept occurring one after the other, Maria-sama was able to avoid Beatrice-sama's menace until the end.""",「……真里亞さまは、恐ろしい事件が次々と起こっていっても、最後までベアトリーチェさまの脅威からは外されていたように思います。」,「……真里亞さまは、恐ろしい事件が次々と起こっていっても、最後までベアトリーチェさまの脅威からは外されていたように思います」,"""......Похоже, что так, ведь, несмотря на то, что ужасные случаи случались один за другим, Мария‐сама смогла избежать опасности от {f:5:Беатриче}‐сама до самого конца.""","""......Eu sinto como se, além do fato desses horríveis incidentes continuarem acontecendo um depois do outro, a Maria‐sama não corria o risco de ser morta pela {f:5:Beatrice}‐sama até o final.""",「……虽说接二连三地发生恐怖事件，但我觉得，真里亚小姐一直到最后都像是被排除在贝阿朵莉切的威胁之外似的。」,「……雖說接二連三地發生恐怖事件，但我覺得，真里亞小姐一直到最後都像是被排除在貝阿朵莉切的威脅之外似的。」,"""... Penso che, anche se orribili omicidi sono continuati ad accadere uno dopo l'altro, Maria-sama è stata capace di evitare la minaccia di Beatrice-sama sino alla fine.""","""...Sembra che la signorina Maria sia sempre stata risparmiata dalle minacce di {f:5:Beatrice}-sama, nonostante gli orribili crimini verificatisi uno dopo l'altro.""","""Siento que, a pesar del hecho de que horribles incidentes ocurrían uno tras otro, María‐sama no estuvo en peligro de {f:5:Beatrice}‐sama hasta el final.""","""......ﻭﺑﺎﻟﺮﻏﻢ ﻣﻦ ﻛﻞ ﺍﻟﻔﻈﺎﺋﻊ ﺍﻟﺘﻲ ﺣﺪﺛﺖ ﺗﺒﺎﻋﺎﹰ، ﺇﻻ ﺃﻥ ﻣﺎﺭﻳﺎ-ﺳﺎﻣﺎ ﻧﺠﺖ ﻣﻦ ﺗﻬﺪﻳﺪ {f:7:ﺑﻴﺎﺗﺮﻳﺲ}-ﺳﺎﻣﺎ ﺣﺘﻰ ﺍﻟﻨﻬﺎﻳﺔ.""","""......Maria-sama'nın korkunç olayların birbiri ardına meydana gelmesine rağmen son ana kadar {f:5:Beatrice}-sama tarafından tehlikeye atılmadığını düşünüyorum."""
Ushiromiya Jessica,"""Maria did believe in {f:5:Beatrice} from the very beginning. ...But then, so did Kanon‐kun and the others, so how do you explain why they were all killed?""","""Well, Maria believed in {f:5:Beatrice} from the very beginning. ...But if that's the case, how do you explain why you and the rest were all killed? You guys believed in {f:5:Beatrice} just as much, right?"" ","""Maria believed in Beatrice from the very beginning. ...But if that's the case, how do you explain why Kanon-kun and the rest were all killed? They believed in Beatrice just as much, right?""",「真里亞は、一番の最初っからベアトリーチェを信じてたもんな。…でも、それじゃあ、同じように信じてた嘉音くんたちも殺されたのは納得がいかないぜ？」,[=JP],"""Мария верила в {f:5:Беатриче} с самого начала. ...Но Канон‐кун с остальными тоже верили, как объяснишь их убийства?""","""A Maria acreditou na {f:5:Beatrice} desde o início. ...Mas então, como você explica o motivo de você e os outros terem sido mortos?""",「毕竟真里亚从最开始就相信贝阿朵莉切嘛。…不过，这样的话，同样相信的嘉音君你们也被杀害就让人想不通嘞？」,「畢竟真里亞從最開始就相信貝阿朵莉切嘛。…不過，這樣的話，同樣相信的嘉音君你們也被殺害就讓人想不通嘞？」,"""Maria ha creduto in Beatrice sin dall'inizio. ... Ma se fosse questo il motivo, come spiegate che Kanon-kun e gli altri siano stati uccisi? Loro ci credevano, no?""","""Beh, Maria ha creduto in {f:5:Beatrice} fin dal principio... Ma allora, come spiegate gli omicidi di Kanon-kun e degli altri, che credevano in lei nella stessa maniera?""","""María creyó en {f:5:Beatrice} desde el principio. Pero aun así, también lo hacían Kanon‐kun y los demás, así que, ¿cómo explican el por qué todos ellos fueron asesinados?""","""ﻣﺎﺭﻳﺎ ﺁﻣﻨﺖ ﺑﻮﺟﻮﺩ {f:7:ﺑﻴﺎﺗﺮﻳﺲ} ﻣﻨﺬ ﺍﻟﺒﺪﺍﻳﺔ. ...ﻓﻲ ﺗﻠﻚ ﺍﻟﺤﺎﻟﺔ، ﻛﻴﻒ ﻧﻔﺴﺮ ﻗﺘﻠﻬﺎ ﻟﻜﺎﻧﻮﻥ ﻭﺍﻟﺒﻘﻴﺔ، ﻓﻘﺪ ﺁﻣﻨﻮﺍ ﻓﻲ ﻭﺟﻮﺩ ﺑﻴﺎﺗﺮﻳﺲ ﺑﻨﻔﺲ ﺍﻟﻘﺪﺭ، ﺃﻟﻴﺲ ﻛﺬﻟﻚ؟""","""Maria en başından beri {f:5:Beatrice}'e inanıyordu. ...Ama o zaman, diğerleri ve Kanon-kun sen de inanıyordun, peki herkesin neden öldürüldüğünü nasıl açıklayabilirsin?"""
Kanon,"""......{f:5:Beatrice}‐sama probably had her reasons.""","""...{f:5:Beatrice}-sama probably had her reasons."" ","""......Beatrice-sama probably had her reasons.""",「……それは多分、ベアトリーチェさまなりのご都合があられたのでしょう。」,「……それは多分、ベアトリーチェさまなりのご都合があられたのでしょう」,"""......Возможно, {f:5:Беатриче}‐сама имела на то причины.""","""......A {f:5:Beatrice}‐sama provavelmente tinha seus motivos.""",「……这大概是因为，贝阿朵莉切夫人有她自己的理由吧。」,「……這大概是因為，貝阿朵莉切夫人有她自己的理由吧。」,"""... Probabilmente Beatrice-sama aveva le sue ragioni.""","""...Probabilmente {f:5:Beatrice}-sama aveva le proprie ragioni.""","""{f:5:Beatrice}‐sama debió tener sus razones.""","""......ﻟﺪﻯ {f:7:ﺑﻴﺎﺗﺮﻳﺲ}-ﺳﺎﻣﺎ ﺃﺳﺒﺎﺑﻬﺎ.""","""......Muhtemelen {f:5:Beatrice}-sama'nın sebepleri vardı."""
Shannon,"""If the epitaph poem represented {f:5:Beatrice}‐sama's resurrection ritual, then she needed many sacrifices. ......He must simply have been designated to be one of those.""","""If the song of the epitaph represented {f:5:Beatrice}-sama's resurrection ceremony, many sacrifices were needed. ...He must simply have been designated to be one of those."" ","""If the song of the epitaph represented Beatrice-sama's resurrection ceremony, many sacrifices were needed. ......He must simply have been designated to be one of those.""",「碑文の歌が、ベアトリーチェさまの復活の儀式を意味するものなら、大勢の生贄が必要だった。……そのひとりにご指名をいただけたということなのでしょう。」,「碑文の歌が、ベアトリーチェさまの復活の儀式を意味するものなら、大勢の生贄が必要だった。……そのひとりにご指名をいただけたということなのでしょう」,"""Если текст эпитафии гласил о ритуале воскрешения {f:5:Беатриче}‐сама, то ей требовалось много жертв. ......Он, по‐видимому, был просто выбран одной из них.""","""Se o poema no epitáfio representa o ritual de ressurreição da {f:5:Beatrice}‐sama, então ela precisava de muitos sacrifícios. ......Ele simplesmente deve ter sido designado para ser um deles.""",「碑文上的诗歌，如果是在描述贝阿朵莉切夫人的复活仪式，那就需要大量的活祭。……仅仅是被指名为其中之一了吧。」,「碑文上的詩歌，如果是在描述貝阿朵莉切夫人的復活儀式，那就需要大量的活祭。……僅僅是被指名為其中之一了吧。」,"""Se per la filastrocca dell'epigrafe che rappresentava la cerimonia di resurrezione di Beatrice-sama, erano necessari molti sacrifici. ... Deve essere stato semplicemente designato come uno di essi..""","""Se la poesia dell'epigrafe rappresentava la cerimonia di resurrezione di {f:5:Beatrice}-sama, occorrevano molti sacrifici... Può darsi che sia stato scelto come uno di essi.""","""Si el poema del epitafio representaba el ritual de resurreción de {f:5:Beatrice}‐sama, entonces ella necesitaba muchos sacrificios. Él debió simplemente haber sido designado como uno de ellos.""","""ﺇﺫﺍ ﻛﺎﻧﺖ ﺍﻟﻤﺮﺛﻴﺔ ﺗﻤﺜﻞ ﻃﻘﻮﺱ ﺑﻌﺚ {f:7:ﺑﻴﺎﺗﺮﻳﺲ}-ﺳﺎﻣﺎ، ﻓﺜﻤﺔ ﺣﺎﺟﺔ ﺇﻟﻰ ﺗﻀﺤﻴﺎﺕ ﻛﺜﻴﺮﺓ. ......ﺑﺒﺴﺎﻃﺔ، ﺗﻢ ﺍﺧﺘﻴﺎﺭﻫﻢ ﻟﻴﻜﻮﻧﻮﺍ ﻗﺮﺍﺑﻴﻨﺎ ﻟﻬﺎ.""","""Eğer kitabenin şiiri {f:5:Beatrice}-sama'nın diriliş ritüelini temsil ediyorsa, o zaman birçok kurbana ihtiyacı vardı. ......O da bunlardan biri olarak seçilmiş olmalı."""
Ushiromiya George,"""...Shannon‐chan, you met a horrible end... At the very least, I wish your death could have been more peaceful and pretty.""","""...Shannon-chan, you met a horrible end... At the very least, I wish your death could've been more peaceful and pretty."" ","""...Shannon-chan, you met a horrible end... At the very least, I wish your death could have been more peaceful and pretty.""",「…紗音ちゃんは、酷い最期だったよ…。せめて、もう少し綺麗で安らかな方法もあったろうに。」,「…紗音ちゃんは、酷い最期だったよ…。せめて、もう少し綺麗で安らかな方法もあったろうに」,"""...Шаннон‐чан, ты встретила ужасный конец... По крайней мере, я желал бы для тебя более мирной и красивой смерти.""","""...Shannon‐chan, você se deparou com um final terrível... Ao menos, eu gostaria que a sua morte tivesse sido mais pacífica e bonita.""",「…纱音的结局，真是太凄惨了…。至少应该用些，稍微漂亮而平静一些的方法啊。」,「…紗音的結局，真是太淒慘了…。至少應該用些，稍微漂亮而平靜一些的方法啊。」,"""... Shannon-chan, hai incontrato una fine orribile... almeno, speravo che la tua morte fosse stata un po' più raffinata.""","""...Shannon-chan, hai incontrato una fine orribile... Speravo almeno che la tua morte potesse essere un po' più serena.""","""Shannon‐chan, tuviste un final horrible... Al menos, desearía que tu muerte hubiese sido más pacífica y bonita.""","""...ﻻﻗﺖ ﺷﺎﻧﻮﻥ-ﺗﺸﺎﻥ ﻧﻬﺎﻳﺔ ﻣﺮﻭﻋﺔ. ﺗﻤﻨﻴﺖ ﺃﻥ ﻳﻜﻮﻥ ﻣﺼﻴﺮﻙ ﺃﻛﺜﺮ ﺭﺣﻤﺔ ﻭﺳﻼﻡ.""","""...Shannon-chan, korkunç bir sonla karşılaştın... En azından ölümünün daha huzurlu ve güzel olmasını dilerdim."""
Shannon,""".........Umm, well, ...it's not like it hurt... Besides, as you can see, right now, I'm perfectly fine, so don't worry.""","""...Umm, well, ...it's not like it hurt... Anyway, right now, I'm perfectly fine, so don't worry."" ",""".........Umm, well, ...it's not like it hurt... Anyways, right now, I'm perfectly fine, so don't worry.""",「………まぁその、…痛かったわけじゃないですし…。それにほら。今はこうして全然平気ですから、へっちゃらです。」,「………まぁその、…痛かったわけじゃないですし…。それにほら。今はこうして全然平気ですから、へっちゃらです」,""".........М‐м‐м, ну... мне не было так уж и больно... В любом случае, сейчас я в полном порядке, так что не волнуйтесь.""",""".........Hmm, bem, ...não é como se tivesse doído... Além disso, como pode ver, bem agora, eu estou perfeitamente bem, então não se preocupe.""",「………这个嘛，…也并不是很痛…。而且你们看。现在已经完全好了，没事没事啦。」,「………這個嘛，…也並不是很痛…。而且你們看。現在已經完全好了，沒事沒事啦。」,"""... Umm, beh... non è stato doloroso... comunque, ora sto benissimo, quindi non preoccuparti.""","""...Beh, ecco... non è stata dolorosa... Comunque sia... ora sto benissimo, quindi non si preoccupi.""","""Umm, bueno... no es que me haya dolido. Además, como usted puede ver, ahora mismo, estoy perfectamente bien, así que no se preocupe.""","""........ﺃﻣﻤﻢ، ﺣﺴﻨﺎ، ﻟﻢ ﻳﻜﻦ ﺫﻟﻚ ﻣﺆﻟﻤﺎ. ﺑﺄﻱ ﺣﺎﻝ، ﺃﻧﺎ ﺑﺨﻴﺮ ﺍﻵﻥ ﻭﻋﻠﻰ ﻣﺎ ﻳﺮﺍﻡ، ﻓﻼ ﺗﻘﻠﻖ.""",""".........Umm, şey, ...pek canımı yakmış gibi değildi... Ayrıca, gördüğün gibi şu anda gayet iyiyim, endişelenme."""
,"Shannon proved this by stroking her cheek which had been crushed during the story, and everyone laughed out loud, smiling.","After seeing him stroke Shannon's cheek, which had been crushed during the story, everyone laughed out loud, smiling. ","After seeing him stroke Shannon's cheek, which had been crushed during the story, everyone laughed out loud, smiling.",紗音が劇中では砕かれていた頬を撫でて見せると、みんなは微笑ましそうに大笑いしました。,[=JP],"Когда остальные увидели, как он погладил её щёку, которая была размозжена во время истории, все громко засмеялись, начав улыбаться.","Shannon provou isso cutucando sua bochecha que havia sido destruída durante a história, e todos riam alto e sorriam.",纱音抚摸着在故事中被捣碎了的脸颊给大家看，惹得大家不禁大笑起来。,紗音撫摸著在故事中被搗碎了的臉頰給大家看，惹得大家不禁大笑起來。,"Dopo aver visto George che pizzicava la guancia di Shannon, che era stata assente durante lo svolgimento della storia, tutti quanti scoppiarono a ridere.","Dopo aver visto George accarezzare la guancia di Shannon, che era stata distrutta durante lo svolgimento della storia, tutti quanti scoppiarono in una grossa risata allegra.","Shannon lo demostró toqueteando la mejilla que había sido aplastada durante la historia, y todo el mundo rió, sonriendo.",ﺃﺛﺒﺘﺖ ﺷﺎﻧﻮﻥ ﺫﻟﻚ ﺑﻠﻤﺲ ﺧﺪﻫﺎ ﺍﻟﺬﻱ ﺗﻤﺰﻕ ﺃﺛﻨﺎﺀ ﺍﻟﻘﺼﺔ.، ﻟﺬﺍ ﺿﺤﻚ ﺍﻟﺠﻤﻴﻊ ﺑﺼﻮﺕ ﻋﺎﻝ.,Shannon hikaye sırasında parçalanan yanağını okşayarak bunu gösterdi ve herkes gülümseyerek kahkahalarla güldü.
Ushiromiya George,"""Well, it feels a bit weird saying this, ...but I was sure this story would be in the standard mystery genre. I'm a little surprised to find out that it's fantasy. After all, a story revolving around an inheritance, set on a Western‐style mansion shut away on an isolated island, ...I thought that was the classic formula for mysteries.""","""Well, it feels a bit weird saying this, ...but I was sure this story would fit into the standard mystery genre. I'm a bit surprised to find out that it's a fantasy. After all, a Western mansion shut away from the outside world on an isolated island, with an inheritance problem on everyone's minds... It sounds just like a typical mystery novel to me."" ","""Well, it feels a bit weird saying this, ...but I was sure this story would be in the standard mystery genre. I'm a little surprised to find out that it's fantasy. After all, a western-style mansion shut away on an isolated island, in a world revolving around some inheritance...it sounds just like a mystery novel to me.""",「でも、こう言っちゃ何だけど、…僕はてっきり本格ミステリーだと思ってたからね。ファンタジーだとわかってちょっと驚いてるよ。遺産を巡る外界から隔絶された孤島の洋館ものなんて、推理ものの王道だと思ってたからさ。」,「でも、こう言っちゃ何だけど、…僕はてっきり本格ミステリーだと思ってたからね。ファンタジーだとわかってちょっと驚いてるよ。遺産を巡る外界から隔絶された孤島の洋館ものなんて、推理ものの王道だと思ってたからさ」,"""Хотя мне несколько неловко говорить об этом... но я был уверен, что эта история окажется обычным детективом. Я несколько удивлён, что это оказалась фантастика. В конце концов, история, вращающаяся вокруг наследства на отрезанном от мира острове в особняке западного стиля... это довольно типичный набор для детектива?""","""Bem, é um pouco estranho dizer isso, ...mas eu tenho certeza que essa história deveria estar no gênero de mistério padrão. Eu estou um pouco surpreso de descobrir que é fantasia. Afinal, a história gira em torno de uma herança, se passando em uma mansão em estilo ocidental em uma ilha isolada, ...eu pensei que fosse a fórmula clássica de um mistério.""",「不过，说句不好听的，…我还以为这肯定是本格推理剧呢。所以在知道是幻想剧的时候，我还挺吃惊的。因为我还以为这种和遗产相关的，发生在与外界隔离的孤岛上的洋馆故事，是推理作品中的王道呢。」,「不過，說句不好聽的，…我還以為這肯定是本格推理劇呢。所以在知道是幻想劇的時候，我還挺吃驚的。因為我還以為這種和遺產相關的，發生在與外界隔離的孤島上的洋館故事，是推理作品中的王道呢。」,"""Ma cosa significa tutto questo?... Ero convinto si trattasse di un giallo. Sono un po' sorpreso di scoprire che fosse in realtà un fantasy. Dopotutto, una villa dallo stile occidentale confinata in un'isola sperduta, in un mondo riguardante una certa eredità... a me sembra proprio un romanzo giallo.""","""Comunque, come posso dirlo... ero convinto che fossimo in un tipico giallo. Sono rimasto un po' sorpreso dallo scoprire che quella era una storia di fantasia. Dopotutto, credevo che fossimo in un vero e proprio racconto giallo, dato che c'erano dei problemi che coinvolgevano un'eredità all'interno di una villa in stile occidentale, posta in un'isola sperduta segregata dal mondo esterno.""","""Bueno, se siente un poco extraño decir esto... pero estaba seguro de que esta historia estaría en el género de misterio estándar. Estoy algo sorprendido de que fuera fantasía. Después de todo, una historia alrededor de una herencia, situada en una mansión de estilo occidental en una isla aislada... Pensé que esa era la fórmula clásica para misterios.""","""ﻣﻦ ﺍﻟﻐﺮﻳﺐ ﻗﻮﻝ ﻫﺬﺍ، ﻟﻜﻨﻲ ﻛﻨﺖ ﻭﺍﺛﻘﺎ ﻣﻦ ﺃﻥ ﻫﺬﻩ ﺍﻟﻘﺼﺔ ﺳﺘﻨﺘﻬﻲ ﻣﺜﻞ ﻗﺼﺔ ﻏﻤﻮﺽ ﻭﺍﻗﻌﻴﺔ. ﻟﻜﻨﻨﻲ ﻣﺘﻔﺎﺟﺊ ﻗﻠﻴﻼ ﻟﻜﻮﻥ ﻗﺼﺘﻨﺎ ﻗﺪ ﺍﻧﺘﻬﺖ ﻛﻘﺼﺔ ﺧﻴﺎﻟﻴﺔ. ﻛﻘﺼﺔ ﺣﻮﻝ ﺟﺮﻳﻤﺔ ﻗﺘﻞ ﺩﺍﺧﻞ ﻗﺼﺮ ﻛﺒﻴﺮ ﺫﻭ ﺗﺼﻤﻴﻢ ﻏﺮﺑﻲ ﻳﻘﻊ ﻋﻠﻰ ﺟﺰﻳﺮﺓ ﻣﻌﺰﻭﻟﺔ، ﻭﻓﻲ ﻋﺎﻟﻢ ﻳﺪﻭﺭ ﺣﻮﻝ ﻣﻴﺮﺍﺙ ﺍﻟﻌﺎﺋﻠﺔ، ﺗﺒﺪﻭ ﻣﺜﻞ ﺭﻭﺍﻳﺔ ﻏﻤﻮﺽ ﺑﺎﻟﻨﺴﺒﺔ ﻟﻲ.""","""Yine de, bunu söylemek biraz garip geliyor, ...ama bu hikayenin standart gizem türünde olacağından emindim. Fantastik olduğunu öğrenince biraz şaşırdım. Ne de olsa, bir mirasın etrafında dönen, izole bir adada kapalı kalmış Batı tarzı bir malikanede geçen bir hikaye, ...bunun gizemler için klasik bir formül olduğunu sanıyordum."""
Ushiromiya Maria,"""......Uu. It's not fantasyyyy! {f:5:Beatrice} ""exiiists""! Uu.""","""...Uu-. It's not fantasy! {f:5:Beatrice} ""exists""! Uu-."" ","""......Uu-. I-t's not fantasy! Beatrice 'exi-sts'! Uu-.""",「……うー。ファンタジーじゃないい！　ベアトリーチェは“い”るのー！　うー。」,「……うー。ファンタジーじゃないい！　ベアトリーチェは“い”るのー！　うー」,"""......У‐у. Это не фантастика‐а‐а! {f:5:Беатриче} 'есть'! У‐у.""","""......Uu. Não é fantasiiiiaaa! A {f:5:Beatrice} ""exiiiste""! Uu.""",「……呜——。不是幻想剧——！贝阿朵莉切是“有”的——！呜——」,「……嗚——。不是幻想劇——！貝阿朵莉切是“有”的——！嗚——」,"""... Uu-. Non è un fantasy! Beatrice ‘esis-te’! Uu-.""","""...Uuh. Non è una storia di fantasia! {f:5:Beatrice} {i:esiste}! Uuh.""","""Uu. ¡No es fantasía! ¡{f:5:Beatrice} ""exiiiste""! Uu.""","""......ﺃﻭﻭ-. ﻟﻴﺲ ﺧﻴﺎﻻ! {f:7:ﺑﻴﺎﺗﺮﻳﺲ}' ﻣﻮﺟﻮﺩﺓ'! ﺃﻭﻭ-.""","""......Uu. Fanteziiiii değil! {f:5:Beatrice} ""gerçeeeek""! Uu."""
Kanon,""".........Yes, we know. {f:5:Beatrice}‐sama does ""exist"".""","""...Yes, we understand. {f:5:Beatrice}-sama does ""exist""."" ",""".........Yes, we understand. Beatrice-sama does 'exist'.""",「………えぇ、わかっています。ベアトリーチェさまは“い”らっしゃいます。」,「………えぇ、わかっています。ベアトリーチェさまは“い”らっしゃいます」,""".........Да, мы знаем. {f:5:Беатриче}‐сама 'есть'.""",""".........Sim, nós sabemos. A {f:5:Beatrice}‐sama ""existe"".""",「………嗯，我明白。贝阿朵莉切夫人是“有”的。」,「………嗯，我明白。貝阿朵莉切夫人是“有”的。」,"""... Sì, abbiamo capito. Beatrice-sama ‘esiste’.""","""...Sì, lo sappiamo. {f:5:Beatrice}-sama {i:esiste}.""","""Sí, lo sabemos. {f:5:Beatrice}‐sama sí ""existe"".""",""".........ﻧﻌﻢ، ﻧﻔﻬﻢ ﺫﻟﻚ. {f:7:ﺑﻴﺎﺗﺮﻳﺲ}-ﺳﺎﻣﺎ ﻣﻮﺟﻮﺩﺓ ﻓﻌﻼ.""",""".........Evet, anlıyoruz. {f:5:Beatrice}-sama gerçekten ""var""."""
Shannon,"""That's right. ......{f:5:Beatrice}‐sama does ""exist"".""","""That's right. ...{f:5:Beatrice}-sama does ""exist""."" ","""That's right. ......Beatrice-sama does 'exist'.""",「そうですね。……ベアトリーチェさまは“い”らっしゃいます。」,「そうですね。……ベアトリーチェさまは“い”らっしゃいます」,"""Верно. ......{f:5:Беатриче}‐сама 'есть'.""","""Isso mesmo. ......A {f:5:Beatrice}‐sama ""existe"".""",「是呢。……贝阿朵莉切夫人是“有”的。」,「是呢。……貝阿朵莉切夫人是“有”的。」,"""Esatto. ... Beatrice-sama ‘esiste’.""","""Sì, è vero... {f:5:Beatrice}-sama {i:esiste}.""","""Así es... {f:5:Beatrice}‐sama sí ""existe"".""","""ﺻﺤﻴﺢ. {f:7:ﺑﻴﺎﺗﺮﻳﺲ}-ﺳﺎﻣﺎ ﻣﻮﺟﻮﺩﺓ ﻓﻌﻼ.""","""Bu doğru. ......{f:5:Beatrice}-sama ""var""."""
Ushiromiya Jessica,"""...I hate to admit it, but I've got no choice. Because it's obvious that a 19th person, a witch, was involved...!""","""...I hate to admit it, but I've got no choice. Because it's obvious that a 19th person, a witch, was involved...!"" ","""...I hate to admit it, but I've got no choice. Because it's obvious that a 19th person, a witch, was involved...!""",「…悔しいが認めざるを得ねぇよな。１９人目の魔女の関与は明らかだしなぁ…！」,[=JP],"""...Мне неприятно это признавать, но у меня нет выбора. Поскольку очевидно, что в этом участвовал 19‐й человек — ведьма!..""","""...Eu odeio admitir, mas parece que não tenho escolha. Porque é óbvio que uma 19ª pessoa, uma bruxa, estava envolvida...!""",「…虽说不甘心但不得不承认了啊。因为显然有作为第十九人的魔女参与其中啊…！」,「…雖說不甘心但不得不承認了啊。因為顯然有作為第十九人的魔女參與其中啊…！」,"""... Odio ammetterlo, ma non ho scelta. Perché è ovvio che una diciannovesima persona, una strega, fosse coinvolta...!""","""...Detesto ammetterlo, ma non ho altra scelta. È chiaro che fosse coinvolta una strega, ossia la 19ª persona...!""","""Odio admitirlo, pero no me queda otra. ¡Porque es obvio que una 19.ª persona, una bruja, estaba involucrada!""","""...ﺃﻛﺮﻩ ﺍﻻﻋﺘﺮﺍﻑ ﺑﻬﺬﺍ، ﻟﻜﻦ ﻟﻴﺲ ﻟﺪﻱ ﺧﻴﺎﺭ. ﺍﻟﺸﺨﺺ ﺍﻟﺘﺎﺳﻊ ﻋﺸﺮ ﻫﻮ ﺳﺎﺣﺮﺓ ﻭﺑﺴﺒﺒﻬﺎ ﺣﺪﺙ ﻛﻞ ﺫﻟﻚ.""","""...Bunu kabul etmekten nefret ediyorum ama başka seçeneğim yok. Çünkü 19. bir kişinin, yani bir cadının işe dahil olduğu çok açık...!"""
Ushiromiya George,"""She pulled off many things that would be impossible for humans. During the story, we thought of all kinds of things, trying to deny that.""","""Many things happened that'd be impossible for humans. During the story, we tried to deny that in all sorts of ways. ","""Many things happened that would be impossible for humans. During the story, I thought of all kinds of things, trying to deny that. ",「人間には不可能なことをいくつもやってのけてる。劇中の僕らは、それを否定したくてあれこれと考えたけれども。,「人間には不可能なことをいくつもやってのけてる。劇中の僕らは、それを否定したくてあれこれと考えたけれども」,"""Произошло много всякого, что было не под силу совершить обычным людям. Я много размышлял об этом на протяжении всей истории, пытаясь отрицать это.""","""Ela fez muitas coisas que seriam impossíveis para humanos. Durante a história, nós pensamos um monte de coisas, tentando negar isso.""",「她挺身而出做了好几件人类不可能做到的事。虽然故事中的我们为了否定这点，而东拉西扯想了好多。」,「她挺身而出做了好幾件人類不可能做到的事。雖然故事中的我們為了否定這點，而東拉西扯想了好多。」,"""Sono successe molte cose impossibili per gli umani. Durante la storia, ho pensato a qualsiasi cosa, tentando di negare l'evidenza.","""Sono successi diversi eventi impossibili per un essere umano. Nel corso della storia, volevamo negarlo e pensavamo a diverse alternative...""","""Ella logró hacer muchas cosas que serían imposible para los humanos. Durante la historia, pensamos en toda clase de cosas, tratando de negar aquello.""","""ﺣﺪﺛﺖ ﺍﻟﻌﺪﻳﺪ ﻣﻦ ﺍﻷﻣﻮﺭ ﺍﻟﺘﻲ ﻳﺴﺘﺤﻴﻞ ﻋﻠﻰ ﺍﻟﺒﺸﺮ ﻓﻌﻠﻬﺎ. ﺧﻼﻝ ﺍﻟﻘﺼﺔ، ﻓﻜﺮﻧﺎ ﻓﻲ ﻛﻞ ﺍﻻﺣﺘﻤﺎﻻﺕ ﺣﺘﻰ ﻧﻨﻜﺮ ﺫﻟﻚ.","""İnsanlar için imkansız olan birçok şeyi başardı. Hikaye boyunca bunu inkâr etmek için her türlü şeyi düşündük."""
Ushiromiya George,"""...But now I can say it clearly. Each one of them, all of them, were crimes impossible for a human. ......Those crimes would be impossible to carry out unless it was the witch {f:5:Beatrice} using all of the power magic could provide.""","...But now, I can say it for sure. Each crime, every single one, would've been impossible for a human. ...They'd be impossible to carry out unless it was the witch {f:5:Beatrice} using all of the power magic could provide."" ","...Now I can say it clearly. Each one of them, all of them, were crimes impossible for a human. ......Those crimes would be impossible to carry out unless it was the witch Beatrice using all of the power magic could provide.""",…今なら、はっきり言えるよ。どれもいずれも、全て、人間には不可能な犯罪だった。……魔法の力を使いこなす、魔女のベアトリーチェにしか為し得ない犯行だよ。」,「…今なら、はっきり言えるよ。どれもいずれも、全て、人間には不可能な犯罪だった。……魔法の力を使いこなす、魔女のベアトリーチェにしか為し得ない犯行だよ」,"""...И теперь я могу совершенно чётко заявить: все они были преступлениями, каждое из которых не могла совершить рука человека. ......Эти преступления не состоялись бы, не будь ведьмы {f:5:Беатриче}, пользующейся всем могуществом, которое только может предоставить магия.""","""...Mas agora eu posso dizer com certeza. Cada um deles, todos eles, foram crimes impossíveis de serem cometidos por humanos. ......Aqueles crimes seriam impossíveis de serem executados, a menos que fossem por meio da bruxa {f:5:Beatrice}, usando todos os poderes que a magia poderia providenciar.""",「…但是现在，可以明确断言了。不管哪一件事，全部，都是人类不可能完成的犯罪。……只有能使用魔法的，作为魔女的贝阿朵莉切才能做到。」,「…但是現在，可以明確斷言了。不管哪一件事，全部，都是人類不可能完成的犯罪。……只有能使用魔法的，作為魔女的貝阿朵莉切才能做到。」,"... Ora posso dirlo con certezza. Ogni crimine era impossibile per un umano. Quegli omicidi sarebbero impossibili da compiere a meno che non sia stata Beatrice, usando i suoi poteri magici.""","""Ma ora posso dirlo con certezza. Ogni singolo crimine avvenuto era impossibile per un essere umano... Solo la strega {f:5:Beatrice} poteva riuscirci, usando i suoi poteri magici.""","""Pero ahora lo puedo decir con claridad. Todos y cada uno de ellos, fueron crímenes imposibles para un humano. Aquellos crímenes serían imposibles de realizar a menos que fuese la bruja {f:5:Beatrice} usando todo el poder que la magia podía proporcionar.""",...ﻟﻜﻦ ﺍﻵﻥ ﺳﺄﻗﻮﻟﻬﺎ ﺑﻮﺿﻮﺡ. ﺟﻤﻴﻊ ﺗﻠﻚ ﺍﻷﻣﻮﺭ، ﻛﺎﻧﻮﺍ ﺟﺮﺍﺋﻢ ﻣﺴﺘﺤﻴﻠﺔ ﻋﻠﻰ ﺍﻟﺒﺸﺮ. ....ﻛﺎﻧﺖ ﺗﻠﻚ ﺍﻟﺠﺮﺍﺋﻢ ﻣﺴﺘﺤﻴﻠﺔ ﻋﻠﻰ ﺍﻟﺠﻤﻴﻊ ﺑﺎﺳﺘﺜﻨﺎﺀ ﺍﻟﺴﺎﺣﺮﺓ {f:7:ﺑﻴﺎﺗﺮﻳﺲ} ﺑﺎﺳﺘﻐﻼﻝ ﺟﻤﻴﻊ ﻗﻮﺍﻫﺎ ﺍﻟﺴﺤﺮﻳﺔ.,"""...Ama şimdi açıkça söyleyebilirim. Her biri, hepsi, bir insan için imkansız suçlardı. ......Büyünün sağlayabileceği tüm gücü kullanmasaydı, cadı {f:5:Beatrice}'in bu suçları işlenmesi imkansız olurdu."""
Ushiromiya Jessica,"""The culprit was a witch. That point is perfectly clear. Long live {f:5:Beatrice}‐sama. Hahahahahaha.""","""The culprit was a witch. That point's perfectly clear. Heh, long live {f:5:Beatrice}. Hahahahahaha."" ","""The culprit was a witch. That point is perfectly clear. Long live Beatrice. Hahahahahaha.""",「犯人は魔女だった。その一点において、何の曇りもねぇぜ。ベアトリーチェさま万歳ってわけだ。はっははははは。」,「犯人は魔女だった。その一点において、何の曇りもねぇぜ。ベアトリーチェさま万歳ってわけだ。はっははははは」,"""Преступником была ведьма. Тут всё ясно. Да здравствует {f:5:Беатриче}. Ха‐ха‐ха‐ха‐ха.""","""O culpado foi uma bruxa. Essa parte já está perfeitamente clara. Vida longa à {f:5:Beatrice}‐sama. Hahahahahaha.""",「犯人是魔女。在这一点上，没有任何疑点嘞。贝阿朵莉切夫人万岁嘞。哈哈哈哈哈哈。」,「犯人是魔女。在這一點上，沒有任何疑點嘞。貝阿朵莉切夫人萬歲嘞。哈哈哈哈哈哈。」,"""Il colpevole era una strega. Questo punto è perfettamente chiaro. Lunga vita a Beatrice. Hahahahahaha.""","""Il colpevole era una strega. Questo è chiaro come il sole. Lunga vita a {f:5:Beatrice}-sama. Ahahahahahah.""","""La culpable es una bruja. Ese punto es perfectamente claro. Larga vida a {f:5:Beatrice}‐sama. Jajajajajaja.""","""ﺍﻟﻤﺠﺮﻡ ﻫﻮ ﺳﺎﺣﺮﺓ. ﻫﺬﻩ ﺣﻘﻴﻘﺔ ﻭﺍﺿﺤﺔ ﻭﺿﻮﺡ ﺍﻟﺸﻤﺲ. ﺗﺤﻴﺎ {f:7:ﺑﻴﺎﺗﺮﻳﺲ}. ﻫﻬﻬﻬﻬﻬﻬﻬﻬﻬﻬﻪ.""","""Suçlu bir cadıydı. Bu nokta artık çok net. {f:5:Beatrice}-sama çok yaşa. Hahahahahaha."""
Ushiromiya Maria,"""Uu. Everyone believed. I'm happy. Uu!""","""Uu-. Everyone believed. I'm so glad. Uu-!"" ","""Uu-. Everyone believed. Maria's happy. Uu-!""",「うー。みんな信じた。真里亞は嬉しい。うー！」,[=JP],"""У‐у. Все наконец‐то поверили. Мария счастлива. У‐у!""","""Uu. Todos acreditam. A Maria está feliz. Uu!""",「呜——。大家都相信了。真里亚真高兴。呜——！」,「嗚——。大家都相信了。真里亞真高興。嗚——！」,"""Uu-. Tutti ci hanno creduto. Maria è felice. Uu-!""","""Uuh. Tutti ci credono. Maria è felice. Uuh!""","""Uu. Todos creyeron. Estoy feliz. ¡Uu!""","""ﺃﻭﻭ-. ﻟﻘﺪ ﺻﺪﻕ ﺍﻟﺠﻤﻴﻊ. ﻣﺎﺭﻳﺎ ﺳﻌﻴﺪﺓ. ﺃﻭﻭ-!""","""Uu. Herkes inandı. Maria mutlu. Uu!"""
Shannon,"""......Gods and witches might seem terrifying to people who are frightened of them, but I think they must have affection for those who believe in and respect them.""","""...Gods and witches might seem terrifying to people who are frightened of them, but I think they must be affectionate to those who believe in and respect them."" ","""......Gods and witches might seem terrifying to people who are frightened of them, but I think they must be affectionate to people who believe in and respect them.""",「……神さまも魔女も、怖がる人には恐ろしい存在かもしれませんけど、信じ、敬う人にとっては、きっと慈しみのある存在に違いないと思います。」,「……神さまも魔女も、怖がる人には恐ろしい存在かもしれませんけど、信じ、敬う人にとっては、きっと慈しみのある存在に違いないと思います」,"""......Боги и ведьмы могут казаться ужасными людям, которые их боятся, но я думаю, они должны быть добры к тем, кто их уважает и верит в них.""","""......Deuses e bruxas podem parecer terríveis para aqueles que os temem, mas eu penso que eles têm muita afeição por aqueles que acreditam neles e os respeitam.""",「……我觉得不管是神还是魔女，虽然对害怕他们的人来说，说不定是恐怖的存在，但对于相信、尊敬他们的人来说，毫无疑问是充满慈爱的存在。」,「……我覺得不管是神還是魔女，雖然對害怕他們的人來說，說不定是恐怖的存在，但對於相信、尊敬他們的人來說，毫無疑問是充滿慈愛的存在。」,"""... Divinità e streghe possono far paura alle persone che li temono, ma penso che siano affettuosi con le persone che credono in loro e li rispettano.""","""...Le divinità e le streghe possono sembrare terrificanti agli occhi di chi le teme, ma sono sicura che siano calorose con chi crede in loro e le rispetta.""","""Los dioses y brujas parecerán aterradores a quienes les tengan miedo, pero creo que deben tener afecto por aquellos que creen y les respeten.""","""......ﺇﻥ ﺍﻵﻟﻬﺔ ﻭﺍﻟﺴﺎﺣﺮﺍﺕ ﻣﺮﻋﺒﻴﻦ ﻟﻤﻦ ﻳﺨﺎﻓﻬﻢ، ﻟﻜﻨﻨﻲ ﺃﻋﺘﻘﺪ ﺃﻧﻬﻢ ﺭﺣﻤﺎﺀ ﻣﻊ ﺍﻟﺬﻳﻦ ﻳﺆﻣﻨﻮﻥ ﺑﻬﻢ ﻭﻳﺤﺘﺮﻣﻮﻧﻬﻢ.""","""......Tanrılar ve cadılar, onlardan korkan insanlara ürkütücü gelebilir, ama bence onlara inanan ve saygı duyanlara karşı sevgi besliyor olmalılar."""
Kanon,"""............I think it's just as you say.""","""...I think you're right."" ","""............I think you're right.""",「…………姉さんの、言う通りだと思います。」,「…………姉さんの、言う通りだと思います」,"""............Я думаю, ты права.""","""............Eu também penso que é como você disse.""",「…………我觉得，姐姐说得很对。」,「…………我覺得，姐姐說得很對。」,"""... Penso tu abbia ragione.""","""...Penso che tu abbia ragione, sorella.""","""... Pienso que es tal como dices.""","""............ﺃﻧﺖ ﻋﻠﻰ ﺣﻖ.""","""............Nee-san'ın tam da dediği gibi."""
Ushiromiya Jessica,"""So, now we're all done with playing with murder cases. Now's the time to pull ourselves together and try hard to solve the riddle of the epitaph, just like {f:5:Beatrice} said, right?""","""So, this murder case game is finally over. Now's the time to pull ourselves together and try hard to solve the riddle of the epitaph, just like {f:5:Beatrice} said, right?"" ","""So, this murder case game is finally over. Now's the time to pull ourselves together and try hard to solve the riddle of the epitaph, just like Beatrice said, right?""",「じゃあさ、せっかく殺人事件ごっこは終わったわけだし。ここで気を取り直して、ちゃんとベアトリーチェの言う通り、碑文の謎に挑戦してみねぇか？,「じゃあさ、せっかく殺人事件ごっこは終わったわけだし。ここで気を取り直して、ちゃんとベアトリーチェの言う通り、碑文の謎に挑戦してみねぇか？」,"""Итак, эта игра в расследование убийств наконец‐то закончена. Сейчас самое время всем объединить усилия и разгадать загадку эпитафии, как и говорила {f:5:Беатриче}, согласны?""","""Então, agora que terminamos de brincar com os casos de assassinato. É hora de nos puxarmos e tentarmos resolver o mistério do epitáfio, assim como a {f:5:Beatrice} disse, certo?""",「要我说，好不容易杀人事件的过家家也结束了。不如就此振作起来，好好按照贝阿朵莉切说的，挑战一下碑文之谜如何？」,「要我說，好不容易殺人事件的過家家也結束了。不如就此振作起來，好好按照貝阿朵莉切說的，挑戰一下碑文之謎如何？」,"""Perciò, questa storia di omicidi è finalmente conclusa. Ora si tratta di unirci, e provare a risolvere l'indovinello dell'epigrafe, proprio come ci ha detto Beatrice, giusto?""","""Bene, dopo tante fatiche, questi casi immaginari di omicidi sono finiti. Che ne dite di rimboccarci le maniche e di provare a risolvere l'enigma dell'epigrafe, proprio come ci aveva detto di fare {f:5:Beatrice}?""","""Así que, creo que ya terminamos con lo de jugar con casos de asesinato. Así que es hora de poner manos a la obra y esforzarnos en resolver el acertijo del epitafio, tal como dijo {f:5:Beatrice}, ¿no?""","""ﻭﻫﻜﺬﺍ، ﺍﻧﺘﻬﺖ ﻗﻀﻴﺔ ﺍﻟﺠﺮﺍﺋﻢ ﻫﺬﻩ. ﺍﻵﻥ ﻋﻠﻴﻨﺎ ﺃﻥ ﻧﻠﻢ ﺷﺘﺎﺕ ﺃﻧﻔﺴﻨﺎ ﻭﻧﺤﺎﻭﻝ ﺣﻞ ﺃﺣﺠﻴﺔ ﺍﻟﻤﺮﺛﻴﺔ ﻛﻤﺎ ﻃﻠﺒﺖ {f:7:ﺑﻴﺎﺗﺮﻳﺲ} ﻣﻨﺎ، ﺃﻟﻴﺲ ﻛﺬﻟﻚ؟""","""Artık cinayet davaları sona erdi. Şimdi kendimizi toparlama ve {f:5:Beatrice}'in de dediği gibi kitabenin bilmecesini çözmek için çok çalışma zamanı, değil mi?"""
Ushiromiya Maria,"""Uu! Agreed! {f:5:Beatrice} will definitely be happy.""","""Uu-! I agree! {f:5:Beatrice} will definitely be happy."" ","""Uu-! I agree! Beatrice will definitely be happy.""",「うー！　賛成！　きっとベアトリーチェも喜ぶ。」,「うー！　賛成！　きっとベアトリーチェも喜ぶ」,"""У‐у! Я согласна! {f:5:Беатриче} точно будет счастлива.""","""Uu! Concordo! A {f:5:Beatrice} certamente vai ficar feliz.""",「呜——！赞成！贝阿朵莉切也一定会高兴的。」,「嗚——！贊成！貝阿朵莉切也一定會高興的。」,"""Uu-! Sono d'accordo! Beatrice sicuramente ne sarà felice.""","""Uuh! Ci sto! {f:5:Beatrice} sicuramente ne sarà felice.""","""¡Uu! ¡Estoy de acuerdo! {f:5:Beatrice} definitivamente estará feliz.""","""ﺃﻭﻭ-! ﻣﻮﺍﻓﻘﺔ! {f:7:ﺑﻴﺎﺗﺮﻳﺲ} ﺳﺘﺴﻌﺪ ﺑﺬﻟﻚ ﺣﺘﻤﺎ.""","""Uu! Anlaştık! {f:5:Beatrice} kesinlikle mutlu olacak."""
Ushiromiya George,"""Hahahahaha... We all ignored that letter during the story, after all.""","""Hahahahaha... Everyone ignored that letter during the story."" ","""Hahahahaha... Everyone ignored that letter during the story.""",「ははははは…。劇中ではみんな無視してたからね、あの手紙は。」,「ははははは…。劇中ではみんな無視してたからね、あの手紙は」,"""Ха‐ха‐ха‐ха... Все игнорировали это письмо в течение всей истории.""","""Hahahahaha... Afinal, nós acabamos ignorando a carta durante a história.""",「哈哈哈哈哈…。毕竟在故事中，大家都把那封信无视了呢。」,「哈哈哈哈哈…。畢竟在故事中，大家都把那封信無視了呢。」,"""Hahahahaha... tutti quanti abbiamo ignorato quella lettera durante la storia.""","""Ahahahahah... Nel corso della storia, abbiamo tutti ignorato quella lettera.""","""Jajajajaja... Todos ignoramos esa carta durante la historia, después de todo.""","""ﻫﻬﻬﻬﻬﻬﻬﻬﻬﻬﻬﻬﻬﻬﻪ... ﻟﻘﺪ ﺗﺠﺎﻫﻞ ﺍﻟﺠﻤﻴﻊ ﺗﻠﻚ ﺍﻟﺮﺳﺎﻟﺔ ﺧﻼﻝ ﺳﻴﺮ ﺍﻟﻘﺼﺔ.""","""Hahahahaha... Ne de olsa hepimiz hikaye boyunca o mektubu görmezden geldik."""
Shannon,"""......Even though it was thrust right in front of us, we almost completely ignored it. I kind of feel sorry for {f:5:Beatrice}‐sama.""","""...Even though it was thrust right in front of us, we almost completely ignored it. I kind of feel sorry for {f:5:Beatrice}-sama."" ","""......Even though it was thrust right in front of us, we almost completely ignored it. I kind of feel sorry for Beatrice-sama.""",「……せっかく、出題されたのに、ほとんど無視されて。何だか可哀想ですね、ベアトリーチェさま。」,「……せっかく、出題されたのに、ほとんど無視されて。何だか可哀想ですね、ベアトリーチェさま」,"""......И хотя нам сунули его прямо под нос, мы полностью проигнорировали его. Мне даже как‐то жаль {f:5:Беатриче}‐сама.""","""......Mesmo que a verdade estivesse bem na nossa frente, nós ignoramos ela completamente. Eu meio que me sinto mal pela {f:5:Beatrice}‐sama.""",「……专程给大家出了题，却几乎被大家完全无视掉。总觉得贝阿朵莉切夫人有点可怜呢。」,「……專程給大家出了題，卻幾乎被大家完全無視掉。總覺得貝阿朵莉切夫人有點可怜呢。」,"""... Anche se ce l'avevamo sotto gli occhi, l'abbiamo quasi completamente ignorata. Sento di dispiacermi per Beatrice-sama.""","""...Tutto quell'impegno nell'impostare l'enigma, ed è stato quasi completamente trascurato. Un po' mi dispiace per {f:5:Beatrice}-sama.""","""Aunque la teníamos delante de nosotros, la ignoramos casi por completo. Siento algo de pena por {f:5:Beatrice}‐sama.""","""......ﻛﺎﻥ ﻛﻞ ﺷﻲﺀ ﻣﻜﺘﻮﺑﺎ ﺃﻣﺎﻡ ﺃﻋﻴﻨﻨﺎ، ﻭﻣﻊ ﻫﺬﺍ ﺗﺠﺎﻫﻠﻨﺎﻩ ﺗﻤﺎﻣﺎ. ﺃﺷﻌﺮ ﺑﺎﻷﺳﻒ ﻧﻮﻋﺎ ﻣﺎ ﺗﺠﺎﻩ {f:7:ﺑﻴﺎﺗﺮﻳﺲ}-ﺳﺎﻣﺎ.""","""......Önümüzde durmasına rağmen neredeyse tamamen görmezden geldik. Sanırım biraz üzülüyorum...{f:5:Beatrice}-sama için."""
Ushiromiya Maria,"""I have a memo with the epitaph on it! Let's all solve the puzzle, let's all solve the puzzle...!""","""I've got the epitaph written down right here! Let's all solve it, let's all solve it...!"" ","""I have a memo with the epitaph on it! Let's all solve it, let's all solve it...!""",「碑文のメモがある！　みんなで謎解き、みんなで謎解き…！」,[=JP],"""У меня есть листок с эпитафией! Давайте вместе разгадаем её, давайте вместе разгадаем её!..""","""Tenho uma anotação com todo o epitáfio! Vamos resolver juntos, todos os enigmas...!""",「真里亚有抄碑文！大家来解谜，大家来解谜…！」,「真里亞有抄碑文！大家來解謎，大家來解謎…！」,"""Ho un foglietto con l'epigrafe scritta sopra! Risolviamola insieme, risolviamola insieme...!""","""Ho appuntato l'epigrafe! Risolviamola insieme, risolviamola insieme...!""","""¡Tengo el epitafio anotado en mi cuaderno! ¡Resolvamos el acertijo, resolvamos el acertijo!""","""ﻟﺪﻱ ﻧﺴﺨﺔ ﻣﻦ ﺃﺣﺠﻴﺔ ﺍﻟﻤﺮﺛﻴﺔ! ﻟﻨﺤﻠﻬﺎ ﺟﻤﻴﻌﺎ، ﻟﻨﺤﻠﻬﺎ ﺟﻤﻴﻌﺎ...!""","""Üzerine kitabeyi yazdığım bir sayfam var! Hepimiz bilmeceyi çözelim, hepimiz bilmeceyi çözelim...!"""
Ushiromiya George,"""This story probably went wrong ever since that time.""","""This story probably went wrong ever since that time."" ","""This story probably went wrong ever since that time.""",「物語は多分、この時点から間違ってたんだろうね。」,「物語は多分、この時点から間違ってたんだろうね」,"""История наверняка стала развиваться в неблагоприятном направлении с того самого момента.""","""Essa história provavelmente foi realmente um erro desde aquele momento.""",「故事大概就是从这个节点，开始误入歧途的吧？」,「故事大概就是從這個節點，開始誤入歧途的吧？」,"""Questa storia è partita male sin dal quell'istante.""","""Probabilmente abbiamo sbagliato a partire da quel punto del racconto.""","""Esta historia probablemente fue mal desde entonces.""","""ﻛﻞ ﻣﺎ ﺣﺼﻞ ﻛﺎﻥ ﻷﻧﻨﺎ ﺗﺠﺎﻫﻠﻨﺎ ﺣﻞ ﻫﺬﺍ ﺍﻟﻠﻐﺰ.""","""Bu hikaye muhtemelen o zamandan beri yanlış gitti."""
Shannon,""".........That may be so. Maybe we should have tried solving the epitaph's riddle from the beginning, like {f:5:Beatrice}‐sama said.""","""...That may be so. Maybe we should've tried solving the epitaph's riddle from the beginning, like {f:5:Beatrice} said."" ",""".........That may be so. Maybe we should have tried solving the epitaph's riddle from the beginning, like Beatrice said.""",「………そうかもしれません。私たちは、ベアトリーチェさまのご指示通り、碑文の謎に挑むべきだったのかもしれません。」,「………そうかもしれません。私たちは、ベアトリーチェさまのご指示通り、碑文の謎に挑むべきだったのかもしれません」,""".........Может, так оно и есть. Быть может, мы должны были попробовать побороть эту загадку с самого начала, как сказала нам {f:5:Беатриче}‐сама.""",""".........Pode ser que sim. Talvez, se nós tivéssemos tentado resolver o enigma do epitáfio desde o início, como a {f:5:Beatrice}‐sama disse...""",「………说不定是这样没错。我们或许应该按照着贝阿朵莉切夫人的指示，去挑战碑文之谜才对。」,「………說不定是這樣沒錯。我們或許應該按照著貝阿朵莉切夫人的指示，去挑戰碑文之謎才對。」,"""... Può darsi. Forse avremmo dovuto risolvere l'epigrafe sin dall'inizio, come ci aveva consigliato Beatrice.""","""...Può darsi. Forse avremmo dovuto cercare di risolvere l'enigma dell'epigrafe, come ci aveva consigliato {f:5:Beatrice}-sama.""","""Eso es lo más probable. Quizás deberíamos haber intentado resolver el acertijo del epitafio desde el principio, como {f:5:Beatrice}‐sama dijo.""",""".........ﺃﺭﺟﺢ ﺫﻟﻚ. ﻛﺎﻥ ﻋﻠﻴﻨﺎ ﺃﻥ ﻧﺤﻞ ﺃﺣﺠﻴﺔ ﺍﻟﻤﺮﺛﻴﺔ ﻣﻨﺬ ﺍﻟﺒﺪﺍﻳﺔ، ﻛﻤﺎ ﻗﺎﻟﺖ {f:7:ﺑﻴﺎﺗﺮﻳﺲ}.""",""".........Böyle olabilir. Belki de {f:5:Beatrice}-sama'nın dediği gibi, kitabenin bilmecesini en başından çözmeyi denemeliydik."""
Ushiromiya Jessica,"""Well, it's a little late now. Even so, let's try solving it now and see if the witch forgives us. Let's go, let's try to solve the riddle of the epitaph. ......Here we are, ""Behold the sweetfish river, running through my beloved home of old""...""","""Well, it's a little late now. Even so, let's try solving it now and see if the witch forgives us. Let's go, let's try to solve the riddle of the epitaph. ...It was something like, ""Behold the sweetfish river running through my beloved hometown.""..."" ","""Well, it's a little late now. Even so, let's try solving it now and see if the witch forgives us. Let's go, let's try to solve the riddle of the epitaph. ......It was something like, 'my beloved hometown, the sweetfish river running through it'...""",「まぁ、すっかり遅くなっちまったけどな。今からでも再挑戦するってことで、魔女さまには許してもらおうぜ。ささ、碑文の謎に挑戦してみよう。……何々、“懐かしき、故郷を貫く鮎の川”…。」,「まぁ、すっかり遅くなっちまったけどな。今からでも再挑戦するってことで、魔女さまには許してもらおうぜ。ささ、碑文の謎に挑戦してみよう。……何々、“懐かしき、故郷を貫く鮎の川”…」,"""Ну, как говорится, поздно пить боржоми, когда лёгкие отвалились. Но лучше поздно, чем никогда, так что давайте попробуем разгадать её сейчас и посмотрим, простит ли она нас. Да, давайте попробуем раскрыть загадку эпитафии. ......Кажется, она начиналась со слов 'Через край родной мой, отрада моя, изобильная айю река катит воды свои'...""","""Bem, agora é um pouco tarde. Mesmo assim, vamos tentar resolver e ver se a bruxa nos perdoa. Vamos lá, vamos tentar resolver o enigma do epitáfio. ......Aqui vamos nós, ""O rio dos ayus passa pela minha amada cidade passada""...""",「虽说是已经晚了那么久没错。不过，我们不如现在就开始重新挑战，请求魔女大人宽恕我们吧。来来，我们挑战碑文之谜吧。……我看看我看看，“令人怀念的，贯穿故乡的鲇之川”…」,「雖說是已經晚了那麼久沒錯。不過，我們不如現在就開始重新挑戰，請求魔女大人寬恕我們吧。來來，我們挑戰碑文之謎吧。……我看看我看看，“令人懷念的，貫穿故鄉的鮎之川”…」,"""Beh, è un po' tardi ora. Tuttavia, proviamo a risolverla adesso, e vediamo se la strega ci perdonerà. Andiamo, risolviamo l'indovinello dell'epigrafe. ... Iniziava con qualcosa come, ‘Ammira il fiume di ayu che scorre attraverso la mia amata terra natia... ’""","""Beh, ora è un po' tardi. Io direi di riprovarci adesso, e la strega ci perdonerà. Forza, forza, proviamo a risolvere l'enigma dell'epigrafe... Iniziava con un: ‘Il fiume degli ayu, che attraversa la mia cara terra natia’...""","""Bueno, ya es un poco tarde ahora. Aun así, intentemos resolverlo ahora, a ver si la bruja nos perdona. Vamos, intentemos resolver el acertijo del epitafio... Aquí estamos, ""Contempla el río de ayus que atraviesa mi añorado pueblo natal""...""","""ﺣﺴﻨﺎ، ﺭﺑﻤﺎ ﻓﺎﺕ ﺍﻷﻭﺍﻥ ﺍﻵﻥ. ﻭﻣﻊ ﻫﺬﺍ، ﻓﻠﻨﺤﺎﻭﻝ ﺣﻠﻬﺎ ﻭﻧﺮﻯ ﺇﺫﺍ ﻛﺎﻧﺖ ﺍﻟﺴﺎﺣﺮﺓ ﺳﺘﻐﻔﺮ ﻟﻨﺎ. ﻫﻴﺎ ﻓﻠﻨﻤﻀﻲ ﻭﻧﺤﻠﻪ. ......ﻟﻘﺪ ﺍﺑﺘﺪﺃ ﺑﺸﻲﺀ ﻣﺜﻞ، 'ﺃﺑﺼﺮﻭﺍ ﻧﻬﺮ ﺍﻷﺳﻤﺎﻙ ﺍﻟﻌﺬﺑﺔ ﻳﺠﺮﻱ ﻋﺒﺮ ﻣﺴﻘﻂ ﺭﺃﺳﻲ ﺍﻷﺛﻴﺮ'....""","""Artık biraz geç kaldık. Öyle bile olsa, şimdi çözmeyi deneyelim ve bakalım cadı bizi affedecek mi? Hadi hadi, kitabenin bilmecesini çözmeye çalışalım. ......İşte buradayız, ""Tatlı balık nehrine bakın, sevgili memleketimin üzerinden geçen""..."""
,"As Maria put her notebook on the table, and opened to the page where the epitaph was written, everyone peered closely at it, and had fun and lively discussion as they started guessing this and that about the riddle.","Maria put her notebook on the table and opened to the page where the epitaph was written. Everyone stared at it, getting really into it as they started guessing this and that about the riddle. ","Maria put her notebook on the table, and opened to the page where the epitaph was written. While everyone stared at it, they got really into it as they started guessing this and that about the riddle.",真里亞がテーブルの上に、碑文を記したノートのページを開くと、みんなはそこを覗き込みながら、楽しげに碑文の謎をあれこれ推測して賑わうのでした。,[=JP],"Мария положила свой блокнот на стол и открыла на странице, где была записана эпитафия. Разглядывая её, все увлеклись, и стали выдвигать гипотезы о её разгадке.","Maria colocou seu caderno sobre a mesa e abriu na página onde o epitáfio estava escrito, todos se aproximaram para olhar, e tiveram uma alegre e descontraída discussão enquanto tentavam adivinhar o epitáfio.",真里亚把笔记本翻到抄了碑文的那页，刚把它放到桌子上，大家便立刻围了过来，愉快地对碑文之谜发表起了各种猜测，场面十分热闹。,真里亞把筆記本翻到抄了碑文的那頁，剛把它放到桌子上，大家便立刻圍了過來，愉快地對碑文之謎發表起了各種猜測，場面十分熱鬧。,"Maria poggiò il suo quaderno sul tavolo, e lo aprì alla pagina dov'era appuntata l'epigrafe. E mentre tutti la fissarono, vennero coinvolti pensando a qualsiasi cosa riguardo l'indovinello.","Maria mise il suo quaderno sul tavolo, aprendolo alla pagina in cui aveva trascritto l'epigrafe, e mentre tutti la studiavano, ipotizzavano animatamente diverse congetture su quell'enigma.","Luego de que María colocara su cuaderno sobre la mesa, y abriera la página en donde estaba escrito el epitafio, todos lo miraron con atención, y se divirtieron discutiendo con ánimo mientras empezaban a adivinar esto y aquello sobre el acertijo.",ﻭﺿﻌﺖ ﻣﺎﺭﻳﺎ ﺩﻓﺘﺮﻫﺎ ﻋﻠﻰ ﺍﻟﻄﺎﻭﻟﺔ، ﻭﻓﺘﺤﺖ ﻋﻠﻰ ﺍﻟﺼﻔﺤﺔ ﺍﻟﺘﻲ ﻛﺘﺐ ﺑﺪﺍﺧﻠﻬﺎ ﺍﻟﻤﺮﺛﻴﺔ. ﺍﻧﻐﻤﺲ ﺍﻟﺠﻤﻴﻊ ﻓﻲ ﻣﺤﺎﻭﻟﺔ ﺣﻠﻪ، ﺣﻴﺚ ﺑﺪﺃﻭﺍ ﻓﻲ ﺗﺨﻤﻴﻦ ﻫﺬﺍ ﻭﺫﺍﻙ ﻭﻣﺎﺫﺍ ﻳﺨﺘﺰﻝ ﻣﻦ ﻏﻤﻮﺽ ﺩﺍﺧﻠﻪ.,"Maria defterini masanın üzerine koyup kitabenin yazılı olduğu sayfayı açtığında, herkes dikkatle baktı ve bilmeceyle ilgili tahminlerde bulunmaya başladıkça eğlenceli ve canlı tartışmalar yaşandı."
,"Surrounded by the smell of the black tea and the freshly baked vanilla cookies, they spent the time comfortably and happily......","Surrounded by the smell of black tea and freshly baked vanilla cookies, they spent the time comfortably and happily... "," Surrounded by the smell of the black tea and the freshly baked vanilla cookies, they spent the time comfortably and happily......",紅茶の香りと、焼きたてのクッキーのバニラの香りが、それに彩を加える、とても楽しげでゆったりとした時間……。,[=JP],"Они весело и с комфортом проводили своё время, вдыхая аромат чёрного чая с ванильным печеньем под рукой......","Cercados pelo cheiro do chá preto e biscoitos de baunilha recém assados, eles passaram o tempo confortáveis e felizes......",红茶的茶香和刚烤好的小甜饼的香草味，更为这其乐融融的时间增色添彩……。,紅茶的茶香和剛烤好的小甜餅的香草味，更為這其樂融融的時間增色添彩……。,"Sovrastati dal profumo del tè nero e dai dolcetti alla vaniglia appena sfornati, i ragazzi passarono il tempo comodi e felici...","Passarono il tempo all'insegna del divertimento e del relax, circondati dall'aroma del tè nero e dei biscotti alla vaniglia appena sfornati...","Rodeados por el aroma del té negro y galletas de vainilla recién hechas, pasaron el rato cómoda y felizmente...",ﻣﺤﺎﻃﻮﻥ ﺑﺮﺍﺋﺤﺔ ﺍﻟﺒﺴﻜﻮﻳﺖ ﻭﺍﻟﺸﺎﻱ ﺍﻷﺳﻮﺩ، ﺃﻣﻀﻮﺍ ﺍﻟﻮﻗﺖ ﺑﺮﺍﺣﺔ ﻭﺳﻌﺎﺩﺓ......,"Siyah çayın ve taze pişmiş vanilyalı kurabiyelerin kokusu eşliğinde, zamanlarını rahat ve mutlu bir şekilde geçirdiler......"
Ushiromiya Battler,"""..................Wait a second, you guys.""","""......Hold on a second, you guys."" ","""...............Wait a second, you guys.""",「………………ちょいと待てよ、お前ら。」,「………………ちょいと待てよ、お前ら」,"""..................Погодите, ребята.""","""..................Espera um pouco, pessoal.""",「………………你们，给我等一下。」,「………………你們，給我等一下。」,"""... Aspettate un secondo.""","""...Aspettate un secondo.""","""Esperen un segundo, chicos.""","""...............ﺗﻤﻬﻠﻮﺍ ﻳﺎ ﺭﻓﺎﻕ.""","""..................Bir saniye bekleyin çocuklar."""
,"Battler said, in a tone that ruined the mood.",But Battler spoke in a way that cut through the conversation. ,"But Battler spoke in a way that cut through the conversation.",なのに、戦人が水を挿すような言い方で、それを口にしました。,なのに、戦人が水を差すような言い方で、それを口にしました。,"Баттлер произнёс это так, что все сразу же замолчали.","Battler disse aquilo, em um tom que arruinou o clima.",可是，战人却以泼冷水的语气，如此说道。,可是，戰人卻以潑冷水的語氣，如此說道。,Ma Battler parlò con un tono che interruppe l'allegra conversazione.,"Tuttavia, Battler parlò, spegnendo così l'atmosfera che si era creata.","Dijo Battler, en un tono que arruinó el ambiente.",ﺗﺤﺪﺙ ﺑﺎﺗﻠﺮ ﻟﻴﺨﺘﺮﻕ ﺍﻧﻐﻤﺎﺳﻬﻢ ﻓﻲ ﺣﻞ ﺍﻷﺣﺠﻴﺔ.,Ama Battler havayı bozan bir ses tonuyla konuştu.
,His expression looked a little unhappy.{n}What could he not like about all of this fun?,His expression looked a little unhappy. What could he not like about all of this fun? ," His expression looked a little unhappy. What could he not like about all of this fun?",見れば表情はどこか不愉快そう。この楽しい時間の何が気に入らないというのでしょうか。,見れば表情はどこか不愉快そう。{n}この楽しい時間の何が気に入らないというのでしょうか。,На его лице явно читалось какое‐то недовольство.{n}Чем ему могло не понравиться это веселье?,Sua expressão parecia um pouco infeliz.{n}Como ele poderia não estar se divertindo?,他的表情莫名有些不快。{n}这快乐的时间，到底哪里让他不满呢？,他的表情莫名有些不快。{n}這快樂的時間，到底哪裡讓他不滿呢？,Il suo volto pareva un po' infelice. Cosa non poteva piacergli di tutto questo?,"A guardarlo, sembrava leggermente insoddisfatto. Che cosa non poteva piacergli di tutto quello spasso?",Su expresión parecía un tanto descontenta.{n}¿Qué no le podría gustar sobre toda esta diversión?,ﺑﺪﺍ ﺗﻌﺒﻴﺮﻩ ﻣﺴﺘﺎﺀ ﻗﻠﻴﻼ.{n}ﻣﺎ ﺍﻟﺬﻱ ﻟﻢ ﻳﻌﺠﺒﻪ ﻓﻲ ﻛﻞ ﻫﺬﺍ ﺍﻟﻤﺮﺡ؟,Yüz ifadesi biraz mutsuz görünüyordu.{n}Tüm bu eğlencenin nesinden hoşlanmamış olabilirdi ki?
Ushiromiya Battler,"""...I've been listening to you guys, and—why did you all stop thinking? Why are you so sure that the witch was behind all of this? ...Don't you realize that stuff like that doesn't exist?""","""...I've been listening to you guys for a while, but... why did you all stop thinking? Why are you so sure that the witch was behind all this? ...Don't you realize something like that can't exist?"" ","""...I've been listening to you guys for a while. Why did you all stop thinking? Why are you so sure that the witch was behind all of this? ...Don't you realize something like that can't exist?""",「…お前ら、さっきから聞いてりゃ、何を思考停止してんだ？　何で魔女の仕業ってことで決まってんだよ。…そんなのあるわきゃねぇじゃねぇかよ。」,「…お前ら、さっきから聞いてりゃ、何を思考停止してんだ？　何で魔女の仕業ってことで決まってんだよ。…そんなのあるわきゃねぇじゃねぇかよ」,"""...Я вот слушаю вас и никак не могу понять. Почему вы перестали думать? С чего вы взяли, что во всём этом замешана ведьма? ...Неужели вы не понимаете, что подобного просто не существует?""","""...Eu estava ouvindo vocês e — por que todos pararam de pensar? Por que vocês têm tanta certeza de que a bruxa está por trás de tudo isso? ...Vocês ainda não perceberam que essas coisas não existem?""",「…我从刚才听到现在，你们几个干嘛都停止思考了啊？怎么就决定都是魔女干的了啊？…那种玩意根本不可能有吧。」,「…我從剛才聽到現在，你們幾個幹嘛都停止思考了啊？怎麼就決定都是魔女幹的了啊？…那種玩意根本不可能有吧。」,"""... Sono stato ad ascoltarvi per un po'. Perché avete smesso di ragionare? Perché siete così sicuri che ci sia una strega dietro tutto questo? ... Non capite che una cosa del genere non può esistere?""","""...Sono stato ad ascoltarvi per un po', ma perché avete smesso di ragionare? Perché siete così sicuri che sia stata opera di una strega...? Come diamine può essere possibile?""","""Los he estado escuchando y... ¿por qué todos ustedes dejaron de pensar? ¿Por qué están tan seguros de que una bruja está detrás de todo esto? ¿No se dan cuenta de que cosas como esa no existen?""","""ﻟﻘﺪ ﻛﻨﺖ ﺃﺳﺘﻤﻊ ﺇﻟﻴﻜﻢ ﻳﺎ ﺭﻓﺎﻕ ﻟﻔﺘﺮﺓ ﻣﻦ ﺍﻟﻮﻗﺖ. ﻟﻤﺎﺫﺍ ﺗﻮﻗﻔﺘﻢ ﻋﻦ ﺍﻟﺘﻔﻜﻴﺮ؟ ﻟﻤﺎﺫﺍ ﻗﺮﺭﺗﻢ ﺃﻥ ﻛﻞ ﺷﻲﺀ ﻛﺎﻥ ﻣﻦ ﻋﻤﻞ ﺍﻟﺴﺎﺣﺮﺓ؟ ...ﺃﻟﻴﺲ ﻣﻦ ﺍﻟﺠﻠﻲ ﺃﻥ ﻻ ﻭﺟﻮﺩ ﻟﻤﺨﻠﻮﻕ ﻣﺜﻠﻬﺎ؟""","""...Bir süredir sizi dinliyordum ve siz çocuklar—neden hepiniz düşünmeyi bıraktınız? Neden tüm bunların arkasında cadının olduğundan bu kadar eminsiniz? ...Böyle bir şeyin var olmadığını anlamıyor musunuz?"""
,"With just those words, ...the happy atmosphere of the tea party disappeared in no time at all.","With just those words, ...the happy atmosphere surrounding the tea party evaporated in an instant. ","With just those words, ...the happy atmosphere surrounding the tea party evaporated in an instant.",戦人のその一言に、…お茶会の楽しい空気があっという間になくなってしまいました。,[=JP],"Вместе с этими словами... счастливая атмосфера, сопровождавшая чаепитие, улетучилась без следа в ту же секунду.","Apenas com aquelas palavras, ...a agradável atmosfera da festa do chá desapareceu em pouco tempo.",战人这句话，…瞬间把茶会的欢乐气氛一扫而空。,戰人這句話，…瞬間把茶會的歡樂氣氛一掃而空。,Solamente con quelle parole... l'atmosfera felice del tea party sparì in un istante.,Usando quelle semplici parole... l'atmosfera allegra del tea party evaporò in un istante.,"Tan solo con esas palabras, el ambiente alegre de la fiesta de té desapareció al instante.",ﺑﻬﺬﻩ ﺍﻟﻜﻠﻤﺎﺕ... ﺗﺒﺨﺮ ﺍﻟﺠﻮ ﺍﻟﺴﻌﻴﺪ ﺍﻟﻤﺤﻴﻂ ﺑﺤﻔﻞ ﺍﻟﺸﺎﻱ ﻓﻲ ﻟﺤﻈﺔ.,"Sadece bu sözlerle, ...çay partisinin mutlu atmosferi bir anda yok oldu."
,George and Jessica. And Shannon and Kanon. And Maria.,George and Jessica. And Shannon and Kanon. And Maria. ," George and Jessica. And Shannon and Kanon. And Maria.",譲治も、朱志香も。紗音も、嘉音も。そして真里亞も。,[=JP],Джордж вместе с Джессикой. Шаннон и Канон. И Мария.,George e Jessica. Shannon e Kanon. E Maria.,让治、朱志香、纱音、嘉音，还有真里亚。,讓治、朱志香、紗音、嘉音，還有真里亞。,George e Jessica. E Shannon e Kanon. E Maria.,"George, Jessica. Shannon, Kanon. E infine Maria...",George y Jessica. Shannon y Kanon. Y María.,ﺟﻮﺭﺝ ﻭﺟﻴﺴﻴﻜﺎ. ﻭﺷﺎﻧﻮﻥ ﻭﻛﺎﻧﻮﻥ. ﻭﻛﺬﻟﻚ ﻣﺎﺭﻳﺎ.,George ve Jessica. Ve Shannon ve Kanon. Ve Maria.
,"......All of them stared blankly, wondering why Battler was saying such weird things.","...All of them stared blankly, wondering what in the world Battler was talking about. ","......All of them stared blankly, wondering what in the world Battler was talking about.",……戦人は何を変なことを言い出すんだろうと、きょとんとしています。,[=JP],"......Все они тупо глядели на Баттлера, не понимая, о чём он говорит.","......Todos estavam com olhares inexpressivos, se perguntando por que o Battler tinha dito aquelas coisas estranhas.",……全都因战人这句突如其来而又莫名其妙的话，而愣住了。,……全都因戰人這句突如其來而又莫名其妙的話，而愣住了。,"... Tutti loro fissarono nel vuoto, chiedendosi di cosa stesse parlando Battler.","Erano confusi, chiedendosi che cosa stesse dicendo Battler.","Todos miraron sin comprender, preguntándose por qué Battler estaba diciendo cosas extrañas.",......ﻛﻠﻬﻢ ﻳﺤﺪﻗﻮﻥ ﺑﺘﻌﺠﺐ، ﻣﺘﺴﺎﺋﻠﻴﻦ ﻋﻤﺎ ﻳﺘﺤﺪﺙ ﺑﻪ ﺑﺎﺗﻠﺮ.,"......Hepsi boş boş bakıyor, Battler'ın neden böyle tuhaf şeyler söylediğini merak ediyordu."
,Even the foolish and arrogant Battler noticed he had said the wrong thing.,"Even the foolish, arrogant Battler realized that he hadn't chosen his words well. "," Even the foolish, arrogant Battler realized that he hadn't chosen his words well.",愚かで身の程知らずの戦人も、さすがに自分が失言したことに気付きました。,[=JP],"Даже глупый и высокомерный Баттлер понял, что он плохо подобрал слова.",Mesmo o tolo e arrogante Battler tinha percebido que ele tinha dito algo errado.,就连愚蠢又没有自知之明的战人，也察觉到了自己的失言。,就連愚蠢又沒有自知之明的戰人，也察覺到了自己的失言。,"Anche lo sciocco Battler, che non capiva la sua posizione, capì che non aveva scelto bene le parole.","Anche Battler, nella sua stupidità e nella sua ignoranza, capì di essersi espresso male.",Incluso el tonto y arrogante Battler se dio cuenta de que había dicho algo malo.,ﺃﺩﺭﻙ ﺑﺎﺗﻠﺮ ﺃﻧﻪ ﻟﻢ ﻳﺨﺘﺮ ﻛﻠﻤﺎﺗﻪ ﺑﻌﻨﺎﻳﺔ.,Aptal ve küstah Battler bile yanlış bir şey söylediğini fark etti.
Ushiromiya George,"""...W‐.........well, come on. Isn't it clear that these crimes were impossible for a human?""","""...B-Because, isn't it clear that these crimes were impossible for a human?"" ","""...B, .........because, isn't it clear that these crimes were impossible for a human?""",「…だ、………だって。明らかに人間には無理な事件だったじゃないか。」,「…だ、………だって。明らかに人間には無理な事件だったじゃないか」,"""...Н......... Но ведь... разве не ясно, что люди физически не могли совершить всё это?""","""...B‐Bem, qual é? Já não está claro que os crimes são impossíveis para um humano?""",「…可、………可是啊。这明显是人类办不到的事件嘛。」,「…可、………可是啊。這明顯是人類辦不到的事件嘛。」,"""... P... Perché, non era chiaro che il delitto era impossibile per un umano?""","""...P-Perché? Non sono dei casi chiaramente impossibili per un essere umano?""","""B‐Bueno, ya sabes... ¿No está claro que esos crímenes fueron imposibles para un humano?""","""...ﻟـ... ﻷﻥ، ﺗﻠﻚ ﺍﻟﺤﻮﺍﺩﺙ ﻛﺎﻧﺖ ﻣﺴﺘﺤﻴﻠﺔ ﻋﻠﻰ ﺍﻟﺒﺸﺮ؟""","""...Ç-.........Çünkü. Bu suçların bir insan için imkansız olduğu ortada değil mi?"""
Ushiromiya Jessica,"""Y‐yeah, yeah! ...None of the cases would have been possible for a human.""","""Th-That's right, that's right. ...None of the cases would've been possible for a human."" ","""Th, that's right, that's right. ...None of the cases would have been possible for a human.""",「そ、そうだぜ、そうだぜ。…どの事件も人間には無理なことばかり。」,「そ、そうだぜ、そうだぜ。…どの事件も人間には無理なことばかり」,"""Ч‐что верно, то верно. ...Ни один из тех случаев человеку было провернуть не под силу.""","""S‐Sim, sim! ...Nenhum deles poderia ter sido cometido por um humano.""",「就、就是嘞，就是嘞。…无论哪个事件，都是人类不可能做得到的。」,「就、就是嘞，就是嘞。…無論哪個事件，都是人類不可能做得到的。」,"""E-Esatto, esatto. ... Nessuno degli omicidi sarebbe stato possibile per un umano.""","""G-Giusto, giusto... Tutti i delitti erano impossibili per un umano.""","""¡A‐Así es, así es! Ninguno de los casos pudo ser posible para un humano.""","""ﺻـ... ﺻﺤﻴﺢ... ...ﻻ ﻳﻤﻜﻨﻨﺎ ﺗﻔﺴﻴﺮ ﻣﺎ ﺣﺼﻞ ﺑﻘﺪﺭﺍﺕ ﺍﻟﺒﺸﺮ.""","""E-Evet, evet! ...Vakaların hiçbiri bir insan için mümkün olamazdı."""
Shannon,"""That's right... After all, wasn't it full of things that you couldn't explain using humans...?""","""That's true... After all, wasn't it full of things that humans couldn't explain...?"" ","""That's true... After all, wasn't it full of things that humans couldn't explain...?""",「そうですよね…。だって、人間じゃ、説明がつかないことばかりじゃないですか…。」,「そうですよね…。だって、人間じゃ、説明がつかないことばかりじゃないですか…」,"""Это правда... В конце концов, в них же было полно вещей, не поддающихся людскому объяснению.""","""Isso mesmo... Afinal, não existe um monte de coisas que não podem ser explicadas usando métodos humanos...?""",「是呀…。因为，这不尽是些，以人类为犯人就无法解释的事吗…？」,「是呀…。因為，這不盡是些，以人類為犯人就無法解釋的事嗎…？」,"""È vero... Dopotutto, non ci sono tante cose che gli umani non riescono a spiegare...?""","""È vero... Dopotutto, non erano pieni di elementi che un essere umano non potrebbe spiegare...?""","""Estoy de acuerdo... Después de todo, ¿no estaba lleno de cosas que uno no podría explicar usando humanos?""","""ﻣﻌﻚ ﺣﻖ... ﻓﻲ ﺍﻟﻨﻬﺎﻳﺔ، ﻻ ﻳﻤﻜﻦ ﺗﻔﺴﻴﺮ ﻛﻞ ﺗﻠﻚ ﺍﻟﺤﻮﺍﺩﺙ ﺑﺎﻟﺒﺸﺮ...""","""Bu doğru... Sonuçta, insanlarla açıklayamayacağınız şeylerle dolu değil miydi...?"""
Kanon,"""...I don't understand what you're saying, Battler‐sama.""","""...I don't understand what you're saying, Battler-sama."" ","""...I don't understand what you're saying, Battler-sama.""",「…戦人さまが、何を言い出すのか、僕にはわかりません。」,「…戦人さまが、何を言い出すのか、僕にはわかりません」,"""...Я не понимаю, что вы имеете в виду, Баттлер‐сама.""","""...Eu não entendo o que você está dizendo, Battler‐sama.""",「…战人少爷，我听不懂您在说些什么。」,「…戰人少爺，我聽不懂您在說些什麼。」,"""... Non so di cosa stia parlando, Battler-sama.""","""...Signorino Battler, non capisco cosa lei stia dicendo.""","""No entiendo lo que está diciendo, Battler‐sama.""","""...ﻻ ﺃﻓﻬﻢ ﻣﺎ ﺗﻌﻨﻲ ﺑﻬﺬﺍ ﺍﻟﻜﻼﻡ ﻳﺎ ﺑﺎﺗﻠﺮ-ﺳﺎﻣﺎ.""","""...Battler-sama, ne dediğinizi anlayamıyorum."""
Ushiromiya Battler,"""I, I'm the one who doesn't have a clue what {i:you guys} are talking about! Isn't it obvious that humans committed these crimes? There's obviously no such thing as witches, right...?""","""I-I'm the one who doesn't have a clue what you guys are talking about! Isn't it obvious that humans committed these crimes? There's no way something like a witch exists, right...?"" ","""I..., I'm the one who doesn't have a clue what you guys are talking about! Isn't it obvious that humans committed these crimes? There's no way something like a witch exists, right...?""",「お…、お前たちこそ、何を口々に言い出すのかさっぱりだぜ。こんなの人間が起こした事件に決まってるじゃねぇかよ。魔女なんているわけねぇだろ…？」,[=JP],"""Я... Да как раз я здесь тот, кто не имеет понятия, о чём {i:вы, ребята}, говорите! Разве не очевидно, что эти преступления — дело рук людей? Нечто, вроде ведьмы, никак не может существовать, так ведь?..""","""E‐Eu é que não faço ideia do que {i:vocês} estão falando! Não é óbvio que os crimes foram cometidos por humanos? É óbvio que coisas como bruxas não existem, certo...?""",「你、…你们几个才是，在说些什么乱七八糟的鬼话啊。这不摆明了是人类引发的事件吗？魔女什么的根本不可能有吧…？」,「你、…你們幾個才是，在說些什麼亂七八糟的鬼話啊。這不擺明了是人類引發的事件嗎？魔女什麼的根本不可能有吧…？」,"""Io... sono io quello che non capisce cosa state dicendo voi! Non è ovvio che degli umani hanno commesso questi crimini? È impossibile che qualcosa come una strega esista, giusto...?""","""S-Sono io quello che non ha la minima idea di cosa stiate dicendo! Non è ovvio che questi casi erano stati compiuti da un essere umano? Non può essere che esistano le streghe, no...?""","""¡Y-Yo soy quien no tiene idea de lo que {i:ustedes} están hablando! ¿No es obvio que fueron humanos quienes cometieron esos crímenes? Obviamente no hay tal cosa como las brujas, ¿no?""","""ﺃ...ﺃﻧﺎ ﻫﻮ ﻣﻦ ﻳﺠﻬﻞ ﻣﺎ ﺗﺘﺤﺪﺛﻮﻥ ﺑﻪ {f:3:ﻳﺎ ﺭﻓﺎﻕ}! ﺃﻟﻴﺲ ﻣﻦ ﺍﻟﻮﺍﺿﺢ ﺃﻥ ﺗﻠﻚ ﺍﻟﺠﺮﺍﺋﻢ ﻣﻦ ﺻﻨﻊ ﺍﻟﺒﺸﺮ؟ ﻳﺴﺘﺤﻴﻞ ﺃﻥ ﺗﺘﻮﺍﺟﺪ ﻣﺨﻠﻮﻗﺎﺕ ﻛﺎﻟﺴﺎﺣﺮﺍﺕ ﻓﻲ ﻫﺬﺍ ﺍﻟﻌﺎﻟﻢ، ﺻﺤﻴﺢ؟""","""{i:Siz çocukların} neyden bahsettiğiniz hakkında en ufak bir fikri olmayan benim! Bu suçları insanların işlediği açık değil mi? Cadı diye bir şey olmadığı çok açık değil mi...?"""
Shannon,"""Th‐...then... ...What about when I was killed in the storehouse, and something horrible was done to half of my face? ......If the culprit was human, how could they have accomplished it...?""","""Th-Then, ...what about when I was killed in the storehouse, and something horrible was done to half of my face? ...If the culprit was human, how could they have accomplished it...?"" ","""Th, ...then......what about when I was killed in the storehouse, and something horrible was done to half of my face? ......If the culprit was human, how could they have accomplished it...?""",「じゃ、…じゃあ。…私が倉庫の中で殺されてた時、顔の半分を酷いことにされていましたが、……あれは人間が犯人なら、どう再現するというのですか…？」,[=JP],"""Т‐тогда... ...Как насчёт случая, когда меня убили в кладовой, и сотворили нечто ужасное с половиной моего лица? ......Если преступником был человек, как он мог это сделать?..""","""E‐...Então... ...E quando eu fui morta no depósito e algo horrível foi feito com parte do meu rosto? ......Se o culpado fosse humano, como ele teria conseguido isso...?""",「那、…那么。…我在仓库里被杀的时候，半张脸被做了过分的事，……如果犯人是人类，要怎么才能再现这件事呢…？」,「那、…那麼。…我在倉庫裡被殺的時候，半張臉被做了過分的事，……如果犯人是人類，要怎麼才能再現這件事呢…？」,"""A... Allora... che mi dice di quando sono stata uccisa nel magazzino, e qualcosa di orribile è stato fatto alla mia faccia? ... Se il colpevole fosse umano, come avrebbe potuto fare una cosa del genere...?""","""A-Allora... Quando sono stata uccisa nel magazzino, e metà della mia faccia è stata orribilmente distrutta... come poteva il colpevole fare una cosa del genere, se era un essere umano...?""","""E‐Entonces... ¿Qué hay de cuando fui asesinada en el almacén, y le hicieron algo horrible a la mitad de mi cara? Si el culpable era humano, ¿cómo podría haberlo hecho?""","""ﺇ...ﺇﺫﻥ... ...ﻣﺎ ﺗﻔﺴﻴﺮﻙ ﻟﻤﻘﺘﻠﻲ ﻓﻲ ﺍﻟﻤﺨﺰﻥ، ﻭﺗﻬﺸﻢ ﻧﺼﻒ ﻭﺟﻬﻲ؟ ......ﺇﺫﺍ ﻛﺎﻥ ﺍﻟﺠﺎﻧﻲ ﺇﻧﺴﺎﻧﺎ، ﻓﻜﻴﻒ ﻧﻔﺬ ﺫﻟﻚ؟""","""O-...O zaman... ...Peki ya ben ambarda öldürüldüğümde ve yüzümün yarısına korkunç bir şey yapıldığı zaman? ......Eğer suçlu insansa, bunu nasıl başarmış olabilirler...?"""
Ushiromiya Battler,"""...Well... ......I mean... It's hard to imagine how they could've done something that awful.""","""...That's... ...well, it's hard to imagine how they did something that awful. ","""...That's, ......well, it's hard to imagine how they did something that awful. ",「…そりゃ、……まぁ、どうやったらあんな酷ぇことができるのか、ちょっと想像はつかねぇけどよ。,「…そりゃ、……まぁ、どうやったらあんな酷ぇことができるのか、ちょっと想像はつかねぇけどよ」,"""...Это......... ну... трудно представить, как они могли пойти на такую жестокость.""","""...Bem... ......Quero dizer... É difícil de imaginar como alguém pode ter feito algo tão horrível.""",「…这个，……唔，怎么做才能搞得这么惨呢，虽然是有点难以想象啦。」,「…這個，……唔，怎麼做才能搞得這麼慘呢，雖然是有點難以想像啦。」,"""... Quello... beh, è difficile immaginare come possano aver fatto qualcosa di così spaventoso.","""...Quello... beh, mi viene un po' difficile pensare a come abbia potuto compiere un atto così crudele.""","""Bueno... Quiero decir... Es difícil imaginar cómo podrían haber hecho algo tan horrible.""","""...ﺫﻟﻚ، ......ﺣﺴﻨﺎ، ﻣﻦ ﺍﻟﺼﻌﺐ ﺗﺨﻴﻞ ﻛﻴﻒ ﻓﻌﻞ ﺷﻴﺌﺎ ﻓﻈﻴﻌﺎ ﻛﻬﺬﺍ.","""...Bu... ......yani... Bu kadar korkunç bir şeyi nasıl yapabildiklerini hayal etmek zor."""
Ushiromiya Battler,"""But that was the rose garden storehouse, right? I'm sure there were plenty of weird tools in there. Don't ask me, but...they could've used some electrical tool like a grinder or an electric saw, couldn't they?""","But that was the rose garden storehouse, right? I'm sure there were plenty of weird tools in there. Let's say they used some electrical tools like a grinder or an electric saw."" ","But that was the rose garden storehouse, right? I'm sure there were plenty of weird tools in there. Let's say they used some electrical tools like a grinder or an electric saw.""",でも、あそこは薔薇庭園の倉庫だぜ？　きっと中に妙な道具とかがいくらでもあっただろ。わかんねぇけどよ、例えば、電ノコとかグラインダーとか、そんな電動工具でも使ったのかもしれねぇじゃないか。」,「でも、あそこは薔薇庭園の倉庫だぜ？　きっと中に妙な道具とかがいくらでもあっただろ。わかんねぇけどよ、例えば、電ノコとかグラインダーとか、そんな電動工具でも使ったのかもしれねぇじゃないか」,"""Но ведь это же была кладовая в розарии, так? Я уверен, там можно было раскопать кучу всяких‐разных инструментов. Не просите подробностей, но что, если они воспользовались какими‐то электроинструментами вроде дробилки или электропилы?""","""Mas o depósito fica no jardim de rosas, não? Tenho certeza que deve ter um monte de ferramentas estranhas lá. Não me pergunte, mas...eles poderiam ter usado alguma ferramenta elétrica como um moedor ou uma serra elétrica, não poderiam?""",「不过，那里可是玫瑰庭园的仓库啊？里面奇怪的道具肯定要多少有多少吧。虽然我并不清楚，但没准犯人是用了电锯、砂轮机这类电动工具啊？」,「不過，那裡可是玫瑰庭園的倉庫啊？裡面奇怪的道具肯定要多少有多少吧。雖然我並不清楚，但沒准犯人是用了電鋸、砂輪機這類電動工具啊？」,"Ma quello era il capanno nel roseto, vero? Sono sicuro che ci sono moltissimi strani attrezzi là dentro. Non so, per esempio, possono aver usato qualche attrezzo elettrico come un tritatutto o una sega elettrica.""","""Ma lì era il magazzino del roseto, vero? Sono sicuro che là dentro ci fossero un mucchio di aggeggi strani. Che ne so, magari può aver usato qualche attrezzo elettrico, tipo un trituratore o una sega elettrica.""","""Pero aquel era el almacén del jardín de rosas, ¿no es así? Estoy seguro de que había una gran cantidad de herramientas extrañas allí. No pregunten qué pero... ¿no podría haber usado una herramienta eléctrica como una trituradora o una sierra eléctrica?""","ﻭﻟﻜﻦ، ﺃﻟﻢ ﺗﻜﻮﻧﻮﺍ ﻓﻲ ﻣﺴﺘﻮﺩﻉ ﺣﺪﻳﻘﺔ ﺍﻟﻮﺭﻭﺩ؟ ﺃﻧﺎ ﻭﺍﺛﻖ ﺃﻥ ﻫﻨﺎﻙ ﺑﻌﺾ ﺍﻷﺩﻭﺍﺕ ﺍﻟﻐﺮﻳﺒﺔ ﺑﺪﺍﺧﻠﻪ. ﻟﻨﻔﺘﺮﺽ ﺃﻧﻪ ﺍﺳﺘﺨﺪﻡ ﺑﻌﺾ ﺍﻷﺩﻭﺍﺕ ﺍﻟﻜﻬﺮﺑﺎﺋﻴﺔ ﻣﺜﻞ ﺃﺩﺍﺓ ﺟﺰ ﺍﻟﻌﺸﺐ ﺃﻭ ﺍﻟﻤﻨﺸﺎﺭ ﺍﻟﻜﻬﺮﺑﺎﺋﻲ ﻭﻣﺎ ﺷﺎﺑﻪ.""","""Ama orası gül bahçesinin ambarı değil mi? Eminim orada bir sürü garip alet vardı. Tam emin değilim ama...öğütücü ya da elektrikli testere gibi elektrikli bir alet kullanmış olabilirler, değil mi?"""
Shannon,"""...............Th‐.........that's.........umm...""","""......Th- That's... umm..."" ","""...............Th, .........that's......, ...umm...""",「……………そ、………それは……、…その…。」,「……………そ、………それは……、…その…」,"""...............Э............ это......... м‐м‐м...""","""...............Is‐.........Isso.........hmm...""",「……………这、………这个……，…那个…」,「……………這、………這個……，…那個…」,"""... Q... Quello... umm...""","""...Q-Questo è... ecco...""","""E‐Eso es... umm...""","""....ﺫ،.........ﺫﻟﻚ......،...ﺃﻣﻤﻢ...""","""...............B-.........Bu.........şey..."""
Ushiromiya Jessica,"""Okay, Battler... Then how do you explain Grandfather's disappearance from the locked room of his study...? Grandfather disappeared all of a sudden even though the door was sealed, remember...?""","""Then, Battler, ...how do you explain Grandfather's disappearance from the study when it was a closed room...? Even though the door was sealed, Grandfather just suddenly disappeared, right...?"" ","""Then, Battler... How do you explain Grandfather's disappearance from the closed room of his study...? Even though the door was sealed, Grandfather unexpectedly disappeared, right...?""",「じゃあ、戦人…。祖父さまが密室の書斎から消え去っていたのはどう説明するんだよ…。扉は封印されていたのに、祖父さまは忽然と消え去ってたぜ…？」,[=JP],"""Тогда, Баттлер... Как ты объяснишь исчезновение дедушки из его запертого кабинета?.. Несмотря на то, что двери были запечатаны, он неожиданно испарился, разве не так?""","""Certo, Battler... Como você explica o desaparecimento do vovô do estúdio trancado dele...? Ele desaparece de repente mesmo a porta estando selada, lembra...?""",「那么，战人…。爷爷从密室状态的书房消失又该怎么解释呢…？门明明被封印着，爷爷却忽然消失了嘞…？」,「那麼，戰人…。爺爺從密室狀態的書房消失又該怎麼解釋呢…？門明明被封印著，爺爺卻忽然消失了嘞…？」,"""Allora, Battler... Come spieghi la sparizione del Nonno dalla stanza chiusa del suo studio...? Nonostante la porta fosse sigillata, il Nonno è inaspettatamente sparito, giusto...?""","""Allora, Battler... Come spiegheresti la sparizione di nostro nonno dalla camera chiusa del suo studio...? Anche se la porta era sigillata, il nonno era sparito all'improvviso, giusto...?""","""Entonces, Battler... ¿Cómo explicas la desaparición del abuelo de la habitación cerrada de su estudio? El abuelo desapareció de repente a pesar de que la puerta estaba sellada, ¿no lo recuerdas?""","""ﺇﺫﻥ ﻳﺎ ﺑﺎﺗﻠﺮ... ﻛﻴﻒ ﺗﻔﺴﺮ ﺍﺧﺘﻔﺎﺀ ﺟﺪﻱ ﻣﻦ ﺩﺍﺧﻞ ﻏﺮﻓﺔ ﺩﺭﺍﺳﺘﻪ ﺍﻟﻤﻐﻠﻘﺔ؟ ﻋﻠﻰ ﺍﻟﺮﻏﻢ ﻣﻦ ﺃﻥ ﺍﻟﺒﺎﺏ ﻛﺎﻥ ﻣﻐﻠﻘﺎ، ﺇﻻ ﺃﻥ ﺟﺪﻱ ﺍﺧﺘﻔﻰ ﻣﻦ ﻭﺳﻄﻬﺎ، ﺃﻟﻴﺲ ﻛﺬﻟﻚ...؟""","""O zaman, Battler... Büyükbabamın kilitli çalışma odasından kaybolmasını nasıl açıklıyorsun...? Büyükbaba kapı mühürlü olduğu halde aniden ortadan kayboldu, hatırladın mı...?"""
Ushiromiya Battler,"""We talked about that during the story, too. It's not impossible that Grandfather used some trick to fool the receipt. It's also possible that he went out the window, or fell out the window, and Aunt Natsuhi locked it from the inside. I could think of a bunch of tricks you could use without relying on magic...you see?""","""We talked about that during the story, too. It's not impossible that Grandfather used some trick to fool the receipt. It's also possible that he went out the window, fell down, and Aunt Natsuhi locked the window from the inside. I could think of a bunch of tricks you could use without relying on magic..."" ","""We talked about that during the story, too. It's not impossible that Grandfather used some trick to fool the receipt. It's also possible that he went out the window, fell down, and Natsuhi oba-san locked the window from the inside. I could think of a bunch of tricks you could use without relying on magic...you see?""",「その話は劇中でも出ただろ。祖父さまが何らかの方法を使えば、レシートを誤魔化すことは不可能じゃない。あるいは窓から出て、あるいは落ちて、夏妃伯母さんが窓を内側から施錠した可能性もある。別に、魔法を使わなくたって、他にもいくつか手は思いつくだろうぜ…？」,[=JP],"""Мы уже говорили на эту тему во время рассказа. Нельзя исключить, что дедушка прибегнул к какой‐то уловке, обходящей трюк с чеком. Также возможно, что он перелез через окно, спрыгнул вниз, а тётя Нацухи заперла окно изнутри. Я могу придумать достаточно способов, благодаря которым не надо будет прибегать к магии... как‐то так.""","""Nós conversamos sobre isso durante a história também. Não é impossível que ele tenha usado algum tipo de truque com o recibo. Também é possível que ele tenha saído pela janela, ou caído, e depois a tia Natsuhi a fechou. Eu poderia pensar em um monte de truques que não dependem de magia...viu?""",「这个话题在故事中也讨论过吧。爷爷只要使用某种手法，不是不可能混过收据这关。没准是从窗户出去的，也没准是掉了下去，然后夏妃伯母从内侧锁上了窗户。即使不用魔法，也可以想出好多别的方法吧…？」,「這個話題在故事中也討論過吧。爺爺只要使用某種手法，不是不可能混過收據這關。沒准是從窗戶出去的，也沒准是掉了下去，然後夏妃伯母從內側鎖上了窗戶。即使不用魔法，也可以想出好多別的方法吧…？」,"""Ne abbiamo anche parlato durante la storia. Non è impossibile che il Nonno abbia usato qualche trucchetto per ingannare lo stratagemma dello scontrino. {n}È anche possibile che se ne sia andato dalla finestra, sia sceso giù, e Natsuhi oba-san abbia chiuso la finestra dall'interno. Posso pensare ad un po' di trucchi che si potrebbero usare senza fare affidamento sulla magia... vedete?""","""Ne abbiamo parlato anche nel corso della storia. Non si può escludere che il nonno abbia adoperato qualche metodo per aggirare lo scontrino. È anche possibile che se ne sia andato dalla finestra, o che sia caduto da lì, e che zia Natsuhi abbia chiuso le finestre dall'interno. Posso farmi venire in mente diversi mezzi che si potrebbero usare senza fare ricorso alla magia, visto?""","""También hablamos de eso durante la historia. No es imposible que el abuelo haya utilizado algún truco para burlar el recibo. También es posible que haya salido por la ventana, o caído, y la tía Natsuhi lo haya cerrado desde dentro. Puedo pensar en varios trucos que uno puede usar sin depender de la magia, ¿no ven?""","""ﺗﻨﺎﻗﺸﻨﺎ ﺣﻴﺎﻝ ﺫﻟﻚ ﺧﻼﻝ ﺍﻟﻘﺼﺔ ﺃﻳﻀﺎ. ﻟﻴﺲ ﻣﻦ ﺍﻟﻤﺴﺘﺤﻴﻞ ﺃﻥ ﻳﺘﺤﺎﻳﻞ ﺟﺪﻱ ﺣﻮﻝ ﺍﻹﻳﺼﺎﻝ ﺑﻄﺮﻳﻘﺔ ﻣﺎ. ﺭﺑﻤﺎ ﺧﺮﺝ ﻣﻦ ﺍﻟﻨﺎﻓﺬﺓ، ﺃﻭ ﺭﺑﻤﺎ ﺩﻓﻌﺘﻪ ﻋﻤﺘﻲ ﻧﺎﺗﺴﻮﻫﻲ ﻓﻌﻼ ﻭﺃﻏﻠﻘﺖ ﺍﻟﻨﺎﻓﺬﺓ ﻣﻦ ﺍﻟﺪﺍﺧﻞ. ﻫﻨﺎﻙ ﺍﻟﻌﺪﻳﺪ ﻣﻦ ﺍﻟﻄﺮﻕ ﻟﺤﻞ ﻫﺬﺍ ﺍﻟﻠﻐﺰ ﺩﻭﻥ ﺍﻟﻠﺠﻮﺀ ﻟﻠﺴﺤﺮ، ﺃﺗﺮﻭﻥ؟""","""Hikaye sırasında bunu da konuşmuştuk. Büyükbabanın fişi atlatmak için bir numara yapmış olması imkansız değil. Pencereden atlamış ya da düşmüş ve Natsuhi Teyze de kapıyı içeriden kilitlemiş olabilir. Büyüye sırt dayamadan kullanabileceğin bir sürü numara düşünebilirim...anlıyor musun?"""
Ushiromiya Jessica,"""............Th‐......that makes sense, but.........""","""...Th- That makes sense, but..."" ","""............Th, ......that makes sense, but.........""",「…………そ、……それはそうだけどよ………。」,「…………そ、……それはそうだけどよ………」,"""............Т......... такое могло произойти, но.........""","""............Is‐......Isso faz sentido, mas.........""",「…………虽、……虽然是可以这么说………」,「…………雖、……雖然是可以這麼說………」,"""... Q... Questo ha senso, ma...""","""...H-Ha senso, ma...""","""E‐Eso tiene sentido, pero...""","""............ﻫﺬﺍ،......ﻫﺬﺍ ﻣﻨﻄﻘﻲ، ﻭﻟﻜﻦ.........""","""............Bu-......Bu mantıklı ama........."""
Ushiromiya George,"""In that case, Battler‐kun, how do you explain the way my parents were killed in the guest room? The door was sealed by the lock and the chain. Naturally, the windows were sealed too. How would you suggest a human could have killed my parents?""","""In that case, Battler-kun, how do you explain the way my parents were killed in the guest room? The door was sealed by the lock and the chain. Naturally, the window was sealed too. How do you think a human could've killed my parents?"" ","""In that case, Battler-kun, how do you explain the way my parents were killed in the guest room? The door was sealed by the lock and the chain. Naturally, the window was sealed too. How would you suggest a human could have killed my parents?""",「なら戦人くん。僕のお母さんたちが客室の中で殺されていたのはどう説明するんだい？　扉には鍵もチェーンも掛かってた。無論、窓もね。どうやって人間に、母さんたちを殺せたって言うんだい？」,「なら戦人くん。僕の母さんたちが客室の中で殺されていたのはどう説明するんだい？　扉には鍵もチェーンも掛かってた。無論、窓もね。どうやって人間に、母さんたちを殺せたって言うんだい？」,"""В таком случае, Баттлер‐кун, как ты объяснишь, каким образом были убиты мои родители в комнате для гостей? Дверь была заперта на замок и цепочку. Окна, конечно же, тоже были заперты. Как, по‐твоему, человек мог убить моих родителей?""","""Nesse caso, Battler‐kun, como você explica como os meus pais foram mortos no quarto de hóspedes? A porta estava chaveada e com uma corrente. Naturalmente, as janelas também estavam fechadas. Como você poderia sugerir que foi um humano que matou os meus pais?""",「那么战人君。该怎么解释我的父母在客房里遇害的一案呢？门是锁好的，还上了链条锁。当然，窗户也锁着。你说要怎么做，人类才能杀死我的父母呢？」,「那麼戰人君。該怎麼解釋我的父母在客房裡遇害的一案呢？門是鎖好的，還上了鏈條鎖。當然，窗戶也鎖著。你說要怎麼做，人類才能殺死我的父母呢？」,"""In questo caso, Battler-kun, come spieghi il modo in cui i miei genitori sono stati uccisi nella stanza degli ospiti? La porta era chiusa dalla serratura e dalla catena. Naturalmente, anche la finestra era chiusa. In quale modo dici che un umano avrebbe potuto uccidere i miei genitori?""","""In tal caso, Battler-kun, come spieghi il modo in cui i miei genitori sono stati uccisi nella camera per gli ospiti? La porta era chiusa dalla serratura e dalla catenella. Naturalmente, anche le finestre erano chiuse. In che modo pensi che un umano avrebbe potuto uccidere i miei genitori?""","""En ese caso, Battler‐kun, ¿cómo explicas la manera en la que mis padres fueron asesinados en la habitación de huéspedes? La puerta fue sellada por la cerradura y la cadena. Naturalmente, las ventanas también estaban selladas. ¿Cómo sugerirías que un humano podría haber matado a mis padres?""","""ﻓﻲ ﻫﺬﻩ ﺍﻟﺤﺎﻟﺔ ﻳﺎ ﺑﺎﺗﻠﺮ-ﻛﻦ، ﻛﻴﻒ ﺗﻔﺴﺮ ﺍﻟﻄﺮﻳﻘﺔ ﺍﻟﺘﻲ ﻗﺘﻞ ﺑﻬﺎ ﻭﺍﻟﺪﻱ ﻓﻲ ﻏﺮﻓﺔ ﺍﻟﻀﻴﻮﻑ؟ ﻓﻘﺪ ﻛﺎﻥ ﺍﻟﺒﺎﺏ ﻣﻐﻠﻘﺎ ﺑﺎﻟﻘﻔﻞ ﻭﺍﻟﺴﻠﺴﺔ. ﻭﺣﺘﻰ ﺍﻟﻨﺎﻓﺬﺓ ﻛﺎﻧﺖ ﻣﻐﻠﻘﺔ ﺃﻳﻀﺎ. ﻛﻴﻒ ﺗﺮﻯ ﺃﻥ ﻫﺬﻩ ﺍﻟﺠﺮﻳﻤﺔ ﻣﻦ ﻓﻌﻞ ﺍﻹﻧﺴﺎﻥ؟""","""Bu durumda, Battler-kun, annemle babamın misafir odasında öldürülmesini nasıl açıklıyorsun? Kapı kilit ve zincirle mühürlenmişti. Tabii ki, pencereler de. Bir insanın ailemi öldürmüş olabileceğini nasıl açıklarsın?"""
Ushiromiya Battler,"""...Well, ......you're right, we did have to leave that trick alone during the story. Anyways, there's a good chance that the culprit had the key at least. And it was possible to look in through the crack of the door that the chain allowed.""","""...Well, ...we did have to leave that trick alone during the story. Anyway, there's at least a good chance the culprit had a key. And it was possible to look in through the crack of the door that the chain allowed. ","""...Well, ......we did have to leave that trick alone during the story. Anyways, there's at least a good chance that the culprit had the key. And it was possible to look in through the crack of the door that the chain allowed. ",「…まぁ、……確かにそのトリックは劇中でも保留になったままだったな。とにかく、犯人は鍵だけは持ってる可能性が高いからな。チェーンに許される程度の、扉の隙間は確保できたわけだ。,「…まぁ、……確かにそのトリックは劇中でも保留になったままだったな。とにかく、犯人は鍵だけは持ってる可能性が高いからな。チェーンに許される程度の、扉の隙間は確保できたわけだ」,"""...Ну......... ты прав, тогда нам пришлось отложить разбор этой уловки. Но как бы там ни было, велика вероятность, что в распоряжении преступника был ключ. К тому же имелась возможность заглянуть в образованную дверью и дверным косяком щель, насколько это позволяла цепочка.""","""...Bem, ......você está certo, nós vamos ter que deixar esse truque de lado nessa história. Mesmo assim, tem um boa chance de que o culpado tivesse ao menos uma chave. E a corrente permitia que se olhasse através de uma fresta na porta.""",「…这个嘛，……确实这个诡计在故事中是没被解开。但总之，犯人拥有钥匙的可能性很大。所以他能在链条锁的容许范围内，保证让门打开一条缝隙。」,「…這個嘛，……確實這個詭計在故事中是沒被解開。但總之，犯人擁有鑰匙的可能性很大。所以他能在鏈條鎖的容許範圍內，保證讓門打開一條縫隙。」,"""... Beh... avevamo dovuto lasciare da parte quel trucco durante la storia. Ad ogni modo, c'è una buona possibilità che il colpevole avesse la chiave. Ed era possibile guardare attraverso la fessura della porta permessa dalla catena.","""...Beh... in effetti durante la storia abbiamo messo quel trucco da parte. Ad ogni modo, è molto probabile che il colpevole avesse la chiave. E questo garantiva uno spiraglio della porta, nella misura consentita dalla catenella...""","""Bueno... Cierto, tuvimos que dejar ese truco de lado durante la historia. De cualquier manera, hay una gran probabilidad de que el culpable tuviese la llave al menos. Y era posible mirar a través del espacio que la cadena de la puerta dejaba abrir.""","""...ﺣﺴﻨﺎ، ......ﻟﻢ ﻧﻔﻜﺮ ﻓﻲ ﻫﺬﻩ ﺍﻟﺤﻴﻠﺔ ﺧﻼﻝ ﺍﻟﻘﺼﺔ. ﺑﺄﻱ ﺣﺎﻝ، ﻫﻨﺎﻙ ﻓﺮﺻﺔ ﺟﻴﺪﺓ ﺑﺄﻥ ﺍﻟﻤﻔﺎﺗﻴﺢ ﻛﺎﻧﺖ ﺑﺤﻮﺯﺓ ﺍﻟﻤﺠﺮﻡ. ﻭﺑﻬﺬﺍ ﻓﺘﺢ ﺍﻟﺒﺎﺏ ﻭﺍﺳﺘﺨﺪﻡ ﺍﻟﻔﺠﻮﺓ ﺍﻟﺘﻲ ﺗﺴﻤﺢ ﺑﻬﺎ ﺍﻟﺴﻠﺴﻠﺔ.","""...Şey, ......haklısın, hikaye boyunca bu numarayı geride bırakmak zorunda kaldık. Her neyse, suçlunun en azından anahtara sahip olma ihtimali yüksek. Ve zincirin izin verdiği kapı aralığından içeri bakmak mümkündü."""
Ushiromiya Battler,"""......This is extremely far‐fetched, but it is possible that some device was used through that crack. ...Or maybe they brought something out through the crack...?""","...I know this is a stretch, but it's possible some device was used through that crack. ...Like maybe they stuck something through it...?"" ","......It's really painful to talk about it, but it is possible that some device was used through that crack. ...Like maybe they stuck something through the crack...?",……非常に苦しい話だが、その隙間から何かの仕掛けを施した可能性はありえるな。…いや、あるいは、その隙間から、何かを出したとか…？,「……非常に苦しい話だが、その隙間から何かの仕掛けを施した可能性はありえるな。…いや、あるいは、その隙間から、何かを出したとか…？」,"""......Это больная тема, но возможно, через эту щель было использовано какое‐то устройство. ...Или может, они просунули что‐нибудь в щель?..""","""......É uma ideia bem extravagante, mas é possível que algum tipo de dispositivo tivesse sido usado através da fresta. ...Ou talvez eles tenham atirado alguma coisa de lá através da fresta...?""",「……虽然这么说是很牵强，但通过缝隙使用什么机关也是有可能的啊。…不，或者说是，通过缝隙取出了什么东西吗…？」,「……雖然這麼說是很牽強，但通過縫隙使用什麼機關也是有可能的啊。…不，或者說是，通過縫隙取出了什麼東西嗎…？」,"... È davvero doloroso da dire, ma è possibile che un qualche strumento sia stato usato attraverso quella fessura. ... Forse hanno infilato qualcosa attraverso la fessura...?","""Dirlo mi addolora, ma è possibile che, attraverso quello spiraglio, sia stato adoperato uno strumento... Anzi, forse vi hanno infilato qualcosa...?""","""Esto sonará algo descabellado, pero es posible que se haya usado algún aparato por ese espacio. ¿O tal vez sacaron algo a través de este?""",ﻣﻦ ﺍﻟﻤﺆﻟﻢ ﺣﻘﺎ ﺍﻟﺘﺤﺪﺙ ﻋﻦ ﺫﻟﻚ، ﻟﻜﻦ ﻣﻦ ﺍﻟﻤﻤﻜﻦ ﺃﻧﻪ ﻧﺼﺐ ﻓﺨﺎ ﺃﻭ ﺃﻃﻠﻖ ﺷﻴﺌﺎ ﻋﺒﺮ ﺍﻟﻔﺠﻮﺓ ﺃﻭ ﻣﺎ ﺷﺎﺑﻪ. ....ﺃﻭ ﻣﻦ ﺍﻟﻤﻤﻜﻦ ﺃﻧﻬﻢ ﺃﺧﺮﺟﻮﺍ ﺷﻴﺌﺎ ﻣﻦ ﺧﻼﻝ ﺍﻟﻔﺘﺤﺔ...؟,"""......Bu son derece uzak bir ihtimal, ancak o aralıktan bir cihazın kullanılmış olması mümkün. ...Ya da belki de aralıktan bir şey sokmuşlardır...?"""
Ushiromiya Battler,"""......Hmmmm, well, even though chains are incredibly simple, they're a big factor in constructing a locked room... .........But authors have done almost every possible locked‐room trick there is to do by now. If you bought just a few locked‐room mysteries from some bookstore or other, you could probably find some trick that would fit perfectly.""","""...Hmmmm, well, even though a door chain is incredibly simple, it's a big factor in setting up a closed room... ...Still, there's probably some closed room trick they could've used. If you bought some closed room mystery novels from the bookstore, you could probably find some trick that'd fit perfectly. ","......Hmmmm, well, even though the chain is incredibly simple, it's a big factor in setting up the closed room... .........However, there's probably some closed room trick they could have used. If you bought some closed room mystery novels from the bookstore, you could probably find some trick that would fit perfectly. ",……んんん、確かにチェーンってのは、偉いシンプルだが、密室を構成するでかい要素だな…。………だが、密室トリックなんておよそやり尽くされてるんだ。そこいらの書店で密室ミステリーを数冊買ってくりゃ、どうせビンゴなトリックが見付かるだろうぜ。,「……んんん、確かにチェーンってのは、偉いシンプルだが、密室を構成するでかい要素だな…。………だが、密室トリックなんておよそやり尽くされてるんだ。そこいらの書店で密室ミステリーを数冊買ってくりゃ、どうせビンゴなトリックが見付かるだろうぜ」,"""......Хм‐м, ну, хоть цепочка и крайне проста, это важный элемент для создания закрытой комнаты... .........Однако в наши дни писатели уже использовали столько трюков с запертой комнатой. Если ты купишь пару детективов с закрытыми комнатами в книжном магазине, то наверняка найдёшь прекрасно подходящий способ.""","""......Hmmmm, bem, mesmo as correntes sendo incrivelmente simples, elas são um grande fator na criação de um quarto fechado... .........Mas os autores já fizeram quase todos os tipos possíveis de quartos fechados até hoje. Se você pegar alguns livros de mistérios com quartos fechados de alguma livraria, você provavelmente vai encontrar algum truque que se encaixa perfeitamente.""",「……唔嗯，链条锁虽然单纯至极，但确实是构成密室的巨大要素呢…。………但是，密室诡计这类东西基本都被前人穷尽了。只要去哪个书店买几本密室推理小说，肯定能找到对上号的诡计吧。」,「……唔嗯，鏈條鎖雖然單純至極，但確實是構成密室的巨大要素呢…。………但是，密室詭計這類東西基本都被前人窮盡了。只要去哪個書店買幾本密室推理小說，肯定能找到對上號的詭計吧。」,"... Mmmmh, beh, nonostante la catena sia terribilmente semplice, la questione più complicata è creare la stanza chiusa... tuttavia, c'è probabilmente qualche trucchetto che può essere usato per crearla. Se comprate qualche giallo con stanze chiuse in una libreria, probabilmente trovereste qualche trucco che si adatta perfettamente.","""Nnngh, la catenella è un oggetto molto basilare, ma è una componente importante nella creazione di una camera chiusa... Tuttavia, sono stati usati numerosissimi trucchi che involvono camere chiuse. Comprate in un negozio di libri qualche storia gialla con delle camere chiuse, e troverete un metodo che combacerà alla perfezione...""","""Mmmmm, bueno, aunque las cadenas son increíblemente simples, son un gran factor al construir una habitación cerrada... Pero a estas alturas, los autores han usado casi todos los trucos de habitación cerrada posibles que se pueden usar. Si compraras algunos misterios de habitación cerrada de alguna que otra librería, probablemente encuentres algún truco que encajaría a la perfección.""","...........ﺣﺴﻨﺎ، ﺣﺴﻨﺎ، ﻋﻠﻰ ﺍﻟﺮﻏﻢ ﻣﻦ ﺃﻥ ﺍﻟﺴﻠﺴﻠﺔ ﻗﻔﻞ ﺑﺴﻴﻂ ﻭﻏﻴﺮ ﻣﻌﻘﻮﻝ، ﺇﻻ ﺃﻧﻬﺎ ﻋﺎﻣﻞ ﻣﺆﺛﺮ ﻓﻲ ﺇﻧﺸﺎﺀ ﻏﺮﻓﺔ ﻣﻐﻠﻘﺔ... ...ﻭﻟﻜﻦ ﻛﺘﺐ ﺍﻟﻤﺆﻟﻔﻮﻥ ﺗﻘﺮﻳﺒﺎ ﺟﻤﻴﻊ ﺧﺪﻉ ﺍﻟﻐﺮﻑ ﺍﻟﻤﻐﻠﻘﺔ. ﻓﻠﻮ ﺟﻤﻌﻨﺎ ﺑﻌﺾ ﺃﻟﻐﺎﺯ ﺍﻟﻐﺮﻑ ﺍﻟﻤﻐﻠﻘﺔ ﻣﻦ ﺃﻱ ﻣﻜﺘﺒﺔ، ﺳﺘﺴﺘﻄﻴﻊ ﺃﻥ ﺗﺠﺪ ﺧﺪﻋﺔ ﺗﻄﺎﺑﻖ ﻫﺬﻩ ﺍﻟﺤﺎﻟﺔ.""","""......Hmmmm, zincirler inanılmaz derecede basit olsalar da, kilitli bir oda inşa etmede büyük bir faktör... .........Ama yazarlar şimdiye kadar yapılabilecek neredeyse tüm kilitli oda numaralarını kullandılar. Bir kitapçıdan ya da başka bir yerden birkaç kilitli oda gizemi satın alsaydın, muhtemelen mükemmel bir şekilde uyacak bir numara bulabilirdin."""
Ushiromiya Battler,"""......Anyways, I can't think of one now...but I can state for certain that a human could manage it somehow if they tried hard enough.""","...Anyway, I can't think of one now, ...but I claim that there's nothing humans can't do if they try hard enough."" ","......Anyways, I can't think of one now...but I claim that there's nothing humans can't do if they try hard enough.""",……とにかく、俺には思いつかねぇが、どうにかやりくりすりゃあ、人間にできないことはないだろうって断言できる。」,「……とにかく、俺には思いつかねぇが、どうにかやりくりすりゃあ、人間にできないことはないだろうって断言できる」,"""......В любом случае, я не могу сейчас ничего придумать... но я утверждаю, что нет ничего, что бы не смогли сделать люди, если они хорошенько постараются.""","""......De qualquer forma, eu não consigo pensar em um agora...mas eu posso afirmar com certeza que um ser humano poderia lidar com isso de alguma forma.""",「……总之，虽然我想不出来，但我可以断言，只要想尽办法去筹备，应该就没有人类做不到的事。」,「……總之，雖然我想不出來，但我可以斷言，只要想盡辦法去籌備，應該就沒有人類做不到的事。」,"... Ad ogni modo, non riesco a pensarne uno, ma affermo che, se ci si prova abbastanza, non c'è niente che un umano non possa fare.""","""Comunque sia, non mi viene in mente niente, ma posso assicurarvi che in un modo o nell'altro, non c'è nulla che un umano non possa fare.""","""De cualquier forma, no puedo pensar en uno ahora mismo, pero puedo decir con seguridad que un humano lo podría lograr de alguna manera si lo intenta lo suficiente.""","......ﻻ ﻓﻜﺮﺓ ﻟﺪﻱ ﻋﻦ ﺍﻟﻜﻴﻔﻴﺔ ﺍﻟﻤﺴﺘﺨﺪﻣﺔ ﺍﻵﻥ، ﻭﻟﻜﻨﻲ ﻣﺘﻴﻘﻦ ﻣﻦ ﺃﻥ ﺍﻟﺒﺸﺮ ﻳﺴﺘﻄﻴﻌﻮﻥ ﻓﻌﻞ ﺃﻱ ﺷﻲﺀ ﺇﺫﺍ ﺣﺎﻭﻟﻮﺍ ﺑﺠﺪ.""","""......Her neyse, şu anda aklıma bir tane bile gelmiyor...ama bir insanın yeterince uğraşırsa bunu bir şekilde başarabileceğinden eminim."""
Ushiromiya George,"""Isn't that argument horribly irrational...? It's just ridiculous to claim that it's possible for a human to do something, even though you can't explain how...""","""Isn't that argument horribly irrational...? It's just ridiculous to claim that it's possible for a human to do something, even though you can't explain how..."" ","""Isn't that argument horribly irrational...? It's just ridiculous to claim that it's possible for a human to do something, even though you can't explain how...""",「それは酷い暴論じゃないかい…？　説明できないのに、人間に可能だと断言できるなんて、めちゃめちゃだよ…。」,「それは酷い暴論じゃないかい…？　説明できないのに、人間に可能だと断言できるなんて、めちゃめちゃだよ…」,"""Разве этот довод не абсурден?..... Нелепо утверждать, будто для человека возможно сделать нечто, даже если ты не можешь объяснить как...""","""Esse argumento não é completamente irracional...? Você não consegue dar uma explicação, não é possível que um humano tenha feito tal coisa, isso é ridículo...""",「这不是强盗逻辑吗…？明明无法解释，却断言人类可以做到，乱说一通啊…」,「這不是強盜邏輯嗎…？明明無法解釋，卻斷言人類可以做到，亂說一通啊…」,"""Non è questo un ragionamento terribilmente irrazionale...? È semplicemente ridicolo affermare che è possibile per un umano fare qualcosa, nonostante non lo si possa spiegare...""","""Non è un modo di ragionare tremendamente irrazionale...? È insensato affermare che un umano possa fare qualcosa, nonostante non si riesca a spiegare come...""","""¿No es ese argumento terriblemente irracional? Es simplemente ridículo reclamar que es posible que un humano pueda hacer algo, aunque no lo puedas explicar.""","""ﺃﻟﻴﺴﺖ ﺣﺠﺘﻚ ﻏﻴﺮ ﻣﻨﻄﻘﻴﺔ...؟ ﻣﻦ ﺍﻟﺴﺬﺍﺟﺔ ﺃﻥ ﺗﺪﻋﻲ ﺗﻤﻜﻦ ﺍﻹﻧﺴﺎﻥ ﻷﻥ ﻳﻔﻌﻞ ﺷﻴﺌﺎ ﻛﻬﺬﺍ، ﺭﻏﻢ ﻋﺪﻡ ﻗﺪﺭﺗﻚ ﻋﻠﻰ ﺗﻔﺴﻴﺮﻩ...""","""Bu argüman korkunç derecede mantıksız değil mi...? Nasıl olduğunu açıklayamadığın halde bir insanın bir şeyi yapmasının mümkün olduğunu iddia etmek çok saçma..."""
Ushiromiya Battler,"""......Why is that ridiculous? Why did all of you stop thinking? Even if it looks impossible, it has to be doable. Doesn't it always work like that?""","""...Why is that ridiculous? Why did all of you stop thinking? Even something that looks impossible has to be doable. Doesn't it always work like that?"" ","""......Why is that ridiculous? Why did all of you stop thinking? Even something that looks impossible has to be doable. Doesn't it always work like that?""",「……何がどうめちゃめちゃなんだよ。兄貴たちは何を思考停止してんだよ。一見できなさそうに見えても、どうせできるんだよ。それがお約束ってもんだろうが。」,「……何がどうめちゃめちゃなんだよ。兄貴たちは何を思考停止してんだよ。一見できなさそうに見えても、どうせできるんだよ。それがお約束ってもんだろうが」,"""......Почему это нелепо? Почему вы все перестали думать? Даже то, что выглядит невозможным, должно быть выполнимо. Разве это не всегда так?""","""......Por que isso é ridículo? Por que todos vocês pararam de pensar? Mesmo que pareça impossível, tem que ser factível. Não é sempre assim que funciona?""",「……哪里在乱说，哪句算乱说啊？大哥你们怎么就停止思考了啊？即使乍一看没法做到，但终归是做得到的。这就是套路啊。」,「……哪裡在亂說，哪句算亂說啊？大哥你們怎麼就停止思考了啊？即使乍一看沒法做到，但終歸是做得到的。這就是套路啊。」,"""... Perché è ridicolo? Perché tutti voi avete smesso di pensare? Anche se ad una prima occhiata qualcosa sembra che non possa essere fatto, si può comunque fare. Non è sempre così?""","""...Perché è insensato? Perché tu e gli altri avete smesso di ragionare? Anche se qualcosa a prima vista sembra impossibile, in un modo o nell'altro si può riuscire a farlo. Non è sempre così nei racconti?""","""¿Por qué es tan ridículo? ¿Por qué todos ustedes dejaron de pensar? Aunque parezca imposible, tiene que ser factible. ¿No es así como siempre funciona?""","""......ﻟﻤﺎﺫﺍ ﻛﻼﻣﻲ ﺳﺎﺫﺝ؟ ﻟﻤﺎﺫﺍ ﺗﻮﻗﻔﺘﻢ ﻋﻦ ﺍﻟﺘﻔﻜﻴﺮ؟ ﺣﺘﻰ ﻟﻮ ﺗﺠﻞ ﻟﻜﻢ ﺃﻧﻪ ﻣﺴﺘﺤﻴﻞ ﻋﻠﻰ ﺍﻟﺒﺸﺮ، ﻓﻌﻠﻴﻜﻢ ﻣﺘﺎﺑﻌﺔ ﺍﻟﺘﻔﻜﻴﺮ. ﺃﻻ ﺗﺴﻴﺮ ﺍﻷﻣﻮﺭ ﺩﻭﻣﺎ ﺑﻬﺬﻩ ﺍﻟﻄﺮﻳﻘﺔ؟""","""......Neresi saçma? Aniki, hepiniz neden düşünmeyi bıraktınız? İmkansız görünse bile, yapılabilir olmalı. Her zaman böyle olmaz mı?"""
Ushiromiya Jessica,"""Battler, you're the one being ridiculous. ......If you think a human could've done it, try explaining how. You can't, can you?""","""Battler, you're the one being ridiculous. ...If you think a human could've done it, try explaining how. You can't, can you?"" ","""Battler, you're the one being ridiculous. ......If you think a human could've done it, try explaining how. You can't, can you?""",「めちゃめちゃなのは戦人の方だぜ。……人間にできるってんなら、説明してみろよ。できねぇだろ？」,[=JP],"""Баттлер, это ты нелепости городишь. ......Если ты думаешь, что человек мог это совершить, попробуй объяснить как. Ты не можешь, так ведь?""","""Battler, você é o único que está sendo ridículo. ......Se você acha que um humano poderia ter feito aquilo, tente explicar como. Você não consegue, consegue?""",「是战人在乱来嘞。……要说人类做得到的话，就解释清楚呀。解释不了吧？」,「是戰人在亂來嘞。……要說人類做得到的話，就解釋清楚呀。解釋不了吧？」,"""Battler, sei tu quello ridicolo. ... Se dici che un umano lo può fare, prova a spiegare come. Non ci riesci, vero?""","""Battler, sei tu quello che dice cose insensate... Se dici che un umano può farlo, prova a spiegare come. Non ci riesci, vero?""","""Battler, eres tú quien está siendo ridículo. Si piensas que un humano pudo haberlo hecho, intenta explicarlo ahora. No puedes, ¿no?""","""ﻛﻢ ﺃﻧﺖ ﺳﺎﺫﺝ ﻳﺎ ﺑﺎﺗﻠﺮ. ......ﺇﺫﺍ ﻛﻨﺖ ﺗﻘﻮﻝ ﺑﺄﻥ ﺑﺸﺮﻳﺎ ﻫﻮ ﺍﻟﻔﺎﻋﻞ، ﻓﻬﻴﺎ ﻓﺴﺮ ﻟﻨﺎ ﺍﻟﻄﺮﻳﻘﺔ. ﻻ ﺗﺴﺘﻄﻴﻊ، ﺻﺤﻴﺢ؟""","""Saçmalayıp duran sensin Battler. ......Eğer bir insanın yapabileceğini düşünüyorsan, nasıl olduğunu açıklamayı dene. Açıklayamazsın, değil mi?"""
Ushiromiya Battler,"""And just because I can't explain it, that immediately makes the culprit a witch? With that argument, all of the unsolved crimes in the world could be resolved by saying a witch is the culprit!""","""And you're okay with saying the culprit is a witch just because I can't explain it? With that argument, all the unsolved crimes in the world could be resolved by saying a witch is the culprit!"" ","""And you're okay with saying the culprit is a witch just because I can't explain it? With that argument, all of the unsolved crimes in the world could be resolved by saying a witch is the culprit!""",「できなきゃすぐに犯人は魔女ってことで落ち着くのかよ。その論法で行っちまったら、世界中の未解決事件は全部、魔女が犯人ってことで決着しちまうぞ！」,[=JP],"""И только потому, что я не могу это объяснить, вы сразу же делаете из преступника ведьму? Если так рассуждать, то все нераскрытые преступления в мире могут быть раскрыты, если сказать, что преступник — ведьма!""","""E só porque eu não consigo explicar, automaticamente isso faz com que o culpado seja uma bruxa? Com esse argumento, todos os crimes não resolvidos no mundo inteiro poderiam ser resolvidos dizendo que o culpado foi uma bruxa!""",「解释不了就立即把犯人当作魔女，这样就能安心了吗？要按这个逻辑的话，世界上所有未解决的事件，就都会把魔女当作犯人盖棺定论了好吧！」,「解釋不了就立即把犯人當作魔女，這樣就能安心了嗎？要按這個邏輯的話，世界上所有未解決的事件，就都會把魔女當作犯人蓋棺定論了好吧！」,"""E a te starebbe bene dire che il colpevole è una strega solo perché non posso spiegarlo? Con questo ragionamento, tutti i crimini irrisolti nel mondo possono essere risolti dicendo che il colpevole è una strega!""","""Quando non riuscite a spiegare qualcosa, vi sentite più sereni a concludere subito che il colpevole è una strega. Con questa logica, tutti i casi irrisolti nel mondo si potrebbero risolvere dicendo che è stata colpa di una strega!""","""¿Y solo porque no puedo explicarlo, eso inmediatamente hace al culpable una bruja? ¡Con ese argumento, todos los crímenes sin resolver en el mundo podrían ser resueltos diciendo que lo hizo una bruja!""","""ﻫﻞ ﻟﻤﺠﺮﺩ ﻋﺪﻡ ﻗﺪﺭﺗﻲ ﻋﻠﻰ ﺍﻟﺘﻔﺴﻴﺮ ﻳﺼﺒﺢ ﺍﻟﻤﺠﺮﻡ ﺳﺎﺣﺮﺓ؟ ﺇﺫﻥ ﻓﻜﻞ ﺍﻟﻘﻀﺎﻳﺎ ﺍﻟﺘﻲ ﻋﺠﺰﺕ ﺍﻟﺸﺮﻃﺔ ﻋﻦ ﺣﻠﻬﺎ ﻫﻲ ﻣﻦ ﻓﻌﻞ ﺍﻟﺴﺎﺣﺮﺍﺕ!""","""Sırf bunu açıklayamıyorum diye suçlu hemen cadı mı oluyor? Bu argümanla, dünyadaki çözülmemiş suçların hepsi, suçlunun bir cadı olduğu söylenerek çözülebilir!"""
Ushiromiya Maria,"""......Battler, you're sidestepping the issue, and you aren't explaining anything. ...We are saying ""A human can't do it. Therefore the culprit is something that isn't human. And that something is a witch."" And yet you keep arbitrarily deciding that witches are impossible even though you can't explain anything.""","""...Battler, you're sidestepping the issue, and you aren't explaining anything. ...We're saying 'A human couldn't have done it. Therefore the culprit is something that isn't human. And that something is a witch.' And yet you keep arbitrarily deciding that witches are impossible, even though you can't explain anything."" ","""......Battler, you're sidestepping the issue, and you aren't explaining anything. ...We are saying 'A human can't do it. Therefore the culprit is something that isn't human. And that something is a witch.' And yet you keep arbitrarily deciding that witches are impossible even though you can't explain anything.",「……戦人は問題を摩り替えてるし、何も説明してない。…真里亞たちは、“人間にはできない。だから人間じゃない存在が犯人。それが魔女”だと、そう言っている。なのに戦人は、説明できないけど魔女はありえないとか、一方的な決め付けで言ってる。,「……戦人は問題を掏り替えてるし、何も説明してない。…真里亞たちは、“人間にはできない。だから人間じゃない存在が犯人。それが魔女”だと、そう言っている。なのに戦人は、説明できないけど魔女はありえないとか、一方的な決め付けで言ってる」,"""......Баттлер, ты отклоняешься от темы и ничего не объясняешь. ...Мы утверждаем: человек не может этого сделать. Следовательно, преступник — это нечто, не являющееся человеком. И это нечто — ведьма. А ты всё продолжаешь безосновательно утверждать, будто ведьм не может быть, хотя ты не можешь ничего объяснить.""","""......Battler, você está desviando do assunto e não está explicando nada. ...Nós estamos dizendo ""Um humano não pode fazer tal coisa. Por isso o culpado é algo que não é humano. E esse algo é uma bruxa."" E você continua arbitrariamente decidindo que é impossível que seja uma bruxa, mesmo não sabendo explicar.""",「……战人偷换了问题，而且什么都没解释。…真里亚和大家说的是：“因为人类做不到。所以犯人是非人类。也就是魔女”。而战人你明明就解释不了，却单方面咬定魔女不可能存在。」,「……戰人偷換了問題，而且什麼都沒解釋。…真里亞和大家說的是：“因為人類做不到。所以犯人是非人類。也就是魔女”。而戰人你明明就解釋不了，卻單方面咬定魔女不可能存在。」,"""... Battler, stai aggirando il problema, e non stai spiegando niente. ... Noi stiamo affermando che ‘Un umano non può farlo. Pertanto il colpevole non è umano. Ed è una strega. ’ E nonostante ciò Battler continua a decidere unilateralmente che è impossibile che l'abbia fatto una strega nonostante non riesca a spiegarlo.","""...Battler, stai cambiando discorso, e non stai spiegando niente... Noi stiamo dicendo questo: ‘Un essere umano non può riuscirci. Ergo, il colpevole è un'entità che non è umana. Una strega.’ Nonostante ciò, Battler continua a decidere arbitrariamente che è impossibile che sia stata una strega, pur non sapendo spiegarne il motivo...""","""Battler, estás esquivando el problema, y no estás explicando nada. María y los demás están diciendo ""Un humano no puede hacerlo. Por lo tanto el culpable es algo que no es humano. Y ese algo es una bruja"". Y aun así sigues decidiendo arbitrariamente que las brujas son imposibles aunque no puedes explicar nada.""","""......ﺑﺎﺗﻠﺮ ﻳﺘﻬﺮﺏ ﻣﻦ ﺍﻟﻤﺴﺄﻟﺔ، ﻷﻧﻪ ﻻ ﻳﺴﺘﻄﻴﻊ ﺷﺮﺡ ﺃﻱ ﺷﻲﺀ....ﻧﺤﻦ ﻧﻘﻮﻝ 'ﻻ ﻳﻤﻜﻦ ﻟﺒﺸﺮﻱ ﻓﻌﻞ ﻫﺬﺍ... ﺃﻱ ﺃﻥ ﺍﻟﻤﺠﺮﻡ ﻟﻴﺲ ﺑﺸﺮﻳﺎ. ﺑﻞ ﻛﺎﺋﻦ ﻭﻫﻮ ﺍﻟﺴﺎﺣﺮﺓ.'  ﻟﻜﻨﻚ ﻣﺎﺯﻟﺖ ﺳﺎﺫﺟﺎ ﻭﺗﺘﺨﺬ ﻣﻮﻗﻔﺎ ﻓﺮﺩﻳﺎ ﻏﻴﺮ ﻗﺎﺑﻞ ﻟﻠﺘﻔﺴﻴﺮ.","""......Battler, konuyu saptırıyorsun ve hiçbir şeyi açıklamıyorsun. ...Biz diyoruz ki ""Bunu bir insan yapamaz. Bu yüzden suçlu insan olmayan bir şey. Ve o şey de bir cadı."" Ama sen hiçbir şey açıklayamadığın halde keyfi olarak cadıların imkansız olduğuna karar kılmaya devam ediyorsun."""
Ushiromiya Maria,"""......Kihihihihihihihihihihihi, it's almost like humanity was during the dark ages. Like those fools who claimed that the Earth couldn't possibly be spinning, that the heavens had to be spinning around the Earth, even though they couldn't say how.""","""...Kihihihihihihihihihihihi, it's almost like humanity was during the dark ages. Like those fools who claimed the heavens spun around the earth... those who said that the earth couldn't be spinning, even though they couldn't explain why."" ","......Kihihihihihihihihihihihi, it's almost like humanity was during the dark ages. Like those fools who claimed that the heavens spun around the earth... those who said that the earth couldn't be spinning, even though they couldn't explain why.""",……きひひひひひひひひひひ、まるで、無知な時代の人類のようだね。地球が回ってるはずがない、説明はできないけど、宇宙が地球を中心に回ってるんだと言い張る愚か者のよう。」,「……きひひひひひひひひひひ、まるで、無知な時代の人類のようだね。地球が回ってるはずがない、説明はできないけど、宇宙が地球を中心に回ってるんだと言い張る愚か者のよう」,"""......Ки‐хи‐хи‐хи‐хи‐хи‐хи‐хи‐хи‐хи‐хи‐хи, это почти как человечество в тёмные века. Как те дураки, которые утверждали, будто Земля не может вращаться, но небеса вращаются вокруг неё, при этом они даже не были в состоянии объяснить как.""","""......Kihihihihihihihihihihihi, parece até um humano da Idade das Trevas. Assim como aqueles tolos que clamavam que a Terra não girava, e sim os céus que giravam em volta da Terra, mesmo sem saber dizer como.""",「……唧嘻嘻嘻嘻嘻嘻嘻嘻嘻嘻嘻嘻，简直就像，无知时代的人类呢。就是那种，虽然无法解释，却认定地球不可能在公转，非要坚持宇宙是绕着地球转的蠢货呢。」,「……唧嘻嘻嘻嘻嘻嘻嘻嘻嘻嘻嘻嘻，簡直就像，無知時代的人類呢。就是那種，雖然無法解釋，卻認定地球不可能在公轉，非要堅持宇宙是繞著地球轉的蠢貨呢。」,"... Kihihihihihihihihihihihi, è quasi come l'umanità nei periodi bui. Come quegli sciocchi che affermavano che il Sole girava intorno alla Terra... che la Terra non poteva girare, nonostante non sapessero spiegare il perché.""","""Kihihihihihihihihihihihih, è esattamente come quando l'umanità era nei secoli bui. Come quegli sciocchi che, anche se non sapevano spiegare come mai la Terra non potesse girare attorno all'universo, insistevano che fosse quest'ultimo a girare intorno alla Terra.""","""Kijijijijijijijijijijiji, es casi como la humanidad durante la era oscura. Como aquellos tontos que decían que la Tierra de ninguna manera podría estar girando, y que el cielo debía estar girando alrededor de la Tierra, aunque no podían explicar cómo.""","......ﻛﻴﻬﻴﻬﻴﻬﻴﻬﻴﻬﻴﻬﻴﻬﻴﻬﻴﻬﻴﻬﻴﻬﻴﻬﻴﻬﻲ، ﺃﻧﺖ ﺗﺘﺼﺮﻑ ﻛﺮﺟﺎﻝ ﻋﺼﻮﺭ ﺍﻟﺠﺎﻫﻠﻴﺔ ﺍﻟﻘﺪﻳﻤﺔ. ﻣﺜﻞ ﺃﻭﻟﺌﻚ ﺍﻟﺤﻤﻘﻰ ﺍﻟﺬﻳﻦ ﺯﻋﻤﻮﺍ ﺃﻥ ﺍﻟﻜﻮﻥ ﻳﺪﻭﺭ ﺣﻮﻝ ﺍﻷﺭﺽ... ﺃﻭﻟﺌﻚ ﺍﻟﺬﻳﻦ ﻗﺎﻟﻮﺍ ﺃﻥ ﺍﻷﺭﺽ ﻻ ﻳﻤﻜﻦ ﺃﻥ ﺗﺪﻭﺭ ﺣﻮﻝ ﺷﻲﺀ ﻣﺎ، ﻭﻣﻊ ﺫﻟﻚ ﻟﻢ ﻳﺘﻤﻜﻨﻮﺍ ﻣﻦ ﺷﺮﺡ ﺍﻟﺴﺒﺐ.""","""......Kihihihihihihihihihihihi, neredeyse insanlık karanlık çağlardaymış gibi. Tıpkı Dünya'nın dönüyor olamayacağını, nasıl döndüğünü söyleyemeseler de, gök yüzünün Dünya'nın etrafında dönüyor olması gerektiğini iddia eden aptallar gibi."""
Ushiromiya Battler,"""...............Th‐...that kind of argument kinda pisses me off. So this is basically what you're trying to say. ...If I can't explain how a human could do it, ...then I must accept that the culprit is the witch, {f:5:Beatrice}?""","""......Th-That kind of argument kinda pisses me off. So this is basically what you're trying to say. ...If I can't explain how a human could do it, then I must accept that the culprit is a witch?"" ","""............Th, ...that kind of argument kinda pisses me off. So this is basically what you're trying to say. ...If I can't explain how a human could do it, I must accept that the culprit is a witch?""",「……………な、…何だか気に入らねぇ論法だが。つまりお前らはこう言いたいのかよ。…人間に可能だと説明できないなら、犯人が魔女、…ベアトリーチェであることを受け容れろってことかよ。」,「……………な、…何だか気に入らねぇ論法だが。つまりお前らはこう言いたいのかよ。…人間に可能だと説明できないなら、犯人が魔女、…ベアトリーチェであることを受け容れろってことかよ」,"""...............Т‐такие доводы меня немного злят. То есть, по сути, вы пытаетесь сказать следующее: если я не могу объяснить, как человек мог это сделать...... то я обязан признать, что преступник — ведьма {f:5:Беатриче}?""","""...............E‐Esse tipo de argumento me irrita. E isso é basicamente o que você está tentando dizer. ...Se eu não posso explicar como um humano fez aquilo, ...então eu devo aceitar que o culpado é uma bruxa, a {f:5:Beatrice}?""",「……………虽、…虽说这逻辑让我不爽。但总之你们想说的就是这个吗？…无法解释清楚人类怎样才能做到的话，犯人就是魔女，…就要认同犯人是贝阿朵莉切吗？」,「……………雖、…雖說這邏輯讓我不爽。但總之你們想說的就是這個嗎？…無法解釋清楚人類怎樣才能做到的話，犯人就是魔女，…就要認同犯人是貝阿朵莉切嗎？」,"""... N... Non mi piace affatto questo discorso. In pratica questo è ciò che state cercando di dire. ... Se non posso spiegare come un umano riesce a farlo, devo accettare che il colpevole sia una strega?""","""...Q-Questa logica non mi piace affatto. In pratica stai cercando di dirmi questo... Che se non posso spiegare come un umano possa farlo, allora devo accettare che il colpevole sia {f:5:Beatrice}.""","""E‐Ese tipo de lógica me molesta un poco. Así que esto es básicamente lo que intentan decir: Si no puedo explicar cómo un humano pudo hacerlo, ¿entonces debo aceptar que el culpable es la bruja, {f:5:Beatrice}?""","""............ﻫـ...ﻫﺬﻩ ﺍﻟﺤﺠﺔ ﺗﻐﻀﺒﻨﻲ ﺑﻌﺾ ﺍﻟﺸﻲﺀ. ﺇﺫﻥ ﻓﺄﻧﺖ ﺗﻘﻮﻟﻴﻦ....ﺃﻥ ﻋﺠﺰﻱ ﻋﻦ ﺇﻣﻜﺎﻧﻴﺔ ﺗﻔﺴﻴﺮ ﻓﻌﻞ ﺍﻟﺒﺸﺮ ﻟﺬﻟﻚ، ﻳﻠﺰﻣﻨﻲ ﺑﺎﻻﻋﺘﺮﺍﻑ ﺑﺄﻥ ﺍﻟﻤﺠﺮﻡ ﻫﻮ ﺳﺎﺣﺮﺓ...؟""","""...............Bu-...Bu tür bir argüman beni biraz kızdırıyor. Yani söylemeye çalıştığınız şey basitçe bu. ...Eğer bir insanın bunu nasıl yapabileceğini açıklayamazsam, ...cadı {f:5:Beatrice}'in suçlu olduğunu kabul mü etmeliyim?"""
Kanon,"""............It's not like we're forcing you. We were just wondering on what basis you can say such nonsense.""","""...It's not like we're forcing you to go that far. We were just wondering on what basis you can say such nonsense."" ","""............It's not like we're forcing you. We were just wondering on what basis you can say such nonsense.""",「…………そこまで押し付けているわけではありません。ただ、戦人さまが、何を根拠にそのような世迷言を言い出すのか、と思いまして。」,「…………そこまで押し付けているわけではありません。ただ、戦人さまが、何を根拠にそのような世迷言を言い出すのかと思いまして」,"""............Не то чтобы мы вас заставляем. Мы просто интересуемся, на каком основании вы несёте такую чушь.""","""............Não é como se nós estivéssemos o forçando a isso. Nós só estamos questionando com que base você pode dizer essas besteiras.""",「…………我们并非要把您逼到这种程度。我们只是在想，战人少爷，您究竟是以什么为根据说出这种疯言疯语。」,「…………我們並非要把您逼到這種程度。我們只是在想，戰人少爺，您究竟是以什麼為根據說出這種瘋言瘋語。」,"""... Non è che la stiamo obbligando. Ci stiamo solo chiedendo su quali basi può dire quelle cose senza senso.""","""...Non è che la stiamo obbligando. Ci stiamo solo chiedendo su quali basi lei afferma tutte queste cose senza senso, signorino Battler.""","""No es como si le estuviésemos obligando. Solo nos estábamos preguntando en base a qué dice algo tan absurdo.""","""............ﻧﺤﻦ ﻻ ﻧﺤﺎﻭﻝ ﺇﺭﻏﺎﻣﻚ ﻋﻠﻰ ﺍﻟﺘﺼﺪﻳﻖ. ﻭﻟﻜﻨﻨﻲ ﺃﺗﺴﺎﺀﻝ ﻋﻠﻰ ﺃﻱ ﺃﺳﺎﺱ ﺗﺴﺘﻨﺪ ﺣﺘﻰ ﺗﺘﻔﻮﻩ ﺑﻬﺬﺍ ﺍﻟﻬﺮﺍﺀ.""","""............Sizi zorladığımız falan yok. Sadece neye dayanarak böyle bir saçmalık söyleyebildiğinizi merak ediyoruz."""
Ushiromiya Battler,"""N‐...nonsense......... ......H‐...hey, is what I've been saying really that weird?!""","""N-Nonsense ......? ...H-Hey, have I really been saying something that weird just now?! ","""N, ...nonsense, ...............H, ...hey, have I really been saying something that weird just now?! ",「よ、…世迷言って、………。……な、…なぁ、俺ってさっきからそんなに変なこと言ってるか？！,「よ、…世迷言って、………。……な、…なぁ、俺ってさっきからそんなに変なこと言ってるか？！」,"""Ч‐чушь......... ......Э...эй, неужели я говорю нечто настолько странное?!""","""B‐Besteira......... ......E‐Ei, o que eu estava dizendo é mesmo tão estranho assim?!""",「疯、…疯言疯语，………。……喂、…喂喂，我刚才说的那些话这么奇怪吗？！」,「瘋、…瘋言瘋語，………。……喂、…喂喂，我剛才說的那些話這麼奇怪嗎？！」,"""S... Senza senso ... e... ehi, stavo dicendo cose così strane finora?!","""S-Senza senso...? E-Ehi, sto dicendo cose così strane?!""","""A‐Absurdo... ¡O‐Oigan, ¿es lo que estuve diciendo tan raro?!""","""ﻫـ....ﻫﺮﺍﺀ؟...... ......ﻣـ....ﻣﻬﻼ، ﻫﻞ ﺃﻧﺎ ﻣﻦ ﺃﺗﻜﻠﻢ ﺑﺄﺷﻴﺎﺀ ﻏﺮﻳﺒﺔ ﻻ ﻣﻌﻨﻰ ﻟﻬﺎ؟؟","""S-...saçmalık mı.........? ......H-...Hey, söylediklerim gerçekten o kadar garip mi?!"""
Ushiromiya Battler,"""Am I the one who's crazy?! You guys are really starting to freak me out!""","Am I the one who's crazy?! You guys are really starting to freak me out!"" ","Am I the one who's crazy?! You guys are really starting to freak me out!""",おかしいのは俺なのか？！　さっきから偉ぇ不愉快だぞッ？！」,「おかしいのは俺なのか？！　さっきから偉ぇ不愉快だぞッ？！」,"""Неужели это у меня едет крыша?! Вы, ребята, действительно начинаете меня бесить!""","""Eu sou o único que está louco aqui?! Vocês estão começando a me assustar!""",「是我不对劲吗？！我早就不爽得很了啊？！」,「是我不對勁嗎？！我早就不爽得很了啊？！」,"Sono io quello pazzo?! State cominciando a farmi spaventare!""","""Sarei io quello strambo?! Mi state facendo paura!""","""¡¿Soy yo el que está loco?! ¡Ustedes están empezando a asustarme!""","ﺃﻧﺎ ﻫﻮ ﺍﻟﻤﺠﻨﻮﻥ ﻫﻨﺎ؟! ﻟﻘﺪ ﺑﺪﺃﺗﻢ ﺗﻔﺰﻋﻮﻧﻨﻲ ﺣﻘﺎ!""","""Burada deli olan ben miyim?! Beni gerçekten korkutmaya başladınız!"""
Kanon,"""......Battler‐sama. When I died in the boiler room, I was killed by a 19th person who shouldn't exist.""","""...Battler-sama, when I died in the boiler room, I was killed by a 19th person who shouldn't exist. ","""......Battler-sama. When I died in the boiler room, I was killed by a 19th person who shouldn't exist. ",「……戦人さま。僕は、自分が死んだ時、ボイラー室で、存在しないはずの１９人目に殺されています。,「……戦人さま。僕は、自分が死んだ時、ボイラー室で、存在しないはずの１９人目に殺されています」,"""......Баттлер‐сама. Когда я умер в котельной, я был убит 19‐м человеком, который не должен был существовать.""","""......Battler‐sama. Quando eu morri na sala da caldeira, eu fui morto por uma 19ª pessoa que não deveria existir.""",「……战人少爷。我死的时候，是在锅炉室里，被不可能存在的第十九人杀死的。」,「……戰人少爺。我死的時候，是在鍋爐室裡，被不可能存在的第十九人殺死的。」,"""... Battler-sama. Quando sono morto nella stanza della caldaia, sono stato ucciso da una diciannovesima persona che non dovrebbe esistere.","""...Signorino Battler. Quando sono morto nella sala caldaie, sono stato ucciso da una 19ª persona che non sarebbe dovuta esistere...""","""Battler‐sama. Cuando morí en la sala de calderas, fui asesinado por una 19.ª persona que no debería existir.""","""......ﺑﺎﺗﻠﺮ-ﺳﺎﻣﺎ. ﻟﻘﺪ ﻗﺘﻠﺖ ﻓﻲ ﻏﺮﻓﺔ ﺍﻟﺴﺨﺎﻥ ﺑﻮﺍﺳﻄﺔ ﺷﺨﺺ ﺗﺎﺳﻊ ﻋﺸﺮ ﻻ ﻳﻨﺒﻐﻲ ﺃﻥ ﻳﻜﻮﻥ ﻟﻪ ﻭﺟﻮﺩ.","""......Battler-sama. Kazan dairesinde öldüğümde, var olmaması gereken bir 19. kişi tarafından öldürüldüm."""
Kanon,"""...Can you explain how a human could have done that? At that time, the locations of the 18 were well known. Even so, I was killed.""","...Can you explain how a human could have done that? At that time, the locations of the 18 were well known. Even so, I was killed."" ","...Can you explain how a human could have done that? At that time, the locations of the 18 were well known. Even so, I was killed.""",…それが人間の仕業だと説明できるのですか？　あの時、１８人の所在は全員がはっきりしていました。にもかかわらず、僕は殺されている。」,「…それが人間の仕業だと説明できるのですか？　あの時、１８人の所在は全員がはっきりしていました。にもかかわらず、僕は殺されている」,"""...Можете ли вы объяснить, как человек мог это сделать? В то время местонахождение всех восемнадцати было хорошо известно. И всё равно я был убит.""","""...Você consegue explicar como um humano teria feito isso? Naquele momento, a localização dos 18 era conhecida. Mesmo assim, eu fui morto.""",「…您可以用人类的行为来说明此事吗？那时，十八人的位置全都清楚明了。可是尽管如此，我还是被杀了。」,「…您可以用人類的行為來說明此事嗎？那時，十八人的位置全都清楚明了。可是儘管如此，我還是被殺了。」,"... Può spiegare ciò come opera di un umano? In quel momento, la posizione dei diciotto era ben nota. Nonostante ciò, io sono stato ucciso.""","""Mi può spiegare come potrebbe essere stata opera di un umano? In quel momento, la posizione di tutti noi diciotto era ben nota. Eppure, io sono stato ucciso.""","""¿Puede explicar cómo un humano pudo hacer eso? En aquel momento, la ubicación de los 18 eran ampliamente conocidas. Y aun así, fui asesinado.""","...ﺃﻳﻤﻜﻦ ﺃﻥ ﺗﻔﺴﺮ ﻛﻴﻒ ﻹﻧﺴﺎﻥ ﺃﻥ ﻳﻜﻮﻥ ﻣﺴﺆﻭﻻ ﻋﻦ ﺫﻟﻚ؟ ﻓﻲ ﺫﻟﻚ ﺍﻟﻮﻗﺖ، ﻛﺎﻥ ﻣﻮﻗﻊ ﺍﻟﺜﻤﺎﻧﻴﺔ ﻋﺸﺮ ﺷﺨﺼﺎ ﻣﻌﺮﻭﻑ. ﻭﻣﻊ ﻫﺬﺍ، ﺗﻢ ﻗﺘﻠﻲ.""","""...Bir insanın bunu nasıl yapabildiğini açıklayabilir misiniz? O sırada, 18 kişinin hepsinin yerleri çok iyi biliniyordu. Yine de öldürüldüm."""
Ushiromiya Battler,"""We talked about that in the story as well...! Kumasawa baa‐chan, for example. She said that she followed right after you'd headed down into the boiler room, but for all we know, that might've been a lie.""","""We talked about that in the story as well, right...?! Kumasawa baa-chan, for example. She said she followed right after you and headed down to the boiler room, but we can't know for sure whether that was a lie or not. ","""We talked about that in the story as well, right...?! Kumasawa baa-chan, for example. She said that she followed right after you and headed down to the boiler room, but we can't know for sure whether that was a lie.",「その件も劇中で言ってるぜ…？！　例えば、熊沢の婆ちゃんだ。嘉音くんがボイラー室に下りてからすぐ後を追ったと言ってるが、実は嘘かも知れねぇ。,「その件も劇中で言ってるぜ…？！　例えば、熊沢の婆ちゃんだ。嘉音くんがボイラー室に下りてからすぐ後を追ったと言ってるが、実は嘘かも知れねぇ」,"""Мы уже говорили об этом во время повествования, разве не так?! Взять, например, бабулю Кумасаву. Она сказала, что пошла следом за тобой и спустилась в котельную, но мы не можем знать наверняка, правда ли это.""","""Nós falamos sobre isso durante a história...! A Kumasawa baa‐chan, por exemplo. Ela disse que ela foi atrás de você logo em seguida, até a sala da caldeira, mas todos nós sabemos que isso poderia ser uma mentira.""",「这件事在故事里也说过了吧…？！比如说，是熊泽婆婆干的。虽然她说在嘉音君跑下锅炉室后立即追过去了，但实际上这说不定是谎言。」,「這件事在故事裡也說過了吧…？！比如說，是熊澤婆婆幹的。雖然她說在嘉音君跑下鍋爐室後立即追過去了，但實際上這說不定是謊言。」,"""Abbiamo parlato anche di questo nella storia, no...?! Kumasawa baa-chan, per esempio. Lei ha detto che aveva seguito Kanon-kun e si era diretta alla stanza della caldaia, ma non possiamo sapere per certo se è una bugia.","""Abbiamo parlato anche di questo nel corso della storia, ricordi...?! La vecchia Kumasawa, per esempio. Lei ha detto che ti aveva raggiunto nella sala caldaie poco dopo, ma non possiamo sapere per certo se stesse mentendo.""","""¡También hablamos de eso en la historia! La abuela Kumasawa, por ejemplo. Ella dijo que te siguió luego de que bajaras a la sala de calderas, pero hasta donde sabemos, pudo ser una mentira.""","""ﺃﻟﻢ ﻧﺸﺮﺡ ﺫﻟﻚ ﻓﻲ ﺍﻟﻘﺼﺔ ﺃﻳﻀﺎ؟ ﺍﻟﺠﺪﺓ ﻛﻮﻣﺎﺳﺎﻭﺍ ﻋﻠﻰ ﺳﺒﻴﻞ ﺍﻟﻤﺜﺎﻝ، ﻟﻘﺪ ﻗﺎﻟﺖ ﺃﻧﻬﺎ ﺗﺒﻌﺘﻚ ﻣﺒﺎﺷﺮﺓ ﺑﻌﺪ ﻧﺰﻭﻟﻚ ﻟﻐﺮﻓﺔ ﺍﻟﺴﺨﺎﻥ، ﻭﻟﻜﻦ ﻻ ﻳﻤﻜﻨﻨﺎ ﺍﻟﺠﺰﻡ ﺑﺬﻟﻚ ﻋﻠﻰ ﺃﻧﻪ ﺣﻘﻴﻘﺔ.","""Hikayede de bundan bahsetmiştik...! Örneğin, Kumasawa baa-chan. Kanon-kun, sen kazan dairesine indikten hemen sonra peşinden geldiğini söyledi ama bildiğimiz kadarıyla bu bir yalan olabilir."""
Ushiromiya Battler,"""She might've entered the boiler room with you and caught you by surprise! Or maybe, when you stepped into the boiler room, you activated some kind of trap, one that might have been set up to hit you with one of those icepicks.""","For all we know, she might've entered the boiler room with you and caught you by surprise! Or maybe, when you stepped into the boiler room, you activated some kind of trap, one that might've been set up to hit you with one of those icepicks."" "," For all we know, she might have entered the boiler room with you and caught you by surprise! Or maybe, when you stepped into the boiler room, you activated some kind of trap, one that might have been set up to hit you with one of those icepicks.",一緒にボイラー室に入って、不意を突いてブッスリ行っちまったのかも知れねぇ！　あるいは、ボイラー室に踏み込むと、何かのトラップが発動して、例のアイスピックが打ち込まれるように仕掛けられていたのかもしれない。,「一緒にボイラー室に入って、不意を突いてブッスリ行っちまったのかも知れねぇ！　あるいは、ボイラー室に踏み込むと、何かのトラップが発動して、例のアイスピックが打ち込まれるように仕掛けられていたのかもしれない」,"""Насколько мы знаем, она могла войти с тобой в котельную и застать тебя врасплох внезапным нападением! Или, возможно, когда ты зашёл в котельную, ты привёл в действие какую‐нибудь ловушку, такую, которая могла быть настроена выстрелить в тебя одним из этих шильев.""","""Ela pode ter entrado na sala da caldeira e pego você de surpresa! Ou talvez, quando você pisou na sala da caldeira, você ativou algum tipo de armadilha, que pode ter sido criada para bater em você usando um desses picadores de gelo.""",「没准她是跟你一起进了锅炉室，然后趁你不备扎了你一桩！或者，可能里面事先布置好了陷阱，一踏进锅炉室就会引发某种机关，把那个冰锥射进人身体里。」,「沒准她是跟你一起進了鍋爐室，然後趁你不備扎了你一樁！或者，可能裡面事先布置好了陷阱，一踏進鍋爐室就會引發某種機關，把那個冰錐射進人身體裡。」,"Per tutto ciò che sappiamo, lei potrebbe essere entrata nella stanza della caldaia insieme a te e averti colto di sorpresa! O forse, quando hai messo piede nella stanza della caldaia, hai attivato un qualche tipo di trappola, che era stata posizionata per colpirti con uno di quei rompighiaccio.","""Non sappiamo se sia entrata nella sala caldaie insieme a te e ti abbia colto di sorpresa infilzandoti! Oppure, quando hai messo piede nella sala caldaie hai attivato una trappola, che era stata piazzata in modo da piantare uno di quei punteruoli.""","""¡Ella pudo haber entrado a la sala contigo! O quizás, cuando entraste en la sala de calderas, activaste algún tipo de trampa, una que podría haber sido preparada para golpearte con uno de esos picahielos.""",ﺭﺑﻤﺎ ﺍﻟﺤﻘﻴﻘﺔ ﻫﻲ ﺃﻧﻬﺎ ﺫﻫﺒﺖ ﻣﻌﻚ ﺇﻟﻰ ﻏﺮﻓﺔ ﺍﻟﺴﺨﺎﻥ ﻭﻃﻌﻨﺘﻚ ﻓﺠﺄﺓ! ﺃﻭ ﺭﺑﻤﺎ ﻧﺼﺐ ﺍﻟﻤﺠﺮﻡ ﻓﺨﺎ ﻣﺎ ﻳﺠﻌﻞ ﺗﻠﻚ ﺍﻷﻭﺗﺎﺩ ﺗﻨﻄﻠﻖ ﻧﺤﻮﻙ ﻣﺎ ﺇﻥ ﺗﻔﺘﺢ ﺑﺎﺏ ﻏﺮﻓﺔ ﺍﻟﺴﺨﺎﻥ!,"""Seninle birlikte kazan dairesine girmiş ve seni gafil avlamış olabilir! Ya da belki de kazan dairesine girdiğinde o buz kıracaklarından birini fırlatmak için ayarlanmış olabilecek bir tür tuzağı harekete geçirdin."""
Ushiromiya Battler,"""After all, the stink of Grandfather's body was coming from the incinerator. Someone was bound to come, so all the culprit had to do was set up a trap, and it would be more than possible for them to stay away from that place and create an alibi for the time of your death...!""","""After all, the stink of Grandfather's body was coming from the incinerator. Someone was bound to go and check, so if the culprit just set up a trap beforehand, they could easily have stayed away from that place and used the time of Kanon-kun's death to create an alibi...!"" "," After all, the stink of Grandfather's body was coming from the incinerator. That's because someone had come there before, and if they had just set up a trap, it's certainly possible that the culprit could stay away from that place and use the time of Kanon-kun's death to create an alibi...!""",何しろ焼却炉からは祖父さまの遺体の悪臭だ。必ず誰かがやってくるわけだから、仕掛けだけ施せば、犯人はその場を離れ、嘉音くんの死亡時刻にアリバイを作ることは充分できる…！」,「何しろ焼却炉からは祖父さまの遺体の悪臭だ。必ず誰かがやってくるわけだから、仕掛けだけ施せば、犯人はその場を離れ、嘉音くんの死亡時刻にアリバイを作ることは充分できる…！」,"""В конце концов, вонь от тела дедушки шла из печи. А значит кто‐то бы рано или поздно пришёл, и если там установили ловушку, то вполне возможно, что преступник мог быть далеко от этого места во время смерти Канон‐куна, тем самым создав себе алиби!..""","""Afinal, o cheiro do corpo do vovô estava vindo do incinerador. Alguém estava prestes a chegar, então o culpado teve que montar uma armadilha, e é mais do que possível para ele ter ficado longe daquele lugar e criado um álibi para a hora da sua morte...!""",「毕竟焚化炉里散发着爷爷遗体的恶臭。肯定会有人闻着气味过来，所以犯人只要先设下机关，再离开锅炉室，就可以完美制造出嘉音死亡时刻的不在场证明…！」,「畢竟焚化爐裡散發著爺爺遺體的惡臭。肯定會有人聞著氣味過來，所以犯人只要先設下機關，再離開鍋爐室，就可以完美製造出嘉音死亡時刻的不在場證明…！」,"Ad ogni modo, la puzza del corpo del Nonno proveniva dall'inceneritore. Questo perché qualcuno era andato lì prima, e proprio se avevano piazzato una trappola, è certamente possibile che il colpevole potesse stare lontano da quel posto e usare il momento della morte di Kanon-kun per crearsi un alibi...!""","""Ad ogni modo, la puzza del cadavere del nonno proveniva dall'inceneritore. Qualcuno dev'essere per forza andato lì, quindi se è stata posizionata una trappola, il colpevole poteva tranquillamente essere lontano da lì, e crearsi così un alibi all'ora del tuo decesso...!""","""Después de todo, el hedor del cadáver del abuelo venía del incinerador. Sin falta, alguien vendría en algún momento, ¡así que todo lo que el culpable debía hacer era armar una trampa, y así sería más que posible para él alejarse del lugar y crear una coartada para el momento de tu muerte!""","ﻓﻲ ﺍﻟﻨﻬﺎﻳﺔ، ﻛﺎﻧﺖ ﺍﻟﺮﺍﺋﺤﺔ ﺍﻟﻜﺮﻳﻬﺔ ﻟﺠﺜﺔ ﺟﺪﻱ ﺗﻨﺒﻌﺚ ﻣﻦ ﺍﻟﻤﻮﻗﺪ ﻓﻲ ﻏﺮﻓﺔ ﺍﻟﺴﺨﺎﻥ. ﺭﺑﻤﺎ ﻗﺪ ﺫﻫﺐ ﺷﺨﺺ ﻣﺎ ﺇﻟﻰ ﻫﻨﺎﻙ ﻣﺴﺒﻘﺎ ﻭﻭﺿﻊ ﺍﻟﺠﺜﺔ، ﺛﻢ ﺻﻨﻊ ﻓﺨﺎ ﻫﻨﺎﻙ، ﺣﻴﻨﻬﺎ ﺳﻴﻈﻞ ﺍﻟﺠﺎﻧﻲ ﺑﻌﻴﺪﺍ ﻋﻦ ﻏﺮﻓﺔ ﺍﻟﺴﺨﺎﻥ ﻭﺑﺎﺳﺘﻄﺎﻋﺘﻪ ﺍﺳﺘﺨﺪﺍﻡ ﻭﻗﺖ ﻭﻓﺎﺓ ﻛﺎﻧﻮﻥ-ﻛﻦ ﻟﺨﻠﻖ ﺣﺠﺔ ﻏﻴﺎﺏ...!""","""Ne de olsa Büyükbabanın cesedinin kokusu çöp fırınından geliyordu. Birinin gelmesi kaçınılmazdı, bu yüzden suçlunun yapması gereken tek şey bir tuzak kurup oradan uzak durmak ve ölüm saatin için bir mazeret yaratmaktı...!"""
Shannon,"""......You talk about a trap in the boiler room...but what kind of trap?""","""...You talk about a trap in the boiler room, ...but what kind of trap could that be?"" ","""......You talk about a trap in the boiler room...but what kind of trap could it be?""",「……ボイラー室のトラップって、どんなのですか…？」,[=JP],"""......Вы говорите о ловушке в котельной... но что это могла быть за ловушка?""","""......Você está falando sobre uma armadilha na sala da caldeira...mas que tipo de armadilha?""",「……这个锅炉室的陷阱，是什么样的东西呢…？」,「……這個鍋爐室的陷阱，是什麼樣的東西呢…？」,"""... Lei parla di una trappola nel locale caldaia... di che tipo?""","""...Che genere di trappola poteva esserci nella sala caldaie...?""","""Habla sobre una trampa en la sala de calderas, pero... ¿qué tipo de trampa?""",""".....ﻭﻣﺎﺫﺍ ﻳﻜﻮﻥ ﻫﺬﺍ ﺍﻟﻔﺦ ﺍﻟﺬﻱ ﺗﺘﺤﺪﺙ ﻋﻨﻪ؟""","""......Kazan dairesinde bir tuzaktan bahsediyorsunuz...ama ne tür bir tuzak?"""
Ushiromiya George,"""That's right. After that happened, we all immediately ran over to the boiler room. But we didn't find any kind of weird device like that!""","""That's right. Following his death, everyone immediately ran over to the boiler room. But we didn't find any kind of weird device, did we?!"" ","""That's right. Following his death, everyone immediately ran over to the boiler room. But we didn't find any kind of weird device, did we?!""",「そうだよ。あの後、すぐみんながボイラー室に駆けつけた。でもそんな変な仕掛けは見つけられなかったじゃないか！」,[=JP],"""Верно. После его смерти все сразу же побежали в котельную. Но мы не нашли никакого странного устройства, не так ли?""","""Isso mesmo. Depois do que aconteceu, nós imediatamente fomos correndo para a sala da caldeira. Mas nós não encontramos nenhum tipo de dispositivo estranho desse tipo!""",「是啊。事发之后，大家马上就跑到了锅炉室。但不是并没有找到这种奇怪的机关吗！」,「是啊。事發之後，大家馬上就跑到了鍋爐室。但不是並沒有找到這種奇怪的機關嗎！」,"""Giusto. Dopo quel momento, tutti sono accorsi in quella stanza. Ma noi non abbiamo trovato nessun tipo di strano congegno, no?!""","""Giusto. Subito dopo, ci eravamo tutti precipitati nella sala caldaie. Ma non abbiamo trovato nessun meccanismo strano!""","""Así es. Luego de que ocurriese, todos corrimos de inmediato hacia la sala de calderas. ¡Pero no encontramos ningún tipo de aparato extraño como ese!""","""ﺻﺤﻴﺢ. ﺑﻌﺪ ﻭﻓﺎﺗﻪ، ﺭﻛﺾ ﺍﻟﺠﻤﻴﻊ ﻓﻮﺭﺍ ﺇﻟﻰ ﻏﺮﻓﺔ ﺍﻟﺴﺨﺎﻥ. ﻟﻜﻨﻨﺎ ﻟﻢ ﻧﺠﺪ ﺃﻱ ﻧﻮﻉ ﻣﻦ ﺍﻷﻓﺨﺎﺥ ﺍﻟﻐﺮﻳﺒﺔ، ﺃﻟﻴﺲ ﻛﺬﻟﻚ؟""","""Aynen öyle. Bu olaydan sonra hepimiz hemen kazan dairesine koştuk. Ama öyle garip bir cihaz bulamadık!"""
Kanon,"""......That is correct. Battler‐sama, what kind of trap do you claim I was killed with...?""","""...That is correct. Battler-sama, what kind of trap could I have been killed with...?"" ","""......That is correct. Battler-sama, what kind of trap could I have been killed with...?""",「……左様です。戦人さま、どんな仕掛けで、僕は殺されたというのですか…？」,[=JP],"""......Верно. Баттлер‐сама, какой ловушкой я мог быть убит?..""","""......Isso está correto. Battler‐sama, que tipo de armadilha você diz ter me matado...?""",「……正是。战人少爷，您想说，我是被什么样的机关杀死的呢…？」,「……正是。戰人少爺，您想說，我是被什麼樣的機關殺死的呢…？」,"""... Esatto. Battler-sama, con che tipo di trappola potrei essere stato ucciso...?""","""...Esatto. Signorino Battler, con che tipo di marchingegno potrei essere stato ucciso...?""","""Eso es correcto. Battler‐sama, ¿con qué tipo de trampa dice que fui asesinado?""","""......ﺑﺎﻟﻔﻌﻞ. ﺑﺎﺗﻠﺮ-ﺳﺎﻣﺎ، ﻫﻼ ﺷﺮﺣﺖ ﻧﻮﻋﻴﺔ ﺍﻟﻔﺦ ﺍﻟﺬﻱ ﻗﺘﻠﻨﻲ؟""","""......Bu doğru. Battler-sama, ne tür bir tuzakla öldürüldüğümü iddia ediyorsunuz...?"""
Ushiromiya Battler,"""Well, .........I don't know that. ...But anyway, they must have pulled off some kind of trap, or maybe someone is lying, or...or what about this?!""","""Well, ...I don't know that. ...But anyway, they must've used some kind of clever trap, or maybe someone's lying, ...or what about this?! ","""Well, .........I don't know that. ...But anyways, they must have skillfully used some kind of trap, or maybe someone is lying..., or what about this?!",「いや、…………それはわからねぇ。…でも、とにかく、何かの仕掛けをうまくやってだな、あるいは誰かが嘘をついて…、こうも考えられるぜ？！,「いや、…………それはわからねぇ。…でも、とにかく、何かの仕掛けをうまくやってだな、あるいは誰かが嘘をついて…、こうも考えられるぜ？！」,"""Что ж............ этого я не знаю. ...Но всё равно, они, должно быть, использовали какие‐нибудь ловушки, или, быть может, кто‐то врал, или... или как насчёт такого?!""","""Bom, .........eu não sei. ...Mas mesmo assim, eles devem ter feito algum tipo de armadilha, ou talvez alguém esteja mentindo, ou...ou que tal isso?!""",「不，…………这个还不知道。…但是，我想说的是，有人布下了某种巧妙的机关，又或者是谁在说谎…，也可以有这种思考方式吧？！」,「不，…………這個還不知道。…但是，我想說的是，有人布下了某種巧妙的機關，又或者是誰在說謊…，也可以有這種思考方式吧？！」,"""Beh... non lo so. ... Ma, ad ogni modo, deve avere abilmente usato qualche tipo di trappola, o forse qualcuno sta mentendo... o che ne dite di questo?!","""Beh... Non lo so... Ma ad ogni modo, doveva sapersi destreggiare con qualche macchinario, o forse qualcuno stava mentendo... Che ne dite di questo?!""","""Bueno... No lo sé. Pero en cualquier caso, debió haber sido alguna trampa, o quizás alguien esté mintiendo, o... ¡¿o qué tal esto?!""","""ﺣﺴﻨﺎ، .........ﻟﻴﺲ ﻟﺪﻱ ﻓﻜﺮﺓ. ...ﻭﻟﻜﻦ ﺑﺄﻱ ﺣﺎﻝ، ﺭﺑﻤﺎ ﻧﺼﺐ ﺍﻟﻔﺦ ﺑﻤﻬﺎﺭﺓ، ﺃﻭ ﺃﻥ ﺷﺨﺼﺎ ﻣﺎ ﻛﺎﻥ ﻳﻜﺬﺏ...،ﻫﺬﺍ ﺻﺤﻴﺢ!!","""Şey, .........bunu bilmiyorum. ...Ama her şekilde, bir tür tuzak kurmuş olmalılar, ya da belki birileri yalan söylüyor, ya da...ya da buna ne dersin?!"""
Ushiromiya Battler,"""Kanon‐kun, what if the whole thing was just you playacting?! Th‐that's it, you were playacting!! Auntie Eva and Uncle Hideyoshi were also playacting. They made the locked room themselves, and were only pretending to be dead!""","Kanon-kun, what if the whole thing was just you playacting?! Th-That's it, you were playacting!! Aunt Eva and Uncle Hideyoshi were also playacting. They made the closed room themselves, and were only pretending to be dead!"" "," Kanon-kun, what if the whole thing was just you playacting?! Th, that's it, you were playacting!! Eva oba-san and Hideyoshi oji-san were also playacting. They made the closed room themselves, and were only pretending to be dead!""",　そもそもあれは嘉音くんの自作自演だったとかな？！　そ、そうだ、自作自演だ！！　絵羽伯母さんたちも自作自演なんだよ。自分で密室を作り、死んだふりをした！」,「そもそもあれは嘉音くんの自作自演だったとかな？！　そ、そうだ、自作自演だ！！　絵羽伯母さんたちも自作自演なんだよ。自分で密室を作り、死んだふりをした！」,"""Канон‐кун, что если всё это время ты всего лишь притворялся?! Д‐да, именно! Ты притворялся! Тётя Ева и Хидэёши тоже притворялись. Они сами сделали закрытую комнату и всего лишь прикидывались мёртвыми!""","""Kanon‐kun, e se a coisa toda fosse apenas você atuando?! I‐Isso mesmo, você estava atuando!! A tia Eva e o tio Hideyoshi também estavam atuando. Eles mesmo criaram o quarto fechado, e então fingiram estarem mortos!""",「非要说的话，那或许是嘉音君的自导自演啊？！对、对了，就是自导自演！！绘羽姑母他们也是自导自演。自己制造出了密室，然后装死！」,「非要說的話，那或許是嘉音君的自導自演啊？！對、對了，就是自導自演！！繪羽姑母他們也是自導自演。自己製造出了密室，然後裝死！」,"Kanon-kun, e se l'intera faccenda fosse una tua commedia?! E-Esatto, stavi recitando!! Anche Eva oba-san e Hideyoshi oji-san stavano recitando. Hanno costruito loro stessi la stanza chiusa, e stavano solo facendo finta di essere morti!""","""Kanon-kun, e se fosse stata tutta una tua farsa?! E-Esatto, stavi recitando!! Anche zia Eva e zio Hideyoshi stavano facendo una parte. Hanno creato loro stessi una camera chiusa, e si sono finti morti!""","""¡Kanon‐kun, ¿y si todo aquello fuese una actuación tuya?! ¡¡E‐Eso es, estabas actuando!! La tía Eva y el tío Hideyoshi también estaban actuando. ¡Ellos mismos crearon la habitación cerrada y pretendían estar muertos!""","ﻛﺎﻧﻮﻥ-ﻛﻦ، ﻣﺎﺫﺍ ﻟﻮ ﻛﺎﻥ ﺍﻷﻣﺮ ﺑﺮﻣﺘﻪ ﻣﺠﺮﺩ ﺗﻤﺜﻴﻠﻴﺔ؟ ﻫـ..ﻫﺬﺍ ﺻﺤﻴﺢ، ﻟﻘﺪ ﻛﻨﺖ ﺗﺘﻈﺎﻫﺮ ﻣﻨﺬ ﺍﻟﺒﺪﺍﻳﺔ! ﻋﻤﺘﻲ ﺇﻳﻔﺎ ﻭﻋﻤﻲ ﻫﻴﺪﻳﻮﺷﻲ ﻛﺎﻧﺎ ﻳﺘﻈﺎﻫﺮﺍﻥ ﺃﻳﻀﺎ! ﺻﻨﻌﺎ ﺍﻟﻐﺮﻓﺔ ﺍﻟﻤﻐﻠﻘﺔ ﺑﻨﻔﺴﻴﻬﻤﺎ ﺛﻢ ﺯﻳﻔﺎ ﻣﻮﺗﻬﻤﺎ!""","""Kanon-kun, ya her şey senin rol yapmandan ibaretse?! İş-İşte bu, rol yapıyordun!! Eva Teyze ve Hideyoshi Amca da rol yapıyorlardı. Kilitli odayı kendileri yaptılar ve sadece ölü taklidi yapıyorlardı!"""
Ushiromiya Jessica,""".........Battler... .........Has your...head been...feeling alright......?""",""".........Battler. .........Has your... head been... umm, ...feeling okay...?"" ",""".........Battler............Has your head been, umm, ...feeling alright......?""",「………戦人…。………お前、さっきから頭、…大丈夫か……？」,[=JP],""".........Баттлер... .........У тебя... с головой... всё в порядке?.....""",""".........Battler... .........Você está...mesmo...se sentindo bem......?""",「………战人…。………从刚才开始，你的脑袋，…没出问题吧……？」,「………戰人…。………從剛才開始，你的腦袋，…沒出問題吧……？」,"""... Battler... dimmi, la tua testa... sta bene...?""","""...Battler... Per caso... hai... battuto la testa?""","""Battler... ¿Te sientes... bien... de la cabeza?""",""".........ﺑﺎﺗﻠﺮ... .......ﻫﻞ ﺗﺸﻌﺮ...ﺃﻥ ﺭﺃﺳﻚ...ﻋﻠﻰ ﻣﺎ ﻳﺮﺍﻡ....؟",""".........Battler... .........senin...başın...iyi hissediyor musun......?"""
Shannon,"""......Umm, .........should I bring some cold drinks...?""","""...Umm, ...should I bring some cold drinks...?"" ","""......Umm, .........should I bring some cold drinks...?""",「……あの、………冷たいお飲み物でもお持ちしましょうか…？」,[=JP],"""......М‐м‐м......... может, мне принести что‐нибудь из прохладительных напитков?..""","""......Bem, .........será que eu devo trazer alguma bebida gelada...?""",「……请问，………需不需要我去拿点冷饮过来…？」,「……請問，………需不需要我去拿點冷飲過來…？」,"""... Umm... dovrei portare qualche bibita fresca...?""","""...Ehm... devo portarle qualche bevanda fresca...?""","""Umm... ¿debería traer algunas bebidas frías?""","""......ﺃﻣﻤﻢ......... ﻫﻞ ﺗﺮﻳﺪ ﺑﻌﺾ ﺍﻟﻤﺸﺮﻭﺑﺎﺕ ﺍﻟﻤﻨﻌﺸﺔ...؟""","""......Umm, .........soğuk içecek getireyim mi...?"""
Ushiromiya Battler,"""D‐don't look at me with those pitying eyes, I'm not saying something that crazy... I'm just pointing out possibilities that could have been used as tricks, alright?""","""D-Don't look at me with those pitying eyes... I'm not saying something that crazy, right? I'm just pointing out some possibilities you might find if you think of it all as a trick. ","""D, don't look at me with those pitying eyes...I'm not saying something that crazy, right? I'm just pointing out that it would be possible if you could think of the trick, alright? ",「そ、そこまで憐れみの目で見られるほど妙なことは言ってねぇだろ…。俺はあくまでも、トリックを考える上での可能性について言っただけだぜ？,「そ、そこまで憐れみの目で見られるほど妙なことは言ってねぇだろ…。俺はあくまでも、トリックを考える上での可能性について言っただけだぜ？」,"""Н‐не смотрите на меня такими жалостливыми глазами... я ведь не говорю что‐то безумное, верно? Я просто указываю на то, что было бы возможно при использовании каких‐нибудь трюков, ладно?""","""N‐Não me olhe com esse olhar de pena, eu não estou dizendo algo absurdo... Eu só estou apontando possibilidades que poderiam ser usadas como truques, certo?""",「我、我说的那些话，没有蠢到让你们用这种可怜的眼光来看我吧…。我自始至终，都只是在说以诡计来思考的可能性而已啊？」,「我、我說的那些話，沒有蠢到讓你們用這種可怜的眼光來看我吧…。我自始至終，都只是在說以詭計來思考的可能性而已啊？」,"""N-Non guardatemi con quegli occhi di compassione... non sto dicendo niente di strano, no? Sto solo dicendo che sarebbe possibile se si pensasse ad un trucco del genere, d'accordo?","""N-Non sto dicendo nulla di così strano, da meritarmi queste occhiate compassionevoli... Sto solo dicendo che è possibile alla fine ricavarne un trucco, ok?""","""N‐No me miren con esos ojos de pena, no estoy diciendo nada tan alocado... Solo estoy dando posibilidades de trucos que podrían haberse utilizado, ¿está bien?""","""ﻟـ، ﻻ ﺗﻨﻈﺮﻭﺍ ﺇﻟﻲ ﻧﻈﺮﺓ ﺍﻟﺸﻔﻘﺔ ﻫﺬﻩ...ﺃﻧﺎ ﻻ ﺃﻗﻮﻝ ﺷﻴﺌﺎ ﻣﺠﻨﻮﻧﺎ، ﺃﻟﻴﺲ ﻛﺬﻟﻚ؟  ﻛﻞ ﻣﺎ ﺃﺭﻳﺪ ﺗﻮﺿﻴﺤﻪ ﻫﻮ ﺇﻣﻜﺎﻧﻴﺔ ﺗﻨﻔﻴﺬ ﺍﻟﺠﺮﻳﻤﺔ ﺑﻌﺪﺓ ﺣﻴﻞ، ﺃﺗﻔﻬﻤﻮﻥ؟","""B-Bana acıyan gözlerle bakma, o kadar çılgınca bir şey söylemiyorum... Sadece numara olarak kullanılabilecek olasılıklara işaret ediyorum, tamam mı?"""
Ushiromiya Battler,"""Look, isn't one of the clichés in mystery stories that the victims aren't really dead?!""","Look, isn't it a pretty classic trick in mystery stories to have one of the victims just be playing dead?!"" ","Look, isn't one of the fallbacks in mystery stories that the victims aren't really dead!?""",それにほら、死者が実は死んでないなんて、推理物のお約束じゃねぇかよ！」,「それにほら、死者が実は死んでないなんて、推理物のお約束じゃねぇかよ！」,"""Смотрите, разве один из вечных штампов в детективах не заключается в том, что непонятно, мертва ли жертва на самом деле?!""","""Veja, não é um dos clichês nas histórias de mistério onde as vítimas não estão realmente mortas?!""",「啊对了，还有死者其实没死之类的，不都是推理故事的套路吗！」,「啊對了，還有死者其實沒死之類的，不都是推理故事的套路嗎！」,"Guardate, non è forse una di quelle fregature dei gialli con le quali le vittime in realtà non sono morte!?""","""E poi pensateci, non è forse una convenzione delle storie gialle che in realtà le vittime non sono morte!?""","""¡Digo, ¿no es uno de los clichés en historias de misterio el que las víctimas no están realmente muertas?!""","ﺃﻻ ﻳﺤﺪﺙ ﻫﺬﺍ ﻓﻲ ﻗﺼﺺ ﺍﻟﻐﻤﻮﺽ ﻋﻨﺪﻣﺎ ﻳﺰﻳﻒ ﺃﺣﺪ ﺍﻟﻀﺤﺎﻳﺎ ﻣﻮﺗﻪ؟""","""Gizem hikayelerindeki klişelerden biri de kurbanların gerçekten ölmemiş olması değil midir?!"""
Ushiromiya George,"""Clichés...?""","""A classic trick...?"" ","""Fallback...?""",「お約束って…？」,[=JP],"""Штампов?..""","""Clichês...?""",「套路…？」,[=CN],"""Fregature...?""","""Una convenzione...?""","""¿Clichés?""","""ﻳﺰﻳﻒ ﻣﻮﺗﻪ...؟""","""Klişeler...?"""
Ushiromiya Battler,"""O‐okay, so. When Kanon‐kun was killed, we really did know for sure where the rest of us were. And let's assume that Kumasawa baa‐chan wasn't lying.""","""I-In other words, when Kanon-kun was killed, we knew for sure where all the rest of us were. And let's assume that Kumasawa baa-chan wasn't lying. ","""I, in other words, when Kanon-kun was killed, we really did know for sure where the rest of us were. And let's assume that Kumasawa baa-chan wasn't lying. ",「つ、つまりだ。嘉音くんが殺された時、確かに俺たち全員の所在ははっきりしていた。そして熊沢の婆ちゃんも嘘はついてないとする。,「つ、つまりだ。嘉音くんが殺された時、確かに俺たち全員の所在ははっきりしていた。そして熊沢の婆ちゃんも嘘はついてないとする」,"""Д‐другими словами, когда Канон‐куна убили, мы действительно знали, где все находятся. И также предположим, что бабуля Кумасава сказала правду.""","""T‐Tá, então. Quando o Kanon‐kun foi morto, nós realmente sabíamos onde cada um estava. E vamos assumir que a Kumasawa baa‐chan estava mentindo.""",「就、就是说。嘉音君被杀的时候，确实我们所有人的位置都清晰明确。同时，姑且就当熊泽婆婆也没有说谎。」,「就、就是說。嘉音君被殺的時候，確實我們所有人的位置都清晰明確。同時，姑且就當熊澤婆婆也沒有說謊。」,"""I-In altre parole, quando Kanon-kun è stato ucciso, sapevamo di sicuro dove era il resto degli altri. E diamo per buono che Kumasawa baa-chan non abbia mentito.","""I-In altre parole, quando Kanon-kun è stato ucciso, era chiaro dove tutti noi ci trovassimo. E diamo per valido che la vecchia Kumasawa non abbia mentito.""","""B‐Bueno, entonces... Cuando Kanon‐kun fue asesinado, sí que sabíamos con seguridad en dónde estaban los demás. Y asumamos que la abuela Kumasawa no estaba mintiendo.""","""ﻣﻤﺎ ﻳﻌﻨﻲ، ﻋﻨﺪﻣﺎ ﻗﺘﻞ ﻛﺎﻧﻮﻥ-ﻛﻦ، ﻛﻨﺎ ﻧﻌﺮﻑ ﺣﻘﺎ ﻣﻜﺎﻥ ﺍﻷﺷﺨﺎﺹ ﺍﻟﻤﺘﺒﻘﻴﻦ. ﻭﻟﻨﻔﺘﺮﺽ ﺃﻥ ﺍﻟﺠﺪﺓ ﻛﻮﻣﺎﺳﺎﻭﺍ ﻟﻢ ﺗﻜﻦ ﺗﻜﺬﺏ.","""Y-Yani, şöyle. Kanon-kun öldürüldüğünde, geri kalanımızın nerede olduğunu gerçekten biliyorduk. Ve Kumasawa baa-chan'ın yalan söylemediğini varsayalım."""
Ushiromiya Battler,"""But that only holds true for the survivors. ......If the culprit pretended to be dead, placed themselves together with the real victims to hide themselves, and then acted on their own later, then everything would be explained!""","But that's only counting the survivors. ...What if the culprit pretended to be dead and joined a group of real victims so we'd lose track of them, and then acted on their own later? Everything would be explained!"" ","But that only holds true for the survivors. ......What if the culprit pretended to be dead, placed themselves together along with the real victims to hide themselves, and then acted on their own later? Everything would be explained!""",でも、それは生存者だけの話だ。……もし、死んだふりをして犠牲者に混じり姿を眩ましていた犯人が別行動をしていたとしたら、全ては説明できる！」,「でも、それは生存者だけの話だ。……もし、死んだふりをして犠牲者に混じり姿を眩ましていた犯人が別行動をしていたとしたら、全ては説明できる！」,"""Но это так только для всех выживших. ......Что если преступник притворился мёртвым, затесавшись среди настоящих жертв, а затем действовал отдельно от всех? Тогда всё легко объясняется!""","""Mas isso só vale para os sobreviventes. ......Se o culpado estava fingindo estar morto, se escondendo entre as vítimas de verdade, e então, agindo por conta própria depois. Com isso,  tudo estaria explicado!""",「但是，这只是活着的人的情况。……如果犯人是靠着装死混在牺牲者中，然后暗中行动，所有事就都可以解释清楚了！」,「但是，這只是活著的人的情況。……如果犯人是靠著裝死混在犧牲者中，然後暗中行動，所有事就都可以解釋清楚了！」,"Ma quello era valido solo per i sopravvissuti. ... e se il colpevole avesse finto di essere morto, unito alle vere vittime, nascondendosi, per poi fare qualcos'altro? Sarebbe tutto spiegato!""","""Ma questo valeva solo per i sopravvissuti... Se il colpevole avesse finto di essere morto, si fosse mischiato con le vittime per far perdere le proprie tracce, e poi avesse agito lontano dal resto del gruppo, si spiegherebbe tutto!""","""Pero eso solo se mantiene cierto para los supervivientes. ¡Si el culpable pretendió estar muerto, se colocó junto a las víctimas reales para ocultarse, y luego actuó por su cuenta, entonces todo puede explicarse!""","ﻟﻜﻦ ﻫﺬﺍ ﺍﻟﻜﻼﻡ ﻳﻨﻄﺒﻖ ﻋﻠﻰ ﺍﻟﻨﺎﺟﻴﻦ. ......ﻣﺎﺫﺍ ﻟﻮ ﺗﻈﺎﻫﺮ ﺍﻟﺠﺎﻧﻲ ﺑﺄﻧﻪ ﻣﻴﺖ، ﻭﻣﻦ ﺛﻢ ﺃﺧﻔﻰ ﻧﻔﺴﻪ ﻣﻊ ﺍﻟﻀﺤﺎﻳﺎ ﺍﻟﺤﻘﻴﻘﻴﻴﻦ، ﻭﻧﻔﺬ ﺑﻘﻴﺔ ﺧﻄﺘﻪ ﻋﻠﻰ ﻫﺬﺍ ﺍﻟﻤﻔﻬﻮﻡ؟ ﻛﻞ ﺷﻲﺀ ﺳﻴﺘﻀﺢ ﺑﻬﺬﺍ ﺍﻟﺘﻔﺴﻴﺮ!""","""Ama bu sadece hayatta kalanlar için geçerli. ......Eğer suçlu ölmüş gibi davransaydı, kendini gizlemek için gerçek kurbanların arasına karışsaydı ve daha sonra kendi başına harekete geçseydi, o zaman her şey açıklanmış olurdu!"""
Ushiromiya Jessica,"""............I guess... Are you trying to say that Auntie Eva or one of the rest of them was the culprit...? But Doctor Nanjo confirmed everyone's death as a doctor, remember?""","""......Huh...? So, are you trying to say that Aunt Eva or one of the others was the culprit...? But didn't Doctor Nanjo confirm all of their deaths, as a doctor?"" ","""............Huh...? So are you trying to say that Eva oba-san or one of the rest of them was the culprit...? But didn't Doctor Nanjo confirm everyone's death as a doctor?""",「…………はぁ…。つまり、絵羽叔母さんたちが犯人だと言いたいわけか…？　でも、叔母さんたちの死亡については南條先生が医者として判断してるぜ？」,[=JP],"""............Так... Ты хочешь сказать, что тётя Ева или кто‐то из остальных является преступником?.. Но разве доктор Нанджо не подтвердил смерть каждого?""","""............Então... Você está tentando dizer que a tia Eva ou alguém entre os outros era o culpado...? Mas o doutor Nanjo, ou seja, um médico, confirmou a morte de todos eles, lembra?""",「…………哈啊…。你就是想说，绘羽姑母他们是犯人吗…？但是啊，姑母他们的死亡可是身为医生的南条大夫下的判断嘞？」,「…………哈啊…。你就是想說，繪羽姑母他們是犯人嗎…？但是啊，姑母他們的死亡可是身為醫生的南條大夫下的判斷嘞？」,"""... Eh...? Quindi stai cercando di dire che Eva oba-san e uno degli altri è il colpevole...? Ma il dottor Nanjo non ha confermato le morti di tutti, come medico?""","""...Ah... Quindi stai cercando di dire che zia Eva o uno degli altri sia il colpevole...? Ma le loro morti non erano state confermate dal dottor Nanjo con le sue conoscenze mediche?""","""Supongo... ¿Intentas decir que la tía Eva o uno de los demás fue el culpable? Pero el doctor Nanjo confirmó las muertes de todos, siendo un doctor, ¿no lo recuerdas?"""," ""............ﻫﺎﻩ...؟ ﺃﺗﻘﺼﺪ ﺃﻥ ﻋﻤﺘﻲ ﺇﻳﻔﺎ ﺃﻭ ﺃﺣﺪ ﺍﻟﻀﺤﺎﻳﺎ ﺍﻵﺧﺮﻳﻦ ﻫﻮ ﺍﻟﻤﺠﺮﻡ...؟ ﻟﻜﻦ ﺃﺛﺒﺖ ﺍﻟﻄﺒﻴﺐ ﻧﺎﻧﺠﻮ ﺻﺤﺔ ﻣﻮﺗﻬﻢ ﻛﻤﺎ ﺗﻌﻠﻢ.""""","""............Ha... Yani, Eva Teyze'nin ya da diğerlerinden birinin suçlu olduğunu mu söylemeye çalışıyorsun...? Ama Doktor Nanjo bir doktor olarak herkesin ölümünü onayladı, hatırlıyor musun?"""
Kanon,"""......That's right. Doctor Nanjo checked all of the victims. ...Battler‐sama, for your theory to work, wouldn't Doctor Nanjo have to be one of the culprits too?""","""...That's right. Doctor Nanjo checked all of the victims. ...Battler-sama, for your theory to work, wouldn't Doctor Nanjo have to be one of the culprits too?"" ","""......That's right. Doctor Nanjo checked all of the victims. ...Battler-sama, for your theory to work, wouldn't Doctor Nanjo have one of the culprits too?""",「……そうです。南條先生は、全ての犠牲者について確認しています。…もし戦人さんの説を採用するなら、南條先生も犯人ということになりますか？」,「……そうです。南條先生は、全ての犠牲者について確認しています。…もし戦人さまの説を採用するなら、南條先生も犯人ということになりますか？」,"""......Верно. Доктор Нанджо проверил всех жертв. ...Баттлер‐сама, если ваша теория верна, разве это не делает доктора Нанджо одним из преступников?""","""......De fato. O doutor Nanjo checou todas as vítimas. ...Battler‐sama, para a sua teoria funcionar, o doutor Nanjo não teria que ser um dos culpados também?""",「……是的。南条大夫检查过所有的牺牲者。…若是采用战人少爷的说法，那意思是说，南条大夫也成了犯人？」,「……是的。南條大夫檢查過所有的犧牲者。…若是採用戰人少爺的說法，那意思是說，南條大夫也成了犯人？」,"""... Giusto. Il dottor Nanjo ha controllato tutte le vittime. ... Battler-sama, se la tua teoria dovesse funzionare, non dovrebbe essere il dottor Nanjo il colpevole?""","""...Giusto. Il dottor Nanjo ha verificato tutte le vittime... Signorino Battler, secondo la sua teoria, allora il dottor Nanjo sarebbe uno dei colpevoli?""","""Así es. El doctor Nanjo revisó a todas las víctimas. Battler‐sama, para que su teoría funcione, ¿no debería ser el doctor Nanjo también uno de los culpables?""","""......ﺑﺎﻟﺘﺄﻛﻴﺪ. ﻓﺤﺺ ﺍﻟﻄﺒﻴﺐ ﻧﺎﻧﺠﻮ ﻛﻞ ﺍﻟﻀﺤﺎﻳﺎ. ...ﺇﺫﺍ ﺻﺤﺖ ﻧﻈﺮﻳﺘﻚ ﻳﺎ ﺑﺎﺗﻠﺮ-ﺳﺎﻣﺎ، ﺃﻟﻦ ﻳﻜﻮﻥ ﺍﻟﻄﺒﻴﺐ ﻧﺎﻧﺠﻮ ﻣﺠﺮﻣﺎ ﺃﻳﻀﺎ؟""","""......Doğru. Doktor Nanjo tüm kurbanları doğruladı. ...Battler-sama, teorinizin işe yaraması için Doktor Nanjo'nun da suçlulardan biri olması gerekmez mi?"""
Ushiromiya Battler,"""Uh, yeah, that's right!! Once you consider that Doctor Nanjo might have been one of the culprits and faked the proclamation of death, the whole story changes...! See, that's also a cliché in mystery novels, isn't it?!!""","""Uh, yeah, that's right!! Once you consider that Doctor Nanjo might've been one of the culprits and faked the proclamation of death, the whole story changes...! See, that's also a classic trick in mystery novels, isn't it?!!"" ","""Uh, yeah, that's right!! Once you consider that Doctor Nanjo might have been one of the culprits and faked the proclamation of death, the whole story changes...! See, that's also a fallback in mystery novels, isn't it?!!""",「あ、あぁっ、そうだな！！　南條先生が犯人の一味で、嘘の死亡宣告をしていたかもしれないと考えりゃ、話は変わってくるぜ…！ほら、これも推理物のお約束じゃねぇかよ！！」,「あ、あぁっ、そうだな！！　南條先生が犯人の一味で、嘘の死亡宣告をしていたかもしれないと考えりゃ、話は変わってくるぜ…！　ほら、これも推理物のお約束じゃねぇかよ！！」,"""Э‐э, да, точно! Если представить, что доктор Нанджо был одним из преступников и фальсифицировал смерти, то история совершенно меняется!.. Вот видите, это ещё один штамп всех детективов, не правда ли?!!""","""Ah, sim, isso mesmo!! Uma vez que você considere que o doutor Nanjo seja um dos culpados e atestou de forma enganosa uma das mortes, toda a história muda...! Viu, isso também é um clichê em livros de mistérios, não é?!""",「啊、啊啊，没错！！按南条大夫或许是犯人的同伙，做了虚假的死亡证明来想的话，事情就会变得不一样了啊…！看吧，这不也是推理故事的套路吗！！」,「啊、啊啊，沒錯！！按南條大夫或許是犯人的同伙，做了虛假的死亡證明來想的話，事情就會變得不一樣了啊…！看吧，這不也是推理故事的套路嗎！！」,"""Uh, già, giusto!! Se si capisce che il dottor Nanjo può essere uno dei colpevoli, e ha falsato la dichiarazione di morte, cambia l'intera faccenda...! Guardate, anche questa è una fregatura dei romanzi gialli, no?!!""","""G-Già, esatto!! Cambierebbe tutto se pensiamo che il dottor Nanjo possa essere uno dei colpevoli, e che possa aver mentito sulle dichiarazioni di morte...!{n}Visto? Anche questa è una convenzione delle storie gialle!!""","""¡¡Ah, sí, es verdad!! ¡Una vez consideras que el doctor Nanjo pudo ser uno de los culpables y falsificar la proclamación de la muerte, la historia entera cambia! ¡¡¿Lo ven? Eso también es un cliché en las novelas de misterio, ¿no es así?!!""","""ﺃﻭﻩ، ﺃﺟﻞ، ﻣﻌﻚ ﺣﻖ!! ﻳﻤﻜﻨﻨﺎ ﺍﻟﺘﻔﻜﻴﺮ ﻓﻲ ﺃﻥ ﺍﻟﻄﺒﻴﺐ ﻧﺎﻧﺠﻮ ﻫﻮ ﺃﺣﺪ ﺍﻟﺠﻨﺎﺓ ﻭﻗﺪ ﺗﻌﺎﻭﻥ ﻣﻊ ﺍﻟﻤﺠﺮﻡ ﻓﻲ ﺗﺰﻳﻴﻒ ﻣﻮﺗﻪ، ﻫﺬﺍ ﺍﺣﺘﻤﺎﻝ ﻭﺍﺭﺩ ﺍﻟﺤﺪﻭﺙ...! ﻓﻬﻤﺖ، ﻫﺬﻩ ﺍﻟﺤﻴﻠﺔ ﺗﺴﺘﺨﺪﻡ ﻛﺜﻴﺮﺍ ﻓﻲ ﺭﻭﺍﻳﺎﺕ ﺍﻟﻐﻤﻮﺽ، ﺃﻟﻴﺲ ﻛﺬﻟﻚ؟""","""Uh, evet, doğru! Doktor Nanjo'nun suçlulardan biri olabileceğini ve sahte ölüm ilanında bulunmuş olabileceğini düşündüğünüzde, tüm hikaye değişiyor...! Bu da gizem romanlarında kullanılan klişelerden biri değil mi?!!"""
Ushiromiya Maria,"""......But Doctor Nanjo was also killed...""","""...But Doctor Nanjo was also killed, right...?"" ","""......But Doctor Nanjo was also killed, right...?""",「……でも、南條先生も殺されたよ…？」,[=JP],"""......Но доктора Нанджо тоже убили, верно?..""","""......Mas o doutor Nanjo também foi morto...""",「……但是，南条大夫也被杀了哦…？」,「……但是，南條大夫也被殺了哦…？」,"""... Ma anche il dottor Nanjo è stato ucciso, no...?""","""...Ma anche il dottor Nanjo è stato ucciso, no...?""","""Pero el doctor Nanjo también fue asesinado...""","""......ﻭﻟﻜﻦ ﻗﺘﻞ ﺍﻟﻄﺒﻴﺐ ﻧﺎﻧﺠﻮ ﺃﻳﻀﺎ، ﺻﺤﻴﺢ؟""","""......Ama Doktor Nanjo da öldürüldü..."""
Ushiromiya Battler,"""Umm, .........about that... ...That's right, Doctor Nanjo faked his death!""","""Umm, ...about that... ...That's right, Doctor Nanjo faked his death! ","""Umm, .........about that......that's right, Doctor Nanjo faked his death! ",「っと、………それはだな。…そうさ、南條先生は偽装死なんだ！,「っと、………それはだな。…そうさ、南條先生は偽装死なんだ！」,"""Ум‐м......... насчёт этого... Значит, доктор Нанджо сымитировал свою смерть!""","""Hmm, .........sobre isso... ...Isso mesmo, o doutor Nanjo forjou a própria morte!""",「呃，………这个嘛。…对了，南条大夫是在装死！」,「呃，………這個嘛。…對了，南條大夫是在裝死！」,"""Umm... per quello... esatto, il dottor Nanjo ha falsificato la sua morte!!","""Uhm... riguardo a quello... Ma certo, il dottor Nanjo ha inscenato la propria morte!""","""Umm... sobre eso... ¡Eso es, el doctor Nanjo fingió su muerte!""","""ﺃﻣﻢ،........ﺑﺎﻟﻨﺴﺒﺔ ﻟﻬﺬﺍ... ...ﺭﺑﻤﺎ ﺯﻳﻒ ﺍﻟﻄﺒﻴﺐ ﻧﺎﻧﺠﻮ ﻣﻮﺗﻪ!","""Umm, .........bunun hakkında... ...Bu doğru, Doktor Nanjo ölü taklidi yaptı!"""
Ushiromiya Battler,"""I mean, there wasn't anyone except Doctor Nanjo who could examine corpses properly, and everyone was really confused then anyway. We didn't have any spare time to check and see if he still had a pulse! With this theory, any one of the dead people could have been walking around!""","After all, there wasn't anyone except Doctor Nanjo who could examine corpses properly, and everyone was really confused then anyway. We didn't have any spare time to check and see if he still had a pulse! With this theory, any one of the dead people could've been walking around!"" ","After all, there wasn't anyone except Doctor Nanjo who could examine corpses properly, and everyone was really confused then anyways. We didn't have any spare time to check and see if he still had a pulse! With this theory, any one of the dead people could have been walking around!""",何しろ、南條先生以外に検死ができるやつはいねぇし、あの時はもう混乱してる状況下だ。本当に脈が止まってるかなんて、のんびり確かめてる暇もなかったぜ！　この論法なら、死者は誰だって歩き回れたことになる！」,「何しろ、南條先生以外に検死ができるやつはいねぇし、あの時はもう混乱してる状況下だ。本当に脈が止まってるかなんて、のんびり確かめてる暇もなかったぜ！　この論法なら、死者は誰だって歩き回れたことになる！」,"""В конце концов, никто кроме доктора Нанджо не мог провести аутопсию, да и в любом случае, все были слишком растеряны. У нас не было лишнего времени, чтобы проверить, был ли у него ещё пульс! С этой теорией любой из мертвецов мог разгуливать по округе!""","""Quero dizer, não havia ninguém além do doutor Nanjo que podia examinar os cadáveres propriamente, e todos estavam realmente confusos com tudo aquilo. Nós nem tivemos tempo para checar e ver se ainda tinham pulso! Com essa teoria, qualquer um dos mortos poderia ter ficado andando por aí!""",「毕竟，除了南条大夫以外就没有别的能验尸的人了，那时情况已经一片混乱。就连好好确认一下脉搏是不是真停止跳动了的工夫都没有啊！按这推论的话，死者中每个人都可以肆意行动！」,「畢竟，除了南條大夫以外就沒有別的能驗屍的人了，那時情況已經一片混亂。就連好好確認一下脈搏是不是真停止跳動了的工夫都沒有啊！按這推論的話，死者中每個人都可以肆意行動！」,"Dopotutto, non c'era nessun altro a parte il dottor Nanjo che potesse condurre un'autopsia, e ad ogni modo tutti erano davvero confusi. Non avevamo nessun attimo libero per controllare e vedere se aveva ancora il battito del cuore! {n}Con questa teoria, qualsiasi vittima poteva andare in giro!""","""Dopotutto, a parte il dottor Nanjo, non c'era nessun altro che potesse esaminare i cadaveri, ed eravamo già agitati di nostro. Non abbiamo avuto neanche un attimo di tempo per controllare con calma se il loro cuore avesse smesso di battere! Con questo ragionamento, qualsiasi vittima avrebbe potuto vagare in giro!""","""Quiero decir, no había nadie además del doctor Nanjo que pudiese examinar cadáveres apropiadamente, y todo el mundo estaba confundido por entonces. ¡No tuvimos tiempo de sobra para ver si todavía tenía pulso! ¡Con esta teoría, cualquiera de los muertos podría haber estado caminando por ahí!""","ﺣﻴﻨﻬﺎ ﻛﻨﺎ ﻣﺸﻮﺷﻴﻦ ﻭﻓﻲ ﺣﻴﺮﺓ ﻣﻦ ﺃﻣﺮﻧﺎ، ﻛﻤﺎ ﺃﻥ ﺍﻟﻄﺒﻴﺐ ﻧﺎﻧﺠﻮ ﻛﺎﻥ ﻫﻮ ﺍﻟﻮﺣﻴﺪ ﺍﻟﺬﻱ ﺑﻤﻘﺪﻭﺭﻩ ﻓﺤﺺ ﺍﻟﺠﺜﺚ. ﻭﻟﻢ ﻳﻜﻦ ﻟﺪﻳﻨﺎ ﺍﻟﻮﻗﺖ ﻟﻨﺘﺄﻛﺪ ﺃﻧﻪ ﺣﻘﺎ ﻣﻴﺖ! ﺑﻬﺬﺍ ﺍﻟﻤﻨﻄﻖ، ﻛﻞ ﺍﻟﻤﻮﺗﻰ ﻣﺠﺮﻣﻮﻥ ﻣﺤﺘﻤﻠﻮﻥ!""","""Yani, Doktor Nanjo dışında cesetleri düzgün bir şekilde inceleyebilecek kimse yoktu ve zaten o zamanlar herkesin kafası gerçekten karışıktı. Hâlâ nabzı atıyor mu diye kontrol edecek boş vaktimiz yoktu! Bu teoriye göre, ölülerden herhangi biri etrafta dolaşıyor olabilirdi!"""
Shannon,""".........I think that it would have been hard for the six of us who died in the beginning to do that... ......After all, the shutter was closed, ...and there was a padlock that couldn't have been opened from the inside...""","""...I think it would've been hard for the six of us who died in the beginning to do that... ...After all, the shutter was closed, ...and there was a padlock that couldn't have been opened from the inside..."" ",""".........I think that it would have been hard for the six of us who died in the beginning to do that... ......After all, the shutter was closed, ...and there was a padlock that couldn't have been opened from the inside...""",「………私たち最初の６人は難しかったんじゃないかと思います…。……だって、シャッターを閉められた上に、…内側からは開けられない南京錠を掛けられちゃいましたし…。」,「………私たち最初の６人は難しかったんじゃないかと思います…。……だって、シャッターを閉められた上に、…内側からは開けられない南京錠を掛けられちゃいましたし…」,""".........Мне кажется, что это было бы сложно для шести из нас, погибших в самом начале... ......Всё‐таки дверь кладовой была заперта... и на ней был навесной замок, который нельзя открыть изнутри...""",""".........Eu acho que seria difícil para qualquer um de nós seis que morremos no início fazer algo assim... ......Afinal, o {i:shutter} estava fechado, ...e havia um cadeado que não permitia que fosse aberto por dentro...""",「………我觉得，这对于我们最初的六人来说是不是有些困难呢…？……毕竟，关上了卷闸门后，…还在外面上了一把从内侧无法打开的挂锁呢…」,「………我覺得，這對於我們最初的六人來說是不是有些困難呢…？……畢竟，關上了卷閘門後，…還在外面上了一把從內側無法打開的掛鎖呢…」,"""... Credo che sarebbe stato difficile per noi sei morti all'inizio... dopotutto, la saracinesca era chiusa... e c'era una serratura che non poteva essere aperta dall'interno...""","""...Credo che per noi sei morti all'inizio, sarebbe stato difficile... Dopotutto, la saracinesca era chiusa... e c'era un lucchetto che non poteva essere aperto dall'interno...""","""Creo que habría sido difícil hacer eso para los 6 que murieron al principio... Después de todo, la persiana metálica estaba cerrada, y había un candado que no podía ser abierto desde dentro...""",""".........ﻟﻜﻦ ﻳﺼﻌﺐ ﻓﻌﻞ ﻫﺬﺍ ﻋﻠﻰ ﺍﻟﺴﺘﺔ ﺍﻟﺬﻳﻦ ﻗﺘﻠﻮﺍ ﻓﻲ ﺍﻟﺠﺮﻳﻤﺔ ﺍﻷﻭﻟﻰ.........ﻓﻘﺪ ﺃﻏﻠﻘﺘﻢ ﻋﻠﻰ ﺟﺜﺜﻨﺎ ﺑﻘﻔﻞ ﺍﻟﺒﺎﺏ ﺑﺤﻴﺚ ﻻ ﻳﻤﻜﻦ ﻓﺘﺤﻪ ﻣﻦ ﺍﻟﺪﺍﺧﻞ.""",""".........Başlangıçta ölen altı kişi için bunu yapmak zor olurdu diye düşünüyorum... ......Ne de olsa kepenk kapalıydı, ...ve içeriden açılması mümkün olmayan bir asma kilit vardı..."""
Ushiromiya Jessica,"""Yeah. Mom was holding onto that key. So was Mom one of the culprits too?""","""That's right. Mom was holding onto that key. So was Mom one of the culprits too?"" ","""That's right. Mom was holding onto that key. So was Mom one of the culprits too?""",「そうだぜ。その鍵は母さんが預かった。じゃあ、母さんも犯人の一味だってのかよ？」,[=JP],"""Верно. Мама носила этот ключ. Значит, мама тоже была одним из преступников?""","""Sim. Minha mãe estava com a chave. Então ela também seria um dos culpados?""",「是嘞。这把锁的钥匙是妈妈保管的。难不成，妈妈也和犯人成了一伙的吗？」,「是嘞。這把鎖的鑰匙是媽媽保管的。難不成，媽媽也和犯人成了一伙的嗎？」,"""Esatto. Mamma stava tenendo la chiave. Allora anche Mamma era una dei colpevoli?""","""Esatto. La chiave era custodita da mia mamma. Allora anche mamma sarebbe una dei colpevoli?""","""Sí. Mamá tenía esa llave. ¿Así que que mamá también era uno de los culpables?""","""ﺻﺤﻴﺢ. ﻭﻣﻔﺘﺎﺡ ﺍﻟﻤﺴﺘﻮﺩﻉ ﺍﻟﻮﺣﻴﺪ ﻛﺎﻥ ﺑﺤﻮﺯﺓ ﺃﻣﻲ. ﺇﺫﻥ ﻫﻞ ﺃﻣﻲ ﻣﺘﻌﺎﻭﻧﺔ ﻣﻊ ﺍﻟﻤﺠﺮﻣﻴﻦ؟""","""Evet. O anahtar Annemdeydi. Yani Annem de suçlulardan biri mi?"""
Ushiromiya Battler,"""...Aaaaaaah, wait a sec, ...maybe it was impossible for the first six, but in the case of Aniki's parents, the door was only locked on the outside. So they could have opened it from the inside... ...That's right, after we left the room, maybe they jumped out the window and got to the boiler room first!""","""...Aaaaaaah, wait a sec... Maybe it was impossible for the first six, but in the case of Aniki's parents, the door was only locked on the outside. So they could've opened it from the inside... ...That's right, after we left the room, maybe they jumped out the window and got to the boiler room first! ","""...Aaaaaaah, wait a sec, ..., maybe it was impossible for the first six, but in the case of Aniki's parents, the door was only locked on the outside. So they could have opened it from the inside......That's right, after we left the room, maybe they jumped out the window and got to the boiler room first! ",「…あぁあぁぁぁ、いやいや、…、最初の６人は無理そうだが、絵羽伯母さんたちは外から鍵を掛けただけだろ。なら内側から開けられるし…、…そうさ、俺たちが部屋を出た後、窓から飛び出して、ボイラー室に先回りしたとか！,「…あぁあぁぁぁ、いやいや…、最初の６人は無理そうだが、絵羽伯母さんたちは外から鍵を掛けただけだろ。なら内側から開けられるし…、…そうさ、俺たちが部屋を出た後、窓から飛び出して、ボイラー室に先回りしたとか！」,"""...А‐а‐а, секундочку... может, это и было невозможно для первых шести, но в случае с родителями Аники дверь была заперта только снаружи. Таким образом, они могли открыть её изнутри... ...Точно, да и может быть, они выпрыгнули из окна после того, как мы покинули комнату, и первыми добрались до котельной!""","""...Aaaaaaah, espera um pouco, ...pode ser que seja impossível para os seis primeiros, mas no caso dos pais do aniki, a porta só estava trancada por fora. Então eles poderiam abrir ela por dentro... ...Isso mesmo, depois que deixamos o quarto, eles pularam pela janela e foram para sala da caldeira antes de nós!""",「…啊啊啊啊啊啊，不是不是…，虽说最初的六人可能是难以做到，但绘羽姑母他们死的时候，只是从外面锁上了门而已吧。那么从内侧也可以打开…，…对了，比如说等我们离开房间后，从窗户跳出去，赶在我们前面进了锅炉室！」,「…啊啊啊啊啊啊，不是不是…，雖說最初的六人可能是難以做到，但繪羽姑母他們死的時候，只是從外面鎖上了門而已吧。那麼從內側也可以打開…，…對了，比如說等我們離開房間後，從窗戶跳出去，趕在我們前面進了鍋爐室！」,"""... Aaaaaaah, un attimo... forse era impossibile per i primi sei, ma per i genitori di Aniki, la porta era chiusa solamente dall'esterno. Quindi possono averla aperta dall'interno... giusto, dopo che abbiamo lasciato la stanza, forse loro son saltati giù dalla finestra e sono andati per primi nella stanza della caldaia!","""...Aaaaaaah, un attimo, un attimo... Forse era impossibile per i primi sei, ma per zia Eva e zio Hideyoshi la porta era chiusa solamente dall'esterno. Per cui, possono averla aperta dall'interno, e... Giusto, dopo che abbiamo lasciato la stanza, saranno saltati giù dalla finestra e sono andati per primi nella sala caldaie...!""","""Aaaaaaah, esperen un segundo... quizás fuese imposible para uno de los primeros 6, pero en el caso de los padres de Aniki, la puerta solo estaba cerrada desde fuera. Por lo que podrían haberla abierto desde adentro... ¡Eso es, después de que dejamos la habitación, quizás saltaron desde la ventana y llegaron antes a la sala de calderas!""","""...ﺁﺁﺁﺁﺁﺁﻩ، ﻣﻬﻼ ﻟﺤﻈﺔ، ﺭﺑﻤﺎ ﻛﺎﻥ ﺫﻟﻚ ﻣﺴﺘﺤﻴﻼ ﻋﻠﻰ ﺍﻟﺴﺘﺔ ﺍﻷﻭﺍﺋﻞ، ﻭﻟﻜﻦ ﻓﻲ ﺣﺎﻟﺔ ﻭﺍﻟﺪﻱ ﺃﺧﻲ ﺟﻮﺭﺝ، ﻛﺎﻥ ﺍﻟﺒﺎﺏ ﻣﻐﻠﻘﺎ ﻣﻦ ﺍﻟﺨﺎﺭﺝ ﻓﻘﻂ. ﻟﺬﺍ ﺭﺑﻤﺎ ﺃﻣﻜﻨﻬﻤﺎ ﻓﺘﺤﻪ ﻣﻦ ﺍﻟﺪﺍﺧﻞ... ...ﻫﺬﺍ ﺻﺤﻴﺢ، ﺭﺑﻤﺎ ﻗﻔﺰﺍ ﻣﻦ ﺍﻟﻨﺎﻓﺬﺓ ﺑﻌﺪ ﻣﺎ ﺧﺮﺟﻨﺎ ﻣﻦ ﺍﻟﻐﺮﻓﺔ، ﻭﻭﺻﻼ ﺇﻟﻰ ﻏﺮﻓﺔ ﺍﻟﺴﺨﺎﻥ ﻗﺒﻠﻨﺎ!","""...Aaaaaaah, bekle bir saniye, ...belki ilk altısı için imkansızdı ama Aniki'nin anne ve babasının durumunda kapı sadece dışarıdan kilitliydi. Yani içeriden açabilirlerdi... ...Doğru, biz odadan çıktıktan sonra, belki de pencereden atladılar ve kazan dairesine ilk onlar ulaştı!"""
Ushiromiya Battler,"""Is, ......is that too much...?! Or maybe Doctor Nanjo made a mistake when examining the corpses?!""","...I-Is that too much of a stretch...?! Or maybe Doctor Nanjo made a mistake when examining the corpses?!"" ","Is, ......is that too much...?! Or maybe Doctor Nanjo made a mistake when examining the corpses?! ",く、……苦しいか…？！　あるいは南條先生も検死を誤ったとかな？！,「く、……苦しいか…？！　あるいは南條先生も検死を誤ったとかな？！」,"""Или...... или это уже чересчур?! Или может быть, доктор Нанджо ошибся при диагностике смерти?!""","""Isso, ......isso não é um pouco demais...?! Ou talvez o doutor Nanjo tenha se enganado quando examinou os corpos?!""",「太、……太牵强了吗…？！或许是南条大夫验尸出错了？！」,「太、……太牽強了嗎…？！或許是南條大夫驗屍出錯了？！」,È... È troppo...?! O forse il dottor Nanjo ha fatto un errore con l'autopsia?!,"""V-Vi sembra forzato...?! Forse il dottor Nanjo avrà fatto un errore nell'esaminare i cadaveri?!""","""¡¿E-Es eso demasiado?! ¡¿O quizás el doctor Nanjo cometió un error al examinar los cadáveres?!""",ﻫـ..ﻫﻞ ﺃﺑﺎﻟﻎ ﻓﻲ ﻛﻼﻣﻲ...؟ ﺃﻭ ﺭﺑﻤﺎ ﺃﺧﻄﺄ ﺍﻟﻄﺒﻴﺐ ﻧﺎﻧﺠﻮ ﺑﻔﺤﺺ ﺍﻟﺠﺜﺚ؟,"""Bu, ......Bu çok mu fazla...?! Ya da belki Doktor Nanjo cesetleri incelerken bir hata yapmıştır?!"""
Ushiromiya Battler,"""Look, he said it himself, right? He said that there's a very high probability of making a mistake when examining corpses! They disguised it well, or prepared a substitute corpse or something, and faked their own death!! Let's leave the method or trick they used for later...and...you see, it's not that hard to deny a 19th person existed!""","""Look, he said it himself, right? He said there's a very high probability of making a mistake when examining corpses! If you disguised it well enough or prepared a substitute body, you could fake your own death!! Let's leave the method or trick they used for later...and you see, it's not that hard to deny a 19th person existed, right?! ","Look, he said it himself, right? He said that there's a very high probability of making a mistake when examining corpses! If you disguised it well enough or prepared a substitute body, you could fake your own death!! Let's leave the method or trick they used for later...and you see, it's not that hard to deny a 19th person existed, right?! ",ほら、自分でも言ってたぜ？　検死は誤診率が高いとかって！　うまく偽装したとか、身代わり死体を用意したとかで、死を誤魔化したんだ！！　方法やトリックは、これから考えるとして、とにかくとにかく、１９人目を否定することはそう難しいことじゃないんだ！,「ほら、自分でも言ってたぜ？　検死は誤診率が高いとかって！　うまく偽装したとか、身代わり死体を用意したとかで、死を誤魔化したんだ！！　方法やトリックは、これから考えるとして、とにかくとにかく、１９人目を否定することはそう難しいことじゃないんだ！」,"""Слушайте, он же сам сказал, верно? Аутопсия имеет высокий шанс неправильного диагноза! Они хорошенько всё замаскировали или подготовили подставное тело, а затем сымитировали свою собственную смерть!!! Давайте отложим вопрос об использованном методе или трюке на потом... главное, не так уж сложно отрицать, что 19‐й человек существовал!""","""Ei, ele mesmo disse isso, não disse? Ele disse que tinha uma alta possibilidade dele ter se enganado quando examinou os corpos! Eles disfarçaram bem, ou prepararam um corpo substituto e fingiram as próprias mortes!! Vamos deixar o método ou o truque que eles usaram para depois...e...como podem ver, não é tão difícil negar a existência de uma 19ª pessoa!""",「对了，他自己也说过啊？验尸的误诊率很高的！犯人可能用了巧妙的伪装，或者事先准备了代替自己的尸体，伪装出了死的假象！！方法和诡计，可以以后再想，总之不管怎样，要否定第十九人并不难啊！」,「對了，他自己也說過啊？驗屍的誤診率很高的！犯人可能用了巧妙的偽裝，或者事先準備了代替自己的屍體，偽裝出了死的假象！！方法和詭計，可以以後再想，總之不管怎樣，要否定第十九人並不難啊！」,"L'ha detto lui stesso, giusto? Ha detto che le autopsie hanno una gran percentuale di diagnosi sbagliata! Se si dissimula per bene, o si prepara un corpo da sostituire, ci si può fingere morti!! Possiamo pensare al metodo o al trucco dopo... vedete, non è difficile negare l'esistenza di una diciannovesima persona, no?!","""Ecco, l'ha detto lui stesso, no? Ha detto che nelle autopsie c'è un alto tasso di diagnosi errate! Ci si può fingere morti se si dissimula per bene, o se si prepara un cadavere con cui sostituirsi!! Possiamo pensarci dopo al metodo o al trucco usato, ma in ogni caso, non è complicato negare che vi sia una 19ª persona!""","""Miren, él mismo lo dijo, ¿no? ¡De que hay una gran posibilidad de cometer un error al examinar cadáveres! ¡¡El culpable lo disfrazó bien, o preparó un cuerpo sustituto o algo así, y fingió su muerte!! Dejemos el método o truco que usaron para luego... y... ¿No lo ven? ¡No es tan difícil negar que una 19.ª persona existió!""",ﺃﻟﻢ ﻳﻘﻞ ﺫﻟﻚ ﺑﻨﻔﺴﻪ؟ ﻗﺎﻝ ﺃﻥ ﻫﻨﺎﻙ ﺍﺣﺘﻤﺎﻻ ﻛﺒﻴﺮﺍ ﻻﺭﺗﻜﺎﺏ ﺧﻄﺄ ﻋﻨﺪ ﻓﺤﺺ ﺍﻟﺠﺜﺚ! ﺇﺫﺍ ﺷﻮﻫﺖ ﺍﻟﺠﺜﺔ ﺑﺎﺗﻘﺎﻥ ﺃﻭ ﺧﺪﻋﻮﻩ ﺑﻮﺍﺳﻄﺔ ﺟﺜﺔ ﺑﺪﻳﻠﺔ، ﻓﻴﻤﻜﻦ ﺗﺰﻳﻴﻒ ﺍﻟﻤﻮﺕ! ﻟﻨﺘﺮﻙ ﺍﻟﻄﺮﻳﻘﺔ ﺃﻭ ﺍﻟﺨﺪﻋﺔ ﺍﻟﺘﻲ ﺍﺳﺘﺨﺪﻣﻮﻫﺎ ﻟﻮﻗﺖ ﻻﺣﻖ... ﻛﻤﺎ ﺗﺮﻭﻥ، ﻟﻴﺲ ﻣﻦ ﺍﻟﺼﻌﺐ ﺇﻧﻜﺎﺭ ﻭﺟﻮﺩ ﺍﻟﺸﺨﺺ ﺍﻟﺘﺎﺳﻊ ﻋﺸﺮ، ﺃﻟﻴﺲ ﻛﺬﻟﻚ؟!,"""Kendisi de söylemedi mi? Cesetleri incelerken hata yapma olasılığının çok yüksek olduğunu söylemişti! İyi gizlenmişler ya da yedek bir ceset falan hazırlamışlar ve kendi ölümlerini taklit etmişlerdir!! Kullandıkları yöntemi ya da numarayı sonraya bırakalım...ve...görüyorsunuz, 19. bir kişinin varlığını inkâr etmek o kadar da zor değil!"""
Ushiromiya Battler,"""Much less a {i:witch}! At least that much is completely impossible!!""","Much less a witch, right? At least that much is completely impossible!!"" ","Much less a witch, right? At least that much is completely impossible!!""",ましてや魔女ぉ？　それだけは断じてありえねぇ！！」,「ましてや魔女ぉ？　それだけは断じてありえねぇ！！」,"""Тем более {i:ведьма}! Как минимум это уж точно абсолютно невозможно!!!""","""Muito menos uma {i:bruxa}! Ao menos isso é completamente impossível!!""",「更何况是魔女？只有这是绝对不可能的！！」,「更何況是魔女？只有這是絕對不可能的！！」,"Ancora meno quella di una strega, giusto? Almeno quello è sicuramente impossibile!!""","""Tantomeno che vi sia una {i:strega}, giusto? Sicuramente non può essere quello!!""","""¡Mucho menos una {i:bruja}! ¡¡Al menos eso es completamente imposible!!""","ﻻ ﻳﻮﺟﺪ {f:3:ﺳﺎﺣﺮﺓ}، ﺻﺤﻴﺢ؟! ﻋﻠﻰ ﺍﻷﻗﻞ ﻫﺬﺍ ﻣﺴﺘﺤﻴﻞ ﺗﻤﺎﻣﺎ!!""","""Bir {i:cadı} bile değil! En azından bu kadarı tamamen imkansız!!"""
Ushiromiya Maria,"""............I don't know why you've been trying so stubbornly to say that one of us is the culprit. Kihihi{0}hi{0}hi{0}hi{0}hi{0}hi{0}hihi, in other words, you want to suspect one of your relatives...?""","""...I don't know why you've been trying so stubbornly to say that one of us is the culprit. Kihihihihihihihihihi. In other words, you want to suspect one of your relatives...?"" ","""............I don't know why you've been trying so stubbornly to say that one of us is the culprit. Kihihihihihihihihihi, in other words, you wants to suspect one of your relatives...?""",「…………戦人がさっきから、何で頑なに、みんなの中に犯人がいるようにしたいのか、わかんない。きひひひひひひひひひ、つまり戦人は、親族の誰かを疑いたいんだよね…？」,[=JP],"""............Я не знаю, почему ты так упрямо пытаешься доказать, будто один из нас преступник. Ки‐хи‐хи‐хи‐хи‐хи‐хи‐хи‐хи‐хи, другими словами, ты хочешь подозревать одного из твоих родственников?..""","""............Não sei por que você está sendo tão teimoso, tentando dizer que um de nós é o culpado. Kihihi{0}hi{0}hi{0}hi{0}hi{0}hi{0}hihi, em outras palavras, você quer suspeitar de um de seus parentes...?""",「…………战人为什么从刚才开始，就那么顽固地想让犯人出现在我们之中呢？搞不懂。唧嘻嘻嘻嘻嘻嘻嘻嘻嘻，总之战人是想怀疑亲戚里的人吧…？」,「…………戰人為什麼從剛才開始，就那麼頑固地想讓犯人出現在我們之中呢？搞不懂。唧嘻嘻嘻嘻嘻嘻嘻嘻嘻，總之戰人是想懷疑親戚裡的人吧…？」,"""... Non capisco perché Battler sta provando così testardamente a dire che uno di noi è il colpevole. Kihihihihihihihihihi, in altre parole, Battler vuole sospettare di uno dei suoi parenti...?""","""...Non capisco perché Battler si stia incaponendo a provare che il colpevole fosse uno di noi. Kihihi{0}hi{0}hi{0}hi{0}hi{0}hi{0}hihi, Battler vuole sospettare di uno dei suoi parenti...?""","""... No sé por qué insistes tanto en decir que uno de nosotros es el culpable. Kijiji{0}ji{0}ji{0}ji{0}ji{0}ji{0}jiji, en otras palabras, ¿quieres sospechar de uno de tus familiares?""","""............ﻻ ﺃﻓﻬﻢ ﻳﺎ ﺑﺎﺗﻠﺮ ﻣﺎ ﻳﺠﻌﻠﻚ ﻣﺘﻤﺴﻜﺎ ﺟﺪﺍ ﺑﻔﻜﺮﺓ ﻭﺟﻮﺩ ﺍﻟﻤﺠﺮﻡ ﺑﻴﻨﻨﺎ. ﻛﻴﻬﻴﻬﻲ{0}ﻫﻲ{0}ﻫﻲ{0}ﻫﻲ{0}ﻫﻲ{0}ﻫﻲ{0}ﻫﻲ{0}ﻫﻴﻬﻴﻬﻴﻬﻲ، ﺃﻱ ﺃﻧﻚ ﺗﺮﻳﺪ ﺃﻥ ﺗﺸﻚ ﻓﻲ ﺃﺣﺪ ﺃﻗﺎﺭﺑﻚ...؟""","""............Battler'ın neden inatla bizden birinin suçlu olduğunu söylemeye çalıştığını anlamıyorum. Kihihi{0}hi{0}hi{0}hi{0}hi{0}hi{0}hihi, yani Battler, akrabalarının birinden mi şüphelenmek istiyorsun...?"""
Ushiromiya Battler,"""That's not it... It's just, uh, I can't easily accept that a 19th person existed...and even if one did, I think we should construct our argument from the point of view that the culprit was a human—witches are something you only start talking about in desperation, at the very end, after everything else has been disproved, that's what I'm trying to say.""","""That's not it... It's just, uh, I can't easily accept that a 19th person existed...and even if one did, I think we should construct our argument from the point of view that the culprit was a human. I'll only accept that it's a witch in desperation, at the very end, after everything else has been disproved."" ","""That's not it... It's just, uh, I can't easily accept that a 19th person existed...and even if one did, I think we should construct our argument from the point of view that the culprit was a human. I'll only accept that it's a witch in desperation, at the very end, after everything else has been disproved.",「そういうわけじゃねぇ…。ただその、安易に１９人目を肯定はできねぇし、仮にいたとしてもそれは人間だって見地から話を構築すべきであって、それら全部を否定しきった最後の最後で苦し紛れに出てくるのが魔女だろって話をしたいんだ。,「そういうわけじゃねぇ…。ただその、安易に１９人目を肯定はできねぇし、仮にいたとしてもそれは人間だって見地から話を構築すべきであって、それら全部を否定しきった最後の最後で苦し紛れに出てくるのが魔女だろって話をしたいんだ」,"""Дело не в этом... Просто, гм, я не могу так сразу принять, что существовал 19‐й человек... и даже если он существовал, я думаю, мы должны строить свои рассуждения с точки зрения того, что преступником был человек. Думать о ведьмах можно разве что совсем отчаявшись, в самом конце, когда всё остальное уже опровергнуто, что я и пытаюсь до вас донести.""","""Não é isso... É só que, bem, eu não posso facilmente aceitar a existência de um a 19ª pessoa...e mesmo se fizermos isso, eu acho que devemos construir nossos argumentos pelo ponto de vista de que o culpado é humano — bruxas são algo que você só começa a falar quando está desesperado e, no final, depois que tudo tiver sido refutado, é isso que estou querendo dizer.""",「不是的…。我只是认为，不能轻易肯定有第十九人，就算有也应该以他是人类的观点为基础来构筑事件全貌。如果最后的最后，这些全部都被否定掉了，在无可奈何的情况下才有魔女这一说啊。」,「不是的…。我只是認為，不能輕易肯定有第十九人，就算有也應該以他是人類的觀點為基礎來構築事件全貌。如果最後的最後，這些全部都被否定掉了，在無可奈何的情況下才有魔女這一說啊。」,"""Non è così... è solo che, uh, non posso accettare così facilmente che esista una diciannovesima persona... e anche se uno lo facesse, credo che dovremmo basare i nostri ragionamenti dal punto di vista che è stato un umano. Accetterò che è opera di una strega solamente in preda alla disperazione, alla fine, dopo che tutto il resto è stato smentito.","""Non è così... Voglio solo dire che non posso accettare così facilmente che esista una 19ª persona, e anche se ve ne fosse una, dovremmo basare i nostri discorsi sulla base che essa sia un essere umano, e che le streghe sono elementi che saltano fuori alla fine, quando si è in preda alla disperazione e ogni cosa è stata smentita.""","""No es eso... Es solo que, eh, no puedo aceptar tan fácilmente que una 19.ª persona existía... e incluso si este fuese el caso, creo que deberíamos construir nuestro argumento desde el punto de vista de que el culpable era un humano. Lo de las brujas es algo que solo dirías con desesperación, justo al final, después de que todo lo demás haya sido refutado, eso intento decir.""","""ﻫﺬﺍ ﻟﻴﺲ ﻣﺎ ﻗﺼﺪﺗﻪ... ﺇﻧﻪ ﻓﻘﻂ، ﺁﻩ، ﻻ ﻳﻤﻜﻨﻨﻲ ﺃﻥ ﺃﻗﺒﻞ ﺑﺴﻬﻮﻟﺔ ﺃﻥ ﺍﻟﺸﺨﺺ ﺍﻟﺘﺎﺳﻊ ﻋﺸﺮ ﻛﺎﻥ ﻣﻮﺟﻮﺩﺍ... ﻭﺣﺘﻰ ﻟﻮ ﻛﺎﻥ ﻛﺬﻟﻚ، ﺃﻋﺘﻘﺪ ﺃﻧﻨﺎ ﻳﺠﺐ ﺃﻥ ﻧﺒﻨﻲ ﺣﺠﺘﻨﺎ ﻣﻦ ﻭﺟﻬﺔ ﻧﻈﺮ ﺃﻥ ﺍﻟﺠﺎﻧﻲ ﻛﺎﻥ ﺇﻧﺴﺎﻧﺎ.ﻟﻦ ﺃﻗﺒﻞ ﺑﻮﺟﻮﺩ ﺍﻟﺴﺎﺣﺮﺓ ﺇﻻ ﻣﻦ ﺑﺎﺏ ﺍﻟﻴﺄﺱ ﻭﺑﻌﺪ ﺃﻥ ﺃﺳﺘﻨﻔﺪ ﻛﻞ ﺍﻟﺨﻴﺎﺭﺍﺕ ﺍﻟﻤﻤﻜﻨﺔ ﻓﻲ ﺍﻟﻨﻬﺎﻳﺔ!","""Öyle değil... Sadece, 19. bir kişinin var olduğunu kolay kolay kabul edemem...ve öyle olsa bile, argümanımızı suçlunun bir insan olduğu bakış açısıyla oluşturmamız gerektiğini düşünüyorum—cadılar sadece çaresizlik içinde, en sonunda, diğer her şey çürütüldükten sonra konuşmaya başladığınız bir şeydir, söylemeye çalıştığım bu."""
Ushiromiya Battler,"""I mean, come on, there's no way witches exist, right?! Why have you all just been casually accepting that the culprit was a witch?""","""There's no way witches exist, right?! Why has everyone been casually accepting that the culprit was a witch? "," There's no way witches exist, right?! Why has everyone been casually accepting that the culprit was a witch?",魔女なんているわけないだろ？！　何でさっきからみんなは、魔女が犯人ってことでひょいひょい納得したがるんだ？,「魔女なんているわけないだろ？！　何でさっきからみんなは、魔女が犯人ってことでひょいひょい納得したがるんだ？」,"""Подумайте, ведьмы же не могут существовать, верно?! Почему все спокойно соглашаются с тем, что преступник — ведьма?""","""Quero dizer, vamos, não tem como uma bruxa existir, certo?! Por que vocês estão aceitando tão casualmente que o culpado é uma bruxa?""",「不可能会有魔女吧？！为什么从刚才开始，大家都那么轻易就接受犯人是魔女了啊？」,「不可能會有魔女吧？！為什麼從剛才開始，大家都那麼輕易就接受犯人是魔女了啊？」,"Le streghe non possono esistere, giusto?! Perché stanno tutti accettando con noncuranza che il colpevole è una strega?","""Le streghe non possono esistere, giusto?! Perché state tutti accettando con superficialità che il colpevole sia una strega?""","""Quiero decir, vamos, ¡no hay forma de que las brujas existan, ¿verdad?! ¿Por qué todos ustedes han estado aceptando tan casualmente que el culpable es una bruja?""",ﻳﺴﺘﺤﻴﻞ ﻭﺟﻮﺩ ﺍﻟﺴﺎﺣﺮﺍﺕ، ﺻﺤﻴﺢ؟ ﻟﻤﺎﺫﺍ ﺃﺻﺒﺢ ﺍﻟﺠﻤﻴﻊ ﺭﺍﻏﺒﻴﻦ ﺑﻌﻔﻮﻳﺔ ﺑﺘﻘﺒﻞ ﻭﺟﻮﺩ ﺍﻟﺴﺎﺣﺮﺓ ﻛﻤﺠﺮﻡ؟,"""Yani, hadi ama, cadıların var olmasına imkan yok, değil mi?! Neden hepiniz suçlunun bir cadı olduğunu kabul ediyorsunuz?"""
Ushiromiya Battler,"""I think it's great how your family love makes you hate the thought that someone close to you is a murderer. But is it alright to just brush things over like that?! Don't you want to find the detestable culprit who killed so many people?!""","I think it's great how your family love makes you hate the thought that someone close to you is a murderer. But is it okay to let that fool you?! Don't you want to find the detestable culprit who killed so many people?!"" "," I think it's great how your family love makes you hate the thought that someone close to you is a murderer. But is it alright to let that fool you?! Don't you want to find the detestable culprit who killed so many people?! ",　そりゃ、身内に殺人犯がいると思いたくねぇ家族愛は立派さ。でも、それで誤魔化しちまっていいのかよ？！　あれだけ大勢を殺した憎き犯人を見つけ出したいとは思わねぇのかよ？！,「そりゃ、身内に殺人犯がいると思いたくねぇ家族愛は立派さ。でも、それで誤魔化しちまっていいのかよ？！　あれだけ大勢を殺した憎き犯人を見つけ出したいとは思わねぇのかよ？！」,"""Конечно, замечательно, что ваша любовь к семье заставляет вас ненавидеть мысль, будто кто‐то из ваших близких — убийца. Но стоит ли позволять этому одурачить вас?! Неужели вы не хотите найти отвратительного преступника, убившего стольких людей?!""","""Eu acho ótimo que o amor pela família faz com que vocês odeiem pensar que alguém próximo a vocês é um assassino. Mas está tudo bem, apenas deixar as coisas dessa forma?! Vocês não querem encontrar o detestável culpado que matou tantas pessoas?!""",「不愿想象自家人里有杀人犯，这份亲情是很了不起。但是，就这样敷衍过去真的好吗？！就没有想把杀了那么多人的可恨犯人找出来的想法吗？！」,「不願想像自家人里有殺人犯，這份親情是很了不起。但是，就這樣敷衍過去真的好嗎？！就沒有想把殺了那麼多人的可恨犯人找出來的想法嗎？！」,"Il vostro amore per la famiglia è meraviglioso, non volete pensare ad uno dei vostri parenti come ad un criminale. Ma è giusto lasciare che questo vi inganni?! Non volete trovare il detestabile colpevole che ha ucciso così tante persone?!","""È ammirevole come il vostro amore per la famiglia non voglia farvi pensare che uno dei nostri parenti sia il colpevole. Ma è giusto che questo vi faccia sviare?! Non volete trovare lo spregevole assassino di così tante persone?!""","""Me parece genial que su amor familiar hace que odien la idea de que alguien cercano es un asesino. ¡¿Pero está bien dejar todo de lado así?! ¡¿No quieren encontrar al detestable culpable que mató a tanta gente?!""",ﺃﺗﻔﻬﻢ ﺷﻌﻮﺭﻛﻢ ﺣﻮﻝ ﻋﺪﻡ ﺭﻏﺒﺘﻜﻢ ﻓﻲ ﺍﻻﺷﺘﺒﺎﻩ ﺑﺎﻟﻌﺎﺋﻠﺔ ﻭﺍﻷﺣﺒﺎﺏ، ﻫﺬﺍ ﻓﻌﻞ ﻧﺒﻴﻞ! ﻭﻟﻜﻦ ﻫﻞ ﻣﻦ ﺍﻟﺠﻴﺪ ﺃﻥ ﺗﺪﻋﻮﺍ ﺫﻟﻚ ﺍﻟﺸﻌﻮﺭ ﻳﺴﻴﻄﺮ ﻋﻠﻴﻜﻢ؟ ﺃﻻ ﺗﺮﻳﺪﻭﻥ ﺍﻛﺘﺸﺎﻑ ﻫﻮﻳﺔ ﺍﻟﺠﺎﻧﻲ ﺍﻟﻠﻌﻴﻦ ﺍﻟﺬﻱ ﻗﺘﻞ ﻛﻞ ﻫﺬﺍ ﺍﻟﻌﺪﺩ ﻣﻦ ﺍﻟﻨﺎﺱ؟,"""Bence aile sevginizin, size yakın birinin katil olduğu düşüncesinden nefret etmenizi sağlaması harika. Ama olayları bu şekilde geçiştirmek doğru mu?! Bu kadar insanı öldüren iğrenç suçluyu bulmak istemiyor musunuz?!"""
Ushiromiya Battler,"""Aniki, you want to avenge your parents, don't you?! Jessica, you want to avenge Kanon‐kun, and Kanon‐kun, you want to avenge Shannon‐chan, right?! Shannon‐chan, you should at least want to know who it was that killed you.""","""Aniki, don't you want to avenge your parents?! Jessica, don't you want to avenge Kanon-kun, and Kanon-kun, don't you want to avenge Shannon-chan?! Shannon-chan, you should at least want to know who it was that killed you. ","Aniki, don't you want to avenge your parents?! Jessica, don't you want to avenge Kanon-kun, and Kanon-kun, don't you want to avenge Shannon-chan?! Shannon-chan, you should at least want to know who it was that killed you.",兄貴だって、両親の仇を見つけたいだろ？！　朱志香だって嘉音くんの仇を、そして嘉音くんだって、紗音ちゃんの仇を見つけたいだろ？！　紗音ちゃんだって、自分を殺したのが誰なのか知りたいはずだ。,「兄貴だって、両親の仇を見つけたいだろ？！　朱志香だって嘉音くんの仇を、そして嘉音くんだって、紗音ちゃんの仇を見つけたいだろ？！　紗音ちゃんだって、自分を殺したのが誰なのか知りたいはずだ」,"""Аники, неужели ты не хочешь отомстить за своих родителей?! Джессика, неужели ты не хочешь отомстить за Канон‐куна, а Канон‐кун, неужели ты не хочешь отомстить за Шаннон‐чан?! Шаннон‐чан, ты должна хотя бы хотеть знать, кто тебя убил.""","""Aniki, você não quer vingar os seus pais?! Jessica, você quer vingar o Kanon‐kun, e Kanon‐kun, você quer vingar a Shannon‐chan, certo?! Shannon‐chan, você ao menos deveria querer saber quem te matou.""",「大哥，你也想找出杀害双亲的仇人吧？！朱志香也想找出杀害嘉音君的仇人吧，还有嘉音君也是，想找出杀害纱音的仇人吧？！纱音也是，应该很想知道杀死自己的是谁。」,「大哥，你也想找出殺害雙親的仇人吧？！朱志香也想找出殺害嘉音君的仇人吧，還有嘉音君也是，想找出殺害紗音的仇人吧？！紗音也是，應該很想知道殺死自己的是誰。」,"Aniki, non vuoi vendicare i tuoi genitori?! Jessica, non vuoi vendicare Kanon-kun, e Kanon-kun, non vuoi vendicare Shannon-chan?! Shannon-chan, tu almeno dovresti voler conoscere chi ti ha ucciso.","""Fratellone, non vuoi vendicare i tuoi genitori?! Jessica, non vuoi vendicare Kanon-kun, e tu, Kanon-kun, non vuoi vendicare Shannon-chan?! Shannon-chan, tu dovresti desiderare di conoscere chi ti abbia ucciso.""","""¡Aniki, quieres vengar a tus padres, ¿no es así?! ¡Jessica, quieres vengar a Kanon‐kun, y Kanon‐kun, quieres vengar a Shannon‐chan, ¿no?! Shannon‐chan, al menos deberías querer saber quien fue el que te mató.""",ﺃﻻ ﺗﺮﻳﺪ ﺍﻻﻧﺘﻘﺎﻡ ﻟﻮﺍﻟﺪﻳﻚ ﻳﺎ ﺃﺧﻲ؟! ﺟﻴﺴﻴﻜﺎ، ﺃﻻ ﺗﺮﻳﺪﻳﻦ ﺍﻟﺜﺄﺭ ﻟﻤﻘﺘﻞ ﻛﺎﻧﻮﻥ-ﻛﻦ؟ ﻭﺃﻧﺖ ﻳﺎ ﻛﺎﻧﻮﻥ، ﺃﻻ ﺗﺮﻳﺪ ﺍﻻﻧﺘﻘﺎﻡ ﻟﻤﻘﺘﻞ ﺷﺎﻧﻮﻥ-ﺗﺸﺎﻥ؟! ﺷﺎﻧﻮﻥ-ﺗﺸﺎﻥ، ﺃﻻ ﺗﺮﻏﺒﻴﻦ ﻓﻲ ﻣﻌﺮﻓﺔ ﻫﻮﻳﺔ ﻗﺎﺗﻠﻚ؟,"""Aniki, ailenin intikamını almak istemiyor musun?! Jessica, Kanon-kun'un intikamını almak istiyorsun ve Kanon-kun sen de Shannon-chan'ın intikamını almak istiyorsun, değil mi?! Shannon-chan, sen de en azından seni öldürenin kim olduğunu bilmek istemelisin."""
Ushiromiya Battler,"""Why have you all totally surrendered and decided that the culprit was a witch?! What's wrong with all of you?!""","Why has everyone totally surrendered and decided that the culprit was a witch?! What's wrong with all of you?!"" "," Why has everyone totally surrendered and decided that the culprit was a witch?! What's wrong with all of you?!""",何でこうパーンと全面降伏して、魔女が犯人ってことになっちまうんだよ？！　お前らさっきから何なんだ？！」,「何でこうパーンと全面降伏して、魔女が犯人ってことになっちまうんだよ？！　お前らさっきから何なんだ？！」,"""Почему все окончательно капитулировали и решили, что преступник — ведьма?! Что с вами всеми такое?!""","""Por que vocês se renderam totalmente e decidiram que o culpado foi uma bruxa?! O que há de errado com vocês?!""",「干嘛啪地一下子全面投降，都变得把魔女当犯人了？！你们几个从刚才开始怎么了啊？！」,「幹嘛啪地一下子全面投降，都變得把魔女當犯人了？！你們幾個從剛才開始怎麼了啊？！」,"Che significa questa resa totale, dicendo che la strega è il colpevole?! Cosa avete tutti quanti?!""","""Perché vi siete arresi su tutti i fronti e avete deciso che il colpevole è la strega?!Che cosa vi prende?!""","""¡¿Por qué todos se rindieron y decidieron que el culpable era una bruja?! ¡¿Qué les pasa a todos ustedes?!""","ﻟﻤﺎﺫﺍ ﺍﺳﺘﺴﻠﻢ ﺍﻟﺠﻤﻴﻊ ﺗﻤﺎﻣﺎ ﻭﺻﺪﻗﻮﺍ ﺃﻥ ﺍﻟﺠﺎﻧﻲ ﻛﺎﻥ ﺳﺎﺣﺮﺓ؟! ﻣﺎ ﺧﻄﺒﻜﻢ ﺟﻤﻴﻌﺎ؟!""","""Neden hepiniz tamaaamen teslim oldunuz ve suçlunun bir cadı olduğuna karar verdiniz?! Neyiniz var sizin?!"""
,The foolish and short‐tempered Battler tried to force his ignorance on the others by yelling at them.,The foolish and short-tempered Battler tried to force his ignorance on the others and yelled at them. ,"The foolish and short-tempered Battler tried to force his ignorance on the others and yelled at them.",短気で愚かな戦人は、自分の無知を他者に求めようと食って掛かります。,[=JP],Глупый и вспыльчивый Баттлер пытался навязать своё невежество другим и кричал на них.,O insensato e mal‐humorado Battler tentou forçar a sua ignorância sobre os outros gritando com eles.,急躁而又愚蠢的战人，为了让别人认同自己的无知而极力争辩。,急躁而又愚蠢的戰人，為了讓別人認同自己的無知而極力爭辯。,Lo sciocco e irascibile Battler provò a forzare la sua ignoranza sugli altri e urlò contro di loro.,"Lo sciocco e irascibile Battler inveii contrò di loro, cercando di forzare la sua ignoranza sugli altri...","El tonto y malhumorado Battler intentó forzar su ingorancia hacia los otros, gritando.",ﻫﺎﺟﻤﻬﻢ ﺑﺎﺗﻠﺮ ﺑﺠﻬﻠﻪ ﻭﻗﻠﺔ ﺣﻴﻠﺘﻪ، ﻭﺻﺎﺡ ﻋﻠﻴﻬﻢ...,"Aptal ve çabuk sinirlenen Battler, cehaletini diğerlerine bağırarak kabul ettirmeye çalıştı."
,"...However, everyone just looked at him pityingly, silently watching over him.","...However, everyone just looked at him pityingly, silently watching over him. ","...However, everyone just looked at him pityingly, silently watching over him.",…しかし、みんなは憐れみの眼差しで、ただ静かに見守るのでした。,[=JP],...Но все только с жалостью смотрели на него и молчали.,"...No entanto, todos apenas olharam silenciosamente com pena para ele.",…然而，大家却只以怜悯的眼神，静静地看着他。,…然而，大家卻只以憐憫的眼神，靜靜地看著他。,"... Tuttavia, tutti non fecero altro che guardarlo pietosamente, e osservarlo in maniera silenziosa.","Tuttavia, si limitarono ad osservarlo in silenzio, rivolgendogli occhiate compassionevoli.","Sin embargo, todos lo miraban con lástima, observando silenciosamente.",....ﻭﻣﻊ ﺫﻟﻚ، ﺭﺍﻗﺒﻪ ﺍﻟﺠﻤﻴﻊ ﺑﺼﻤﺖ ﻭﺷﻔﻘﺔ.,...Ancak herkes ona acıyarak baktı ve sessizce onu izledi.
,"Then, the wise Maria laughed, and pointed out Battler's mistake for him.","At that time, the wise Maria laughed and pointed out Battler's mistake. "," At that time, the wise Maria laughed and pointed out Battler's mistake.",すると、聡明なる真里亞は笑いながら、戦人に間違いを指摘してあげました。,[=JP],"Только мудрая Мария, смеясь, указала на ошибку Баттлера.","Então, a sábia Maria riu, e apontou o erro de Battler para ele.",然后，聪明的真里亚一边笑着，一边向战人指出了他的错误。,然後，聰明的真里亞一邊笑著，一邊向戰人指出了他的錯誤。,"In quel momento, la saggia Maria, rise, facendo notare a Battler il suo errore.","Al che la saggia Maria rise, facendo notare a Battler il suo errore.","Entonces, la sabia María rió, y señaló el error de Battler por él.",ﻓﻲ ﺫﻟﻚ ﺍﻟﻮﻗﺖ، ﺿﺤﻜﺖ ﻣﺎﺭﻳﺎ ﺍﻟﺤﻜﻴﻤﺔ ﻭﺃﺷﺎﺭﺕ ﺇﻟﻰ ﻏﻠﻄﺔ ﺑﺎﺗﻠﺮ.,Sonra bilge Maria güldü ve Battler'ın hatasını ona gösterdi.
Ushiromiya Maria,"""...............Kihihihihihihihihi. ...We're just astounded. ......All you've been doing is repeating this nonsense, thinking you've figured something out, Battler.""","""...Kihihihihihihihihi. ...I'm shocked. ...All I see is you repeating this nonsense, thinking you've figured something out, Battler. ","""............Kihihihihihihihihi. ...I'm shocked. ......All I see is you repeating this nonsense, thinking you've figured something out, Battler. ",「……………きひひひひひひひひ。…呆れてるんだよ。……戦人はさっきから、支離滅裂なことを繰り返しては何かをわかったような気になってるだけ。,「……………きひひひひひひひひ。…呆れてるんだよ。……戦人はさっきから、支離滅裂なことを繰り返しては何かをわかったような気になってるだけ」,"""...............Ки‐хи‐хи‐хи‐хи‐хи‐хи‐хи‐хи. ...Мы просто в шоке... ......По мне, ты сейчас только и делаешь, что повторяешь эту бессмыслицу так, словно ты смог что‐то разгадать, Баттлер.""","""...............Kihihihihihihihihi. ...Nós só estamos espantados. ......Tudo que você está fazendo é repetir essas besteiras, pensando que descobriu alguma coisa, Battler.""",「……………唧嘻嘻嘻嘻嘻嘻嘻。…真不知道该怎么说你呢。……战人从刚才开始，只是一直重复着支离破碎的观点，感觉自己搞懂了什么。」,「……………唧嘻嘻嘻嘻嘻嘻嘻。…真不知道該怎麼說你呢。……戰人從剛才開始，只是一直重複著支離破碎的觀點，感覺自己搞懂了什麼。」,"""... Kihihihihihihihihi. ... Sono scioccata. ... Tutto quello che vedo è Battler ripetere le sue cose senza senso, pensando di aver capito qualcosa.","""...Kihihihihihihihihih... Sono esterrefatta... Tutto ciò che vedo è Battler che ripete cose senza senso, convinto di aver capito qualcosa...""","""Kijijijijijijijiji... Estamos igual de sorprendidos. Todo lo que has estado haciendo es repetir este disparate, pensando que resolviste algo, Battler.""","""............ﻛﻴﻬﻴﻬﻴﻬﻴﻬﻴﻬﻴﻬﻴﻬﻴﻬﻴﻬﻲ. ...ﻧﺸﻌﺮ ﺑﺎﻟﺼﺪﻣﺔ. ......ﻛﻞ ﻣﺎ ﺃﺳﻤﻌﻪ ﻣﻨﻚ ﻫﻮ ﻧﻔﺲ ﺍﻟﻬﺮﺍﺀ ﺩﺍﺋﻤﺎ، ﻭﺗﻈﻦ ﺃﻧﻚ ﺍﻛﺘﺸﻔﺖ ﺷﻴﺌﺎ ﻣﺎ ﻳﺎ ﺑﺎﺗﻠﺮ.","""...............Kihihihihihihihihi. ...Hayretler içindeyim. ......Battler deminden beri yaptığın tek şey bu saçmalığı tekrarlamak ve bir şeyler bulduğunu sanmak."""
Ushiromiya Maria,"""......So what? And? How would a human do it? Concretely? Whenever we ask you those questions, all you say is ""I just can't think of anything now"" or ""with some kind of device"" or something, using abstract words to run away and evade the topic.""","...So? What's next? How would a human do it? In practical terms, I mean? I imagine you'll say ""I just can't think of anything now"" or ""with some kind of device."" ...Using abstract words to run away and evade the topic."" ","......Then? What's next? How would a human do it? Practically? I imagine you'll say 'I just can't think of anything now' or 'with some kind of device.' ...Using abstract words to run away and evade the topic.",……だから？　それで？　人間にどうやって？　具体的には？　そう聞くと、決まって戦人は、今は思いつかないけど、とか、何かの仕掛けで、とか、抽象的な言葉で逃げたりお茶を濁したり。,「……だから？　それで？　人間にどうやって？　具体的には？　そう聞くと、決まって戦人は、今は思いつかないけど、とか、何かの仕掛けで、とか、抽象的な言葉で逃げたりお茶を濁したり」,"""......Ну и? Что дальше? Как человек может это сделать? Конкретно на практике? Всякий раз, когда мы задаём эти вопросы, ты лишь говоришь что‐то вроде 'я сейчас не могу ничего придумать' или 'с помощью какого‐нибудь устройства'... и пользуешься абстрактными словами, пытаясь уклониться от вопроса.""","""......Então o quê? E? Como um humano fez isso? Concretamente? Independente do que nós perguntemos para você, tudo que você diz é ""eu só não consegui pensar em nada ainda"" ou ""com algum tipo de dispositivo"" ou algo assim, usando palavras abstratas para fugir da questão.""",「……所以呢？然后呢？人类要怎么做呢？具体是怎样呢？这么一问，战人定会用，现在还没想到呀，是用了某种机关呀，之类抽象的话来逃避问题混淆视听。」,「……所以呢？然後呢？人類要怎麼做呢？具體是怎樣呢？這麼一問，戰人定會用，現在還沒想到呀，是用了某種機關呀，之類抽象的話來逃避問題混淆視聽。」,"... Poi? Cosa viene dopo? Come l'avrebbe fatto un umano? Praticamente? {n}Se lo chiedo, Battler sicuramente dirà qualcosa come ‘Ora non riesco a pensare a niente. ’ O ‘Con qualche tipo di strumento. ’... Usando parole astratte e sfuggendo al discorso.","""E quindi? Cosa verrà dopo? Come ci sarebbe riuscito un umano? In termini concreti, come avrebbe fatto? Se chiedessi questo, Battler sicuramente eluderebbe il discorso con frasi vaghe come: ‘Ora non mi viene in mente niente’, oppure: ‘Con qualche meccanismo’...""","""¿Y qué? ¿Entonces? ¿Cómo pudo un humano hacerlo? ¿Concretamente? Cada vez que hacemos esas preguntas, todo lo que dices es ""No puedo pensar en nada ahora mismo"" o ""alguna clase de aparato"" o cosas así, usando palabras abstractas para huir y esquivar el tema.""",......ﻭﻣﻦ ﺛﻢ؟ ﻣﺎ ﺍﻟﺘﺎﻟﻲ؟ ﻛﻴﻒ ﻧﻔﺬ ﺍﻹﻧﺴﺎﻥ ﻛﻞ ﺫﻟﻚ؟ ﻋﻤﻠﻴﺎ؟ ﺃﺗﺼﻮﺭ ﺃﻧﻚ ﺳﺘﻘﻮﻝ ‘ﻻ ﺃﺳﺘﻄﻴﻊ ﺍﻟﺘﻔﻜﻴﺮ ﻓﻲ ﺃﻱ ﺷﻲﺀ ﺍﻵﻥ‘ ﺃﻭ ‘ﺑﻮﺍﺳﻄﺔ ﻓﺦ ﻣﺎ‘....ﻟﻢ ﺗﻔﻌﻞ ﺷﻴﺌﺎ ﺳﻮﻯ ﺍﻟﺘﻬﺮﺏ ﻣﻨﺬ ﺍﻟﺒﺪﺍﻳﺔ ﻳﺎ ﺑﺎﺗﻠﺮ.,"""......Yani? Ve? Bir insan bunu nasıl yapardı? Somut anlamda? Sana ne zaman bunları sorsak, tek cevabın ""şu an aklıma bir şey gelmiyor"" ya da ""bir tür cihazla"" gibi soyut kelimeler kullanarak konudan kaçmak oluyor."""
Ushiromiya Maria,"""......In fact, I want to ask {i:you}, Battler. Why don't {i:you} believe in {f:5:Beatrice}? She ""exists"", so why don't you believe?""","""...What I really want to know, Battler, is this. Why don't you believe in {f:5:Beatrice}? She exists, so why don't you believe?"" ","......What I want to know, Battler, is this. Why don't you believe in Beatrice? She exists, so why don't you believe?""",……むしろ、知りたいよ戦人。どうしてベアトリーチェを信じないの？　“い”るのに、どうして？」,「……むしろ、知りたいよ戦人。どうしてベアトリーチェを信じないの？　“い”るのに、どうして？」,"""......Я хочу спросить {i:тебя}, Баттлер. Почему {i:ты} никак не поверишь в {f:5:Беатриче}? Она 'есть', так почему ты в это не веришь?""","""......De fato, quero perguntar para {i:você}, Battler. Por que {i:você} não acredita na {f:5:Beatrice}? Ela ""existe"", então por que você não acredita?""",「……战人呀，真里亚反倒是很想知道呢。为什么不信有贝阿朵莉切呢？明明就“有”，为什么不信？」,「……戰人呀，真里亞反倒是很想知道呢。為什麼不信有貝阿朵莉切呢？明明就“有”，為什麼不信？」,"... Quello che voglio sapere, Battler, è questo. Perché non credi in Beatrice? Nonostante esista, perché?""","""Ad ogni modo, Battler, da te voglio sapere {i:questo}. Perché {i:non credi} in {f:5:Beatrice}? Perché, nonostante lei {i:esista}?""","""De hecho, quiero preguntártelo a {i:ti}, Battler. ¿Por qué {i:tú} no crees en {f:5:Beatrice}? Ella ""existe"", entonces, ¿por qué no crees?""","......ﺃﺭﻳﺪ ﺃﻥ ﺃﻋﺮﻑ ﺷﻴﺌﺎ ﻭﺍﺣﺪﺍ {f:3:ﻳﺎ} ﺑﺎﺗﻠﺮ. ﻟﻤﺎﺫﺍ ﻻ ﺗﺆﻣﻦ ﺑﻮﺟﻮﺩ {f:7:ﺑﻴﺎﺗﺮﻳﺲ}؟ ﺇﻧﻬﺎ 'ﻣﻮﺟﻮﺩﺓ' ﻓﻌﻼ، ﻓﻠﻤﺎﺫﺍ ﻻ ﺗﺼﺪﻕ؟""","""......Aslında {i:sana} sormak istiyorum, Battler. {i:Sen} neden {f:5:Beatrice}'e inanmıyorsun? O ""gerçek"", peki neden inanmıyorsun?"""
Ushiromiya Battler,"""Because she doesn't ""exist""! Witches don't ""exist""!! There's no way!!""","""Because she doesn't ""exist""! Witches don't ""exist""!! There's no way!!"" ","""Because she doesn't 'exist'! Witches don't 'exist'!! There's no way!!""",「“い”ねぇからだよ！　魔女なんか“い”ねぇ！！　いるわけがねぇ！！」,[=JP],"""Потому что её 'нет'! Ведьм 'нет'! Такого просто не может быть!!!""","""Porque ela não ""existe""! Bruxas não ""existem""!! Não tem como!!""",「因为没“有”啊！没“有”什么魔女！！不可能有的！！」,「因為沒“有”啊！沒“有”什麼魔女！！不可能有的！！」,"""Perché lei non ‘esiste’! Le streghe non ‘esistono’!! È impossibile!!""","""Perché {i:non esiste}! Le streghe {i:non esistono}!! È impossibile!!""","""¡Porque ella no ""existe""! ¡¡Las brujas no ""existen""!! ¡¡No hay forma de qué existan!!""","""ﻷﻧﻬﺎ 'ﻏﻴﺮ ﻣﻮﺟﻮﺩﺓ'! ﻻ ﻭﺟﻮﺩ ﻟﻠﺴﺎﺣﺮﺍﺕ! ﻳﺴﺘﺤﻴﻞ ﻭﺟﻮﺩﻫﻦ!""","""Çünkü ""gerçek"" değil! Cadılar ""gerçek"" değil!! Bunun imkânı yok!!"""
,......He was almost like a stubborn child refusing for no reason.,...It was almost like a spoiled child who just doesn't want to accept something. ,"......It was almost like a spoiled child who just doesn't want to accept something.",……それは、まるで認めたくないというだけの、子どものわがままのよう。,[=JP],"......Он был подобен капризному ребёнку, упиравшемуся без причины.",......Ele era quase como uma criança teimosa recusando sem razão.,……这样子简直就像任性的小孩，只是单纯地不愿承认而已。,……這樣子簡直就像任性的小孩，只是單純地不願承認而已。,... Era quasi come un bambino viziato che proprio non ne voleva sapere di riconoscere qualcosa.,...Era come un bambino cocciuto che non voleva accettare qualcosa.,Era casi como ver a un niño terco negar sin razón alguna.,......ﻛﺎﻥ ﺍﻷﻣﺮ ﺃﺷﺒﻪ ﺑﺎﻟﻄﻔﻞ ﺍﻟﻤﺪﻟﻞ ﺍﻟﺬﻱ ﻻ ﻳﺮﻳﺪ ﻗﺒﻮﻝ ﺷﻲﺀ ﻣﺎ.,......Neredeyse sebepsiz yere reddeden inatçı bir çocuk gibiydi.
,"The pitying gazes quietly blanketed Battler, but they didn't reach his stubborn heart.","The pitying gazes quietly closed in around Battler, but they didn't reach his stubborn heart. "," The pitying gazes quietly closed in around Battler, but they didn't reach his stubborn heart.",憐れみの眼差しが、静かに戦人を包みましたが、頑なな彼の心にそれは届きません。,[=JP],"Жалостливые взгляды тихо окружили Баттлера, но не смогли достичь его упрямого сердца.","Os olhares de pena silenciosamente cobriram Battler, mas não chegaram ao seu teimoso coração.",虽然战人被怜悯的眼神静静包围，但这并没有传到他顽固的心里。,雖然戰人被憐憫的眼神靜靜包圍，但這並沒有傳到他頑固的心裡。,"Gli sguardi pietosi si serrarono silenziosamente attorno a Battler, ma non raggiunsero il suo duro cuore.","Battler venne accerchiato da sguardi ricolmi di pietà, ma essi non raggiunsero il suo cuore ostinato.","Las miradas de lástima cubrieron a Battler en silencio, pero no llegaron a su obstinado corazón.",ﺃﺣﺎﻃﺖ ﺍﻟﻨﻈﺮﺍﺕ ﺍﻟﻤﺜﻴﺮﺓ ﻟﻠﺸﻔﻘﺔ ﺑﺎﺗﻠﺮ، ﻟﻜﻨﻬﺎ ﻟﻢ ﺗﺼﻞ ﺇﻟﻰ ﻗﻠﺒﻪ ﺍﻟﻌﻨﻴﺪ.,Acıyan bakışlar sessizce Battler'ın üzerini örttü ama onun inatçı kalbine ulaşamadılar.
Ushiromiya Jessica,"""............You're acting just totally like a kid who can't have his way...""","""...You realize that you're acting just like a spoiled brat throwing a tantrum, right?"" ",""".........Aren't you acting just like an unmanageable spoiled child?""",「…………まるっきり、駄々っ子のわがままだぜ？」,[=JP],"""............Ты ведёшь себя как избалованный и отбившийся от рук ребёнок...""","""............Você está agindo como uma criança quando as coisas não podem ser como ela quer...""",「…………简直就是熊孩子闹脾气嘞？」,「…………簡直就是熊孩子鬧脾氣嘞？」,"""... Non ti stai comportando proprio come un bambino viziato e ribelle?""","""...Non vedi che ti stai comportando proprio come un bambino viziato e testardo?""","""Realmente estás actuando como un niño al que no le hacen caso...""","""............ﺃﻟﺴﺖ ﺗﺘﺼﺮﻑ ﻣﺜﻞ ﻃﻔﻞ ﻣﺪﻟﻞ ﻻ ﻳﻤﻜﻦ ﺍﻟﺴﻴﻄﺮﺓ ﻋﻠﻴﻪ.""","""............Tıpkı istediğini elde edemeyen bir çocuk gibi davranıyorsun..."""
Shannon,"""......Battler‐sama. I understand your feelings, but...""","""...Battler-sama, I understand your feelings, but..."" ","""......Battler-sama, I understand your feelings, but...""",「……戦人さま。お気持ちはわかりますが…。」,「……戦人さま。お気持ちはわかりますが…」,"""......Баттлер‐сама. Я понимаю ваши чувства, но...""","""......Battler‐sama. Eu entendo os seus sentimentos, mas...""",「……战人少爷。虽然我明白你的心情…」,「……戰人少爺。雖然我明白你的心情…」,"""... Battler-sama, capisco i suoi sentimenti, ma...""","""...Signorino Battler, capisco quello che prova, ma...""","""Battler‐sama. Entiendo como se siente, pero...""","""......ﺑﺎﺗﻠﺮ-ﺳﺎﻣﺎ. ﺃﻓﻬﻢ ﻣﺸﺎﻋﺮﻙ، ﻭﻟﻜﻦ...""","""......Battler-sama. Duygularını anlıyorum ama..."""
Kanon,""".........{f:5:Beatrice}‐sama does ""exist"".""","""...{f:5:Beatrice} does ""exist""."" ",""".........Beatrice does 'exist'.""",「………ベアトリーチェさまは、“い”らっしゃるのです。」,「………ベアトリーチェさまは、“い”らっしゃるのです」,"""......... {f:5:Беатриче} действительно 'есть'.""",""".........A {f:5:Beatrice}‐sama ""existe"".""",「………但贝阿朵莉切夫人，是“有”的。」,「………但貝阿朵莉切夫人，是“有”的。」,"""... Beatrice ‘esiste’.""","""...{f:5:Beatrice} {i:esiste}.""","""{f:5:Beatrice}‐sama realmente ""existe"".""","""........{f:7:ﺑﻴﺎﺗﺮﻳﺲ} 'ﻣﻮﺟﻮﺩﺓ' ﻓﻌﻼ.""",""".........{f:5:Beatrice}-sama ""gerçek""."""
Ushiromiya George,"""Battler‐kun... Why don't you believe? Look at how much circumstantial evidence there is.""","""Battler-kun, ...why don't you believe? Even though there's so much proof."" ","""Battler-kun..., why don't you believe? Even though there's so much proof.""",「戦人くん…、どうして、信じないんだい？　これほどまでに、状況証拠は揃ってるのに。」,「戦人くん…、どうして、信じないんだい？　これほどまでに、状況証拠は揃ってるのに」,"""Баттлер‐кун... Почему ты всё не веришь? Даже несмотря на наличие стольких доказательств.""","""Battler‐kun... Por que você não acredita? Veja quantas evidências circunstanciais nós temos aqui.""",「战人君…，你为什么不信呢？明明已经汇集了这么多旁证啊。」,「戰人君…，你為什麼不信呢？明明已經匯集了這麼多旁證啊。」,"""Battler-kun... perché non ci credi? Pur essendoci così tante prove.""","""Battler-kun... perché non ci credi? Nonostante vi siano così tante prove circostanziali.""","""Battler‐kun... ¿por qué no crees? Mira la cantidad de evidencia circunstancial que hay.""","""ﺑﺎﺗﻠﺮ-ﻛﻦ... ﻟﻤﺎﺫﺍ ﻻ ﺗﺼﺪﻕ ﻭﺟﻮﺩﻫﺎ؟ ﻋﻠﻰ ﺍﻟﺮﻏﻢ ﻣﻦ ﻭﺟﻮﺩ ﺍﻟﻜﺜﻴﺮ ﻣﻦ ﺍﻷﺩﻟﺔ.""","""Battler-kun... Neden inanmıyorsun? Ne kadar çok dolaylı kanıt olduğuna bir bak."""
Ushiromiya Battler,"""I don't accept the argument that if I can't explain it it's all the witch. If you don't know how a light bulb shines, if you don't know the principle, does that mean it's all magic?""","""I don't accept the argument that the witch must've been behind everything just because I can't explain it. Does this mean that if you don't know how a light bulb shines, then magic is the cause? ","""I don't accept the argument that the witch must've been behind everything just because I can't explain it. Does this mean that if you don't know how a light bulb shines, then magic is the cause? ",「説明できなきゃ全て魔女なんて、俺はそんな論法は認めねぇ。どうして電球が明るくなるのか、仕掛けを知らなきゃ全て魔法ってことになるのか？,「説明できなきゃ全て魔女なんて、俺はそんな論法は認めねぇ。どうして電球が明るくなるのか、仕掛けを知らなきゃ全て魔法ってことになるのか？」,"""Я не согласен с тем, что ведьма существует лишь потому, что я не могу этого объяснить. Означает ли это то, что если вы не знаете, как светит лампочка, то это можно объяснить магией?""","""Eu não aceito o argumento de que se não pode ser explicado, então é tudo obra de uma bruxa. Se você não sabe como uma lâmpada brilha, se você não sabe o princípio, significa que é tudo magia?""",「无法解释就全是魔女，我才不接受这种逻辑。为什么电灯会亮，不知道原理的话也都是魔法吗？」,「無法解釋就全是魔女，我才不接受這種邏輯。為什麼電燈會亮，不知道原理的話也都是魔法嗎？」,"""Non accetto il ragionamento che, se non puoi spiegarlo, allora è stata la strega. Significa che se non so come faccia una lampadina a illuminarsi, è merito della magia?","""Non accetto il ragionamento per cui se non si può spiegarlo, allora è tutta colpa della strega. Significa che se non so il metodo con cui una lampadina riesce ad illuminarsi, allora è la magia a farlo?""","""No acepto la lógica de que si no puedo explicarlo, es obra de la bruja. Si no saben como brilla una bombilla de luz, si no saben el principio, ¿significa que es todo magia?""","""ﻷﻧﻲ ﻻ ﺃﻗﺒﻞ ﺍﻟﺤﺠﺔ ﺍﻟﻘﺎﺋﻠﺔ ﺑﺄﻥ ﺍﻟﺴﺎﺣﺮﺓ ﻳﺠﺐ ﺃﻥ ﺗﻜﻮﻥ ﻭﺭﺍﺀ ﻛﻞ ﺷﻲﺀ ﻟﻤﺠﺮﺩ ﺃﻧﻨﻲ ﻻ ﺃﺳﺘﻄﻴﻊ ﺗﻔﺴﻴﺮ ﺫﻟﻚ. ﺇﺫﺍ ﻛﻨﺖ ﻻ ﺗﻌﺮﻑ ﺍﻵﻟﻴﺔ ﺍﻟﺘﻲ ﻳﻀﺎﺀ ﺑﻬﺎ ﺍﻟﻤﺼﺒﺎﺡ، ﻓﻼ ﻳﻌﻨﻲ ﻫﺬﺍ ﺃﻧﻪ ﺳﺤﺮ!","""Eğer açıklayamıyorsam, hepsinin cadı olduğu argümanını kabul etmiyorum. Bir ampulün nasıl parladığını bilmiyorsanız, prensibini bilmiyorsanız, bu her şeyin büyü olduğu anlamına mı gelir?"""
Ushiromiya Battler,"""It doesn't, does it! There's nothing that can't be explained without magic!! All of this about witches and magic is just abdication of thought! You just surrendered and gave up because you don't understand what happened! I'm right, aren't I!""","That's wrong, isn't it?! There's nothing that can't be explained without magic!! All of this about witches and magic is just abdication of thought! You just surrendered and gave up because you don't understand what happened! Isn't that right?!"" ","That's wrong, isn't it?! There's nothing that can't be explained without magic!! All of this about witches and magic is just abdication of thought! You just surrendered and gave up because you don't understand what happened! Isn't that right?!""",違うだろ？！　魔法じゃなきゃ説明がつかないことなど存在しない！！　魔女だの魔法だのってのは、思考の放棄だ！　兄貴たちは、わからねぇ事件に屈服して降参しただけなんだ！　そうだろ？！」,「違うだろ？！　魔法じゃなきゃ説明がつかないことなど存在しない！！　魔女だの魔法だのってのは、思考の放棄だ！　兄貴たちは、わからねぇ事件に屈服して降参しただけなんだ！　そうだろ？！」,"""Нельзя, разве не так?! Нет ничего, что нельзя бы было объяснить, не прибегая к помощи магии!!! Все ваши ведьмы и магия — всего лишь отказ мыслить! Вы просто сдались, поскольку оставили попытку разобраться в произошедшем! Разве я не прав?!""","""Não, não é! Não há nada que não possa ser explicado aqui sem usar a magia!! Tudo isso sobre bruxas e magia é apenas uma abdicação do pensamento! Vocês se renderam e desistiram porque não conseguiram entender o que aconteceu!{n}Eu estou certo, não estou?!""",「不是这样吧？！不存在不用魔法就无法说明的现象！！大喊什么是魔女、是魔法，就是在放弃思考！大哥你们只是屈服于搞不懂的事件，举手投降了！没错吧？！」,「不是這樣吧？！不存在不用魔法就無法說明的現象！！大喊什麼是魔女、是魔法，就是在放棄思考！大哥你們只是屈服於搞不懂的事件，舉手投降了！沒錯吧？！」,"È sbagliato, no?! Non c'è nulla che non possa essere spiegato senza ricorrere alla magia!! Tutto questo parlare di streghe e magia è soltanto rinunciare a pensare! Vi siete arresi perché non capite cosa sia accaduto! Non è così?!""","""Non funziona così, no?! Non c'è nulla che non possa essere spiegato senza ricorrere alla magia!! Parlare di streghe e magia è una rinuncia ad usare la testa!Voi e il fratellone vi siete arresi perché non capite cosa sia accaduto! Non è così?!""","""¡No es así, ¿verdad?! ¡¡No hay nada que no pueda ser explicado sin magia!! ¡Todo esto de brujas y magias es solo abdicación de pensamiento! ¡Ustedes tan solo se rindieron porque no entendieron lo que sucedió! ¡Tengo razón, ¿no?!""","ﺑﺎﻟﻄﺒﻊ ﻻ، ﺻﺤﻴﺢ؟ ﻻ ﻳﻮﺟﺪ ﺷﻲﺀ ﻻ ﻳﻤﻜﻦ ﺗﻔﺴﻴﺮﻩ ﺇﻻ ﺑﺎﻟﺴﺤﺮ!! ﺇﻳﻤﺎﻧﻜﻢ ﺑﺎﻟﺴﺤﺮ ﻭﺍﻟﺴﺎﺣﺮﺍﺕ ﻫﻮ ﺳﺒﺐ ﻳﺄﺳﻜﻢ ﻋﻦ ﺍﻟﺘﻔﻜﻴﺮ! ﻟﻘﺪ ﺍﺳﺘﺴﻠﻤﺘﻢ ﻷﻧﻜﻢ ﺗﺠﻬﻠﻮﻥ ﻣﺎ ﺣﺪﺙ! ﺃﻟﺴﺖ ﻣﺤﻘﺎ؟""","""Gelmez, değil mi! Büyü olmadan açıklanamayacak hiçbir şey yok!! Cadılar ve büyü hakkındaki tüm bunlar düşünmekten vazgeçmekten ibaret! Sırf ne olduğunu anlamadığınız için teslim oldunuz ve pes ettiniz! Haklı değil miyim?!"""
Ushiromiya Maria,""".....................Ki‐hihihihihihihihihihihi. ...Well, I'm not surprised, ......but it looks like you're the only one who's not going to believe no matter what.""","""......Ki, hihihihihihihihihihihi. Well, ...unsurprisingly, it looks like you alone won't believe no matter what, Battler. ","""..................Ki, hihihihihihihihihihihi. Well, ......unsurprisingly, it looks like you alone won't believe no matter what, Battler. ",「…………………き、ひひひひひひひひひひひ。…やっぱり、……戦人だけはどうしても信じないね。,「…………………き、ひひひひひひひひひひひ。…やっぱり、……戦人だけはどうしても信じないね」,""".....................Ки‐хи‐хи‐хи‐хи‐хи‐хи. ...Что ж, я и не удивляюсь......... что ты единственный, кто не поверит несмотря ни на что.""",""".....................Ki‐hihihihihihihihihihihi. ...Bem, não estou surpresa, ......mas parece que você é o único que não vai acreditar não importa o quê.""",「…………………唧嘻嘻嘻嘻嘻嘻嘻嘻嘻嘻嘻。…果然，……只有战人是无论如何都不会信呢。」,「…………………唧嘻嘻嘻嘻嘻嘻嘻嘻嘻嘻嘻。…果然，……只有戰人是無論如何都不會信呢。」,"""... Ki, hihihihihihihihihihihi. Alla fin fine... sembra che solo Battler non ci crederà mai.","""...Kihihihihihihihihihihihihih... Alla fine... sembra che Battler sarà l'unico che non ci crederà mai...""","""Ki‐jijijijijijijijijijiji... Bueno, no estoy sorprendida, pero parece que eres el único que no va a creer, no importa lo que pase.""","""..................ﻛﻴﻬﻴﻬﻴﻬﻴﻬﻴﻬﻴﻬﻴﻬﻴﻬﻴﻬﻴﻬﻴﻬﻴﻬﻴﻬﻲ. ....ﺣﺴﻨﺎ، ﻟﺴﺖ ﻣﻨﺪﻫﺸﺔ، ......ﻳﺒﺪﻭ ﺑﺄﻧﻚ ﺍﻟﻮﺣﻴﺪ ﺍﻟﺬﻱ ﻟﻦ ﻳﺆﻣﻦ ﻣﻬﻤﺎ ﺣﺪﺙ.",""".....................Ki‐hihihihihihihihihihihi. ...Gerçekten, ......Battler, görünüşe göre ne olursa olsun inanmayacak olan bir tek sen varsın."""
Ushiromiya Maria,"""......If even a single person doesn't believe, the ""miracle"" won't occur. ......So, if you don't rethink your ignorant theories, the miracle, ......the magic won't be completed.""","...If even a single person doesn't believe, the ""miracle"" won't occur. ...So, if you don't rethink your ignorant theories, the miracle...the magic won't be completed."" ","......If even a single person doesn't believe, the 'miracle' won't occur. ......So, if you don't rethink your ignorant theories, the miracle, ......the magic won't be completed.""",……誰かひとりでも信じなかったら“奇跡”は起きない。……だから、戦人のその蒙昧な思い込みを改めさせなきゃ、奇跡が、……魔法が完成しないんだよ。」,「……誰かひとりでも信じなかったら“奇跡”は起きない。……だから、戦人のその蒙昧な思い込みを改めさせなきゃ、奇跡が、……魔法が完成しないんだよ」,"""......Если хоть один человек не верит, 'чудо' не произойдёт. ......Таким образом, если ты не пересмотришь свои невежественные теории, то чудо...... то магия не будет завершена.""","""......Se uma única pessoa não acreditar, então o ""milagre"" não vai acontecer. ......Por isso, se você não repensar as suas teorias ignorantes, o milagre, ......a magia não vai ser completada.""",「……只要有一个人不信就不会发生“奇迹”。……所以，不让战人改变他蒙昧的信念的话，奇迹，……魔法就无法完成哟。」,「……只要有一個人不信就不會發生“奇跡”。……所以，不讓戰人改變他蒙昧的信念的話，奇跡，……魔法就無法完成喲。」,"... Se anche una sola persona non ci crede, il ‘miracolo’ non avverrà. ... Quindi se Battler non riconsidera le sue teorie ignoranti, il miracolo... la magia non sarà completata.""","""Se anche una sola persona non ci crede, {i:il miracolo} non avverrà mai... Quindi, se Battler non riconsidererà i suoi pregiudizi ignoranti, il miracolo... no, la magia, non sarà mai completata.""","""Si incluso una persona no cree, el ""milagro"" no ocurrirá. Así que, si no replanteas tus ignorantes teorías, el milagro... la magia no será completada.""","......ﺣﺘﻰ ﻟﻮ ﻟﻢ ﻳﺆﻣﻦ ﺷﺨﺺ ﻭﺍﺣﺪ، ﻓﻠﻦ ﺗﺤﺪﺙ ‘ﺍﻟﻤﻌﺠﺰﺓ‘. ......ﻟﺬﺍ، ﺇﺫﺍ ﻟﻢ ﺗﻌﺪ ﺍﻟﺘﻔﻜﻴﺮ ﻓﻲ ﺟﻬﻠﻚ، ﻓﻠﻦ ﻳﻜﺘﻤﻞ ﺍﻟﺴﺤﺮ ﻭﺗﺘﺤﻘﻖ ﺍﻟﻤﻌﺠﺰﺓ.""","""......Tek bir kişi bile inanmazsa, ""mucize"" gerçekleşmez. ......Yani, cahil teorilerini gözden geçirmezsen, mucize, ......büyü tamamlanmayacak."""
Ushiromiya Battler,"""Heheh... Nowww I see. ......I finally figured it out. ...So in other words, you guys want to get me to say that the witch exists, don't you? If everyone accepts this lie, it will become ""the truth"". ......That's what this is all about, isn't it?!""","""Hehe... Now I see. ...I finally figured it out. ...So, in other words, you guys are trying to force me to say the witch exists, right? A lie that everyone accepts becomes ""the truth"". ...Is that what this is all about?! ","""Hehe... No-w I see. ......I finally figured it out. ...So in other words, you guys want to force me to say that the witch exists, right? If everyone accepts this, the lie will become 'the truth'. ......Is that what this is all about?! ",「へへ…。なぁるほどな。……ようやく一端が見えてきたぜ。…つまりお前らは俺に、魔女様は存在する、って言わせたいんだろ？　全員が認めた嘘は“真実”になる。……そういうこったろッ？！,「へへ…。なぁるほどな。……ようやく一端が見えてきたぜ。…つまりお前らは俺に、魔女様は存在する、って言わせたいんだろ？　全員が認めた嘘は“真実”になる。……そういうこったろッ？！」,"""Хе‐хе... Тепе‐ерь мне всё понятно. ......Наконец‐то до меня дошло. ...Другими словами, вы, ребята, хотите заставить меня сказать, что ведьма существует, так? Если согласятся все, ложь станет 'правдой'. ......В этом всё дело?!""","""Heheh... Agooora eu entendo. ......Eu finalmente entendi. ...Então, em outras palavras, vocês querem me fazer crer que bruxas existem, não é isso? Se todos aceitarem essa mentira, então ela vai virar ""a verdade"". ......É disso que se trata, não é?!""",「嘿嘿…。啊啊原来如此啊。……总算是看出一点端倪了。…也就是说，你们是想让我说出，魔女夫人是存在的是吧？所有人认可的谎言就成为“真实”。……就是这么回事吧？！」,「嘿嘿…。啊啊原來如此啊。……總算是看出一點端倪了。…也就是說，你們是想讓我說出，魔女夫人是存在的是吧？所有人認可的謊言就成為“真實”。……就是這麼回事吧？！」,"""Hehe... ora capisco. ... Finalmente ci sono arrivato. ... Quindi, in altre parole, voi tutti volete forzarmi a dire che la strega esiste, giusto? Se tutti quanti la accettano, la bugia diverrà ‘la verità’. ... È così che stanno le cose?!","""Eheh... Ora capisco... Finalmente ci sono arrivato. In altre parole, volete costringermi a dire che esiste quest'eccelsa strega, giusto? Una bugia accettata da tutti diventa {i:la verità}... È così che stanno le cose...?!""","""Jeje... Ahora lo entiendo. Finalmente me di cuenta. Así que en otras palabras, ustedes quieren que yo diga que la bruja existe, ¿no? Si todos aceptan esa mentira, se volverá ""la verdad"". ¡De eso se trata esto, ¿no?!""","""ﻫﻴﻬﻴﻪ... ﻓﻬﻤﺖ ﺍﻵﻥ. ......ﺃﺧﻴﺮﺍ ﺃﺩﺭﻛﺖ ﻣﺎ ﺗﺮﻣﻴﻦ ﺇﻟﻴﻪ. ...ﺇﺫﻥ ﺗﺮﻳﺪﻭﻥ ﻣﻨﻲ ﺍﻟﻘﻮﻝ ﺑﺄﻥ 'ﺍﻟﺴﺎﺣﺮﺓ ﻣﻮﺟﻮﺩﺓ'، ﺃﻟﻴﺲ ﻛﺬﻟﻚ؟ ﺇﺫﺍ ﺻﺪﻕ ﺍﻟﺠﻤﻴﻊ ﻫﺬﺍ، ﻓﺴﺘﺼﺒﺢ ﺍﻟﻜﺬﺑﺔ ‘ﺣﻘﻴﻘﺔ‘. ......ﺃﻫﺬﺍ ﻣﺎ ﺗﺤﺎﻭﻟﻮﻥ ﻓﻌﻠﻪ؟!","""Heheh... Şiimdi anlıyorum. ......Sonunda anladım. ...Yani başka bir deyişle, siz bana cadının var olduğunu söyletmek istiyorsunuz? Eğer herkes bu yalanı kabul ederse, bu ""gerçek"" olacak. ......Bütün mesele bu mu?!"""
Ushiromiya Battler,"""......Well, too bad. This is the one place I'm going to have to say too bad, that's no goddamn good at all. I refuse. ......{i:You guys are all pressing me, and that is exactly why it's no goddamn good.}""","...I'm so sorry. I'm so sorry I keep going on about this, but what you're doing is all useless. I refuse. {i:You guys are all pressing me, and that's why it's all useless}. ","......I'm so sorry. I'm so sorry I keep going on about this, but what you're doing is all useless. I refuse.......You guys are all pressing me, and that's why it's all useless.""",……生憎だな。ここばかりは生憎だが、そいつぁ全然駄目だぜ、お断りだ。……{i:お前らが俺にそう詰め寄るからこそ、だからこそ全然駄目なんだ}。」,「……生憎だな。ここばかりは生憎だが、そいつぁ全然駄目だぜ、お断りだ。……{i:お前らが俺にそう詰め寄るからこそ、だからこそ全然駄目なんだ}」,"""......Но уж извините. Мне так жаль, что я упорствую, но то, что вы делаете — абсолютно бесполезно. Я отказываюсь. ......{i:Вы все пытаетесь надавить на меня, и именно поэтому это всё бесполезно}.""","""......Bem, que pena. Esse é o único lugar onde eu vou ter que dizer algo tão ruim, mas o que vocês estão fazendo é completamente inútil. Eu me recuso. ......{i:Vocês todos estão me pressionando, e é exatamente por esse motivo que isso é completamente inútil.}""",「……不凑巧啊。虽然只有这么一点不凑巧，但这可是完全不行啊，我拒绝。……{i:正因为你们对我这样威逼利诱，所以完全不行。}」,「……不湊巧啊。雖然只有這麼一點不湊巧，但這可是完全不行啊，我拒絕。……{i:正因為你們對我這樣威逼利誘，所以完全不行。}」,"... Mi dispiace. Mi dispiace continuare a discutere di ciò, ma è tutto inutile. Mi rifiuto. ... Mi state tutti mettendo sotto pressione, ecco perché è tutto inutile.""","""Mi dispiace. Mi dispiace, ma è tutto inutile, mi rifiuto. {i:Mi state mettendo sotto pressione, ecco perché è tutto inutile.}""","""Qué mal. Este es el único lugar en el que diré qué mal, pero esto es totalmente inútil. Me niego... {i:Todos ustedes me están presionando, y por eso mismo es totalmente inútil.}""","......ﺁﺳﻒ ﺟﺪﺍ. ﺃﻋﺘﺬﺭ ﻋﻦ ﻗﻮﻝ ﻫﺬﺍ، ﻭﻟﻜﻦ ﻛﻞ ﻣﺎ ﺗﻔﻌﻠﻮﻧﻪ ﻻ ﻃﺎﺋﻞ ﻣﻨﻪ. ﺃﺭﻓﺾ ﺍﻟﺘﺼﺪﻳﻖ. ......{f:3:ﺟﻤﻴﻌﻜﻢ ﺗﻀﻐﻄﻮﻥ ﻋﻠﻲ, ﻭﻟﻬﺬﺍ ﻻ ﻓﺎﺋﺪﺓ ﻣﻦ ﺫﻟﻚ ﺃﺑﺪﺍ.}""","""......Çok yazık. Burası çok kötü demek zorunda kalacağım tek yer, bu hiç de iyi değil. Reddediyorum. ......{i:Hepiniz bana baskı yapıyorsunuz ve işte tam da bu yüzden hiç iyi değil.}"""
Ushiromiya Maria,""".....................Why?""","""......Why?"" ","""...............Why?""",「…………………どうして？」,[=JP],""".....................Почему?""",""".....................Por quê?""",「…………………为什么？」,「…………………為什麼？」,"""... Perché?""","""...Perché?""","""... ¿Por qué?""",""".....ﻟﻤﺎﺫﺍ؟""",""".....................Hmm, neden?"""
Ushiromiya Battler,"""Sorry, but why don't you let me flip over the chessboard one last time...? If you want to force me to accept that there's a witch, there's a really easy way.""","""Sorry, but why don't you let me spin the chessboard around one last time...? If you want to force me to accept that there's a witch, there's a really easy way. ","""Sorry, but why don't you let me turn the chessboard over one last time...? If you want to force me to accept that there's a witch, there's a really easy way.",「悪ぃが、最後の最後でもう一回、チェス盤をひっくり返させてもらうぜ…？　魔女の存在を俺に認めさせたいなら、一番簡単な方法があるはずさ。,「悪ぃが、最後の最後でもう一回、チェス盤をひっくり返させてもらうぜ…？　魔女の存在を俺に認めさせたいなら、一番簡単な方法があるはずさ」,"""Извини, но можно я разверну доску в последний раз?.. Если вы хотите заставить меня принять существование ведьмы, то есть очень простой способ.""","""Desculpe, mas por que você não me deixa virar o tabuleiro uma última vez...? Se você quer me forçar a aceitar que existe uma bruxa, tem um jeito bem fácil.""",「抱歉，在这最后的最后，就让我再一次翻转棋盘吧…！要想让我承认魔女的存在，应该有一个最简单的方法。」,「抱歉，在這最後的最後，就讓我再一次翻轉棋盤吧…！要想讓我承認魔女的存在，應該有一個最簡單的方法。」,"""Scusate, ma perché non mi lasciate girare la scacchiera un'ultima volta...? Se volete costringermi ad accettare la presenza di una strega, c'è un modo molto semplice.","""Scusatemi, ma mi lascereste rigirare la scacchiera per l'ultima volta...? C'è un modo molto semplice per farmi accettare l'esistenza di una strega...""","""Lo siento pero, ¿por qué no damos vuelta al tablero una última vez? Si quieren obligarme a aceptar que hay una bruja, hay una manera muy fácil.""","""ﻫﻼ ﺳﻤﺤﺘﻢ ﻟﻲ ﺑﻘﻠﺐ ﺭﻗﻌﺔ ﺍﻟﺸﻄﺮﻧﺞ ﻣﺮﺓ ﺃﺧﺮﻯ ﺑﻌﺪ؟ ﺇﻥ ﻛﻨﺘﻢ ﺗﺮﻳﺪﻭﻥ ﻣﻨﻲ ﺍﻹﻳﻤﺎﻥ ﺑﺎﻟﺴﺎﺣﺮﺓ، ﻓﻬﻨﺎﻙ ﻃﺮﻳﻘﺔ ﺳﻬﻠﺔ ﻟﻠﻐﺎﻳﺔ.","""Üzgünüm, ama neden satranç tahtasını son bir kez daha çevirmeme izin vermiyorsunuz...? Eğer beni bir cadı olduğunu kabul etmeye zorlamak istiyorsanız, bunun gerçekten kolay bir yolu var."""
Ushiromiya Battler,"""......And it's not the roundabout way of saying ""humans can't do it so it must be a witch""! All you have to do is actually show it to me, the way a witch did it with magic.""","...And it's not the indirect way of saying ""it must be a witch because humans couldn't have done it""! All you have to do is show me a witch doing it with magic."" "," ......And it's not the indirect way of saying 'humans can't do it so it must be a witch'! All you have to do is show me that a witch did it with magic.",……それは、人間にはできないから魔女なんていう遠回しな方法じゃない！　魔女が魔法でやって見せた、それを俺に見せるだけの話なんだ。,「……それは、人間にはできないから魔女なんていう遠回しな方法じゃない！　魔女が魔法でやって見せた、それを俺に見せるだけの話なんだ」,"""......И он не заключается в том, чтобы говорить 'людям это не под силу, значит, тут ведьма поработала'! Всё, что от вас требуется — это продемонстрировать мне, что это сделала ведьма с помощью магии.""","""......E não é dizendo que ""humanos não podem fazer isso, então deve ser uma bruxa""! Tudo que vocês precisam fazer é me mostrar, mostrar como a bruxa faz isso.""",「……这个方法，不是“人类做不到所以是魔女”这种拐弯抹角的方法！而是，只要让魔女使用魔法，并且让我看到就行了。」,「……這個方法，不是“人類做不到所以是魔女”這種拐彎抹角的方法！而是，只要讓魔女使用魔法，並且讓我看到就行了。」,"... E non è la via indiretta del dire ‘gli umani non possono farlo quindi dev'essere una strega’! Se la strega vuole mostrarmi che ha compiuto tutto con la magia, deve solo farmelo vedere.","""E non è il metodo contorto del dire: ‘Non può averlo fatto un umano, quindi è stata una strega’! Basta mostrarmi una strega che mi faccia vedere come abbia usato la magia.""","""¡Y no es la forma indirecta de decir ""un humano no pudo hacerlo, por lo que debió ser una bruja""! Todo lo que deben hacer es mostrarme la manera en la que una bruja lo hizo con magia.""",......ﺇﻧﻬﺎ ﻟﻴﺴﺖ ﺍﻟﻄﺮﻳﻘﺔ ﻏﻴﺮ ﺍﻟﻤﺒﺎﺷﺮﺓ ﺑﻘﻮﻝ ‘ﻻ ﻳﻤﻜﻦ ﻟﻠﺒﺸﺮ ﻓﻌﻞ ﺫﻟﻚ، ﻟﺬﺍ ﻳﺠﺐ ﺃﻥ ﺗﻜﻮﻥ ﺳﺎﺣﺮﺓ‘! ﻛﻞ ﻣﺎ ﻋﻠﻴﻬﺎ ﻓﻌﻠﻪ ﻫﻮ ﺇﻇﻬﺎﺭ ﺃﻥ ﺍﻟﺴﺎﺣﺮﺓ ﻓﻌﻠﺘﻬﺎ ﺑﺎﻟﺴﺤﺮ.,"""......Ve bu ""insanlar bunu yapamaz, o halde bir cadı olmalı"" demenin dolambaçlı bir yolu değil! Tek yapmanız gereken bana bir cadının bunu büyüyle nasıl yaptığını göstermek."""
Ushiromiya Battler,"""Furthermore, what Maria said earlier is what will really dig her grave. ......You said that if even one person doesn't believe, a ""miracle"" won't occur.""","""Furthermore, what Maria said earlier is what'll really dig her grave. ...You said that if even one person doesn't believe, a ""miracle"" won't occur."" "," Furthermore, what Maria said earlier is what will really dig her grave. ......You said that if even one person doesn't believe, a 'miracle' won't occur.",さらにだ、さっき真里亞が言ったことが一番墓穴を掘ってる。……誰かひとりでも信じなかったら“奇跡”は起きないってな。,「さらにだ、さっき真里亞が言ったことが一番墓穴を掘ってる。……誰かひとりでも信じなかったら“奇跡”は起きないってな」,"""Кроме того, Мария загнала себя в угол своими же словами. ......Ты сказала, что если хотя бы один не поверит, то 'чудо' не произойдёт.""","""Além disso, o que a Maria disse antes é o que vai realmente cavar o seu túmulo. ......Você disse que se uma pessoa não acreditar, o ""milagre"" não vai acontecer.""",「而且，刚才真里亚的话自掘了一个最大的坟墓。……说了只要有一个人不相信“奇迹”就不会发生吧。」,「而且，剛才真里亞的話自掘了一個最大的墳墓。……說了只要有一個人不相信“奇跡”就不會發生吧。」,"Inoltre, ciò che prima ha detto Maria è stata la cosa che le ha davvero scavato la tomba. ... Ha detto che se anche una sola persona non ci crede, un ‘miracolo’ non può accadere.","""Inoltre, ciò che Maria ha detto prima è stato l'elemento che le ha irrimediabilmente scavato la fossa... Ossia, che se anche una sola persona non ci crede, {i:il miracolo} non avverrà mai...""","""Además, lo que María dijo antes es lo que la hará cavar su tumba. Dijiste que si incluso una sola persona no cree, un ""milagro"" no ocurrirá.""",ﻋﻼﻭﺓ ﻋﻠﻰ ﺫﻟﻚ، ﻣﺎ ﻗﺎﻟﺘﻪ ﻣﺎﺭﻳﺎ ﻣﺴﺒﻘﺎ ﻫﻮ ﻣﺎ ﺳﻴﺤﻔﺮ ﻗﺒﺮﻫﺎ ﺣﻘﺎ. .......ﻟﻘﺪ ﺫﻛﺮﺕ ﺃﻧﻪ ﺣﺘﻰ ﻟﻮ ﻟﻢ ﻳﺆﻣﻦ ﺷﺨﺺ ﻭﺍﺣﺪ، ﻓﻠﻦ ﺗﺤﺪﺙ ‘ﺍﻟﻤﻌﺠﺰﺓ‘.,"""Dahası, Maria'nın daha önce söylediği şey onun mezarını gerçekten kazacak olan şey. ......Bir kişi bile inanmazsa bir ""mucize"" gerçekleşmeyeceğini söyledin."""
Ushiromiya Battler,"""But real miracles happen whether people believe in them or not! Even if I alone don't believe!! So any miracles or magic or witches that exist only because I believe in them are downright lies!!""","""But real miracles happen whether people believe in them or not! Even if I alone don't believe!! So any miracles or magic or witches that exist only because I believe in them are downright lies!!"" "," But real miracles happen whether people believe in them or not! Even if I alone don't believe!! So any miracles or magic or witches that exist only because I believe in them are downright lies!!""",真の奇跡は、誰が信じようと信じまいと勝手に起こる！　たとえ俺一人が信じなかったとしてもだ！！　だからこそ、俺が信じれば成立する奇跡も魔法も、そして魔女も嘘っぱちだってわけさ！！」,「真の奇跡は、誰が信じようと信じまいと勝手に起こる！　たとえ俺一人が信じなかったとしてもだ！！　だからこそ、俺が信じれば成立する奇跡も魔法も、そして魔女も嘘っぱちだってわけさ！！」,"""Но настоящие чудеса случаются вне зависимости от того, веришь ты в них или нет! Даже если я один не верю!!! Так что все чудеса, магия и ведьмы, которые существуют, только если я в них поверю — откровенная ложь!!!""","""Mas milagres de verdade acontecem, as pessoas acreditando ou não! Mesmo se só eu não acreditar!! Por isso, quaisquer milagres, magia ou bruxas que só existem porque eu acredito neles, são completas mentiras!!""",「真正的奇迹，旁人信也好不信也好，都会自己发生的！就算有我这个不相信的人也一样！！所以，这些要我相信才能成立的奇迹、魔法，还有魔女，都是连篇的谎言！！」,「真正的奇跡，旁人信也好不信也好，都會自己發生的！就算有我這個不相信的人也一樣！！所以，這些要我相信才能成立的奇跡、魔法，還有魔女，都是連篇的謊言！！」,"Ma i veri miracoli accadono, che le persone ci credano o no! Anche se io solo non ci credo!! Quindi qualunque miracolo o magia o strega che esiste soltanto perché io credo in loro è una bugia bella e buona!!""","""Ma i veri miracoli accadono lo stesso, a prescindere che la gente ci creda o meno! Anche se io sia l'unico a non crederci!! Perciò, qualunque miracolo, magia o strega che richiede il mio crederci, non è altro che una bugia bella e buona!!""","""¡Pero los verdaderos milagros suceden crea la gente en ellos o no! ¡¡Incluso si solo yo no creyera!! ¡¡Así que cualquier milagro, magia o bruja que exista solo porque crea en ello es una completa mentira!!""","ﻟﻜﻦ ﺍﻟﻤﻌﺠﺰﺍﺕ ﺍﻟﺤﻘﻴﻘﻴﺔ ﺗﺤﺪﺙ ﻣﻦ ﺗﻠﻘﺎﺀ ﻧﻔﺴﻬﺎ ﺳﻮﺍﺀ ﺁﻣﻦ ﺍﻟﻨﺎﺱ ﺑﻬﺎ ﺃﻡ ﻻ! ﺣﺘﻰ ﻟﻮ ﻛﻨﺖ ﻭﺣﺪﻱ ﻻ ﺃﻭﻣﻦ!! ﻭﻟﻬﺬﺍ ﺍﻟﺴﺤﺮ ﻭﺍﻟﺴﺎﺣﺮﺍﺕ ﻭﺍﻟﻤﻌﺠﺰﺍﺕ ﺍﻟﺘﻲ ﻻ ﺗﺘﻮﺍﺟﺪ ﺇﻻ ﺇﺫﺍ ﺁﻣﻨﺖ ﺑﻬﺎ ﻛﻠﻬﺎ ﻣﺤﺾ ﺃﻛﺎﺫﻳﺐ!""","""Ama gerçek mucizeler insanlar inansa da inanmasa da gerçekleşir! Tek inanmayan ben olsam bile!! Yani sadece ben inandığım için var olan mucizeler, büyüler ya da cadılar düpedüz yalan!!"""
Ushiromiya Maria,""".................................""","""........."" ","""...........................""",「…………………………………。」,「…………………………………」,[=UP],[=UP],[=JPC],[=JPC],"""...""",[=ITA],[=ITA],[=UP],[=UP]
,The uneasy mood following Battler's ignorant rant...was thoughtfully blown away by a very refreshing and light laugh.,The uneasy mood following Battler's ignorant rant...... was blown away by a very soft and light laugh. ,"The uneasy mood following Battler's ignorant rant... was blown away by a very soft and light laugh.",その戦人の無知な暴言によって荒んでしまった空気を、とても涼しげで軽やかな笑い声が吹き飛ばしてくれました。,[=JP],"Мрачное настроение, тяжёлой дождливой тучей нависшее над всеми после речей Баттлера, вмиг разлетелось под раздавшийся очень мягкий и лёгкий смех.",O clima desconfortável seguiu com o discurso ignorante de Battler...que foi cuidadosamente soprado para longe com uma refrescante e brilhante risada.,被战人无知的大喊大叫破坏的气氛，忽然被一阵无比清脆轻盈的笑声吹到了九霄云外。,被戰人無知的大喊大叫破壞的氣氛，忽然被一陣無比清脆輕盈的笑聲吹到了九霄雲外。,L'atmosfera turbata che seguì il discorso ignorante di Battler... fu spazzata via dalla voce molto debole di una leggera risata.,L'atmosfera inquieta che seguì la tirata ignorante di Battler... venne spazzata via dal suono di una risatina noncurante.,El ambiente intranquilo siguiendo el desvarío ignorante de Battler... fue disipado por una muy refrescante y ligera risa.,ﺍﺯﺩﺍﺩ ﺍﻟﻤﺰﺍﺝ ﺍﻟﻤﻀﻄﺮﺏ ﺑﻌﺪ ﺻﺮﺍﺥ ﺑﺎﺗﻠﺮ ﺑﺠﻬﻠﻪ... ﺑﻌﺪﻫﺎ، ﺗﺮﺩﺩ ﺻﻮﺕ ﺿﺤﻜﺎﺕ ﺧﺎﻓﺘﺔ ﻭﻧﺎﻋﻤﺔ.,Battler'ın cahilce atıp tutmasının ardından oluşan tedirgin hava...çok ferahlatıcı ve hafif bir kahkaha ile düşünceli bir şekilde uçup gitti.
,Whose laugh...? Battler was surprised by that voice which he had never heard before.,Whose laugh...? Battler was surprised. He had never heard that voice before. ," Whose laugh...? Battler was surprised. He had never heard that voice before.",誰の笑い声…？　戦人は初めて聞くその声に驚きました。,[=JP],"Но кому принадлежал этот смех?.. Баттлер был очень удивлён, поскольку никогда не слышал этого голоса.",Quem riu...? Battler estava surpreso com aquela voz que ele nunca tinha ouvido antes.,谁的笑声…？战人被从没听过的声音吓了一跳。,誰的笑聲…？戰人被從沒聽過的聲音嚇了一跳。,La risata di chi...? Battler era sorpreso. Non aveva mai sentito quella voce prima.,Di chi era quella risata...? Battler era sorpreso da quella voce che non aveva mai sentito prima d'ora.,¿La risa de quién? Battler fue sorprendido por aquella voz que nunca había oído antes.,ﺿﺤﻜﺔ ﻣﻦ...؟ ﺍﻧﺪﻫﺶ ﺑﺎﺗﻠﺮ ﻣﻦ ﻫﺬﺍ ﺍﻟﺼﻮﺕ ﺍﻟﺬﻱ ﻟﻢ ﻳﺴﻤﻌﻪ ﻣﻦ ﻗﺒﻞ ﻗﻂ.,Kimin kahkahası...? Battler daha önce hiç duymadığı bu ses karşısında şaşırmıştı.
,"When he looked at George and Jessica, at Shannon and Kanon and Maria, he noticed that they had suddenly gone respectfully silent.","When he looked at George and Jessica, at Shannon and Kanon and Maria, he noticed that they had suddenly gone respectfully silent. "," When he looked at George and Jessica, at Shannon and Kanon and Maria, he noticed that they had suddenly gone respectfully silent.",見れば、いつの間にか、譲治や朱志香、紗音に嘉音たちは畏まるように口を噤んでいます。,[=JP],"Когда он посмотрел на Джорджа и Джессику, а потом на Шаннон, Канона и Марию, он заметил, что они вдруг почтительно замолчали.","Quando ele olhou para George e para Jessica, ao mesmo tempo para Shannon, Kanon e para Maria, ele percebeu que eles repentinamente ficaram em um respeitoso silêncio.",转头一看，不知什么时候，让治、朱志香、纱音、嘉音他们都敬畏地闭上了嘴。,轉頭一看，不知什麼時候，讓治、朱志香、紗音、嘉音他們都敬畏地閉上了嘴。,"Quando guardò George e Jessica, Shannon, Kanon e Maria, si accorse che erano improvvisamente diventati rispettosamente silenziosi.","Vedendo George, Jessica, Shannon, Kanon e Maria, si accorse che si erano improvvisamente ammutoliti con riverenza.","Cuando miró hacia George y Jessica, hacia Shannon, Kanon y María, se dio cuenta de que se habían quedado de repente en un silencio respetuoso.",ﻋﻨﺪﻣﺎ ﻧﻈﺮ ﺇﻟﻰ ﺟﻮﺭﺝ ﻭﺟﻴﺴﻴﻜﺎ، ﻭﺷﺎﻧﻮﻥ ﻭﻛﺎﻧﻮﻥ ﻭﻣﺎﺭﻳﺎ، ﻻﺣﻆ ﺃﻧﻬﻢ ﺻﻤﺘﻮﺍ ﻓﺠﺄﺓ ﺑﺎﺣﺘﺮﺍﻡ.,"George ve Jessica'ya, Shannon'a, Kanon'a ve Maria'ya baktığında hepsinin birden saygıyla sustuğunu fark etti."
Ushiromiya Maria,"""..................{f:5:Beatrice}.""","""......{f:5:Beatrice}."" ","""............Beatrice.""",「………………ベアトリーチェ。」,「………………ベアトリーチェ」,"""..................{f:5:Беатриче}.""",[=UP],「………………贝阿朵莉切。」,「………………貝阿朵莉切。」,"""... Beatrice.""","""...{f:5:Beatrice}.""","""{f:5:Beatrice}.""",""".....{f:7:ﺑﻴﺎﺗﺮﻳﺲ}.""",[=UP]
{f:5:Beatrice},""".........Wonderful. ...I haven't been able to meet such a charming human for quite some time.""","""...How amusing. ...I haven't met such a charming human for quite some time."" ",""".........Wonderful. ...I haven't been able to meet such a charming human for quite some time.""",「………良い。…久しぶりに愉快な人間に出会えたものよ。」,「………良い。…久しぶりに愉快な人間に出会えたものよ」,""".........Чудесно. ...Я уже очень давно не встречала такого изумительного человека.""",""".........Esplêndido. ...Nunca fui capaz de encontrar um humano tão encantador nesses últimos tempos.""",「………很好。…许久不曾遇到如此令人愉快的人类了。」,「………很好。…許久不曾遇到如此令人愉快的人類了。」,"""... Meraviglioso. ... È da tanto tempo che non incontro un umano così incantevole.""","""...Bene... È da diverso tempo che non incontro un umano così interessante.""","""Qué maravilla. Ha pasado un largo tiempo desde que conocí a un humano tan encantador.""",""".........ﻛﻢ ﻫﺬﺍ ﺭﺍﺋﻊ. ...ﻟﻢ ﺃﺗﻤﻜﻦ ﻣﻦ ﻣﻘﺎﺑﻠﺔ ﻣﺜﻞ ﻫﺬﺍ ﺍﻹﻧﺴﺎﻥ ﺍﻟﺠﺬﺍﺏ ﻣﻨﺬ ﻣﺪﺓ.""",""".........Muhteşem. ...Uzun zamandır bu kadar çekici bir insanla karşılaşmamıştım."""
Ushiromiya Battler,"""Wh‐..................who.........are you...""","""Wh‐ Who... ...are you...?"" ","""Wh, ..................Who, .........are you...?""",「お、………………お前、………誰だ…。」,「お、………………お前、………誰だ…」,"""К..................... кто......... ты такая?..""","""Qu‐..................que.........quem é você...?""",「你、………………你是，………谁啊…」,「你、………………你是，………誰啊…」,"""C... Chi... sei tu...?""","""...C-Chi... sei tu...?""","""¿Q‐Quién... eres?""","""ﻫﺎﻩ،........ﻣﻦ،......ﺗﻜﻮﻧﻴﻦ...؟""","""Se-..................Sen de.........kimsin...?"""
{f:5:Beatrice},"""......So you don't even know the host of the tea party to which you were invited. ......Simply wonderful. *cackle*cackle*...!""","""......So you don't even know the host of the tea party to which you were invited. ...How amusing indeed. *cackle*cackle*...!"" ","""......Don't you even know the host of the tea party you were invited to? ......Simply wonderful. *cackle*cackle*...!""",「……招かれた茶会のホストも知らぬか。……良い良い。くっくっくっく…！」,[=JP],"""......Ты даже не знаешь, кто хозяйка, организовавшая чаепитие, на которое ты приглашён? ......Просто прекрасно. Хи‐хи‐хи.""","""......Então você não conhece nem a anfitriã da festa do chá para qual você foi convidado? ......Simplesmente esplêndido. *risos*risos*...!""",「……在被邀赴的茶会上，连举办者都不认识吗？……很好很好。呵呵呵呵…！」,「……在被邀赴的茶會上，連舉辦者都不認識嗎？……很好很好。呵呵呵呵…！」,"""... Non conosci nemmeno l'organizzatrice del tea party a cui sei stato invitato? ... Semplicemente meraviglioso. *cackle*cackle*...!""","""...Non conosci nemmeno chi ha allestito il tea party a cui sei stato invitato...? Magnifico. Mhmhmhmhmh...!""","""... Así que ni siquiera sabes quién es la anfitriona de la fiesta de té a la que fuiste invitado. Simplemente maravilloso. ¡*risita*risita*!""","""......ﺃﻟﻢ ﺗﺘﻌﺮﻑ ﻋﻠﻰ ﻣﻀﻴﻔﺔ ﺣﻔﻠﺔ ﺍﻟﺸﺎﻱ ﺍﻟﺘﻲ ﺩﻋﺘﻚ ﺇﻟﻰ ﻫﻨﺎ؟ ......ﺃﻣﺮ ﻣﺬﻫﻞ. *ﻗﻬﻘﻬﺔ*ﻗﻬﻘﻬﺔ*...!""","""......Yani davet edildiğin çay partisinin ev sahibini bile tanımıyorsun. ......Tek kelimeyle muhteşem. *cackle*cackle*...!"""
Kanon,"""...You are graced by the presence of the Golden Witch who has lived for a thousand years, {f:5:Beatrice}‐sama.""","""...This is {f:5:Beatrice}-sama, the Golden Witch who has lived for a thousand years."" ","""...This is the Golden Witch who has lived for a thousand years, Beatrice-sama.""",「…こちらのお方は、千年を生きる黄金の魔女、ベアトリーチェさまにあらせられます。」,「…こちらのお方は、千年を生きる黄金の魔女、ベアトリーチェさまにあらせられます」,"""...Тебя почтила своим присутствием Золотая Ведьма, живущая уже тысячу лет — {f:5:Беатриче}‐сама.""","""...Você foi agraciado pela presença da Bruxa Dourada que viveu por mil anos, a {f:5:Beatrice}‐sama.""",「…这位大人，是活了千年的黄金的魔女，贝阿朵莉切夫人。」,「…這位大人，是活了千年的黃金的魔女，貝阿朵莉切夫人。」,"""... Questa persona è la strega millenaria, Beatrice-sama.""","""...Costei è {f:5:Beatrice}-sama, la Strega Dorata che ha vissuto per mille anni.""","""Usted está siendo honrado por la presencia de la Bruja Dorada que ha vivido por mil años, {f:5:Beatrice}‐sama.""","""...ﻫﺬﻩ ﻫﻲ ﺍﻟﺴﺎﺣﺮﺓ ﺍﻟﺬﻫﺒﻴﺔ ﺍﻟﺘﻲ ﻋﺎﺷﺖ ﻷﻟﻒ ﻋﺎﻡ، {f:7:ﺑﻴﺎﺗﺮﻳﺲ}-ﺳﺎﻣﺎ.""","""...Bin yıldır yaşayan Altın Cadı {f:5:Beatrice}-sama'nın varlığıyla şereflendirildiniz."""
Shannon,"""I am most honored to see you, {f:5:Beatrice}‐sama...""","""It is an honor to be graced with your presence, {f:5:Beatrice}-sama..."" ","""I am honored to see you, Beatrice-sama...""",「ご機嫌麗しゅう、ベアトリーチェさま…。」,「ご機嫌麗しゅう、ベアトリーチェさま…」,"""Для меня большая честь лицезреть вас, {f:5:Беатриче}‐сама...""","""Eu estou muito honrada em vê‐la, {f:5:Beatrice}‐sama...""",「贵安，贝阿朵莉切夫人…」,「貴安，貝阿朵莉切夫人…」,"""Sono così felice di incontrarla, Beatrice-sama...""","""Sono molto lieta di incontrarla, {f:5:Beatrice}-sama...""","""Es un gran honor verla, {f:5:Beatrice}‐sama...""","""ﺃﺗﺸﺮﻑ ﺑﻤﻘﺎﺑﻠﺘﻚ ﻳﺎ {f:7:ﺑﻴﺎﺗﺮﻳﺲ}-ﺳﺎﻣﺎ.""","""Sizi görmekten büyük onur duyuyorum, {f:5:Beatrice}-sama..."""
Ushiromiya George,"""......Please forgive Battler‐kun's ranting.""","""...Please forgive Battler-kun's ranting."" ","""......Please forgive Battler-kun's ranting.""",「……戦人くんの暴言をどうかお許し下さい。」,「……戦人くんの暴言をどうかお許し下さい」,"""......Пожалуйста, простите Баттлеру‐куну его слова.""","""......Por favor, perdoe a grosseria do Battler‐kun.""",「……请您千万原谅战人君的胡言乱语。」,「……請您千萬原諒戰人君的胡言亂語。」,"""... La prego, perdoni l'invettiva di Battler-kun.""","""...La prego, perdoni gli improperi di Battler-kun.""","""Por favor, disculpe las palabras de Battler‐kun.""","""......ﺃﺭﺟﻮ ﺃﻥ ﺗﻐﻔﺮﻱ ﻟﺒﺎﺗﻠﺮ-ﻛﻦ ﻭﻗﺎﺣﺘﻪ.""","""......Lütfen Battler-kun'un saçmalıklarını bağışlayın."""
Ushiromiya Jessica,"""Th‐this guy's just stubborn, and, umm, he still doesn't understand the situation he's in......!""","""Th-This guy's just stubborn, and, umm, he still doesn't understand the situation he's in...!"" ","""Th, this guy's just stubborn, and, umm, he still doesn't understand the situation he's in......!""",「こ、こいつは頑固でその、まだ、自分の置かれた状況がわかってなくて……！」,[=JP],"""Э‐этот парень просто упрямец, и, ум‐м, он всё ещё не понимает, в какой он ситуации!.....""","""E‐Esse cara só é teimoso e, bem, ele ainda não entendeu a situação em que ele está......!""",「这、这家伙太顽固了，那个，还没搞清楚自己的处境……！」,「這、這傢伙太頑固了，那個，還沒搞清楚自己的處境……！」,"""Q-Questo ragazzo è soltanto cocciuto, e, umm, ancora non comprende la situazione in cui si trova...!""","""Q-Questo ragazzo è soltanto duro a capire, ecco, ancora non comprende la situazione in cui si trova...!""","""¡E‐Este tipo es simplemente terco, y, umm, todavía no entiende la situación en la que está!"""," ""ﻫـ..ﻫﺬﺍ ﺍﻟﻔﺘﻰ ﻋﻨﻴﺪ، ﻻ ﺯﺍﻝ ﻻ ﻳﻔﻬﻢ ﺍﻟﻮﺿﻊ ﺍﻟﺬﻱ ﻫﻮ ﻓﻴﻪ....!""","""B-Bu adam sadece dikkafalı, ve, şey, içinde bulunduğu durumu hala anlayamıyor......!"""
{f:5:Beatrice},"""*cackle*cackle*cackle*... It is fine. ......After a thousand years, most witches get tired of living. Once in a while, it is nice to meet a man with backbone such as yourself.""","""*cackle*cackle*cackle*... What a treat this is. ...Most witches get tired of living after the first thousand years. How nice it is to meet a man with backbone such as yourself every once in a while."" ","""*cackle*cackle*cackle*... How very wonderful. ......After a thousand years, most witches get tired of living. How nice it is to meet a man with backbone such as yourself every once in a while.""",「くっくっくっくっく…。良い良い。……千年も生きると、大抵の魔女は生き飽きる。そなたのような気骨ある男も時には良い。」,「くっくっくっくっく…。良い良い。……千年も生きると、大抵の魔女は生き飽きる。そなたのような気骨ある男も時には良い」,"""Хи‐хи. Как чудесно. ......После тысячи лет большинство ведьм устаёт от жизни. Как мило иногда встретить такого человека как ты, наделённого сильной волей.""","""*risos*risos*risos*... Está tudo bem. ......Depois de mil anos, a maioria das bruxas cansa de viver. De vez em quando, é bom encontrar um homem com moral.""",「呵呵呵呵呵…。无妨无妨。……活过千年，大多数魔女都会心生厌倦。偶尔遇见汝这般有骨气的男人也不错。」,「呵呵呵呵呵…。無妨無妨。……活過千年，大多數魔女都會心生厭倦。偶爾遇見汝這般有骨氣的男人也不錯。」,"""*cackle*cackle*cackle*... Che meraviglia. ... Dopo mille lunghi anni, la maggior parte delle streghe si stanca di vivere. Che bello conoscere un uomo come te, con una spina dorsale, ogni tanto.""","""Mhmhmhmhmhmh... Magnifico... Dopo aver vissuto per mille anni, la maggior parte delle streghe si stanca di vivere. Che piacere conoscere anche uomini in possesso di una spina dorsale come te.""","""*risita*risita*risita*... Está bien. Luego de mil años, la mayoría de brujas se cansan de vivir. De vez en cuando, está bien conocer a un hombre con carácter como tú.""","""*ﻗﻬﻘﻬﺔ*ﻗﻬﻘﻬﺔ*ﻗﻬﻘﻬﺔ*... ﻛﻢ ﻫﺬﺍ ﺭﺍﺋﻊ ﺟﺪﺍ. ......ﺃﻏﻠﺐ ﺍﻟﺴﺎﺣﺮﺍﺕ ﻳﻤﻠﻠﻦ ﻣﻦ ﺍﻟﻌﻴﺶ ﺑﻌﺪ ﻣﻀﻲ ﺃﻟﻒ ﻋﺎﻡ. ﻣﻦ ﺍﻟﺠﻴﺪ ﺃﺣﻴﺎﻧﺎ ﻟﻘﺎﺀ ﺭﺟﻞ ﺑﻤﺜﻞ ﺟﺮﺃﺗﻚ.""","""*cackle*cackle*cackle*... Sorun değil. ......Bin yıldan sonra çoğu cadı yaşamaktan yorulur. Arada bir senin gibi omurgalı bir adamla karşılaşmak güzel."""
Ushiromiya Maria,"""...............It is quite an honor to be present when {f:5:Beatrice} shows herself, Battler.""","""...It is quite an honor to be present when {f:5:Beatrice} shows herself, Battler."" ","""............It is quite an honor to be present when Beatrice shows herself, Battler.""",「……………ベアトリーチェがお姿を現してくれるのは、とても光栄なことだよ、戦人。」,「……………ベアトリーチェがお姿を現してくれるのは、とても光栄なことだよ、戦人」,"""...............Находиться в присутствии {f:5:Беатриче} — огромная честь, Баттлер.""","""...............É uma grande honra estar presente quando a {f:5:Beatrice} aparece, Battler.""",「……………贝阿朵莉切贵体屈尊显现，是无比荣幸的事哦，战人。」,「……………貝阿朵莉切貴體屈尊顯現，是無比榮幸的事哦，戰人。」,"""... È un onore piuttosto grande essere qui quando Beatrice si mostra, Battler.""","""...È un grande onore essere al cospetto di {f:5:Beatrice} in persona, Battler.""","""Es un gran honor estar presente cuando {f:5:Beatrice} se muestra, Battler.""","""......ﺇﻧﻪ ﻟﺸﺮﻑ ﻋﻈﻴﻢ ﺃﻥ ﺗﻈﻬﺮ {f:7:ﺑﻴﺎﺗﺮﻳﺲ} ﻧﻔﺴﻬﺎ ﻳﺎ ﺑﺎﺗﻠﺮ.""","""...............{f:5:Beatrice} kendini gösterdiğinde buna şahitlik etmek büyük bir onur, Battler."""
Ushiromiya Battler,"""......Heh, .........heh‐heh‐heh‐heh...!! Now this... ......This is some shit. ...Are you really that desperate to make me believe that a witch, ...that a 19th person is the culprit...?""","""...Heh, ...heheheheh!! How... ...astonishing. ...Are you really that desperate to make me believe that a witch... that a 19th person is the culprit...? ","""......Heh, .........heh-heh-heh-heh!! How, ......astonishing. ...Are you really that desperate to make me believe that a witch, ...that a 19th person is the culprit...? ",「……へ、………へっへっへっへ…！！　こりゃあ、……たまげたぜ。…そこまでして、俺に魔女が、…１９人目が犯人だと思い込ませてぇのかよ…。,「……へ、………へっへっへっへ…！！　こりゃあ、……たまげたぜ。…そこまでして、俺に魔女が、…１９人目が犯人だと思い込ませてぇのかよ…」,"""......Хе............ Хе‐хе‐хе‐хе!.. У меня просто......... нет слов. ...Неужели вы так сильно хотите заставить меня поверить, что ведьма...... что 19‐й человек — преступник?..""","""......Heh, .........heh‐heh‐heh‐heh...!! Agora isso... ......Isso é uma merda. ...Você está tão desesperada para me fazer acreditar que uma bruxa, ...uma 19ª pessoa é o culpado...?""",「……嘿、………嘿嘿嘿嘿…！！这下，……真是吓到我了啊。…不惜做到这种地步，也要让我相信，…犯人是魔女，是第十九人吗…？」,「……嘿、………嘿嘿嘿嘿…！！這下，……真是嚇到我了啊。…不惜做到這種地步，也要讓我相信，…犯人是魔女，是第十九人嗎…？」,"""... Heh... heh-heh-heh-heh!! Davvero... stupefacente. ... State davvero provando così insistentemente a farmi credere che una strega... che una diciannovesima persona sia il colpevole...?","""...Eh... Eheheheheh...!! Davvero... Sono senza parole... Vi siete spinti fino a tanto... per convincermi che il colpevole sia una 19ª persona...?""","""Je... ¡¡je‐je‐je‐je!! Vaya... qué sorpresa. ¿Están realmente tan deseperados de hacerme creer que una bruja, que una 19.ª persona es el culpable?""","""......ﻫﻴﻬﻲ، .........ﻫﻴﻬﻲ-ﻫﻴﻬﻲ-ﻫﻴﻬﻲ-ﻫﻴﻬﻲ!! ﻛﻢ ﻫﺬﺍ، ......ﻣﺪﻫﺶ. ..ﻫﻞ ﻓﻌﻠﺘﻢ ﻛﻞ ﻫﺬﺍ ﻟﺠﻌﻠﻲ ﺃﺻﺪﻕ ﺃﻥ ﺍﻟﺴﺎﺣﺮﺓ، ...ﺃﻱ ﺍﻟﺸﺨﺺ ﺍﻟﺘﺎﺳﻊ ﻋﺸﺮ ﻫﻮ ﺍﻟﻤﺠﺮﻡ؟","""......Heh, .........heh-heh-heh-heh...!! Şimdi bu... ......Bu çok boktan. ...Beni bir cadının, bir 19. kişinin suçlu olduğuna inandırmak için, ...gerçekten bu kadar çaresiz misin...?"""
Ushiromiya Battler,"""This is starting to get interesting...! And it's no goddamn good...!! You must be an illusion of the witch {f:5:Beatrice} who's asserted by Maria and the others.""","This is starting to get interesting...! And it's all useless...!! You must be the illusion that Maria and the others call the witch, {f:5:Beatrice}."" ","This is starting to get interesting...! And it's all useless...!! You must be the illusion that they all claim is the witch Beatrice.",ますますに気に入った…！　だから全然駄目だぜ…！！　お前は、真里亞たちが主張する、魔女ベアトリーチェの幻影というわけだ。,「ますますに気に入った…！　だから全然駄目だぜ…！！　お前は、真里亞たちが主張する、魔女ベアトリーチェの幻影というわけだ」,"""Это уже становится интересным!.. Но всё равно бесполезно!.. Ты, должно быть, иллюзия, которую Мария и остальные называют ведьмой {f:5:Беатриче}.""","""Isso está começando a ficar interessante...! E isso não está nada certo...!! Você deve ser uma ilusão da bruxa {f:5:Beatrice} que a Maria e os outros afirmam existir.""",「越来越合我的意了…！所以说完全不行啊…！！你，不过就是真里亚他们所主张的，魔女贝阿朵莉切的幻影而已。」,「越來越合我的意了…！所以說完全不行啊…！！你，不過就是真里亞他們所主張的，魔女貝阿朵莉切的幻影而已。」,La cosa sta cominciando a farsi interessante...! Ed è tutto inutile...!! Tu devi essere l'illusione che tutti affermano essere la strega Beatrice.,"""La cosa si fa interessante...! Ve l'ho detto che è tutto inutile...!! Tu devi essere l'illusione della strega {f:5:Beatrice}, come affermano Maria e gli altri...""","""¡Esto empieza a ser interesante! ¡¡Y es totalmente inútil!! Debes ser la ilusión de la bruja {f:5:Beatrice} impuesta por María y los demás.""",ﺑﺪﺃﺕ ﺍﻷﻣﻮﺭ ﺗﺰﺩﺍﺩ ﺗﺸﻮﻳﻘﺎ....! ﻭﻛﻞ ﻫﺬﺍ ﺑﻼ ﻓﺎﺋﺪﺓ...!! ﻳﻨﺒﻐﻲ ﺃﻥ ﺗﻜﻮﻧﻲ ﺧﻴﺎﻝ ﺍﻟﺴﺎﺣﺮﺓ {f:7:ﺑﻴﺎﺗﺮﻳﺲ} ﺍﻟﺘﻲ ﺗﺘﺤﺪﺙ ﻋﻨﻬﺎ ﻣﺎﺭﻳﺎ ﻭﺍﻵﺧﺮﻭﻥ!,"""Bu iş ilginçleşmeye başlıyor...! Ve bu hiç de iyi değil...!! Sen, Maria ve diğerleri tarafından iddia edilen cadı {f:5:Beatrice}'in bir illüzyonu olmalısın."""
Ushiromiya Battler,""".........And only when everyone believes in your existence will you finally be allowed to exist. ...You're that kind of a fictional being, right? That's why you want to make me believe too. {i:You can't exist, because I alone don't believe in you}. .........Isn't that right?!""","""...And, you'll only be allowed to exist if everyone believes it. ...You have that kind of a half-existence, right? That's why you want to make me believe too. {i:You can't exist because I alone don't believe in you~}. ...Isn't that right?!"" ",".........So, if everyone believes you exist, you will finally be allowed to exist. ...You have that kind of a half-existence, right? That's why you want to make me believe too. You can't exist because I alone don't believe in you..........Isn't that right?!""",………そして、全員がその存在を信じることでようやく存在を許される。…そういう虚実の存在なんだろ？　だから俺にも信じさせたい。　{i:俺だけが信じないから、存在できない}。　………そうなんだろ？！」,「………そして、全員がその存在を信じることでようやく存在を許される。…そういう虚構の存在なんだろ？　だから俺にも信じさせたい。{i:俺だけが信じないから、存在できない}。………そうなんだろ？！」,""".........Итак, если все поверят в твоё существование, то ты действительно будешь существовать. ...Ты же вымышленное существо, так? Вот почему ты хочешь, чтобы я поверил в тебя. {i:Ты не можешь существовать потому, что я один не верю в тебя}. .........Разве не так?!""",""".........E só quando todos acreditarem na sua existência é que você finalmente vai poder existir. ...Você é aquele tipo de ser fictício, né? Por isso você quer me fazer acreditar também. {i:Você não pode existir, porque eu sozinho não acredito em você}. .........Não é isso?!""",「………然后，所有人都相信了你的存在，你才总算得以存在。…就是这种虚无缥缈的存在吧？所以才想让我也相信。{i:只要我一个人不相信，就没法存在}。………没错吧？！」,「………然後，所有人都相信了你的存在，你才總算得以存在。…就是這種虛無縹緲的存在吧？所以才想讓我也相信。{i:只要我一個人不相信，就沒法存在}。………沒錯吧？！」,"... E se tutti credono che tu esista, ti sarà finalmente permesso di esistere. ... Possiedi quel genere di esistenza a metà, vero? È per questo che vuoi far credere anche me. Visto che io solo non ci credo, tu non esisti. ... Non è forse così?!""","""E se tutti credono che qualcosa del genere esista, ti sarà finalmente concesso di esistere... Sei un'entità reale e al tempo stesso irreale, vero? È per questo che vuoi far credere anche me. {i:Visto che sono l'unico a non crederci, tu non esisti}... Non è forse così?!""","""Y solo cuando todos crean en tu existencia se te permitirá finalmente existir. Eres ese tipo de ser ficticio, ¿no? Por eso me quieres hacer creer también. {i:No puedes existir, porque solo yo no creo en ti}. ¡¿No es así?!""",".........ﻭﻗﻮﺓ ﺇﻳﻤﺎﻥ ﺍﻟﺠﻤﻴﻊ ﺑﻚ ﺳﺘﺴﻤﺢ ﻟﻚ ﺃﺧﻴﺮﺍ ﺑﺎﻟﺘﻮﺍﺟﺪ.... ...ﻟﻜﻨﻚ ﻟﺴﺖ ﻣﻮﺟﻮﺩﺓ ﻛﻠﻴﺎ، ﺻﺤﻴﺢ؟ ﻭﻟﻬﺬﺍ ﺗﺮﻳﺪﻳﻦ ﻣﻨﻲ ﺃﻥ ﺃﺅﻣﻦ ﺑﻚ. {f:3:ﻻ ﻳﻤﻜﻨﻚ ﺍﻟﺘﻮﺍﺟﺪ ﻓﻌﻼ ﻷﻧﻲ ﺍﻟﻮﺣﻴﺪ ﺍﻟﺬﻱ ﻻ ﻳﺆﻣﻦ ﺑﻚ}. .........ﺃﻟﺴﺖ ﻣﺤﻘﺎ؟!""",""".........Ve sadece herkes senin varlığına inandığında nihayet var olmana izin verilecek. ...Sen o tür bir kurgusal varlıksın, değil mi? Bu yüzden beni de inandırmak istiyorsun. {i:Sen var olamazsın, çünkü sana tek ben inanmıyorum}. .........Doğru değil mi?!"""
{f:5:Beatrice},""".........Your power of understanding isn't bad for a common mortal who knows nothing of magic. .........I see, it seems that you were born with a strong magic‐resisting power.""","""...Your powers of comprehension aren't bad for a mere commoner who knows nothing of magic. ...Yes, it seems you were born with a strong magic-resisting power. ",""".........Your power of understanding isn't bad for a mediocre person who knows nothing of magic. .........I see, it seems that you were born with a strong magic-resisting power. ",「………魔に通じぬ凡夫の分際にしては、理解力は悪くない。………なるほど、どうやらそなたは生まれながらにして、魔力に強い抵抗力を持つらしいな。,「………魔に通じぬ凡夫の分際にしては、理解力は悪くない。………なるほど、どうやらそなたは生まれながらにして、魔力に強い抵抗力を持つらしいな」,""".........Ты разобрался не так уж и плохо для заурядного человека, ни бельмеса не смыслящего в магии. .........Понятно, по‐видимому, ты родился с высоким сопротивлением к магии.""",""".........Seu poder de compreensão não é nada mau para um mero mortal que não sabe nada sobre magia. .........Entendo, parece que você nasceu com um forte poder de resistência à magia.""",「………以不通魔性的区区凡人来说，理解能力倒还不错。………原来如此，看来多半汝与生俱来，便对魔力拥有强大的抵抗力。」,「………以不通魔性的區區凡人來說，理解能力倒還不錯。………原來如此，看來多半汝與生俱來，便對魔力擁有強大的抵抗力。」,"""... La tua capacità di comprensione non è male per una persona mediocre che non sa nulla di magia. ... Capisco, sembra che in qualche modo, dal momento in cui sei nato, tu abbia avuto una forte resistenza al potere magico.","""...Niente male come capacità di comprensione, per un semplice plebeo che non sa nulla di spiriti... Capisco, sembra che in qualche modo tu sia nato con una forte resistenza alla magia...""","""Tu nivel de comprensión no es malo para un mortal común que no sabe nada de la magia. Ya veo, parece que has nacido con una fuerte resistencia hacia la magia.""","""......ﺇﻥ ﻗﺪﺭﺗﻚ ﻓﻲ ﺍﻟﺘﻔﻜﻴﺮ ﻟﻴﺴﺖ ﺳﻴﺌﺔ ﺑﺎﻟﻨﺴﺒﺔ ﻟﺸﺨﺺ ﻋﺎﺩﻱ ﻻ ﻳﻌﺮﻑ ﺷﻴﺌﺎ ﻋﻦ ﺍﻟﺴﺤﺮ. ...ﻓﻬﻤﺖ، ﻳﺒﺪﻭ ﺃﻥ ﻟﺪﻳﻚ ﻗﻮﺓ ﻣﻘﺎﻭﻣﺔ ﻓﻄﺮﻳﺔ ﻟﻠﺴﺤﺮ.",""".........Büyü hakkında hiçbir şey bilmeyen sıradan bir ölümlü için anlama gücün hiç de fena değil. .........Gördüğüm kadarıyla büyüye karşı güçlü bir dirençle doğmuşsun."""
{f:5:Beatrice},"""......The natural enemy of us witches. ...No matter how much we tip you upside down and shake you, {i:you will never believe in us}. {i:Therefore, magic will fall short against you}. ...That attitude of yours makes a great deal of sense. *cackle*cackle*...!""","...You're a natural enemy of us witches. ...No matter how much we turn your world upside down, {i:you never believe in us.} {i:Therefore, the magic won't succeed}. ...I accept that attitude of yours. *cackle*cackle*...!"" ","......The natural enemy of us witches. ...No matter how much we turn your world upside down,you never believe in us. Therefore, the magic won't succeed....I accept that attitude of yours. *cackle*cackle*...!""",……我ら魔女の天敵よ。…どう逆さに振るって見せようとも、{i:決して我らを信じない。}{i:だから魔法が及ばない。}…お前のその態度にも納得が行こうというものよ。くっくっくっく…！」,「……我ら魔女の天敵よ。…どう逆さに振るって見せようとも、{i:決して我らを信じない}。{i:だから魔法が及ばない}。…お前のその態度にも納得が行こうというものよ。くっくっくっく…！」,"""......Прирождённый враг нас, ведьм. ...Не важно, перевернём ли мы твой мир вверх дном, {i:ты никогда не поверишь в нас}. {i:Поэтому магия на тебе не сработает}. ...Такая самоотверженность не лишена смысла. Хи‐хи‐хи.""","""......O inimigo natural de nós, bruxas. ...Não importa o quanto nós o virarmos de cabeça para baixo e o sacudirmos, {i:você nunca vai acreditar em nós}. {i:É por isso que a magia não pode te alcançar}. ...Essa sua atitude faz muito sentido. *risos*risos*...!""",「……是我等魔女的天敌呢。…无论怎么翻个底儿掉地给汝展示，{i:汝都绝不相信我等}。{i:所以魔法不涉汝身}。…你会有这种态度妾身也算理解了。呵呵呵呵…！」,「……是我等魔女的天敵呢。…無論怎麼翻個底兒掉地給汝展示，{i:汝都絕不相信我等}。{i:所以魔法不涉汝身}。…你會有這種態度妾身也算理解了。呵呵呵呵…！」,"... Il nemico naturale di noi streghe. ... Non importa quanto capovolgiamo il vostro mondo, non crederete in noi. Perciò, la magia non riuscirà. ... Accetto questa tua posizione. *cackle*cackle*...!""","""Sei il nemico naturale di noi streghe... Non importa quanto capovolgiamo il vostro mondo, {i:non crederete mai in noi}. {i:Pertanto, la magia non farà effetto}...{n}Una spiegazione accettabile per il tuo atteggiamento. Mhmhmhmh...!""","""El enemigo natural de nosotras, las brujas. Por mucho que te demos vueltas y vueltas, {i:nunca creerás en nosotras}. {i:Por lo tanto, la magia no funcionará contra ti}. Esa actitud tuya tiene mucho sentido. ¡*risita*risita*!""","......ﺇﻧﻚ ﺍﻟﻌﺪﻭ ﺍﻟﻄﺒﻴﻌﻲ ﻟﻨﺎ ﻧﺤﻦ ﺍﻟﺴﺎﺣﺮﺍﺕ. ...ﻣﻬﻤﺎ ﺃﻇﻬﺮﻧﺎ ﻟﻚ ﻣﻦ ﻗﺪﺭﺍﺕ، {f:3:ﻟﻦ ﺗﺆﻣﻦ ﺑﻨﺎ ﺃﺑﺪﺍ}. {f:3:ﻭﻟﻬﺬﺍ ﻟﻦ ﻳﻜﺘﻤﻞ ﺍﻟﺴﺤﺮ ﺃﺑﺪﺍ}. ...ﻟﺬﺍ ﺃﻓﻬﻢ ﺗﺼﺮﻓﺎﺗﻚ ﻫﺬﻩ. *ﻗﻬﻘﻬﺔ*ﻗﻬﻘﻬﺔ*...!""","""......Biz cadıların doğal düşmanı. ...Seni ne kadar alt üst edip sarsarsak sarsalım, {i:bize asla inanmayacaksın.} {i:Bu yüzden büyü sana karşı yetersiz kalacak.} ...Bu tavır çok mantıklı. *cackle*cackle*...!"""
Ushiromiya Battler,"""I've got no clue what you're saying, ihihi! It's very kind of you to go to all of the trouble of showing yourself to us, but I don't believe you exist in the slightest.""","""I've got no clue what you're saying, ihihi! It's very kind of you to go to all of the trouble of showing yourself to us, but I don't believe you exist in the slightest."" ","""I've got no clue what you're saying, ihihi! It's very kind of you to go to all of the trouble of showing yourself to us, but I don't believe you exist in the slightest.",「何を言ってやがるかさっぱりだぜ、いっひっひ！　わざわざお姿まで現してもらって恐縮だが、俺はお前さんの存在なんて、これっぽっちも信じやしないぜ。,「何を言ってやがるかさっぱりだぜ、いっひっひ！　わざわざお姿まで現してもらって恐縮だが、俺はお前さんの存在なんて、これっぽっちも信じやしないぜ」,"""Я понятия не имею, о чём ты говоришь, ихи‐хи! Это очень мило с твоей стороны — выкроить время, чтобы явиться пред наши ясны очи, но я ни на йоту не верю в твое существование.""","""Eu não faço ideia do que você está falando, ihihi! É muito gentil da sua parte se preocupar e aparecer diante de todos nós, mas eu não tenho a menor crença na sua existência.""",「我可完全不懂你在说些什么啊，嘿嘿嘿！虽说蒙您特意现身，我得惶恐一下，但是你的存在之类的，我是一丝一毫都不信啊。」,「我可完全不懂你在說些什麼啊，嘿嘿嘿！雖說蒙您特意現身，我得惶恐一下，但是你的存在之類的，我是一絲一毫都不信啊。」,"""Non ho idea di cosa tu stia dicendo, ihihi! Molto carino da parte tua scomodarti per mostrarti a noi, ma non credo minimamente nella tua esistenza.","""Non ho idea di cosa tu stia dicendo, ihihih! Molto carino da parte tua scomodarti per mostrarti a noi, ma non credo minimamente alla tua esistenza.""","""¡No tengo idea de lo que estás diciendo, jijiji! Es muy amable de tu parte tomarte la molestia de mostrarte ante nosotros, pero no creo en ti en lo más mínimo.""","""ﻻ ﻓﻜﺮﺓ ﻟﺪﻱ ﻋﻤﺎ ﺗﺜﺮﺛﺮﻳﻦ ﺑﻪ، ﺃﻫﻴﻬﻲ! ﻣﻦ ﺍﻟﻠﻄﻒ ﻣﻨﻚ ﺃﻥ ﻛﻠﻔﺖ ﻧﻔﺴﻚ ﻭﺃﺧﺬﺕ ﻣﻦ ﻭﻗﺘﻚ ﻟﻠﻈﻬﻮﺭ ﺃﻣﺎﻣﻨﺎ، ﻭﻟﻜﻨﻨﻲ ﻻ ﺃﺅﻣﻦ ﺃﺑﺪﺍ ﺑﻮﺟﻮﺩﻙ ﺍﻟﺪﻧﻲﺀ.","""Ne dediğin hakkında hiçbir fikrim yok, ihihi! Bize kendini gösterme zahmetine girmen çok nazik bir davranış, ama senin var olduğuna zerre inanmıyorum."""
Ushiromiya Battler,"""It's true that many strange things happened during those two days. Like Maria said earlier, even though I think that all of the tricks could be explained, I still can't lay out the practical details of each one. But that doesn't mean I'll surrender.""","""It's true that many strange things happened during those two days. Like Maria said earlier, even though I think all the tricks could be explained, I still can't lay out the practical details of each one. However, that doesn't mean I'll surrender."" "," It's true that many strange things happened during those two days. Like Maria said earlier, even though I think that all of the tricks could be explained, I still can't lay out the practical details of each one. However, that doesn't mean that I'll surrender.",確かにこの２日間、妙なことは何度か起こった。さっき真里亞に言われた通り、俺はそれら全てにトリックの説明がつけられると思っているが、個々に具体的にはまだ挙げられてねぇ。だが、だからといって屈するわけじゃない。,「確かにこの２日間、妙なことは何度か起こった。さっき真里亞に言われた通り、俺はそれら全てにトリックの説明がつけられると思っているが、個々に具体的にはまだ挙げられてねぇ。だが、だからといって屈するわけじゃない」,"""Это правда, что много странных вещей случилось в течение этих двух дней. Как сказала Мария, хотя я и думаю, что все трюки могут быть объяснены, я всё ещё не могу рассказать, как каждый из них был осуществлён на практике. Но это не значит, что я сдамся.""","""É verdade que muitas coisas estranhas aconteceram durante esses dois dias. Como a Maria disse antes, mesmo que eu pense em uma forma de explicar todos os truques, eu ainda não consigo descrever os detalhes de cada um deles. Mas isso não significa que eu vou me render.""",「确实在这两天里，发生了好几起奇怪的事。就像刚才真里亚说的一样，虽然我认为这些全部都能用诡计来解释，但是还没办法一个个具体说明。不过，就算这样我也不会屈服的。」,「確實在這兩天裡，發生了好幾起奇怪的事。就像剛才真里亞說的一樣，雖然我認為這些全部都能用詭計來解釋，但是還沒辦法一個個具體說明。不過，就算這樣我也不會屈服的。」,"È vero che molte cose strane sono accadute in questi due giorni. Come ha detto prima Maria, anche se penso che tutti i trucchi possano essere spiegati, ancora non riesco a descrivere i dettagli pratici di ognuno di loro. Tuttavia, ciò non significa che mi arrenderò.","""È vero che in questi due giorni sono accadute molte cose strane. Come ha detto prima Maria, io penso che tutti i trucchi possano essere spiegati, ma ancora non riesco a esporre i dettagli pratici di ciascuno di essi. Ciononostante, io non cederò.""","""Es cierto que muchas cosas extrañas sucedieron durante esos dos días. Tal como dijo María antes, aunque pienso que todos los trucos podrían ser explicados, todavía no puedo disponer los detalles prácticos de cada uno. Pero eso no significa que me rendiré.""",ﺻﺤﻴﺢ ﺃﻧﻪ ﺣﺪﺛﺖ ﺍﻟﻌﺪﻳﺪ ﻣﻦ ﺍﻷﻣﻮﺭ ﺍﻟﻐﺮﻳﺒﺔ ﺧﻼﻝ ﻫﺬﻳﻦ ﺍﻟﻴﻮﻣﻴﻦ. ﻛﻤﺎ ﻗﺎﻟﺖ ﻣﺎﺭﻳﺎ ﻣﺴﺒﻘﺎ، ﺭﻏﻢ ﺃﻧﻲ ﺃﻋﺘﻘﺪ ﺃﻥ ﻛﻞ ﺍﻟﺤﻴﻞ ﻗﺎﺑﻠﺔ ﻟﻠﺘﻔﺴﻴﺮ، ﺇﻻ ﺃﻧﻨﻲ ﻻ ﺃﺳﺘﻄﻴﻊ ﺗﺤﺪﻳﺪ ﺍﻟﺘﻔﺎﺻﻴﻞ ﺍﻟﻔﻌﻠﻴﺔ ﻟﻜﻞ ﻭﺍﺣﺪﺓ ﻣﻨﻬﻢ. ﻭﻟﻜﻦ ﻻ ﻳﻌﻨﻲ ﻫﺬﺍ ﺃﻧﻨﻲ ﺳﺄﺳﺘﺴﻠﻢ.,"""O iki gün boyunca pek çok garip şey olduğu doğru. Tıpkı Maria'nın daha önce söylediği gibi, tüm numaraların açıklanabileceğini düşünsem de, yine de her birinin pratik ayrıntılarını ortaya koyamıyorum. Ama bu teslim olacağım anlamına gelmiyor."""
Ushiromiya Battler,"""I'm different from the rest of them, see? I'll never argue that it was the work of a witch just because I can't explain it.""","""I'm different from the rest of them, got it? I'll never accept that it was the work of a witch just because I can't explain it."" "," I'm different from the rest of them, you see? I'll never argue that it was the work of a witch just because I can't explain it.""",俺は兄貴たちとは違うぜ？　説明できないから、魔女の仕業だなんて論法には絶対ぇならねぇぜ。」,「俺は兄貴たちとは違うぜ？　説明できないから、魔女の仕業だなんて論法には絶対ぇならねぇぜ」,"""Видишь ли, я отличаюсь от остальных. Я никогда не буду утверждать, будто это работа ведьмы просто потому, что я не могу дать этому объяснения.""","""Eu sou diferente dos outros, vê? Eu nunca vou usar o argumento de que foi obra de uma bruxa só porque eu não consigo explicar.""",「我和大哥他们可不同啊。因为无法解释所以是魔女所为，这种逻辑我是绝对不会接受的。」,「我和大哥他們可不同啊。因為無法解釋所以是魔女所為，這種邏輯我是絕對不會接受的。」,"Sono diverso da loro, capisci? Non dirò mai che è stata opera di una strega solo perché non so spiegarlo.""","""Sono diverso da loro, capisci? Non accetterò mai la logica per cui è stata opera di una strega solo perché non so spiegarlo.""","""Soy diferente a ellos, ¿de acuerdo? Nunca argumentaré que fue obra de una bruja solo porque no puedo explicarlo.""","ﺇﻧﻲ ﻣﺨﺘﻠﻒ ﻋﻦ ﺑﻘﻴﺘﻬﻢ، ﺃﺗﻔﻬﻤﻴﻦ؟ ﻟﻦ ﺃﻋﺘﺮﻑ ﺃﺑﺪﺍ ﺑﺄﻥ ﺍﻟﻤﺠﺮﻡ ﻫﻮ ﺍﻟﺴﺎﺣﺮﺓ ﻓﻘﻂ ﻷﻧﻲ ﻟﻢ ﺃﺗﻤﻜﻦ ﻣﻦ ﺍﻟﺘﻔﺴﻴﺮ.""","""Ben Aniki ve diğerlerinden farklıyım, anlıyor musun? Açıklayamadığım için bunun bir cadının işi olduğunu asla kabul etmeyeceğim."""
{f:5:Beatrice},""".........My interest in you grows deeper. It will be worth my time to break you...""","""...This keeps getting more amusing. Making you surrender will be worth my while... ","""This keeps getting more interesting. Making you surrender will be worth my time...",「………ますますに気に入ったぞ。お前は屈服させ甲斐がある…。,「………ますますに気に入ったぞ。お前は屈服させ甲斐がある…」,""".........Чем дальше, тем интереснее. Заставить тебя сдаться будет достойной тратой моего времени...""",""".........Meu interesse em você está crescendo cada vez mais. Vai valer a pena passar o meu tempo fazendo você entregar os pontos...""",「………越来越让人中意了呢。让你屈服很有意义…」,「………越來越讓人中意了呢。讓你屈服很有意義…」,"""Diventa sempre più interessante. Ne varrà la pena, farti arrendere...","""...Mi piaci sempre di più. Farti sottomettere a me ne varrà la pena...""","""Mi interés en ti se va profundizando. Valdrá la pena romperte.""",""".......ﺃﻧﺖ ﺗﻨﺎﻝ ﺇﻋﺠﺎﺑﻲ ﺃﻛﺜﺮ ﻓﺄﻛﺜﺮ! ﺳﻴﻜﻮﻥ ﺇﺭﻏﺎﻣﻚ ﻋﻠﻰ ﺍﻻﺳﺘﺴﻼﻡ ﺟﺪﻳﺮﺍ ﺑﺎﻟﻌﻨﺎﺀ....!",""".........Sana olan ilgim daha da artıyor. Seni kırmak için harcayacağım zamana değecek..."""
{f:5:Beatrice},"""......You're just the kind of man I'd love to force into praising my name...... You're just the kind of man I'd love to force into kissing my toes. ...*cackle*cackle*cackle*!""","...You're just the kind of man I'd like to force into praising my name...... I'd love to try making a man like you kiss my toes. ...*cackle*cackle*cackle*!"" ","......You're just the kind of man I'd like to force into praising my name...... I'd love to try making a man like you kiss my toes. ...*cackle*cackle*cackle*!""",……お前のような男にこそ、我が名を讃えさせてみせたいぞ……？お前のような男にこそ、爪先にキスをさせてみたいものよ。…くっくっくっくっく！」,「……お前のような男にこそ、我が名を讃えさせてみせたいぞ……？　お前のような男にこそ、爪先にキスをさせてみたいものよ。…くっくっくっくっく！」,"""......Ты именно тот тип человека, которого я хочу заставить славить моё имя...... С удовольствием попытаюсь заставить такого мужчину, как ты, целовать пальцы моих ног. ...Хи‐хи‐хи.""","""......Você é o tipo de homem que eu adoraria forçar a louvar o meu nome......{n}Você é o tipo de homem que eu adoraria forçar a beijar os dedos dos meus pés. ...*risos*risos*risos*!""",「……就是想让你这样的男人赞颂吾名啊……！就是想让你这样的男人亲吻妾身的脚尖哦。…呵呵呵呵呵！」,「……就是想讓你這樣的男人讚頌吾名啊……！就是想讓你這樣的男人親吻妾身的腳尖哦。…呵呵呵呵呵！」,"... Voglio in particolar modo provare a far lodare il mio nome da un uomo come te... Voglio provare a farmi baciare i piedi da un uomo come te. ... *cackle*cackle*cackle*!""","""Sei proprio il tipo d'uomo a cui vorrei far lodare il mio nome... Sono proprio gli uomini come te quelli a cui vorrei far baciare la punta delle mie scarpe... Mhmhmhmhmhmh!""","""Eres el tipo de hombre al que amaría obligar a alabar mi nombre. Eres el tipo de hombre al que amaría obligar a besar mis pies. ¡*risita*risita*risita*!"""," ""...ﺃﻧﺖ ﻣﻦ ﺃﻭﻟﺌﻚ ﺍﻟﺮﺟﺎﻝ ﺍﻟﺬﻳﻦ ﺃﺗﻠﺬﺫ ﻓﻲ ﺇﺟﺒﺎﺭﻫﻢ ﺑﺘﻤﺠﻴﺪ ﺍﺳﻤﻲ... ﺃﺭﻳﺪ ﺟﻌﻞ ﺃﻣﺜﺎﻟﻚ ﻳﻘﺒﻠﻮﻥ ﺃﺻﺎﺑﻊ ﻗﺪﻣﻲ. ...*ﻗﻬﻘﻬﺔ*ﻗﻬﻘﻬﺔ*ﻗﻬﻘﻬﺔ*!""","""......Sen tam da ismimi övmeye zorlamak isteyeceğim türden bir adamsın...... Sen tam da ayak parmaklarımı öpmeye zorlamak isteyeceğim türden bir adamsın. ...*cackle*cackle*cackle*!"""
Ushiromiya Battler,"""Talk all the nonsense you want...! I deny you exist. All of the events can be explained with ""human tricks""...!! There's no room for even a speck of magic or witches!!""","""If you want to talk nonsense, talk all you want...! I deny you exist. All of the events can be explained with ""human tricks""...!! There's no room for even a speck of magic or witches!!"" ","""If you want to talk nonsense, talk all you want...! I deny you exist. All of the events can be explained with 'human tricks'...!! There's no room for even a speck of magic or witches!!""",「寝言言いたきゃ好きなだけ言ってろ…！　俺はお前なんか否定してやるぜ。全ての出来事を“人間とトリック”で説明してやる…！！　そこには一片たりとも魔女も魔法も入り込む余地はねぇッ！！」,[=JP],"""Если хочешь нести ерунду, неси сколько влезет!.. Я отрицаю, что ты существуешь. Все события могут быть объяснены с помощью 'людских трюков'!.. Здесь нет места даже для крупицы магии или ведьм!!!""","""Fale quantas besteiras você quiser...! Eu vou negar que você existe. Todos esses eventos podem ser explicados com ""truques humanos""...!! Não há espaço para magia ou bruxas!!""",「梦话你爱说就尽管说吧…！我会否定你的。发生的所有事，我都会用“人类和诡计”来解释给你看…！！其中一丁点挤进魔女和魔法的余地都没有！！」,「夢話你愛說就儘管說吧…！我會否定你的。發生的所有事，我都會用“人類和詭計”來解釋給你看…！！其中一丁點擠進魔女和魔法的餘地都沒有！！」,"""Se vuoi dire cose insensate, parla quanto vuoi...! Io nego che qualcosa come te esista. Tutti gli eventi possono essere spiegati con ‘trucchi umani’...!! Non c'è spazio nemmeno per una briciola di magia o streghe!!""","""Se vuoi sparare cavolate, parla pure quanto vuoi...! Io negherò la tua esistenza. Tutti gli avvenimenti possono essere spiegati con {i:dei trucchi umani}...!!{n}Non ci sarà modo di infilarci neanche un pizzico di magia o di streghe!!""","""¡Habla de disparates todo lo que quieras! Niego que existas. ¡¡Todos los eventos pueden ser explicados con ""trucos humanos""!! ¡¡No hay lugar para siquiera una mota de magia o brujas!!""","""ﺍﺳﺘﻤﺮﻱ ﺑﻘﻮﻝ ﻫﺬﺍ ﺍﻟﻬﺮﺍﺀ ﻛﻤﺎ ﺗﺸﺎﺋﻴﻦ! ﺳﻮﻑ ﺃﻧﻜﺮ ﻭﺟﻮﺩﻙ... ﻭﺳﺄﻓﺴﺮ ﻛﻞ ﻣﺎ ﺣﺪﺙ ﺑـ'ﺣﻴﻞ ﺑﺸﺮﻳﺔ'! ﻟﻦ ﻳﺘﺒﻘﻰ ﺷﻲﺀ ﻟﺘﻔﺴﻴﺮﻩ ﺑﺎﻟﺴﺤﺮ ﺃﻭ ﺍﻟﺴﺎﺣﺮﺍﺕ!""","""İstediğin kadar saçma sapan konuş...! Varlığını inkâr ediyorum. Tüm olaylar ""insan numaraları"" ile açıklanabilir...!! Büyünün ya da cadıların zerresine bile yer yok!!"""
{f:5:Beatrice},"""Wonderful! ......This is the perfect form of diversion from a thousand years of boredom.""","""Wonderful! ...What a perfect way to divert oneself from a thousand years of boredom. ","""Wonderful! ......This is the perfect form on diversion from a thousand years of boredom. ",「良い！　……それでこそ千年の退屈も紛れるというものよ。,「良い！　……それでこそ千年の退屈も紛れるというものよ」,"""Замечательно! ......Это отличный способ отвлечься от тысячелетней скуки.""","""Maravilhoso! ......Essa é a diversão perfeita para mil anos de tédio.""",「很好！……这正好可以消遣积累千年的无聊。」,「很好！……這正好可以消遣積累千年的無聊。」,"""Meraviglioso! ... Ecco perché questo è uno svago da mille anni di noia.","""Bene..! Così la mia noia millenaria sarà alleviata.""","""¡Qué maravilla! Esta es la forma perfecta de pasar el rato luego de mil años de aburrimiento.""","""ﻣﺬﻫﻞ! ......ﻫﺬﻩ ﻫﻲ ﺍﻟﻤﺘﻌﺔ ﺍﻟﻤﺜﺎﻟﻴﺔ ﺑﻌﺪ ﺃﻟﻒ ﻋﺎﻡ ﻣﻦ ﺍﻟﻤﻠﻞ.","""Harika! ......Binlerce yıllık can sıkıntısından kurtulmam için ne mükemmel bir yol."""
{f:5:Beatrice},"""Then let me ask you. A short while ago, you said that using the crack in the door would be sufficient to kill Eva and Hideyoshi, right...? Explain how you would do that using your human tricks.""","Then let me ask you. A short while ago, you said that using the crack in the door would be sufficient to kill Eva and Hideyoshi, right...? Explain how they could have been killed using some human trick."" ","Then let me ask you. A short while ago, you said that using the crack in the door would be sufficient to kill Eva and Hideyoshi, right...? Explain how they could have been killed using some human trick.""",ならば聞こう。お前は先ほど、絵羽たちを殺すのに、扉の隙間を利用すれば良いと言ったな…？　人間とトリックで、どう殺してみせるのか、説明するがいい。」,「ならば聞こう。お前は先ほど、絵羽たちを殺すのに、扉の隙間を利用すれば良いと言ったな…？　人間とトリックで、どう殺してみせるのか、説明するがいい」,"""Тогда позволь мне задать тебе вопрос. Не так давно ты сказал, что использования щели между дверью и косяком было бы достаточно для совершения убийства Евы и Хидэёши, верно?.. Объясни, как бы ты сделал это с помощью твоих 'людских трюков'.""","""Então deixe‐me perguntar. Há pouco tempo, você disse que usar uma pequena fresta na porta seria o suficiente para matar Eva e Hideyoshi, certo...? Explique isso usando seus truques humanos.""",「那么容妾身开问了。你刚才说，杀死绘羽他们，只要用门的缝隙就行吧…？那你就说明一下，以人类和诡计，要怎么杀死他们吧。」,「那麼容妾身開問了。你剛才說，殺死繪羽他們，只要用門的縫隙就行吧…？那你就說明一下，以人類和詭計，要怎麼殺死他們吧。」,"Allora lascia che ti chieda. Poco fa, hai detto che, per uccidere Eva e Hideyoshi, sarebbe stato abbastanza usare la fessura della porta, giusto...? Spiega come avrebbero potuto essere uccisi usando qualche stratagemma umano.""","""Allora sentiamo. Poco fa hai detto che per uccidere Eva e Hideyoshi sarebbe stato sufficiente utilizzare lo spiraglio della porta, vero...? Spiegami come avrebbero potuto essere uccisi con qualche trucco umano.""","""Entonces déjame preguntarte. Hace un rato, has dicho que usar el espacio en la puerta sería suficiente para matar a Eva y Hideyoshi, ¿no es así? Explica cómo podrías hacer eso usando tus trucos humanos.""","ﺇﺫﻥ ﺩﻋﻨﻲ ﺃﺳﺄﻟﻚ. ﻣﻨﺬ ﻓﺘﺮﺓ ﻭﺟﻴﺰﺓ، ﻗﻠﺖ ﺇﻥ ﺍﺳﺘﺨﺪﺍﻡ ﺍﻟﻔﺠﻮﺓ ﻓﻲ ﺍﻟﺒﺎﺏ ﺳﻴﻜﻮﻥ ﻛﺎﻓﻴﺎ ﻟﻘﺘﻞ ﺇﻳﻔﺎ ﻭﻫﻴﺪﻳﻮﺷﻲ، ﺃﻟﻴﺲ ﻛﺬﻟﻚ؟ ﻓﺴﺮ ﻟﻲ ﻛﻴﻒ ﺃﻣﻜﻦ ﻗﺘﻠﻬﻤﺎ ﺑﺎﺳﺘﺨﺪﺍﻡ ﺑﻌﺾ ﺍﻟﺤﻴﻞ ﺍﻟﺒﺸﺮﻳﺔ.""","""O zaman sormama izin ver. Kısa bir süre önce, kapıdaki aralığı kullanmanın Eva ve Hideyoshi'yi öldürmek için yeterli olacağını söylemiştin, değil mi...? İnsan numaralarını kullanarak bunu nasıl yapacağını açıkla."""
Ushiromiya Battler,"""......Heh. Suddenly jumping right into the toughest part, are you? ...Does that mean that this is the trick you're proudest of? Miss {i:Real Culprit}?""","""...Heh. Suddenly jumping right into the toughest part, are you? ...Does that mean this is the trick you're proudest of? Miss {i:Real Culprit? ","""......Heh. Suddenly jumping right into the toughest part, are you? ...Does that mean that this is the trick you're proudest of? Miss Real Culprit?""",「……へ。いきなり、一番辛いところから切り込んできやがったな。…ってことは、このトリックが一番の自信作、ってことなんだろ？{i:真犯人}さんよぅ。」,「……へ。いきなり、一番辛いところから切り込んできやがったな。…ってことは、このトリックが一番の自信作、ってことなんだろ？　{i:真犯人}さんよぅ」,"""......Хе. Внезапно прыгаешь к самой сложной части, да? ...Значит ли это, что этим трюком ты гордишься больше всего? Уважаемая {i:истинная преступница}?""","""......Heh. Pulando repentinamente para a parte mais difícil? ...Isso significa que esse é o truque do qual você mais se orgulha? Sra. {i:Verdadeira Culpada}?""",「……嘿。一上来，就直接切入最难办的问题啊。…如此说来，这个诡计就是你最有自信的作品吧，{i:真犯人}小姐？」,「……嘿。一上來，就直接切入最難辦的問題啊。…如此說來，這個詭計就是你最有自信的作品吧，{i:真犯人}小姐？」,"""... Heh. Salti subito alla parte più difficile, eh? ... Significa che è il trucco di cui vai più fiera? Miss Vero Colpevole?""","""...Eh. Sei subito saltata alla parte più difficile... Significa che è il trucco di cui vai più fiera? {i:Miss Vero Colpevole}?""","""Je... Yendo directo a la parte difícil, ¿no? ¿Significa que es este el truco que más te enorgullece? ¿Señorita {i:culpable}?""","""......ﻫﻴﻲ. ﺇﺫﻥ ﻓﻘﺪ ﺑﺪﺃﺕ ﺑﺎﻟﻘﻀﻴﺔ ﺍﻷﺻﻌﺐ؟ ...ﺃﻳﻌﻨﻲ ﺃﻥ ﻫﺬﻩ ﺃﻛﺜﺮ ﺣﻴﻠﺔ ﺗﻔﺨﺮﻳﻦ ﺑﻬﺎ؟ ﺃﻳﺘﻬﺎ ﺍﻟﺴﻴﺪﺓ {f:3:ﺍﻟﻤﺠﺮﻣﺔ ﻭﺍﻟﺤﻘﻴﻘﻴﺔ}؟""","""......Heh. Birdenbire en zor kısma mı atlıyorsun? ...Bu, en gurur duyduğun numaranın bu olduğu anlamına mı geliyor? Bayan {i:Gerçek Suçlu}?"""
,"{f:5:Beatrice} shook her golden pipe, and seven colors of gentle smoke trailed out of the end.","With a shake of her golden pipe, gentle, multi-colored smoke trailed out of the end. ","With a shake of her golden pipe, seven colors of gentle smoke trailed out of the end.",ベアトリーチェが黄金の煙管を振るうと、そこから七色の煙が柔らかく尾を引きました。,[=JP],"{f:5:Беатриче} взмахнула золотой трубкой, и из её конца пошёл нежный дым семи цветов.","{f:5:Beatrice} balançou seu cachimbo dourado, e sete cores de fumaça saíram de sua ponta.",贝阿朵莉切挥了挥黄金烟管，其中飘出的七色烟雾，轻柔地拉成一道长尾。,貝阿朵莉切揮了揮黃金煙管，其中飄出的七色煙霧，輕柔地拉成一道長尾。,"Con un cenno della sua pipa dorata, sette colori di fumo leggero si diffusero dall'estremità.","{f:5:Beatrice} agitò la sua pipa dorata, dalla cui estremità fuoriuscì un fumo tenue dai colori dell'arcobaleno...","{f:5:Beatrice} agitó su pipa dorada, y siete colores de suave humo salieron del extremo.",ﻧﻔﺜﺖ {f:7:ﺑﻴﺎﺗﺮﻳﺲ} ﺍﻟﻐﻠﻴﻮﻥ ﺍﻟﺬﻫﺒﻲ ﺍﻟﺬﻱ ﺗﺤﻤﻠﻪ، ﻭﺍﻧﺒﻌﺜﺖ ﺳﺒﻌﺔ ﺃﻟﻮﺍﻥ ﻣﻦ ﺍﻟﺪﺧﺎﻥ ﺍﻟﺪﻣﺚ.,"{f:5:Beatrice} altın piposunu salladı, ve ucundan yedi renk narin duman çıktı."
,"...The smoke quickly obscured the surroundings, ......and they were suddenly in the hallway of the mansion.","The smoke quickly obscured their surroundings, ...and they were suddenly in the hallway of the mansion. ","...The smoke quickly obscured the surroundings, ......and they were suddenly in the hallway of the mansion.",…それらは見る見る周囲を覆うと、……いつの間にかそこはお屋敷の廊下に。,[=JP],"...Вскоре он заполнил собой всю комнату, да так, что стало абсолютно ничего не видно......... и внезапно они очутились в коридоре особняка.","...A fumaça rapidamente escureceu os arredores, ......e repentinamente, eles estavam no corredor da mansão.",…这烟渐渐遮盖住周围，……不知不觉间，便来到了大屋的走廊。,…這煙漸漸遮蓋住周圍，……不知不覺間，便來到了大屋的走廊。,... Il fumo oscurò rapidamente l'ambiente... e si trovarono improvvisamente nell'atrio della villa.,I vapori avvolsero in un battibaleno l'ambiente circostante... e all'improvviso si ritrovarono nel corridoio della villa.,"El humo oscureció rápidamente los alrededores, y de repente estaba en el pasillo de la mansión.",...ﻭﺃﻋﺘﻢ ﺍﻟﺪﺧﺎﻥ ﻛﻞ ﺍﻟﻤﻜﺎﻥ ﺍﻟﺬﻱ ﻳﺤﻴﻄﻪ. ......ﻟﻴﺠﺪﻭﺍ ﺃﻧﻔﺴﻬﻢ ﻓﺠﺄﺓ ﻭﺳﻂ ﺭﺩﻫﺔ ﺍﻟﻘﺼﺮ.,"...Duman hızla etrafı örttü, ......ve kendilerini bir anda malikanenin koridorunda buldular."
,"In front of their eyes, a slightly opened door, secured by a chain...","The door in front of them, slightly opened but secured by the chain, was... "," The door in front of them, slightly opened but secured by the chain, was...",目の前には、チェーンで閉じられ、わずかに開いた客室の扉が…。,[=JP],"Слегка приоткрытая, но запертая на цепочку дверь перед ними была...","À frente de seus olhos, uma porta entreaberta, fechada com uma corrente...",被链条锁锁住的，仅开了一点点的客房的门，出现在了眼前…。,被鏈條鎖鎖住的，僅開了一點點的客房的門，出現在了眼前…。,"La porta di fronte a loro, un poco aperta ma chiusa dalla catena, era...","La porta di fronte a loro, leggermente socchiusa e bloccata dalla catenella, era...","En frente de sus ojos, una puerta ligeramente abierta, cerrada con una cadena...",ﺍﻟﺒﺎﺏ ﺍﻟﺬﻱ ﺃﻣﺎﻣﻬﻢ، ﻣﻔﺘﻮﺡ ﻗﻠﻴﻼ ﻭﻟﻜﻨﻪ ﻣﺆﻣﻦ ﺑﺎﻟﺴﻠﺴﻠﺔ، ﻟﻘﺪ ﻛﺎﻥ...,"Gözlerinin önünde, zincirle kilitlenmiş ve hafifçe aralanmış bir kapı vardı..."
,"Yes, it was the entrance to the room where Eva and Hideyoshi had been killed.","That's right, it's the door to the room where Eva and Hideyoshi were killed. "," That's right, it was the door to the room where Eva and Hideyoshi had been killed.",そう、絵羽たちが殺された部屋の入口なのです。,[=JP],"Правильно, была дверью в комнату, где были убиты Ева и Хидэёши.","Sim, era a entrada do quarto onde Eva e Hideyoshi foram mortos.",对，就是绘羽他们被杀的房间的入口。,對，就是繪羽他們被殺的房間的入口。,"Esatto, era la porta della camera dove Eva e Hideyoshi erano stati uccisi.","Esatto, era la porta d'ingresso della camera dove erano stati uccisi Eva e Hideyoshi.","En efecto, era la entrada a la habitación en donde Eva y Hideyoshi habían sido asesinados.",ﻫﺬﺍ ﺻﺤﻴﺢ، ﻟﻘﺪ ﻛﺎﻥ ﺑﺎﺏ ﺍﻟﻐﺮﻓﺔ ﺍﻟﺘﻲ ﻗﺘﻠﺖ ﻓﻴﻬﺎ ﺇﻳﻔﺎ ﻭﺯﻭﺟﻬﺎ.,"Evet, bu Eva ve Hideyoshi'nin öldürüldüğü odanın girişiydi."
Ushiromiya Battler,"""......N‐nice trick...""","""...N-Nice trick..."" ","""......N, nice trick...""",「……べ、便利じゃねぇかよ…。」,「……べ、便利じゃねぇかよ…」,"""......Н‐неплохой фокус...""","""......B‐Belo truque...""",「……这、这还真方便啊…」,「……這、這還真方便啊…」,"""... B-Bel trucchetto...""","""...C-Comodo...""","""Q‐Qué conveniente, ¿no?""","""......ﺧـ..ﺧﺪﻋﺔ ﺟﻴﺪﺓ...""","""......G-Güzel numara..."""
{f:5:Beatrice},"""Now then. Show me what you would do through this small crack, ""Battler"".""","""Very well. Show me what you would do through this small crack, Battler."" ","""Alright. Show me what you would do through this small crack, Battler.""",「さて。このわずかの隙間から、どうしてみせるのか、戦人とやら。」,「さて。このわずかな隙間から、どうしてみせるのか、戦人とやら」,"""Ладно. Покажи мне, что бы ты сделал сквозь эту маленькую щель, 'Баттлер'.""","""Agora. Me mostre o que você faria através dessa pequena abertura, ""Battler"".""",「那么。叫战人还是什么的家伙，通过这个狭窄的门缝，你要怎么做到呢？」,「那麼。叫戰人還是什麼的傢伙，通過這個狹窄的門縫，你要怎麼做到呢？」,"""Perfetto. Mostrami cosa faresti attraverso questa piccola apertura, Battler.""","""Dunque. Mostrami come si potrebbe fare da questo piccolo spiraglio, Battler, o qualunque sia il tuo nome.""","""Entonces. Muéstrame lo que puedes hacer, ""Battler"".""","""ﺣﺴﻨﺎ. ﺃﺭﻧﻲ ﻣﺎ ﺍﻟﺬﻱ ﺳﺘﻔﻌﻠﻪ ﻣﻦ ﺧﻼﻝ ﻫﺬﻩ ﺍﻟﻔﺠﻮﺓ ﺍﻟﺼﻐﻴﺮﺓ ﻳﺎ ﺑﺎﺗﻠﺮ.""","""Şimdi. Bana bu küçük aralıktan ne yapacağını göster, ""Battler""."""
Ushiromiya Battler,"""Erk............ ......Th‐they probably had some device to shoot those ""icepicks"". If they used that......""","""Erk, ... ...th-they probably had some device to shoot those ""icepicks"". If they used that..."" ","""Erk, ..................th, they probably had some device to shoot those 'icepicks'. If they used that......""",「く、…………。……た、多分、あの“アイスピック”を打ち出せる射出機があるんだ。そいつを使って……。」,「く、…………。……た、多分、あの“アイスピック”を打ち出せる射出機があるんだ。そいつを使って……」,"""Э‐э............ ......У них, наверное, было какое‐то устройство, стреляющее этими 'шильями'. Если они использовали его......""","""Erk............ ......E‐Ele provavelmente tinham um tipo de dispositivo para atirar aqueles ""picadores de gelo"". Se tivessem usado isso......""",「啧，…………。……我、我想，大概是有个可以发射那个“冰锥”的发射器。是用那玩意……」,「嘖，…………。……我、我想，大概是有個可以發射那個“冰錐”的發射器。是用那玩意……」,"""Erk... p-probabilmente, avevano qualche dispositivo per sparare quei ‘rompighiaccio’. Se avessero usato quello...""","""Ugh... P-Probabilmente, con qualche arma a munizioni che può lanciare quei {i:punteruoli}. Se ne avesse usato uno...""","""Er... P‐Probablente tenía algún aparato para disparar aquellos ""picahielos"". Si usó algo como eso...""","""ﺣﺴﻨﺎ.... ......ﺭﺑﻤﺎ ﻛﺎﻧﺖ ﻫﻨﺎﻙ ﺁﻟﺔ ﺗﺼﻮﻳﺐ ﻳﻤﻜﻦ ﻣﻦ ﺧﻼﻟﻬﺎ ﺇﻃﻼﻕ ﺗﻠﻚ 'ﺍﻷﻭﺗﺎﺩ'. ﻣﻦ ﺧﻼﻝ ﻫﺬﻩ ﺍﻟﻔﺠﻮﺓ......""","""Erk............ ......Mu-Muhtemelen o ""buz kıracaklarını"" fırlatmak için bir alet vardı. Eğer onu kullansalardı......"""
{f:5:Beatrice},"""How would you aim at Eva over on the bed when you can't see that far through this crack? ......And how would you reach Hideyoshi, in the bathroom with the door shut...?""","""How would they reach Eva over on the bed when you can't see that far through this crack? ...And how would they reach Hideyoshi, in the bathroom with the door shut...?"" ","""How would they reach Eva over on the bed when you can't see that far through this crack? ......And how would they reach Hideyoshi, in the bathroom with the door shut...?""",「その隙間からは見えぬ、ベッドの上の絵羽をどう狙うのか？　……そして、バスルームに篭り扉を閉めた秀吉をどう狙うのか…？」,[=JP],"""Как они достанут Еву на кровати, когда обозримое тобою пространство ограничено лишь этой щелью? ......И как они достанут Хидэёши в ванной с закрытой дверью?""","""Como você miraria sobre a cama, quando você mal consegue vê‐la por essa fenda? ......E como você chegaria até o Hideyoshi, no banheiro com a porta fechada...?""",「从门缝里是看不到床上的绘羽的，你要怎么瞄准她呢？……而秀吉则是关门待在了浴室里，你又要怎么瞄准他呢…？」,「從門縫裡是看不到床上的繪羽的，你要怎麼瞄準她呢？……而秀吉則是關門待在了浴室裡，你又要怎麼瞄準他呢…？」,"""Come avrebbero potuto raggiungere Eva sul letto, quando non puoi vedere così lontano attraverso questa fessura? ... E come avrebbero potuto raggiungere Hideyoshi, nel bagno con la porta chiusa...?""","""Come avrebbe potuto mirare ad Eva sul letto, quando lei non è visibile da quella fessura...? E come avrebbe potuto mirare ad Hideyoshi, che si era chiuso nel bagno...?""","""¿Cómo apuntarías hacia Eva sobre la cama cuando no puedes ver tan lejos por este espacio? ¿Y cómo llegarías hasta Hideyoshi, en el baño con la puerta cerrada?""","""ﻛﻴﻒ ﻳﻤﻜﻦ ﺍﻟﺘﺼﻮﻳﺐ ﻋﻠﻰ ﺇﻳﻔﺎ ﻭﻫﻲ ﻋﻠﻰ ﺍﻟﺴﺮﻳﺮ، ﻭﺍﻟﺘﻲ ﻻ ﻳﻤﻜﻦ ﺣﺘﻰ ﺭﺅﻳﺘﻬﺎ ﻋﺒﺮ ﺍﻟﻔﺠﻮﺓ. ......ﻭﻫﻴﺪﻳﻮﺷﻲ ﺍﻟﺬﻱ ﻛﺎﻥ ﺑﺪﺍﺧﻞ ﺩﻭﺭﺓ ﺍﻟﻤﻴﺎﻩ ﻭﺍﻟﺒﺎﺏ ﻣﻐﻠﻖ...؟""","""Bu aralıktan o kadar uzağı göremezken yatağın üzerindeki Eva'ya nasıl nişan alırdın? ......Ve kapısı kapalı banyodaki Hideyoshi'ye nasıl ulaşacaksın...?"""
Ushiromiya Battler,""".................................Dammit......... ...There is a crack... There should be some way......""","""......Damn... ...There's a crack... There should be some way..."" ",""".....................Damn, ............There's a crack... There should be some way......""",「……………………………くそ、………。…隙間はある…。何か方法があるはずなんだ……。」,「……………………………くそ、………。…隙間はある…。何か方法があるはずなんだ……」,""".................................Чёрт......... ...Вот щель... Должен же быть какой‐то способ......""",""".................................Droga......... ...Tem uma abertura... Deve ter alguma forma......""",「……………………………可恶………。…门缝就开在那儿…。总归应该是有什么方法的……」,「……………………………可惡………。…門縫就開在那兒…。總歸應該是有什麼方法的……」,"""... Dannazione... c'è una fessura... dovrebbe esserci un modo...""","""...Merda... C'è uno spiraglio... Un modo dovrebbe pur esserci...""","""... Maldición... Hay un hueco... Debería de haber alguna manera...""","""...........ﺳﺤﻘﺎ... ...ﺗﻮﺟﺪ ﻓﺠﻮﺓ... ﺃﻱ ﺃﻧﻪ ﻻ ﺑﺪ ﻣﻦ ﻭﺟﻮﺩ ﺣﻴﻠﺔ ﻣﺎ......""",""".................................Kahretsin......... ...Bir aralık var... Bir yolu olmalı......"""
{f:5:Beatrice},"""*cackle*cackle*. If you can't think of one, allow me.""","""*cackle*cackle* If you can't think of one, allow me."" ","""*cackle*cackle*. If you can't think of one, allow me.""",「くっくっくっく。お前に思いつかぬなら、妾がやって見せても良いぞ。」,「くっくっくっく。お前に思いつかぬなら、妾がやって見せても良いぞ」,"""Хи‐хи. Если ты ничего не можешь придумать, разреши попробовать мне.""","""*risos*risos*. Se você não consegue pensar em nada, me permita.""",「呵呵呵呵。你想不出来的话，妾身给你演示一下也无妨哟。」,「呵呵呵呵。你想不出來的話，妾身給你演示一下也無妨喲。」,"""*cackle*cackle*. Se non riesci a trovarne uno, permettimi.""","""Mhmhmhmh. Se non riesce a venirtene uno in mente, permettimi di mostrartelo.""","""*risita*risita*. Si no se te ocurre alguna, permíteme.""","""*ﻗﻬﻘﻬﺔ*ﻗﻬﻘﻬﺔ*. ﺇﺫﺍ ﻟﻢ ﻳﻤﻜﻨﻚ ﺍﻟﺘﻔﻜﻴﺮ ﻓﻲ ﻭﺍﺣﺪﺓ، ﻓﺎﺳﻤﺢ ﻟﻲ.""","""*cackle*cackle*. Aklına bir şey gelmiyorsa, bana bırak."""
Ushiromiya Battler,"""......Oh? Go on, how would a great witch do it, then... C'mon, let's see your little trick...""","""...Oh? How would a witch do it...? C'mon, let's see your little trick..."" ","""......Oh? How would a witch do it...? C'mon, let's see your little trick...""",「……ほぉ。魔女さまならどうやってみせるってんだよ…。お手並みを拝見してやろうじゃねぇか…。」,「……ほぉ。魔女さまならどうやってみせるってんだよ…。お手並みを拝見してやろうじゃねぇか…」,"""......Вот как? Интересно, как бы это сделала ведьма?.. Давай, посмотрим на твой маленький трюк...""","""......Oh? Vá em frente, como uma grande bruxa faria isso, então...? Vamos, me deixe ver o seu truquezinho...""",「……嚯。魔女大人要怎么演示啊…？就让我领教一下你的高招吧…」,「……嚯。魔女大人要怎麼演示啊…？就讓我領教一下你的高招吧…」,"""... Oh? Come farebbe una strega...? Potrò essere testimone dei suoi strabilianti talenti...""","""...Oh? La somma strega mi farà vedere come... Mostrami cosa sai fare...""","""¿Oh? Adelante, ¿cómo lo haría una gran bruja entonces? Vamos, veamos lo que haces tú.""","""......ﺃﻭﻩ؟ ﻛﻴﻒ ﻳﻤﻜﻦ ﻟﺴﺎﺣﺮﺓ ﻓﻌﻞ ﻫﺬﺍ...؟ ﻫﻴﺎ، ﺃﺭﻳﻨﻲ ﺧﺪﻋﺘﻚ ﺍﻟﺼﻐﻴﺮﺓ...""","""......Oh? Büyük bir cadı bunu nasıl yapardı... Hadi, küçük numaranı görelim..."""
Ushiromiya Maria,"""............Battler, you're being rude to {f:5:Beatrice}...""","""...Battler, you're being rude to {f:5:Beatrice}..."" ","""............Battler, you're being rude to Beatrice...""",「……………戦人、ベアトーリチェに口の聞き方がぞんざい…。」,「………戦人、ベアトリーチェに口の利き方がぞんざい…」,"""............Баттлер, ты ведёшь себя с {f:5:Беатриче} необходительно...""","""............Battler, você está sendo rude com a {f:5:Beatrice}...""",「……………战人，你对贝阿朵莉切说话的方式太无礼了…」,「……………戰人，你對貝阿朵莉切說話的方式太無禮了…」,"""... Battler, sei scortese verso Beatrice...""","""...Battler, non è così che ci si rivolge a {f:5:Beatrice}...""","""Battler, estás siendo grosero con {f:5:Beatrice}...""","""............ﺑﺎﺗﻠﺮ، ﺇﻧﻚ ﺗﻌﺎﻣﻞ {f:7:ﺑﻴﺎﺗﺮﻳﺲ} ﺑﻔﻈﺎﻇﺔ.""","""............Battler, {f:5:Beatrice}'e çok kaba davranıyorsun..."""
{f:5:Beatrice},"""It is fine, quite fine. What a charming man. ...It will make it all the more enjoyable to break him.""","""How nice, how nice. What a charming man. ...That will make it even more fun to force him into submission."" ","""How nice, how nice. What a charming man. ...That will make it even more fun to force him into submission.""",「良い良い。愉快な男よ。…それでこそ屈服させる楽しみが増すというものよ。」,「良い良い。愉快な男よ。…それでこそ屈服させる楽しみが増すというものよ」,"""Не волнуйся, всё в порядке. Какой очаровательный мужчина. ...Так будет даже веселее заставить его подчиняться.""","""Certo, pois bem. Que homem encantador. ...Isso vai tornar tudo ainda mais agradável para derrotá‐lo.""",「无妨无妨。是个令人愉快的男人呢。…正因如此，使他屈服才会加倍有趣啊。」,「無妨無妨。是個令人愉快的男人呢。…正因如此，使他屈服才會加倍有趣啊。」,"""Meraviglioso, meraviglioso. Che uomo affascinante. ... Sarà ancora più divertente forzarlo a sottomettersi.""","""Magnifico. Che uomo interessante... Tutto ciò mi fa venire ancora più voglia di sottometterti.""","""Está bien, muy bien. Qué hombre más encantador. Hará que sea aún más divertido romperlo.""","""ﻻ ﺑﺄﺱ، ﻻ ﺑﺄﺱ ﺃﺑﺪﺍ. ﻳﺎ ﻟﻪ ﻣﻦ ﺭﺟﻞ ﺳﺎﺣﺮ. ...ﻣﺤﺎﻭﻟﺔ ﺗﺤﻄﻴﻤﻪ ﺳﺘﻜﻮﻥ ﺑﻼ ﺷﻚ ﻣﻤﺘﻌﺔ.""","""Sorun değil, böyle iyi. Ne çekici bir adam. ...Bu onu kırmayı daha da zevkli hale getirecek."""
Ushiromiya Battler,"""......Heh! You really want to make me kiss your toes that much...?! Only if I surrender! But watch... I'll definitely expose this trick, and then I'll make you kiss my ass instead!""","""...Heh! You really wanna make me kiss your toes that much...?! Only if I surrender! But watch... I'll definitely expose this trick, and then I'll make you kiss my ass instead!"" ","""......Heh! You really want to make me kiss your toes that much...!? Only if I surrender! But watch...I'll definitely expose this trick, and then I'll make you kiss my ass instead!""",「……へ！　そんなに俺に爪先にキスをさせてぇかよ…！　俺が降参したらな！　だが見てろ、きっと俺がこのトリックを暴いて、逆に手前ぇを俺のケツにキスさせてやるぜ！」,[=JP],"""......Хе! Ты и вправду так хочешь заставить меня целовать пальцы твоих ног?! Только если я сдамся! Но берегись... я обязательно разоблачу этот трюк, и тогда тебе придётся поцеловать меня в задницу!""","""......Heh! Vocês quer tanto me fazer beijar os seus pés...?! Só se eu me render! Mas olhe... Eu definitivamente vou expor esses truques, e então vou fazer você beijar minha bunda!""",「……是么！就那么想让我吻你的脚尖吗…！等我投降了再说！不过你等着瞧，我一定会揭穿这个诡计，反过来让你亲我的屁股！」,「……是麼！就那麼想讓我吻你的腳尖嗎…！等我投降了再說！不過你等著瞧，我一定會揭穿這個詭計，反過來讓你親我的屁股！」,"""... Heh! Vuoi davvero farmi baciare i tuoi piedi così tanto...!? Solo se mi arrendo! Ma attenta, svelerò sicuramente questo trucco, e ti farò invece baciare il mio culo!""","""...Eh! Vuoi davvero farmi baciare le tue scarpe così tanto...?! Solo se mi arrendo! Ma sta' a vedere, svelerò sicuramente questo trucco, e sarai tu quella che mi bacierà, ma sul culo!""","""¡Je! ¡¿Tantas ganas tienes de que bese tus pies?! ¡Solo si me rindo! Pero ya verás... Definitivamente expondré este truco, ¡y haré que me beses el trasero en su lugar!""","""......ﻫﻴﻬﻲ! ﺃﻟﻬﺬﺍ ﺍﻟﻘﺪﺭ ﺗﺮﻳﺪﻳﻦ ﻣﻨﻲ ﺗﻘﺒﻴﻞ ﺃﻗﺪﺍﻣﻚ...؟ ﻓﻘﻂ ﻟﻮ ﺍﺳﺘﺴﻠﻤﺖ! ﺷﺎﻫﺪﻱ ﻭﺣﺴﺐ، ﺳﺄﺣﺮﺹ ﻋﻠﻰ ﻛﺸﻒ ﻛﻞ ﺍﻟﺤﻴﻞ ﻭﺳﺄﺟﻌﻠﻚ ﺗﻘﺒﻠﻴﻦ ﻣﺆﺧﺮﺗﻲ ﺟﺰﺍﺀ ﻟﺬﻟﻚ!""","""......Heh! Gerçekten bana ayak parmaklarını öptürmeyi bu kadar çok mu istiyorsun...?! Ancak teslim olursam! Ama izle... bu numarayı kesinlikle ortaya çıkaracağım ve sonra sana kıçımı öptüreceğim!"""
{f:5:Beatrice},"""...............*cackle*. What a charming man. I shall remember that promise. ...Weak witches kiss the behinds of demons to gain power. Because there is no greater oath of total submission. It is words like those that give me the desire to subjugate you. .........*cackle*cackle*...!""","""...*cackle* What a delightful man. I'll remember that promise. ...Weak witches kiss the behinds of demons to gain power. Because there's no more humiliating oath. Just being told that makes me want to force you into surrender. ...*cackle*cackle*...!"" ","""............*cackle*. What a delightful man. I'll remember that promise. ...Weak witches kiss the behinds of demons to gain power. Because there's no more humiliating oath. Just being told that makes me want to humiliate you. .........*cackle*cackle*...!""",「……………くっくっく。愉快な男よ。覚えておこうぞ、その約束を。…弱き魔女は、力を得るために悪魔の尻にキスをする。それを超える屈服の誓いはないからな。そこまで言わせたからこそ、妾はお前を屈服させてみたくなる。………くっくっくっく…！」,[=JP],"""...............Хи‐хи. Какой прелестный мужчина. Я запомню это обещание. ...Слабые ведьмы целуют зад демонов, чтобы получить силу. Потому что не существует более унизительной клятвы полного повиновения. Одни эти слова в мой адрес распаляют моё желание унизить тебя. .........Хи‐хи‐хи.""","""...............*risos*. Que homem encantador. Eu me lembrarei dessa promessa. ...Bruxas fracas beijam o traseiro de demônios para ganhar poderes. Porque não há maior juramento de total submissão. São palavras que me dão o desejo de subjugar você. .........*risos*risos*...!""",「……………呵呵呵。令人愉快的男人呀。这约定，妾身会记着的。…柔弱的魔女为了得到力量，而亲吻恶魔的屁股。这屈服的誓约，可是过分得无可比拟了啊。正因你让妾身说到这个地步，妾身倒更想让你屈服了。………呵呵呵呵…！」,「……………呵呵呵。令人愉快的男人呀。這約定，妾身會記著的。…柔弱的魔女為了得到力量，而親吻惡魔的屁股。這屈服的誓約，可是過分得無可比擬了啊。正因你讓妾身說到這個地步，妾身倒更想讓你屈服了。………呵呵呵呵…！」,"""... *cackle*. Che uomo incantevole. Ricorderò quella promessa. ... Le streghe deboli baciano il didietro dei demoni per ottenere il potere. Perché non esiste patto più umiliante. Soltanto sentirmelo dire mi fa venir voglia di umiliarti. ... *cackle*cackle*...!""","""...Mhmhmh. Che uomo interessante. Mi ricorderò di questa tua promessa...{n}Le streghe deboli baciano il deretano dei demoni per ottenere potere.{n}Questo perché non esiste un patto di sottomissione peggiore. Soltanto sentirmelo dire mi fa venire voglia di piegarti a me... Mhmhmhmh...!""","""*risita*. Qué hombre más encantador. Recordaré esa promesa. Las brujas débiles besan a los demonios por detrás para ganar poder. Porque no existe más grande juramento que la sumisión total. Son palabras como esas las que me dan el deseo de subyugarte. ¡*risita*risita*!""","""............*ﻗﻬﻘﻬﺔ*. ﻳﺎ ﻟﻚ ﻣﻦ ﺭﺟﻞ ﻣﻤﺘﻊ. ﺳﺄﺗﺬﻛﺮ ﻫﺬﺍ ﺍﻟﻮﻋﺪ. ...ﺗﻘﺒﻠﻦ ﺍﻟﺴﺎﺣﺮﺍﺕ ﺍﻟﻀﻌﻴﻔﺎﺕ ﻣﺆﺧﺮﺍﺕ ﺍﻟﺸﻴﺎﻃﻴﻦ ﻟﻜﺴﺐ ﺍﻟﻘﻮﺓ. ﻷﻧﻪ ﻻ ﻳﻮﺟﺪ ﺧﻀﻮﻉ ﺃﻛﺜﺮ ﻣﻬﺎﻧﺔ ﻣﻦ ﺫﻟﻚ. ﻭﺍﻵﻥ ﺃﻧﺎ ﺃﻛﺜﺮ ﻣﻦ ﺭﺍﻏﺒﺔ ﻹﺫﻻﻟﻚ. .........*ﻗﻬﻘﻬﺔ*ﻗﻬﻘﻬﺔ*...!""","""...............*cackle*. Ne çekici bir adam. Bu sözü unutmayacağım. ...Zayıf cadılar güç kazanmak için iblislerin arkalarını öperler. Çünkü tam bir teslimiyet için daha büyük bir yemin yoktur. Bu gibi sözler bana sana boyun eğdirme arzusu veriyor. .........*cackle*cackle*...!"""
,"Paying no mind to Battler's crude ranting, {f:5:Beatrice} once again waved her golden pipe.","Paying no mind to Battler's worthless ranting, {f:5:Beatrice} once again shook the golden pipe. ","Paying no mind to Battler's worthless ranting, Beatrice once again shook the golden pipe.",ベアトリーチェは、戦人の品なき暴言を気に留めることなく、黄金の煙管を再び振るいました。,[=JP],"Не обращая внимания на никчёмные разглагольствования Баттлера, {f:5:Беатриче} снова взмахнула золотой трубкой.","Não prestando atenção na grosseria de Battler, {f:5:Beatrice} novamente acenou seu cachimbo dourado.",贝阿朵莉切并不在意战人低俗的威胁，又挥了挥黄金烟管。,貝阿朵莉切並不在意戰人低俗的威脅，又揮了揮黃金煙管。,"Non prestando attenzione all'inutile invettiva di Battler, Beatrice scosse nuovamente la sua pipa dorata.","{f:5:Beatrice} agitò nuovamente la sua pipa dorata, non prestando attenzione all'invettiva inopportuna di Battler...","Sin prestar atención a las palabras groseras de Battler, {f:5:Beatrice} una vez más agitó su pipa dorada.",ﺩﻭﻥ ﺃﻥ ﺗﻜﺘﺮﺙ ﻟﻬﺬﻳﺎﻥ ﺑﺎﺗﻠﺮ ﺍﻟﻔﻆ، ﻟﻮﺣﺖ {f:7:ﺑﻴﺎﺗﺮﻳﺲ} ﻣﺠﺪﺩﺍ ﺑﻐﻠﻴﻮﻧﻬﺎ ﺍﻟﺬﻫﺒﻲ.,Battler'ın kaba laf kalabalığına aldırış etmeyen {f:5:Beatrice} bir kez daha altın piposunu salladı.
,"......Yes, for that golden pipe was her precious magic wand.","...That's right, that golden pipe was her precious magic cane. ","......That's right, that golden pipe was her precious magic cane.",……そう、この黄金の煙管は、彼女にとっての大事なケーンなのです。,[=JP],"......Правильно, эта золотая трубка была её изысканной волшебной палочкой.","......Sim, aquele cachimbo dourado era a sua preciosa varinha mágica.",……没错，这黄金烟管，对她来说是重要的魔杖。,……沒錯，這黃金煙管，對她來說是重要的魔杖。,"... Esatto, quella pipa dorata era una bacchetta importante per lei.","Proprio così, quella pipa dorata era la sua preziosa bacchetta magica.","Sí, ya que esa pipa dorada era su preciosa varita mágica.",... ﻧﻌﻢ، ﻓﻘﺪ ﻛﺎﻥ ﺫﻟﻚ ﺍﻟﻐﻠﻴﻮﻥ ﺍﻟﺬﻫﺒﻲ ﻋﺼﺎﻫﺎ ﺍﻟﺴﺤﺮﻳﺔ ﺍﻟﺜﻤﻴﻨﺔ.,"......Evet, çünkü o altın pipo onun değerli büyülü değneğiydi."
{f:5:Beatrice},"""Come, arise, children. I am the guide of Purgatory. Wield the seven stakes, which forgave the deadly sins.""","""Come, arise, children. I am the guide of Purgatory. Forgive the deadly sins and hold the Seven Stakes."" ","""Come, arise, children. I am the guide of Purgatory. Forgive the deadly sins and hold the seven stakes.""",「さぁさ、お出でなさいな子どもたち。我こそは煉獄の案内人。大罪を赦せし七つの杭を持て。」,「さぁさ、お出でなさいな子どもたち。我こそは煉獄の案内人。大罪を赦せし七つの杭を持て」,"""Ответьте на мой зов, восстаньте, дети. Я — проводник через чистилище. Взываю к семи кинжалам, что отпускают смертные грехи.""","""Vamos, levantem‐se, crianças. Eu sou a guia do Purgatório. Empunhe as sete estacas, que perdoam os sete pecados capitais.""",「来来，孩子们都出来吧。吾乃炼狱之指路人。身怀七桩以赦大罪。」,「來來，孩子們都出來吧。吾乃煉獄之指路人。身懷七樁以赦大罪。」,"""Su venite, sorgete, mie bambine. Sarò la vostra guida attraverso il purgatorio. Perdonate i peccati capitali e brandite i sette pugnali.""","""Orsù, uscite fuori, bambine mie. Io sarò la vostra guida lungo il purgatorio. Perdonate i sette peccati capitali, e brandite i sette picchetti.""","""Vamos, arriba, niñas. Yo soy la guía del purgatorio. Empuñen las siete estacas, que perdonaron los pecados capitales.""","""ﺗﻌﺎﻟﻮﺍ ﻭﺍﻧﺒﻌﺜﻮﺍ ﻳﺎ ﺻﻐﺎﺭﻱ. ﺑﺎﺳﻤﻲ ﺃﻧﺎ ﻣﺮﺷﺪﺓ ﺍﻟﻤﻄﻬﺮ. ﺍﻏﻔﺮﻭﺍ ﺍﻟﺨﻄﺎﻳﺎ ﺍﻟﻤﻤﻴﺘﺔ ﺑﺎﻷﻭﺗﺎﺩ ﺍﻟﺴﺒﻌﺔ.""","""Gelin, uyanın, çocuklar. Ben Araf'ın yol göstericisiyim. Ölümcül günahları bağışlayan yedi kazığı kullanın."""
,"Guided by those magic words, which sounded like a psalm, seven stakes gathered.{n}...They were the stakes of the seven demons symbolizing the deadly sins of sinful people.","Guided by those magic words, which sounded like a command, seven stakes gathered. ...They were the stakes of the seven demons symbolizing the deadly sins of sinful people. ","Guided by those magic words, which sounded like a command, seven stakes gathered....They were the stakes of the seven demons symbolizing the deadly sins of sinful people.",謳うような魔法の言葉に導かれ、７つの杭が集います。…それは、罪深き人の大罪を象徴する七人の悪魔たちの杭。,謳うような魔法の言葉に導かれ、７つの杭が集います。{n}…それは、罪深き人の大罪を象徴する七人の悪魔たちの杭。,"Повинуясь этим волшебным словам, прозвучавшим как псалом, возникло семеро кинжалов.{n}...То были кинжалы семи демонов, символизирующих смертные грехи людей.","Guiadas por aquelas palavras mágicas, que soavam como um salmo, sete estacas apareceram.{n}...Elas eram as estacas dos sete demônios simbolizando os pecados capitais de uma pessoa pecadora.",被吟唱一般的魔法语言所引导，七根桩刺汇聚而来。{n}…这桩属于七位恶魔，象征着罪孽深重之人的七重大罪。,被吟唱一般的魔法語言所引導，七根樁刺匯聚而來。{n}…這樁屬於七位惡魔，象徵著罪孽深重之人的七重大罪。,"In seguito a queste parole magiche, che suonavano come un ordine, si radunarono sette pugnali. ... Erano i sette pugnali dei sette demoni rappresentanti i vizi capitali dei peccatori.","Si radunarono sette picchetti, guidati da quelle parole magiche celebratorie...Erano i picchetti con sopra sette demoni, rappresentanti i sette peccati capitali di coloro che hanno perso la retta via.","Guíadas por el comando de aquellas palabras mágicas, siete estacas se reunieron.{n}Eran las estacas de los siete demonios simbolizando los pecados capitales de la gente pecaminosa.",ﺗﺒﻌﺎ ﻟﺘﻠﻚ ﺍﻟﻜﻠﻤﺎﺕ ﺍﻟﺴﺤﺮﻳﺔ، ﺍﻟﺘﻲ ﺑﺪﺕ ﻭﻛﺄﻧﻬﺎ ﺃﻣﺮ، ﺗﺠﻤﻊ ﺳﺒﻌﺔ ﺃﻭﺗﺎﺩ.{n}...ﻟﻘﺪ ﻛﺎﻧﺖ ﺃﻭﺗﺎﺩ ﺍﻟﺸﻴﺎﻃﻴﻦ ﺍﻟﺴﺒﻌﺔ ﺍﻟﺘﻲ ﺗﺮﻣﺰ ﺇﻟﻰ ﺧﻄﺎﻳﺎ ﺍﻟﻨﺎﺱ ﺍﻵﺛﻤﻴﻦ.,Bir ilahiyi andıran bu büyülü sözlerin rehberliğinde yedi kazık bir araya geldi.{n}...Bunlar günahkâr insanların ölümcül günahlarını simgeleyen yedi iblisin kazıklarıydı.
{f:5:Beatrice},"""Beelzebub and Asmodeus. Come, forgive their sins. Release the spirits of the sinners...!""","""Beelzebub and Asmodeus. Come, forgive the sins. Release the spirits of the sinners...!"" ","""Beelzebub and Asmodeus. Come, forgive the sins. Release the spirits of the sinners...!""",「ベルゼブブにアスモデウス。さぁさ、罪を赦しなさい。罪人の魂を解放なさい…！」,[=JP],"""Вельзевул и Асмодей. Вперёд, отпустите им грехи. Освободите их грешные души!..""","""Beelzebub e Asmodeus. Venham, perdoem os pecados deles. Libertem os espíritos dos pecadores...!""",「贝露赛布布、阿丝磨德乌丝。去吧，去赦免罪行吧。去解放罪人的灵魂吧…！」,「貝露賽布布、阿絲磨德烏絲。去吧，去赦免罪行吧。去解放罪人的靈魂吧…！」,"""Beelzebub e Asmodeus. Venite, perdonate i peccati. Liberate gli spiriti dei peccatori...!""","""Beelzebub, Asmodeus. Orsù, perdonate i peccati. Liberate le anime dei peccatori...!""","""Beelzebub y Asmodeus. Vamos, perdonen sus pecados. ¡Liberen los espíritus de los pecadores!""","""ﺑﻴﻠﺰﻳﺒﻮﺏ ﻭﺁﺳﻤﻮﺩﻳﻮﺱ. ﻫﻠﻤﺎ ﻟﻐﻔﺮﺍﻥ ﺍﻟﺨﻄﺎﻳﺎ. ﻭﻃﻬﺮﺍ ﺃﺭﻭﺍﺡ ﺍﻵﺛﻤﻴﻦ...!""","""Beelzebub ve Asmodeus. Gelin, onların günahlarını affedin. Günahkarların ruhlarını serbest bırakın...!"""
Ushiromiya Battler,"""Wha...?!""","""Wha...?!"" ","""Wha...?!""",「ぅおッ…？！」,[=JP],"""Что?!""","""Quê...?!""",「呜哦…？！」,「嗚哦…？！」,"""Cos...?!""",[=ITA],"""¡¿Eh?!...""","""ﻣﺎﺫﺍ...؟!""","""Ne...?!"""
,The stakes of Beelzebub and Asmodeus responded to {f:5:Beatrice}'s call.,The picks of Beelzebub and Asmodeus responded to {f:5:Beatrice}'s call. ,"The picks of Beelzebub and Asmodeus responded to Beatrice's call.",ベアトリーチェの呼びかけに、ベルゼブブの杭とアスモデウスの杭が応えます。,[=JP],Кинжалы Вельзевула и Асмодея ответили на зов {f:5:Беатриче}.,As estacas de Beelzebub e Asmodeus responderam ao chamado de {f:5:Beatrice}.,听到贝阿朵莉切的呼唤，贝露赛布布之桩和阿丝磨德乌丝之桩作出了回应。,聽到貝阿朵莉切的呼喚，貝露賽布布之樁和阿絲磨德烏絲之樁作出了回應。,I picchetti di Beelzebub e Asmodeus risposero alla chiamata di Beatrice.,Alla chiamata di {f:5:Beatrice} risposero i picchetti di Beelzebub e Asmodeus.,Las estacas de Beelzebub y Asmodeus respondieron al llamado de {f:5:Beatrice}.,ﺍﺳﺘﺠﺎﺏ ﺑﻴﻠﺰﻳﺒﻮﺏ ﻭﺁﺳﻤﻮﺩﻳﻮﺱ ﺍﻟﻤﺨﺘﺎﺭﻳﻦ ﻟﻨﺪﺍﺀ {f:7:ﺑﻴﺎﺗﺮﻳﺲ}.,Beelzebub ve Asmodeus'un kazıkları {f:5:Beatrice}'in çağrısına cevap verdi.
,"The two demonic stakes burst into motion like billiard balls struck by a cue, and were sucked in through the crack of the door.","The two stakes of the demons were sucked in through the crack of the door, like billiard balls struck by a cue stick. "," The two stakes of the demons were sucked in through the crack of the door, like billiard balls struck by a cue stick.",その２本の悪魔の杭は、まるでキューに弾かれたビリヤードの玉のように弾かれ、扉の隙間に吸い込まれていきます。,[=JP],"Два демонических кинжала пролетели сквозь дверную щель как бильярдные шары, пущенные кием.","As duas estacas demoníacas entraram em movimento, como bolas de bilhar atingidas por um taco, e foram sugadas através da fresta da porta.",这两把恶魔之桩，简直就像被球杆击出的台球一般射出，被吸入似的飞进门缝。,這兩把惡魔之樁，簡直就像被球杆擊出的台球一般射出，被吸入似的飛進門縫。,"I due pugnali dei demoni furono risucchiati attraverso la fessura della porta, come fossero stati palle da biliardo colpite da una stecca.","I due picchetti demoniaci vennero risucchiati nello spiraglio della porta, lanciandosi come se fossero palle da biliardo colpite da una stecca.","Las dos estacas demoníacas se pusieron en movimiento como bolas de billar al golpe de un taco, y fueron absorbidos por el espacio de la puerta.",ﺍﻧﻄﻠﻖ ﺍﻟﻮﺗﺪﻳﻦ ﻋﺒﺮ ﻓﺠﻮﺓ ﺍﻟﺒﺎﺏ، ﻣﺜﻞ ﻛﺮﺍﺕ ﺑﻠﻴﺎﺭﺩﻭ ﺿﺮﺑﺘﻬﺎ ﻋﺼﺎ.,İki şeytani kazık bir ıstakanın vurduğu bilardo topları gibi harekete geçti ve kapının aralığından içeri girdi.
,"Then came the sound of them deflecting repeatedly off the walls of the room, making a sound like a woodpecker.","Then, several scattered noises refracted through the wall, making a sound like a woodpecker. "," Then, several scattered noises refracted through the wall, making a sound like a woodpecker.",そして、部屋中の壁に何度も乱反射する音が、まるで啄木鳥の啄ばむ音のように聞こえてくるのです。,[=JP],"Затем послышалось несколько ударов об стены, напоминающих стук дятла.","Então veio o som delas rebatendo repetidamente pelas paredes do quarto, fazendo um som como um pica‐pau.",然后，它们在房间的墙壁上不断毫无规律地反弹，发出啄木鸟啄木般的响声。,然後，它們在房間的牆壁上不斷毫無規律地反彈，發出啄木鳥啄木般的響聲。,"Poi, diversi suoni sparsi si rifransero per i muri, dando l'idea del beccare di un picchio.","Dopodiché, sulle pareti della stanza si sparpagliarono diversi rumori, simili al beccare di un picchio.","Entonces vino el sonido de estas desviándose repetidamente de las paredes de la habitación, haciendo un sonido como el de un pájaro carpintero.",ﺑﻌﺪﻫﺎ، ﺗﺮﺩﺩﺕ ﻋﺪﺓ ﺿﻮﺿﺎﺀ ﻣﻦ ﻭﺭﺍﺀ ﺍﻟﺠﺪﺍﺭ، ﻣﻤﺎ ﺟﻌﻞ ﺍﻟﺼﻮﺕ ﻳﺸﺒﻪ ﻧﻘﺎﺭ ﺍﻟﺨﺸﺐ.,Ardından odanın duvarlarından defalarca sekerek ağaçkakan sesine benzer bir ses çıkardılar.
,"And finally, a pleasant sound could be heard.","And at the end, a pleasant sound could be heard. "," And at the end, a pleasant sound could be heard.",そして最後に、気持ちのいい音が聞こえました。,[=JP],И наконец раздался приятный звук.,"E, finalmente pode‐se ouvir um som agradável.",最后，一个令人舒畅声音响起。,最後，一個令人舒暢聲音響起。,"Infine, si sentì un suono piacevole.","E infine, si sentì un suono gradevole alle orecchie...","Y finalmente, un sonido agradable pudo oírse.",ﻭﺑﻌﺪ ﺫﻟﻚ، ﻳﻤﻜﻦ ﺳﻤﺎﻉ ﺻﻮﺕ ﻣﺒﻬﺞ.,"Ve sonunda, hoş bir ses duyuldu."
,"......It was a small, satisfying sound, like the one heard when someone is chopping firewood and the falling ax neatly and easily slices through the wood.","...It was a small, satisfying sound, like the one heard when someone is chopping firewood and the falling ax neatly and easily slices through the wood. ","......It was a small, satisfying sound, like the one heard when someone is chopping firewood and the falling ax neatly and easily slices through the wood.",……例えるなら、薪割りの時、振るい下ろした斧が綺麗にさっくりと薪を割ったような、とても小気味よい音。,[=JP],"......Это был тихий, доставляющий удовлетворение звук, похожий на тот, когда кто‐то рубит дрова, и топор легко и аккуратно рассекает древесину.","......Era um som baixo, satisfatório, como o que se ouve quando alguém está cortando lenha, e o machado desce de modo limpo e fácil através da madeira.",……举例的话，它就如劈柴时漂亮地挥下斧头，把柴干净利落地一分为二一般，非常令人舒畅。,……舉例的話，它就如劈柴時漂亮地揮下斧頭，把柴乾淨利落地一分為二一般，非常令人舒暢。,"... Era un suono piccolo e gradevole, come quello che si può sentire quando qualcuno sta tagliando la legna da ardere, e l'ascia cadente trancia il legno con nettezza e facilità.","Era un suono molto gratificante, che avrebbe ricordato un momento in cui si sta tagliando della legna da ardere e si fa cadere giù un'ascia, la quale trancia il legno di netto e con facilità.","Era un sonido pequeño y satisfactorio, como el que uno escucha cuando alguien está cortando leña y el hacha fácilmente corta la madera.",............ﻟﻘﺪ ﻛﺎﻥ ﺻﻮﺗﺎ ﺧﺎﻓﺘﺎ ﻭﻣﺮﺿﻴﺎ، ﻣﺜﻞ ﺍﻟﺼﻮﺕ ﺍﻟﺬﻱ ﻳﺼﺪﺭ ﻋﻨﺪﻣﺎ ﻳﻘﻄﻊ ﺃﺣﺪﻫﻢ ﺍﻟﺤﻄﺐ، ﻛﺎﻟﻔﺄﺱ ﺍﻟﺴﺎﻗﻂ ﻟﻴﺠﺰ ﺑﺪﻗﺔ ﻭﺳﻬﻮﻟﺔ ﺍﻟﺨﺸﺐ.,"......Bu küçük, tatmin edici bir sesti, tıpkı birisi odun keserken ve sallanan balta odunları düzgün ve kolay bir şekilde keserken duyulan sese benziyordu."
,It was the sound of the two stakes burying themselves deep into Eva and Hideyoshi's foreheads.,It was the sound of the two picks burying themselves deep into Eva's and Hideyoshi's foreheads. ," It was the sound of the two picks burying themselves deep into Eva and Hideyoshi's foreheads.",それは、２本の杭がそれぞれ、絵羽と秀吉の眉間に深々と打ち込まれた時の音。,[=JP],"Таков был звук двух кинжалов, глубоко вонзившихся во лбы Евы и Хидэёши.","Era o som das duas estacas, enterrando‐se profundamente nas testas de Eva e Hideyoshi.",那是两把桩分别深深扎进绘羽和秀吉眉间时发出的声音。,那是兩把樁分別深深扎進繪羽和秀吉眉間時發出的聲音。,Era il suono dei due paletti che si conficcavano profondamente nelle fronti di Eva e Hideyoshi.,"Era il rumore dei due picchetti, che si conficcarono in profondità nelle fronti di rispettivamente Eva e Hideyoshi.",Era el sonido de las dos estacas enterrándose profundamente en las frentes de Eva y Hideyoshi.,ﻟﻘﺪ ﻛﺎﻥ ﺻﻮﺕ ﻏﺮﺯ ﺍﻟﻮﺗﺪﻳﻦ ﺍﻟﻤﺨﺘﺎﺭﻳﻦ ﻓﻲ ﺟﺒﺎﻩ ﺇﻳﻔﺎ ﻭﻫﻴﺪﻳﻮﺷﻲ.,"Bu, iki kazığın Eva ve Hideyoshi'nin alınlarının derinliklerine gömülme sesiydi."
{f:5:Beatrice},"""............Right through the middle. Want to see...?""","""...Right down the middle. Want to see...?"" ","""............Right down the middle. Want to see...?""",「…………ど真ん中というところよ。見てみるか…？」,[=JP],"""............Прямо в яблочко. Хочешь посмотреть?..""","""............Bem no meio delas. Quer ver...?""",「…………正中眉心哟。要不要去看看…？」,「…………正中眉心喲。要不要去看看…？」,"""... Proprio nel mezzo. Vuoi dare un'occhiata...?""","""...Al centro della fronte. Vuoi dare un'occhiata...?""","""Justo por el medio. ¿Quieres ver?""","""............ﻟﻘﺪ ﺃﺻﺎﺑﺎ ﺍﻟﻬﺪﻑ ﺑﺪﻗﺔ. ﺃﺗﺮﻳﺪ ﺃﻥ ﺗﺮﻯ...؟""","""............Tam da ortasından. Görmek istiyor musun...?"""
,They had definitely heard two sounds like someone's forehead being split open.,They'd definitely heard two sounds like a pair of foreheads being split open. ,"They had definitely heard two sounds like someone's forehead being split open.",部屋からは確かに、眉間が砕ける音が二人分聞こえました。,[=JP],Они определённо услышали звуки будто двух раскалывающихся лбов.,"Eles tinham definitivamente ouvido dois sons, como a testa de alguém sendo aberta.",确实听到房间里响起了，两人眉间被击碎的声音。,確實聽到房間裡響起了，兩人眉間被擊碎的聲音。,Avevano sentito certamente due suoni come se la fronte di qualcuno fosse stata aperta a metà.,Si poteva indubbiamente sentire il suono di due fronti che venivano fracassate.,Ellos definitivamente habían escuchado dos sonidos como la frente de alguien siendo partida.,ﻟﻘﺪ ﺳﻤﻌﻮﺍ ﺑﺎﻟﺘﺄﻛﻴﺪ ﺻﻮﺗﻴﻦ ﻣﺜﻞ ﺷﻖ ﺟﺒﻬﺔ ﺃﺣﺪ.,Kesinlikle birinin alnının yarılması gibi iki ses duymuşlardı.
,"Battler wasn't permitted to see it, since he was on the other side of the door, but those two had died again, and this second time, they lay not an inch apart from where they had lain the last time, with the exact same blood spray as before.","Battler wasn't permitted to see it, since he was on the other side of the door, but those two had died again, and this second time, they lay not an inch apart from where they had lain the last time, with the exact same blood-spray as before. "," Battler wasn't permitted to see it, since he was on the other side of the door, but those two had died again, and this second time, they lay not an inch apart from where they had lain the last time, with the exact same blood-spray as before.",扉越しの戦人には見ることも叶いませんが、二度死ぬ二人は、二度目も寸分違わぬ同じ姿で倒れ、同じ模様の血痕を描くのでした。,[=JP],"Баттлер не мог этого видеть, так как он находился с другой стороны двери, но те двое умерли снова, и на этот раз они лежали ровно на том же месте, что и в прошлый раз, с точно такими же следами крови, как и в тот раз.","Não era permitido a Battler ver isso, já que ele estava do outro lado da porta; mas, quanto aos que tinham morrido de novo, nesta segunda vez eles não estavam um centímetro mais distante de onde haviam estado na última vez, com o mesmo spray de sangue de antes.",虽然战人隔着门连看也看不到，但是再一次死掉的两人，再一次以不差毫厘的同样姿势倒下，流下了同样的血迹。,雖然戰人隔著門連看也看不到，但是再一次死掉的兩人，再一次以不差毫厘的同樣姿勢倒下，流下了同樣的血跡。,"A Battler non fu permesso vedere, dal momento che si trovava dall'altra parte della porta, ma quei due erano morti di nuovo, e questa era la seconda volta, non si trovano neanche a un centimetro di distanza da dov'erano la volta prima, con lo stesso identico schizzo di sangue.","Battler, che si trovava dall'altra parte della porta, non riuscì neanche a vederli, ma loro due erano morti di nuovo, collassando per una seconda volta nello stesso identico modo, e formando le stesse chiazze di sangue.","A Battler no se le permitía verlo, ya que estaba del otro lado de la puerta, pero ambos habían muerto una vez más, y en esta segunda ocasión, no estaban ni un centímetro más lejos de donde yacieron la última vez, con la misma mancha de sangre que antes.",ﻟﻢ ﻳﺴﻤﺢ ﻟﺒﺎﺗﻠﺮ ﺑﺮﺅﻳﺔ ﺫﻟﻚ، ﻷﻧﻪ ﻛﺎﻥ ﻋﻠﻰ ﺍﻟﺠﺎﻧﺐ ﺍﻵﺧﺮ ﻣﻦ ﺍﻟﺒﺎﺏ، ﻟﻜﻦ ﺍﻻﺛﻨﻴﻦ ﻣﺎﺗﺎ ﻣﺮﺓ ﺃﺧﺮﻯ، ﻭﻓﻲ ﺍﻟﻤﺮﺓ ﺍﻟﺜﺎﻧﻴﺔ، ﻛﺎﻧﺎ ﻻ ﻳﺒﻌﺪﺍﻥ ﺷﺒﺮﺍ ﻭﺍﺣﺪﺍ ﻋﻦ ﺍﻟﻤﻜﺎﻥ ﺍﻟﺬﻱ ﺍﺿﻄﺠﻌﺎ ﻓﻴﻪ ﻓﻲ ﺍﻟﻤﺮﺓ ﺍﻷﺧﻴﺮﺓ، ﻭﺑﻨﻔﺲ ﻛﻤﻴﺔ ﻧﺰﻳﻒ ﺍﻟﺪﻡ ﻛﻤﺎ ﻓﻲ ﺍﻟﺴﺎﺑﻖ.,"Kapının diğer tarafında olduğu için Battler'ın bunu görmesine izin verilmemişti, ama o ikisi yine ölmüştü ve bu ikinci seferde, bir önceki sefer oldukları yerlerden bir santim bile uzakta değil, aynı kan izleriyle birlikte yatıyorlardı."
Ushiromiya Battler,"""Y‐............you must be crazy... Th‐......this is insane......! Y‐you can't kill people with this insanity!!!""","""...Y-You moron... ...Th-That's insane...! Y-You think you can just kill them like that?!!!"" ","""Y, ............you moron... Th, ......that's insane......! Y, you think you can just kill them like that?!!!""",「ば、…………馬鹿野郎…。そ、……そんな滅茶苦茶で……！　こ、殺せてたまるかよッ！！！」,[=JP],"""Т............ ты рехнулась... Э...... это безумие!..... Т‐ты думаешь, ты можешь вот так просто их убивать?!!""","""V‐............Você deve estar louca... Is‐......Isso é insano......! V‐Você não pode matar pessoas com essa insanidade!!!""",「你、…………你这混蛋…。这、……这种荒谬的方法……！怎、怎么可能杀得了人啊！！！」,「你、…………你這混蛋…。這、……這種荒謬的方法……！怎、怎麼可能殺得了人啊！！！」,"""I... Idiota... è... è una cosa folle...! P-Pensi di poterli uccidere e basta?!!!""","""...B-Bastarda... È-È una follia...! N-Non puoi ucciderli come se nulla fosse!!!""","""T‐Tienes que estar loca... ¡E‐Esto es una locura! ¡¡¡N‐No puedes matar a la gente con esta locura!!!""","""ﺃ....ﺃﻳﺘﻬﺎ ﺍﻟﺤﻤﻘﺎﺀ... ﻫـ....ﻫﺬﺍ ﻣﺴﺘﺤﻴﻞ......! ﻳﺴﺘﺤﻴﻞ ﺃﻥ ﺗﺴﺘﻄﻴﻌﻲ ﻗﺘﻠﻬﻤﺎ ﺑﻤﺜﻞ ﻫﺬﻩ ﺍﻟﻄﺮﻳﻘﺔ...!""","""S-............Sen çıldırmış olmalısın... Bu-......Bu delilik......! B-Bu delilikle insanları öldürebileceğini mi sanıyorsun?!!"""
{f:5:Beatrice},"""I most certainly can. ......I can kill them just like this...! *cackle*cackle*cackle*!""","""I can kill them. ...I can kill them just like this...! *cackle*cackle*cackle*!"" ","""I can kill them. ......I can kill them just like this...! *cackle*cackle*cackle*!""",「殺せるとも。……このように殺せるとも…！　くっくくくくくくく！」,[=JP],"""Ещё как. ......И вот так запросто!.. Хи‐хи‐хи‐хи‐хи.""","""Eu certamente posso. ......Eu posso matá‐los dessa forma...! *risos*risos*risos*!""",「杀得了。……当然杀得了…！呵呵呵呵呵呵呵呵！」,「殺得了。……當然殺得了…！呵呵呵呵呵呵呵呵！」,"""Posso ucciderli. ... Posso ucciderli proprio così...! *cackle*cackle*cackle*!""","""Certo che posso... Posso ucciderli in questo modo quanto mi pare...! Mhmhmhmhmhmhmhmh!""","""Por supuesto que puedo. ¡Puedo matarlos de esta manera! ¡*carcajada*carcajada*carcajada*!""","""ﺑﺎﻟﻄﺒﻊ ﺃﺳﺘﻄﻴﻊ. ......ﺑﻬﺬﻩ ﺍﻟﺒﺴﺎﻃﺔ ﻳﻤﻜﻨﻨﻲ ﻗﺘﻠﻬﻤﺎ...! *ﻗﻬﻘﻬﺔ*ﻗﻬﻘﻬﺔ*ﻗﻬﻘﻬﺔ*!""","""Kesinlikle öldürebilirim. ......Onları aynı bu şekilde öldürebilirim...! *cackle*cackle*cackle*!"""
,"Suddenly, they were no longer in the hall, but seated at the tea party they had started from.","Suddenly, they were no longer in the hall, but seated at the tea party they had started from. ","Suddenly, they were no longer in the hall, but seated at the tea party they had started from.",気付けばそこは廊下ではなく、元のお茶会の席。,[=JP],"Внезапно они уже были не в коридоре, а вновь сидели в комнате, где проходило чаепитие.","De repente, eles já não estavam mais no corredor, mas sentados na festa do chá onde haviam começado.",回过神来时已不在走廊，而是回到了茶会的桌前。,回過神來時已不在走廊，而是回到了茶會的桌前。,"Improvvisamente, non si trovavano più nell'atrio, ma seduti al tea party da dove avevano cominciato.","Ad un tratto, non si trovarono più nel corridoio, ma nel tea party in cui erano all'inizio...","De repente, ya no estaban en el pasillo, sino que sentados en la fiesta de té de en la que habían empezado.",ﻭﻓﻲ ﻃﺮﻓﺔ ﻋﻴﻦ، ﺍﺧﺘﻔﻮﺍ ﻣﻦ ﺍﻟﺮﺩﻫﺔ ﻟﻴﻌﻮﺩﻭﺍ ﻣﺠﺪﺩﺍ ﻟﺤﻔﻠﺔ ﺍﻟﺸﺎﻱ.,"Birdenbire artık koridorda değil, önceki çay partisindelerdi."
,"......Everyone but Battler was sitting meekly, ......but Kanon was moaning, fresh blood dangling from his mouth.{n}Such bad manners for a tea party.","...Everyone but Battler was sitting meekly, ...but Kanon was moaning, fresh blood dangling from his mouth. What a rude thing to do at a tea party. ","......Everyone but Battler was sitting meekly, ......but Kanon was moaning, fresh blood dangling from his mouth. What a rude thing to do at a tea party.",……戦人以外のみんなは神妙に座っていましたが、……嘉音が呻きながら口から鮮血を垂らし始めます。お茶会の席で、はしたないですね。,……戦人以外のみんなは神妙に座っていましたが、……嘉音が呻きながら口から鮮血を垂らし始めます。{n}お茶会の席で、はしたないですね。,"......Все, кроме Баттлера, сидели смирно...... но Канон стонал, и изо рта у него текла свежая кровь.{n}Как неприлично для чаепития.","......Todos, menos Battler, estavam sentados calmamente, ......mas Kanon estava gemendo, sangue fresco estava escorrendo de sua boca.{n}Que péssimas maneiras para uma festa do chá.",……虽然除战人以外，大家全都正襟危坐，……但嘉音却突然呻吟起来，嘴角开始淌下鲜血。{n}在茶会的座位上，真是十分难看。,……雖然除戰人以外，大家全都正襟危坐，……但嘉音卻突然呻吟起來，嘴角開始淌下鮮血。{n}在茶會的座位上，真是十分難看。,"... Tutti tranne Battler erano seduti placidamente... ma Kanon stava gemendo, il sangue fresco che gli colava dalla bocca. Quale scortesia ad un tea party.","Ad eccezione di Battler, erano tutti seduti con mansuetudine... ma Kanon stava gemendo, con del sangue fresco che gli colava dalla bocca. Che gesto maleducato da compiere ad un tea party.","Todos excepto Battler estaban sentados mansamente... pero Kanon estaba gimoteando, con sangre fresca colgando de su boca.{n}Vaya malos modales para una fiesta de té.",..........ﺟﻠﺲ ﺍﻟﺠﻤﻴﻊ ﺑﺨﻀﻮﻉ ﻋﺪﺍ ﺑﺎﺗﻠﺮ.... ﻟﻜﻦ ﺑﺪﺃ ﻛﺎﻧﻮﻥ ﻳﺌﻦ، ﻭﻳﻨﺰﻑ ﺩﻣﺎ ﻣﻦ ﻓﻤﻪ.{n}ﻳﺎ ﻟﻪ ﻣﻦ ﺷﻲﺀ ﻭﻗﺢ ﺗﻔﻌﻠﻪ ﻓﻲ ﺣﻔﻠﺔ ﺍﻟﺸﺎﻱ.,"......Battler hariç herkes uysalca oturuyordu, ......ama Kanon ağzından taze kan süzülürken inliyordu.{n}Bir çay partisi için ne kadar kötü bir davranış."
,Satan's stake was buried deep into Kanon's chest.,Satan's stake was buried deep into Kanon's chest. ," Satan's stake was buried deep into Kanon's chest.",嘉音の胸には、サタンの杭が深々と打ち込まれていました。,[=JP],У Канона глубоко в груди торчал кинжал Сатаны.,A estaca de Satan estava enterrada profundamente no peito de Kanon.,嘉音的胸前，撒旦之桩深深地刺了进去。,嘉音的胸前，撒旦之樁深深地刺了進去。,Il pugnale di Satan era conficcato profondamente nel suo petto.,Sul suo petto era conficcato in profondità il picchetto di Satan.,La estaca de Satán estaba enterrada profundamente en el pecho de Kanon.,ﻭﺗﺪ ﺍﻟﺸﻴﻄﺎﻥ ﺳﺎﺗﺎﻥ ﻏﺮﺯ ﺑﻌﻤﻖ ﻓﻲ ﺻﺪﺭ ﻛﺎﻧﻮﻥ.,Satan'ın kazığı Kanon'un göğsünün derinliklerine gömülmüştü.
Kanon,"""..................u..................gah.........""","""..................u... ...gah ..."" ","""...............u, ............gah.........""",「………………ぅ、……………く………。」,「………………ぅ、……………く………」,"""..................У.................. гх.........""",[=UP],「………………呜，……………咕………」,「………………嗚，……………咕………」,"""... u... gah ...""","""...Uh... Gah...""","""... U... gah...""",""".....ﺁﻩ،......ﺁﻏﻎ،......""",[=UP]
Ushiromiya Battler,"""Ka‐......Kanon‐kun......Kanon‐kun!! Daa......damn iiiiiiiiiit!!""","""K-Kanon-kun, ...Kanon-kun!! ...D-Damn iiiiiiiiiit!!"" ","""K, ......Kanon-kun......, Kanon-kun!! D, ......damn iiiiiiiiiit!!""",「か、……嘉音くん……、嘉音くんッ！！く、……くそぉおおぉおぉ！！」,「か、……嘉音くん……、嘉音くんッ！！　く、……くそぉおおぉおぉ！！」,"""Ка...... Канон‐кун...... Канон‐кун!!! У‐у...... ублю‐юдки‐и‐и!!!""","""Ka‐......Kanon‐kun......Kanon‐kun!! Merda......merdaaaaaaaaaaaaaaa!!""",「嘉、……嘉音君……、嘉音君！！混、……混蛋————！！」,[=CN],"""K... Kanon-kun... Kanon-kun!! D... Dannazioneeeeeeeeee!!""","""K-Kanon-kun... Kanon-kun!! C-Cazzooooo!!""","""K‐Kanon‐kun... ¡¡Kanon‐kun!! ¡¡M-Maldita seaaaaaaa!!"""," ""ﻛـ....ﻛﺎﻧﻮﻥ-ﻛﻦ...... ﻛﺎﻧﻮﻥ-ﻛﻦ!! ......ﺍﻟﻠﻠﻠﻠﻠﻌﻨﺔ!!""","""Ka‐......Kanon‐kun......Kanon‐kun!! Kaa......kahrolasııııııı!!"""
,Battler was the only one getting agitated.,Battler was the only one getting agitated. ,"Battler was the only one getting agitated.",激昂するのは戦人ばかり。,[=JP],"Но Баттлер был единственным, кто вышел из себя.",Battler era o único que estava agitado.,大喊大叫的只有战人。,大喊大叫的只有戰人。,Battler era il solo che si stava agitando.,Battler era l'unico ad essere indignato.,Battler era el único que se ponía inquieto.,ﺷﻌﺮ ﺑﺎﺗﻠﺮ ﺑﺎﻟﻬﻴﺠﺎﻥ.,Telaşlanan tek kişi Battler'dı.
,"George, Jessica, Shannon—everyone else was meekly hanging their heads like students being told off by their teacher.","George, Jessica, Shannon...everyone else was meekly hanging their heads like students being yelled at by their teacher. "," George, Jessica, Shannon...everyone else was meekly hanging their heads like students being yelled at by their teacher.",他の、譲治や朱志香、紗音は、まるで先生に怒られている生徒のように、神妙に俯いています。,[=JP],"Джордж, Джессика, Шаннон... все стояли, повесив головы как ученики, получающие нагоняй от учителя.","George, Jessica, Shannon — todos estavam sentados de forma comportada com a cabeça para baixo, como se fossem estudantes sendo repreendidos pelo seu professor.",让治、朱志香、纱音几人，简直就像惹老师生气了的学生似的，老老实实地低着头。,讓治、朱志香、紗音幾人，簡直就像惹老師生氣了的學生似的，老老實實地低著頭。,"George, Jessica, Shannon... tutti gli altri stavano chinando docilmente il capo come studenti rimproverati dall'insegnante.","George, Jessica e Shannon... stavano umilmente a capo chino, come degli studenti sgridati dal proprio insegnante.","George, Jessica, Shannon... todos los demás estaban mansamente agachando sus cabezas como estudiantes siendo regañados por su profesor.",ﺃﻣﺎ ﺟﻮﺭﺝ ﻭﺟﻴﺴﻴﻜﺎ ﻭﺷﺎﻧﻮﻥ... ﺃﺧﻔﻀﻮﺍ ﺭﺅﻭﺳﻬﻢ ﺑﻤﺬﻟﺔ، ﻛﻄﻼﺏ ﻳﺼﺮﺥ ﻣﺪﺭﺳﻬﻢ ﻋﻠﻴﻬﻢ.,"George, Jessica, Shannon—diğer herkes öğretmenleri tarafından azarlanan öğrenciler gibi uysalca başlarını öne eğmişlerdi."
{f:5:Beatrice},"""...Kanon, you were captivated by a trifling anger and tried to disturb my banquet. ......Your deadly sin is being easily captivated by anger. Cleanse yourself, regret, and do it over.""","""...Kanon was captivated by a trifling anger and tried to disturb my banquet. ...Being easily captivated by anger is your deadly sin. Cleanse yourself, repent, and do it over."" ","""...Kanon was captivated by a trifling anger and tried to disturb my banquet. ......Your deadly sin is being easily captivated by anger. Cleanse yourself, regret, and do it over.""",「…嘉音は瑣末な怒りに囚われ、妾の宴を乱そうとした。……怒りに囚われやすいのがお前の大罪よ。清め、悔いてやり直すがいい。」,「…嘉音は瑣末な怒りに囚われ、妾の宴を乱そうとした。……怒りに囚われやすいのがお前の大罪よ。清め、悔いてやり直すがいい」,"""...Канон поддался пустой злобе и пытался помешать моему пиру. ......Твой смертный грех — это гневливость. Очистись, покайся и начни сначала.""","""...Kanon, você foi cativado por uma raiva insignificante e tentou perturbar o meu banquete. ......Seu pecado mortal está facilmente sendo cativado pela sua raiva. Limpe‐se, arrependa‐se e comece de novo.""",「…嘉音被微不足道的愤怒所囚，意图扰乱妾身的宴会。……容易被愤怒所囚即是你的大罪。洗净，忏悔后再重来一次好了。」,「…嘉音被微不足道的憤怒所囚，意圖擾亂妾身的宴會。……容易被憤怒所囚即是你的大罪。洗淨，懺悔後再重來一次好了。」,"""... Kanon è stato preso da una rabbia insignificante, e ha provato a disturbare il mio banchetto. ... Il tuo peccato capitale è essere preso facilmente dall'ira. Purificati, pentiti, e ricomincia.""","""...Kanon-kun, colto da una futile rabbia, ha tentato di disturbare il mio banchetto... Il tuo peccato capitale è diventare con facilità preda dell'ira.Purificati, pentiti e ricomincia da capo.""","""Kanon, fuiste cautivado por una ira insignificante e intentaste perturbar mi banquete. Tu pecado capital es ser fácilmente cautivado por la ira. Purifícate, arrepiéntete, y empieza de vuelta.""","""...ﺍﺳﺘﻮﻟﻰ ﻋﻠﻰ ﻛﺎﻧﻮﻥ ﻏﻀﺒﻪ ﺍﻟﺘﺎﻓﻪ ﻭﺣﺎﻭﻝ ﺇﻓﺴﺎﺩ ﻣﺄﺩﺑﺘﻲ. ......ﺇﻥ ﺍﻻﻧﺼﻴﺎﻉ ﻟﻠﻐﻀﺐ ﺑﺴﻬﻮﻟﺔ ﻣﻦ ﺍﻟﺨﻄﺎﻳﺎ ﺍﻟﻤﻤﻴﺘﺔ. ﻃﻬﺮ ﻧﻔﺴﻚ، ﻭﺍﻧﺪﻡ ﻋﻠﻰ ﻣﺎ ﺍﻗﺘﺮﻓﺘﻪ ﻭﻣﻦ ﺛﻢ ﻋﻠﻴﻚ ﺍﻟﺒﺪﺀ ﻣﻦ ﺟﺪﻳﺪ.""","""...Kanon, önemsiz bir öfkenin esiri oldun ve ziyafetimi bozmaya çalıştın. ......Ölümcül günahın öfkenin kolayca esiri olmak. Kendini temizle, pişman ol ve her şeye baştan başla."""
Kanon,"""......{f:5:at}......{f:5:rice}............sa...ma...............""","""......{f:5:at} ...{f:5:rice}... ...sa...ma..."" ","""......at......rice..., ......sa, ma............""",「……ァト……リーチェ……、……さ、ま……………。」,「……ァト……リーチェ……、……さ、ま……………」,""".....{f:5:ат} ...{f:5:риче}...... ......са... ма...............""",[=UP],「……阿朵……莉切…………夫…人……………」,[=CN],"""... at ... rice... sa, ma...""","""...{f:5:a}... {f:5:trice}... sa... ma...""","""... {f:5:at}... {f:5:rice}... sa... ma...""","""......{f:7:ﺃﺕ}،......{f:7:ﺗﺮﻳﺲ}...،......ﺳﺎ-ﻣﺎ............""",[=UP]
Shannon,"""B‐...{f:5:Beatrice}‐sama... Please, forgive him... I think Kanon‐kun has repented enough......!""","""B-{f:5:Beatrice}-sama, ...please, forgive him... I think Kanon-kun has repented enough...!"" ","""B, ...Beatrice-sama... Please, forgive him... I think Kanon-kun has repented enough......!""",「ベ、…ベアトリーチェさま…。どうかお許し下さい…。嘉音くんは充分に反省したと思います……！」,[=JP],"""{f:5:Б‐Беатриче}‐сама... Пожалуйста, простите его... Я думаю, Канон‐кун достаточно раскаялся!..""","""B‐...{f:5:Beatrice}‐sama... Por favor, perdoe‐o... Eu acho que o Kanon‐kun já se arrependeu o bastante......!""",「贝、…贝阿朵莉切夫人…。请您千万原谅他…。我觉得嘉音君已经充分反省过了……！」,「貝、…貝阿朵莉切夫人…。請您千萬原諒他…。我覺得嘉音君已經充分反省過了……！」,"""B... Beatrice-sama... per favore, lo perdoni... penso che Kanon-kun si sia pentito abbastanza...!""","""B-{f:5:Beatrice}-sama... La prego, lo perdoni... Penso che Kanon-kun si sia pentito a sufficienza...!""","""B‐{f:5:Beatrice}‐sama... Por favor, perdónelo... ¡Creo que Kanon‐kun se ha arrepentido lo suficiente!""","""ﺑﻲ...{f:7:ﺑﻴﺎﺗﺮﻳﺲ}-ﺳﺎﻣﺎ... ﺃﺭﺟﻮﻙ ﺳﺎﻣﺤﻴﻪ... ﺃﻋﺘﻘﺪ ﺃﻥ ﻛﺎﻧﻮﻥ-ﻛﻦ ﻗﺪ ﺗﺎﺏ ﻋﻦ ﻓﻌﻠﺘﻪ...!""","""B-...{f:5:Beatrice}-sama... Lütfen onu affedin... Kanon-kun'un yeterince tövbe ettiğini düşünüyorum......!"""
{f:5:Beatrice},"""Wonderful. I am generous to those who respect me. ......*cackle*cackle*...!""","""Wonderful. I am generous to those who respect me. ...*cackle*cackle*...!"" ","""Wonderful. I am generous to those who respect me. ......*cackle*cackle*...!""",「良い。妾は敬う者に寛大である。……くっくっくっくっく…！」,[=JP],"""Прекрасно. Я щедра и великодушна к тем, кто уважает меня. ......Хи‐хи.""","""Maravilhoso. Eu sou generosa com aqueles que me respeitam. ......*risos*risos*...!""",「也罢。妾身对敬畏者是宽宏大量的。……呵呵呵呵呵…！」,「也罷。妾身對敬畏者是寬宏大量的。……呵呵呵呵呵…！」,"""Meraviglioso. Sono generosa con chi mi rispetta. ... *cackle*cackle*...!""","""Bene. Sono generosa con chi mi rispetta... Mhmhmhmhmh...!""","""Qué maravilla. Soy generosa ante quienes me respeten. ¡*carcajada*carcajada*!""","""ﻣﺬﻫﻞ. ﺃﻧﺎ ﺭﺣﻴﻤﺔ ﻣﻊ ﻣﻦ ﻳﺤﺘﺮﻣﻨﻲ. ......*ﻗﻬﻘﻬﺔ*ﻗﻬﻘﻬﺔ*...!""","""Muhteşem. Bana saygı duyanlara karşı cömertimdir. ......*cackle*cackle*...!"""
Ushiromiya Battler,"""Cut the crap!!! Don't think for a second that this piss‐poor show of theatrics will convince me of your sorry existence! Like hell you're a thousand‐year‐old witch! Your tricks aren't a thousand years old, at best they're the accumulation of a hundred years of clichés that the mystery world created!""","""Don't screw with me!!! Do you think I'll accept your existence because of this cheap act?! Like hell you're a thousand-year-old witch! Your tricks aren't a thousand years old, they're just the sum of a century of classic tricks from the mystery genre! ","""Don't screw with me!!! Do you think I'll accept your existence because of this cheap play?! Like hell you're a thousand year old witch! Your tricks aren't a thousand years old, they're just the accumulation of one hundred years of fallbacks from the mystery world! ",「ふざけるなッ！！！　こんな三文芝居で俺がお前の存在を認めると思うなよ？！　何が千年を生きた魔女だ！　手前ぇのトリックなんざ、千年じゃねえ、せいぜい百年程度のミステリー界が作ったお約束の累積上にあるだけだ！,「ふざけるなッ！！！　こんな三文芝居で俺がお前の存在を認めると思うなよ？！　何が千年を生きた魔女だ！　手前ぇのトリックなんざ、千年じゃねえ、せいぜい百年程度のミステリー界が作ったお約束の累積上にあるだけだ！」,"""Не лги мне!!! Ты думаешь, я признаю твоё существование из‐за этого дешёвого спектакля?! Чёрта с два ты тысячелетняя ведьма! Твои трюки не тысячелетние, это просто собрание штампов детективного мира за ближайшую сотню лет!""","""Para com essa merda!!! Não pense, nem por um segundo, que esse show de teatro miserável vai me convencer da sua triste existência! O inferno que você é uma bruxa com mil anos de idade! Seu truque não tem mil anos, no máximo é uma acumulação de uns cem anos de clichês que o mundo dos mistérios já criou!""",「别开玩笑了！！！你别以为演这种不值钱的把戏就能让我承认你的存在！！什么活了千年的魔女啊！这种三脚猫的诡计，说什么千年，最多是盗用了推理界百年间累积的创作套路而已！」,「別開玩笑了！！！你別以為演這種不值錢的把戲就能讓我承認你的存在！！什麼活了千年的魔女啊！這種三腳貓的詭計，說什麼千年，最多是盜用了推理界百年間累積的創作套路而已！」,"""Non prenderci in giro!!! Pensi che accetterò la tua esistenza con questa ridicola farsa?! Chi è la strega millenaria! I tuoi trucchi non hanno mille anni, sono soltanto una raccolta di cent'anni di piani dal mondo del genere mistery!","""Non prenderci in giro!!! Pensi che questa tua ridicola farsa mi farà riconoscere la tua esistenza?! Ma quale strega millenaria! I tuoi trucchi non hanno mille anni, sono al massimo una raccolta di cent'anni di convenzioni del genere giallo!""","""¡¡¡Ya basta de bromas!!! ¡¿Realmente crees que esta actuación barata hará que acepte tu existencia?! ¡De ninguna manera eres una bruja de mil años! ¡Tus trucos no tienen mil años! ¡A lo sumo son la acumulación de cien años de clichés que el mundo del misterio creó!""","""ﻻ ﺗﻌﺒﺜﻲ ﻣﻌﻲ!!! ﺃﺗﻈﻨﻴﻦ ﺃﻥ ﻣﺜﻞ ﻫﺬﻩ ﺍﻟﺤﻴﻠﺔ ﺍﻟﺮﺧﻴﺼﺔ ﺳﻮﻑ ﺗﺜﺒﺖ ﻭﺟﻮﺩﻙ؟! ﻻ ﺃﺻﺪﻕ ﺃﻧﻚ ﺳﺎﺣﺮﺓ ﻋﺎﺷﺖ ﺃﻟﻒ ﺳﻨﺔ! ﺧﺪﻋﻚ ﻟﻴﺴﺖ ﺃﻛﺜﺮ ﻣﻦ ﺣﻴﻞ ﻣﺴﺘﻮﺣﺎﺓ ﻣﻦ ﻗﺼﺺ ﺍﻟﻐﻤﻮﺽ ﺍﻟﻜﺜﻴﺮﺓ ﻓﻲ ﺁﺧﺮ ﻣﺌﺔ ﺳﻨﺔ ﻋﻠﻰ ﺃﻗﻞ ﺗﻘﺪﻳﺮ!","""Şu saçmalığı kes!!! Bu boktan tiyatro gösterisinin beni senin zavallı varlığına ikna edeceğini bir an bile düşünme! Sanki bin yıllık cadısın da! Senin numaraların bin yıllık değil, olsa olsa gizem dünyasının yarattığı yüz yıllık klişelerin birikimi olur!"""
Ushiromiya Battler,"""They're not magic!! No way are they magic!! All of these crimes can be explained with ""human tricks""!!""","There's no such thing as magic!! Definitely not!! All of the crimes can be explained with ""human tricks""!!"" ","There's no such thing as magic!! Definitely!! All of the crimes can be explained with 'human tricks'!!""",魔法なんかじゃねぇ！！　断じてねぇ！！　事件の全ては“人間とトリック”で説明がつく！！」,「魔法なんかじゃねぇ！！　断じてねぇ！！　事件の全ては“人間とトリック”で説明がつく！！」,"""Это не магия!!! Никоим образом!!! Все эти преступления можно объяснить с помощью 'людских трюков'!!!""","""Eles não são magia!! De jeito nenhum!! Todos esses truques podem ser explicados com ""truques humanos""!!""",「才不是什么魔法！！绝对不是！！所有事件全都能以“人类和诡计”解释！！」,「才不是什麼魔法！！絕對不是！！所有事件全都能以“人類和詭計”解釋！！」,"Non esiste una cosa come la magia!! Assolutamente!! Tutti gli avvenimenti possono essere spiegati con ‘trucchi umani’!""","""Non ci sono cose come la magia!! Assolutamente no!! Tutti gli avvenimenti di questo caso possono essere spiegati {i:con trucchi umani}!!""","""¡¡No son magia!! ¡¡No hay forma de que lo sean!! ¡¡Todos estos crímenes pueden explicarse con ""trucos humanos""!!""","ﻻ ﻭﺟﻮﺩ ﻟﻠﺴﺤﺮ!! ﻗﻄﻌﺎ ﻻ ﻭﺟﻮﺩ ﻟﻪ!! ﻛﻞ ﻫﺬﻩ ﺍﻟﺠﺮﺍﺋﻢ ﻳﻤﻜﻦ ﺗﻔﺴﻴﺮﻫﺎ ﺑـ'ﺣﻴﻞ ﺑﺸﺮﻳﺔ'!!""","""Bunlar büyü değil!! Büyü olmalarına imkan yok!! Tüm bu suçlar ""insan numaraları"" ile açıklanabilir!!"""
{f:5:Beatrice},"""*cackle*cackle*! You would explain my thousand years with a hundred years by humans...? Good, good, that's why I like you...!""","""*cackle*cackle*! You would explain my thousand years with a hundred years of humans...? Good, good, that's why I like you...!"" ","""*cackle*cackle*! You would explain my thousand years with a hundred years by humans...? Good, good, that's why I like you...!""",「くっくっくっく！　我が千年を人間共の百年で語るか…。良い良い、だからこそ妾はお前を気に入る…！」,[=JP],"""Хи‐хи‐хи. Ты объяснишь мою тысячу лет сотней лет людей?.. Просто замечательно, вот поэтому ты мне и нравишься!..""","""*risos*risos*! Você explicaria meus mil anos de bruxa com seus cem anos humanos...? Ótimo, é por isso que gostei de você...!""",「呵呵呵呵！将吾之千年与区区人类之百年相提并论吗…？很好很好，正因为如此妾身才中意于你…！」,「呵呵呵呵！將吾之千年與區區人類之百年相提並論嗎…？很好很好，正因為如此妾身才中意於你…！」,"""*cackle*cackle*! Vorresti spiegare i miei mille anni con cento anni umani...? Bene, bene, ecco perché mi piaci...!""","""Mhmhmhmh! Vorresti paragonare i miei mille anni ad un secolo umano...? Magnifico, è proprio per questo che mi piaci...!""","""¡*carcajada*carcajada*! ¿Explicarías mis mil años con cien años humanos? ¡Bien, bien, por eso me caes bien!""","""*ﻗﻬﻘﻬﺔ*ﻗﻬﻘﻬﺔ*! ﺃﺗﺘﺤﺪﻯ ﺍﻷﻟﻒ ﺳﻨﺔ ﺍﻟﺘﻲ ﻋﺸﺘﻬﺎ ﺑﻤﺌﺔ ﻋﺎﻡ ﻣﻦ ﺣﻴﺎﺓ ﺍﻟﺒﺸﺮ...؟ ﺟﻴﺪ، ﺟﻴﺪ، ﻫﺬﺍ ﺳﺒﺐ ﺇﻋﺠﺎﺑﻲ ﺑﻚ...!""","""*cackle*cackle*! Benim bin yılımı insanların yüz yılıyla mı açıklayacaksın...? Güzel, güzel, işte bu yüzden seni sevdim...!"""
Ushiromiya Maria,"""...............Foolish Battler... Kihhihihihihihihihi{0}hi{0}hi{0}hi{0}hi{0}hi{0}hihihi...!""","""...Foolish Battler... Kihhihihihihihihihihihihihihihihihi...!"" ","""............Foolish Battler... Kihhihihihihihihihihihihihihihihihi...!""",「……………愚かな戦人…。きっひひひひひひひひひひひひひひひひ…！」,[=JP],"""...............Глупый Баттлер... Ки‐хи‐хи‐хи‐хи‐хи‐хи‐хи‐хи‐хи‐хи‐хи‐хи‐хи!..""","""...............Tolo Battler... Kihhihihihihihihihi{0}hi{0}hi{0}hi{0}hi{0}hi{0}hihihi...!""",「……………愚蠢的战人…。唧嘻嘻嘻嘻嘻嘻嘻嘻嘻嘻嘻嘻嘻嘻嘻嘻…！」,「……………愚蠢的戰人…。唧嘻嘻嘻嘻嘻嘻嘻嘻嘻嘻嘻嘻嘻嘻嘻嘻…！」,"""... Sciocco Battler... Kihhihihihihihihihihihihihihihihihi...!""","""...Sciocco Battler... Kihihihihihihihihi{0}hi{0}hi{0}hi{0}hi{0}hi{0}hihih...!""","""Tonto Battler... ¡Kijijijijijijijiji{0}ji{0}ji{0}ji{0}ji{0}ji{0}jijiji!""","""....ﺑﺎﺗﻠﺮ ﺍﻷﺣﻤﻖ... ﻛﻴﻬﻬﻴﻬﻴﻬﻴﻬﻴﻬﻴﻬﻴﻬﻴﻬﻲ{0}ﻫﻲ{0}ﻫﻲ{0}ﻫﻲ{0}ﻫﻲ{0}ﻫﻲ{0}ﻫﻴﻬﻴﻬﻴﻬﻴﻬﻲ...!""","""...............Aptal Battler... Kihhihihihihihihihi{0}hi{0}hi{0}hi{0}hi{0}hi{0}hihihi...!"""
Ushiromiya George,"""......Stop yourself, Battler‐kun... {f:5:Beatrice}‐sama is someone you can't...go...against......""","""...Cut it out, Battler-kun... You can't... go...against the witch..."" ","""......Cut it out, Battler-kun... You can't..., go...against the witch......""",「……よすんだ、戦人くん…。ベアトリーチェさまに逆らっちゃ…、い…けない……。」,「……よすんだ、戦人くん…。ベアトリーチェさまに逆らっちゃ…、い…けない……」,"""......Перестань, Баттлер‐кун... {f:5:Беатриче}‐сама не та, против кого ты... можешь... пойти......""","""......Pare, Battler‐kun... A {f:5:Beatrice}‐sama não é alguém que você possa...ir...contra......""",「……别这样，战人君…。违抗贝阿朵莉切夫人…，是…不行的……」,「……別這樣，戰人君…。違抗貝阿朵莉切夫人…，是…不行的……」,"""... Piantala, Battler-kun... non puoi... metterti... contro la strega...""","""...Smettila, Battler-kun... Non puoi opporti a... {f:5:Beatrice}... sama...""","""Detente, Battler‐kun... {f:5:Beatrice}‐sama es alguien a quien no puedes... desafiar...""","""......ﺗﻮﻗﻒ ﻳﺎ ﺑﺎﺗﻠﺮ-ﻛﻦ... ﻻ ﻳﻤﻜﻨﻚ...،ﻣﻨﺎﻓﺴﺔ...ﺍﻟﺴﺎﺣﺮﺓ......""","""......Dur, Battler-kun... {f:5:Beatrice}-sama senin karşı ge...lemeyeceğin...biri......"""
Shannon,"""............nn.........u...............u...""","""............nn... ......u... ............u..."" ","""............nn, .........u, ...............u...""",「…………ん、………ぅ、……………ぅ…。」,「…………ん、………ぅ、……………ぅ…」,"""............Н‐н‐н......... у............... у‐у...""",[=UP],「…………唔，………呜、……………呜…」,「…………唔，………嗚、……………嗚…」,"""... nn... u... u...""","""...Nngh... uh... uh...""","""Nn... u... u...""","""............ﺁﺁﻩ.........ﺃﻭ،...............ﺁﺁﻩ...""",[=UP]
,"Shannon started moaning, holding her cheek.{n}...Maybe she had a toothache.","Shannon started moaning, holding her cheek. ...Maybe she had a toothache. ","Shannon started moaning, holding her cheek....Maybe she had a toothache.",紗音が頬を押さえながら呻き始めます。…虫歯でも痛むのかもしれません。,紗音が頬を押さえながら呻き始めます。{n}…虫歯でも痛むのかもしれません。,"Шаннон принялась стонать, держась за щёку.{n}...По‐видимому, у неё заболел зуб.","Shannon começou a gemer, segurando suas bochechas.{n}...Talvez ela estivesse com dor de dente.",纱音按住脸颊呻吟起来。{n}…可能是牙疼发作了吧。,紗音按住臉頰呻吟起來。{n}…可能是牙疼發作了吧。,"Shannon cominciò a gemere, tenendosi la guancia. ... Magari aveva mal di denti.","Shannon iniziò a gemere, tenendosi la guancia... Forse aveva un mal di denti.","Shannon empezó a gimotear, tocando su mejilla.{n}Quizás le haya dado un dolor de muela.",ﺃﻣﺴﺖ ﺷﺎﻧﻮﻥ ﺗﺌﻦ ﻭﺗﻤﺴﻚ ﺧﺪﻫﺎ.{n}...ﺭﺑﻤﺎ ﺗﻌﺎﻧﻲ ﻣﻦ ﺃﻟﻢ ﺑﺎﻷﺳﻨﺎﻥ.,Shannon yanağını tutarak inlemeye başladı.{n}...Belki de dişi ağrıyordu.
,But it didn't look anything like a toothache.{n}......A slight redness spread across the cheek Shannon was holding.,"But apparently, it wasn't a toothache after all. ...A slight redness spread across the cheek Shannon was holding. "," But it didn't look anything like a toothache.......A slight redness spread across the cheek Shannon was holding.",ですが、それはどうも虫歯ではないようでした。……うっすらと赤い模様が、紗音が抑える頬全体に広がっていくのです。,ですが、それはどうも虫歯ではないようでした。{n}……うっすらと赤い模様が、紗音が押さえる頬全体に広がっていくのです。,Но это никак не походило на зубную боль.{n}......Небольшое покраснение начало распространяться по щеке Шаннон.,Mas não parecia nada com uma dor de dente.{n}......Uma leve vermelhidão se espalhou pela bochecha que Shannon estava segurando.,但是，看这模样总觉得不像是牙疼。{n}……淡淡的红色纹路，逐渐布满了纱音按住的整个脸颊。,但是，看這模樣總覺得不像是牙疼。{n}……淡淡的紅色紋路，逐漸布滿了紗音按住的整個臉頰。,Ma non sembrava fosse così. ... Un leggero rossore si diffuse sulla guancia che Shannon si stava tenendo.,"Ma a quanto pareva, non era quello il caso... Un lieve rossore si diffuse lungo tutta la guancia che Shannon stava coprendo con la mano.",Pero no se veía para nada como un dolor de muela.{n}Un ligero enrojecimiento se propagaba por la mejilla que ella estaba tocando.,ﻟﻜﻦ ﻻ ﻳﺒﺪﻭ ﺍﻷﻣﺮ ﻛﺬﻟﻚ.{n}....ﺍﻧﺘﺸﺮ ﺍﺣﻤﺮﺍﺭ ﻃﻔﻴﻒ ﻓﻲ ﺍﻟﺨﺪ ﺍﻟﺬﻱ ﺗﻤﺴﻜﻪ ﺷﺎﻧﻮﻥ.,Ama diş ağrısına hiç benzemiyordu.{n}......Shannon'un tuttuğu yanakta hafif bir kızarıklık yayılmıştı.
,It looked like that redness was causing Shannon unbearable pain...,It looked like that redness was causing Shannon unbearable pain... ," It looked like that redness was causing Shannon unbearable pain......",その赤い模様は、紗音にとって、堪え難い苦痛を与えているようでした…。,[=JP],"Похоже, что это покраснение вызывало у неё невыносимую боль...",Parece que aquela vermelhidão estava causando a Shannon uma dor insuportável...,这红色的纹路，似乎给纱音带来了难以忍受的痛楚…。,這紅色的紋路，似乎給紗音帶來了難以忍受的痛楚…。,Sembrava che quel rossore stesse causando alla ragazza un dolore insopportabile...,Quel rossore sembrava starle causando un dolore insopportabile...,Parecía que aquel enrojecimiento estaba causando a Shannon un dolor insoportable...,ﻭﻳﺒﺪﻭ ﺃﻧﻪ ﻳﺴﺒﺐ ﻭﺟﻌﺎ ﻻ ﻳﺤﺘﻤﻞ ﻟﻬﺎ......,Bu kızarıklık Shannon'a dayanılmaz bir acı veriyor gibi duruyordu...
,"She started to press her nails into her cheek, and drops of sweat appeared all over her body...","Her fingers were pressing in against her cheek, and drops of sweat appeared all over her body... "," Her fingers were pressing in against her cheek, and drops of sweat appeared all over her body...",頬に当てる手はいつしか爪を立てるほどになり、全身に汗が玉のように浮いていきます…。,[=JP],"Её пальцы сдавили щёку, и по всему телу выступили капельки пота...","Ele começou a pressionar suas unhas contra sua bochecha, e gotas de suor começaram a aparecer por todo o corpo...",她按在脸颊上的手不知何时开始用力抓紧，全身冒出了豆大的汗珠…。,她按在臉頰上的手不知何時開始用力抓緊，全身冒出了豆大的汗珠…。,"Le sue dita stavano venendo premute contro la guancia, e su tutto il suo corpo cominciarono ad apparire gocce di sudore...","La mano con cui si reggeva la guancia arrivò a conficcarci le unghie senza rendersene conto, e su tutto il suo corpo comparvero gocce di sudore...","Empezó a presionar sus uñas hacia su mejilla, y gotas de sudor aparecieron por todo su cuerpo...",ﺿﻐﻄﺖ ﺃﺻﺎﺑﻌﻬﺎ ﺑﻘﻮﺓ ﻋﻠﻰ ﺧﺪﻫﺎ، ﻭﺍﻛﺘﺴﺖ ﺑﻘﻄﺮﺍﺕ ﺍﻟﻌﺮﻕ ﻓﻲ ﺟﻤﻴﻊ ﺃﻧﺤﺎﺀ ﺟﺴﺪﻫﺎ...,Tırnaklarını yanağına geçirmeye başladı ve vücudunun her yerinde ter damlaları belirdi...
Ushiromiya George,"""...Shannon...Shannon...!! Hang in there...hang in there!""","""...Shannon, ...Shannon...!! Hang in there...hang in there!"" ","""...Shannon..., Shannon...!! Hang in there...hang in there!""",「…紗音…、紗音…！！　しっかり…しっかりッ！」,[=JP],"""...Шаннон... Шаннон!.. Держись... держись!""","""...Shannon...Shannon...!! Aguenta firme...aguenta firme!""",「…纱音…、纱音…！！坚持住…坚持住！」,「…紗音…、紗音…！！堅持住…堅持住！」,"""... Shannon... Shannon...!! Resisti... resisti!""","""...Shannon... Shannon...!! Resisti... Resisti!""","""Shannon... ¡¡Shannon!! ¡Aguanta... aguanta!""","""...ﺷﺎﻧﻮﻥ...ﺷﺎﻧﻮﻥ...!! ﺗﺤﻤﻠﻲ... ﺗﺤﻤﻠﻲ!""","""...Shannon...Shannon...!! Dayan...dayan!"""
Ushiromiya Battler,"""What's going on?! Damn it, what the hell is that red stuff...?!""","""What's going on?! Damn it, what the hell is that red stuff...?!"" ","""What's going on?! Damn it, what the hell is that red stuff...?!""",「どうしたってんだよ！　くそ、何なんだこりゃ、この赤いのは…！」,[=JP],"""Что происходит?! Проклятье, что это за красная штука?!""","""O que tá acontecendo?! Merda, que porra é essa coisa vermelha...?!""",「发生了什么啊！可恶，这红色的东西，是什么啊…！」,「發生了什麼啊！可惡，這紅色的東西，是什麼啊…！」,"""Cosa sta succedendo?! Dannazione, cosa diavolo è quella roba rossa...?!""","""Cosa sta succedendo?! Merda, cosa diavolo è quella roba rossa...?!""","""¡¿Qué está ocurriendo?! Maldita sea, ¡¿qué demonios es esa cosa roja?!""","""ﻣﺎ ﺍﻟﺬﻱ ﻳﺠﺮﻱ؟ ﺍﻟﻠﻌﻨﺔ، ﻣﺎ ﻫﺬﺍ ﺍﻟﺸﻲﺀ ﺍﻷﺣﻤﺮ؟""","""Neler oluyor?! Kahretsin, bu kırmızı şey de ne...?!"""
,"It expanded rapidly, covering half of Shannon's face...","It expanded rapidly, covering half of Shannon's face... ","It expanded rapidly, covering half of Shannon's face...",それは見る見る広がって、紗音の顔半分を覆ってしまいます…。,[=JP],"Покраснение быстро разрослось, покрыв половину лица Шаннон...","Está se expandindo, cobrindo metade do rosto de Shannon...",红色纹路逐渐扩散，几近盖住了纱音的半张脸…。,紅色紋路逐漸擴散，幾近蓋住了紗音的半張臉…。,"Si stava rapidamente espandendo, coprendo metà della faccia di Shannon...","Il rossore si espanse rapidamente, coprendo metà del viso di Shannon...","Se expandió rápidamente, cubriendo la mitad de la cara de Shannon...",ﺍﻧﺘﺸﺮ ﺍﺣﻤﺮﺍﺭ ﺑﺴﺮﻋﺔ ﻭﻏﻄﻰ ﻧﺼﻒ ﻭﺟﻪ ﺷﺎﻧﻮﻥ...!,Shannon'un yüzünün yarısını kaplayarak hızla genişledi...
,"...Then, the stupid dunce Battler finally realized...","...Then, the stupid dunce Battler finally realized... ","...Then, the stupid dunce Battler finally realized...",…そして、ようやく愚鈍で間抜けな戦人は気付くのです。,[=JP],...И тут до глупого Баттлера наконец‐то дошло...,"...Então, o burro estúpido do Battler finalmente percebeu...",…然后，迟钝又愚蠢的战人终于察觉到了。,…然後，遲鈍又愚蠢的戰人終於察覺到了。,"... Infine, Battler l'ingenuo somaro, capì...","E in quel momento, lo sciocco, stolto Battler, finalmente capì...","Entonces, el burro estúpido de Battler finalmente se dio cuenta...",...ﺛﻢ ﺃﺩﺭﻙ ﺑﺎﺗﻠﺮ ﺍﻟﻐﺒﻲ ﻣﺎ ﻳﺤﺪﺙ.,"...Sonra, aptal ahmak Battler sonunda fark etti..."
Ushiromiya George,"""Ple‐please, Battler‐kun...! Please believe in {f:5:Beatrice}‐sama...! I beg you...!! Aaaaaaah, because you won't believe, because you won't believe, aaaaaaaaaah...the magic is, ......the magic is wearing off!!!!!!!!""","""Ple‐please, Battler‐kun...! Please believe in {f:5:Beatrice}‐sama...! I beg you...!! Aaaaaaah, because you won't believe, because you won't believe, aaaaaaaaaah, ...the magic is ...the magic is dissolviiiiiiiing!!"" ","""P, please, Battler-kun...! Please believe in Beatrice...! I beg you...!! Aaaaaaah, because you won't believe, because you won't believe, aaaaaaaaaah..., the magic is, ......the magic is dissolviiiiiiiing!!""",「た、頼む、戦人くん…！　ベアトリーチェさまを信じてくれ…！　後生だから…！！　あぁあぁぁ、君が信じないから、信じないからぁ、ぁぁああぁ…、魔法が、……魔法が解けてしまうぅうぅうぅッ！！」,[=JP],"""П‐пожалуйста, Баттлер‐кун!.. Прошу тебя, поверь в {f:5:Беатриче}!.. Умоляю тебя!.. А‐а‐а‐а, всё потому, что ты не веришь, потому что ты не веришь, а‐а‐а‐а... магия......... магия исчезае‐е‐е‐ет!!!""","""P‐Por favor, Battler‐kun...! Por favor, acredite na {f:5:Beatrice}‐sama...! Eu te imploro...!! Aaaaaaah, porque você não acredita, porque você não acredita, aaaaaaaaaah...a magia está, ......a magia está desaparecendo!!!!!!!!""",「拜、拜托了，战人君…！相信贝阿朵莉切夫人吧…！我求求你了…！！啊啊啊啊啊，就因为你不信，就因为你不信，啊啊啊啊啊…，魔法、……魔法要解除了啊啊啊啊啊啊！！」,「拜、拜託了，戰人君…！相信貝阿朵莉切夫人吧…！我求求你了…！！啊啊啊啊啊，就因為你不信，就因為你不信，啊啊啊啊啊…，魔法、……魔法要解除了啊啊啊啊啊啊！！」,"""P-Per favore, Battler-kun...! Per favore credi in Beatrice...! Ti prego...!! Aaaaaaah, dal momento che non ci credi, perché tu non ci credi, aaaaaaaaaah... {n}la magia si sta... la magia si sta dissolvendoooooooooo!!""","""T-Ti scongiuro, Battler-kun...! Credi in {f:5:Beatrice}-sama...! Ti supplico...!! Aaaaaaah, tu non ci credi, tu non ci credi, perciò, aaaaaahhhhh... la magia si sta... la magia si sta dissolvendoooooooooo!!""","""¡P‐Por favor, Battler‐kun! ¡Por favor cree en {f:5:Beatrice}‐sama! ¡¡Te lo suplico!! Aaaaaaah, por no creer, ¡por no creer!, aaaaaaaaaah... ¡¡La magia se está... la magia se está disolviendoooooooo!!""","""ﺃ..ﺃﺭﺟﻮﻙ ﻳﺎ ﺑﺎﺗﻠﺮ-ﻛﻦ...! ﺃﺭﺟﻮﻙ ﺁﻣﻦ ﺏ{f:7:ﺑﻴﺎﺗﺮﻳﺲ}-ﺳﺎﻣﺎ...! ﺃﺗﻮﺳﻞ ﻟﻚ...!! ﺁﺁﺁﺁﺁﺁﺁﻩ، ﻫﺬﺍ ﻷﻧﻚ ﻻ ﺗﺆﻣﻦ، ﻷﻧﻚ ﻻ ﺗﺆﻣﻦ، ﺁﺁﺁﺁﺁﺁﻩ...،ﺇﻥ ﺍﻟﺴﺤﺮ، .....ﺇﻥ ﺍﻟﺴﺤﺮ ﺳﻮﻑ ﻳﺒﻄﻞ!!""","""Lü-Lütfen, Battler-kun...! Lütfen {f:5:Beatrice}-sama'ya inan...! Sana yalvarıyorum...!! Aaaaaaah, inanmadığın için, inanmadığın için, aaaaaaaaaah...büyü, ......büyü etkisini yitiriiiiyor!!!!!!!!"""
,"For the first time in his life, ......Battler heard that sound, like a pomegranate splitting.","For the first time in his life, ...Battler heard that sound, like a pomegranate splitting. ","For the first time in his life, ......Battler heard that sound, like a pomegranate splitting.",戦人は、……生まれて初めて、石榴が裂ける音というものを聞きます。,[=JP],"Первый раз в своей жизни...... Баттлер услышал звук, похожий на тот, который издаёт расколовшийся гранат.","Pela primeira vez na vida, ......Battler ouviu aquele som, como uma romã sendo esmagada.",战人，……自出生到现在，第一次听到了什么叫石榴裂开的声音。,戰人，……自出生到現在，第一次聽到了什麼叫石榴裂開的聲音。,"Per la prima volta nella sua vita... Battler sentì quel suono, come quello di un melograno che si spacca.",Per la prima volta nella sua vita... Battler sentì il suono di una melagrana spaccarsi.,"Por primera vez en su vida, Battler escuchó ese sonido, como la de una granada partiéndose.",ﻷﻭﻝ ﻣﺮﺓ ﻓﻲ ﺣﻴﺎﺗﻪ...... ﺳﻤﻊ ﺑﺎﺗﻠﺮ ﻫﺬﺍ ﺍﻟﺼﻮﺕ ﺍﻟﺬﻱ ﻳﺸﺒﻪ ﺗﻘﻄﻴﻊ ﻓﺎﻛﻬﺔ ﺍﻟﺮﻣﺎﻥ.,"Hayatında ilk kez, ......Battler nar yarılması gibi bir ses duydu."
,The red spray even landed on Battler's face...,The red spray even landed on Battler's face... ," The red spray even landed on Battler's face...",その、赤い飛沫が、戦人の顔にも飛び散りました…。,[=JP],Красные брызги долетели даже до лица Баттлера...,O spray vermelho foi lançado ao rosto de Battler...,那红色的飞沫，也溅到了战人的脸上…。,那紅色的飛沫，也濺到了戰人的臉上…。,Quello schizzo rosso arrivò perfino sulla faccia di Battler...,Gli schizzi rossi arrivarono perfino sul suo volto...,Las gotas rojas incluso llegaron a rociar la cara de Battler...,ﺍﻧﺒﺜﻖ ﺭﺫﺍﺫ ﺩﻡ ﺃﺣﻤﺮ ﻟﻴﺤﻂ ﻋﻠﻰ ﻭﺟﻪ ﺑﺎﺗﻠﺮ...,Kırmızı püskürme Battler'ın yüzüne bile geldi...
,"How sad—Shannon's face had been split in half, ...and her last horrible moments in that storehouse had been repeated once again.","Poor Shannon's face had been split in half, ...and her last horrible moments in that storehouse were repeated once again. "," Poor Shannon's face had been split in half, ...and her last horrible moments in that storehouse were repeated once again.",哀れ、紗音の顔は半分がばっくりと裂け、…あの倉庫の中でのおぞましい最期をもう一度そこに繰り返してしまいます。,[=JP],Лицо бедной Шаннон разделилось пополам... и её ужасная смерть в той самой кладовой повторилась сначала.,"Que triste — o rosto da Shannon foi partido ao meio, ...e seus horríveis últimos momentos naquele depósito se repetiram de novo.",可怜啊，纱音半张脸啪地裂开，…又一次重复起了仓库中那令人毛骨悚然的最后一刻。,可怜啊，紗音半張臉啪地裂開，…又一次重複起了倉庫中那令人毛骨悚然的最後一刻。,La faccia della povera Shannon era stata divisa a metà... e i suoi ultimi orribili momenti nel capanno furono ripetuti ancora una volta.,"Metà del viso della povera Shannon era stata fracassata... e i suoi ultimi, orribili momenti all'interno del magazzino, si ripeterono per un'altra volta.","Qué triste. El rostro de la pobre de Shannon había sido partido por la mitad, y sus últimos momentos horribles en aquel almacén se habían vuelto a repetir.",ﺍﻧﻔﺠﺮ ﻧﺼﻒ ﻭﺟﻪ ﺷﺎﻧﻮﻥ ﺍﻟﻤﺴﻜﻴﻨﺔ، ﻟﺘﺘﻜﺮﺭ ﻟﺤﻈﺎﺗﻬﺎ ﺍﻟﻤﺄﺳﺎﻭﻳﺔ ﺍﻷﺧﻴﺮﺓ ﻓﻲ ﺍﻟﻤﺴﺘﻮﺩﻉ.,"Ne kadar üzücü—Shannon'un yüzü ikiye bölünmüştü, ...ve o ambardaki son korkunç anları bir kez daha tekrarlanmıştı."
Ushiromiya George,"""U...uwaaaaaaaaaaaaaaaaaaaaaaaaa, Shannon, Shannon!! Uwaaaaaaaaaaaaaaaaaaa!!!""","""U-Uwaaaaaaaaaaaaaaaaaaaaaaaaahh, Shannon, Shannon!! Uwaaaaaaaaaaaaaaaaaaahh!!!"" ","""U, uwaaaaaaaaaaaaaaaaaaaaaaaaa, Shannon, Shannon!! Uwaaaaaaaaaaaaaaaaaaa!!!""",「う、うわぁああああああああぁああああぁ、紗音、紗音ッ！！　うわああああぁあああああぁぁあぁあああああ！！！」,[=JP],"""А‐а‐а‐а‐а‐а‐а‐а‐а‐а‐а‐а‐а‐а‐а!!! Шаннон!!! Шаннон!!! А‐а‐а‐а‐а‐а‐а!!!""",[=UP],「呜、呜啊啊啊啊啊啊啊啊啊啊啊啊啊啊啊啊啊，纱音、纱音！！呜啊啊啊啊啊啊啊啊啊啊啊啊啊啊啊啊啊！！！」,「嗚、嗚啊啊啊啊啊啊啊啊啊啊啊啊啊啊啊啊啊，紗音、紗音！！嗚啊啊啊啊啊啊啊啊啊啊啊啊啊啊啊啊啊！！！」,"""U-Uwaaaaaaaaaaaaaaaaaaaaaaaaa, Shannon, Shannon!! Uwaaaaaaaaaaaaaaaaaaa!!!""","""U-Uwaaaaaaaaaaaaaaaaaaaaaaaaahh, Shannon, Shannon!! Uwaaaaaaaaaaaaaaaaaaahh!!!""","""¡¡U-Uaaaaaaaaaaaahhhhhhhhhhhhh!! ¡¡Shannon, Shannon!! ¡¡¡Uaaaaaaaaaahhhhhhhhhh!!!""","""ﻭﻭ، ﺁﺁﺁﺁﺁﺁﺁﺁﺁﺁﺁﺁﺁﺁﺁﺁﺁﺁﺁﺁﻩ، ﺷﺎﻧﻮﻥ، ﺷﺎﻧﻮﻥ!! ﺁﺁﺁﺁﺁﺁﺁﺁﺁﺁﺁﺁﺁﺁﺁﺁﺁﺁﺁﺁﻩ!!!""",[=UP]
Ushiromiya Battler,"""G...ghhhkkk, damn you, damn youuuuuuu! Stop it, stop it, stop it!! Don't humiliate the dead, don't humiliate the deeeeeaaaaad!!""","""Ngg...nnnnnggg, damn it, damn iiiiiiiiiiit! Stop it, stop it, stop it!! Don't humiliate the dead, don't humiliate the deeeeeaaaaad!!"" ","""D..., da da da, damn it, damn iiiiiiiiiiit! Stop it, stop it, stop it!! Don't humiliate the dead, don't humiliate the deeeeeaaaaad!!""",「く…、うぐぐ、くそお、くそおぉおおおおッ！やめろ、やめろやめろぉおおぉ！！　死者を辱めるな、死者を辱めるなあああぁッ！！」,「く…、うぐぐ、くそお、くそおぉおおおおッ！　やめろ、やめろやめろぉおおぉ！！　死者を辱めるな、死者を辱めるなあああぁッ！！」,"""Ч... чё... чё... чёрт, чё‐ё‐ё‐ё‐ё‐ёрт! Остановись, остановись, остановись!!! Не унижай мёртвых, не унижай мё‐ё‐ё‐ёртвых!!!""","""G...ghhhkkk, merda, merdaaaa! Pare com isso, pare, pare!! Não humilhe os mortos, não humilhe os mortoooooooos!!""",「呜、…呜呜呜，混蛋、混蛋————！住手，住手住手啊啊啊啊！！不要侮辱死者，不要侮辱死者啊啊啊！！」,「嗚、…嗚嗚嗚，混蛋、混蛋————！住手，住手住手啊啊啊啊！！不要侮辱死者，不要侮辱死者啊啊啊！！」,"""D... Da-Da-Da-Dannazione, dannazioneeeeeeeeeee!! Smettila, smettila, smettila!! Non umiliare i morti, non umiliare i mortiiiiiiiiii!!""","""C... Uuuugh, cazzo, cazzoooooo!! Smettila, smettila smettila!! Non mancare di rispetto ai morti, non mancare di rispetto ai mortiiiiiiiiii!!""","""¡G... ghhhkkk, maldición, maldicióóóóóón! ¡¡Para, para, paraaaaaaaa!! ¡¡No humilles a los muertos, no humilles a los muertoooos!!""","""ﺍﻟـ...ﺍﻟﻠﻌﻨﺔ، ﺍﻟﻠﻠﻠﻠﻠﻠﻌﻨﺔ! ﺗﻮﻗﻔﻲ، ﺗﻮﻗﻔﻲ، ﺗﻮﻗﻔﻲ!! ﺗﻮﻗﻔﻲ ﻋﻦ ﺗﺪﻧﻴﺲ ﺍﻟﻤﻮﺗﻰ، ﺗﻮﻗﻔﻲ ﻋﻦ ﺗﺪﻧﻴﺲ ﺍﻟﻤﻮﺗﻰ!!!!!""","""G...ghhhkkk, lanet olsun sana, lanet olsun sanaaaaaaa! Kes şunu, kes şunu, kes şunu!! Ölüleri aşağılama, ölüleri aşağılamaaaaaaaa!!"""
Ushiromiya George,"""Uuuu......gah.........eeeggh!!""","""Uuuu, ...gah, ...eeeggh!!"" ","""Uuuu, ......gah, .........eeeggh!!""",「ぅうう、……く、………ひぃッ！！」,[=JP],"""У‐у‐у...... гах......... э‐эгх!!!""",[=UP],「呜呜呜……咕………咿！！」,「嗚嗚嗚……咕………咿！！」,"""Uuuu... gah... eeeggh!!""","""Uuhuuh... guh... eeeggh!!""","""¡¡Uuuu... gah... eeeggh!!""","""ﺁﺁﺁﺁﻩ، ......ﺁﻏﻎ، ........ﺁﺁﻩ!!""",[=UP]
," This time, red patterns began to spread across George's entire body...","This time, the redness spread across George's entire body... ","This time, the redness spread across George's entire body...",今度は、譲治の全身に赤い模様が広がっていきます…。,[=JP],На этот раз краснота принялась расползаться по телу Джорджа...," Dessa vez, manchas vermelhas começaram a se espalhar por todo o corpo de George....",这次，轮到让治全身泛起了红色的纹路…。,這次，輪到讓治全身泛起了紅色的紋路…。,"Questa volta, il rossore si diffuse su tutto il corpo di George...","Questa volta, il rossore si propagò su tutto il corpo di George..."," Esta vez, patrones rojos empezaron a propagarse por el cuerpo entero de George...", ﻫﺬﻩ ﺍﻟﻤﺮﺓ، ﺍﻧﺘﺸﺮ ﺍﻟﻠﻮﻥ ﺍﻻﺣﻤﺮ ﻓﻲ ﻛﺎﻣﻞ ﺟﺴﺪ ﺟﻮﺭﺝ..., Bu kez kırmızı desenler George'un tüm vücuduna yayılmaya başladı...
, It was like the beautiful cloud drawn by milk when it is poured into black tea. They slowly spread out and extended across his entire body.,It was like the beautiful cloud drawn by milk when it's poured into black tea. It spread out and extended across his entire body. ," It was like the beautiful cloud drawn by milk when it is poured into black tea. It spread out and extended across his entire body.",それはまるで、紅茶にたっぷりと落としたミルクが描くかのような美しき雲模様。それらがじわりと、そして全体に、広がっていきます。,[=JP],"Это напоминало белое облачко, создаваемое молоком, когда его наливают в чёрный чай. Оно продолжало растекаться по всему его телу.", Como uma bela nuvem desenhada pelo leite quando derramado sobre o chá preto. Elas lentamente se espalharam e se estenderam por todo o corpo dele.,这简直像是大量倒进红茶里的牛奶描绘出的美丽云彩。它们缓缓地，向全身扩展开来。,這簡直像是大量倒進紅茶裡的牛奶描繪出的美麗雲彩。它們緩緩地，向全身擴展開來。,Era come la bellissima nuvola disegnata dal latte versato nel tè nero. Si sparse e si estese per tutto il suo corpo.,"La sua forma era quella di una bellissima nuvoletta, che il latte compone quando viene versato nel tè nero. Si estese gradualmente, fino a ricoprirlo...", Era como la bella nube dibujada por la leche al ser vertida sobre el té negro. Lentamente se desplegaron y extendieron a través de todo su cuerpo., ﻛﺎﻥ ﻣﺜﻞ ﺍﻟﺴﺤﺎﺑﺔ ﺍﻟﺠﻤﻴﻠﺔ ﺍﻟﺘﻲ ﻳﺮﺳﻤﻬﺎ ﺍﻟﺤﻠﻴﺐ ﻋﻨﺪﻣﺎ ﻳﺴﻜﺐ ﻓﻮﻕ ﺍﻟﺸﺎﻱ ﺍﻷﺳﻮﺩ. ﺗﻔﺸﻰ ﻭﺍﻣﺘﺪ ﻓﻲ ﻛﺎﻣﻞ ﺟﺴﻤﻪ., Siyah çayın içine dökülen sütün çizdiği güzel bulutlar gibiydi. Yavaşça yayılarak tüm vücuduna uzandılar.
,"......As they grew more saturated in color, they seemed to give George increasingly greater pain.","...As it did, it seemed to give George increasingly greater pain. ","......As it did, it seemed to give George increasingly greater pain.",……それらは色濃くなるに従い、譲治に苦痛を与えるようでした。,[=JP],"......Было видно, что это причиняет Джорджу всё большую и большую боль.","......E conforme a cor ficava mais saturada, era como se a dor de George aumentasse cada vez mais.",……颜色变浓的同时，似乎给让治带来了剧烈的痛楚。,……顏色變濃的同時，似乎給讓治帶來了劇烈的痛楚。,"... Facendo ciò, sembrava dare a George un dolore sempre maggiore.","Più esso si inscuriva, più sembrava conferire a George un dolore sempre maggiore.","Y mientras más se saturaban en color, parecía darle a George un dolor cada vez más grande.",......ﻭﻛﻠﻤﺎ ﺍﺯﺩﺍﺩ ﺍﻧﺘﺸﺎﺭﺍ ﺍﺯﺩﺍﺩ ﺟﻮﺭﺝ ﺃﻟﻤﺎ.,"......Renkleri daha koyu hale geldikçe, George'a giderek daha fazla acı veriyor gibiydiler."
,"Looking at those bizarre patterns, ......Battler was petrified as he frantically thought with his pitifully clumsy imagination...about the nature of the strange deaths that George and the others had experienced...","Looking at this bizarre spectacle, ...Battler was petrified as he frantically thought with his pitifully clumsy imagination... about the nature of this strange death George and the rest were experiencing... "," Looking at this bizarre spectacle, ......Battler was petrified as he frantically thought with his pitifully clumsy imagination... about the nature of this strange death George and the rest were experiencing...",その奇怪な模様を見て、……戦人は、譲治たちがどのような奇怪な最期を遂げたのか、哀れなほど拙い想像力で必死に考え、立ち竦みます…。,[=JP],Наблюдая это безумное зрелище...... Баттлер остолбенел и лихорадочно думал своим жалким неуклюжим умишком... о природе странных смертей Джорджа и остальных...,"Olhando para essas bizarras manchas, ......Battler estava petrificado, pensando com sua lamentável e desajeitada imaginação...sobre a natureza das estranhas mortes que George e os outros experimentaram...",看着这古怪的花纹，……战人一动不动地站在那里，以他那贫乏到可悲的想象力拼命思考，让治会迎来何等古怪的临终…。,看著這古怪的花紋，……戰人一動不動地站在那裡，以他那貧乏到可悲的想像力拚命思考，讓治會迎來何等古怪的臨終…。,"Mentre guardava questo spettacolo bizzarro... Battler non fu in grado di muoversi, pensando freneticamente, con la sua immaginazione penosamente impacciata... su che tipo di strana morte George e gli altri stessero sperimentando...","Rimirando questo spettacolo singolare... Battler rimase pietrificato, e in preda alla disperazione, rifletteva, con la sua immaginazione pietosamente scarsa, su quale bizzarra fine George e gli altri fossero andati incontro...","Mirando aquellos extraños patrones, Battler estaba petrificado mientras pensaba frenéticamente con su lamentable torpe imaginación... sobre la naturaleza de las extrañas muertes que George y los demás habían experimentado...",ﺑﻴﻨﻤﺎ ﻧﻈﺮ ﺑﺎﺗﻠﺮ ﺇﻟﻰ ﺍﻟﻤﺸﻬﺪ ﺍﻟﻐﺮﻳﺐ ﻣﺮﻋﻮﺑﺎ، ﺑﺪﺃ ﻳﻔﻜﺮ ﺑﺸﻜﻞ ﺟﻨﻮﻧﻲ ﻣﻊ ﺧﻴﺎﻟﻪ ﺍﻷﺧﺮﻕ ﺍﻟﻤﺜﻴﺮ ﻟﻠﺸﻔﻘﺔ...ﻋﻦ ﻃﺒﻴﻌﺔ ﻫﺬﺍ ﺍﻟﻤﺸﻬﺪ ﻭﺍﻷﻟﻢ ﺍﻟﺬﻱ ﻳﻌﺎﻧﻲ ﻣﻨﻪ ﺟﻮﺭﺝ ﻭﺍﻵﺧﺮﻭﻥ...,"Bu tuhaf desenlere bakan, ......Battler, George ve diğerlerinin yaşadığı garip ölümlerin doğası hakkında...acınacak derecede beceriksiz hayal gücüyle çılgınca düşünürken taş kesilmişti..."
,"Before long, ......that redness reached the nearby Jessica as well......","Eventually, ...that redness reached the nearby Jessica as well... "," Eventually, ......that redness reached the nearby Jessica as well......",やがて、……その赤い模様はさらに隣の朱志香にも……。,[=JP],В конце концов...... пришёл черёд и Джессики покрыться красным...,"Pouco depois, ......aquela vermelhidão chegou a Jessica também......",不久，……这红色纹路甚至出现在了一旁的朱志香身上……。,不久，……這紅色紋路甚至出現在了一旁的朱志香身上……。,Alla fine... quel rossore raggiunse anche la vicina Jessica...,[=ITA],"Poco después, ese enrojecimiento también llegó hasta la próxima Jessica...",ﻓﻲ ﺍﻟﻨﻬﺎﻳﺔ..... ﺍﻧﺘﺸﺮ ﻫﺬﺍ ﺍﻹﺣﻤﺮﺍﺭ ﺣﺘﻰ ﻭﺻﻞ ﺇﻟﻰ ﺟﻴﺴﻴﻜﺎ ﺃﻳﻀﺎ......,"Çok geçmeden, ......bu kırmızılık yakındaki Jessica'ya da ulaştı......"
Ushiromiya Jessica,"""Gah, .........ee.........ack............hh!!""","""Gah, ...eeh, ...ack, ......hh!!"" "," .........eeh, ......ack, ............hh!!""",「く、………ぃ、……く、…………ッ！！」,[=JP],"""Гакх............ экх......... ак............ хнн!!!""",[=UP],「咕，………咿，……咕，…………！！」,[=CN],"Gah... eeh... ack... hh!!""","""Gah... iih... ack...!!""","""¡¡Gah... ee... ack... hh!!""","""...........ﺁﻏﻐﻪ، .........ﺇﺇﻩ،......ﻏﻮﻭ،...........ﺁﻏﻐﻪ!!""",[=UP]
Ushiromiya Battler,"""St‐stop stop stop!!! What did Aniki do, what did Jessica do, just STOOOOOOP!!!""","""S-Stop it, stop it, stop it!!! What did Aniki do, what did Jessica do, just STOP IIIIIIIIIIIIIIIIIT!!!"" ","""S, stop it, stop it, stop it!!! What did Aniki do, what did Jessica do, just STOP IIIIIIIIIIIIIIIIIT!!!""",「や、やめろやめろやめろッ！！！　兄貴が何をした、朱志香が何をした、もうやめろぉおおおおおおぉ！！！」,[=JP],"""П‐перестань, перестань, хватит!!! Что тебе сделал Аники?! Что тебе сделала Джессика?! ПРЕКРАТИ ЭТО‐О‐О!!!""","""Pa‐Pare pare pare!!! O que o aniki fez, o que a Jessica fez, só PAAAAAARE!!!""",「住、住手住手住手啊！！！大哥做了什么，朱志香做了什么啊？快住手啊啊啊啊啊啊啊啊！！！」,「住、住手住手住手啊！！！大哥做了什麼，朱志香做了什麼啊？快住手啊啊啊啊啊啊啊啊！！！」,"""S-Smettila, smettila, smettila!!! Cos'ha fatto George, cos'ha fatto Jessica, ti ho detto di SMETTERLAAAAAAAAAAAAAAAAA!!!""","""S-Smettila smettila smettila!!! Cos'ha fatto George, cos'ha fatto Jessica, ti ho detto di SMETTERLAAAAAAAAAAAAAAAAA!!!""","""¡¡¡P‐Para para para!!! ¿Qué fue lo que hizo Aniki? ¿Qué fue lo que hizo Jessica? ¡¡¡Por favor PARAAAAAA!!!""","""ﻛﻔﻰ، ﻛﻔﻰ، ﻛﻔﻰ!!! ﻣﺎ ﺍﻟﺨﻄﺄ ﺍﻟﺬﻱ ﺍﻗﺘﺮﻓﻪ ﺃﺧﻲ! ﻭﻣﺎﺫﺍ ﻓﻌﻠﺖ ﺟﻴﺴﻴﻜﺎ!! ﺗﻮﻗﻔﻴﻴﻴﻴﻴﻲ!!!""","""Du-Dur dur dur!!! Aniki ne yaptı, Jessica ne yaptı, sadece DURDUR ŞUNUUUUUUUUU!!!"""
Ushiromiya Jessica,"""Ba‐......Battler...... ......Don‐...don't let the witch...break your spirit......! ......Deny her, erase her... As, ......as long as at least one person denies her, she's an illusion that can't exist......! Uuuuughhh, gghhh!!""","""Ba‐ Battler, ...d- don't let the witch ...break your spirit...! ...Deny her, erase her... ...A-As long as at least one person denies her, she's an illusion that can't exist...! Aaaaahhhh, gghhh!!"" ","""B, ......Battler......, ......d, ...don't let the witch, ...break your spirit......! ......Deny her, erase her... A, ......as long as at least one person denies her, she's an illusion that can't exist......! Aaaaahhhh, gghhh!!""",「ば、……戦人……、……ま、…魔女なんかに、…挫けるんじゃねぇぜ……！　……否定しろ、ぶっ消してやれ…。こいつは、……誰かひとりでも否定する限り、存在できない幻影なんだ……！　ううぅううぅ、くぅッ！！！」,[=JP],"""Ба......... Баттлер............ не...... не дай ведьме... сломить твой дух!..... ......Отрицай её... сотри её... Пока...... пока хотя бы один человек отрицает её, она будет иллюзией, которая не может существовать!..... А‐а‐аггх‐х‐х!!!""","""Ba‐......Battler...... ......Nã‐...Não deixe a bruxa...quebrar o seu espírito......! ......Negue‐a, apague‐a... Contanto, ......contanto que exista uma pessoa que a negue, ela é uma ilusão que não pode existir......! Uuuuughhh, gghhh!!""",「战、……战人……，……别、…别向魔女什么的，…示弱……！……否定她，狠狠消灭她…。这家伙，……是只要有一个人否定，就无法存在的幻影啊……！呜呜呜呜呜呜呜，咕啊！！！」,「戰、……戰人……，……別、…別向魔女什麼的，…示弱……！……否定她，狠狠消滅她…。這傢伙，……是只要有一個人否定，就無法存在的幻影啊……！嗚嗚嗚嗚嗚嗚嗚，咕啊！！！」,"""B... Battler... n... non lasciare che la strega... ti faccia perdere d'animo...! Negala, cancellala... f... finché c'è almeno una persona a negarla, lei è un'illusione che non può esistere...! Aaaaahhhh, gghhh!!""","""...B-Battler... n-non lasciare che la strega... ti faccia perdere d'animo...! Negala, disintegrala... F-Finché ci sarà anche solo una persona a negarla, rimarrà un'illusione che non può esistere...! Aaaaahhhh, guuhhh!!""","""Ba‐Battler... ¡No... no dejes que la bruja... rompa tu espíritu! Niégala... bórrala... ¡Mien-Mientras exista tan solo una persona que la niegue, ella es tan solo una ilusión que no puede existir! ¡¡Uuuuughhh, gghhh!!""","""ﺑﺎ،......ﺑﺎﺗﻠﺮ......، ......ﻻ،...ﻻ ﺗﺪﻉ ﺍﻟﺴﺎﺣﺮﺓ،...ﺗﺜﺒﻂ ﻋﺰﻳﻤﺘﻚ......! ......ﺃﻧﻜﺮ ﻭﺟﻮﺩﻫﺎ، ﻭﺍﻣﺢ ﻛﻞ ﺃﺛﺮ ﻟﻬﺎ... .....ﻃﺎﻟﻤﺎ ﺃﻥ ﻫﻨﺎﻙ ﺷﺨﺺ ﻭﺍﺣﺪ ﻳﻨﻜﺮﻫﺎ ﻋﻠﻰ ﺍﻷﻗﻞ، ﻓﺴﺘﻈﻞ ﻣﺠﺮﺩ ﻭﻫﻢ ﻟﻴﺲ ﻟﻪ ﻭﺟﻮﺩ......! ﺁﺁﺁﺁﺁﺁﺁﺁﻩ، ﺁﻏﻐﻪ!!""","""Ba-......Battler...... ......Ca-...Cadının ruhunu...kırmasına izin verme......! ......Onu inkâr et, onu sil... En az, ......bir kişi onu reddettiği sürece, o var olamayan bir illüzyon......! Uuuuughhh, gghhh!!"""
Ushiromiya Battler,"""A‐are you OK, Jessica?!! Whah, A‐Aniki?!?!""","""A-Are you okay, Jessica?!! Whaa, A-Aniki?!?!"" ","""A, are you alright, Jessica?!! Whaa, A, Aniki?!?!""",「だ、大丈夫か朱志香！！　うわッ、あ、兄貴ッ？！？！」,[=JP],"""Т‐ты в порядке, Джессика?!! Чт... А‐Аники?!!""","""V‐Você está bem, Jessica?! Uwah, a‐aniki?!?!""",「还、还好吗朱志香！！呜哇，大、大哥？！？！」,「還、還好嗎朱志香！！嗚哇，大、大哥？！？！」,"""S-Stai bene, Jessica?!! Whaa, A-Aniki?!?!""","""S-Stai bene, Jessica?!! Waaah, f-fratellone?!?!""","""¡¡¿E‐Estás bien, Jessica?!! ¡¡Uah!! ¡¿¡¿A‐Aniki?!?!""","""ﻫﻞ ﺃﻧﺖ ﺑﺨﻴﺮ ﻳﺎ ﺟﻴﺴﻴﻜﺎ؟! ﺃ..ﺃﺧﻲ؟؟!!""","""İ-İyi misin, Jessica?!! Ha, A-Aniki?!?!"""
,"George was no longer shaped like a person. ...He looked like the pile of leftover meat after the good, delicious meat has been scraped off to be cooked.","George was no longer recognizable as a human. ...He looked like the pile of leftover meat after the good, delicious meat has been scraped off to be cooked. ","George was no longer recognizable as a human....He looked like the pile of leftover meat after the good, delicious meat has been scraped off to be cooked.",もう譲治は人の形をしてはいません。…まるで、お料理でおいしいお肉を削いだ後に残した残骸の山のよう。,[=JP],"Джордж больше не походил человека. ...Скорее он напоминал горку мясных отбросов, которая остаётся после того, как срезали всё самое сочное мясо.","George já não tinha mais a forma de uma pessoa. ...Ele parecia uma pilha de restos de carne, depois que a parte boa e deliciosa da carne tinha sido separada para ser cozida.",让治已经不成人形了。…简直就像，把菜品中美味的肉割光后剩下的残骸小山似的。,讓治已經不成人形了。…簡直就像，把菜品中美味的肉割光後剩下的殘骸小山似的。,George non sembrava più un essere umano. ... Assomigliava alla pila di carne avanzata dopo che quella buona e deliziosa era stata separata per essere cucinata.,"George non ricordava più un essere umano... Assomigliava ad un ammasso di scarti raschiati via dalla carne buona, in modo da poterla poi cucinare...",George ya no tenía la forma de una persona. Se veía como una pila de carne de sobra luego de que la buena y deliciosa carne fuese raspada para ser cocinada.,ﻟﻢ ﻳﻌﺪ ﻳﻤﻜﻦ ﺍﻟﺘﻌﺮﻑ ﻋﻠﻰ ﺟﻮﺭﺝ ﻛﺈﻧﺴﺎﻥ. ...ﻟﻘﺪ ﺑﺪﺍ ﻭﻛﺄﻧﻪ ﻛﻮﻣﺔ ﻣﻦ ﺑﻘﺎﻳﺎ ﺍﻟﻠﺤﻢ ﺑﻌﺪ ﺃﻥ ﻗﻄﻊ ﻟﻴﺘﻢ ﻃﻬﻴﻪ.,George artık insan şeklinde değildi. ...İyi ve lezzetli etler pişirilmek üzere ayıklandıktan sonra arta kalan et yığınına benziyordu.
,...The only traces left of his time as a human were the shape of his lower jaw and rib cage.,...The only thing that even resembled a human was the shape of his lower jaw and rib cage. ,"...The only thing that even resembled a human was the shape of his lower jaw and rib cage.",…せいぜい、人の頃の痕跡を残すのは、下顎の部分とあばら骨の形状くらいでしょうか。,[=JP],"...Единственными признаками, указывающими на то, что прежде эта горка являлась человеком, были нижняя челюсть и часть грудной клетки.",...Os únicos traços humanos que haviam restado dessa vez eram de sua mandíbula inferior e sua caixa torácica.,…最多也就只能从下颚骨和肋骨的形状上，看出一点点还是人时的痕迹。,…最多也就只能從下顎骨和肋骨的形狀上，看出一點點還是人時的痕跡。,"... Probabilmente, la sola cosa che assomigliava ad un umano era la forma della sua mandibola e della cassa toracica.",Le sole tracce umane rimaste erano un frammento di una mandibola e la forma di una cassa toracica.,Los únicos rastros de su tiempo como humano era la forma de su mandíbula inferior y caja torácica.,ﺍﻟﺸﻲﺀ ﺍﻟﻮﺣﻴﺪ ﺍﻟﺬﻱ ﺑﻘﻲ ﻳﺸﺒﻪ ﻫﻴﺌﺔ ﺍﻹﻧﺴﺎﻥ ﻫﻮ ﺷﻜﻞ ﺍﻟﻔﻚ ﺍﻟﺴﻔﻠﻲ ﻭﺍﻟﻘﻔﺺ ﺍﻟﺼﺪﺭﻱ.,...İnsan olarak geçirdiği zamandan geriye kalan tek iz alt çenesinin şekli ve göğüs kafesiydi.
,"And it was clear that Jessica, who was covered with a steadily strengthening redness, was approaching the same fate.","And it was clear that Jessica, who was covered with a steadily strengthening redness, was approaching the same fate. "," And it was clear that Jessica, who was covered with a steadily strengthening redness, was approaching the same fate.",そして、赤い模様がどんどん色濃くなる朱志香も、同じ末路を辿ることは明白でした。,[=JP],"И было ясно, что Джессику, по которой всё дальше и сильнее распространялась краснота, ожидала та же участь.","E era claro que a Jessica, que estava coberta por uma vermelhidão cada vez mais forte, estava se aproximando do mesmo destino.",显然，身上红色纹路越来越深的朱志香，也会迎来同样的末路。,顯然，身上紅色紋路越來越深的朱志香，也會迎來同樣的末路。,"Ed era chiaro che Jessica, coperta da un rossore costantemente in aumento, si stava avvicinando alla stessa fine.","Ed era chiaro che Jessica, il cui rossore si stava facendo sempre più scuro, stava per subire lo stesso destino.","Y estaba claro que Jessica, quien estaba cubierta con un enrojecimiento en constante fortalecimiento, se acercaba al mismo destino.",ﻭﻛﺎﻥ ﻣﻦ ﺍﻟﻮﺍﺿﺢ ﺃﻥ ﺟﻴﺴﻴﻜﺎ، ﺍﻟﺘﻲ ﻛﺎﻧﺖ ﻣﻐﻄﺎﺓ ﺑﺎﺣﻤﺮﺍﺭ ﻳﻨﺘﺸﺮ ﺑﺠﺴﺪﻫﺎ، ﻛﺎﻧﺖ ﺗﻘﺘﺮﺏ ﻣﻦ ﻧﻔﺲ ﺍﻟﻤﺼﻴﺮ.,Ve giderek güçlenen bir kırmızılıkla kaplı olan Jessica'nın da aynı kadere yaklaştığı açıktı.
Ushiromiya Maria,"""............Uu. ...Battler. ......Quick, believe in {f:5:Beatrice}... .........If you don't, .........everyone's magic.........will wear off...""","""............Uu. ...Battler. ......Quick, believe in {f:5:Beatrice}... ...If you don't, ...everyone's magic... ...will dissolve..."" ","""............Uu-. ...Battler. ......Quickly, believe in Beatrice... .........If you don't, .........everyone's magic, .........will dissolve...""",「…………うー。…戦人。……早く、ベアトリーチェを信じて…。………じゃないと、………みんなの魔法が、………解けてしまう…。」,「…………うー。…戦人。……早く、ベアトリーチェを信じて…。………じゃないと、………みんなの魔法が、………解けてしまう…」,"""............У‐у. ...Баттлер. ......Быстрей, поверь в {f:5:Беатриче}... .........Если ты не сделаешь этого............ вся магия......... развеется...""","""............Uu. ...Battler. ......Rápido, acredite na {f:5:Beatrice}... .........Se você não acreditar, .........a magia de todos.........vai desaparecer...""",「…………呜——。…战人。……快点，相信贝阿朵莉切…。………不然的话，………大家身上的魔法，………都会解除掉的…」,「…………嗚——。…戰人。……快點，相信貝阿朵莉切…。………不然的話，………大家身上的魔法，………都會解除掉的…」,"""... Uu-. ... Battler. ... Svelto, credi in Beatrice... se non lo fai... la magia di tutti noi... si dissolverà...""","""...Uuh... Battler... Svelto, credi in {f:5:Beatrice}... Se non lo farai... la nostra magia... si dissolverà...""","""Uu. Battler... Rápido, cree en {f:5:Beatrice}... Si no lo haces... la magia de todos... desaparecerá...""","""........ﺃﻭﻭ-. ...ﺑﺎﺗﻠﺮ. ......ﻓﻠﺘﺴﺮﻉ ﻭﺗﺆﻣﻦ ﺏ{f:7:ﺑﻴﺎﺗﺮﻳﺲ}... .........ﺇﻥ ﻟﻢ ﺗﺆﻣﻦ، .........ﻓﺴﻮﻑ ﻳﺒﻄﻞ،.........ﺍﻟﺴﺤﺮ ﻋﻦ ﺍﻟﺠﻤﻴﻊ...""","""............Uu. ...Battler. ......Çabuk, {f:5:Beatrice}'e inan... .........Eğer inanmazsan, .........herkesin büyüsü.........dağılacak..."""
Ushiromiya Battler,"""Ma‐Maria, it's all over your body, too......!!!""","""M-Maria, it's all over your body, too...!!!"" ","""M, Maria, it's all over your body, too......!!!""",「ま、真里亞、お、お前も全身に……ッ！！！」,[=JP],"""М‐Мария, это есть и на твоём теле!.....""","""Ma‐Maria, isso também está sobre todo seu corpo......!!!""",「真、真里亚，你、你的全身也……！！！」,「真、真里亞，你、你的全身也……！！！」,"""M-Maria, anche su tutto il tuo corpo...!!!""","""M-Maria, è-è anche su tutto il tuo corpo...!!!""","""¡¡¡M‐María, está sobre todo tu cuerpo también!!!""","""ﻣـ، ﻣﺎﺭﻳﺎ، ﺟﺴﻤﻚ ﺃﻳﻀﺎ...!""","""Ma-Maria, senin de vücudunun her yerinde var......!!!"""
{f:5:Beatrice},"""I resurrect all the dead with my magic. ......But as long as you don't believe, that magic will hold no true power. *cackle*cackle*cackle*! But I'm sure that a man of your caliber won't be broken by something like this, right...?""","""I revive all the dead with my magic. ...But as long as you don't believe, that magic will hold no true power. *cackle*cackle*cackle*! But I'm sure that a man like yourself won't surrender to something like this, right...?"" ","""I revive all the dead with my magic. ......But as long as you don't believe, that magic will hold no true power. *cackle*cackle*cackle*! But I'm sure that a man like yourself won't surrender to something like this, right...?""",「私は魔法で、全ての死者を蘇らせる。……でも、お前が信じない限り、それは真の力を持たない。くっくっくっくっく！　もっともお前ほどの男が、この程度のことで屈服することはあるまい…？」,「妾は魔法で、全ての死者を蘇らせる。……でも、お前が信じない限り、それは真の力を持たない。くっくっくっくっく！　もっともお前ほどの男が、この程度のことで屈服することはあるまい…？」,"""Я могу оживить всех при помощи магии. ......Но до тех пор, пока ты не поверишь, она не будет иметь настоящей силы. Хи‐хи‐хи. Но бьюсь об заклад, такой человек, как ты, не сдастся так просто, правда?..""","""Eu vou reviver todos com a minha magia. ......Mas se você não acreditar, a magia não terá seu poder verdadeiro. *risos*risos*risos*! Mas eu tenho certeza de que um homem do seu calibre não seria derrotado com algo assim, certo...?""",「妾身用魔法，复苏了所有死者。……但是只要你不信，就没有真正的力量。呵呵呵呵呵！不过你这样的男人，该不会因为这种程度的事就屈服吧…？」,「妾身用魔法，復甦了所有死者。……但是只要你不信，就沒有真正的力量。呵呵呵呵呵！不過你這樣的男人，該不會因為這種程度的事就屈服吧…？」,"""Faccio resuscitare tutti i morti grazie alla mia magia. ... Ma finché tu non credi, non posso mantenere quel potere. *cackle*cackle*cackle*! Ma sono certa che un uomo come te non si arrenderà a una cosa del genere, vero...?""","""Con la mia magia ho riportato tutti i morti in vita... Ma finché tu non crederai, quella magia non avrà veramente effetto. Mhmhmhmhmhmh! Ma sono certa che un uomo come te non si piegherà per una cosa del genere, vero...?""","""Resucito a todos los muertos con mi magia. Pero mientras no creas, esa magia no tendrá ningún poder verdadero. ¡*risita*risita*risita*! Pero estoy segura de que un hombre de tu nivel no se rendirá por algo como esto, ¿cierto?""","""ﺑﺴﺤﺮﻱ ﺃﺳﺘﻄﻴﻊ ﺑﻌﺚ ﻛﻞ ﺍﻟﻤﻮﺗﻰ. ......ﻟﻜﻦ ﻃﺎﻟﻤﺎ ﺃﻧﻚ ﻻ ﺗﺆﻣﻦ، ﻟﻦ ﺗﻜﻮﻥ ﻟﻪ ﺃﻱ ﻗﻮﺓ ﺣﻘﻴﻘﺔ. *ﻗﻬﻘﻬﺔ*ﻗﻬﻘﻬﺔ*ﻗﻬﻘﻬﺔ*! ﻟﻜﻦ ﻃﺒﻌﺎ، ﺭﺟﻞ ﻣﺜﻠﻚ ﻟﻦ ﻳﺴﺘﺴﻠﻢ ﺑﺴﻬﻮﻟﺔ ﻟﻬﺬﺍ ﺍﻟﻘﺪﺭ، ﺃﻟﻴﺲ ﻛﺬﻟﻚ؟""","""Ben büyümle tüm ölüleri diriltiyorum. ......Ama inanmadığın sürece, bu büyünün gerçek bir gücü olmayacak. *cackle*cackle*cackle*! Ama senin kadar nitelikli bir adam böyle bir şeyle yıkılmaz, değil mi...?"""
Ushiromiya Jessica,"""Ba‐...Battler......! We......didn't want to doubt our friends... We refused to face reality, ...and gave in to the witch......! But...I know you... ......I know you won't......give in to that witch......! Geh...ggghh.........gggggghhkkkkkkk!!!""","""Ba‐ Battler...! We... ...didn't want to doubt our friends... We refused to face reality... and gave in to the witch...! But... Battler, you won't... ...won't... give in to the witch...! Geh, ggghh, ...gggggghhkkkkkkk!!!"" ","""B, ...Battler......! We, ......didn't want to doubt our friends... We refused to face reality, ...and gave in to the witch......! But, ...Battler, you won't.........won't, ......give in to the witch......! Geh, ggghh, ......gggggghhkkkkkkk!!!""",「ば、…戦人……ッ！　私たちは、……身内を疑いたくなかった…。現実から目を逸らしたから、…魔女に屈してしまった……！　でも、…戦人なら…。……戦人なら、……魔女になんか屈しない……！　ひぐッ、ぐかかか、……くかかかかかかかッ！！！」,[=JP],"""Б...... Баттлер!..... Мы...... не хотели сомневаться в наших друзьях... Мы отказались смотреть в лицо реальности...... и сдались ведьме!..... Но... я знаю, ты.......... Я знаю, что ты не...... позволишь ведьме одержать верх!..... Гых... гх‐х......... гггккк!!!""","""Ba‐...Battler......! Nós......não queremos duvidar de nossos amigos... Nós nos recusamos a aceitar a realidade...e cedemos à bruxa......! Mas...Eu sei que você... ......Eu sei que você não......cederá à bruxa......! Geh...ggghh.........gggggghhkkkkkkk!!!""",「战、…战人……！我们，……不愿怀疑自家人…。因为不愿直视现实，…所以向魔女屈服了……！但是，…战人的话…。……如果是战人的话，……就不会向区区魔女屈服……！咿咕，咕喀喀喀喀，……咕喀喀喀喀喀喀喀！！！」,「戰、…戰人……！我們，……不願懷疑自家人…。因為不願直視現實，…所以向魔女屈服了……！但是，…戰人的話…。……如果是戰人的話，……就不會向區區魔女屈服……！咿咕，咕喀喀喀喀，……咕喀喀喀喀喀喀喀！！！」,"""B... Battler...! Noi... non volevamo dubitare degli amici... ci siamo rifiutati di guardare in faccia la realtà... e abbiamo ceduto alla strega...! Ma... Battler, tu non... non... ti arrenderai alla strega...! Geh, ggghh... gggggghhkkkkkkk!!!""","""B-Battler...! Noi... Non volevamo dubitare dei nostri parenti... Ci siamo rifiutati di guardare in faccia la realtà... e abbiamo ceduto alla strega...! Ma... Battler... Battler... non cedere all'idea delle streghe...! Gggh, ggghh... Gggggghhkkkkkkk!!!""","""¡Ba‐Battler! Nosotros... no quisimos dudar de nuestros amigos... ¡Nos negamos a enfrentar la realidad, y nos rendimos ante la bruja! Pero... ¡Sé que tú... Sé que tú no te... rendirás ante esa bruja! ¡¡¡Geh... ggghh... gggggghhkkkkkkk!!!""","""ﺑﺎ،...ﺑﺎﺗﻠﺮ......! ﻧﺤﻦ،......ﻟﻢ ﻧﺮﻏﺐ ﻓﻲ ﺍﻻﺷﺘﺒﺎﻩ ﺑﺄﺻﺪﻗﺎﺋﻨﺎ ﻭﻋﺎﺋﻠﺘﻨﺎ... ﻟﻘﺪ ﺃﺷﺤﻨﺎ ﺑﺄﻋﻴﻨﻨﺎ ﻋﻦ ﺍﻟﻮﺍﻗﻊ، ...ﻭﻟﻬﺬﺍ ﺍﺳﺘﺴﻠﻤﻨﺎ ﻭﺁﻣﻨﺎ ﺑﻮﺟﻮﺩ ﺍﻟﺴﺎﺣﺮﺓ......! ﻭﻟﻜﻦ،...ﺃﻧﺖ ﻳﺎ ﺑﺎﺗﻠﺮ... ......ﺃﻧﺖ،......ﻟﻦ ﺗﺴﺘﺴﻠﻢ ﻟﻠﺴﺎﺣﺮﺓ......! ﺁﻏﻎ،ﺁﻏﻐﻪ،......ﻏﻐﻮﻭﻭﻭﻭﻭ!!!""","""Ba-...Battler......! Biz......arkadaşlarımızdan şüphe etmek istemedik... Gerçekle yüzleşmeyi reddettik, ...ve cadıya teslim olduk......! Ama...Battler... ......Battler, senin o cadıya......teslim olmayacağını biliyorum......! Geh...ggghh.........gggggghhkkkkkkk!!!"""
Ushiromiya Battler,"""Jessica, JESSICAAAAA, waaaaAAAAAAAaaaAAAahh!!""","""Jessica, Jessicaaaaaaa, gaaaaaaaaaaaaaaaaaaaaahhhhh!!"" ","""Jessica, Jessicaaaaaaa, waaaaAAAAAAAaaaAAAahh!!""",「朱志香ッ、朱志香ぁぁああぁ、わぁああああああああぁあああぁあッ！！」,[=JP],"""Джессика, Джессик‐а‐а!!! Оа‐а‐а‐а‐а‐а!!!""",[=UP],「朱志香，朱志香————，哇啊啊啊啊啊啊啊啊啊啊啊啊啊啊！！」,[=CN],"""Jessica, Jessicaaaaaaa, waaaaAAAAAAAaaaAAAahh!!""","""Jessica, JESSICAAAA, waaaaaaaaaaaahhhhhhh!!""","""¡¡Jessica, JESSICAAAAA, uaaaaAAAAAAAaaaAAAahh!!""","""ﺟﻴﺴﻴﻜﺎ، ﺟﻴﺴﻴﻴﻴﻴﻴﻴﻴﻜﺎ، ﺁﺁﺁﺁﺁﺁﺁﺁﺁﺁﺁﺁﺁﺁﺁﺁﺁﺁﺁﺁﻩ!!""",[=UP]
,"How sad—Jessica met the same end.{n}...Just like George, she ended up like a butcher's leftovers.","Poor Jessica met the same end. ...Just like George, she ended up like a butcher's leftovers. ","Poor Jessica met the same end....Just like George, she ended up like a butcher's leftovers.",哀れ、朱志香も同じ末路。…譲治と同じ、お肉屋さんの残骸のよう。,哀れ、朱志香も同じ末路。{n}…譲治と同じ、お肉屋さんの残骸のよう。,"Бедную Джессику постигла та же участь.{n}...Как и Джордж, она превратилась в горку мясных отбросов.","Que tristeza — Jessica encontrou o mesmo fim.{n}...Assim como George, ela acabou como as sobras de um açougueiro.",可怜的朱志香，也迎来了同样的结局。{n}…和让治一样，变得仿佛肉店里的残骸一般。,可怜的朱志香，也迎來了同樣的結局。{n}…和讓治一樣，變得仿彿肉店裡的殘骸一般。,"La povera Jessica fece la stessa fine. ... Proprio come George, come se fosse l'avanzo di un macellaio.","La povera Jessica fece la stessa fine... Divenne degli avanzi di un macellaio, proprio come George.","Qué triste. Jessica llegó al mismo fin.{n}Tal como George, terminó como las sobras de un carnicero.",ﻻﻗﺖ ﺟﻴﺴﻴﻜﺎ ﻧﻔﺲ ﺍﻟﻤﺼﻴﺮ.{n}...ﺗﻤﺎﻣﺎ ﻣﺜﻞ ﺟﻮﺭﺝ، ﻛﺎﻥ ﻣﺼﻴﺮﻫﺎ ﻣﺜﻞ ﻣﺨﻠﻔﺎﺕ ﻟﺤﻢ ﺍﻟﺠﺰﺍﺭ.,"Ne kadar üzücü—Jessica da aynı sonla karşılaştı.{n}...Tıpkı George gibi, onun da sonu bir kasabın artıkları gibi oldu."
,"Broken apart, melted, and all mixed up, so you couldn't tell which was George and which was Jessica anymore.","George and Jessica were now so destroyed, melted and mixed up, it was impossible to tell them apart. "," George and Jessica were now so destroyed, melted and mixed up, it was impossible to tell them apart.",崩れて解けて、混じってしまうから、もうどれが譲治で朱志香か、わからない。,[=JP],"Сейчас Джордж и Джессика настолько уничтожены, расплавлены и перемешаны, что их невозможно отличить друг от друга.","Partida ao meio, derretida e misturando tudo, agora você não consegue mais dizer quem era o George e quem era a Jessica.",因为它们碎裂溶解堆在了一起，所以连哪些是让治哪些是朱志香，都已经分不清了。,因為它們碎裂溶解堆在了一起，所以連哪些是讓治哪些是朱志香，都已經分不清了。,"George e Jessica ora erano così distrutti, sciolti e mescolati, che era impossibile distinguerli l'una dall'altro.","Erano così spappolati, disciolti e mescolati insieme tra loro, che era impossibile distinguere dove finisse Jessica, e dove iniziasse George.","Tan destrozada, derretida, y revuelta, que ya no se podía distinguir entre lo que era George o Jessica.",ﻗﻄﻊ ﺟﺴﺪﺍ ﺟﻮﺭﺝ ﻭﺟﻴﺴﻴﻜﺎ ﺇﺭﺑﺎﹰ، ﺛﻢ ﺫﺍﺑﺎ ﻭﺍﻣﺘﺰﺟﺎ، ﻓﺼﺎﺭ ﺍﻟﺘﻤﻴﻴﺰ ﺑﻴﻨﻬﻤﺎ ﻣﺴﺘﺤﻴﻼ.,"Parçalandı, eridi ve hepsi birbirine karıştı, böylece artık hangisinin George hangisinin Jessica olduğunu anlayamıyordunuz."
Ushiromiya Maria,"""...............Battler. Don't cry. ...{f:5:Beatrice} will resurrect the dead over and over. So there's nothing to be sad about... ......So, ............even if we die, we're still.........just......fine—""","""...Battler, don't cry. ...{f:5:Beatrice} will restore the dead over and over. So there's nothing to be sad about... ......So, ......even if we die, we're still... ...just... fine..."" ","""............Battler. Don't cry. ...Beatrice will restore the dead over and over. So there's nothing to be sad about.........So, ............even if we die, we're still, ............just......, fine...""",「……………戦人。泣かないで。…ベアトリーチェは、死者を何度でも蘇らせてくれるよ。だから悲しくないよ…。……だから、…………死んでも、……………平……、気…、」,「……………戦人。泣かないで。…ベアトリーチェは、死者を何度でも蘇らせてくれるよ。だから悲しくないよ…。……だから、………死んでも、………平……、気…、」,"""...............Баттлер. Не плачь... ...{f:5:Беатриче} будет возрождать мёртвых снова и снова. Поэтому здесь не о чем грустить... ......Да............... даже если мы умрём, с нами всё......... будет...... в порядке...""","""...............Battler. Não chore. ...A {f:5:Beatrice} vai reviver os mortos de novo e de novo. Não tem por que ficar triste... ......Por isso, ............mesmo se nós morrermos, nós ainda.........vamos ficar......bem—""",「……………战人。不要哭。…贝阿朵莉切是会让死者复苏的，无论多少次都没问题。所以不用悲伤哦…。……所以，…………死了也，……………没关……，系…」,「……………戰人。不要哭。…貝阿朵莉切是會讓死者復甦的，無論多少次都沒問題。所以不用悲傷哦…。……所以，…………死了也，……………沒關……，系…」,"""... Battler. Non piangere. ... Beatrice resusciterà i morti ancora e ancora. {n}Perciò non è triste... quindi... anche se moriamo, stiamo ancora... tutti... bene...""","""...Battler. Non piangere... {f:5:Beatrice} resusciterà i morti ancora e ancora.{n}Perciò, non essere triste... Perciò... anche se moriremo, andrà tutto... be... ne...""","""Battler. No llores. {f:5:Beatrice} resucitará a los muertos una y otra vez. No hay razón para estar triste... Así que... incluso si morimos, todavía... estamos... bien...""","""............ﺑﺎﺗﻠﺮ. ﻻ ﺗﺒﻚ. ...ﺳﺘﺒﻌﺚ {f:7:ﺑﻴﺎﺗﺮﻳﺲ} ﺍﻟﻤﻮﺗﻰ ﻣﺮﺍﺭﺍ ﻭﺗﻜﺮﺍﺭﺍ. ﻟﺬﺍ ﻻ ﻳﻮﺟﺪ ﺷﻲﺀ ﻟﻨﺤﺰﻥ ﻋﻠﻴﻪ.......ﺇﺫﺍ، ﺣﺘﻰ ﻭﺇﻥ ﻣﺘﻨﺎ...,....ﻓﻼ ﻧﺰﺍﻝ....ﺑﺨﻴﺮ...""","""...............Battler. Ağlama. ...{f:5:Beatrice} ölüleri tekrar tekrar diriltecek. Yani üzülecek bir şey yok... ......Yani, ............ölsek bile, biz.........hala......iyiyiz—"""
,"The redness began eating into the whole of Maria's body... When he saw this, the foolish Battler screamed out loud.",The redness began eating into the whole of Maria's body... The foolish Battler watched and screamed. ,"The redness began eating into the whole of Maria's body... The foolish Battler watched and screamed.",真里亞の全身にも赤い模様がじわりじわりと蝕んでいきます…。それを見て、愚かな戦人は絶叫します。,[=JP],"Покраснения появились по всему телу Марии... Увидев это, глупый Баттлер громко закричал.","A vermelhidão começou a devorar todo o corpo de Maria... Quando ele viu isso, o tolo Battler gritou intensamente.",真里亚的全身也被红色纹路一寸一寸地侵蚀着…。看着真里亚，愚蠢的战人大叫起来。,真里亞的全身也被紅色紋路一寸一寸地侵蝕著…。看著真里亞，愚蠢的戰人大叫起來。,Il rossore cominciò a divorare l'intero corpo di Maria... lo sciocco Battler guardò e si mise a gridare.,"Il rossore divorò man mano l'intero corpo di Maria... Vedendo ciò, lo sciocco Battler gridò:","El enrojecimiento empezó a consumir la totalidad del cuerpo de María... Al ver esto, el tonto Battler gritó bien alto.",ﺑﺪﺃ ﺍﻻﺣﻤﺮﺍﺭ ﻳﺄﻛﻞ ﻓﻲ ﺟﺴﺪ ﻣﺎﺭﻳﺎ ﻛﻠﻪ... ﻭﻛﺎﻥ ﺑﺎﺗﻠﺮ ﺍﻷﺣﻤﻖ ﻳﺸﺎﻫﺪ ﻭﻳﺼﺮﺥ.,"Kızarıklık Maria'nın tüm vücudunu yemeye başladı... Bunu gördüğünde, aptal Battler yüksek sesle çığlık attı."
Ushiromiya Battler,"""You bitch, you won't get away with this, I'll never forgive you!! You call yourself a witch?! You call this magic?! I'll deny you with every last fiber of my being...!! I don't care what happens, there's not a chance in hell I'm ever gonna accept you!! If you want me as an enemy that bad, I'm gonna make sure you get what's coming to you!!""","""I won't forgive you, I'll never forgive you!! A witch?! Magic?! I'll risk my body and soul to deny you...!! No matter what happens, I can't accept you!! Now that you've gone so far to piss me off, I'll never forgive you!!"" ","""I won't forgive you, I'll never forgive you!! A witch!? Magic!? I'd risk my body and soul to deny you...!! No matter what happens, I can't accept you!! Now that you've gone so far to piss me off, I'll never forgive you!! ",「手前ぇは許さねぇ、絶対に許さねぇッ！！　何が魔女だ、何が魔法だ！！　俺は全身全霊を賭けてお前を否定してやるぞ…！！　何が何でも手前ぇを認めるわけにはいかねぇ！！　俺をここまで敵に回しやがった以上、絶対ぇに手前ぇだけは許さねぇ！！,「手前ぇは許さねぇ、絶対に許さねぇッ！！　何が魔女だ、何が魔法だ！！　俺は全身全霊を賭けてお前を否定してやるぞ…！！　何が何でも手前ぇを認めるわけにはいかねぇ！！　俺をここまで敵に回しやがった以上、絶対ぇに手前ぇだけは許さねぇ！！」,"""Сволочь, тебе с рук это не сойдёт, я никогда‐никогда не прощу тебя!!! Зовёшь себя ведьмой, да?! Называешь эту хрень магией?! Я буду рисковать своим телом и душой, чтобы отрицать тебя!.. Что бы ни случилось, да ни за какие коврижки я не признаю тебя!!! Теперь, когда ты, тварь, разозлив меня, зашла так далеко, я никогда тебя не прощу!!!""","""Sua puta, você não vai se safar disso, eu nunca vou te perdoar!! Você se diz ser a porra de bruxa?! Você chama essa merda de magia?! Eu vou negar você até a última fibra do seu ser...!! Eu não me importo com o que vai acontecer, pro inferno que eu vou aceitar você!! Você foi longe demais comigo, sua vadia, você entrou permanentemente na minha lista de filhos da puta de merda!!""",「饶不了你，绝对饶不了你！！什么魔女啊，什么魔法啊！！我要赌上我全身心来把你否定掉…！！我无论如何都不会承认你！！既然这样愚弄我折磨我，那么就算我饶恕任何人，也绝对不会饶恕你！！」,「饒不了你，絕對饒不了你！！什麼魔女啊，什麼魔法啊！！我要賭上我全身心來把你否定掉…！！我無論如何都不會承認你！！既然這樣愚弄我折磨我，那麼就算我饒恕任何人，也絕對不會饒恕你！！」,"""Non ti perdonerò, non ti perdonerò mai!! Una strega!? Magia!? Rischierò il mio corpo e la mia anima per negarti...!! Non importa cosa accada, non posso accettarti!! Dopo avermi reso tuo nemico in questo modo, non ti perdonerò mai!!","""Non ti perdonerò, non ti perdonerò mai!! Ma quali streghe, ma quali magie!!{n}Io ti negherò, dovessi mettere in gioco il mio corpo e la mia anima...!!{n}Non ti riconoscerò mai, costi quel che costi!! Ora che ti sei spinta a tanto per rendermi tuo nemico, non ti perdonerò mai e poi mai!!""","""¡¡Maldita, no te saldrás con la suya, no te perdonaré!! ¡¿Dices ser una bruja?! ¡¿Dices que esto es magia?! ¡¡Te negaré con toda las fibras de mi ser!! ¡¡No importa lo que suceda, no hay forma de que te vaya a aceptar!! ¡¡Si tanto quieres tenerme de enemigo, me aseguraré de que recibas lo que te mereces!!""","""ﻟﻦ ﺃﺳﺎﻣﺤﻚ، ﻟﻦ ﺃﺳﺎﻣﺤﻚ ﺃﺑﺪﺍ!! ﺃﺗﻘﻮﻟﻴﻦ ﻋﻦ ﻧﻔﺴﻚ ﺳﺎﺣﺮﺓ؟! ﺃﺗﺴﻤﻴﻦ ﻫﺬﺍ ﺳﺤﺮﺍ؟! ﺳﺄﻛﺮﺱ ﺟﺴﺪﻱ ﻭﺭﻭﺣﻲ ﻣﻦ ﺃﺟﻞ ﺇﻧﻜﺎﺭ ﻭﺟﻮﺩﻙ...!! ﻻ ﻳﻬﻤﻨﻲ ﻣﺎ ﻳﺤﺪﺙ، ﻻ ﺗﻮﺟﺪ ﺃﻱ ﺍﺣﺘﻤﺎﻟﻴﺔ ﺑﺄﻥ ﺃﺅﻣﻦ ﺑﻚ!! ﺇﺫﺍ ﺃﺭﺩﺗﻴﻨﻲ ﻋﺪﻭﺍ، ﻓﺴﺄﺗﺄﻛﺪ ﺑﺄﻥ ﺃﺭﻳﻚ ﻣﺎ ﺗﺴﺘﺤﻘﻴﻨﻪ!!""","""Seni orospu, bu yanına kalmayacak, seni asla affetmeyeceğim!! Sen kendine cadı mı diyorsun?! Buna büyü mü diyorsun?! Varlığımın her zerresiyle seni reddedeceğim...!! Ne olacağı umurumda değil, seni asla kabul etmeyeceğim!! Eğer beni bu kadar çok düşman olarak görmek istiyorsan, sana hak ettiğini vereceğim!!"""
Ushiromiya Battler,"""I'll get you for this, you're gonna pay for this, you're going to fucking pay!!!! You're gonna regret making Ushiromiya Battler your enemy!! I'll deny you no matter what!! Every last impossible thing, I'll explain it all with ""humans""!!! I'll erase every cell of you from this world!!!""","""I won't forgive, I won't forgive, I definitely won't forgive you!! You'll regret making me, Ushiromiya Battler, your enemy!! I'll deny you no matter what!! No matter how baffling things get, it can all be explained by ""humans""!!! I'll erase every cell of you from this world!!!"" ","I won't forgive, I won't forgive, I definitely won't forgive you!! You'll regret making me, Ushiromiya Battler, your enemy!! I'll deny you no matter what!! No matter how baffling things get, it can all be explained by 'humans'!!! I'll erase every cell of you from this world!!!""",許さねぇ許さねぇ絶対許さねぇ！！　よくもこの右代宮戦人を敵に回しやがったッ！！　何が何でも貴様を否定してやるぞ！！　どんな不可解だろうと全部、“人間”で説明してやるッ！！！　手前ぇをこの世から、細胞の一欠けらまで残さず消し去ってやるッ！！！」,「許さねぇ許さねぇ絶対許さねぇ！！　よくもこの右代宮戦人を敵に回しやがったッ！！　何が何でも貴様を否定してやるぞ！！　どんな不可解だろうと全部、“人間”で説明してやるッ！！！　手前ぇをこの世から、細胞の一欠けらまで残さず消し去ってやるッ！！！」,"""Не прощу, не прощу, ни за что не прощу тебя!!! Ты ещё пожалеешь, что сделала меня — Баттлера Уширомию, своим врагом!!! Я буду отрицать тебя несмотря ни на что!!! Независимо от того, насколько непонятны вещь или явление, я объясню это силами 'людей'!!! Я сотру каждую твою клеточку с лица земли!!!""","""Eu vou pegar você por isso, você vai pagar por isso, você vai pagar por essa merda!!!! Você vai se arrepender de fazer Ushiromiya Battler o seu inimigo!! Eu vou negar você não importa o que aconteça!! Mesmo a coisa mais impossível, eu vou explicar tudo como métodos ""humanos""!!! Eu vou apagar cada célula do seu ser desse mundo!!!""",「饶不了你饶不了你绝对饶不了你！！竟敢与我右代宫战人为敌！！无论如何都要把你否定掉！！无论多么不合理的现象，我全部都会以“人类”来解释清楚！！！把你从这个世界上，连一个细胞都不剩地消灭干净！！！」,「饒不了你饒不了你絕對饒不了你！！竟敢與我右代宮戰人為敵！！無論如何都要把你否定掉！！無論多麼不合理的現象，我全部都會以“人類”來解釋清楚！！！把你從這個世界上，連一個細胞都不剩地消滅乾淨！！！」,"Non ti perdonerò, non ti perdonerò, non ti perdonerò di certo!! Rimpiangerai di aver fatto di me, Ushiromiya Battler, un tuo nemico!! Ti negherò ad ogni costo!! Non ha importanza quanto sia sconcertante, può essere spiegato tutto dagli ‘umani’!!! Cancellerò ogni tua cellula da questo mondo!!!""","""Non ti perdonerò, non ti perdonerò, stai certa che non ti perdonerò!!Rimpiangerai di esserti inimicata Battler Ushiromiya!! Ti negherò ad ogni costo!! Non importa quante cose inspiegabili avverranno, le spiegherò tutte con {i:gli umani}!!! Spazzerò via da questo mondo ogni singola cellula che ti componeee!!!""","""¡¡¡¡Ya verás por esto, me las vas a pagar, definitivamente me las pagarás!!!! ¡¡Te arrepentirás de hacer a Ushiromiya Battler tu enemigo!! ¡¡Te negaré no importa qué!! ¡¡¡Cada cosa imposible, lo explicaré todo con ""humanos""!!! ¡¡¡Borraré cada célula tuya de este mundo!!!""","""ﺳﺄﻋﺎﻗﺒﻚ ﻟﻤﺎ ﻓﻌﻠﺖ، ﺳﺘﺪﻓﻌﻴﻦ ﺛﻤﻦ ﻣﺎ ﻓﻌﻠﺖ، ﺳﺘﺪﻓﻌﻴﻨﻬﺎ ﻏﺼﺒﺎ ﻋﻨﻚ!!! ﺳﺘﺸﻌﺮﻳﻦ ﺑﺎﻟﻨﺪﻡ ﻟﺠﻌﻞ ﺑﺎﺗﻠﺮ ﺃﻭﺷﻴﺮﻭﻣﻴﺎ ﻋﺪﻭﺍ ﻟﻚ!! ﺳﺄﻧﻜﺮ ﻭﺟﻮﺩﻙ ﺇﻟﻰ ﺍﻷﺑﺪ! ﻣﻬﻤﺎ ﺣﺪﺛﺖ ﻣﻦ ﺃﻣﻮﺭ ﻣﺤﻴﺮﺓ، ﺳﺄﺷﺮﺣﻬﺎ ﻛﻠﻬﺎ ﺑﺎﻟﻮﺳﺎﺋﻞ ﺍﻟﺒﺸﺮﻳﺔ!! ﻭﺳﺄﻣﺢ ﻛﻞ ﺃﺛﺮ ﻟﻚ ﻣﻦ ﻫﺬﺍ ﺍﻟﻌﺎﻟﻢ!!""","""Bunu sana ödeteceğim, bunun bedelini ödeyeceksin, sike sike ödeyeceksin!!!! Beni, Ushiromiya Battler'ı düşmanın yaptığına pişman olacaksın!! Ne olursa olsun seni reddedeceğim!! Her imkansız şeyi ""insanlarla"" açıklayacağım!!! Her bir hücreni bu dünyadan sileceğim!!!"""
{f:5:Beatrice},"""You! You speak well, ""Battler""...! That's the kind of thing that can divert me from my thousand years of boredom!""","""Well said! Battler, was it...? That's just the thing to divert me from my thousand years of boredom! ","""Well said, Battler...! That's the kind of thing that can divert me from my thousand years of boredom! ",「よくぞ言ったぞ、戦人とやら…！　それでこそ我が千年の退屈も紛れるというもの！,「よくぞ言ったぞ、戦人とやら…！　それでこそ我が千年の退屈も紛れるというもの！」,"""Хорошо сказано, 'Баттлер'!.. Вот что может отвлечь меня от тысячелетней скуки!""","""Você falou bem, ""Battler""...! Esse é o tipo de coisa que pode acabar com os meus mil anos de tédio!""",「说得真有气势呢，是叫战人吧…！就是这样才能消遣吾千年的无聊呀！」,「說得真有氣勢呢，是叫戰人吧…！就是這樣才能消遣吾千年的無聊呀！」,"""Ben detto Battler...! Questo è il genere di cose che può distrarmi dalla mia noia millenaria!","""Ben detto, Battler, o come cavolo ti chiami! Questo è proprio ciò che mi serve per alleviare la mia noia millenaria!""","""¡Bien dicho, ""Battler""! ¡Este es el tipo de cosas que me divierten de mis mil años de aburrimiento!""","""ﺃﺣﺴﻨﺖ ﺍﻟﻘﻮﻝ ﻳﺎ ﺑﺎﺗﻠﺮ...! ﻫﺬﻩ ﻫﻲ ﺍﻟﻤﺘﻌﺔ ﺍﻟﺘﻲ ﺃﺭﻳﺪﻫﺎ ﺃﻥ ﺗﻤﺤﻮ ﻣﻠﻞ ﺍﻷﻟﻒ ﺳﻨﺔ ﺍﻟﺘﻲ ﻋﺸﺘﻬﺎ!!","""İyi konuşuyorsun, ""Battler""...! Bu beni binlerce yıllık can sıkıntımdan uzaklaştıracak türden bir şey!"""
{f:5:Beatrice},"""Come, explain. Try explaining it all with your so‐called ""human tricks""! And learn how lowly humans are!! Let's see you try to use what humanity has built up in a hundred years to oppose my thousand!! It will make forcing you to submit all the more enjoyable...!!""","Come, explain. Try explaining it all with ""human tricks""! And learn how lowly humans are!! Let's see if what humanity has built up in a hundred years can oppose my thousand years!! That's what will make forcing you to submit so pleasant...!!"" ","Come, explain. Try explaining it all with 'human tricks'! And learn how lowly humans are!! Let's see if what humanity has built up in a hundred years can oppose my thousand years!! That's what will make forcing you to submit so pleasant...!! ",さぁ、説明するがいい。“人間とトリック”とやらで説明してみせるがいい！　そして人間の身の程を知るがいい！！　我が千年を、人間共が築いたとかいう百年で太刀打ちできるか試してみるがいいッ！！　それでこそお前を屈服させる楽しみが増すというものよ…！！,「さぁ、説明するがいい。“人間とトリック”とやらで説明してみせるがいい！　そして人間の身の程を知るがいい！！　我が千年を、人間共が築いたとかいう百年で太刀打ちできるか試してみるがいいッ！！　それでこそお前を屈服させる楽しみが増すというものよ…！！」,"""Давай, объясни. Попробуй объяснить всё это 'людскими трюками'! И осознай, как ничтожны люди!!! Давай посмотрим, сможет ли то, что человечество накопило за сотню лет, противостоять моей тысяче! Вот поэтому заставить тебя сдаться будет так приятно!..""","""Vamos, explique. Tente explicar tudo isso com aquilo que você chama de ""truques humanos""! E aprenda o quão inferiores são os humanos!! Vamos ver você tentar usar o que a humanidade desenvolveu em cem anos contra os meus mil anos!! Isso vai obrigá‐lo a apresentar tudo de forma mais agradável...!!""",「来呀，来解释一下吧。把你所谓的“人类和诡计”，都说来听听呀！然后好好弄清人类有几斤几两！！用人类共同筑成的百年，能否与吾之千年交手，你尽管试试吧！！就是这样才更添让你屈服的乐趣呀…！！」,「來呀，來解釋一下吧。把你所謂的“人類和詭計”，都說來聽聽呀！然後好好弄清人類有幾斤幾兩！！用人類共同築成的百年，能否與吾之千年交手，你儘管試試吧！！就是這樣才更添讓你屈服的樂趣呀…！！」,"Su, spiega. Prova a spiegare tutto quanto con i ‘trucchi umani’! E riconosci quanto gli umani siano inferiori!! Vediamo se ciò che l'umanità è riuscita a costruire in un centinaio di anni può opporsi ai miei mille!! Questo è ciò che renderà così piacevole il costringerti a sottometterti...!!","""Avanti, spiega pure. Prova a spiegare tutto con i tuoi cosiddetti {i:trucchi umani}!{n}E impara qual è il posto degli esseri umani!! Vediamo se ciò che l'umanità è riuscita a costruire in un secolo potrà contendere contro i miei mille anni!!{n}Tutto ciò mi fa venire ancora più voglia di sottometterti...!!""","""Vamos, explica. ¡Intenta explicarlo todo con tus ""trucos humanos""! ¡¡Y aprende lo inferiores que son los humanos!! ¡¡Veamos cómo intentas usar lo que la humanidad ha construido en cien años para oponerte a mis mil!! ¡¡Hará el obligarte a someterte incluso más agradable!!""",ﻫﻴﺎ ﻓﺴﺮ ﻟﻲ. ﺣﺎﻭﻝ ﺷﺮﺡ ﻛﻞ ﻣﺎ ﺣﺼﻞ ﺑﺎﺳﺘﺨﺪﺍﻡ ‘ﺍﻟﺤﻴﻞ ﺍﻟﺒﺸﺮﻳﺔ‘! ﺃﺭﻳﺪﻙ ﺃﻥ ﺗﻌﻠﻢ ﻭﺿﺎﻋﺔ ﺍﻟﺒﺸﺮ!! ﻟﻨﺮ ﻣﺎﺫﺍ ﺳﻴﻔﻌﻞ ﺍﻟﺒﺸﺮ ﺑﻤﺌﺔ ﻋﺎﻡ ﻣﻦ ﺍﻟﺤﻴﻞ ﺃﻣﺎﻡ ﺍﻷﻟﻒ ﺳﻨﺔ ﺍﻟﺘﻲ ﻋﺸﺘﻬﺎ!! ﻫﺬﻩ ﻫﻲ ﺍﻟﻤﺘﻌﺔ ﺍﻟﺘﻲ ﺗﺠﻌﻠﻨﻲ ﺃﺟﺒﺮﻙ ﻋﻠﻰ ﺍﻟﺨﻀﻮﻉ...!,"""Hadi, açıkla. Sözde ""insan numaraları"" ile her şeyi açıklamaya çalış! Ve insanların ne kadar aşağılık olduğunu öğren!! İnsanlığın yüz yılda biriktirdiklerini benim bin yılıma karşı kullanmayı dene de görelim!!! Bu seni boyun eğmeye zorlamayı daha da zevkli hale getirecek...!!!"""
{f:5:Beatrice},"""So tell me, ""Battler""! What about Maria's letter? How the six were killed? The shutter? The receipt seal? The locked room with the chain? Kanon in the boiler room? Genji and the others in the parlor?! Natsuhi's suicide?! The riddle of the epitaph?! The location of the hidden gold?!""","""So tell me, you who call yourself Battler! What about Maria's letter? How the six were killed? The shutter? The receipt's seal? The closed room with the chain? Kanon in the boiler room? Genji and the others in the lounge?! Natsuhi's suicide?! The riddle of the epitaph?! The location of the hidden gold?!"" ","So tell me, Battler! What about Maria's letter? How the six were killed? The shutter? The receipt's seal? The closed room with the chain? Kanon in the boiler room? Genji and the others in the lounge?! Natsuhi's suicide?! The riddle of the epitaph?! The location of the hidden gold?! ",さぁ聞こう、戦人とやら！　真里亞の手紙は？　６人の殺し方は？　シャッターは？　レシートの封印は？　チェーンの密室は？　嘉音のボイラー室は？　源次たちの客間は？！　夏妃の自殺は？！　碑文の謎は？！　隠された黄金の在り処は？！,「さぁ聞こう、戦人とやら！　真里亞の手紙は？　６人の殺し方は？　シャッターは？　レシートの封印は？　チェーンの密室は？　嘉音のボイラー室は？　源次たちの客間は？！　夏妃の自殺は？！　碑文の謎は？！　隠された黄金の在り処は？！」,"""Расскажи мне, 'Баттлер'! Что насчёт письма Марии? Как убили шестерых? А дверь в кладовую? Случай с чеком? Комната с дверью на цепочке? Канон в котельной? Генджи и остальные в гостиной?! Самоубийство Нацухи?! Загадка эпитафии?! Место, где спрятано золото?!""","""Então me diga, ""Battler""! E quanto à carta da Maria? Como os seis foram mortos? O {i:shutter}? O recibo que serviu de selo? O quarto fechado com a corrente? A morte do Kanon na sala da caldeira? A morte do Genji e dos outros na sala de visitas?! O suicídio da Natsuhi?! O enigma do epitáfio?! A localização do ouro?!""",「战人是吧，来回答试试！真里亚的信是怎么回事？杀死六人的方法是什么？卷闸门呢？收据的封印呢？链条锁的密室呢？嘉音所在的锅炉室呢？源次等人所在的客厅呢？！夏妃的自杀呢？！碑文之谜呢？！藏金的地点呢？！」,「戰人是吧，來回答試試！真里亞的信是怎麼回事？殺死六人的方法是什麼？卷閘門呢？收據的封印呢？鏈條鎖的密室呢？嘉音所在的鍋爐室呢？源次等人所在的客廳呢？！夏妃的自殺呢？！碑文之謎呢？！藏金的地點呢？！」,"Allora dimmi, Battler! Che ne dici della lettera di Maria? Come sono stati uccisi i sei? La saracinesca? Il sigillo dello scontrino? La stanza chiusa con la catena? Kanon nel locale caldaia? Genji e gli altri nel salotto?! Il suicidio di Natsuhi?! L'enigma dell'epigrafe?! L'ubicazione dell'oro nascosto?!","""Allora dimmi, ‘Battler’! Che mi dici della lettera di Maria? Come sono stati uccisi i sei? E la saracinesca? E il sigillo dello scontrino? E la camera chiusa con la catenella? E Kanon nella sala caldaie? E Genji e gli altri nel salotto?! E il suicidio di Natsuhi?! E l'enigma dell'epigrafe?! E l'ubicazione dell'oro nascosto?!""","""¡Así que dime, ‘Battler’! ¿Qué tal acerca de la carta de María? ¿Cómo fueron asesinados los seis? ¿La persiana? ¿El sello del sobre? ¿La habitación cerrada con la cadena? ¿Kanon en la sala de calderas? ¡¿Genji y los demás en el salón?! ¡¿El suicidio de Natsuhi?! ¡¿El acertijo del epitafio?! ¡¿La ubicación del oro oculto?!""",ﺃﺧﺒﺮﻧﻲ ﻳﺎ ﺑﺎﺗﻠﺮ! ﻛﻴﻒ ﺗﻔﺴﺮ ﺭﺳﺎﻟﺔ ﻣﺎﺭﻳﺎ؟ ﻭﻣﻘﺘﻞ ﺍﻟﺴﺘﺔ ﺍﻷﻭﺍﺋﻞ؟ ﻭﻣﺎﺫﺍ ﻋﻦ ﺑﻮﺍﺑﺔ ﺍﻟﻤﺴﺘﻮﺩﻉ؟ ﻭﺍﻹﻳﺼﺎﻝ؟ ﻭﺍﻟﻐﺮﻓﺔ ﺍﻟﻤﺆﻣﻨﺔ ﺑﺎﻟﺴﻠﺴﻠﺔ؟ ﻣﻮﺕ ﻛﺎﻧﻮﻥ ﻓﻲ ﻏﺮﻓﺔ ﺍﻟﺴﺨﺎﻥ؟ ﻭﻣﻮﺕ ﻗﻴﻨﺠﻲ ﻭﺍﻵﺧﺮﻳﻦ ﻓﻲ ﺍﻟﺼﺎﻟﺔ؟ ﻭﺍﻧﺘﺤﺎﺭ ﻧﺎﺗﺴﻮﻫﻲ؟ ﻭﺃﺣﺠﻴﺔ ﺍﻟﻤﺮﺛﻴﺔ؟ ﻣﻮﻗﻊ ﺍﻟﺬﻫﺐ ﺍﻟﻤﺨﻔﻲ؟,"""Söyle bakalım, ""Battler""! Maria'nın mektubu? Altı kişi nasıl öldürüldü? Kepenk? Fiş mührü? Zincirli kilitli oda? Kazan dairesindeki Kanon? Genji ve salondaki diğerleri?! Natsuhi'nin intiharı?! Kitabenin bilmecesi?! Saklı altının yeri?!"""
{f:5:Beatrice},"""Come, Battler, why don't you show me the power of ""humans""?! Fuhahahahaha{0}ha{0}ha{0}ha{0}ha{0}ha{0}ha{0}ha{0}ha{0}ha{0}ha{0}hahaha!!!""","""Yes, Battler, why don't you show me the power of ""humans""?! Fuhahahahahahahahahahahahahahahahahaha!!!"" ","So, Battler, why don't you show me the power of 'humans'?! Fuhahahahahahahahahahahahahahahahahaha!!!""",さぁ、戦人とやら、“人間”の力を見せてもらおうではないかッ！　ふっはははははははははははははははははは！！！」,「さぁ、戦人とやら、“人間”の力を見せてもらおうではないかッ！　ふっはははははははははははははははは！！！」,"""Итак, Баттлер, почему бы тебе не показать мне силу 'людей'?!{n}Ха‐ха‐ха‐ха‐ха‐ха‐ха‐ха‐ха‐ха‐ха‐ха‐ха‐ха‐ха‐ха‐ха‐ха!!!""","""Vamos, ""Battler"", por que não me mostra o poder dos ""humanos""?! Fuhahahahaha{0}ha{0}ha{0}ha{0}ha{0}ha{0}ha{0}ha{0}ha{0}ha{0}ha{0}hahaha!!!""",「来呀，战人是吧，就让吾看看“人类”的力量吧！呼哈哈哈哈哈哈哈哈哈哈哈哈哈哈哈哈哈！！！」,「來呀，戰人是吧，就讓吾看看“人類”的力量吧！呼哈哈哈哈哈哈哈哈哈哈哈哈哈哈哈哈哈！！！」,"Allora, Battler, perché non mi mostri il potere degli ‘umani’?! Fuhahahahahahahahahahahahahahahahahaha!!!""","""Avanti, ‘Battler’, perché non mi mostri il potere degli {i:umani}?!{n}Fuhahahahaha{0}ha{0}ha{0}ha{0}ha{0}ha{0}ha{0}ha{0}ha{0}ha{0}ha{0}hahah!!!""","""¡Vamos, Battler, ¿por qué no me muestras el poder de los ""humanos""?! ¡¡¡Fujajajajaja{0}ja{0}ja{0}ja{0}ja{0}ja{0}ja{0}ja{0}ja{0}ja{0}ja{0}jajaja!!!""","ﺇﺫﻥ ﻳﺎ ﺑﺎﺗﻠﺮ، ﺩﻋﻨﻲ ﺃﺷﻬﺪ ﻗﻮﺓ 'ﺍﻟﺒﺸﺮ'؟ ﻓﻮﻫﺎﻫﺎﻫﺎﻫﺎﻫﺎ{0}ﻫﺎ{0}ﻫﺎ{0}ﻫﺎ{0}ﻫﺎ{0}ﻫﺎ{0}ﻫﺎ{0}ﻫﺎ{0}ﻫﺎ{0}ﻫﺎ{0}ﻫﺎﻫﺎﻫﺎﻫﺎﻫﺎﻫﺎﻫﺎﻫﺎﻫﺎ!!""","""Evet, Battler, bana neden ""insanların"" gücünü göstermiyorsun?! Fuhahahahaha{0}ha{0}ha{0}ha{0}ha{0}ha{0}ha{0}ha{0}ha{0}ha{0}ha{0}hahaha!!!"""
Ushiromiya Battler,"""OoooooOOOOOOooooooooooOOOOOOOOohh!!!""","""Aaaaaaaaaaaaaaaaaahhhhhhhhhhhhh!!!"" ","""OoooooOOOOOOooooooooooOOOOOOOOohh!!!""",「うをおぉおおおぉおおおおおおおおおおおおおおおおおぉッッ！！！」,[=JP],"""О‐о‐о‐о‐о‐о‐о‐о‐о‐о!!!""",[=UP],「呜哦哦哦哦哦哦哦哦哦哦哦哦哦哦哦哦哦哦哦哦哦哦哦哦哦！！！」,「嗚哦哦哦哦哦哦哦哦哦哦哦哦哦哦哦哦哦哦哦哦哦哦哦哦哦！！！」,[=UP],"""Waaaaaaaaaaaaaaaaaaahhhhhhhhhhhhh!!!""","""¡¡¡OoooooOOOOOOooooooooooOOOOOOOOohh!!!""","""ﺃﻭﻭﻭﻭﻭﻭﻭﻭﻭﻭﻭﻭﻭﻭﻭﻭﻭﻭﻭﻭﻭﻭﻭﻭﻭﻭﻭﻭﻭﻭﻭﻭﻭﻩ""",[=UP]
