Speaker,Umineko Project (UP),Steam - Umineko Project (ST),Original Witch Hunt (OG),PC Japanese (JP),PS3 Japanese - Censored (JPC),Russian (RU),Brazilian Portuguese (PT),Chinese Simplified (CN),Chinese Traditional (CHT),Italian - Ars Magica - Old (ITA),Spanish (ES),Arabic (AR)
Ushiromiya Ange,"""Amakusa, could you turn that off?""","""Amakusa, could you turn that off?"" ",[=UP],「天草、それ切ってくれる？」,[=JP],"""Амакуса, сделай одолжение, выключи, а?""","""Amakusa, poderia desligar isso?""",「天草，能把它关了吗？」,「天草，能把它關了嗎？」,"""Amakusa, puoi spegnerla?""","""¿Amakusa, podrías apagar eso?""","""ﻫﻼّ ﺃﻃﻔﺄﺗﻪ ﻳﺎ ﺃﻣﺎﻛﻮﺳﺎ؟"""
Amakusa Juuza,"""Whoops, my bad. You don't like {nobr:M. Zakky}?""","""Whoops, my bad. You don't like M. Zakky?"" ","""Whoops, my bad.  You don't like M. Zakky?""",「おっと、そりゃ失礼。Ｍ・ザッキーはお嫌いで？」,[=JP],"""Ой‐ой, пардон, виноват. Вам не нравится {nobr:М. Закки}?""","""Opa, eu peço desculpas. Não gosta do {nobr:M. Zakky}?""",「哦，抱歉。您讨厌 {c:86EF9C:M.Zakky}？{c:86EF9C:（详见魔导书同名条目）}」,「哦，抱歉。您討厭 {c:86EF9C:M.Zakky}？{c:86EF9C:（詳見魔導書同名條目）}」,"""Whoops, scusa. Non ti piace M. Zakky?""","""Uuups, perdón. ¿No te gusta {nobr:M. Zakky}?""","ﻋﺬﺭًﺍ، ﻫﺬﺍ ﺧﻄﺌﻲ.""ﺃﻻ ﺗﺤﺒُّﻴﻦ ﺇﻡ. ﺯﻛِّﻲ؟"
Ushiromiya Ange,"""I'm just not in the mood.""","""I'm just not in the mood."" ",[=UP],「今が気分じゃないだけ。」,「今が気分じゃないだけ」,"""Просто я не в настроении.""","""Só não estou no clima.""",「只是这会儿没心情罢了。」,「只是這會兒沒心情罷了。」,"""Non sono dell'umore adatto.""","""Es solo que no estoy de humor.""","""ﻟﺴﺖُ ﻓﻲ ﻣﺰﺍﺝٍ ﻟﺬﻟﻚ ﻓﺤﺴﺐ."""
,Amakusa turned the radio off.,Amakusa turned the radio off. ,[=UP],天草がラジオを切る。,[=JP],Амакуса выключил радио.,Amakusa desligou o rádio.,天草关掉了收音机。,天草關掉了收音機。,Amakusa spense la radio.,Amakusa apagó la radio.,ﺃﻃﻔﺄ ﺃﻣﺎﻛﻮﺳﺎ ﺍﻟﻤﺬﻳﺎﻉ.
,"The world of cheery sounds was immediately swallowed up by the roar of the sea, and blotted out by the ocean's gray......",The world of cheery sounds was immediately swallowed up by the roar of the sea... and blotted out by the ocean's gray... ,[=UP],陽気な音の世界はたちまち潮騒に飲み込まれ、海の灰色で塗り潰してしまった……。,[=JP],"Мир весёлых звуков тут же поглотил шум моря, а океан закрасил его своей серостью...","O mundo repleto de sons joviais imediatamente foi engolido pelo rugido do mar, tingido pelo cinza do oceano......",轻快之音的世界立即被波涛声吞没，被大海的灰色所掩盖……。,輕快之音的世界立即被波濤聲吞沒，被大海的灰色所掩蓋……。,"Il mondo di suoni allegri fu immediatamente inghiottito dal ruggito del mare, e cancellato dal grigio dell'oceano...","El mundo de los sonidos alegres fue absorbido inmediatamente por el rugido del mar, y fue manchado por el océano gris...", ﻓﺎﺑﺘﻠﻊ ﻫﺪﻳﺮ ﺍﻟﺒﺤﺮ ﻋﻠﻰ ﺍﻟﻔﻮﺭ ﻋﺎﻟَﻢ ﺍﻷﺻﻮﺍﺕ ﺍﻟﻤُﺒﺘﻬﺞ.......ﻭﻃﻤﺴﻪ ﺭﻣﺎﺩﻱُّ ﺍﻟﻤﺤﻴﻂ.
Captain Kawabata,""".........See it? Over there's where the harbor was at the time.""","""......Can you see it? Over there's where the harbor was at the time."" ",""".........Can you see it?  Over there's where the harbor was at the time.""",「………見えるかい。あの辺が当時の船着場だ。」,「………見えるかい。あの辺が当時の船着場だ」,""".........Ты видишь? Там, где тогда была гавань.""",""".........Consegue ver? Lá é onde ficava o porto.""",「………看得到不？那边就是当时的码头。」,「………看得到不？那邊就是當時的碼頭。」,"""... Riesce a vederlo? Lì è dove al tempo c'era il molo.""","""... ¿Pueden verlo? Por ahí estaba el puerto en esa época.""","ﺃﺗﺮﻳﻨﻪ.........؟ ﻫﻨﺎﻙ ﻛﺎﻥ ﺍﻟﻤﻴﻨﺎﺀ ﺁﻧﺬﺍﻙ."""
Ushiromiya Ange,"""..............................""","""............"" ","""........................""",「…………………………。」,「…………………………」,[=OG],[=UP],[=JPC],[=JPC],"""...""",[=ITA],[=UP]
,"The boat captain pointed, but I couldn't really recall how it looked twelve years ago.","The boat captain pointed, but I couldn't really recall that scene of 12 years ago. ","The boat captain pointed, but I couldn't really recall that scene of 12 years ago.",船長が指差すが、１２年も前の光景は、なかなか蘇らない。,[=JP],"Капитан катера указал мне, но я никак не могла вспомнить сцену двенадцатилетней давности.","O capitão do barco apontou, mas eu não consegui lembrar muito bem como ele se parecia doze anos atrás.",虽然船长在指给我看，但十二年前的情景就是浮现不起来。,雖然船長在指給我看，但十二年前的情景就是浮現不起來。,"Il capitano della barca indicò, ma non riuscii davvero a ricordare quella scena di 12 anni fa.","El capitán del barco lo señaló, pero yo no recordaba realmente cómo era hace doce años.", ﺃﺷﺎﺭ ﺭﺑَّﺎﻥ ﺍﻟﻘﺎﺭﺏ، ﻭﻟﻜﻨِّﻲ ﻟﻢ ﺃﺳﺘﻄﻊ ﺣﻘًﺎ ﺗﺬﻛﺮ ﻣﻈﻬﺮﻩ ﻗﺒﻞ 21 ﻋﺎﻣًﺎ.
,"......I had believed that my memories of back then would come flooding back into my mind, ...but no memories were coming back to me at all.","...I thought I'd surely be able to immediately remember how things had been at the time, ...but no memories came back to me. ","......I had believed that I would surely be able to immediately remember how things had been at the time, ...but no memories came back to me.",……てっきり、こういうものは見る見る溢れるように当時のことを思い出せるに違いないと信じていたが、…一向に当時の記憶は戻らない。,[=JP],"......Я полагала, что, несомненно, смогу сразу вспомнить, как всё было тогда, но воспоминания пока так и не вернулись ко мне.","......Eu pensei que minhas memórias voltariam inundando minha mente, ...mas nenhuma memória está voltando para mim.",……我本以为，越是看这些东西，当时的事一定越能如潮水般涌入脑海，…但此刻，当时的记忆却一点都没回来。,……我本以為，越是看這些東西，當時的事一定越能如潮水般涌入腦海，…但此刻，當時的記憶卻一點都沒回來。,... Avevo creduto che sarei stata sicuramente capace di ricordare subito come le cose erano al tempo... ma non mi è tornato alcun ricordo.,... Creía que mis recuerdos de entonces volverían a mi mente... pero no me regresó ningún recuerdo., ﻛﻨﺖُ ﺃﻋﺘﻘﺪ ﺃﻥَّ ﺫﻛﺮﻳﺎﺗﻲ ﻋﻦ ﺫﻟﻚ ﺍﻟﻮﻗﺖ ﺳﺘﻨﻬﻤﺮ ﻋﻠﻰ ﺫﻫﻨﻲ ﺗﺪﻓُّﻘًﺎ...... ﻟﻜﻦ ﻟﻢ ﺗﻌﺪ ﺇﻟﻲَّ ﺃﻳَّﺔ ﺫﻛﺮﻯ ﻋﻠﻰ ﺍﻹﻃﻼﻕ...
,"After the incident, the island was sealed off and left to the wild.","After that incident, the island was sealed off and left to the wild. ","After that incident, the island was sealed off and left to the wild.",あの事件以来、島は封印され荒れるに任されている。,[=JP],После того инцидента остров оказался закрытой местностью и одичал.,"Depois do incidente, a ilha foi selada e deixada à ruína.",自那起事件以来，岛被封印、荒废了十多年。,自那起事件以來，島被封印、荒廢了十多年。,"Dopo quell'incidente, l'isola fu isolata e lasciata inselvatichire.","Después de ese incidente, la isla fue cerrada y se dejó por su cuenta.", ﺧُﺘﻤﺖ ﺍﻟﺠﺰﻳﺮﺓ ﻭﺗُﺮﻛﺖ ﻟﻠﺒﺮﺍﺭﻱ ﺇﺛﺮ ﺍﻟﺤﺎﺩﺛﺔ.
,"......Probably that's understandable, I had to tell myself, to stop myself from feeling somehow...sad and hurt.","...I couldn't satisfy myself with the thought that this was just inevitable, and it felt sad and painful for some reason. ","......That was probably reasonable as well, but being unable to satisfy myself, ...was sad and painful for some reason.",……それも無理からぬことだろうと、自分を納得させないと、…なぜか悲しくて辛かった。,[=JP],"......Такого, впрочем, вполне следовало ожидать, но от этой неудачи на душе у меня почему‐то стало горько и больно.","......Eu não consegui satisfazer a mim mesma de que isso era inevitável...e, por algum motivo, me senti triste e deprimida.",……若是不对自己说“这也是没办法的事”，…就会不禁悲从中来。,……若是不對自己說“這也是沒辦法的事”，…就會不禁悲從中來。,"... Anche questo è piuttosto logico, ma incapace di soddisfarmi... per qualche ragione fu triste e doloroso.",... No podía convencerme de que esto era inevitable... y por alguna razón me sentía triste y deprimida., ﺭﺑﻤﺎ ﻫﺬﺍ ﺃﻣﺮٌ ﻻ ﻣﻔﺮ ﻣﻨﻪ، ﻛﺎﻥ ﻋﻠﻲّ ﺃﻥ ﺃﻗﻨﻊ ﻧﻔﺴﻲ ﺑﺬﻟﻚ، ﻭﺇﻻ…ﻟﺸﻌﺮﺕُ ﺑﺤﺰﻥ ﻭﺃﻟﻢ ﻏﺮﻳﺒﻴﻦ......
,".........Ah, but I at least remember one thing.","......Ah, but I at least remember one thing. ",[=UP],………あぁ、でも、これだけは覚えてる。,[=JP],".........Ах, но, по‐крайней мере, я помнила одну вещь.",".........Ah, mas ao menos de uma coisa eu lembro.",………啊——，不过，有样东西还记得。,………啊——，不過，有樣東西還記得。,"... Ah, ma almeno ricordo una cosa.","... Ah, pero al menos recuerdo una cosa.", ﻟﻜﻨﻨﻲ ﻋﻠﻰ ﺍﻷﻗﻞ ﺃﺗﺬﻛﺮ ﺷﻴﺌًﺎ ﻭﺍﺣﺪًﺍ.........
,"You could say that it would probably be the same anywhere on the sea, ......but at least this one thing, I do remember.","You might say that it'd probably be the same anywhere on the sea, ...but I remember at least one thing. ","You could say that it would probably be the same anywhere on the sea, ......but I remember at least one thing.",海ならどこでも同じだろうと言われればそれまでだが、……これだけは覚えてる。,[=JP],"Такие звуки, наверное, можно услышать где угодно на море, но эта деталь врезалась мне в память.","Você poderia dizer que isto é igual em qualquer parte do mar, ......ao menos lembro disso.",虽说在海上的任何地方，这都是一样的，……但这个我还记得。,雖說在海上的任何地方，這都是一樣的，……但這個我還記得。,Si potrebbe dire che probabilmente è uguale in ogni parte del mare... ma ricordo almeno una cosa.,"Se podría decir que es lo mismo en cualquier parte del mar... pero al menos esto, sí lo recuerdo.", ﻗﺪ ﻳﻘﻮﻝ ﻗﺎﺋﻞ ﺇﻥ ﻛﻞ ﺍﻟﺒﺤﺎﺭ ﻣﺘﺸﺎﺑﻬﺔ، ......ﻭﻟﻜﻨﻲ ﻋﻠﻰ ﺍﻷﻗﻞ ﺃﺗﺬﻛﺮ...
,The cries...of the seagulls. I do remember those.,The cries... of the seagulls. I do remember...those. ,The cries...of the seagulls.I do remember...those.,うみねこの、鳴き声。これだけは、覚えている。,[=JP],Крики... чаек. Я помню... их.,O choro...das gaivotas. Eu lembro dele.,海猫的，鸣叫声。仅此一样，还记得。,海貓的，鳴叫聲。僅此一樣，還記得。,Il verso... dei gabbiani. Me lo ricordo... quello.,El llanto... de las gaviotas. Eso sí... lo recuerdo., ﻧﻮﺍﺡ... ﺍﻟﻨﻮﺍﺭﺱ. ﻫﺬﺍ ﻣﺎ ﻟﻦ ﺃﻧﺴﺎﻩ ﺃﺑﺪًﺍ.
,......I almost never went to the ocean when I was young.,"...When I was young, I rarely went to the ocean. ","......When I had been young, I'd rarely gone to the ocean.",……幼かった私にとって、海は滅多に行かない場所。,[=JP],"......Когда я была маленькой, мне редко доводилось плавать по океану.",......Eu quase nunca fui à praia quando era criança.,……对幼年时的我来说，大海是极少有机会去的地方。,……對幼年時的我來說，大海是極少有機會去的地方。,"... Quando ero piccola, raramente andavo verso l'oceano.","... Cuando era más joven, rara vez iba al océano.", ﺑﺎﻟﻜﺎﺩ ﻛﻨﺖُ ﺃﺫﻫﺐ ﺇﻟﻰ ﺍﻟﻤﺤﻴﻂ ﻓﻲ ﺻﻐﺮﻱ......
,"...So, to me, everything that symbolized the ocean meant Rokkenjima, and my family getting together.",...So everything that symbolized the ocean meant Rokkenjima and a family gathering to me. ,...So everything that symbolized the ocean meant Rokkenjima and a family gathering to me.,…だから、海にかかわる記号の全ては、六軒島と親族の集まりを意味した。,[=JP],"Поэтому всем, с чем у меня ассоциировался океан, были Роккенджима и семейное собрание.","...Por isso, para mim, tudo que simboliza o oceano era Rokkenjima, e minha família se reunindo.",…所以，与海有关的所有记号，全都意味着六轩岛、亲戚聚会。,…所以，與海有關的所有記號，全都意味著六軒島、親戚聚會。,... Quindi ogni cosa che simboleggiava l'oceano per me significava Rokkenjima e la riunione della famiglia.,"... Así que, para mí, todo lo que simbolizaba el océano significaba Rokkenjima y una reunión familiar.", ﻟﺬﺍ ﻛﺎﻥ ﻛﻞُّ ﻣﺎ ﺭُﻣِﺰ ﺇﻟﻰ ﺍﻟﻤﺤﻴﻂ ﻳﻌﻨﻲ ﻟﻲ ﺭﻭﻛﻴﻨﺠﻴﻤﺎ، ﻭﻟﻢَّ ﺷﻤﻞ ﻋﺎﺋﻠﺘﻲ...
,"In short, ......it was a symbol for the happiness of going out with my family.","In short, ...it was a symbol for the happiness of going out with my family. ",[=UP],早い話が、……家族でお出掛けという幸せの記号だったわけだ。,[=JP],"В общем, он являлся символом счастливого времени, проводимого с моей семьёй.","Resumindo, ......sair com a minha família simbolizava a felicidade.",简单来讲，……它们就是代表着一家人出门玩的，幸福的记号。,簡單來講，……它們就是代表著一家人出門玩的，幸福的記號。,In breve... era il simbolo della felicità di uscire con la mia famiglia.,En resumen... era un símbolo de la felicidad de salir con mi familia., ﺑﺎﺧﺘﺼﺎﺭ، ......ﻛﺎﻥ ﺭﻣﺰًﺍ ﻟﺴﻌﺎﺩﺓ ﺍﻟﺨﺮﻭﺝ ﻣﻊ ﻋﺎﺋﻠﺘﻲ.
,"However, at this point in time, it even seems doubtful whether that was happiness at all.","However, at this point in time, it seems doubtful whether that even was happiness. ","However, at this point in time, it seems doubtful whether that even was happiness.",もっとも、今となっては、その幸せ、というのも疑わしい。,[=JP],"Однако теперь я начинаю сомневаться, а было ли то время счастьем.","Antigamente, e até hoje, essa felicidade parece duvidosa.",不过说到底，到了现在，就连这幸福都显得挺可疑的。,不過說到底，到了現在，就連這幸福都顯得挺可疑的。,"Tuttavia, a questo punto, sembra persino messo incerto se quella fosse felicità.","Sin embargo, en este momento, me resulta dudoso si eso siquiera era felicidad.", ﻭﻣﻊ ﺫﻟﻚ، ﻓﻲ ﻫﺬﺍ ﺍﻟﻮﻗﺖ، ﺑﺎﺕ ﻣﻦ ﺍﻟﻤﺸﻜﻮﻙ ﻓﻴﻪ ﺇﻥ ﻛﺎﻧﺖ ﺗﻠﻚ ﺳﻌﺎﺩﺓً ﺃﺻﻼً.
,"In my younger days, the trip had felt like a relaxed family vacation, but considering my parents' situation at the time, it was surely a very difficult trip to handle, with the distribution of the inheritance filling the place with the smell of flaring tempers and fuses about to blow.","In my younger days, the trip had felt like a relaxed family vacation, but considering my parents' situation at the time, it was surely a very difficult trip to handle, with the distribution of the inheritance filling the place with the smell of gunpowder. ","In my younger days, the trip had felt like a relaxed family vacation, but considering my parents' situation at the time, it was surely a very difficult trip to handle, with the distribution of the inheritance filling the place with the smell of gunpowder.",幼い私には気楽な家族旅行気分だったが、両親たちの当時の都合から想像するならば、遺産分配で火薬の臭いが立ち込める、さぞや世知辛い旅行だったに違いない。,[=JP],"В дни, когда я была гораздо моложе, такая поездка воспринималась мною как отдых вместе с семьёй, однако теперь, принимая во внимание ситуацию, с которой приходилось иметь дело моим родителям, я понимаю, каким испытанием это было для них, сидящих на пороховой бочке под названием делёжка наследства.","Na minha infância, a viagem era algo como férias para a família descansar, mas considerando a situação dos meus pais na época, era realmente uma viagem muito difícil de se fazer, com o assunto da distribuição da herança preenchendo o lugar, com o cheiro de ânimos acirrados como pólvora.",虽然幼小的我无忧无虑地把这当成了家庭旅行，但从当时双亲的近况上来想，这想必是趟因遗产分配一事而充满了火药味的艰辛之旅吧。,雖然幼小的我無憂無慮地把這當成了家庭旅行，但從當時雙親的近況上來想，這想必是趟因遺產分配一事而充滿了火藥味的艱辛之旅吧。,"Nella mia giovinezza, il viaggio sembrava come una vacanza di famiglia, ma considerando la situazione dei miei genitori al tempo, di certo era un viaggio molto difficile da gestire, con la distribuzione dell'eredità che riempiva il posto con l'odore della polvere da sparo.","En mi juventud, el viaje me parecía unas relajadas vacaciones familiares, pero teniendo en cuenta la situación de mis padres en aquel momento, seguramente era un viaje difícil de manejar, con la distribución de la herencia llenando el lugar con olor a pólvora.", ﺑﺎﻟﻨﺴﺒﺔ ﻟﻲ ﻛﻄﻔﻠﺔ، ﻛﺎﻧﺖ ﻣﺠﺮﺩ ﺭﺣﻠﺔ ﻋﺎﺋﻠﻴﺔ ﻣﻤﺘﻌﺔ، ﻭﻟﻜﻦ ﺑﺎﻟﻨﻈﺮ ﺇﻟﻰ ﻇﺮﻭﻑ ﻭﺍﻟﺪﻱّ ﻓﻲ ﺫﻟﻚ ﺍﻟﻮﻗﺖ، ﻓﻼ ﺑﺪ ﺃﻧﻬﺎ ﻛﺎﻧﺖ ﺭﺣﻠﺔ ﻗﺎﺳﻴﺔ ﺗﻔﻮﺡ ﻣﻨﻬﺎ ﺭﺍﺋﺤﺔ ﺍﻟﺒﺎﺭﻭﺩ ﺑﺴﺒﺐ ﺗﻘﺴﻴﻢ ﺍﻟﻤﻴﺮﺍﺙ.
,"I can remember giggling all over the place, completely ignorant of my parents' feelings...","I can remember giggling all over the place, completely ignorant of my parents' feelings... ",[=UP],親の気持ちなど知りもせず、きゃっきゃと浮かれていた当時を、思い出す…。,[=JP],"Я помню, как всюду хихикала, совершенно не понимая их положения и чувств.","Eu consigo me lembrar de ficar rindo por todos os cantos, completamente ignorante dos sentimentos dos meus pais...",我想起了自己当时不知父母心事，瞎高兴的情景…。,我想起了自己當時不知父母心事，瞎高興的情景…。,"Riesco a ricordami che andavo in giro ridacchiando, ignorando completamente i sentimenti dei miei genitori...","Recuerdo haber estado riendo por todo el lugar, ignorando completamente lo que sentían mis padres...", ...ﺃﺗﺬﻛﺮ ﻛﻴﻒ ﻛﻨﺖ ﺃﻟﻬﻮ ﻭﺃﻣﺮﺡ ﻭﻗﺘﻬﺎ، ﺟﺎﻫﻠﺔً ﺑﻤﺸﺎﻋﺮ ﻭﺍﻟﺪﻱّ...
Amakusa Juuza,"""Rokkenjima, ......is it. The beginning of everything, and the last stop for all journeys.""","""...Rokkenjima, huh? The place of all beginnings, and the end of the line for all journeys."" ","""Rokkenjima, ......is it.  The beginning of everything, and the last stop for all journeys.""",「六軒島、……ですかい。全ての始まりで、全ての旅の終着駅ってわけだ。」,「六軒島、……ですかい。全ての始まりで、全ての旅の終着駅ってわけだ」,"""Роккенджима, значит... Начало всего и последняя остановка всех путешествий.""","""Rokkenjima, ......está logo ali. O início de tudo, a última parada de todas as jornadas.""",「六轩岛，……么？它既是一切的开端，也是一切旅程的终点啊。」,「六軒島，……麼？它既是一切的開端，也是一切旅程的終點啊。」,"""Rokkenjima... eccola. L'inizio di tutto, e l'ultima fermata di tutto il viaggio.""","""Rokkenjima... eh. El comienzo de todo y la última parada de todos nuestros viajes.""","""ﺭﻭﻛﻴﻨﺠﻴﻤﺎ، ......ﺇﺫًﺍ. ﻫﻨﺎ ﺑﺪﺃ ﻛﻞُّ ﺷﻲﺀ، ﻭﻫﻨﺎ ﺗﻨﺘﻬﻲ ﻛﻞُّ ﺍﻟﺮﺣﻼﺕ."""
,Amakusa tried too hard in an attempt to speak for my innermost feelings.,"Amakusa, in an attempt to speak for my innermost feelings, tried to sound cool. ","Amakusa, in an attempt to speak for my innermost feelings, tried to sound cool.",天草は、私の胸中を代弁したつもりになって、格好付けた言い方をする。,[=JP],"Амакуса, стремясь выразить мои потаённые чувства, пытался звучать важно.","O Amakusa se esforçou na tentativa de falar com os meus mais íntimos sentimentos, tentando parecer legal.",天草为代言我的心里话，故意耍帅地说道。,天草為代言我的心裡話，故意耍帥地說道。,"Amakusa, in un tentativo di parlare ai miei sentimenti più profondi, provò a sembrare figo.","Amakusa, en un intento de hablar por mis sentimientos, trataba de sonar genial.", ﺣﺎﻭﻝ ﺃﻣﺎﻛﻮﺳﺎ ﺟﺎﻫﺪًﺍ ﺃﻥ ﻳﺘﺤﺪَّﺙ ﻋﻦ ﻣﺸﺎﻋﺮﻱ ﺍﻟﺪَّﻓﻴﻨﺔ.
,"The boat slowly rounded the island. ......As the angle changed, I hoped that my memories of the island's silhouette at the time might come back just a little, but in the end, even as the inlet was completely hidden by the cliffs, I wasn't able to remember anything...","The boat slowly rounded the island. ...I hoped that viewing it at a different angle might bring back my memories of the island's silhouette at the time just a little, but in the end, even when that inlet was hidden completely by cliffs, I wasn't able to remember anything... ","The boat slowly rounded the island.......As the angle changed, I hoped that my memories of the island's silhouette at the time might come back just a little, but in the end, even though the inlet was completely hidden by cliffs, I wasn't able to remember anything...",船はゆっくりと島を回りこんでいく。……角度が変われば、当時の島影の記憶が少しは戻るだろうかと期待したが、結局、その入り江が完全に崖に隠れても、何も思い出すことは出来なかった…。,[=JP],"Катер медленно обогнул остров. Пока менялся угол обзора, я надеялась, что мои воспоминания о силуэте острова в то время вернутся хотя бы отчасти, но в итоге, хоть небольшой залив и оказался полностью скрыт скалами, я так ничего и не вспомнила.","O barco lentamente deu a volta na ilha. ......Conforme o ângulo mudava, eu esperava que minhas memórias do formato da ilha naquela época voltassem ao menos um pouco, mas no fim, mesmo a enseada estava completamente escondida pelos penhascos, e não fui capaz de lembrar de nada...",船在慢慢地绕岛航行。……虽然我在期待着，换下角度，也许就能稍微找回点对当时岛影的记忆，但结果，直到海湾完全被峭壁挡住了，也还是什么都没能想起来…。,船在慢慢地繞島航行。……雖然我在期待著，換下角度，也許就能稍微找回點對當時島影的記憶，但結果，直到海灣完全被峭壁擋住了，也還是什麼都沒能想起來…。,"La barca circumnavigò l'isola. ... Come cambiava angolo, speravo che i miei ricordi della sagoma dell'isola al tempo potessero riaffiorarmi un poco, ma alla fine, nonostante l'insenatura fosse completamente nascosta dalle scogliere, non fui capace di ricordare niente...","El barco poco a poco se acercaba a la isla... A medida que cambiaba el ángulo, esperaba que mis recuerdos de la silueta de la isla en aquel momento regresaran solo un poco, pero al final, aunque la ensenada estaba completamente oculta por los acantilados, no fui capaz de recordar nada...", ﺩﺍﺭ ﺍﻟﻘﺎﺭﺏ ﺣﻮﻝ ﺍﻟﺠﺰﻳﺮﺓ، ﺗﻤﻨﻴﺖ ﺃﻥ ﺃﺳﺘﻌﻴﺪ ﺑﻌﻀًﺎ ﻣﻦ ﺫﻛﺮﻳﺎﺕ ﻣﻼﻣﺢ ﺍﻟﺠﺰﻳﺮﺓ ﻣﻊ ﺗﻐﻴﺮ ﺍﻟﺰﺍﻭﻳﺔ،...... ...ﻭﻟﻜﻦ ﻓﻲ ﺍﻟﻨﻬﺎﻳﺔ، ﻭﺣﺘﻰ ﺑﻌﺪ ﺃﻥ ﺍﺧﺘﻔﻰ ﺍﻟﻤﻴﻨﺎﺀ ﺗﻤﺎﻣًﺎ ﺧﻠﻒ ﺍﻟﻤﻨﺤﺪﺭﺍﺕ، ﻟﻢ ﺃﺳﺘﻄﻊ ﺗﺬﻛُّﺮ ﺃﻱِّ ﺷﻲﺀ.
Ushiromiya Ange,"""......Captain, that thing you mentioned...about the other harbor...please tell me about it.""","""...Captain, please tell me... about that other harbor you mentioned."" ",[=UP],「……船長、さっきの。もう一つの船着場の話を聞かせてください。」,「……船長、さっきの。もう一つの船着場の話を聞かせてください」,""".....Капитан, насчёт той вещи, о которой вы упоминали — о другой гавани. Пожалуйста, расскажите о ней поподробней.""","""......Capitão, aquilo que você mencionou...sobre o outro porto...por favor, me fale sobre ele.""",「……船长。请再说一遍，刚才讲的另一个码头的事吧。」,「……船長。請再說一遍，剛才講的另一個碼頭的事吧。」,"""... Capitano, quella cosa che ha nominato... sull'altro molo... per favore me ne parli.""","""... Capitán, eso que mencionó... acerca del otro puerto... por favor, hábleme de ello.""", ...ﺃﻳُّﻬﺎ ﺍﻟﺮُّﺑﺎﻥ، ﺫﻟﻚ ﺍﻟﺸﻲﺀ ﺍﻟﺬﻱ ﺫﻛﺮﺗﻪ...... ﻋﻦ ﺍﻟﻤﺮﻓﺄ ﺍﻵﺧﺮ...ﺃﺭﺟﻮﻙ ﺃﺧﺒﺮﻧﻲ ﻋﻨﻪ.
Captain Kawabata,"""Mmhm. .........They say Rokkenjima's only got one harbor. But that's only its outward appearance.""","""Sure. ......Rokkenjima supposedly has only one harbor. But that's only for public appearances."" ","""Hmmm.  .........Rokkenjima supposedly has only one harbor.  But that's only it's public appearance.""",「うむ。………六軒島には、船着場は一つしかないことになっとる。だがそれは表向きだ。」,「うむ。………六軒島には、船着場は一つしかないことになっとる。だがそれは表向きだ」,"""Хм‐м‐м. .......На Роккенджиме предположительно имелась лишь одна гавань. Но это официально для широкой публики.""","""Mmhm. .........Dizem que Rokkenjima tinha apenas um porto. Mas isso era apenas para aparência externa.""",「嗯。………六轩岛上，说是只有一个码头。但是，这是表面上的。」,「嗯。………六軒島上，說是只有一個碼頭。但是，這是表面上的。」,"""Hmmm. ... Rokkenjima apparentemente ha solo un molo. Ma questo è solo ciò che è di dominio pubblico.""","""Mmm... Rokkenjima supuestamente solo tiene un puerto. Pero eso es solo para las apariencias públicas.""", ﺣﺴﻨًﺎ، ......ﻳُﻘﺎﻝ ﺇﻥَّ ﺭﻭﻛﻴﻨﺠﻴﻤﺎ ﻻ ﺗﻤﻠﻚ ﺇﻻ ﻣﺮﻓﺄً ﻭﺍﺣﺪًﺍ. ﻟﻜﻦ ﺫﻟﻚ ﻫﻮ ﺍﻟﻈﺎﻫﺮ ﻓﻘﻂ.
Ushiromiya Ange,"""An extra hidden harbor on the back of the island. .........That's Rokkenjima all over. It has a second face, which no one knows about...""","""On the back of the island, there's another hidden harbor. ......Like Rokkenjima itself. It has a second face, which no one knows about..."" ","""On the back of the island, there's another hidden harbor.  .........Like Rokkenjima itself.  It has a second face, which no one knows about...""",「島裏の、もうひとつの隠された船着場。………六軒島そのものね。誰も知らない２つ目の、もう一つの顔がある…。」,「島裏の、もうひとつの隠された船着場。………六軒島そのものね。誰も知らない２つ目の、もう一つの顔がある…」,"""Позади острова есть другая, скрытая гавань. ......Как и с самим Роккенджимой. Второе лицо, о котором никто не знает...""","""Tem um porto extra escondido na parte de trás da ilha. .........Isto é Rokkenjima. Ela tem uma segunda face, uma na qual ninguém conhece...""",「在岛背面，还有另一个隐藏着的码头。………的确是六轩岛呢。拥有着无人知晓的第二张脸…」,「在島背面，還有另一個隱藏著的碼頭。………的確是六軒島呢。擁有著無人知曉的第二張臉…」,"""Sul retro dell'isola, c'è un altro molo nascosto. ... Come Rokkenjima stessa. {n}Ha una seconda faccia, che nessuno conosce...""","""En la parte trasera de la isla, hay otro puerto escondido... Esto es Rokkenjima. Tiene una segunda cara, de la cual nadie sabe..."""," ""ﻣﺮﻓﺎٌ ﺧﻔﻲٌّ ﺇﺿﺎﻓﻲٌّ ﻓﻲ ﺍﻟﺠﻬﺔ ﺍﻟﺨﻠﻔﻴﺔ ﻣﻦ ﺍﻟﺠﺰﻳﺮﺓ. ......ﻫﺬﻩ ﺍﻟﺠﺰﻳﺮﺓ، ...ﻟﻬﺎ ﻭﺟﻪٌ ﺛﺎﻥٍ، ﻻ ﻳﻌﻠﻢ ﻋﻨﻪ ﺃﺣﺪ."
Captain Kawabata,"""............Rokkenjima is an island in the possession of the Ushiromiya family. But it has another face, as an island owned by Kinzo‐san personally......""","""......Rokkenjima is an island owned by the Ushiromiya family. But it has another face, as an island owned by Kinzo‐san personally......"" ","""............Rokkenjima is an island in the possession of the Ushiromiya family.  But it has another face, as an island owned by Kinzo-san personally......""",「…………六軒島は、右代宮家の領有する島だ。だが、金蔵さん個人が所有する島、というもうひとつの顔がある……。」,「…………六軒島は、右代宮家の領有する島だ。だが、金蔵さん個人が所有する島、というもうひとつの顔がある……」,"""............Роккенджима является островом, принадлежащим семье Уширомия. Но у него есть другое лицо, как у острова, являющегося личной собственностью Кинзо...""","""............Rokkenjima era uma ilha sob posse da família Ushiromiya. Mas em sua outra face, era uma ilha pessoal que pertencia ao Kinzo‐san......""",「…………六轩岛是属于右代宫家的岛。但是，与此同时，它还有着作为金藏先生个人所有的岛的另一张脸……」,「…………六軒島是屬於右代宮家的島。但是，與此同時，它還有著作為金藏先生個人所有的島的另一張臉……」,"""... Rokkenjima è un'isola in possesso della famiglia Ushiromiya. Ma ha un altro volto, come un isola di proprietà personale di Kinzo-san...""","""... Rokkenjima es una isla en posesión de la familia Ushiromiya. Pero tiene otra cara, como una isla personal propiedad de Kinzo-san...""","""......ﺭﻭﻛﻴﻨﺠﻴﻤﺎ ﺟﺰﻳﺮﺓٌ ﻣﻠﻚٌ ﻟﻌﺎﺋﻠﺔ ﺃﻭﺷﻴﺮﻭﻣﻴﺎ. ......ﻭﻟﻜﻦ ﻟﻬﺎ ﻭﺟﻪٌ ﺁﺧﺮ، ﺑﺎﻋﺘﺒﺎﺭﻫﺎ ﺟﺰﻳﺮﺓً  ﻳﻤﻠﻜﻬﺎ ﻛﻴﻨﺰﻭ-ﺳﺎﻥ ﺷﺨﺼﻴًﺎ."""
Amakusa Juuza,"""One island, two harbors, two mansions, ......is it. He sure spent a lot just so he could keep a mistress.""","""So this island...has two harbors and two mansions. He sure spent a lot just to keep a mistress."" ","""So this island, ...has two harbors and two mansions.  He sure spent a lot just so that he could keep a mistress.""",「一つの島、二つの船着場、二つの屋敷、……ですかい。愛人を囲うためだけに、ずいぶんとカネを掛けたもんだ。」,「一つの島、二つの船着場、二つの屋敷、……ですかい。愛人を囲うためだけに、ずいぶんとカネを掛けたもんだ」,"""Значит, на этом острове существует две гавани и два особняка. Немало же он времени потратил всего лишь на содержание любовницы.""","""Uma ilha, dois portos, duas mansões, ......é isso? Ele realmente investiu muito apenas para manter sua amante.""",「一个岛，两个码头，两幢宅邸，……么？还真是为金屋藏娇花了血本啊。」,「一個島，兩個碼頭，兩幢宅邸，……麼？還真是為金屋藏嬌花了血本啊。」,"""Quindi questa isola... ha due moli e due ville. Lui ha sicuramente speso molto in modo da poter mantenere un'amante.""","""Entonces esta isla... tiene dos puertos y dos mansiones. Sí que gastó mucho solo para poder mantener a una amante.""","""ﺟﺰﻳﺮﺓٌ ﻭﺍﺣﺪﺓ ﻋﻠﻴﻬﺎ ﻣﺮﻓﺂﻥ ﻭﻗﺼﺮﺍﻥ، ......ﺇﺫًﺍ.  ﻟﻘﺪ ﺃﻧﻔﻖ ﺃﻣﻮﺍﻻً ﻃﺎﺋﻠﺔً ﺑﺤﻖ ﻟﻠﺘﻄﻮﻳﻖ ﻋﻠﻰ ﻋﺸﻴﻘﺘﻪ."""
Ushiromiya Ange,"""Who knew about this other harbor...?""","""Who knew about this other harbor...?"" ","""And who knew about this other harbor...?""",「もう一つの船着場のことを知る人間は…？」,[=JP],"""И кто же знал о существовании другой гавани?""","""Quem mais sabe sobre o outro porto...?""",「有多少人知道另一个码头…？」,「有多少人知道另一個碼頭…？」,"""E chi era a conoscenza di questo molo...?""","""¿Quiénes sabían de este otro puerto?..."""," ""ﻣﻦ ﻛﺎﻥ ﻳﻌﻠﻢ ﺑﺄﻣﺮ ﻫﺬﺍ ﺍﻟﻤﺮﻓﺄ ﺍﻵﺧﺮ...؟"""
Captain Kawabata,"""Not many. Kinzo‐san, Genji‐san the butler. Those of us involved with the boats, and a very small number of the oldest servants. ......The last owner of the Nanjo clinic and that Kumasawa baa‐san knew as well. Naming 'em off like this makes it sound like there were a bunch of 'em, but I tell you now, it was only a very small number who knew.""","""Very few. Kinzo-san, the butler Genji-san. Those of us involved with the boats, and a very small number of the oldest servants. ...Both the previous owner of the Nanjo clinic and that Kumasawa baa-san knew. Naming them off like this makes it sound like there were quite a few, but basically, there was a small number of people who knew."" ","""Very few.  Kinzo-san, the butler Genji-san.  Those of us involved with the boats, and a very small number of the oldest servants.  ......Both the previous owner of the Nanjo clinic and that Kumasawa baa-san knew.  Naming them off like this makes it sound like there were quite a few, but in any event, there was a small number of people who knew.""",「限られとる。金蔵さん、執事の源次さん。わしら、船の関係者、高齢の使用人がほんの数人だ。……南條診療所の先代先生も熊沢のバアさんも知っとった。数えりゃ結構いるような気がするが、とにかく知っている人間はわずかだった。」,「限られとる。金蔵さん、執事の源次さん。わしら、船の関係者、高齢の使用人がほんの数人だ。……南條診療所の先代先生も熊沢のバアさんも知っとった。数えりゃ結構いるような気がするが、とにかく知っている人間はわずかだった」,"""Мало кто. Кинзо‐сан, дворецкий Генджи‐сан. Те из нас, кто управлял суднами, а также очень узкий круг старших слуг. ......Также среди посвящённых числились предыдущий владелец Клиники Нанджо и старушка Кумасава. Если считать поименно, выходит не так много людей, но на любом собрании всегда был кто‐то, кто бы знал.""","""Poucos. O Kinzo‐san, o Genji‐san, o mordomo. Nós que cuidamos dos barcos, e um seleto grupo de pessoas dentre os serviçais mais antigos. ......O último dono da Clínica Nanjo e aquela Kumasawa baa‐san também sabem. Nomeando eles assim faz parecer que um monte de gente sabe, mas como eu disse, é apenas um pequeno número de pessoas.""",「有限。金藏先生，源次管家。我们跑船人。寥寥数位高龄佣人。……还有，南条诊所的上代大夫与熊泽阿婆也知道。虽然一一举出来就感觉有不少，但总之是只有一小部分人知道。」,「有限。金藏先生，源次管家。我們跑船人。寥寥數位高齡傭人。……還有，南條診所的上代大夫與熊澤阿婆也知道。雖然一一舉出來就感覺有不少，但總之是只有一小部分人知道。」,"""Molto pochi. Kinzo-san, il maggiordomo Genji-san. Noi delle barche, e un numero molto piccolo di domestici vecchi. ... Sia il precedente proprietario della clinica Nanjo e quella Kumasawa baa-san lo sapevano. Nominarli in questo modo fa sembrare che ce ne fossero un po', ma ad ogni modo, era davvero piccolo il numero delle persone che ne era a conoscenza.""","""No muchos. Kinzo-san, el mayordomo Genji-san. Los que estamos involucrados con los barcos, y un número muy reducido de los sirvientes más antiguos. El anterior dueño de la Clínica Nanjo y esa abuela Kumasawa también lo sabían. Nombrarlos así hace que parezca que eran bastantes, pero básicamente, había un pequeño número de personas que lo sabían."""," ""ﻟﻴﺲ ﺍﻟﻜﺜﻴﺮﻭﻥ. ﻛﻴﻨﺰﻭ-ﺳﺎﻥ، ﻭﻛﺒﻴﺮ ﺍﻟﺨﺪﻡ ﻗﻴﻨﺠﻲ-ﺳﺎﻥ. ﻭﻣﻦ ﻟﻬﻢ ﺻﻠﺔٌ ﺑﺎﻟﻘﻮﺍﺭﺏ ﻣﻨﺎ، ﻭﺑﻌﺾ ﺍﻟﺨﺪﻡ ﺍﻟﻤﺴﻨﻴﻦ.  ......ﺑﺎﻹﺿﺎﻓﺔ ﺇﻟﻰ ﺍﻟﻄﺒﻴﺐ ﻧﺎﻧﺠﻮ ﺍﻷﺏ، ﻭﺍﻟﺠﺪﺓ ﻛﻮﻣﺎﺳﺎﻭﺍ. ﻗﺪ ﻳﺒﺪﻭ ﺍﻟﻌﺪﺩ ﻛﺒﻴﺮًﺍ ﻋﻨﺪﻣﺎ ﺃﻋﺪﻫﻢ، ﻟﻜﻦ ﻋﻠﻰ ﺃﻱ ﺣﺎﻝ، ﻛﺎﻥ ﻋﺪﺩ ﻣﻦ ﻳﻌﺮﻓﻮﻥ ﻗﻠﻴﻼً ﺟﺪًﺍ."""
Ushiromiya Ange,"""Please...tell me about that other mansion.""","""Please...tell me about that other mansion."" ",[=UP],「その、もう一つの屋敷について教えて下さい。」,「その、もう一つの屋敷について教えて下さい」,"""Прошу вас... поведайте мне о том другом особняке.""","""Por favor...conte sobre a outra mansão.""",「可否谈谈那另一幢宅邸？」,「可否談談那另一幢宅邸？」,"""Per favore... mi parli dell'altra villa.""","""Por favor... cuénteme sobre la otra mansión."""," ""ﺃﺧﺒﺮﻧﻲ...ﺭﺟﺎﺀً ﻋﻦ ﺫﻟﻚ ﺍﻟﻘﺼﺮ ﺍﻵﺧﺮ."""
Captain Kawabata,"""......All's I was told is there's a mansion called Kuwadorian. Wasn't allowed to leave the boat, so I never once saw the place, though.""","""...I was only told that there was a mansion called Kuwadorian. Since I wasn't allowed to leave the boat, I never saw it, not even once."" ","""......I was only told that there was a mansion called Kuwadorian.  Since I wasn't permitted to leave the boat, I never saw it, not even once.""",「……九羽鳥庵、っちゅう名前のお屋敷があるとだけは聞かされとった。わしは船を離れることを許されんかったから、一度も見たことはないが。」,「……九羽鳥庵、っちゅう名前のお屋敷があるとだけは聞かされとった。わしは船を離れることを許されんかったから、一度も見たことはないが」,""".....Мне лишь рассказывали, что существовал особняк, называющийся Кувадориан. Поскольку мне не разрешалось покидать судно, мне так и не довелось хоть разок увидеть его.""","""......Tudo o que fiquei sabendo é que havia uma mansão chamada Kuwadorian. Nunca foi permitido que eu deixasse o barco, por isso nunca cheguei a ver ela.""",「……我只听说了，有幢名叫九羽鸟庵的宅邸。由于不准我离开船，所以一次都没亲眼见过。」,「……我只聽說了，有幢名叫九羽鳥庵的宅邸。由於不准我離開船，所以一次都沒親眼見過。」,"""... Mi è stato solo detto che c'era una villa chiamata Kuwadorian. Dato che non mi era permesso lasciare la barca, non l'ho mai vista, neanche una volta.""","""... Solo se me contó que había otra mansión llamada Kuwadorian. Como no se me permitía salir del barco, nunca la vi, ni siquiera una vez.""","""...ﻛﻞُّ ﻣﺎ ﻗﻴﻞ ﻟﻲ ﺃﻥَّ ﺛﻤﺔ ﻗﺼﺮًﺍ ﻳُﺪﻋﻰ ﻛﻮﺍﺩﻭﺭﻳﺎﻥ. ﻟﻢ ﻳُﺴﻤﺢ ﻟﻲ ﺑﻤﻐﺎﺩﺭﺓ ﺍﻟﻘﺎﺭﺏ، ﻟﺬﺍ ﻟﻢ ﺃﺭَ ﺍﻟﻤﻜﺎﻥ ﻭﻟﻮ ﻟﻤﺮﺓٍ ﻭﺍﺣﺪﺓ ﺃﺑﺪًﺍ."""
Amakusa Juuza,"""So it was far away enough that you couldn't see it from the harbor?""","""So it was far enough away that you couldn't see it from the harbor?"" ",[=UP],「船着場からは見えないくらいに遠いということですかい？」,[=JP],"""То есть он находился так далеко, что его нельзя было разглядеть из гавани?""","""Então é distante o suficiente para não se enxergar do porto?""",「也就是说，远到了从码头看不到吗？」,「也就是說，遠到了從碼頭看不到嗎？」,"""Quindi era così lontana che lei non riusciva a vederla dal molo?""","""¿Entonces estaba tan lejos que no se la podía ver desde el puerto?"""," ""ﺃﻛﺎﻥ ﺑﻌﻴﺪًﺍ ﺑﻤﺎ ﻳﻜﻔﻲ ﻟﺌﻼ ﺗﺮﺍﻩ ﻣﻦ ﺍﻟﻤﻴﻨﺎﺀ ﺇﺫًﺍ؟"""
Captain Kawabata,"""Beats me. ......But it was a hidden mansion after all. Probably was built where you can't see it from the outside. ...Anyway, Kuwadorian was that island's biggest secret.""","""I don't know. ...But it was a hidden mansion, after all. It was probably built where you couldn't see it from the outside. ...Anyway, Kuwadorian was the biggest secret of that island."" ","""I don't know.  ......But it was a hidden mansion after all.  Probably was built where you couldn't see it from the outside.  ...Anyways, Kuwadorian was the biggest secret of that island.""",「わからん。……ただ、隠し屋敷だからな。外からは見えん場所に建ててあったろうな。…とにかく、九羽鳥庵については、あの島の最高の秘密だった。」,「わからん。……ただ、隠し屋敷だからな。外からは見えん場所に建ててあったろうな。…とにかく、九羽鳥庵については、あの島の最高の秘密だった」,"""Не знаю. .....Но уж то, что он был скрыт, это точно. Похоже, он был построен таким образом, что его нельзя было увидать снаружи. В общем, Кувадориан являлся крупнейшим секретом этого острова.""","""Não sei. ......Afinal, é uma mansão secreta. Provavelmente foi construída onde não é possível avistar do mar. ...De qualquer forma, Kuwadorian era o maior segredo da ilha.""",「不知道。……只不过，毕竟是秘密宅邸啊。所以肯定是建在了从外面看不到的地方吧。…总之，关于九羽鸟庵的事，是这个岛的最高机密。」,「不知道。……只不過，畢竟是秘密宅邸啊。所以肯定是建在了從外面看不到的地方吧。…總之，關於九羽鳥庵的事，是這個島的最高機密。」,"""Non lo so. ... Dopotutto era una villa nascosta. Probabilmente fu costruita in un luogo che non si poteva vedere dall'esterno. ... Ad ogni modo, Kuwadorian era il più grande segreto di quest'isola.""","""No lo sé... Pero era una mansión oculta después de todo. Probablemente fue construida donde no se la pudiera ver desde afuera... De todas maneras, Kuwadorian era el secreto más grande de la isla.""","""ﻻ ﺃﺩﺭﻱ.......ﻟﻜﻨَّﻪ ﻛﺎﻥ ﻗﺼﺮًﺍ ﻣﺨﻔﻴًﺎ ﻋﻠﻰ ﺃﻱِّ ﺣﺎﻝ. ﻣﻦ ﺍﻟﻤﺤﺘﻤﻞ ﺃﻧَّﻪ ﺑُﻨﻲ ﻓﻲ ﻣﻜﺎﻥٍ ﻻ ﻳﻤﻜﻦ ﺭﺅﻳﺘﻪ ﻣﻦ ﺍﻟﺨﺎﺭﺝ. ...ﻋﻠﻰ ﺃﻱِّ، ﻛﺎﻥ ﻛﻮﺍﺩﻭﺭﻳﺎﻥ ﺃﻋﻈﻢ ﺃﺳﺮﺍﺭ ﺗﻠﻚ ﺍﻟﺠﺰﻳﺮﺓ."
Ushiromiya Ange,"""There's a theory that {f:5:Beatrice} was being made to live in Kuwadorian, or else was being confined there... What do you think, Captain?""","""There's a theory that {f:5:Beatrice} lived in Kuwadorian, or else was confined there. What do you think, Captain?"" ","""There's a theory that Beatrice lived in Kuwadorian, or else was confined there.  What do you think, Captain?""",「九羽鳥庵に、ベアトリーチェが住まわされていた、あるいは幽閉されていた、という説がありますが、船長はどう考えますか。」,「九羽鳥庵に、ベアトリーチェが住まわされていた、あるいは幽閉されていた、という説がありますが、船長はどう考えますか」,"""Существует теория, согласно которой {f:5:Беатриче} жила в Кувадориане, либо была заточена там. А что вы думаете, Капитан?""","""Tinha uma teoria de que a {f:5:Beatrice} foi trazida à vida em Kuwadorian, ou talvez tenha sido confinada lá... O que você acha, capitão?""",「有种假说认为，在这九羽鸟庵里，住着、或软禁着贝阿朵莉切，船长您怎么想？」,「有種假說認為，在這九羽鳥庵裡，住著、或軟禁著貝阿朵莉切，船長您怎麼想？」,"""C'è la teoria che Beatrice vivesse a Kuwadorian, o che comunque fosse confinata lì. Cosa ne pensa, Capitano?""","""Hay una teoría que dice que {f:5:Beatrice} vivía en Kuwadorian o que estaba confinada ahí... ¿Qué opina, capitán?""","""ﺗﻮﺟﺪ ﻓﺮﺿﻴﺔٌ ﻣﻔﺎﺩﻫﺎ ﺃﻥَّ {f:7:ﺑﻴﺎﺗﺮﻳﺲ} ﻛﺎﻧﺖ ﻣُﺠﺒﺮﺓً ﻋﻠﻰ ﺍﻟﻌﻴﺶ ﻓﻲ ﻛﻮﺍﺩﻭﺭﻳﺎﻥ. ﺃﻭ ﺃﻧَّﻬﺎ ﻛﺎﻧﺖ ﻣﺤﺘﺠﺰﺓً ﻫﻨﺎﻙ... ﻣﺎ ﺭﺃﻳﻚ ﺃﻳُّﻬﺎ ﺍﻟﺮُّﺑﺎﻥ؟"""
Captain Kawabata,"""......I carried over sundries meant for Kuwadorian, too. Oftentimes that included stuff only women would use, and fancy stuff at that. ......No doubt in my mind, that theory is true.""","""...I did sometimes carry miscellaneous goods to Kuwadorian. And that included a lot of stuff that only women would use, and expensive stuff at that. ...I'm also convinced that theory is true."" ","""......I did sometimes carry miscellaneous goods to Kuwadorian.  And that included a lot of high-class stuff that only women would use.  ......I also am convinced that theory is true.""",「……わしは九羽鳥庵への雑貨も運んでおった。その中に、女しか使わんような、それも高級なもんが含まれることも多かった。……わしもその説を確信しとる。」,「……わしは九羽鳥庵への雑貨も運んでおった。その中に、女しか使わんような、それも高級なもんが含まれることも多かった。……わしもその説を確信しとる」,"""......Я возил в Кувадориан самые разные предметы, среди которых имелось довольно много вещей высокого класса, предназначенных исключительно для женщин. ......Я тоже уверен, что та теория правдива.""","""......Eu também transportei artigos diversos para a Kuwadorian. Algumas vezes coisas que só mulheres iriam usar, e muitas coisas caras também. ......Não tenho dúvidas de que essa teoria é real.""",「……我曾给九羽鸟庵送过杂货。在送的这些货中，常有应该只有女人会用的，颇为高档的物品。……我也对这一假说抱有确信。」,「……我曾給九羽鳥庵送過雜貨。在送的這些貨中，常有應該只有女人會用的，頗為高檔的物品。……我也對這一假說抱有確信。」,"""... A volte trasportavo merci varie per Kuwadorian. E ciò includeva molta roba di alta classe che solo una donna userebbe. ... Anche io sono convinto che quella teoria sia vera.""","""... Llevé cosas para Kuwadorian, también. A menudo, eso incluía cosas de alta calidad que solo las mujeres usaban... Yo también estoy convencido de que esa teoría es cierta.""","""......ﻛﻨﺖُ ﺃﻧﻘﻞ ﺍﻟﺒﻀﺎﺋﻊ ﺍﻟﻤﺘﻨﻮِّﻋﺔ ﺍﻟﻤﻌﺪَّﺓ ﻟـ ﻛﻮﺍﺩﻭﺭﻳﺎﻥ ﺃﻳﻀًﺎ.. ﻏﺎﻟﺒًﺎ ﻣﺎ ﻛﺎﻧﺖ ﺗﺸﻤﻞ ﺗﻠﻚ ﺃﻏﺮﺍﺿًﺎ ﻻ ﺗﺴﺘﺨﺪﻣﻬﺎ ﺇﻻ ﺍﻟﻨﺴﺎﺀ، ﻭﺃﻏﺮﺍﺿًﺎ ﻓﺎﺧﺮﺓً ﻛﺬﻟﻚ. ﻟﻴﺲ ﻟﺪﻱَّ ﺃﺩﻧﻰ ﺭﻳﺐٍ ﺃﻥَّ ﺗﻠﻚ ﺍﻟﻔﺮﺿﻴﺔ ﺻﺤﻴﺤﺔ."""
Amakusa Juuza,"""So does that mean you never saw this {f:5:Beatrice} woman directly, Captain?""","""So does that mean you never saw {f:5:Beatrice} directly, Captain?"" ","""So does that mean you never saw Beatrice directly, Captain?""",「では、船長はベアトリーチェって女を、直接見たことはないわけですかい。」,「では、船長はベアトリーチェって女を、直接見たことはないわけですかい」,"""То есть вы, Капитан, не встречались с {f:5:Беатриче} лицом к лицу?""","""Então isso significa que você nunca viu essa mulher chamada {f:5:Beatrice} pessoalmente, Capitão?""",「那么，船长您从没直接见过那个叫贝阿朵莉切的女人吧？」,「那麼，船長您從沒直接見過那個叫貝阿朵莉切的女人吧？」,"""Quindi ciò significa che lei non ha mai visto Beatrice direttamente, Capitano?""","""¿Entonces eso significa que nunca vio directamente a {f:5:Beatrice}, capitán?"""," ""ﺃﻳﻌﻨﻲ ﺫﻟﻚ ﺃﻧَّﻚ ﻟﻢ ﺗﺮَ ﻫﺬﻩ ﺍﻟﻤﺮﺃﺓ {f:7:ﺑﻴﺎﺗﺮﻳﺲ} ﻭﺟﻬًﺎ ﻟﻮﺟﻪ ﺃﺑﺪًﺍ ﺃﻳُّﻬﺎ ﺍﻟﺮُّﺑﺎﻥ؟"""
Captain Kawabata,"""Never. Came and went for close to twenty years, and never saw her once.""","""Nope. Came and went for about 20 years, and I never saw her once."" ","""Nope.  Came and went for about 20 years, and I never saw her once.""",「ない。二十年近く出入りをしたが、一度も見たことはない。」,「ない。二十年近く出入りをしたが、一度も見たことはない」,"""Не‐а. Приезжал и уезжал 20 лет, да так ни разу её и не увидел.""","""Nunca. Quase vinte anos indo e vindo, e eu nunca a encontrei nenhuma vez.""",「没见过。虽然来来回回了近二十年，但一次都没见过。」,「沒見過。雖然來來回回了近二十年，但一次都沒見過。」,"""No. Andato e venuto per circa 20 anni, e non l'ho vista neanche una volta.""","""Nunca. Casi 20 años yendo y viniendo, y no la vi ni una sola vez.""","""ﺃﺑﺪًﺍ. ﻛﻨﺖُ ﺃﺫﻫﺐ ﻭﺁﺗﻲ ﻟﻤﺪﺓ ﺗﻘﺎﺭﺏ 02 ﻋﺎﻣًﺎ، ﻭﻟﻢ ﺃﺭﻫﺎ ﻭﻟﻮ ﻣﺮﺓً ﻭﺍﺣﺪﺓ."""
Amakusa Juuza,"""Twenty years...! Whew, so that's at least plus twenty onto her age. Well, that shoots down my hopes for a mademoiselle.""","""Twenty years...! Whew, that means she was at least 20+. Look's like she wasn't some mademoiselle."" ","""Twenty years...!  Whew, that means she was at least 20+.  Look's like she wasn't any mademoiselle.""",「二十年…！　ひゅう、ってことは最低でも年齢プラス２０ってわけだ。こりゃあ、マドモアゼルは期待できねぇな。」,「二十年…！　ひゅう、ってことは最低でも年齢プラス２０ってわけだ。こりゃあ、マドモアゼルは期待できねぇな」,"""Двадцать лет!.. Уф, получается, ей было как минимум 20 с хвостом. Да уж, девочкой не назовёшь.""","""Vinte anos...! Fiuu, então significa já se somam mais 20 anos. Bem, parece que isso acaba com as minhas esperanças de ser uma {i:mademoiselle}.""",「二十年…！咻——，照这么说，年龄最少也得加个二十啊。这下，窈窕小姐是没指望了啊。」,「二十年…！咻——，照這麼說，年齡最少也得加個二十啊。這下，窈窕小姐是沒指望了啊。」,"""Vent'anni...! Whew, ciò significa che aveva più di 20 anni. Sembra che non fosse proprio una signorina.""","""¡20 años!... Vaya, eso significa que ella por lo menos tenía más de 20 años. Parece que no era ninguna mademoiselle.""","""ﻋﺸﺮﻭﻥ ﻋﺎﻣًﺎ...! ﻋﺠﺒًﺎ، ﻳﻀﻴﻒ ﺫﻟﻚ 02 ﻋﺎﻣًﺎ ﻋﻠﻰ ﻋﻤﺮﻫﺎ ﻋﻠﻰ ﺍﻷﻗﻞ. ﻗُﻀﻲ ﺑﺄﻥ ﺗﻜﻮﻥ ﺁﻧﺴﺔً ﺷﺎﺑﺔ."
Captain Kawabata,"""But one day, bang, all trips to and from Kuwadorian stopped. That was about thirty years ago, ......so around {ruby:Showa 43:1968}, I think.""","""But one day, *bang*, all coming and going to and from Kuwadorian suddenly stopped. That was about 30 years ago, ...so around Showa 43 (1968), I think."" ","""But one day, *bang*, all coming and going to and from Kuwadorian suddenly stopped.  That was about 30 years ago, ......so around Showa 43 (1968), I think.""",「だが、九羽鳥庵への出入りは、ある日を境に、ぷっつりとなくなっちまった。今から大体３０年前だから、……昭和４３年頃だったと思う。」,「だが、九羽鳥庵への出入りは、ある日を境に、ぷっつりとなくなっちまった。今から大体３０年前だから、……昭和４３年頃だったと思う」,"""И вдруг однажды *бах*, поездки в Кувадориан внезапно прекратились. Это случилось примерно 30 лет назад... Где‐то в {ruby:эра Сёва, 43:1968‐м}, кажется.""","""Mas, certo dia, bang, toda esse vai e vem para Kuwadorian parou. Foi cerca de trinta anos atrás, ......foi em {ruby:Shouwa 43:1968}, eu acho.""",「不过，有关九羽鸟庵的业务在某一天哗嚓泡汤了。因为是距今三十年前，……所以我觉得应该是昭和四三年（1968）前后的事。」,「不過，有關九羽鳥庵的業務在某一天嘩嚓泡湯了。因為是距今三十年前，……所以我覺得應該是昭和四三年（1968）前後的事。」,"""Ma un giorno, *bang*, tutto quell'andare e venire da e per Kuwadorian improvvisamente si fermò. Fu circa 30 anni fa... quindi all'incirca Showa 43 (1968), credo.""","""Pero un día, *bang*, todos los viajes hacia y desde Kuwadorian se detuvieron. Eso fue hace como unos 30 años... alrededor de {ruby:Showa 43:1968}, me parece.""","""ﺑﻴﺪ ﺃﻧَّﻪ ﻳﻮﻣًﺎ ﻣﺎ، ﺗﻮﻗﻔﺖ ﺟﻤﻴﻊ ﺍﻟﺮِّﺣﻼﺕ ﻓﺠﺄﺓً ﻣﻦ ﻭﺇﻟﻰ ﻛﻮﺍﺩﻭﺭﻳﺎﻥ، ﺣﺪﺙ ﺫﻟﻚ ﻗﺒﻞ ﻧﺤﻮ 03 ﻋﺎﻣًﺎ، ""ﺃﻱ ﻧﺤﻮ {ruby:ﺷﻮﺍ 34:8691}، ﻋﻠﻰ ﻣﺎ ﺃﻇﻦ......"
Ushiromiya Ange,"""Bang? You mean suddenly?""","""*bang*? You mean suddenly?"" ","""*bang*?  You mean suddenly?""",「ぷっつりと？　突然？」,[=JP],"""*Бах*? Что вы подразумеваете под 'внезапно'?""","""Bang? Fala que foi de repente?""",「哗嚓泡汤？是突然就？」,「嘩嚓泡湯？是突然就？」,"""*bang*? Intende improvvisamente?""","""¿*bang*? ¿Quiere decir repentinamente?""","""ﻓﺠﺄﺓً؟ ﺃﺗﻌﻨﻲ ﺑﺼﻮﺭﺓٍ ﻣﻔﺎﺟﺌﺔ؟"""
Captain Kawabata,"""......We'd come by the back on a specified schedule to carry food and trash one way or the other. ......Uh, when I say the back, I mean the harbor on the Kuwadorian side.""","""...We came to the Hidden Side on a set schedule to carry food and trash back and forth. ...Ah, right, the Hidden Side's what we called the harbor linked to Kuwadorian."" ","""......We came by the back on a specified schedule to carry food and trash one way or the other.  ......Oh, when I say the back, I mean the harbor on the Kuwadorian side.""",「……食料やゴミなどの運搬往来で、わしらは決められた日程で裏に行っとった。……あぁ、裏っちゅうのは、九羽鳥庵側の船着場のことだ。」,「……食料やゴミなどの運搬往来で、わしらは決められた日程で裏に行っとった。……あぁ、裏っちゅうのは、九羽鳥庵側の船着場のことだ」,""".....Мы плавали в тыл по расписанию, привозя еду и увозя всякий мусор. .....О, под тылом я имею в виду гавань на стороне Кувадориана.""","""......Nós tínhamos voltado em um horário específico para trazer comida e levar o lixo. ......Ah, quando eu digo voltar, me refiro ao porto do lado Kuwadorian.""",「……为了送食物收垃圾等等的搬运往来，我们会按定好的日程去“后面”。……啊——，这个“后面”，就是指九羽鸟庵方面的码头。」,「……為了送食物收垃圾等等的搬運往來，我們會按定好的日程去“後面”。……啊——，這個“後面”，就是指九羽鳥庵方面的碼頭。」,"""... Venivamo dal retro con dei turni precisi per trasportare cibo e rifiuti da una parte o dall'altra. ... Oh, quando dico ‘dal retro’, intendo il molo dalla parte di Kuwadorian.""","""... Íbamos por atrás en un horario determinado para transportar comida y basura de un lado a otro... Ah, cuando digo por atrás, me refiero al puerto en el lado de Kuwadorian.""","""ﻛﻨﺎ ﻧﺄﺗﻲ ﺇﻟﻰ ﺍﻟﺠﻬﺔ ﺍﻟﺨﻠﻔﻴﺔ ﻓﻲ ﻣﻮﻋﺪٍ ﻣﺤﺪَّﺩٍ ﻟﻨﻘﻞ ﺍﻟﻄﻌﺎﻡ ﻭﺍﻟﻨﻔﺎﻳﺎﺕ ﺫﻫﺎﺑًﺎ ﻭﺇﻳﺎﺑًﺎ...... ﻫﻪ، ﺣﻴﻦ ﺃﻗﻮﻝ ﺍﻟﺠﻬﺔ ﺍﻟﺨﻠﻔﻴﺔ، ...ﺃﻋﻨﻲ ﺍﻟﻤﺮﻓﺄ ﻓﻲ ﺟﺎﻧﺐ ﻛﻮﺍﺩﻭﺭﻳﺎﻥ."""
Ushiromiya Ange,"""I get it. ...So then?""","""I get it. ...So then?"" ","""I get it.  ...So then?""",「わかります。…それで？」,[=JP],"""Я понимаю. А потом что?""","""Entendi. ...E então?""",「明白。…然后呢？」,「明白。…然後呢？」,"""Ho capito. ... Quindi?""","""Entiendo... ¿Entonces?""","""ﻓﻬﻤﺖ.ﻭﻣﺎﺫﺍ ﺑﻌﺪ؟"""
Captain Kawabata,"""So one day, I get a sudden message from Genji‐san. And he tells me, until you hear differently, we don't need you to go to the back anymore.""","""One day, we got an urgent message from Genji-san. He said that until we heard differently, there was no need for us to go to the Hidden Side anymore."" ","""One day, we got an urgent message from Genji-san.  He said that until we heard differently, there was no need for us to go to the back anymore.""",「ある日、源次さんから急な連絡があった。別の指示があるまで、裏には行かなくていいって言うんだ。」,「ある日、源次さんから急な連絡があった。別の指示があるまで、裏には行かなくていいって言うんだ」,"""Как вдруг однажды к нам поступило срочное сообщение от Генджи‐сана. Он сказал, что пока мы не получим иных указаний, нам больше не нужно выполнять рейсы.""","""Naquele dia, eu recebi uma mensagem repentina do Genji‐san. Ele me disse que, até eu ouvir algo diferente, nós não precisaríamos mais voltar.""",「某一天，源次先生突然联络了我。说了，在有其他指示之前，别再去“后面”了。」,「某一天，源次先生突然聯絡了我。說了，在有其他指示之前，別再去“後面”了。」,"""Un giorno, ricevemmo un messaggio urgente da Genji-san. Disse che finché non ci avrebbero comunicato diversamente, non ci sarebbe più stato bisogno per noi di andare nel retro.""","""Un día, recibí un mensaje urgente de Genji-san. Me dijo que hasta que se me dijera lo contrario, ya no había necesidad de que volviera a ir a la parte de atrás.""","""ﻭﺻﻠﺘﻨﻲ ﺭﺳﺎﻟﺔٌ ﻣﻔﺎﺟﺌﺔٌ ﻣﻦ ﻗﻴﻨﺠﻲ-ﺳﺎﻥ ﻳﻮﻣًﺎ ﻣﺎ،  ﻭﺃﺧﺒﺮﻧﻲ ﺃﻧﻨﺎ ﻟﻢ ﻧﻌﺪ ﻧﺮﻳﺪﻙ ﺃﻥ ﺗﺬﻫﺐ ﺇﻟﻰ ﺍﻟﺠﻬﺔ ﺍﻟﺨﻠﻔﻴﺔ ﺇﻟﻰ ﺃﻥ ﻳﺼﻠﻚ ﺧﻼﻑ ﺫﻟﻚ."" "
Amakusa Juuza,"""And did you hear differently?""","""And did you hear differently?"" ",[=UP],「別の指示とは？」,[=JP],"""И как, дали вам иные указания?""","""E você ouviu algo de diferente?""",「其他指示？」,[=CN],"""E vi hanno comunicato diversamente?""","""¿Y llegó a escuchar lo contrario?""","""ﻭﻫﻞ ﻭﺻﻠﻚ ﺧﻼﻑ ﺫﻟﻚ؟"""
Captain Kawabata,"""Not in particular. To cut a long story short, one day, suddenly, I was told they didn't need regular service at the back anymore, and not to bother taking food there either. ......Thought I'd been given the boot at first.""","""Not really. Long story short, one day, I was suddenly told that they wouldn't need regular service to the Hidden Side anymore...and that I didn't have to take food there either. ...At first, I thought I was being fired. ","""Not in particular.  In short, one day, suddenly, I was told that they wouldn't need regular service at the back anymore, and that I didn't have to take food there either.  ......At first, I thought I was being fired.",「特にはなかった。早い話が、ある日突然、裏には今後、定期便はいらない、食料も届けなくていいと言われたわけだ。……わしは最初、クビにされたのかと思ったよ。,「特にはなかった。早い話が、ある日突然、裏には今後、定期便はいらない、食料も届けなくていいと言われたわけだ。……わしは最初、クビにされたのかと思ったよ」,"""Да нет. Короче говоря, однажды меня внезапно уведомили, что от меня больше не требуется совершать регулярные рейсы в тыл острова и отвозить туда еду. ......Поначалу я решил, что меня уволили.""","""Nada em particular. Para resumir a história, um dia, de repente, foi dito que eles não precisavam mais voltar com os serviços regulares, e não precisava mais se preocupar em levar comida. ......Primeiro pensei que havia sido demitido.""",「没来过。简单来说，就是某天突然跟我说了，今后不用定期开船去“后面”了，食物也不用送了。……我刚开始还以为是被炒了。」,「沒來過。簡單來說，就是某天突然跟我說了，今後不用定期開船去“後面”了，食物也不用送了。……我剛開始還以為是被炒了。」,"""Non in particolare. In breve, un giorno, improvvisamente, mi era stato detto che non avrebbero più avuto bisogno di regolare servizio nella parte del retro, e che non dovevo neanche più portare il cibo. ... All'inizio, pensai di essere stato licenziato.","""No en particular. Para abreviar, un día, de repente, me dijeron que ya no necesitarían más el servicio regular para la parte de atrás de la isla, y que ya no tenía que llevar comida... Al comienzo, pensé que me estaban despidiendo.""","""ﻟﻴﺲ ﺑﺸﻜﻞٍ ﺧﺎﺹ. ﻻﺧﺘﺼﺎﺭ ﺍﻟﻘﺼﺔ، ﺫﺍﺕ ﻳﻮﻡ ﻭﻓﺠﺄﺓ، ﺃُﺑﻠﻐﺖُ ﺃﻧَّﻬﻢ ﻟﻢ ﻳﻌﻮﺩﻭﺍ ﺑﺤﺎﺟﺔٍ ﺇﻟﻰ ﺧﺪﻣﺎﺗﻲ ﻓﻲ ﺍﻟﻤﺮﻓﺄ ﺍﻟﺨﻠﻔﻲ، ﻭﺃﻻ ﺃﻛﻠِّﻒ ﻧﻔﺴﻲ ﻋﻨﺎﺀ ﺃﺧﺬ ﺍﻟﻄﻌﺎﻡ ﺇﻟﻰ ﻫﻨﺎﻙ ﺃﻳﻀًﺎ. ...ﻓﻲ ﺍﻟﺒﺪﺍﻳﺔ ﺍﻋﺘﻘﺪﺕُ ﺑﺄﻧﻪ ﻳﻄﺮﺩﻧﻲ."""
Captain Kawabata,"""But it wasn't long before I realized. ......And I kind of got the picture from the reactions of the servants who knew of Kuwadorian, as well.""","But I quickly figured it out. ...Going by the reactions of the servants who knew of Kuwadorian, I managed to guess somehow."" ","  But I quickly noticed.  ......And because of the reactions from the servants who knew of Kuwadorian, I managed to guess somehow.""",だが、すぐに気付いた。……それに、九羽鳥庵のことを知る使用人たちの様子からも、何となく察しが付いた。」,「だが、すぐに気付いた。……それに、九羽鳥庵のことを知る使用人たちの様子からも、何となく察しが付いた」,"""Но я быстро обратил внимание. .....А по реакции слуг, знавших о Кувадориане, я смог более и менее понять, что случилось.""","""Mas não demorou muito para eu entender. ......Julgando pelas reações dos serviçais que conheciam Kuwadorian, eu consegui entender.""",「但是，马上就察觉到了。……并且，从知道九羽鸟庵的那些佣人们身上，也多少看出了点那个意思。」,「但是，馬上就察覺到了。……並且，從知道九羽鳥庵的那些傭人們身上，也多少看出了點那個意思。」,"Ma me ne accorsi presto. ... E date le reazioni dei domestici che conoscevano Kuwadorian, riuscii più o meno a capire.""","""Pero no tardé en darme cuenta... Y también me hice una idea por las reacciones de los sirvientes que sabían de Kuwadorian.""","""ﻭﻟﻜﻦ ﻟﻢ ﻳﻤﺾِ ﻭﻗﺖٌ ﻃﻮﻳﻞٌ ﻗﺒﻞ ﺃﻥ ﺃﺩﺭﻙ. ﻭﻧﻮﻋًﺎ ﻣﺎ ﺍﺳﺘﻨﺘﺠﺖُ ﺍﻷﻣﺮ ﻣﻦ ﺭﺩﻭﺩ ﺃﻓﻌﺎﻝ ﺍﻟﺨﺪﻡ ﺍﻟﺬﻳﻦ ﻛﺎﻧﻮﺍ ﻳﻌﻠﻤﻮﻥ ﺑﺄﻣﺮ....... ﻛﻮﺍﺩﻭﺭﻳﺎﻥ ﺃﻳﻀًﺎ."" "
Ushiromiya Ange,""".........{f:5:Beatrice} died, and there was no longer any need to take food or people to care for her?""","""......{f:5:Beatrice} died, and there was no longer any need to take food or people to care for her?"" ",""".........Beatrice died, and there was no longer any need to take food or people to care for her?""",「………ベアトリーチェが死んで、食料を届ける必要も、世話人を送る必要も、なくなった？」,[=JP],""".......{f:5:Беатриче} умерла, поэтому больше не нуждалось в еде и уходе других людей?""",""".........A {f:5:Beatrice} havia morrido e não tinha mais motivos para levar comida ou ter pessoas cuidando dela?""",「………是贝阿朵莉切死了，所以不再需要送食物，与接送照料人了？」,「………是貝阿朵莉切死了，所以不再需要送食物，與接送照料人了？」,"""... Beatrice era morta, e non c'era più bisogno di portare cibo o persone che si occupassero di lei?""","""... ¿{f:5:Beatrice} murió, y ya no había necesidad de llevar comida o gente para que la cuiden?""","""ﻣﺎﺗﺖ {f:7:ﺑﻴﺎﺗﺮﻳﺲ} ﺣﻴﻨﻬﺎ، ﻭﻟﺬﻟﻚ ﻟﻢ ﻳﻌﺪ ﺿﺮﻭﺭﻳًﺎ ﺇﺣﻀﺎﺭ ﺍﻟﻄﻌﺎﻡ ﻭﺍﻟﺤﺎﺟﻴﺎﺕ ﺇﻟﻴﻬﺎ؟"""
Captain Kawabata,"""That's what I think. I've never been told to take another boat to the back since. But after that, Genji‐san came to see me face to face, and got real pushy, demanding me to take everything about ""the back"" with me to the grave.""","""That's what I think. From that point on, I was never told to take a boat to the Hidden Side. However, after that, Genji-san came to see me face to face and got pushy, strongly urging me never to speak of anything related to the Hidden Side until I died."" ","""That's what I think.  From that point on, I was never told to take a boat to the back.  However, after that, Genji-san came to see me face to face, and got pushy, strongly urging me never to speak of anything related to the back until I died.""",「わしはそう考えとる。それっきり、裏へ船を出せという指示は受けてない。しかし、裏については死ぬまで何も喋るなと、その後、源次さんが直接わしのところへ来て、偉く強く念を押した。」,「わしはそう考えとる。それっきり、裏へ船を出せという指示は受けてない。しかし、裏については死ぬまで何も喋るなと、その後、源次さんが直接わしのところへ来て、偉く強く念を押した」,"""Вот я так и подумал. После этого меня больше не просили плавать в тыл. Однако потом Генджи‐сан нанёс мне визит с глазу на глаз и крайне настойчиво попросил, чтобы я не разглашал ничего, относящегося к тылу острова, пока я жив.""","""Foi o que eu pensei. Eu nunca recebi ordens para levar outro barco para lá desde então. Mas depois disso, o Genji‐san veio falar comigo pessoalmente, e foi muito insistente, demandando que eu levasse tudo sobre esse ""lado secreto"" comigo para o túmulo.""",「我就是这么想的。自此以后，再也没接到过开船去“后面”的指示了。不过，在这之后，源次先生有直接来过我这，语气非常重地叮嘱了，到死都别把有关“后面”的任何事说出去。」,「我就是這麼想的。自此以後，再也沒接到過開船去“後面”的指示了。不過，在這之後，源次先生有直接來過我這，語氣非常重地叮囑了，到死都別把有關“後面”的任何事說出去。」,"""È quello che penso. Da quel momento in poi, non mi fu più detto di portare la barca sul retro. Tuttavia, dopo ciò, Genji-san venne per vedermi faccia a faccia, e si impose, esortandomi fortemente a non parlare mai di ciò in relazione al retro dell'isola fino alla mia morte.""","""Eso es lo que creo. Desde entonces, nunca más se me dijo que llevara el barco a la parte de atrás. Sin embargo, después de eso, Genji-san vino a verme cara a cara, y comenzó a presionarme, instándome a no hablar nunca de nada relacionado con la parte de atrás hasta que muriese.""","""ﺫﻟﻚ ﻣﺎ ﺃﻋﺘﻘﺪﻩ، ﻟﻢ ﻳُﻄﻠﺐ ﻣﻨﻲ ﺃﺑﺪًﺍ ﺃﺧﺬ ﻗﺎﺭﺏٍ ﺁﺧﺮ ﺇﻟﻰ ﺍﻟﺠﻬﺔ ﺍﻟﺨﻠﻔﻴﺔ ﻣﻨﺬ ﺫﻟﻚ ﺍﻟﺤﻴﻦ. ﻭﻟﻜﻦ ﺑﻌﺪ ﺫﻟﻚ، ﺃﺗﻰ ﻗﻴﻨﺠﻲ-ﺳﺎﻥ ﻟﺮﺅﻳﺘﻲ ﺷﺨﺼﻴًﺎ، ﻭﻧﺒﻬﻨﻲ ﺑﺈﻟﺤﺎﺡ ﺃﻻ ﺃﺗﺤﺪﺙ ﻋﻦ ﺷﻲﺀٍ ﻣﻤﺎ ﻛﺎﻥ ﻳﺠﺮﻱ ﻫﻨﺎ ﺣﺘﻰ ﻳﻮﻡ ﻣﻤﺎﺗﻲ."
Ushiromiya Ange,"""So, if that hidden mansion was abandoned for twenty whole years, .........why was Aunt Eva there?""","""So, if that hidden mansion was abandoned for 20 whole years, ......why was Aunt Eva there?"" ","""So, if that hidden mansion was abandoned for 20 whole years, .........why was Eva oba-san there?""",「その、２０年間も放置されていた隠し屋敷に、………どうして絵羽伯母さんが？」,[=JP],"""Тогда, раз этот особняк был покинут на целых 20 лет, что там делала тётя Ева?""","""Então, se a mansão secreta foi abandonada vinte anos atrás, .........por que a tia Eva esteve lá?""",「在这个被闲置了二十年的秘密宅邸，………为什么绘羽姑母会？」,「在這個被閑置了二十年的秘密宅邸，………為什麼繪羽姑母會？」,"""Quindi, se quella villa nascosta fu abbandonata per 20 interi anni... perché Eva oba-san era lì?""","""Entonces, si esa mansión oculta fue abandonada por 20 años... ¿Por qué la tía Eva estaba ahí?""","""ﺇﺫﺍ ﻛﺎﻥ ﺫﻟﻚ ﺍﻟﻘﺼﺮ ﺍﻟﻤﺨﻔﻲُّ ﻗﺪ ﻫُﺠﺮ ﻟﻤﺪﺓ 02 ﻋﺎﻣًﺎ ﻛﺎﻣﻠﺔً ﺇﺫًﺍ،""ﻓﻠﻢَ ﻛﺎﻧﺖ ﺍﻟﻌﻤَّﺔ ﻫﻨﺎﻙ.........؟"
,On that day twelve years ago.........Ushiromiya Eva somehow escaped harm alone in a hidden mansion two kilometers away from the regular mansion.,On that day 12 years ago... ...Ushiromiya Eva somehow escaped harm alone in a hidden mansion 2 kilometers away from the mansion. ,On that day 12 years ago.........Ushiromiya Eva somehow escaped harm alone in a hidden mansion 2 kilometers away from the mansion.,右代宮絵羽は、１２年前のあの日。……なぜかひとり、屋敷から２ｋｍも離れた隠し屋敷にいて、難を逃れた。,[=JP],"В тот день, 12 лет назад...Уширомии Еве одной как‐то удалось спастись, оказавшись в тайном особняке в 2 километрах от места трагедии.","Naquele dia, doze anos atrás.........De alguma forma, Ushiromiya Eva conseguiu escapar sozinha e ilesa da mansão secreta, cerca de dois quilômetros de distância da mansão normal.",右代宫绘羽，在十二年前的那一天。……不知为何独自待在距大屋两公里之遥的秘密宅邸里，逃过了一劫。,右代宮繪羽，在十二年前的那一天。……不知為何獨自待在距大屋兩公里之遙的秘密宅邸裡，逃過了一劫。,Quel giorno di 12 anni fa... Ushiromiya Eva in qualche modo rimase indenne da sola nella villa nascosta a 2 chilometri dalla villa.,"En ese día, hace 12 años... Ushiromiya Eva de alguna manera escapó del peligro al quedarse en una mansión escondida a 2 kilómetros de la mansión original.","""...ﻓﻲ ﺫﻟﻚ ﺍﻟﻴﻮﻡ ﻣﻨﺬ 21 ﻋﺎﻣًﺎ، ﻧﺠﺖ ﺃﻭﺷﻴﺮﻭﻣﻴﺎ ﺇﻳﻔﺎ ﺑﻄﺮﻳﻘﺔٍ ﻣﺎ ﺑﻤﻔﺮﺩﻫﺎ ﻓﻲ ﻗﺼﺮٍ ﻣﺨﻔﻲٍّ ﻳﺒﻌﺪ ﻛﻴﻠﻮﻣﺘﺮَﻳﻦ ﻋﻦ ﺍﻟﻘﺼﺮ ﺍﻟﻤﻌﺘﺎﺩ......"""
,Why was she in a hidden mansion that had been forgotten for twenty years.........?,Why was she in a hidden mansion that had been forgotten for 20 years......? ,Why was she in a hidden mansion that had been forgotten for 20 years.........?,２０年間も忘れられていた隠し屋敷に、どうして彼女が………。,[=JP],"Почему она оказалась в тайном особняке, забытом на 20 лет?",Por que ela estava em uma mansão secreta que foi esquecida vinte anos atrás.........?,被遗忘了二十年的秘密宅邸，她是怎么才………？,被遺忘了二十年的秘密宅邸，她是怎麼才………？,Perché era in una villa nascosta che era stata dimenticata per 20 anni...?,¿Qué hacía ella en una mansión que había sido olvidada por 20 años?..., ﻓﻠﻢَ ﻛﺎﻧﺖ ﻓﻲ ﻗﺼﺮٍ ﻣﺨﻔﻲٍّ ﻧُﺴﻲ ﻟﻤﺪﺓ 02 ﻋﺎﻣًﺎ.........؟
Captain Kawabata,"""I saw that on the talk shows. Even I can't make heads or tails of that. Not once did I show Eva‐san to the back. I don't have the first damn clue how she knew about Kuwadorian or how she got there.""","""I saw on the talk shows. Even I don't have a clue what happened. Not once did I guide Eva-san to the Hidden Side. I have no idea how or why she knew about or reached Kuwadorian."" ","""I saw on the talk shows.  Even I don't have a clue what happened.  Not once did I guide Eva-san to the back.  I have no idea how or why she knew about and reached Kuwadorian.""",「ワイドショーで見たよ。わしにも何が何だかさっぱりわからん。絵羽さんを裏へ案内したことは一度もない。どうして、どうやって九羽鳥庵を知り、辿り着いたのか、わしにはさっぱり見当もつかない。」,「ワイドショーで見たよ。わしにも何が何だかさっぱりわからん。絵羽さんを裏へ案内したことは一度もない。どうして、どうやって九羽鳥庵を知り、辿り着いたのか、わしにはさっぱり見当もつかない」,"""Я видел ток‐шоу. Даже я не знаю, что произошло. Я ни разу не возил Еву‐сан в тыл. Поэтому понятия не имею, как и почему она знала о Кувадориане и как добралась до него.""","""Eu vi falarem sobre isso em um talk shows. Mesmo eu não faço ideia do motivo. Nunca mostrei a Eva‐san esse lado secreto. Eu não fazia a menor ideia de que ela sabia sobre Kuwadorian e nem como chegou lá.""",「有在八卦秀上看到过。不过，我也是一点都不明白。我从未带绘羽夫人去过“后面”。对于她是怎么知道，以及怎么去的九羽鸟庵，我也完全没有头绪。」,「有在八卦秀上看到過。不過，我也是一點都不明白。我從未帶繪羽夫人去過“後面”。對於她是怎麼知道，以及怎麼去的九羽鳥庵，我也完全沒有頭緒。」,"""L'ho visto nei talk show. Anche se non ho la più pallida idea di cosa si successo. Non ho mai guidato neanche una volta Eva-san nel retro. Non ho idea di come o perché fosse venuta a conoscenza e avesse raggiunto Kuwadorian.""","""Lo vi en los programas de entrevistas. Ni siquiera yo tengo idea de lo que sucedió. Ni una sola vez llevé a Eva-san a la parte de atrás de la isla. No tengo ni la más remota idea de cómo supo de Kuwadorian o cómo llegó allí.""","""ﺷﺎﻫﺪﺕُ ﺫﻟﻚ ﻓﻲ ﺍﻟﺒﺮﺍﻣﺞ ﺍﻟﺤﻮﺍﺭﻳَّﺔ. ﺣﺘﻰ ﺃﻧﺎ ﻻ ﺃﺳﺘﻄﻴﻊ ﻓﻬﻢ ﺫﻟﻚ ﺃﺑﺪًﺍ. ﻟﻢ ﺃُﺭِ ﺇﻳﻔﺎ-ﺳﺎﻥ ﺍﻟﺠﻬﺔ ﺍﻟﺨﻠﻔﻴﺔ ﻭﻟﻮ ﻟﻤﺮﺓٍ ﻭﺍﺣﺪﺓ. ﻟﻴﺲ ﻟﺪﻱَّ ﺃﺩﻧﻰ ﻓﻜﺮﺓٍ ﻟﻌﻴﻨﺔٍ ﻋﻦ ﻛﻴﻔﻴﺔ ﻣﻌﺮﻓﺘﻬﺎ ﺑـ ﻛﻮﺍﺩﻭﺭﻳﺎﻥ ﺃﻭ ﻛﻴﻔﻴﺔ ﻭﺻﻮﻟﻬﺎ ﻟﻪ."
Ushiromiya Ange,"""I wonder if it was possible to go to the back where Kuwadorian is by land.""","""I wonder if it was possible to reach this Hidden Kuwadorian by land."" ",[=UP],「裏の九羽鳥庵に、陸路で行くことは不可能だったのかしら。」,「裏の九羽鳥庵に、陸路で行くことは不可能だったのかしら」,"""А интересно, можно ли добраться до Кувадориана по земле?""","""Eu me pergunto se é possível chegar nesse lado secreto onde está Kuwadorian indo pela ilha.""",「岛背面的九羽鸟庵，是无法靠陆路前往的吗？」,「島背面的九羽鳥庵，是無法靠陸路前往的嗎？」,"""Mi chiedo se sia possibile andare via terra sul retro dell'isola dove c'è Kuwadorian.""","""Me pregunto si es posible llegar a la parte donde está Kuwadorian por tierra.""","""ﺃﻛﺎﻥ ﻣﻦ ﺍﻟﻤﻤﻜﻦ ﺍﻟﺬﻫﺎﺏ ﺑﺮًﺍ ﺇﻟﻰ ﺍﻟﺠﻬﺔ ﺍﻟﺨﻠﻔﻴﺔ ﺣﻴﺚ ﻳﻘﻊ ﻛﻮﺍﺩﻭﺭﻳﺎﻥ ﻳﺎ ﺗُﺮﻯ؟"
Amakusa Juuza,"""......If, as we heard, the forest was dense and uncultivated, I seriously doubt a well‐dressed lady person'd be able to push through it.""","""...If, as we heard, the forest was dense and uncultivated, I seriously doubt a well-dressed lady person'd be able to bush-crash it."" ","""......If, as we heard, the forest was dense and uncultivated, I seriously doubt a well-dressed lady person'd be able to bush-crash it.""",「……もしも話どおりに、未開の密林だとしたら。おめかしした奥様風情に踏破できるもんじゃありませんぜ。」,「……もしも話どおりに、未開の密林だとしたら。おめかしした奥様風情に踏破できるもんじゃありませんぜ」,""".....Если, как мы слышали, лес там является плотным и дремучим, я сильно сомневаюсь, что опрятно одетая дама смогла бы пробиться через него.""","""......Se, como ouvimos, a floresta fosse realmente densa e inexplorada, eu realmente duvido que uma madame elegante como ela fosse capaz de {nobr:atravessá‐la}.""",「……如果真如他们所言，是未开化的密林的话，盛装打扮的太太是不可能穿越得了的。」,「……如果真如他們所言，是未開化的密林的話，盛裝打扮的太太是不可能穿越得了的。」,"""... Se, come abbiamo sentito, la foresta era fitta e selvatica, ho seri dubbi che una signora ben vestita sia stata capace di farsi strada.""","""... Si el bosque era denso e intransitable tal y como escuchamos, realmente dudo que una persona bien vestida haya podido llegar ahí.""","""،ﺇﺫﺍ ﻛﺎﻧﺖ ﺍﻟﻐﺎﺑﺔ - ﻛﻤﺎ ﺳﻤﻌﻨﺎ - ﻛﺜﻴﻔﺔً ﻭﻏﻴﺮ ﻣُﻤﻬﺪﺓ...... ﻓﺄﺷﻚُّ ﺟﺪﻳًﺎ ﻓﻲ ﻗﺪﺭﺓ ﺍﻣﺮﺃﺓٍ ﺃﻧﻴﻘﺔ ﺍﻟﻤﻠﺒﺲ ﻋﻠﻰ ﺍﻟﻌﺒﻮﺭ ﻣﻦ ﺧﻼﻟﻬﺎ."
Ushiromiya Ange,"""So what about by sea? Maybe there was a motorboat or something.""","""So what about by sea? Maybe there was a motorboat or something."" ","""So what about by sea?  Maybe there was a motorboat or something.""",「じゃあ海路？　モーターボートみたいなものがあったとか。」,「じゃあ海路？　モーターボートみたいなものがあったとか」,"""Выходит, тогда по морю? На катере и чём‐то там ещё.""","""E quanto ao mar? Talvez tivesse um lancha ou algo parecido.""",「那么海路？也许是有摩托艇之类的船，是开船……」,「那麼海路？也許是有摩托艇之類的船，是開船……」,"""E via mare? Forse c'era un motoscafo o qualcosa del genere.""","""¿Entonces qué tal por mar? Quizá había un bote a motor o algo así.""","""ﻣﺎﺫﺍ ﻋﻦ ﺍﻟﺬﻫﺎﺏ ﺑﺤﺮًﺍ ﺇﺫًﺍ؟ ﺭﺑَّﻤﺎ ﻛﺎﻥ ﻫﻨﺎﻙ ﻗﺎﺭﺏٌ ﻳﻌﻤﻞ ﺑﻤﺤﺮِّﻙٍ ﺃﻭ ﻣﺎ ﺷﺎﺑﻪ."
Captain Kawabata,"""Are you kidding? That two‐nighter typhoon was awful. No way you could'a used a boat.""","""Are you kidding? That two-nighter typhoon was awful. No way you could'a used a boat."" ","""Are you kidding?  That two-nighter typhoon was awful.  No way you could'a used a boat.""",「まさか。あの二晩の台風は、そりゃあ酷いもんだった。船なんぞ使えるわけもない。」,「まさか。あの二晩の台風は、そりゃあ酷いもんだった。船なんぞ使えるわけもない」,"""Да ты что. Тот двухночный тайфун был ужасен. О какой‐нибудь лодке тут и речи быть не может.""","""Você está brincando? O tufão foi horrível durante aquelas duas noites.{n}É impossível ter usado um barco.""",「哪能呢。那两晚的台风，那叫一个不得了。船是毫无用武之地的。」,「哪能呢。那兩晚的台風，那叫一個不得了。船是毫無用武之地的。」,"""Sta scherzando? Quel tifone delle due notti fu terribile. Impossibile che possa aver usato una barca.""","""¿Estás bromeado? Ese tifón de dos días fue terrible. No hay manera de que se haya podido usar un bote.""","""ﺃﺗﻤﺰﺣﻴﻦ؟ ﻛﺎﻥ ﺫﻟﻚ ﺍﻹﻋﺼﺎﺭ ﺍﻟﺬﻱ ﺍﺳﺘﻤﺮَّ ﻟﻴﻠﺘَﻴﻦ ﻣﺮﻳﻌًﺎ. ﻣﻦ ﺍﻟﻤﺴﺘﺤﻴﻞ ﺍﺳﺘﺨﺪﺍﻡ ﻗﺎﺭﺏٍ ﺁﻧﺬﺍﻙ."""
Ushiromiya Ange,"""What if there was......an underground passage or something between the mansion and Kuwadorian. It would have been a pain to have to charter a boat each time he wanted to visit his mistress's house, right...?""","""So what if...there was an underground passage or something between the mansion and Kuwadorian. Wouldn't it have been a pain to have to charter a boat each time he wanted to visit his mistress's house...?"" ","""So what if, ......there was an underground passage or something between the mansion and Kuwadorian.  Wouldn't it have been a pain to have to charter a boat each time he wanted to visit his mistress's house...?""",「じゃあ、屋敷と九羽鳥庵を直通する、……例えば地下通路のようなものがあったとか。愛人の家へ出入りするのに、毎回、船の用立てが必要なんて、面倒でしょう…？」,[=JP],"""А что если... Что если между особняком и Кувадорианом имелся подземный ход. Ведь было бы крайне неудобно каждый раз плыть на лодке, когда возникало желание нанести своей любовнице визит.""","""E se......tivesse uma passagem subterrânea ou algo do tipo que conectasse a mansão e a Kuwadorian. Seria complicado ter que chamar um barco toda a vez que ele quisesse visitar a casa da amante, certo...?""",「那，会不会是有直接连通大屋与秘宅的，……比如说，像是地下通道的玩意呢？去情妇家每回都得靠船的话，那就太麻烦了吧…？」,「那，會不會是有直接連通大屋與秘宅的，……比如說，像是地下通道的玩意呢？去情婦家每回都得靠船的話，那就太麻煩了吧…？」,"""E se... ci fosse stato un passaggio sotterraneo o qualcosa tra la villa e Kuwadorian. Non sarebbe stato un fastidio dover noleggiare una barca ogni volta che voleva visitare la dimora della sua amante...?""","""Entonces qué tal si... había un pasaje subterráneo o algo parecido entre la mansión y Kuwadorian. Habría sido una molestia tener que ir en bote cada vez que quería visitar la casa de su amante, ¿verdad?...""","""ﻣﺎﺫﺍ ﻟﻮ ﻛﺎﻥ ﺛﻤﺔ......ﻧﻔﻖٌ ﺗﺤﺖ ﺍﻷﺭﺽ ﺃﻭ ﺷﻲﺀٌ ﻣﺎ ﺑﻴﻦ ﺍﻟﻘﺼﺮ ﻭﻛﻮﺍﺩﻭﺭﻳﺎﻥ....ﺃﻟﻢ ﺗﻜﻦ ﻣﺸﻘﺔً ﺑﺎﻟﻐﺔً ﺃﻥ ﻳﻀﻄﺮَّ ﺇﻟﻰ ﺍﺳﺘﺌﺠﺎﺭ ﻗﺎﺭﺏٍ ﻛﻠَّﻤﺎ ﺃﺭﺍﺩ ﺯﻳﺎﺭﺓ ﻗﺼﺮ ﻋﺸﻴﻘﺘﻪ؟"""
Amakusa Juuza,"""A tunnel long enough to connect mansions on opposite sides of a two‐kilometer island like Rokkenjima...?""","""You mean a tunnel long enough to connect mansions on opposite sides of a 2 kilometer island like Rokkenjima...?"" ","""You mean a tunnel long enough to connect mansions on opposite sides of a 2 kilometer island like Rokkenjima...?",「全長２ｋｍの六軒島の、対角線上に存在する屋敷を繋ぐために、そんだけの長い地下トンネルを…？,「全長２ｋｍの六軒島の、対角線上に存在する屋敷を繋ぐために、そんだけの長い地下トンネルを…？」,"""То есть туннель достаточно длинный, чтобы соединять два особняка на противоположных концах Роккенджимы на расстоянии в 2 километра?""","""Um túnel comprido o bastante para conectar duas mansões que estão de lados opostos em uma ilha de dois quilômetros como Rokkenjima...?""",「为了跟位于这个全长两公里的六轩岛的对角线上的大屋相连，而造了那么长的地下隧道…？」,「為了跟位於這個全長兩公里的六軒島的對角線上的大屋相連，而造了那麼長的地下隧道…？」,"""Intendi un tunnel lungo abbastanza da connettere le due ville dalle parti opposte di un'isola di 2 chilometri come Rokkenjima...?","""¿Te refieres a un túnel lo suficientemente largo como para conectar dos mansiones en lados opuestos separadas por 2 kilómetros en una isla como Rokkenjima?...""","""ﻧﻔﻖٌ ﻃﻮﻳﻞٌ ﺑﻤﺎ ﻳﻜﻔﻲ ﻟﺮﺑﻂ ﻗﺼﺮَﻳﻦ ﻋﻠﻰ ﺟﺎﻧﺒﻲ ﺟﺰﻳﺮﺓ ﺭﻭﻛﻴﻨﺠﻴﻤﺎ ﺍﻟﺘﻲ ﺗﻤﺘﺪُّ ﻟﻜﻴﻠﻮﻣﺘﺮَﻳﻦ...؟"""
Amakusa Juuza,"""...Well, I'd like to laugh at the thought, but this is a guy so rich he made a whole hidden mansion for his mistress. Guess I can't deny the possibility. ......What do you think, Captain?""","""...Well, I'd like to laugh at the thought, but this rich guy made a whole hidden mansion for his mistress. Guess I can't deny the possibility. ...What do you think, Captain?"" ","...Well, I'd like to laugh at the thought, but this rich guy made a whole hidden mansion for his mistress.  Guess I can't deny the possibility.  ......What do you think, Captain?""",…と、馬鹿にしてえところだが、愛人のために隠し屋敷まで作っちまう大富豪だ。それも否定できんところですな。……どうなんですか、船長。」,「…と、馬鹿にしてえところだが、愛人のために隠し屋敷まで作っちまう大富豪だ。それも否定できんところですな。……どうなんですか、船長」,"""...Ну, я бы обсмеял такую мысль, однако этот богач отгрохал целый тайный особняк для своей любовницы. Так что такую вероятность отрицать нельзя. ......А вы что думаете, Капитан?""","""...Bem, eu queria poder rir disso, mas aquele cara era tão rico que construiu uma mansão inteira só para a amante. Acho que não posso negar essa possibilidade. ......O que você acha, capitão?""",「…虽然想就这事开玩笑，但毕竟是为了情妇，连秘密宅邸都建了的大富豪啊。这个可能，还真没法排除。……您觉得怎么样，船长？」,「…雖然想就這事開玩笑，但畢竟是為了情婦，連秘密宅邸都建了的大富豪啊。這個可能，還真沒法排除。……您覺得怎麼樣，船長？」,"... Beh, riderei al solo pensiero, ma questo tipo ricco ha costruito un'intera villa nascosta per la sua amante. Credo di non poter negare questa possibilità. {n}Che ne pensa, Capitano?""","""... Bueno, me gustaría reírme de eso, pero este tipo hizo toda una mansión para su amante. Supongo que no puedo negar la posibilidad... ¿Qué opina, capitán?""","""...ﺣﺴﻨًﺎ، ﺃﺭﻏﺐ ﻓﻲ ﺍﻟﻀﺤﻚ ﻋﻠﻰ ﻫﺬﻩ ﺍﻟﻔﻜﺮﺓ، ﻟﻜﻦَّ ﻫﺬﺍ ﺍﻟﺮﺟﻞ ﻏﻨﻲٌّ ﺟﺪًﺍ ﻟﺪﺭﺟﺔ ﺃﻧَّﻪ ﺑﻨﻰ ﻗﺼﺮًﺍ ﻣﺨﻔﻴًﺎ ﺑﺄﻛﻤﻠﻪ ﻣﻦ ﺃﺟﻞ ﻋﺸﻴﻘﺘﻪ. ﺃﻋﺘﻘﺪ ﺃﻧﻨﻲ ﻻ ﺃﺳﺘﻄﻴﻊ ﻧﻔﻲ ﻫﺬﺍ ﺍﻻﺣﺘﻤﺎﻝ....ﻣﺎ ﺭﺃﻳﻚ ﺃﻳُّﻬﺎ ﺍﻟﺮُّﺑﺎﻥ؟"""
Captain Kawabata,"""I'm a man of the sea. No good asking me about holes. But the Japanese military dug a {i:twenty‐five}‐kilometer tunnel on Iwo Jima. Wouldn't surprise me one bit if {i:the} Kinzo‐san could dig at least two.""","""I'm a man of the sea. I don't know about holes. But the Japanese military dug a 25 kilometer tunnel on Iwo Jima. Wouldn't surprise me if ""that"" Kinzo-san could dig at least 2 kilometers."" ","""I'm a man of the sea.  I don't know about holes.  But the Japanese military dug a 25 kilometer tunnel on Iwo Jima.  Wouldn't surprise me if 'that' Kinzo-san could dig at least 2 kilometers.""",「わしは海の人間だ。穴のことはわからん。だが、硫黄島で日本軍は２５ｋｍのトンネルを掘ってみせたぞ。あの金蔵さんなら２ｋｍくらい掘ってみせても、わしゃ何も驚かん。」,「わしは海の人間だ。穴のことはわからん。だが、硫黄島で旧日本軍は２５ｋｍのトンネルを掘ってみせたぞ。あの金蔵さんなら２ｋｍくらい掘ってみせても、わしゃ何も驚かん」,"""Я человек моря. В норах не разбираюсь. Однако японская армия прокопала 25‐километровый туннель на Иво Джиме. Так что я не удивлюсь, если Кинзо‐сан прокопал как минимум 2 км.""","""Eu sou um homem do mar. Não sei nada sobre buracos. Mas o exército japonês cavou um túnel de {i:vinte e cinco} quilômetros em Iwo Jima. Eu não me surpreenderia se {i:o} Kinzo‐san escavasse ao menos dois.""",「我是在海上讨生活的人。挖洞的事就不清楚了。不过，在硫磺岛，日军可是挖了二十五公里的地道。那位金藏先生挖个两公里，我是一点都不会吃惊的。」,「我是在海上討生活的人。挖洞的事就不清楚了。不過，在硫磺島，日軍可是挖了二十五公里的地道。那位金藏先生挖個兩公里，我是一點都不會吃驚的。」,"""Sono un uomo di mare. Non mi intendo di buchi. Ma l'esercito giapponese ha scavato un tunnel di 25 chilometri su Iwo Jima. Non sarei sorpreso se ‘quel’ Kinzo-san ne avesse costruito uno di 2 chilometri.""","""Soy un hombre de mar. Yo no sé de tierra. Pero el ejército japonés hizo un túnel de 25 kilómetros en Iwo Jima. No me sorprendería si Kinzo-san pudiera hacer uno de 2 kilómetros.""","""ﺃﻧﺎ ﺑﺤَّﺎﺭ. ﻟﺬﺍ ﻻ ﺟﺪﻭﻯ ﻣﻦ ﺳﺆﺍﻟﻲ ﻋﻦ ﺍﻷﻧﻔﺎﻕ. ﻭﻟﻜﻦ ﺍﻟﺠﻴﺶ ﺍﻟﻴﺎﺑﺎﻧﻲ ﺣﻔﺮ ﻧﻔﻘًﺎ ﺑﻄﻮﻝ 52 ﻛﻴﻠﻮﻣﺘﺮًﺍ ﻓﻲ ﺇﻳﻮ ﺟﻴﻤﺎ. ﻟﻦ ﻳﺪﻫﺸﻨﻲ ﺃﺑﺪًﺍ ﺇﻥ ﺍﺳﺘﻄﺎﻉ ﻛﻴﻨﺰﻭ-ﺳﺎﻥ ﺣﻔﺮ ﻧﻔﻘَﻴﻦ ﻋﻠﻰ ﺍﻷﻗﻞ."""
Ushiromiya Ange,""".....................This really is a strange island. Even now, not one of us really knows a thing about it.""",""".........There really is something wrong with this island. Even now, not one of us really knows a thing about it."" ","""...............There really is something wrong with this island.  Even now, not one of us really knows a thing about it.""",「…………………やっぱり、狂った島ね。私たちはこの島のことを、未だ誰一人、何も知らない。」,「…………………やっぱり、おかしな島ね。私たちはこの島のことを、未だ誰一人、何も知らない」,"""............С этим островом явно что‐то нечисто. Даже сейчас никто из нас ничего толком о нём не знает.""",""".....................Essa é mesmo uma ilha estranha. Até agora, nenhum de nós realmente sabe nada sobre ela.""",「…………………果然，是个疯狂的岛呢。对于这个岛，我们每个人都仍一无所知。」,「…………………果然，是個瘋狂的島呢。對於這個島，我們每個人都仍一無所知。」,"""... C'è davvero qualcosa di sbagliato in quest'isola. Anche ora, nessuno di noi la conosce davvero.""","""... Esta sí que es una isla extraña. Incluso ahora, ni uno de nosotros sabe algo sobre ella.""","""......ﻫﺬﻩ ﺟﺰﻳﺮﺓٌ ﻏﺮﻳﺒﺔٌ ﺣﻘًﺎ. ﻻ ﺃﺣﺪ ﻣﻨﺎ ﻳﻌﺮﻑ ﺷﻴﺌًﺎ ﺣﻘﻴﻘﻴًﺎ ﻋﻨﻬﺎ ﺣﺘﻰ ﺍﻵﻥ."""
,The boat reached the shore. There would be a short walk to reach the mansion.,The boat reached the shore. They would have to walk a short ways to reach the mansion. ,The boat reached the shore.There would be a short walk to reach the mansion.,船が接岸する。お屋敷へは少し歩かなければならない。,[=JP],Катер достиг берега. Отсюда было недалеко до особняка.,O barco chegou à costa. Tem um pequeno caminho a se fazer até chegar na mansão.,船靠了岸。要去大屋，还需稍微走点路。,船靠了岸。要去大屋，還需稍微走點路。,La barca raggiunse la costa. Ci sarebbe stato un po' da camminare per raggiungere la villa.,El barco llegó a la orilla. Tendría que hacer una corta caminata para llegar a la mansión.,ﻭﺻﻞ ﺍﻟﻘﺎﺭﺏ ﺇﻟﻰ ﺍﻟﺸﺎﻃﺊ. ﻭﻳﻠﺰﻡ ﻣﺴﻴﺮﺓٌ ﻗﺼﻴﺮﺓٌ ﻟﻠﻮﺻﻮﻝ ﺇﻟﻰ ﺍﻟﻘﺼﺮ.
Captain Kawabata,"""......I'll wait here. The mansion's that way. The path from back then's probably still there, but I'll bet it's covered with plants. Make sure you don't get yourself lost.""","""...I'll wait here. The mansion's that way. The path from back then's probably still there, but I'll bet it's covered with plants. Make sure you don't get lost."" ","""......I'll wait here.  The mansion's that way.  The path from back then's probably still there, but I'll bet it's covered with plants.  Make sure you don't get lost.""",「……わしはここで待っている。屋敷は向こうだ。当時の道が残っているだろうが、草木で覆われてしまってるはずだ。迷わんように気をつけてな。」,「……わしはここで待っている。屋敷は向こうだ。当時の道が残っているだろうが、草木で覆われてしまってるはずだ。迷わんように気をつけてな」,""".....Я подожду здесь. Особняк находится там. Ведущая к нему тропинка наверняка сохранилась, но готов поспорить, что порядком заросла. Главное не потеряйтесь.""","""......Eu vou esperar aqui. A mansão é daquele lado. O caminho antigo ainda deve existir, mas aposto que está coberto por vegetação. Tomem cuidado para não se perderem.""",「……我在这里等着。大屋就在那边。当时的道路还留着吧，不过，应该是被草木挡住了。小心，别迷路啊。」,「……我在這裡等著。大屋就在那邊。當時的道路還留著吧，不過，應該是被草木擋住了。小心，別迷路啊。」,"""... Io aspetterò qui. La villa è da quella parte. Il sentiero di allora probabilmente sarà ancora lì, ma scommetto che è coperto da piante. Assicuratevi di non perdervi.""","""... Esperaré aquí. La mansión está en esa dirección. El camino de entonces probablemente siga ahí, pero apuesto a que está cubierto de plantas. Asegúrate de no perderte.""","""ﺳﺄﻧﺘﻈﺮ ﻫﻨﺎ...... ﺍﻟﻘﺼﺮ ﻓﻲ ﺫﻟﻚ ﺍﻻﺗِّﺠﺎﻩ. ﺭﺑَّﻤﺎ ﻻ ﻳﺰﺍﻝ ﺍﻟﻄﺮﻳﻖ ﺍﻟﺬﻱ ﻛﺎﻥ ﺁﻧﺬﺍﻙ ﻣﻮﺟﻮﺩًﺍ، ﻭﻟﻜﻨﻨﻲ ﺃﺭﺍﻫﻦ ﺃﻧَّﻪ ﻣﻐﻄَّﻰ ﺑﺎﻟﻨﺒﺎﺗﺎﺕ. ﺍﺣﺮﺻﻲ ﺃﻻ ﺗﻀﻴﻌﻲ."""
Amakusa Juuza,"""Right, off we go, then?""","""Right, let's go."" ","""Right, let's go.""",「ほんじゃ、行きましょうかね。」,「ほんじゃ、行きましょうかね」,"""Хорошо, идём.""","""Certo, vamos indo?""",「嗯，那咱们出发吧。」,「嗯，那咱們出發吧。」,"""Giusto, andiamo.""","""Bien, ¿nos vamos entonces?""","""ﺣﺴﻨًﺎ، ﻫﻞ ﻧﺬﻫﺐ؟"""
Ushiromiya Ange,"""Thanks, Amakusa. But you wait here too.""","""Thanks for everything, Amakusa. You wait here too."" ","""Thanks for everything, Amakusa.  You wait here too.""",「ありがとう、天草。あんたもここで待ってて。」,「ありがとう、天草。あんたもここで待ってて」,"""Спасибо за всё, Амакуса. Ты тоже подожди здесь.""","""Obrigada, Amakusa. Mas você espera aqui também.""",「谢谢，天草。你也等在这儿吧。」,「謝謝，天草。你也等在這兒吧。」,"""Grazie di tutto, Amakusa. Aspetta qui anche tu.""","""Gracias, Amakusa. Pero tú también espera aquí.""","""ﺷﻜﺮًﺍ ﻟﻚ ﻳﺎ ﺃﻣﺎﻛﻮﺳﺎ.""ﻭﻟﻜﻦ ﺍﻧﺘﻈﺮ ﻫﻨﺎ ﺃﻳﻀًﺎ."
Amakusa Juuza,""".........Eh, I had a feeling you'd say that.""","""......Well, I had a feeling you'd say that."" ",""".........Well, I had a feeling you'd say that.""",「………まぁ、そう言い出すんじゃないかと思ってましたぜ。」,「………まぁ、そう言い出すんじゃないかと思ってましたぜ」,"""......Что ж, я предполагал, что вы такое скажете.""",""".........Bem, eu senti que você fosse dizer isso.""",「………我就知道，小姐大概是会这么说啊。」,「………我就知道，小姐大概是會這麼說啊。」,"""... Beh, avevo la sensazione che l'avresti detto.""","""... Bueno, tenía la sensación de que dirías eso.""","""ﺇﻳﻪ، ﺍﻧﺘﺎﺑﻨﻲ ﺷﻌﻮﺭٌ ﺃﻧَّﻚِ ﺳﺘﻘﻮﻟﻴﻦ ﺫﻟﻚ........."
Ushiromiya Ange,"""I'm just delivering something. You'll just be trouble for them if you're with me. I imagine your toxin is strong.""","""I'm just delivering something. It'll be troublesome for them if you come too. I imagine your toxin is strong."" ","""I'm just delivering something.  It'll be a pain over there if you come too.  I imagine your toxin is strong.""",「届け物をするだけよ。あなたが一緒だと向こうが迷惑するの。あんたの毒素、強そうだから。」,「届け物をするだけよ。あなたが一緒だと向こうが迷惑するの。あんたの毒素、強そうだから」,"""Мне просто нужно кое‐что отнести. А твое сопровождение может привести к осложнениям. Мне думается, твой токсин очень силён.""","""Eu só estou indo entregar algo. Você só vai atrapalhar se for comigo. Suas toxinas devem ser fortes.""",「只是去送下东西。你一起的话，就会令那边的人为难了。因为，你的毒素貌似很强。」,「只是去送下東西。你一起的話，就會令那邊的人為難了。因為，你的毒素貌似很強。」,"""Devo solo consegnare una cosa. Sarà un problema lì se vieni anche tu. Immagino che la tua tossina sia forte.""","""Solo voy a entregar algo... Será una molestia si vienes también. Imagino que tu toxina es fuerte.""","""ﺃﻧﺎ ﺃﻭﺻﻞ ﺷﻴﺌًﺎ ﻣﺎ ﻓﺤﺴﺐ. ﺳﺘﺘﺴﺒَّﺐ ﻓﻲ ﺇﺯﻋﺎﺝٍ ﻟﻬﻢ ﺇﺫﺍ ﻛﻨﺖَ ﻣﻌﻲ. ﺃﺗﺨﻴﻞ ﺃﻥَّ ﺳُﻤﻚ ﻗﻮﻱ."""
Amakusa Juuza,"""Toxin? Hmm.""","""Toxin? Oho."" ","""Toxin?  Oho.""",「毒素？　はて。」,「毒素？　はて」,"""Токсин? Ну‐ну.""","""Toxinas? Quê?""",「毒素？嗯？」,[=CN],"""Tossina? Oho.""","""¿Toxina? Mmm.""","""ﺳﻢ؟ ﺣﺴﻨًﺎ."""
Ushiromiya Ange,"""I'll be back soon. Our main goal today is Kuwadorian. ......After I deliver this, I'll come right back.""","""I'll be back soon. Today, our main goal is Kuwadorian. ...After I deliver this, I'll come right back."" ","""I'll be back soon.  Today, our main goal is Kuwadorian.  ......After I deliver this, I'll come right back.""",「すぐに戻るわ。今日の本命は九羽鳥庵の方だもの。……届け物をしたら、すぐに戻ってくるわ。」,「すぐに戻るわ。今日の本命は九羽鳥庵の方だもの。……届け物をしたら、すぐに戻ってくるわ」,"""Скоро вернусь. Нашей основной целью сегодня является Кувадориан. ......После того, как отнесу это, сразу же вернусь.""","""Eu voltarei logo. Nosso principal objetivo hoje é Kuwadorian. ......Voltarei em seguida depois disso.""",「马上就回来。毕竟，今天的主要目的是去九羽鸟庵。……等送完东西，我就马上回来。」,「馬上就回來。畢竟，今天的主要目的是去九羽鳥庵。……等送完東西，我就馬上回來。」,"""Tornerò presto. Oggi, il nostro obiettivo principale è Kuwadorian. ... Dopo che porto questo, tornerò subito.""","""Regresaré pronto. Hoy, nuestro principal objetivo es Kuwadorian... Después de que entregue esto, regresaré.""","""ﺳﺄﻋﻮﺩ ﻗﺮﻳﺒًﺎ. ﻫﺪﻓﻨﺎ ﺍﻟﺮﺋﻴﺴﻲ ﺍﻟﻴﻮﻡ ﻛﻮﺍﺩﻭﺭﻳﺎﻥ. ﺳﺄﻋﻮﺩ ﻓﻮﺭًﺍ ﺑﻌﺪ ﺗﻮﺻﻴﻞ ﻫﺬﺍ."""
,Ange put on her knapsack and grabbed the flowers she was planning to offer.,"Ange put on her knapsack, holding the flowers she would offer. ","Ange put on her knapsack, holding the flowers she would offer.",縁寿はナップザックを背負い、手向けの花束を持つ。,[=JP],Энджи надела рюкзак и взяла в руки цветы для возложения.,Ange largou sua mochila e pegou as flores que pretendia oferecer.,缘寿背好背包，把供奉的花束拿在手中。,緣壽背好背包，把供奉的花束拿在手中。,"Ange si mise lo zaino, tenendo i fiori che avrebbe offerto.","Ange se puso su mochila, sosteniendo las flores que ella ofrecería.", ﺍﺭﺗﺪﺕ ﺇﻧﺠﻲ ﺣﻘﻴﺒﺔ ﻇﻬﺮﻫﺎ ﻭﺃﻣﺴﻜﺖ ﺑﺎﻟﺰُّﻫﻮﺭ ﺍﻟﺘﻲ ﻛﺎﻧﺖ ﺗﻨﻮﻱ ﺗﻘﺪﻳﻤﻬﺎ.
Captain Kawabata,"""Take the hint, young'un. ......Go on, gal. Your family's waiting for you.""","""Give her some space, young'un. ...See you soon, little lady. Your family's waiting for you."" ","""I feel for you, young'un.  ......See you soon, little lady.  Your family is waiting for you.""",「察してやれ、若いの。……行ってこい、お嬢ちゃん。あんたの家族が待っている。」,「察してやれ、若いの。……行ってこい、お嬢ちゃん。あんたの家族が待っている」,"""Я сочувствую тебе, девочка. До скорого, юная леди. Твоя семья ждёт тебя.""","""Dê um espaço para ela, jovem. ......Vá em frente, senhorita. Sua família está esperando por você.""",「体谅下吧，小伙子。……去吧，小姐。你的家人，正等着呢。」,「體諒下吧，小伙子。……去吧，小姐。你的家人，正等著呢。」,"""Capisco come si sente, giovanotta. ... A presto, signorina. La tua famiglia ti sta aspettando.""","""Dale algo de espacio, jovencito... Nos vemos pronto, señorita. Tu familia te espera.""","""ﺍﻓﻬﻢ ﺍﻟﻘﺼﺪ ﻳﺎ ﻓﺘﻰ. ﻃﺮﻳﻖ ﺍﻟﺴﻼﻣﺔ ﻳﺎ ﺁﻧﺴﺔ. ﺃﺳﺮﺗﻚِ ﻓﻲ ﺍﻧﺘﻈﺎﺭﻙ."""
,"I had never been on a road like this, but I had no trouble finding my way.{n}If I walked straight ahead, it would probably guide me to the final destination for everything.","I had never been on a road like this, but I had no trouble finding my way. If I walked straight ahead, it would probably guide me to the final destination for everything. ","I had never been on a road like this, but I had no trouble finding my way.If I walked straight ahead, it would probably guide me to the final destination for everything.",こんな道は初めてだったが、方角的に問題ない。このまま真っ直ぐ歩けば、私を全ての終着点へ導いてくれるだろう。,こんな道は初めてだったが、方角的に問題ない。{n}このまま真っ直ぐ歩けば、私を全ての終着点へ導いてくれるだろう。,"Мне ещё не доводилось ходить такой дорогой, однако у меня не возникало трудностей в поисках пути.{n}Если пойду прямо вперёд, тропа наверняка приведёт меня к заключительному пункту всего.","Eu nunca estive em um caminho como esse, mas também não tive problemas para me guiar.{n}Se eu seguir andando reto, a trilha provavelmente vai me guiar até ao destino final de tudo.",虽然是头一次走这条道，但方向上是不会有问题的。{n}只要这么笔直走下去，它就一定会引领我去一切的终点吧。,雖然是頭一次走這條道，但方向上是不會有問題的。{n}只要這麼筆直走下去，它就一定會引領我去一切的終點吧。,"Non ero mai stata su un percorso così, ma non ebbi difficoltà a trovare la mia strada. Se avessi camminato dritto, probabilmente sarei arrivata all'ultima destinazione per ogni cosa.","Nunca había recorrido un camino como este, pero no tenía problemas para guiarme.{n}Si caminase en línea recta, probablemente me llevaría al destino final de todo.", ﻟﻢ ﺃﺳﺮ ﻗﻂ ﻓﻲ ﻃﺮﻳﻖٍ ﻛﻬﺬﺍ، ﻭﻟﻢ ﺃﻛﻦ ﺃﺟﺪ ﺻﻌﻮﺑﺔً ﻓﻲ ﺇﻳﺠﺎﺩ ﻃﺮﻳﻘﻲ.{n} ﺇﺫﺍ ﺳﺮﺕُ ﺇﻟﻰ ﺍﻷﻣﺎﻡ ﻣﺒﺎﺷﺮﺓً، ﻓﻤﻦ ﺍﻟﻤﺤﺘﻤﻞ ﺃﻥ ﻳﻘﻮﺩﻧﻲ ﺫﻟﻚ ﺇﻟﻰ ﺍﻟﻤُﻨْﺘَﻬﻰ.
,"The vegetation certainly was incredible, and you would lose track of the path if you were careless enough to let your attention drift.","It was true that the vegetation was incredibly thick, and if I didn't pay attention, I would lose track of the path. ","Of course, when the vegetation got incredibly vague, I would lose track of the path.",確かに草木がものすごく、ぼんやりしているとどこが道なのかわからなくなる。,[=JP],"Разумеется, когда растительность станет гуще, я потеряю тропу.","A vegetação era certamente incrível, e você se perderia do caminho se fosse distraído o suficiente para sair da trilha por um instante.",的确，草木非常繁茂，一旦心不在焉，就会连哪里是路都搞不明白了。,的確，草木非常繁茂，一旦心不在焉，就會連哪裡是路都搞不明白了。,"Ovviamente, quando la vegetazione si faceva incredibilmente vaga, perdevo traccia del sentiero.","La vegetación era ciertamente increíble, y podrías perder el rastro del camino si eras lo suficientemente descuidado como para dejar que tu atención se desviara.", ﻻ ﺷﻚَّ ﺃﻥَّ ﺍﻟﻨﺒﺎﺗﺎﺕ ﻛﺎﻧﺖ ﻣﺬﻫﻠﺔ، ﻭﺳﻴﻀﻞ ﺍﻟﻤﺮﺀ ﺍﻟﻄﺮﻳﻖ ﺇﻥ ﺗﻬﺎﻭﻥ ﺑﻤﺎ ﻳﻜﻔﻲ ﻭﺗﺮﻙ ﺍﻧﺘﺒﺎﻫﻪ ﻳﺸﺮﺩ.
,......But the road that was left was much better than I had imagined.,...But the road that was left was much clearer than I'd guessed it would be. ,[=UP],……でも想像していたよりは、遥かにマシな道が残されていた。,[=JP],"Однако дорога сохранилась гораздо лучше, чем я предполагала.",......Mas o caminho que restava estava muito melhor do que eu havia imaginado.,……不过，还是留下了一条，与我想象中相比要像样得多的道路。,……不過，還是留下了一條，與我想像中相比要像樣得多的道路。,... Ma il percorso rimasto era molto meglio di quanto immaginassi.,... Pero lo que quedaba del camino era mucho mejor de lo que había imaginado.,...ﻏﻴﺮ ﺃﻥَّ ﺍﻟﻄﺮﻳﻖ ﺍﻟﻤﺘﺒﻘﻲّ ﻛﺎﻥ ﺃﻓﻀﻞ ﻣﻤﺎ ﺗﺨﻴﻠﺖُ ﺑﻜﺜﻴﺮ.
,"Still, that didn't change the fact that it was a bad road.","Still, that didn't change the fact that it was a bad road. ",[=UP],それでも悪路であることに変わりはない。,[=JP],"Тем не менее, это не отменяло факта, что она пребывала в неважном состоянии.","Ainda assim, não mudava o fato de que era uma trilha ruim.",当然，说是这么说，难走就是难走。,當然，說是這麼說，難走就是難走。,"Tuttavia, non cambiava il fatto che non fosse un buon sentiero.","Aun así, eso no cambiaba el hecho de que estaba en un mal estado.", ﻭﻣﻊ ﺫﻟﻚ، ﻻ ﻳﺰﺍﻝ ﻃﺮﻳﻘًﺎ ﻭﻋﺮًﺍ.
,"......Contrary to the distance shown on the map, I was forced to walk a long way......","...Contrary to the distance shown on the map, I was forced to walk a long way... ",[=UP],……私は地図上の距離とは裏腹に、だいぶ歩かなくてはならなかった……。,[=JP],"В отличие от указанного на карте расстояния, мне пришлось проделать более долгий путь.","......Ao contrário da distância mostrada no mapa, eu fui forçada a caminhar muito......",……结果，我不得不与地图上的距离正相反地，走上了好长一段时间……。,……結果，我不得不與地圖上的距離正相反地，走上了好長一段時間……。,"... Contrariamente alla distanza mostrata nella mappa, fui obbligata a camminare molto...","... A diferencia de la distancia mostrada en el mapa, me vi obligada a caminar bastante...", ......ﻋﻠﻰ ﻋﻜﺲ ﺍﻟﻤﺴﺎﻓﺔ ﺍﻟﻤﻮﺿَّﺤﺔ ﻋﻠﻰ ﺍﻟﺨﺮﻳﻄﺔ، ﺍﺿﻄﺮﺭﺕُ ﺇﻟﻰ ﺍﻟﺴﻴﺮ ﻣﺴﺎﻓﺔً ﻃﻮﻳﻠﺔ......
,......The forest was deep and dark.,...The forest was deep and dark. ,[=UP],……森は深く、暗い。,[=JP],Лес был тёмен и дремуч.,......A floresta era profunda e escura.,……森林又深、又暗。,[=CN],... La foresta era scura e profonda.,... El bosque era profundo y oscuro.,...ﻛﺎﻧﺖ ﺍﻟﻐﺎﺑﺔ ﻋﻤﻴﻘﺔً ﻭﻣﻈﻠﻤﺔ.
,"At the time, I had been threatened into staying away from the forest because a witch lived there.","At the time, I had been threatened into staying away from the forest because a witch lived there. ",[=UP],当時の私は、この森には魔女が住んでいるから近付くなと脅されていた。,[=JP],"Когда‐то меня пугали держаться от леса подальше, потому что там жила ведьма.","Naquela época, eu fui ameaçada a ficar longe da floresta porque uma bruxa vivia nela.",当时的我曾被吓唬过，“这森林里住着魔女，所以不可以靠近”。,當時的我曾被嚇唬過，“這森林裡住著魔女，所以不可以靠近”。,"Al tempo, io ero stata avvisata di stare alla larga dalla foresta con la minaccia che una strega viveva lì.","En aquella época, me habían advertido de que me alejara del bosque porque allí vivía una bruja.", ﺣﻴﻨﺬﺍﻙ، ﺗﻠﻘَّﻴﺖُ ﺗﻬﺪﻳﺪﺍﺕٍ ﻟﻼﺑﺘﻌﺎﺩ ﻋﻦ ﺍﻟﻐﺎﺑﺔ ﻷﻥَّ ﺳﺎﺣﺮﺓً ﺗﻘﻄﻦ ﻓﻴﻬﺎ.
,"Of course, that fear is gone now, .........but I feel it.","Of course, that fear is gone now, ......but...I feel it. ","Of course, that fear is gone now, .........but, I feel it.",その怯えはさすがに今はないが、………でも、感じる。,[=JP],"Теперь, разумеется, тот страх испарился... Однако я ощущаю какую‐то крупицу его.","É claro, esse medo já se foi, .........mas eu posso sentir.",现在再怎么说，都不会有这份畏惧了，………但是，感觉得到。,現在再怎麼說，都不會有這份畏懼了，………但是，感覺得到。,"Ovviamente, quella paura era sparita... tuttavia, la sentivo.","Por supuesto, ese miedo ya ha desaparecido... pero puedo sentirlo.", ﺑﺎﻟﻄﺒﻊ، ﺫﻟﻚ ﺍﻟﺨﻮﻑ ﻗﺪ ﺯﺍﻝ ﺍﻵﻥ، .........ﻭﻟﻜﻨﻨﻲ ﺃﺷﻌﺮ ﺑﻬﺎ.
,"Other people may not be able to, ......but I can feel the presence, like an aura, of the Golden Witch {f:5:Beatrice}...","Because I was me, ...I could feel the presence, like an aura, of the Golden Witch, {f:5:Beatrice}... ","Because I was me, ......I could feel the presence, like an aura, of the Golden Witch Beatrice...",黄金の魔女、ベアトリーチェの気配、……霊気のようなもの、私だから感じることが出来る…。,[=JP],"Поскольку я была той, кем являюсь, я чувствовала напоминающее ауру присутствие Золотой Ведьмы {f:5:Беатриче}...","Outras pessoas podem não ser capazes, ......mas eu posso sentir uma presença, como uma aura, da Bruxa Dourada {f:5:Beatrice}...",黄金的魔女，贝阿朵莉切的气息，……正因为是我，所以能感到这犹如灵气之物…。,黃金的魔女，貝阿朵莉切的氣息，……正因為是我，所以能感到這猶如靈氣之物…。,"Dato che ero io... riuscivo a sentire la presenza, come un'aura, della Strega Dorata Beatrice...","Puede que otras personas no sean capaces... pero yo siento la presencia, como un aura, de la Bruja Dorada {f:5:Beatrice}...", ﻗﺪ ﻻ ﻳﻜﻮﻥ ﺑﻮﺳﻊ ﺍﻵﺧﺮﻳﻦ ﺫﻟﻚ،...ﻭﻟﻜﻨﻨﻲ ﺃﺳﺘﻄﻴﻊ ﺃﻥ ﺃﺷﻌﺮ ﺑﻮﺟﻮﺩ ﺍﻟﺴَّﺎﺣﺮﺓ ﺍﻟﺬﻫﺒﻴَّﺔ {f:7:ﺑﻴﺎﺗﺮﻳﺲ} ﻣﺜﻞ ﺍﻟﻬﺎﻟﺔ.
,"Massive, oddly shaped rocks scattered here and there. Overgrown trees and ivy. ......The voices of birds and bugs.",Here and there were massive fallen lumps of rock along with overgrown trees and ivy. ...And the voices of birds and bugs. ,Here and there were massive fallen lumps of rock along with overgrown trees and ivy.  ......And the voices of birds and bugs.,あちこちに奇岩となって転がる巨大な岩塊と生い茂った木々と蔦。……鳥たちと虫たちの声。,[=JP],"То тут, то там валяются громадные куски камней, да устремляются вверх высоченные деревья, обвитые плющом. .....И среди всего этого раздаются голоса птиц и насекомых.",Massivas rochas estranhamente moldadas estavam espalhadas pelos cantos. Repleto de árvores e heras. ......As vozes dos pássaros e insetos.,遍布四周的奇形怪状的巨大岩块，繁茂的树木与常春藤。……鸟与虫儿的叫声。,遍佈四周的奇形怪狀的巨大岩塊，繁茂的樹木與常春藤。……鳥與虫兒的叫聲。,Qui e là vi erano enormi massi caduti assieme all'edera e agli alberi incolti. {n}e i suoni di uccelli e insetti.,Aquí y allá se encontraban pedazos gigantes de roca caída junto con árboles bastante grandes y hiedras... Y las voces de los pájaros e insectos., ﺻﺨﻮﺭٌ ﺿﺨﻤﺔٌ ﻏﺮﻳﺒﺔ ﺍﻟﺸﻜﻞ ﻣﺘﺒﻌﺜﺮﺓٌ ﻫﻨﺎ ﻭﻫﻨﺎﻙ، ﺃﺷﺠﺎﺭٌ ﻣﺘﻀﺨِّﻤﺔٌ ﻭﻟﺒﻼﺏٌ ﻣﺘﺴﻠِّﻖ....ﺃﺻﻮﺍﺕ ﺍﻟﻄُّﻴﻮﺭ ﻭﺍﻟﺤﺸﺮﺍﺕ.
,"Yeah, I can feel it. .........I can feel...that the witch...is here......","Yeah, I feel it. ......I feel...that the witch...is here... ","Yeah, I feel it..........I feel...that the witch...is here......",あぁ、感じるわ。………魔女が、いるのを、感じる……。,[=JP],"Да, я чувствую это. Я чувствую... что ведьма... здесь...","Sim, eu posso senti‐las. .........Eu posso sentir...que a bruxa...está aqui......",啊——，感到了。………我感到了，魔女的，存在……。,[=CN],"Sì, lo sento. ... Sento... che la strega... è qui...","Sí, puedo sentirlo... Puedo sentir... que la bruja... está aquí...", ﺃﺟﻞ، ﺑﻮﺳﻌﻲ ﺍﻟﺸُّﻌﻮﺭ ﺑﻬﺎ. ......ﺑﻮﺳﻌﻲ ﺍﻟﺸُّﻌﻮﺭ...ﺃﻥَّ ﺍﻟﺴَّﺎﺣﺮﺓ...ﻫﻨﺎ.
,"Ahead, an ivy‐covered construction site fence and warning sign stood.","Ahead, an ivy-covered construction site fence and warning sign stood. ","Ahead, an ivy-covered construction site fence and warning sign stood.",前方に、蔦に絡まった工事現場の柵と警告板みたいなものが立っている。,[=JP],И вот впереди возник покрытый плющом строительный забор с предупреждающим знаком.,"À frente, uma cerca de campo de obras, coberta por heras e uma placa de aviso.",在前方竖立着像是工地栅栏与警告牌的东西。,在前方豎立著像是工地柵欄與警告牌的東西。,"Più avanti, c'era un cartello di avvertimento e una recinzione del sito di costruzioni coperta d'edera.","Adelante, había una reja cubierta de hiedras y un cartel de advertencia.", ﻳﻘﻒ ﺃﻣﺎﻣﻲ ﺳﻴﺎﺝٌ ﻟﻤﻮﻗﻊ ﺑﻨﺎﺀٍ ﻣﻐﻄَّﻰ ﺑﺎﻟﻠﺒﻼﺏ ﻭﻋﻠﻴﻪ ﻻﻓﺘﺔ ﺗﺤﺬﻳﺮ.
,"""NO ENTRY — TOKYO METROPOLIS"". That was written on it.","""No entry, Tokyo Metropolis"". That was written on it. ","'No entry, Tokyo Metropolis'.That was written on it.",“立入禁止、東京都”。そう書かれていた。,[=JP],"""Прохода нет, столица Токио"". Гласила надпись на нём.","""NÃO ENTRE — METRÓPOLE DE TÓQUIO"". Era o que estava escrito.",上书。“禁止入内——东京都”。,上書。“禁止入內——東京都”。,"‘Vietato l'accesso, Metropoli di Tokyo’. Questo è ciò che c'era scritto.","""NO ENTRAR — METRÓPOLIS DE TOKIO"". Eso estaba escrito en ella.","""ﻣﻤﻨﻮﻉ ﺍﻟﺪُّﺧﻮﻝ - ﻣﻘﺎﻃﻌﺔ ﻃﻮﻛﻴﻮ ﺍﻟﻜﺒﺮﻯ"" ﺫﻟﻚ ﻣﺎ ﻛﺎﻥ ﻣﻜﺘﻮﺑًﺎ ﻋﻠﻴﻬﺎ."
,"Oh, right. When you think ""Tokyo"", you tend to think of a city, but address‐wise, even Rokkenjima is a rightful part of Tokyo Metropolis.","Yeah, that's right. When you think ""Tokyo"", you tend to think of a city, but Rokkenjima is also located within the Tokyo Metropolis. ","Yeah, that's right.  When you think 'Tokyo', you tend to think of a city, but Rokkenjima is also located within Tokyo Metropolis.",あぁ、そうか。東京というとついつい都会みたいなイメージがあるけれど、六軒島も住所上は立派な東京都だ。,[=JP],"Да, верно. Название ""Токио"" тут же вызывает ассоциацию с городом, однако Роккенджима также является частью Токио.","Ah, sim. Quando você pensa em ""Tóquio"", você tende a pensar em uma cidade, mas Rokkenjima também faz parte da Metrópole de Tóquio.",啊——，对了。虽然一提起东京，就不由自主地联想到都市，但六轩岛在地址上也是实实在在的东京都。,啊——，對了。雖然一提起東京，就不由自主地聯想到都市，但六軒島在地址上也是實實在在的東京都。,"Già, è vero. Quando si pensa a ‘Tokyo’, si tende a pensare ad una città, ma Rokkenjima si trova entro la Metropoli di Tokyo.","Sí, es cierto. Cuando uno piensa en ""Tokio"", se tiende a pensar en la ciudad, pero Rokkenjima también está localizada dentro de la Metrópolis de Tokio."," ﺻﺤﻴﺢ. ﻋﻨﺪﻣﺎ ﺃﻓﻜﺮ ﺑـ""ﻃﻮﻛﻴﻮ""، ﺩﺍﺋﻤًﺎ ﻣﺎ ﺃﺗﺨﻴﻠﻬﺎ ﻣﺪﻳﻨﺔً ﻣﺰﺩﺣﻤﺔ، ﻭﻟﻜﻦ ﻣﻦ ﺣﻴﺚ ﺍﻟﻌﻨﻮﺍﻥ، ﺣﺘﻰ ﺭﻭﻛﻴﻨﺠﻴﻤﺎ ﺟﺰﺀٌ ﺃﺻﻴﻞٌ ﻣﻦ ﻣﻘﺎﻃﻌﺔ ﻃﻮﻛﻴﻮ ﺍﻟﻜﺒﺮﻯ."
,"......Apologizing to the sign for my mistaken impression, I climbed over the fence.","...Apologizing to the sign for my rude mistake, I climbed the fence. ","......Apologizing to the sign for my mistaken impression, I climbed the fence.",……失礼な誤解だったと看板に謝りながら、私は柵を越える。,[=JP],"Извинившись перед знаком за своё ошибочное впечатление, я перелезла через забор.","......Desculpando‐me com a placa por meu erro rude, eu escalei a cerca.",……我边为失礼的误解向警告牌道歉，边翻过了栅栏。,……我邊為失禮的誤解向警告牌道歉，邊翻過了柵欄。,"... Scusandomi col cartello per la mia impressione sbagliata, scavalcai la recinzione.","... Pidiendo disculpas al cartel por mi impresión equivocada, trepé por la reja.", ﺍﻋﺘﺬﺭﺕُ ﻟﻠﻮﺣﺔ ﻋﻠﻰ ﺳﻮﺀ ﻓﻬﻤﻲ ﺍﻟﻔﺎﺩﺡ، ﻭﺗﺴﻠﻘﺖُ ﺍﻟﺴﻴﺎﺝ.
,"When I made it up the steep slope beyond that, ............my field of vision rapidly expanded, and a fresh sea breeze blew through my hair......","When I crossed the steep slope beyond that, ......my field of vision rapidly expanded, and a fresh sea breeze blew through my hair... ","When I crossed the steep slope beyond that, ............my field of vision rapidly expanded, and a fresh sea breeze blew through my hair......",その先の急斜面を越えると、…………急に視界が開けて、鮮烈な海の風が、ざあっと私の髪を散らした……。,[=JP],"Когда я спустилась по находящемуся за ним крутому склону... Поле моего зрения стремительно расширилось, и свежий морской бриз встрепенул мне волосы.","Quando eu subi a íngrime ladeira além dela, ............meu campo de visão rapidamente se expandiu, e a fresca brisa do mar soprou por meus cabelos......",爬上前方的陡坡，…………视野忽然变得开阔，鲜烈的海风呼啦吹散了我的头发……。,爬上前方的陡坡，…………視野忽然變得開闊，鮮烈的海風呼啦吹散了我的頭髮……。,"Quando attraversai il ripido pendio dietro di essa... il mio campo visivo si espanse rapidamente, e una frasca brezza marina mi soffiò attraverso i capelli...","Cuando crucé la cuesta empinada que había después de eso... mi campo de visión se expandió rápidamente, y una fresca brisa marina sopló a través de mi cabello...",ﻋﻨﺪﻣﺎ ﺗﺠﺎﻭﺯﺕ ﺍﻟﻤﻨﺤﺪﺭ ﺍﻟﺤﺎﺩ ﺧﻠﻔﻪ، ...ﺍﺑﺼﺮﺕ ﺍﻟﻤﺸﻬﺪ ﺃﻣﺎﻣﻲ ﻓﺠﺄﺓ، ......ﻭﻫﺒَّﺖ ﻧﺴﻤﺔ ﺑﺤﺮٍ ﻋﻠﻴﻠﺔٌ ﺑﻴﻦ ﺧﺼﻞ ﺷﻌﺮﻱ.
,It was like the top of a little hill.,It was like the top of a little hill. ,[=UP],そこはさながら、ちょっとした丘の上だった。,[=JP],"Похоже, это была вершина маленького холма.",Era como o topo de uma pequena colina.,此处貌似是在一个小小的山丘之上。,此處貌似是在一個小小的山丘之上。,Fu come in cima ad una piccola collina.,Era como la cima de una pequeña colina., ﻛﺄﻧﻨﻲ ﻛﻨﺖُ ﻋﻠﻰ ﻗﻤَّﺔ ﺗﻞٍّ ﺻﻐﻴﺮ.
,......Below me was a vast view of the island.,...Below me was a vast view of the island. ,[=UP],……眼下には、島の広大な眺望が。,[=JP],Внизу подо мной находилась обширная панорама острова.,......Abaixo de mim estava uma vasta vista da ilha.,……虽然尽收眼底的岛的广大景色。,……雖然盡收眼底的島的廣大景色。,... Sotto di me c'era l'ampia veduta dell'isola.,... Desde ahí tenía una gran amplia vista de la isla.,...ﺍﻣﺘﺪَّ ﺃﺳﻔﻠﻲ ﻣﻨﻈﺮٌ ﻭﺍﺳﻊٌ ﻟﻠﺠﺰﻳﺮﺓ.
,"I could only see desolated forest and rocky crags spread out below me. ......But, somehow, I realized that the mansion was probably somewhere around there.",I could only see desolated forest and rock walls spread out below me. ...But I realized that the mansion was probably somewhere around there. ,"I could only see desolated forest and rock walls spread out below me.......But, somehow, I realized that the mansion was probably somewhere around there.",私には荒れ果てた森と岩場が広がっているようにしか見えない。……でも、何となく、あの辺りが屋敷だろうと察しが付いた。,[=JP],"Но видела я лишь раскинувшиеся подо мной дикий лес и каменные стены. Однако каким‐то образом я осознала, что особняк находился где‐то там внизу.","Eu só conseguia ver a floresta desolada e penhascos rochosos se estendendo abaixo de mim. ......Mas, de alguma forma, eu percebi que a mansão provavelmente estava em algum lugar próximo dali.",在我眼中，仅仅是荒凉的森林与一大片岩滩。……不过，我多多少少感到了，大屋就在那边。,在我眼中，僅僅是荒涼的森林與一大片岩灘。……不過，我多多少少感到了，大屋就在那邊。,"Potei solamente vedere desolate foreste e pareti rocciose allargarsi al di sotto di me. ... Ma, in qualche modo, capii che la villa era probabilmente da qualche parte lì intorno.","Solo podía ver bosques desolados y peñascos rocosos que se extendían debajo mí... Pero de alguna manera, me di cuenta de que la mansión probablemente estuvo en algún lugar por allí.", ﻟﻢ ﺃﺳﺘﻄﻊ ﺃﻥ ﺃﺭﻯ ﺳﻮﻯ ﻏﺎﺑﺔٍ ﻣُﻘﻔﺮﺓٍ ﻭﻧﺘﻮﺀﺍﺕٍ ﺻﺨﺮﻳﺔٍ ﻣﻤﺘﺪَّﺓٍ ﺃﺳﻔﻠﻲ....ﻭﻟﻜﻨﻨﻲ ﺃﺩﺭﻛﺖُ ﺑﻄﺮﻳﻘﺔٍ ﻣﺎ ﺃﻥَّ ﺍﻟﻘﺼﺮ ﻛﺎﻥ ﻋﻠﻰ ﺍﻷﺭﺟﺢ ﻓﻲ ﻣﻜﺎﻥٍ ﻣﺎ ﺣﻮﻟﻲ.
,The steep downward slope beyond this hill had probably been caused by landslides from twelve years of wind and rain.,The steep downward slope beyond this hill had probably been caused by earth and rocks collapsing from 12 years of wind and rain. ,The steep downward slope beyond this hill had probably been caused by landslides from 12 years of wind and rain.,その丘からの急な下り坂は、１２年間の風雨で土砂が崩れてしまったのかもしれない。,[=JP],Крутой склон за этим холмом наверняка возник в результате лавин от ветра с дождём на протяжении 12 лет.,A ingrime descida além da colina provavelmente foi causada por deslizamentos de terra ocasionados devido aos 12 anos de vento e chuva.,从这山丘下去的下坡路，也许是因十二年间的风雨而坍塌了吧。,從這山丘下去的下坡路，也許是因十二年間的風雨而坍塌了吧。,I pendii ripidi verso il basso oltre questa collina probabilmente erano stati causati da frane in 12 anni di vento e pioggia.,La cuesta empinada que había debajo de mí probablemente fue causa de 12 años de viento y lluvia., ﻣﻦ ﺍﻟﻤﺮﺟﺢ ﺃﻥَّ ﺍﻟﻤﻨﺤﺪﺭ ﺍﻟﺸﺪﻳﺪ ﺑﻌﺪ ﻫﺬﺍ ﺍﻟﺘﻞِّ ﻗﺪ ﻧﺘﺞ ﻋﻦ ﺍﻧﻬﻴﺎﺭﺍﺕٍ ﺃﺭﺿﻴﺔٍ ﺳﺒَّﺒﻬﺎ 21 ﻋﺎﻣًﺎ ﻣﻦ ﺍﻟﺮﻳﺎﺡ ﻭﺍﻷﻣﻄﺎﺭ.
,"It had become a slant filled with crags that you might even call gentle cliffs, and though it would be easy to tumble down, it looked like climbing back would be pretty difficult.","It had become a slant filled with crags that you might even call gentle cliffs, and it would be easy to tumble down, though it looked like climbing back would be pretty difficult. ","It had become a slant filled with crags that you might even call gentle cliffs, and it would be easy to tumble down, though it looked like climbing back would be pretty difficult.",緩やかな崖といってもいいような岩だらけの斜面になっており、転げ落ちるのは簡単だが、登るのはかなり難しくなっているようだった。,[=JP],"Итак, передо мной находился склон, усеянный выступами, которые можно было назвать небольшими утёсами, а сам спуск обещал быть лёгким, тогда как обратный подъём — невероятно тяжёлой затеей.","Havia se transformado em uma inclinação repleta de penhascos que você até poderia chamar de gentis falésias e, embora fosse fácil de tropeçar, parece que subir seria bem difícil.",变成了称之为较缓的悬崖都行的，遍布岩石的斜面，虽然要滚下去是挺容易的，但要爬上来就难如登天了。,變成了稱之為較緩的懸崖都行的，遍佈岩石的斜面，雖然要滾下去是挺容易的，但要爬上來就難如登天了。,"Era diventato un pendio con falesie che si potrebbero persino definire lievi rupi, e sarebbe facile cadere, anche se sembra parecchio difficile da scalare.","Se había convertido en una pendiente llena de peñascos que incluso podría llamarse acantilado, y parecía ser fácil bajar, pero volver a subir sería bastante difícil.",ﻟﻘﺪ ﺃﺻﺒﺢ ﻣﻨﺤﺪﺭًﺍ ﺻﺨﺮﻳًﺎ، ﻳﻤﻜﻦ ﺃﻥ ﻧﻄﻠﻖ ﻋﻠﻴﻪ ﺟﺮﻓًﺎ ﺻﻐﻴﺮًﺍ، ﻣﻦ ﺍﻟﺴﻬﻞ ﺃﻥ ﺗﻨﺰﻟﻖ ﻣﻨﻪ، ﻭﻳﺒﺪﻭ ﺃﻥ ﺗﺴﻠﻘﻪ ﻟﻠﻌﻮﺩﺓ ﻫﻮ ﺍﻷﺷﻖ.
,.........It seemed that proceeding any further would be impossible.,"......In any event, it seemed that proceeding any further would be impossible. ",".........In any event, it seemed that proceeding any further would be impossible.",………どうやら、これ以上を進むのは、無理なようだった。,[=JP],"В любом случае, дальнейшее продвижение выглядело невозможным.",.........Parece que avançar mais seria impossível.,………看来，已经没法继续前进了。,………看來，已經沒法繼續前進了。,"... Ad ogni modo, sembra che procedere ulteriormente sia impossibile.","... En cualquier caso, parecía que avanzar más sería imposible.",...ﺑﺪﺍ ﻭﻛﺄﻥَّ ﺍﻻﺳﺘﻤﺮﺍﺭ ﻓﻲ ﺍﻟﺘﻘﺪُّﻡ ﺃﻛﺜﺮ ﻣﻦ ﺫﻟﻚ ﻣﺴﺘﺤﻴﻼً.
,"If I continued any further, I wouldn't be able to return.{n}In other words, .........this is...the border.","If I continued any further, I wouldn't be able to return. In other words, ......this is...the border. ","If I continued any further, I wouldn't be able to return.In other words, .........this is...the border.",これ以上を進めば、戻れなくなる。つまりは、………ここが、境。,これ以上を進めば、戻れなくなる。{n}つまりは、………ここが、境。,Продолжи я идти дальше — и вернуться уже не смогу.{n}Другими словами... это граница.,"Se eu continuar indo além, não serei capaz de voltar.{n}Em outras palavras, .........esta é...a divisa.",如要再往前走，就没法回来了。{n}也就是说，………此处即是分界线。,如要再往前走，就沒法回來了。{n}也就是說，………此處即是分界線。,"Se continuassi più in là, non riuscirei a tornare. In altre parole... questo è... il confine.","Si siguiera adelante, no podría volver.{n}En otras palabras... esto es... el límite.", ﺇﺫﺍ ﻭﺍﺻﻠﺖُ ﺍﻟﺘﻘﺪُّﻡ، ﻓﻠﻦ ﺃﻛﻮﻥ ﻗﺎﺩﺭﺓً ﻋﻠﻰ ﺍﻟﻌﻮﺩﺓ. ﺑﻤﻌﻨﻰ ﺁﺧﺮ، .........ﻫﺬﺍ ﺍﻟﺤﺪُّ ﺍﻟﻔﺎﺻﻞ.
,Between 1986 and 1998. That day and today.{n}And this world and the other.,"This place is 1986 and 1998. And, it is that day and today. The boundary between this world and nirvana. ","This place is 1986 and 1998.And, it is that day and today.The boundary between this world and nirvana.",ここが１９８６年と１９９８年。そして、あの日と今日。彼岸と此岸の、境目。,ここが１９８６年と１９９８年。そして、あの日と今日。{n}彼岸と此岸の、境目。,Это место является 1986‐м и 1998‐м. И сегодня как раз этот день.{n}Граница между этим миром и нирваной.,Entre 1986 e 1998. Aquele dia e o dia de hoje.{n}A fronteira entre este mundo e o nirvana.,此处即是 1986 年与 1998 年。那天与今天。{n}彼岸与此岸的，分界线。,此處即是 1986 年與 1998 年。那天與今天。{n}彼岸與此岸的，分界線。,Questo posto è 1986 e 1998. Ed è quel giorno e il giorno d'oggi. Il confine tra questo mondo è il nirvana.,Entre 1986 y 1998. Entre ese día y hoy.{n}Y entre este mundo y el otro.,ﺑﻴﻦ ﻋﺎﻣَﻲ 6891 ﻭ8991.  ﺑﻴﻦ ﺫﻟﻚ ﺍﻟﻴﻮﻡ ﻭﻳﻮﻣﻨﺎ ﻫﺬﺍ.{n}ﻭﺑﻴﻦ ﻫﺬﺍ ﺍﻟﻌﺎﻟﻢ ﻭﺍﻟﻌﺎﻟﻢ ﺍﻵﺧﺮ.
Ushiromiya Ange,"""............This is......this journey's...final destination, it seems.""","""......This spot is... this journey's final destination, it seems."" ","""............This place is, ......this journey's final destination, it seems.""",「…………ここが、……この旅の、終着点みたいね。」,「…………ここが、……この旅の、終着点みたいね」,""".......Это место, по‐видимому, является заключительной точкой данного путешествия.""","""............Este ponto......é o destino final...da jornada.""",「…………看来，……此处即是，这趟旅途的终点呢。」,「…………看來，……此處即是，這趟旅途的終點呢。」,"""... Questo posto è... la destinazione finale di questo viaggio, sembra.""","""... Este es... el destino final... de este viaje, parece.""","""..ﻫﺬﺍ ﻫﻮ............ ﺍﻟﻤُﻨْﺘَﻬﻰ...ﻟﻬﺬﻩ ﺍﻟﺮِّﺣﻠﺔ، ...ﻋﻠﻰ ﻣﺎ ﻳﺒﺪﻭ."""
,"As the strong wind blew Mammon and Sakutaro's hair, they looked down from the hilltop...","As the strong winds blew Mammon's and Sakutaro's hair, they looked down from the hilltop... ",[=UP],マモンもさくたろも、強い風に髪を散らしながら、丘から眼下を見下ろしている…。,[=JP],"Ветер всколыхнул волосы Мамоны и Сакутаро, взглянувших вниз с вершины холма.","Com o forte vento soprando nos cabelos de Mammon e Sakutaro, eles olharam para baixo, do topo da colina...",马蒙与樱太郎也边被强风吹散头发，边在山丘上俯瞰下方…。,馬蒙與櫻太郎也邊被強風吹散頭髮，邊在山丘上俯瞰下方…。,"Come il forte vento soffiava tra i capelli di Mammon e Sakutarou, loro guardarono giù dalla cima della collina...","Mientras el fuerte viento soplaba el cabello de Mammón y Sakutaro, ellos vieron abajo desde la cima de la colina...", ...ﺑﻴﻨﻤﺎ ﻛﺎﻧﺖ ﺍﻟﺮﻳﺎﺡ ﺍﻟﻘﻮﻳﺔ ﺗﻌﺼﻒ ﺑﺸﻌﺮَﻱ ﻣﺎﻣﻮﻥ ﻭﺳﺎﻛﻮﺗﺎﺭﻭ، ﻧﻈﺮﺍ ﺇﻟﻰ ﺍﻷﺳﻔﻞ ﻣﻦ ﻗﻤَّﺔ ﺍﻟﺘﻞِّ.
Mammon,"""......I can't make out a thing from here. Where's the mansion? Let's get closer.""","""...From here, I can't really tell. Where's the mansion? Let's get closer."" ","""......From here, I can't really tell.  Where's the mansion?  Let's get closer.""",「……ここからじゃ、さっぱりわからないわ。お屋敷はどこ？　もっと近付きましょうよ。」,「……ここからじゃ、さっぱりわからないわ。お屋敷はどこ？　もっと近付きましょうよ」,"""....Отсюда толком не определить. Где же особняк? Давайте подойдём поближе.""","""......Eu não consigo dizer daqui. Onde está a mansão? Vamos chegar mais perto.""",「……从这根本看不到啊。大屋是在哪呀？再去靠近点吧。」,「……從這根本看不到啊。大屋是在哪呀？再去靠近點吧。」,"""... Da qui, non lo si può dire con certezza. Dov'è la villa? Avviciniamoci.""","""... No puedo distinguir nada desde aquí. ¿Dónde está la mansión? Acerquémonos.""","""ﻻ ﻳﻤﻜﻨﻨﻲ ﺃﻥ ﺃﻣﻴّﺰ ﺷﻴﺌًﺎ ﻣﻦ ﻫﻨﺎ...... ﺃﻳﻦ ﺍﻟﻘﺼﺮ؟ ﻟﻨﻘﺘﺮﺏ ﺃﻛﺜﺮ."""
Sakutarou,"‘Uryu, ...we can't. We won't be able to come back.’","‘Uryu, ...that's impossible. We won't be able to come back.’ ","『Uryu, ...that's impossible.  We won't be able to come back.』",『うりゅ、…無理だよ。戻って来れなくなっちゃうよ。』,『うりゅ、…無理だよ。戻って来れなくなっちゃうよ』,{p:0:『}Урю... Нельзя. Иначе не сможем вернуться.{p:0:』},"‘Uryu, ...não podemos. Não seremos capazes de voltar.’",『呜溜，…不行哟。会没法回来的哟。』,『嗚溜，…不行喲。會沒法回來的喲。』,{p:0:『}Uryu... è impossibile. Non riusciremmo a tornare indietro. {p:0:』},‘Uryu... no podemos. No seremos capaces de volver.’,‘ﺃﻭﺭﻳﻮﻭ، ...ﻻ ﻳﻤﻜﻨﻨﺎ. ﻫﻜﺬﺍ ﺳﺘﺼﺒﺢ ﺍﻟﻌﻮﺩﺓ ﻣﺴﺘﺤﻴﻠﺔ.‘
,......We won't be able to...come back...huh.,...We won't be able...to come back. ...Is that it? ,......We won't be able to come...back.  ...Is it?,……戻って来れなく、なる。…か。,[=JP],"Мы не сможем... вернуться. Так, значит?",......Não seremos capazes...de voltar...hmm.,……会没法，回来。…吗？,……會沒法，回來。…嗎？,... riusciremmo a tornare... indietro. ... Vero?,... No podremos... regresar... ¿verdad?, ...ﺳﺘﺼﺒﺢ ﺍﻟﻌﻮﺩﺓ...ﻣﺴﺘﺤﻴﻠﺔ...... ﻫﺎﻩ.
,"He's right. ......This is 1998, ......and I am the Ushiromiya Ange who has been left all alone.","I see. ...This is 1998, ...and I am the Ushiromiya Ange who has been left all alone. ","I see.  ......This is 1998, ......and I am the Ushiromiya Ange who has been left all alone.",そうね。……ここは１９９８年で、……私はたったひとり取り残された右代宮縁寿。,[=JP],"Понимаю. Это 1998 год, а я Уширомия Энджи, которую оставили совсем одну.","Ele está certo. ......Estamos em 1998, ......e eu sou a Ushiromiya Ange que foi deixada para trás.",是呢。……这边是 1998 年，……而我是被独自留下的右代宫缘寿。,是呢。……這邊是 1998 年，……而我是被獨自留下的右代宮緣壽。,Capisco. ... Questo è il 1998... e io sono la Ushiromiya Ange che è stata lasciata da sola.,Tiene razón... Estamos en 1998... y yo soy la Ushiromiya Ange que se ha quedado sola., ﺇﻧَّﻪ ﻣﺤﻖ. ،ﻧﺤﻦ ﻓﻲ ﻋﺎﻡ 8991.........ﻭﺃﻧﺎ ﺃﻭﺷﻴﺮﻭﻣﻴﺎ ﺇﻧﺠﻲ ﺍﻟﺘﻲ ﺗُﺮﻛﺖ ﻭﺣﻴﺪﺓً ﺗﻤﺎﻣًﺎ.
,"At first, it was a journey to die. But not anymore.{n}It has become a journey to accomplish something......","At first, this was a journey to die. But not anymore. It's become a journey to accomplish something... ","At first, it was a journey to die.But not anymore.It has become a journey to accomplish something......",初めは死ぬための旅だった。でも、今は違う。何かを成し遂げる旅に変わっている……。,初めは死ぬための旅だった。でも、今は違う。{n}何かを成し遂げる旅に変わっている……。,"Сначала это было путешествие, чтобы умереть. Но не теперь.{n}Целью этого путешествия стало кое‐чего добиться.","Desde o começo, era uma jornada para morrer. Mas não é mais.{n}Se tornou uma jornada para completar uma coisa......",起初是一趟为了去死的旅途。但是，现在不同了。{n}它已转变为了，为了完成什么的旅途……。,起初是一趟為了去死的旅途。但是，現在不同了。{n}它已轉變為了，為了完成什麼的旅途……。,"All'inizio, era un viaggio per morire. Ma non lo è più. È diventato un viaggio per realizzare qualcosa...","Al principio, fue un viaje para morir. Pero ya no.{n}Se ha vuelto un viaje para lograr algo...", ﻛﺎﻧﺖ ﻓﻲ ﺍﻟﺒﺪﺍﻳﺔ ﺭﺣﻠﺔً ﻟﻠﻤﻮﺕ. ﻭﻟﻜﻨَّﻬﺎ ﻟﻢ ﺗﻌﺪ ﻛﺬﻟﻚ.{n} ......ﻓﻘﺪ ﻏﺪﺕ ﺭﺣﻠﺔً ﻹﻧﺠﺎﺯ ﺷﻲﺀٍ ﻣﺎ.
Ushiromiya Ange,"""Yeah. ......So, I'm sorry, you two. As I was back then, on that day, I would have gone down this cliff without any hesitation.""","""Yeah. ...So, I'm sorry, you two. Although, as I was back then on that day, I would've gone down that cliff without any hesitation."" ","""Yeah.  ......So, I'm sorry, you two.  Although, as I was back then on that day, I would have gone down that cliff without any hesitation.""",「うん。……だからごめんね、二人とも。あの日の私なら、何も躊躇わずにこの崖を降りるだろうけれど。」,「うん。……だからごめんね、二人とも。あの日の私なら、何も戸惑わずにこの崖を降りるだろうけれど」,"""Ага. .....Мамона, Сакутаро, вы уж простите меня. Будь я такой, какой была в прошлом, то, не колеблясь, стала бы спускаться вниз.""","""Sim. ......Por isso eu peço desculpas a vocês. Como eu era antes, naquele dia, eu teria descido essa falésia sem qualquer hesitação.""",「嗯。……所以，抱歉，两位。若是那一天的我的话，就会毫不犹豫地从这悬崖上跳下去了吧。」,「嗯。……所以，抱歉，兩位。若是那一天的我的話，就會毫不猶豫地從這懸崖上跳下去了吧。」,"""Già. ... Quindi, mi spiace per voi due. Tuttavia, se fossi quella di quel giorno, sarei scesa da quella rupe senza nessuna esitazione.""","""Sí... Por esto les pido disculpas. Si fuera la yo de ese entonces, bajaría por este acantilado sin dudarlo.""","""ﺻﺤﻴﺢ. ﻟﺬﺍ ﺃﻋﺘﺬﺭ ﻟﻜﻤﺎ...... ﻟﻮ ﻛﻨﺖُ ﻋﻠﻰ ﺣﺎﻟﻲ ﺁﻧﺬﺍﻙ، ﻟﻨﺰﻟﺖُ ﻫﺬﺍ ﺍﻟﻤﻨﺤﺪﺭ ﺩﻭﻥ ﺃﻱِّ ﺗﺮﺩُّﺩ."""
Mammon,"""Come on, this is pretty lame for the skyscraper‐jumping Ushiromiya Ange.""","""Come on, this is pretty lame for the skyscraper-jumping Ushiromiya Ange."" ","""Come on, this is pretty lame for the skyscraper-jumping Ushiromiya Ange.""",「ビルの屋上から飛び降りた右代宮縁寿が、情けなァい。」,「ビルの屋上から飛び降りた右代宮縁寿が、情けなァい」,"""Бросьте, это слишком неоригинально для прыгающей с небоскрёбов Уширомии Энджи.""","""Vamos, isso não é nada para a Ushiromiya Ange que salta de arranha‐céus.""",「曾从大楼楼顶跳下的右代宫缘寿，竟然怕了。」,「曾從大樓樓頂跳下的右代宮緣壽，竟然怕了。」,"""Dai, questo è piuttosto deludente per la Ushiromiya Ange che salta dai grattacieli.""","""Vamos, esto no es nada para la Ushiromiya Ange que salta de rascacielos.""","""ﺑﺤﻘﻚِ، ﻻ ﻳﻠﻴﻖ ﻫﺬﺍ ﺍﻟﺘﺼﺮُّﻑ ﺍﻟﺴﺨﻴﻒ ﺑـ ﺃﻭﺷﻴﺮﻭﻣﻴﺎ ﺇﻧﺠﻲ ﻗﺎﻓﺰﺓ ﻧﺎﻃﺤﺎﺕ ﺍﻟﺴﺤﺎﺏ."""
Ushiromiya Ange,"""Sorry.""","""Sorry."" ",[=UP],「ごめんね。」,「ごめんね」,"""Извини.""","""Desculpa.""",「对不起。」,「對不起。」,"""Mi spiace.""","""Lo siento.""","""ﺃﻋﺘﺬﺭ."""
Sakutarou,‘This place is just as good. .........Because you can feel the wind of that day.’,"‘This place is as good as any. ......After all, you can feel the wind of that day.’ ",『This place is as good as any.  .........Because you can feel the wind of that day.』,『ここでも同じだよ。………あの日の風が、感じられるから。』,『ここでも同じだよ。………あの日の風が、感じられるから』,{p:0:『}Это место вполне сгодится. ......Потому что ты ощущаешь ветер того дня.{p:0:』},‘Aqui está bom. .........Porque você pode sentir o vento daquele dia.’,『在这也是一样的哟。………因为，能够感到，那一天的风。』,『在這也是一樣的喲。………因為，能夠感到，那一天的風。』,{p:0:『}Questo posto è bello come sempre. ... Perché si può sentire il vento di quel giorno. {p:0:』},‘Este lugar es igual de bueno... Porque se puede sentir el viento de ese día.’,‘ﻫﺬﺍ ﺍﻟﻤﻜﺎﻥ ﻻ ﻳﻘﻞُّ ﺭﻭﻋﺔً ﻋﻨﻬﺎ....ﻷﻧَّﻚِ ﺗﺴﺘﻄﻴﻌﻴﻦ ﺍﻟﺸُّﻌﻮﺭ ﺑﺮﻳﺎﺡ ﺫﻟﻚ ﺍﻟﻴﻮﻡ.‘
Mammon,""".................. ......Was the wind...really like this?""","""...... ...Was the wind...really like this?"" ","""..................Was the wind...really like this?""",「………………。……こんな、風だったっけ。」,「………………。……こんな、風だったっけ」,"""............Ветер... действительно был таким?""",""".................. ......O vento...era mesmo assim?""",「………………。……是这种风，来着。」,「………………。……是這種風，來著。」,"""... Il vento era... davvero così?""","""... ¿El viento... realmente era así?""","""..................ﺃﻛﺎﻧﺖ ﺍﻟﺮﻳﺎﺡ...ﻫﻜﺬﺍ ﺣﻘًﺎ؟"""
Sakutarou,‘Yeah. They will come any moment. ..................Everyone.’,"‘Yeah. Very soon, they will come. .........Everyone.’ ","『Yeah.  Very soon, they will come.  ..................Everyone.』",『うん。もうすぐ、来てくれるよ。………………みんな。』,『うん。もうすぐ、来てくれるよ。………………みんな』,{p:0:『}Ага. Очень скоро они придут. ..................Все.{p:0:』},‘Sim. Eles viriam a qualquer momento. ..................Todos.’,『嗯。大家，马上就会，………………来了。』,『嗯。大家，馬上就會，………………來了。』,"{p:0:『}Già. Molto presto, arriveranno. ... Tutti quanti. {p:0:』}","‘Sí. Muy pronto, ellos vendrán... Todos.’",‘ﺃﺟﻞ. ﺳﻴﺄﺗﻮﻥ ﻓﻲ ﺃﻱِّ ﻟﺤﻈﺔ....ﺍﻟﺠﻤﻴﻊ.‘
,Sakutaro said it as though it was completely natural.{n}......And...I believed it.,Sakutaro said it as though it was completely natural. ...And...I believed it. ,Sakutaro said it as though it was completely natural.......And...I believed it.,さくたろが、さも当たり前のようにそう言う。……そして、私はそれを信じた。,さくたろが、さも当たり前のようにそう言う。{n}……そして、私はそれを信じた。,"Сакутаро произнёс эти слова так, словно сказанное им было совершенно естественно.{n}.....И я... поверила ему.",Sakutaro disse isso como se fosse algo completamente natural.{n}......E...eu acredito nisso.,樱太郎理所当然般地如此说道。{n}……于是，我相信了他的这句话。,櫻太郎理所當然般地如此說道。{n}……於是，我相信了他的這句話。,Sakutarou lo disse come se fosse del tutto naturale. ... E... io ci credetti.,Sakutaro lo dijo como si fuera completamente natural.{n}... Y.. yo creí en eso., ﻗﺎﻝ ﺳﺎﻛﻮﺗﺎﺭﻭ ﺫﻟﻚ ﻛﻤﺎ ﻟﻮ ﻛﺎﻥ ﺃﻣﺮًﺍ ﻃﺒﻴﻌﻴًﺎ ﺗﻤﺎﻣًﺎ.{n}ﻭ...ﺻﺪَّﻗﺘﻪ......
,"Mom. Dad. Onii‐chan.{n}All of my relatives, and those fun servants.{n}And............Maria onee‐chan.","Mom. Dad. Onii-chan. All of my relatives, and those fun servants. And......Maria onee-chan. ","Dad.Mom.Onii-chan.All of my relatives, and those fun servants.And, ............Maria onee-chan.",お父さん。お母さん。お兄ちゃん。親族のみんなに、楽しい使用人の人たち。そして、…………真里亞お姉ちゃん。,お父さん。お母さん。お兄ちゃん。{n}親族のみんなに、楽しい使用人の人たち。{n}そして、…………真里亞お姉ちゃん。,Папа. Мама. Братик.{n}Все мои родственники и те забавные слуги.{n}И... Мария онее‐чан.,"Mãe. Pai. Onii‐chan.{n}Todos os meus parentes, e todos aqueles serviçais divertidos.{n}E............a Maria onee‐chan.",爸爸。妈妈。哥哥。{n}各位亲戚，各位有趣的佣人。{n}还有，…………真里亚姐姐。,爸爸。媽媽。哥哥。{n}各位親戚，各位有趣的傭人。{n}還有，…………真里亞姐姐。,"Papà. Mamma. Onii-chan. Tutti i miei parenti, e quei domestici divertenti. {n}E... Maria Onee-chan.","Mamá. Papá. Onii‐chan.{n}Todos mis familiares, y aquellos divertidos sirvientes.{n}Y... María onee-chan.", ﺃﻣﻲ. ﺃﺑﻲ. ﺃﺧﻲ.{n}ﺟﻤﻴﻊ ﺃﻗﺎﺭﺑﻲ، ﻭﺃﻭﻟﺌﻚ ﺍﻟﺨﺪﻡ ﺍﻟﻤﺮﺣﻮﻥ.{n}ﻭ............ﺃﺧﺘﻲ ﺍﻟﻌﺰﻳﺰﺓ ﻣﺎﺭﻳﺎ.
Ushiromiya Ange,"""It's me. ......It's Ange. ...............I've...come back.""","""It's me. ...It's Ange. ......I've...come back."" ","""It's me.  ......It's Ange.  ............I've...come back.""",「私よ。……縁寿よ。……………私は、帰ってきたわ。」,「私よ。……縁寿よ。……………私は、帰ってきたわ」,"""Это я. ......Энджи. ........Я... вернулась.""","""Sou eu. ......A Ange. ...............Eu...voltei.""",「是我哟。……缘寿哟。……………我，回来了。」,「是我喲。……緣壽喲。……………我，回來了。」,"""Sono io. ... Sono Ange. ... Sono... tornata.""","""Soy yo... Soy Ange... He... regresado.""","""ﺟﻤﻴﻌﻜﻢ. ﺃﻧﺎ ﺇﻧﺠﻲ......... ﻟﻘﺪ...ﻋﺪﺕ."""
,"When I started my final journey to expose the past of twelve years ago, its goal had been abstract, and I hadn't understood.","When I started my journey to expose the past of 12 years ago, my goal had been abstract, and I hadn't understood. ","When I had started my journey to expose the past of 12 years ago, that goal had been abstract, and I hadn't understood.",１２年前を暴く私の最後の旅は、初めはその目的も抽象的で、わからなかった。,[=JP],"Когда я начала своё путешествие, стремясь раскрыть прошлое 12 лет назад, моя цель была слишком абстрактной, и я не понимала, что именно делаю.","Quando comecei minha jornada final para expor o passado de doze anos atrás, eu tinha um objeto abstrato, e ainda não tinha compreensão sobre ele.",为揭开十二年前真相的，我的最后之旅，起初其目的既是抽象的，也是我所理解不了的。,為揭開十二年前真相的，我的最後之旅，起初其目的既是抽象的，也是我所理解不了的。,"Quando ho iniziato il mio viaggio per rivelare il passato di 12 anni fa, quell'obiettivo era astratto, e io non avevo capito.","Cuando había comenzado mi viaje para exponer la verdad de hace 12 años, esa meta había sido abstracta, y no lo había entendido.", ﺣﻴﻦ ﺷﺮﻋﺖُ ﻓﻲ ﺭﺣﻠﺘﻲ ﺍﻷﺧﻴﺮﺓ ﻟﻜﺸﻒ ﻣﺎﺿﻲ ﺍﻟـ21 ﻋﺎﻣًﺎ ﺍﻟﻤﺎﺿﻴﺔ، ﻛﺎﻥ ﻫﺪﻓﻬﺎ ﻏﺎﻣﻀًﺎ، ﻭ ﻟﻢ ﺃﻓﻬﻤﻪ.
,"But now, ......I have no doubts.","But now, ...I have no doubts. ",[=UP],しかし、……今は私は、疑わない。,[=JP],Но теперь у меня не осталось сомнений.,"Mas agora, ......não me restam mais dúvidas.",但是，……现在的我毫不怀疑。,但是，……現在的我毫不懷疑。,Ma ora... non ho dubbi.,Pero ahora... no tengo dudas., ﻭﻟﻜﻦ ﺍﻵﻥ، ......ﻟﻴﺴﺖ ﻟﺪﻱَّ ﺃﻳَّﺔ ﺷﻜﻮﻙ.
,This journey............was induced by all kinds of thoughts and fates over twelve years.,This journey...was induced by several thoughts and fates over 12 years. ,"This journey, ......was induced by several thoughts and fates over 12 years.",この旅は、…………１２年を経て、様々な思いや運命によって誘われたもの。,[=JP],На это путешествие... меня подвигли несколько мыслей и судеб на протяжении 12 лет.,Esta jornada............foi induzida por todos os tipos de pensamentos e destinos por doze anos.,这趟旅程，…………是经过了十二年，由种种想法与命运所引领的产物。,這趟旅程，…………是經過了十二年，由種種想法與命運所引領的產物。,Questo viaggio... è stato indotto da diversi pensieri e destini per oltre 12 anni.,Este viaje... fue inducido por varios pensamientos y destinos de hace 12 años., ﻫﺬﻩ ﺍﻟﺮﺣﻠﺔ،…………ﺑﻌﺪ ﺍﻧﻘﻀﺎﺀ ﺍﺛﻨﻲ ﻋﺸﺮ ﻋﺎﻣًﺎ، ﻫﻲ ﺩﻋﻮﺓ ﻗﺎﺩﺗﻨﻲ ﺇﻟﻴﻬﺎ ﻣﺸﺎﻋﺮ ﺷﺘﻰ ﻭﺃﻗﺪﺍﺭ ﻣﺨﺘﻠﻔﺔ.
,"A journey to end things...for me, Ushiromiya Ange.","A journey to reach an end for me, Ushiromiya Ange. ","A journey to end things for me, Ushiromiya Ange.",私、右代宮縁寿にとっての、終わらせる旅。,[=JP],"Путешествие, чтобы определиться с собой, Уширомией Энджи.","Uma jornada para terminar as coisas...para mim, Ushiromiya Ange.",是对于我、右代宫缘寿的，终结之旅。,是對於我、右代宮緣壽的，終結之旅。,"Un viaggio per terminare le cose per me, Ushiromiya Ange.","Un viaje para ponerle fin a las cosas... para mí, Ushiromiya Ange.", ﺭﺣﻠﺔٌ ﻹﻧﻬﺎﺀ ﺍﻷﻣﻮﺭ...ﺑﺎﻟﻨﺴﺒﺔ ﻟﻲ، ﺃﻭﺷﻴﺮﻭﻣﻴﺎ ﺇﻧﺠﻲ.
,And a journey to end things...as the final witch of Mariage Sorcière.,"And, a journey reach an end as the last witch of Mariage Sorcière. ","And, a journey to end this as the last witch of Mariage Sorciere.",そして、マリアージュ・ソルシエールの最後の魔女としての、終わらせる旅。,[=JP],"И путешествие, чтобы покончить с этим как последняя ведьма Меридж Сорсьер.",E uma jornada para terminar as coisas...como última bruxa da Mariage Sorcière.,是我作为 Mariage Sorcière 的最后的魔女的，终结之旅。,是我作為 Mariage Sorcière 的最後的魔女的，終結之旅。,E un viaggio per porre fine a questo come ultima strega del Mariage Sorcière.,"Y, un viaje para terminar esto como la última bruja de Mariage Sorcière.", ﻭﺭﺣﻠﺔٌ ﻹﻧﻬﺎﺀ ﺍﻷﻣﻮﺭ...ﺑﺼﻔﺘﻲ ﺍﻟﺴَّﺎﺣﺮﺓ ﺍﻷﺧﻴﺮﺓ ﻓﻲ ﻣﺎﺭﻳﺎﺝ ﺳﻮﺭﺳﻴﺮ.
,"I came here as the final daughter of the Ushiromiya family, and as the final witch......",I came here as the last daughter of the Ushiromiya family... and as the last witch... ,"I came here as the last daughter of the Ushiromiya family, and as the last witch......",私は右代宮家の最後の娘として、そして、最後の魔女として、ここへやって来た……。,[=JP],Я пришла сюда как последняя дочь семьи Уширомия и как последняя ведьма...,"Eu vim aqui como última filha da família Ushiromiya, e como última bruxa......",我是作为右代宫家的最后的女儿，以及最后的魔女，而来到此处的……。,我是作為右代宮家的最後的女兒，以及最後的魔女，而來到此處的……。,"Sono venuta qui come ultima figlia della famiglia Ushiromiya, e come ultima strega...","Vine aquí como la última hija de la familia Ushiromiya, y como la última bruja...",ﺃﺗﻴﺖُ ﺇﻟﻰ ﻫﻨﺎ ﺑﺼﻔﺘﻲ ﺍﺑﻨﺔ ﺁﻝ ﺃﻭﺷﻴﺮﻭﻣﻴﺎ ﺍﻷﺧﻴﺮﺓ، ......ﻭﺑﺼﻔﺘﻲ ﺍﻟﺴَّﺎﺣﺮﺓ ﺍﻷﺧﻴﺮﺓ.
Ushiromiya Ange,"""......Mom, Dad, Onii‐chan. ...Sorry. Let me greet Maria onee‐chan first.""","""...Dad, Mom, Onii-chan. ...Sorry. Let me greet Maria onee-chan first."" ","""......Dad, Mom, Onii-chan.  ...Sorry.  Let me greet Maria onee-chan first.""",「……お父さん、お母さん、お兄ちゃん。…ごめんね。先に、真里亞お姉ちゃんとの挨拶をさせてね。」,「……お父さん、お母さん、お兄ちゃん。…ごめんね。先に、真里亞お姉ちゃんとの挨拶をさせてね」,""".....Папа, мама, братик. ...Простите. Позвольте мне сперва поприветствовать Марию онее‐чан.""","""......Mãe, pai, onii‐chan. ...Desculpa. Deixem‐me cumprimentar a Maria onee‐chan primeiro.""",「……爸爸、妈妈、哥哥。…对不起。请允许我，先与真里亚姐姐聊聊。」,「……爸爸、媽媽、哥哥。…對不起。請允許我，先與真里亞姐姐聊聊。」,"""... Papà, Mamma, Onii-chan. ... Scusate. Lasciatemi salutare Maria Onee-chan per prima.""","""... Papá, mamá, Onii-chan... Lo siento. Déjenme verme con María onee-chan primero.""","""ﺃﻣﻲ، ﺃﺑﻲ، ﺃﺧﻲ...... ﺃﻋﺘﺬﺭ... ﺍﺳﻤﺤﻮﺍ ﻟﻲ ﺃﻥ ﺃﺳﻠِّﻢ ﻋﻠﻰ ﺃﺧﺘﻲ ﺍﻟﻌﺰﻳﺰﺓ ﻣﺎﺭﻳﺎ ﺃﻭﻻً."""
,A strong gust of wind from behind urged me on.,A strong tailwind urged me on. ,A strong tailwind urged me on.,強い追い風が相槌を打つ。,[=JP],Усилившийся ветер подстегнул меня.,"Uma forte rajada de vento soprou pelas minhas costas, incitando‐me.",强劲的顺风给出了回答。,強勁的順風給出了回答。,Un forte vento mi sollecitò.,Una fuerte ráfaga de viento por detrás me instó a seguir adelante., ﺩﻓﻌﻨﻲ ﻫﺒﻮﺏ ﺭﻳﺎﺡٍ ﻗﻮﻳﺔٍ ﻣﻦ ﺧﻠﻔﻲ ﺇﻟﻰ ﺍﻷﻣﺎﻡ.
,"That gust took just my soul out from inside my body, ......to the vast forest beneath me.",That tailwind took just my soul out from inside my body...to the vast forest beneath me. ,"That tailwind took just my soul out from inside my body, ......to the vast forest beneath me.",その追い風が、私の体の中から魂だけを抜き出して、……眼下の広大な森林へ。,[=JP],Он вынул мою душу из тела и понёс в широкий лес подо мной.,"Essa rajada simplesmente tirou minha alma de meu corpo, ......na direção da vasta floresta abaixo de mim.",这股顺风，带走了我体内的灵魂，……去了下方的广大森林。,這股順風，帶走了我體內的靈魂，……去了下方的廣大森林。,Quel forte vento che proveniva da dietro portò la mia anima da dentro il mio corpo... fino alla vasta foresta sotto di me.,Esa ráfaga se llevó mi alma desde el interior de mi cuerpo... al vasto bosque que hay debajo mío., ﺍﻧﺘﺰﻋﺖ ﺗﻠﻚ ﺍﻟﻬﺒَّﺔ ﺭﻭﺣﻲ ﻣﻦ ﺩﺍﺧﻞ ﺟﺴﺪﻱ، ......ﻧﺤﻮ ﺍﻟﻐﺎﺑﺔ ﺍﻟﺸَّﺎﺳﻌﺔ ﺃﺳﻔﻠﻲ.
,"And, though I couldn't see it from where I stood, I believed that it would fly me to the mansion on that day, to where everyone was...to where Maria onee‐chan was.","And, though from here on I couldn't see, I believed that it flew me to the mansion on that day, to where everyone was, ...to where Maria onee-chan was. ","And, though from here on I couldn't see, I believed that it flew me to the mansion on that day, to where everyone was...to where Maria onee-chan was.",そしてここからは見えないけれど、あの日のお屋敷へ、みんなへ、真里亞お姉ちゃんのもとへ飛ばしてくれると信じる。,[=JP],"И, хоть начиная отсюда я не могла того видеть, я поверила, что он нёс меня в особняк тех дней, где находились все, включая Марию онее‐чан.","E, embora eu não pudesse ver de onde estava, eu acreditei que ele me faria voar até a mansão daquele dia, para onde todos estavam...para onde a Maria onee‐chan estava.",虽然从这里看不见，但我相信，它会带着我的灵魂，飞往那一天的大屋，飞往大家的身边、真里亚姐姐的身边。,雖然從這裡看不見，但我相信，它會帶著我的靈魂，飛往那一天的大屋，飛往大家的身邊、真里亞姐姐的身邊。,"E, nonostante da lì non potessi vedere, credetti che mi facesse volare alla villa di quel giorno, dove c'erano tutti... dove c'era Maria Onee-chan.","Y, aunque ya no estaba, creía que me llevaría volando a la mansión en aquel día, a donde estaban todos... a donde estaba María onee-chan.", ﻭﺭﻏﻢ ﺃﻧﻨﻲ ﻟﻢ ﺃﺳﺘﻄﻊ ﺭﺅﻳﺘﻬﺎ ﻣﻦ ﺣﻴﺚ ﺃﻗﻒ، ﺇﻻ ﺃﻧﻨﻲ ﺍﻋﺘﻘﺪﺕُ ﺃﻧﻬﺎ ﺳﺘﻄﻴﺮ ﺑﻲ ﺇﻟﻰ ﺍﻟﻘﺼﺮ ﻓﻲ ﺫﻟﻚ ﺍﻟﻴﻮﻡ، ﺇﻟﻰ ﺣﻴﺚ ﻛﺎﻥ ﺍﻟﺠﻤﻴﻊ...ﺇﻟﻰ ﺣﻴﺚ ﻛﺎﻧﺖ ﺃﺧﺘﻲ ﻣﺎﺭﻳﺎ.
,"And so, ......even though my body was on the top of the hill, a strong wind blowing against me, .........my soul was now certainly dancing through that sky......","And so, ...even though my body was on the top of a hill, a strong wind blowing against me, ...my soul was now certainly dancing through that sky... ","And so, ......even though my body was on the top of the hill, a strong wind blowing against me, ......my soul was now certainly dancing through that sky......",だから私は、……体は丘の上にいて強い風に吹かれながらも、………魂は今、確かに、その空を舞っていた……。,[=JP],"И так, в то время, как моё тело находилось на вершине холма, обдуваемое сильным ветром, душа моя определённо танцевала в небе...","E então, ......mesmo com meu corpo estando no topo da colina, com um forte vento soprando contra mim, .........minha alma estava agora, certamente, dançando pelo céu......",所以，尽管我的肉体，……是在山丘上，受着强风吹拂，………但灵魂却于此刻，的的确确飞舞在空中……。,所以，儘管我的肉體，……是在山丘上，受著強風吹拂，………但靈魂卻于此刻，的的確確飛舞在空中……。,"E perciò... nonostante il mio corpo fosse in cima alla collina, un forte vento soffiò contro di me... e la mia anima ora stava certamente danzando nel cielo...","Y así... aunque mi cuerpo estaba en la cima de la colina, con el fuerte viento soplando contra mí... mi alma seguramente estaba volando por el cielo...",ﻭﻫﻜﺬﺍ،...ﺭﻏﻢ ﺃﻥَّ ﺟﺴﺪﻱ ﻛﺎﻥ ﻋﻠﻰ ﻗﻤَّﺔ ﺍﻟﺘﻞ، ﻭﺗﻬﺐُّ ﻋﻠﻴﻪ ﺭﻳﺎﺡٌ ﻗﻮﻳﺔ، ......ﻛﺎﻧﺖ ﺭﻭﺣﻲ ﺣﺘﻤًﺎ ﺗﺮﻗﺺ ﻋﺒﺮ ﺗﻠﻚ ﺍﻟﺴﻤﺎﺀ......
,"The vast, vast sky of Rokkenjima.{n}......Below me was the green of many trees.","The vast, vast sky of Rokkenjima. ...Below me was the green of many trees. ","The vast, vast sky of Rokkenjima.......Below me was the green of many trees.",それはとてもとても広大な六軒島の空。………眼下にいっぱいの木々の緑。,それはとてもとても広大な六軒島の空。{n}………眼下にいっぱいの木々の緑。,"Широкое, обширное небо Роккенджимы.{n}......Деревья, зеленеющие внизу.","O vasto céu de Rokkenjima.{n}......Abaixo de mim, um vasto tapete de árvores verdes.",那是非常非常广阔的六轩岛的天空。{n}………身下是一大片树木之绿。,那是非常非常廣闊的六軒島的天空。{n}………身下是一大片樹木之綠。,"Il vasto, vasto cielo di Rokkenjima. ... Sotto di me c'era il verde di molti alberi.","El vasto, vasto cielo de Rokkenjima.{n}... Debajo mío se veía el verde de muchos árboles.",ﻛﺎﻧﺖ ﺗﻠﻚ ﺳﻤﺎﺀ ﺭﻭﻛﻴﻨﺠﻴﻤﺎ ﺍﻟﺸَّﺎﺳﻌﺔ.{n}ﻭﺍﻣﺘﺪَّﺕ ﺃﺳﻔﻠﻲ ﺧﻀﺮﺓ ﺍﻟﻌﺪﻳﺪ ﻣﻦ ﺍﻷﺷﺠﺎﺭ......
,"But...I can tell. I can comprehend the presences of my family and relatives, and all the servants. .........And...Maria onee‐chan too.",But...I understand. I can comprehend the presences of my family and relatives...and all the servants. ......And...Maria onee-chan too. ,"But...I understand.I can comprehend the presences of my family and relatives, and all the servants..........And...Maria onee-chan too.",でも、わかる。家族や親族、使用人のみんなの気配を、理解できる。………そして、真里亞お姉ちゃんも。,[=JP],"Но я понимаю. Я способна воспринять присутствие моей семьи, родственников, всех слуг.........И Марии онее‐чан.","Mas...eu podia afirmar. Eu podia compreender a presença da minha família, dos meus parentes, de todos os serviçais. .........E...da Maria onee‐chan também.",但是，明白。我能够理解，诸位家人、亲人、佣人。………以及，真里亚姐姐的气息。,但是，明白。我能夠理解，諸位家人、親人、傭人。………以及，真里亞姐姐的氣息。,"Ma... io capivo. Io posso comprendere le presenze della mia famiglia e dei parenti, e di tutti i domestici. ... E... anche Maria Onee-chan.","Pero... me doy cuenta. Puedo comprender la presencia de mi familia y parientes, y de todos los sirvientes... Y... también la de María onee-chan.", ﻏﻴﺮ...ﺃﻧﻨﻲ ﺃﺳﺘﻄﻴﻊ ﺍﻹﺩﺭﺍﻙ. ﺃﺳﺘﻄﻴﻊ ﺃﻥ ﺃﺳﺘﺸﻌﺮ ﻭﺟﻮﺩ ﻋﺎﺋﻠﺘﻲ ﻭﺃﻗﺎﺭﺑﻲ، ﻭﺟﻤﻴﻊ ﺍﻟﺨﺪﻡ. ﻭ...ﺃﺧﺘﻲ ﻣﺎﺭﻳﺎ ﺃﻭﻧﻲ-ﺗﺸﺎﻥ ﺃﻳﻀًﺎ.
,I could even comprehend......Maria onee‐chan as a witch.,I could even comprehend...Maria onee-chan as a witch. ,"I could even comprehend, ......Maria onee-chan as a witch.",魔女としての真里亞お姉ちゃんも、……理解できる。,[=JP],Я даже могла ощущать её как ведьму.,Eu podia até mesmo compreender......a Maria onee‐chan como uma bruxa.,能够理解，身为魔女的，……真里亚姐姐。,能夠理解，身為魔女的，……真里亞姐姐。,Potevo persino comprendere... Maria Onee-chan come strega.,Incluso podía comprender... a María onee-chan como bruja., ﺣﺘﻰ ﺃﻧﻨﻲ ﺍﺳﺘﻄﻌﺖُ ﻓﻬﻢ......ﺃﺧﺘﻲ ﻣﺎﺭﻳﺎ ﻛﺴﺎﺣﺮﺓ.
,"It was vast, more vast than any space I had imagined up until now.","It was vast, more so than any vast space I had imagined up until now. ","It was vast, more so than any vast space I had imagined up until now.",それは私が今までイメージしてきた、どんな広大な空間よりも、広大なもの。,[=JP],"Оно было широчайшим, даже шире, чем обширное пространство, которое я представляла до сего момента.","Era vasto, muito mais vasto do que qualquer espaço que eu havia imaginado até agora.",它比我之前描绘过的任何广大空间，都要广阔无边。,它比我之前描繪過的任何廣大空間，都要廣闊無邊。,"Era vasto, più di qualunque spazio vasto che avessi immaginato fino ad ora.","Era vasto, mucho más vasto que cualquier espacio que había imaginado hasta ese entonces.", ﻛﺎﻧﺖ ﺷﺎﺳﻌﺔ، ﺃﻛﺜﺮ ﺷﺴﺎﻋﺔً ﻣﻦ ﺃﻱِّ ﻣﻜﺎﻥٍ ﺗﺨﻴﻠﺘﻪ ﺣﺘﻰ ﺍﻵﻥ.
Ushiromiya Ange,""".........Maria onee‐chan. Can you hear me......? Listen......!!""","""......Maria onee-chan, can you hear me...? Listen...!!"" ",""".........Maria onee-chan.  Can you hear me......?  Listen......!!""",「………真里亞お姉ちゃん。聞こえる……？　聞いて……！！」,[=JP],"""........Мария онее‐чан. Ты меня слышишь? Слушай!""",""".........Maria onee‐chan. Consegue me ouvir......? Ouça......!!""",「………真里亚姐姐。听得到吗……？请听我说……！！」,「………真里亞姐姐。聽得到嗎……？請聽我說……！！」,"""... Maria Onee-chan. Puoi sentirmi...? Ascolta...!!""","""... María onee‐chan. ¿Puedes oírme?... ¡¡Escucha!!...""","""ﺃﺧﺘﻲ ﻣﺎﺭﻳﺎ......... ﺃﻳﻤﻜﻨﻚِ ﺳﻤﺎﻋﻲ......؟ ......ﺃﻧﺼﺘﻲ ﺇﻟﻲ!!"""
,Ange shouted to the Maria of that day.,Ange called to the Maria of that day. ,Ange called to the Maria of that day.,縁寿はあの日の真里亞に叫ぶ。,[=JP],Энджи позвала Марию того дня.,Ange gritou para a Maria daquele dia.,缘寿在向那一天的真里亚呼喊。,緣壽在向那一天的真里亞呼喊。,Ange chiamò la Maria di quel giorno.,Ange llamó a la María de ese día., ﺻﺎﺣﺖ ﺇﻧﺠﻲ ﻣﺨﺎﻃﺒﺔً ﻣﺎﺭﻳﺎ ﺫﻟﻚ ﺍﻟﻴﻮﻡ.
,That she had been through a long journey.,She told her of the long journey she'd undergone. ,A long journey had passed.,長い旅を経たこと。,[=JP],Длинное путешествие близилось к концу.,Que ela estava em uma longa jornada.,历经了漫长的旅途。,歷經了漫長的旅途。,Un lungo viaggio era passato.,Le contó del largo viaje que había realizado., ﺃﻧَّﻬﺎ ﻣﺮَّﺕ ﺑﺮﺣﻠﺔٍ ﻃﻮﻳﻠﺔ.
,And that she had learned just how much she had wounded Maria on that day when she was young.,Of her long-delayed realization of just how much she'd wounded Maria in her youth. ,"And finally, she knew just how much she had wounded Maria when she was young.",そしてようやく、あの幼い日に彼女を、どれだけ傷つけたかを知ったこと。,[=JP],"И теперь она, наконец, осознала, как глубоко ранила Марию в детстве.",E que havia aprendido o quanto machucou Maria naquele dia quando era jovem.,然后，总算是明白了，自己在年幼时的那一天，给她造成了多大的伤害。,然後，總算是明白了，自己在年幼時的那一天，給她造成了多大的傷害。,"E finalmente, lei capì quanto aveva ferito Maria quando era giovane.",Y que había comprendido lo mucho que la había herido aquel día cuando era joven., ﻭﺃﻧَّﻬﺎ ﺃﺩﺭﻛﺖ ﻛﻢ ﺑﻠﻎ ﺟﺮﺡ ﻣﺎﺭﻳﺎ ﺍﻟﺬﻱ ﺗﺴﺒَّﺒﺖ ﻓﻴﻪ ﻓﻲ ﺫﻟﻚ ﺍﻟﻴﻮﻡ ﺣﻴﻦ ﻛﺎﻧﺖ ﺻﻐﻴﺮﺓ.
,"Having understood magic, I now understand everything about the world Maria wanted to show me.",She understood magic...and now understood everything about the world Maria had wanted to show her. ,"She understood magic, and now understood everything about the world Maria had wanted to show her.",魔法を理解し、今なら真里亞が見せたかった世界が全てわかる。,[=JP],"Она познала магию и теперь поняла всё о мире, который Мария хотела показать ей.","Tendo entendido a magia, agora eu entendo tudo sobre o mundo que ela queria me mostrar.",理解了魔法的我，在现在完全理解了，真里亚姐姐想展示给我看的世界。,理解了魔法的我，在現在完全理解了，真里亞姐姐想展示給我看的世界。,"Capì la magia, e capì ogni cosa del mondo che Maria voleva mostrarle.","Al haber comprendido la magia, ahora comprendo todo sobre el mundo que María quería mostrarme.", ﻟﻤَّﺎ ﻓﻬﻤﺖُ ﺍﻟﺴﺤﺮ، ﺻﺮﺕُ ﺃﻓﻬﻢ ﻛﻞَّ ﺷﻲﺀٍ ﻋﻦ ﺍﻟﻌﺎﻟﻢ ﺍﻟﺬﻱ ﺃﺭﺍﺩﺕ ﻣﺎﺭﻳﺎ ﺃﻥ ﺗﺮﻳﻨﻲ ﺇﻳﺎﻩ.
,"It is so warm, and overflowing with kindness and happiness.","It was very warm, overflowing with love and happiness. ","It was very warm, overflowing with love and happiness.",それはとても温かくて、慈しみと幸せに溢れていて。,[=JP],"Он был полон тепла, любви и счастья.","Era tão quente, e transbordava com afeição e felicidade.",那是个非常温暖的，洋溢着慈爱与幸福的世界。,那是個非常溫暖的，洋溢著慈愛與幸福的世界。,"Era molto caldo, traboccante d'amore e di felicità.","Era muy cálido, lleno de amor y felicidad.", ﺇﻧَّﻪ ﺩﺍﻓﺊٌ ﻟﻠﻐﺎﻳﺔ، ﻭﻳﻔﻴﺾ ﺑﺎﻟﻠﻄﻒ ﻭﺍﻟﺴﻌﺎﺩﺓ.
,"......She had wanted to become even happier by sharing that world, but I had trampled it.","...She wanted to become even happier by sharing that world, but I trampled it. ",[=UP],……そんな世界を共有することで、もっと幸せになりたかった彼女の気持ちを、なのに私は、踏み躙った。,[=JP],"И Мария хотела стать ещё счастливей, поделившись этим миром, тогда как я вытерла об него ноги.","......Ela queria ficar ainda mais feliz compartilhando esse mundo comigo, mas eu simplesmente o pisoteei.",……可是，我却把这份，想通过共享这个世界，来让大家一起变得更幸福的，她的心意，践踏在了脚下。,……可是，我卻把這份，想通過共享這個世界，來讓大家一起變得更幸福的，她的心意，踐踏在了腳下。,"... Lei aveva voluto che diventasse ancora più felice condividendo questo mondo, ma io lo avevo calpestato.","... Ella había querido ser aún más feliz compartiendo ese mundo, pero yo lo había pisoteado.",ﺃﺭﺍﺩﺕ ﺃﻥ ﺗﻐﺪﻭ ﺃﻛﺜﺮ ﺳﻌﺎﺩﺓً ﺑﻤﺸﺎﺭﻛﺔ ﺫﻟﻚ ﺍﻟﻌﺎﻟﻢ...... ﻟﻜﻨﻨﻲ ﺩﺳﺖُ ﻋﻠﻴﻪ.
Ushiromiya Ange,"""So now, I finally understand everything. ......I understand...magic...! Our magic is surely a very humble thing that exists all around us. ......But it isn't something that just anyone can see with their eyes. ............Magic is......yes, I can say it clearly.""","""So now, I finally understand everything. ......I understand magic...! Our magic is surely very faint and fills the space beside us. ...But it isn't something that anyone can see with their eyes. ......Magic is... ...yes, I can say it clearly."" ","""So now, I finally understand everything.  .........I understand magic...!  Our magic is surely very faint and fills the space beside us.  ......But it isn't something that anyone can see with their eyes.  ............Magic is......yes, I can say it clearly.""",「だから私、今こそ全部理解したの。………魔法を、理解した…！　私たちの魔法はきっと、とてもささやかで身近に溢れてる。……でも、それは誰の目にも見えるものではないのよ。……………魔法とは。……えぇ、はっきり言えるわ。」,「だから私、今こそ全部理解したの。……魔法を、理解した…！　私たちの魔法はきっと、とてもささやかで身近に溢れてる。……でも、それは誰の目にも見えるものではないのよ。…………魔法とは。……えぇ、はっきり言えるわ」,"""Поэтому теперь я наконец‐то всё поняла. .......Я понимаю магию! Наша магия и правда очень слаба и заполняет пространство рядом с нами. .....Но она не является чем‐то, что каждый может увидеть своими глазами. ............Магия — это... да, теперь я могу чётко и ясно это сказать.""","""Por isso, agora, eu finalmente consigo entender. ......Eu entendo...a magia...! Nossa magia é algo muito fino que preenche o espaço ao nosso redor. ......Mas não é algo que qualquer um possa ver com seus olhos. ............Magia é......sim, eu posso dizer claramente.""",「所以我，于此刻全部理解了。………理解了，魔法…！我们的魔法，一定非常微小，遍布在我们身边。……只不过，这并非是每个人都看得到的东西。……………所谓魔法。……嗯，斩钉截铁地说好了。」,「所以我，於此刻全部理解了。………理解了，魔法…！我們的魔法，一定非常微小，遍佈在我們身邊。……只不過，這並非是每個人都看得到的東西。……………所謂魔法。……嗯，斬釘截鐵地說好了。」,"""Perciò ora, ho finalmente capito tutto. ... Io capisco la magia...! La nostra magia è sicuramente molto debole e riempie lo spazio oltre noi. ... Ma non è qualcosa che si può vedere con gli occhi. ... La magia è... sì, posso dirlo chiaramente.""","""Así que ahora, finalmente entendí todo... ¡Entiendo... la magia! Nuestra magia es seguramente algo muy modesto que existe a nuestro alrededor... Pero no es algo que cualquiera pueda ver con sus ojos... La magia es... sí, lo puedo decir claramente.""","""ﻟﺬﺍ ﺍﻵﻥ، ﺃﻓﻬﻢ ﻛﻞَّ ﺷﻲﺀ. ...ﺃﻓﻬﻢ...ﺍﻟﺴﺤﺮ......! ﻻ ﺷﻚَّ ﺃﻥَّ ﺳﺤﺮﻧﺎ ﻛﺎﻥ ﻭﺍﻫﻨًﺎ، ﻭﻳﺪﻭﺭ ﻓﻲ ﻓﻠﻜﻨﺎ ﻧﺤﻦ....ﻟﻜﻨَّﻪ ﻟﻴﺲ ﺷﻴﺌًﺎ ﻳﻨﻌﻢ ﺑﺮﺅﻳﺘﻪ ﺃﻱُّ ﺃﺣﺪ. ...ﺍﻟﺴﺤﺮ............ ﻧﻌﻢ ﻳﻤﻜﻨﻨﻲ ﺍﻵﻥ ﺭﺅﻳﺘﻪ ﺑﻮﺿﻮﺡ."""
,"{m:-5:—}—Without love, it cannot be {y:1:‘seen’}{n:1:seen}.","——Without love, it cannot be ""seen"". ","――Without love, it cannot be seen",——愛がなければ、視えない,――愛がなければ、視えない,――Её не {y:1:‘узреть’}{n:1:узреть} без любви.,"{m:-5:—}—Sem amor, ela não pode ser {y:1:‘vista’}{n:1:vista}.",——没有爱，就看不到。,——沒有愛，就看不到。,"――Senza amore, non può essere vista","{m:-5:—}—Sin amor, no puede ser vista.",{m:-5:—}—ﺩﻭﻥ ﺣﺐ؛ ﺃﻧّﻰ ﻳُﺮﻯ. 
,"I'm sorry, Onee‐chan.","Sorry, Onee-chan. ","Sorry, Onee-chan.",ごめんね、お姉ちゃん。,[=JP],"Прости, сестричка.","Desculpa, onee‐chan.",对不起，姐姐。,對不起，姐姐。,"Scusa, Onee-chan.","Perdón, Onee-chan.",ﺃﻋﺘﺬﺭ ﻳﺎ ﺃﺧﺘﻲ.
,"......I've already been excommunicated from the witches' alliance, but...{n}...after all this time, I now understand how wonderful it is.","...I've already been excommunicated from the alliance of witches, but now, I understand how wonderful it is. ","......I've already been excommunicated from the alliance of witches, but now, I understand how wonderful it is.",……もう私は魔女同盟を破門になった身だけれど。今になって、その素晴らしさを理解してる。,……もう私は魔女同盟を破門になった身だけれど。{n}今になって、その素晴らしさを理解してる。,".....Меня изгнали из альянса ведьм, но теперь я осознала,{n}насколько он замечателен.","......Eu já fui excomungada da aliança das bruxas, mas...{n}...depois de todo esse tempo, agora eu entendo como ela é maravilhosa.",……虽然，我已被逐出了魔女同盟，{n}但到了现在，我理解到它的美妙了。,……雖然，我已被逐出了魔女同盟，{n}但到了現在，我理解到它的美妙了。,"... Io sono già stata scomunicata dall'alleanza delle streghe, ma ora, io comprendo quanto sia meravigliosa.","... Ya me han excomulgado de la alianza de brujas, pero... después de todo este tiempo, ahora comprendo lo maravilloso que es.", ...ﻃُﺮﺩﺕُ ﺑﺎﻟﻔﻌﻞ ﻣﻦ ﺗﺤﺎﻟﻒ ﺍﻟﺴَّﺎﺣﺮﺍﺕ، ﻭﻟﻜﻨﻨﻲ......{n}ﺃﻓﻬﻢ ﺍﻵﻥ ﺭﻭﻋﺘﻪ ﺑﻌﺪ ﻛﻞِّ ﻫﺬﺍ ﺍﻟﻮﻗﺖ...
,"And.........I know that after that day I wounded you, Mariage Sorcière was......transfigured into something different from what you truly desired.","And......I know that, after the day I wounded you, Mariage Sorcière... was transfigured into something different from what you truly desired. ","And, .........I know that since the day I wounded you, Mariage Sorciere, ......was transfigured into something different from what you truly desired, Onee-chan.",そして、………私が傷つけてしまったあの日から、マリアージュ・ソルシエールが、……お姉ちゃんが本当の意味で望んでいたものとは違うものに変貌してしまったことを知っている。,[=JP],"И... я также знаю, что с того дня, как я ранила тебя, Меридж Сорсьер... преобразился в нечто отличное от того, что ты хотела, сестричка.","E.........eu sei que depois daquele dia em que eu machuquei você, a Mariage Sorcière foi......transfigurada em algo diferente daquilo que você realmente desejava.",并且，………我还清楚，自从我伤害了她的那一天起，Mariage Sorcière，……变成了，跟姐姐的真正意愿大不相同的同盟。,並且，………我還清楚，自從我傷害了她的那一天起，Mariage Sorcière，……變成了，跟姐姐的真正意願大不相同的同盟。,"E... so che dal giorno in cui ti ho ferito, il Mariage Sorcière... è diventato qualcosa di diverso da ciò che desideravi veramente, Onee-chan.","Y... sé que después de aquel día en que te lastimé, la Mariage Sorcière fue... deformada en algo diferente a lo que realmente deseabas, Onee-chan...", ...ﻭ.........ﺃﻋﻠﻢ ﺃﻧَّﻪ ﺑﻌﺪ ﺫﻟﻚ ﺍﻟﻴﻮﻡ ﺍﻟﺬﻱ ﺟﺮﺣﺘﻚِ ﻓﻴﻪ، ﺗﺤﻮَّﻝ ﻣﺎﺭﻳﺎﺝ ﺳﻮﺭﺳﻴﻴﺮ ﺇﻟﻰ ﺷﻲﺀٍ ﻣﺨﺘﻠﻒٍ ﻋﻤَّﺎ ﻛﻨﺖِ ﺗﺮﻏﺒﻴﻦ ﻓﻴﻪ ﺣﻘًﺎ...
,".........Back in those days, even magic that allowed you to vent your anger by cursing people was probably important to you.",......Even the magic that spat anger by cursing people was probably important to Onee-chan in those days. ,.........Even the magic that spat anger by cursing people was probably important to Onee-chan in those days.,………あの日々のお姉ちゃんには、人を呪うことで怒りを吐き出す魔法も、大切だったかもしれない。,[=JP],".........Даже магия, плюющаяся злобой и проклинающая людей, наверняка была важна сестричке в те дни.",".........Voltando naqueles dias, mesmo a magia que permitia a você desabafar sua fúria, amaldiçoando pessoas, provavelmente era importante para você.",………对生活在那段日子里的姐姐来说，也许就连通过诅咒他人，来发泄愤怒的魔法，都是很重要的吧。,………對生活在那段日子裡的姐姐來說，也許就連通過詛咒他人，來發泄憤怒的魔法，都是很重要的吧。,... Anche la magia che diffondeva rabbia maledicendo le persone probabilmente è stata importante per Onee-chan in quei giorni.,Incluso la magia que escupía odio al maldecir personas probablemente era importante para Onee-chan en esos días.,ﺭﺑَّﻤﺎ ﻛﺎﻥ ﺍﻟﺴﺤﺮ ﺍﻟﺬﻱ ﺳﻤﺢ ﻟﻚِ ﺑﺘﻔﺮﻳﻎ ﻏﻀﺒﻚِ ﻋﻦ ﻃﺮﻳﻖ ﻟﻌﻦ ﺍﻟﻨﺎﺱ ﻣﻬﻤًﺎ ﻟﻚِ ﻓﻲ ﺗﻠﻚ ﺍﻷﻭﻗﺎﺕ........
,Your environment was unhappy enough for you to be allowed that.,Onee-chan's environment was sad enough to permit that. ,Onee-chan's environment was sad enough to permit that.,お姉ちゃんの境遇は、それが許されるだけの悲しいものだった。,[=JP],"Окружающая её среда была достаточно печальной и горькой, чтобы дозволить это.",O ambiente ao seu redor era infeliz o suficiente para permitir isso a você.,姐姐的境遇可悲到了，老天都容许她这么做。,姐姐的境遇可悲到了，老天都容許她這麼做。,L'ambiente di Onee-chan era sufficientemente triste da permetterlo.,Tu entorno era lo suficientemente triste como para permitir que te ocurriera eso.,ﻓﻈﺮﻭﻓﻚِ ﻛﺎﻧﺖ ﻣﺤﺰﻧﺔ ﻟﺪﺭﺟﺔ ﺗﺒﺮﺭ ﺫﻟﻚ.
Ushiromiya Ange,"""But.........now, those unhappy days...are over. ......So, ......let's return your witches' alliance............back to the original, gentle Mariage Sorcière.""","""But now, ......those sad days...are over. ......So, ...let's return Onee-chan's alliance of witches... ...back to the original Mariage Sorcière."" ","""But, .........now, those sad days...are over.  ......So, ......let's return Onee-chan's alliance of witches, .........back to the original Mariage Sorciere.""",「でも。………もう、そんな悲しい日々は、終わったよ。……だから、……お姉ちゃんの魔女同盟を、………元の、やさしいマリアージュ・ソルシエールに、戻そう。」,「でも。………もう、そんな悲しい日々は、終わったよ。……だから、……お姉ちゃんの魔女同盟を、………元の、やさしいマリアージュ・ソルシエールに、戻そう」,"""Но теперь... эти дни... окончены. ......Итак, давайте преобразим альянс ведьм онее‐чан обратно в оригинальный Меридж Сорьсер.""","""Mas.........agora, aqueles dias infelizes...terminaram. ......Por isso, ......vamos retomar sua aliança das bruxas............voltar à original e gentil Mariage Sorcière.""",「不过。………那段悲惨的日子，已经结束了。……所以，……来将姐姐的魔女同盟，………变回祥和的 Mariage Sorcière 吧。」,「不過。………那段悲慘的日子，已經結束了。……所以，……來將姐姐的魔女同盟，………變回祥和的 Mariage Sorcière 吧。」,"""Ma... ora, quei giorni tristi... sono finiti. ... Quindi... ritorniamo all'alleanza delle streghe di Onee-chan... all'originale Mariage Sorcière.""","""Pero... ahora, esos tristes días... se terminaron... Por eso... regresemos tu alianza de brujas... de vuelta a la original y dulce Mariage Sorcière.""","""ﻭﻟﻜﻦ... ﻭﻟَّﺖ ﺗﻠﻚ ﺍﻷﻳﺎﻡ ﺍﻟﺘﻌﻴﺴﺔ ﺍﻵﻥ...... ،ﻟﺬﺍ...... ...ﺩﻋﻴﻨﺎ ﻧﻌﻴﺪ ﺗﺤﺎﻟﻔﻚِ ﻟﻠﺴَّﺎﺣﺮﺍﺕ...... ﺇﻟﻰ ﻣﺎﺭﻳﺎﺝ ﺳﻮﺭﺳﻴﺮﺍﻷﺻﻠﻲّ ﺍﻟﻠﻄﻴﻒ........."""
,The grimoire was in my hands without me realizing it.,The grimoire was in my hands before I realized it. ,[=UP],いつの間にか手に持っていた魔導書。,[=JP],"Я сама не поняла, как в моих руках оказался гримуар.","Sem que eu percebesse, o grimório estava em minhas mãos.",在不知不觉间，手上拿着的魔导书。,在不知不覺間，手上拿著的魔導書。,Il grimorio fu nelle mie mani senza che me ne accorgessi.,El grimorio estaba en mis manos sin que me diera cuenta., ......ﻛﺎﻥ ﻛﺘﺎﺏ ﻃﻼﺳﻤﻬﺎ ﺑﻴﻦ ﻳﺪﻱَّ ﺩﻭﻥ ﺃﻥ ﺃﺩﺭﻙ ﺫﻟﻚ.
,......The strong winds were rapidly blowing its pages one after another......,...The strong winds were rapidly blowing its pages one after another... ,[=UP],……それが強い風で次々と素早くページが捲られていく……。,[=JP],Сильный ветер стремительно переворачивал одну страницу за другой...,"......Os fortes ventos rapidamente viraram as páginas, uma após a outra......",……随着强风，飞快地翻起了书页……。,……隨著強風，飛快地翻起了書頁……。,... I forti vendi stavano rapidamente sfogliando le sue pagine una dopo l'altra...,... El fuerte viento cambiaba sus páginas una tras otra..., ﻭﻛﺎﻧﺖ ﺍﻟﺮﻳﺎﺡ ﺍﻟﻘﻮﻳﺔ ﺗﻘﻠﺐ ﺻﻔﺤﺎﺗﻪ ﺑﺴﺮﻋﺔٍ ﻭﺍﺣﺪﺓً ﺗﻠﻮ ﺍﻷﺧﺮﻯ......
,It had been a kind world at first.,That world had been kind in the beginning. ,The world had been kind in the beginning.,最初はやさしい世界だった。,[=JP],Мир изначально был добрым.,O mundo era gentil no início.,最开始是温柔祥和的世界。,最開始是溫柔祥和的世界。,Il mondo doveva essere gentile all'inizio.,Había sido un mundo bueno al principio., ﻛﺎﻥ ﻋﺎﻟﻤًﺎ ﻟﻄﻴﻔًﺎ ﻓﻲ ﺍﻟﺒﺪﺍﻳﺔ.
,What to do to create magic so that candy rains from the sky.,How could you give birth to magic that would make candy fall from the sky? ,How could you give birth to magic that would make candy fall from the sky?,どうやったら、空からお菓子が降ってくる魔法が生まれるか。,[=JP],"Как можно породить магию, заставляющую конфеты сыпаться с неба?",Como conceber uma magia que faça chover doces do céu.,怎么做，才能创造出从天上掉下糖果的魔法呀？,怎麼做，才能創造出從天上掉下糖果的魔法呀？,Come si può dare vita ad una magia che fa cadere caramelle dal cielo?,Cómo hacer magia para que lluevan caramelos del cielo., ﻣﺎ ﺳﺒﻞ ﺧﻠﻖ ﺳﺤﺮٍ ﻳُﻤﻄﺮ ﺍﻟﺤﻠﻮﻯ ﻣﻦ ﺍﻟﺴﻤﺎﺀ.
,What to do to create magic so that tomorrow's dinner becomes cream croquettes.,How could you give birth to magic that would make tomorrow's dinner creme croquette? ,How could you give birth to magic that would make tomorrow's dinner creme croquette?,どうやったら、明日の晩御飯がクリームコロッケになる魔法が生まれるか。,[=JP],"Как можно породить магию, благодаря которой завтра на обед будет крокет со сливками?",Como conceber a uma magia que faça com que o jantar de amanhã seja croquete de creme.,怎么做，才能创造出让明天的晚饭变成奶油肉饼的魔法呀？,怎麼做，才能創造出讓明天的晚飯變成奶油肉餅的魔法呀？,Come si può dare vita ad una magia che rende la cena di domani crocchette alla crema?,Cómo hacer magia para que la cena de mañana se convierta en croquetas a la crema., ﻣﺎ ﺳﺒﻞ ﺧﻠﻖ ﺳﺤﺮٍ ﻳﺤﻮﻝ ﻋﺸﺎﺀ ﺍﻟﻐﺪ ﺇﻟﻰ ﻓﻄﻴﺮﺓ ﺑﺎﻟﻜﺮﻳﻤﺔ.
,"What to do to create magic so that tomorrow's weather is good when you go out, and you have a fun day.","How could you give birth to magic that would make the weather good when you went out the next day, making your whole day fun? ","How could you give birth to magic that would make the weather good when you go out tomorrow, and make your whole day fun?",どうやったら、明日のお出掛けがお天気になって、楽しい一日になる魔法が生まれるか。,[=JP],"Как можно породить магию, которая завтра устроит хорошую погоду, чтобы можно было веселиться весь день?","Como conceber a uma magia que faça com que o tempo fique bom quando sair, e você tenha um dia divertido.",怎么做，才能创造出使明天出门时，一整天都是好天气，度过愉快的一天的魔法呀？,怎麼做，才能創造出使明天出門時，一整天都是好天氣，度過愉快的一天的魔法呀？,"Come si può dare vita ad una magia che fa diventare bel tempo quando esci il giorno dopo, e rendere divertente la tua intera giornata?","Cómo hacer magia para que mañana el clima sea bueno cuando salgas, y tengas un día divertido.", ﻣﺎ ﺳﺒﻞ ﺧﻠﻖ ﺳﺤﺮٍ ﻳﺤﺴﻦ ﻃﻘﺲ ﺍﻟﻐﺪ ﻭﻳﺤﻮﻟﻪ ﺇﻟﻰ ﻳﻮﻡٍ ﻣﻤﺘﻊ.
,"New magics of happiness were created one after another, coloring her world with kindness...","New spells of happiness were created one after another, coloring her world with kindness... ",[=UP],新しい幸せな魔法が次々に生まれて、彼女の世界をやさしく彩っていった…。,[=JP],"Новые счастливые магии создавались одна за другой, раскрашивая её мир добротой...","Novas magias de felicidade foram sendo criadas uma após a outra, colorindo o mundo com bondade...",一个接一个地被创造出来的，新的幸福的魔法，不断地给她的世界添上祥和的色彩…。,一個接一個地被創造出來的，新的幸福的魔法，不斷地給她的世界添上祥和的色彩…。,"Nuove magie di felicità furono create una dopo l'altra, colorando il suo mondo di gentilezza...","Nuevas magias de felicidad se crearon una tras otra, coloreando su mundo de bondad...",...ﺧُﻠﻘﺖ ﺃﺳﺤﺎﺭ ﺳﻌﺎﺩﺓٍ ﺟﺪﻳﺪﺓِ ﺗﺒﺎﻋًﺎ، ﻣﻠﻮِّﻧﺔً ﻋﺎﻟﻤﻬﺎ ﺑﺎﻟﻠﻄﻒ.
,"Those days were flipped through one after another, .........and the days and months began to flash by like memories...","Those days were flipped through one after another, ......and months began to flash by... ","Those days were flipped through one after another, .........and tomorrow began to flash by...",そんな日々が次々に捲られていき、………どんどんと月日が、走馬灯のように駆け巡っていく…。,[=JP],"И эти дни прошли один за другим, перелистываясь книжными страницами, а затем начал мелькать завтрашний день...","Aqueles dias passaram um após o outro pelas páginas, .........e os dias e meses começaram a irromper, orbitando ao meu redor, como memórias exibidas diante dos meus olhos...",这段日子随风而去，………岁月如走马灯般，越来越快地疾驰而去…。,這段日子隨風而去，………歲月如走馬燈般，越來越快地疾馳而去…。,Quei giorni furono sfogliati uno dopo l'altro... e l'indomani cominciò a balenare...,Esos días fueron pasando uno tras otro en las hojas... y los días y los meses empezaron a pasar como recuerdos...,ﻃٌﻮﻳﺖ ﺗﻠﻚ ﺍﻷﻳﺎﻡ ﻭﺍﺣﺪًﺍ ﺗﻠﻮ ﺍﻵﺧﺮ، ...ﻭﺑﺪﺃﺕ ﺍﻷﻳﺎﻡ ﻭﺍﻟﺸُّﻬﻮﺭ ﺗﻤﺮُّ ﻛﺄﻧَّﻬﺎ ﺫﻛﺮﻳﺎﺕ.........
,The pages with drawings that were colorful...gradually changed into pages colored only with black ink......,The pages with drawings that had once been colorful... gradually began to change into the color of black ink... ,The pages with drawings that had once been colorful...gradually began to change into the color of black ink......,カラフルだったイラストのページは、次第に黒いインク一色のページに様変わりしていく……。,[=JP],"Страницы с рисунками, исполненными цветами, постепенно стали уступать место страницам с рисунками чёрных чернил...",As páginas com desenhos coloridos...gradualmente transformando as páginas coloridas com tinta preta......,画着彩画的书页，渐渐变成了只存在黑墨水的单色书页……。,畫著彩畫的書頁，漸漸變成了只存在黑墨水的單色書頁……。,Le pagine con i disegni che una volta erano colorati... gradualmente iniziarono a cambiare nel colore di nero inchiostro...,Las páginas con dibujos que antes habían sido coloridos... poco a poco se fueron convirtiendo en páginas coloreadas solo con tinta negra..., ...ﺍﻟﺼﻔﺤﺎﺕ ﺫﺍﺕ ﺍﻟﺮُّﺳﻮﻣﺎﺕ ﺍﻟﻤﻠﻮَّﻧﺔ. ......ﺗﺤﻮَّﻟﺖ ﺗﺪﺭﻳﺠﻴًﺎ ﺇﻟﻰ ﺻﻔﺤﺎﺕٍ ﻣﻠﻮَّﻧﺔٍ ﺑﺎﻟﺤﺒﺮ ﺍﻷﺳﻮﺩ ﻓﺤﺴﺐ.
,"......Eerie magic circles, and demon summonings.{n}Evil magic for harming people.",...Eerie magic circles and demon summonings. Evil magic for harming people. ,"......Eerie magic circles, and demon summonings.Evil magic for harming people.",……不気味な魔法陣や、悪魔の召喚術。人に害を為すための邪悪なる魔法。,……不気味な魔法陣や、悪魔の召喚術。{n}人に害を為すための邪悪なる魔法。,"....Жутковатые магические круги и призывы демонов.{n}Злая магия, вредящая людям.",......Misteriosos círculos mágicos e invocação de demônios.{n}Magia maligna para fazer mal às pessoas.,……阴森森的魔法阵，恶魔召唤术。{n}目的为害人的邪恶魔法。,……陰森森的魔法陣，惡魔召喚術。{n}目的為害人的邪惡魔法。,... Lugubri cerchi magici ed evocazioni di demoni. Magie malvagie per ferire le persone.,"... Extraños círculos mágicos, e invocaciones demoníacas.{n}Magia maligna para lastimar a las personas.", ﺩﻭﺍﺋﺮ ﺳﺤﺮﻳَّﺔ ﻣﺨﻴﻔﺔ، ﻭﺍﺳﺘﺪﻋﺎﺀﺍﺕ ﻟﻠﺸﻴﺎﻃﻴﻦ......{n}ﺳﺤﺮٌ ﺷﺮﻳﺮٌ ﻹﻳﺬﺍﺀ ﺍﻟﻨﺎﺱ.
,What to do to create magic so that the class bully catches a cold.,How could you give birth to magic that would cause the class bully to catch a cold? ,How could you give birth to magic that would cause the class bully to catch a cold?,どうやったら、クラスのいじめっこが風邪を引く魔法が生まれるか。,[=JP],"Что заставило тебя породить магию, наводящую простуду на классного задиру?",Como conceber uma magia para que todos da classe que fazem bullying fiquem resfriados.,怎么做，才能创造出令班上爱欺负人的孩子得感冒的魔法？,怎麼做，才能創造出令班上愛欺負人的孩子得感冒的魔法？,Come si può dare vita ad una magia che fa prendere il raffreddore al bullo della classe?,Cómo hacer magia para que el bravucón de la clase se resfríe., ﻣﺎ ﺳﺒﻞ ﺧﻠﻖ ﺳﺤﺮٍ ﻳﺼﻴﺐ ﻣﺘﻨﻤِّﺮ ﺍﻟﻔﺼﻞ ﺑﺎﻟﺰُّﻛﺎﻡ.
,What to do to create magic so that you‐know‐who in class gets seriously injured and dies.,How could you give birth to magic that would seriously injure someone in class so that they died? ,How could you give birth to magic that would seriously injure someone in class so that they died?,どうやったら、クラスの誰それが大怪我をして死んでしまう魔法が生まれるか。,[=JP],"Что заставило тебя породить магию, наносящую кому‐то в классе смертельную травму.",Como conceber uma magia para que a você‐sabe‐quem da classe fique seriamente ferida e morra.,怎么做，才能创造出令班上的某某人受重伤死掉的魔法？,怎麼做，才能創造出令班上的某某人受重傷死掉的魔法？,Come si può dare vita ad una magia che ferisce in modo serio qualcuno della classe così che muoia?,Cómo hacer magia para que ya sabes quién en clase resulte gravemente herido y muera., ﻣﺎ ﺳﺒﻞ ﺧﻠﻖ ﺳﺤﺮٍ ﻳﺼﻴﺐ ﺍﻟﺸﺨﺺ ﺍﻟﻤﻘﺼﻮﺩ ﻓﻲ ﺍﻟﻔﺼﻞ ﺑﺠﺮﻭﺡٍ ﺑﺎﻟﻐﺔٍ ﻭﻳﻤﻮﺕ.
,What to do to create magic so that a bus with all the bullies on it falls off a cliff.,How could you give birth to magic that would cause a bus loaded with all the bullies to fall off a cliff? ,How could you give birth to magic that would cause a bus loaded with all the bullies to fall off a cliff?,どうやったら、いじめっこ全員の乗ったバスが崖から落っこちる魔法が生まれるか。,[=JP],"Почему ты породила магию, благодаря которой автобус, полный твоих обидчиков, упадёт с обрыва?",Como conceber uma magia para que os ônibus com aqueles que fazem bullying caiam de um penhasco.,怎么做，才能创造出令乘坐着全体爱欺负人的孩子的巴士坠落悬崖的魔法？,怎麼做，才能創造出令乘坐著全體愛欺負人的孩子的巴士墜落懸崖的魔法？,Come si può dare vita ad una magia che farebbe cadere da un dirupo un bus con al suo interno tutti i bulli?,Cómo hacer magia para que un autobús con todos los bravucones a bordo caiga por un precipicio., ﻣﺎ ﺳﺒﻞ ﺧﻠﻖ ﺳﺤﺮٍ ﻳﺠﻌﻞ ﺣﺎﻓﻠﺔً ﺑﻜﻞِّ ﺍﻟﻤﺘﻨﻤِّﺮﻳﻦ ﻓﻴﻬﺎ ﺗﺴﻘﻂ ﻣﻦ ﻣﻨﺤﺪﺭ.
,"Malicious magics were created one after another, ......filling the pages and her heart...","Malicious spells were created one after another, ...burying the pages and her heart... ","Malicious magics were created one after another, ......burying the pages and her heart...",陰湿な魔法が次々に生まれて、……ページと彼女の心を、埋め尽くしていく…。,[=JP],"Злобные магии создавались одна за другой, погребая под собой страницы гримуара и её сердце...","Maliciosas magias foram criadas uma após a outra, ......preenchendo as páginas e o coração dela...",一个接一个地被创造出来的，阴湿的魔法，……填满了书页，与她的心…。,一個接一個地被創造出來的，陰濕的魔法，……填滿了書頁，與她的心…。,Magie malvagie furono create una dopo l'altra... seppellendo le pagine e il suo cuore...,Magia maliciosa fue creada una tras otra... llenando las páginas y su corazón..., ﺧُﻠﻘﺖ ﺃﺳﺤﺎﺭٌ ﺧﺒﻴﺜﺔٌ ﺗﺒﺎﻋًﺎ، ...ﻣﺎﻟﺌﺔً ﺍﻟﺼﻔﺤﺎﺕ ﻭﻗﻠﺒﻬﺎ......
Ushiromiya Ange,"""It was because I hurt you, Onee‐chan...that Mariage Sorcière ended up like this. .........You aren't a black, evil witch. ......You were a white, ......pure, innocent, ......kind witch......""","""Because I hurt Onee-chan, Mariage Sorcière ended up like this. ......Onee-chan isn't a black, evil witch. ...She was a white, ...pure, innocent, ...kind witch..."" ","""Because I hurt Onee-chan...Mariage Sorciere ended up like this.  .........Onee-chan isn't a black, evil witch.  ......She was a white, ......pure, innocent, ......kind witch......",「私が、お姉ちゃんを傷つけたから。マリアージュ・ソルシエールは、こんなになってしまった。………お姉ちゃんは黒き邪悪な魔女じゃない。……白き、……無垢で無邪気な、……やさしい魔女だったのよ……。,「私が、お姉ちゃんを傷つけたから。マリアージュ・ソルシエールは、こんなになってしまった。………お姉ちゃんは黒き邪悪な魔女じゃない。……白き、……無垢で無邪気な、……やさしい魔女だったのよ……」,"""Поскольку я ранила сестричку... Меридж Сорьсер докатился до такого. .........Онее‐чан не злая, чёрная ведьма. .....Она была белой, чистой, невинной... доброй ведьмой...""","""Foi porque eu a feri, onee‐chan...que a Mariage Sorcière acabou dessa forma. .........Você não é uma bruxa maligna da escuridão. ......Você é uma pura, ......alva, inocente, ......e gentil bruxa......""",「都是因为我伤害了姐姐。Mariage Sorcière 才变成了这副样子。………姐姐本不是漆黑邪恶的魔女。……她曾是一个，……洁白无垢、天真无邪的，……温柔的魔女……」,「都是因為我傷害了姐姐。Mariage Sorcière 才變成了這副樣子。………姐姐本不是漆黑邪惡的魔女。……她曾是一個，……潔白無垢、天真無邪的，……溫柔的魔女……」,"""Perché io ho ferito Onee-chan... il Mariage Sorcière è finito così. ... Onee-chan non è un'oscura strega malvagia. ... Lei era una candida... pura, innocente... gentile strega...","""Como lastimé a Onee-chan... la Mariage Sorcière terminó así... Onee-chan no es una bruja negra, ni mala... Ella era una blanca... pura, inocente... bruja buena...""","""...ﺫﻟﻚ ﻷﻧﻨﻲ ﺟﺮﺣﺘﻚِ ﻳﺎ ﺃﺧﺘﻲ. ﺃﻥَّ ﺗﺤﺎﻟﻒ ﻣﺎﺭﻳﺎﺝ ﺳﻮﺭﺳﻴﺮ ﺁﻝ ﺇﻟﻰ ﻫﺬﺍ ﺍﻟﻤﺼﻴﺮ. ﻟﺴﺖِ ﺳﺎﺣﺮﺓً ﺳﻮﺩﺍﺀ ﺷﺮﻳﺮﺓ......... ...ﺑﻞ ﺳﺎﺣﺮﺓً ﺑﻴﻀﺎﺀ، ......ﻧﻘﻴﺔً ﺑﺮﻳﺌﺔ، ......ﻟﻄﻴﻔﺔ......"""
Ushiromiya Ange,"""......I'll...return you to how you were. Originally, when you were scattering magic to make people happy across the entire world. ......I'll turn you back into that Maria onee‐chan.""","""...I'll...return it to how it was. I'll bring back the original Maria onee-chan, ...the one who scattered magic to make people happy across the entire world. ","......I'll...return it to how it was.I'll bring back the original Maria onee-chan, ......the one who scattered magic to make people happy across the entire world.",……私が、元に戻してあげる。元の、みんなを幸せにする魔法を世界中に振りまいていた、……真里亞お姉ちゃんに戻してあげる。,「……私が、元に戻してあげる。元の、みんなを幸せにする魔法を世界中に振りまいていた、……真里亞お姉ちゃんに戻してあげる」,""".....Я... преображу альянс в такой, каким он был изначально. Я верну прежнюю Марию онее‐чан, ту, что рассеяла магию, стремясь подарить счастье всем людям в мире.""","""......Eu irei...fazer com que volte a ser como era. Originalmente, quando você espalhava através do mundo a magia para fazer as pessoas felizes. ......Eu farei você voltar a ser essa Maria onee‐chan.""",「……我，来让姐姐变回原样。我来让姐姐变回原先的，到处分发令大家变幸福的魔法的，……真里亚姐姐。」,「……我，來讓姐姐變回原樣。我來讓姐姐變回原先的，到處分發令大家變幸福的魔法的，……真里亞姐姐。」,... Io lo... farò tornare com'era. Porterò indietro la Maria Onee-chan di una volta... quella che ha diffuso nel mondo intero la magia per rendere felici le persone.,"""... La traeré de vuelta... a como era antes. Traeré de vuelta a la María onee-chan original... aquella que esparcía magia para hacer feliz a la gente alrededor del mundo.""","""ﺳﺄُﻋﻴﺪﻙِ...ﺇﻟﻰ ﺣﺎﻟﺘﻚِ ﺍﻟﺴَّﺎﺑﻘﺔ...... ﻛﻤﺎ ﻛﻨﺖِ ﻓﻲ ﺍﻟﺒﺪﺍﻳﺔ، ﺣﻴﻦ ﻛﻨﺖِ ﺗﻨﺸﺮﻳﻦ ﺍﻟﺴِّﺤﺮ ﻹﺳﻌﺎﺩ ﺍﻟﻨﺎﺱ ﻓﻲ ﺟﻤﻴﻊ ﺃﻧﺤﺎﺀ ﺍﻟﻌﺎﻟﻢ. ﺳﺄُﻋﻴﺪﻙِ ﺇﻟﻰ ﺃﺧﺘﻲ ﻣﺎﺭﻳﺎ ﺗﻠﻚ......"""
Ushiromiya Ange,"""......That is the reason I came here. I was guided by fate. ............Onee‐chan, can you hear me......? Show yourself.........before me.........!!""","...That's the reason I came here. I was guided by fate. ......Maria onee-chan, can you hear me...? ......Show yourself before me......!!"" ","  ......That is the reason I came here.  I was guided by fate.  ............Maria onee-chan, can you hear me......?  .........Show yourself before me.........!!""",……その為に、私はここへ来た。運命に導かれてきた。…………お姉ちゃん、聞こえてる……？　その姿を、………私の前に見せて………！！」,「……その為に、私はここへ来た。運命に導かれてきた。…………お姉ちゃん、聞こえてる……？　その姿を、………私の前に見せて………！！」,""".....Вот почему я пришла сюда. Меня привела сама судьба. ............Мария онее‐чан, ты меня слышишь? ......Предстань передо мной!""","""......É por isso que eu vim aqui. Eu fui guiada pelo destino. ............Onee‐chan, você consegue me ouvir......? Me deixe.........ver a sua forma.........!!""",「……我是为此，才来到了此处。受命运指引而来。…………姐姐，听得到吗……？请在我的眼前，………现身吧………！！」,「……我是為此，才來到了此處。受命運指引而來。…………姐姐，聽得到嗎……？請在我的眼前，………現身吧………！！」,"... Questo è il motivo per cui sono venuta qui. Sono stata guidata dal destino. ... Maria Onee-chan, puoi sentirmi...? Mostrati davanti a me...!!""","""... Esa es la razón por la cual vine aquí. Fui guiada por el destino. ¿María onee-chan, puedes oírme?... ¡¡Muéstrate!!...""","""ﺫﻟﻚ ﺳﺒﺐ ﻗﺪﻭﻣﻲ ﺇﻟﻰ ﻫﻨﺎ...... ﻗﺎﺩﻧﻲ ﺍﻟﻘﺪﺭ. ﺃﻳﻤﻜﻨﻚِ ﺳﻤﺎﻋﻲ ﻳﺎ ﺃﺧﺘﻲ...............؟ .........ﺃﻇﻬﺮﻱ ﻧﻔﺴﻚِ.........ﺃﻣﺎﻣﻲ!!"""
,"That voice rode an even stronger wind, and was sent twelve years into the past......",That voice rode an even stronger wind and was sent 12 years into the past... ,That voice rode an even stronger wind and was sent 12 years into the past......,その声は、さらに強い風に乗って、１２年前に届けられる……。,[=JP],Голос подхватил ещё более сильный ветер и послал его на 12 лет в прошлое...,Aquela voz juntou‐se a um vento ainda mais forte e foi enviada para doze anos no passado......,我的呼喊，乘强风而去，去了十二年前……。,我的呼喊，乘強風而去，去了十二年前……。,Quella voce cavalcò un vento ancora più forte e fu mandata 12 anni nel passato...,Esa voz trajo un viento incluso más fuerte y fue enviada a 12 años al pasado..., ......ﺍﻣﺘﻄﻰ ﺫﻟﻚ ﺍﻟﺼﻮﺕ ﺭﻳﺎﺣًﺎ ﺃﺷﺪَّ ﻗﻮﺓً ﺣﺘﻰ، ﻓﺄُﺭﺳﻞ ﺇﻟﻰ ﺍﻟﻤﺎﺿﻲ 21 ﻋﺎﻣًﺎ.
,"Then, ......the wind gradually ceased, .........and silence fell......","Then, ...the wind gradually ceased, ......and silence fell... ",[=UP],　そして、……ゆっくりと風は止み、………沈黙が訪れた……。,そして、……ゆっくりと風は止み、………沈黙が訪れた……。,"А затем, ветер постепенно затих, и настала тишина...","Então, ......o vento gradualmente cessou, .........e o silêncio permaneceu......",接着，……慢慢风止，………沉默到访……。,接著，……慢慢風止，………沉默到訪……。,Poi... il vento gradualmente cessò... e scese il silenzio...,"Entonces... el viento cesó gradualmente, y cayó el silencio...", ،ﺛﻢ. ،ﺗﻮﻗَّﻔﺖ ﺍﻟﺮﻳﺎﺡ ﺗﺪﺭﻳﺠﻴًﺎ...... ......ﻭﺳﺎﺩ ﺍﻟﺼَّﻤﺖ.........
,"Crunch, crunch. ......I could hear the sound of gravel being stepped on.","*crunch*, *crunch*. ...I could hear the sound of gravel being stepped on. ","*crunch*, *crunch*.  ......I could hear the sound of gravel being stepped on.",じゃり、じゃりりと。……小石を踏みしめる音が、聞こえた。,[=JP],"*хрусть*, *хрусть*. Я услышала, как кто‐то ступает по гравию.",*crunch*crunch*. ......Eu pude ouvir o som de cascalhos sendo pisados.,沙、沙沙。……响起了踏在小石子上的声音。,沙、沙沙。……響起了踏在小石子上的聲音。,"*crunch*, *crunch*. ... Potei sentire il suono della ghiaia che veniva calpestata.","*crunch*, *crunch*... Podía escuchar el sonido de la gravilla siendo pisada.", ﺧﺸﺨﺸﺔ، ﺧﺸﺨﺸﺔ. ﺍﺳﺘﻄﻌﺖُ ﺳﻤﺎﻉ ﺻﻮﺕ ﺍﻟﺨُﻄﻰ ﺗﺪﻭﺱ ﻋﻠﻰ ﺍﻟﺤﺼﻰ......
,"I heard those footsteps, and was surprised at that miracle.{n}......Without a doubt, those footsteps were Maria onee‐chan's.","I listened to those footsteps, surprised at this miracle. ...Without a doubt, those were Maria onee-chan's footsteps. ","I listened to those footsteps, surprised at this miracle.......Without a doubt, those were Maria onee-chan's footsteps.",私はその足音を聞き、その奇跡に驚く。……それは紛れもなく、真里亞お姉ちゃんの足音だった。,私はその足音を聞き、その奇跡に驚く。{n}……それは紛れもなく、真里亞お姉ちゃんの足音だった。,"Слушая эти шаги, я поразилась чуду.{n}Вне всяких сомнений, это шаги Марии онее‐чан.","Eu ouvi aqueles passos, eu fui surpreendida por aquele milagre.{n}......Sem dúvida, aqueles passos eram da Maria onee‐chan.",我听到这脚步声，为这奇迹吓了一跳。{n}……这个声音，千真万确，就是真里亚姐姐的脚步声。,我聽到這腳步聲，為這奇跡嚇了一跳。{n}……這個聲音，千真萬確，就是真里亞姐姐的腳步聲。,"Ascoltai quei passi, sorpresa da questo miracolo. ... Senza dubbi, quelli erano i passi di Maria Onee-chan.","Al oir esos pasos me quedé sorprendida por ese milagro.{n}... Sin duda alguna, esos eran los pasos de María onee-chan.", ﺳﻤﻌﺖُ ﺗﻠﻚ ﺍﻟﺨُﻄﻰ، ﻭﺫُﻫﻠﺖُ ﻣﻦ ﺗﻠﻚ ﺍﻟﻤﻌﺠﺰﺓ.{n}ﻣﻤَّﺎ ﻻ ﺭﻳﺐ ﻓﻴﻪ ﺃﻥَّ ﺗﻠﻚ ﺧُﻄﻰ ﺃﺧﺘﻲ ﻣﺎﺭﻳﺎ......
Ushiromiya Ange,"""............Ma‐......Maria onee‐chan.........""","""......M-Maria onee-chan......"" ","""............M, ......Maria onee-chan.........""",「…………ま、……真里亞お姉ちゃん………。」,「…………ま、……真里亞お姉ちゃん………」,""".........М... Мария онее‐чан...""",[=UP],「…………真、……真里亚姐姐………」,「…………真、……真里亞姐姐………」,"""... M... Maria Onee-chan...""","""... M-María onee-chan...""",""".........ﻣﺎ-......ﺃﺧﺘﻲ ﻣﺎﺭﻳﺎ............"""
Sumadera Kasumi,"""Kasumi. ......Looks like I finally found you, eh, Ange‐chan.........?""","""It's Kasumi. ......Looks like I finally found you, eh, Ange-chan......?"" ","""It's Kasumi.  .........Looks like I finally found you, eh, Ange-chan.........?""",「霞よ。………ようやく見つけたわよ、縁寿ちゃん………？」,「霞よ。……ようやく見つけたわよ、縁寿ちゃん………？」,"""Это Касуми. .........Наконец‐то я нашла тебя, а, Энджи‐чан?""","""É Kasumi. ......Parece que finalmente a encontrei, Ange‐chan.........?""",「我是霞哟。………总算找着你了呢，小缘寿………？」,「我是霞喲。………總算找著你了呢，小緣壽………？」,"""Sono Kasumi. ... Sembra che ti abbia finalmente trovata, eh, Ange-chan...?""","""Es Kasumi... Parece que al fin te encontré, ¿eh, Ange-chan?...""","""ﻛﺎﺳﻮﻣﻲ. ﺃﺧﻴﺮًﺍ ﻭﺟﺪﺗﻚِ ﻳﺎ ﺇﻧﺠﻲ-ﺗﺸﺎﻥ."""
Ushiromiya Ange,"""........................""","""............"" ","""............""",「……………………。」,「……………………」,[=OG],[=UP],[=JPC],[=JPC],"""...""",[=ITA],[=UP]
,"......Before I knew it, Aunt Kasumi and her black‐suits, a total of seven people who didn't resemble Maria onee‐chan in the slightest, were standing there, surrounding me.","...Before I knew it, Aunt Kasumi and her black-suits, a total of seven people who didn't resemble Maria onee-chan in the slightest, were standing there, surrounding me. ","......Before I knew it, Kasumi oba-san and her black-suits, a total of seven people who didn't resemble Maria onee-chan in the slightest, were standing there, surrounding me.",……真里亞お姉ちゃんとは、似ても似つかない霞叔母さんと黒服たちが、いつの間にか７人も、私を取り囲むように、そこにいた。,[=JP],"Не успела я собраться с мыслями, как тётя Касуми со своими амбалами в чёрных костюмах, итого семь человек, ничуть не походивших на Марию, окружили меня.","......Antes que eu percebesse, a tia Kasumi e seus homens de ternos pretos, um total de sete pessoas que não se pareciam absolutamente nada com a Maria onee‐chan, estavam ali, me cercando.",……与真里亚姐姐毫无相似之处的霞姨母与黑衣人，不知从何时起，七人站成圈地，将我围在了中间。,……與真里亞姐姐毫無相似之處的霞姨母與黑衣人，不知從何時起，七人站成圈地，將我圍在了中間。,"... Prima che me ne accorgessi, Kasumi oba-san e i suoi uomini in nero, un totale di sette persone che non assomigliano minimamente a Maria Onee-chan, erano lì, circondandomi.","... Antes de que me diera cuenta, la tía Kasumi y sus hombres de traje negro, un total de siete personas que no se asemejaban a María onee-chan en lo más mínimo, estaban parados ahí, rodeándome.", - ﻗﺒﻞ ﺃﻥ ﺃﻋﻲ، ﻛﺎﻧﺖ ﺍﻟﺨﺎﻟﺔ ﻛﺎﺳﻮﻣﻲ ﻭﻣﺮﺍﻓﻘﻮﻫﺎ ﺫﻭﻭ ﺍﻟﺒﺬﻝ ﺍﻟﺴَّﻮﺩﺍﺀ - ﻭﻫﻢ ﺳﺒﻌﺔ ﺃﺷﺨﺎﺹٍ ﺇﺟﻤﺎﻻً ﻻ ﻳﺸﺒﻬﻮﻥ ﻣﺎﺭﻳﺎ ﺃﻭﻧﻲ-ﺗﺸﺎﻥ ﺃﺑﺪًﺍ...... ﻭﺍﻗﻔﻴﻦ ﻫﻨﺎﻙ، ﻳﺤﻴﻄﻮﻥ ﺑﻲ.
,"And it felt like my voice had been just about to reach Maria onee‐chan, too......","And it felt like my voice had been just about to reach Maria onee-chan, too... ","And it felt like my voice had been just about to reach Maria onee-chan, too......",真里亞お姉ちゃんに、もう少しで声が届きそうだったのに……。,[=JP],"А ведь я ощутила, что мой голос почти достиг Марии онее‐чан...",Eu senti que minha voz estava quase alcançando a Maria onee‐chan......,明明只差一点点，就能把我的呼唤送入真里亚姐姐耳中了……。,明明只差一點點，就能把我的呼喚送入真里亞姐姐耳中了……。,E io sentivo anche che la mia voce stesse quasi per raggiungere Maria Onee-chan...,Sentí que mi voz casi habia llegado a María onee-chan..., ......ﺷﻌﺮﺕُ ﺃﻥَّ ﺻﻮﺗﻲ ﻛﺎﺩ ﺃﻥ ﻳﺒﻠﻎ ﺃﺧﺘﻲ ﻣﺎﺭﻳﺎ.
,"...Because of these guys' toxin, .........the magic got interrupted...","...Because of these guys' toxin, ......that magic was cut off... ","...Because of these guys' toxin, .........the magic had been interrupted...",…こいつらの毒素のせいで、………魔法が途切れてしまった…。,[=JP],Но из‐за токсина этих людишек магия оказалась грубейшим образом прервана.,"...Mas por causa das toxinas dessa gente, .........a magia foi interrompida...",…都是因为他们的毒素作怪，………魔法被打断了…。,…都是因為他們的毒素作怪，………魔法被打斷了…。,... Per via della tossina di queste persone... la magia era stata interrotta...,... Pero debido a la toxina de estos tipos... la magia ha sido interrumpida..., ...ﻭﻟﻜﻦ ﺍﻟﺴﺤﺮ ﺗﻮﻗَّﻒ، .........ﺑﺴﺒﺐ ﺳﻤﻮﻡ ﻫﺆﻻﺀ ﺍﻟﺮﺟﺎﻝ...
,"Ange clicked her tongue at that, but Kasumi probably didn't hear it that way.","Ange clicked her tongue at that, but Kasumi probably didn't hear it that way. ",[=UP],縁寿はそれを舌打ちするが、霞にはそういう意味には聞こえなかったろう。,[=JP],"Энджи раздражённо цокнула языком, но Касуми, похоже, истолковала это иначе.","Ange estalou a língua, mas Kasumi provavelmente não entendeu dessa forma.",虽然缘寿在为此咂嘴，但霞是听不出这个意思的吧。,雖然緣壽在為此咂嘴，但霞是聽不出這個意思的吧。,"Ange scioccò la lingua per questo fatto, ma Kasumi probabilmente non la interpretò così.","Ange chasqueó la lengua ante eso, pero Kasumi no lo escuchó de esa manera.", ﻃﻘﻄﻘﺖ ﺇﻧﺠﻲ ﺑﻠﺴﺎﻧﻬﺎ ﻏﻀﺒًﺎ ﻣﻦ ﺫﻟﻚ، ﻭﻟﻜﻦ ﻛﺎﺳﻮﻣﻲ ﺭﺑَّﻤﺎ ﻟﻢ ﺗﻔﻬﻢ ﻣﻘﺼﺪ ﻃﻘﻄﻘﺘﻬﺎ ﺗﻠﻚ.
Sumadera Kasumi,"""............Oh? Are those flowers for your deceased family? ......How admirable. You're going to throw them, right? That's alright, we'll wait that long.""","""......Hmmmm. Are those flowers for your deceased family? ...How admirable. You're going to throw them, right? Go ahead, we'll wait that long."" ","""............Hmmmm.  Are those flowers for your deceased family?  ......How admirable.  You're going to throw them, right?  Go ahead, we'll wait that long.""",「…………ふぅん。そのお花は、亡くなった家族への？……偉いわぁ。それ、投げるんでしょ？　いいわよ、それまで待ってあげる。」,「…………ふぅん。そのお花は、亡くなった家族への？　……偉いわぁ。それ、投げるんでしょ？　いいわよ、それまで待ってあげる」,"""............Хм‐м‐м. Это цветы для твоей покойной семьи? ......Достойно уважения. Ты ведь собираешься их бросить, верно? Валяй, уж столько мы можем подождать.""","""............Oh? Essas flores são para a sua falecida família? ......Que admirável.{n}Você vai jogar elas, certo? Tudo bem, nós podemos esperar.""",「…………哼——。这花，是为去世的家人准备的？……真懂事呢。这个是要扔下去吧？请吧，我们等到你献完。」,「…………哼——。這花，是為去世的家人準備的？……真懂事呢。這個是要扔下去吧？請吧，我們等到你獻完。」,"""... Hmmmm. Quei fiori sono per la tua famiglia morta? ... Che gesto ammirevole. Stai per lanciarli, vero? Fai pure, aspetteremo.""","""... Mmmmm... ¿Esas flores son para tu difunta familia?... Qué admirable. Vas a tirarlas, ¿verdad? Adelante, esperaremos.""","""ﺃﻭﻩ.........؟ ﻫﻞ ﺗﻠﻚ ﺍﻟﺰُّﻫﻮﺭ ﻷﺳﺮﺗﻚ ﺍﻟﻤﺘﻮﻓَّﺎﺓ؟ ﻣﺎ ﺃﻧﺒﻞ ﻫﺬﺍ ﺍﻟﺘﺼﺮُّﻑ...... ﺃﻟﻦ ﺗﻠﻘﻴﻬﺎ؟ ﻻ ﺑﺄﺱ، ﺳﻨﻨﺘﻈﺮ ﺫﻟﻚ ﺍﻟﻘﺪﺭ ﻣﻦ ﺍﻟﻮﻗﺖ."""
,......Before what.{n}...Ange could more or less guess.,...Just what are you waiting for...? ...But Ange could more or less guess. ,......And just what are you waiting for......Ange could more or less guess.,……何を待つというのか。…だが、縁寿には大体察しがついていた。,……何を待つというのか。{n}…だが、縁寿には大体察しがついていた。,".....И чего, спрашивается, ты ждешь?{n}Энджи более и менее догадывалась.",......Antes do quê?{n}...Ange mais ou menos sabia do que se tratava.,……是要等着做什么？{n}…不过，缘寿已经大致猜到了。,……是要等著做什麼？{n}…不過，緣壽已經大致猜到了。,... E che cosa stareste aspettando... Ange poteva capirlo più o meno.,... ¿Y luego qué?{n}... Ange podía adivinar más o menos., ﺗﻨﺘﻈﺮﻭﻥ ﻣﺎﺫﺍ؟{n}ﺍﺳﺘﻄﺎﻋﺖ ﺇﻧﺠﻲ ﺃﻥ ﺗﺨﻤِّﻦ ﺍﻷﻣﺮ ﺗﻘﺮﻳﺒًﺎ...
,The way the black‐suits had their hands unnaturally stuck into their pockets made me realize that they were obviously in possession of handguns.,The way the black-suits unnaturally stuck their hands into their pockets clearly brought to mind the likelihood that they had handguns. ,The way the black-suits unnaturally stuck their hands into their pockets clearly brought to mind the likelihood that they were in possession of handguns.,黒服たちの、不自然にポケットに突っ込んだ手などは、明らかな拳銃の所持を想起させる。,[=JP],"То, как её амбалы неестественно держали руки в карманах, наводило на мысль, что у них есть пистолеты.",A forma nada natural como os homens de terno estavam com as mãos dentro dos bolsos fez eu perceber que eles claramente estavam portando armas.,黑衣人们那不自然地将手插在口袋里的姿势，令人明明白白地联想到了，他们拿着手枪。,黑衣人們那不自然地將手插在口袋裡的姿勢，令人明明白白地聯想到了，他們拿著手槍。,Il modo innaturale in cui gli uomini in nero tenevano la mano nelle loro giacche faceva capire che erano in possesso di pistole.,La forma en que los hombres trajeados llevaban las manos metidas en los bolsillos me hizo darme cuenta de que probablemente llevaban armas., ﺟﻌﻠﺘﻨﻲ ﺍﻟﻄﺮﻳﻘﺔ ﺍﻟﺘﻲ ﻭﺿﻊ ﺑﻬﺎ ﺫﻭﻭ ﺍﻟﺒﺬﻝ ﺍﻟﺴﻮﺩﺍﺀ ﺃﻳﺪﻳﻬﻢ ﺑﺸﻜﻞٍ ﻏﻴﺮ ﻃﺒﻴﻌﻲٍّ ﻓﻲ ﺟﻴﻮﺑﻬﻢ ﺃﺩﺭﻙ ﺃﻧَّﻬﻢ ﻛﺎﻧﻮﺍ ﻳﺤﻤﻠﻮﻥ ﻣﺴﺪَّﺳﺎﺕٍ ﺑﻮﺿﻮﺡ.
,.........This is a deserted island.{n}There could be no more convenient place to dispose of someone.,......This is a deserted island. There could be no more convenient place to dispose of someone. ,.........This is a deserted island.There could be no more convenient place to dispose of someone.,………ここは無人島。これほど都合のいい処理の場所はあるまい。,………ここは無人島。{n}これほど都合のいい処理の場所はあるまい。,"Тогда как этот остров необитаем.{n}Удобнее места, чтобы от кого‐то избавится, не найти.",.........Esta é uma ilha deserta.{n}Não poderia haver lugar melhor para desovar alguém.,………这里是无人岛。{n}再也没有比这更便于“办事”的地方了。,………這裡是無人島。{n}再也沒有比這更便於“辦事”的地方了。,... Questa è un'isola deserta. Non c'è posto migliore per occuparsi di qualcuno.,... Esta es una isla desierta.{n}No podría haber un lugar más conveniente para deshacerse de alguien., ﻫﺬﻩ ﺟﺰﻳﺮﺓٌ ﻣﻬﺠﻮﺭﺓ.........{n}ﻣﺎ ﻣﻦ ﻣﻜﺎﻥٍ ﺃﻧﺴﺐ ﻟﻠﺘﺨﻠُّﺺ ﻣﻦ ﺃﺣﺪﻫﻢ.
,I have absolutely no interest in the family matters of the Sumadera family.,I have absolutely no interest in the family matters of the Sumadera family. ,[=UP],須磨寺家のお家事情などまったく興味はない。,[=JP],Мне глубоко безразличны дела семьи Сумадера.,Eu não tenho absolutamente nenhum interesse nos assuntos da família Sumadera.,我对须磨寺家的情况完全没有兴趣。,我對須磨寺家的情況完全沒有興趣。,Non mi interessano minimamente i problemi della famiglia Sumadera.,No tengo ningún interés en los asuntos de la familia Sumadera., ﻻ ﺃﻫﺘﻢ ﻣﻄﻠﻘﺎً ﺑﺸﺆﻭﻥ ﻋﺎﺋﻠﺔ ﺳﻮﻣﺎﺩﻳﺮﺍ.
,"...But if I die, all of that wealth will roll right into the Sumadera family coffers.","...But if I die, all that wealth will go to them. ","...But if I die, all of that wealth will be plunked into the Sumadera family.",…しかし、私が死ねば、ごろりと全ての財産は須磨寺家に転がり込むのだ。,[=JP],"Но если я умру, всё богатство перейдёт к ним.","...Mas se eu morrer, toda a riqueza entraria direto nos cofres da família Sumadera.",…不过，我要是死了，所有的财产就都会滚进须磨寺家的腰包。,…不過，我要是死了，所有的財產就都會滾進須磨寺家的腰包。,"... Ma se morissi, tutto il mio denaro finirebbe nelle loro tasche.","... Pero si muero, toda la riqueza será enviada a la familia Sumadera.", ﺑﻴﺪ ﺃﻧﻨﻲ ﺇﺫﺍ ﻣﺖ، ﺳﺘﺬﻫﺐ ﻛﻞُّ ﺗﻠﻚ ﺍﻟﺜﺮﻭﺓ ﻣﺒﺎﺷﺮﺓً ﺇﻟﻰ ﺧﺰﺍﺋﻦ ﻋﺎﺋﻠﺔ ﺳﻮﻣﺎﺩﻳﺮﺍ...
,"Unlike me, they probably have a great deal of interest in it.","Unlike me, they're probably very interested and concerned about this matter. ","Unlike me, they are probably very interested and concerned.",私と違い、大いに興味も関心もあるだろう。,[=JP],"В отличие от меня, они в нём крайне заинтересованы.","Diferente de mim, eles provavelmente têm muito interesse nela.",与我不一样，他们是对我抱有巨大的兴趣与关心的吧。,與我不一樣，他們是對我抱有巨大的興趣與關心的吧。,"Diversamente da me, ne sono molto attratti.","A diferencia mía, ellos probablemente tengan mucho interés en ella.", ﻣﻦ ﺍﻟﻤﺮﺟَّﺢ ﺃﻧَّﻬﻢ ﻳﺒﺪﻭﻥ ﺍﻫﺘﻤﺎﻣًﺎ ﻋﻈﻴﻤًﺎ ﺑﻬﺎ ﺧﻼﻓًﺎ ﻟﻲ.
,"Of course, the Ushiromiya Group has a stake in this, too—it seems that if the massive amounts of stock I own suddenly go to the Sumaderas, it'll be pretty bad for the Ushiromiya Group as well, and so they've apparently gotten themselves embroiled in a secret feud over me.","Of course, it seems that if the massive amounts of stock I own suddenly go to them, it'll be pretty bad for the Ushiromiya Group as well, and they're apparently having a secret feud, fighting over me all by themselves. ","Of course, it seems that if the massive amounts of stock I own suddenly go to them, it'll be pretty bad for the Ushiromiya Group as well, and they're apparently having a secret feud, fighting over me all by themselves.",もちろん、一方の右代宮グループも、私の保有する大量の株が、ごろりとそちらに行ってしまうのは色々とまずいらしく、私を奪い合って、勝手に暗闘を繰り広げているらしい。,[=JP],"Разумеется, достанься им нехилый объём принадлежащей мне собственности — и группе Уширомия окажется нанесён очень болезненный удар, так что они, как пить дать, втайне враждуют за меня.","É claro, o Ushiromiya Group tinha uma participação nisso também — parece que se a grande quantidade de ações que eu detenho for direto para os Sumaderas, acabaria sendo bem ruim para o Ushiromiya Group também, e por isso eles aparentemente se envolveram em uma disputa secreta sobre mim.",当然，另一方面，右代宫集团貌似也是因为我所持有的大量股票，要是被须磨寺家夺走了，就会相当不妙，而在为了争抢我，顾自与他们展开暗斗。,當然，另一方面，右代宮集團貌似也是因為我所持有的大量股票，要是被須磨寺家奪走了，就會相當不妙，而在為了爭搶我，顧自與他們展開暗鬥。,"Chiaramente, sembra che se quell'enorme capitale finisse improvvisamente nelle loro mani, sarebbe un bel problema anche per il gruppo Ushiromiya, e pare che abbiano una faida segreta in cui si contendono me.","Por supuesto, el Grupo Ushiromiya también está interesado. Parece que si las enormes cantidades de acciones que poseo van de repente a la familia Sumadera, sería muy malo para el Grupo Ushiromiya, y por lo que parece se han enredado en una disputa secreta sobre mí.", ﺑﺎﻟﻄﺒﻊ، ﻣﺠﻤﻮﻋﺔ ﺃﻭﺷﻴﺮﻭﻣﻴﺎ ﻋﻠﻰ ﺍﻟﻄﺮﻑ ﺍﻵﺧﺮ، ﻳﺒﺪﻭ ﺃﻧﻬﺎ ﻻ ﺗﺮﻳﺪ ﻷﺳﻬﻤﻲ ﺍﻟﻜﺜﻴﺮﺓ ﺃﻥ ﺗﺬﻫﺐ ﺇﻟﻴﻬﻢ ﺑﺒﺴﺎﻃﺔ، ﻓﺴﻴﻌﻮﺩ ﺫﻟﻚ ﺑﺎﻟﻀَّﺮﺭ ﺍﻟﺒﺎﻟﻎ ﻋﻠﻰ ﻣﺠﻤﻮﻋﺔ ﺃﻭﺷﻴﺮﻭﻣﻴﺎ ﺃﻳﻀًﺎ، ﻭﻟﻬﺬﺍ ﻳﺒﺪﻭ ﺃﻧَّﻬﻢ ﺃﻗﺤﻤﻮﺍ ﺃﻧﻔﺴﻬﻢ ﻓﻲ ﺻﺮﺍﻉٍ ﺳﺮﻱٍّ ﺑﺴﺒﺒﻲ.
,......That's probably why President Okonogi gave me Amakusa as a guard.,...That's probably why President Okonogi gave me Amakusa as a guard. ,[=UP],……小此木社長が私に天草という護衛を付けてくれたのも、そういう意味のはず。,[=JP],"Именно это, похоже, побудило президента Оконоги приставить ко мне Амакусу.",......Provavelmente é por isso que o presidente Okonogi contratou o Amakusa para ser meu guarda.,……小此木社长给我派天草这个保镖，就理应带有此意。,……小此木社長給我派天草這個保鏢，就理應帶有此意。,... Probabilmente è per questo che il presidente Okonogi mi ha affidata ad Amakusa.,... Probablemente fue por eso que el Presidente Okonogi me dio a Amakusa como guardia., ﻭﻟﻌﻞَّ ﺫﻟﻚ ﺍﻟﺴﺒﺐ ﺍﻟﺬﻱ ﺟﻌﻞ ﺍﻟﺮﺋﻴﺲ ﺃﻭﻛﻮﻧﻮﻗﻲ ﻳﻌﻴﻦ ﺃﻣﺎﻛﻮﺳﺎ ﻛﺤﺎﺭﺱٍ ﻟﻲ......
,............Having Amakusa wait on the boat was a regretful mistake...,......Having Amakusa wait on the boat was a regrettable mistake... ,[=UP],…………天草を船に待たせてしまったのは、痛恨のミス…。,[=JP],"Я запоздало пожалела, что оставила его на катере.",............Deixar o Amakusa esperando no barco foi um erro fatal...,…………叫天草等在船上，真是太失策了…。,[=CN],... Far aspettare Amakusa sulla barca è stato un brutto errore...,... Dejar a Amakusa esperando en el barco fue un grave error..., ...ﻟﻘﺪ ﻛﺎﻥ ﺧﻄﺄً ﻓﺎﺩﺣًﺎ ﺃﻧﻨﻲ ﺗﺮﻛﺖ ﺃﻣﺎﻛﻮﺳﺎ ﻋﻨﺪﺍﻟﻘﺎﺭﺏ ﺧﻄﺄً ﻣﺆﺳﻔًﺎ...
Ushiromiya Ange,"""How long have you been waiting here in ambush......?""","""Aunt Kasumi, how long have you been waiting for this ambush...?"" ","""Oba-san, how long have you been waiting for this ambush......?""",「叔母さん、いつからここで待ち伏せを……？」,[=JP],"""Ну как, тётя, долго сидела в засаде?""","""Há quanto tempo está esperando aqui para essa emboscada......?""",「姨母，你是从何时起埋伏在这儿的……？」,「姨母，你是從何時起埋伏在這兒的……？」,"""oba-san, quanto hai aspettato per quest'imboscata...?""","""Tía, ¿cuánto tiempo estuviste esperando para esta emboscada?...""","""ﻣﻨﺬ ﻣﺘﻰ ﻭﺃﻧﺖِ ﺗﻨﺘﻈﺮﻳﻦ ﻫﻨﺎ ﺑﻜﻤﻴﻨﻚ ﻫﺬﺍ......؟"""
Sumadera Kasumi,"""Since early morning. And I was getting thoroughly tired of waiting for you. There are no cafés or powder rooms here, you see.""","""Since early morning. Thanks to that, I'm completely tired of waiting. After all, there are no cafes or dressing rooms here."" ","""Since early morning.  Thanks to that, I'm completely tired of waiting.  After all, there's no cafes or dressing rooms here.""",「早朝からよ。お陰で、すっかり待ちくたびれちゃったわ。何しろ喫茶店もお化粧室もないからねぇ。」,「早朝からよ。お陰で、すっかり待ちくたびれちゃったわ。何しろ喫茶店もお化粧室もないからねぇ」,"""С самого утра. Так что здорово утомилась от ожидания. Кафе и раздевалок тут, к сожалению, поблизости не наблюдается.""","""Desde de manhã cedo. E já estava ficando exausta de tanto esperar por você.{n}Não há nenhuma cafeteria ou toalete por aqui, sabia?""",「从大清早起哟。拜其所赐，真是等得烦死了。毕竟，这里既没有咖啡馆，也没有化妆室啊。」,「從大清早起喲。拜其所賜，真是等得煩死了。畢竟，這裡既沒有咖啡館，也沒有化妝室啊。」,"""Da stamattina presto. Per questo sono davvero stanca di aspettare. Non ci sono bar o negozi di vestiti qui, dopotutto.""","""Desde esta mañana. Gracias a eso, estoy completamente cansada de esperar. Después de todo, no hay cafés ni vestidores aquí.""","""ﻣﻨﺬ ﺍﻟﺼَّﺒﺎﺡ ﺍﻟﺒﺎﻛﺮ. ﻭﻗﺪ ﺳﺌﻤﺖُ ﺗﻤﺎﻣًﺎﻣﻦ ﺍﻧﺘﻈﺎﺭﻙِ. ﻓﻼ ﺗﻮﺟﺪ ﻣﻘﺎﻩٍ ﻭﻻ ﻏﺮﻑ ﺯﻳﻨﺔٍ ﻫﻨﺎ."""
Ushiromiya Ange,"""No toilets either, so I guess you had to elegantly drop a load behind a tree. .........ack—""","""No toilets either, so I guess you had to elegantly drop a load behind a tree. ......ack-"" ","""No toilets either, so I guess you had to elegantly drop a load behind a tree.  .........ack-""",「トイレもないから、お上品に木陰でひり出してたわけね。………ぐッ、」,「トイレもないから、お上品に木陰で用を済ませていたわけね。………ぐッ、」,"""И туалетов тоже. Тебе, видать, приходилось элегантно сбрасывать балласт за деревцем. .......акх‐.""","""Nem latrinas, então acredito que você teve que elegantemente usar a sombra de uma árvore. .........ack—""",「因为也没有厕所，所以姨母是有温文尔雅地在树荫下拉过大条吧。………咕、」,「因為也沒有廁所，所以姨母是有溫文爾雅地在樹蔭下拉過大條吧。………咕、」,"""Nemmeno bagni, quindi immagino che avrai dovuto farla dietro un albero. ... ack-""","""Tampoco hay inodoros, así que asumo que, con la elegancia que te caracteriza, apuesto a que tuviste que soltar tu carga detrás de un árbol... ack—""","""ﻭﻻ ﺣﻤﺎﻣﺎﺕ ﺃﻳﻀًﺎ، ﻭﻫﺬﺍ ﻳﻌﻨﻲ ﺃﻧﻚِ ﺗﺒﻮﻟﺖِ ﺑﺄﻧﺎﻗﺔ ﺗﺤﺖ ﻇﻞ ﺷﺠﺮﺓ. -ﺁﻛﻚ........."""
Sumadera Kasumi,"""One who, in spite of herself, is a lady with half Sumadera blood flowing through her veins will not use such filthy words. .........You really are Sumadera Kyrie's child, aren't you? Not a trace of grace.""","""A lady with half Sumadera blood flowing through her veins will not use such filthy words. ......You really are Sumadera Kyrie's child. Not a trace of grace."" ","""One who is a lady with half Sumadera blood flowing through her veins will not use such filthy words.  .........You really are Sumadera Kyrie's child.  Not a trace of grace.""",「仮にも、須磨寺家の血を半分引いてる淑女が、そんな汚らしい言葉を使うんじゃないわ。………やっぱり須磨寺霧江の子ねぇ？　気品の欠片もありゃしない。」,「仮にも、須磨寺家の血を半分引いてる淑女が、そんな汚らわしい言葉を使うんじゃないわ。………やっぱり須磨寺霧江の子ねぇ？　気品の欠片もありゃしない」,"""Леди, в чьих жилах течёт половина крови Сумадера, не пристало так выражаться. .......Ты и впрямь дитя Сумадеры Кирие. Ни грамма изящества.""","""Uma dama com parte do sangue da família Sumadera correndo em suas veias não deveria usar palavras sujas como essa. .........Você é mesmo filha da Sumadera Kyrie, certo? Nem um traço de graciosidade.""",「你再怎么说，都是个流着一半须磨寺家的血的淑女，少把这种脏话说出口。………果然，是须磨寺雾江的孩子呢？连一丁点的气质都没有。」,「你再怎麼說，都是個流著一半須磨寺家的血的淑女，少把這種髒話說出口。………果然，是須磨寺霧江的孩子呢？連一丁點的氣質都沒有。」,"""Una signorina con metà del sangue dei Sumadera nelle vene non dovrebbe usare un linguaggio così scurrile. ... Sei davvero la figlia di Sumadera Kyrie. Nemmeno un briciolo di grazia.""","""Alguien que tenga media sangre Sumadera corriendo por sus venas no usará esas palabras tan soeces... Realmente eres la hija de Sumadera Kyrie. Ni una pizca de gracia.""","""ﺣﺘﻰ ﻟﻮ ﻛﺎﻧﺖ ﻧﺼﻒ ﺩﻣﺎﺅﻙِ ﻓﻘﻂ ﻣﻦ ﺁﻝ ﺳﻮﻣﺎﺩﻳﺮﺍ، ﻓﻌﻠﻰ ﺍﻟﺴﻴﺪﺍﺕ ﺃﻻ ﻳﺘﺤﺪﺛﻦ ﺑﻘﺬﺍﺭﺓٍ ﻫﻜﺬﺍ....ﻻ ﻋﺠﺐ ﻓﻲ ﺃﻧَّﻚِ ﺍﺑﻨﺔ ﺳﻮﻣﺎﺩﻳﺮﺍ ﻛﻴﺮﻳﻲ. ﻻ ﺗﺘﺤﻠﻴﻦ ﻭﻟﻮ ﺑﺒﻌﺾ ﺍﻟﺮُّﻗﻲ."""
,She grabbed me by the hair and forced my face up to hers.{n}And then spat in it.,She grabbed me by the hair and forced my face up to hers. And then spat at me. ,She grabbed me by the hair and forced my face up to hers.  And then spat at me.,私は髪を掴み上げられ、無理やり顔を寄せられる。そして唾を吐きかけられた。,私は髪を掴み上げられ、無理やり顔を寄せられる。{n}そして唾を吐きかけられた。,"Схватив и дёрнув меня за волосы, она заставила меня взглянуть ей в лицо.{n}А затем плюнула на меня.",Ela agarrou meu cabelo e me forçou a ficar cara a cara com ela.{n}E cuspiu mim.,我被拎起头发，硬拽到她面前。{n}挨了一脸的唾沫。,我被拎起頭髮，硬拽到她面前。{n}挨了一臉的唾沫。,"Mi afferrò per i capelli, costringendomi a guardarla in faccia. Dopodiché mi sputò.",Ella me agarró del pelo y me forzó a mirarla.{n}Y luego me escupió., ﺃﻣﺴﻜﺖ ﺑﻲ ﻣﻦ ﺷﻌﺮﻱ ﻭﺃﺟﺒﺮﺗﻨﻲ ﺃﻥ ﺃﻧﻈﺮ ﺇﻟﻰ ﻋﻴﻨﻴﻬﺎ.{n}ﻭﻣﻦ ﺛﻢ ﺑﺼﻘﺖ ﻋﻠﻰ ﻭﺟﻬﻲ.
,"......My words are filthy, but her spit's not to be outdone.","...My words might be filthy, but they're no worse than her spit. ","......My words might be filthy, but they're no worse than her spit.",……私の言葉も汚いが、こいつの唾も負けていない。,[=JP],"Я, может, и выразилась не очень приятно, но мои слова вряд ли хуже, чем её слюна.","......Minhas palavras podiam ser imundas, mas não piores do que o cuspe dela.",……虽然我的话很脏，但这家伙的唾沫也是毫不逊色。,……雖然我的話很髒，但這傢伙的唾沫也是毫不遜色。,"... Le mie parole potranno essere volgari, ma non sono peggio del suo sputo.","... Puede que mis palabras sean soeces, pero no son peor que su escupitajo.", ﻛﻠﻤﺎﺗﻲ ﻗﺬﺭﺓ، ﻭﻟﻜﻦَّ ﺑﺼﺎﻗﻬﺎ ﻟﻴﺲ ﺃﻗﻞَّ ﻗﺬﺍﺭﺓ......
Ushiromiya Ange,""".........Every time you talk about me, it's always with reference to Mom. ...Am I really that much like my mother?""","""......Every time you talk to me, Aunt Kasumi, it's always about Mom. ...Am I really that much like my mother?"" ",""".........Every time you talk to me, Oba-san, it's always about Mom.  ...Am I really that much like my mother?""",「………叔母さんが私のことを話すと、いつも母さんのことばかり。…私、そんなにも母さんに似てますか。」,「………叔母さんが私のことを話すと、いつも母さんのことばかり。…私、そんなにも母さんに似てますか」,"""......Каждый раз, когда ты говоришь со мной, тётя, так всё о моей маме. Неужто так похожа?""",""".........Sempre que você fala sobre mim, é sempre para falar da minha mãe.{n}...Eu sou mesmo tão parecida assim com ela?""",「………姨母一与我说话，就总是提起妈妈。…我，是有这么地像妈妈吗？」,「………姨母一與我說話，就總是提起媽媽。…我，是有這麼地像媽媽嗎？」,"""... Ogni volta che parli con me, oba-san, è sempre di Mamma. ... Somiglio davvero così tanto a mia Madre?""","""... Cada vez que hablas de mí, siempre es en referencia a mamá... ¿Realmente me parezco tanto a ella?""","""ﻻ ﺗﺬﻛﺮﻳﻨﻨﻲ ﻓﻲ ﺃﻱِّ ﺣﺪﻳﺚٍ ﺇﻻ ﻭﺗﺸﻴﺮﻳﻦ ﺇﻟﻰ ﺃﻣﻲ......... ﺃﺃﻧﺎ ﺃﺷﺒﻬﻬﺎ ﺇﻟﻰ ﻫﺬﺍ ﺍﻟﺤﺪِّ ﺣﻘﺎً؟"""
Sumadera Kasumi,"""Yes, you are. ...............That impertinent gaze. Your mouth and nose are the same too.""","""Yes, you are. ......That impertinent gaze. Your mouth and nose are the same too. ","""Yes, you are.  ............That impertinent gaze.  Your mouth and nose are the same too.",「えぇ、似ているわ。……………その生意気そうな目つき。鼻も口もそっくりよ。,「えぇ、似ているわ。……………その生意気そうな目つき。鼻も口もそっくりよ」,"""Да, ещё как. ............Этот дерзкий взгляд. Точно такие же нос и рот.""","""Sim, você é. ...............Esse olhar impertinente. Sua boca e seu nariz também são iguais.""",「嗯，像哦。……………桀骜不驯的眼神。鼻子、嘴巴，全与她一模一样。」,「嗯，像哦。……………桀驁不馴的眼神。鼻子、嘴巴，全與她一模一樣。」,"""Proprio così. ... Lo stesso sguardo impertinente. Anche la tua bocca e il tuo naso sono gli stessi.","""Sí, te pareces... Esa mirada impertinente. Tu boca y tu nariz son iguales también.""","""ﺃﺟﻞ. ﻧﻈﺮﺍﺗﻚ ﺍﻟﻮﻗﺤﺔ............... ﻓﻤﻚِ ﻭﺃﻧﻔﻚِ ﻣﺘﻄﺎﺑﻘﺎﻥ ﺃﻳﻀًﺎ."""
Sumadera Kasumi,"""......Unrestrained and irresponsible. ......She thought nothing of the long history and tradition of the Sumadera family, and selfishly flew out of the house. My entire life has been wiping up the messes she left behind...!""","...Freewheeling and irresponsible. ...You thought nothing of the long history and tradition of the Sumadera family...and selfishly flew out of the house. Thanks to that, my entire life has been devoted to cleaning up your mess...!"" ","  ......Freewheeling and irresponsible.  ......You thought nothing of the long history and tradition of the Sumadera family, and selfishly flew out of the house.  Thanks to that, my entire life has been cleaning up your mess...!""",……自由奔放で無責任。……歴史と伝統ある須磨寺家の重みなど何も考えず、自分勝手に家を飛び出したわ。お陰で私の人生はずっと、その尻拭い…！」,「……自由奔放で無責任。……歴史と伝統ある須磨寺家の重みなど何も考えず、自分勝手に家を飛び出したわ。お陰で私の人生はずっと、その尻拭い…！」,""".....Свободолюбивая и безответственная. ......Ты не придала никакого значения долгой истории и традициям семьи Сумадера и эгоистично вылетела из дома. Из‐за этого мне всю жизнь пришлось расхлёбывать заваренную тобою кашу!""","""......Infrene e irresponsável. ......Ela não dava valor a longa história e tradição da família Sumadera, e deixou a casa egoistamente. Minha vida toda foi sobre limpar as bagunças que ela deixava para trás...!""",「……自由奔放不负责任。……丝毫不考虑历史与传统兼备的须磨寺家的分量，只顾自己地逃离了家。拜她所赐，我的人生一直在给她擦屁股…！」,「……自由奔放不負責任。……絲毫不考慮歷史與傳統兼備的須磨寺家的分量，只顧自己地逃離了家。拜她所賜，我的人生一直在給她擦屁股…！」,"... Libertina e irresponsabile. ... Non ti sei mai curate della lunga storia e delle tradizioni della famiglia Sumadera, e sei egoisticamente scappata di casa. {n}Grazie a te, ho passato la vita a rimediare ai tuoi casini...!""","""... Desenfrenadas e irresponsables... Sin pensar nada sobre la larga historia y tradición de la familia Sumadera, y egoístamente escapándose de la casa. ¡Toda mi vida ha sido limpiar los desastres que ella dejó atrás!...""","""ﺟﺎﻣﺤﺔٌ ﻭﻏﻴﺮ ﻣﺴﺆﻭﻟﺔ...... ﻟﻢ ﺗﺄﺑﻪ ﻟﻠﺘﺎﺭﻳﺦ ﺍﻟﻄﻮﻳﻞ ﻭﺗﻘﺎﻟﻴﺪ ﺁﻝ ﺳﻮﻣﺎﺩﻳﺮﺍ، ﻭﻫﺮﺑﺖ ﻣﻦ ﺍﻟﻤﻨﺰﻝ ﺑﺄﻧﺎﻧﻴﺔ...... ...ﻗﻀﻴﺖُ ﺣﻴﺎﺗﻲ ﻛﻠَّﻬﺎ ﻓﻲ ﺗﻨﻈﻴﻒ ﺍﻟﻔﻮﺿﻰ ﺍﻟﺘﻲ ﺧﻠَّﻔﺘﻬﺎ!"""
Ushiromiya Ange,"""I guess that makes your life one giant pile of shit.""","""I guess your life really has been covered with crap."" ","""Well, it's true that your life has been a piece of crap.""",「まさにあんたの人生、クソまみれね。」,「まさにあんたの人生、クソまみれね」,"""Ну, это правда, что твоя жизнь была отстойной.""","""Suponho que sua vida tenha sido coberta de merda.""",「倒正可谓是，你的人生粘满了屎呢。」,「倒正可謂是，你的人生粘滿了屎呢。」,"""Beh, è vero che la tua vita è stata uno schifo.""","""Bueno, es cierto que tu vida ha sido una porquería.""","""ﺃﻇﻦُّ ﺃﻥَّ ﺣﻴﺎﺗﻚِ ﻛﻮﻣﺔٌ ﺿﺨﻤﺔٌ ﻣﻦ ﺍﻟﻘﺬﺍﺭﺓ."""
,"I was slapped on the cheek, my ear took a heavy hit, and for an instant, my head rang...","When I was slapped on the cheek, my ear was smashed, and for an instant, my head rang... ","When I was slapped on the cheek, my ear was smashed, and for an instant, my head rang...",頬を打たれた時、耳を強打され、一瞬、頭がキーンとなった…。,[=JP],"В ответ мне залепили пощёчину, прямо по уху, так, что на мгновение в голове зазвенело...","Eu levei um tapa na bochecha, minha orelha foi atingida com força, e por um instante minha cabeça estremeceu...",被扇巴掌时，耳朵被重重拍到，在那一瞬间，脑子“嗡”地一响…。,被扇巴掌時，耳朵被重重拍到，在那一瞬間，腦子“嗡”地一響…。,"Quando fui schiaffeggiata, venni colpita sull'orecchio, e per un attimo mi sentii perdere l'equilibrio...","Cuando me abofetearon en la mejilla, mi oreja fue aplastada, y por un instante, mi cabeza sintió un ruido...", ...ﺗﻠﻘَّﻴﺖُ ﺻﻔﻌﺔً ﻋﻠﻰ ﺧﺪﻱ، ﻭﺃﺻﻴﺒﺖ ﺃﺫﻧﻲ ﺑﺸﺪﺓ، ﻭﻟﻮﻫﻠﺔٍ، ﻃﻦَّ ﺭﺃﺳﻲ.
,".........She pulled me around by the hair, and threw me onto the ground.","......My hair was pulled, spinning me around, and I fell to the ground. ",".........My hair was pulled, spinning me around, and I fell to the ground.",………そして、髪を引っ張って振り回され、私は地面に転がされる。,[=JP],"Меня схватили за волосы и резко развернули, из‐за чего я не устояла на ногах и упала на землю.",.........Ela me puxou pelo cabelo e me jogou no chão.,………接着，她拽起我头发就是一扔，我跌倒在地。,………接著，她拽起我頭髮就是一扔，我跌倒在地。,"... Lasciò andare i miei capelli, facendomi roteare, e caddi al suolo.","... Me tiraron del pelo, forzándome a girar, y caí al suelo.", ﺳﺤﺒﺘﻨﻲ ﻣﻦ ﺷﻌﺮﻱ ﻭﺃﻟﻘﺖ ﺑﻲ ﻋﻠﻰ ﺍﻷﺭﺽ.........
,"And without a moment's pause, she kicked the ground, covering me in sand.","And in a flash, the ground was kicked and I was struck with sand. ","And in a flash, the ground was kicked and I was struck with sand.",それから間髪を入れず地面を蹴られて砂を掛けられた。,[=JP],"По земле тут же ударили ногой, послав мне в лицо песок.","Sem parar um instante, ela chutou o chão, me cobrindo de areia.",而我刚倒下，就立刻被她从地面踢起的沙子泼到了。,而我剛倒下，就立刻被她從地面踢起的沙子潑到了。,"E in un istante, qualcuno calciò il terreno e fui ricoperta di sabbia.","Y en un instante, patearon el suelo y me llegó arena a la cara.", ﻭﺩﻭﻥ ﺃﻥ ﺗﺘﻮﻗَّﻒ ﻟﻠﺤﻈﺔ، ﺭﻛﻠﺖ ﺍﻷﺭﺽ، ﻓﻐﻄَّﺘﻨﻲ ﺑﺎﻟﺮﻣﺎﻝ.
Sumadera Kasumi,"""Yes, you truly have become so very like Nee‐san. That gaze! That gaze like you're somehow making fun of me. Yes, it's all coming back, all of it!""","""Yes, you truly are like Nee-san. That gaze! That gaze like you're mocking me somehow. Yes, I remember so many things!"" ","""Yes, you truly are like Nee-san.  That gaze!  That gaze like you're somehow making fun of me.  Yes, I do remember, many things!""",「あぁ、本当に姉さんに似てきたわぁ。その目つき！　その、どこか小馬鹿にした目つきよ。あぁ、思い出すわ、色々と！」,[=JP],"""Да, ты и впрямь как сестра. Этот взгляд! Этот взгляд, словно ты как‐то насмехаешься надо мной. Да, я помню, много чего!""","""Sim, você realmente se tornou parecida com a nee‐san. Esse olhar! Esse olhar seu, como se estivesse rindo de mim. Sim, está voltando, tudo está voltando!""",「啊——，真的好像姐姐呢。就是这种眼神！就是这种宛如在小瞧人的眼神哟。啊——，想起来了，想起了好多！」,「啊——，真的好像姐姐呢。就是這種眼神！就是這種宛如在小瞧人的眼神喲。啊——，想起來了，想起了好多！」,"""Già, sei proprio come Nee-san. Quello sguardo! Come se ti stessi prendendo gioco di me. Sì, mi fa ricordare molte cose!""","""Sí, realmente eres como nee-san. ¡Esa mirada! Esa mirada de que de algún modo te estás burlando de mí. ¡Sí, recuerdo, muchas cosas!""","""ﺃﺟﻞ، ﺻﺮﺕِ ﺗﺸﺒﻬﻴﻦ ﺃﺧﺘﻲ ﺣﻘًﺎ. ﺗﻠﻚ ﺍﻟﻨﻈﺮﺓ! ﺗﻠﻚ ﺍﻟﻨﻈﺮﺓ ﻛﺄﻧَّﻚِ ﺗﺴﺨﺮﻳﻦ ﻣﻨﻲ ﺑﻄﺮﻳﻘﺔٍ ﻣﺎ. ﺃﺟﻞ، ﺑﺪﺃﺕ ﺃﺗﺬﻛﺮ ﻛﻞ ﺷﻲﺀ!"
Ushiromiya Ange,""".........You are pitiful. I imagine that since you were young, you were always compared against Mom and looked down upon. ......And for the entire rest of your life, you'll never be released from that misery.""","""......You're a sad person. I'll bet that since you were young, you always got compared to Mom and scorned. ...And for your entire life, you'll never be released from that wretchedness."" ",""".........You are pitiful.  I imagine that since you were young, you were always compared against Mom and scorned.  ......And for your entire life, you'll never be released from that wretchedness.""",「………哀れな人ね。きっと幼い頃から、何かにつけて母さんに比較されて蔑まれてきたんでしょうに。……そしてあんたは一生、その惨めさから解放されやしないわ。」,「………哀れな人ね。きっと幼い頃から、何かにつけて母さんに比較されて蔑まされてきたんでしょうに。……そしてあんたは一生、その惨めさから解放されやしないわ」,"""......Ты жалкая женщина. Вполне могу себе представить, что когда ты была помоложе, тебя вечно сравнивали с мамой и презирали. .....И пока ты жива, эта грязь не отпустит тебя.""",""".........Você é lamentável. Eu imagino que, desde que era jovem, você era sempre comparada com a minha mãe e desprezada. ......E pelo resto da sua vida, você nunca foi capaz de se libertar dessa miséria.""",「………可怜人。你一定是从小时候起，就一直在被人从种种方面上与我妈比较，一直遭受着轻蔑。……并且，你一生都无法从这份窝囊中得到解放。」,「………可怜人。你一定是從小時候起，就一直在被人從種種方面上與我媽比較，一直遭受著輕蔑。……並且，你一生都無法從這份窩囊中得到解放。」,"""... Fai pena. Immagino che tu sia stata paragonata a Mamma e sgridata fin da quando eri giovane. ... E per tutta la vita, non potrai mai liberarti da quella tristezza.""","""... Das lástima. Imagino que desde joven siempre te compararon con mamá y te menospreciaron... Y por toda tu vida, nunca serás liberada de ese castigo.""","""ﻳﺎ ﻟﻚِ ﻣﻦ ﺑﺎﺋﺴﺔ......... ﺃﺗﺨﻴﻞ ﺃﻧَّﻚِ ﻣﻨﺬ ﺻﻐﺮﻙ ﻭﺍﻟﻨﺎﺱ ﺗﺰﺩﺭﻳﻚِ ﻭﺗﻘﺎﺭﻧﻚِ ﺑﺄﻣﻲ. ﺣﺘﻤًﺎ ﻟﻦ ﺗﺘﺨﻠﺼﻲ ﻗﻂ ﻣﻦ ﺑﺆﺳﻚِ ﻫﺬﺍ ﻃﻮﺍﻝ ﺣﻴﺎﺗﻚ......"""
Sumadera Kasumi,"""A little brat like you couldn't possibly understand. ......Your mother, you see, is a loser who threw away everything and ran away from the Sumadera family. Do you know how much...how {i:much} trouble I went through because of that loser?!!""","""A little girl like you couldn't possibly understand. ...You see, your mother is a loser who threw everything away and ran away from the Sumadera family, right...? Do you know how much... how much trouble I went through because of that loser?!!"" ","""A little girl like you couldn't understand.  ......You see, your mother is a loser who threw everything away and ran away from the Sumadera family, right...?  Do you know how much..., how much trouble I went through because of that loser?!!""",「お前みたいな小娘にはわからないわよ。……あんたのお母さんはね、何もかもを投げ出して須磨寺家を逃げ出した負け犬なのよ…？　その負け犬のせいで、私がどれほど…、どれほど迷惑したことかッ！！」,[=JP],"""Сопливой девчонке вроде тебя ни за что не понять. ....Видишь ли, твоя мать была неудачницей, бросившей всё и сбежавшей из семьи Сумадера. Ты хоть знаешь через {i:что} мне пришлось пройти из‐за этой курвы?!!""","""Uma pirralha como você não é capaz de entender isso. ......A sua mãe é uma perdedora que jogou tudo fora e fugiu da família Sumadera, sabia? Você sabe o quanto eu...{i:quantos} problemas eu passei por causa daquela perdedora?!""",「像你这种小女孩是不会明白的。……你的母亲啊，可是个把一切都抛下了，逃出了须磨寺家的丧家犬哦…？拜这条丧家犬所赐，我都遭了多大…、多大的罪啊！！」,「像你這種小女孩是不會明白的。……你的母親啊，可是個把一切都拋下了，逃出了須磨寺家的喪家犬哦…？拜這條喪家犬所賜，我都遭了多大…、多大的罪啊！！」,"""Una ragazzina come te non potrebbe capire. ... Vedi, tua Madre è una perdente che ha gettato via tutto abbandonando la famiglia Sumadera, giusto...? {n}Sai quanti... quanti problemi ho avuto a causa di quella perdente?!!""","""Una chiquilla como tú no podría entender... Tu madre es una fracasada que lanzó todo y se escapó de la familia Sumadera. ¡¡¿Sabes cuántos... por cuántos problemas tuve que pasar debido a esa fracasada?!!""","""ﻭﻗﺤﺔٌ ﺻﻐﻴﺮﺓٌ ﻣﺜﻠﻚِ ﻻ ﻳﻤﻜﻨﻬﺎ ﺃﺑﺪﺍً ﺃﻥ ﺗﻔﻬﻢ. ﻭﺍﻟﺪﺗﻚِ ﻓﺎﺷﻠﺔٌ ﺃﻟﻘﺖ ﺑﻜﻞِّ ﺷﻲﺀ ﻭﻫﺮﺑﺖ ﻣﻦ ﺁﻝ ﺳﻮﻣﺎﺩﻳﺮﺍ...... ...ﺃﺗﻌﻠﻤﻴﻦ ﻛﻢ ﺍﻟﻤﺘﺎﻋﺐ ﺍﻟﺘﻲ ﻣﺮﺭﺕُ ﺑﻬﺎ ﺑﺴﺒﺐ ﺗﻠﻚ ﺍﻟﻔﺎﺷﻠﺔ؟!!"""
Ushiromiya Ange,"""Any trouble you went through has nothing to do with me. Can't really do anything about what happened before I was born.""","""Any trouble you went through has nothing to do with me. Sorry, but what am I supposed to do about something that happened before I was born? ","""Any trouble you went through has nothing to do with me.  Can't really do anything about what happened before I was born.  ",「あんたの迷惑なんか私の知ったこっちゃないわ。私の生まれる前の話をされても困るわよ。,「あんたの迷惑なんか私の知ったこっちゃないわ。私の生まれる前の話をされても困るわよ」,"""Что бы тебе ни довелось испытать, меня это совершенно не касается. Люди обычно не имеют возможности повлиять на события, пока не родились.""","""Qualquer problema que você tenha passado não tem relação comigo.{n}Não posso fazer nada quanto a coisas que aconteceram antes de eu nascer.""",「你遭的罪关我屁事。跟我讲我出生前的事，只会令我为难哦。」,「你遭的罪關我屁事。跟我講我出生前的事，只會令我為難哦。」,"""I tuoi problemi non hanno nulla a che vedere con me. Davvero, non posso far nulla per cose successe prima che nascessi.","""Cualquier problema que hayas tenido no tiene nada que ver conmigo. Realmente no puedo hacer nada con algo que sucedió antes de que yo naciera.""","""ﻛﻞُّ ﻣﺎ ﻣﺮﺭﺕِ ﺑﻪ ﻣﻦ ﻣﺘﺎﻋﺐ ﻻ ﻋﻼﻗﺔ ﻟﻲ ﺑﻪ. ﻻ ﺩﺧﻞ ﻟﻲ ﺑﻤﺎ ﺣﺪﺙ ﻗﺒﻞ ﻭﻻﺩﺗﻲ."""
Ushiromiya Ange,""".........When is your life going to begin? ......It's never going to happen. You will continue to be sneered at by my dead mother, for ever and ever for all eternity until you die. ......In fact, why {i:don't} you die? Why are you alive?""","......When will your life begin? ...It never will. For all eternity, you'll always, always continue to be sneered at by my dead mother until you die. ...If only you'd just die. Why are you living?"" ",".........When will your life begin?  ......It never will.  For all eternity, you'll always, always continue to be sneered at by my dead mother until you die.  ......So why not die?  Why are you living?""",………あんたの人生は、いつ始まるの？　……始まりゃしないわ。いつまでもいつまでも永久に、死んだ母さんに嘲笑われ続け、そのまま死ぬのよ。……というか死ねば？　何で生きてるの？」,「………あんたの人生は、いつ始まるの？　……始まりゃしないわ。いつまでもいつまでも永久に、死んだ母さんに嘲笑われ続け、そのまま死ぬのよ。……というか死ねば？　何で生きてるの？」,""".......Когда же начнётся твоя жизнь? .....Да никогда. Пока ты жива, ты вечно будешь подвергаться насмешкам со стороны моей покойной матери. ......Так почему бы тебе не умереть? Зачем ты живёшь?""",""".........Quando a sua vida vai começar? ......Isso nunca vai acontecer. Você vai continuar a ser zombada pela minha falecida mãe, para todo o sempre, por toda a eternidade, até a sua morte. ......Ou melhor, por que {i:não} morre? Por que está viva?""",「………你的人生，要从什么时候开始？……不会有开始。你将永远永远永久地遭受我已故母亲的嘲笑，就这么步入死亡。……不如说，去死如何？干嘛活着？」,「………你的人生，要從什麼時候開始？……不會有開始。你將永遠永遠永久地遭受我已故母親的嘲笑，就這麼步入死亡。……不如說，去死如何？幹嘛活著？」,"... Quando inizierà la tua vita? ... Mai. Per tutta l'eternità, continuerai sempre, sempre ad essere paragonata alla Mamma finché non morirai. ... Quindi perché non muori? Perché vivi?""","""... ¿Cuándo comenzará tu vida?... Nunca lo hará. Por toda la eternidad, tú siempre, siempre serás la burla de mi difunta madre hasta el día en que mueras... De hecho, ¿por qué no te mueres? ¿Por qué vives?""","""ﻣﺘﻰ ﺳﺘﺒﺪﺃ ﺣﻴﺎﺗﻚ ﺃﻧﺖِ.........؟ ﻟﻦ ﺗﺒﺪﺃ ﺃﺑﺪﺍً...... ﺳﻮﻑ ﺗﺴﺘﻤﺮ ﺃﻣﻲ ﺩﻭﻣًﺎ ﺑﺎﻻﺳﺘﻬﺰﺍﺀِ ﺑﻚِ ﺣﺘﻰ ﻓﻲ ﻣﻤﺎﺗﻬﺎ ﻭﺇﻟﻰ ﻣﻤﺎﺗﻚِ ﺃﻧﺖِ. ﺃﻭ ﺑﺎﻷﺣﺮﻯ، ﻟﻤﺎﺫﺍ ﻻ ﺗﻤﻮﺗﻴﻦ؟ ﻟﻢَ ﺃﻧﺖِ ﺣﻴَّﺔٌ ﺃﺻﻼً؟"""
Sumadera Kasumi,"""You little insolent pissant...!! Men...! Make her some tea.""","""You little piss...!! You all...! Make her some tea."" ","""You little piss...!!  You all...!  Make her some tea.""",「このションベンガキが…！！あんたたち…！　ちょいとお茶をしてやりなさいな。」,「この口の減らないガキが…！！　あんたたち…！　ちょいとお茶をしてやりなさいな」,"""Ах ты, мелкая гнида!.. Так, все! Приготовьте‐ка ей чаю.""","""Sua pirralha mijona e insolente...!! Vocês...! Preparem um pouco de chá para ela.""",「你这臭屁小鬼…！！你们几个…！来给她上点茶。」,「你這臭屁小鬼…！！你們幾個…！來給她上點茶。」,"""Piccola stronza...!! Voi...! Preparatele del tè.""","""¡¡Pequeña idiota!!... ¡Todos ustedes!... Háganle un poco de té.""","""...ﺃﻳﺘﻬﺎ ﺍﻟﺼﻌﻠﻮﻛﺔ ﺍﻟﻘﺬﺭﺓ!! ...ﺃﻳُّﻬﺎ ﺍﻟﺮﺟﺎﻝ! ﺟﻬِّﺰﻭﺍ ﻟﻬﺎ ﺑﻌﺾ ﺍﻟﺸﺎﻱ."""
,"""Heheheh... Leave it to us...""","""Heheheh... Leave it to us..."" ","""Heheheh...  Leave it to us...""",「へっへっへ…。お任せを…。」,「へっへっへ…。お任せを…」,"""Хе‐хе‐хе... Предоставьте это нам.""","""Heheheh... Pode deixar...""",「嘿嘿嘿…。包在我们身上…」,「嘿嘿嘿…。包在我們身上…」,"""Heheheh... lasciatela a noi...""","""Jejeje... Déjenoslo a nosotros...""","""...ﻫﻴﻬﻲ. ...ﺍﺗﺮﻛﻲ ﺍﻷﻣﺮ ﻟﻨﺎ."""
,"""You big‐mouthed shitty brat. Let us teach you a little lesson.""","""You big-mouthed shitty brat. Let us teach you a little lesson."" ","""You big-mouthed shitty brat.  Let us teach you a little lesson.""",「口の聞き方も知らねぇ、クソガキが。少し勉強させてやるぜ。」,「口の聞き方も知らねぇ、クソガキが。少し勉強させてやるぜ」,"""Значит так, девка языкастая моя, пора нам преподать тебе небольшой урок.""","""Sua pirralha de merda, boca‐suja. Vamos ensinar uma lição a você.""",「连话都不会说的臭小鬼。我们来给你稍微上上课。」,「連話都不會說的臭小鬼。我們來給你稍微上上課。」,"""Mocciosa insolente. Lascia che ti insegniamo una lezioncina.""","""Chiquilla mal hablada. Te enseñaremos una lección.""","""ﺃﻳُّﺘﻬﺎ ﺍﻟﻮﻗﺤﺔ ﺍﻟﻔﻈَّﺔ. ﺳﻨﻠﻘﻨﻚ ﺩﺭﺳًﺎ."""
,"The black‐suits dashed up to me, violently grabbed me by the collar, and dragged me down.","The black-suits dashed up to me, violently grabbed me by the nape of the neck, and dragged me down. ","The black-suits dashed up to me, violently grabbed me by the nape of the neck, and dragged me down.",黒服が、ささっと駆けて来て、私の襟首を乱暴に掴み、引き摺り倒す。,[=JP],"Шестёрки в чёрных костюмах подбежали ко мне, сцапали за шею и оттащили в сторону.","Os homens de terno correram na minha direção, me agarrando violentamente pelo pescoço e me jogando no chão.",黑衣人迅速地跑了上来，粗暴地拎起我的衣领，将我拖倒在地。,黑衣人迅速地跑了上來，粗暴地拎起我的衣領，將我拖倒在地。,"Gli uomini in nero corsero verso di me, afferrandomi violentemente per il collo e schiacciandomi a terra.","Los hombres trajeados se me acercaron corriendo, me agarraron violentamente por el cuello y me empujaron hacia el suelo.", ﺍﻧﺪﻓﻊ ﺫﻭﻭ ﺍﻟﺒﺬﻝ ﺍﻟﺴَّﻮﺩﺍﺀ ﻧﺤﻮﻱ، ﻭﺃﻣﺴﻜﻮﺍ ﺑﻲ ﺑﻌﻨﻒٍ ﻣﻦ ﻳﺎﻗﺘﻲ ﻭﺟﺮُّﻭﻧﻲ ﺃﺭﺿًﺎ.
Sumadera Kasumi,"""Do as you like until I finish this smoke. Teach my darling niece a little of her place.""","""Do whatever you want to her until my break is over. Teach my cute niece her place."" ","""Do whatever to her until my break is over.  Teach my cute niece her place.""",「私が一服終えるまでに適当に。可愛い姪にちょいと身の程を教えてあげなさい。」,「私が一服終えるまでに適当に。可愛い姪にちょいと身の程を教えてあげなさい」,"""Делайте с ней, что хотите, пока не завершится мой перерыв. Укажите моей милой племяннице, где её место.""","""Façam o que quiserem até que eu termine de fumar. Ensinem minha fofa sobrinha o lugar dela.""",「在我抽完这支烟前，适度地，好好教教我可爱的外甥女，何为分寸。」,「在我抽完這支煙前，適度地，好好教教我可愛的外甥女，何為分寸。」,"""Fatele quello che volete finché non finisce la mia pausa. Insegnate alla mia nipotina a stare al suo posto.""","""Háganle lo que quieran hasta que termine de fumar. Enséñenle a mi adorable sobrina su lugar.""","""ﺍﻓﻌﻠﻮﺍ ﻣﺎ ﻳﺤﻠﻮ ﻟﻜﻢ ﺣﺘﻰ ﺃﻛﻤﻞ ﺳﻴﺠﺎﺭﺗﻲ ﻫﺬﻩ. ﻋﻠِّﻤﻮﺍ ﺍﺑﻨﺔ ﺃﺧﺘﻲ ﺍﻟﺤﺒﻴﺒﺔ ﺷﻴﺌًﺎ ﻣﻦ ﻣﻜﺎﻧﺘﻬﺎ."""
,"Sumadera Kasumi. She was a pitiable person, to think of it.","Sumadera Kasumi. When I think about it, she was a pitiable person. ","Sumadera Kasumi.When I think about it, she was a pitiable person.",須磨寺霞か。思えば可哀想な人だった。,[=JP],"Сумадера Касуми. Если вдуматься, она достойна жалости.","Sumadera Kasumi. Pensando nisso, ela era uma pessoa lamentável.",须磨寺霞。想来是个可怜人。,須磨寺霞。想來是個可怜人。,"Sumadera Kasumi. Ora che ci penso, è davvero una persona penosa.","Sumadera Kasumi. Cuando lo pienso un poco, ella era una persona que daba lástima.", ﺳﻮﻣﺎﺩﻳﺮﺍ ﻛﺎﺳﻮﻣﻲ. ﻛﺎﻧﺖ ﺍﻣﺮﺃﺓً ﺑﺎﺋﺴﺔ، ﺑﺎﻟﻨﻈﺮ ﺇﻟﻰ ﺣﺎﻟﻬﺎ.
,"To the outside world, the women of the Sumadera family were trained to be in a position to support and defer to the men in the prominent positions.","To the outside world, women of the Sumadera family were trained to be in a position that supported and deferred to men. ","To the outside world, women of the Sumadera family were trained to be in a position to support and defer to men.",須磨寺家の女は、表向きは男を立てて一歩引いた位置にいるように躾けられている。,[=JP],В глазах окружающего мира женщины семьи Сумадера обучаются поддерживать и подчиняться мужчинам.,"Para o mundo exterior, as mulheres da família Sumadera eram treinadas para ocupar a posição de suportar e diferir homens em posições proeminentes.",须磨寺家的女人所受的管教是，在表面上当抬高男人，自身处于男人身后的位置。,須磨寺家的女人所受的管教是，在表面上當抬高男人，自身處於男人身後的位置。,"Per il mondo esterno, le donne della famiglia Sumadera venivano allenate a supportare gli uomini.","Para el mundo exterior, las mujeres de la familia Sumadera eran entrenadas para estar en una posición para apoyar y someterse a los hombres.", ﻧﺴﺎﺀ ﻋﺎﺋﻠﺔ ﺳﻮﻣﺎﺩﻳﺮﺍ ﻳُﺮﺑّﻴﻦ ﻇﺎﻫﺮﻳًﺎ ﻋﻠﻰ ﺇﻋﻼﺀ ﺷﺄﻥ ﺍﻟﺮﺟﻞ ﻭﺍﻟﻮﻗﻮﻑ ﺧﻠﻔﻪ ﺑﺨﻄﻮﺓ.
,"......But in actuality, strong leadership was demanded of them so that they could manage all of the people under them.","...But in actuality, strong leadership was required from them, so that they could manage all the common people. ","......But in actuality, a strong leadership was demanded of them so that they could manage all of the common people.",……しかし実際は、下々の全てを取り仕切る強い指導力が求められる。,[=JP],"На деле, однако, от них требовалось быть сильными лидерами, способными управлять простолюдинами.","......Mas, na verdade, uma forte liderança era exigida delas, por isso elas eram capazes a lidar com todas as pessoas abaixo delas.",……不过实际上，她们被要求具有能够一手处理所有台面下的事务的，超强的领导力。,……不過實際上，她們被要求具有能夠一手處理所有台面下的事務的，超強的領導力。,"... Ma in realtà, era richiesta loro una grande attitudine al commando in modo da poter amministrare i deboli.","... Pero en realidad, se les exigía un liderazgo fuerte para que pudieran dirigir a toda la gente que tenían bajo su mando.", ﻏﻴﺮ ﺃﻧَّﻪ ﻓﻲ ﺍﻟﻮﺍﻗﻊ، ﻛﺎﻥ ﻳُﻄﻠﺐ ﻣﻨﻬﻦَّ ﻗﻴﺎﺩﺓٌ ﻗﻮﻳﺔٌ ﻟﺘﺘﻤﻜﻦَّ ﻣﻦ ﺇﺩﺍﺭﺓ ﺟﻤﻴﻊ ﺍﻟﺨﺎﺿﻌﻴﻦ ﻟﺴﻠﻄﺘﻬﻦَّ......
,The role demanded of them was that of a female commander.,"The role demanded of them really was that of a ""female commander"", like a literal reading of the word ""okami"" ({p:0:女将}). ",A role literally as a landlady was demanded of them.,文字通り、女将のような役割を求められるのだ。,[=JP],Они в прямом смысле должны были выступать в качестве помещиц.,"O papel que era demandado dela era de uma comandante feminina, uma leitura literal de ""okami""{p:0:(女将)}.",要求她们能尽好字面意思上的女老板的职责。,要求她們能盡好字面意思上的女老板的職責。,Ricoprivano praticamente il ruolo di proprietarie terriere.,El papel que se les exigía era el de comandante femenina., ﻛﺎﻥ ﺍﻟﺪَّﻭﺭ ﺍﻟﻤﻄﻠﻮﺏ ﻣﻨﻬﻦَّ ﺩﻭﺭ ﺍﻟﻘﺎﺋﺪﺓ ﺍﻟﻨﺴﺎﺋﻴﺔ.
,Taking charge of the Sumadera family with all its proud history required an extraordinary level of commanding presence.,Managing the Sumadera family with all its traditions was not something that could be accomplished with just an ordinary level of dignity. ,Managing the Sumadera family with all its traditions was not something that could be accomplished with just an ordinary level of dignity.,伝統ある須磨寺家を取り仕切るのは、並大抵の貫禄では出来ない。,[=JP],Для управления семьёй Сумадера со всеми её традициями недостаточно было обыкновенного благородства.,"Assumir o controle da família Sumadera, com toda sua orgulhosa história, necessitava um nível extraordinário de presença dominante.",要执掌传统世家须磨寺家，没有超乎寻常的威信是做不到的。,要執掌傳統世家須磨寺家，沒有超乎尋常的威信是做不到的。,Prendersi cura della famiglia Sumadera con tutte quelle tradizioni non è qualcosa che si può fare solo mantenendo una certa dignità.,"Hacerse cargo de la familia Sumadera, con toda su orgullosa historia, requería un nivel extraordinario de presencia dominante.",ﻳﻘﺘﻀﻲ ﺗﻮﻟِّﻲ ﻣﺴﺆﻭﻟﻴﺔ ﻋﺎﺋﻠﺔ ﺳﻮﻣﺎﺩﻳﺮﺍ ﺑﻜﺎﻣﻞ ﺗﺎﺭﻳﺨﻬﺎ ﺍﻟﻔﺨﻮﺭ ﻣﺴﺘﻮًﻯ ﺍﺳﺘﺜﻨﺎﺋﻴًﺎ ﻣﻦ ﺍﻟﻬﻴﺒﺔ ﺍﻟﻘﻴﺎﺩﻳﺔ.
,It was an unimaginably heavy responsibility.,It was an unimaginably heavy responsibility. ,[=UP],それは想像を絶する重責だ。,[=JP],Эта была невообразимо тяжёлая ответственность.,Uma responsabilidade inimaginavelmente pesada.,这是份超乎想象的重担。,這是份超乎想像的重擔。,Era una responsabilità incredibile.,Era una responsabilidad inimaginablemente pesada., ﻛﺎﻧﺖ ﻣﺴﺆﻭﻟﻴﺔً ﺛﻘﻴﻠﺔً ﻻ ﻳﻤﻜﻦ ﺗﺨﻴُّﻠﻬﺎ.
,"Normally, this would have been demanded of Kyrie.","Normally, this would have been demanded of Kyrie. ",[=UP],それは本来ならば、霧江に求められるものだった。,[=JP],При обычных обстоятельствах её должна была взять на себя Кирие.,"Normalmente, isto seria demandando a Kyrie.",这本来是要求雾江承担的责任。,這本來是要求霧江承擔的責任。,"Normalmente, tutto ciò sarebbe toccata a Kyrie.","Normalmente, esto se le habría exigido a Kyrie.", ﺟﺮﺕ ﺍﻟﻌﺎﺩﺓ ﺃﻥ ﻳُﻄﻠﺐ ﻫﺬﺍ ﻣﻦ ﻛﻴﺮﻳﻲ.
,"Kyrie had undergone that harsh training.{n}And Kasumi, as the younger sister, should have been able to just take it easy.","Kyrie had undergone that harsh training. And Kasumi, as the younger sister, should have been able to take it easy. ","Kyrie had undergone that harsh training.And Kasumi, as the younger sister, should have been able to take it easy.",霧江にはその厳しい修行が。そして霞は妹としてのんびりしていれば良かった。,霧江にはその厳しい修行が。{n}そして霞は妹としてのんびりしていれば良かった。,"И она прошла через суровое обучение.{n}Тогда как Касуми, как младшая сестра, могла расслабиться.","Kyrie sofreu com esse árduo treinamento.{n}E Kasumi, como irmã mais nova, deveria ser capaz de relaxar mais.",雾江去接受严苛的修行。{n}而霞只需作为妹妹，无忧无虑地过日子就行了。,霧江去接受嚴苛的修行。{n}而霞只需作為妹妹，無憂無慮地過日子就行了。,"Kyrie aveva sostenuto questo pesante addestramento. E Kasumi, in quanto sorella minore, avrebbe potuto rilassarsi.","Kyrie había sufrido ese duro entrenamiento.{n}Y Kasumi, como hermana menor, debería haber podido tomárselo con calma.", ﻓﻘﺪ ﺧﻀﻌﺖ ﻛﻴﺮﻳﻲ ﻟﺘﻠﻚ ﺍﻟﺘﺪﺭﻳﺒﺎﺕ ﺍﻟﻘﺎﺳﻴﺔ. ﻭﻛﺎﺳﻮﻣﻲ -ﺑﺼﻔﺘﻬﺎ ﺍﻷﺧﺖ ﺍﻟﺼُّﻐﺮﻯ- ﻛﺎﻥ ﻳﻨﺒﻐﻲ ﺃﻥ ﺗﺴﺘﺮﻳﺢ ﻭﺣﺴﺐ.
,"No, in fact, she had lived like a lazy, selfish, and affluent princess, sneering at Kyrie, who had been given the heavy responsibility.","No, on the contrary, she had lived like a lazy, selfish and affluent princess, sneering at Kyrie, who had been given the heavy responsibility. ","No, to the contrary, she had lived like a lazy, selfish and affluent princess, sneering at Kyrie, who had been given the heavy responsibility.",いやむしろ、重責を課せられた霧江を嘲笑い、のんびりと裕福でわがままなお姫様生活をしていた。,[=JP],"Нет, скорее она жила жизнью ленивой, эгоистичной и влиятельной принцессы, посмеиваясь над Кирие, обременённой тяжёлой ответственностью.","Não, de fato, ela viveu uma vida preguiçosa, egoísta e como uma afluente pessoa, zombando de Kyrie, que teve que assumir responsabilidades pesadas.",不，不如说，她是在边嘲笑着背上了重担的雾江，边悠闲地过着富裕娇惯的公主生活。,不，不如說，她是在邊嘲笑著背上了重擔的霧江，邊悠閑地過著富裕嬌慣的公主生活。,"No, al contrario, lei ha vissuto come una principessa spensierata ed egoista, ridendo di Kyrie, su cui gravava quella grande responsabilità.","No, al contrario, ella vivió como una floja, egoísta y afluente princesa, burlándose de Kyrie, a quien se le había dado la responsabilidad.",ﻛﻼَّ، ﻓﻲ ﺍﻟﻮﺍﻗﻊ، ﻋﺎﺷﺖ ﺃﻣﻴﺮﺓً ﻛﺴﻮﻟﺔً ﻭﺃﻧﺎﻧﻴﺔً ﻭﻏﻨﻴﺔً، ﺗﺴﺨﺮ ﻣﻦ ﻛﻴﺮﻳﻲ ﺍﻟﺘﻲ ﺃُﻟﻘﻴﺖ ﻋﻠﻴﻬﺎ ﺍﻟﻤﺴﺆﻭﻟﻴﺔ ﺍﻟﺜﻘﻴﻠﺔ.
,"......However, Kyrie was suddenly disinherited.","...However, Kyrie had suddenly been disinherited. ",......However.  Kyrie had suddenly been disinherited.,……ところが。突然、霧江が勘当されることになった。,[=JP],".....Но так сложилось, что Кирие лишили наследства.","......Entretanto, Kyrie deserdou de repente.",……然而。突然，雾江被逐出了家门。,……然而。突然，霧江被逐出了家門。,... Tuttavia. Kyrie fu improvvisamente disereditata.,"... Sin embargo, Kyrie había sido desheredada repentinamente.",...ﻭﻟﻜﻦ. ﺃُﺳﻘﻄﺖ ﻛﻴﺮﻳﻲ ﻣﻦ ﺍﻟﻤﻴﺮﺍﺙ ﻓﺠﺄﺓً.
,"She had refused the fiancé her parents had arranged, and had gotten pregnant by her lover, Ushiromiya Rudolf.","She had refused the fiancé her parents had arranged...and had gotten pregnant by her lover, Ushiromiya Rudolf. ","She had refused the fiance her parents had arranged, and had gotten pregnant by her lover, Ushiromiya Rudolf.",親の設定した許婚を蹴り、右代宮留弗夫の愛人として妊娠していたのだ。,[=JP],"Она решительно отказалась выходить замуж за человека, выбранного её родителями и забеременела от своего любимого человека, Уширомии Рудольфа.","Ela recusou o noivo que seus pais haviam encontrado, e ficou grávida de seu amante, Ushiromiya Rudolf.",这是因为，她一脚踢开了父母给她定的许婚，作为右代宫留弗夫的情人怀了孕。,這是因為，她一腳踢開了父母給她定的許婚，作為右代宮留弗夫的情人懷了孕。,"Aveva rifiutato il fidanzamento organizzato dai suoi genitori, ed era rimasta incinta del suo amante, Ushiromiya Rudolf.","Ella había rechazado al prometido que sus padres le habían escogido, y se embarazó de su amante, Ushiromiya Rudolf.", ﻭﺭﻓﻀﺖ ﺍﻟﺨﻄﻴﺐ ﺍﻟﺬﻱ ﺭﺗَّﺒﻪ ﻭﺍﻟﺪﺍﻫﺎ، ﻭﺣﻤﻠَﺖ ﻣﻦ ﻋﺸﻴﻘﻬﺎ، ﺃﻭﺷﻴﺮﻭﻣﻴﺎ ﺭﻭﺩﻭﻟﻒ.
,"From the Sumadera family's perspective, even though the Ushiromiya family held a vast fortune, it was a family which had already collapsed, a family not in their league.","From the Sumaderas' perspective, even though the Ushiromiya family held a vast fortune, it was a low-level family that had already collapsed. ","From the Sumadera family's perspective, even though the Ushiromiya family held a vast fortune, it was a downgraded family which had already collapsed.",須磨寺家から見た右代宮家は、莫大な財産は持っていても、すでに没落した格下の家と見られていた。,[=JP],"В глазах семьи Сумадера, семья Уширомия, хоть и владеющая обширным состоянием, была второсортной семьёй, уже потерпевшей крах.","Da perspectiva da família Sumadera, mesmo a família Ushiromiya tendo uma vasta fortuna, era uma família que já havia ruído, uma família que não estava no nível deles.",须磨寺家眼中的右代宫家，即便拥有莫大的财产，也是个早已没落了的，比自家低一个级别的家族。,須磨寺家眼中的右代宮家，即便擁有莫大的財產，也是個早已沒落了的，比自家低一個級別的家族。,"Dal punto di vista della famiglia Sumadera, nonostante gli Ushiromiya avessero una cospicua fortuna, era una famiglia degradata prossima alla rovina.","Desde la perspectiva de la familia Sumadera, a pesar de que la familia Ushiromiya tenía una gran fortuna, era una familia degradada que ya se había colapsado.", ﻣﻦ ﻭﺟﻬﺔ ﻧﻈﺮ ﻋﺎﺋﻠﺔ ﺳﻮﻣﺎﺩﻳﺮﺍ، ﻓﺮﻏﻢ ﺃﻥَّ ﻋﺎﺋﻠﺔ ﺃﻭﺷﻴﺮﻭﻣﻴﺎ ﻛﺎﻧﺖ ﺗﻤﻠﻚ ﺛﺮﻭﺓً ﻫﺎﺋﻠﺔ، ﺇﻻ ﺃﻧَّﻬﺎ ﻛﺎﻧﺖ ﻋﺎﺋﻠﺔً ﺍﻧﻬﺎﺭﺕ ﺑﺎﻟﻔﻌﻞ، ﻋﺎﺋﻠﺔً ﻟﻴﺴﺖ ﺑﻤﺴﺘﻮﺍﻫﻢ.
,"And to become not even a legal wife, but a {i:lover} to the second son of that family...","And to become not even a legal wife, but a mistress to the second son of that family... ","And to become not even a legal wife, but a mistress to the second son of that family...",しかもその家の次男坊の、正妻ならまだしも愛人とは…。,[=JP],"Мало того, стать даже не законной женой, а {i:любовницей} второго сына семьи...","E ao não se tornar uma esposa legítima, mas uma {i:amante} para o segundo filho daquela família...",给这种家族的二少爷当正妻，那还说得过去，可竟然是情人…。,給這種家族的二少爺當正妻，那還說得過去，可竟然是情人…。,"E non diventare nemmeno la moglie, ma l'amante del secondogenito di quella famiglia...","Y ni siquiera para convertirse en esposa legal, sino en la {i:amante} del segundo hijo de esa familia...", ...ﻭﻓﻮﻕ ﺫﻟﻚ، ﺃﻥ ﺗﻜﻮﻥ ﻋﺸﻴﻘﺔ ﻟﻼﺑﻦ ﺍﻟﺜﺎﻧﻲ ﻟﺘﻠﻚ ﺍﻟﻌﺎﺋﻠﺔ، ﻟﻮ ﻛﺎﻧﺖ ﺍﻟﺰﻭﺟﺔ ﻟﻜﺎﻥ ﺍﻷﻣﺮ ﺃﻫﻮﻥ. 
,"Normally, no one would be shown mercy for something so dishonorable, not even a daughter of the main family.","Normally, a daughter of the main family would be shown no mercy for such dishonor. ","Normally, a daughter of the main family would be shown no mercy for something so dishonorable.",本来なら、これほどの不名誉ならば、本家の娘とて容赦はされない。,[=JP],"Старшую дочь семьи, совершившую столь позорный поступок, ожидала бы суровая кара.","Normalmente, ninguém iria demonstrar pena por algo tão desonrado, nem mesmo sendo uma filha da família principal.",本来的话，搞出这等不光彩的事，就算是本家的女儿也不可饶恕。,本來的話，搞出這等不光彩的事，就算是本家的女兒也不可饒恕。,"Normalmente, una figlia del casato principale non se la sarebbe cavata con poco per qualcosa di così disonorevole.","Normalmente, una hija de la familia principal no conocería piedad por hacer algo tan deshonroso.", ﺟﺮﺕ ﺍﻟﻌﺎﺩﺓ ﺃﻻ ﻳُﺮﺣﻢ ﺃﺣﺪٌ ﻋﻠﻰ ﻓﻌﻞٍ ﻣﺨﺰٍ ﻛﻬﺬﺍ، ﻭﻻ ﺣﺘﻰ ﺍﺑﻨﺔ ﺍﻟﻌﺎﺋﻠﺔ ﺍﻟﺮﺋﻴﺴﻴﺔ.
,"They would wrap her up in a mat, stand a pole on end, and throw her either into the Pacific Ocean if the pole fell to the right or the Sea of Japan if it fell to the left.","They would wrap her up in a mat, place a pole on end, and throw her either into the Pacific Ocean if the pole fell to the right or the Sea of Japan if it fell to the left. ","They would wrap her up in a mat, place a pole on end, and throw her either into the Pacific Ocean if the pole fell to the right or the Sea of Japan if it fell to the left.",棒を立てて、右に倒れれば太平洋、左に倒れれば日本海に、簀巻きにされて放り込まれているところだ。,[=JP],"Её бы завернули в циновку, поставили бы на конец циновки шест, а затем бросили бы её в Тихий океан, если тот упадёт направо, либо в Японское море, если налево.","Eles iriam enrolá‐la em uma esteira de bambu, colocá‐la no topo de um poste e jogá‐la seja, no Oceano Pacífico se o poste caísse à direita, ou o Mar do Japão, caso caísse à esquerda.",用草席裹起来，竖起一根棒子，棒子往右倒就扔太平洋，棒子往左倒就扔日本海。,用草席裹起來，豎起一根棒子，棒子往右倒就扔太平洋，棒子往左倒就扔日本海。,"L'avrebbero arrotolata in un tappeto, piazzando un bastone all'estremità, per poi gettarla nell'Oceano Pacifico se il bastone fosse caduto a destra, viceversa nel Mar del Giappone.","La envolverían en una alfombra, pondrían un poste al final, y la lanzarían al Océano Pacífico si el poste caía a la derecha o al Mar de Japón si el poste caía a la izquierda.",ﻛﺎﻧﻮﺍ ﺳﻴﻠﻔُّﻮﻧﻬﺎ ﻓﻲ ﺣﺼﻴﺮﺓ، ﻭﻳﻨﺼﺒﻮﻥ ﻋﺼﺎ ﻋﻤﻮﺩﻳﺎ،  ﻭﻳﻠﻘﻮﻥ ﺑﻬﺎ ﺇﻣَّﺎ ﻓﻲ ﺍﻟﻤﺤﻴﻂ ﺍﻟﻬﺎﺩﺉ ﺇﺫﺍ ﺳﻘﻄﺖ ﺍﻟﻌﺼﺎ ﺇﻟﻰ ﺍﻟﻴﻤﻴﻦ، ﺃﻭ ﻓﻲ ﺑﺤﺮ ﺍﻟﻴﺎﺑﺎﻥ ﺇﺫﺍ ﺳﻘﻄﺖ ﺇﻟﻰ ﺍﻟﻴﺴﺎﺭ.
,".........But Kyrie's punishment was nothing but disinheritance, an unbelievably lenient decision.","......But Kyrie's punishment ended with disinheritance, an unbelievably warm-hearted decision. ",".........But Kyrie's punishment was nothing but disinheritance, an unbelievably warm-hearted decision.",………しかし、霧江への処分は勘当のみで、信じられないくらいの温情判決だった。,[=JP],"Однако Кирие лишь прогнали в шею, лишив наследства — невероятно мягкое наказание.",".........Mas a punição de Kyrie não foi nada mais do que deserdação, uma decisão inacreditavelmente leniente.",………可是，实际给予雾江的处罚，却仅仅是“逐出家门”这个令人难以置信的温情判决。,………可是，實際給予霧江的處罰，卻僅僅是“逐出家門”這個令人難以置信的溫情判決。,"... Ma Kyrie fu soltanto disereditata, una decisione incredibilmente generosa.","... Pero el castigo de Kyrie no fue nada más que la desheredación, una decisión increíblemente indulgente.",...ﻟﻜﻦ ﺑﻌﺪ ﻛﻞ ﻫﺬﻩ ﺍﻷﻓﻌﺎﻝ ﺍﻟﺸﺎﺋﻨﺔ، ﻛﺎﻥ ﻋﻘﺎﺑﻬﺎ ﺍﻟﻮﺣﻴﺪ ﻫﻮ ﺍﻟﺤﺮﻣﺎﻥ ﻣﻦ ﺍﻟﻤﻴﺮﺍﺙ، ﻭﻫﺬﺍ ﻗﺮﺍﺭٌ ﻣﺘﺴﺎﻫﻞٌ ﻻ ﻳﻌﻘﻞ.
,"After that, the Sumadera family began receiving preferential treatment from a section of the Ushiromiya Group. ......There must have been some kind of backroom deal.","After that, the Sumadera family began receiving favorable treatment from a section of the Ushiromiya group. ...There must've been some kind of backroom deal. ","After that, the Sumadera family began receiving favorable treatment from a section of the Ushiromiya group.  ......There must have been some kind of backroom deal.",その後、須磨寺家は右代宮グループの一部において、優遇的な措置を受けるようになる。……何らかの裏取引があったのは間違いない。,[=JP],"После этого семья Сумадера стала пользоваться благосклонностью у определённой части группы Уширомия. .....Похоже, там имела место какая‐то подковёрная сделка.","Depois daquilo, a família Sumadera começou a receber tratamento preferencial vindo de uma seção do Ushiromiya Group. ......Devia haver algum tipo de acordo de bastidores.",在此之后，须磨寺家开始在与右代宫集团打交道的部分事务上享受优待。……肯定是有做过什么幕后交易。,在此之後，須磨寺家開始在與右代宮集團打交道的部分事務上享受優待。……肯定是有做過什麼幕後交易。,"Dopo questi fatti, la famiglia Sumadera cominciò a ricevere un trattamento di favore da una filiale del gruppo Ushiromiya. ... Doveva esserci un qualche accordo segreto.","Después de eso, la familia Sumadera comenzó a recibir un trato favorable de una sección del Grupo Ushiromiya... Debió haber habido algún trato por debajo de la mesa.",ﻭﺳﻤﺤﺖ ﻟﻬﺎ ﺍﻟﻌﺎﺋﻠﺔ ﺑﺎﻟﻤﻐﺎﺩﺭﺓ ﺩﻭﻥ ﻣﺸﺎﻛﻞ ﺑﺴﺒﺐ ﺍﻟﺪﻋﻢ ﺍﻟﻤﺎﺩﻱ ﺍﻟﺴﺨﻲ ﻣﻦ ﺁﻝ ﺃﻭﺷﻴﺮﻭﻣﻴﺎ، ﻓﻲ ﺍﺗﻔﺎﻕٍ ﻣﺸﺒﻮﻩ ﺑﻴﻦ ﺍﻟﻌﺎﺋﻠﺘﻴﻦ.
,"In other words, Kyrie took advantage of the Ushiromiya family's financial support to leave the Sumadera family openly.","In other words, Kyrie openly left the Sumadera family under the pretense of gaining financial support from the Ushiromiya family. ","In other words, Kyrie openly left the Sumadera family with the pretense of gaining financial support from the Ushiromiya family.",つまり霧江は、右代宮家からの経済支援をダシに、堂々と須磨寺家を出て行ったわけだ。,[=JP],"Другими словам, Кирие открыто покинула семью Сумадера в обмен на финансовую поддержку от семьи Уширомия.","Em outras palavras, Kyrie tomou vantagem do suporte financeiro da família Ushiromiya para deixar a família Sumadera abertamente.",也就是说，雾江是靠着右代宫家的经济支援，堂堂正正地走出了须磨寺家。,也就是說，霧江是靠著右代宮家的經濟支援，堂堂正正地走出了須磨寺家。,"In altre parole, Kyrie lasciava pubblicamente la famiglia Sumadera con la pretesa di avere supporto finanziario dalla famiglia Ushiromiya.","En otras palabras, Kyrie dejó a la familia Sumadera abiertamente con la pretensión de ganar apoyo económico de parte de la familia Ushiromiya.", ﺑﻌﺒﺎﺭﺓٍ ﺃﺧﺮﻯ، ﺍﺳﺘﻐﻠَّﺖ ﻛﻴﺮﻳﻲ ﺍﻟﺪﻋﻢ ﺍﻟﻤﺎﻟﻲ ﻵﻝِ ﺃﻭﺷﻴﺮﻭﻣﻴﺎ ﻟﺘﻐﺎﺩﺭ ﻋﺎﺋﻠﺔ ﺳﻮﻣﺎﺩﻳﺮﺍ ﻋﻠﻨًﺎ.
,"Kasumi watched it happen in shock.{n}No, she even disparaged her dishonorable sister as a loser.","Kasumi had watched it happen in shock. No, she even disparaged her dishonorable sister as a loser. ","Kasumi had watched it happen in shock.No, she even disparaged her dishonorable sister as a loser.",霞は呆然とそれを見送った。いや、不名誉な姉を負け犬と罵りさえした。,霞は呆然とそれを見送った。{n}いや、不名誉な姉を負け犬と罵りさえした。,"Наблюдавшая это Касуми была в шоке.{n}Нет, она пренебрежительно отзывалась о своей бесчестной сестре как о неудачнице.","Kasumi assistiu isso acontecer, estupefata.{n}Não, ela até mesmo depreciou sua desonrosa irmã como perdedora.",霞目瞪口呆地目送姐姐走出家门。{n}不，她甚至还将不光彩的姐姐骂作丧家犬。,霞目瞪口呆地目送姐姐走出家門。{n}不，她甚至還將不光彩的姐姐罵作喪家犬。,"Kasumi aveva assistito a tutto questo shockata. No, addirittura aveva marchiato la sua disonorevole sorella come una perdente.","Kasumi lo había visto ocurrir impresionada.{n}No, ella incluso trataba a su poco honorable hermana como fracasada.", ﺭﺍﻗﺒﺖ ﻛﺎﺳﻮﻣﻲ ﺣﺪﻭﺙ ﺫﻟﻚ ﻭﺍﻟﺼَّﺪﻣﺔ ﺗﻜﺴﻮﻫﺎ.{n}ﻛﻼَّ، ﺑﻞ ﺇﻧَّﻬﺎ ﺍﺣﺘﻘﺮﺕ ﺃﺧﺘﻬﺎ ﺍﻟﻤُﻬﻴﻨﺔ ﻭﻧﻌﺘﺘﻬﺎ ﺑﺎﻟﻔﺎﺷﻠﺔ.
,"......But eventually......she learned that the heavy responsibilities Kyrie had borne would be passed on to her, and then, for the first time, she realized that she had been outwitted......","...But, eventually... She realized that the heavy responsibilities Kyrie had borne would be passed on to her, and then, for the first time, she saw that she'd been outwitted... ","......But, eventually...She realized that the heavy responsibilities Kyrie had born would be passed on to her, and then, for the first time, she noticed that she had been outwitted......",……しかし、やがて。霧江が背負っていた重責の全てが、自分に引き継がれることを知り、その時、初めて、出し抜かれたことに気付いたのだ……。,[=JP],"А потом...До неё дошло, что тяжёлая ответственность, предназначавшаяся Кирие, перешла к ней, и впервые осознала, что её обвели вокруг пальца.","......Mas eventualmente......ela aprendeu que as pesadas responsabilidades que Kyrie havia suportado iriam passar para ela, e então, pela primeira vez, ela percebeu que estava sendo iludida......",……然而，没过多久。通过知道了，雾江曾背负着的所有重担，全都会由自己接手，她于此时首次意识到了，被姐姐先下手为强了……。,……然而，沒過多久。通過知道了，霧江曾背負著的所有重擔，全都會由自己接手，她於此時首次意識到了，被姐姐先下手為強了……。,"... Ma in seguito... si rese conto che il grave fardello con cui era nata Kyrie sarebbe passato a lei, e allora, per la prima volta, si rese di conto di essere stata giocata...","... Pero eventualmente... ella se dio cuenta de que las duras responsabilidades con las que Kyrie había nacido le fueron pasadas a ella, y entonces, por primera vez, se dio cuenta de que fueron más listos que ella...", ...ﻭﻓﻲ ﺍﻟﻨﻬﺎﻳﺔ...... ﻋَﻠِﻤَﺖ ﺃﻥَّ ﺍﻟﻤﺴﺆﻭﻟﻴﺎﺕ ﺍﻟﺜﻘﻴﻠﺔ ﺍﻟﺘﻲ ﺗﺤﻤَّﻠﺘﻬﺎ ﻛﻴﺮﻳﻲ ﺳﺘﻨﺘﻘﻞ ﺇﻟﻴﻬﺎ... ......ﻭﻋﻨﺪﺋﺬٍ ﺃﺩﺭﻛﺖ ﻷﻭﻝ ﻣﺮﺓٍ ﺃﻧَّﻬﺎ ﺧُﺪﻋﺖ.
Sumadera Kasumi,"""Because of your mother, my life was turned into a mess. ......No, you could even say she killed me once. On that day, I was killed once and cast down into a hellish life...""","""Because of your mother, my life was ruined. ...No, you could even say she killed me once. On that day, I was killed once and thrown into a hellish life..."" ","""Because of your mother, my life turned into a mess.  ......No, you could even say she killed me once.  On that day, I was killed once and thrown into a hellish life...""",「あんたの母親のせいで、私の人生はめちゃめちゃにされたわ。……いいえ、一度殺されたと言ってもいい。あの日に私は一度殺されて、地獄のような日々に突き落とされたのよ…。」,「あんたの母親のせいで、私の人生はめちゃめちゃにされたわ。……いいえ、一度殺されたと言ってもいい。あの日に私は一度殺されて、地獄のような日々に突き落とされたのよ…」,"""Твоя мать изломала мне всю жизнь. .....Нет, можно даже сказать, что она меня убила. В тот день я оказалась убита и ввергнута в адскую жизнь...""","""Por causa da sua mãe, minha vida se tornou uma bagunça. ......Não, você poderia até dizer que ela me matou uma vez. Naquele dia, eu fui morta e jogada em uma vida infernal...""",「都怪你的母亲，我的人生被搞得一团糟。……不，说是被杀了一次都行。在那天，我被杀死了一次，被推进了地狱般的生活…」,「都怪你的母親，我的人生被搞得一團糟。……不，說是被殺了一次都行。在那天，我被殺死了一次，被推進了地獄般的生活…」,"""A causa di tua Madre, la mia vita è stata una tragedia. ... No, si potrebbe addirittura dire che mi ha uccisa. Quel giorno, sono stata uccisa e scagliata in una vita infernale...""","""Gracias a tu madre, mi vida se convirtió en un desastre... No, hasta podrías decir que ella me mató una vez. En ese día, me mataron una vez y me lanzaron a una vida infernal...""","""ﺃﻣﻚ ﺩﻣَّﺮﺕ ﺣﻴﺎﺗﻲ.  ﻛﻼَّ... ﺑﻞ ﻟﻚِ ﺃﻥ ﺗﻘﻮﻟﻲ ﺃﻧﻬﺎ ﻗﺘﻠﺘﻨﻲ. ...ﻣﻨﺬ ﺫﻟﻚ ﺍﻟﺤﻴﻦ ﻭﺃﻧﺎ ﺃﻋﻴﺶ ﻓﻲ ﺟﺤﻴﻢٍ ﻳﻮﻣﻲ."""
Ushiromiya Ange,""".........Isn't that just what you get for thinking you can breeze through life? ......gyack! .........*cough*, *cough*......""","""......Isn't that what you get for making light of life until then? ...Gyack! ......Gah...gah..."" ",""".........Isn't that just what you get for making light of life until then?  ......gyack!  .........gah, gah......""",「…………それまで人生舐めてきたツケじゃない？……ぎゃふッ！………ごほっ、ごほ……。」,「…………それまで人生舐めてきたツケじゃない？　……ぎゃふッ！　………ごほっ、ごほ……」,""".......Так разве не это ты получаешь, если относишься к жизни спустя рукава? ....гьяк! ......гхх, гхх...""",""".........Não é simplesmente porque você pensou que poderia levar a vida numa boa para sempre? ......Gyack! .........*cof*, *cof*......""",「…………这不就是你一直以来小瞧人生所赊的帐吗？……噶呀！………咳哄、咳……」,「…………這不就是你一直以來小瞧人生所賒的帳嗎？……噶呀！………咳哄、咳……」,"""... Non è quello che ti meriti per essertela spassata fino a quel momento? ... gyack! ... gah, gah...""","""... ¿No es eso lo que te ganas por tomarte la vida tan a la ligera hasta ese entonces?... ¡gyack!... *toser*, *toser*...""","""ﺃﻟﻴﺲ ﺫﻟﻚ ﻣﺎ ﺗﺴﺘﺤﻘِّﻴﻨﻪ ﻷﻧَّﻚِ ﺗﻮﻫَّﻤﺖِ ﺃﻧَّﻪ ﻳﻤﻜﻨﻚِ ﺍﻟﻌﻴﺶ ﺩﻭﻥ ﻋﻨﺎﺀ.........؟ ﺁﺥ......! ......*ﻛﺤﺔ*، *ﻛﺤﺔ*........."""
,"""This girl doesn't know when to shut up! Oorrrrah!""","""Don't you ever stop talking, girl?! Hyaah!"" ","""Don't you ever stop talking, girl?!  Hyaah!""",「口の減らねぇ小娘だぜッ！　うぉら！」,[=JP],"""Ты заткнёшься, в конце концов?! Хай‐я!""","""Essa garotinha não sabe quando calar a boca! Oorrrrah!""",「嘴上欠把锁的小娘们！欧——啦！」,「嘴上欠把鎖的小娘們！歐——啦！」,"""Non smetti mai di parlare, ragazzina?! Hyaah!""","""¡Esta chiquilla no sabe cuándo callarse! ¡Oorrrrah!""","""!ﻻ ﺗﻌﺮﻑ ﻫﺬﻩ ﺍﻟﻔﺘﺎﺓ ﻣﺘﻰ ﻋﻠﻴﻬﺎ ﺃﻥ ﺗﺼﻤﺖ. ﺃﻭﺭﺍﻩ!"""
,"The black‐suit punched me in the gut, and I doubled over.{n}But I was quickly grabbed by the collar and made to stand up again.","The black-suit punched me in the gut, and I doubled over. But I was quickly grabbed by the nape of the neck and made to stand up again. ","The black-suit punched me in the gut, and I doubled over.But I was quickly grabbed by the nape of the neck and made to stand up again.",黒服に下腹を殴られ、うずくまる。しかしすぐに襟首を掴まれ、立ち上がらせられた。,黒服に下腹を殴られ、うずくまる。{n}しかしすぐに襟首を掴まれ、立ち上がらせられた。,"Амбал в чёрном костюме ударил меня в солнечное сплетение, я согнулась пополам.{n}Но меня быстро сцапали за грудки и вновь вынудили встать.","O homem de terno me socou no intestino, fazendo eu me inclinar.{n}Mas rapidamente fui agarrada pelo pescoço e posta de pé novamente.",下腹挨了黑衣人一拳的我痛得蹲了下去。{n}可是，马上就被攥住了后衣领，被拎着站起来了。,下腹挨了黑衣人一拳的我痛得蹲了下去。{n}可是，馬上就被攥住了後衣領，被拎著站起來了。,"L'uomo in nero mi diede un pugnò nello stomaco, e caddi. Ma fui prontamente acchiappata per il collo e costretta a rimettermi in piedi.","El hombre de traje negro me golpeó en el estómago, y yo me retorcí.{n}Pero rápidamente me agarraron por el cuello y me hicieron levantarme de nuevo.", ﻟﻜﻤﻨﻲ ﺫﻭ ﺍﻟﺒﺬﻟﺔ ﺍﻟﺴَّﻮﺩﺍﺀ ﻓﻲ ﺑﻄﻨﻲ، ﻓﺎﻧﺤﻨﻴﺖُ ﻓﻲ ﺃﻟﻢ.{n}ﻭﻟﻜﻦ ﺳﺮﻋﺎﻥ ﻣﺎ ﺃُﻣﺴﻜﺖُ ﻣﻦ ﻳﺎﻗﺘﻲ ﻭﺃُﺟﺒﺮﺕُ ﻋﻠﻰ ﺍﻟﻮﻗﻮﻑ ﻣُﺠﺪﺩًﺍ.
,"As she continued to cold‐heartedly look down upon Ange, Kasumi blew out smoke......{n}The hard days after Kyrie left were floating through her mind.","Kasumi cold-heartedly looked down at me, smoking a cigarette... The painful days after Kyrie had left were floating through her mind. ","Kasumi cold-heartedly looked down at me, smoking a cigarette......The painful days after Kyrie had left were floating through her mind.",霞はそれを冷酷に見下ろしながら、煙草を吹かす……。彼女の脳裏に蘇るのは、霧江が出て行った後の辛い日々。,霞はそれを冷酷に見下ろしながら、煙草を吹かす……。{n}彼女の脳裏に蘇るのは、霧江が出て行った後の辛い日々。,"Касуми хладнокровно наблюдала за моим избиением, покуривая сигарету.{n}Полные боли дни, последовавшие после ухода Кирие, проносились в её памяти.","Enquanto continuava a olhar friamente para Ange, Kasumi soprou a fumaça para longe...... Os árduos dias depois que Kyrie a deixou, retornaram à sua mente.",霞冷酷地俯视着这副情景，吞云吐雾……。{n}在她脑内浮现的是雾江走后的辛酸日子。,霞冷酷地俯視著這副情景，吞雲吐霧……。{n}在她腦內浮現的是霧江走後的辛酸日子。,"Kasumi mi fissava freddamente, fumando una sigaretta... le passavano per la testa i giorni dolorosa dopo che Kyrie se n'era andata.","Kasumi me miró de manera fría, fumando un cigarro...{n}Los dolorosos días de cuando Kyrie se había ido estaban flotando por su mente.", ......ﻧﻈﺮﺕ ﻛﺎﺳﻮﻣﻲ ﺇﻟﻰ ﺇﻧﺠﻲ ﻣﻦ ﻋﻞٍ ﺑﺒﺮﻭﺩ، ﻭﻫﻲ ﺗﻨﻔﺚ ﺩﺧﺎﻥ ﺳﻴﺠﺎﺭﺗﻬﺎ.{n}ﻛﺎﻧﺖ ﺗﺴﺘﺬﻛﺮ ﺗﻠﻚ ﺍﻷﻳﺎﻡ ﺍﻟﻌﺼﻴﺒﺔ ﺍﻟﺘﻲ ﺗﻠﺖ ﺭﺣﻴﻞ ﻛﻴﺮﻳﻲ.
,"Until then, she had been allowed to be simply a rich young lady, unrestrained and unaffected.{n}......Only Kyrie, the older sister, had been strictly trained, and she, the younger sister, had been able to live as nothing more than a princess.","Until then, she had been allowed to be a simple lady, freewheeling and naive. ...Only the older sister, Kyrie, had been harshly trained, and she, the younger sister, had been able to live as nothing more than a princess. ","Until then, she had been allowed to be a simple lady, freewheeling and naive.......Only the older sister, Kyrie, had been harshly trained, and she, the younger sister, had been able to live as nothing more than a princess.",それまでは自由奔放、天真爛漫なただのお嬢様でいられた。……厳しく躾けられるのは長女の霧江だけで、次女の自分はただのお姫様でいられたのだ。,それまでは自由奔放、天真爛漫なただのお嬢様でいられた。{n}……厳しく躾けられるのは長女の霧江だけで、次女の自分はただのお姫様でいられたのだ。,"Прежде ей позволяли быть обычной, свободной и наивной девушкой.{n}.....Суровое обучение обязана была проходить лишь старшая сестра — Кирие, тогда как младшая сестра могла жить как принцесса.","Até então, fora permitido a ela viver a simples vida de uma jovem garota rica, livre e desafetada.{n}......Apenas Kyrie, a irmã mais velha, foi rigidamente treinada, enquanto ela, a irmã mais nova, foi capaz de viver a vida de uma princesa.",在这之前，自己一直都只用去当自由奔放、天真烂漫的大小姐。{n}……要受严格管教的，仅为大女儿雾江一人，身为二女儿的自己能够只去当个公主。,在這之前，自己一直都只用去當自由奔放、天真爛漫的大小姐。{n}……要受嚴格管教的，僅為大女兒霧江一人，身為二女兒的自己能夠只去當個公主。,"Fino ad allora, le era stato permesso essere una semplice ragazza, libera e capricciosa. ... Solo la sorella maggiore, Kyrie, era stata duramente allenata, e lei, la sorella minore, poteva vivere come fosse una principessa.","Hasta ese entonces, a ella se le había permitido ser una simple chica, libre e ingenua.{n}... Solo la hermana mayor, Kyrie, había sido duramente entrenada, y ella, la hermana menor, había vivido como una princesa.", ﺳُﻤﺢ ﻟﻬﺎ ﺃﻥ ﺗﻜﻮﻥ ﺣﺘﻰ ﺫﻟﻚ ﺍﻟﺤﻴﻦ ﺷﺎﺑﺔً ﻏﻨﻴﺔً ﻣﺘﺤﺮِّﺭﺓً ﻭﻏﻴﺮ ﻣﻜﺘﺮﺛﺔ.{n}ﻭﺣﺪﻫﺎ ﻛﻴﺮﻳﻲ ﻣﻦ ﺧﻀﻌﺖ ﻟﻠﺘﺪﺭﻳﺒﺎﺕ ﺍﻟﺼﺎﺭﻣﺔ، ﺑﻴﻨﻤﺎ ﺗﻤﻜﻨﺖ ﺃﺧﺘﻬﺎ ﺍﻟﺼﻐﺮﻯ ﺃﻥ ﺗﻌﻴﺶ ﻛﺄﻣﻴﺮﺓ......
,"Then, suddenly, everything was turned over to such a degree that her life tumbled and crashed......","Then, suddenly, everything got flipped over...and her life came crashing down... ","Then, suddenly, everything had been turned over, so much so that her life had crashed down......",それが、突然、人生が転落するほどに全てが引っ繰り返って……。,[=JP],"А затем всё внезапно изменилось, причём так радикально, что от её жизни ничего не осталось.","Então, repentinamente, tudo virou de tal forma que sua vida tombou e caiu......",这些突然就如人生出轨般地全部翻了个个……。,這些突然就如人生出軌般地全部翻了個個……。,"Quindi, improvvisamente, tutto si era rovesciato, al punto che la sua vita venne schiacciata...","Entonces, de pronto, todo se dio la vuelta, de tal manera que su vida había sido destruida...", ......ﻭﺇﺫ ﺑﻜﻞِّ ﺷﻲﺀٍ ﻳﻨﻘﻠﺐ ﻓﺠﺄﺓً ﺇﻟﻰ ﺩﺭﺟﺔ ﺟﻌﻠﺖ ﺣﻴﺎﺗﻬﺎ ﺗﺘﺪﺍﻋﻰ ﻭﺗﻨﻬﺎﺭ.
Sumadera Kasumi,"""My life, lifestyle, way of living, ......everything was stolen from me. .........Do you know how much I was maligned based on my sister's dishonor by those relatives who didn't know the details...? ......I detested her. I detested your mother enough to make me spit blood...""","""My life, lifestyle, and the way I lived...were all stolen from me. ......Do you know how much I was derided by those relatives who didn't know the details, all because of my sister's dishonor...? I detested her. I detested your mother enough to make me spit blood..."" ","""My life, lifestyle, and the way I lived, ......were all stolen from me.  .........Do you know how much I was derided by those relatives who didn't know the details, all because of my sister's dishonor...?  I detested her.  I detested your mother enough to make me spit blood...""",「私の人生も、生活も、生き方も、……何もかもを奪われたわ。………事情を知らない親類からは、姉さんの不名誉を理由にどれだけ蔑まれたことか…。……呪ったわ。あなたのお母さんを血を吐くほどに呪ったわよ…。」,「私の人生も、生活も、生き方も、……何もかもを奪われたわ。………事情を知らない親類からは、姉さんの不名誉を理由にどれだけ蔑まれたことか…。……呪ったわ。あなたのお母さんを血を吐くほどに呪ったわよ…」,"""Моя жизнь, стиль жизни, моё мировоззрение... Всё это у меня отобрали. ......Ты хоть знаешь, как из‐за бесчестья моей сестры надо мной насмехались родственники, не знающие подробностей? Я ненавидела её. Я ненавидела её так сильно, что готова была плеваться кровью...""","""Minha vida, meu estilo de vida, minha forma de viver, ......tudo foi tomado de mim. .........Você sabe o quanto eu fui difamada por causa da desonra da minha irmã por aqueles parentes que não sabiam sobre tudo...? ......Eu a detestava. Eu detestava sua mãe o suficiente para me fazer cuspir sangue...""",「我的人生，生活，活法，……一切的一切都被夺走了。………我都受了不知内情的亲戚们以姐姐的丑行为由的多少轻蔑啊…？……咒过了哦。我可是咒到吐血地诅咒过你妈哦…？」,「我的人生，生活，活法，……一切的一切都被奪走了。………我都受了不知內情的親戚們以姐姐的丑行為由的多少輕蔑啊…？……咒過了哦。我可是咒到吐血地詛咒過你媽哦…？」,"""La mia vita, il mio modo di vivere... mi furono strappati via. ... Sai quanto sono stata derisa da quei parenti che non conoscevano i dettagli, tutto a causa del disonore di mia sorella...? La detestavo. Detestavo tua Madre tanto da sputare sangue...""","""Mi vida, estilo de vida, y la forma en la que vivía... me fueron todas robadas... ¿Sabes cuánto fui ridiculizada por aquellos familiares que no conocían los detalles, todo por la deshonra de mi hermana?... La detestaba. Detestaba tanto a tu madre que hasta escupía sangre...""","""ﺣﻴﺎﺗﻲ، ﻧﻤﻂ ﺣﻴﺎﺗﻲ، ......ﺳُﻠِﺒﺖ ﻛُّﻠﻬﺎ ﻣﻨﻲ. ﺃﺗﻌﻠﻤﻴﻦ ﻛﻢ ﺗﻌﺮَّﺿﺖُ ﻟﻺﺳﺎﺀﺓ ﻭﺍﻟﺘَّﺸﻮﻳﻪ ﺑﺴﺒﺐ ﻋﺎﺭ ﺃﺧﺘﻲ ﻣﻦ ﺃﻭﻟﺌﻚ ﺍﻷﻗﺎﺭﺏ ﺍﻟﺬﻳﻦ ﻻ ﻳﻌﺮﻓﻮﻥ ﺍﻟﺘَّﻔﺎﺻﻴﻞ............؟ ﻟﻘﺪ ﻟﻌﻨﺘُﻬﺎ...... ...ﻟﻌﻨﺖُ ﻭﺍﻟﺪﺗﻚِ ﺣﺘَّﻰ ﺗﻘﻴَّﺄﺕُ ﺩﻣًﺎ."""
Ushiromiya Ange,"""Glad to hear it. I hope it continues for many years to come. .........gagghh!!""","""Glad to hear it. Keep up the good work. ......Graggghh!!"" ","""Glad to hear it.  I'll be counting on you in the future too.  .........Graggghh!!""",「そりゃ嬉しいわ。これからもよろしく。………がふッ！！」,[=JP],"""Рада слышать. Рассчитываю на тебя и в будущем. ......Граггхх!""","""É bom ouvir isso. Eu espero que continue por muitos anos. .........gagghh!!""",「这倒令人高兴呢。今后也请继续。………噶！！」,「這倒令人高興呢。今後也請繼續。………噶！！」,"""Lieta di sentirtelo dire. Conterò su di te anch'io in futuro. ... Graggghh!!""","""Me alegro de escuchar eso. Espero que siga así durante muchos años... ¡¡Graggghh!!""","""ﻳﺴﺮُّﻧﻲ ﺳﻤﺎﻉ ﺫﻟﻚ. ﺁﻣﻞ ﺃﻥ ﺗُﻠﻌَﻨﻲ ﺃﻛﺜﺮ ﻣﺴﺘﻘﺒﻼً. ﺁﻏﻬﻬﻬﻪ.........!!"""
,A kick landed in Ange's side as she lay prostrate on the ground.{n}Ange didn't stand up again.,A kick landed in Ange's side as she crawled on the ground. Ange didn't stand up again. ,A kick landed in Ange's side as she crawled on the ground.Ange didn't stand up again.,這いつくばった縁寿の脇腹に、蹴りが入る。縁寿はもう立ち上がらなかった。,這いつくばった縁寿の脇腹に、蹴りが入る。{n}縁寿はもう立ち上がらなかった。,Скорчившуюся на земле Энджи пнули в бок.{n}Энджи больше не вставала.,Um chute lateral em Ange enquanto ela estava ajoelhada no chão.{n}Ange não se levantou mais.,趴着的缘寿的侧腹挨了一脚。{n}缘寿已经站不起来了。,趴著的緣壽的側腹挨了一腳。{n}緣壽已經站不起來了。,Ange venne colpita da un calcio nel fianco e cadde al suolo. Non si alzò.,Una patada le llegó al costado de Ange mientras ella se arrastraba por el suelo.{n}Ange no se volvió a levantar., ﺍﺳﺘﻘﺮَّﺕ ﻟﻜﻤﺔٌ ﻓﻲ ﺟﻨﺐ ﺇﻧﺠﻲ ﻭﻫﻲ ﻣﻄﺮﻭﺣﺔٌ ﺃﺭﺿًﺎ.{n}ﻭﻟﻢ ﺗﻘﻒ ﺇﻧﺠﻲ ﻣُﺠﺪﺩًﺍ.
,"......So she continued to lie there like a caterpillar, getting kicked every time she spoke up.","...So, she continued to lie there like a caterpillar as she was kicked each time she spoke up. ","......So as she continued to lie there like a caterpillar, she was kicked every time she spoke up.",……だから芋虫のように転がされたまま、減らず口を叩く度に、蹴られる。,[=JP],"Она лежала на земле, напоминая гусеницу, и получала пинок каждый раз, когда раскрывала рот.","......Ela continuou deitada como uma lagarta, sendo chutada toda vez que falava.",……所以，她如芋虫般地倒在地上，每损霞一句，就挨一脚。,……所以，她如芋虫般地倒在地上，每損霞一句，就挨一腳。,"... Quindi, continuando a rimanere a terra come un bruco, veniva presa a calci ogni volta che apriva bocca.","... Así que mientras ella seguía en el piso allí como un gusano, era pateada cada vez que hablaba.",...ﻭﻫﻜﺬﺍ ﺍﺳﺘﻤﺮَّﺕ ﻓﻲ ﺍﻻﺿﻄﺠﺎﻉ ﻫﻨﺎﻙ ﻛﺎﻟﻴﺮﻗﺔ، ﺗُﺮﻛﻞ ﻛﻠَّﻤﺎ ﺗﻔﻮَّﻫﺖ.
Sumadera Kasumi,"""......I saw Nee‐san at an Ushiromiya Group party once. ......She was with her husband, .........looking very happy, ......and laughing. ......She......pushed everything onto me, ......and found happiness.........only for herself.........""","""...I saw Nee-san at an Ushiromiya Group party once. ......She was with her husband, ......looking very happy...... and laughing. ...She... pushed everything onto me... and found happiness... ...only for herself......"" ","""......I saw Nee-san at an Ushiromiya Group party once.  ......She was with her husband, .........looking very happy, ......and laughing.  ......She, ......pushed everything onto me, ......and found happiness, .........only for herself.........""",「……姉さんを、右代宮グループのパーティで見かけたわ。……あいつ、旦那と一緒で、………とても幸せそうに、……笑ってやがったわ。……私に、……全部を押し付けて、……自分だけ、………幸せに………。」,「……姉さんを、右代宮グループのパーティで見かけたわ。……あいつ、旦那と一緒で、………とても幸せそうに、……笑ってやがったわ。……私に、……全部を押し付けて、……自分だけ、………幸せに………」,""".....Как‐то раз я увидела сестру на вечеринке, организованной группой Уширомия. ......Она была со своим мужем, выглядела счастливой и смеялась. ......Она свалила всё на меня, а сама обрела счастье...""","""......Eu vi a nee‐san em uma festa do Ushiromiya Group uma vez. ......Ela estava com seu marido, .........parecia muito feliz, ......estava rindo. ......Ela......jogou tudo para cima de mim, ......e encontrou a felicidade.........só pra ela.........""",「……我在右代宫集团的派对上遇见了姐姐。……那家伙跟丈夫站在一起，………显得非常幸福地，……笑着。……把一切，……都推到了我的身上，……自己一个人，………抓住了幸福………」,「……我在右代宮集團的派對上遇見了姐姐。……那傢伙跟丈夫站在一起，………顯得非常幸福地，……笑著。……把一切，……都推到了我的身上，……自己一個人，………抓住了幸福………」,"""... Una volta vidi Nee-san ad una festa organizzata dal gruppo Ushiromiya. ... Era con suo marito... sembrava davvero felice... e rideva. ... Lei... aveva gettato tutto su di me... trovando la felicità... solo per lei...""","""... Una vez vi a Nee-san en una fiesta del Grupo Ushiromiya... Estaba con su esposo... se veía muy feliz... y reía... Ella... me lo dejó todo, y encontró la felicidad... solo para ella...""","""......ﻟﻤﺤﺖُ ﺃﺧﺘﻲ، ﻓﻲ ﺇﺣﺪﻯ ﺣﻔﻼﺕ ﻣﺠﻤﻮﻋﺔ ﺃﻭﺷﻴﺮﻭﻣﻴﺎ ﻣﺮﺓً، ﻛﺎﻧﺖ ﺑﺮﻓﻘﺔ ﺯﻭﺟﻬﺎ...... ،ﻭﻛﺎﻧﺖ ﺗﺒﺪﻭ ﻓﻲ ﻏﺎﻳﺔ ﺍﻟﺴﻌﺎﺩﺓ......... ﻭﺗﻀﺤﻚ...... ...ﻟﻘﺪ، ،ﺃﻟﻘﺖ ﻛﻞَّ ﺷﻲﺀٍ ﻋﻠﻲَّ... ...ﻭﻭﺟﺪﺕ ﺳﻌﺎﺩﺗﻬﺎ...... .........ﻭﺣﺪﻫﺎ......"""
Ushiromiya Ange,""".........So what? How is taking it out on me going to make you happy? Is taking it out on me going to turn back time and change history for you or something?""","""......So what? How is taking it out on me going to make you happy? Will taking it out on me turn back time and change history or something? ",""".........So what?  How is chopping me up going to make you happy?  Is chopping me up gonna turn back time and change history or something?  ",「………だから何？　私に八つ当たりすると、どうあんたが幸せになるってわけ？私に八つ当たりすると、時間が巻き戻って歴史が変わったりしてくれるわけ？,「………だから何？　私に八つ当たりすると、どうあんたが幸せになるってわけ？　私に八つ当たりすると、時間が巻き戻って歴史が変わったりしてくれるわけ？」,"""........Ну и что? Каким образом моё избиение сделает тебя счастливей? Что, время повернётся вспять и история изменится?""",""".........E daí? Como depositar sua raiva em mim agora vai fazer você feliz? Depositar sua raiva em mim vai fazer você voltar no tempo e mudar a história ao seu favor ou algo assim?""",「………所以，如何？拿我撒气，你是能怎么以此来变得幸福？拿我撒气，时间就会倒转，历史就会改变了吗？」,「………所以，如何？拿我撒氣，你是能怎麼以此來變得幸福？拿我撒氣，時間就會倒轉，歷史就會改變了嗎？」,"""... E allora? Prendermi a calci ti renderà felice? Se mi prendi a calci potrai tornare indietro nel tempo e cambiare la storia?","""... ¿Y qué? ¿Cómo va a hacerte feliz el desquitarte conmigo? ¿El hacer eso va a regresar el tiempo y cambiar la historia?""","""...ﻭﺑﻌﺪ؟ ﻫﻞ ﺳﺘﺴﻌﺪﻳﻦ ﺍﻵﻥ ﺇﺫﺍ ﺻﺒﺒﺖِ ﻏﻀﺒﻚِ ﻋﻠﻲَّ ﺃﻧﺎ؟ ﺃﺑﻬﺬﺍ ﺳﻴﻌﻮﺩ ﺑﻚِ ﺍﻟﺰﻣﻦ ﻭﺳﻴﺘﻐﻴﺮ ﻣﺎﺿﻴﻚ؟"""
Ushiromiya Ange,""".........Ugugggh, .........gah, .........*cough*......!!""",""".........Ugugggh, ......gah, ......ghackk...!!"" ",".........Uguhguhguh, .........gah, .........ghackk......!!""",　………うぐぐぐ、………がッ、………ごほッ……！！」,「………うぐぐぐ、………がッ、………ごほッ……！！」,""".........Угхагххгх... гхх... гхак!""",""".........Ugugggh, .........gah, .........*cof*......!!""",「………呜呜呜呜、………噶、………咳哄……！！」,「………嗚嗚嗚嗚、………噶、………咳哄……！！」,"... Uguhguhguh... gah... ghackk...!!""","""... ¡¡Ugugggh... gah... *toser*!!...""","""ﺁﻏﻬﻬﻬﻪ.........ﺁﻫﻪ......... ......*ﻛﺤﺔ*.........!!"""
Sumadera Kasumi,"""You said something a short while ago... When is my life going to begin? .........No matter how much I despise you or take it out on you, I cannot turn back time. ......So am I doomed to keep on hating Nee‐san like this for the rest of my life, even though she's dead?""","""You said something a short while ago... When will my life start? ......No matter how much I despise you or take out my frustrations on you, I can't turn back time. ...So, must I keep hating my sister even though she's gone, until I die?"" ","""You said something a short while ago...  When will my life start?  .........No matter how much I despise you or chop you up, I cannot turn back time.  ......So until I die, will I keep hating Onee-san even though she's dead?",「あんた、さっき言ったわねぇ…。私の人生はいつ始まるの？って。………いくら恨んでも八つ当たりしても、時間を巻き戻すことなんて出来ない。……じゃあ私は死ぬまでこうして、死んでもなお姉さんを恨み続けて？,「あんた、さっき言ったわねぇ…。私の人生はいつ始まるの？　って。………いくら恨んでも八つ当たりしても、時間を巻き戻すことなんて出来ない。……じゃあ私は死ぬまでこうして、死んでもなお姉さんを恨み続けて？」,"""Ты недавно кое‐что сказала... Дескать, когда начнётся моя жизнь? .......Как бы я тебя ни презирала, как бы ни истязала, время действительно не повернуть вспять. .....Поэтому до самой своей смерти я буду ненавидеть сестру, хотя она уже давно как покойница?""","""Você disse algo há pouco... Quando minha vida vai começar? .........Não importa o quanto eu odeie você ou deposite minha raiva, eu não posso voltar no tempo. ......Por isso estou condenada a continuar odiando a nee‐san assim pelo resto da minha vida, mesmo ela já estando morta?""",「你刚才有讲过呢…。我的人生要何时才能开始？。………再怎么恨她、再怎么拿你撒气，都无法倒转时间。……那么，我是得像这样，将人都死了的姐姐恨到我死为止吗？」,「你剛才有講過呢…。我的人生要何時才能開始？。………再怎麼恨她、再怎麼拿你撒氣，都無法倒轉時間。……那麼，我是得像這樣，將人都死了的姐姐恨到我死為止嗎？」,"""Hai detto una cosa poco fa... quando inizierà la mia vita? ... Non importa quanto ti odi o quanto ti prenda a calci, non posso tornare indietro nel tempo. ... Quindi continuerò a odiare Onee-san finché non morirò anche se è già morta?","""Dijiste algo hace poco... ¿Cuándo comenzará mi vida?... Por mucho que te desprecie o me desquite contigo, no puedo volver atrás en el tiempo... Así que hasta que muera, ¿seguiré odiando a Nee-san a pesar de que ella está muerta?""","""...ﻗﻠﺖِ ﺷﻴﺌًﺎ ﻗﺒﻞ ﻗﻠﻴﻞ. ""ﻣﺘﻰ ﺳﺘﺒﺪﺃ ﺣﻴﺎﺗﻲ؟"" ﻣﻬﻤﺎ ﻛﺮﻫﺘﻚِ ﺃﻭ ﺃﻓﺮﻏﺖُ ﻏﻀﺒﻲ ﻋﻠﻴﻚِ، ﻓﻼ ﻳﻤﻜﻨﻨﻲ ﺃﻥ ﺃﻏﻴﺮ ﺍﻟﻤﺎﺿﻲ......... ﻫﻞ ﺣُﻜﻢ ﻋﻠﻲَّ ﺃﻥ ﺃﺳﺘﻤﺮَّ ﻓﻲ ﻛﺮﻩ ﺃﺧﺘﻲ ﻫﻜﺬﺍ ﻃﻮﺍﻝ ﺣﻴﺎﺗﻲ ﺭﻏﻢ ﻣﻮﺗﻬﺎ ﺇﺫًﺍ؟"""
Sumadera Kasumi,"""Not if I can help it. ......How long must I be tormented by Nee‐san's ghost? And so I thought. .........If I could pull this off, I would be able to forget all of my hatred and start over.""","""You've got to be kidding me. ...How long will I have to be tormented by my sister's ghost? So I thought of something. ......If I could accomplish one thing, I'd be able to forget all of my hatred and start over."" ","This isn't a joke.  ......How long will I have to be tormented by Nee-san's ghost?  So I thought of something.  .........If I could succeed in this, I would be able to forget all of my hatred and start over.""",冗談じゃないわ。……いつまで私は姉さんの亡霊に苛まれてなきゃならないのよ。だから考えたのよ。…………これを成し遂げたら、全ての恨みを忘れて、やり直せるってね。」,「冗談じゃないわ。……いつまで私は姉さんの亡霊に苛まれてなきゃならないのよ。だから考えたのよ。………これを成し遂げたら、全ての恨みを忘れて、やり直せるってね」,"""Это не смешно. .....Как долго призрак сестры будет мучить меня? И потому я кое‐что придумала. ........Если я преуспею в этом, то смогу забыть о своей ненависти и начать с чистого листа.""","""Não é como se eu pudesse fazer algo a respeito. ......Por quanto tempo eu continuarei a ser atormentada pelo fantasma da nee‐san? E então eu pensei. .........Se pudesse dar um fim nisto, eu seria capaz de esquecer todo o meu ódio começar novamente.""",「开什么玩笑。……我得被姐姐的亡灵折磨到什么时候才行啊？所以我想了下哦。…………想到了，只要完成此事，我就能忘记所有的恨，重新开始。」,「開什麼玩笑。……我得被姐姐的亡靈折磨到什麼時候才行啊？所以我想了下哦。…………想到了，只要完成此事，我就能忘記所有的恨，重新開始。」,"Non è uno scherzo. ... Per quanto dovrò essere tormentata dal fantasma di Onee-san? Quindi pensai ad una cosa. ... Se vi riuscissi, potrei dimenticare tutto il mio odio e ricominciare.""","""Esto no es un chiste... ¿Por cuánto tiempo tendré que ser atormentada por el fantasma de Nee-san? Así que se me ocurrió algo... Si puedo triunfar en esto, podré olvidar todo mi odio y comenzar de nuevo.""","""ﻟﻴﺲ ﺇﺫﺍ ﺍﺳﺘﻄﻌﺖُ ﻣﻨﻊ ﺫﻟﻚ. ﺇﻟﻰ ﻣﺘﻰ ﻳﺠﺐ ﺃﻥ ﺃُﻋﺬَّﺏ ﺑﺸﺒﺢ ﺃﺧﺘﻲ؟ ﻭﻟﻬﺬﺍ ﻓﻜﺮﺕ. ﺇﺫﺍ ﺗﻤﻜﻨﺖُ ﻣﻦ ﺗﻨﻔﻴﺬ ﻫﺬﺍ، ﻓﺴﺄﺗﻤﻜﻦ ﻣﻦ ﻧﺴﻴﺎﻥ ﻛﻞِّ ﻛﺮﻫﻲ ﻭﺍﻟﺒﺪﺀ ﻣﻦ ﺟﺪﻳﺪ........."""
,"Ange was about to respond to this with another bitter comment, but stopped.{n}...Because she would be kicked again if she responded.","Ange was about to lash back out at her, but stopped. ...Because she'd be kicked again if she responded. ","Ange was about to counter this insult, but stopped....Because she would be kicked again if she responded.",縁寿は憎まれ口を叩いて、それに答えようとしたが止めた。…答えればまた蹴られるからだ。,縁寿は憎まれ口を叩いて、それに答えようとしたが止めた。{n}…答えればまた蹴られるからだ。,"Энджи собралась было ответить колкостью, но остановилась.{n}Ответ явно грозил обернуться очередным пинком.","Ange estava prestes a responder com outro comentário amargo, mas parou.{n}...Porque ela seria chutada novamente se respondesse.",虽然缘寿想用恶语回答，但她并没有说出口。{n}…因为，一旦答了就又会被踹。,雖然緣壽想用惡語回答，但她並沒有說出口。{n}…因為，一旦答了就又會被踹。,"Ange stava per ribattere, ma si fermò. ... Perché sarebbe stata colpita di nuovo se avesse risposto.","Ange estaba a punto de responder a este insulto, pero se detuvo.{n}... Ya que sería pateada de nuevo si lo hacía.", ﻛﺎﻧﺖ ﺇﻧﺠﻲ ﻋﻠﻰ ﻭﺷﻚ ﺍﻟﺮﺩِّ ﻋﻠﻰ ﻫﺬﺍ ﺑﺘﻌﻠﻴﻖٍ ﻻﺫﻉٍ ﺁﺧﺮ، ﻟﻜﻨﻬﺎ ﺗﻮﻗَّﻔﺖ.{n}ﻷﻧَّﻬﺎ ﺳﺘُﺮﻛﻞ ﻣُﺠﺪﺩﺍً ﺇﻥ ﺭﺩَّﺕ...
,"......Even if Kasumi didn't say any more, it wasn't difficult to imagine what she meant.{n}Kasumi was thinking of bringing an end to her hatred of Kyrie by taking revenge against her daughter, Ange.","...Even if Kasumi didn't say any more, Ange had a pretty good idea what she meant. Kasumi thought that by taking revenge against Kyrie's daughter, Ange, she'd be able to put an end to her hatred. ","......Even if Kasumi didn't say any more, Ange had a pretty good idea what she meant.Kasumi thought that by taking revenge against Kyrie's daughter Ange, she would be able to bring an end to her hatred.",……霞がそれ以上を語らなくても、どうせ想像はつく。霞は、霧江の娘の縁寿に復讐することで、その恨みに終止符を打とうと考えているわけだ。,……霞がそれ以上を語らなくても、どうせ想像はつく。{n}霞は、霧江の娘の縁寿に復讐することで、その恨みに終止符を打とうと考えているわけだ。,"Даже если Касуми больше ничего не сказала, Энджи вполне понимала, что та имела в виду.{n}Касуми считала, что отыгравшись на Энджи — дочери Кирие, она сможет положить конец своей ненависти.","......Mesmo se Kasumi não dissesse mais nada, não era difícil imaginar o que ela queria dizer. Kasumi estava pensando em trazer um fim ao seu ódio por Kyrie se vingando contra sua filha, Ange.",……反正不用霞继续说下去，也能想象得到。{n}霞是在想着，通过对雾江的女儿缘寿进行复仇，来给这份恨画上休止符。,……反正不用霞繼續說下去，也能想像得到。{n}霞是在想著，通過對霧江的女兒緣壽進行復仇，來給這份恨畫上休止符。,"... Anche se Kasumi non disse altro, Ange aveva capito bene cosa volesse intendere. Kasumi pensava che vendicandosi su Ange, la figlia di Kyrie, sarebbe stata in grado di porre fine al suo odio.","... Incluso si Kasumi no decía nada más, Ange tenía una buena idea sobre a lo que se refería.{n}Kasumi pensaba que al tomar venganza de la hija de Kyrie, Ange, ella podría terminar con su odio.", ﺣﺘﻰ ﻟﻮ ﻟﻢ ﺗﻘﻞ ﻛﺎﺳﻮﻣﻲ ﺷﻴﺌًﺎ ﺁﺧﺮ، ﻓﻠﻢ ﻳﻜﻦ ﺻﻌﺒًﺎ ﺗﺨﻴُّﻞ ﻣﺎﺫﺍ ﺗﻘﺼﺪ......{n}ﻛﺎﻧﺖ ﻛﺎﺳﻮﻣﻲ ﺗﻔﻜﺮ ﻓﻲ ﺇﻧﻬﺎﺀ ﻛﺮﻫﻬﺎ ﻟـ ﻛﻴﺮﻳﻲ ﺑﺎﻻﻧﺘﻘﺎﻡ ﻣﻦ ﺍﺑﻨﺘﻬﺎ، ﺇﻧﺠﻲ.
,.........Talk about pushing your problems on other people.,......Talk about pushing your problems onto other people. ,[=UP],………何と傍迷惑な。,[=JP],"Прямо иллюстрация, как валят с больной головы на здоровую.",.........Falando sobre jogar seus problemas nos outros.,………何其烦扰无辜。,………何其煩擾無辜。,... E poi parla di scaricare i problemi sugli altri.,... Y mira quién habla de pasarle los problemas a otras personas.,...ﻳﺎ ﻟﻬﺎ ﻣﻦ ﻣﺘﺬﻣﺮﺓ.
Sumadera Kasumi,"""Come on, stand up. If you like this island that much, I'll bury you here deep. .........You don't want to die at your age, right? Don't you want to say ""Sorry my mother caused you so much trouble"", or something?""","""Come on, stand up. If you like this island that much, I'll bury you deep in it. ......You don't want to die at your age, right? Don't you feel like saying ""Sorry my mother caused you so much trouble"", or something?"" ","""Come on, stand up.  If you like this island that much, I'll bury you deep in it.  .........You don't want to die at that age, right?  Don't you want to say 'sorry my mother caused you so much trouble', or something?""",「ほら、立ちなさいよ。そんなにこの島が大好きなら、しっかり深く埋めてあげるわよ。………その若さで死にたくないでしょ？　母が迷惑を掛けてすみませんでしたとか、言ってみたくはならない？」,[=JP],"""Давай, вставай. Если тебе так мил этот остров, то я похороню тебя на нём глубоко‐глубоко. .......Ты ведь не хочешь помереть в таком возрасте, верно? Разве тебе не хочется сказать: 'Простите, что моя мать причинила вам столько бед', — или что‐то в это роде?""","""Vamos, levante‐se. Se você gosta tanto assim dessa ilha, eu vou te enterrar profundamente aqui. .........Você não quer morrer com essa idade, certo? Não quer dizer algo como ""Desculpe pelos problemas que a minha mãe causou"", ou algo assim?""",「来呀，站起来呀。你这么喜欢这个岛的话，那就帮你好好埋得深深的哦。………不想这么年轻就死吧？是不是有点想说“妈妈给您添了麻烦，对不起”了啊？」,「來呀，站起來呀。你這麼喜歡這個島的話，那就幫你好好埋得深深的哦。………不想這麼年輕就死吧？是不是有點想說“媽媽給您添了麻煩，對不起”了啊？」,"""Avanti, alzati. Se ti piace così tanto quest'isola, ti ci seppellirò. ... Non vuoi morire a quest'età, vero? Non vuoi dire ‘mi dispiace che mia Madre ti abbia causato così tanti problemi’, o qualcosa del genere?""","""Vamos, levántate. Si te gusta tanto esta isla, te enterraré muy profundamente en ella... No quieres morir a tu edad, ¿verdad? ¿No quisieras decir algo como ‘perdón por todos los problemas que te causó mi madre’, o algo así?""","""ﻫﻴَّﺎ، ﺍﻧﻬﻀﻲ. ﺇﻥ ﻛﻨﺖِ ﺗﺤﺒِّﻴﻦ ﻫﺬﻩ ﺍﻟﺠﺰﻳﺮﺓ ﺇﻟﻰ ﻫﺬﺍ ﺍﻟﺤﺪ، ﻓﺴﺄﺩﻓﻨﻚِ ﻫﻨﺎ ﻋﻤﻴﻘًﺎ. ﻻ ﺗﺮﻳﺪﻳﻦ ﺃﻥ ﺗﻤﻮﺗﻲ ﻓﻲ ﺭﻳﻌﺎﻥ ﺷﺒﺎﺑﻚِ، ﺃﻟﻴﺲ ﻛﺬﻟﻚ؟ ...ﺇﻳﺎﻙِ ﻭﺃﻥ ﺗﻘﻮﻟﻲ ﺷﻴﺌًﺎ ﻣﺜﻞ: ""ﺁﺳﻔﺔ ﻋﻠﻰ ﻣﺎ ﺳﺒﺒﺘﻪ ﻟﻚِ ﺃﻣﻲ ﻣﻦ ﻣﺘﺎﻋﺐ"" ﻣﻔﻬﻮﻡ؟!!"""
Ushiromiya Ange,""".........You......wish. .........gkkhhh, .........glk, ......!!""",""".........You... say something like that? ......Gwah, ......ghhh...!!"" ",""".........Who'd, ......say something like that.  .........gwah, .........guh, ......!!""",「………誰が、……言うもんか。………ぐはッ、………ぐッ、……！！」,[=JP],""".........Ага, щас, разбежалась. .........гвах, гххх!""",""".........Até parece......que eu iria. .........gkkhhh, .........glk, ......!!""",「………谁、……会说啊。………咕哈、………咕、……！！」,「………誰、……會說啊。………咕哈、………咕、……！！」,"""... Chi direbbe mai... una cosa del genere. ... Gwah... guh...!!""","""... ¿Quién... diría algo como eso?... ¡¡gwah... guh...!!""","""...ﺃﻧﺖِ......... ﺗﺤﻠﻤﻴﻦ... ،ﺁﻏﻐﻬﻬﻪ......... ......ﺁﻏﻐﻬﻬﻪ، .........!!"""
Sakutarou,"‘Uryuu!! Ange, Angeeeeee...!!’","‘Uryu-!! Ange, Angeeeeee...!!’ ","『Uryu-!!  Ange, Angeeeeee...!!』",『うりゅー！！　縁寿ッ、縁寿ぇえぇ…！！』,[=JP],"{p:0:『}Урю‐у! Энджи, Энджи‐е‐е‐е!{p:0:』}",[=UP],『呜溜——！！缘寿，缘寿———…！！』,『嗚溜——！！緣壽，緣壽———…！！』,"{p:0:『}Uryu-!! Ange, Angeeeeee...!!{p:0:』}","‘¡¡Uryuu!! ¡¡Ange, Angeeeeee!!...’", ﺃﻭﺭﻳﻮﻭ!! ...ﺇﻧﺠﻲ، ﺇﻧﺠﻴﻴﻴﻲ!!
Mammon,"""Ange‐sama, no...! You mustn't provoke these guys...!! You should at least make it seem like you're going along with them, so you can buy some time...!""","""Ange-sama, no...! You mustn't provoke them...!! You should at least make it seem like you're going along with them, so you can buy some time...!"" ","""Ange-sama, no...!  You must not provoke them...!!  You should at least make it seem like you're going along with them, so you can buy some time...!""",「縁寿さま、ダメ…！　こいつらを挑発しちゃ駄目です…！！ここは表向きだけでも、調子を合わせて時間を稼ぐべきです…！」,「縁寿さま、ダメ…！　こいつらを挑発しちゃ駄目です…！！　ここは表向きだけでも、調子を合わせて時間を稼ぐべきです…！」,"""Энджи‐сама, нет! Не провоцируйте их! Хотя бы подыграйте им, чтобы выиграть немного времени!""","""Ange‐sama, não...! Você não devia provocar essa gente...!! Ao menos faça parecer que vai concordar com eles, para ganhar algum tempo...!""",「缘寿小姐，别…！别向这帮家伙挑衅…！！此刻至少在表面上，应该去顺着他们，拖延时间…！」,「緣壽小姐，別…！別向這幫傢伙挑釁…！！此刻至少在表面上，應該去順著他們，拖延時間…！」,"""Ange-sama, no...! Non deve provocarli...!! Devi dare almeno l'impressione di essere d'accordo con loro, in modo da poter prendere tempo...!""","""¡¡Ange-sama, no!... ¡¡No debe provocarlos!!... ¡Al menos deberías aparentar que estás de su lado, para poder ganar algo de tiempo!...""","""!...ﻻ ﻳﺎ ﺇﻧﺠﻲ-ﺳﺎﻣﺎ. ...ﻻ ﻳﺠﺐ ﺃﻥ ﺗﺴﺘﻔﺰِّﻱ ﻫﺆﻻﺀ ﺍﻷﺷﺨﺎﺹ!! ...ﻋﻠﻴﻚِ ﻋﻠﻰ ﺍﻷﻗﻞ ﺃﻥ ﺗﺘﻈﺎﻫﺮﻱ ﺑﺎﻟﺘَّﻌﺎﻭﻥ ﻣﻌﻬﻢ، ﺣﺘﻰ ﺗﻜﺴﺒﻲ ﺑﻌﺾ ﺍﻟﻮﻗﺖ!"""
Ushiromiya Ange,""".........They do say...that you should throw your foolish pride...out with the garbage......""",""".........They do say... you should throw your foolish pride... out with the garbage..."" ",""".........They often say that, ...you should throw your foolish pride, ...out with the garbage......""",「………下らないプライドは、…燃えないゴミの日に出しとけって、…よく言うわね……。」,「………下らないプライドは、…燃えないゴミの日に出しとけって、…よく言うわね……」,""".........Частенько поговаривают, что свою глупую гордость надо выбрасывать вместе с мусором...""",""".........Eles disseram...que você deveria jogar seu tolo orgulho...fora, junto com o lixo......""",「………常言道，…无聊的自尊，…就在不可燃垃圾日扔掉呢……」,「………常言道，…無聊的自尊，…就在不可燃垃圾日扔掉呢……」,"""... Dicono spesso che... dovresti gettare via quell'inutile orgoglio... insieme alla spazzatura...""","""... Siempre dicen que... deberías tirar ese tonto orgullo... a la basura...""","""...ﻳُﻘﺎﻝ......... ...ﺇﻥَّ ﻋﻠﻰ ﺍﻟﻤﺮﺀ ﺃﻥ ﻳﺮﻣﻲ ﻛﺒﺮﻳﺎﺀﻩ ﺍﻷﺣﻤﻖ. ......ﻣﻊ ﺍﻟﻘﻤﺎﻣﺔ."""
Sakutarou,"‘Wh‐what about Amakusa‐san...?! If Amakusa‐san comes, I just know he'll......!’","‘Oh, what about Amakusa-san...?! If Amakusa-san comes, I'm sure...!’ ","『Oh, Amakusa-san...?!  If Amakusa-san comes, I'm sure......!』",『あ、天草さんは…？！天草さんが来てくれれば、きっと……！』,『あ、天草さんは…？！　天草さんが来てくれれば、きっと……！』,"{p:0:『}О, Амакуса‐сан? Если Амакуса‐сан придёт, я уверен!..{p:0:』}","‘E‐E o Amakusa‐san...?! Se o Amakusa‐san vier, eu sei que ele......!’",『啊，天草先生呢…？！只要天草先生来了，就一定能……！』,『啊，天草先生呢…？！只要天草先生來了，就一定能……！』,"{p:0:『}Oh, Amakusa-san...?! Se arrivasse Amakusa-san, sono sicuro che...!{p:0:』}","‘¡¿Qué hay de Amakusa-san?! ¡Si Amakusa-san viene, sé que él podría...!’", ...ﻣـ-ﻣﺎﺫﺍ ﻋﻦ ﺃﻣﺎﻛﻮﺳﺎ-ﺳﺎﻥ؟! ......ﻟﻮ ﺟﺎﺀ ﺃﻣﺎﻛﻮﺳﺎ-ﺳﺎﻥ، ﻓﺒﺎﻟﺘﺄﻛﻴﺪ-
Mammon,"""......No, it's no good, I can't see him... ......You idiot, Ange‐sama...! Why did you come without Amakusa...!""","""...It's no use, I can't see him... ...You idiot, Ange-sama...! Why did you leave Amakusa behind...?!"" ","""......No, I can't see him.........You idiot, Ange-sama...!  Why did you come without Amakusa...!""",「……駄目、あいつの姿は見えないわ…。……縁寿さまの馬鹿…！　どうして天草を置いて来たんです…！」,[=JP],""".....Нет, я не вижу его... .....Вы дура, Энджи‐сама!.. Почему вы пошли без Амакусы?!""","""......Não adianta, eu não consigo vê‐lo... ......Ange‐sama, sua idiota...! Por que veio sem o Amakusa...!""",「……不行，看不到他的影子…。……缘寿小姐真笨…！干嘛把天草扔下不带来…！」,「……不行，看不到他的影子…。……緣壽小姐真笨…！幹嘛把天草扔下不帶來…！」,"""... No, non riesco a vederlo... Ange-sama, stupida...! Perché è venuta senza Amakusa...!""","""... No, no puedo verlo... ¡Idiota, Ange‐sama!... ¡¿Por qué vino sin Amakusa?!...""","""...ﻛﻼَّ، ﻻ ﻓﺎﺋﺪﺓ، ﻻ ﺃﺳﺘﻄﻴﻊ ﺭﺅﻳﺘﻪ......""ﻳﺎ ﻟﻚِ ﻣﻦ ﻏﺒﻴﺔ ﻳﺎ ﺇﻧﺠﻲ-ﺳﺎﻣﺎ...... ...ﻟﻢَ ﺃﺗﻴﺖِ ﻣﻦ ﺩﻭﻥ ﺃﻣﺎﻛﻮﺳﺎ!"""
,"I don't need you to tell me that, Mammon.{n}......I'm already right in the middle of regretting it.",I didn't need Mammon to tell me. ...I was seriously regretting it already. ,"I didn't need Mammon to tell me.......Right then, I really was right in the middle of regretting it.",マモンに言われるまでもない。……今、まさに後悔の真っ最中だ。,マモンに言われるまでもない。{n}……今、まさに後悔の真っ最中だ。,Мне не нужны слова Мамона.{n}К тому времени я уже как раз сожалела об этом.,"Você não precisa me dizer isso, Mammon.{n}......Eu já estou quase me arrependendo disso.",都用不着马蒙说。{n}……此刻，我就正在为此追悔莫及。,都用不著馬蒙說。{n}……此刻，我就正在為此追悔莫及。,"Non c'è bisogno che me lo dica Mammon. ... In quel momento, me ne stavo giusto pentendo.",No necesitaba que Mammón me lo dijera.{n}... Ya me estoy arrepintiendo., ﻻ ﺃﺣﺘﺎﺟﻚِ ﺃﻥ ﺗﺨﺒﺮﻳﻨﻲ ﺑﺬﻟﻚ ﻳﺎ ﻣﺎﻣﻮﻥ.{n}ﻓﺄﻧﺎ ﺑﺎﻟﻔﻌﻞ ﻓﻲ ﺻﻤﻴﻢ ﻧﺪﻣﻲ ﻋﻠﻰ ﺫﻟﻚ......
,I walked a long way to get here. The forest was very thick.{n}......There's no way that the disturbance here will reach the boat......,I walked a long way. The forest was very thick. ...I've got no doubts that signs of activity here won't reach the boat... ,I walked a long way.  The forest was very thick.......I have no doubts that the disturbance here will not reach the boat......,だいぶ歩いた。森もかなり深かった。……ここでの騒ぎは絶対に船まで届かないだろう……。,だいぶ歩いた。森もかなり深かった。{n}……ここでの騒ぎは絶対に船まで届かないだろう……。,"Я проделала длинный путь. Лес был очень дремуч.{n}Я также знаю, что шум отсюда не достигнет катера...",Eu caminhei um longo caminho até aqui. A floresta é bem densa.{n}......Não tem como o barulho daqui chegar até o barco......,走了好多路。森林也相当的深。{n}……这里的吵闹声，是绝对传不到船上的吧……。,走了好多路。森林也相當的深。{n}……這裡的吵鬧聲，是絕對傳不到船上的吧……。,Ho camminato per un bel po'. La foresta era davvero fitta. ... Non ho dubbi che il casino qui non raggiungerà la barca...,Caminé mucho. El bosque era muy frondoso.{n}... Estoy segura de que los disturbios de aquí no llegarán al barco..., ﻗﻄﻌﺖُ ﻃﺮﻳﻘًﺎ ﻃﻮﻳﻼً ﻟﻠﻮﺻﻮﻝ ﺇﻟﻰ ﻫﻨﺎ. ﻛﺎﻧﺖ ﺍﻟﻐﺎﺑﺔ ﻛﺜﻴﻔﺔً ﻟﻠﻐﺎﻳﺔ.{n}......ﺍﻟﻀﺠﻴﺞ ﻫﻨﺎ ﻟﻦ ﻳﺼﻞ ﺇﻟﻰ ﺍﻟﻘﺎﺭﺏ ﺃﺑﺪًﺍ.
,"As Kasumi took her sweet time smoking that single cigarette down to the filter, I was continuously laid into by the black‐suits however they deemed fit.","During the time it took for Kasumi to finish casually smoking a whole cigarette, I was continuously tormented by the black-suits, as she had told them to. ","During the time it took for Kasumi to finish casually smoking a whole cigarette, I was continuously tormented by the black-suits, as she had told them to.",私は、霞が煙草一本を、のんびり丸々吸い終えるまでの間、いいように黒服どもにいたぶられ続ける。,[=JP],"И пока Касуми не спеша не выкурила сигарету, амбалы в чёрных костюмах, следуя её приказу, продолжали охаживать меня.","Enquanto Kasumi relaxadamente passava seu tempo fumando seu cigarro até o fim, eu continuei a ser atormentada pelos homens de terno preto, conforme ela dava ordens.",在霞悠哉悠哉地抽完一整根烟前的那段时间里，我被黑衣人们尽情地痛揍。,在霞悠哉悠哉地抽完一整根煙前的那段時間裡，我被黑衣人們盡情地痛揍。,"Mentre Kasumi fumava una sigaretta, ero continuamente tormentata dai tizi in nero, come era stato ordinato loro.","Durante el tiempo que le tardó a Kasumi terminar de fumar un cigarrillo, fui continuamente atormentada por los de traje negro, como ella les dijo que lo hicieran.",ﺑﻴﻨﻤﺎ ﻛﺎﻧﺖ ﻛﺎﺳﻮﻣﻲ ﺗﺘﻠﺬَّﺫ ﺑﻮﻗﺘﻬﺎ ﻓﻲ ﺗﺪﺧﻴﻦ ﺗﻠﻚ ﺍﻟﺴﻴﺠﺎﺭﺓ ﺍﻟﻮﺍﺣﺪﺓ ﺣﺘﻰ ﻣﻨﺘﻬﺎﻫﺎ، ﻛﺎﻥ ﺫﻭﻭ ﺍﻟﺒﺬﻝ ﺍﻟﺴَّﻮﺩﺍﺀ ﻳﻨﻬﺎﻟﻮﻥ ﻋﻠﻲَّ ﺿﺮﺑﺎً ﻛﻴﻔﻤﺎ ﻳﺤﻠﻮ ﻟﻬﻢ.
,"The moment I grabbed my head to protect it, the top of my head was kicked by someone at a bad angle, and my head filled with stars......{n}This feeling of stars flickering in a world twisted with gray......was one I knew well.","The moment I grabbed at my head, my scalp was kicked by someone at a bad angle, and my head was filled with stars... The feeling of stars flickering in this gray, twisted world... was one I remembered clearly. ","The moment I grabbed my head, my scalp was kicked by someone at a bad angle, and my head was filled with stars......  The feeling of stars flickering in this world twisted with gray, ......was one I knew well.",頭を抱えた拍子に、悪い形で誰かに頭の天辺を蹴られ、頭の中に星がいっぱいに広がった……。この灰色に歪んだぐにゃぐにゃの世界に星がちらつく感じ、……私はよく覚えてる。,[=JP],"Как только я схватилась за голову, мне ударили по ней под нехорошим углом, отчего она наполнилась звёздами...{n}Ощущение звёзд, мерцающих в этом искажённым серым мире, было мне хорошо знакомо.","No momento em que coloquei as mãos na cabeça para me proteger, a parte de cima da minha cabeça foi chutada em um ângulo ruim, preenchendo ela com estrelas......{n}Esse sentimento de estrelas cintilando em um mundo distorcido pelo cinza......era algo que eu conhecia bem.",刚抱住脑袋，就扎扎实实地被某人踢中了头顶，脑中冒出了一大片星星……。我清楚地记得，……这种星星闪烁在灰色的歪歪扭扭的世界中的感觉。,剛抱住腦袋，就扎扎實實地被某人踢中了頭頂，腦中冒出了一大片星星……。我清楚地記得，……這種星星閃爍在灰色的歪歪扭扭的世界中的感覺。,"Nel momento in cui mi toccai la testa, fui presa a calci in un fianco, e vidi per un momento le stelle... una sensazione del genere... la conoscevo bene.","En el momento en que me agarré la cabeza para cubrirla, alguien me dio una patada en la parte superior de la cabeza en un mal ángulo, y mi cabeza se llenó de estrellas...{n}La sensación de estrellas brillando en este mundo torcido de gris... era una que conocía bien.", ......ﺣﺎﻟﻤﺎ ﺃﻣﺴﻜﺖُ ﺑﺮﺃﺳﻲ ﻟﺤﻤﺎﻳﺘﻪ، ﺭﻛﻠﻨﻲ ﺃﺣﺪﻫﻢ ﺑﻘﻮﺓ ﻋﻠﻰ ﻗﻤﺘﻪ، ﻓﺪﺧﺖ ﻭﺭﺃﻳﺖ ﺍﻟﻨﺠﻮﻡ.{n}...ﻫﺬﺍ ﺍﻟﺸُّﻌﻮﺭ ﺑﺘﻸﻷِ ﺍﻟﻨُّﺠﻮﻡ ﻓﻲ ﻋﺎﻟﻢٍ ﻣﻠﺘﻮٍ ﺑﺎﻟﺮﻣﺎﺩﻳﺔ. ﺃﻋﺮﻓﻪ ﺟﻴﺪًﺍ...
,My life was very similar to the one Sumadera Kasumi led.,My life was very similar to the one Sumadera Kasumi led. ,My life was very similar to the one Sumadera Kasumi had led.,私も、須磨寺霞と辿った人生はよく似ていた。,[=JP],"Моя жизнь очень походила на жизнь, которую вела Сумадера Касуми.",Minha vida foi muito similar a vida que Sumadera Kasumi levou.,我与须磨寺霞所走过的人生很是相似。,我與須磨寺霞所走過的人生很是相似。,La mia vita era molto simile a quella che ha avuto Sumadera Kasumi.,Mi vida era bastante similar a la que Sumadera Kasumi llevó., ﻛﺎﻧﺖ ﺣﻴﺎﺗﻲ ﻣﺸﺎﺑﻬﺔً ﺟﺪًﺍ ﻟﺘﻠﻚ ﺍﻟﺘﻲ ﻋﺎﺷﺘﻬﺎ ﺳﻮﻣﺎﺩﻳﺮﺍ ﻛﺎﺳﻮﻣﻲ.
,"...Because I was tormented constantly with all kinds of bullying under the guise of education and training, to make me a worthy ""successor to the Ushiromiya family"".","...After all, as the Successor to the Ushiromiya family, I was tormented constantly with various kinds of bullying...under the guise of education and training. ","...Because as the successor to the Ushiromiya family, I had been tormented constantly with various bullying under the guise of education and training.",右代宮家の跡継ぎらしくあれと、教育や躾と称した様々ないじめに、ずっと苛まれてきたからだ。,[=JP],"Поскольку я являлась наследницей семьи Уширомия, я подвергалась всяческим нападкам, замаскированным под обучение и тренировки.","...Porque eu fui atormentada constantemente com todos os tipos de bullying sobre o pretexto de educação e treinamento, para fazer de mim alguém digna de ""suceder a família Ushiromiya"".",“要有右代宫家继承人的样子”，我也一直在受着这类声称是教育与管教的种种欺凌、折磨。,“要有右代宮家繼承人的樣子”，我也一直在受著這類聲稱是教育與管教的種種欺凌、折磨。,"... Poiché, come erede della famiglia Ushiromiya, sono stata tormentata continuamente con l'educazione e l'allenamento.","... Como era la sucesora de la familia Ushiromiya, había sido atormentada constantemente con varios abusos bajo la excusa de entrenamiento educacional."," ﻷﻧﻨﻲ ﺗﻌﺮﺿﺖُ ﺑﺎﺳﺘﻤﺮﺍﺭٍ ﻟﻜﻞِّ ﺃﻧﻮﺍﻉ ﺍﻟﺘﻨﻤﺮ ﺗﺤﺖ ﺳﺘﺎﺭ ﺍﻟﺘﺮﺑﻴﺔ ﻭﺍﻟﺘﺪﺭﻳﺐ، ﻟﺠﻌﻠﻲ""ﺧﻠﻴﻔﺔً ﺟﺪﻳﺮﺓً ﺑﺂﻝِ ﺃﻭﺷﻴﺮﻭﻣﻴﺎ..."""
,Yes. Having the inside of my head filled with stars like this...is a feeling I know well.,Yes. Having the inside of my head filled with stars like this...is a feeling I know well. ,Yes.  Having the inside of my head filled with stars like this...is a feeling I knew well.,そう。こんな感じで頭の中に星がいっぱい散らばる感じを、よく覚えてる。,[=JP],"Да. То, как голова заполняется такими звёздами... Я очень хорошо знаю это чувство.",Sim. Ter o interior da minha cabeça preenchido por estrelas como essas...é um sentimento que eu conheço bem.,对。我清楚地记得，这种脑中金星四溅的感觉。,對。我清楚地記得，這種腦中金星四濺的感覺。,Già. Avere una simile confusione in testa... è una sensazione che conoscevo bene.,Sí. El que mi cabeza se llene de estrellas como ahora... es un sentimiento que conozco bien., ﺃﺟﻞ. ﺷﻌﻮﺭ ﺗﻸﻷِ ﺭﺃﺳﻲ ﺑﺎﻟﻨُّﺠﻮﻡ ﻫﻜﺬﺍ...ﺃﻋﺮﻓﻪ ﺟﻴﺪًﺍ.
,"When being reprimanded for some error in manners I seemed to have made, the lecture always turned to whether I was fitting to be the successor to the Ushiromiya family or not.","When being reprimanded for some error in manners I seemed to have made, the discussion always turned to whether I was fitting to be the Successor or not. ","When being reprimanded for some error in manners I seemed to have made, the discussion always turned to whether I was fitting to be successor to the Ushiromiya family or not.",私が間違えたらしい何かのマナーについての叱責は、いつものように、右代宮家の次期当主として相応しいだの相応しくないだのという話になり。,[=JP],"Когда мне делали выговор за какую‐то допущенную в манерах оплошность, обсуждение всегда сводилось к тому, достойна ли я или нет быть наследницей семьи Уширомия.","Quando eu era reprimida por algum erro de conduta, os sermões eram sempre sobre se eu era capacitada para suceder a família Ushiromiya ou não.",关于我貌似有做错的礼仪问题的斥责，总是会变成大谈特谈，与右代宫家下任当主的身份相不相称。,關於我貌似有做錯的禮儀問題的斥責，總是會變成大談特談，與右代宮家下任當主的身份相不相稱。,"Quando venivo sgridata per un errore che avevo commesso, la discussione si spostava sempre sul mio essere in grado di essere erede della famiglia Ushiromiya oppure no.","Cuando era reprimida por algún error en mis modales que había cometido, la discusión siempre cambiaba para ver si era adecuada o no para ser la sucesora de la familia Ushiromiya.",ﻋﻨﺪﻣﺎ ﻛﻨﺖُ ﺃﻭﺑَّﺦ ﻋﻠﻰ ﺧﻄﺄٍ ﻓﻲ ﺍﻵﺩﺍﺏ ﺑﺪﺍ ﺃﻧﻨﻲ ﺍﺭﺗﻜﺒﺘﻪ، ﻛﺎﻥ ﺍﻟﺤﺪﻳﺚ ﻳﺘﺤﻮَّﻝ ﺩﻭﻣًﺎ ﺇﻟﻰ ﻣﺎ ﺇﺫﺍ ﻛﻨﺖُ ﻻﺋﻘﺔً ﻷﻛﻮﻥ ﺧﻠﻴﻔﺔ ﻋﺎﺋﻠﺔ ﺃﻭﺷﻴﺮﻭﻣﻴﺎ ﺃﻡ ﻻ.
,"......On and on about the honor of the Ushiromiya family, and how important it was.","...On and on about the honor of the Ushiromiya family, and how deep that was. ","......On and on about the honor of the Ushiromiya family, and how deep that was.",……右代宮家の名誉だの何だの、その重みがどうこうどうこう。,[=JP],И вот так постоянно о чести семьи Уширомия и насколько она важна.,"......Sobre a honra da família Ushiromiya, e o quão importante isso era.",……右代宫家的荣耀如何如何，其分量怎么怎么样。,……右代宮家的榮耀如何如何，其分量怎麼怎麼樣。,... Sempre sull'onore della famiglia Ushiromiya e di quanto fosse importante.,"... Una y otra vez sobre el honor de la familia Ushiromiya, y lo importante que era.", ﻭﻳﺴﺘﻤﺮُّ ﺍﻟﻜﻼﻡ ﻋﻦ ﺷﺮﻑ ﻋﺎﺋﻠﺔ ﺃﻭﺷﻴﺮﻭﻣﻴﺎ ﻭﻣﺪﻯ ﺃﻫﻤﻴﺘﻪ......
,"......By the time her rant reached that point, I would forget what mistake I was being blamed for in the first place.","...By the time the conversation reached that point, I'd forget what mistake I was being blamed for in the first place. ","......By the time conversation reached that point, I would forget what mistake I was being blamed for in the first place.",……そういう話にまで至るころには、そもそも私が、何の失敗をして咎められているのか、それすらもわからなくなってしまう。,[=JP],"......К тому времени, как разговор достигал этой точки, я уже успевала забыть, за какую ошибку меня отчитывали.","......Quando a conversa chegava nesse ponto, eu já havia esquecido por qual erro eu estava sendo culpada.",……一听她说起这些，我就会连自己到底是因犯了什么错而受斥责的都搞不懂了。,……一聽她說起這些，我就會連自己到底是因犯了什麼錯而受斥責的都搞不懂了。,"... Quando la conversazione raggiungeva quel punto, avrei dimenticato per cosa mi stavano sgridando all'inizio.","... Para el momento en el que la conversación alcanzaba ese punto, ya me olvidaba del error que había cometido en primer lugar.",ﻋﻨﺪﻣﺎ ﻳﺒﻠﻎ ﺧﻄﺎﺑﻬﺎ ﺍﻟﻐﺎﺿﺐ ﺗﻠﻚ ﺍﻟﻨﻘﻄﺔ، ﻛﻨﺖُ ﺃﻧﺴﻰ ﻣﺎ ﺍﻟﺨﻄﺄ ﺍﻟﺬﻱ ﻛﻨﺖُ ﺃُﻻﻡ ﻋﻠﻴﻪ ﺃﺻﻼً.
,"No, actually, it was the same way for Aunt Eva too.","No, in fact, it was the same for Aunt Eva. ","No, actually, it was the same way for Eva oba-san too.",いや、実際、絵羽伯母さんもそうだった。,[=JP],"Более того, то же самое происходило и с тётей Евой.","Não, na verdade, era o mesmo com a tia Eva.",实际上，绘羽姑母自己也是如此。,實際上，繪羽姑母自己也是如此。,"No, in realtà era lo stesso anche per Eva oba-san.","No, en realidad, era igual para la tía Eva.",ﻻ، ﻓﻲ ﺍﻟﻮﺍﻗﻊ، ﻛﺎﻧﺖ ﻃﺮﻳﻘﺔ ﺍﻟﻌﻤَّﺔ ﺇﻳﻔﺎ ﻣﻤﺎﺛﻠﺔً ﺗﻤﺎﻣًﺎ.
,"After all, sometimes she would ask herself ""Umm, what was I saying again?""","After all, sometimes she'd ask herself ""Umm, what was it again?"" ","After all, sometimes she would ask herself ""Umm, what was it again?""",だって時折、「えぇと、それで何だったっけ？」と、自問していたから。,[=JP],"Потому что иногда она спрашивала себя: ""М‐м‐м, так о чём шла речь?""","Muitas vezes ela se perguntava ""Então, o que eu estava dizendo mesmo?""",因为，时常能听到她自问「那个，是什么事来着？」。,因為，時常能聽到她自問「那個，是什麼事來著？」。,"Dopotutto, a volte, lei stessa si chiedeva “Umm, di cosa parlavamo?”","Después de todo, ella a veces se preguntaba a sí misma ""¿Umm, qué era al final?"""," ﻓﻔﻲ ﺍﻟﻨﻬﺎﻳﺔ، ﻛﺎﻧﺖ ﺗﺴﺄﻝ ﻧﻔﺴﻬﺎ ﺃﺣﻴﺎﻧًﺎ""ﻣﺎﺫﺍ ﻛﻨﺖُ ﺃﻗﻮﻝ ﻣُﺠﺪﺩﺍً؟"""
,"...But in the end, she wouldn't be able to remember, and would say something like:","...But in the end, she wouldn't be able to remember, and would say something like... ",[=UP],…でも結局、それは思いだせず、,[=JP],"Но в итоге у неё так и не получалось вспомнить, и она говорила что‐нибудь вроде:","...Mas no fim, ela não era capaz de lembrar, e dizia algo como:",…不过结果，她并没有想起来，而是转而用起像，,…不過結果，她並沒有想起來，而是轉而用起像，,"... Ma alla fine, non essendo in grado di ricordarselo, direbbe qualcosa del genere:","... Pero al final, ella no lo podía recordar, y decía algo como:",...ﻭﻟﻜﻦ ﻓﻲ ﺍﻟﻨﻬﺎﻳﺔ، ﻟﻢ ﺗﻜﻦ ﺗﺘﺬﻛﺮ، ﻭﻛﺎﻧﺖ ﺗﻘﻮﻝ ﺷﻴﺌًﺎ ﻣﺜﻞ:
Ushiromiya Eva,"""The fact that I'm angry must mean that you did something wrong. So whatever wrong thing you did is the problem, and it isn't important that I can't remember what it was any more.""","""If I'm angry, it must be your fault, Ange. The fact that you're at fault is what matters, so who cares if I can't remember what it was you did."" ","""The reason I am angry must be because you did something wrong, Ange.  So whatever wrong thing you did is the problem, and being unable to remember what it was now isn't the problem.""",「私が怒っているということは、きっと縁寿が何か悪いことをしたのだろう。なら、その悪いことが問題なのであって、何をしたかなんて、今さら思い出せなくても問題ない。」,「私が怒っているということは、きっと縁寿が何か悪いことをしたのだろう。なら、その悪いことが問題なのであって、何をしたかなんて、今さら思い出せなくても問題ない」,"""Ты, должно быть, сделала что‐то не так, Энджи, потому я и сержусь. Так что главным является твой проступок, а что он собой представляет, значения не имеет.""","""O fato de eu estar zangada deve ser porque você fez algo de errado. Então, seja o que for que você tenha feito, esse é o problema, por isso, não importa se eu não consiga me lembrar o que era.""",「我在发火就代表着，一定是缘寿做了什么不对的事。那么，问题就在于缘寿做了错事，至于做了什么，就算现在想不起来，也没问题。」,「我在發火就代表著，一定是緣壽做了什麼不對的事。那麼，問題就在於緣壽做了錯事，至於做了什麼，就算現在想不起來，也沒問題。」,"""La ragione per cui sono arrabbiata deve essere perché hai fatto qualcosa di sbagliato, Ange. Quindi il problema è cosa tu abbia fatto di sbagliato, e non il fatto che non te lo ricordi.""","""La razón por la que estoy enojada es porque seguro hiciste algo malo, Ange. Así que cualquier cosa mala que hayas hecho es el problema, y el no recordar lo que era no es importante.""","""ﻃﺎﻟﻤﺎ ﺃﻧﻨﻲ ﻏﺎﺿﺒﺔ، ﻓﻼ ﺑﺪ ﺃﻧﻚِ ﻓﻌﻠﺖِ ﻣﺎ ﺗﻼﻣﻴﻦ ﻋﻠﻴﻪ. ﻟﺬﺍ ﻓﺎﻟﺸﻲﺀ ﺍﻟﺬﻱ ﺗُﻼﻣﻴﻦ ﻋﻠﻴﻪ ﻫﻮ ﺍﻟﻤﺸﻜﻠﺔ، ﻭﻻ ﻳﻬﻢ ﺇﻥ ﺗﺬﻛﺮﺗﻪ ﺃﻡ ﻻ."""
,"...There'd be some ridiculous reasoning like that, and then she would continue punishing me.","...There'd be some ridiculous reasoning like that, and then she'd keep on punishing me. ",[=UP],…みたいなすごい理論になって、私への罰は続けられたから。,[=JP],"И следуя такой извращённой логике, она продолжала наказывать меня.","...Tinha alguns raciocínios ridículos como esse, e ela continuava a me punir.",…的无敌理论，继续责罚我。,…的無敵理論，繼續責罰我。,"... Ci sarebbe stato un ragionamento ridicolo del genere, e poi avrebbe continuato a sgridarmi.","... Siempre había un razonamiento ridículo como ese, y luego ella continuaría castigándome.",ﻛﺎﻧﺖ ﺗﻌﺎﻗﺒﻨﻲ ﺑﻨﺎﺀً ﻋﻠﻰ ﻧﻈﺮﻳﺘﻬﺎ ﺍﻟﻤﺬﻫﻠﺔ ﻫﺬﻩ.
,"Yes. Aunt Eva's punishments weren't something that would continue until I learned something, or acknowledged my mistake, or apologized.","Yes. Aunt Eva's punishment wasn't something that would continue until I learned something, or acknowledged my mistake, or apologized. ","Yes.  Eva oba-san's punishment wasn't something that would continue until I learned something, or acknowledged my mistake, or apologized.",そう。絵羽伯母さんの罰は、私が何かを学ぶか、誤りを認めるか、謝罪するかまで続けられるのではない。,[=JP],"Да. Наказания тёти Евы продолжались не до тех пор, пока я что‐нибудь уясню, признаю свою ошибку и извинюсь...","Sim. As punições da tia Eva não eram algo que continuavam até que eu aprendesse, reconhecesse meu erro, ou pedisse desculpas.",对。绘羽姑母的责罚，并不是要罚到我学到什么呀，承认错误呀，赔礼道歉呀。,對。繪羽姑母的責罰，並不是要罰到我學到什麼呀，承認錯誤呀，賠禮道歉呀。,"Sì. Le punizioni di Eva oba-san non erano un qualcosa che si sarebbero fermate dopo che io avessi imparato qualcosa, riconosciuto il mio sbaglio, o mi fossi scusata.","Sí. El castigo de la tía Eva no era algo que solía continuar hasta que aprendiera algo, o reconociera mi error, o me disculpara.", ﺃﺟﻞ. ﻟﻢ ﺗﻜﻦ ﻋﻘﻮﺑﺎﺕ ﺍﻟﻌﻤَّﺔ ﺇﻳﻔﺎ ﺗﺴﺘﻤﺮُّ ﺇﻟﻰ ﺃﻥ ﺃﺗﻌﻠﻢ ﺷﻴﺌًﺎ، ﺃﻭ ﺃﻋﺘﺮﻑ ﺑﺨﻄﺌﻲ، ﺃﻭ ﺃﻋﺘﺬﺭ.
,".........They would continue until Aunt Eva wanted to stop.{n}So even this violence was a bit nostalgic, in a way that made me want to vomit.","......It would continue until Aunt Eva wanted to stop. So this violence was a bit nostalgic, in a way that made me want to vomit. ",".........It would continue until Eva oba-san wanted to stop.So this violence was a bit nostalgic, in a way that made me want to vomit.",………絵羽伯母さんが、止めたいと思うまで続くのだ。だから、こんな暴力だって、反吐が出る意味で、懐かしい。,………絵羽伯母さんが、止めたいと思うまで続くのだ。{n}だから、こんな暴力だって、反吐が出る意味で、懐かしい。,"А до тех пор, пока она сама не захочет остановиться.{n}Поэтому творимое надо мной насилие вызвало во мне лёгкую ностальгию, от чего мне тотчас стало тошно.",".........Elas iriam continuar até ela decidir parar.{n}Mesmo essa violência era um pouco nostálgica, de uma forma que fazia eu querer vomitar.",………而是要罚到绘羽姑母自己想罢休。{n}所以，对这种暴力，我以反胃的意义感到怀念。,………而是要罰到繪羽姑母自己想罷休。{n}所以，對這種暴力，我以反胃的意義感到懷念。,"... Sarebbero continuate finché Eva oba-san non si fosse fermata. Quindi questa violenza mi portava un po' di nostalgia, quasi da farmi vomitare.","... Continuaba hasta que la tía Eva quisiera detenerse.{n}Así que esta violencia era un poco nostálgica, en una manera que me daba ganas de vomitar.", ﺑﻞ ﻛﺎﻧﺖ ﺗﺴﺘﻤﺮُّ ﺇﻟﻰ ﺃﻥ ﺗﺮﻳﺪ ﺍﻟﻌﻤَّﺔ ﺇﻳﻔﺎ ﺍﻟﺘﻮﻗُّﻒ.........{n}ﻟﺬﺍ ﻛﻨﺖُ ﺁﻟﻒ ﻫﺬﺍ ﺍﻟﻌﻨﻒ ﺑﻄﺮﻳﻘﺔٍ ﺗﺠﻌﻠﻨﻲ ﺃﺭﻳﺪ ﺍﻟﺘﻘﻴﺆ.
,"......I opened my eyes, ......and oh look, there's Aunt Eva.","...I opened my eyes...and look, there's Aunt Eva. ","......I open my eyes, ......and look, there's Eva oba-san.",……目を開ければ、……ほら、そこに絵羽伯母さんがいる。,[=JP],"Я открыла глаза и... Гляньте‐ка, вот же тётя Ева.","......Eu abri meus olhos, ......e, oh, veja, lá está a tia Eva.",……睁开眼睛时，……瞧，绘羽姑母就在那。,……睜開眼睛時，……瞧，繪羽姑母就在那。,"... Apro i miei occhi... e guarda, c'è Eva oba-san.","... Abrí los ojos... y oh mira, ahí está la tía Eva.",ﻓﺘﺤﺖُ ﻋﻴﻨﻲ، ......ﻭﻳﺎ ﻟﻠﻤﻔﺎﺟﺄﺓ، ﻫﺎ ﻫﻲ ﺍﻟﻌﻤَّﺔ ﺇﻳﻔﺎ......
,"Right next to Kasumi, who was smoking her cigarette, I could see Aunt Eva, the two of them looking almost as though they were laughing at me together.","Right next to Kasumi, who's smoking a cigarette, I can see Aunt Eva, almost as though the two of them are laughing together. ","Right next to Kasumi, who's smoking a cigarette, I can see Eva oba-san, almost as though the two of them are laughing together.",煙草を吸いながら、私を嘲笑う霞のすぐ隣に、まるで一緒に笑っているかのように、絵羽伯母さんの姿が見えた。,[=JP],"Прямо рядом с Касуми, курящей сигарету. Они даже словно почти смеются в унисон.","Bem ao lado da Kasumi, que estava fumando seu cigarro, eu podia ver a tia Eva, as duas pareciam estar rindo de mim, juntas.",我看到了，在边抽烟，边嘲笑我的霞身边的，简直就像是在跟她一起大笑的，绘羽姑母。,我看到了，在邊抽煙，邊嘲笑我的霞身邊的，簡直就像是在跟她一起大笑的，繪羽姑母。,"Proprio al fianco di Kasumi, che sta fumando una sigaretta, posso vedere Eva oba-san, come se entrambe stessero ridendo insieme.","Justo a un lado de Kasumi, quien está fumando un cigarro, puedo ver a la tía Eva, casi como si las dos se estuvieran riendo juntas.",ﺑﺠﺎﻧﺐ ﻛﺎﺳﻮﻣﻲ، ﺍﻟﺘﻲ ﻛﺎﻧﺖ ﺗﺪﺧِّﻦ ﺳﻴﺠﺎﺭﺗﻬﺎ، ﺍﺳﺘﻄﻌﺖُ ﺭﺅﻳﺔ ﺍﻟﻌﻤَّﺔ ﺇﻳﻔﺎ، ﻭﻛﻠﺘﺎﻫﻤﺎ ﺗﺒﺪﻭﺍﻥ ﻭﻛﺄﻧَّﻬﻤﺎ ﺗﻀﺤﻜﺎﻥ ﻋﻠﻲَّ ﻣﻌًﺎ.
,"When I think about it, even Aunt Eva's life might be worthy of sympathy.","When I think about it, even Aunt Eva's life might be a thing worthy of my sympathy. ","When I think about it, even Eva oba-san's life might be a thing worthy of my sympathy.",思えば、絵羽伯母さんの人生も、同情に値するものなのかもしれない。,[=JP],"Если задуматься, даже жизнь тёти Евы заслуживает толику моего сочувствия.","Quando eu penso sobre isso, até mesmo a vida da tia Eva poderia ser digna de simpatia.",想来，绘羽姑母的人生，或许也值得同情吧。,想來，繪羽姑母的人生，或許也值得同情吧。,"Quando ci penso, anche la vita di Eva oba-san potrebbe essere degna della mia pietà.","Cuando pienso sobre ello, puede que hasta la vida de la tía Eva me dé algo de simpatía.",ﻋﻨﺪﻣﺎ ﺍﺳﺘﺬﻛﺮ ﺍﻷﻣﺮ، ﺃﻧﺎ ﻭﺍﺛﻘﺔٌ ﻣﻦ ﺃﻥ ﻋﻤﺘﻲ ﺇﻳﻔﺎ ﻧﻔﺴﻬﺎ ﻋﺎﻧﺖ ﻓﻲ ﻣﺎﺿﻴﻬﺎ.
,"......The responsibilities and pressures of members of the Ushiromiya family, which she had so often mentioned to me, were all things that she herself had suffered.","...The responsibility and pressure of being a member of the Ushiromiya family, which she often mentioned to me, had probably caused her great pain. ","......The responsibility and pressure as a member of the Ushiromiya family, which she had often mentioned to me, had probably caused her great pain.",……あいつが私に口にしてきた、右代宮家の人間としての責任や重圧は、全て自らが苦しんできたことなのだ。,[=JP],"Ответственность и давление, с которыми приходилось иметь дело члену семьи Уширомия, и о которых она мне часто напоминала, наверняка доставляли ей сильную боль.","......As responsabilidades e pressão dos membros da família Ushiromiya, que ela também havia mencionado para mim, eram todas coisas que ela mesma havia sofrido.",……她老跟我讲的，身为右代宫家一员的责任与重压，全都是她自己吃过的苦头。,……她老跟我講的，身為右代宮家一員的責任與重壓，全都是她自己吃過的苦頭。,"... La responsabilità e la pressione come membro della famiglia Ushiromiya, che mi ha spesso menzionato, le hanno probabilmente causato un gran dolore.","... La responsabilidad y presión como miembro de la familia Ushiromiya, lo cual ella me ha mencionado muy a menudo, probablemente le ha causado gran dolor.",ﻓﺎﻟﻤﺴﺆﻭﻟﻴﺎﺕ ﻭﺍﻟﻀُّﻐﻮﻁ ﺍﻟﻤﻠﻘﺎﺓ ﻋﻠﻰ ﺃﻓﺮﺍﺩ ﻋﺎﺋﻠﺔ ﺃﻭﺷﻴﺮﻭﻣﻴﺎ، ﺍﻟﺘﻲ ﻟﻄﺎﻟﻤﺎ ﺫﻛﺮﺗﻬﺎ ﻟﻲ، ﻛﺎﻧﺖ ﻛﻠُّﻬﺎ ﺃﻣﻮﺭًﺍ ﻋﺎﻧﺖ ﻣﻨﻬﺎ ﺫﺍﺗﻬﺎ.
,Because people cannot voice insults that they have never been subjected to themselves......,"After all, people can't make insults that they've never been the targets of themselves... ",Because people cannot voice insults that they have never been hit with themselves......,人は、自らに浴びせられた悪口しか、口に出来ないのだから……。,[=JP],"Потому что люди не могут озвучить оскорбления, которым не подвергались сами...",Porque as pessoas não são capazes de reproduzir insultos que elas mesmas nunca sofreram......,毕竟，人只会说出自己遭受过的恶言……。,畢竟，人只會說出自己遭受過的惡言……。,Perché le persone non possono lanciare insulti con cui non sono mai stati colpiti...,Ya que la gente no puede usar insultos que jamás les han dicho a ellos mismos..., ......ﻓﺎﻹﻧﺴﺎﻥ ﻻ ﻳﺴﺘﻄﻴﻊ ﺃﻥ ﻳﻨﻄﻖ ﺑﺈﻫﺎﻧﺔٍ ﺇﻻ ﺇﺫﺍ ﺗﻌﺮﺽ ﻟﻬﺎ.
,"It was probably the same way for Aunt Rosa as well.{n}......As the youngest child of the glorious Ushiromiya family, she must have gone through many tough times.","It was probably the same for Aunt Rosa as well. ...As the youngest child of the honorable Ushiromiya family, she must've gone through many tough times. ","It was probably the same way for Rosa oba-san as well.......As the youngest child of the honorable Ushiromiya family, she must have gone through many tough times.",それは多分、楼座叔母さんも同じだったろう。……栄光ある右代宮家の末っ子として、色々と辛い目にあってきたに違いない。,それは多分、楼座叔母さんも同じだったろう。{n}……栄光ある右代宮家の末っ子として、色々と辛い目にあってきたに違いない。,"Точно так же, наверное, было и с тётей Розой.{n}Как самому младшему отпрыску достославной семьи Уширомия, ей наверняка пришлось хлебнуть горя.","Provavelmente o mesmo valia para a tia Rosa.{n}......Como filha mais nova da gloriosa família Ushiromiya, ela deve ter passado por muitas coisas difíceis.",多半，楼座姑母也一样吧。{n}……身为荣光显赫的右代宫家的小女儿，她无疑受了不少罪。,多半，樓座姑母也一樣吧。{n}……身為榮光顯赫的右代宮家的小女兒，她無疑受了不少罪。,"Probabilmente è stato lo stesso anche per Rosa oba-san. ... Come figlia più giovane dell'onorevole famiglia Ushiromiya, deve essere stata dura.","Probablemente era igual para la tía Rosa.{n}... Como la hija más joven de la honorable familia Ushiromiya, ella debió haber pasado por muchos momentos difíciles.", ﻭﻣﻦ ﺍﻟﻤﺤﺘﻤﻞ ﺃﻥَّ ﺍﻟﺤﺎﻝ ﻛﺎﻧﺖ ﻣﺸﺎﺑﻬﺔً ﻟﻠﻌﻤَّﺔ ﺭﻭﺯﺍ ﺃﻳﻀًﺎ.{n}ﻻ ﺑﺪَّ ﺃﻧَّﻬﺎ ﻣﺮﺕ ﺑﺄﻭﻗﺎﺕٍ ﺻﻌﺒﺔٍ ﻛﺜﻴﺮﺓٍ ﻛﻮﻧﻬﺎ ﺃﺻﻐﺮ ﺃﻃﻔﺎﻝ ﻋﺎﺋﻠﺔ ﺃﻭﺷﻴﺮﻭﻣﻴﺎ ﺍﻟﻤﺠﻴﺪﺓ......
,"So, just as Aunt Eva acted towards me...{n}And just as Sumadera Kasumi is acting right now...{n}......Aunt Rosa must also...have been the same.","So, it was just like what Aunt Eva did to me... Just like what Sumadera Kasumi is doing now... ...Aunt Rosa...must have been the same. ","So, in the same way that Eva oba-san acted towards me...And the same way that Sumadera Kasumi is acting right now.........Rosa oba-san must also, ...have been the same.",だから、絵羽伯母さんが私に対してそうであったように。そしてまさに今、須磨寺霞がそうであるように。……楼座叔母さんもまた、…そうであったに違いない。,だから、絵羽伯母さんが私に対してそうであったように。{n}そしてまさに今、須磨寺霞がそうであるように。{n}……楼座叔母さんもまた、…そうであったに違いない。,"Поэтому точно так же, как тётя Ева вела себя по отношению ко мне...{n}И точно так же, как Сумадера Касуми ведёт себя сейчас...{n}Тётя Роза наверняка... была такой же.","Então, assim como a tia Eva agia diante de mim...{n}E assim como Sumadera Kasumi está agindo agora...{n}......A tia Rosa também...deve ter sido o mesmo.",所以，就像绘羽姑母对我做的那样。{n}就像此刻的须磨寺霞正在做的那样。{n}……楼座姑母，…也无疑是一样的。,所以，就像繪羽姑母對我做的那樣。{n}就像此刻的須磨寺霞正在做的那樣。{n}……樓座姑母，…也無疑是一樣的。,"Quindi, come si comportava Eva oba-san... così si comporta ora Sumadera Kasumi... Anche Rosa oba-san... deve aver passato lo stesso.","Así que, tal y como la tía Eva actuaba conmigo...{n}Y de la misma manera en la que Sumadera Kasumi está actuando ahora mismo...{n}... Debió haber sido lo mismo para la tía Rosa.", ...ﻟﺬﺍ ﺗﻤﺎﻣًﺎ ﻛﻤﺎ ﺗﺼﺮﻓﺖ ﺍﻟﻌﻤَّﺔ ﺇﻳﻔﺎ ﺗﺠﺎﻫﻲ.{n}...ﻭﻛﻤﺎ ﺗﺘﺼﺮﻑ ﺳﻮﻣﺎﺩﻳﺮﺍ ﻛﺎﺳﻮﻣﻲ ﺍﻵﻥ. ﻻ ﺑﺪَّ ﺃﻥَّ ﺍﻟﻌﻤَّﺔ ﺭﻭﺯﺍ ﻛﺎﻧﺖ ﺃﻳﻀًﺎ...ﻛﺬﻟﻚ.
,"People push the suffering they have been made to bear onto other people.{n}Otherwise, they can never escape from it.","People tend to push the pain they're burdened with onto other people. Otherwise, they can never escape from that pain. ","People tend to push the pain they're burdened with onto other people.Otherwise, they can never escape from that pain.",人は、背負わされた苦しみを誰かに押し付ける。そうしなければ、いつまでもその苦しみから逃れられないのだ。,人は、背負わされた苦しみを誰かに押し付ける。{n}そうしなければ、いつまでもその苦しみから逃れられないのだ。,Люди склонны перекладывать тяжкую ношу своей боли на плечи других людей.{n}Иначе им не сбежать от этой боли.,"As pessoas jogam nos outros os sofrimentos que elas tiveram que suportar.{n}Caso contrário, elas nunca vão conseguir escapar deles.",人会将自己背负的苦难推给他人。{n}若不这么做，就永远都摆脱不了这份苦难。,人會將自己背負的苦難推給他人。{n}若不這麼做，就永遠都擺脫不了這份苦難。,"Le persone tendono a scaricare sugli altri il loro dolore. Altrimenti, non sarebbero mai in grado di sfuggirvi.","La gente tiende a pasarle el dolor que soporta a otras personas.{n}De otra manera, nunca pueden escapar de ese dolor.",ﻳﺮﻣﻲ ﺍﻟﻨﺎﺱ ﺑﺂﻻﻣﻬﻢ ﻋﻠﻰ ﺍﻵﺧﺮﻳﻦ.{n}ﻭﺇﻻ ﻟﻦ ﻳﻘﺪﺭﻭﺍ ﻋﻠﻰ ﺍﻟﻬﺮﻭﺏ ﻣﻨﻬﺎ ﺃﺑﺪًﺍ.
,"......So on and on, in eternity and perpetuity, the chain of suffering and sadness never ends.","...So on and on, in eternity and perpetuity, the chain of pain and sadness does not end. ","......So on and on, in eternity and perpetuity, their chains of pain and sadness do not end.",……そうして延々と、永久に永遠に、苦しみと悲しみの連鎖が、終わらない。,[=JP],"И поэтому вечно и непрерывно страдание передаётся от человека к человеку, становясь глубже, как море, отходящее от берегов, и эта порочная цепь всё никак не рвётся.","......E, por isso, eterna e perpetuamente, a corrente de sofrimento e tristeza nunca tem fim.",……就像这样，一环接一环，永久永远，苦难与悲伤的连锁永远不会终结。,……就像這樣，一環接一環，永久永遠，苦難與悲傷的連鎖永遠不會終結。,... Quindi per tutta l'eternità quella catena di tristezza e dolore non terminerà.,"... Y así, en una eternidad y perpetuidad, sus cadenas de dolor y tristeza no terminan.",...ﻭﻫﻜﺬﺍ ﺗﺴﺘﻤﺮ ﺳﻠﺴﻠﺔ ﺍﻵﻻﻡ ﺩﻭﻧﻤﺎ ﻧﻬﺎﻳﺔ.
,That is the reason............Maria onee‐chan's magic was......so incredible.,That is the reason............Maria onee‐chan's magic was... so incredible. ,"That is the reason, ............Maria onee-chan's magic is, ......so incredible.",　だからこそ、…………真里亞お姉ちゃんの魔法は、……すごかったのだ。,だからこそ、…………真里亞お姉ちゃんの魔法は、……すごかったのだ。,Вот почему магия Марии онее‐чан столь невероятна.,Esse é o motivo pelo qual............a magia da Maria onee‐chan era......tão incrível.,所以说，…………真里亚姐姐的魔法，……好厉害。,所以說，…………真里亞姐姐的魔法，……好厲害。,Questo è il motivo... per cui la magia di Maria Onee-chan... è così incredibile.,Esa es la razón... por la cual la magia de María onee-chan es... tan increíble., ...ﻭﻟﻬﺬﺍ ﺑﺎﻟﻀﺒﻂ ﻛﺎﻥ ﺳﺤﺮ ﺃﺧﺘﻲ... ﻣﺬﻫﻼً...
,"With her magic, ......she did not have to bear the suffering from Aunt Rosa.","With her magic, ...she didn't have to bear the pain caused by Aunt Rosa. ","With her magic, ......she did not have to bear the pain caused by Rosa oba-san.",彼女はその魔法で、……楼座叔母さんからの苦しみを、背負わなかった。,[=JP],"Благодаря своей магии ей не приходилось нести не себе бремя боли, причиняемой тётей Розой.","Com a magia dela, ......ela não precisava suportar o sofrimento que vinha da tia Rosa.",她通过这个魔法，……没有背上楼座姑母带给她的苦难。,她通過這個魔法，……沒有背上樓座姑母帶給她的苦難。,Con la sua magia... non ha dovuto sopportare il dolore causato da Rosa oba-san.,Con su magia... ella no tenía que llevar el dolor causado por la tía Rosa., ﺑﻔﻀﻞ ﺳﺤﺮﻫﺎ، ......ﻟﻢ ﻳﻜﻦ ﻋﻠﻴﻬﺎ ﺃﻥ ﺗﺘﺤﻤَّﻞ ﺍﻟﻤﻌﺎﻧﺎﺓ ﺍﻟﻘﺎﺩﻣﺔ ﻣﻦ ﺍﻟﻌﻤَّﺔ ﺭﻭﺯﺍ.
,That pain was probably pushed onto her.{n}Its weight probably tormented her.,The pain probably was pushed onto her. Its weight probably tormented her. ,That pain was probably pushed onto her.Its weight probably tormented her.,押し付けられはしただろう。彼女をその重みで苦しめはしただろう。,押し付けられはしただろう。{n}彼女をその重みで苦しめはしただろう。,Ту боль наверняка взваливали на неё.{n}Тяжесть этой боли наверняка угнетала её.,A dor provavelmente era passada para ela.{n}Seu peso provavelmente a atormentava.,她曾被强加过苦难吧。{n}她是被这份沉重，压得很难受吧。,她曾被強加過苦難吧。{n}她是被這份沉重，壓得很難受吧。,Quel dolore probabilmente è stato scaricato su di lei. Era sicuramente schiacciata dal suo peso.,Ese dolor probablemente le fue forzado a ella.{n}Su peso probablemente la atormentaba., ﻣﻦ ﺍﻟﻤﺮﺟﺢ ﺃﻥَّ ﺫﻟﻚ ﺍﻷﻟﻢ ﺩُﻓﻊ ﺇﻟﻴﻬﺎ.{n}ﺛﻘﻠﻪ ﻏﺎﻟﺒًﺎ ﻣﺎ ﻋﺬَّﺑﻬﺎ.
,......But Onee‐chan did not carry that burden on her own shoulders.,...But Onee-chan didn't carry that burden on her own shoulders. ,......But Onee-chan did not carry that burden on her own shoulders.,……でも、お姉ちゃんはそれを自らの肩には背負わなかった。,[=JP],Но она не несла это бремя на своих плечах.,.....Mas a onee‐chan não carregava esse peso em seus ombros.,……但是，姐姐没有将此背到自己的肩上。,……但是，姐姐沒有將此背到自己的肩上。,... Ma Onee-chan non reggeva quel fardello sulle sue spalle.,... Pero Onee-chan no llevó el peso sobre sus hombros., ﻭﻟﻜﻦ ﺃﺧﺘﻲ ﻟﻢ ﺗﺤﻤﻞ ﺫﻟﻚ ﺍﻟﻌﺐﺀ ﻋﻠﻰ ﻛﺘﻔﻴﻬﺎ......
,.........She exorcised it...and filled her world with happiness.,......She purified it...and filled her world with happiness. ,.........She purified it...and filled her world with happiness.,………それを綺麗に祓い、世界を幸せで満たした。,[=JP],Она очистила ту боль и наполнила свой мир счастьем.,.........Ela o exorcizava...e preenchia seu mundo com felicidade.,………而是将此全部拔除，以幸福注满了世界。,………而是將此全部拔除，以幸福注滿了世界。,... Lo aveva purificato... riempiendo il suo mondo di felicità.,... Ella lo purificó... y llenó su mundo de felicidad., ﻃﺮﺩﺗﻪ...ﻭﻣﻸﺕ ﻋﺎﻟﻤﻬﺎ ﺑﺎﻟﺴَّﻌﺎﺩﺓ.........
,"So, I'm sure......that even if Maria onee‐chan had had children in the future...",So I'm sure... ...If Maria onee-chan had had children in the future... ,"So, for sure.........Even if Maria onee-chan had had children in the future...",だからきっと。……真里亞お姉ちゃんが将来、子どもを持っても。,[=JP],"Поэтому, вне всяких сомнений...Если бы в будущем у Марии онее‐чан появились дети...","Por isso, eu tenho certeza que......mesmo que no futuro em que a Maria onee‐chan tivesse um filho...",所以。……就算真里亚姐姐在将来有了孩子。,所以。……就算真里亞姐姐在將來有了孩子。,"Quindi, di sicuro... anche se Maria Onee-chan avesse avuto bambini in futuro...","Entonces, de seguro... Incluso si María onee-chan hubiese tenido hijos en el futuro...", ...ﻟﺬﺍ ﺃﻧﺎ ﻣﺘﺄﻛﺪﺓٌ  ...ﺃﻧَّﻪ ﺣﺘﻰ ﻟﻮ ﺃﻧﺠﺒﺖ ﺃﺧﺘﻲ ﻣﺎﺭﻳﺎ ﺃﻃﻔﺎﻻً ﻓﻲ ﺍﻟﻤﺴﺘﻘﺒﻞ...
,...she would never have pushed the suffering forced down through the generations onto them.,She probably wouldn't have pushed the pain that had been forced on her onto her children. ,She probably wouldn't have pushed the pain that had been forced on her onto her children.,その子どもに代々押し付けられてきた苦しみを押し付けることはないだろう。,[=JP],"Она бы ни за что не взвалила на их плечи ту боль, которую когда‐то взвалили на неё.",...ela nunca iria jogar esse sofrimento forçado nas gerações seguintes.,她也一定不会将这一代代硬推下来的苦难，强加到她孩子的头上吧。,她也一定不會將這一代代硬推下來的苦難，強加到她孩子的頭上吧。,Non avrebbe scaricato su di loro la sofferenza che era stata a sua volta scaricata su di lei.,... Ella nunca habría descargado sobre ellos el sufrimiento impuesto a través de las generaciones., ﻟﻤﺎ ﺩﻓﻌﺖ ﺃﺑﺪًﺍ ﺍﻟﻤﻌﺎﻧﺎﺓ ﺍﻟﻤﻔﺮﻭﺿﺔ ﻋﺒﺮ ﺍﻷﺟﻴﺎﻝ ﻋﻠﻴﻬﻢ...
,"......The chain of suffering and sadness, which had been inherited by and forced upon each generation for who knows how long, .........was, by Maria onee‐chan's magic, broken.","...That chain of pain and sadness that stretched back for who knows how long, which she couldn't understand and which she had inherited, which had been forced onto her... ......Maria onee-chan cut it with her magic. ","......Those chains of pain and sadness that stretched for who knows how long, which she didn't understand and which she had inherited, had been forced onto her............Maria onee-chan cut those chains with her magic.",……一体、どれほどの長きにわたって受け継がれ、押し付けられてきたかわからない苦しみと悲しみの連鎖を、………真里亞お姉ちゃんの魔法は、断ち切ったのだ。,[=JP],"Эта порочная цепь из боли и горя была такой длинной, что казалось, будто у неё нет начала и не видать ей конца. И Мария онее‐чан не понимала её и была вынуждена унаследовать её против своей воли. Однако своей магией она... смогла разорвать эту цепь.","......A corrente de sofrimento e tristeza, que havia sido herdada e forçada sobre gerações por sabe se lá quantos anos, .........foi quebrada pela magia da Maria onee‐chan.",……真里亚姐姐的魔法，斩断了，不知究竟传承了、推来推去了多久多久的，………苦难与悲伤的连锁。,……真里亞姐姐的魔法，斬斷了，不知究竟傳承了、推來推去了多久多久的，………苦難與悲傷的連鎖。,"... Quelle catene di dolore e tristezza che si erano estese per così tanto tempo, che lei non capiva e che eppure aveva ereditato, che erano state affidate a lei... Maria Onee-chan le aveva spezzate con la sua magia.","... Esas cadenas de dolor y sufrimiento... que habían sido heredadas e impuestas a cada generación durante quién sabe cuánto tiempo... fue rota, por la magia de María onee-chan.",ﻓﺴﻠﺴﻠﺔ ﺍﻟﻤﻌﺎﻧﺎﺓ ﻭﺍﻟﺤﺰﻥ...... ﺍﻟﺘﻲ ﺗﻮﺭﺛﺘﻬﺎ ﻭﻓُﺮﺿﺖ ﻋﻠﻰ ﻛﻞِّ ﺟﻴﻞٍ ﻟﻤﺪﺓٍ ﻻ ﻳﻌﻠﻤﻬﺎ ﺃﺣﺪ،...ﻗُﻄِﻌﺖ ﺑﻔﻀﻞ ﺳﺤﺮ ﺃﺧﺘﻲ.
Ushiromiya Eva,"""............What is it? Do you have something to complain to me about?""","""......Whaaat's wrong? Got a bone to pick with me?"" ","""............Whaat is it?  Do you have something to complain to me about?""",「…………なぁに？　私に何か文句でもあるのぅ？」,[=JP],"""......Что такое? Ты чем‐то недовольна?""","""............O que foi? Tem alguma coisa para reclamar comigo?""",「…………怎么？你对我是有什么意见吗？」,「…………怎麼？你對我是有什麼意見嗎？」,"""... Cosa sarebbe questo? Hai qualcosa di cui lamentarti con me?""","""... ¿Qué pasa? ¿Tienes alguna queja?""","""ﻣﺎ ﺍﻷﻣﺮ.........؟ ﺃﻟﺪﻳﻚِ ﺷﻲﺀٌ ﺗﺸﺘﻜﻴﻦ ﻣﻨﻪ ﻟﻲ؟"""
,"In the past, I would have snapped back.{n}......And cancelled out her hatred with hatred of my own.","In the past, I would have snapped back. ...I would've met her hatred with hatred, so that they'd cancel each other out. ","In the past, I would have snapped back.......And I've been counterbalancing her, responding to her hatred with my own hatred.",かつての私なら、その売り言葉に買い言葉を返した。……そして彼女の憎しみに対し、私も憎しみをぶつけて相殺してきた。,かつての私なら、その売り言葉に買い言葉を返した。{n}……そして彼女の憎しみに対し、私も憎しみをぶつけて相殺してきた。,"В прошлом я бы сорвалась в ответ.{n}И я уравновешивала её, отвечая на её ненависть своей собственной ненавистью.","No passado, eu teria retrucado essas palavras inflamatórias.{n}......E teria cancelado o ódio dela confrontando‐o com o meu.",若是以前的我，就会对这话以眼还眼，以牙还牙了。{n}……对于她的憎恨，我也同样还以憎恨地与其相抵消。,若是以前的我，就會對這話以眼還眼，以牙還牙了。{n}……對於她的憎恨，我也同樣還以憎恨地與其相抵消。,"In passato, avrei ribattuto. ... E avrei bilanciato la situazione, rispondendo al suo odio col mio odio.","En el pasado, habría respondido bruscamente.{n}... Y habría anulado su odio con mi propio odio.", ﻓﻲ ﺍﻟﻤﺎﺿﻲ، ﻛﻨﺖُ ﺳﺄﺭﺩُّ ﻋﻠﻴﻬﺎ ﺑﺤﺪﺓ.{n}ﻭﻛﻨﺖ ﺳﺄﻭﺍﺟﻪ ﻛﺮﺍﻫﻴﺘﻬﺎ ﺑﻜﺮﺍﻫﻴﺔ ﻣﻨﻲ ﻷﻋﺎﺩﻟﻬﺎ......
,"...No, I cancelled out nothing. The weight of that which had been forced onto her bears down hard on my shoulders as well.","...No, nothing got cancelled out. The thing being forced on me ended up right there on my shoulders. ","...No, I wasn't counterbalancing her.I was being made to bear that which had been forced onto her on my shoulders as well.",…いや、相殺はしていない。しっかりと、私の肩にも、その押し付けられたものは背負わされている。,[=JP],"Нет, неверно, никакого уравновешивания не было и в помине. Мне пришлось нести на своих плечах ношу, которую когда‐то против её воли взвалили на неё.","...Não, eu não teria cancelado nada. O peso daquilo que foi forçado sobre ela acabou sendo direcionado também sobre os meus ombros.",…不，没有抵消。我的肩上也的的确确地，背上了她强加给我的东西。,…不，沒有抵消。我的肩上也的的確確地，背上了她強加給我的東西。,"... No, non avrei bilanciato nulla. Avrei solo preso sulle mie spalle ciò che era stato scaricato su di lei.","... No, no habría anulado nada. El peso de lo que se le imponía acabó recayendo también sobre mis hombros.", ﻻ، ﻟﻢ ﺃﻋﺎﺩﻟﻬﺎ. ﺛﻘﻞ ﻣﺎ ﻓُﺮﺽ ﻋﻠﻴﻬﺎ ﻳﻀﻐﻂ ﺑﺸﺪﺓٍ ﻋﻠﻰ ﻛﺘﻔﻲَّ ﺃﻳﻀًﺎ.
,"After all, even now, ......I hate her.","Just like how even now, ...I hate her. ","Just like how even now, ......I hate her.",未だにこうして、……彼女を憎んでいるように。,[=JP],Даже сейчас я... ненавижу её.,"Afinal, mesmo agora, ......eu odeio ela.",至今还如这般地，……恨着她。,至今還如這般地，……恨著她。,Ad esempio come in questo momento... la odi.,"Después de todo, incluso ahora... la odio.", ﻓﻔﻲ ﺍﻟﻨﻬﺎﻳﺔ، ﺣﺘﻰ ﺍﻵﻥ، ......ﺃﻛﺮﻫﻬﺎ.
,"So, ............now that I knew of magic, ......I looked at the human called Ushiromiya Eva again.","So, now that I... ...know of magic, ...I'll look at the human called Ushiromiya Eva again. ","So, now that I, ............know of magic, ......I'll look at the human called Ushiromiya Eva again.",だから、私は、…………魔法を知り、……右代宮絵羽という人間を、もう一度見る。,[=JP],"Но теперь, когда я знаю о магии, я взгляну на человека по имени Уширомия Ева ещё раз.","Por isso, ............agora que eu conheço a magia, ......eu olhei para a humana chamada Ushiromiya Eva mais uma vez.",所以，…………懂得了魔法的我，……得重新审视一遍，右代宫绘羽这个人。,所以，…………懂得了魔法的我，……得重新審視一遍，右代宮繪羽這個人。,"Quindi, ora che... conosco la magia... guarderò di nuovo l'umano chiamato Ushiromiya Eva.",Por eso... ahora que conozco la magia... Miré a la humana llamada Ushiromiya Eva una vez más.,ﻟﺬﺍ،...ﺑﻌﺪ ﺃﻥ ﻋﺮﻓﺖُ ﺍﻟﺴﺤﺮ ﺍﻵﻥ، ﻧﻈﺮﺕُ ﺇﻟﻰ ﺍﻟﺒﺸﺮﻳَّﺔ ﺍﻟﻤُﺴﻤَّﺎﺓ ﺃﻭﺷﻴﺮﻭﻣﻴﺎ ﺇﻳﻔﺎ ﻣُﺠﺪﺩًﺍ......
,".........What I could see through to......was the sad form of a human, no different from me, who had lost her family and who bore deep wounds in her heart.","......What I could see through to... ...was a sad human form, no different from me, who had lost her family and who bore deep wounds in her heart. ",".........What I could see through to, ......was a sad human form, no different from me, who had lost her family and who bore deep wounds in her heart.",………そこに透けて見えたのは、……私と何も変わらない、家族を失い、心に深い傷を負った悲しい人間の姿だった。,[=JP],"И глазам моим предстал... Отравленный печалью человек, ничем не отличающийся от меня, потерявший всю свою семью и мучимый глубокими ранами на своём сердце.",".........O que eu podia ver através......era a forma de um humano triste, não diferente de mim, que perdeu sua família e suportava profundas feridas em seu coração.",………透过其表面所看到的，……乃是一个与我没有任何不同的，失去了家人，遭受了深深心伤的可悲的人。,………透過其表面所看到的，……乃是一個與我沒有任何不同的，失去了家人，遭受了深深心傷的可悲的人。,"... Quello che ho potuto scorgere... era una triste figura umana, non diversa da me, che aveva perso la sua famiglia e che aveva una profonda cicatrice nel cuore.","... Lo que pude ver... era la triste forma de una humana, no diferente a mí, que había perdido a su familia y que llevaba profundas heridas en su corazón.",ﻭﻣﺎ ﺭﺃﻳﺘﻪ ﻣﻦ ﺧﻼﻟﻬﺎ، ﻇِﻞُّ ﺍﻣﺮﺃﺓٍ ﺣﺰﻳﻨﺔٍ ﻓﻘﺪﺕ ﺃﺳﺮﺗﻬﺎ ﻭﺗﺨﻠﻞ ﻗﻠﺒﻬﺎ ﻧﺪﻡٌ ﻋﻤﻴﻖ.
,"Unable to withstand the pain of that torn heart, she was doing nothing except howling with a sad voice—like a lion crying in pain—like a child.","Unable to withstand the pain of that torn heart, she was doing nothing more than howl sadly, like a lion crying in pain, ...like a child. ","Unable to withstand the pain of that torn heart, she was doing nothing more than howl with a sad voice, like a lion crying in pain...like a child.",その裂けた心の傷の痛みに耐えかね、まるで苦痛に泣く獅子のように、子どものように、悲しい声で吼え猛っているだけなのだ。,[=JP],"Будучи не в силах выносить боль разорванного сердца, всё, что она делала, так это выла грустным голосом, словно лев, голосящий от боли... как дитя.","Incapaz de aguentar a dor que dilacerava seu coração, ela não fez nada mais exceto rugir como uma entristecida voz — como um leão chorando de dor — como uma criança.",开着口子的心伤疼痛难忍，她也就只是在如因痛楚而哭泣的狮子、孩子般，以悲伤之声声嘶力竭地吼叫着。,開著口子的心傷疼痛難忍，她也就只是在如因痛楚而哭泣的獅子、孩子般，以悲傷之聲聲嘶力竭地吼叫著。,"Incapace di comprendere il dolore di quel cuore straziato, non faceva altro che urlare con voce triste, come un leone che urla di dolore... come un bambino.","Incapaz de soportar el dolor de ese corazón desgarrado, no hizo más que aullar con voz entristecida, como un león que llora de dolor.",ﻭﻷﻧَّﻬﺎ ﻟﻢ ﺗﺴﺘﻄﻊ ﺗﺤﻤُّﻞ ﻧﺪﻡ ﻗﻠﺒﻬﺎ ﺍﻟﻌﻤﻴﻖ،ﺃﺧﺬﺕ ﺗﺰﺃﺭ ﺑﻐﻀﺐ ﻛﻄﻔﻞ، ﻛﺄﺳﺪ ﻳﺒﻜﻲ ﻣﻦ ﺍﻷﻟﻢ، ﺑﺼﻮﺕ ﺣﺰﻳﻦ.
,......It turns out...Ushiromiya Eva was also a person deserving of compassion.,...Even Ushiromiya Eva was someone I should have felt compassion for. ,......Ushiromiya Eva is also a person I should feel compassion for.,……右代宮絵羽も、同情されるべき存在だったのだ。,[=JP],"Уширомия Ева — человек, к которому мне следует испытывать сострадание.",......Isso transformou...Ushiromiya Eva em uma pessoa digna de compaixão.,……右代宫绘羽，也是一个应该获得同情的存在。,……右代宮繪羽，也是一個應該獲得同情的存在。,... Anche Ushiromiya Eva è una persona che dovrei compatire.,... Resulta que... Ushiromiya Eva también era una persona merecedora de compasión.,ﺃﻭﺷﻴﺮﻭﻣﻴﺎ ﺇﻳﻔﺎ ﻛﺎﻧﺖ ﺃﻳﻀًﺎ ﻛﻴﺎﻧًﺎ ﺑﺎﺋﺴًﺎ ﻳﺴﺘﺤﻖ ﺃﻥ ﻳﺄﺑﺊ ﺍﻟﻨﺎﺱ ﺑﺄﻣﺮﻩ.
,"She had needed someone to understand the difficulties and pain of her childhood days, .........and she, too, as the only survivor of the Rokkenjima incident, who was faced with the inquisitive eyes of all of society, who was publicly slandered, who had salt continually rubbed into her wounds, ......had needed someone's compassion.","She needed someone to understand the difficulties and pain of her childhood years. ......Even she, who was the only survivor of the Rokkenjima crime, who was faced with the curiosity of all of society, who was publicly slandered and forced to have salt continually flung into the wound, had needed someone's compassion. ","She needed someone to understand the difficulties and pain of her childhood days, .........and even she who was the only survivor of the Rokkenjima crime, who was faced with the curiosity of all of society, who was publicly slandered and forced to have salt continually flung into the wound, had needed someone's compassion.",その辛く悲しい少女時代を誰かに理解され、………六軒島の事件をたった一人生き残り、世間の全てから好奇の目を向けられ、公然と中傷され、傷に塩を塗られ続けた彼女にも、……誰かの同情が必要だったのだ。,[=JP],"Ей нужен был кто‐то способный понять сложности и боль её детства, и даже она, единственная, кто пережил преступление на Роккенджиме, ставшая объектом любопытства всего общества, подвергавшаяся публичному злословию и постоянному посыпанию соли на раны, нуждалась в чьём‐то сострадании.","Ela precisava de alguém para entender suas dificuldades e dores de sua infância, .........assim como, também por ser a única sobrevivente do incidente de Rokkenjima, que enfrentou os inquisitivos olhares de toda a sociedade, que foi caluniada publicamente, que continuamente continuou a esfregar sal em suas feridas, ......ela precisava da compaixão de alguém.",其辛酸悲伤的少女时代需要某人的理解，………在六轩岛的事件中独自一人活了下来，被全社会的好奇目光所关注，被公然中伤，没完没了地被人往伤口撒盐的她，……也需要着他人的同情。,其辛酸悲傷的少女時代需要某人的理解，………在六軒島的事件中獨自一人活了下來，被全社會的好奇目光所關注，被公然中傷，沒完沒了地被人往傷口撒鹽的她，……也需要著他人的同情。,"Aveva bisogno di qualcuno che capisse le difficoltà e il dolore della sua adolescenza... e anche lei, l'unica sopravvissuta del massacro di Rokkenjima, a cui era rivolta l'attenzione di tutta la società, che continuava a girare il coltello nella piaga, avrebbe avuto bisogno della compassione di qualcuno.","Necesitaba a alguien que comprendiera las dificultades y el dolor de su infancia... Incluso ella, como única superviviente del incidente de Rokkenjima, como alguien que se enfrentó a los ojos inquisidores de toda la sociedad, alguien que fue calumniada públicamente, que le echaban sal continuamente a sus heridas... había necesitado la compasión de alguien.",ﻛﺎﻧﺖ ﺑﺤﺎﺟﺔ ﺇﻟﻰ ﺷﺨﺺ ﻳﺘﻔﻬﻢ ﻃﻔﻮﻟﺘﻬﺎ ﺍﻟﻘﺎﺳﻴﺔ ﻭﺍﻟﺤﺰﻳﻨﺔ،...ﻭﺑﻌﺪ ﺃﻥ ﻧﺠﺖ ﻭﺣﺪﻫﺎ ﻣﻦ ﺣﺎﺩﺛﺔ ﺭﻭﻛﻴﻨﺠﻴﻤﺎ، ﺗﺤﻤﻠﺖ ﻧﻈﺮﺍﺕ ﺍﻟﻔﻀﻮﻝ ﻣﻦ ﺍﻟﻌﺎﻟﻢ ﺑﺄﺳﺮﻩ، ﻭﺍﻟﺘﺸﻬﻴﺮ ﺍﻟﻌﻠﻨﻲ، ﻭﺭﺵّ ﺍﻟﻤﻠﺢ ﻋﻠﻰ ﺟﺮﺍﺣﻬﺎ ﺑﺎﺳﺘﻤﺮﺍﺭ، ﻛﺎﻧﺖ ﻓﻘﻂ ﺗﺤﺘﺎﺝ ﺷﺨﺼًﺎ ﻳُﺸﻔﻖ ﻋﻠﻴﻬﺎ.
,"In order to let her forget her pain and sorrow for least a moment, ............the black witch, the very same that possessed Aunt Rosa, ......taught her magic.","In order to let Eva forget her pain and sadness at least a little, ......the black witch...taught her magic, just like the times it had possessed Aunt Rosa. ","In order to let Eva forget her pain and sadness at least a little, ............the black witch, just like it had possessed Rosa oba-san, ......taught her magic.",その彼女の痛みと悲しみをわずかの間だけ忘れさせるために、…………楼座叔母さんに取り憑いたのと同じ、黒き魔女が、……魔法を教えたのだ。,[=JP],"Чтобы позволить Еве хоть немного забыть свою боль и печаль, чёрная ведьма, вроде той, которой была одержима тётя Роза, научила её магии.","A fim de esquecer sua dor e sofrimento por apenas um momento, ............a bruxa da escuridão, a mesma que possuiu a tia Rosa, ......ensinou a ela magia.",这个她为了能一时忘记痛与悲，…………而跟与附体在楼座姑母身上的相同的黑魔女，……学了魔法。,這個她為了能一時忘記痛與悲，…………而跟與附體在樓座姑母身上的相同的黑魔女，……學了魔法。,"Per far sì che Eva dimenticasse un po' il suo dolore e la sua tristezza... la strega nera, proprio come aveva posseduto con Rosa oba-san... le insegnò la sua magia.","Para olvidar su dolor y su pena por al menos por un momento, la bruja negra, la misma que poseyó a la tía Rosa... le enseñó magia.",ﻭﻟﻜﻲ ﺗُﻨﺴﻰ ﺫﻟﻚ ﺍﻷﻟﻢ ﻭﺍﻟﺤﺰﻥ ﻭﻟﻮ ﻟﻔﺘﺮﺓ ﻭﺟﻴﺰﺓ، ﺟﺎﺀﺕ ﺳﺎﺣﺮﺓ ﺳﻮﺩﺍﺀ، ﻛﺘﻠﻚ ﺍﻟﺘﻲ ﺗﻠﺒﺴﺖ ﺍﻟﻌﻤﺔ ﺭﻭﺯﺍ، …ﻭﻋﻠّﻤﺘﻬﺎ ﺍﻟﺴﺤﺮ.
,"It was the same magic of anger and sadness that {f:5:Beatrice} had taught Maria onee‐chan, when she was mourning for Sakutarou after he was torn apart.","It was the same magic of anger and sadness... that {f:5:Beatrice} had taught Maria onee-chan when she was mourning for her torn-apart friend, Sakutarou. ","It was the same magic of anger and sadness...that Beatrice had taught Maria onee-chan when she was mourning for her torn-apart friend, Sakutarou.",それは、さくたろうを引き裂かれて嘆き悲しんだ真里亞お姉ちゃんに、ベアトリーチェが教えたのと同じ、怒りと悲しみの魔法。,[=JP],"Это была та же магия гнева и грусти, которой {f:5:Беатриче} обучила Марию онее‐чан, когда та скорбела о своем разорванном друге Сакутаро.","Era a mesma magia de raiva e tristeza que {f:5:Beatrice} havia ensinado para a Maria onee‐chan, quando ela estava lamentando a perda do Sakutarou depois que ele foi rasgado.",那是跟，贝阿朵莉切教给在为樱太郎被撕裂而愤慨悲伤的真里亚姐姐的相同的，愤怒与悲伤的魔法。,那是跟，貝阿朵莉切教給在為櫻太郎被撕裂而憤慨悲傷的真里亞姐姐的相同的，憤怒與悲傷的魔法。,"Era la stessa magia dell'odio e della tristezza... che Beatrice aveva insegnato a Maria Onee-chan per vendicarsi del suo amico fatto a pezzi, Sakutarou.","Era la misma magia de ira y tristeza que {f:5:Beatrice} le había enseñado a María onee-chan, cuando estaba llorando a Sakutaro después de que lo destrozaran.",ﺇﻧﻪ ﻧﻔﺲ ﺳﺤﺮ ﺍﻟﻐﻀﺐ ﻭﺍﻟﺤﺰﻥ ﺍﻟﺬﻱ ﻋﻠﻤﺘﻪ {f:7:ﺑﻴﺎﺗﺮﻳﺲ}، ﻷﺧﺘﻲ ﻣﺎﺭﻳﺎ، ﻋﻨﺪﻣﺎ ﻛﺎﻧﺖ ﺣﺰﻳﻨﺔ ﻭﻣﻜﺴﻮﺭﺓ ﺍﻟﻘﻠﺐ ﺑﻌﺪ ﺗﻤﺰﻳﻖ ﺳﺎﻛﻮﺗﺎﺭﻭ.
,"......That same magic, that witch, had surely dwelled inside Aunt Rosa too.",...That same magic...that witch...had probably dwelled inside Aunt Rosa too. ,......That same magic...that witch...had probably dwelled inside Rosa oba-san too.,……同じ魔法は、魔女は、きっと楼座叔母さんにも宿っていただろう。,[=JP],Такая же магия... Та ведьма наверняка присутствовала и внутри тёти Розы.,"......A mesma magia, aquela bruxa certamente residiu dentro da tia Rosa também.",……同样的魔法、魔女，也一定宿在楼座姑母的身上吧。,……同樣的魔法、魔女，也一定宿在樓座姑母的身上吧。,... La stessa magia... che quella strega... aveva infuso anche in Rosa oba-san.,"... La misma magia, esa bruja, seguramente residía dentro de la tía Rosa también.", ﻻ ﺭﻳﺐ ﺃﻥَّ ﺫﻟﻚ ﺍﻟﺴﺤﺮ ﻋﻴﻨﻪ، ﺗﻠﻚ ﺍﻟﺴﺎﺣﺮﺓ، ﺳﻜﻨﺎ ﺩﺍﺧﻞ ﺍﻟﻌﻤَّﺔ ﺭﻭﺯﺍ ﺃﻳﻀًﺎ......
,............So I was wrong to hate Ushiromiya Eva.,......So I mustn't hate Ushiromiya Eva. ,............So I shouldn't hate Ushiromiya Eva.,…………だから、右代宮絵羽を憎んではいけなかったのだ。,[=JP],Поэтому я не должна ненавидеть Уширомию Еву.,"............Por isso, eu estava errada em odiar Ushiromiya Eva.",…………所以，不可以去恨右代宫绘羽。,…………所以，不可以去恨右代宮繪羽。,... Quindi non dovrei odiare Ushiromiya Eva.,... Así que me equivoqué al odiar a Ushiromiya Eva., ﻟﺬﺍ ﻛﻨﺖُ ﻣﺨﻄﺌﺔً ﻓﻲ ﻛﺮﻩ ﺃﻭﺷﻴﺮﻭﻣﻴﺎ ﺇﻳﻔﺎ............
,"...Perhaps.........I alone was supposed to have become her ally, the only person in the world who could understand her.","...Maybe... ...I should've become her ally, as the only person in the world who could understand her. ","...Perhaps, .........I alone should have become her ally, the only person in the world who could understand her.",…ひょっとすると、………私だけは世界でただ一人理解して、味方になってあげなくてはいけなかったのだ。,[=JP],"Скорее... я одна должна стать её союзницей, единственным человеком в мире, способным понять её.","...Possivelmente.........eu deveria ter me tornado aliada dela, a única pessoa no mundo que poderia entendê‐la.",…搞不好，………只有我是必须去当全世界唯一一个理解她的，站在她这一边的伙伴的。,…搞不好，………只有我是必須去當全世界唯一一個理解她的，站在她這一邊的伙伴的。,"... Magari... io sarei dovuta divenire sua alleata, la sola persona al mondo in grado di comprenderla.","... Quizás... Se suponía que yo debería haberme convertido en su única aliada, la única persona en el mundo que podía entenderla.", ...ﺭﺑَّﻤﺎ... ﻛﺎﻥ ﻣﻦ ﺍﻟﻤﻔﺘﺮﺽ ﺃﻥ ﺃﺻﺒﺢ ﺣﻠﻴﻔﺘﻬﺎ ﻭﺣﺪﻱ، ﺍﻟﻮﺣﻴﺪﺓ ﻓﻲ ﺍﻟﻌﺎﻟﻢ ﺍﻟﺘﻲ ﻳﻤﻜﻨﻬﺎ ﺃﻥ ﺗﻔﻬﻤﻬﺎ.
,"......What did I say to her when I was young, when she returned alive all alone...?","...What did I say to her when I was young, when she returned alive all alone...? ",[=UP],……幼かった私は、たった一人生還した彼女に、どんな言葉を掛けたのだろう…？,[=JP],"Что я сказала ей, вернувшейся совсем одной, когда была маленькой девочкой?","......O que foi que eu disse a ela quando eu era jovem, quando ela voltou viva sozinha...?",……幼年时的我，对独自一人生还的她，说出了怎样的话语呢…？,……幼年時的我，對獨自一人生還的她，說出了怎樣的話語呢…？,"... Cosa le dissi da piccola, quando tornò tutta sola...?","... ¿Qué fue lo que le dije cuando era joven, cuando ella fue la única que volvió viva?...", ﻣﺎﺫﺍ ﻗﻠﺖُ ﻟﻬﺎ ﺣﻴﻦ ﻛﻨﺖُ ﺻﻐﻴﺮﺓ، ﻋﻨﺪﻣﺎ ﻋﺎﺩﺕ ﻋﻠﻰ ﻗﻴﺪ ﺍﻟﺤﻴﺎﺓ ﻭﺣﺪﻫﺎ ﺗﻤﺎﻣًﺎ...؟
,Could it be.........that the way I acted towards her was.........as if she had come back by herself after killing all my family......?,Could it be... ...that I acted... ...as though she'd killed my family and returned on her own...? ,"Could it be, .........that I took an attitude, .........as though she had killed my family and returned alone......?",ひょっとして、………まるで彼女が私の家族を殺し、一人だけ帰ってきたかのような、………そんな態度を、取ってしまったのではないだろうか……？,[=JP],"Неужели я... повела себя так, словно она убила мою семью и вернулась одна?",Pode ser que.........a forma que eu agi diante dela.........tenha sido como se ela tivesse voltado sozinha depois de matar toda minha família......?,我会不会是采取了，………简直就像是，她是杀了我的家人，独自归来的，………的那种态度呢……？,我會不會是採取了，………簡直就像是，她是殺了我的家人，獨自歸來的，………的那種態度呢……？,Non è che... ho assunto quell'atteggiamento... come se avesse ucciso la mia famiglia per poi tornare da sola...?,Podría ser... que la forma en que actué con ella fue... ¿como si hubiera vuelto sola después de matar a toda mi familia?, ...ﺃﻳﻌﻘﻞ. ...ﺃﻥَّ ﻃﺮﻳﻘﺔ ﺗﺼﺮﻓﻲ ﺗﺠﺎﻫﻬﺎ ﻛﺎﻧﺖ...... ﻛﻤﺎ ﻟﻮ ﺃﻧَّﻬﺎ ﻋﺎﺩﺕ ﻭﺣﺪﻫﺎ ﺑﻌﺪ ﻗﺘﻞ ﻋﺎﺋﻠﺘﻲ ﺑﺄﻛﻤﻠﻬﺎ......؟
,........................... ......I can't believe it.,............ ...I can't believe it. ,..............................I can't believe it.,………………………。……信じられない。,[=JP],........................Поверить не могу.,.................................Eu não consigo acreditar.,………………………。……难以置信。,………………………。……難以置信。,... Non ci posso credere.,... No puedo creerlo., ........................... ﻻ ﺃﺻﺪﻕ......
,"...Aunt Eva, who throughout my life has never been more than an object of and synonym for hatred, .........is turning into a...{i:human} who I can understand......","...Aunt Eva, who has never been more than a object of and a synonym for hatred throughout my life, ......is turning into...a ""human"" I can understand... ","...Eva oba-san, who has never been more than a object of and synonym for hatred throughout my life, .........is turning into, ...a 'human' I can understand......",…私の人生において、憎悪の対象と代名詞でしかなかった絵羽伯母さんが、………理解できる「人間」に、…変わっていく……。,[=JP],"Тётя Ева, прежде являвшаяся для меня предметом и синонимом ненависти на протяжении всей моей жизни... превращается... в {i:человека}, которого я могу понять...","...A tia Eva, que por toda minha vida nunca mais foi do que um objeto e sinônimo de ódio, .........está se transformando em um...{i:humano} na qual eu posso compreender......",…在我的人生中，只算得上是憎恶对象的代名词的绘羽姑母，………逐渐变成了，能够理解的，…「人类」……。,…在我的人生中，只算得上是憎惡對象的代名詞的繪羽姑母，………逐漸變成了，能夠理解的，…「人類」……。,"... Eva oba-san, che non era stata altro che un oggetto e un sinonimo di odio per tutta la mia vita... sta diventando... un ‘umano’ che posso comprendere...","... La tía Eva, que a lo largo de mi vida nunca ha sido más que objeto y sinónimo de odio... se está convirtiendo en un... {i:humano} que puedo entender...","ﻋﻤﺘﻲ ﺇﻳﻔﺎ ﺍﻟﺘﻲ ﻛﺎﻧﺖ ﻃﻮﺍﻝ ﺣﻴﺎﺗﻲ ﻫﺪﻓًﺎ ﻟﺤﻘﺪﻱ، ...ﺃﺻﺒﺤﺖ ﺍﻵﻥ ""ﺇﻧﺴﺎﻧﺔ"" ﺑﻤﻘﺪﻭﺭﻱ ﻓﻬﻤﻬﺎ..."
,"And so. .........I looked right next to Aunt Eva, ......at the form of the black witch who taught her the black magic......","So, ......I can see, right next to Aunt Eva, ...the form of the black witch, who taught her the black magic... ","Therefore.  .........I can see, right next to Eva oba-san, ......the form of the black witch, who taught her the black magic......",だから。………絵羽伯母さんのすぐ隣に、……彼女に黒き魔法を教えた、黒き魔女の姿を視る……。,[=JP],"Таким образом, теперь я могу {y:1:‘видеть’}{n:1:видеть} рядом с тётей Евой... фигуру чёрной ведьмы, научившей её чёрной магии...","E então. .........Eu olhei diretamente para a tia Eva, ......para a forma daquela bruxa da escuridão, que havia ensinado magia negra para ela......",所以。………去直视，就在绘羽姑母身旁，……教给她黑魔法的，黑魔女……。,所以。………去直視，就在繪羽姑母身旁，……教給她黑魔法的，黑魔女……。,"Per cui. ... posso vedere, proprio al fianco di Eva oba-san... la sagoma della strega che le ha insegnato la magia nera...",Y así... Miré justo al lado de la tía Eva... a la forma de la bruja negra que le enseñó la magia negra...,ﻭﻋﻠﻰ ﺫﻟﻚ. ......ﻧﻈﺮﺕُ ﺑﺠﻮﺍﺭ ﻋﻤﺘﻲ ﺇﻳﻔﺎ ﻣﺒﺎﺷﺮﺓً، ......ﺇﻟﻰ ﻫﻴﺌﺔ ﺍﻟﺴَّﺎﺣﺮﺓ ﺍﻟﺴﻮﺩﺍﺀ ﺍﻟﺘﻲ ﻋﻠَّﻤﺘﻬﺎ ﺍﻟﺴﺤﺮ ﺍﻷﺳﻮﺩ.........
,Aunt Eva...was crying.,Aunt Eva...was crying. ,"Eva oba-san, ...was crying.",絵羽伯母さんは、…泣いていた。,[=JP],Тётя Ева... плакала.,A tia Eva...estava chorando.,绘羽姑母，…在哭。,繪羽姑母，…在哭。,Eva oba-san... stava piangendo.,La tía Eva... estaba llorando., ﻛﺎﻧﺖ ﺍﻟﻌﻤَّﺔ ﺇﻳﻔﺎ...ﺗﺒﻜﻲ.
,It was only natural.,It was only natural. ,[=UP],無理もない。,[=JP],Это было совершенно естественно.,Era algo natural.,这也难免。,這也難免。,Era normale.,Era natural., ﻭﻣﺎ ﺫﻟﻚ ﺇﻻ ﻃﺒﻴﻌﻲ.
,".........Not only did she have no one who would understand her pain of having lost her husband and son all at once, ......but even I, her only relative, insulted her, ......saying ""Give me back my mom and dad"".","......Not only was no one willing to understand the pain of losing her husband and son at once, ...but her only relative had insulted her, ...saying ""Give me back my Dad and Mom"". ",".........Not only did she have no one who would understand the pain of losing her husband and son at once, ......but her only relative had insulted her, ......saying 'give me back my Dad and Mom'.",………夫と息子を一度に亡くしたその悲しみを誰にも理解してもらえず、……唯一の親族である私にまで、お父さんとお母さんを返してと、……罵られたのだ。,[=JP],"Рядом с ней не оказалось не только никого, кто способен был понять боль от потери сразу мужа и сына, но и единственная её родственница оскорбила её... заявив, ""верни мне маму с папой"".",".........Além de não ter ninguém que entendesse sua dor por ter perdido seu marido e filho ao mesmo tempo, ......mas também eu, sua única parente, que a insultei, ......dizendo ""Devolva meus pais"".",………丈夫与儿子同时亡故的悲伤，得不到任何人的理解，……就连身为她唯一的亲人的我，都在喊着“把爸爸妈妈还给我”，……地骂她。,………丈夫與兒子同時亡故的悲傷，得不到任何人的理解，……就連身為她唯一的親人的我，都在喊著“把爸爸媽媽還給我”，……地罵她。,... Non solo non aveva nessuno che potesse capire il dolore di perdere in una volta il figlio e il marito... ma la sua sola parente l'aveva insultata... dicendo ‘restituiscimi Mamma e Papà’.,"... No solo no tenía a nadie que comprendiera su dolor por haber perdido a su marido y a su hijo de golpe... sino que incluso yo, su único pariente, la insulté... diciendo ""Devuélveme a mi mamá y a mi papá""."," ...ﻟﻢ ﻳﺘﻔﻬﻢ ﺃﺣﺪ ﺣﺰﻧﻬﺎ ﻋﻠﻰ ﻓﻘﺪﺍﻥ ﺯﻭﺟﻬﺎ ﻭﺍﺑﻨﻬﺎ ﻓﻲ ﺁﻥ ﻭﺍﺣﺪ، ﺑﻞ ﺣﺘﻰ ﺃﻧﺎ - ﻗﺮﻳﺒﺘﻬﺎ ﺍﻟﻮﺣﻴﺪﺓ - ﺃﻫﻨﺘﻬﺎ، ......ﻗﺎﺋﻠﺔً ""ﺃﻋﻴﺪﻱ ﻟﻲ ﺃﻣﻲ ﻭﺃﺑﻲ......"""
,.........I can make the excuse that it was the mercilessness of youth.,......I can make the excuse that I was merciless because of my youth. ,.........I can make the excuse that I had been merciless because of my youth.,………私はそれを、幼さゆえの無慈悲だったと言い訳することも出来る。,[=JP],Мою беспощадность тогда можно оправдать малолетством.,.........Eu posso usar da desculpa que foi crueldade da juventude.,………我也能将此辩解为，因年幼而冷酷。,………我也能將此辯解為，因年幼而冷酷。,... Posso essere stata abbastanza crudele a causa della mia giovinezza.,... Puedo poner la excusa de que fui despiadada debido a que era una niña., ﻳﻤﻜﻨﻨﻲ ﺃﻥ ﺃﺗﺤﺠﺞ ﺑﺄﻥ ﺗﺼﺮﻓﻲ ﺫﺍﻙ ﻛﺎﻥ ﻃﻴﺶ ﺷﺒﺎﺏ.........
,"...But......to her at the time, that was probably cruel enough to sever her heart's last thread.","...However, ...to her at the time, it had probably been cruel enough to sever the last thread in her heart. ","...However, ......to her at the time, that had probably been cruel enough to sever the last thread to her heart.",…しかし、……あの時の彼女にそれは、最後の心の糸を断ち切るほどの、残酷さがあっただろう。,[=JP],"Однако эти мои слова, наложившись на её горе и душевную боль, ножом обрезали последнюю ниточку, тянувшуюся к её сердцу.","...Mas......para ela, naquele momento, provavelmente foi cruel o bastante para cortar o último fio em seu coração.",…不过，……对那时的她来说，它是残酷到了，剪断了她的最后一根心弦吧。,…不過，……對那時的她來說，它是殘酷到了，剪斷了她的最後一根心弦吧。,"... Tuttavia... in quel momento, era stato abbastanza per strappare l'ultimo filamento del suo cuore.","... Sin embargo... para ella en ese momento, eso puede que haya sido lo suficientemente cruel para cortar el último hilo de su corazón.", ...ﻭﻟﻜﻦ......ﺑﺎﻟﻨﺴﺒﺔ ﻟﻬﺎ ﻓﻲ ﺫﻟﻚ ﺍﻟﻮﻗﺖ، ﻻ ﺑﺪ ﺃﻥ ﺫﻟﻚ ﻛﺎﻥ ﻗﺎﺳﻴًﺎ ﻟﺪﺭﺟﺔِ ﺃﻥ ﻳُﻘﻄﻊ ﺁﺧﺮ ﺧﻴﻂ ﻳﺮﺑﻄﻬﺎ ﺑﺎﻟﺼﻮﺍﺏ.
,"..................In the following days, the talk shows and magazines publicly slandered her.",".........In the following days, the talk shows and magazines publicly slandered her. ",[=UP],………………連日、ワイドショーや週刊誌が、彼女を公然と中傷した。,[=JP],"В последующие дни ток‐шоу и журналы публично поносили, чернили и оговаривали её.","..................Nos dias seguintes, os talk shows e revistas publicaram mentiras sobre ela.",………………每天都有八卦秀或周刊杂志公然中伤她。,………………每天都有八卦秀或周刊雜誌公然中傷她。,"... Nei giorni a seguire, i talk show e i giornali la attaccavano apertamente.","... En los días siguientes, los programas de entrevistas y revistas la difamaban públicamente.", ﻭﻓﻲ ﺍﻷﻳﺎﻡ ﺍﻟﺘﺎﻟﻴﺔ، ﺷﻬَّﺮﺕ ﺑﻬﺎ ﺍﻟﺒﺮﺍﻣﺞ ﺍﻟﺤﻮﺍﺭﻳَّﺔ ﻭﺍﻟﻤﺠﻼﺕ ﻋﻠﻨًﺎ..................
,"The truths of her late husband's business and character, and even those about her beloved son, were denied.",The truth of her husband's business and character...and even her beloved son were negated. ,"The truth of her husband's business and character, and even her beloved son were negated.",亡父の事業も人格も、最愛の息子のことまで、否定された。,[=JP],Правда о бизнесе и характере её мужа и даже её горячо любимого сына оказалась погребена под это напраслиной.,"As verdades sobre a personalidade e negócios de seu falecido marido, a até mesmo sobre seu amado filho, foram negadas.",连亡夫的事业人格，还有最爱的儿子，都遭到了否定。,連亡夫的事業人格，還有最愛的兒子，都遭到了否定。,"La verità sugli affari e sulla personalità di suo marito, e anche il suo amato figlio venivano negati.","Las verdades sobre la personalidad y los negocios de su difunto marido, e incluso sobre su querido hijo, fueron negadas.", ﻧُﻔﻴﺖ ﺣﻘﺎﺋﻖ ﺃﻋﻤﺎﻝ ﺯﻭﺟﻬﺎ ﺍﻟﺮﺍﺣﻞ ﻭﺷﺨﺼﻴﺘﻪ، ﻭﺣﺘﻰ ﺗﻠﻚ ﺍﻟﻤﺘﻌﻠِّﻘﺔ ﺑﺎﺑﻨﻬﺎ ﺍﻟﺤﺒﻴﺐ.
,She no longer had anything left.,She no longer had anything left. ,[=UP],彼女には、もう、何も残らなかった。,[=JP],У неё больше никого и ничего не осталось.,Ela não tinha mais nada sobrando.,她已经，什么都不剩了。,她已經，什麼都不剩了。,Non aveva più nulla.,A ella ya no le quedaba nada más., ﻟﻢ ﻳﻌﺪ ﻟﺪﻳﻬﺎ ﺷﻲﺀٌ ﻣﺘﺒﻖٍ 
,"She could do nothing but cry and howl, ......trying to forget the pain and sadness for just a few moments.","She could do nothing but cry and howl, ...trying to forget the pain and sadness at least for a while. ","She could do nothing but cry and howl, ......trying to forget the pain and sadness at least for a while.",痛みと悲しみを、わずかの間でも忘れるために、……泣きながら吼えるしかなかった。,[=JP],"И потому она могла лишь выть да рыдать, пытаясь хоть ненадолго усмирить свои боль и печаль.","Ela não podia fazer mais nada além de chorar e gritar, ......tentando esquecer a dor e tristeza pro alguns instantes.",为了能，哪怕是在一小会儿时间里，忘记痛与悲，……她只好边哭边吼。,為了能，哪怕是在一小會兒時間裡，忘記痛與悲，……她只好邊哭邊吼。,Non poteva fare altro che piangere e urlare... cercando di dimenticare il dolore e la tristezza almeno per un attimo.,No podía hacer nada más que llorar y lamentarse... intentando olvidar el dolor y la tristeza por al menos un rato., ﻟﻢ ﺗﺴﺘﻄﻊ ﻓﻌﻞ ﺷﻲﺀٍ ﺳﻮﻯ ﺍﻟﺒﻜﺎﺀ ﻭﺍﻟﻌﻮﻳﻞ، ......ﻣﺤﺎﻭﻟﺔً ﻧﺴﻴﺎﻥ ﺍﻷﻟﻢ ﻭﺍﻟﺤﺰﻥ ﻟﻠﺤﻈﺎﺕٍ ﻣﻌﺪﻭﺩﺓٍ ﻭﺣﺴﺐ.
,Because only while howling could she feel the slightest bit of release.,"After all, she could only feel a tiny bit of release, and only during the time that she howled. ","Because she could only feel a tiny bit of release, and only during the time that she howled.",吼えている間だけは、わずかに解放されたからだ。,[=JP],"Потому что её хоть ненадолго отпускало и только тогда, когда она выла.","Porque, apenas quando gritava, ela podia sentir uma mínima libertação.",因为只有在吼叫的那段时间里，能得到一点点的解放。,因為只有在吼叫的那段時間裡，能得到一點點的解放。,"Perché poteva sentirsi libera per un attimo, e solo mentre urlava.",Porque solo mientras lloraba podía sentir la más mínima liberación., ﻷﻧَّﻬﺎ ﻟﻢ ﺗﺴﺘﻄﻊ ﺍﻟﺸُّﻌﻮﺭ ﺑﺄﺩﻧﻰ ﻗﺪﺭٍ ﻣﻦ ﺍﻟﺘﻨﻔﻴﺲ ﺇﻻ ﺃﺛﻨﺎﺀ ﺍﻟﻌﻮﻳﻞ.
,"And so, .........the black witch taught her how to howl.","And so, ......the black witch taught her how to howl. ",[=UP],だから、………黒き魔女が吼え方を教えた。,[=JP],"И вот так, чёрная ведьма научила её, как следует выть.","E então, .........a bruxa da escuridão a ensinou como rugir.",所以，………黑魔女教了她，怎么吼。,所以，………黑魔女教了她，怎麼吼。,Così... la strega nera le insegnò come urlare.,Y así... la bruja negra le enseñó cómo aullar., ﻭﻟﺬﺍ، .........ﻋﻠَّﻤﺘﻬﺎ ﺍﻟﺴﺎﺣﺮﺓ ﺍﻟﺴﻮﺩﺍﺀ ﻛﻴﻔﻴﺔ ﺍﻟﻌﻮﻳﻞ.
,The one I hated...was the black witch. The black magic probably did release her from that suffering for just a short time.,The one I hated...was the black witch. Black magic can probably release one from that pain for an instant. ,The one I hated...was the black witch.Black magic could probably release one from that pain in an instant.,私が憎むのは、その黒き魔女。黒き魔法は、ひと時の間だけ、確かに苦しみから解放はしただろう。,[=JP],"Той, которую я ненавидела, была чёрная ведьма. Чёрная магия могла, похоже, в один миг прогнать ту боль.",A única que eu odiava...era a bruxa da escuridão. A magia negra provavelmente liberou ela daquele sofrimento por um breve momento.,我憎恨的是，那位黑魔女。用黑魔法，的确能暂时地从苦楚中获得解放吧。,我憎恨的是，那位黑魔女。用黑魔法，的確能暫時地從苦楚中獲得解放吧。,Colei che odiavo... era la strega nera. La magia nera probabilmente poteva liberare in un attimo qualcuno dal dolore.,A la que yo odiaba... era a la bruja negra. La magia negra probablemente podría liberar a alguien de ese dolor en un instante., ﻛﺎﻧﺖ ﺍﻟﺴﺎﺣﺮﺓ ﺍﻟﺴﻮﺩﺍﺀ...ﻣَﻦ ﻛﺮﻫﺘﻬﺎ. ﺭﺑَّﻤﺎ ﺣﺮَّﺭﻫﺎ ﺍﻟﺴﺤﺮ ﺍﻷﺳﻮﺩ ﻣﻦ ﺗﻠﻚ ﺍﻟﻤﻌﺎﻧﺎﺓ ﻟﻮﻗﺖٍ ﻗﺼﻴﺮٍ ﻭﺣﺴﺐ.
,"......However, it would never lift that weight from her shoulders.","...However, it never lifts that weight from a person's shoulders. ",......However.  That weight would certainly never be lifted from one's shoulders.,……しかし。その重みを肩から下ろしてやることは決してない。,[=JP],Однако... Та тяжкая ноша так и оставалась на плечах.,"......Porém, isso nunca levantaria o peso dos ombros dela.",……可是。它决不会卸下压在肩上的重负。,……可是。它決不會卸下壓在肩上的重負。,... Tuttavia. Quel peso non sarebbe mai scomparso dalle spalle di qualcuno.,"... Sin embargo, nunca levantaría ese peso de sus hombros.",...ﻭﻟﻜﻦ، ﻟﻦ ﻳﺮﻓﻊ ﺫﻟﻚ ﺍﻟﺜﻘﻞ ﻋﻦ ﻛﺘﻔﻴﻬﺎ ﺃﺑﺪًﺍ.
,"To the contrary, it would force that weight on further victims, .........filling the world with the weight of hatred.","On the contrary, it forces that weight onto further victims, ......filling the world with hatred. ","To the contrary, that weight would force itself on further victims, .........filling the world with the weight of hatred.",それどころか、その重みを次なる犠牲者にも強いて、………世界を憎しみの重みで、いっぱいにしてしまう。,[=JP],"Наоборот, она будет перекладываться на плечи дальнейших жертв, наполняя мир грузом ненависти.","Pelo contrário, acabaria forçando o peso em novas vítimas, .........preenchendo o mundo com o peso do ódio.",岂止如此，它还会将这重负强加给下一个牺牲者，………令世界充满凝重的恨。,豈止如此，它還會將這重負強加給下一個犧牲者，………令世界充滿凝重的恨。,"Al contrario, sarebbe passato su di un'altra vittima... riempiendo il mondo con il peso dell'odio.","Por el contrario, impondría ese peso a otras víctimas... llenando el mundo con el peso del odio.", ﺑﻞ ﻛﺎﻥ ﺳﻴُﻠﻘﻲ ﺍﻟﺜﻘﻞ ﻋﻠﻰ ﺿﺤﺎﻳﺎ ﺁﺧﺮﻳﻦ، ﻣﺎﻟﺌًﺎ ﺍﻟﻌﺎﻟﻢ ﺑﻮﻃﺄﺓ ﺍﻟﻜﺮﺍﻫﻴﺔ.........
,"...............If Aunt Eva was to have a true witch nearby, one who knew of white magic...",......If only Aunt Eva knew of white magic...and had a true witch nearby... ,"............If only Eva oba-san knew of white magic, and had a true witch nearby...",……………もしも絵羽伯母さんに、白き魔法を知る、正しい魔女が近くにいてくれたなら。,[=JP],Если бы тётя Ева знала о белой магии и имела истинного друга рядом с ней...,"...............Se a tia Eva tivesse uma bruxa de verdade próxima dela, uma que conhecesse a magia alva...",……………如果，绘羽姑母，有知晓白魔法的正道魔女在她附近的话。,……………如果，繪羽姑母，有知曉白魔法的正道魔女在她附近的話。,"... Se solo Eva oba-san avesse conosciuto la magia Bianca, e avesse avuto vicino una vera strega...","... Si tan solo la tía Eva hubiera conocido la magia blanca, y hubiera tenido a una verdadera bruja cerca...", ﻟﻮ ﻛﺎﻥ ﺑﺠﺎﻧﺐ ﻋﻤﺘﻲ ﺇﻳﻔﺎ ﺳﺎﺣﺮﺓٌ ﻃﻴﺒﺔ ﺗﺘﻘﻦ ﺍﻟﺴﺤﺮ ﺍﻷﺑﻴﺾ، ﻟﺮﺑﻤﺎ ﻛﺎﻥ ﺑﺎﻹﻣﻜﺎﻥ ﺇﻧﻘﺎﺫﻫﺎ.
,......wasn't that............supposed to be......me.........?,...Shouldn't that... ...have been... ...me......? ,"......Wasn't that, ............supposed to be, ......me.........?",……それ、…………私のはずじゃ、……ないか………。,[=JP],Неужели таковым... полагалось стать... мне?,......esta............supostamente não seria......eu.........?,……这个魔女，…………不就应该，……是我吗………？,……這個魔女，…………不就應該，……是我嗎………？,... Quella... non avrei dovuto essere... io...?, ¿No se suponía que esa... tenía que ser... yo?..., ...ﺃﻟﻴﺲ ﻣﻦ ﺍﻟﻤﻔﺘﺮﺽ...... ...ﺃﻥ ﻳﻜﻮﻥ ﺫﻟﻚ......... ﺩﻭﺭﻱ ﺃﻧﺎ.........؟
,I had learned the magic to create happiness from Maria onee‐chan.,Didn't I learn the magic to create happiness from Maria onee-chan? ,Didn't I learn the magic to create happiness from Maria onee-chan?,私は真里亞お姉ちゃんから、幸せにする魔法を習っていたはずなんだ。,[=JP],Разве не я выучилась магии счастья у Марии онее‐чан?,Eu aprendi a magia para criar a felicidade com a Maria onee‐chan.,我应该是从真里亚姐姐那学了令人变幸福的魔法啊。,我應該是從真里亞姐姐那學了令人變幸福的魔法啊。,Non ho imparato la magia per creare la felicità da Maria Onee-chan?,¿No había aprendido la magia para crear la felicidad de María onee-chan?, ﻟﻘﺪ ﻋﻠﻤﺘﻨﻲ ﺃﺧﺘﻲ ﻣﺎﺭﻳﺎ ﺳﺤﺮًﺍ ﺃٌﺳﻌﺪ ﺑﻪ ﺍﻟﻨﺎﺱ...
,".........If I could have saved her......with that magic, ...............might we not have.........built up a future with a completely different relationship?","......If I'd taught her...with that magic, ......could we have... ...built a future with a completely different relationship? ",".........If I had taught her, ......with that magic, ............could we have, ......built a future with a completely different relationship?",………その魔法で、……彼女を救えていたら、……………私たちは、まったく違う関係の未来を、……築けていたのではないか。,[=JP],Если бы я научила тётю Еву... той магии... мы смогли бы... сотворить будущее с совсем другими отношениями?,".........Se eu tivesse salvo ela......com essa magia, ...............talvez nós pudéssemos.........ter construído um futuro com uma relação completamente diferente?",………要是我以这魔法，……拯救了她的话，……………那我们之间不就已经筑起了，……关系完全不同的未来了嘛？,………要是我以這魔法，……拯救了她的話，……………那我們之間不就已經築起了，……關係完全不同的未來了嘛？,... Se gliel'avessi insegnata... con quella magia... avremmo potuto... costruire un futuro diverso con una relazione totalmente differente?,... ¿Si la hubiese salvado... con esa magia... podríamos... haber construido un futuro con una relación completamente diferente?,ﻓﻠﻮ ﻛﻨﺖُ ﺍﺳﺘﺨﺪﻣﺘﻪ ﻹﻧﻘﺎﺫ ﻋﻤﺘﻲ ﺇﻳﻔﺎ... ...ﺃﻟﻢ ﻳﻜﻦ ﻣﻤﻜﻨًﺎ... ﺃﻥ ﻧﺒﻨﻲ ﻣﺴﺘﻘﺒﻼً ﺫﺍ ﻋﻼﻗﺔٍ ﻣﺨﺘﻠﻔﺔٍ ﻛﻠﻴًﺎ؟
,"All this time, .........I have hated Aunt Eva.{n}...So I never noticed the black witch beside her.","Up until now, ......I've hated Aunt Eva constantly. ...So I didn't notice the black witch beside her. ","Up until now, .........I've hated Eva oba-san the whole time....So I didn't notice the black witch beside her.",私は今までずっと、………絵羽伯母さんを憎み続けてきた。…だから、その隣にいる、黒き魔女に、気付けなかった。,私は今までずっと、………絵羽伯母さんを憎み続けてきた。{n}…だから、その隣にいる、黒き魔女に、気付けなかった。,До сего момента я ненавидела тётю Еву.{n}Но я не заметила чёрную ведьму рядом с ней.,"Todo esse tempo, .........eu passei odiando a tia Eva.{n}...Por isso, nunca percebi que a bruxa da escuridão estava ao lado dela.",我迄今为止，………一直憎恨着绘羽姑母。{n}…所以，没能发觉，就在她身旁的黑魔女。,我迄今為止，………一直憎恨著繪羽姑母。{n}…所以，沒能發覺，就在她身旁的黑魔女。,Fin'ora... ho odiato Eva oba-san per tutto il tempo. ... E quindi non mi sono mai accorta della strega nera al suo fianco.,Hasta ahora... he odiado a la tía Eva todo el tiempo.{n}... Así que no me percaté de la bruja negra cerca de ella.,ﻟﻢ ﺃُﻛِﻦَّ ﺳﻮﻯ ﺍﻟﺤﻘﺪ ﺗﺠﺎﻩ ﻋﻤﺘﻲ ﺇﻳﻔﺎ ...ﺣﺘﻰ ﺍﻵﻥ.{n}...ﻭﻟﻬﺬﺍ ﻟﻢ ﺃﻛﻦ ﺃﻟﺤﻆ ﺍﻟﺴﺎﺣﺮﺓ ﺍﻟﺴﻮﺩﺍﺀ ﺗﻠﺰﻡ ﺟﺎﻧﺒﻬﺎ.
,"......Without love, it couldn't be {y:1:‘seen’}{n:1:seen}.{n}I didn't have......any love for her......","...Without love, it could not be ""seen"". I didn't... ...have any love for her... ","......Without love, it could not be seen.I did not......have any love for her......",……愛がなかったから、視えなかった。私は彼女に対し、……愛が、なかったのだ……。,……愛がなかったから、視えなかった。{n}私は彼女に対し、……愛が、なかったのだ……。,"Тем, в ком нет любви, не дано {y:1:‘узреть’}{n:1:узреть} её.{n}Я... не любила её...","......Sem amor, isto não pode ser {y:1:‘visto’}{n:1:visto}.{n}Eu não tinha......nenhum amor por ela......",……因为没有爱，所以看不到。{n}我对她，……没有，爱……。,……因為沒有愛，所以看不到。{n}我對她，……沒有，愛……。,"... Senza amore, non può essere visto. Io non... provavo amore per lei...","... Sin amor, no podía ser vista.{n}Yo no... tenía amor para ella...",...ﺩﻭﻥ ﺣﺐ؛ ﺃﻧّﻰ ﺗُﺮﻯ ﺍﻟﺤﻘﻴﻘﺔ.{n}...ﻟﻢ ﺃﻛﻦ ﺃﻣﺘﻠﻚ. ......ﺫﺭﺓ ﺣﺐٍّ ﺗﺠﺎﻫﻬﺎ...
,"So now, finally............I'll glare at the black witch, ......the one I truly should hate.","So now, finally... ......I'll glare at the black witch, ...the one I truly should hate. ",[=UP],だから今こそ。………本当に憎むべき魔女を、……睨む。,[=JP],"И вот теперь, я, наконец‐то... Прожгу взглядом чёрную ведьму — ту самую, кого мне и следует ненавидеть.","Por isso, agora, finalmente............eu irei olhar para a bruxa da escuridão, ......aquela que eu realmente deveria odiar.",所以在此刻。………我怒视，……我真正应当憎恨的魔女。,所以在此刻。………我怒視，……我真正應當憎恨的魔女。,"Quindi ora, finalmente... guarderò la strega nera... colei che dovrei amare davvero.","Así que ahora, al fin... observaré a la bruja negra, a la única a la cual realmente debería odiar.", ...ﻟﺬﺍ ﺍﻵﻥ ﻭﺃﺧﻴﺮًﺍ....ﺳﺄﺣﺪِّﻕ ﻓﻲ ﺍﻟﺴَّﺎﺣﺮﺓ ﺍﻟﺴﻮﺩﺍﺀ، ﺗﻠﻚ ﺍﻟﺘﻲ ﻛﺎﻥ ﻳﺠﺐ ﺃﻥ ﺃﻛﺮﻫﻬﺎ ﺣﻘًﺎ.....
{f:5:Eva Beatrice},"""......Oh? .........What's thiiis? You can {y:1:‘see’}{n:1:see} me? Ehheheheheh...!""","""...Oh. ......Whaat's this? You can ""see"" me? Hehheheheheh...!"" ","""......Oh.  .........Whaat's this?  You can see me?  Ehheheheheh...!""",「……あら。………なぁに。私のことが視えるの？　うっふふふふふ…！」,[=JP],"""....О, что это тут у нас? Ты можешь меня {y:1:‘видеть’}{n:1:видеть}? Эхе‐хе‐хе‐хе!""","""......Ora? .........O que é foiii? Você consegue me {y:1:‘ver’}{n:1:ver}? Ehheheheheh...!""",「……啊呀？………怎么？能看到我么？呜、哼哼哼哼哼…！」,「……啊呀？………怎麼？能看到我麼？嗚、哼哼哼哼哼…！」,"""... Oh. ... Cos'è questo? Puoi vedermi? Ehheheheheh...!""","""... ¿Oh?... ¿Qué es esto? ¿Puedes verme? ¡Ejejejejeje!...""","""ﻋﺠﺒًﺎ؟ ﻣﺎ ﺧﻄﺒﻚِ.........؟ ﻫﻞ ﺑﻮﺳﻌﻚِ ﺭﺅﻳﺘﻲ؟ ...ﻫﻴﻬﻴﻬﻴﻬﻴﻬﻴﻬﻴﻬﻲ!"""
Ushiromiya Ange,"""..................Yes, I can. ......The one I should've hated wasn't Aunt Eva. ......It was you.""",""".........I ""see"" you. ...The one I should've hated wasn't Aunt Eva. ...It's you."" ","""...............I can see you.  ......The one I should've hated wasn't Eva oba-san.  ......It's you.""",「………………視えるわ。……私が憎むべきは、絵羽伯母さんじゃなかった。……あんたよ。」,「………………視えるわ。……私が憎むべきは、絵羽伯母さんじゃなかった。……あんたよ」,"""............Да, я {y:1:‘вижу’}{n:1:вижу} тебя. Той, кого мне следовало ненавидеть, была не тётя Ева. .....Ею была ты.""","""..................Sim, eu consigo. ......Aquela quem eu deveria ter odiado não era a tia Eva. ......Era você.""",「………………看得到。……我该憎恨的，不是绘羽姑母。……是你。」,「………………看得到。……我該憎恨的，不是繪羽姑母。……是你。」,"""... Posso vederti. ... La persona che avrei dovuto odiare non era Eva oba-san. ... Sei tu.""","""... Puedo verte... A quien debía odiar no era a mi tía Eva... Sino a ti.""","""ﻧﻌﻢ، ﺃﺭﺍﻙِ. ﻟﻢ ﺗﻜﻦ ﻋﻤﺘﻲ ﺇﻳﻔﺎ ﻣَﻦ ﻋﻠﻲَّ ﻛﺮﻫﻬﺎ...... ﺑﻞ ﺃﻧﺖِ......"""
{f:5:Eva Beatrice},"""Hey, you're pretty good. To think that a lowly {y:0:Human}{n:0:human} could {y:1:‘see’}{n:1:see} a witch like me. ......And so? Are you trying to say something with that glare? Do you hate me?""","""Whoa, awesome. To think that a lowly Human could ""see"" a witch like me. ...So? Are you trying to say something with that glare? Do you hate me?"" ","""Whoa, awesome.  To think that a lowly human could see a witch like me.  ......And so?  Are you trying to say something with that glare?  Do you hate me?""",「すごいじゃない。ニンゲンの分際で、魔女の私が視えるなんてね。……それで？　その目つきは何だと言いたいわけぇ？　私が憎い？」,[=JP],"""Ух ты, круто. Подумать только, что меня сможет {y:1:‘увидеть’}{n:1:увидеть} презренный {y:0:Челове}{n:0:челове}чишка. ....И что? Ты пытаешься что‐то выразить своим взглядом? Ты ненавидишь меня?""","""Você não é nada mau. E pensar que uma {y:0:Humana}{n:0:humana} inferior pudesse {y:1:‘ver’}{n:1:ver} uma bruxa como eu. ......E então? Está tentando dizer algo com esse olhar? Você me odeia?""",「挺厉害嘛。区区人类，竟然能看到身为魔女的我。……然后呢？你这眼神，是想说啥呀？很恨我？」,「挺厲害嘛。區區人類，竟然能看到身為魔女的我。……然後呢？你這眼神，是想說啥呀？很恨我？」,"""Whoa, incredibile. Pensare che un insignificante essere umano riesca a vedere una strega come me. ... E allora? Stai cercando di dire qualcosa con quello sguardo? Mi odi?""","""Vaya, sorprendente. Y pensar que un pobre humano puede ver a una bruja como yo... ¿Y? ¿Intentas decir algo con esa mirada? ¿Me odias?""","""ﻫﻴــﻪ، ﺃﻧﺖِ ﻣﺪﻫﺸﺔ. ﻟﻢ ﺃﻇﻦُّ ﺃﻥ ﺑﺸﺮﻳﺔً ﻭﺿﻴﻌﺔً ﻳﻤﻜﻨﻬﺎ ﺃﻥ ﺗﺮﻯ ﺳﺎﺣﺮﺓً ﻣﺜﻠﻲ. ﻭﺑﻌﺪ؟ ﺃﺗﺤﺎﻭﻟﻴﻦ ﺃﻥ ﺗﻘﻮﻟﻲ ﺷﻴﺌًﺎ ﺑﺘﻠﻚ ﺍﻟﻨﻈﺮﺓ ﺍﻟﻐﺎﺿﺒﺔ؟ ﺃﺗﻜﺮﻫﻴﻨﻨﻲ؟"""
Ushiromiya Ange,"""...............Hate? ......Yes, I do. ......But...that's not quite it. ......I just...find you a little sad.""","""......Hate? ...Yes, I do. ...But...that's not quite it. ...I just think you're sad."" ","""............Hate?  ......Yes, I do.  ......But...that's not quite it.  ......I just think you're a little sad.""",「……………憎い？　……えぇ、憎いわ。……でも、少し違う。……ただ、悲しく思える。」,「……………憎い？　……えぇ、憎いわ。……でも、少し違う。……ただ、悲しく思える」,""".............Ненавижу? ....Да. .....Но это не совсем так. ......Я просто считаю, что в тебе есть немного горя.""","""...............Odeio? ......Sim, eu odeio. ......Mas...não é exatamente isso.{n}......Eu apenas...acho você um pouco triste.""",「……………恨？……嗯，恨哟。……但是，稍微有点不同。……只是，觉得很悲哀。」,「……………恨？……嗯，恨喲。……但是，稍微有點不同。……只是，覺得很悲哀。」,"""... Odio? ... Sì, ti odio. ... Ma... non è proprio così. ... Penso solo che sei un po' triste.""","""... ¿Odiarte?... Sí, te odio... Pero... eso no es todo... Es solo que... creo que estás un poco triste.""","""ﺃﻛﺮﻫﻚِ.........؟ ﺃﺟﻞ...... ﻏﻴﺮ ﺃﻥَّ...ﺍﻟﺘﻌﺒﻴﺮ ﻟﻴﺲ ﺩﻗﻴﻘًﺎ...... ﺑﻞ... ﺃﺭﺍﻙِ ﺑﺎﺋﺴﺔ ﻟﻠﻐﺎﻳﺔ......"""
{f:5:Eva Beatrice},"""Sad? ......*giggle*giggle*, ahhahahahahaha! What're you saying, come on, you can get mad! Why don't you just hate me with all your strength forever?!""","""Sad?  ...*giggle*giggle* Ahhahahahahaha! What're you saying?! Come on, go ahead! Why not hate me as much as you waant?!"" ","""Sad?   {Comment:blank:}......*giggle*giggle*, ahhahahahahaha!  What're you saying?!  Nothing wrong with getting mad!  Why not hate me as much as you waant?!""",「悲しい？　 ……くすくす、あっはははははは！　何言ってんのッ、いいじゃない、怒れば！　思いっきり憎んじゃえばぁッ？！」,[=JP],"""Горя? ......*хи‐хи*хи‐хи', аха‐ха‐ха‐ха‐ха‐ха! Что ты несёшь?! Нет ничего зазорного в том, чтобы загораться гневом! Почему бы тебе не возненавидеть меня от всей души?!""","""Triste? ......*risos*risos*, ahhahahahahaha! O que você está dizendo, vamos, pode ficar furiosa! Por que simplesmente não me odeia com todas as suas forças bem devagar?!""",「悲哀？ ……呵呵，啊、哈哈哈哈哈哈！在说啥呢，有什么关系呀，来发怒呀！痛痛快快地来恨我，如何呀？！」,「悲哀？ ……呵呵，啊、哈哈哈哈哈哈！在說啥呢，有什麼關係呀，來發怒呀！痛痛快快地來恨我，如何呀？！」,"""Triste?... *giggle*giggle*, ahhahahahahaha! Che stai dicendo?! Non c'è niente di male nell'arrabbiarsi! Perché non mi odi quanto ti pare?!""","""¿Triste?... *risita*risita*, ¡ajjajajajajaja! ¡¿Qué es lo que dices?! ¡Vamos, adelante! ¡¿Por qué tan solo no me odias tanto como quieeras?!""","""ﺑﺎﺋﺴﺔ؟   ﻫﻴﻬﻴﻬﻴﻬﻴﻬﻴﻬﻴﻬﻴﻬﻴﻬﻴﻬﻲ......! ﻣﺎﺫﺍ ﺗﻘﻮﻟﻴﻦ، ﻫﻴَّﺎ، ﻳﻤﻜﻨﻚِ ﺃﻥ ﺗﻐﻀﺒﻲ! ﻟﻤﺎﺫﺍ ﻻ ﺗﻜﺮﻫﻴﻨﻨﻲ ﺑﻜﻞِّ ﻗﻮﺗﻚِ ﺇﻟﻰ ﺍﻷﺑﺪ؟!"""
Ushiromiya Ange,"""......I won't hate. ......Hating you.........means I'm doing nothing more than inheriting Aunt Eva's hatred. ......I'll break the hatred. ......I'll accept Aunt Eva's suffering, .........exorcise it, and throw it away.""","""...I won't hate. Hating you... ...means I'm doing nothing more than inheriting Aunt Eva's hatred. ...I'll put a stop to hatred. ...I'll accept Aunt Eva's pain, ......purify it, and throw it away."" ","""......I won't hate.  Hating you, .........means I'm doing nothing more than inheriting Eva oba-san's hatred.  ......I'll interrupt the hatred.  ......I'll accept Eva oba-san's pain, .........purify it, and throw it away.""",「……憎まないわ。……あんたを憎むことは、………絵羽伯母さんの憎しみをそのまま受け継ぐだけ。……私は、憎しみを断ち切る。……絵羽伯母さんの苦しみを受け止め、………それを、祓って、捨てるの。」,「……憎まないわ。……あんたを憎むことは、………絵羽伯母さんの憎しみをそのまま受け継ぐだけ。……私は、憎しみを断ち切る。……絵羽伯母さんの苦しみを受け止め、………それを、祓って、捨てるの」,"""....Не стану. Возненавидеть тебя — означает просто унаследовать ненависть тёти Евы. .....Я прерву эту ненависть. .....Я приму боль тёти Евы... Очищу её, а затем отброшу.""","""......Não irei odiar. ......Odiar você.........significa que eu não estou fazendo nada mais do que herdar o ódio da tia Eva. ......Eu irei acabar com esse ódio. ......Eu irei aceitar o sofrimento da tia Eva, .........exorcizá‐lo e descartá‐lo.""",「……不恨。……恨你，………只不过是，原封不动地继承绘羽姑母的恨罢了。……我要，斩断恨。……承受住绘羽姑母的苦楚，………将其，拔除、扔掉。」,「……不恨。……恨你，………只不過是，原封不動地繼承繪羽姑母的恨罷了。……我要，斬斷恨。……承受住繪羽姑母的苦楚，………將其，拔除、扔掉。」,"""... Non odierò. Odiarti... significherebbe che non sto facendo nulla di più che ereditare l'odio di Eva oba-san. ... Interromperò l'odio. ... Accetterò il dolore di Eva oba-san... lo purificherò, e lo butterò via.""","""... No te odiaré. Odiarte... significa que no estoy haciendo nada más que heredar el odio de la tía Eva... Romperé la cadena de odio... Aceptaré el odio de la tía Eva... lo purificaré y me desharé de él.""","""ﻟﻦ ﺃﺳﺘﻤﺮ ﻓﻲ ﻛﺮﻫﻚِ...... ...ﻓﻜﺮﻫﻚِ...... ﻻ ﻳﻌﻨﻲ ﺳﻮﻯ ﺃﻥ ﺃﺭِﺙَ ﻛﺮﻩ ﺍﻟﻌﻤﺔ ﺇﻳﻔﺎ...... ...ﺳﻮﻑ ﺃﻗﻄﻊ ﺃﻭﺍﺻﺮ ﺍﻟﻜﺮﺍﻫﻴﺔ. ﻭﺳﺄﺳﺘﻠﻢ ﻣﻌﺎﻧﺎﺓ ﺍﻟﻌﻤﺔ ﺇﻳﻔﺎ، ﻭﺃُﻃَﻬِّﺮُﻫﺎ ﺛﻢ ﺃﻟﻘﻲ ﺑﻬﺎ ﺑﻌﻴﺪًﺍ."""
{f:5:Eva Beatrice},"""Ahhahahahahahahaha!! What kind of epiphany do you think you've had? Is your head alright? I mean, why don't you just give up and die foreveeeer?!""","""Ahhahahahahahahaha!! What kind of epiphany do you think you've had? Is your head all right? Seriously, if only you'd just give up and diie! ","""Ahhahahahahahahaha!!  What kind of epiphany do you think you've had?  Is your head alright?  I mean, why don't you just give up and diie?!  ",「あっはははははははは！！　何、悟ったようなこと言ってるわけぇ？　こいつ頭大丈夫ぅ？　っていうかヘソでも噛んで死んじゃえばぁ？！,「あっはははははははは！！　何、悟ったようなこと言ってるわけぇ？　こいつ頭大丈夫ぅ？　っていうかヘソでも噛んで死んじゃえばぁ？！」,"""Аха‐ха‐ха‐ха‐ха‐ха! И что же это за прозрение тебя постигло? У тебя с головой всё в порядке? В смысле, почему бы тебе просто не сдаться и сдохнуть?!""","""Ahhahahahahahahaha!! Que tipo de epifania você está tendo? Tudo bem com a sua cabeça? Afinal, porque você simplesmente não desiste e morre bem devagaaaaaar?!""",「啊、哈哈哈哈哈哈哈哈！！都在说些什么犹如大彻大悟了的疯话啊？这家伙脑子没问题吧？不如说，咬破肚脐去死如何？！」,「啊、哈哈哈哈哈哈哈哈！！都在說些什麼猶如大徹大悟了的瘋話啊？這傢伙腦子沒問題吧？不如說，咬破肚臍去死如何？！」,"""Ahhahahahahahahaha!! Che razza di rivelazione credi di aver avuto? La tua testa è a posto? Intendo, perché non ti arrendi e muori?!","""¡¡Ajjajajajajajajaja!! ¿Qué clase de epifanía crees que tuviste? ¿Está bien tu cabeza? ¡¿Por qué tan solo no te das por vencida y mueres?!""","""ﺁﻫﺎﻫﺎﻫﺎﻫﺎﻫﺎ!! ﻻ ﺗﺘﻈﺎﻫﺮﻱ ﺑﺄﻧﻚِ ﻭﺻﻠﺖِ ﻓﺠﺄﺓً ﻟﻤﺮﺣﻠﺔ ﺍﻟﺘﻨﻮﻳﺮ. ﻫﻞ ﺻﺪﻣﺖِ ﺭﺃﺳﻚ؟ ﺃﻡ ﻋﻠﻲَّ ﺍﻟﻘﻮﻝ: ﻓﻠﺘﺴﺘﺴﻠﻤﻲ ﻭﺗﻤﻮﺗﻲ ﺇﻟﻰ ﺍﻷﺑــــﺪ؟!"""
{f:5:Eva Beatrice},"""Kyaahhahhahahahahahaha! You guys, kick her more and more, okay? Not her face, though. It wouldn't do any good kicking her pitiful face only to make it better!""","Kyaahhahhahahahahahaha! You guys, kick her more and more, okay? Not her face, though. 'Cause it'd be boring if her pitiful face got any better!"" ","Kyaahhahhahahahahahaha!  You guys, kick her more and more, okay?  Not her face, though.  'Cause it'd be boring if her pitiful face got any better!""",きゃっはっはっはははははは！　あんたら、もっともっと蹴ってやりなさい？　顔とかはダメよ。気の毒な顔がマシになっちゃったらつまんないから！」,「きゃっはっはっはははははは！　あんたら、もっともっと蹴ってやりなさい？　顔とかはダメよ。気の毒な顔がマシになっちゃったらつまんないから！」,"""Кья‐ха‐ха‐ха‐ха‐ха‐ха‐ха! Эй, мужики, попинайте‐ка её ещё как следует, ладно? Только по лицу не бейте. Потому что будет скучно, если на её лице появятся украшения!""","""Kyaahhahhahahahahahaha! Vocês, chutem ela mais e mais, tá certo? Mas não o rosto. Não seria nada bom chutar esse rostinho lamentável apenas para deixá‐lo melhor!""",「呀、哈、哈、哈哈哈哈哈哈！你们几个，给我加把劲，狠狠地踢！不过，别踢脸哦？把这长相可怜的脸踢正常了，那就没意思了！」,「呀、哈、哈、哈哈哈哈哈哈！你們幾個，給我加把勁，狠狠地踢！不過，別踢臉哦？把這長相可怜的臉踢正常了，那就沒意思了！」,"Kyaahhahhahahahahahaha! Ragazzi, prendetela a calci ancora e ancora, ok? Non sulla faccia però. Perché sarebbe noioso se la sua miserevole faccia migliorasse!""","""¡Kyaajjajjajajajajajjaja! Chicos, patéenla más y más, ¿bien? Pero no su cara. ¡No serviría de nada patear su lamentable cara solo para mejorarla!""","""ﻛﻴﺎﻫﺎﻫﺎﻫﺎﻫﺎﻫﺎﻫﺎﻫﺎ! ﺍﺭﻛﻠﻮﻫﺎ ﺃﻛﺜﺮ ﻭﺃﻛﺜﺮ، ﺃﻓﻬﻤﺘﻢ؟ ﻭﻟﻜﻦ ﻟﻴﺲ ﻭﺟﻬﻬﺎ. ﻟﻦ ﻳﻜﻮﻥ ﺭﻛﻞ ﻭﺟﻬﻬﺎ ﺍﻟﻤﺴﻜﻴﻦ ﻧﺎﻓﻌًﺎ ﺇﻻ ﻟﺘﺠﻤﻴﻠﻪ ﻭﺣﺴﺐ!"""
Ushiromiya Ange,"""Guhhkk! .........*cough*!! ...............g'......""","""Guhhkk! ......Gwah!! ......Nngg..."" ","""Gwurgh!  .........Gwah!!  ............gu, ......""",「ぐふッ！　…………がはッ！！　……………ぐ、……。」,「ぐふッ！　…………がはッ！！　……………ぐ、……」,"""Гвргх! Гвах! ............гхх...""","""Guhhkk! .........*cof*!! ...............g'......""",「咕啊！…………噶哈！！……………咕、……」,[=CN],"""Gwurgh! ... Gwah!! ... gu...""","""¡Gwurgh!... ¡¡*toser*!!... gu...""","""!ﺁﻏﻬﻬﻬﻪ. *ﻛﺤﺔ*.........!! ......ﻏﻎ..............."""
,The black‐suits persistently kicked my stomach and back.{n}......As though they had been ordered to by the black witch.,The black-suits persistently kicked my stomach and back. ...As though they had been ordered to by the black witch. ,The black-suits persistently kicked my stomach and back.......As though they had been ordered to by the black witch.,黒服たちは執拗に私の腹や背中を蹴る。……黒き魔女に命じられたかのように。,黒服たちは執拗に私の腹や背中を蹴る。{n}……黒き魔女に命じられたかのように。,Абмалы в чёрных костюмах целенаправленно пинали меня в живот и по спине.{n}Словно чёрная ведьма и впрямь повелевала ими.,"Os homens de preto continuaram a me chutar persistentemente, no estômago e nas costas.{n}......Como se estivessem sendo ordenados pela bruxa negra.",黑衣人们没完没了地踢着我的腹部与后背。{n}……宛如在听从黑魔女的命令一般。,黑衣人們沒完沒了地踢著我的腹部與後背。{n}……宛如在聽從黑魔女的命令一般。,Le uniformi nere calciarono continuamente il mio stomaco e la mia schiena. ... Proprio come se gli fosse stato ordinato dalla strega nera.,Los de traje negro pateaban mi estómago y espalda persistentemente.{n}... Como si la bruja les hubiera ordenado hacerlo., ﺭﻛﻞ ﺫﻭﻭ ﺍﻟﺒﺬﻝ ﺍﻟﺴﻮﺩﺍﺀ ﺑﺈﻟﺤﺎﺡٍ ﻣﻌﺪﺗﻲ ﻭﻇﻬﺮﻱ.{n}ﻭﻛﺄﻥَّ ﺍﻟﺴَّﺎﺣﺮﺓ ﺍﻟﺴﻮﺩﺍﺀ ﻗﺪ ﺃﻣﺮﺗﻬﻢ ﺑﺬﻟﻚ......
Sumadera Kasumi,"""......Dear me, still nothing to you, is it......? ............You keep staring right at me. You hate me? I'll bet you do. I hate you too. *snicker*snicker*snicker*......""","""...My, my, are you still not suffering after all that...? ......You keep staring right at me. Do you hate me? I'll bet you do. Same here. *giggle*giggle*giggle*..."" ","""......My, my, can't take it......?  ............You keep staring right at me.  You hate me?  I'll bet you do.  Same here.  *giggle*giggle*giggle*......""",「……やれやれ、堪えないねぇ……？　…………私をじーっと見ちゃって。私が憎い？　憎いでしょう。私もよ。くすくすくす……。」,「……やれやれ、堪えないねぇ……？　…………私をじーっと見ちゃって。私が憎い？　憎いでしょう。私もよ。くすくすくす……」,"""....Ай‐яй‐яй, не выдерживаешь? ........Всё пялишься и пялишься на меня. Ты меня ненавидишь? Бьюсь об заклад. Взаимно. *хи‐хи*хи‐хи*хи‐хи*...""","""......Poxa, ainda não está sofrendo o bastante, está......? ............Você continua olhando diretamente para mim. Você me odeia? Eu aposto que sim. Eu também te odeio. *risos*risos*risos*......""",「……哎呀哎呀，撑不住了吧……？…………直～直地盯着我看。恨我？是很恨吧。我也一样哟。呵呵呵……」,「……哎呀哎呀，撐不住了吧……？…………直～直地盯著我看。恨我？是很恨吧。我也一樣喲。呵呵呵……」,"""... Cielo, cielo, non ce la fai...? Continui a fissare solo me. Mi odi? Scommetto che mi odi. Per me vale lo stesso. *giggle*giggle*giggle*...""","""... Vaya, vaya, ¿no puedes soportarlo?... Sigues con esa mirada hacia mí. ¿Me odias? Estoy segura que sí. Yo también te odio. *risita*risita*risita*...""","""ﻳﺎ ﻟﻠﻌﺠﺐ، ﺃﻻ ﻳﻤﻜﻨﻚِ ﺍﻟﺮﺩ......؟ ﺗﻮﺍﺻﻠﻴﻦ ﺍﻟﺘﺤﺪﻳﻖ ﻓﻲَّ............ ﺃﺗﻜﺮﻫﻴﻨﻨﻲ؟ ﺃﺭﺍﻫﻦ ﺃﻧَّﻚِ ﺗﻜﺮﻫﻴﻨﻨﻲ. ﺃﻧﺎ ﺃﻳﻀًﺎ ﺃﻛﺮﻫﻚِ. ......*ﺿﺤﻚ*ﺿﺤﻚ*ﺿﺤﻚ*."""
,"Kasumi sneered at me. ......But for some reason, I had the feeling that she was crying behind that expression.","Kasumi sneered at me. ...But for some reason, I had the feeling that she was crying behind that expression. ","Kasumi sneered at me.......But for some reason, I had the feeling that she was crying behind that expression.",霞は私を嘲笑う。……でも、なぜかその表情の裏では、泣いているような気がした。,[=JP],"Глумливо обратилась ко мне Касуми. Но по какой‐то причине я не могла отделаться от ощущения, что за этим насмешливым лицом она, как за маской, скрывала свои рыдания.","Kasumi riu de mim. ......Mas, por algum motivo, eu senti que ela estava chorando por trás daquela expressão.",霞在嘲笑我。……可是，我不知怎地就是感觉到了，这副表情的背面，是在哭泣。,霞在嘲笑我。……可是，我不知怎地就是感覺到了，這副表情的背面，是在哭泣。,"Kasumi sogghignò. ... Ma per qualche ragione, avevo la sensazione che dietro a quell'espressione stesse piangendo.","Kasumi se burló de mí... Pero por alguna razón, tuve la sensación de que ella estaba llorando detrás de esa expresión.", ﺍﺳﺘﻬﺰﺃﺕ ﻛﺎﺳﻮﻣﻲ ﻣﻨﻲ. ﻭﻟﻜﻦ ﻟﺴﺒﺐٍ ﻣﺎ، ﺷﻌﺮﺕُ ﺃﻧَّﻬﺎ ﺗﺒﻜﻲ ﺧﻠﻒ ﺗﻌﺒﻴﺮﻫﺎ ﻫﺬﺍ......
,"She's had a life just as unfair as mine forced upon her, and the pain of that never, ever heals.","Just like me, the pain of being forced into an unreasonable life would never, ever heal. ","Just like me, the pain of being forced with an unreasonable life would never, ever heal.",私と同じに、理不尽な人生に強いられた痛みが、いつまでもいつまでも癒えない。,[=JP],"Как и в случае со мной, боль, насильно переданная ей несправедливой жизнью, никогда не пройдёт.","Assim como eu, ela teve uma vida irracional forçada sobre ela, e a dor disso jamais será superada.",与我相同，那被强加上没天理的人生所带来的痛，永远永远都得不到治愈。,與我相同，那被強加上沒天理的人生所帶來的痛，永遠永遠都得不到治癒。,"Proprio come me, il dolore di essere costretta ad una vita assurda non guarirà mai, mai.","Al igual que yo, el dolor de ser forzada a llevar una vida para nada razonable, nunca sanaría.", ﻓُﺮﺿﺖ ﻋﻠﻴﻬﺎ ﺣﻴﺎﺓٌ ﻻ ﺗﻘﻞُّ ﻇﻠﻤًﺎ ﻋﻦ ﺣﻴﺎﺗﻲ، ﻭﺃﻟﻤﻬﺎ ﻻ ﻳﺒﺮﺃ ﺃﺑﺪًﺍ.
,"......The sad lion continues to howl, gasping in pain from the thorn he can't get out...",...The sad lion gasping in pain from the thorn he can't get out continues to howl... ,......The sad lion gasping in pain from the thorn he can't get out continues to howl...,……抜けぬ棘の痛みに喘ぐ悲しみの獅子が、吼え続けている…。,[=JP],".....Измученный лев, судорожно ловящий пастью воздух от боли, вызванной глубоко засевшим в его лапе шипом, который он не способен выдернуть, только и может, что продолжать реветь.","......O triste leão continua a rugir, ofegante pela dor e aflição que não consegue se livrar...",……因拔不出的刺所带来的痛而呻吟哀愁的狮子，不停地吼叫着…。,……因拔不出的刺所帶來的痛而呻吟哀愁的獅子，不停地吼叫著…。,... Il triste leone boccheggiando per il dolore delle spine che non riesce a togliersi continua a lamentarsi...,"... Ese pobre león que sufre debido a la espina que no puede sacarse, aún continúa llorando...", ...ﺗﻘﺎﺳﻲ ﺃﻟﻢ ﺷﻮﻛﺔٍ ﻻ ﻳﻤﻜﻦ ﻧﺰﻋﻬﺎ.
{f:5:Eva Beatrice},"""Hey, Sumadera Kasumi, take a look. That over there is what you used to be.""","""Hey, Sumadera Kasumi, take a look. Over there, it's you as you used to be. ","""Hey, Sumadera Kasumi, take a look.  Over there, it's you as you used to be.  ",「ほら、須磨寺霞、見て御覧なさい？　かつてのあんたがそこにいるわぁ。,「ほら、須磨寺霞、見て御覧なさい？　かつてのあんたがそこにいるわぁ」,"""Эй, Сумадера Касуми, взгляни. Вот, пожалуйста, именно такой ты когда‐то была.""","""Ei, Sumadera Kasumi, veja isto. Bem ali, é como você costumava ser.""",「来，须磨寺霞，好好瞧瞧吧？在那的，就是曾经的你哦。」,「來，須磨寺霞，好好瞧瞧吧？在那的，就是曾經的你哦。」,"""Ehi, Sumadera Kasumi, dai un'occhiata. Laggiù, sei tu com'eri prima.","""Oye, Sumadera Kasumi, echa un vistazo. Esa de ahí es la que solías ser.""","""ﺃﺭﺃﻳﺖِ ﻳﺎ ﺳﻮﻣﺎﺩﻳﺮﺍ ﻛﺎﺳﻮﻣﻲ؟ ﺗﻠﻚ ﺫﺍﺗﻚِ ﺍﻟﻘﺪﻳﻤﺔ ﺟﺎﺛﻴﺔ ﺃﻣﺎﻣﻚ."""
{f:5:Eva Beatrice},"""......Doesn't that make you feel so much better? You used to be standing there, but now you're on this side, you know that? Eheheheh, isn't it delightful? Now the shoe is on the other foot!""","...Don't you feel better now? You used to be standing there, but now you're on this side, right? Heheheh, isn't it great? Don't you like having the roles switched?!"" ","......Has your mood cleared up?  You used to be standing there, but now you're on this side, right?  Eheheheh, isn't it pleasant?  Don't you like having your position switched?!""",……気分が晴れるでしょう？　かつてそこにいたあなたが、今度はこっち側にいるのよ？うふふふ、愉快でしょう？　立場が逆になるのは！」,「……気分が晴れるでしょう？　かつてそこにいたあなたが、今度はこっち側にいるのよ？　うふふふ、愉快でしょう？　立場が逆になるのは！」,"""Ну как, твое настроение улучшилось? Когда‐то ты стояла на той стороне, однако теперь стороны поменялись, не так ли? Эхе‐хе, ну разве это не греет тебе душу? Осознание, что роли поменялись?!""","""......Isso não a faz se sentir muito melhor? Você costumava ficar parada lá, mas agora está desse lado, sabia? Eheheheh, não é agradável? Parece que as posições se inverteram!""",「……很是解气吧？曾经属于那一边的你，这次是在这边了哟？呜哼哼哼，很是愉快吧？立场反转这事！」,「……很是解氣吧？曾經屬於那一邊的你，這次是在這邊了喲？嗚哼哼哼，很是愉快吧？立場反轉這事！」,"... Il tuo umore è migliorato? Prima stavi lì, ma ora stai da questa parte, giusto? Eheheheh, non è piacevole? Non ti piace l'aver cambiato posizione?!""","""... ¿No te hace sentir mucho mejor? Solías estar ahí, pero ahora estás en este lado, ¿verdad? Ejejejej, ¿no es placentero? ¡¿No te gusta cambiar de posición?!""","""ﺃﻻ ﺗﺸﻌﺮﻙِ ﺑﺎﻟﺘﺤﺴﻦ؟ ﻛﻨﺖِ ﺳﺎﺑﻘًﺎ ﻓﻲ ﻣﻜﺎﻧﻬﺎ، ﻭﻟﻜﻨﻚِ ﺍﻵﻥ ﺃﻓﻀﻞ ﻣﻨﻬﺎ، ﺃﺗﻌﻠﻤﻴﻦ؟ ﻫﻴﻬﻴﻬﻴﻬﻲ، ﺃﻟﻴﺲ ﻫﺬﺍ ﻣﺒﻬﺠًﺎ؟ ﺗﺒﺪَّﻟﺖ ﺍﻷﺩﻭﺍﺭ ﺍﻵﻥ!"""
Sumadera Kasumi,"""...............Yes, it truly does feel.........delightful......... Ahhahahahaha, how can you make that kind of face, Ange...?! Go on and cry, you want to, right?!""","""...............Yes, it truly does feel... ...great...... Ahhahahahaha, how can you make that kind of face, Ange...?! Go on and cry, you want to, right?!"" ","""............Yes, it truly is, .........pleasant.........  Ahhahahahaha, how can you make that kind of face, Ange...?!  Go on and cry, you want to, right?!""",「……………えぇ、本当に、………愉快だわ………。あっははははは、何でそんな顔が出来るのよ、縁寿…！　泣きなさいよ、泣きたいんでしょう？！」,[=JP],"""............Да, это воистину... приятно... Аха‐ха‐ха‐ха‐ха, как ты можешь делать такое лицо, Энджи?! Ну же, плачь, тебе же хочется, верно?!""","""...............Sim, é verdadeiramente.........agradável......... Ahhahahahaha, como você é capaz de fazer esse tipo de expressão, Ange...?! Vá em frente e chore, você quer, não quer?!""",「……………是啊，真的是，………好愉快啊………。啊、哈哈哈哈哈，干嘛还摆出这种脸啊，缘寿…？！去哭啊，你是很想哭的吧？！」,「……………是啊，真的是，………好愉快啊………。啊、哈哈哈哈哈，幹嘛還擺出這種臉啊，緣壽…？！去哭啊，你是很想哭的吧？！」,"""... Sì, è davvero... piacevole... ahhahahahaha, come fai a fare quella faccia, Ange...?! Vai avanti e piangi, vuoi farlo, vero?!""","""... Sí, realmente se siente... placentero... Ajjajajajaja, ¡¿cómo puedes hacer ese tipo de cara, Ange?!... Vamos, llora, es lo que quieres, ¡¿verdad?!""","""...ﺃﺟﻞ، ﻫﺬﺍ ﺣﻘًﺎ............... .........ﻣﺒﻬﺞ...... ﻫﻴﻬﻴﻬﻴﻬﻴﻬﻴﻬﻴﻬﻲ، ﻣﺎ ﺑﺎﻝ ﻧﻈﺮﺍﺗﻚِ ﻫﺬﻩ...؟ ﺗﺮﻳﺪﻳﻦ ﺍﻟﺒﻜﺎﺀ، ﺻﺤﻴﺢ؟!"""
{f:5:Eva Beatrice},"""Kyahhahahahahahaha!! Yes, yes, of course she wants to cry! Go on, make her cry.""","""Kyahhahahahahahaha!! Yes, yes, of course she wants to cry! Make her cry. ","""Kyahhahahahahahaha!!  Yes, yes, of course she wants to cry!  Make her cry.  ",「きゃっははははははは！！　そうそう、泣きたいに決まってる！　泣かせちゃいなさいって。,「きゃっははははははは！！　そうそう、泣きたいに決まってる！　泣かせちゃいなさいって」,"""Кья‐ха‐ха‐ха‐ха‐ха! Да, да, ну конечно же хочется! Заставьте её плакать.""","""Kyahhahahahahahaha!! Sim, sim, é claro que ela quer chorar! Vamos, faça‐a chorar.""",「呀、哈哈哈哈哈哈哈！！对对，她肯定想哭！去让她哭出来吧。」,「呀、哈哈哈哈哈哈哈！！對對，她肯定想哭！去讓她哭出來吧。」,"""Kyahhahahahahahaha!! Sì, sì, certo che vuole piangere! Falla piangere.","""¡¡Kyajjajajajajajaja!! ¡Sí, sí, claro que quiere llorar! Haz que llore.""","""ﻫﻴﻬﻴﻬﻴﻬﻴﻬﻴﻬﻴﻬﻴﻬﻴﻬﻴﻬﻲ!! ﺃﺟﻞ، ﺃﺟﻞ، ﺑﺎﻟﻄﺒﻊ ﺗﺮﻳﺪ ﺃﻥ ﺗﺒﻜﻲ! ﻫﻴَّﺎ ﺍﺟﻌﻠﻴﻬﺎ ﺗﺒﻜﻲ."""
{f:5:Eva Beatrice},"""You were made to cry back then, weren't you? So make her cry too. *giggle*, and Ange, it's alright, okay? Why not cry foreveeeeeeeer?! Kyaaaha‐hah‐hah‐hah‐hah‐hah!!""","Didn't someone make you cry back then? So make her cry too. *giggle* You too, Ange. If only you'd just break down and cry! Kyaaahhahhahhahhahha!!"" ","Didn't someone make you cry back then?  So make her cry too.  *giggle*, and Ange, it's alright, okay?  Why not cryyyyyyy?!  Kyaaahhahhahhahhahha!!""",あの時のあんたは泣かされちゃったじゃない。だからこいつも泣かせてやりなさいよ。くすくす、縁寿もいいのよ？　泣いちゃえばぁあぁ？！　きゃーっはっはっはっはっは！！」,「あの時のあんたは泣かされちゃったじゃない。だからこいつも泣かせてやりなさいよ。くすくす、縁寿もいいのよ？　泣いちゃえばぁあぁ？！　きゃーっはっはっはっはっは！！」,"""Разве кто‐то в прошлом не обижал тебя до слёз? Так заставь и её глотать их. *хи‐хи*, давай, Энджи, это же так естественно, ну? Почему бы не запла‐акать?! Кья‐а‐ха‐ха‐ха‐ха‐ха!!!""","""Alguém já fez você chorar antes, não fez? Então faça ela chorar também. *risos*, e Ange, está tudo bem, certo? Por que não chora bem devagaaaaar?! Kyaaaha‐hah‐hah‐hah‐hah‐hah!!""",「那时的你，不就被弄哭了嘛。所以，去把这家伙也弄哭吧。嘻嘻，缘寿你也不必撑着了哟？就哭出来如何啊——？！呀——哈哈哈哈哈！！」,「那時的你，不就被弄哭了嘛。所以，去把這傢伙也弄哭吧。嘻嘻，緣壽你也不必撐著了喲？就哭出來如何啊——？！呀——哈哈哈哈哈！！」,"Non ti aveva fatto piangere qualcuno a quei tempi? Allora fai piangere anche lei. *giggle*, e Ange, è tutto a posto, ok? Perché non piangiiiiiii?! Kyaaahhahhahhahhahha!!""","""¿No te hicieron llorar en ese entonces? Entonces haz que ella también llore. *risita*, y Ange, está bien, ¿sí? ¡¿Por qué tan solo no te das por vencida y lloras?! ¡¡Kyaaajjajjajjajjajja!!""","""ﺃﻟﻢ ﺗُﺠﺒﺮﻱ ﻋﻠﻰ ﺍﻟﺒﻜﺎﺀ ﺣﻴﻨﺬﺍﻙ؟ ﻟﺬﺍ ﺍﺟﻌﻠﻴﻬﺎ ﺗﺒﻜﻲ ﺃﻳﻀﺎً. ﻫﻴﻬﻴﻬﻴﻬﻲ، ﻫﻴﺎ ﻳﺎ ﺇﻧﺠﻲ، ﻓﻼ ﺑﺄﺱ ﻣﻦ ﺍﻟﺒﻜﺎﺀ. ﻟﻤﺎﺫﺍ ﻻ ﺗﺒﻜﻴﻦ ﺇﻟﻰ ﺍﻷﺑﺪﺩﺩﺩ؟ ﻫﻴﻬﻴﻬﻴﻬﻴﻬﻴﻬﻴﻬﻴﻬﻴﻬﻴﻬﻲ!!"""
Sumadera Kasumi,"""...Aha, ...ahahahahahahaha!! Cry, Angeee! I want to see your crying face! Cry, and try saying ""I'm sorry, Aunt Kasumi""...!!""","""...Aha, ...ahahahahahahaha!! Cry, Angee! I want to see your crying face! Cry, and try saying ""I'm sorry, Aunt Kasumi""...!!"" ","""...Aha, ...ahahahahahahaha!!  Cry, Angee!  I want to see your crying face!  Cry, and try saying 'I'm sorry, Kasumi oba-san'...!!""",「…あは、…あははははははは！！　泣きなさいよ、縁寿ぇ！　あんたの泣き顔が見たいのよ！　泣いて、ごめんなさい霞叔母さんって言ってごらんなさいよ…！！」,[=JP],"""...Аха... ха‐ха‐ха‐ха‐ха! Плачь, Энджи‐е! Я хочу увидеть твоё заплаканное лицо! Рыдай и попытайся сказать: 'Прости, тётя Касуми'.""","""...Aha, ...ahahahahahahaha!! Chore, Angeee! Eu quero ver seu rosto coberto por lágrimas! Chore, e então diga ""Me desculpe, tia Kasumi""...!!""",「…啊哈，…啊哈哈哈哈哈哈哈！！哭啊，缘寿！我好想看你的哭脸哦！哭着把“对不起，霞姨母”说来看看呀…！！」,「…啊哈，…啊哈哈哈哈哈哈哈！！哭啊，緣壽！我好想看你的哭臉哦！哭著把“對不起，霞姨母”說來看看呀…！！」,"""... Aha... ahahahahahahaha!! Piangi, Ange! Voglio vedere la tua faccia quando piangi! Piangi, e prova a dire ‘mi spiace, Kasumi oba-san’...!!""","""... ¡¡Aja... ajajajajajjajaja!! ¡¡Llora, Angeee!! ¡Quiero ver tu cara llena de lágrimas! ¡¡Llora, e intenta decir ""Lo siento, tía Kasumi""!!...""","""ﻫﻴﻪ، ...ﻫﻴﻬﻴﻬﻴﻬﻴﻬﻴﻬﻴﻬﻲ... ﺍﺑﻜﻲ ﻳﺎ ﺇﻧﺠﻲ! ﺃﺭﻳﺪ ﺃﻥ ﺃﺭﻯ ﻭﺟﻬﻚِ ﺍﻟﺒﺎﻛﻲ! ...ﻫﻴَّﺎ ﺍﻧﺘﺤﺒﻲ ﻭﻗﻮﻟﻲ: ""ﺃﻧﺎ ﺁﺳﻔﺔ ﻳﺎ ﺧﺎﻟﺘﻲ ﻛﺎﺳﻮﻣﻲ!!"""
{f:5:Eva Beatrice},"""Yes, make her say those words. ......Those words hurt, right? Being made to apologize for something that isn't your fault......hurt a lot, didn't it......?""","""Yes, make her say those words. ...Aren't those words painful? Isn't being made to apologize for something that isn't your fault...just the worst pain...? ","""Yes, make her say those words.  ......Aren't those words painful?  Isn't being made to apologize for something that isn't your fault, ......truly painful......?  ",「そう、その言葉を言わせるのよ。……あの言葉、辛いでしょ？　自分のせいじゃないことを謝らせられるのって、……本当に辛かったでしょう……？,「そう、その言葉を言わせるのよ。……あの言葉、辛いでしょ？　自分のせいじゃないことを謝らせられるのって、……本当に辛かったでしょう……？」,"""Да, заставьте её произнести эти слова. .....Разве они не болезненны? Разве извиняться за что‐то, в чём ты не виновата... не рвёт тебе душу?""","""Sim, faça ela dizer isso. ......Essas palavras machucam, não machucam? Ser forçada a se desculpar por algo que não é sua culpa......dói muito, não dói......?""",「对，就是要让她说这话。……说这话可难受了吧？被逼迫着为并非自己的错道歉，……真的很难受吧……？」,「對，就是要讓她說這話。……說這話可難受了吧？被逼迫著為並非自己的錯道歉，……真的很難受吧……？」,"""Sì, falle dire quelle parole. ... Non sono dolorose quelle parole? L'essere costretti a scusarsi per qualcosa che non è un tuo errore non è forse... davvero doloroso...?","""Sí, haz que ella diga esas palabras... ¿No son dolorosas esas palabras? ¿El hacer que te disculpes por algo que no es tu culpa no es muy... muy doloroso?...""","""ﻧﻌﻢ، ﺃﺟﺒﺮﻳﻬﺎ ﻋﻠﻰ ﻗﻮﻝ ﺫﻟﻚ. ﺃﻟﻴﺴﺖ ﺗﻠﻚ ﺍﻟﻜﻠﻤﺎﺕ ﻣﺆﻟﻤﺔ؟ ﺃﻟﻴﺲ ﻣﺆﻟﻤًﺎ ﺍﻻﻋﺘﺬﺍﺭ ﺇﻟﻰ ﺃﺣﺪٍ ﻟﻢ ﺗﺴﺊ ﻟﻪ ﺑﺸﻲﺀ؟"""
{f:5:Eva Beatrice},"""Make her go through the same thing... By doing that, you can relieve your pain.""","Make her feel the same way... By doing that, you can relieve your pain. ","Make her feel the same way...  By doing that, you can relieve your pain.  ",同じ思いをさせてやるのよ…。そうすることで、あなたの痛みは和らげることが出来るの。,「同じ思いをさせてやるのよ…。そうすることで、あなたの痛みは和らげることが出来るの」,"""Заставь её испытать то же самое... Тем самым ты сможешь утихомирить собственную боль.""","""Faça ela passar pela mesma coisa... Fazendo isso, você pode diminuir sua dor.""",「让她也尝尝这个滋味…。这么做了，你的痛就能得到缓和。」,「讓她也嘗嘗這個滋味…。這麼做了，你的痛就能得到緩和。」,"Falla sentire allo stesso modo... facendo ciò, puoi alleviare il tuo dolore.","""Haz que ella se sienta de la misma manera... Al hacer eso, puedes aliviar tu dolor.""","""...ﺍﺟﻌﻠﻴﻬﺎ ﺗﺸﻌﺮ ﺑﻤﺎ ﺷﻌﺮﺕِ ﺑﻪ! ﻫﻜﺬﺍ ﺳﻮﻑ ﺗﺨﻔﻔﻴﻦ ﺃﻟﻤﻚ."""
{f:5:Eva Beatrice},"""......Ehheheheh, yes, that's the way. Be more honest with yourself. Why not spit out your emotions more and more and more foreveeeeeeeer?!""","...Hehheheheh, yeah, that's it. Be a little more honest with yourself, okay? If only you'd just let your emotions run free more, and more, and mooooooooooore!"" ","......Ehheheheh, yes, that's fine.  Be a little more honest with yourself, right?  Why not spit out your emotions more, and more, and mooooooooooore?!""",……うっふふふ、そうよ、それでいいのよ。もっと自分に素直になりなさい？　もっともっといっぱいに、自分の感情を吐き出しちゃえばぁあああぁあ？！」,「……うっふふふ、そうよ、それでいいのよ。もっと自分に素直になりなさい？　もっともっといっぱいに、自分の感情を吐き出しちゃえばぁあああぁあ？！」,""".....Эхе‐хе‐хе‐хе‐хе, да, всё путём. Будь почестнее с собой, ладно? Почему бы тебе как следует, ещё и ещё, не дать выход своим эмоция‐а‐а‐ам?!""","""......Ehheheheh, sim, assim mesmo. Seja mais honesta consigo mesma. Por que não coloca todas as suas emoções para fora, mais e mais e mais, bem devagaaaaaar?!""",「……呜、哼哼哼，对，就是得这样。去更加地忠于自己吧？就去更加更加尽情地把自己的感情发泄出来如何——————？！」,「……嗚、哼哼哼，對，就是得這樣。去更加地忠於自己吧？就去更加更加盡情地把自己的感情發泄出來如何——————？！」,"... Ehheheheh, sì, questo va bene. Sii un po' più onesta con te stessa, d'accordo? Perché non sputi fuori le tue emozioni di più, e di più, e di piùùùùùùùù?!""","""... Ejjejeje, sí, eso está bien. Sé un poco más honesta contigo. ¡¿Por qué tan solo no dejas que tus emociones fluyaaaaaan?""","""ﻫﻴﻬﻴﻬﻴﻬﻲ، ﺃﺟﻞ، ﻫﻜﺬﺍ ﺗﻤﺎﻣًﺎ...... ﻛﻮﻧﻲ ﺃﻛﺜﺮ ﺻﺪﻗًﺎ ﻣﻊ ﺫﺍﺗﻚِ  ﻟﻤﺎﺫﺍ ﻻ ﺗﻔﺮﻏﻴﻦ ﻋﻮﺍﻃﻔﻚِ ﺃﻛﺜﺮ ﻭﺃﻛﺜﺮ ﻭﺃﻛﺜﺮ ﺇﻟﻰ ﺍﻷﺑﺪﺩﺩﺩﺩ؟!"""
,......The black witch stirred Kasumi up.{n}And Kasumi began to give herself over to that dark emotion.,...The black witch provoked Kasumi. And Kasumi began to give herself over to that dark emotion. ,......The black witch stirred Kasumi up.And Kasumi began to give herself over to that dark emotion.,……黒き魔女は霞を煽る。霞も、その黒き感情に身を委ねていく。,……黒き魔女は霞を煽る。{n}霞も、その黒き感情に身を委ねていく。,.....Чёрная ведьма подзуживала Касуми.{n}И Касуми стала поддаваться тому чёрному чувству.,......A bruxa da escuridão atiçou Kasumi.{n}E Kasumi começou a oferecer mais daquela emoção negra.,……黑魔女在煽动霞。{n}霞也在越发地将自身交由这份黑色感情支配。,……黑魔女在煽動霞。{n}霞也在越發地將自身交由這份黑色感情支配。,... La strega nera incitò Kasumi. E Kasumi cominciò ad abbandonarsi a quell'oscuro sentimento.,... La bruja negra estaba provocando a Kasumi.{n}Y Kasumi comenzó a entregarse a esa emoción oscura., ﺣﺮَّﺿﺖ ﺍﻟﺴَّﺎﺣﺮﺓ ﺍﻟﺴﻮﺩﺍﺀ ﻛﺎﺳﻮﻣﻲ......{n}ﻭﺑﺪﺃﺕ ﻛﺎﺳﻮﻣﻲ ﺗﺴﺘﺴﻠﻢ ﻟﺬﻟﻚ ﺍﻟﺸُّﻌﻮﺭ ﺍﻟﻤُﻈﻠﻢ.
,"......She was doing nothing more than turning her deep sadness into cheap booze and forcing it down, trying to forget for just a brief moment.","...By turning deep sadness into an evil alcohol and forcing it down, trying to forget it for just an instant, nothing would change. ","......By turning deep sadness into an evil alcohol and forcing it down, trying to forget it for just an instant, nothing would change.",……深い悲しみを悪い酒にして無理やり溺れ、束の間だけ忘れようとしているのと、何も変わらない。,[=JP],"От преображения глубокой печали в злой хмельной напиток, который затем проглатывается одним глотком, чтобы хоть на мгновение забыть эту самую печаль, ничего не изменится.","......Ela não estava fazendo mais do que transformar suas profundas tristezas em um álcool ruim e se afogar nele, tentando esquecer tudo por um breve momento.",……这与将深深的悲伤化为烈酒强行灌醉自己，想在那一刹那间忘掉一切，没有任何不同。,……這與將深深的悲傷化為烈酒強行灌醉自己，想在那一剎那間忘掉一切，沒有任何不同。,"... Trasformando la profonda tristezza in un diabolico alcol e ingoiandolo, cercando di dimenticare anche solo per un istante, non farà cambiare nulla.","... No hacía más que convertir su profunda tristeza en alcohol barato y forzarse a beberlo, tratando de olvidar por un breve momento.",...ﻟﻢ ﺗﻜﻦ ﺗﻔﻌﻞ ﺷﻴﺌًﺎ ﺳﻮﻯ ﺗﺤﻮﻳﻞ ﺣﺰﻧﻬﺎ ﺍﻟﻌﻤﻴﻖ ﺇﻟﻰ ﺧﻤﺮٍ ﺭﺧﻴﺺٍ ﻭﺗﺠﺮُّﻋﻪ ﻗﺴﺮًﺍ، ﻣﺤﺎﻭﻟﺔً ﺍﻟﻨﺴﻴﺎﻥ ﻟﻠﺤﻈﺔٍ ﻭﺟﻴﺰﺓٍ ﻓﺤﺴﺐ.
,The words Kasumi insulted me with.........were themselves......sad.,The words Kasumi insulted me with... ...were themselves... sad. ,"The words Kasumi insulted me with, .........were themselves, ......sad.",　霞が私を罵る言葉が、………そのまま、……悲しい。,霞が私を罵る言葉が、………そのまま、……悲しい。,"Сами слова, которым меня оскорбляла Касуми, были полны... горя.",As palavras que Kasumi usou para me insultar.........também eram......tristes.,霞辱骂我的言语，………直接带有着，……这份悲哀。,霞辱罵我的言語，………直接帶有著，……這份悲哀。,Le parole con cui Kasumi mi insultava... erano... tristi.,Las mismas palabras con las que Kasumi me insultó... eran... tristes., ...ﻛﺎﻧﺖ ﺍﻟﻜﻠﻤﺎﺕ ﺍﻟﺘﻲ ﺃﻫﺎﻧﺘﻨﻲ ﺑﻬﺎ ﻛﺎﺳﻮﻣﻲ. ...ﻓﻲ ﺣﺪِّ ﺫﺍﺗﻬﺎ...... ﺣﺰﻳﻨﺔ...
,And...I couldn't forgive the black witch for taking advantage of Kasumi's sadness.........,"And, I couldn't forgive the black witch who had imposed that sadness on Kasumi...... ",And...I couldn't forgive the black witch who had imposed that sadness on Kasumi.........,そして、その霞の悲しみに付け込む、黒き魔女が、許せない………。,[=JP],"И я не могла простить чёрную ведьму, навязавшую эту печаль Касуми...",E...eu não posso perdoar a bruxa da escuridão por tirar vantagem da tristeza de Kasumi.........,乘机利用霞的悲伤的黑魔女，不可原谅………。,乘機利用霞的悲傷的黑魔女，不可原諒………。,E... non potevo perdonare la strega nera che aveva imposto quella tristezza a Kasumi...,Y... yo no podía perdonar a la bruja negra que había impuesto esa tristeza en Kasumi..., .........ﻭﻟﻢ...ﺃﺳﺘﻄﻊ ﺃﻥ ﺃﺳﺎﻣﺢ ﺍﻟﺴَّﺎﺣﺮﺓ ﺍﻟﺴﻮﺩﺍﺀ ﻋﻠﻰ ﺍﺳﺘﻐﻼﻟﻬﺎ ﻟﺤﺰﻥ ﻛﺎﺳﻮﻣﻲ.
,".........I had gone limp on the ground, which seemed to have sapped the black‐suits of their enthusiasm for kicking.","......I had gone limp, which seemed to have stopped the black-suits' kicking competition. ",".........I had gone limp, which seemed to have stopped the black-suits' kicking competition.",………私がぐったりとしたので、黒服たちも私を蹴る張り合いがなくなったらしい。,[=JP],"Я обмякла, что, по‐видимому, приостановило состязание ""кто сильнее меня отпинает"" среди Касуминых шестёрок.",".........Eu fiquei no chão, incapaz de me mover, o que parece ter feito os homens de terno perderem o entusiasmos em me chutar.",………好像是由于我摊着不动了，所以黑衣人们也觉得踢我很没劲了。,………好像是由於我攤著不動了，所以黑衣人們也覺得踢我很沒勁了。,"... Stavo arrancando, il che sembrava aver fermato le uniformi nere e la loro gara di calci.","... Me había quedado débil, lo cual parecía haber detenido la competición de patadas de los de traje negro.", ﺍﺭﺗﺨﻴﺖُ ﻋﻠﻰ ﺍﻷﺭﺽ، ﻣﻤَّﺎ ﺟﻌﻞ ﺫﻭﻱ ﺍﻟﺒﺬﻝ ﺍﻟﺴﻮﺩﺍﺀ ﻳﻔﻘﺪﻭﻥ ﺣﻤﺎﺳﻬﻢ ﻟﻠﺮَّﻛﻞ.........
,...Or maybe the kickers had finally gotten tired too.,...Or maybe the kickers were getting tired too. ,...Or maybe the people kicking were getting tired too.,…あるいは、蹴る方もそろそろ疲れたのかもしれない。,[=JP],"А может, они просто устали.",...Ou talvez os chutadores finalmente ficaram cansados?,…又或许是他们踢累了也说不定。,…又或許是他們踢累了也說不定。,... O forse le persone che stavano calciando si stavano stufando.,... O quizá la gente que pateaba también se estaba cansando.,...ﺃﻭ ﺭﺑَّﻤﺎ ﺗﻌﺒﻮﺍ ﺃﺧﻴﺮًﺍ.
,"Kasumi hadn't ordered them to stop, but at some point, the violence had halted.","Kasumi didn't order them to stop, but at some point, they did. ","Kasumi didn't order them to stop, but at some point, they halted.",霞が止めろと命令したわけでもないが、いつの間にか、暴行は中断されていた。,[=JP],"Касуми не велела им прекращать, но в какой‐то момент они просто остановились сами.","Kasumi não os ordenou para parar, mas em algum momento, a violência cessou.",虽然霞没有命令停手，但在不知不觉间，暴行就停了。,雖然霞沒有命令停手，但在不知不覺間，暴行就停了。,"Kasumi non gli aveva ordinato di fermarsi, ma a un certo punto, si fermarono.","Kasumi no les había ordenado que se detuvieran, pero en algún momento, lo hicieron.",ﻟﻢ ﺗﺄﻣﺮﻫﻢ ﻛﺎﺳﻮﻣﻲ ﺑﺎﻟﺘﻮﻗُّﻒ، ﺇﻻ ﺃﻧﻪ ﺗﻮﻗﻒ ﻓﺠﺄﺓً.
,"However, I was reflected in Kasumi's eyes, and they were burning me with flames of hatred.","However, I was reflected in Kasumi's eyes, and they burned me with flames of hatred. ","However, I was reflected in Kasumi's eyes, and they burned me with flames of hatred.",しかし、霞の瞳には私が映り、その私を憎悪の炎で焼いている。,[=JP],"Однако я отражалась в глазах Касуми, и они обжигали меня пламенем ненависти.","Porém, eu estava refletida nos olhos de Kasumi; eles me queimavam com chamas de ódio.",然而，霞却还在以憎恶的火焰焚烧着，映照在她瞳孔中的我。,然而，霞卻還在以憎惡的火焰焚燒著，映照在她瞳孔中的我。,"In ogni caso, ero riflessa negli occhi di Kasumi, e quelli mi bruciavano con le fiamme dell'odio.","Sin embargo, yo estaba reflejada en los ojos de Kasumi, y ellos me quemaban con llamas de odio.", ﺍﻧﻌﻜﺴﺖ ﺻﻮﺭﺗﻲ ﻓﻲ ﻋﻴﻨَﻲ ﻛﺎﺳﻮﻣﻲ، ﻭﻛﺎﻧﺘﺎ ﺗﺤﺮﻗﺎﻧﻲ ﺑﻨﺎﺭ ﺍﻟﺤﻘﺪ.
,......She had been tempted by the witch into doing that in order to relieve her own pain.,...She had been tempted by the witch to do that in order to relieve her own pain. ,......She had been tempted by the witch to do that in order to relieve her own pain.,……そうすれば痛みが和らぐと、黒き魔女にそそのかされて。,[=JP],"Ведьма искушала так поступать, чтобы та могла усмирить свою боль.",......Ela foi tentada pela bruxa a fazer isto a fim de aliviar sua própria dor.,……受着黑魔女所说的“这么做就能缓和痛楚”的唆使。,……受著黑魔女所說的“這麼做就能緩和痛楚”的唆使。,... Era stata tentata dalla strega a fare questo per alleviare il proprio dolore.,... Ella había sido tentada por la bruja a hacer eso para así poder aliviar su propio dolor., ﺃﻏﺮﺗﻬﺎ ﺍﻟﺴَّﺎﺣﺮﺓ ﺑﻔﻌﻞ ﺫﻟﻚ ﻟﺘﺨﻔِّﻒ ﻣﻦ ﺃﻟﻤﻬﺎ......  
{f:5:Eva Beatrice},""".........Sumadera Kasumi. You aren't done. You've got much more trampling to do. Can you forgive what happened to your entire life with just this little bit of violence?""","""......Sumadera Kasumi, you aren't done yet. You've got much more trampling to do, right? Can you forgive what happened to your entire life with just a little violence?"" ",""".........Sumadera Kasumi.  You aren't done.  You've got much more trampling to do, right?  Can you forgive what happened to your entire life with just a little violence?""",「………須磨寺霞。まだよ。まだまだ踏み躙りなさい？　あなたの人生は、こんなほんのちょっとの乱暴で許せるのぉ？」,[=JP],""".........Сумадера Касуми. Ты не закончила. У тебя впереди ещё предостаточно втаптываний в грязь, не так ли? Разве ты можешь простить то, что сотворили с твоей жизнь, всего лишь после небольшого насилия?""",""".........Sumadera Kasumi. Ainda não. Você não quer pisar mais nela? Você pode perdoar o que aconteceu com sua vida só com esse pouco de violência?""",「………须磨寺霞。还不够哟。得去更加更加地践踏哦？你的人生，是光靠这么一点点的粗暴发泄，就能咽下气的吗？」,「………須磨寺霞。還不夠喲。得去更加更加地踐踏哦？你的人生，是光靠這麼一點點的粗暴發泄，就能咽下氣的嗎？」,"""... Sumadera Kasumi. Non hai finito. Hai ancora molti calpestamenti da fare, vero? Puoi perdonare ciò che accaduto a tutta la tua vita con solo un po' di violenza?""","""... Sumadera Kasumi. Aún no terminaste. Aún tienes que humillarla más, ¿verdad? ¿Puedes olvidar todo lo que te pasó en tu vida con solo un poco de violencia?""","""ﺳﻮﻣﺎﺩﻳﺮﺍ ﻛﺎﺳﻮﻣﻲ......... ﻟﻢ ﺗﻨﺘﻬﻲ ﺑﻌﺪ. ﻟﺪﻳﻚِ ﺍﻟﻤﺰﻳﺪ ﻣﻦ ﺍﻟﺴﺤﻖ ﻟﺘﻔﻌﻠﻴﻪ. ﺃﻳﻤﻜﻨﻚِ ﺃﻥ ﺗﺴﺎﻣﺤﻲ ﻣﺎ ﺣﺪﺙ ﻟﺤﻴﺎﺗﻚِ ﺑﺄﻛﻤﻠﻬﺎ ﺑﻬﺬﺍ ﺍﻟﻌﻨﻒ ﺍﻟﻘﻠﻴﻞ ﻭﺣﺴﺐ؟"""
Sumadera Kasumi,"""...I can't forgive what happened. ......It'll take a lot more than this for me to forgive that.""","""...I can't. ...I still can't forgive her with just this."" ","""...I can't.  ......I still can't forgive her with just this.""",「…許せないわよ。……まだ、これくらいでは許せないんだから。」,「…許せないわよ。……まだ、これくらいでは許せないんだから」,"""...Не могу. .....Я всё ещё не могу простить её даже после такого.""","""...Eu não posso perdoar o que aconteceu. ......Eu vou precisar de muito mais do que isso para perdoar aquilo.""",「…咽不下气。……这种程度，是咽不下这口气的。」,「…咽不下氣。……這種程度，是咽不下這口氣的。」,"""... Non posso. ... Non posso ancora perdonarla solo con questo.""","""... No puedo... Aún no puedo perdonarla con solo esto.""","""ﻻ ﻳﻤﻜﻨﻨﻲ ﺃﻥ ﺃﺳﺎﻣﺢ ﻋﻠﻰ ﻣﺎ ﺣﺪﺙ... ﺳﻴﺘﻄﻠَّﺐ ﺍﻷﻣﺮ ﺃﻛﺜﺮ ﺑﻜﺜﻴﺮٍ ﻣﻦ ﻫﺬﺍ ﻷﺳﺎﻣﺢ ﻋﻠﻰ ﺫﻟﻚ......"""
{f:5:Eva Beatrice},"""Right? There's no way you can forgive! Do it more! More of the flames of hatred! Nothing can warm you except the flames of hate. You are freezing in the snow fields of anger and sadness, and the only flame that can warm you up is hatred...!!""","""Right? There's no way you can forgive her! Do it more! More of the flames of hatred! Nothing can warm you except the fires of hate. After being frozen in the snow fields of anger and sadness, the only flame that can warm you is hatred...!! ","""Right?  There's no way you can forgive her!  Do it more!  More of the flames of hatred!  Nothing can warm you except the flames of hate.  After being frozen in the snow fields of anger and sadness, the only flame that can warm you up is hatred...!!  ",「でしょう？　許せるわけがない！　もっとよ！　もっと憎悪の炎を！　憎しみの炎でしかあなたは暖を取れないの。怒りと悲しみの雪原で凍えるあなたを温められる炎は、憎しみだけなのよ…！！,「でしょう？　許せるわけがない！　もっとよ！　もっと憎悪の炎を！　憎しみの炎でしかあなたは暖を取れないの。怒りと悲しみの雪原で凍えるあなたを温められる炎は、憎しみだけなのよ…！！」,"""Вот видишь? Тебе просто никак её не простить! Так давай же! Заставь пламя ненависти полыхать ещё жарче! Ничто не согреет тебя, кроме огня ненависти. Подвергшись обморожению среди снежных полей гнева и печали, единственный огонь, способный тебя согреть — это ненависть!""","""Pois é? Não tem como você perdoar! Faça mais! Mais dessas chamas de ódio! Nada mais pode aquecer você além das chamas do ódio. Você está congelando em meio à um campo nevado de raiva e tristeza, e a única chama que pode aquecer você é a chama do ódio...!!""",「是吧？没可能咽的下气！得继续来哦！燃起更猛的憎恶之焰！只有憎恨的火焰能令你取暖。能温暖在愤怒与悲伤的雪原上冻僵了的你的火焰，仅为憎恨这一种哟…！！」,「是吧？沒可能咽的下氣！得繼續來哦！燃起更猛的憎惡之焰！只有憎恨的火焰能令你取暖。能溫暖在憤怒與悲傷的雪原上凍僵了的你的火焰，僅為憎恨這一種喲…！！」,"""Vero? Non c'è modo che tu la possa perdonare! Fallo ancora! Più fiamme d'odio! Niente può scaldarti eccetto che le fiamme dell'odio. Dopo essere stata ghiacciata nei campi innevati della rabbia e della tristezza, l'unica fiamma che ti può scaldare è l'odio...!!","""¿Verdad? ¡No hay forma en la que la puedas perdonar! ¡Hazlo más! ¡Más llamas del odio! Nada puede darte calidez excepto las llamas del odio. ¡¡Después de haber sido congelada en los campos congelados de la rabia y la tristeza, la única llama que puede calentarte es la del odio!!...""","""ﺃﻟﻴﺲ ﻛﺬﻟﻚ؟ ﻣﺴﺘﺤﻴﻞٌ ﺃﻥ ﺗﺴﺎﻣﺤﻲ! ﺯﻳﺪﻱ ﻣﻦ ﻓﻌﻠﻚِ! ﺯﻳﺪﻱ ﻣﻦ ﻧﺎﺭ ﺍﻟﺤﻘﺪ! ﻻ ﺷﻲﺀ ﺳﻴﺪﻓﺌﻚِ ﺳﻮﺍﻩ. ...ﻻ ﺷﻲﺀ ﻛﻔﻴﻞٌ ﺑﺘﺪﻓﺌﺘﻚِ ﻓﻲ ﺯﻣﻬﺮﻳﺮ ﺍﻟﻐﻀﺐ ﻭﺍﻟﺤﺰﻥ ﺍﻟﻘﺎﺭﺱ ﻏﻴﺮ ﺍﻟﺤﻘﺪ!!"""
{f:5:Eva Beatrice},"""Come on, say it! Scream it!! Why don't you burn yourself to ashes with a roar of hate foreveeeeeeer?!""","Say it, okay? Scream it!! If only you'd just burn yourself to ashes with a roar of haaaaaaaaaate!"" ","Say it, alright?  Scream it!!  Why not burn yourself to ashes with a roar of haaaaaaaaaate?!""",ほら、言って？　叫んで？！　憎しみの咆哮で、自分を燃やし尽くしちゃえばぁあああああッ？！」,「ほら、言って？　叫んで？！　憎しみの咆哮で、自分を燃やし尽くしちゃえばぁあああああッ？！」,"""Скажи это, хорошо? Прокричи! Почему бы не сжечь себя до пепла рёвом ненавист‐и‐и?!""","""Vamos, diga! Grite!! Por que você não queima às cinzas com um rugido de ódio bem devagaaaaar?!""",「来，去说吧？去喊吧？！就去以憎恨之咆哮，将自己燃尽如何——————？！」,「來，去說吧？去喊吧？！就去以憎恨之咆哮，將自己燃盡如何——————？！」,"Dillo, d'accordo? Urlalo!! Perché non ti bruci fino a diventare cenere con un ruggito d'oooooooooodio?!""","""¡Vamos, dilo! ¡¡Grítalo!! ¡¿Por qué tan solo no reduces a cenizas tus lamentos de dolor?!""","""!ﻫﻴَّﺎ، ﻗﻮﻟﻴﻬﺎ. ﺍﺻﺮﺧﻲ ﺑﻬﺎ!! ﻟﻤﺎﺫﺍ ﻻ ﺗﺤﺮﻗﻴﻦ ﻧﻔﺴﻚِ ﺣﺘﻰ ﺗﺼﻴﺮﻱ ﺭﻣﺎﺩﺍً ﺑﺰﺋﻴﺮ ﻛﺮﺍﻫﻴﺔٍ ﺇﻟﻰ ﺍﻷﺑﺪﺩﺩﺩ؟"""
Sumadera Kasumi,"""U‐......USHIROMIYA ANGEEEEEEEEE!! Loathing you......is what allows me to draw breath!! Ehhehe{0}he{0}ha{0}hha{0}ha{0}ha{0}ha{0}ha{0}ha{0}ha{0}ha{0}hahaha!!""","""...U-Ushiromiya Angeeeeeeeee!! I cannot live...without hating you!! Hehhehehehahhahahahahahahahahahaha!!"" ","""U, ......Ushiromiya Angeeeeeeeee!!  I cannot live, ......without hating you!!  Ehhehehehahhahahahahahahahahahaha!!""",「う、……右代宮縁寿ぇえええぇええぇッ！！　あんたを憎まなくちゃ、……私は生きてられないの！！うっふふふっはっはははははははははははッ！！」,「う、……右代宮縁寿ぇえええぇええぇッ！！　あんたを憎まなくちゃ、……私は生きてられないの！！　うっふふふっはっはははははははははははッ！！」,"""У... Уширомия Энджи‐е‐е‐е‐е! Я не могу жить, не испытывая при этом ненависти к тебе! Эхе‐хе‐хе‐хе‐ха‐ха‐ха‐ха‐ха!!!""","""U‐......USHIROMIYA ANGEEEEEEEEE!! A aversão a você......é o que me mantém viva!! Ehhehe{0}he{0}ha{0}hha{0}ha{0}ha{0}ha{0}ha{0}ha{0}ha{0}ha{0}hahaha!!""",「右、……右代宫缘寿————————！！不去恨你，……我就没法活！！呜、哼哼哼、哈、哈哈哈哈哈哈哈哈哈哈哈！！」,「右、……右代宮緣壽————————！！不去恨你，……我就沒法活！！嗚、哼哼哼、哈、哈哈哈哈哈哈哈哈哈哈哈！！」,"""U... Ushiromiya Angeeeeeeeee!! Non posso vivere... senza odiarti!! Ehhehehehahhahahahahahahahahahaha!!""","""¡¡U-Ushiromiya Angeeeeeeeee!! ¡¡No puedo vivir... sin odiarte!! ¡¡Ejjejejejajjajajajajajajajajajaja!!"""," ﺃﻭ-......ﺃﻭﺷﻴﺮﻭﻣﻴﺎ ﺇﻧﺠﻴﻴﻴﻴﻲ!! ﺣﻘﺪﻱ ﻟﻚِ......ﻻ ﺃﺳﺘﻄﻴﻊ ﺍﻟﻌﻴﺶ ﺑﺪﻭﻧﻪ!! ﻫﻴﻬﻴﻬﻴﻬﻴﻬﻴﻬﻴﻬﻴﻬﻴﻬﻴﻬﻴﻬﻴﻬﻴﻬﻴﻬﻴﻬﻲ!!"""
{f:5:Eva Beatrice},"""Sumadera Kasumi, that bouquet of flowers. .........These flowers are for your dead family, right, Ange?""","""Sumadera Kasumi, look at that bundle of flowers. ......These flowers are for your dead family, right, Ange?"" ","""Sumadera Kasumi, that bundle of flowers.  .........These flowers are for your dead family, right, Ange?""",「須磨寺霞、あの花束を。………これぇ、死んだ家族への花でしょ、縁寿？」,[=JP],"""Сумадера Касуми, взгляни на тот букет цветов. .......Он предназначен для твоей покойной семьи, верно, Энджи?""","""Sumadera Kasumi, aquele buquê de flores. .........Aquelas flores são para a sua falecida família, não é, Ange?""",「须磨寺霞，把那花束。………这个是要献给死去的家人的花吧，缘寿？」,「須磨寺霞，把那花束。………這個是要獻給死去的家人的花吧，緣壽？」,"""Sumadera Kasumi, quel mazzetto di fiori. ... Quei fiori sono per la tua defunta famiglia, vero, Ange?""","""Sumadera Kasumi, ese racimo de flores... Estas flores son para tu difunta familia, ¿verdad, Ange?""","""ﺑﺎﻗﺔ ﺍﻟﺰُّﻫﻮﺭ ﺗﻠﻚ ﻳﺎ ﺳﻮﻣﺎﺩﻳﺮﺍ ﻛﺎﺳﻮﻣﻲ. ﺃﻟﻴﺴﺖ ﻫﺬﻩ ﺍﻟﺰُّﻫﻮﺭ ﻟﻌﺎﺋﻠﺘﻚِ ﺍﻟﺮَّﺍﺣﻠﺔ ﻳﺎ ﺇﻧﺠﻲ.........؟"""
,"The black witch grinned at me unpleasantly, and used her chin to signal Kasumi to pick them up.","The black witch grinned at me unpleasantly, using her chin to signal Kasumi to pick it up. ","The black witch grinned at me unpleasantly, using her chin to signal Kasumi to pick it up.",黒き魔女は、ニヤリといやらしく私に笑うと、顎で霞にそれを拾えと指示する。,[=JP],"Неприятно ухмыльнувшись мне, чёрная ведьма подбородком посигналила Касуми поднять букет.","A bruxa da escuridão sorriu para mim de forma desagradável, e, com seu queixo, fez sinal para que Kasumi o pegasse.",黑魔女朝我面目可憎地一笑，以下巴指示霞捡起花束。,黑魔女朝我面目可憎地一笑，以下巴指示霞撿起花束。,"La strega nera sogghignò fastidiosamente, usando il mento per indicare a Kasumi di raccoglierlo.","La bruja negra me sonrió de manera maliciosa, usando su barbilla para indicarle a Kasumi que lo alzara.", ﺍﺑﺘﺴﻤﺖ ﺍﻟﺴَّﺎﺣﺮﺓ ﺍﻟﺴﻮﺩﺍﺀ ﻓﻲ ﻭﺟﻬﻲ ﺑﺸﻜﻞٍ ﻏﻴﺮ ﻣﺮﻳﺢ، ﻭﺃﺷﺎﺭﺕ ﺑﺬﻗﻨﻬﺎ ﺇﻟﻰ ﻛﺎﺳﻮﻣﻲ ﻟﺘﻠﺘﻘﻄﻬﺎ.
,"Kasumi picked up the flowers I was going to offer, .........brought them all the way over to me, dropped them in front of me, and made a show of trampling them...","Kasumi picked up the flowers I was going to offer, ......brought them all the way over to me, dropped them, and made a show of trampling them... ","Kasumi picked up the flowers I was going to offer, .........brought them all the way over to me, dropped them, and made a show of trampling them...",霞は私が落とした手向けの花束を拾い、………わざわざ持ってきて、私の前に落とし、これ見よがしに踏み躙ってみせる…。,[=JP],"Та подняла цветы, которые я собиралась возложить, поднесла их ко мне, швырнула на землю и, стараясь, чтобы это выглядело как можно зрелищней, растоптала их.","Kasumi pegou as flores que eu ia oferecer, .........as trouxe até mim, as jogou no chão em minha frente, e as pisoteou, ostentando‐se...",霞捡起我刚才脱手掉下的供奉的花束，………故意拿到我面前，将之扔下，就如是做给我看一般践踏了起来…。,霞撿起我剛才脫手掉下的供奉的花束，………故意拿到我面前，將之扔下，就如是做給我看一般踐踏了起來…。,"Kasumi raccolse i fiori che stavo per offrire... me li portò, li lasciò cadere, e diede spettacolo mentre li calpestava...","Kasumi levantó las flores que yo iba a ofrecer... me las trajo cerca mío, las dejó caer, e hizo un espectáculo al pisotearlas...", ﺍﻟﺘﻘﻄﺖ ﻛﺎﺳﻮﻣﻲ ﺍﻟﺰُّﻫﻮﺭ ﺍﻟﺘﻲ ﻛﻨﺖُ ﺃﻧﻮﻱ ﺗﻘﺪﻳﻤﻬﺎ. ...ﻭﺃﺗﺖ ﺑﻬﺎ ﻧﺤﻮﻱ ﻭﺃﺳﻘﻄﺘﻬﺎ ﺃﻣﺎﻣﻲ ﻭﺗﻌﻤَّﺪﺕ ﺩﻋﺴﻬﺎ.........
,"Her expression was filled with hatred, ......and a frantic quality that simple hatred couldn't explain.",Her expression was filled with hatred...and a frantic quality that couldn't be explained with hatred alone. ,"Her expression was filled with hatred, ......and a frantic quality that couldn't be explained with just hatred.",その表情は、憎しみと、……それだけでは説明できない、必死な形相でいっぱいだった。,[=JP],"Лицо её было искажено гримасой ненависти, однако было в нём и ещё что‐то, не объяснимое одной лишь ненавистью.","Sua face estava repleta de ódio, ......uma frenética expressão que o simples ódio não poderia explicar.",她的表情中，……充满了无法光以憎恨来解释的，拼上老命的劲头。,她的表情中，……充滿了無法光以憎恨來解釋的，拼上老命的勁頭。,La sua espressione era piena d'odio... e un sentimento frenetico che non poteva essere spiegato semplicemente con l'odio.,Su expresión estaba llena de odio... y una cualidad frenética que no podía ser explicada con solo el odio., ﺍﻣﺘﻸ ﺗﻌﺒﻴﺮ ﻭﺟﻬﻬﺎ ﺑﺎﻟﻜﺮﺍﻫﻴﺔ، ......ﻭﺑﺠﻨﻮﻥٍ ﻻ ﺗﺴﺘﻄﻴﻊ ﺍﻟﻜﺮﺍﻫﻴﺔ ﻭﺣﺪﻫﺎ ﺗﻔﺴﻴﺮﻩ.
,...It was as if trampling them over and over again was the only way to prevent the sadness inside her from reaching the bursting point.,...She trampled them over and over again as though her sadness was reaching the bursting point. ,...The way she trampled them over and over again was as though the sadness in her was reaching the bursting point.,…それを何度も踏み躙らねば、自分の悲しみがこみ上げて来てしまうとでも言わんばかりに。,[=JP],"То, как она раз за разом топала по цветам, словно её печаль приблизилась к точке кипения.",...Era como se ficar pulando nelas era a única forma de prevenir que a tristeza dentro dela chegasse ao ponto de explodir.,…简直就差没说“若不这么一脚一脚地践踏，自己的悲伤就会涌上心头”了。,…簡直就差沒說“若不這麼一腳一腳地踐踏，自己的悲傷就會涌上心頭”了。,... Il modo in cui li schiacciava più e più volte era come se la tristezza in lei stesse raggiungendo il punto di rottura.,... La forma en la que ella las pisoteaba una y otra vez era como si la tristeza en ella estuviera llegando a un punto crítico.,...ﻭﻛﺄﻥ ﺣﺰﻧﻬﺎ ﺳﻴﻄﻐﻰ ﻋﻠﻴﻬﺎ ﺇﻥ ﻟﻢ ﺗﺪﻋﺴﻬﺎ ﻣﺮﺍﺭًﺍ.
,So the sound of her trampling was downright sad.,So the sound of her trampling it was just sad. ,So the sound of her trampling it was just sad.,だから踏み躙るその音が、ただただ悲しかった。,[=JP],Поэтому её топот просто вызывал грусть.,Por isso o som dela pisoteando era completamente triste.,所以这一脚脚踏下的声音，仅仅令人感到可悲。,所以這一腳腳踏下的聲音，僅僅令人感到可悲。,Così il suono di lei che li calpestava era solo triste.,Así que el sonido de su pisoteo solo era triste., ﻟﺬﺍ ﻛﺎﻥ ﺻﻮﺕ ﺩﻋﺴﻬﺎ ﻟﻠﺰﻫﻮﺭ ﺣﺰﻳﻨًﺎ ﺑﺤﻖ.
{f:5:Eva Beatrice},""".........Oh, this isn't enough to get to you? Then what about this? Sumadera Kasumi! Use this one.""","""......Oh, still not suffering yet? Then what about this? Sumadera Kasumi! Use this."" ",""".........Oh, still not tough for you at this level?  Then what about this?  Sumadera Kasumi!  Use this.""",「………あら、この程度じゃ堪えない？　ならこっちは堪えるかしら。須磨寺霞！　こっちを使いなさい。」,「………あら、この程度じゃ堪えない？　ならこっちは堪えるかしら。須磨寺霞！　こっちを使いなさい」,"""........О, так ты ещё держишься даже после такого? А если мы сделаем вот так? Сумадера Касуми! Воспользуйся этим.""",""".........Ora, ainda não é o bastante para você? Então que tal isto? Sumadera Kasumi! Use isto.""",「………哎呀，这种程度吃得消吗？那么，换这个吃不吃得消呢？须磨寺霞！来用这玩意吧。」,「………哎呀，這種程度吃得消嗎？那麼，換這個吃不吃得消呢？須磨寺霞！來用這玩意吧。」,"""... Oh, ancora non è abbastanza brutale per te a questo livello? Allora che ne dici di questo? Sumadera Kasumi! Usa questo.""","""... Oh, ¿esto no es suficiente para ti? Entonces, ¿qué te parece esto? ¡Sumadera Kasumi! Usa esto.""","""ﺃﻟﻴﺲ ﻫﺬﺍ ﻛﺎﻓﻴًﺎ ﻟﻠﺘﺄﺛﻴﺮ ﻓﻴﻚِ.........؟ ﻣﺎﺫﺍ ﻋﻦ ﻫﺬﺍ ﺇﺫًﺍ؟ ﺳﻮﻣﺎﺩﻳﺮﺍ ﻛﺎﺳﻮﻣﻲ! ﺍﻟﺘﻘﻄﻲ ﻫﺬﺍ ﺍﻟﺸﻲﺀ."""
Ushiromiya Ange,"""......N‐.........no...... ...Not that.........""","""...N-No, ...not that......"" ","""......N, .........no.........Not that.........""",「……だ、………だめ……。…それは………、」,[=JP],"""......Н‐нет... Только не это...""","""......N‐.........Não...... ...Isso não.........""",「……不、………不要……。…那是………、」,[=CN],"""... N... No... non quello...""","""... N-No... Eso no...""","""......ﻟـ-.........ﻻ...... .........ﻟﻴﺲ ﺫﻟﻚ..."""
,The object the black witch pointed at.........was Maria onee‐chan's grimoire.,The object the black witch pointed at......was Maria onee-chan's grimoire. ,"The object the black witch pointed at, .........was Maria onee-chan's grimoire.",黒き魔女が指し示したそれは、………真里亞お姉ちゃんの魔導書。,[=JP],"Предметом, на который указала чёрная ведьма, был гримуар Марии онее‐чан.",O objeto que a bruxa havia apontado.........era o grimório da Maria onee‐chan.,黑魔女所指着的是，………真里亚姐姐的魔导书。,黑魔女所指著的是，………真里亞姐姐的魔導書。,L'oggetto che la strega nera stava puntando... era il grimorio di Maria Onee-chan.,El objeto que la bruja negra señalaba... era el grimorio de María onee-chan., ﻛﺎﻥ ﺍﻟﺸﻲﺀ ﺍﻟﺬﻱ ﺃﺷﺎﺭﺕ ﺇﻟﻴﻪ ﺍﻟﺴَّﺎﺣﺮﺓ ﺍﻟﺴﻮﺩﺍﺀ.........ﻛﺘﺎﺏ ﻃﻼﺳﻢ ﺃﺧﺘﻲ ﻣﺎﺭﻳﺎ.(ﻛﺘﺎﺏ ﺍﻟﻄﻼﺳﻢ ﻧﻔﺴﻪ ﻛﺘﺎﺏ ﺍﻟﺴﺤﺮ)
,"Kasumi also noticed it, and picked up that book, which was heavier than it looked...","Kasumi also noticed it...and picked up that book, which was heavier than it looked... ","Kasumi also noticed it, and picked up that book which was heavier than it looked...",霞もそれに気付き、見掛けよりも重いその本を拾いあげる…。,[=JP],"Касуми тоже заметила его и подняла книгу, которая была тяжелее, чем выглядела.","Kasumi também percebeu isso e juntou o livro, que era mais pesado do que aparentava...",霞也发现了它，捡起了这本比第一印象要重的书…。,霞也發現了它，撿起了這本比第一印象要重的書…。,"Anche Kasumi l'aveva notato, e raccolse quel libro che era più pesante di quanto apparisse...","Kasumi se percató de eso, y levantó ese libro que era más pesado de lo que parecía...", ...ﻻﺣﻈﺘﻪ ﻛﺎﺳﻮﻣﻲ ﺃﻳﻀًﺎ، ﻭﺍﻟﺘﻘﻄﺖ ﺫﻟﻚ ﺍﻟﻜﺘﺎﺏ، ﺍﻟﺬﻱ ﻛﺎﻥ ﺃﺛﻘﻞ ﻣﻤَّﺎ ﻳﺒﺪﻭ.
Sumadera Kasumi,"""What's thiiis?""","""Whaat's this?"" ","""Whaat's this?""",「なぁに、これ？」,[=JP],"""Что это тут у нас?""","""O que é istoooo?""",「啥呀，这个？」,「啥呀，這個？」,"""Cos'è questo?""","""¿Qué es esto?""","""ﻣﺎ ﻫﺬﺍﺍﺍﺍ؟"""
{f:5:Eva Beatrice},"""*giggle*. ......Why not read it and laugh forever? Eheheh, you might split your sides laughing...""","""*giggle* ...Why not read it? Eheheh, you might fall over laughing, okay?"" ","""*giggle*.  ......Why not read it?  Eheheh, you might fall over laughing, you see?""",「くすくす。……読んじゃえばぁ？　うっふふ、お腹が捩れちゃうかもねぇ？」,[=JP],"""*хи‐хи*. Так почитай. Эхе‐хе, ты можешь живот надорвать.""","""*risos*. ......Por que você não lê e ri bem devagar? Eheheh, seu estômago vai se retorcer de tanto rir...""",「呵呵。……翻开看下如何呀？呜、哼哼，搞不好会把肚子都笑抽筋哦？」,「呵呵。……翻開看下如何呀？嗚、哼哼，搞不好會把肚子都笑抽筋哦？」,"""*giggle*. ... Perché non lo leggiamo? Eheheh, potresti cadere dal ridere, vedi?""","""*risita*... ¿Por qué tan solo no lo lees? Ejeje, podrías partirte de risa...""","""ﻫﻴﻬﻴﻬﻴﻬﻲ ﻟﻤﺎﺫﺍ ﻻ ﺗﻘﺮﺋﻴﻨﻪ ﻭﺗﻀﺤﻜﻴﻦ ﺇﻟﻰ ﺍﻷﺑﺪ؟ ...ﻫﻴﻬﻴﻬﻲ، ﻗﺪ ﺗﻨﺸﻖُّ ﺃﺿﻼﻋﻚِ ﻣﻦ ﺷﺪﺓ ﺍﻟﻀﺤﻚ."""
,"Kasumi opened the grimoire, ......skimmed over the contents, and snorted derisively.","Kasumi opened the grimoire, ...skimmed over the contents, and snorted derisively. ",[=UP],霞は魔導書を開き、……その内容を斜め読みし、鼻で嘲笑った。,[=JP],"Касуми раскрыла гримуар, пролистала его странице и насмешливо фыркнула.","Kasumi abriu o grimório, ......olhou seu conteúdo por cima, e gargalhou ironicamente.",霞翻开魔导书，……随便过目了下后，嗤之以鼻。,霞翻開魔導書，……隨便過目了下後，嗤之以鼻。,"Kasumi aprì il grimorio... diede uno sguardo ai contenuti, e sbuffò in modo derisorio.","Kasumi abrió el grimorio... revisó los contenidos, y bramó con sorna.",ﻓﺘﺤﺖ ﻛﺎﺳﻮﻣﻲ ﻛﺘﺎﺏ ﺍﻟﻄﻼﺳﻢ، ﻭﺍﺳﺘﻌﺮﺿﺖ ﻣﺤﺘﻮﻳﺎﺗﻪ ﺑﺴﺮﻋﺔ، ﻭﺷﺨﺮﺕ ﺍﺳﺘﻬﺰﺍﺀً......
Ushiromiya Ange,"""Give it back...... That's......Onee‐chan's............""","""Give it back... ...That's...Onee-chan's......"" ","""Give it back......, that's......, Onee-chan's............""",「返して……、それは……、お姉ちゃんの…………。」,「返して……、それは……、お姉ちゃんの…………」,"""Отдай... это сестрёнкин...""","""Devolva...... Isso é......da onee‐chan............""",「还给我……，那是……，姐姐的…………」,「還給我……，那是……，姐姐的…………」,"""Ridammelo... quello è... di Onee-chan...""","""Devuélvemelo... Ese es el libro... de Onee‐chan..."""," ......ﺃﻋﻴﺪﻳﻪ ﺇﻟﻲ.""............ﺇﻧَّﻪ......ﻣِﻠﻚٌ ﻷﺧﺘﻲ."""
,"Of course, my hand couldn't reach.","Of course, my hand couldn't reach. ",[=UP],もちろん、手が届くわけもない。,[=JP],"Разумеется, моей руке было не дотянуться.","É claro, minha mão não conseguia alcançar.",当然，我的手不可能抓得到。,當然，我的手不可能抓得到。,"Ovviamente, la mia mano non riusciva a raggiungerlo.","Claro, mi mano no podía alcanzarlo.", ﺑﺎﻟﻄﺒﻊ، ﻟﻢ ﺗﻜﻦ ﻳﺪﻱ ﻟﺘﺼﻞ ﺇﻟﻴﻪ.
,"......My stomach was once again kicked by the black‐suits, and I curled up on the ground...","...My stomach was once again kicked by the black-suits, and I doubled over... ","......My stomach was once again kicked by the black-suits, and I doubled over...",……私は再び黒服に下腹を蹴られ、うずくまる…。,[=JP],......Амбалы в чёрных костюмах ещё раз пнули по животу и я согнулась...,"......Meu estômago foi mais uma vez chutado pelos homens de terno, e eu me contorci no chão...",……我再次被黑衣人踢中下腹，缩起了身子…。,……我再次被黑衣人踢中下腹，縮起了身子…。,"... Il mio stomaco fu ancora una volta calciato dalle uniformi nere, e mi raggomitolai...","... Mi estómago fue pateado de nuevo por los hombres de traje negro, y yo me retorcí...", ...ﺭُﻛﻠﺖ ﻣﻌﺪﺗﻲ ﻣُﺠﺪﺩًﺍ ﻣﻦ ﻗﺒﻞ ﺫﻭﻱ ﺍﻟﺒﺬﻝ ﺍﻟﺴﻮﺩﺍﺀ، ﻓﺎﻧﺤﻨﻴﺖ ﻣﻦ ﺍﻷﻟﻢ......
{f:5:Eva Beatrice},"""See? See how important this book is to Ange? Mock the things that are important to her. That works better than punching or kicking for a girl like her. ......You know that better than anyone, right...?""","""See? This book's really important to Ange, right? Gotta belittle the things that are important to her, okay? That'll work better than punching or kicking for a girl like her. ...You know that better than anyone, don't you...?"" ","""See?  This book is really important to Ange, right?  Belittle the things that are important to her, right?  That'll work better than punching or kicking for a girl like her.  ......You know that better than anyone, right...?""",「ほらね？　この本は縁寿にとっての大切なものでしょう？　大切なものを貶してやりなさい？　こういう子には、殴る蹴るよりもそっちの方が効くんだから。……あなたがそれを、一番よく知っているでしょう…？」,[=JP],"""Видишь? Эта книга очень важна для Энджи, верно? Глумись над вещами, что дороги ей, сечёшь? Это подействует на неё даже лучше, чем затрещины и пинки. .....Ты знаешь это лучше всех, верно?""","""Viu? Viu como esse livro é importante para a Ange? Menospreze as coisas importantes para ela, certo? Para uma garota como ela, isso tem muito mais efeito do que chutes e socos. ......Você sabe disso melhor do que ninguém, não sabe...?""",「瞧瞧瞧？这书对缘寿来说是很重要的东西吧？就来痛贬下她所看重的东西吧？对付这种孩子，比起拳打脚踢，还是这法子更有效哦。……你自己就最清楚这一点吧…？」,「瞧瞧瞧？這書對緣壽來說是很重要的東西吧？就來痛貶下她所看重的東西吧？對付這種孩子，比起拳打腳踢，還是這法子更有效哦。……你自己就最清楚這一點吧…？」,"""Visto? Questo libro è davvero importante per Ange, giusto? Ridicolizza le cose che sono importanti per lei, d'accordo? Questo funzionerà meglio di calci e pugni su una ragazza come lei. ... Tu lo sai meglio di chiunque, vero...?""","""¿Lo ves? Este libro es realmente importante para Ange, ¿no? Hay que despreciar las cosas que son importantes para ella, ¿no? Eso funcionará mucho mejor que patear y golpear a una chica como ella... Tú lo sabes mejor que nadie, ¿verdad?...""","""ﺃﺭﺃﻳﺖِ؟ ﺃﺭﺃﻳﺖِ ﻣﺪﻯ ﺃﻫﻤﻴﺔ ﻫﺬﺍ ﺍﻟﻜﺘﺎﺏ ﻟـ ﺇﻧﺠﻲ؟ ﺍﺳﺨﺮﻱ ﻟﻤﺎ ﻫﻮ ﻋﺰﻳﺰٌ ﻋﻠﻴﻬﺎ. ﻗﺪ ﻳﻔﻠﺢ ﺍﻷﻣﺮ ﺃﻛﺜﺮ ﻣﻦ ﺭﻛﻠﻬﺎ. ﺃﻟﺴﺖِ ﺃﺩﺭﻯ ﺍﻟﻨﺎﺱ ﺑﺬﻟﻚ...؟"""
,"Kasumi's face twisted for an instant, as though remembering something painful.","As though remembering something painful, Kasumi's face twisted for an instant. ","As though remembering something painful, Kasumi's face twisted for an instant.",霞は何か辛いことでも思い出したのか、一瞬だけ表情を歪ませる。,[=JP],"Как будто вспомнив нечто болезненное, Касуми мгновенно изменилась в лице.","O rosto de Kasumi se distorceu por um instante, como se lembrasse de algo doloroso.",霞像是想起了什么伤心事，在那一瞬扭曲了表情。,霞像是想起了什麼傷心事，在那一瞬扭曲了表情。,"Come ricordando qualcosa di doloroso, la faccia di Kasumi si contorse per un istante.","Como si estuviera recordando algo doloroso, la cara de Kasumi se retorció por un instante.", ﺗﺠﻌَّﺪﺕ ﻣﻼﻣﺢ ﻛﺎﺳﻮﻣﻲ ﻟﻠﺤﻈﺔ، ﻭﻛﺄﻧَّﻬﺎ ﺗﺬﻛﺮﺕ ﺷﻴﺌًﺎ ﻣﺆﻟﻤًﺎ.
,"......But that quickly disappeared, changing into a scornful smile directed towards me.","...But that quickly disappeared, changing into a scornful smile directed at me. ",[=UP],……しかしすぐにそれは消え、私を冷笑するものに変わる。,[=JP],"Однако это выражение лица так же быстро сменилось презрительной улыбкой, адресованной мне.","......Mas rapidamente desapareceu, mudando para um sorriso de desdém direcionado a mim.",……不过，这神色马上就消失无踪，转变成了对我的冷笑。,……不過，這神色馬上就消失無踪，轉變成了對我的冷笑。,"... Ma quello sparì velocemente, cambiando in un sorriso sprezzante rivolto a me.","... Pero eso desapareció rápidamente, cambiando a una sonrisa con desprecio que me apuntaba.", ﻭﻟﻜﻦ ﺫﻟﻚ ﺍﺧﺘﻔﻰ ﺑﺴﺮﻋﺔ، ﻣﺘﺤﻮِّﻻً ﺇﻟﻰ ﺍﺑﺘﺴﺎﻣﺔ ﺳﺨﺮﻳﺔٍ ﻣﻮﺟَّﻬﺔٍ ﻧﺤﻮﻱ......
Sumadera Kasumi,"""*giggle*giggle*. Wowww, what a freaky book. ......Did you write this.........?""","""*giggle*giggle* Whew, what a creepy book. ...Did you write this......?"" ","""*giggle*giggle*.  Whew, what a creepy book.  ......Did you write this.........?""",「くすくす。なぁに、この気持ち悪い本。……あんたが書いたのぉ………？」,[=JP],"""*хи‐хи*хи‐хи*. Ох, до чего отмороженная книжонка. .....Её ты написала, что ли?""","""*risos*risos*. O que é este livro repugnante? ......Você escreveu isso.........?""",「呵呵。啥呀，这本恶心的书？……是你写的吗………？」,「呵呵。啥呀，這本噁心的書？……是你寫的嗎………？」,"""*giggle*giggle*. Whew, che libro inquietante. ... L'hai scritto tu questo...?""","""*risita*risita*. Vaya, qué libro más tenebroso... ¿Tú escribiste esto?...""","""ﻫﻴﻬﻴﻬﻴﻬﻴﻬﻴﻬﻲ. ﻋﺠﺒًﺎ، ﻣﺎ ﻫﺬﺍ ﺍﻟﻜﺘﺎﺏ ﺍﻟﻤﻘﺮﻑ. ﺃﺃﻧﺖِ ﻛﺎﺗﺒﺘﻪ.........؟"""
Ushiromiya Ange,"""......Stop it...... Give it back.........""","""...Stop it, ...give it back......"" ","""......Stop it......, give it back.........""",「……やめて……、返して………。」,「……やめて……、返して………」,""".....Перестань... Верни её...""","""......Pare...... Devolva.........""",「……还给我……，不要………」,「……還給我……，不要………」,"""... Smettila... ridammelo...""","""... Detente... devuélvemelo...""",""".........ﺗﻮﻗَّﻔﻲ...... ﺃﻋﻴﺪﻳﻪ......"""
{f:5:Eva Beatrice},"""*giggle*giggle*giggle*, *giggle*giggle*!! Look at that face...! Mock it more, mock it more...! Teach her the pain of having your dignity trampled, that's the only way to soften your own pain...!""","""*giggle*giggle*giggle*, *giggle*giggle*!! Look at that face...! Belittle it more, belittle it more...! Teach her the pain of having your dignity trampled, that's the only way to soften your own pain...!"" ","""*giggle*giggle*giggle*, *giggle*giggle*!!  Look at that face...!  Belittle it more, belittle it more...!  Teach her the pain of having your dignity trampled, since that's the only way to soften your own pain...!""",「くすくすくすくす、ぷーっくすくすくす！！　見てよあの顔…！　もっと貶してやりなさい、貶めてやりなさい…！　尊厳を踏み躙られる苦痛を教えてやるのよ、そうすることでしか、あなたの苦痛は和らがないの…！」,[=JP],"""*хи‐хи*хи‐хи*хи‐хи, *хи‐хи*хи‐хи*! Ты только взгляни на её личико! Глумись дальше, издевайся ещё! Научи её боли, что истязает тебя, когда попирают чувство твоего собственного достоинства, поскольку это единственное, что способно смягчить твою боль!""","""*risos*risos*risos*, *risos*risos*!! Olhe pra cara dela...! Despreze mais, menospreza mais...! Ensine a ela a dor de ter sua dignidade pisoteada, essa é a única forma de amenizar sua dor...!""",「呵呵呵呵，噗——哈哈哈！！瞧瞧她那张脸…！再继续贬低啊，来大贬特贬吧…！让她尝尝尊严被践踏的痛苦，只有这么做，才能缓和你的痛苦…！」,「呵呵呵呵，噗——哈哈哈！！瞧瞧她那張臉…！再繼續貶低啊，來大貶特貶吧…！讓她嘗嘗尊嚴被踐踏的痛苦，只有這麼做，才能緩和你的痛苦…！」,"""*giggle*giggle*giggle*, *giggle*giggle*!! Guarda quella faccia...! Ridicolizzala ancora, ridicolizzala ancora...! Insegnale il dolore di avere la tua dignità calpestata, dato che è l'unico modo per ammorbidire il tuo dolore...!""","""*risita*risita*risita*, ¡¡*risita*risita*!! ¡Mira esa cara!... ¡Búrlate más, búrlate más!... ¡Enséñale el dolor de que pisoteen tu dignidad, ya que esa es la única manera de suavizar tu dolor!...""","""ﻫﻴﻬﻴﻬﻴﻬﻴﻬﻴﻬﻴﻬﻴﻬﻴﻬﻴﻬﻴﻬﻴﻬﻴﻬﻴﻬﻴﻬﻲ. ...ﺗﺄﻣَّﻠﻲ ﻣﻼﻣﺤﻬﺎ! ...ﺍﺳﺨﺮﻱ ﺃﻛﺜﺮ، ﺍﺳﺨﺮﻱ ﺃﻛﺜﺮ! ...ﻋﻠِّﻤﻴﻬﺎ ﺃﻟﻢ ﺩﻋﺲ ﺍﻟﻜﺮﺍﻣﺔ، ﺗﻠﻚ ﻫﻲ ﺍﻟﻄﺮﻳﻘﺔ ﺍﻟﻮﺣﻴﺪﺓ ﻟﺘﺨﻔﻴﻒ ﺃﻟﻤﻚ!"""
Sumadera Kasumi,"""Heh, heheheheh, what's with this embarrassing book... ............I know some people develop a little interest in make‐believe fortune telling when they're young girls.""","""Heh, heheheheh, what's with this embarrassing book...? ......I'll admit I did have a little interest in fortune telling as a girl."" ","""Heh, heheheheh, what's with this embarrassing book...............I'll admit I did have a little interest in fortune telling as a girl.",「う、うふふふふふ、何これ、恥ずかしい本…。…………少女の時代に、多少は占いの真似事に興味を持つこともあるけれど。,「う、うふふふふふ、何これ、恥ずかしい本…。…………少女の時代に、多少は占いの真似事に興味を持つこともあるけれど」,"""Хе, хе‐хе‐хе‐хе, что за идиотская книженция. ........Честно скажу, я интересовалась гаданием и ворожбой в детстве.""","""Heh, heheheheh, o que é este livro vergonhoso...? ............Eu admito que quando era só uma garota, cheguei a ter um pequeno interesse por coisas como leitura da sorte.""",「呜、呜哼哼哼哼哼，这都啥呀，好丢人的书…。…………虽然在少女时代，是会多少对效仿占卜感兴趣。」,「嗚、嗚哼哼哼哼哼，這都啥呀，好丟人的書…。…………雖然在少女時代，是會多少對效仿占卜感興趣。」,"""Heh, heheheheh, cos'ha questo libro imbarazzante... ammetto che anch'io ho avuto un po' di interesse nella predizione del futuro da ragazza.","""Je, jejejeje, ¿qué hay con este vergonzoso libro?... Admitiré que tenía algo de interés en leer la fortuna cuando era niña.""","""...ﻫﻴﻪ، ﻫﻴﻬﻴﻬﻴﻬﻲ، ﻣﺎ ﺑﺎﻝُ ﻫﺬﺍ ﺍﻟﻜﺘﺎﺏ ﺍﻟﻤُﺤﺮﺝ. ﺳﻤﻌﺖُ ﺃﻥ ﻣﻌﻈﻢ ﺍﻟﻔﺘﻴﺎﺕ ﺍﻟﺼﻐﻴﺮﺍﺕ ﻳَﻬﻮَﻳْﻦ ﺃﻣﻮﺭ ﻗﺮﺍﺀﺓ ﺍﻟﻄﺎﻟﻊ ﻭﻣﺎ ﺷﺎﺑﻪ............"""
Sumadera Kasumi,"""But isn't this taking it a bit too far? Oh god, it says ""magic"". ......You're one of those, aren't you. You know, that thing in cartoons where they say some ""blabbity‐blibbity‐woo"" spell and transform into a witch. You're one of those people who like doing that, aren't you? .........This is just painful. *snicker*snicker*.""","""But isn't this going a bit too far? Magic? Ew. ...You're one of those, aren't you? It's like in those cartoons, where a girl says that something-somethiiiing spell and transforms into a witch, right? You like those, don't you? ......How pathetic. *giggle*giggle*."" ","But isn't this going a bit too far?  Magic?  Ew.  ......You're one of those, aren't you.  You know, those people who say that something-somethi~ng spell and transform into a witch in anime.  You like those, right?  .........How pitiful.  *giggle*giggle*.""",これはちょっと行き過ぎじゃない？　やだ、魔法だって。……あんた、アレでしょ。アニメとかの、何とか何とか〜って呪文を言いながら魔女に変身するやつ。あぁいうの、好きなんでしょ？　………痛々しいわぁ。くすくすくす。」,「これはちょっと行き過ぎじゃない？　やだ、魔法だって。……あんた、アレでしょ。アニメとかの、何とか何とか〜って呪文を言いながら魔女に変身するやつ。あぁいうの、好きなんでしょ？　………痛々しいわぁ。くすくすくす」,"""Но, разве это не перегиб? Магия? Фу. Ты одна из тех, не так ли? Ну, ты знаешь, из тех людей, что произносят какую‐то абра‐кадабру, которую они называют заклинанием, а затем превращаются в ведьму из аниме. Тебе нравится такое. ......Какой отстой. *хи‐хи*хи‐хи*""","""Mas isso não é um pouco demais? Ah, ela fala sobre ""magia"". ......Você é uma daquelas, não é? Você sabe, naqueles animes, quando dizem aqueles feitiços {nobr:não‐se~i‐o‐quê}, e se transformam em bruxas. Você é daquelas que curtem isso, não é? .........Isso é tão patético. *risos*risos*.""",「不过，这就稍微有点过头了吧？哎呀，魔法。……你是，那个吧？动画片里的，念着什么什么～的咒语变身成魔女的家伙，你对那种东西喜欢得不得了吧？………智商令人心疼啊。呵呵呵。」,「不過，這就稍微有點過頭了吧？哎呀，魔法。……你是，那個吧？動畫片裡的，念著什麼什麼～的咒語變身成魔女的傢伙，你對那種東西喜歡得不得了吧？………智商令人心疼啊。呵呵呵。」,"Ma questo non è un po' troppo? Magia? Ew. ... Sei una di quelli, non è vero. {n}Sai, quelle persone che dicono quell'incantesimo qualcosa-qualco~sa e si trasformano in streghe negli anime. Ti piacciono, vero? ... Com'è pietoso. *giggle*giggle*.""","""¿Pero esto no es pasarse un poco? ¿Magia?... Eres una de esas, ¿no? Es como en los dibujos animados, cuando una chica dice un hechizo y se transforma en bruja, ¿verdad? Te gustan, ¿no es así?... Qué patético. *risita*risita*.""","""ﻟﻜﻦ ﺃﻟﻴﺲ ﻫﺬﺍ ﻣﺒﺎﻟﻐًﺎ ﻓﻴﻪ؟ ﻳﺎ ﻟﻠﻌﺠﺐ، ﻣﻜﺘﻮﺏٌ ﻫﻨﺎ ""ﺳﺤﺮ"". ﻻ ﺗﺨﺒﺮﻳﻨﻲ ﺃﻧﻚِ ﻣﻦ ﺃﻭﻟﺌﻚ؟ ﺍﻟﺬﻳﻦ ﻳﺤﺒﻮﻥ ﻋﺮﻭﺽ ﺍﻷﻧﻤﻲ ﺗﻠﻚ ﺍﻟﺘﻲ ﺗﺘﺤﻮﻝ ﻓﻴﻬﺎ ﺍﻟﻔﺘﻴﺎﺕ ﻟﺴﺎﺣﺮﺍﺕ ﻭﺗﺘﻠﻴﻦ ﻛﻠﻤﺎﺕ ﺳﺤﺮﻳﺔ؟ ﺃﺃﻧﺖِ ﻣﻤَّﻦ ﻳﺤﺒﻮﻥ ﻓﻌﻞ ﺫﻟﻚ؟ ﻣﺜﻴﺮٌ ﻟﻠﺸﻔﻘﺔ......... *ﺿﺤﻚ*ﺿﺤﻚ*."""
,"Cackling, Kasumi opened to a random page and showed it to the black‐suits.","Cackling, Kasumi opened to a random page and showed it to the black-suits. ","Cackling, Kasumi opened to a random page and showed it to the black-suits.",霞はへらへらと笑いながら、適当なページを開いて、黒服たちに見せる。,[=JP],"Зубоскаля, Касуми открыла страницу наугад и показала её своим шестёркам.","Rindo de forma frívola, Kasumi abriu uma página aleatória e mostrou para os homens de terno.",霞边哧哧地笑着，边随便乱翻到某一页，展示给黑衣人们看。,霞邊哧哧地笑著，邊隨便亂翻到某一頁，展示給黑衣人們看。,"Sghignazzando, Kasumi aprì una pagina a caso e la mostrò alle uniformi nere.","Riéndose burlonamente, Kasumi abrió una página al azar y se la mostró a los hombres trajeados.", ﺑﻴﻨﻤﺎ ﻛﺎﻧﺖ ﻛﺎﺳﻮﻣﻲ ﺗﻀﺤﻚ ﺑﺼﻮﺕٍ ﻋﺎﻝٍ، ﻓﺘﺤﺖ ﺻﻔﺤﺔً ﻋﺸﻮﺍﺋﻴﺔً ﻭﺃﺭﺗﻬﺎ ﻟﺬﻭﻱ ﺍﻟﺒﺬﻝ ﺍﻟﺴﻮﺩﺍﺀ.
,"The black‐suits looked too, and guffawed.",The black-suits looked too and guffawed. ,"The black-suits looked too, and guffawed.",黒服たちもそれを見て、げらげらと笑った。,[=JP],"Взглянув на неё, шестёрки гоготом поддержали свою хозяйку.","Os homens de terno olharam, e gargalharam.",黑衣人们看了后，也一同哈哈大笑。,黑衣人們看了後，也一同哈哈大笑。,"Anche le uniformi nere guardarono, e sghignazzarono.","Los de traje negro también miraron, y se rieron.", ﻧﻈﺮ ﺫﻭﻭ ﺍﻟﺒﺬﻝ ﺍﻟﺴﻮﺩﺍﺀ ﺃﻳﻀًﺎ، ﻭﺿﺤﻜﻮﺍ ﻣﻞﺀ ﺃﻓﻮﺍﻫﻬﻢ.
,That laughter wouldn't wound me.,That sneer didn't wound me. ,That sneer didn't wound me.,その嘲笑に、私は傷つかない。,[=JP],Подобные насмешки не задели меня.,Aquelas risadas não me feriam.,这嘲笑伤不到我。,這嘲笑傷不到我。,Quel sogghigno non mi aveva ferita.,Esa burla no me hirió., ﻟﻦ ﺗﺠﺮﺣﻨﻲ ﻫﺬﻩ ﺍﻟﺴﺨﺮﻳﺔ.
,"......But I couldn't forgive it. ...After all, that laughter was ridiculing Maria onee‐chan.","...But I couldn't forgive it. ...After all, that sneer was ridiculing Maria onee-chan. ","......But I couldn't forgive it....After all, that sneer was ridiculing Maria onee-chan.",……でも、許せなかった。…だってその嘲笑は、真里亞お姉ちゃんを嘲笑うものだから。,[=JP],"Однако я не могла их простить, потому что они оскорбляли Марию онее‐чан.","......Mas eu não podia perdoar aquilo. ...Afinal, aquelas risadas ridicularizavam a Maria onee‐chan.",……但是，不可原谅。…因为这些笑声，是在嘲笑真里亚姐姐。,……但是，不可原諒。…因為這些笑聲，是在嘲笑真里亞姐姐。,"... Ma non potevo perdonarlo. ... Dopotutto, quel sogghigno stava ridicolizzando Maria Onee-chan.","... Pero no podía perdonarla... Después de todo, esa burla estaba ridiculizando a María onee-chan.", ﻭﻟﻜﻦ، ﻟﻢ ﺃﺳﺘﻄﻊ ﺃﻥ ﺃﻏﻔﺮ ﻟﻬﻢ...... ﻷﻥ ﻫﺬﻩ ﺍﻟﺴﺨﺮﻳﺔ ﻣﻮﺟﻬﺔٌ ﻷﺧﺘﻲ ﻣﺎﺭﻳﺎ...
,"I don't hate Kasumi. ......For exploiting Kasumi's unhealing anger and sadness, ......I cannot forgive the black witch...","I don't hate Kasumi. ...But for forcing that unhealing anger and sadness on Kasumi, ...I cannot forgive the black witch... ","I don't hate Kasumi.......For forcing Kasumi with that unhealing anger and sadness, ......I cannot forgive the black witch...",霞は憎くない。……霞の癒えぬ怒りと悲しみに付け込む、……黒き魔女が、許せない…。,[=JP],Я не испытываю ненависти к Касуми. За принуждение Касуми изливать эти незаживающие гнев и печаль я не могу простить чёрную ведьму.,"Eu não odeio a Kasumi. ......Tirando proveito da raiva e tristeza incurável da Kasumi, ......eu não posso perdoar a bruxa da escuridão...",我不恨霞。……不可原谅的是，利用了霞得不到治愈的愤怒与悲伤的，……黑魔女…。,我不恨霞。……不可原諒的是，利用了霞得不到治癒的憤怒與悲傷的，……黑魔女…。,Non odio Kasumi. ... Per aver costretto Kasumi con quell'inguaribile rabbia e tristezza... non posso perdonare la strega nera...,No odio a Kasumi... Por forzar a Kasumi con esa rabia sin cura y tristeza... yo no puedo perdonar a la bruja negra..., ﺃﻧﺎ ﻻ ﺃﻛﺮﻩ ﻛﺎﺳﻮﻣﻲ. ...ﻻﺳﺘﻐﻼﻟﻬﺎ ﻏﻀﺐ ﻭﺣﺰﻥ ﻛﺎﺳﻮﻣﻲ ﺍﻟﻠﺬَﻳﻦ ﻻ ﻳﺒﺮﺁﻥ، ......ﻻ ﻳﻤﻜﻨﻨﻲ ﺃﻥ ﺃﺳﺎﻣﺢ ﺍﻟﺴَّﺎﺣﺮﺓ ﺍﻟﺴﻮﺩﺍﺀ......
,"That black witch ate into Aunt Eva, Sumadera Kasumi, and Aunt Rosa, ......tormenting them for an eternity without letting their wounds be healed.","That black witch ate into Aunt Eva, Sumadera Kasumi, and Aunt Rosa, ...tormenting them for an eternity without letting their wounds be healed. ","That black witch ate into Eva oba-san, Sumadera Kasumi, and Rosa oba-san, ......tormenting them for an eternity without letting their wounds be healed.",その黒き魔女は絵羽伯母さんを、須磨寺霞を、そして楼座叔母さんを蝕み、……傷を癒すことを許さず、永遠に苛み続ける。,[=JP],"Эту чёрную ведьму, снедавшую тётю Еву, тётю Розу и Сумадеру Касуми, мучившую их целую вечность, не давая их ранам исцелиться.","A bruxa que consumiu a tia Eva, a Sumadera Kasumi e a tia Rosa, ......atormentando elas por toda a eternidade, sem permitir que suas feridas se curassem.",这个黑魔女侵蚀了绘羽姑母、须磨寺霞，还有楼座姑母，……不容伤口愈合，永远地折磨着她们。,這個黑魔女侵蝕了繪羽姑母、須磨寺霞，還有樓座姑母，……不容傷口癒合，永遠地折磨著她們。,"Quella strega nera aveva consumato Eva oba-san, Sumadera Kasumi, e Rosa oba-san... tormentandole per l'eternità impedendo alle loro ferite di guarire.","La bruja negra que consumió a la tía Eva, Sumadera Kasumi y a la tía Rosa... atormentándolas durante una eternidad sin dejar que sanen sus heridas.",ﺗﻠﻚ ﺍﻟﺴَّﺎﺣﺮﺓ ﺍﻟﺴﻮﺩﺍﺀ ﻧﻬﺸﺖ ﻋﻤﺘﻲ ﺇﻳﻔﺎ ﻭﺭﻭﺯﺍ ﻭﺳﻮﻣﺎﺩﻳﺮﺍ ﻛﺎﺳﻮﻣﻲ، ﻣﻌﺬِّﺑﺔً ﺇﻳﺎﻫﻦَّ ﺩﻭﻥ ﺃﻥ ﺗﺪﻉ ﺟﺮﺍﺣﻬﻢ ﺗﺒﺮﺃ......
,.........I can't forgive her......{n}......I can't forgive.........the black witch......,......I can't forgive her... ...I can't forgive......the black witch... ,".........I can't forgive her............I can't forgive, .........the black witch......",………許せない……。……黒き魔女が、………許せない……。,………許せない……。{n}……黒き魔女が、………許せない……。,Я не могу простить её...{n}Я не могу простить... чёрную ведьму...,.........Eu não posso perdoá‐la......{n}......Eu não posso perdoar.........a bruxa da escuridão......,………不可原谅……。{n}……黑魔女、………不可原谅……。,………不可原諒……。{n}……黑魔女、………不可原諒……。,... Non posso perdonarla... non posso perdonare... la strega nera...,... No puedo perdonarla...{n}... No puedo perdonar... a la bruja negra..., ......ﻻ ﻳﻤﻜﻨﻨﻲ ﺃﻥ ﺃﺳﺎﻣﺤﻬﺎ.........{n}......ﻻ ﻳﻤﻜﻨﻨﻲ ﺃﻥ ﺃﺳﺎﻣﺢ.........ﺍﻟﺴَّﺎﺣﺮﺓ ﺍﻟﺴﻮﺩﺍﺀ......
Sumadera Kasumi,"""Oh my god, this is priceless...! ......Magic for making candy rain from the sky, ......it says!! Ahhaha{0}hahaha...!""","""Wow, this is just great...! ...Magic for making candy fall from the sky, ...you say?!! Ahhahahahaha...! ","""How absurd...!  ......Magic for making candy fall from the sky, ......you say?!!  Ahhahahahaha...!",「何これ、傑作…！　………お空から、飴玉を降らせる魔法、……ですって！！あっははははは…！,「何これ、傑作…！　………お空から、飴玉を降らせる魔法、……ですって！！　あっははははは…！」,"""Какой абсурд! ......Магия, создающая конфеты, падающие с неба, говоришь?! Ахха‐ха‐ха‐ха‐ха!""","""Mas o que é isso? É uma obra de arte...! ......Magia para fazer chover doces, ......é sério?! Ahhaha{0}hahaha...!""",「这啥呀，杰作…！………从天空落下糖球的，……魔法！！啊、哈哈哈哈哈…！」,「這啥呀，杰作…！………從天空落下糖球的，……魔法！！啊、哈哈哈哈哈…！」,"""Assurdo...! Una magia per far cadere dolcetti dal cielo... dici?!! Ahhahahahaha...!","""¡Qué absurdo!... ¡¡¿Magia para hacer que lluevan caramelos del cielo?!! ¡Ajjajajaja!...""","""ﻳﺎ ﻟﻠﻌﺠﺐ، ﻫﺬﺍ ﻻ ﻳُﻘﺪَّﺭ ﺑﺜﻤﻦ...! ﺳﺤﺮٌ ﻳﺴﻘﻂ ﻣﻄﺮًﺍ ﻣﻦ ﺍﻟﺤﻠﻮﻯ، ......ﺫﻟﻚ ﻣﻜﺘﻮﺏ......!! ...ﻫﻴﻬﻴﻬﻴﻬﻴﻬﻴﻬﻲ!"""
Sumadera Kasumi,"""Let's see. Dissolve sugar in cold water purified by the sun...? Dip the magic wand in, and say the incantation, .........*cackle*cackle*cackle*, ahhaha{0}ha{0}ha{0}ha{0}ha{0}hahaha!! What the hell?! Ahhaha{0}ha{0}ha{0}ha{0}hahaha...!! Criiiiiiiiinge!!""","What's this? Sprinkle water cleansed by the sun with sugar...? Stick the magic staff in, and then an incantation, ......*cackle*cackle*cackle*, ahhahahahahahahahaha!! What the hell?! Ahhahahahahahahaha...!! It huuuuuuuurts!!"" ","  What's this?  Sprinkle water cleansed by the sun with sugar...?  Stick the magic staff in, and then an incantation, .........*cackle*cackle*cackle*, ahhahahahahahahahaha!!  What the hell?!  Ahhahahahahahahaha...!!  It huuuuuuuurts!!""",　何々？　お日様で清めたお水に、お砂糖を溶いて…？　魔法の杖を浸して、呪文を、………うっくくくくく、あっはははははははッ！！　何これぇ？！　あっはははははははは…！！　痛ァああぁいッ！！」,「何々？　お日様で清めたお水に、お砂糖を溶いて…？　魔法の杖を浸して、呪文を、………うっくくくくく、あっはははははははッ！！　何これぇ？！　あっはははははははは…！！　痛ァああぁいッ！！」,"""Что это? Прыскать водой, очищенной солнцем с сахаром? Держать магический посох, а затем произнести заклинание...*хи‐хи*хи‐хи*хи‐хи*, ахха‐ха‐ха‐ха‐ха‐ха‐ха‐ха‐ха‐ха! Что за бред?! Ахха‐ха‐ха‐ха‐ха‐ха‐ха! Аж в боку закололо!""","""Vamos ver. Dissolva açúcar em água fria para purificar o Sol...? Balance a varinha mágica e recite o encanto, .........*gargalhada*gargalhada*gargalhada*, ahhaha{0}ha{0}ha{0}ha{0}ha{0}hahaha!! O que é isso?! Ahhaha{0}ha{0}ha{0}ha{0}hahaha...!! Que doooooor!!""",「什么什么？将砂糖溶解进经太阳公公净化过的水…？浸入魔杖，念咒文、………呜、呼呼呼呼呼，啊、哈哈哈哈哈哈哈！！这算啥啊？！啊、哈哈哈哈哈哈哈哈…！！傻———透了！！」,「什麼什麼？將砂糖溶解進經太陽公公淨化過的水…？浸入魔杖，念咒文、………嗚、呼呼呼呼呼，啊、哈哈哈哈哈哈哈！！這算啥啊？！啊、哈哈哈哈哈哈哈哈…！！傻———透了！！」,"Cos'è questo? Spruzzare acqua purificata dal sole con zucchero...? Inseriscici il bastone magico, e poi un incantesimo... *cackle*cackle*cackle*, ahhahahahahahahahaha!! Che diavolo?! Ahhahahahahahahaha...!! {n}Fa maaaaaaaale!!""","""¿Qué es esto? ¿Disolver el azúcar en agua fría purificada por el sol?... Meter la varita mágica y pronunciar el conjuro... *carcajada*carcajada*carcajada*, ¡¡ajjajajajajajajajaja!! ¡¿Qué demonios?! ¡¡Ajjajajajajajaja!!... ¡¡Dueeeele!!""","""ﺩﻋﻴﻨﻲ ﺃﺭﻯ. ﺫﻭِّﺏ ﺳﻜﺮًﺍ ﻓﻲ ﻣﺎﺀ ﻣُﻄَﻬﺮ ﺑﺎﻟﺸﻤﺲ، ﺛﻢ ﺍﻏﻤﺲ ﻋﺼﺎﻙ ﺍﻟﺴﺤﺮﻳﺔ، ﻭﺭﺗﻞ ﺍﻟﺘﻌﻮﻳﺬﺓ ﺍﻟﺴﺤﺮﻳﺔ؟ .........ﺁﻫﺎﻫﺎﻫﺎﻫﺎﻫﺎﻫﺎﻫﺎﻫﺎﻫﺎ!! ﻣﺎ ﻫﺬﺍ ﺍﻟﻬﺮﺍﺀ؟! ...ﺁﻫﺎﻫﺎﻫﺎﻫﺎﻫﺎﻫﺎﻫﺎ!! ﻳﺎ ﻟﻠﺤﺮﺭﺭﺭﺝ!!"""
,"The black‐suits also rolled around, guffawing.","The black-suits were also rolling around, guffawing. ","The black-suits were also rolling around, guffawing.",黒服たちもげらげらと笑い転げる。,[=JP],Шестёрки в чёрных костюмах тоже катались по земле от смеха.,Os homens estavam rolando de rir.,黑衣人们也一同捧腹大笑。,黑衣人們也一同捧腹大笑。,"Anche le uniformi nere si stavano rotolando in giro, sghignazzando.",Los de traje negro también se estaban retorciendo de la risa., ﺃﺧﺬ ﺫﻭﻭ ﺍﻟﺒﺬﻝ ﺍﻟﺴﻮﺩﺍﺀ ﻓﻲ ﺍﻟﻀﺤﻚ ﺣﺘﻰ ﺁﻟﻤﺘﻬﻢ ﺑﻄﻮﻧﻬﻢ.
,"Then, grinning, the black witch whispered something into Kasumi's ear.","Then, grinning, the black witch whispered something into Kasumi's ear. ",[=UP],すると、黒き魔女が霞にニヤニヤと何かを耳打ちする。,[=JP],"Затем, ухмыляясь, чёрная ведьма что‐то прошептала на ухо Касуми.","Então, sorridente, a bruxa da escuridão sussurrou algo no ouvido de Kasumi.",接着，黑魔女面露邪笑地对霞耳语了些什么。,接著，黑魔女面露邪笑地對霞耳語了些什麼。,"Poi, sogghignando, la strega nera bisbigliò qualcosa all'orecchio di Kasumi.","Entonces, haciendo una mueca, la bruja negra susurró algo al oído de Kasumi.", ﺛﻢ - ﻭﻫﻲ ﺗﺒﺘﺴﻢ - ﻫﻤﺴﺖ ﺍﻟﺴَّﺎﺣﺮﺓ ﺍﻟﺴﻮﺩﺍﺀ ﺑﺸﻲﺀٍ ﻓﻲ ﺃﺫﻥ ﻛﺎﺳﻮﻣﻲ.
,"......Then, after glaring at me with a grin, ......Kasumi took that page—","...After glaring at me with a grin, ...Kasumi took that page- ","......Then, after glaring at me with a grin, ......Kasumi took that page-",……すると、霞は私をニヤリと睨んでから、……そのページを、,[=JP],"Та, в свою очередь, одари меня злым взглядом в сочетании с улыбкой... взяла страницу...","......E assim, após olhar para mim, sorridente, ......Kasumi arrancou uma página—",……然后，霞奸笑着地瞅了我一眼，……将那一页，,……然後，霞奸笑著地瞅了我一眼，……將那一頁，,"... Poi, dopo avermi guardato con un ghigno... Kasumi prese quella pagina-",... Y luego de mirarme con esa mueca... Kasumi tomó la hoja—, -ﺛﻢ - ﺑﻌﺪ ﺃﻥ ﺣﺪَّﻗﺖ ﻓﻲَّ ﺑﺎﺑﺘﺴﺎﻣﺔ - ......ﺃﺧﺬﺕ ﻛﺎﺳﻮﻣﻲ ﺗﻠﻚ ﺍﻟﺼَّﻔﺤﺔ......
Ushiromiya Ange,"""......Ah—""","""...Ah..."" ","""......Ah...""",「……あッ…、」,[=JP],"""......Ах...""",[=UP],「……啊…、」,[=CN],"""... Ah...""","""... Ah—""","""...ﺁﻫﻪ-"""
,"Kasumi grabbed hold of that page, tore it out, crumpled it up, ......and threw it away......","Kasumi grabbed hold of that page, tore it off, crumpled it up, ...and threw it away... ","Kasumi grabbed hold of that page, tore it off, crumpled it up......and threw it away......",霞はそのページを鷲掴みにし、破り取るとぐしゃぐしゃに潰して……放り捨てる……。,[=JP],"Касуми схватила эту страницу, вырвала её, скомкала... и выбросила...","Kasumi segurou firme aquela página, a rasgou, amassou, ......e jogou longe......",霞一把抓住那一页，将之扯了下来，捏得不成样子地……扔掉……。,霞一把抓住那一頁，將之扯了下來，捏得不成樣子地……扔掉……。,"Kasumi tenne stretta la pagina, la strappò via, l'accartocciò... e la buttò via...","Kasumi se aferró a la hoja, la arrancó, la arrugó... y la lanzó...", ﻗﺒﻀﺖ ﻛﺎﺳﻮﻣﻲ ﻋﻠﻰ ﺗﻠﻚ ﺍﻟﺼَّﻔﺤﺔ ﻭﻣﺰَّﻗﺘﻬﺎ ﻭﻛﻤَّﺸﺘﻬﺎ، ......ﻭﺃﻟﻘﺘﻬﺎ ﺑﻌﻴﺪًﺍ......
Sakutarou,‘Th‐......that's so mean... ......That was...Maria's magic.........’,‘...S-So cruel. ...That was...Maria's magic......’ ,"『S, ......so mean, ......that was...Maria's magic.........』",『ひ、……ひどいよ、……それは、真里亞の魔法………。』,『ひ、……ひどいよ、……それは、真里亞の魔法………』,{p:0:『}Как низко... это была... магия Марии...{p:0:』},‘I‐......Isso foi horrível... ......Essa era...a magia da Maria.........’,『太、……太过分了，……那是真里亚的魔法………』,『太、……太過分了，……那是真里亞的魔法………』,{p:0:『}C... Così crudele... quella era... la magia di Maria... {p:0:』},‘Qu-Qué malvada... esa era...la magia de María...’, ﻣـ-......ﻣﺎ ﺃﻗﺴﻰ ﺫﻟﻚ.........ﻛﺎﻥ ﺫﻟﻚ...ﺳﺤﺮ ﻣﺎﺭﻳﺎ.........
{f:5:Eva Beatrice},"""Oh, really? Heheh, how sad.""","""Oh, really? Heheh, how sad."" ","""Oh, really?  Heheh, how sad.""",「あらそうなのぉ？　うっふふふ、それはお気の毒。」,「あらそうなのぉ？　うっふふふ、それはお気の毒」,"""О, неужели? Хе‐хе, какая жалость.""","""Ora, é mesmo? Heheh, que peninha.""",「哎呀，是吗？呜、哼哼哼，这倒是过意不去啊。」,「哎呀，是嗎？嗚、哼哼哼，這倒是過意不去啊。」,"""Oh, davvero? Heheh, che tristezza.""","""Oh, ¿en serio? Jeje, qué triste.""","""ﺣﻘًﺎ؟ ﻫﻴﻬﻲ، ﻛﻢ ﻫﺬﺍ ﻣﺤﺰﻥ."""
,......It was one of the magics to summon happiness......that Maria had made with Sakutarou.,...It was one of the spells to summon happiness... that Maria had made with Sakutarou. ,"......It was one of the magics to summon happiness, ......that Maria had made with Sakutarou.",……それは、さくたろうと一緒に真里亞が作った、……幸せを呼ぶ魔法のひとつ。,[=JP],"То была одна из магий для призыва счастья, которую Мария сотворила вместе с Сакутаро.",......Era uma das magias para invocar a felicidade......que Maria criou com o Sakutarou.,……这是由真里亚与樱太郎一起创造的，……唤来幸福的魔法中的一个。,……這是由真里亞與櫻太郎一起創造的，……喚來幸福的魔法中的一個。,... Era una delle magie con cui evocare la felicità... che Maria aveva fatto con Sakutarou.,... Era una de las magias para invocar felicidad... que María había creado con Sakutaro., ...ﻛﺎﻥ ﺳﺤﺮًﺍ ﺧﺎﺻًّﺎ ﻟﺠﻠﺐ ﺍﻟﺴﻌﺎﺩﺓ...... ﺃﺑﺪﻋﺘﻪ ﻣﺎﺭﻳﺎ ﻣﻊ ﺳﺎﻛﻮﺗﺎﺭﻭ...
,"Anyone knows that making sugar water, coloring it with paint, and leaving it by the window......isn't going to make candy rain from the sky.","Anyone knows that making sugar water, coloring it, and leaving it by the window... isn't going to make candy fall from the sky. ","Anyone knows that making sugar water, coloring it, and leaving it by the window, ......isn't going to make candy fall from the sky.",砂糖水を作って絵の具で染めて、窓際にお供えしたって、……飴が降るわけがないと、誰だって知ってる。,[=JP],"Все знают, что если сделать сахарную воду, окрасить её и оставить у окна, то это не вызовет падения конфет с неба.","Todos sabem que misturar água com açúcar, colorir com tinta e deixar na janela......não vai fazer chover doces do céu.",不论谁都知道，靠泡糖水、染色、供在窗边，……是不可能会落下糖来的。,不論誰都知道，靠泡糖水、染色、供在窗邊，……是不可能會落下糖來的。,"Tutti sanno che fare acqua zuccherata, colorarla, e lasciarla sulla finestra... non farà cadere caramelle dal cielo.","Cualquiera sabe que haciendo agua azucarada, colorearla, y dejarla por la ventana... no va hacer que caigan dulces del cielo.", ...ﺣﺘﻰ ﻟﻮ ﺻﻨﻌﺖ ﻣﺎﺀً ﺑﺴﻜﺮ ﻭﻟﻮﻧﺘﻪ ﺑﺎﻷﺻﺒﺎﻍ، ﻭﻭﺿﻌﺘﻪ ﻗﺮﺏ ﺍﻟﻨﺎﻓﺬﺓ ﻛﻘﺮﺑﺎﻥ، ﻓﺎﻟﺠﻤﻴﻊ ﻳﻌﻠﻢ ﺃﻥ ﺍﻟﺤﻠﻮﻯ ﻟﻦ ﺗُﻤﻄِﺮ....
,"But after repeating that every day, ......one time when she got back from school...","But after repeating that every day, ...one time on her way home from school... ","But after repeating that every day, ......one time on her way home from school...",でも、それを毎日繰り返していたら、……学校から帰ってきたある日。,[=JP],Но она повторяла это каждый день и однажды по дороге домой из школы...,"Mas depois de repetir isso todos os dias, ......uma vez, quando ela tinha voltado da escola...",但是，在日复一日地这么做了后，……某天从学校回来时。,但是，在日復一日地這麼做了後，……某天從學校回來時。,Ma dopo averlo fatto ogni giorno... una volta sulla strada per tornare a casa da scuola...,Pero después de repetir eso todos los días... un día mientras ella regresaba a casa..., ...ﻭﻟﻜﻦ ﺑﻌﺪ ﺗﻜﺮﺍﺭ ﺫﻟﻚ ﻳﻮﻣﻴًﺎ، ......ﺣﻴﻦ ﻋﺎﺩﺕ ﻣﻦ ﺍﻟﻤﺪﺭﺳﺔ ﻓﻲ ﺇﺣﺪﻯ ﺍﻟﻤﺮﺍﺕ.
,...she found several pieces of candy scattered around that place...,She had found several pieces of candy scattered around... ,She had found several pieces of candy scattered around...,そこに、飴玉が数粒、ばらまかれていたのだ…。,[=JP],"Она нашла несколько конфет, разбросанных вокруг...",...ele encontrou várias balas espalhadas pelo chão...,在那，真的散落着，几颗糖…。,在那，真的散落著，幾顆糖…。,Aveva trovato dei dolcetti sparsi in giro..., ella había encontrado algunos dulces esparcidos..., ...ﻭﺟﺪﺕ ﻗﻄﻌًﺎ ﻋﺪﺓ ﻣﻦ ﺍﻟﺤﻠﻮﻯ ﻣﺒﻌﺜﺮﺓً ﺣﻮﻝ ﺫﻟﻚ ﺍﻟﻤﻜﺎﻥ...
,.........How happy must that miracle have made Maria onee‐chan.,......How happy must that miracle have made Maria onee-chan? ,.........How happy must that miracle have made Maria onee-chan.,………どんなに、真里亞お姉ちゃんがその奇跡を喜んだことか。,[=JP],"Какой счастливой это чудо, должно быть, сделало Марию онее‐чан.",.........O quão feliz aquele milagre deve ter deixado a Maria onee‐chan?,………真里亚姐姐是多么地为这奇迹高兴啊。,………真里亞姐姐是多麼地為這奇跡高興啊。,... Quanta felicità aveva dato quel miracolo a Maria Onee-chan.,... Qué feliz debió haber hecho a María onee-chan ese milagro., ﻛﻢ ﻏﻤﺮﺕ ﺗﻠﻚ ﺍﻟﻤﻌﺠﺰﺓ ﺃﺧﺘﻲ ﻣﺎﺭﻳﺎ ﺑﺎﻟﺴﻌﺎﺩﺓ.........!
,"......What good care she must have taken of those candies, savoring them during her nights all alone with Sakutarou, to distract herself from her loneliness.","...Didn't she treasure that candy, eating it during her night alone with Sakutarou to distract herself from her loneliness? ",......Did she take good care of that candy and taste it during her night alone with Sakutarou to distract herself from her loneliness?,……その飴を大切にして、さくたろうと二人きりの夜に味わって食べて、寂しさを紛らわせたことか。,[=JP],"Сохранила ли она те конфеты и попробовала ли их ночью с Сакутаро, чтобы отвлечься от одиночества?","......Todo o cuidado que ela teve juntando aquelas balas, saboreando elas durante suas noites solitárias com o Sakutarou, para distrair a si mesma de sua solidão.",……把这几颗糖当成了宝，在与樱太郎两人独处的夜晚中细细品尝，以此排解掉了寂寞。,……把這幾顆糖當成了寶，在與櫻太郎兩人獨處的夜晚中細細品嘗，以此排解掉了寂寞。,... Si era presa cura di quei dolci e li aveva gustati durante la notte da sola con Sakutarou per distrarsi dalla propria solitudine?,... ¿Ella cuidó mucho a ese dulce y lo saboreó durante su noche junto a Sakutaro para distraerse de su soledad?, ﻛﻢ ﺃﺣﺴﻨﺖ ﺍﻟﻌﻨﺎﻳﺔ ﺑﺘﻠﻚ ﺍﻟﺤﻠﻮﻯ، ﻣﺘﻠﺬِّﺫﺓً ﺑﻬﺎ ﺧﻼﻝ ﻟﻴﺎﻟﻲ ﻭﺣﺪﺗﻬﺎ ﻣﻊ ﺳﺎﻛﻮﺗﺎﺭﻭ، ﻟﺘﺼﺮﻑ ﻧﻔﺴﻬﺎ ﻋﻦ ﻭﺣﺪﺗﻬﺎ......
,"That......magic which Onee‐chan had created.........was torn out, thrown away, ...and disappeared......",That......magic which Onee‐chan had created... ...had been torn and thrown away... and had disappeared... ,"That, ......magic which Onee-chan had given birth to, ............had been torn and thrown away, ...and had disappeared......",　その、……お姉ちゃんが生み出した魔法が、…………破り捨てられて、…消えた……。,その、……お姉ちゃんが生み出した魔法が、…………破り捨てられて、…消えた……。,"Та магия, которую породила сестрёнка, оказалась разорвана и выброшена, а затем исчезла...","Essa......magia que a onee‐chan havia criado.........foi arrancada dela, jogada fora, ...e desapareceu......",这个，……由姐姐所创造出来的魔法，…………被撕毁扔掉，…消失了……。,這個，……由姐姐所創造出來的魔法，…………被撕毀扔掉，…消失了……。,Quella... magia a cui Onee-chan aveva dato vita... era stata strappata e gettata via... ed era scomparsa...,Esa... magia a la cual Onee-chan le había dado vida... había sido destruida y tirada... y había desaparecido..., ...ﺫﻟﻚ......ﺍﻟﺴﺤﺮ ﺍﻟﺬﻱ ﺃﺑﺪﻋﺘﻪ ﺃﺧﺘﻲ. ...ﻣُﺰِّﻕ ﻭﺭُﻣﻲ، ......ﻭﺗﻼﺷﻰ...
,"The entire miracle of happiness created by that magic, ......she tore out and threw away......",The whole miracle of happiness that magic had given birth to... had been torn and thrown away... ,"The entire miracle of happiness that magic had given birth to, ......had been torn and thrown away......",その魔法が生み出した幸せの奇跡ごと、……破り捨てた……。,[=JP],"Всё то чудо счастья, которому Мария дала жизнь, было разорвано и разбросано...","Todo o milagre de felicidade criado por aquela magia, ......foi tomado dela e jogado longe......",连带着这魔法所创造出来的幸福的奇迹，……全都被撕毁扔掉了……。,連帶著這魔法所創造出來的幸福的奇跡，……全都被撕毀扔掉了……。,L'intero miracolo di felicità a cui quella magia aveva dato vita... era stata strappata e gettata via...,Todo el milagro de felicidad creado por esa magia... había sido destruido y tirado..., ﻣﻌﺠﺰﺓ ﺍﻟﺴﻌﺎﺩﺓ ﺍﻟﻜﺎﻣﻠﺔ ﺍﻟﺘﻲ ﺃﺑﺪﻋﻬﺎ ﺫﻟﻚ ﺍﻟﺴﺤﺮ، ......ﻣﺰَّﻗﺘﻬﺎ ﻭﺭﻣﺘﻬﺎ......
Sumadera Kasumi,"""Oh, this one's another classic...! Magic to make dinner be cream croquettes? Ahhaha{0}ha{0}hahaha!! ......What's this next one? Magic to make bell peppers taste nice? This is amazing, ridiculous! Ah‐hah‐hah‐hah‐hah...!!""","""Oh, this part's great too...! Magic to make tonight's dinner cream croquette? Ahhahahahahaha!! ...What's next? Magic to make bell peppers taste good? Heh, that's not bad either, so stupid! Ahhahhahhahha...!!"" ","""Oh, this part's great too...!  Magic to make dinner be cream croquette?  Ahhahahahahaha!!  ......What's next?  Magic to make delicious bell peppers?  This is also nifty, ridiculous!  Ahhahhahhahha...!!""",「これも傑作だわ…！　晩御飯をクリームコロッケにする魔法？　あっはははははは！！……次は何？　ピーマンが美味しく食べられる魔法？　これもイカすわ、馬鹿馬鹿しい！　あっはっはっはっはっは…！！」,「これも傑作だわ…！　晩御飯をクリームコロッケにする魔法？　あっはははははは！！　……次は何？　ピーマンが美味しく食べられる魔法？　これもイカすわ、馬鹿馬鹿しい！　あっはっはっはっはっは…！！」,"""О, эта часть тоже прекрасна! Магия для того, чтобы на ужин были крокеты с кремом? Ахха‐ха‐ха‐ха‐ха‐ха! ......Что дальше? Магия для создания вкусного сладкого перца? Это так смешно! Ахха‐ха‐ха‐ха!""","""Oh, mais um clássico...! Magia para fazer que o jantar sejam croquetes de creme? Ahhaha{0}ha{0}hahaha!! ......Qual é a próxima? Magia para fazer os pimentões ficarem gostosos? Isso é incrível, e completamente ridículo! Ah‐hah‐hah‐hah‐hah...!!""",「这个也是杰作啊…！把晚饭变成奶油肉饼的魔法？啊、哈哈哈哈哈哈！！……下个是什么？美美吃下圆椒的魔法？这个也够疯的啊，荒谬荒谬！啊哈哈哈哈哈…！！」,「這個也是傑作啊…！把晚飯變成奶油肉餅的魔法？啊、哈哈哈哈哈哈！！……下個是什麼？美美吃下圓椒的魔法？這個也夠瘋的啊，荒謬荒謬！啊哈哈哈哈哈…！！」,"""Oh, anche questa parte è grandiosa...! Magia per avere crocchette alla crema per cena? Ahhahahahahaha!! ... Cosa c'è dopo? Magia per rendere deliziosi i peperoni? Questo è anche eccezionale, ridicolo! Ahhahhahhahha...!!""","""¡Oh, esta parte también es buena!... ¿Magia para hacer que la cena sea croquetas a la crema? ¡¡Ajjajajajajaja!!... ¿Qué sigue? ¿Magia para que los pimientos sepan bien? ¡Esto es increiblemente ridículo! ¡¡Ajjajjajjajja!!...""","""!...ﺃﻭﻩ، ﻫﺬﻩ ﺃﺧﺮﻯ ﻣﻦ ﺍﻟﻜﻼﺳﻴﻜﻴَّﺎﺕ. ﺳﺤﺮٌ ﻳﺤﻮﻝ ﺍﻟﻌﺸﺎﺀ ﻟﻔﻄﻴﺮﺓ ﺑﺎﻟﻜﺮﻳﻤﺔ؟ ﺁﻫﺎﻫﺎﻫﺎﻫﺎﻫﺎ!! ﻣﺎﺫﺍ ﻋﻦ ﻫﺬﻩ؟ ﺳﺤﺮٌ ﻳﺠﻌﻞ ﻃﻌﻢ ﺍﻟﻔﻠﻔﻞ ﺍﻷﺧﻀﺮ ﻟﺬﻳﺬًﺍ؟ ﻣﺬﻫﻞٌ ﻛﻢ ﻫﺬﺍ ﺳﺨﻴﻒ! ...ﺁﻫﺎﻫﺎﻫﺎﻫﺎﻫﺎﻫﺎ!!"""
{f:5:Eva Beatrice},"""Tear that too. Eheheh!! Why not tear it more and more foreveeeeeer?!?!""","""Tear that too. Eheheh!! If only you'd just tear it more and moooooooore!!"" ","""Tear that too.  Eheheh!!  Why not tear more and moooooooore?!?!""",「それも破いちゃいなさいよ。うっふふ！！どんどん破いちゃえばぁああぁあッ？！？！」,「それも破いちゃいなさいよ。うっふふ！！　どんどん破いちゃえばぁああぁあッ？！？！」,"""Её тоже разорвём. Эхе‐хе! Почему бы не порвать ещё и ещё‐о‐о?!""","""Rasgue essa também. Eheheh!! Por que não rasga mais e mais bem devagaaaar?!?!""",「把这页也撕了吧。呜、哼哼！！就一个劲地撕下去如何？！？！」,「把這頁也撕了吧。嗚、哼哼！！就一個勁地撕下去如何？！？！」,"""Strappa anche quello. Eheheh!! Perché non strappare ancora e ancoroooooooora?!?!""","""Arranca eso también. ¡¡Ejeje!! ¡¡¿Por qué tan solo no arrancaras más y más?!!""","""ﻣﺰِّﻗﻲ ﺗﻠﻚ ﺍﻟﺼَّﻔﺤﺔ ﺃﻳﻀًﺎ. ﻫﻴﻬﻴﻬﻴﻬﻲ!! ﻟﻤﺎﺫﺍ ﻻ ﺗﻤﺰِّﻗﻴﻨﻬﺎ ﺃﻛﺜﺮ ﻭﺃﻛﺜﺮ ﺇﻟﻰ ﺍﻷﺑﺪﺩﺩﺩ؟!؟!!"""
,"With a cruel‐hearted, loud laugh, ......the black witch made her tear out Maria onee‐chan's magics one after another......","With a brutal, loud laugh, ...the black witch made Maria onee-chan's spells get torn out one after another... ","With a brutal, loud laugh, ......the black witch made Maria onee-chan's magics be torn out one after another......",黒き魔女は残忍に高笑いしながら、……真里亞お姉ちゃんの魔法を、次々に破かせていく……。,[=JP],"С жестоким, громким смехом, чёрная ведьма разрывала магию Марии одну за другой...","Com uma risada alta e cruel, ......a bruxa da escuridão a fez rasgar as magias da Maria onee‐chan uma a uma......",黑魔女边残忍地高声大笑，……边叫霞一张接一张地撕毁真里亚姐姐的魔法……。,黑魔女邊殘忍地高聲大笑，……邊叫霞一張接一張地撕毀真里亞姐姐的魔法……。,"Con una brutale, sonora risata... la strega nera fece strappare le magie di Maria Onee-chan un dopo l'altra...",Con una brutal y fuerte carcajada... la bruja negra hizo que la magia de María onee-chan fuera arrancada una tras otra...,ﺑﻀﺤﻜﺔٍ ﺻﺎﺧﺒﺔٍ ﻗﺎﺳﻴﺔ ﺍﻟﻘﻠﺐ، ......ﺃﺟﺒﺮﺕ ﺍﻟﺴَّﺎﺣﺮﺓ ﺍﻟﺴﻮﺩﺍﺀ ﻛﺎﺳﻮﻣﻲ ﻋﻠﻰ ﺗﻤﺰﻳﻖ ﺃﺳﺤﺎﺭ ﺃﺧﺘﻲ ﻣﺎﺭﻳﺎ  ﻭﺍﺣﺪًﺍ ﺗﻠﻮ ﺍﻵﺧﺮ......
,"She...sneered at those happy magics, ......ripped them out, ......and threw them away......","She...sneered at that happy magic, ...tore it apart, ...and threw it away... ","Magic of happiness was...sneered at, ......torn, ......and thrown away......",　幸せの魔法を、嘲笑っては、……破り、……捨てていく……。,幸せの魔法を、嘲笑っては、…破り、……捨てていく……。,"Над магией счастья... насмехались, её разрывали и выкидывали...","Ela...zombou daquelas magias felizes, ......as arrancou, ......as jogou longe......",幸福的魔法，被嘲笑、……被撕毁、……被扔掉……。,幸福的魔法，被嘲笑、……被撕毀、……被扔掉……。,La magia della felicità veniva... ridicolizzata... strappata... e gettata via...,Ella... se burló de esas magias felices... las arrancó... y las tiró...,ﺳﺨﺮﺕ...ﻣﻦ ﺗﻠﻚ ﺍﻷﺳﺤﺎﺭ ﺍﻟﺴَّﻌﻴﺪﺓ، ،ﻭﻣﺰَّﻗﺘﻬﺎ...... ......ﻭﺭﻣﺘﻬﺎ ﺑﻌﻴﺪًﺍ......
Mammon,"""Stop it... Stop it......!! Don't......defile Lady {f:5:Maria}'s magic...!! Don't defile it......with your filthy toxin...!!""","""Stop it, ...stop it...!! Don't...defile Lady {f:5:Maria}'s magic...!! Don't defile it...with your filthy toxin...!!"" ","""Stop it..., stop it......!!  Don't, ......defile Lady MARIA's magic...!!  Don't defile it, ......with your filthy toxin...!!""",「やめろ…、やめろ……！！　マリア卿の魔法を、……汚すな…！！　汚い毒素で、……汚すんじゃない…！！」,[=JP],"""Остановитесь... перестаньте! Не оскорбляйте магию Леди {f:5:Марии}! Не оскверняйте её своим грязным токсином!""","""Pare... Pare......!! Não......não contamine a magia da Lady {f:5:Maria}...!! Não as contamine......com suas toxinas imundas...!!""",「住手…，住手……！！不要玷污，……玛利亚卿的魔法…！！别用肮脏的毒素，……玷污它…！！」,「住手…，住手……！！不要玷污，……瑪利亞卿的魔法…！！別用骯髒的毒素，……玷污它…！！」,"""Smettila... smettila...!! Non... inquinare la magia di Lady MARIA...!! {n}Non inquinarla... con la tua sporca tossina...!!""","""¡¡Detente... detente!!... ¡¡No... profanes la magia de Lady {f:5:María}!!... ¡¡No la profanes... con tu sucia toxina!!..."""," !!""......ﺗﻮﻗَّﻔﻲ... ﺗﻮﻗَّﻔﻲ. ...ﻻ ﺗﺪﻧِّﺴﻲ......ﺳﺤﺮ ﺍﻟﺴﻴّﺪﺓ ﻣﺎﺭﻳﺎ!! ...ﻻ ﺗﺪﻧِّﺴﻴﻪ......ﺑﺴﻤِّﻚِ ﺍﻟﻘﺬﺭ!!"""
,"Mammon cried and yelled, ......but she had no way of reaching Kasumi.","Mammon cried and yelled, ...but she had no way of reaching Kasumi. ",[=UP],マモンが泣きながら叫ぶが、……霞に届くわけもない。,[=JP],"Мамон плакала и кричала, но она не могла достучаться до Касуми.","Mammon gritou e chorou, ......mas não havia como ela alcançar Kasumi.",马蒙的哭喊，……传不进霞的耳中。,馬蒙的哭喊，……傳不進霞的耳中。,Mammon piangeva e urlava... ma non aveva modo di raggiungere Kasumi.,Mammón lloró y gritó... pero no tenía forma de alcanzar a Kasumi., ﺑﻜﺖ ﻣﺎﻣﻮﻥ ﻭﺻﺮﺧﺖ، ......ﻭﻟﻢ ﺗﻜﻦ ﻛﻠﻤﺎﺗﻬﺎ ﻫﺬﻩ ﻟﺘﺼﻞ ﺇﻟﻰ ﻛﺎﺳﻮﻣﻲ.
{f:5:Eva Beatrice},"""Who cares, why don't you just be defiled foreveeeer?! Magical miracles? Magic to bring happiness? Doesn't exist, there's no such thing!""","""Come on, why not defile it?! Miracles of magic? Magic to bring happiness? No way, nothing like that exists! ","""That's alright, why not defile it?!  Miracles of magic?  Magic to bring happiness?  None, none, nothing like that exists!  ",「いいじゃない、汚されちゃえばあぁ？！　魔法の奇跡？　幸せにする魔法？　ないない、そんなのないってばぁ！,「いいじゃない、汚されちゃえばあぁ？！　魔法の奇跡？　幸せにする魔法？　ないない、そんなのないってばぁ！」,"""Всё путём, почему бы не осквернить всё это?! Чудеса магии? Магия, приносящая счастье? Нет, нет, ничего подобного не существует!""","""Quem se importa? Por que simplesmente não contamina bem devagaaaaar?! Milagres da magia? Magia para trazer a felicidade? Isso não existe, coisas assim não existem!""",「被玷污又怎样？！魔法的奇迹？令人获得幸福的魔法？不存在不存在，这种东西是不存在的！」,「被玷污又怎樣？！魔法的奇跡？令人獲得幸福的魔法？不存在不存在，這種東西是不存在的！」,"""Va bene, perché non inquinarla?! Miracoli della magia? Magia per portare felicità? Niente, niente, niente di simile esiste!","""¿A quién le importa? ¡¿Por qué tan solo no la profanamos por siempre?! ¿Milagros mágicos? ¿Magia para traer la felicidad? ¡No existe, no hay tal cosa!""","""ﻣﺎ ﺍﻷﻣﺮ؟ ﻭﻟﻤﺎﺫﺍ ﻻ ﻧﺪﻧﺴﻪ ﺇﻟﻰ ﺍﻷﺑﺪﺩﺩﺩ؟ ﻣﻌﺠﺰﺍﺕٌ ﺳﺤﺮﻳَّﺔ؟ ﺳﺤﺮٌ ﻹﺳﻌﺎﺩ ﺍﻟﻨﺎﺱ؟ ﻻ ﻭﺟﻮﺩ ﻟﺸﻲﺀٍ ﻛﻬﺬﺍ، ﻣﺴﺘﺤﻴﻞ ﺃﻥ ﻳﻮﺟﺪ!"""
{f:5:Eva Beatrice},"""Pain and suffering, you see, can only be healed by pushing them onto someone else. ......Now you, you were what they call a ""magic friend"", right? *cackle*cackle*cackle*! Sumadera Kasumi, open up to her page.""","Don't you know that you can't heal pain and sadness without pushing it onto someone else? ...Hey, you also had those magic friend things, right?"" ""*cackle*cackle*cackle*! Sumadera Kasumi, open to that page."" ","You know, you can't heal pain and sadness without pushing it onto someone else.  ......I believe you had what you call magic friends, right?*cackle*cackle*cackle*!  Sumadera Kasumi, open to that page.""",痛みと苦しみはね、他人に押し付けてしか癒せないのよぅ。……あんたは確か、魔法のお友達とかいうヤツだったわよねぇ？くっくくくくく！　須磨寺霞、こいつのページを開きなさい。」,「痛みと苦しみはね、他人に押し付けてしか癒せないのよぅ。……あんたは確か、魔法のお友達とかいうヤツだったわよねぇ？　くっくくくくく！　須磨寺霞、こいつのページを開きなさい」,"""Всем известно, что нельзя излечить боль или грусть, не нагоняя её на кого‐то другого. Полагаю, у вас было что‐то вроде волшебных друзей, так?*хи‐хи*хи‐хи*хи‐хи*! Сумадера Касуми, открой эту страницу.""","""A dor e o sofrimento só podem ser curados se forem empurrados para outra pessoa. ......Agora, você é o que chamam de ""amigo mágico"", não é? *gargalhada*gargalhada*gargalhada*! Sumadera Kasumi, abra na página dela.""",「痛楚与苦楚呀，是只能靠推到别人身上来治愈的哟。……你好像是，那个叫魔法的朋友的玩意吧？哼、哼哼哼哼哼！须磨寺霞，去翻到这家伙的那一页。」,「痛楚與苦楚呀，是只能靠推到別人身上來治癒的喲。……你好像是，那個叫魔法的朋友的玩意吧？哼、哼哼哼哼哼！須磨寺霞，去翻到這傢伙的那一頁。」,"Sai, non puoi curare dolore e tristezza senza scaricarli su qualcun altro. {n}Credo che tu abbia avuto quelli che chiami amici magici, vero? *cackle*cackle*cackle*! Sumadera Kasumi, apri quella pagina.""","""El dolor y el sufrimiento solo pueden curarse echándoselos encima a otra persona... Creo que tú tenías lo que se llaman amigos mágicos, ¿no? ¡*carcajada*carcajada*carcajada*! Sumadera Kasumi, abre esa página.""","""ﻻ ﻳُﺸﻔﻰ ﻏﻠﻴﻞ ﺍﻷﻟﻢ ﻭﺍﻟﺤﺰﻥ ﺇﻻ ﺑﺮﻣﻴﻪ ﻋﻠﻰ ﺍﻵﺧﺮﻳﻦ. ﺇﺫﺍ ﻟﻢ ﺃﺧﻄﺊ، ﻓﺄﻧﺘﻢ ﺃﻳﻀًﺎ ﺃﺻﺪﻗﺎﺀ ﺳﺤﺮﻳﻮﻥ، ﺻﺤﻴﺢ؟ *ﻗﻬﻘﻬﺔ*ﻗﻬﻘﻬﺔ*! ﺍﻓﺘﺤﻲ ﺻﻔﺤﺘﻬﻢ ﻳﺎ ﺳﻮﻣﺎﺩﻳﺮﺍ ﻛﺎﺳﻮﻣﻲ."""
Sumadera Kasumi,"""What's this? Magic friends, it says. ............The Seven Sisters of Purgatory?""","""What's this? Magic friends? ......The Seven Sisters of Purgatory? ","""What's this?  Magic friends?  ............The Seven Sisters of Purgatory?  ",「これは何？　魔法のお友達ですって。…………煉獄の七姉妹？,「これは何？　魔法のお友達ですって。…………煉獄の七姉妹？」,"""Что это? Волшебные друзья? ............Семь сестёр чистилища?""","""O que é isso? São amigos mágicos? ............As Sete Irmãs do Purgatório?""",「这是啥呀？魔法的朋友？…………炼狱七姐妹？」,「這是啥呀？魔法的朋友？…………煉獄七姐妹？」,"""Cos'è questo? Amici magici? ... Le Sette Sorelle del Purgatorio?","""¿Qué es esto? ¿Amigos mágicos?... ¿Las Siete Hermanas del Purgatorio?""","""ﻣﺎ ﻫﺬﺍ؟ ﺃﺻﺪﻗﺎﺀ ﺳﺤﺮﻳﻮﻥ؟ ﺃﺧﻮﺍﺕ ﺍﻟﻤَﻄْﻬَﺮ ﺍﻟﺴَّﺒﻌﺔ.........؟"
Sumadera Kasumi,"""Ahah, what a creepy name! *giggle*, it says they can fly at awesome speeds, and finish off the enemy for you. Ahhaha, Ange, if you can use this kind of magic, shouldn't you use it right now? .........Ahhaha{0}hahaha. Stupid!""","Aha, what a creepy name! *giggle* It says they can fly at awesome speeds and finish off the enemy. Ahhaha, Ange, if you can use this kind of magic, shouldn't you use it right now? ......Ahhahahahaha. Foolish!"" ","Aha, what a creepy name!  *giggle*, it says they can fly at awesome speeds, and finish off the enemy.  Ahhaha, Ange, if you can use this kind of magic, shouldn't you use it right now?  .........Ahhahahahaha.  Foolish!""",あっは、物騒な名前ぇ！　くすくす、すごい速さで飛んで、敵をやっつけてくれるんですって。あっははッ、縁寿、あなたこんな魔法が使えるなら、今すぐ使った方がいいんじゃない？　………あっはははははは。下らない！」,「あっは、物騒な名前ぇ！　くすくす、すごい速さで飛んで、敵をやっつけてくれるんですって。あっははッ、縁寿、あなたこんな魔法が使えるなら、今すぐ使った方がいいんじゃない？　………あっはははははは。下らない！」,"""Аха, что за ужасное название! *хи‐хи*, тут написано, что они могут летать с невероятной скоростью и убивать врага. Ахха‐ха, Энджи, если ты можешь использовать эту магию, почему бы тебе не воспользоваться ею сейчас? .........Аха‐ха‐ха‐ха‐ха. Идиотизм!""","""Ahah, que nome mais perturbador! *risos*, está dizendo que elas podem voar a uma incrível velocidade e acabar com os inimigos para você. Ahhaha, Ange, se você consegue usar esse tipo de magia, não seria melhor usar agora? .........Ahhaha{0}hahaha. Estúpido!""",「啊哈，好吓人的名字呢！呵呵，会以惊人的速度飞行，干掉敌人。啊、哈哈，缘寿，你要是会用这种魔法的话，那就现在马上用出来不就行了嘛？………啊、哈哈哈哈哈哈。无聊！」,「啊哈，好嚇人的名字呢！呵呵，會以驚人的速度飛行，幹掉敵人。啊、哈哈，緣壽，你要是會用這種魔法的話，那就現在馬上用出來不就行了嘛？………啊、哈哈哈哈哈哈。無聊！」,"Aha, che nome inquietante! *giggle*, dice che possono volare a velocità incredibili, e distruggere il nemico. Ahhaha, Ange, se puoi usare questo tipo di magia, non dovresti usarla in questo momento? ... Ahhahahahaha. {n}Che sciocchezza!""","""¡Aja, qué nombre más feo! *risita*, dice que vuelan a velocidades impresionantes, y se encargan del enemigo. Ajjaja, Ange, si puedes usar este tipo de magia, ¿no deberías usarla ahora?... Ajjajajaja. ¡Tonterías!""","""!ﺁﻫﺎﻩ، ﻳﺎ ﻟﻪ ﻣﻦ ﺍﺳﻢٍ ﻣﺮﻳﺐ. *ﺿﺤﻚ*، ﻣﻜﺘﻮﺏٌ ﺃﻧﻬﻦ ﻳَﻄِﺮﻥ ﺑﺴﺮﻋﺔ ﺧﺎﺭﻗﺔ ﻭﻳﻘﻬﺮﻥ ﻛﻞ ﺍﻷﻋﺪﺍﺀ.  ﺁﻫﺎﻫﺎﻫﺎ، ﺇﻧﺠﻲ، ﺃﻟﻴﺲ ﻫﺬﺍ ﺃﻧﺴﺐ ﻭﻗﺖٍ ﻻﺳﺘﺨﺪﺍﻡ ﻫﺬﺍ ﺍﻟﺴﺤﺮ ﺇﻥ ﻛﻨﺖِ ﺗﺘﻘﻨﻴﻨﻪ؟ ﺁﻫﺎﻫﺎﻫﺎﻫﺎﻫﺎ......... ﻳﺎ ﻟﻚِ ﻣﻦ ﻏﺒﻴﺔ!"""
,The pages that wrote of the Seven Sisters of Purgatory were also heartlessly torn away.,The page that wrote of the Seven Sisters of Purgatory was also heartlessly torn away. ,The page that wrote of the Seven Sisters of Purgatory was also heartlessly torn away.,煉獄の七姉妹のことを記されたページも、無残に破かれる。,[=JP],"Страница, написанная о семи сёстрах чистилища также была выдрана.",As páginas onde estava escrito sobre as Sete Irmãs do Purgatório também foram arrancadas friamente.,记述着炼狱七姐妹的那页也被无情地撕毁。,記述著煉獄七姐妹的那頁也被無情地撕毀。,La pagina che scriveva delle Sette Sorelle del Purgatorio fu strappata via senza pietà.,La página que llevaba a las Siete Hermanas del Purgatorio también fue arrancada despiadadamente., ﺗﻤﺰﻗﺖ ﺍﻟﺼَّﻔﺤﺎﺕ ﺍﻟﺘﻲ ﻛُﺘﺒﺖ ﻋﻦ ﺃﺧﻮﺍﺕ ﺍﻟﻤَﻄْﻬَﺮ ﺍﻟﺴَّﺒﻌﺔ ﺃﻳﻀًﺎ ﺑﻼ ﺭﺣﻤﺔ.
,......The pages themselves were just paper.{n}They weren't Mammon's vessel or anything.,...The page itself was just paper. It wasn't Mammon's vessel or anything. ,......The page itself was just paper.It wasn't Mammon's vessel or anything.,……ページ自体はただの紙。マモンの依り代というわけではない。,……ページ自体はただの紙。{n}マモンの依り代というわけではない。,Сама страница была просто бумагой.{n}Она не являлась сущностью Мамоны.,......As páginas em si eram apenas papéis.{n}Não eram o receptáculo da Mammon e nem nada do tipo.,……书页自身仅仅是纸。{n}并不是马蒙的依代。,……書頁自身僅僅是紙。{n}並不是馬蒙的依代。,... La pagina in sè era carta. Non era il medium di Mammon o simili.,... La página en sí solo era papel.{n}No era el recipiente de Mammón ni nada similar., ﺍﻟﺼَّﻔﺤﺎﺕ ﻧﻔﺴﻬﺎ ﻟﻢ ﺗﻜﻦ ﺳﻮﻯ ﻭﺭﻕ......{n}ﻟﻢ ﺗﻜﻦ ﺇﻧﺎﺀً ﻟـﻤﺎﻣﻮﻥ ﺃﻭ ﺷﻴﺌًﺎ ﻣﻦ ﻫﺬﺍ ﺍﻟﻘﺒﻴﻞ.
,"But the tearing, denying toxin burned Mammon from the inside......","But the tearing, denying toxin burned Mammon from the inside... ",[=UP],でも、破き否定するという毒素が、マモンを内から焼く……。,[=JP],Но терзающий токсин отрицания сжигал Мамону изнутри...,"Mas ao rasgar, a toxina da negação queimou Mammon por dentro......",但是，撕裂否定的毒素，在从内部灼烧马蒙……。,但是，撕裂否定的毒素，在從內部灼燒馬蒙……。,"Ma la lacerante, abnegante tossina bruciava Mammon dall'interno...",Pero la toxina del simple hecho de ser arrancada y negada quemó a Mammón desde adentro..., ......ﺇﻻ ﺃﻥَّ ﺳﻢ ﺍﻹﻧﻜﺎﺭ ﺑﻔﻌﻞ ﺍﻟﺘﻤﺰﻳﻖ ﺃﺣﺮﻕ ﻣﺎﻣﻮﻥ ﻣﻦ ﺍﻟﺪﺍﺧﻞ.
,Mammon's face twisted from the heat and pain...,Mammon's face twisted from that heat and pain... ,Mammon's face twisted from that heat and pain...,その熱さと痛みにマモンの表情が歪む…。,[=JP],Лицо Мамоны исказилось от боли и жара...,O rosto de Mammon se contorceu por causa do calor e da dor...,这份热与痛，令马蒙扭曲了表情…。,這份熱與痛，令馬蒙扭曲了表情…。,La faccia di Mammon si contorse per il calore e il dolore...,La cara de Mammón se retorció por el dolor..., ...ﺗﻠﻮَّﻯ ﻭﺟﻬﻬﺎ ﻣﻦ ﺍﻟﺤﺮﺍﺭﺓ ﻭﺍﻷﻟﻢ.
Mammon,""".........ghhh, ...............kkkhhh, .........""","""......Gah, .........ack, ......"" ",""".........Gah, ...............ack, .........""",「………ぐ、……………くッ、………。」,「………ぐ、……………くッ、………」,""".........Гхх... акх...""",[=UP],「………咕、……………咕、………」,[=CN],"""... Gah... ack...""",[=ITA],""".........ﺁﻏﻬﻬﻪ، ...............ﻛﺨﺨﺦ........."""
Sakutarou,"‘Are you okay, Mammon?! Hang in there......!!’","‘Are you okay, Mammon?! Hold on...!!’ ","『Are you okay, Mammon?!  Hold on......!!』",『大丈夫、マモン？！　しっかり……！！』,[=JP],"{p:0:『}Ты в порядке, Мамона?! Держись!{p:0:』}","‘Você está bem, Mammon?! Aguente firme......!!’",『要不要紧，马蒙？！挺住……！！』,『要不要緊，馬蒙？！挺住……！！』,"{p:0:『}Stai bene, Mammon?! Resisti...!!{p:0:』}","‘¡¿Te encuentras bien, Mammón?! ¡¡Resiste!!...’", ﺃﺃﻧﺖِ ﺑﺨﻴﺮ ﻳﺎ ﻣﺎﻣﻮﻥ؟! ......ﺗﻤﺎﺳﻜﻲ!!
Mammon,"""......I can......handle it... ......It's not me......but Ange‐sama.........who's in pain.........""","""...This much is...no problem... ...It's not me, ...but Ange-sama......who's in pain......"" ","""......This much is, ......no problem.........It's not me, ......but Ange-sama, .........who's in pain.........""",「……これくらい、……平気…。……私より、……縁寿さまの方が、………辛い………。」,「……これくらい、……平気…。……私より、……縁寿さまの方が、………辛い………」,"""Такая мера... не проблема для меня... Тут мучаюсь не я, а Энджи‐сама...""","""......Eu consigo......suportar... ......Não sou eu......mas a Ange‐sama.........que está sofrendo.........""",「……这种程度，……没事…。……比起我，……缘寿小姐，………要更难受………」,「……這種程度，……沒事…。……比起我，……緣壽小姐，………要更難受………」,"""... Questo... non è un problema... non sono io... ma Ange-sama... ad avere dolore...""","""... Esto no... es problema... No soy yo... sino Ange-sama... la que sufre...""","""...ﻫﺬﺍ ﺍﻟﻘﺪﺭ ﻣﻦ ﺍﻷﻟﻢ...ﻻ ﺑﺄﺱ ﺑﻪ...... .........ﺍﻷﻟﻢ ﺍﻟﺬﻱ ﺗﺸﻌﺮ ﺑﻪ......ﺇﻧﺠﻲ-ﺳﺎﻣﺎ.........ﺃﻗﻮﻯ......"""
,"However, Mammon's expression was twisted in unbearable pain and humiliation......","However, Mammon's expression was twisted with unbearable anguish and humiliation... ","However, Mammon's expression was twisted with unbearable pain and humiliation......",しかし、マモンの表情は耐え難い苦痛と屈辱に、歪んでいる……。,[=JP],Однако лицо Мамоны было искажено невыносимой болью и унижением...,"Entretanto, a expressão de Mammon se contorceu em humilhação por uma dor insuportável......",可是，马蒙的表情却在因难熬的痛楚与屈辱扭曲……。,可是，馬蒙的表情卻在因難熬的痛楚與屈辱扭曲……。,"Tuttavia, l'espressione di Mammon era contorta con insopportabile dolore e umiliazione...","Sin embargo, la expresión de Mammón se retorcía de dolor y humillación...", ......ﺇﻻ ﺃﻥ ﻭﺟﻪ ﻣﺎﻣﻮﻥ ﻛﺎﻥ ﻣﺘﻐﻀِّﻨًﺎ ﻣﻦ ﺃﻟﻢٍ ﻻ ﻳُﻄﺎﻕ ﻭﺇﻫﺎﻧﺔ.
Sakutarou,"‘Stop it, black witch......!! Why are you doing something like this?! Why......can't you use magic for happiness?!!’","‘Stop it, black witch...!! Why are you doing something like this?! Why...can't you use magic for happiness?!!’ ","『Stop it, black witch......!!  Why are you doing something like this?!  Why, ......can't you use magic for happiness?!!』",『やめろ、黒き魔女……！！　どうして君はそんなことをするんだよ？！　どうして、……魔法を幸せのために使えないんだよッ！！』,[=JP],"{p:0:『}Остановись, чёрная ведьма! Почему ты так поступаешь?! Почему ты не можешь использовать магию для счастья?!!{p:0:』}","‘Pare, bruxa da escuridão......!! Por que você está fazendo isso?! Por que......você não pode usar a magia para a felicidade?!’",『住手，黑魔女……！！为什么你要做这种事？！为什么，……不把魔法用在谋幸福上？！！』,『住手，黑魔女……！！為什麼你要做這種事？！為什麼，……不把魔法用在謀幸福上？！！』,"{p:0:『}Smettila, strega nera...!! Perché stai facendo una cosa simile?! Perché... non puoi usare la magia per la felicità?!!{p:0:』}","‘¡¡Detente, bruja negra!!... ¡¿Por qué estás haciendo algo como esto?! ¡¡¿Por qué... no puedes usar la magia para la felicidad?!!’","""......ﺗﻮﻗَّﻔﻲ ﺃﻳُّﺘﻬﺎ ﺍﻟﺴَّﺎﺣﺮﺓ ﺍﻟﺴﻮﺩﺍﺀ!! ﻟﻢَ ﺗﻔﻌﻠﻴﻦ ﺷﻴﺌًﺎ ﻛﻬﺬﺍً؟! ﻟﻤﺎﺫﺍ......ﻻ ﺗﺴﺘﺨﺪﻣﻴﻦ ﺍﻟﺴﺤﺮ ﻣﻦ ﺃﺟﻞ ﺍﻟﺴﻌﺎﺩﺓ؟!!"""
{f:5:Eva Beatrice},"""......Oh, you're a magic friend too, right? *giggle*, I'll defile you too. Sumadera Kasumi, look for this guy's page, too.""","""...Oh, you're a magic friend too, right? *giggle* I'll defile you too. Sumadera Kasumi, look for this guy's page too, okay?"" ","""......Oh, you're a magic friend too, right?  *giggle*, I'll defile you too.  Sumadera Kasumi, look for this guy's page too okay?""",「……あぁ、あんたも、魔法のお友達ね？　くすくす、あんたも汚してあげるわ。須磨寺霞、こいつのページも探しなさい？」,[=JP],"""......О, ты тоже волшебный друг, так? *хи‐хи*, и тебя оскверню. Сумадера Касуми, посмотри на страницу про этого сопляка, хорошо?""","""......Oh, você também é um amigo mágico, certo? *risos*, eu contaminarei você também. Sumadera Kasumi, procure pela página dele também.""",「……啊——，你也是魔法的朋友？呵呵，那就把你也玷污了。须磨寺霞，找找这家伙是在哪页？」,「……啊——，你也是魔法的朋友？呵呵，那就把你也玷污了。須磨寺霞，找找這傢伙是在哪頁？」,"""... Oh, anche tu sei un amico magico, giusto? *giggle*, inquinerò anche te. Sumadera Kasumi, cerca anche la pagina di questo tizio ok?""","""... Oh, tú eres uno de sus amigos mágicos, ¿verdad? *risita*, también te profanaré. Sumadera Kasumi, busca la hoja de ese también.""","""ﺃﺃﻧﺖ ﺃﻳﻀًﺎ ﻣﻦ ﺃﺻﺪﻗﺎﺀﻫﺎ ﺍﻟﺴﺤﺮﻳﻴﻦ؟ ﻫﻴﻬﻴﻬﻲ، ﺳﺄﺩﻧِّﺴﻚ ﺃﻳﻀًﺎ. ﺍﺑﺤﺜﻲ ﻋﻦ ﺻﻔﺤﺘﻪ ﺃﻳﻀًﺎ ﺃﻳﻀًﺎ ﻳﺎ ﺳﻮﻣﺎﺩﻳﺮﺍ ﻛﺎﺳﻮﻣﻲ."""
Sumadera Kasumi,"""What's this one? What's with this crappy scribble of a lion? ......Sakutarou? What a weird name! My best friend, it says. Really? This is your friend? Your close friend? This lion is? Is it, is it?""","""What's this one? What's with this crappy scribble of a lion? ...Sakutarou? What a weird name! My best friend, it says. Really? This is your friend? A close friend? This lion is? Is it, is it?"" ","""What's this one?  What's with this crappy scribble of a lion?  ......Sakutarou?  What a weird name!  My best friend, it says.  Really?  This is your friend?  A close friend?  This lion is?  Is it, is it?""",「こっちは何？　何このへたくそなライオンの落書き。……さくたろう？変な名前！　一番大好きなお友達だって。そうなの？　これがあんたの友達？　親友？　このライオンが？　ねぇねぇ？」,「こっちは何？　何このへたくそなライオンの落書き。……さくたろう？　変な名前！　一番大好きなお友達だって。そうなの？　これがあんたの友達？　親友？　このライオンが？　ねぇねぇ？」,"""Это что? Что ещё паршивый рисунок льва? ......Сакутаро? Что за глупое имя! Тут говорится, что он лучший друг. Неужели? Это твой друг? Близкий друг? Вот это лев? Так, что ли?""","""O que é isso? O que é esse rabisco horrível de um leão? ......Sakutarou?{n}Que nome mais estranho! Está dizendo que é o amigo que mais gosta. Sério? Esse é seu amigo? Melhor amigo? Esse leão? Hein? Hein?""",「这又是什么？这都啥蹩脚的狮子涂鸦呀。……樱太郎？好怪的名字！我最最喜欢的朋友。是吗？这就是你的朋友？好朋友？这狮子？喂喂？」,「這又是什麼？這都啥蹩腳的獅子塗鴉呀。……櫻太郎？好怪的名字！我最最喜歡的朋友。是嗎？這就是你的朋友？好朋友？這獅子？喂喂？」,"""Cos'è questo? Cos'è questo schifoso scarabocchio di un leone? ... Sakutarou? Che nome strano! Il mio miglior amico, dice. Davvero? Questo è tuo amico? Un amico intimo? Questo leone è? Lo è, lo è?""","""¿Qué es esto? ¿Qué pasa con este mal garabato de un león?... ¿Sakutaro? ¡Qué nombre más raro! Mi mejor amigo, dice. ¿En serio? ¿Este es tu amigo? ¿Tu mejor amigo? ¿Este león? ¿En serio?""","""ﻣﺎﺫﺍ ﺗﻜﻮﻥ ﻫﺬﻩ؟ ﻣﺎ ﺑﺎﻝُ ﻫﺬﻩ ﺍﻟﺨﺮﺑﺸﺔ ﺍﻟﻤﻘﺮﻓﺔ ﻷﺳﺪ؟ ﺳﺎﻛﻮﺗﺎﺭﻭ؟ ﻣﺎ ﺃﻏﺮﺑَﻪ ﻣﻦ ﺍﺳﻢ! ﻣﻜﺘﻮﺏٌ ﻫﻨﺎ ﺃﻋﺰُّ ﺃﺻﺪﻗﺎﺋﻲ. ﺣﻘًﺎ؟ ﺃﻫﺬﺍ ﺻﺪﻳﻘﻚ؟ ﺑﻞ ﻭﺃﻋﺰُّ ﺃﺻﺪﻗﺎﺋﻚ؟ ﺃﺣﻘًﺎ ﻣﺎ ﺃﻗﺮﺃ؟ ﺃﺣﻘًﺎ؟"
{f:5:Eva Beatrice},"""Ahhahahahahahaha!! It really is a crappy scribble. So this butt‐ugly lion is you.""","""Ahhahahahahahaha!! It really is a crappy scribble. This ugly lion is totally you."" ","""Ahhahahahahahaha!!  It really is a crappy scribble.  This clumsy lion really is you.",「あっはははははは！！　本ッ当にヘタクソな落書きぃ。こんなブサイクなライオンがあんたなのね。,「あっはははははは！！　本ッ当にヘタクソな落書きぃ。こんなブサイクなライオンがあんたなのね」,"""Аха‐ха‐ха‐ха‐ха‐ха‐ха! До чего ужасные каракули. Этот неуклюжий лев и правда ты.""","""Ahhahahahahahaha!! É mesmo um rabisco horrível. Então esse leão tosco é você?""",「啊、哈哈哈哈哈哈！！真～是好蹩脚的涂鸦呢。这个丑八怪狮子就是你么？」,「啊、哈哈哈哈哈哈！！真～是好蹩腳的塗鴉呢。這個醜八怪獅子就是你麼？」,"""Ahhahahahahahaha!! È davvero uno scarabocchio schifoso. Questo rozzo leone sei davvero tu.","""¡¡Ajjajajahjaja!! Realmente es un garabato bastante malo. Así que este león feo eres tú.""","""ﺁﻫﺎﻫﺎﻫﺎﻫﺎﻫﺎ. ﺇﻧَّﻬﺎ ﺧﺮﺑﺸﺔٌ ﻣﻘﺮﻓﺔ ﺑﺎﻟﻔﻌﻞ. ﻫﺬﺍ ﺍﻷﺳﺪ ﺍﻟﻘﺒﻴﺢ ﻫﻮ ﺃﻧﺖِ ﺇﺫًﺍ."""
{f:5:Eva Beatrice},"""To think she had something like this as a friend... That Ushiromiya Maria kid's mind is so unbelievably wretched my sides are hurting. .........What a morrrrron. Why not give up and die foreveeeeeer......?""","""To think she had something like this as a friend... That Ushiromiya Maria kid's mind is so pathetic it's embarassing, what a joooke. ......She's like, a moron. If only she'd just give up...and diiiiiiiieee...!"" ","To think she had something like this as a friend...That Ushiromiya Maria kid's mind is so pathetic it's shocking, what a jo~ke.  .........She's like, a moron.  Why not give up, and diiiiiiiieee......?""",こんなのを友達にしてるなんて、右代宮真里亞って子の、頭の可哀想さに呆れて、ヘソでお茶が沸いちゃうわ〜。………バッカみたいぃ。ヘソ噛んで、死んじゃえばァぁああぁ……？」,「こんなのを友達にしてるなんて、右代宮真里亞って子の、頭の可哀想さに呆れて、ヘソでお茶が沸いちゃうわ〜。………バッカみたいぃ。ヘソ噛んで、死んじゃえばァぁああぁ……？」,"""Подумать только, у неё есть такой друг... Разум этого ребёнка Уширомии Марии настолько безнадёжен, что аж оторопь берёт, отстой. .........Она же какой‐то даун. Тогда почему бы не сдаться и сдохнуть?""","""E pensar que ela tinha uma coisa dessas como amigo... A mente daquela garota, Ushiromiya Maria, é tão inacreditavelmente miserável e estranha que faz minha barriga doer. .........Que idioooota. Por que não desiste e morre bem devagaaaar......?""",「把这种玩意当朋友，右代宫真里亚这孩子大脑的可怜程度，简直令人震惊到能用肚脐煮沸茶～。………跟个白痴一样。咬破肚脐，去死如何～～～～……？」,「把這種玩意當朋友，右代宮真里亞這孩子大腦的可怜程度，簡直令人震驚到能用肚臍煮沸茶～。………跟個白痴一樣。咬破肚臍，去死如何～～～～……？」,"Pensare che aveva una cosa simile come amico... La mente di quella bambina di Ushiromiya Maria è così patetica che è choccante, che scher~zo. ... lei è come, un idiota. Perché non ti rassegni, e muoooooooriii...?""","""Y pensar que tenía algo así como amigo... La mente de esa niña, Ushiromiya María, es tan increíblemente miserable y extraña que hace que me duela el estómago... Qué idioooota. ¿Por qué tan solo no se había dado por vencida y muerto hace mucho?...""","""ﻛﻴﻒ ﻟﻤﺜﻞ ﻫﺬﻩ ﺍﻷﺷﻴﺎﺀ ﺃﻥ ﺗﻜﻮﻥ ﺃﺻﺪﻗﺎﺀ؟ ﻻ ﺑﺪَّ ﻭﺃﻥ ﻫﺬﻩ ﺍﻟﻄﻔﻠﺔ ﻣﺎﺭﻳﺎ ﻣﺘﺨﻠﻔﺔ ﻋﻘﻠﻴﺔ....ﻳﺎ ﻟﻬﺎ ﻣﻦ ﻏﺒﻴــــﺔ. ﻟﻤﺎﺫﺍ ﻻ ﺗﺴﺘﺴﻠﻤﻴﻦ ﻭﺗﻤﻮﺗﻴﻦ ﺇﻟﻰ ﺍﻷﺑﺪﺩﺩﺩ......؟"""
Sakutarou,‘U...ryu...... .........Don't make fun......of Maria......’,‘U...ryu... ......Don't make fun...of Maria...’ ,『U...ryu...............Don't make fun......of Maria......』,『う…りゅ……。………真里亞を……ばかにするな……。』,『う…りゅ……。………真里亞を……ばかにするな……』,{p:0:『}У... рю... Не смейся... над... Марией...{p:0:』},‘U...ryu...... .........Não ria......da Maria......’,『呜…溜……。………别……轻蔑真里亚……』,『嗚…溜……。………別……輕蔑真里亞……』,{p:0:『}U... ryu... Non prenderti gioco... di Maria... {p:0:』},‘U... ryu... No se burlen... de María...’, ......ﺃﻭ...ﺭﻳﻮ. ......ﻻ ﺗﺴﺨﺮﻱ......ﻣﻦ ﻣﺎﺭﻳﺎ.........
Ushiromiya Ange,"""...............St......op......it......... ...Don't rip it.........""",""".........St...op...it...... ...Don't break it......"" ","""..................St......op......it............Don't break it.........""",「………………や……め……て………。…破かないで………。」,「……………や……め……て………。…破かないで………」,"""..................Оста... но... вись... Не рви это...""","""...............P......a......re......... ...Não arranque.........""",「………………不……要……………。…别撕………」,「………………不……要……………。…別撕………」,"""Smet... ti... la... non romperla...""","""... De... ten... te... No la rompas..."""," .........ﺗﻮ......ﻗَّـ......ﻓﻲ............... .........ﻻ ﺗﻤﺰِّﻗﻴﻬﺎ..."""
,"""""No waay.""""","""""No waay."""" ",[=UP],「「だめえ。」」,「「だめえ」」,"""""Ну не‐е‐е‐ет.""""","""""Sem chance.""""",「「免谈。」」,「「免談。」」,"""""Scordatelo.""""","""""Ni hablar.""""","""ﻣﺴﺘﺤﻴﻞ."""
,There was a shrill tearing sound. .........And the page was filthily ripped out...,There was a shrill sound. ......The page had been filthily ripped out... ,There was a shrill sound.  .........The page had been filthily ripped out...,絹を裂くような音がして。………そのページが、汚く破り取られる…。,[=JP],Раздался пронзительный звук. Это оказалась вырвана ещё одна страница.,Fez um som estridente. .........E a página foi imundamente arrancada...,响起了如同撕开丝绸的声音。………这一页被胡乱撕下…。,響起了如同撕開絲綢的聲音。………這一頁被胡亂撕下…。,Ci fu un rumore stridulo. ... La pagina era stata strappata disordinatamente...,Hubo un sonido agudo... La hoja había sido arrancada..., ﺍﻧﺒﻌﺚ ﺻﻮﺕ ﺗﻤﺰﻳﻖٍ ﺻﺎﺭﺥ. ...ﻭﻧُﺰﻋﺖ ﺍﻟﺼَّﻔﺤﺔ ﺑﻔﻈﺎﻇﺔ.........
,The picture of Sakutarou......that Onee‐chan had drawn......was violently ripped in half.........,The picture of Sakutarou... that Onee-chan had drawn... was violently ripped in half...... ,"The picture of Sakutarou, ......that Onee-chan had made, ......was violently ripped in half.........",　お姉ちゃんが書いた、……さくたろうの絵が、乱暴に、……真っ二つに………。,お姉ちゃんが書いた、……さくたろうの絵が、乱暴に、……真っ二つに………。,"Рисунок Сакутаро, нарисованный сестрёнкой, был жестоко разорван пополам...",A imagem do Sakutarou......que a onee‐chan desenhou......foi violentamente rasgada ao meio.........,姐姐画的，……樱太郎的画，被粗暴地，……撕成两半………。,姐姐畫的，……櫻太郎的畫，被粗暴地，……撕成兩半………。,L'immagine di Sakutarou... che Onee-chan aveva fatto... fu violentemente strappata a metà...,El dibujo de Sakutaro... que Onee-chan había hecho... fue violentamente partido en dos..., ...ﺻﻮﺭﺓ ﺳﺎﻛﻮﺗﺎﺭﻭ. .........ﺍﻟﺘﻲ ﺭﺳﻤﺘﻬﺎ ﺃﺧﺘﻲ... .........ﻣُﺰِّﻗﺖ ﺑﻌﻨﻒٍ ﺇﻟﻰ ﻧﺼﻔَﻴﻦ...
{f:5:Eva Beatrice},"""What a shhhhhitty drawi~ng. Kyahhaha{0}ha{0}ha{0}ha{0}ha{0}ha{0}ha{0}hahaha...!""","""What a crappy pictuuuure. Kyahhahahahahahahahahahaha...!"" ","""Crap-py pictu~re.  Kyahhahahahahahahahahahaha...!""",「ヘッタクソな絵ぇ〜。きゃっははははははははははは…！」,[=JP],"""Дерьмовый рису~нок. Кья‐ха‐ха‐ха‐ха‐ха‐ха‐ха‐ха‐ха‐ха!""","""Que desenho de meeeer~daaa. Kyahhaha{0}ha{0}ha{0}ha{0}ha{0}ha{0}ha{0}hahaha...!""",「好蹩脚的画啊～。呀、哈哈哈哈哈哈哈哈哈哈哈…！」,「好蹩腳的畫啊～。呀、哈哈哈哈哈哈哈哈哈哈哈…！」,"""Schifosa immagi~ne. Kyahhahahahahahahahahahaha...!""","""Qué dibujo de porquerííííía. ¡Kyajjajajajajajajajajajaja!...""","""ﻳﺎ ﻟﻬﺎ ﻣﻦ ﺭﺳﻤﺔٍ ﻣﻘﺮﺭﺭﺭﻓﺔ. ...ﻛﻴﺎﻫﺎﻫﺎﻫﺎﻫﺎﻫﺎﻫﺎﻫﺎ!"""
Sumadera Kasumi,"""You all laugh too. Aahha{0}ha{0}ha{0}ha{0}ha{0}hahaha...!""","""You all laugh too, okay? Ahhahahahahahahaha...!"" ","""You all laugh too, okay?  Aahhahahahahahahaha...!""",「お前たちも笑いなさい？あぁっははははははははは…！」,「お前たちも笑いなさい？　あぁっははははははははは…！」,"""Вы тоже смейтесь, хорошо? Аха‐ха‐ха‐ха‐ха‐ха‐ха‐ха!""","""Riam vocês também. Aahha{0}ha{0}ha{0}ha{0}ha{0}hahaha...!""",「你们几个也来笑吧？啊啊、哈哈哈哈哈哈哈哈哈…！」,「你們幾個也來笑吧？啊啊、哈哈哈哈哈哈哈哈哈…！」,"""Ridete anche voi, ok? Aahhahahahahahahaha...!""","""Ustedes también ríanse. ¡Aajjajajajajajajaja!""","""ﻓﻠﺘﻀﺤﻜﻮﺍ ﺃﻳﻀًﺎ ﺃﻳﻬﺎ ﺍﻻﺗﺒﺎﻉ. ...ﺁﻫﺎﻫﺎﻫﺎﻫﺎﻫﺎﻫﺎ!"""
,"Obeying the pair, the black‐suits laughed crudely, ......and heartlessly trampled all over the paper that had been torn and thrown away......",A pair of the black-suits laughed vulgarly... and heartlessly trampled the two halves that had been torn and thrown away... ,"A pair of the black-suits laughed vulgarly, ......and heartlessly trampled the two halves that had been torn and thrown away......",黒服たちも二人に従い、下品に笑い、……破り捨てられたそれを、無残に踏みつけた……。,[=JP],"Вульгарно гогоча, пара шестёрок безжалостно топтала страницы, которые были вырваны и разбросанны...","A dupla de homens de preto riu de forma vulgar, ......e, impiedosamente, pisotearam o papel que já havia sido amassado e rasgado......",黑衣人们听从两人的命令，边没品地大笑，……边无情地践踏着被撕下的那一页……。,黑衣人們聽從兩人的命令，邊沒品地大笑，……邊無情地踐踏著被撕下的那一頁……。,Un paio delle uniformi nere risero volgarmente... e calpestarono senza cuore le due metà che erano state strappate e gettate via...,Un par de los de hombres de traje negro se rieron vulgarmente... y despiadadamente pisotearon las hojas que habían sido arrancadas y lanzadas...,ﺍﻣﺘﺜﺎﻻً ﻟﻠﺜﻨﺎﺋﻲ، ﺿﺤﻚ ﺫﻭﻭ ﺍﻟﺒﺬﻝ ﺍﻟﺴﻮﺩﺍﺀ ﺑﻮﻗﺎﺣﺔ، ......ﻭﺩﺍﺳﻮﺍ ﺑﻘﺴﻮﺓٍ ﻋﻠﻰ ﻛﻞ ﺍﻟﻮﺭﻕ ﺍﻟﻤﻤﺰَّﻕ ﻭﺍﻟﻤﻠﻘﻰ ﺃﺭﺿًﺎ......
Sakutarou,"‘Uuuuuuuuuuuu, ......hic! ......Uuuuuuuuuuu......’","‘Uuuuuuuuuuuu, ...hic! ...Uuuuuuuuuuu...’ ","『Uuuuuuuuuuuu, ......hic!  ......Uuuuuuuuuuu......』",『うううぅぅううぅッ、……ひっく！　……うううぅうぅぅぅっ……。』,『うううぅぅううぅッ、……ひっく！　……うううぅうぅぅぅっ……』,"{p:0:『}У‐у‐у‐у‐у‐у‐у‐у‐у, ик! ......У‐у‐у‐у‐у‐у‐у‐у‐у...{p:0:』}",[=UP],『呜呜呜呜呜呜呜呜，……嗉！……呜呜呜呜呜呜呜呜……』,『嗚嗚嗚嗚嗚嗚嗚嗚，……嗉！……嗚嗚嗚嗚嗚嗚嗚嗚……』,{p:0:『}Uuuuuuuuuuuu... hic! ... Uuuuuuuuuuu... {p:0:』},‘Uuuuuuuuuuuu... ¡hic!... Uuuuuuuuuuu...’, ﺃﻭﻭﻭﻭﻭﻭﻭ، ......ﻫﻚ! ......ﺃﻭﻭﻭﻭﻭﻭﻭﻭﻭﻭ......
Mammon,"""......Sakutaro, ......be strong.........""","""...Sakutaro, ...hang in there......"" ","""......Sakutaro, ......hang in there.........""",「……さくたろ、……しっかり………。」,「……さくたろ、……しっかり………」,"""......Сакутаро, держись...""","""......Sakutaro, ......seja forte.........""",「……樱太郎，……挺住………」,「……櫻太郎，……挺住………」,"""... Sakutarou... resisti...""","""... Sakutaro... resiste...""",""".........ﺳﺎﻛﻮﺗﺎﺭﻭ، ......ﺗﻤﺎﺳﻚ......"""
Sakutarou,"‘I'm...not sad...... ...I just......can't stand it...... ......Maria's being made fun of, .........and I can't do anything about it... ......I can't stand it......’","‘I'm...not sad... ...I just...can't stand it... ...I can't stand that... ...Maria's being made fun of, and I can't do anything about it...’ ","『I'm...not sad.........I just, ......can't stand it............I can't stand that, .........Maria's being made fun of, ......and I can't do anything about it......』",『ボクは…悲しくなんかないよ……。…ただ、……悔しい……。……真里亞のことを馬鹿にされて、………何も言えない自分が、……悔しいっ……。』,『ボクは…悲しくなんかないよ……。…ただ、……悔しい……。……真里亞のことを馬鹿にされて、………何も言えない自分が、……悔しいっ……』,"{p:0:『}Я... не грущу... Я просто... не могу терпеть... не могу терпеть, когда над Марией насмехаются, а я ничего не могу с этим поделать...{p:0:』}","‘Eu não estou...triste...... ...Só não......consigo suportar isso...... ......Estão rindo da Maria, .........e eu não posso fazer nada... ......Não consigo suportar isso......’",『偶…才不伤心哟……。…只是，……窝心……。……只是对真里亚遭到轻蔑，………自己却什么都说不了，……感到好窝心……』,『偶…才不傷心喲……。…只是，……窩心……。……只是對真里亞遭到輕蔑，………自己卻什麼都說不了，……感到好窩心……』,{p:0:『}Non sono... triste... solo... non riesco a sopportarlo... non posso sopportare che... Maria sia presa in giro... e che non posso fare nulla per impedirlo... {p:0:』},‘No estoy... triste... Es solo que... no puedo soportarlo... No puedo soportar que... se burlen de María... y que no pueda hacer nada para impedirlo...’, ......ﻟﺴﺖُ...ﺣﺰﻳﻨًﺎ. ......ﺑﻞ......ﻣﻐﺘﺎﻅ... ...ﻳُﺴﺨﺮ ﻣﻦ ﻣﺎﺭﻳﺎ، ...ﻭﻻ ﺣﻴﻠﺔ ﻟﻲ ﻓﻲ ﺫﻟﻚ......... ......ﻟﻬﺬﺍ ﺃﻧﺎ ﻣﻐﺘﺎﻅ......
Mammon,"""........................ ......To {y:0:Human}{n:0:human}s who can't {y:1:‘see’}{n:1:see} us, ......it's as though we don't exist... ......We can only interact with {y:0:Human}{n:0:human}s that need us. ............That's why.........we're furniture.........""","""......... ...To Humans who can't ""see"" us, ......it's as though we don't exist... ...We can only interact with Humans that need us. ......That's why......we're furniture......"" ","""........................To humans who can't see us, .........it's as though we don't exist.........We can only interact with humans that need us.  ............That's why, .........we're furniture.........""",「……………………。……私たちは、……視えないニンゲンには、……いないも同然…。……私たちは、必要としてくれるニンゲンとしか、交流できない。…………だから、………家具………。」,「……………………。……私たちは、……視えないニンゲンには、……いないも同然…。……私たちは、必要としてくれるニンゲンとしか、交流できない。…………だから、………家具………」,"""........................Для {y:0:Люд}{n:0:люд}ей, которые не {y:1:‘видят’}{n:1:видят} нас, мы словно не существуем... Мы можем взаимодействовать с {y:0:Люд}{n:0:люд}ьми, которым мы нужны. ............Вот почему... мы мебель...""","""........................ ......Para {y:0:Humanos}{n:0:humanos} que não conseguem nos {y:1:‘ver’}{n:1:ver}, ......é como se não existíssemos... ......Só podemos interagir com {y:0:Humanos}{n:0:humanos} que precisam de nós. ............É por isso que.........nós somos mobílias.........""",「……………………。……我们，……对看不到我们的人类来说，……等于不存在…。……我们只能与需要我们的人类交流。…………所以，………是家具………」,「……………………。……我們，……對看不到我們的人類來說，……等於不存在…。……我們只能與需要我們的人類交流。…………所以，………是家具………」,"""... Per gli umani che non possono vederci... è come se non esistessimo... possiamo interagire solo con gli umani che hanno bisogno di noi. ... Questo è il perché... siamo mobili...""","""... Para los humanos que no pueden vernos... es como si no existiéramos... Solo podemos interactuar con humanos que nos necesiten... Es por eso que... somos muebles...""","""........................ ﺑﺎﻟﻨﺴﺒﺔ ﻟﻠﺒﺸﺮ ﺍﻟﺬﻳﻦ ﻻ ﻳﺴﺘﻄﻴﻌﻮﻥ ﺭﺅﻳﺘﻨﺎ، ......ﻓﻜﺄﻧﻨﺎ ﻻ ﻭﺟﻮﺩ ﻟﻨﺎ...... ...ﻻ ﻳﻤﻜﻨﻨﺎ ﺍﻟﺘَّﻔﺎﻋﻞ ﺇﻻ ﻣﻊ ﺍﻟﺒﺸﺮ ﺍﻟﺬﻳﻦ ﻳﺤﺘﺎﺟﻮﻧﻨﺎ. .........ﻟﻬﺬﺍ......ﻧﺤﻦ ﺃﺛﺎﺙ............"""
,"As Sakutarou and Mammon......supported each other, ......they slumped down, ...sobbing...","As Sakutarou and Mammon...supported each other, ...they crouched down, ...sobbing... ","As Sakutarou and Mammon, ......supported each other, ......they crouched down, ...sobbing...",さくたろうとマモンは、……互いに支えあうようにしながら、……すすり泣き、…崩れるようにしゃがみ込む…。,[=JP],"Сакутаро и Мамона,поддерживая друг друга и всхлипывая, уселись на корточки...","Enquanto Sakutarou e Mammon......confortavam um ao outro, ......eles foram às lágrimas, ...de joelhos...",樱太郎与马蒙，……依偎在一起，……抽抽搭搭地哭着，…如散架般地跪倒了下去…。,櫻太郎與馬蒙，……依偎在一起，……抽抽搭搭地哭著，…如散架般地跪倒了下去…。,Mentre Sakutarou e Mammon... si davano supporto a vicenda... si accovacciarono... singhiozzando...,Mientras Sakutaro y Mammón... se apoyaban uno sobre otro... se agacharon... sollozando..., ﺑﻴﻨﻤﺎ ﻛﺎﻥ ﺳﺎﻛﻮﺗﺎﺭﻭ ﻭﻣﺎﻣﻮﻥ......ﻳﺪﻋﻤﺎﻥ ﺑﻌﻀﻬﻤﺎ ﺍﻟﺒﻌﺾ، ...ﺧﺮَّﺍ ﺳﺎﻗﻄَﻴﻦ، ...ﻳﻨﺘﺤﺒﺎﻥ......
,I couldn't stand it either...... ......Only those who can {y:1:‘see’}{n:1:see} the world of magic can understand how wonderful it is.,"I couldn't stand it either... ...Those who can't ""see"" how wonderful the world of magic is...can't understand it. ",I couldn't stand it either............Those who can't see how wonderful the world of magic is...can't understand it.,悔しいのは私も同じだった……。……魔法の世界の素晴らしさは、視える人間にしか、理解できない。,[=JP],"Я тоже больше не могла этого вынести...Тем, кто не может {y:1:‘увидеть’}{n:1:увидеть}, насколько прекрасен мир магии, не дано его понять.",Eu também não consigo suportar isso...... ......Apenas aqueles que podem {y:1:‘ver’}{n:1:ver} o mundo da magia são capazes de entender o quão maravilhoso ele é.,我也一样窝心……。……魔法世界之神奇，是只有看得到的人类才能理解的。,我也一樣窩心……。……魔法世界之神奇，是只有看得到的人類才能理解的。,Neanche io potevo sopportarlo... coloro che non riescono a vedere quanto sia meraviglioso il mondo della magia... non possono capirlo.,Yo tampoco podía soportarlo... Solo aquellos que pueden ver el mundo de la magia pueden entender lo maravilloso que es., ......ﻛﻨﺖُ ﻣﻐﺘﺎﻇﺔً ﻣﺜﻠﻬﻤﺎ. ﻻ ﻳﺴﺘﻮﻋﺐ ﺭﻭﻋﺔ ﺍﻟﺴﺤﺮ ﺇﻻ ﻣﻦ ﻳﺮﺍﻩ......
,It can't be explained to humans who can't understand. And so it is mocked.{n}.........If only you could show it...,You can't explain to humans who can't understand. So it gets belittled. ......If you could show them it... ,You can't explain to humans who can't understand.So it is belittled..........If you could show it...,理解できない人間に説明できない。だから貶される。………見せることが出来れば…。,理解できない人間に説明できない。だから貶される。{n}………見せることが出来れば…。,"Его нельзя объяснить людям, которые его не понимают. Поэтому его жестоко недооценивают и принижают.{n}Если бы только его можно было показать...",Não é possível explicar para humanos incapazes de compreender. Por isso é tão ridicularizado.{n}.........Se você pudesse mostrá‐lo...,对理解不了的人，无法说明。所以，才会遭到贬低。{n}………要是能让他们看到…。,對理解不了的人，無法說明。所以，才會遭到貶低。{n}………要是能讓他們看到…。,Non puoi spiegare a umani che non capiscono. Quindi è ridicolizzato. {n}Se potessi mostrarlo...,No se puede explicar a los humanos que no pueden entender. Así que es menospreciado.{n}... Si tan solo se pudiera mostrar..., ﻻ ﻳﻤﻜﻦ ﺷﺮﺣﻪ ﻟﻠﺒﺸﺮ ﺫﻭ ﺍﻟﻔﻜﺮ ﺍﻟﻤﺤﺪﻭﺩ. ﻭﻟﺬﺍ ﻳُﺴﺨﺮ ﻣﻨﻪ.{n}...ﻟﻴﺘﻚِ ﺗﺴﺘﻄﻴﻌﻴﻦ ﺇﻇﻬﺎﺭﻩ.........
,......But you can't......,...But you can't... ,[=UP],……でも、出来ない……。,[=JP],Но не выходит...,......Mas não pode......,……但是，做不到……。,[=CN],... Ma non puoi...,... Pero no se puede..., ......ﻟﻜﻨَّﻚِ ﻻ ﺗﺴﺘﻄﻴﻌﻴﻦ......
,"Because, in front of {y:0:Human}{n:0:human}s who are filled with the anti‐magic toxin and who can't understand magic, .........magic cannot be used......","Because, in front of Humans who are filled with the magic-resisting toxin and who can't understand magic, magic cannot be used... ","Because, in front of humans who are filled with the magic-resisting toxin and who can't understand magic, magic cannot be used......",魔法は、反魔法の毒素で満たされた、魔法を理解できないニンゲンたちの前では、………使えないのだから……。,[=JP],"Потому что перед {y:0:Люд}{n:0:люд}ьми, полными антимагического токсина и не способными понять магию, использовать её нельзя...","Porque, em frente a {y:0:Humanos}{n:0:humanos} repletos de toxina antimagia e incapazes de compreendê‐la, .........a magia não pode ser usada......",因为，魔法没法在充满了反魔法毒素的，不理解魔法的人类面前，………使用……。,因為，魔法沒法在充滿了反魔法毒素的，不理解魔法的人類面前，………使用……。,"Perché, di fronte a umani pieni di tossina anti-magia e che non capiscono la magia, non si può usare la magia...",Porque frente a humanos que están llenos de la toxina anti-magia y que no pueden entender la magia... esta no puede ser usada...,"ﻓﺎﻟﺴﺤﺮ، ﺃﻣﺎﻡ ﺍﻟﺒﺸﺮ ﺍﻟﺬﻳﻦ ﻻ ﻳﻔﻬﻤﻮﻧﻪ، ﻭﺍﻟﻤﻔﻌﻤﻴﻦ ﺑـ ""ﺳﻤﻮﻡ"" ﻣﻀﺎﺩﺓ ﻟﻠﺴﺤﺮ، ......ﻻ ﻳﻤﻜﻦ ﺍﺳﺘﺨﺪﺍﻣﻪ........."
Sumadera Kasumi,"""I really don't get it. From this delusional diary, I've got to assume that something's wrong with your head. ......It really is interesting to take a peek into your happy‐go‐lucky little mind. You creepy child.""","""I really don't get it. From this delusional diary, I've got to assume that something's wrong with your head. ...It really is fun to take a peek into your mind. You creepy child."" ","""I really don't get it.  From this delusional diary, I've got to assume that something's wrong with your head.  ......It really is interesting to take a peek into your mind.  You creepy child.""",「本当にワケがわかんないわ。この妄想日記、頭がおかしいとしか思えない。……あんたのお花畑な頭の中が垣間見えて本当に面白いわぁ。キモチワルイ子ぉ。」,「本当にワケがわかんないわ。この妄想日記、頭がおかしいとしか思えない。……あんたのお花畑な頭の中が垣間見えて本当に面白いわぁ。キモチワルイ子ぉ」,"""Я действительно не понимаю. Исходя из этого бредового дневника, у меня напрашивается вывод, что у тебя не всё в порядке с головой. Это и правда интересно — заглянуть в твоё сознание. Ты противный ребёнок.""","""Eu realmente não entendo. A partir desse diário de delusões, eu assumi que havia algo de errado com a sua cabeça. ......É muito interessante poder espiar dentro da sua pequena e encantadora mente. Sua criança assustadora.""",「真真正正的不知所云啊。这妄想日记只能令人想到，写这东西的人脑子有病。……得以一见你花里胡哨的脑袋内部，倒也真是挺好玩的呢。恶心的孩子。」,「真真正正的不知所云啊。這妄想日記只能令人想到，寫這東西的人腦子有病。……得以一見你花里胡哨的腦袋內部，倒也真是挺好玩的呢。噁心的孩子。」,"""Davvero non capisco. Da questo delirante diario, devo presumere che ci sia qualcosa di sbagliato nella tua testa. ... È davvero interessante dare una sbirciata nella tua testa. Bambina inquietante.""","""Realmente no lo entiendo. Por este diario lleno de delirios, tengo que asumir que algo está mal en tu cabeza... Resulta muy interesante poder echar un vistazo al interior de tu mente. Niña espeluznante.""","""ﻳﺎ ﻟﻠﺴﺨﻒ. ﻻ ﻳﺴﻌﻨﻲ ﺃﻥ ﺃﺳﺘﻨﺘﺞ ﻣﻦ ﻫﺬﻩ ﺍﻟﻤﺬﻛﺮﺓ ﺇﻻ ﺃﻥ ﺻﺎﺣﺒﺘﻬﺎ ﻣﺨﺘﻠﺔ ﻋﻘﻠﻴﺔ. ﻣﻦ ﺍﻟﻤﻤﺘﻊ ﺣﻘًﺎ ﺇﻟﻘﺎﺀ ﻧﻈﺮﺓٍ ﻋﻠﻰ ﻋﻘﻠﻚِ ﺍﻟﺼﻐﻴﺮ ﺍﻟﻤﺨﺘﻞ ﻫﺬﺍ...... ﺃﻳُّﺘﻬﺎ ﺍﻟﻄﻔﻠﺔ ﺍﻟﻤﻘﺮﻓﺔ."""
{f:5:Eva Beatrice},"""You and Maria. ......And that stuffed animal and the furniture over there too. *giggle*giggle*giggle*!! Ahhaha{0}ha{0}ha{0}ha{0}ha{0}ha{0}hahaha!""","""Both you and Maria. ...And that stuffed animal and the furniture over there too, right? *giggle*giggle*giggle*!! Ahhahahahahahahahahaha!"" ","""Both you and Maria.  ......And that stuffed animal and the furniture over there too, right?  *giggle*giggle*giggle*!!  Ahhahahahahahahahahaha!""",「あんたも、真里亞も。……そこのぬいぐるみと家具もね？　ぷーっくすくすくすくす！！　あっはははははははははは！」,[=JP],"""И ты, и Мария. ......И это чучело животного и эта мебель там, не так ли? *хи‐хи*хи‐хи*хи‐хи*! Аха‐ха‐ха‐ха‐ха‐ха‐ха‐ха!""","""Você e a Maria. ......E aquele animal de pelúcia, e a mobília que está ali. *risos*risos*risos*!! Ahhaha{0}ha{0}ha{0}ha{0}ha{0}ha{0}hahaha!""",「你、真里亚。……还有那边的娃娃与家具全都是哦？噗——嘻嘻嘻嘻！！啊、哈哈哈哈哈哈哈哈哈哈！」,「你、真里亞。……還有那邊的娃娃與家具全都是哦？噗——嘻嘻嘻嘻！！啊、哈哈哈哈哈哈哈哈哈哈！」,"""Sia tu che Maria. ... E anche quell'animale imbottito e il mobile laggiù, vero? *giggle*giggle*giggle*!! Ahhahahahahahahahahaha!""","""Tú y María... Y ese animal de peluche y ese mueble de ahí también. ¡¡*risita*risita*risita*!! ¡Ajjajajajajajajajajaja!""","""ﺃﻧﺖِ ﻭﻣﺎﺭﻳﺎ. ﻭﺫﻟﻚ ﺍﻟﺤﻴﻮﺍﻥ ﺍﻟﻤﺤﺸﻮُّ ﻭﺍﻷﺛﺎﺙ ﻫﻨﺎﻙ ﺃﻳﻀًﺎ...... ﺁﻫﺎﻫﺎﻫﺎﻫﺎﻫﺎ!! ﺁﻫﺎﻫﺎﻫﺎﻫﺎﻫﺎﻫﺎﻫﺎﻫﺎﻫﺎﻫﺎ!!"""
Sumadera Kasumi,"""Aah, I could laugh. You don't have any friends, do you? You're allllways all alone, and stuffed animals are your friends, right? What a pitiable child.""","""Aah, I could laugh. You don't have any friends, do you? You're aaalways all alone, so stuffed animals are your friends? What a pitiable child. ","""Aah, I could laugh.  You don't have any friends, do you?  You're a-lways all alone, so stuffed animals are your friends?  What a pitiable child.  ",「あぁ、可笑しいわぁ。あんた、友達、いないんでしょ？　いっつもひとりぼっちで、ぬいぐるみがお友達なんでしょ？　可哀想な子ぉ。,「あぁ、可笑しいわぁ。あんた、友達、いないんでしょ？　いっつもひとりぼっちで、ぬいぐるみがお友達なんでしょ？　可哀想な子ぉ」,"""А‐ах, хорошо посмеялась. У тебя ведь нет друзей, верно? Ты всегда одна, игрушки животных твои друзья? Что за несчастный ребёнок.""","""Aah, isso é hilário. Você não tem nenhum amigo, né? Você seeeempre esteve sozinha, por isso animais de pelúcia são seus únicos amigos, né? Que criança mais miserável.""",「啊——，可笑啊。你，没朋友吧？总是一个人孤零零地把娃娃当成朋友吧？可怜的孩子。」,「啊——，可笑啊。你，沒朋友吧？總是一個人孤零零地把娃娃當成朋友吧？可怜的孩子。」,"""Aah, potrei ridere. Non hai amici, non è vero? Sei se-mpre tutta sola, perciò gli animali imbottiti sono tuoi amici? Che bambina pietosa.","""Aah, esto muy gracioso. No tienes amigos, ¿verdad? Sieeeempre estás sola, ¿así que animales de peluche son tus amigos? Qué chica más penosa.""","""ﺁﻫﻪ، ﻳﺎ ﻟﻠﻀﺤﻚ. ﻟﻴﺲ ﻋﻨﺪﻙ ﺃﺻﺪﻗﺎﺀ، ﺻﺤﻴﺢ؟ ﻳﺒﺪﻭ ﺃﻧﻚِ ﻭﺣﻴﺪﺓٌ ﺩﻭﻣًﺎ ﻭﻣﺎ ﺃﺻﺪﻗﺎﺅﻙ ﺇﻻ ﺩﻣﻰً ﻣﺤﺸﻮﺓ. ﻳﺎ ﻟﻚِ ﻣﻦ ﻃﻔﻠﺔٍ ﻣﺴﻜﻴﻨﺔ."""
Sumadera Kasumi,"""Ehheheheheheheheheh...! Don't worry, I understand. I know what it's like to live that way. .........So I'll be the one to recognize you for what you are. You really are a pitiful little child. Ehhehehha{0}ha{0}ha{0}ha{0}ha{0}hahaha!""","Heheheheheheheheh...! Don't worry, I understand. I know what it's like to live that way. ......So I'll accept it. You really are a pitiable child, right? Ehhehehhahahahahahahaha!"" ","Ehheheheheheheheheh...!  Don't worry, I understand.  I know what it's like to live that way.  .........So I'll accept it.  You really are a pitiable child, right?  Ehhehehhahahahahahahaha!""",うっふふふふふふふふふ…！　大丈夫、私にもわかるわよ。そういう生活、わかるもの。………だから私が認めてあげるわ。あんた、本当に可哀想な子よ？　うっふふふはははははははははは！」,「うっふふふふふふふふふ…！　大丈夫、私にもわかるわよ。そういう生活、わかるもの。………だから私が認めてあげるわ。あんた、本当に可哀想な子よ？　うっふふふはははははははははは！」,"""Эхе‐хе‐хе‐хе‐хе‐хе‐хе! Не волнуйся, я понимаю. Я знаю, что значит жить так. ........Поэтому я согласна. Ты и правда несчастный ребёнок, верно? Эхе‐ха‐ха‐ха‐ха‐ха‐ха‐ха!""","""Ehheheheheheheheheh...! Não se preocupe, eu entendo. Eu sei como é viver assim. .........Por isso, serei a primeira a reconhecer você pelo que realmente é. Você é mesmo uma criancinha miserável. Ehhehehha{0}ha{0}ha{0}ha{0}ha{0}hahaha!""",「呜、哼哼哼哼哼哼哼哼哼…！没事没事，我也明白的。我明白你的这种生活。………所以，我予以承认。承认，你真的是个可怜的孩子哟？呜、哼哼哼哈哈哈哈哈哈哈哈哈哈！」,「嗚、哼哼哼哼哼哼哼哼哼…！沒事沒事，我也明白的。我明白你的這種生活。………所以，我予以承認。承認，你真的是個可怜的孩子喲？嗚、哼哼哼哈哈哈哈哈哈哈哈哈哈！」,"Ehheheheheheheheheh...! Non preoccuparti, ti capisco. So com'è vivere in quella maniera. ... Perciò lo accetterò. Sei davvero una bambina pietosa, vero? Ehhehehhahahahahahahaha!""","""¡Eejejejejejeje!... No te preocupes, entiendo. Sé cómo es vivir de esa manera... Así que seré yo quien te reconozca por lo que eres... Realmente eres una chica lamentable. ¡Ejjejejjajajajajajajajaja!""","""...ﻫﻴﻬﻴﻬﻴﻬﻴﻬﻴﻬﻴﻬﻲ! ﻻ ﺗﻘﻠﻘﻲ، ﻓﺄﻧﺎ ﺃﺗﻔﻬﻤﻚ. ﺃﺗﻔﻬﻢ ﻗﺴﻮﺓ ﺍﻟﻌﻴﺶ ﻫﻜﺬﺍ. ...ﻟﺬﺍ ﺳﻮﻑ ﺃﻭﺍﺳﻴﻚِ. ﺃﻧﺖِ ﻃﻔﻠﺔ ﻣﺜﻴﺮﺓ ﻟﻠﺸﻔﻘﺔ. ﻫﻴﻬﻴﻬﻴﻬﺎﻫﺎﻫﺎﻫﺎﻫﺎﻫﺎ!"""
,".........So, to you, ......she looks like a pitiful child.","......To you, it probably would look... ...like something made by a pitiful child. ",".........To you, I probably do look......like a pitiful child.",……………あんたには、可哀想な子に、……見えるのね。,[=JP],"В твоих глазах я, вероятно, и впрямь выгляжу... несчастным ребёнком.",".........Então, para você, ......ela parece uma criança miserável?",……………在你眼中，看起来是个，……可怜的孩子么？,……………在你眼中，看起來是個，……可怜的孩子麼？,"... Per te, probabilmente sembro... una bambina pietosa.","... Para ti, yo probablemente me veo... como una chica que da lástima.",ﺇﺫًﺍ، ﺑﺎﻟﻨﺴﺒﺔ ﻟﻚِ......... ﺗﺒﺪﻭ ﻓﺘﺎﺓً ﻣﺴﻜﻴﻨﺔ......
,"Yes, I'm sure she does.",That's right. ,That's right.,そうでしょうよ。,[=JP],И правда.,"Sim, tenho certeza que é.",倒会是这样呢。,倒會是這樣呢。,Questo è vero.,"Sí, seguro que sí.", ﻓﻌﻼً.
,"If a hundred people were to read Onee‐chan's diary and grimoire, all one hundred would probably get that same impression.","If a hundred people were to read Onee-chan's diary, a hundred people would probably think the same thing. ","If a hundred people were to read Onee-chan's diary, a hundred people would probably think the same thing.",お姉ちゃんの日記と魔導書は、百人が読めば、百人がきっとそういう感想を持つでしょう。,[=JP],"Если бы сто человек прочитали дневник сестрёнки, эти сто человек подумали точно так же.","Se cem pessoas lessem o diário e o grimório da onee‐chan, todas as cem provavelmente teriam a mesma impressão.",姐姐的日记与魔导书，肯定是有一百个人看，就有一百个人得出这样的感想吧。,姐姐的日記與魔導書，肯定是有一百個人看，就有一百個人得出這樣的感想吧。,"Se cento persone dovessero leggere il diario di Onee-chan, cento persone penserebbero la stessa cosa.","Si cien personas fueran a leer el diario de Onee-chan, las cien personas probablemente pensarían lo mismo.", ﻟﻮ ﻗﺮﺃ ﻣﺎﺋﺔ ﺷﺨﺺٍ ﻣﺬﻛﺮﺓ ﺃﺧﺘﻲ ﺃﻭ ﻛﺘﺎﺏ ﻃﻼﺳﻤﻬﺎ، ﻟﺨﺮﺟﻮﺍ ﻏﺎﻟﺒًﺎ ﺟﻤﻴﻌﻬﻢ ﺑﻨﻔﺲ ﺍﻻﺳﺘﻨﺘﺎﺝ.
,......I used to be one of them.,...I used to be like that too. ,......I used to be like that too.,……かつての私もそうだった。,[=JP],Раньше я тоже так считала.,......Eu costumava ser uma delas.,……曾经的我，也是如此。,……曾經的我，也是如此。,... Anch'io prima ero così.,... Yo también solía ser así.,...ﻫﻜﺬﺍ ﻓﻜﺮﺕ ﺃﻧﺎ ﺃﻳﻀًﺎ ﺳﺎﺑﻘًﺎ.
,"But you know, .........in spite of all that, ......Maria onee‐chan......still called this a world of happiness.","But you know, ......despite all of that, ...Maria onee-chan... ...summoned a world of happiness. ","But you know, .........despite all of that, ......Maria onee-chan, ......summoned a world of happiness.",　でもね、………真里亞お姉ちゃんは、……それでもそれを、……幸せな世界と呼んだの。,でもね、………真里亞お姉ちゃんは、……それでもそれを、……幸せな世界と呼んだの。,"Однако же, несмотря на всё это, Мария онее‐чан, создала мир счастья.","Mas sabe, .........apesar de tudo aquilo, ......a Maria onee‐chan......ainda dizia que este era um mundo de felicidade.",但是，………真里亚姐姐，……即便如此，……也将此称作，幸福的世界。,但是，………真里亞姐姐，……即便如此，……也將此稱作，幸福的世界。,Ma sai... nonostante tutto... Maria Onee-chan... aveva evocato un mondo di felicità.,Pero sabes... a pesar de todo eso... María onee-chan... todavia llamaba a esto un mundo de felicidad.,ﺇﻻ ﺃﻥَّ، ﺃﺧﺘﻲ ﻣﺎﺭﻳﺎ... ...ﻣﻊ ﺫﻟﻚ...... ﻛﺎﻧﺖ ﺗﺪﻋﻮ ﻋﺎﻟﻤﻬﺎ ﺫﺍﻙ ﺑﺎﻟﻌﺎﻟﻢ ﺍﻟﺴﻌﻴﺪ...
,".........Don't deny.........that magic, ...that happiness......","......Don't deny... ...that magic, ...that happiness... ",".........Don't deny, .........that magic...and happiness......",………その魔法と、幸せを、………否定しないで……。,[=JP],Не отрицайте эту магию и счастье...,".........Não negue.........essa magia, ...essa felicidade......",………不要否定，这个魔法、………与幸福……。,………不要否定，這個魔法、………與幸福……。,... Non negare... quella magia... e felicità...,... No niegues... esa magia... y esa felicidad..., ...ﻻ ﺗﻨﻜﺮﻭﺍ......... ......ﺫﻟﻚ ﺍﻟﺴﺤﺮ، ...ﻭﺗﻠﻚ ﺍﻟﺴﻌﺎﺩﺓ......
{f:5:Eva Beatrice},"""Such a stubborn child, you are. ......Alright, fine. This is the last one. I'll tear apart the source of the absolutely ridiculous magic that you and Maria believed in. Sumadera Kasumi, read this page.""","""Such a stubborn child, you are. ...Very well. This is the last one. I'll tear apart the source of the truly foolish magic that you and Maria believed in. Sumadera Kasumi, read this page, okay?"" ","""Such a stubborn child, you are.  ......Alright.  This is the last one.  I'll tear apart the source of the truly foolish magic that you and Maria believed in.  Sumadera Kasumi, read this page, alright?""",「頑固な子ね、あんたは。……いいわ。これで最後よ。あんたと真里亞の信じた、本当に下らない魔法の根源を、引き裂いてあげるわよ。須磨寺霞、そのページを読みなさい？」,[=JP],"""Что за упрямый ребёнок. ...... Хорошо. Это последняя. Я разорву источник этой воистину идиотской магии, в которую верили вы с Марией. Сумадера Касуми, прочитай эту страницу, хорошо?""","""Você é mesmo uma criança teimosa. ......Certo, tudo bem. Esta é a última.{n}Eu irei partir a fonte desta magia completamente ridícula que você e a Maria acreditam. Sumadera Kasumi, leia esta página.""",「好顽固啊，你这孩子。……好吧。这就是最后了。将你与真里亚所信奉的，着实无聊的魔法的根源，撕成两半。须磨寺霞，去念下这页吧？」,「好頑固啊，你這孩子。……好吧。這就是最後了。將你與真里亞所信奉的，著實無聊的魔法的根源，撕成兩半。須磨寺霞，去念下這頁吧？」,"""Sei proprio una bambina cocciuta. ... D'accordo. Questa è l'ultima. Strapperò la fonte della magia davvero assurda in cui tu e Maria credevate. Sumadera Kasumi, leggi questa pagina, ok?""","""Vaya que eres terca... Muy bien. Esta es la última. Arrancaré la fuente de esta magia absolutamente ridícula en la que tú y María tanto creen. Sumadera Kasumi, lee esta página.""","""ﻳﺎ ﻟﻚِ ﻣﻦ ﻃﻔﻠﺔٍ ﻋﻨﻴﺪﺓ. ﺣﺴﻨًﺎ، ﺣﺴﻨًﺎ...... ﻫﺬﻩ ﺍﻷﺧﻴﺮﺓ. ﺳﺄﻣﺰِّﻕ ﻣﺼﺪﺭ ﺍﻟﺴﺤﺮ ﺍﻟﺘﺎﻓﻪ ﺍﻟﺬﻱ ﺗﺆﻣﻨﻴﻦ ﺑﻪ ﺃﻧﺖِ ﻭﻣﺎﺭﻳﺎ. ﺍﻗﺮﺋﻲ ﻫﺬﻩ ﺍﻟﺼَّﻔﺤﺔ ﻳﺎ ﺳﻮﻣﺎﺩﻳﺮﺍ ﻛﺎﺳﻮﻣﻲ"""
Sumadera Kasumi,"""Hmmm, what is this colorful page......? ...Let's see. .........Magic to......always be friends with Mama who I love...?""","""Hmmm, what's this colorful page...? ...What's this? ......Magic to... ...always be friends with my beloved mother...?"" ","""Hmmm, what is this colorful page......?  ...What's this?  .........Magic to, ......always be friends with my beloved mother...?""",「なぁに、このカラフルなページは……？　…何々？………大好きなママと、……いつまでも仲良しでいられる魔法ぉ…？」,「なぁに、このカラフルなページは……？　…何々？　………大好きなママと、……いつまでも仲良しでいられる魔法ぉ…？」,"""Хм‐м, что за яркая страница?.. Что это тут у нас? Магия для того, чтобы всегда быть со своей любимой мамой?""","""Hmmm, o que é essa página toda colorida......? ...Deixe‐me ver.{n}.........Magia para......sempre ser amiga da mamãe que eu amo...?""",「啥呀，这彩页……？…什么什么？………与最喜欢的妈妈，……永远相亲相爱的魔法…？」,「啥呀，這彩頁……？…什麼什麼？………與最喜歡的媽媽，……永遠相親相愛的魔法…？」,"""Hmmm, e questa pagina colorata...? Cos'è questa? ... La magia per... essere sempre amica della mia amata Mamma...?""","""Mmmm, ¿qué es esta página colorida?... ¿Qué es esto?... ¿Magia para que... mamá y yo siempre seamos buenas amigas?...""","""ﻫﻤﻢ، ﻣﺎ ﻫﺬﻩ ﺍﻟﺼَّﻔﺤﺔ ﺍﻟﻤﻠﻮَّﻧﺔ......؟ ﺳﺄﺭﻯ... ...ﺗﻌﻮﻳﺬﺓٌ......... ﺗﺒﻘﻴﻨﻲ ﺻﺪﻳﻘﺔً ﻟﻤﺎﻣﺎ ﺍﻟﺘﻲ ﺃﺣﺒﻬﺎ ﺩﻭﻣًﺎ...؟"""
Sakutarou,‘N‐noooooooooo!! Not that page......!!’,‘St-Stop iiiiiiiiiiit!! Not that page...!!’ ,"『S, stop iiiiiiiiiiit!!  Not that page......!!』",『やッ、やめてぇええええぇ！！　そのページだけは……！！』,[=JP],{p:0:『}О... Сто‐о‐ой! Только не эту страницу!..{p:0:』},‘N‐Nãoooooooooo!! Essa página não......!!’,『不、不要——————！！唯独这页……！！』,『不、不要——————！！唯獨這頁……！！』,{p:0:『}F-Fermaaaaaaaaa!! Non quella pagina...!!{p:0:』},‘¡¡D-Deteeeeente!! ¡¡Esa página no!!...’, ﻟـ-ﻻﺍﺍﺍﺍﺍﺍ!! ......ﺇﻻ ﺗﻠﻚ ﺍﻟﺼﻔﺤﺔ!!
Sumadera Kasumi,"""Oh? This magic is really simple. I think even I could do it without any practice at all. .........Even I can remember an incantation this short. Shall I give it a go?""","""Aha. This magic's really simple, isn't it? It looks like even I could do it. ......Even I could remember an incantation this short. Shall I give it a whirl?"" ","""Aha.  This magic is really simple, isn't it?  It looks like even I could do it.  .........Even I could remember an incantation this short.  Shall I try it?""",「へー。この魔法、すっごく簡単じゃない。私でもすぐ出来そうだわ。………こんなに短い呪文なら、私にだって覚えられちゃう。やってみようかしら。」,「へー。この魔法、すっごく簡単じゃない。私でもすぐ出来そうだわ。………こんなに短い呪文なら、私にだって覚えられちゃう。やってみようかしら」,"""Ха. Эта магия очень простая, верно? Похоже, даже я смогу применить её. Даже мне по силам запомнить настолько короткое заклинание. Так не попробовать ли?""","""Oh? Essa magia é mesmo simples. Acho que até eu consigo sem nem praticar. .........Mesmo eu consigo lembrar de um feitiço tão curto. Será que devo tentar?""",「哦？这个魔法，倒真的非常简单呢。连我都能马上用出来。………这么短的咒语的话，我也能够记住哦。来试试吧。」,「哦？這個魔法，倒真的非常簡單呢。連我都能馬上用出來。………這麼短的咒語的話，我也能夠記住哦。來試試吧。」,"""Aha. Questa magia è davvero semplice, no? Sembra che possa farla anche io. ... Persino io potrei ricordare un incantesimo così corto. Lo provo?""","""¿Oh? Esta magia es bastante sencilla. Parece que hasta yo podría hacerla... Hasta yo podría recordar un conjuro tan corto. ¿Lo intento?""","""ﺃﻭﻩ؟ ﻳﺎ ﻟﻬﺎ ﻣﻦ ﺗﻌﻮﻳﺬﺓٍ ﺑﺴﻴﻄﺔ. ﺃﻇﻦُّ ﺃﻧَّﻪ ﺑﺎﺳﺘﻄﺎﻋﺘﻲ ﺗﺮﺗﻴﻠﻬﺎ ﺩﻭﻥ ﺃﻱِّ ﺗﺪﺭﻳﺐٍ ﺇﻃﻼﻗًﺎ. ﺣﺘﻰ ﺃﻧﺎ ﻳﻤﻜﻨﻨﻲ ﺣﻔﻆ ﺗﻌﻮﻳﺬﺓٍ ﺑﻬﺬﺍ ﺍﻟﻘﺼﺮ......... ﻫﻞ ﺃﺟﺮِّﺑﻬﺎ؟"""
{f:5:Eva Beatrice},"""*giggle*giggle*, it really is a short incantation, isn't it? Alright, give it a try, let's all burst it out!""","""*giggle*giggle* It really is a short incantation, isn't it? Okay, give it a try, let's have everyone spit it out!"" ","""*giggle*giggle*, it really is a short incantation, isn't it?  Alright, give it a try, let's have everyone spit it out!""",「くすくす、本当に簡単な呪文よねぇ？　いいわよ、やってあげなさい、みんなも噴出しちゃうからぁ！」,[=JP],"""*хи‐хи*хи‐хи* и впрямь короткое, не правда ли? Ладно, давайте все попробуем!""","""*risos*risos*, é mesmo um feitiço bem curto, não é? Certo, experimentem, vamos todos colocar para fora!""",「嘻嘻，真的是好简单的咒语呢！好哦，就来一下吧，大家也肯定会爆笑的！」,「嘻嘻，真的是好簡單的咒語呢！好哦，就來一下吧，大家也肯定會爆笑的！」,"""*giggle*giggle*, è davvero un incantesimo breve, vero? Bene, provaci, facciamolo dire da tutti gli altri!""","""*risita*risita*, realmente es un conjuro corto, ¿no? ¡Bien, haré un intento, todos lo haremos!""","""ﻫﻴﻬﻴﻬﻴﻬﻴﻬﻴﻬﻲ، ﺃﻟﻴﺴﺖ ﺗﻌﻮﻳﺬﺓً ﻗﺼﻴﺮﺓً ﺣﻘًﺎ؟ ﻫﻴﺎ، ﻗَﻠّﺪﻳﻬﺎ، ﺣﺘﻤًﺎ ﺳﻮﻑ ﺗُﻀﺤﻜﻴﻦ ﺍﻟﺠﻤﻴﻊ!"""
,"With expressions that ridiculed it from the bottoms of their hearts, the black witch and Kasumi......puckered their lips in the most exaggerated way they could, ............and said it aloud......","With expressions that ridiculed it from the bottom of their hearts, the black witch and Kasumi...tapered their mouths. ......And they said it aloud... ","With expressions that ridiculed it from the bottom of their hearts, the black witch and Kasumi, ......tapered their mouths.  .........And they said it aloud......",黒き魔女と霞は、心の底から馬鹿にした表情で、……口を、ひょっとこのように、尖らせ。…………それを口にした……。,[=JP],"С лицами, выражающими откровенную насмешку, чёрная ведьма и Касуми открыли рты и громко крикнули...","Com expressões que ridicularizavam aquilo do fundo de seus corações, a bruxa da escuridão e a Kasumi......franziram seus lábios da forma mais exagerada que conseguiram, ............e disseram em voz alta......",黑魔女与霞，流露出发自心底的轻蔑之情，……如这般地，微微翘起了嘴。…………将那说出了口……。,黑魔女與霞，流露出發自心底的輕蔑之情，……如這般地，微微翹起了嘴。…………將那說出了口……。,"Con espressioni che lo ridicolizzavano dal profondo dei loro cuori, la strega nera e Kasumi... affilarono le loro bocche. ... E lo dissero ad alta voce...","Con expresiones que lo ridiculizaban desde el fondo de sus corazones, la bruja negra y Kasumi... alistaron sus bocas... y lo dijeron fuerte...",ﺑﺘﻌﺎﺑﻴﺮ ﺗﺴﺨﺮ ﻣﻨﻬﺎ ﻣﻦ ﺃﻋﻤﺎﻕ ﻗﻠﺒﻴﻬﻤﺎ، ﺯﻣَّﺖ ﺍﻟﺴَّﺎﺣﺮﺓ ﺍﻟﺴﻮﺩﺍﺀ ﻭﻛﺎﺳﻮﻣﻲ......ﺷﻔﺘﻴﻬﻤﺎ ﺑﺄﻛﺜﺮ ﻃﺮﻳﻘﺔٍ ﻣﺒﺎﻟﻎٍ ﻓﻴﻬﺎ ﻣﻤﻜﻨﺔ، ......ﻭﻧﻄﻘﺘﺎ ﺑﻬﺎ............
Sumadera Kasumi,"""Uu‐uu.""","""Uu-uu-."" ","""Uu-uu-.""",「うーうー。」,「うーうー」,"""У‐у‐у.""",[=UP],「呜——呜——。」,「嗚——嗚——。」,[=OG],[=UP],"""ﺃﻭﻭ-ﺃﻭﻭ."""
,"The black‐suits stared blankly, asking what that was supposed to be.{n}Then Kasumi answered, cackling.","The black-suits stared blankly, asking what the hell that was supposed to be. Then Kasumi answered, cackling. ","The black-suits stared blankly, asking what the hell that was supposed to be.Then Kasumi answered, cackling.",黒服たちがきょとんとして、それは何の真似ですかと聞く。すると霞はげらげらと笑いながら答えた。,黒服たちがきょとんとして、それは何の真似ですかと聞く。{n}すると霞はげらげらと笑いながら答えた。,"Касумины шестёрки озадачено вытаращились на неё, спрашивая, что это должно означать.{n}Тогда Касуми, смеясь, ответила.","Os homens de preto ficaram parados, se perguntando o que aquilo deveria significar. Então, Kasumi respondeu, gargalhando.",黑衣人们愣了一下，开口询问这是什么意思。{n}然后，霞哈哈笑着，作出了回答。,黑衣人們愣了一下，開口詢問這是什麼意思。{n}然後，霞哈哈笑著，作出了回答。,"Gli uomini in vestito nero sbarrarono gli occhi, chiedendo che diavolo fosse quella cosa. Allora Kasumi rispose, ridacchiando.","Los de traje negro observaron sin expresiones, preguntándose qué se suponía que era eso.{n}Entonces Kasumi contestó, riéndose.", ﺣﺪَّﻕ ﺫﻭﻭ ﺍﻟﺒﺬﻝ ﺍﻟﺴﻮﺩﺍﺀ ﺑﺠﻤﻮﺩ، ﻣﺘﺴﺎﺋﻠﻴﻦ ﻋﻤَّﺎ ﻳُﻔﺘﺮﺽ ﺃﻥ ﻳﻜﻮﻥ ﺫﻟﻚ.{n}ﺛﻢ ﺃﺟﺎﺑﺖ ﻛﺎﺳﻮﻣﻲ ﻭﻫﻲ ﺗﻀﺤﻚ ﺑﻬﺴﺘﻴﺮﻳﺔ.
Sumadera Kasumi,"""This is supposed to be the ""incantation"". Are you kidding me...! Ahhahahahahahaha...!!!""","""This is supposed to be an incantation. Are you kidding me...?! Ahhahahahahahaha...!!!"" ","""This is supposed to be an incantation.  Are you kidding me...!  Ahhahahahahahaha...!!!""",「これがね、呪文なんだって。おっかしい…！　あっははははははは…！！！」,[=JP],"""Этому полагается быть заклинанием. Ты что, шутишь? Аха‐ха‐ха‐ха‐ха‐ха!!!""","""Era para isso ser um ""feitiço"". Você só pode estar brincando...! Ahhahahahahahaha...!!!""",「这个呀，是咒语哦？可笑…！啊、哈哈哈哈哈哈哈…！！！」,「這個呀，是咒語哦？可笑…！啊、哈哈哈哈哈哈哈…！！！」,"""Questo dovrebbe essere un incantesimo. Stiamo scherzando...!? Ahhahahahahahaha...!!!""","""Eso se supone que es el conjuro. ¡Debe ser una broma!... ¡¡¡Ajjajajajajajaja!!!..."""," ﻳُﻔﺘﺮﺽ ﺃﻥَّ ﻫﺬﻩ ﺗﻌﻮﻳﺬﺓ. ...ﺃﺗﻤﺰﺣﻴﻦ ﻣﻌﻲ! ...ﺁﻫﺎﻫﺎﻫﺎﻫﺎﻫﺎﻫﺎﻫﺎ!!!"""
{f:5:Eva Beatrice},"""Come on, why don't you guys try it too? Uu‐uu‐uu.""","""Come on, why don't you guys try it too? Uu-uu-uu-."" ","""Come on, why don't you guys try it too?  Uu-uu-uu-.""",「ほら、あんたたちもやってみればぁ？　うーうーうー。」,「ほら、あんたたちもやってみればぁ？　うーうーうー」,"""Давайте, ребята, почему бы вам тоже не попробовать? У‐у‐у.""","""Vamos, por que não tentam também? Uu‐uu‐uu.""",「来，你们几个也来试试吧？呜——呜——呜——。」,「來，你們幾個也來試試吧？嗚——嗚——嗚——。」,"""Su, perché non lo provate anche voi? Uu-uu-uu-.""","""Vamos, ¿por qué no lo intentan? Uu‐uu‐uu.""","""ﻫﻴَّﺎ، ﻟﻤﺎﺫﺍ ﻻ ﺗﺠﺮِّﺑﻮﻧﻬﺎ ﺃﻳﻀًﺎ؟ ﺃﻭﻭ-ﺃﻭﻭ-ﺃﻭﻭ."""
,"The black‐suits imitated that moaning voice, making fun of it......","The black-suits imitated that moaning voice, making fun of it... ","The black-suits imitated that moaning voice, making fun of it......",黒服たちもふざけた様子で、その唸り声を真似る……。,[=JP],Её шестёрки принялись насмешливо подражать её стонущему голосу...,"Os homens de preto imitaram aquele gemido, debochando dele......",黑衣人们也以开玩笑的形式模仿起了这念叨声……。,黑衣人們也以開玩笑的形式模仿起了這念叨聲……。,"Quelli in vestito nero imitarono quella voce gemente, prendendola in giro...","Los de traje negro imitaron la voz, burlándose de ella...", ......ﻗﻠَّﺪ ﺫﻭﻭ ﺍﻟﺒﺬﻝ ﺍﻟﺴﻮﺩﺍﺀ ﺫﻟﻚ ﺍﻟﺼﻮﺕ ﺍﻟﻤﺘﺂﻭِّﻩ، ﺳﺎﺧﺮﻳﻦ ﻣﻨﻪ.
,{m:-5:———}—“Uu‐uu.”{n}That was the incantation...for the magic that would let her always be friends with the mama she loved.,"————""Uu-uu-."" That was the incantation...for the magic that would let her always be friends with her beloved mother. ",――――'Uu-uu-.'That was the incantation...for the magic that would let her always be friends with her beloved mother.,————“うーうー。”それが、大好きなママと、いつまでも仲良しでいられる魔法の、呪文。,――――“うーうー。”{n}それが、大好きなママと、いつまでも仲良しでいられる魔法の、呪文。,"――――'У‐у‐у.'{n}Это заклинание... было магией, обеспечивающей вечную дружбу со своей любимой мамой.",{m:-5:———}—“Uu‐uu.”{n}Aquele era o feitiço...para a magia que permitiria que ela fosse amiga de sua amada mãe para sempre.,————“呜——呜——。”{n}这是，与最喜欢的妈妈永远相亲相爱的魔法的，咒语。,————“嗚——嗚——。”{n}這是，與最喜歡的媽媽永遠相親相愛的魔法的，咒語。,――――'Uu-uu-.' Quello era l'incantesimo... per la magia che le avrebbe permesso di essere sempre amiche con la sua amata Madre.,{m:-5:———}—“Uu‐uu.”{n}Ese era el conjuro... la magia que le permitiría ser amiga de su querida madre para siempre.,{m:-5:———}—ﺃﻭﻭ-ﺃﻭﻭ {n}ﻛﺎﻧﺖ ﺗﻠﻚ ﺍﻟﺘﻌﻮﻳﺬﺓ...ﻟﻠﺴﺤﺮ ﺍﻟﺬﻱ ﺳﻴﺒﻘﻴﻬﺎ ﺩﻭﻣًﺎ ﺻﺪﻳﻘﺔً ﻷﻣﻬﺎ ﺍﻟﺘﻲ ﺗﺤﺒﻬﺎ.
Sumadera Kasumi,"""What is this stupidity...!! If you could make family relationships better just by saying ""uu‐uu"", we would have world peace forever. Ahah‐hah‐hah‐hah‐ha!!""","""What the hell, how stupid...!! If you could make family relationships better just by saying uu-uu-, the world would always be peaceful. Ahahahahaha!!"" ","""What the hell, how stupid...!!  If you could make family relationships better just by saying uu-uu-, the world would always be peaceful.  Ahah-hah-hah-hah-ha!!""",「何この、馬鹿みたいなの…！！　うーうー言うだけで家族仲がよくなるなら、世界はずっと平和だわ。あっはっはっはっはっは！！」,[=JP],"""Ёлки‐палки, какой маразм! Если бы можно было наладить семейные отношения одним лишь уканьем, то весь мир был бы счастлив. Аха‐ха‐ха‐ха‐ха‐ха!""","""Quanta estupidez...!! Se fosse possível melhorar as relações familiares só dizendo ""uu‐uu"", viveríamos para sempre em um mundo de paz. Ahah‐hah‐hah‐hah‐ha!!""",「这都啥呀，跟白痴一样…！！光是说下“呜——呜——”就能家庭和睦的话，那世界就永远和平了。啊哈哈哈哈哈！！」,「這都啥呀，跟白痴一樣…！！光是說下“嗚——嗚——”就能家庭和睦的話，那世界就永遠和平了。啊哈哈哈哈哈！！」,"""Ma che diavolo, che cosa stupida...!! Se le relazioni familiari migliorassero dicendo solo uu-uu-, il mondo sarebbe sempre calmo. Ahah-hah-hah-hah-ha!!""","""¡¡Qué demonios, vaya estupidez!!... Si se pudiera mejorar una relación familiar al solo decir ""uu‐uu"", el mundo siempre sería pacifico. ¡¡Ajaj-jaj-jaj-jaj-ja!!""","""...ﻣﺎ ﻫﺬﺍ ﺍﻟﻬﺮﺍﺀ؟!! ﻟﻦ ﺗﺴﻌﺪ ﺃﺳﺮﺗﻚ ﻭﻟﻦ ﻳﺤﻞُّ ﺍﻟﺴﻼﻡ ﻓﻲ ﺍﻟﻌﺎﻟﻢ ﻓﻘﻂ ﺑﻘﻮﻝ ﺃﻭﻭ-ﺃﻭﻭ. ﺁﻫﺎ-ﻫﺎ-ﻫﺎ-ﻫﺎ-ﻫﺎ-ﻫﺎ!!"""
{f:5:Eva Beatrice},"""Uu‐uu‐uu! A stupid moaning voice! If you do this over and over again, people are going to think you're a poor kid with mental problems! Are you retarrrrrded?! Waaahahha{0}ha{0}ha{0}haha, waaaha{0}ha{0}ha{0}hahaha!!""","""Uu-uu-uu-! A stupid moaning voice! Too bad that if you do this over and over again, people'll think you're a pathetic, stupid kid! Are you a moron?! Wahhahahahahaha, waaahahahahahahha!!"" ","""Uu-uu-uu-!  A stupid moaning voice!  Too bad that if you do this over and over again, people'll think you're a pathetic, stupid kid!  Are you a moron?!  Wahhahahahahaha, waaahahahahahahha!!""",「うーうーうー！　馬鹿な唸り声ぇ！　こんなの連呼してたら頭の可哀想な子と思われるのがオチよォ！ばぁッかじゃない？！うあっはっはっはっはっは、わーっはっはっはっはっは！！」,「うーうーうー！　馬鹿な唸り声ぇ！　こんなの連呼してたら頭の可哀想な子と思われるのがオチよォ！　ばぁッかじゃない？！　うあっはっはっはっはっは、わーっはっはっはっはっは！！」,"""У‐у‐у! Дурацкий воющий голос! Как жаль, что если ты будешь повторять это снова и снова, люди будут думать о тебе как об убогом, глупом ребёнке! Ты что, дура?! Ва‐, ва‐ха‐ха‐ха‐ха‐ха!""","""Uu‐uu‐uu! Que gemido mais estúpido! Se ficar repetindo isso sem parar, vão pensar que você é uma pobre criança com problemas mentais!{n}Você é retardaaaada?! Waaahahha{0}ha{0}ha{0}haha, waaaha{0}ha{0}ha{0}hahaha!!""",「呜——呜——呜——！傻透了的念叨声啊！去连声念叨这个的话，到头来只会被当成智商可怜的孩子哦？！傻的啊？！哇哈哈哈哈哈，哇——哈哈哈哈哈！！」,「嗚——嗚——嗚——！傻透了的念叨聲啊！去連聲念叨這個的話，到頭來只會被當成智商可怜的孩子哦？！傻的啊？！哇哈哈哈哈哈，哇——哈哈哈哈哈！！」,"""Uu-uu-uu-! Una stupida voce lamentosa! Peccato che se si ripete molte volte, le persone penseranno che sei una patetica, stupida bambina! Sei deficiente?! Wahhahahahahaha, waaahahahahahahha!!""","""¡Uu‐uu‐uu! ¡Una estúpida voz quejumbrosa! Si haces esto una y otra vez, ¡la gente va a pensar que eres una pobre chica con problemas mentales! ¡¿Eres retrasaaada?! ¡¡Wajjajajajajaa, waaajajajajajajja!!""","""ﺃﻭﻭ-ﺃﻭﻭ-ﺃﻭﻭ. ﻫﺬﺍ ﻣﺤﺾ ﻧﺤﻴﺐٍ ﻏﺒﻲ! ﺇﻥ ﻓﻌﻠﺖِ ﻫﺬﺍ ﻣﺮﺍﺭًﺍ، ﺳﻴﻈﻨُّﻚِ ﺍﻟﻨﺎﺱ ﻃﻔﻠﺔً ﻣﺴﻜﻴﻨﺔً ﺗﻌﺎﻧﻲ ﻣﻦ ﻣﺸﺎﻛﻞ ﻋﻘﻠﻴﺔ. ﺃﺃﻧﺖِ ﻣﺘﺨﻠِّﻔﺔٌ ﻋﻘﻠﻴًﺎ؟! ﻭﺍﻫﺎﻫﺎﻫﺎﻫﺎﻫﺎﻫﺎﻫﺎ، ﻭﺁﻫﺎﻫﺎﻫﺎﻫﺎﻫﺎ!!"""
Sakutarou,‘Stoooooop...... At least don't mock......that magiiiiiiiic......’,‘Stop iiiit... At least don't belittle...that magiiiiiiiic...’ ,"『Stop iiiit......, at least don't belittle......, that magiiiiiiiic......』",『やめろぉおぉ……、その魔法だけは……、貶さないでぇえぇぇぇ……。』,『やめろぉおぉ……、その魔法だけは……、貶さないでぇえぇぇぇ……』,"{p:0:『}Останови‐и‐ись, умоляю, эта магия...{p:0:』}",‘Pareeeeeem...... Não riam dessa......magiiiiiaa......’,『不要———……，别贬低……，这魔法—————……』,『不要———……，別貶低……，這魔法—————……』,{p:0:『}Fermateviiii... almeno non sminuite... quella magiaaaaaa... {p:0:』},"‘Detenteee... al menos, no te burles... de esa magiaaaa...’", ......ﺗﻮﻗَّﻔﻲ...... ﻋﻠﻰ ﺍﻷﻗﻞ ﻻ ﺗﺴﺨﺮﻱ......ﻣﻦ ﺫﻟﻚ ﺍﻟﺴﺤﺮﺭﺭﺭ.
,............One day when Maria onee‐chan and Aunt Rosa had gone on a picnic together.,"......It was the day of a picnic, when Maria onee-chan and Aunt Rosa were alone... ",............On the day of a picnic where Maria onee-chan and Rosa oba-san were alone.,…………真里亞お姉ちゃんと楼座叔母さんの二人きりのピクニックの日。,[=JP],Однажды Мария онее‐чан и тётя Роза вместе отправились на пикник.,"............Certo dia, a Maria onee‐chan e a tia Rosa foram juntas à um piquenique.",…………那是发生在，真里亚姐姐与楼座姑母，母女两人一起去郊游的那天的事。,…………那是發生在，真里亞姐姐與樓座姑母，母女兩人一起去郊游的那天的事。,... Nel giorno di un pic-nic in cui Maria Onee-chan e Rosa oba-san erano sole.,"... Cierto día, la tía Rosa y María onee-chan estaban haciendo un picnic.",...ﺣﺪﺙ ﺫﻟﻚ ﻓﻲ ﻳﻮﻡٍ ﺧﺮﺟﺖ ﻓﻴﻪ ﺃﺧﺘﻲ ﻓﻲ ﻧﺰﻫﺔ ﻣﻊ ﺍﻟﻌﻤﺔ ﺭﻭﺯﺍ.
,It was written that this was one of the five happiest days of her life.,It was written that this was one of the top five happiest days of her life. ,[=UP],それは彼女の人生の中でも五本の指に入るほどの幸せな日だったと記されている。,[=JP],Дневник описывал этот день как один из самых счастливых дней в её жизни.,Estava escrito que aquele foi um dos cinco dias mais felizes da vida dela.,这天被记述为了，在她人生中能排进前五的幸福的一天。,這天被記述為了，在她人生中能排進前五的幸福的一天。,C'era scritto che questo era uno dei cinque giorni più belli della sua vita.,Estaba escrito que aquel fue uno de los cinco días más felices de la vida de onee-chan., ﻛُﺘﺐ ﺃﻥَّ ﻫﺬﺍ ﻛﺎﻥ ﺃﺣﺪ ﺃﺳﻌﺪ ﺧﻤﺴﺔ ﺃﻳﺎﻡٍ ﻓﻲ ﺣﻴﺎﺗﻬﺎ.
,And Onee‐chan was singing her mama a song that she had just learned from her.,Onee-chan was singing a song she'd just learned from her Mama. ,And Onee-chan was singing a song she had just learned from her Mama.,そしてお姉ちゃんは、ママに習ったばかりのお歌を歌って聞かせた。,[=JP],"И сестрёнка пела песню, которую только что узнала от своей мамы.",A onee‐chan cantou para sua mãe uma música que ela tinha acabado de aprender com ela.,姐姐把刚从妈妈那学会的歌，唱给了妈妈听。,姐姐把剛從媽媽那學會的歌，唱給了媽媽聽。,E Onee-chan stava cantando una canzone che aveva appena sentito dalla sua Mamma.,Y Onee-chan le cantaba a su mamá una canción que acababa de aprender de ella.,ﻛﺎﻧﺖ ﺃﺧﺘﻲ ﺗﻨﺸﺪ ﺃﻏﻨﻴﺔ ﺗﻌﻠﻤﺘﻬﺎ ﻣﻦ ﺃﻣﻬﺎ.
,"......Onee‐chan was happy to see that her mama was enjoying it very much. But partway through, she forgot the lyrics.","...Her mother had been delighted. But partway through, Maria forgot the lyrics. ","......She had been delighted.But partway through, she forgot the lyrics.",……とても喜んでくれた。でも、途中で歌詞がわからなくなって。,[=JP],"Она была в восторге. Но спев половину, она забыла текст.","......A onee‐chan estava feliz em ver que sua mãe estava se divertindo tanto.{n}E quando chegou na metade, ela esqueceu a letra.",……妈妈非常地高兴。可是，唱到一半就忘词了。,……媽媽非常地高興。可是，唱到一半就忘詞了。,"... Lei ne era felice. Ma a metà della canzone, si era dimenticata il testo.","... Onee-chan se alegró al ver que su mamá lo estaba disfrutando mucho. Pero a la mitad de la canción, onee-chan se olvidó la letra.",...ﻭﻛﺎﻧﺖ ﺳﻌﻴﺪﺓً ﻟﺮﺅﻳﺔ ﺃﻥ ﺃﻣﻬﺎ ﻣﺴﺘﻤﺘﻌﺔٌ ﺑﻬﺎ. ﺇﻻ ﺃﻧﻬﺎ ﻧﺴﻴﺖ ﺑﻌﺾ ﻛﻠﻤﺎﺗﻬﺎ ﻭﻫﻲ ﺗُﻨﺸِﺪُﻫﺎ.
,"But her mama was enjoying it so much, so she tried to sing until the very end.","But, since she saw that her mother was so happy, she tried to sing until the very end. ","But since she saw that her Mama was so delighted, she tried to sing until the very end.",でも、こんなにもママが喜んでくれてるから、最後まで歌い続けたくて。,[=JP],"Но поскольку она видела, что её мама очень радовалась, она пыталась допеть до самого конца.",Mas sua mãe estava se divertindo tanto que ela decidiu tentar cantar até o fim.,不过，由于妈妈这么高兴，所以姐姐想把歌唱到最后。,不過，由於媽媽這麼高興，所以姐姐想把歌唱到最後。,"Ma poiché vedeva che la sua Mamma era così felice, aveva provato a cantare fino alla fine.","Pero como vio que su mamá estaba tan contenta, ella intentó cantarla hasta el final.", ﻓﺤﺎﻭﻟﺖ ﺇﻛﻤﺎﻝ ﺍﻷﻏﻨﻴﺔ ﺑﺪﻧﺪﻧﺔ:
,"With ""uu‐uu‐uu"".","With ""uu-uu-uu-"". ",With 'uu-uu-uu-'.,うーうーうー、と。,[=JP],"Заменяя пробелы в тексте на ""у‐у‐у"".","Com ""uu‐uu‐uu"".",呜——呜——呜——。,嗚——嗚——嗚——。,Con ‘uu-uu-uu-’.,"Tarareando con ""uu‐uu‐uu"".","""ﺃﻭﻭ-ﺃﻭﻭ-ﺃﻭﻭ"""
,"......She sung it with fake lyrics, but her mama was very pleased......","...Even though she'd only pretended to know the lyrics, her mother had enjoyed it a lot... ","......She had sung it with fake lyrics, but her Mama was very pleased......",……歌詞を誤魔化して歌ったんだけど、それをママはとても喜んでくれて……。,[=JP],"Она продолжала её петь с совершенно другими словами, но её мама была очень рада...","......Ela cantou uma letra inventada, mas que deixou sua mãe muito feliz......",……虽然是以“呜”代替歌词含糊地唱，但妈妈依然听得很开心……。,……雖然是以“嗚”代替歌詞含糊地唱，但媽媽依然聽得很開心……。,"... L'aveva cantata con un testo falso, ma la sua Mamma era molto serena...","... Aunque solo la estaba tarareando, a su madre le había gustado mucho...", ......ﻣﻊ ﺃﻧَّﻬﺎ ﻛﺎﻧﺖ ﻓﻘﻂ ﺗﺘﻈﺎﻫﺮ ﺑﺘﻘﻠﻴﺪ ﺍﻟﻠﺤﻦ، ﺇﻻ ﺃﻥَّ ﺫﻟﻚ ﺃﺑﻬﺞ ﺃﻣﻬﺎ.
,"After that, ""uu"" remained as an incantation to remember that day she had spent in fun and happiness with her mama.","After that, ""uu-"" remained as an incantation to remember that day she'd spent in fun and happiness with her mother. ","After that, 'uu-' remained as an incantation to remember that day she had spent in fun and happiness with her Mama.",それ以来、“うー”は彼女にとって、ママと楽しく幸せに過ごした日の、思い出の呪文となって残った。,[=JP],"После этого ""у‐у"" превратилось в заклинание, призванное напоминать о дне, который она счастливо провела со своей мамой.","Depois disso, esse ""uu"" permaneceu como um feitiço para ela lembrar desse dia em que ela compartilhou a alegria e a diversão com sua mãe.",自这件事以来，“呜——”对她来说，就化为了回忆与妈妈开心幸福地度过的那一天的咒语，留在了她心中。,自這件事以來，“嗚——”對她來說，就化為了回憶與媽媽開心幸福地度過的那一天的咒語，留在了她心中。,"Dopo questo avvenimento, ‘uu-’ rimase come incantesimo per ricordare quel giorno che aveva speso in divertimento e felicita con la sua Mamma.","Después de eso, ""uu"" quedó como un conjuro para recordar el día que ella había pasado con felicidad y diversión junto a su mamá."," ﻓﺼﺎﺭﺕ ""ﺃﻭﻭ"" ﺗﻤﻴﻤﺔً ﻟﺘﺬﻛﺮ ﺫﻟﻚ ﺍﻟﻴﻮﻡ ﺍﻟﺴﻌﻴﺪ ﻣﻊ ﺃﻣﻬﺎ."
,"Of course, even though Aunt Rosa thought it funny at first, eventually she tired of hearing it, and later on, started to scold Onee‐chan whenever she said it, ......but to Onee‐chan, it was a memory of a fun day that she could never forget......","Of course, even though she seemed to find it funny at first, Aunt Rosa eventually tired of hearing it, and eventually started scolding Onee-chan when she said it, ...but to Onee-chan, it was a memory of a fun day that she'd never forget... ","Of course, even though she had thought it funny at first, Rosa oba-san eventually tired of hearing it, and later on, scolded Onee-chan when she said it, ......but to Onee-chan, it was a memory of a fun day that she would never forget......",最初は面白がってくれたその呪文も、さすがに聞き飽き、楼座叔母さんは後にそれを言うと叱るようになるが、……お姉ちゃんにとって、それはいつまでも忘れられない、楽しい日の思い出なのだ……。,[=JP],"Разумеется, поначалу тётя Роза находила это забавным, но в итоге утомилась это слушать, и позже ругала Марию когда та укала, однако для сестрёнки ""у‐у"" служило памятью о том счастливом дне, который она никогда не забудет.","É claro, embora a tia Rosa tenha achado engraçado quando ouviu pela primeira vez, ela logo se cansou, e mais tarde, começou a repreender a onee‐chan sempre que ela dizia isso, ......mas para a onee‐chan, era uma memória de um dia muito divertido, que ela nunca iria esquecer......",刚开始时觉得好玩的咒语，也终究是听腻了，虽然之后，楼座姑母开始会对姐姐念叨这话予以斥责，……但对姐姐来说，它是永远都忘不掉的，愉快一天的回忆……。,剛開始時覺得好玩的咒語，也終究是聽膩了，雖然之後，樓座姑母開始會對姐姐念叨這話予以斥責，……但對姐姐來說，它是永遠都忘不掉的，愉快一天的回憶……。,"Ovviamente, anche se all'inizio pensava che fosse divertente, Rosa oba-san alla fine si stancò di sentirlo, e in seguito, sgridò Onee-chan quando lo diceva... ma per lei, era il ricordo di un giorno divertente che non avrebbe mai dimenticato...","Claro, a pesar de que mi tía Rosa lo había encontrado lindo al comienzo, tiempo después lo empezó a encontrar cansino, y empezó a reñir a onee-chan cuando lo decía... pero para Onee-chan, era un inolvidable recuerdo de felicidad...",ﺑﺎﻟﻄﺒﻊ، ﺭﻏﻢ ﺃﻥَّ ﻋﻤﺘﻲ ﺭﻭﺯﺍ ﺍﻋﺘﺒﺮﺗﻪ ﻣﻀﺤﻜًﺎ ﻓﻲ ﺍﻟﺒﺪﺍﻳﺔ، ﺇﻻ ﺃﻧَّﻬﺎ ﺳﺌﻤﺖ ﻣﻦ ﺳﻤﺎﻋﻪ ﻓﻲ ﺍﻟﻨﻬﺎﻳﺔ، ﻭﺑﻌﺪ ﺫﻟﻚ، ﺑﺪﺃﺕ ﺗﻮﺑِّﺦ ﺃﺧﺘﻲ ﻛﻠَّﻤﺎ ﻗﺎﻟﺘﻪ، .......ﻭﻟﻜﻦ ﺑﺎﻟﻨﺴﺒﺔ ﻷﺧﺘﻲ، ﻓﻘﻂ ﻛﺎﻧﺖ ﺫﻛﺮﻯ ﻟﻴﻮﻡٍ ﻣﺒﻬﺞٍ ﻻ ﻳﻤﻜﻨﻬﺎ ﺃﻥ ﺗﻨﺴﺎﻩ ﺃﺑﺪًﺍ......
,"So among the magics that Maria created, it was the oldest and the first......","So among the spells that Maria had created, it was the oldest and the first... ","So among the magics that Maria had created, it was the oldest and the first......",だからそれは、多分、真里亞が生み出した魔法の中で、もっとも古い、一番最初の魔法……。,[=JP],"Поэтому среди всей магии, созданной Марией, эта была старейшей и самой первой.","Por isso, entre todas as magias que Maria criou, esta era a primeira e mais antiga delas......",所以这多半是真里亚所创造出的魔法中，最早的，最初的第一个魔法……。,所以這多半是真里亞所創造出的魔法中，最早的，最初的第一個魔法……。,"Quindi tra tutte le magie che Maria aveva creato, questa era la più vecchia e la prima...",Esa fue la primera magia que creó María... la más antigua... la más poderosa..., ......ﻟﺬﺍ ﻛﺎﻧﺖ ﺃﻗﺪﻡ ﻭﺃﻭﻝ ﺍﻟﺘﻌﻮﻳﺬﺍﺕ ﺍﻟﺘﻲ ﺃﺑﺪﻋﺘﻬﺎ ﻣﺎﺭﻳﺎ.
,Kasumi stuck her fingernails into that page too......,Kasumi stuck her fingernails into that page too... ,[=UP],霞はそのページにも爪を立てる……。,[=JP],Касуми прижала ногти к этой странице...,Kasumi cravou suas unhas naquela página......,霞对这一页也伸出了魔爪……。,霞對這一頁也伸出了魔爪……。,Kasumi attaccò le sue unghie anche a quella pagina...,Kasumi clavó sus uñas en esa página..., ......ﻏﺮﺯﺕ ﻛﺎﺳﻮﻣﻲ ﺃﻇﻔﺎﺭﻫﺎ ﻓﻲ ﺗﻠﻚ ﺍﻟﺼَّﻔﺤﺔ ﺃﻳﻀًﺎ.
Ushiromiya Ange,"""......Stop, ............don't tear it...... At least spare.........that page.........""","""...Stop it, ......don't tear it... At least spare... ...that page......"" ","""......Stop it, ............don't tear it......  At least spare, .........that page.........""",「……やめて、…………破かないで……。そのページだけは、………許して………。」,「……やめて、…………破かないで……。そのページだけは、………許して………」,"""....Стой, не рви её! Пожалей хотя бы эту страницу!""","""......Pare, ............não rasgue...... Ao menos deixe.........essa página.........""",「……别，…………别撕……。光这页就行，………请别………」,「……別，…………別撕……。光這頁就行，………請別………」,"""... Ferma... non strapparla... almeno risparmia... quella pagina...""","""... Detente... no la arranques... Al menos deja... esa página...""","""ﺗﻮﻗَّﻔﻲ...... ......ﻻ ﺗﻤﺰِّﻗﻴﻬﺎ............ ...ﻋﻠﻰ ﺍﻷﻗﻞ ﺍﺗﺮﻛﻲ .........ﺗﻠﻚ ﺍﻟﺼﻔﺤﺔ......"""
Sumadera Kasumi,"""Ehheheheheheheheheh! No waay!!""","""Hahahahahahahahaha! No waay!!"" ","""Hahahahahahahahaha!  No waay!!""",「うっふふふふふふふふ！だめえッ！！」,「うっふふふふふふふふ！　だめえッ！！」,"""Ха‐ха‐ха‐ха‐ха‐ха‐ха‐ха‐ха! Ну не‐е‐ет""","""Ehheheheheheheheheh! Sem chance!!""",「呜、哼哼哼哼哼哼哼哼！免谈！！」,「嗚、哼哼哼哼哼哼哼哼！免談！！」,"""Hahahahahahahahaha! Neanche per ideaa!!""","""¡Jajajajajajajajaja! ¡Nooo!""","""ﻫﻴﻬﻴﻬﻴﻬﻬﻴﻬﻴﻬﻴﻬﻴﻬﻴﻬﻴﻬﻲ! ﻟﻦ ﺃﻓﻌـــﻞ!!"""
,"............With a shrill sound, a girl's world of happiness...was...erased.","............With a shrill sound, a girl's world of happiness... was... erased. ",[=UP],　…………絹を裂く音が、少女の幸せな世界を、消し、た。,…………絹を裂く音が、少女の幸せな世界を、消し、た。,Раздался пронзительный звук... И мир счастья Марии был стёрт.,"............Com um som estridente, o mundo de felicidade de uma garotinha...foi...apagado.",…………裂帛之音，抹消了少女的，幸福，世界。,[=CN],"... Con un rumore pungente, il mondo di felicità di una ragazza... fu... eliminato.","... Con un sonido agudo, el mundo de felicidad de una niña... fue... borrado.", ...ﺑﺼﻮﺕٍ ﺻﺎﺭﺥ، ﻋﺎﻟﻢ ﺳﻌﺎﺩﺓ ﻃﻔﻠﺔً............ ...ﺗﻢ. ﻣﺤﻮﻩ.
{f:5:Eva Beatrice},"""Uu‐uu‐uu! Aaaa‐hah‐hah‐hah‐hah‐hah, aaaaahah‐hah‐hah‐hah!! Is this your magic of happiness? Hilarious, hilarious...!!""","""Uu-uu-uu-! Aaaahhahhahhahhahha, aaaaahahahhahahah!! Is this your magic of happiness? Hilarious, hilarious...!!"" ","""Uu-uu-uu-!  Aaaahhahhahhahhahha, aaaaahahahhahahah!!  Is this your magic of happiness?  Hilarious, hilarious...!!",「うーうーうー！　ああっはっはっはっはっは、あーっはっはっはっは！！　これがあんたらの、幸せな魔法なわけぇ？　笑っちゃう笑っちゃう…！！,「うーうーうー！　ああっはっはっはっはっは、あーっはっはっはっは！！　これがあんたらの、幸せな魔法なわけぇ？　笑っちゃう笑っちゃう…！！」,"""У‐у‐у! А‐а‐аха‐ха‐ха‐ха‐ха‐ха, ха‐ха‐ха‐ха‐ха‐ха! И это твоя магия счастья? Вот умора, вот умора!""","""Uu‐uu‐uu! Aaaa‐hah‐hah‐hah‐hah‐hah, aaaaahah‐hah‐hah‐hah!! Essa é sua magia da felicidade? Ridículo, ridículo...!!""",「呜——呜——呜——！啊啊哈哈哈哈哈，啊——哈哈哈哈！！这就是你们的幸福的魔法？好笑好笑…！！」,「嗚——嗚——嗚——！啊啊哈哈哈哈哈，啊——哈哈哈哈！！這就是你們的幸福的魔法？好笑好笑…！！」,"""Uu-uu-uu-! Aaaahhahhahhahhahha, aaaaahahahhahahah!! È questa la tua magia di felicità? Spassoso, spassosissimo...!!","""¡Uu‐uu‐uu! ¡¡Aaaajajajajaja, aaaaajajajajajaja!! ¿Esta es tu magia de felicidad? ¡¡Graciosísimo, graciosísimo!!...""","""ﺃﻭﻭ-ﺃﻭﻭ-ﺃﻭﻭ! ﺁﻫﺎﻫﺎﻫﺎﻫﺎﻫﺎﻫﺎ، ﺍﻫﺎﻫﺎﻫﺎﻫﺎﻫﺎ!! ﺃﻫﺬﺍ ﺳﺤﺮﻙِ ﻟﻠﺴﻌﺎﺩﺓ؟ ...ﻛﻢ ﻫﺬﺍ ﻣﻀﺤﻚ، ﻣﻀﺤﻚ!!"""
{f:5:Eva Beatrice},"""Why would you ever think that magic could make people happy?! Magic—listen now—is made of...anger...and hatred!""","""There's no way there could be magic to make you happy, right?! Magic is made out of anger and hatred, right?"" ","There's no way there could be magic to make you happy, right?!  Magic is made out of anger and hatred, right?",幸せになる魔法なんてね、あるわけないでしょお？！　魔法はね、怒りとね、憎しみで出来てるのよぅ？,「幸せになる魔法なんてね、あるわけないでしょお？！　魔法はね、怒りとね、憎しみで出来てるのよぅ？」,"""Не существует магии, способной сделать тебя счастливым?! Магия творится из гнева и ненависти, не так ли?""","""Por que acha que essa magia iria fazer as pessoas felizes?! A Magia — ouça com atenção — é feita de...raiva...e ódio!""",「令人变幸福的魔法是根本不可能存在的吧？！魔法呀，是以愤怒与憎恨构成的哟？」,「令人變幸福的魔法是根本不可能存在的吧？！魔法呀，是以憤怒與憎恨構成的喲？」,"Non c'è modo che una magia per rendere felici esista, giusto?! La magia è fatta di odio e rabbia, no?","""¡No hay manera de que exista magia para hacerte feliz! ¡La magia está hecha a base del odio y el enojo!""","""!ﻟﻢَ ﻋﺴﺎﻙِ ﺗﻈﻨُّﻴﻦ ﺃﻥَّ ﺍﻟﺴﺤﺮ ﻳﻤﻜﻨﻪ ﺃﻥ ﻳﺠﻌﻞ ﺍﻟﻨﺎﺱ ﺳﻌﺪﺍﺀ؟ ﺃﻻ ﺗﻌﻠﻤﻴﻦ ﺃﻥَّ ﺍﻟﺴﺤﺮ ﻳﺘﻮﻟَّﺪ ﻣﻦ ﺍﻟﻐﻀﺐ ﻭﺍﻟﺤﻘﺪ؟!"""
{f:5:Eva Beatrice},"""Happiness is what you call the feeling of release you get only when you've pushed all of the hatred you bear onto someone else. The happiness you all are talking about is a phantom that doesn't show up outside picture books!!""","""Happiness is what you call the feeling of release you get only when you've pushed all the hatred you bear onto other people. The happiness you all are talking about is a phantom that doesn't show up outside picture books!!"" ","Happiness is what you call the feeling of release you get only when you've pushed all of the hatred you bear onto other people.  The happiness you all are talking about is a phantom that doesn't show up outside picture books!!""",幸せってのはね、自分の背負わされた憎悪を人に全て押し付けた時にのみ与えられる開放感を言うのよ。あんたたちの言う幸せなんて、絵本の中にしか出てこないまやかしなのよッ！！」,「幸せってのはね、自分の背負わされた憎悪を人に全て押し付けた時にのみ与えられる開放感を言うのよ。あんたたちの言う幸せなんて、絵本の中にしか出てこないまやかしなのよッ！！」,"""Счастьем называется чувство, которое можно испытать, только выплеснув всю клокочущую в тебе ненависть на других. Счастье, о котором вы все талдычите — это призрак, не способный появиться вне страниц книги с картинками!""","""Felicidade é como você chama o sentimento de libertação alcançado quando você joga todo o ódio que guardou dentro de si, em outra pessoa.{n}A felicidade que vocês estão falando não passa de um faz de conta que não pode ser visto fora dos livros ilustrados!!""",「所谓幸福就是指，只有在将自己所背负的憎恶全部强行推到别人头上时才能得到的开放感。你们所说的幸福，只不过是只会在图画书中出现的虚幻！！」,「所謂幸福就是指，只有在將自己所背負的憎惡全部強行推到別人頭上時才能得到的開放感。你們所說的幸福，只不過是只會在圖畫書中出現的虛幻！！」,"La felicità è ciò che si chiama il sentimento di libertà che si ottiene quando si è portato fuori tutto l'odio che si prova verso le altre persone. La felicità di cui voi tutti state parlando è un fantasma che non si mostra al di fuori!!""","""La felicidad es como se le llama a la sensación de liberación que se obtiene solo cuando has descargado en otra persona todo el odio que llevas dentro. ¡¡La felicidad de la que hablas no es más que un fantasma que no se ve más que en los libros!!""","""ﻣﺎ ""ﺍﻟﺴﻌﺎﺩﺓ"" ﺇﻻ ﺷﻌﻮﺭ ﺇﻟﻘﺎﺀ ﻋﺐﺀ ﺍﻟﻜﺮﺍﻫﻴﺔ ﻭﺍﻟﻤﻌﺎﻧﺎﺓ ﻋﻠﻰ ﺃﺣﺪٍ ﺁﺧﺮ! ﺍﻟﺴﻌﺎﺩﺓ ﺍﻟﺘﻲ ﺗﺘﺤﺪﺛﻮﻥ ﻋﻨﻬﺎ ﻣﺎ ﻫﻲ ﺇﻻ ﻃﻴﻒٌ ﻳﻈﻬﺮ ﺧﺎﺭﺝ ﺍﻟﻜﺘﺐ ﺍﻟﻤﺼﻮَّﺭﺓ!!"""
,"As Kasumi laughed her head off, she slammed the grimoire against the ground, and stepped on it.","As Kasumi laughed her head off, she slammed the grimoire against the ground and stepped on it. ",[=UP],霞は笑い転げながら、魔導書を地面に叩きつけ、踏み躙る。,[=JP],"Касуми, едва не покатываясь со смеху, захлопнула гримуар, бросила на землю и наступила на него.","Enquanto rolava de rir, ela jogou o grimório contra o chão e o pisoteou.",霞边捧腹大笑，边将魔导书扔到地上，踩了上去。,霞邊捧腹大笑，邊將魔導書扔到地上，踩了上去。,"Ridendo a crepapelle, Kasumi tirò il grimorio sul terreno, e lo calpestò.","Mientras Kasumi se reía histéricamente, golpeó el grimorio contra el suelo, y lo pisoteó.", ﺑﻴﻨﻤﺎ ﻛﺎﻧﺖ ﻛﺎﺳﻮﻣﻲ ﺗﻀﺤﻚ ﺑﻬﺴﺘﻴﺮﻳﺔ، ﺭﻣﺖ ﻛﺘﺎﺏ ﺍﻟﻄﻼﺳﻢ ﻋﻠﻰ ﺍﻷﺭﺽ ﻭﺩﺍﺳﺖ ﻋﻠﻴﻪ.
{f:5:Eva Beatrice},"""Can't stand it? Well? Can't stand it?! You white witches of happiness? If you can't stand it that much, why don't you show us?! Show us your magic!!""","""Can't stand it? Hey, you can't stand it, right?! You white witches of happiness? If you can't stand it that much, why don't you show us?! Show us your magic!! ","""Can't stand it?  Hey, you can't stand it, right?!  You white witches of happiness?  If you can't stand it that much, why don't you show us?!  Show us your magic!!  ",「悔しい？　ねぇ、悔しい？！　幸せの白き魔女さんたちぃ？　そんなに悔しかったら、見せてみればぁ？！　あんたたちの魔法！！,「悔しい？　ねぇ、悔しい？！　幸せの白き魔女さんたちぃ？　そんなに悔しかったら、見せてみればぁ？！　あんたたちの魔法！！」,"""Не можешь терпеть это? Эй, ты не можешь терпеть это, верно?! Вы белые ведьмы счастья? Если ты не можешь больше терпеть, почему бы тебе не показать нам?! Покажи нам свою магию!""","""Não consegue aguentar? Então? Não consegue aguentar?! Bruxa de luz da felicidade? Se não consegue suportar isso, por que não mostrar para nós?!{n}Mostre sua magia para nós!!""",「不甘心？喂，很不甘心？！幸福的白魔女们——？要是有那么不甘心的话，那就展示出来看看呀？！把你们的魔法！！」,「不甘心？喂，很不甘心？！幸福的白魔女們——？要是有那麼不甘心的話，那就展示出來看看呀？！把你們的魔法！！」,"""Non lo sopporti? Ehi, non riesci a sopportarlo, vero?! Voi streghe bianche della felicità? Se non riesci davvero a sopportarlo, perché non ci fai vedere?! Mostraci la tua magia!!","""¿No puedes soportarlo? No puedes, ¡¿verdad?! ¿Brujas blancas de la felicidad? ¡Si no puedes soportarlo, ¿por qué no nos lo enseñas?! ¡¡Muéstranos tu magia!!""","""ﺃﻻ ﺗﺘﺤﻤﻠﻦ ﻫﺬﻩ ﺍﻹﻏﺎﻇﺔ؟ ﻫﺎﻩ؟ ﺃﻻ ﺗﺘﺤﻤﻠﻦ؟! ﻳﺎ ﺳﺎﺣﺮﺍﺕ ﺍﻟﺴﻌﺎﺩﺓ ﺍﻟﺒﻴﻀﺎﻭﺍﺕ. ﺇﺫﺍ ﻛﻨﺘﻦ ﻻ ﺗﺤﺘﻤﻠﻨﻪ ﺇﻟﻰ ﺫﻟﻚ ﺍﻟﺤﺪ، ﻓﻠﻤﺎﺫﺍ ﻻ ﺗُﻈﻬﺮﻥ ﻟﻨﺎ؟ ﺃﺭﻭﻧﺎ ﺳﺤﺮﻛﻦ!!"""
{f:5:Eva Beatrice},"""If it exists, then you just have to use it and show us, riiiiight? .........A witch that can't use magic isn't a witch!! So we are the real witches. You're just brats trying to escape reality with a dream of magic!!""","If it exists, then you just have to show us, riiiiight? ......A witch who can't use magic isn't a witch!! That's why we're the real witches. You're just brats trying to escape reality with a dream!!"" ","If it exists, then you just have to show us, riiiiight?  .........A witch that can't use magic isn't a witch!!  So the real witches are us.  You're just brats trying to escape reality with a dream of magic!!""",あるなら使って見せればいいじゃないぃ？　………魔法が使えない魔女なんて魔女じゃない！！　つまり本当の魔女は私たち。あんたたちなんて、魔法の夢で現実から逃避しているだけの、クソガキどもなのよッ！！」,「あるなら使って見せればいいじゃないぃ？　………魔法が使えない魔女なんて魔女じゃない！！　つまり本当の魔女は私たち。あんたたちなんて、魔法の夢で現実から逃避しているだけの、クソガキどもなのよッ！！」,"""Если она существует, тогда тебе просто нужно продемонстрировать её нам, а? Ведьма, не способная использовать магию — не ведьма! Настоящие ведьмы — это мы. Вы же просто отродья, пытающиеся с помощью магии сбежать от реальности!""","""Se ela existe, então você só precisa usar e mostra para nós, ceeeerto?{n}.........Uma bruxa que não pode usar magia não é uma bruxa!! Ou seja, nós somos as verdadeiras bruxas. Vocês são só pirralhas de merda que tentam escapar da realidade com um mundo de sonhos!!""",「有的话，就用出来给我们瞧瞧不就行了——？………不会用魔法的魔女，不是魔女！！也就是说，我们才是真正的魔女。你们这帮家伙只不过是，只是在靠魔法梦逃避现实的臭屁小鬼！！」,「有的話，就用出來給我們瞧瞧不就行了——？………不會用魔法的魔女，不是魔女！！也就是說，我們才是真正的魔女。你們這幫傢伙只不過是，只是在靠魔法夢逃避現實的臭屁小鬼！！」,"Se esiste, non devi fare altro che mostrarcela, noooo? ... Una strega che non può usare la magia non è una strega!! Quindi le vere streghe siamo noi. Siete solo mocciose, che cercano di scappare dalla realtà con un sogno magico!!""","""Si existe, solo tienes que usarla y mostrárnosla, ¿verdad?... ¡¡Una bruja que no puede usar magia no es una bruja!! Así que las verdaderas brujas somos nosotras. ¡¡Ustedes solo son chiquillas que intentan escapar de la realidad con magia!!""","""ﺃﻻ ﻳﺠﺐ ﻋﻠﻴﻜﻦ ﺍﺳﺘﺨﺪﺍﻣﻪ ﻭﺇﻇﻬﺎﺭﻩ ﻟﻨﺎ ﺇﺫﺍ ﻛﺎﻥ ﻣﻮﺟﻮﺩًﺍ؟ ...ﺍﻟﺴَّﺎﺣﺮﺓ ﺍﻟﺘﻲ ﻻ ﺗﺴﺘﺨﺪﻡ ﺳﺤﺮًﺍ ﻟﻴﺴﺖ ﺑﺴﺎﺣﺮﺓ!! ﻟﺬﺍ ﻧﺤﻦ ﺍﻟﺴَّﺎﺣﺮﺍﺕ ﺍﻟﺤﻘﻴﻘﻴﺎﺕ. ﺃﻣﺜﺎﻟﻚِ ﻣﺠﺮَّﺩ ﺻﻌﺎﻟﻴﻚ ﻳﺤﺎﻭﻟﻮﻥ ﺍﻟﺘﻬﺮُّﺏ ﻣﻦ ﺍﻟﻮﺍﻗﻊ ﺑﺎﻷﺣﻼﻡ ﺍﻟﺴﺤﺮﻳﺔ!!"""
Ushiromiya Ange,"...............Then, .........if I can show you magic, ......will you.........believe in Onee‐chan's magic.........?","...............Then, ...if I can show you magic, ...will you... believe in Onee-chan's magic......? ","............Then, .........if I can show you magic, ......will you, .........believe in Onee-chan's magic.........?",　……………じゃあ、………魔法を私が見せることが出来たなら、……お姉ちゃんの魔法を、………信じてくれるの………？,……………じゃあ、………魔法を私が見せることが出来たなら、……お姉ちゃんの魔法を、………信じてくれるの………？,"............Тогда, если я покажу тебе магию, поверишь ли ты, в магию сестрёнки?","...............Então, .........se eu mostrar a magia, ......você vai...{n}......acreditar na magia da onee‐chan.........?",……………那，………我要是向你们展示出了魔法，……你们会相信，………姐姐的魔法吗………？,……………那，………我要是向你們展示出了魔法，……你們會相信，………姐姐的魔法嗎………？,... Allora... se potessi mostrarvi la mia magia... voi... crederete nella magia di Onee-chan...?,"... ¿Entonces... si puedo mostrarte la magia, tú... creerás en la magia de Onee-chan?...",......ﺇﺫًﺍ، ...ﻟﻮ ﺃﺭﻳﺘﻜﻢ ﺳﺤﺮًﺍ، ......ﻓﻬﻞ......... ...ﺳﺘﺆﻣﻨﻮﻥ ﺑﺴﺤﺮ ﺃﺧﺘﻲ......؟
{f:5:Eva Beatrice},"""Huh? Kyahhahahaha, oh yes, oh yes!! I'll believe! If you {i:can} use magic and show me, that i~s!! Go on then, do it, you shit‐for‐brains little braaaaaat!!""","""Huh? Kyahhahahaha, yeah, sure!! I'll believe! If you can use magic and show me, that is!! Let's see it, you stupid braaaaaaaaaaaat!!"" ","""Huh?  Kyahhahahaha, yes, yes!!  I'll believe!  If you can use magic and show me, that i~s!!  Then give it a go, you stupid braaaaaaaaaaaat!!""",「え？　きゃっははははは、ええ、えぇ！！　信じるわよぉ？　魔法を使って見せることが出来たならねぇ〜！！ならやって見ろよこのクソボケガキャぁあああぁッ！！」,[=JP],"""Ха? Кья‐ха‐ха‐ха‐ха, валяй, валяй! Я поверю! Если ты {i:сможешь} воспользоваться магией и показать мне, разумеется! Попробуй, глупое отродье!""","""Hã? Kyahhahahaha, sim, sim!! Eu acreditarei! Se você {i:pode} usar magia, e me mostrar ela, então si~m!! Vá em frente, faça isso, sua pirralha estúpida de merdaaaaaa!!""",「哎？呀、哈哈哈哈哈，会呀，会呀！！会信哟？你要是能把魔法用出来给我看，我就信～！！那么，用出来看看呀，你这秀逗了的臭屁小鬼—————！！」,「哎？呀、哈哈哈哈哈，會呀，會呀！！會信喲？你要是能把魔法用出來給我看，我就信～！！那麼，用出來看看呀，你這秀逗了的臭屁小鬼—————！！」,"""Huh? Kyahhahahaha, sì, sì!! Ci crederò! Solo se puoi usare la magia e mostrarmela, però~!! Allora provaci, stupida mocciosaaaaaaaa!!""","""¿Eh? ¡¡Kyajjajajaja, sí, sí!! ¡Creeré! ¡¡Si {i:puedes} usar esa magia y mostrarme, claro que lo haré!! ¡¡Vamos, hazlo, chiquilla estúúúpida!!""","""ﻣﺎﺫﺍ؟ ﻫﻴﻬﻴﻬﻴﻬﻴﻬﻴﻬﻲ، ﺑﺎﻟﻄﺒﻊ، ﺑﺎﻟﻄﺒﻊ!! ﺳﺄﻭﻣﻦ! ﺷﺮﻳﻄﺔ ﺃﻥ ﺗﻘﺪﺭﻱ ﻋﻠﻰ ﺍﺳﺘﺨﺪﺍﻡ ﺍﻟﺴﺤﺮ ﻭﺇﻇﻬﺎﺭﻩ ﻟﻲ!! ﻫﻴَّﺎ ﺇﺫًﺍ، ﺍﻓﻌﻠﻴﻬﺎ ﺃﻳُّﺘﻬﺎ ﺍﻟﻮﻗﺤﺔ ﺍﻟﺼَّﻐﻴﺮﺓ ﺫﺍﺕ ﺍﻟﻌﻘﻞ ﺍﻟﻔﺎﺳﺪ!!"""
,........................... .........,............ ...... ,.................................,………………………。………。,[=JP],[=OG],....................................,[=JP],[=JP],......,..., ........................... .........
,"Silently, slowly, ......I stood up. ......The sensations of this small world, such as the pain in my body, felt truly insignificant......","Silently, slowly, ...I stood up. ...Sensations of this cramped world, such as the pain in my body, felt truly trifling... ","Silently, slowly, ......I stood up.......Sensations of this narrow world, such as pain in my body, felt truly trifling......",私は、……音もなく、ゆっくりと立ち上がる。……体の痛みという、狭い世界の感覚は、実に下らなく感じられた……。,[=JP],"Молча, медленно, я встала. Ощущения этого ограниченного мира, вроде боли в моём теле, казались сущим пустяком...","Silenciosamente, vagarosamente, ......eu me levantei. ......As sensações deste pequeno mundo, tais como a dor no meu corpo, pareceram‐se verdadeiramente insignificantes......",我，……无声地，慢慢站起。……感到了，所谓肉体上的痛楚的，狭小世界的感觉，实在是无聊……。,我，……無聲地，慢慢站起。……感到了，所謂肉體上的痛楚的，狹小世界的感覺，實在是無聊……。,"Silenziosamente, lentamente... io mi alzai. ... Percepii le sensazioni di questo mondo angusto, come il dolore del mio corpo, come futili...","En silencio y despacio... me levanté... Las sensaciones de este pequeño mundo, como el dolor en mi cuerpo, se sintieron completamente insignificantes...", ،ﻓﻲ ﺻﻤﺖٍ ﻭﺑﺒﻂﺀ. ﻧﻬﻀﺖُ...... ......ﺑﺪﺕ ﺃﺣﺎﺳﻴﺲ ﻫﺬﺍ ﺍﻟﻌﺎﻟﻢ ﺍﻟﺼﻐﻴﺮ -ﻣﺜﻞ ﺍﻷﻟﻢ ﻓﻲ ﺟﺴﺪﻱ- ...ﺗﺎﻓﻬﺔ.
Sumadera Kasumi,"""Oh, looks like you've still got enough energy to stand up, Miss Great Witch? *snicker*snicker*!""","""Oh, looks like you've still got enough energy to stand up, Miss Great Witch. *giggle*giggle*!"" ","""Oh, looks like you've still got enough energy to stand up, Miss Great Witch?  *giggle*giggle*!""",「あら、まだ立てる元気はあったのねぇ、大魔女さん？　くすくすくす！」,[=JP],"""О, кажется, у тебя, достаточно сил чтобы встать, уважаемая Великая Ведьма? *хи‐хи*хи‐хи*!""","""Ora, parece que você ainda tem um pouco de energia para se levantar, Senhorita Grande Bruxa? *risos*risos*!""",「啊呀，还有劲头站起来吗，大魔女夫人？呵呵呵！」,「啊呀，還有勁頭站起來嗎，大魔女夫人？呵呵呵！」,"""Oh, sembra che abbia ancora la forza di alzarti in piedi, Miss Grande Strega? *giggle*giggle*!""","""Oh, ¿parece que aún tienes suficientes fuerzas para levantarte, señorita Gran Bruja? ¡*risita*risita*!""","""ﺃﻭﻩ، ﺃﻣﺎ ﺯﻟﺖِ ﺗَﻘْﻮَﻳْﻦَ ﻋﻠﻰ ﺍﻟﻮﻗﻮﻑ ﺃﻳﺘﻬﺎ ﺍﻟﺴﺎﺣﺮﺓ ﺍﻟﻌﻈﻴﻤﺔ؟ *ﻗﻬﻘﻬﺔ*ﻗﻬﻘﻬﺔ*"""
{f:5:Eva Beatrice},"""Now that you've stood up, what are you going to show us? Go on, show us your magiiic...!""","""Now that you've stood up, what are you going to show us? Show us some magiic...!"" ","""Now that you've stood up, what are you going to show us?  Show us your magiic...!""",「立ち上がって、何をして見せるの？　見せてみなさいよ、魔法ォ…！」,[=JP],"""Теперь, когда ты встала, что ты покажешь нам? Яви нам свою магию!""","""Agora que se levantou, o que vai nos mostrar? Vamos, mostre sua magiiia...!""",「站起来，是要做些什么给我们看呀？展示出来看看呀，魔法——…？！」,「站起來，是要做些什麼給我們看呀？展示出來看看呀，魔法——…？！」,"""Ora che ti sei alzata, cosa ci mostrerai? Facci vedere la tua magia...!""","""Ahora que te has levantado, ¿qué nos mostrarás? ¡Muéstranos tu magia!...""","""ﻫﺎ ﻗﺪ ﻧﻬﻀﺖِ، ﻭﺑﻌﺪ؟ ﻫﻴَّﺎ، ﺃﺭﻳﻨﺎ ﺳﺤﺮﻛﻜﻜﻚ...!"""
Ushiromiya Ange,""".....................Magic...exists.""","""......Magic...exists."" ","""............Magic...exists.""",「…………………魔法は、あるわ。」,「…………………魔法は、あるわ」,"""............Магия... существует.""",""".....................Magia...existe.""",「…………………魔法是，存在的。」,[=CN],"""... La magia... esiste.""","""... La magia... existe.""","""...............ﺍﻟﺴﺤﺮ...ﻣﻮﺟﻮﺩ."""
Sumadera Kasumi,"""Whaa? What's this kid coming out with now...?! Did you guys hear that?!""","""Whaat? What's this kid saying...?! Did you guys hear that?!"" ","""Whaa?  What's this kid saying...?!  Did you guys hear that?!""",「はぁ？　この子、何を言い出すかと思えば…！　あんたたち、今の聞いたぁ？！」,[=JP],"""Что‐о‐о? Что сказала эта соплячка?! Ребята, вы слышали?!""","""Hã? O que ela acha que está dizendo...?! Vocês ouviram isso?!""",「哈啊？还以为这孩子是要说什么呢…！你们几个，有没有听到刚才那话？！」,「哈啊？還以為這孩子是要說什麼呢…！你們幾個，有沒有聽到剛才那話？！」,"""Eeeh? Che sta dicendo questa ragazza...?! Voi l'avete sentita?!""","""¿Qué? ¡¿Qué dice esta niña?!... ¡¿Escucharon eso?!""","""ﻣﺎﺫﺍ؟ ﻣﺎ ﻫﺬﺍ ﺍﻟﻜﻼﻡ ﺍﻟﺬﻱ ﺗﻘﻮﻟﻪ ﻫﺬﻩ ﺍﻟﻄﻔﻠﺔ ﺍﻵﻥ...؟!""!ﻫﻞ ﺳﻤﻌﺘﻢ ﺫﻟﻚ؟"""
{f:5:Eva Beatrice},"""Quiet!!! ............Heh, isn't that interesting. ...You people have always declined to show this power of miracles because of the anti‐magic toxin. .........Disciple of the white witch {f:5:Maria}. Try showing me magic...!!""","""Silence!!! ......Heh, isn't that interesting. ...You people always refuse to show this power of miracles because of the magic-resisting toxin. ......Disciple of the white witch, {f:5:Maria}, let's see some magic...!!"" ","""Silence!!!  ............Heh, isn't that interesting.  ...You have always declined to show this power of miracles because of the magic-resisting toxin.  .........Disciple of the white witch MARIA.  Try showing me magic...!!""",「静かにッ！！！…………へぇ、面白いじゃない。…反魔法の毒素を理由に、あんたたちはいつも奇跡の力を拒んできた。………白き魔女マリアの弟子。見せてみなさいよ、魔法を…！！」,「静かにッ！！！　…………へぇ、面白いじゃない。…反魔法の毒素を理由に、あんたたちはいつも奇跡の力を拒んできた。………白き魔女マリアの弟子。見せてみなさいよ、魔法を…！！」,"""Молчать!!! ...........Хе, ну разве это не интересно. Ты всегда отказывалась показать эту чудесную силу, ссылаясь на антимагический токсин. .........Ученица белой ведьмы {f:5:Марии}. Попробуй продемонстрировать мне магию!""","""Quieta!!! ............Heh, não é interessante? ...Vocês sempre se recusam a mostrar o poder dos milagres por causa das toxinas antimagia. .........Discípula da bruxa de luz, {f:5:Maria}. Experimente mostrar sua magia...!!""",「安静！！！…………哦？这倒有趣啊。…以反魔法毒素为由，你们总是在拒绝着奇迹之力。………白魔女玛利亚的弟子。展示出来看看呀，魔法…！！」,「安靜！！！…………哦？這倒有趣啊。…以反魔法毒素為由，你們總是在拒絕著奇跡之力。………白魔女瑪利亞的弟子。展示出來看看呀，魔法…！！」,"""Silenzio!!! ... Heh, interessante. ... Ti sei sempre rifiutata di mostrare questo potere dei miracoli a causa della tossina resistente alla magia. ... Discepola della strega bianca MARIA. Prova a mostrarmi il tuo potere magico...!!""","""¡¡¡Silencio!!!... Je, ¿no es interesante?... Ustedes siempre se han negado a mostrar este poder milagroso a causa de la toxina anti-magia... Discípula de la bruja blanca {f:5:María}. ¡¡Intenta mostrarme esa magia!!""","""ﻫﺪﻭﺀ! ﻫﻴﻪ، ﺃﻟﻴﺲ ﺫﻟﻚ ﻣﺜﻴﺮًﺍ ﻟﻼﻫﺘﻤﺎﻡ............ ...ﻗﺎﻭﻣﺖِ ﻃﻮﻳﻼً ﻗﻮﺓ ﺍﻟﻤﻌﺠﺰﺍﺕ ﺑﺴﺒﺐ ﺳُﻤﻚِ ﺍﻟﻤﻀﺎﺩ ﻟﻠﺴﺤﺮ. ﺗﻠﻤﻴﺬﺓ ﺍﻟﺴَّﺎﺣﺮﺓ ﺍﻟﺒﻴﻀﺎﺀ ﻣﺎﺭﻳﺎ......... ...ﺣﺎﻭﻟﻲ ﺃﻥ ﺗﺮﻳﻨﻲ ﺍﻟﺴﺤﺮ."""
Ushiromiya Ange,"""...........................""","""........."" ","""..................""",「………………………。」,「………………………」,[=OG],[=UP],[=JPC],[=JPC],"""...""",[=ITA],""".........................."
{f:5:Eva Beatrice},"""......Do you have any clue how many humans have believed in that miracle and been betrayed?""","""...Do you have any clue how many humans have believed in that miracle before being betrayed? ","""......Do you have any clue how many humans have believed in that miracle and have been betrayed?  ",「……一体、どれだけの人間が、その奇跡を信じて、裏切られていったか知っている？,「……一体、どれだけの人間が、その奇跡を信じて、裏切られていったか知っている？」,"""......Ты хоть знаешь, как много людей поверили в это чудо и оказались преданы?""","""......Você faz ideia de quantos humanos acreditaram nesse milagre e foram traídos?""",「……你可知道，到底是有多少多少人相信过这个奇迹，然后被辜负？」,「……你可知道，到底是有多少多少人相信過這個奇跡，然後被辜負？」,"""... Hai idea di quanti umani hanno creduto in quel miracolo e sono stati traditi?","""... ¿Tienes alguna idea de cuántos humanos han creído en ese milagro y han sido traicionados?""","""ﺃﻟﺪﻳﻚِ ﺃﺩﻧﻰ ﻓﻜﺮﺓٍ ﻋﻦ ﻋﺪﺩ ﺍﻟﺒﺸﺮ ﺍﻟﺬﻳﻦ ﺁﻣﻨﻮﺍ ﺑﺘﻠﻚ ﺍﻟﻤﻌﺠﺰﺓ ﻭﺧُﺬﻟﻮﺍ؟"
{f:5:Eva Beatrice},""".........*giggle*. Every one of them believed! Every one of them was betrayed and despaired! And they all learn that true magic can only be gained by the power of black witches like me...!!""","......*giggle* Everyone believes! Everyone is betrayed and despairs! And they learn that true magic can only be gained by the power of black witches, like me...!!"" ",".........*giggle*.  Everyone believes!  Everyone is betrayed and despairs!  And they learn that true magic can only be gained by the power of black witches, like me...!!""",………くすくす。誰もが信じ！　誰もが裏切られて絶望した！　そして、本当の魔法は、私たち黒き魔女の力でしか得られないことを知るのよ…！！」,「………くすくす。誰もが信じ！　誰もが裏切られて絶望した！　そして、本当の魔法は、私たち黒き魔女の力でしか得られないことを知るのよ…！！」,""".........*хи‐хи*. Все верят! И все оказываются преданы и отчаиваются! А затем они выучивают урок, что истинная магия может быть получена силой чёрной ведьмы, вроде меня!""",""".........*risos*. Cada um deles acreditou! Cada um deles foi traído e caiu em desespero! E todos aprenderam que a verdadeira magia só pode ser obtida com o poder de bruxas da escuridão como eu...!!""",「………呵呵。谁都曾相信！谁都曾被其辜负过，陷入绝望！然后明白了，真正的魔法，只能靠我们黑魔女之力来得到…！！」,「………呵呵。誰都曾相信！誰都曾被其辜負過，陷入絕望！然後明白了，真正的魔法，只能靠我們黑魔女之力來得到…！！」,"... *giggle*. Tutti ci credono! Tutti vengono traditi e si disperano! E imparano che la vera magia può essere solo ottenuta dal potere delle streghe nere, come me...!!""","""... *risita*. ¡Todos creen! ¡Todos ellos son traicionados y caen en desesperación! ¡¡Y aprenden que la verdadera magia solo puede ser obtenida mediante el poder de las brujas negras, como yo!!...""","""ﻫﻴﻬﻴﻬﻴﻬﻴﻬﻴﻬﻲ......... ﺁﻣﻨﻮﺍ ﺟﻤﻴﻌًﺎ! ﻭﺧُﺬﻟﻮﺍ ﺟﻤﻴﻌًﺎ ﻭﻳﺌﺴﻮﺍ! ...ﻭﺗﻌﻠَّﻤﻮﺍ ﺟﻤﻴﻌًﺎ ﺃﻥَّ ﺍﻟﺴﺤﺮ ﺍﻟﺤﻘﻴﻘﻲ ﻻ ﻳﻤﻜﻦ ﺍﻛﺘﺴﺎﺑﻪ ﺇﻻ ﺑﻘﻮﺓ ﺍﻟﺴَّﺎﺣﺮﺍﺕ ﺍﻟﺴﻮﺩﺍﺀ ﻣﺜﻠﻲ!!"""
Ushiromiya Ange,"""...............Taking your hatred out on someone else is nothing more than a crime. That isn't magic. .........I'll show you what real magic is.""","""......Hitting someone with your hatred is nothing more than a sin. That isn't magic. ......I'll show you real magic."" ","""............Hitting someone with your hatred is nothing more than a crime.  That isn't magic.  .........I'll show you real magic.""",「……………憎しみを誰かにぶつけるのは、ただの罪。そんなのは魔法じゃないわ。………本当の魔法を、私が見せてやる。」,「……………憎しみを誰かにぶつけるのは、ただの罪。そんなのは魔法じゃないわ。………本当の魔法を、私が見せてやる」,"""............Ударить кого‐то своей ненавистью — это не более чем преступление. Это не магия. .........Я покажу тебе настоящую магию.""","""...............Descontar seu ódio em outra pessoa nada mais é do que um crime.{n}Isso não é magia. .........Eu vou mostrar a você a verdadeira magia.""",「……………把憎恨发泄到他人头上，只是种罪。这才不是魔法。………我来让你瞧瞧，真正的魔法。」,「……………把憎恨發泄到他人頭上，只是種罪。這才不是魔法。………我來讓你瞧瞧，真正的魔法。」,"""... Ferire qualcuno con il proprio odio non è altro che un crimine. Non è magia. ... Ti mostrerò io la vera magia.""","""... Golpear a alguien con tu odio no es nada más que un cruel crimen. Eso no es magia... Te mostraré magia de verdad.""","...ﺩﻓﻊ ﺍﻟﺤﻘﺪ ﻟﻶﺧﺮﻳﻦ ﻣﺠﺮَّﺩ ﺇﺛﻢ. ﻟﻴﺲ ﺑﺴﺤﺮ.""ﺳﺄﺭﻳﻚِ ﻣﺎﻫﻴﺔ ﺍﻟﺴﺤﺮ ﺍﻟﺤﻘﻴﻘﻲ........."
{f:5:Eva Beatrice},"""...............Y‐you...............""","""......Y-You........."" ","""............Y, you...............""",「……………こ、いつ……………、」,[=JP],"""............Т‐ты...""","""...............V‐Você...............""",「……………这、家伙……………、」,「……………這、傢伙……………、」,"""... T-Tu...""","""... T-Tú...""","""...............ﺃ-ﺃﻧﺖِ..............."
,"The black witch winced slightly.{n}However, Kasumi sneered at me even more.","The black witch winced slightly. However, Kasumi sneered at me even more. ","The black witch winced slightly.However, Kasumi sneered at me even more.",黒き魔女はわずかにたじろぐ。しかし、霞はなおも私を嘲笑った。,黒き魔女はわずかにたじろぐ。{n}しかし、霞はなおも私を嘲笑った。,Чёрная ведьма слегка поморщилась.{n}Но Касуми смеялась надо мной всё больше и больше.,"A bruxa da escuridão fremiu levemente.{n}Porém, Kasumi zombou ainda mais de mim.",黑魔女有点微微地畏缩了。{n}不过，霞还在嘲笑着我。,黑魔女有點微微地畏縮了。{n}不過，霞還在嘲笑著我。,"La strega nera trasalì leggermente. Però, Kasumi sogghignò ancora di più.","La bruja negra se estremeció un poco.{n}Sin embargo, Kasumi se burló aún más.",ﺗﺮﺍﺟﻌﺖ ﺍﻟﺴَّﺎﺣﺮﺓ ﺍﻟﺴﻮﺩﺍﺀ ﻗﻠﻴﻼً.{n}ﻭﻇﻠﺖ ﻛﺎﺳﻮﻣﻲ ﺗﺴﺨﺮ ﻣﻨﻲ.
Sumadera Kasumi,"""Show me, then. So? What kind of magic are you going to show me? Magic to make candy rain from the sky? Or else magic to make cookies multiply?""","""Then let's have a look. So, what kind of magic will you show us? Magic to make candy fall from the sky? Or else magic to make cookies multiply? ","""Then try showing us.  So then, what kind of magic will you show us?  Magic to make candy fall from the sky?  Or else magic to make cookies multiply?  ",「なら、見せて御覧なさいよ。それで、あんたはどの魔法を見せてくれるの？飴玉を降らせる魔法？　それともクッキーを増やす魔法？,「なら、見せて御覧なさいよ。それで、あんたはどの魔法を見せてくれるの？　飴玉を降らせる魔法？　それともクッキーを増やす魔法？」,"""Тогда попробуй показать нам. Так какую магию ты нам продемонстрируешь? Магию, создающую конфеты, падающие с неба? Или магию, которая размножает печенья?""","""Mostre‐me. Então? Que tipo de magia vai nos mostrar? Magia para fazer doces caírem do céu? Ou talvez uma magia para multiplicar cookies?""",「那么，展示出来看看呀？你是要用出什么魔法给我看啊？下糖球的魔法？还是，把小甜饼变多的魔法？」,「那麼，展示出來看看呀？你是要用出什麼魔法給我看啊？下糖球的魔法？還是，把小甜餅變多的魔法？」,"""Allora prova a farcela vedere. Bene, che tipo di magia ci mostrerai? La magia per far cadere caramelle dal cielo? Oppure la magia per far moltiplicare i biscotti?","""Vamos, muéstrame. ¿Qué clase de magia nos mostrarás? ¿Magia para hacer caer dulces del cielo? ¿O magia para hacer que se multipliquen las galletas?""","""ﺇﺫﻥ ﻫﻴَّﺎ ﺗﻔﻀﻠﻲ. ﻣﺎ ﺍﻟﺴﺤﺮ ﺍﻟﺬﻱ ﺳﺘﺮﻳﻨﻲ ﺇﻳﺎﻩ؟ ﺳﺤﺮٌ ﻳﺴﻘﻂ ﻣﻄﺮًﺍ ﻣﻦ ﺍﻟﺤﻠﻮﻯ؟""ﺃﻡ ﺳﺤﺮٌ ﻳُﻀﺎﻋﻒ ﺍﻟﻜﻌﻚ؟"
Sumadera Kasumi,"""............Wagh?!""","......Whaaat?!"" ","............Whaaa?!""",…………うわッ？！」,「…………うわッ？！」,"""............Что‐о‐о‐о?!""","""............Hã?!""",「…………呜哇？！」,「…………嗚哇？！」,"... Whaaa?!""","""... ¡¿Qué?!""","""......ﻣﺎﺫ-."
,"The instant I opened my eyes, a tremendous wind arose.","The instant I opened my eyes, a tremendous wind arose. ",[=UP],私が目を見開くと同時に、凄まじい風が巻き起こった。,[=JP],"Как только я открыла глаза, поднялся сильный ветер.","No instante em que abri meus olhos, um indômito vento soprou.",在我睁眼的同时，卷起了骇人的狂风。,在我睜眼的同時，捲起了駭人的狂風。,"Nell'instante in cui aprii gli occhi, un vento tremendo si alzò.","El instante en el que abrí mis ojos, hubo un tremendo viento.", ﻓﻲ ﺍﻟﻠﺤﻈﺔ ﺍﻟﺘﻲ ﻓﺘﺤﺖُ ﻓﻴﻬﺎ ﻋﻴﻨﻲ، ﻫﺒَّﺖ ﺭﻳﺢٌ ﻋﺎﺗﻴﺔ.
Sumadera Kasumi,"""Wh‐......what is this, all of a sudden.........?!""","""...Wh-What is this, all of a sudden......?!"" ","""Wh, ......what is this, all of a sudden.........?!""",「なッ、……何、突然………？！」,[=JP],"""Чт‐что... чего это вдруг?!""","""O‐......O que é isso, como assim.........?!""",「什、……什么，突然………？！」,「什、……什麼，突然………？！」,"""C... Cosa succede, all'improvviso...?!""","""¡¿Qu-Qué es esto, tan repentino?!...""","""!ﻣـ-......ﻣﺎ ﻫﺬﺍ ﻓﺠﺄﺓً.........؟"
Ushiromiya Ange,"""Come, arise, the Seven Sisters of Purgatory.""","""Come, arise, the Seven Sisters of Purgatory."" ",[=UP],「さぁさ、お出でなさい、煉獄の七姉妹。」,「さぁさ、お出でなさい、煉獄の七姉妹」,"""Придите, предстаньте, семь сестёр чистилища.""","""Venham, apareçam, Sete Irmãs do Purgatório.""",「来——来，出来吧，炼狱七姐妹。」,「來——來，出來吧，煉獄七姐妹。」,"""Avanti, sorgete, Sette Sorelle del Purgatorio.""","""Vamos, levántense, las Siete Hermanas del Purgatorio.""","""ﺗﻌﺎﻟﻴﻦ ﻭﺍﻧﻬﻀﻦ ﻳﺎ ﺃﺧﻮﺍﺕ ﺍﻟﻤَﻄْﻬَﺮ ﺍﻟﺴَّﺒﻌﺔ."""
{f:5:Eva Beatrice},""".........Whaaat......""","""......Whaaat...?"" ",[=UP],「………何ぃ……、」,[=JP],""".........Что...""",""".........O quêêê......""",「………什么……、」,「………什麼……、」,"""... Cooosa...""","""... ¿Quééé?...""","""......ﻣﺎﺍﺍﺍﺫﺍ........."""
,"There was a flash behind me, and in an instant, seven high‐level furniture were gathered there.{n}It was a power that far surpassed the magical power I'd had in my prime.{n}It was a power that matched even Maria onee‐chan and {f:5:Beatrice}.","There was a flash behind me, and in an instant, seven pieces of high-level furniture were gathered there. It was a power that far surpassed the magical strength I'd had in my prime. It was a power that matched even Maria onee-chan and {f:5:Beatrice}. ","There was a flash behind me, and in an instant, seven high-level furniture were gathered there.It was a power that far surpassed the magical power I had had in my prime.It was a power that matched even Maria onee-chan and Beatrice.",私の背後に閃光が走り、瞬時に上級家具７人が揃う。それは私の全盛期の魔力をはるかに超える力。真里亞お姉ちゃんや、ベアトリーチェにさえも及ぶほどの力。,私の背後に閃光が走り、瞬時に上級家具７人が揃う。{n}それは私の全盛期の魔力をはるかに超える力。{n}真里亞お姉ちゃんや、ベアトリーチェにさえも及ぶほどの力。,"Позади меня возникла вспышка, а затем в одно мгновенье предстала мебель высокого ранга.{n}Эта была мощь, намного превосходившая мою магическую силу даже в лучшие мои времена.{n}То была сила, что соответствовала Марии онее‐чан и {f:5:Беатриче}.","Uma luz brilhante refulgiu atrás de mim e, em uma fração de segundo, sete mobílias de alto nível se reuniram.{n}Era uma força capaz de superar o poder mágico que eu possuía em meu primórdio.{n}Um poder capaz de se equiparar até mesmo ao da Maria onee‐chan e da {f:5:Beatrice}.",在我的背后，闪光疾走，七名上级家具瞬间齐集。{n}这是份远超我的全盛期的魔力。{n}甚至及得上真里亚姐姐与贝阿朵莉切的魔力。,在我的背後，閃光疾走，七名上級家具瞬間齊集。{n}這是份遠超我的全盛期的魔力。{n}甚至及得上真里亞姐姐與貝阿朵莉切的魔力。,"Ci fu un lampo dietro di me, e per un istante, sette mobili di alto livello si radunarono in quel posto. Era una forza che sorpassava di gran lunga il potere magico che avevo avuto all'inizio. Era un potere alla pari persino con quello di Maria Onee-chan e Beatrice.","Hubo un destello detrás mío, y en un instante, siete muebles de alto nivel se juntaron ahí.{n}Era un poder mágico que superaba de gran manera al que tenía en mis comienzos.{n}Era un poder que incluso se podía comparar con el de María onee-chan y {f:5:Beatrice}.", ﻭﻣﺾ ﺿﻮﺀ ﺧﻠﻔﻲ، ﻭﻓﻲ ﻟﺤﻈﺔ، ﺍﻛﺘﻤﻞ ﺣﻀﻮﺭ ﺍﻷﺛﺎﺙ ﺍﻟﺴﺒﻌﺔ ﺭﻓﻴﻌﺎﺕ ﺍﻟﻤﺴﺘﻮﻯ.{n} ﻛﺎﻧﺖ ﻗﻮﺓً ﺗﺘﺠﺎﻭﺯ ﺑﻜﺜﻴﺮٍ ﻗﻮﺗﻲ ﺍﻟﺴﺤﺮﻳﺔ ﻓﻲ ﺃﻭﺟﻬﺎ.{n} ﻛﺎﻧﺖ ﻗﻮﺓً ﺗﻀﺎﻫﻲ ﺣﺘﻰ ﺃﺧﺘﻲ ﻣﺎﺭﻳﺎ ﻭ{f:7:ﺑﻴﺎﺗﺮﻳﺲ}.
Lucifer,"""The Seven Sisters of Purgatory, right here...!!""","""The Seven Sisters of Purgatory, right here...!!"" ",[=UP],「煉獄の七姉妹、ここに…！！」,[=JP],"""Семь сестёр чистилища на месте!""","""As Sete Irmãs do Purgatório estão aqui...!!""",「炼狱七姐妹，在此…！！」,「煉獄七姐妹，在此…！！」,"""Le Sette Sorelle del Purgatorio, presenti...!!""","""¡¡Las Siete Hermanas del Purgatorio, presentes!!...""","""...ﺃﺧﻮﺍﺕ ﺍﻟﻤَﻄْﻬَﺮ ﺍﻟﺴَّﺒﻌﺔ، ﺣﺎﺿﺮﺍﺕ."
Mammon,"""......A‐Ange‐sama......!""","""...A-Ange-sama...!"" ","""......A, Ange-sama......!""",「……え、縁寿さま……！」,[=JP],"""......Э‐Энджи‐сама!""",[=UP],「……缘、缘寿小姐……！」,「……緣、緣壽小姐……！」,"""... A-Ange-sama...!""","""... ¡A-Ange-sama!...""","""......ﺇ-ﺇﻧﺠﻲ-ﺳﺎﻣﺎ......!"""
Ushiromiya Ange,"""You said it once. ......Because I lacked magical power and resolve, ......I could not use you or your sisters. ............This isn't some cheap emotion, like wanting to get back at my bullying classmates.""","""You said it once. ......Because I lacked magical power and resolve, ...I couldn't use you or your sisters. ...This isn't some cheap emotion, like wanting to get back at my bullying classmates."" ","""You said it once.  ......Because I lacked magical power and resolve, ......I could not use you or your sisters.  ......This isn't some cheap emotion, like wanting to get back at my bullying classmates.",「あなたはかつて言ったわ。……私に魔力と、その覚悟がないから、……あなたたちを使役できなかったのだと。…………私をいじめるクラスメートに仕返しがしたいなんて、そんな安っぽい感情じゃない。,「あなたはかつて言ったわ。……私に魔力と、その覚悟がないから、……あなたたちを使役できなかったのだと。…………私をいじめるクラスメートに仕返しがしたいなんて、そんな安っぽい感情じゃない」,"""Однажды ты сказала мне. .....Сказала, что поскольку мне не достаёт магической силы и решимости, я не могу использовать тебя или твоих сестёр. Это не какое‐то дешевое чувство, вроде желания отомстить издевающимся надо мной одноклассницам.""","""Certa vez você disse uma coisa. ......Por causa da minha falta de poder mágico, de determinação, ......eu não podia usar você nem suas irmãs. ............Essa não é uma emoção barata, como querer me vingar das minhas colegas de classe que me atormentavam.""",「你曾经说过。……我缺少魔力，与这个觉悟，……所以无法使役你们。…………并非是那种想对欺负我的同学还以颜色的，庸俗的感情。」,「你曾經說過。……我缺少魔力，與這個覺悟，……所以無法使役你們。…………並非是那種想對欺負我的同學還以顏色的，庸俗的感情。」,"""L'hai detto una volta. ... Poiché mi mancavano potere magico e convinzione... non ho potuto usare te o le tue Sorelle. ... Questa non è una convinzione scadente, come voler contrattaccare le mie compagne di classe che mi intimidivano.","""Lo dijiste una vez... Debido a que carecía de poder mágico y determinación... no pude usarlas a ustedes... Esta no es una emoción cualquiera, como querer vengarme de mis abusivas compañeras de clase.""","""ﻓﻲ ﺍﻟﻤﺎﺿﻲ. ...ﻗﻠﺖِ ﺇﻧﻲ ﻻ ﺃﺳﺘﻄﻴﻊ ﺍﺳﺘﺨﺪﺍﻣﻜﻦ، ...ﻷﻧﻲ ﻟﻢ ﺃﻛﻦ ﺟﺎﻫﺰﺓ ﻟﺘﻠﻄﻴﺦ ﻳﺪﻱ. ...ﻣﺸﺎﻋﺮﻱ ﻫﺬﻩ ﺍﻟﻤﺮَّﺓ ﻟﻴﺴﺖ ﺭﺧﻴﺼﺔ ﻛﺎﻟﺮﻏﺒﺔ ﻓﻲ ﺍﻻﻧﺘﻘﺎﻡ ﻣﻦ ﺯﻣﻴﻼﺗﻲ ﺍﻟﻤﺘﻨﻤﺮﺍﺕ."""
Ushiromiya Ange,"""...In order to protect Maria onee‐chan's, .........Mariage Sorcière's world, ......I now order you to show me the miracle of magic.""","""...In order to protect Maria onee-chan's......Mariage Sorcière's world, ...I now order you to show me the miracle of magic."" ","...In order to protect Maria onee-chan's, .........Mariage Sorciere's world, ......I now order you to show me the miracle of magic.""",…私は、真里亞お姉ちゃんの、………マリアージュ・ソルシエールの世界を守るために、……今こそ、魔法の奇跡を見せることを命令するわ。」,「…私は、真里亞お姉ちゃんの、………マリアージュ・ソルシエールの世界を守るために、……今こそ、魔法の奇跡を見せることを命令するわ」,"""Дабы защитить Марию онее‐чан и мир Меридж Сорсьер, я приказываю вам продемонстрировать мне чудо магии.""","""...Para proteger a Maria onee‐chan, .........o mundo da Mariage Sorcière, ......eu agora ordeno que mostrem‐me a magia de um milagre.""",「…我，为了守护真里亚姐姐的，………Mariage Sorcière 的世界，……命令你们，于此刻展示魔法的奇迹。」,「…我，為了守護真里亞姐姐的，………Mariage Sorcière 的世界，……命令你們，於此刻展示魔法的奇跡。」,"... Per proteggere il mondo di Maria Onee-chan... il Mariage Sorcière... ora vi ordino di mostrarmi il miracolo della magia.""","""... Para proteger el mundo de María onee-chan... el Mariage Sorcière... les ordeno que me muestren el milagro de la magia.""","""ﻣﻦ ﺃﺟﻞ ﺣﻤﺎﻳﺔ ﻋﺎﻟﻢ ﺃﺧﺘﻲ ﻣﺎﺭﻳﺎ، .........ﻭﻣﺎﺭﻳﺎﺝ ﺳﻮﺭﺳﻴﺮ، ﺁﻣﺮﻛﻦَّ ﺍﻵﻥ ﺑﺄﻥ ﺗﻈﻬﺮﻥ ﻟﻲ ﻣﻌﺠﺰﺓ ﺍﻟﺴﺤﺮ......"""
Mammon,"""I‐it's impossible... There's just no way, not with such a mass of toxin in front of us.........""","""I-It's impossible... No matter what you try, before such a mass of toxin......"" ","""I, it's impossible...  No matter what, before such a mass of toxin.........""",「む、無理です…。いくら何でも、これだけ大勢の毒素の前では………、」,[=JP],"""Э... это невозможно... Никак, пока такой объём токсина...""","""I‐Isso é impossível... Não tem como! Não com tamanha quantidade de toxinas à nossa frente.........""",「做、做不到的…。不管怎么说，在这么大量的毒素前………、」,「做、做不到的…。不管怎麼說，在這麼大量的毒素前………、」,"""È-È impossibile... non importa cosa sia, davanti ad una quantità così grande di tossina...""","""E-Es imposible... No hay manera, no con tal masa de toxina frente a nosotras...""","""...ﻫـ-ﻫﺬﺍ ﻣﺴﺘﺤﻴﻞ. .........ﻣﺴﺘﺤﻴﻞٌ ﺫﻟﻚ، ﺃﻣﺎﻡ ﻛﻞ ﻫﺆﻻﺀ ﺍﻟﺒﺸﺮ ﺫﻭﻱ ﺍﻟﺴﻢ ﺍﻟﻤﻀﺎﺩ."""
,"The Seven Sisters also remembered what had once happened in that classroom.{n}......If they could have obeyed Ange's order, they would have.","The Seven Sisters also remembered what had happened in that classroom. ...If they could have obeyed Ange's order, they would have. ","The Seven Sisters also remembered what happened in that classroom.......If they could have obeyed Ange's order, they would have.",七姉妹たちも、かつてのあの教室のことを覚えてる。……もしも、縁寿の命令に従えるものなら、従っていた。,七姉妹たちも、かつてのあの教室のことを覚えてる。{n}……もしも、縁寿の命令に従えるものなら、従っていた。,"Семь сестёр тоже помнили случившееся в том классе.{n}Если бы они могли выполнить приказ Энджи, то выполнили бы его.","As Sete Irmãs relembraram o que havia acontecido na sala de aula.{n}......Se elas pudessem obedecer as ordens de Ange, elas assim fariam.",七姐妹们也都记得，以前教室里的那件事。{n}……如果，她们能够执行缘寿的命令的话，那就去从命了。,七姐妹們也都記得，以前教室裡的那件事。{n}……如果，她們能夠執行緣壽的命令的話，那就去從命了。,"Anche le Sette Sorelle si ricordarono cosa successe in quella classe. ... Se avessero potuto obbedire agli ordini di Ange, l'avrebbero fatto.","Las Siete Hermanas también recordaban lo que había sucedido en esa aula.{n}... Si hubiesen podido obedecer las órdenes de Ange, lo habrían hecho.", ﺗﺬﻛﺮﺕ ﺍﻷﺧﻮﺍﺕ ﺍﻟﺴَّﺒﻌﺔ ﺃﻳﻀًﺎ ﻣﺎ ﺣﺪﺙ ﺫﺍﺕ ﻣﺮﺓٍ ﻓﻲ ﺫﻟﻚ ﺍﻟﻔﺼﻞ.{n}...ﻟﻮ ﺍﺳﺘﻄﻌﻦ ﺇﻃﺎﻋﺔ ﺃﻣﺮ ﺇﻧﺠﻲ، ﻟﻤﺎ ﺗﺮﺩَّﺩﻥ.
,"......However, ......surrounded by the toxin that runs thick in {y:0:Human}{n:0:human}s, they hadn't been able to display the miracle of magic.","...However, ...surrounded by the toxin that runs thick in Humans, they hadn't been able to display the miracle of magic. ","......However, ......surrounded by the toxin that runs thick in humans, they hadn't been able to display the miracle of magic.",……しかし、……ニンゲンの濃厚な毒素の中で、魔法の奇跡を見せることは出来なかった。,[=JP],"Как бы они ни пытались, токсин, окружающий их, был настолько силён, что они не смогли показать чудо магии.","......Entretanto, ......cercadas pela toxina que emana fortemente dos {y:0:Humanos}{n:0:humanos}, elas não seriam capazes de performar um milagre.",……可是，……在人类浓厚的毒素中，是无法示出魔法的奇迹的。,……可是，……在人類濃厚的毒素中，是無法示出魔法的奇跡的。,"... Però... circondate dalla tossina che scorre molto negli uomini, non erano riuscite a mostrare il miracolo della magia.","... Sin embargo... rodeadas por la toxina que emanan fuertemente los humanos, no habían sido capaces de obrar un milagro."," ﻭﻟﻜﻦ،…ﻭﺳﻂ ""ﺳﻤﻮﻡ"" ﺍﻟﺒﺸﺮ ﺍﻟﻜﺜﻴﻔﺔ، ﻟﻢ ﻳﺘﻤﻜﻦّ ﻣﻦ ﺇﻇﻬﺎﺭ ﻣﻌﺠﺰﺓ ﺍﻟﺴﺤﺮ."
,......And they remembered very well how deeply that had hurt Ange......,...And they remembered very well how deeply that had hurt Ange... ,[=UP],……そしてそれが、縁寿をひどく傷つけたことを、よく覚えているのだ……。,[=JP],"Они также прекрасно помнили, какую глубокую боль это причинило сердцу Энджи...",......E lembraram também como isso feriu profundamente Ange......,……她们还清清楚楚地记得，这一点深深伤害过缘寿……。,……她們還清清楚楚地記得，這一點深深傷害過緣壽……。,... E si ricordarono bene quanto ciò aveva ferito Ange...,... Y ellas recordaban muy bien lo mucho que eso había lastimado a Ange..., ......ﻭﺗﺬﻛﺮﻥ ﺟﻴﺪًﺍ ﻋﻤﻖ ﺍﻷﻟﻢ ﺍﻟﺬﻱ ﺳﺒَّﺒﻪ ﺫﻟﻚ ﻹﻧﺠﻲ......
,But Ange spoke very quietly.,But Ange spoke very quietly. ,[=UP],でも縁寿は、とても静かに言った。,[=JP],Но Энджи говорила очень спокойно.,Mas Ange proferiu de forma calma.,但是，缘寿十分平静地说道。,但是，緣壽十分平靜地說道。,Ma Ange parlò in modo molto calmo.,Pero Ange habló muy tranquilamente., ﻟﻜﻦَّ ﺇﻧﺠﻲ ﺗﺤﺪﺛﺖ ﺑﻬﺪﻭﺀٍ ﺷﺪﻳﺪ.
Ushiromiya Ange,"""In that case. You all believe too.""","""In that case, you all believe too."" ","""In that case.  You all believe too.""",「なら。あなたたちも信じて。」,「なら。あなたたちも信じて」,"""В таком случае вы тоже верьте.""","""Neste caso... Vocês também precisam acreditar.""",「那么。你们也去相信。」,「那麼。你們也去相信。」,"""Allora. Credeteci anche voi.""","""En ese caso. Todas ustedes crean también.""","""ﺇﺫﻥ. ﺃَﻣِّﻦَّ."""
Mammon,"""......Huh?""","""...Huh?"" ",[=UP],「……え？」,[=JP],"""......А?""","""......Hã?""",「……哎？」,[=CN],"""... Huh?""","""... ¿Eh?""","""ﻣﺎﺫﺍ؟"
Ushiromiya Ange,"""............Mariage Sorcière was created to make people happy. ...And also to fight the black witch.""","""......Mariage Sorcière was created to bring people happiness. ...And also to fight the black witch."" ","""............Mariage Sorciere was created to make people happy.  ...And also to fight the black witch.",「…………マリアージュ・ソルシエールは人を幸せにするために生まれた。…そしてそれは、黒き魔女と戦うためでもあった。,「…………マリアージュ・ソルシエールは人を幸せにするために生まれた。…そしてそれは、黒き魔女と戦うためでもあった」,"""............Меридж Сорсьер был создан с целью сделать людей счастливыми. И чтобы сражаться с чёрной ведьмой.""","""............A Mariage Sorcière foi criada para fazer as pessoas felizes. ...E também para lutar contra a bruxa da escuridão.""",「…………Mariage Sorcière 是为了给人谋幸福而诞生的。…并且，它还是为了与黑魔女抗争而存在的。」,「…………Mariage Sorcière 是為了給人謀幸福而誕生的。…並且，它還是為了與黑魔女抗爭而存在的。」,"""... Il Mariage Sorcière è stato creato per rendere le persone felici. ... E anche per combattere contro la strega nera.","""... Mariage Sorcière fue creada para hacer feliz a la gente... Y también para luchar contra la bruja negra.""","""...ﻧﺸﺄ ﻣﺎﺭﻳﺎﺝ ﺳﻮﺭﺳﻴﻴﺮ ﻹﺳﻌﺎﺩ ﺍﻟﻨﺎﺱ. ﻭﺃﻳﻀﺎً ﻟﻤﺤﺎﺭﺑﺔ ﺍﻟﺴﺎﺣﺮﺓ ﺍﻟﺴﻮﺩﺍﺀ."""
Ushiromiya Ange,"""The foolish black witch denies the world created by one of the founders, the Witch of Origins, Lady {f:5:Maria}. ......In order to show her that miracle, ......and in order to protect that world, .........believe. In magic. In witches. Right now—in the miracle...!""","""In order to show that miracle to the foolish black witch, ...who denies the world that one of the founders, the Witch of Origins Lady {f:5:Maria}, gave birth to, ...and in order to protect that world, ......believe. In magic. In witches. In miracles, right now...!"" ","In order to show that miracle to the foolish black witch, ...who denies the world that one of the founders, the Witch of Origins Lady Maria, gave birth to, ......and in order to protect that world, .........believe.  In magic.  In witches.  Right now, in the miracle...!""",その創立者のひとり、原初の魔女、マリア卿が生み出した世界を否定する愚かなる黒き魔女に、……その奇跡を見せ、……その世界を守るために、………信じて。魔法を。魔女を。今こそ、奇跡を…！」,「その創立者のひとり、原初の魔女、マリア卿が生み出した世界を否定する愚かなる黒き魔女に、……その奇跡を見せ、……その世界を守るために、………信じて。魔法を。魔女を。今こそ、奇跡を…！」,"""Чтобы показать это чудо глупой чёрной ведьме, которая отвергает мир, сотворённый одной из основательниц, Ведьмой Истока Леди {f:5:Марией}, и чтобы защитить этот мир, поверьте. В магию. В ведьм. И в чудо, прямо сейчас!""","""A tola bruxa da escuridão nega o mundo criado por uma das fundadoras, a Bruxa das Origens, Lady {f:5:Maria}. ......Para mostrar esse milagre a ela, ......para proteger este mundo, .........acreditem. Na magia. Nas bruxas. Aqui e agora — neste milagre...!""",「为了将这奇迹展示给，否定了其创立者之一，原初的魔女，玛利亚卿所创造出来的世界的，……愚蠢的黑魔女看，……守护这个世界，………去相信。魔法。魔女。于此刻，引起奇迹…！」,「為了將這奇跡展示給，否定了其創立者之一，原初的魔女，瑪利亞卿所創造出來的世界的，……愚蠢的黑魔女看，……守護這個世界，………去相信。魔法。魔女。於此刻，引起奇跡…！」,"Per mostrare quel miracolo alla folle strega nera... che nega che una delle fondatrici, la Strega delle Origini MARIA, abbia dato vita ad un mondo... e per proteggere quel mondo... credeteci. Nella magia. Nelle streghe. E ora, nel miracolo...!""","""La tonta bruja negra niega el mundo creado por una de las fundadoras, la Bruja de los Orígenes, Lady {f:5:María}... Para mostrarle ese milagro, y para proteger ese mundo... crean ahora mismo. En la magia. En las brujas. ¡Y en los milagros!""","""ﻫﺬﻩ ﺍﻟﺴﺎﺣﺮﺓ ﺍﻟﺴﻮﺩﺍﺀ ﺍﻟﺤﻤﻘﺎﺀ ﺗُﻨﻜِﺮ ﻋﺎﻟﻢ ﺍﻟﺴﻴﺪﺓ ﻣﺎﺭﻳﺎ، ﺳﺎﺣﺮﺓ ﺍﻟﻨﺸﺄﺓ ﻭﻣﺆﺳﺴﺔ ﺍﻟﺘﺤﺎﻟﻒ. ﻣﻦ ﺃﺟﻞ ﺇﻇﻬﺎﺭ ﻣﻌﺠﺰﺓ ﻟﻬﺎ... ﻭﻓﻲ ﺳﺒﻴﻞ ﺣﻤﺎﻳﺔ ﺫﻟﻚ ﺍﻟﻌﺎﻟﻢ...... ﺁﻣِﻨﻮﺍ. ﺑﺎﻟﺴﺤﺮ. ﻭﺑﺎﻟﺴَّﺎﺣﺮﺍﺕ. ...ﻭﺑﺎﻟﻤﻌﺠﺰﺓ ﺍﻟﺘﻲ ﺳﻮﻑ ﺗﺘﻮﻟَّﺪ!"""
,"Kasumi gave an order to the black‐suits, and one of them took out a gun and pointed it at Ange.","When Kasumi gave an order to the black-suits, one of them took out a gun and pointed it at Ange. ","When Kasumi gave an order to the black-suits, one of them took out a gun and pointed it at Ange.",霞が黒服に指示を出すと、一人が銃を抜き、縁寿に向けて構える。,[=JP],"Когда Касуми дала приказ своим шестёркам, один из них достал пистолет и направил его на Энджи.","Kasumi deu a ordem para os homens de preto, e um deles sacou uma arma e apontou contra Ange.",霞向黑衣人们下达了指示，其中一人拔枪瞄准了缘寿。,霞向黑衣人們下達了指示，其中一人拔槍瞄準了緣壽。,"Quando Kasumi diede l'ordine alle sue guardie, uno di loro tirò fuori una pistola e la puntò ad Ange.","Cuando Kasumi dio una orden a los hombres de traje negro, uno de ellos sacó un arma y apuntó a Ange.", ﺃﻣﺮﺕ ﻛﺎﺳﻮﻣﻲ ﺫﻭﻱ ﺍﻟﺒﺬﻝ ﺍﻟﺴﻮﺩﺍﺀ، ﻓﺄﺧﺮﺝ ﺃﺣﺪﻫﻢ ﻣﺴﺪَّﺳًﺎ ﻭﺻﻮَّﺑﻪ ﻧﺤﻮ ﺇﻧﺠﻲ.
Sumadera Kasumi,"""You're going to show us magic, right? Then show us, if you would. Use magic to shoot this man down with a fireball or lightning or something.""","""You'll show us magic, right? Then let's have it. Use magic to shoot this man down with a fireball or lightning or something. ","""You'll show us magic, right?  Then show us.  Use magic to shoot this man down with a fireball or lightning or something.  ",「魔法を見せてくれるんでしょう？　なら見せて頂戴。魔法で、火の玉でも稲妻でも撃ち出して、この男を倒して見せなさいよ。,「魔法を見せてくれるんでしょう？　なら見せて頂戴。魔法で、火の玉でも稲妻でも撃ち出して、この男を倒して見せなさいよ」,"""Ты покажешь нам магию, верно? Тогда начинай. Используй магию для устранения этого человека огненным шаром, молнией или что там у тебя.""","""Você vai usar magia agora, não vai? Então mostre, se conseguir. Use magia para atirar uma bola de fogo, um raio ou qualquer coisa, e acabar com este homem.""",「是要给我们看魔法吧？那么请展示出来瞧瞧吧。用魔法射出火球、闪电，打倒这个男人看看吧。」,「是要給我們看魔法吧？那麼請展示出來瞧瞧吧。用魔法射出火球、閃電，打倒這個男人看看吧。」,"""Ci mostrerai la magia, giusto? Allora fallo. Usa la magia per colpire quest'uomo con una palla di fuoco, un lampo o qualcosa del genere.","""Nos mostrarás magia, ¿verdad? Entonces muéstranos. Usa esa magia para atacar a este hombre con una bola de fuego, un rayo o algo así.""","""ﺃﻟﻦ ﺗﺮﻳﻨﺎ ﺍﻟﺴﺤﺮ؟ ﺇﺫًﺍ ﺃﺭﻳﻨﺎ ﺇﻥ ﺷﺌﺖ. ﺍﺳﺘﺨﺪﻣﻲ ﺍﻟﺴﺤﺮ ﻟﺘُﺴﻘﻄﻲ ﻫﺬﺍ ﺍﻟﺮﺟﻞ ﺑﻜﺮﺓٍ ﻧﺎﺭﻳﺔٍ ﺃﻭ ﺑﺮﻕٍ ﺃﻭ ﻣﺎ ﺷﺎﺑﻪ."""
Sumadera Kasumi,"""You get one chance. .........Show us before I count to three, alright? If you can't, then you had best prepare yourself, okay? Ehheheheheh!""","You get one chance. ......Show us before I count to three, got it? If you can't, then you'd best prepare yourself, okay? Ehheheheheh!"" ","You get one chance.  .........Show us before I count to three, alright?  If you can't, then you had best prepare yourself, okay?  Ehheheheheh!""",チャンスは一度。………３つ数える内にやってお見せなさい？　出来なければ、覚悟してもらうわよ？　うっふふふふふふ！」,「チャンスは一度。………３つ数える内にやってお見せなさい？　出来なければ、覚悟してもらうわよ？　うっふふふふふふ！」,"""Я дам тебе шанс. .........Покажи нам, прежде чем я досчитаю до трёх, хорошо? Если не сможешь, то пеняй на себя, ясно? Эхе‐хе‐хе‐хе‐хе!""","""Você tem uma chance. .........Mostre para nós antes que eu conte até três, tudo bem? Se não conseguir, então é bom que se prepare, tá? Ehheheheheh!""",「机会只有一次。………我数到三，你得在这段时间里把魔法用出来哦？用不出来，你就去做好觉悟吧？呜、哼哼哼哼哼哼！」,「機會只有一次。………我數到三，你得在這段時間裡把魔法用出來哦？用不出來，你就去做好覺悟吧？嗚、哼哼哼哼哼哼！」,"Hai una sola chance. ... Agisci prima che io arrivi al tre, va bene? Se non ci riesci, sarebbe stato meglio se ti fossi preparata, ok? Ehheheheheh!""","""Tienes una oportunidad... Muéstranos antes de que cuente hasta tres, ¿bien? Si no puedes, entonces mejor prepárate, ¿de acuerdo? ¡Ejejejeje!""","""ﻟﺪﻳﻚِ ﻓﺮﺻﺔٌ ﻭﺍﺣﺪﺓ. ﺃﺭﻳﻨﺎ ﻗﺒﻞ ﺃﻥ ﺃﻛﻤﻞ ﺍﻟﻌﺪَّ ﺇﻟﻰ ﺛﻼﺛﺔ، ﺣﺴﻨًﺎ.........؟ ﺇﺫﺍ ﻟﻢ ﺗﺴﺘﻄﻴﻌﻲ، ﻓﺎﻷﻓﻀﻞ ﺃﻥ ﺗﺘﺠﻬﺰﻱ ﻟﻠﻤﻮﺕ، ﻣﻔﻬﻮﻡ؟ ﻫﻴﻬﻴﻬﻴﻬﻴﻬﻴﻬﻲ!"""
Ushiromiya Ange,"""........................... ..................Shoot me.""","""............ .........Shoot."" ",""".........................................Shoot.""",「………………………。………………撃ちなさいよ。」,「………………………。………………撃ちなさいよ」,""".........................................Стреляйте.""","""........................... ..................Atire em mim.""",「………………………。………………开枪吧。」,「………………………。………………開槍吧。」,"""... Spara.""","""... Dispara.""","""........................... ﺃﻃﻠﻘﻲ ﻋﻠﻲَّ ﺍﻟﻨﺎﺭ.................."""
,"""What's with this kid. Hehheheh, she's fuckin' crazy.""","""What's with this kid? Hehheheh, she's lost it."" ","""What's with this kid.  Hehheheh, she's lost it.""",「何だ、このガキ。へっへへ、狂ってやがるぜ。」,「何だ、このガキ。へっへへ、イカれてやがるぜ」,"""Что с этой соплячкой? Хе‐хе‐хе, она совсем спятила.""","""Qual o problema dela? Hehheheh, ela é completamente maluca.""",「搞啥啊，这小鬼。嘿、嘿嘿，疯子。」,「搞啥啊，這小鬼。嘿、嘿嘿，瘋子。」,"""Che ha questa mocciosa. Hehheheh, è rincoglionita.""","""¿Qué le pasa a esta chica? Jejeje, ya enloqueció.""","""ﻣﺎ ﺧﻄﺐ ﻫﺬﻩ ﺍﻟﻄﻔﻠﺔ؟ ﻫﻴﻬﻴﻬﻴﻬﻲ، ﻳﺎ ﻟﺠﻨﻮﻧﻬﺎ ﻫﺬﺍ."""
,The black‐suit pointing the gun laughed at Ange's composure.,The black-suit pointing the gun laughed at Ange's detached attitude. ,The black-suit pointing the gun laughed at Ange's farseeing attitude.,銃を向けた黒服が、縁寿の達観を笑う。,[=JP],"Шестёрки, тыча пистолетами, смеялись над недалёкостью Энджи.","O homem de preto apontou a arma, rindo da compostura de Ange.",用枪指着她的黑衣人嘲笑着缘寿的达观。,用槍指著她的黑衣人嘲笑著緣壽的達觀。,Il tizio in vestito nero che puntava la pistola rise per l'attitudine lungimirante di Ange.,El hombre de traje negro apuntando el arma se rió ante la actitud de Ange.,ﺿﺤﻚ ﺍﻟﺮﺟﻞ ﺫﻭ ﺍﻟﺮﺩﺍﺀ ﺍﻷﺳﻮﺩ ﺍﻟﺬﻱ ﻳﺼﻮﺏ ﻣﺴﺪﺳﻪ، ﺳﺎﺧﺮًﺍ ﻣﻦ ﻫﺪﻭﺀ ﺇﻧﺠﻲ.
{f:5:Eva Beatrice},"""Ahhahahahahaha!! Are you serious?! This girl's living in cloud cuckoo land! In that case, get yourself shot! Why don't you just die foreveeeeeeer?!""","""Ahhahahahahaha!! Are you serious?! This girl's lost her mind! In that case, get yourself shot! If only you'd just diiiiiiiiiiiiie!"" ","""Ahhahahahahaha!!  Are you serious?!  This girl's lost her mind!  In that case, get yourself shot!  Why not diiiiiiiiiiiiie?!""",「あっはははははは！！　本気？！　こいつ、頭の中までお花が咲いてやがるゥ！　なら撃たれなさいよ、死んじゃえばぁあああぁ？！」,[=JP],"""Аха‐ха‐ха‐ха‐ха‐ха! Ты серьёзно?! Эта девчонка сошла с ума! Тогда ты получишь пулю! Почему бы тебе не сдохнуть?!""","""Ahhahahahahaha!! Você está séria?! Essa garota está com a cabeça nas nuvens! Neste caso, é bom que se prepare‐se! Por que você simplesmente não morre bem devagaaaaar?!""",「啊、哈哈哈哈哈哈！！你认真的？！这家伙，脑袋里都鲜花盛开了！那么，就去吃枪子吧，就这么去死如何呀—————？！」,「啊、哈哈哈哈哈哈！！你認真的？！這傢伙，腦袋裡都鮮花盛開了！那麼，就去吃槍子吧，就這麼去死如何呀—————？！」,"""Ahhahahahahaha!! Dici sul serio?! Questa ragazza ha perso il senno! Allora, fa' che ti sparino! Perché non muooooooriiiiii?!""","""¡¡Ajajajajajajaja!! ¡¿Hablas en serio?! ¡Esta chica perdió la cabeza! ¡En ese caso, que te disparen! ¿¡Por qué tan solo no te mueres?!...""","""ﺃﻫﺎﻫﺎﻫﺎﻫﺎﻫﺎﻫﺎﻫﺎ! ﺃﺃﻧﺖِ ﺟﺎﺩﺓ؟! ﺗﻌﻴﺶ ﻫﺬﻩ ﺍﻟﻔﺘﺎﺓ ﻓﻲ ﺃﺭﺽ ﺍﻷﻭﻫﺎﻡ! ﺇﺫﻥ، ﻓﻠﺘﺘﻠﻘﻲ ﺍﻟﺮﺻﺎﺻﺔ ﻭﺗﻤﻮﺗﻴﻦ ﺇﻟﻰ ﺍﻷﺑﺪﺩﺩ؟"""
Sakutarou,‘Ange...!! ......I‐it's impossible! You can't block bullets with magic......!!’,‘Ange...!! ...I-It's impossible! You can't block bullets with magic...!!’ ,"『Ange...!!  ......I, it's impossible!  You can't block bullets with magic......!!』",『縁寿…！！　……む、無理！　銃弾は魔法では防げないよ……！！』,[=JP],{p:0:『}Энджи! Э... это невозможно! Ты не сможешь отразить пули магией!{p:0:』},‘Ange...!! ......I‐Impossível! Você não pode bloquear balas com magia......!!’,『缘寿…！！……不、不行的！魔法挡不住枪弹……！！』,『緣壽…！！……不、不行的！魔法擋不住槍彈……！！』,{p:0:『}Ange...!! ... N-Non è possibile! Non puoi bloccare i proiettili con la magia...!!{p:0:』},‘¡¡Ange!!... ¡E-Es Imposible! ¡¡No puedes bloquear las balas con la magia!!...’, ...ﺇﻧﺠﻲ!! ﻫـ-ﻫﺬﺍ ﻣﺴﺘﺤﻴﻞ......! ......ﻻ ﻳﻤﻜﻨﻚِ ﺻﺪُّ ﺍﻟﺮﺻﺎﺹ ﺑﺎﻟﺴﺤﺮ!!
Ushiromiya Ange,"""No. There's nothing to be afraid of. ............To my magic, to the Seven Sisters of Purgatory, bullets are like nothing.""","""No. There's nothing to be afraid of. ......Compared to my magic, to the Seven Sisters of Purgatory, bullets are nothing."" ","""No.  There's nothing to be afraid of.  ............To my magic, to the Seven Sisters of Purgatory, bullets are like nothing.""",「いいえ。何も恐れることはないわ。…………私の魔法は、煉獄の七姉妹は、銃弾など、物ともしない。」,「いいえ。何も恐れることはないわ。…………私の魔法は、煉獄の七姉妹は、銃弾など、物ともしない」,"""Нет. Тут нечего бояться. ............Для моей магии, для семи сестёр чистилища, пули — это ничто.""","""Não. Não há nada para se temer. ............Para minha magia, para as Sete Irmãs do Purgatório, balas não são nada demais.""",「不。没什么好怕的。…………我的魔法，炼狱七姐妹，根本不把枪弹当回事。」,「不。沒什麼好怕的。…………我的魔法，煉獄七姐妹，根本不把槍彈當回事。」,"""No. Non c'è motivo di essere spaventati. ... Per la mia magia, per le Sette Sorelle del Purgatorio, i proiettili sono un nonnulla.""","""No. No hay nada que temer... Para mi magia, para las Siete Hermanas del Purgatorio, las balas no son nada.""","""ﻛﻼ. ﻻ ﺩﺍﻋﻲ ﻟﻠﺨﻮﻑ. ...ﻟﻴﺲ ﺍﻟﺮﺻﺎﺹ ﺷﻴﺌًﺎ ﺃﻣﺎﻡ ﺳﺤﺮﻱ ﻭﺃﺧﻮﺍﺕ ﺍﻟﻤَﻄْﻬَﺮ ﺍﻟﺴﺒﻌﺔ."""
Mammon,"""A‐Ange‐sama.........""","""A-Ange-sama......"" ","""A, Ange-sama.........""",「え、縁寿さま………。」,「え、縁寿さま………」,"""Э‐Энджи‐сама...""",[=UP],「缘、缘寿小姐………」,「緣、緣壽小姐………」,"""A-Ange-sama...""","""A‐Ange‐sama...""",""".........ﺇ-ﺇﻧﺠﻲ-ﺳﺎﻣﺎ."""
,"Mammon was flustered by Ange's absolute trust.{n}......She would have loved to live up to that trust, if only she could. On that day as well.","Mammon was perplexed by Ange's absolute trust. ...If she could comply, she would have. On that day as well. ","Mammon was perplexed by Ange's absolute trust.......If she could comply, she would have.  On that day as well.",マモンは縁寿の絶対の信頼に、戸惑う。……応えられるものなら応えたかった。あの日にも。,マモンは縁寿の絶対の信頼に、戸惑う。{n}……応えられるものなら応えたかった。あの日にも。,"Мамона была озадачена абсолютным доверием Энджи.{n}Если бы она могла подчиниться, она бы подчинилась. Так же как и в тот день.","Mammon estava perplexa com a confiança absoluta de Ange.{n}......Se pudesse cumprir, ela assim o faria. Naquele dia também.",马蒙对缘寿寄予的绝对的信任感到为难。{n}……能回应的话，那当然想回应。即便在那天也一样。,馬蒙對緣壽寄予的絕對的信任感到為難。{n}……能回應的話，那當然想回應。即便在那天也一樣。,"Mammon era perplessa sulla fiducia assoluta di Ange. ... Se avesse potuto obbedire, l'avrebbe fatto. Anche quel giorno.","Mammón estaba perpleja por la confianza absoluta de Ange.{n}... Si ella pudiera cumplir, lo haría. Igual que en aquel día.", ﺍﺭﺗﺒﻜﺖ ﻣﺎﻣﻮﻥ ﺑﺴﺒﺐ ﺛﻘﺔ ﺇﻧﺠﻲ ﺍﻟﻤﻄﻠﻘﺔ.{n}ﻟﻮ ﺃﻣﻜﻨﻬﺎ ﺃﻥ ﺗﻠﺒﻲ ﺗﻠﻚ ﺍﻟﺜﻘﺔ، ...ﻟﻔﻌﻠﺖ. ﺣﺘﻰ ﻓﻲ ﺫﻟﻚ ﺍﻟﻴﻮﻡ ﺃﻳﻀًﺎ.
,"But, ......she had been unable to do anything, and she had hurt Ange.........","But, ...because she had been unable to do anything, she had hurt Ange...... ","But, ......because she had been unable to do anything, she had hurt Ange.........",でも、……何も出来なかったから、縁寿を傷つけて………。,[=JP],"Однако из‐за того, что она не могла ничего сделать, она ранила Энджи...","Mas ......ela foi incapaz de fazer qualquer coisa, e feriu Ange.........",但是，……正因什么都做不了，所以才伤害了缘寿………。,但是，……正因什麼都做不了，所以才傷害了緣壽………。,"Ma... poiché non era riuscita a fare nulla, aveva ferito Ange...","Pero... como no había podido hacer nada, ella había lastimado a Ange...", .........ﻭﻟﻜﻦ، ...ﻷﻧﻬﺎ ﻟﻢ ﺗﺴﺘﻄﻊ ﻓﻌﻞ ﺷﻲﺀٍ، ﺟﺮﺣﺖ ﺇﻧﺠﻲ.
,"""Hehheheh, you little shit. You can use magic, huh? Then goddamn show us already.""","""Hehheheh, you brat. If you can use magic, let us have a look right now."" ","""Hehheheh, you brat.  If you can use magic, let us have a look right away.""",「へっへへ、ガキめ。魔法が使えるってんなら、早く見せてみやがれってんだ。」,「へっへへ、ガキめ。魔法が使えるってんなら、早く見せてみやがれってんだ」,"""Хе‐хе‐хе, ты, отродье. Если ты можешь использовать магию, покажи нам её прямо сейчас.""","""Hehheheh, sua pirralha. Pode usar magia, é? Então mostra de uma vez!""",「嘿、嘿嘿，死小鬼。你要是会用魔法，那就快点用出来看看啊？」,「嘿、嘿嘿，死小鬼。你要是會用魔法，那就快點用出來看看啊？」,"""Hehheheh, mocciosa. Se puoi usare la magia, allora mostracela.""","""Jejeje, mocosa. Si puedes usar magia, déjanos ver cómo es.""","""ﻫﻴﻬﻴﻬﻴﻬﻲ، ﺃﻳُّﺘﻬﺎ ﺍﻟﻮﻗﺤﺔ ﺍﻟﺼﻐﻴﺮﺓ. ﺃﻻ ﻳﻤﻜﻨﻚِ ﺍﺳﺘﺨﺪﺍﻡ ﺍﻟﺴﺤﺮ؟ ﻓﻠﺘﺮﻳﻨﺎ ﺣﺎﻻً ﺇﺫًﺍ."""
,"""What's the hold up? Show us some magic, right now!!""","""What's wrong? We're tellin' you to show us magic, right?!!"" ","""What's wrong?  We're tellin' you to show us magic right now!!""",「どうしたよ？　早く魔法を見せてみろってんだ！！」,[=JP],"""Что‐то не так? Мы говорим тебе показать свою магию прямо сейчас!""","""Qual o problema? Mostre alguma magia, agora!!""",「怎么啦？快点把魔法用出来看看啊！！」,「怎麼啦？快點把魔法用出來看看啊！！」,"""Che succede? Devi mostrarci subito la magia!!""","""¿Qué sucede? ¡¡Muéstranos algo de magia, ahora mismo!!""","""ﻣﺎ ﺳﺒﺐ ﺍﻟﺘﺄﺧﻴﺮ؟ ﺃﺭﻳﻨﺎ ﺑﻌﺾ ﺍﻟﺴﺤﺮ، ﺣﺎﻻً!!"""
,"""Come on, no need to hold back! Shazow! Blast me with some magic, I dare ya!! Hihhehhehheh!""","""Come on, no need to hold back, okay? *booom*! Show me some magic!! Hihhehhehheh!"" ","""Come on, no need to hold back, right?  *booom*!  Show me some magic!!  Hihhehhehheh!""",「ほら、遠慮はいらねぇぜ？　俺にバビョーンと！　魔法ってヤツをお見舞いしてくれよぉ！！　ひっへっへっへ！」,[=JP],"""Валяй, нет необходимости сдерживаться, верно? *Бум*! Покажи мне немного магии! Хе‐хе‐хе‐хе‐хе!""","""Vamos, não precisa se segurar! Me arrebata! Anda, vem me explodir com sua magia!! Hihhehhehheh!""",「来呀，不用客气啊？对我叭轰！地来一发叫魔法的玩意啊！！嘿嘿嘿嘿！」,「來呀，不用客氣啊？對我叭轟！地來一發叫魔法的玩意啊！！嘿嘿嘿嘿！」,"""Forza, non c'è bisogno di trattenersi! *booom*! Fammi un po' vedere!! Hihhehhehheh!""","""¡Vamos, no tienes por qué contenerte! ¡Shazam! ¡¡Muéstrame algo de magia!! ¡Jijejeje!""","""!ﻫﻴَّﺎ، ﻻ ﺩﺍﻋﻲ ﻟﻠﺘﺮﺩُّﺩ. ﺑﺎﻧﻜﺎﻱ! ﺃﺳﺘﺨﺪﻣﻲ ﻋﻠﻲ ﻫﺬﺍ، ﺃﺗﺤﺪَّﺍﻙ!! ﻫﻴﻬﻴﻬﻴﻬﻴﻬﻴﻬﻲ!"""
,The black‐suits jeered at her.{n}But Ange simply concentrated her mind in silence......,The black-suits jeered at her. But Ange simply concentrated her mind in silence... ,The black-suits jeered at her.But Ange simply concentrated her mind in silence......,黒服たちが囃す。しかし縁寿はただ静かに、精神を集中していく……。,黒服たちが囃す。{n}しかし縁寿はただ静かに、精神を集中していく……。,Шестёрки в чёрных костюмах насмехались над ней.{n}Но Энджи просто сосредотачивала свои мысли в тишине...,Os homens de preto debocharam dela.{n}Mas Ange solenemente se concentrou‐se em silêncio......,黑衣人们齐声嘲笑。{n}但缘寿却只是在平静地集中精神……。,黑衣人們齊聲嘲笑。{n}但緣壽卻只是在平靜地集中精神……。,Quelli in vestito nero si beffarono di lei. Ma Ange non fece altro che concentrarsi con la sua mente in silenzio...,Los hombres de traje negro se rieron de ella.{n}Pero Ange simplemente concentraba su mente en el silencio..., ﺳﺨﺮ ﻣﻨﻬﺎ ﺫﻭﻭ ﺍﻟﺒﺬﻝ ﺍﻟﺴﻮﺩﺍﺀ.{n}......ﻭﻟﻜﻨﻬﺎ ﻇﻠﺖ ﺗﺮﻛﺰ ﺑﻬﺪﻭﺀ.
{f:5:Eva Beatrice},"""Why not just shoot and kill her forever?! She's even telling you to shoot her!""","""If only you'd just shoot! She's even telling you to try and shoot, you guys!"" ","""Why not shoot?!  She's also telling you to try and shoot, you guys!""",「撃っちゃえばぁ？！　撃ってみろって言ってるのよ向こうは！」,[=JP],"""Почему не стреляете?! Даже она говорит вам попробовать выстрелить, ребята!""","""Por que não atira e a mata bem devagar?! Ela está até dizendo que é para atirar!""",「就开枪如何呀？！对方都说了，开枪吧！」,「就開槍如何呀？！對方都說了，開槍吧！」,"""Perché non sparate?! Anche lei vi sta dicendo di provare a farlo!""","""¡¿Por qué tan solo no disparas?! ¡Ella incluso te está diciendo que le dispares!""","""ﻟﻤﺎﺫﺍ ﻻ ﺗﻄﻠﻘﻴﻦ ﺍﻟﻨﺎﺭ ﻭﺗﻘﺘﻠﻴﻨﻬﺎ ﺇﻟﻰ ﺍﻷﺑﺪ؟! ﺣﺘﻰ ﺃﻧَّﻬﺎ ﺗﺨﺒﺮﻙِ ﺃﻥ ﺗﻄﻠﻘﻲ ﻋﻠﻴﻬﺎ ﺍﻟﻨﺎﺭ!"""
Sumadera Kasumi,"""......This kid's already lost her mind from fear. Bye‐bye, Ange‐chan. ......Go and play witches as much as you want in heaven. ......Shoot her.""","""...This kid's already lost her mind from fear. Bye-bye, Ange-chan. ...Go and pretend to be a witch as much as you want in heaven. ...Fire."" ","""......This kid's already lost her mind from fear.  Bye-bye, Ange-chan.  ......Go and pretend to be a witch as much as you want in heaven.  ......Shoot.""",「……この子、恐怖でもう、頭がどうかしてるんだわ。バイバイ、縁寿ちゃん。……天国で好きなだけ魔女ごっこをしてなさい。……撃て。」,「……この子、恐怖でもう、頭がどうかしてるんだわ。バイバイ、縁寿ちゃん。……天国で好きなだけ魔女ごっこをしてなさい。……撃て」,"""......Эта девка уже помешалась от страха. Пока‐пока, Энджи‐чан. ......Иди и сколько хочешь пытайся стать ведьмой на небесах. ......Стреляйте.""","""......Essa criança já perdeu a noção do perigo. Tchauzinho, Ange‐chan.{n}......Vá brincar de bruxas o quanto quiser, no céu. ......Atire.""",「……这孩子是因为恐惧，把脑子都吓得不正常了。拜拜，缘寿。……去天国把魔女游戏尽兴地玩个够吧。……开枪。」,「……這孩子是因為恐懼，把腦子都嚇得不正常了。拜拜，緣壽。……去天國把魔女遊戲盡興地玩個夠吧。……開槍。」,"""... Questa ragazza ha già perso il senno dalla paura. Bye-bye, Ange-chan. {n}Vai in paradiso e pretendi là di essere una strega. ... Sparate.""","""... Esta niña ya se ha vuelto loca por el miedo. <Bye-bye, Ange-chan>... Ve y finge ser una bruja tanto como quieras en el cielo... Dispárale.""","""...ﻻ ﺑﺪَّ ﻭﺃﻥ ﺍﻟﺬﻋﺮ ﺃﻓﻘﺪﻫﺎ ﺻﻮﺍﺑﻬﺎ. ﻭﺩﺍﻋًﺎ، ﺇﻧﺠﻲ-ﺗﺸﺎﻥ. ...ﻳﻤﻜﻨﻚِ ﻣﻮﺍﺻﻠﺔ ﻟﻌﺐ ﺩﻭﺭ ﺍﻟﺴﺎﺣﺮﺓ ﻗﺪﺭ ﻣﺎ ﺗﺸﺎﺋﻴﻦ ﻓﻲ ﺍﻟﻌﺎﻟﻢ ﺍﻵﺧﺮ. ﺃﻃﻠﻘﻮﺍ ﻋﻠﻴﻬﺎ ﺍﻟﻨﺎﺭ......"""
,"""Heheh, you sure?""","""Heheh, you sure?"" ",[=UP],「へへ、いいんですか？」,[=JP],"""Хе‐хе, ты уверена?""","""Heheh, tem certeza?""",「嘿嘿，可以吗？」,「嘿嘿，可以嗎？」,"""Heheh, è sicura?""","""Jeje, ¿segura?""","""ﻫﻴﻬﻲ، ﺃﺃﻧﺖِ ﻣﺘﺄﻛﺪﺓ؟"""
Sumadera Kasumi,"""Shoot! Die, Ange!!""","""Fire! Die, Ange!!"" ","""Shoot!  Die, Ange!!""",「お撃ち！　死ね、縁寿ッ！！」,[=JP],"""Стреляйте! Умри, Энджи!""","""Atire! Morra, Ange!!""",「开枪！去死吧，缘寿！！」,「開槍！去死吧，緣壽！！」,"""Sparate! Muori, Ange!!""","""¡Dispara! ¡¡Muere, Ange!!""","""ﺃﻃﻠﻘﻮﺍ ﺍﻟﻨﺎﺭ. ﻣﻮﺗﻲ ﻳﺎ ﺇﻧﺠﻲ!!"""
{f:5:Eva Beatrice},"""Magic it up, brat, if you can!!!""","""If you can do it, then give this magic of yours a try!!!"" ","""If you can do it, then give your magic a try!!!""",「やれるもんならやってみなさいよッ、あんたの魔法をッ！！！」,[=JP],"""Если можешь, то попробуй отразить это магией!!!""","""Se consegue, então mostre sua magia!!!""",「做得到的话就做来看看呀，你的魔法！！！」,「做得到的話就做來看看呀，你的魔法！！！」,"""Se puoi farlo, dai prova della tua magia!!!""","""¡¡¡Si puedes hacerlo, entonces intenta usar tu magia!!!""","""!ﺃﻇﻬﺮﻱ ﺳﺤﺮﻙِ ﺃﻳُّﺘﻬﺎ ﺍﻟﻮﻗﺤﺔ، ﺇﻥ ﺍﺳﺘﻄﻌﺖِ."""
,"The black‐suit cocked the gun, and, sneering, he...pulled the trigger.","The black-suit cocked the gun, and sneering...pulled the trigger. ","The black-suit cocked the gun, and sneering...pulled the trigger.",黒服は撃鉄を起こし、嘲笑しながら引き金を、引く。,[=JP],"Один из шестёрок взвёл пистолет и, смеясь, нажал на курок.","O homem de preto ergueu sua arma e, rindo dela, ele...puxou o gatilho.",黑衣人拉开枪栓，边嘲笑，边扣下了扳机。,黑衣人拉開槍栓，邊嘲笑，邊扣下了扳機。,"Una delle guardie alzò la pistola, e sogghignando... premette il grilletto.","El hombre de negro alistó el arma, y mientras se reía... apretó el gatillo.",ﻟﻘَّﻢ ﺫﻭ ﺍﻟﺒﺬﻟﺔ ﺍﻟﺴﻮﺩﺍﺀ ﺍﻟﻤﺴﺪَّﺱ، ﻭﺑﺴﺨﺮﻳﺔٍ، ...ﺿﻐﻂ ﻋﻠﻰ ﺍﻟﺰﻧﺎﺩ.
Ushiromiya Ange,""".................................""","""............"" ","""........................""",「……………………………。」,「……………………………」,[=OG],[=UP],[=JPC],[=JPC],"""...""",[=ITA],[=UP]
,"A gunshot rang out, .........and the world...stopped.","The sound of gunfire rang out, ...and the world...stopped. ","The sound of gunfire rang out, ......and the world...stopped.",銃声が鳴り響き、………世界が、停止した。,[=JP],Раздался звук выстрела... И мир остановился.,"O som de um tiro ecoou, .........e o mundo...parou.",枪声轰鸣，………世界，静止。,槍聲轟鳴，………世界，靜止。,L'esplosione della pistola rimbombò... e il mondo... si interruppe.,El sonido de un disparo se escuchó... y el mundo... se detuvo.,ﺩﻭَّﻯ ﺻﻮﺕ ﻃﻠﻘﺔٍ ﻧﺎﺭﻳﺔٍ، ﻭﺗﻮﻗَّﻒ...ﺍﻟﻌﺎﻟﻢ.........
,"A red spray scattered, .........and chunks of flesh flew.",A red spray scattered out... ...and chunks of flesh flew. ,"A red spray scattered out, .........and chunks of flesh flew.",赤い飛沫が飛び散り、………肉片が飛んだ。,[=JP],"Рассеялись красные брызги, и разлетелись куски плоти.","Um spray vermelho se espalhou, .........e pedaços de carne voaram.",血沫四溅，………肉片横飞。,血沫四濺，………肉片橫飛。,Uno schizzo rosso si sparse... e pezzi di carne volarono.,Un chorro rojo salió... y volaron pedazos de carne.,ﺗﻨﺎﺛﺮ ﺭﺫﺍﺫٌ ﺃﺣﻤﺮ. ﻭﺗﻄﺎﻳﺮﺕ ﻗﻄﻊٌ ﻣﻦ ﺍﻟﻠﺤﻢ.........
Mammon,"""...uh, ...............ah......""","""...Huh, ......ah..."" ","""...eh, ............ah......""",「…ぇ、……………あ……。」,「…ぇ、……………あ……」,"""...Э... а...""",[=UP],「…哎、……………啊……」,[=CN],"""... Eh... ah...""",[=ITA],"""......ﺃﻭﻩ، ............ﺁﻩ..."""
Lucifer,"""What are you doing, Mammon? ......You would let this boorish pebble of a bullet reach Ange‐sama?""","""What are you doing, Mammon? ...Don't tell me you'd let a boorish pebble of a bullet like this reach Ange-sama."" ","""What are you doing, Mammon?  ......Would you let a boorish pebble of a bullet reach Ange-sama?""",「何をしてるの、マモン。……銃弾如き無粋な石ころを、縁寿さまに許すつもり？」,[=JP],"""Что ты делаешь, Мамона? ....Почему позволяешь каким‐то грубым камням вроде пуль попасть в Энджи‐сама?""","""O que está fazendo, Mammon? ......Você deixaria mesmo este insignificante cascalho de bala alcançar a Ange‐sama?""",「在干嘛呢，马蒙？……难道你想让区区枪弹这种低贱的石子，触及缘寿小姐的贵体？」,「在幹嘛呢，馬蒙？……難道你想讓區區槍彈這種低賤的石子，觸及緣壽小姐的貴體？」,"""Che stai facendo, Mammon? ... Vuoi lasciare che un'insignificante pietra dalla forma di un proiettile raggiunga Ange-sama?""","""¿Qué haces, Mammón?... ¿Vas a dejar que una mísera bala le llegue a Ange-sama?""","""ﻣﺎﺫﺍ ﺗﻔﻌﻠﻴﻦ ﻳﺎ ﻣﺎﻣﻮﻥ؟ ﺃﺳﺘﺴﻤﺤﻴﻦ ﻟﻬﺬﻩ ﺍﻟﺮﺻﺎﺻﺔ ﺍﻟﺘﻲ ﻻ ﺗﻌﺪﻭ ﺃﻥ ﺗﻜﻮﻥ ﺣﺼﺎﺓً ﺗﺎﻓﻬﺔ ﺑﺄﻥ ﺗﺼﻴﺐ ﺇﻧﺠﻲ-ﺳﺎﻣﺎ؟"""
,"Lucifer had lined up the bullet perfectly, and with a single swing, ......had sliced it in two......","Lucifer lined up the bullet perfectly, and with a single swing, ...sliced it... ","Lucifer lined up the bullet perfectly, and with a single swing, ......sliced it......",ルシファーは、完全に銃弾を捉え、一刀のもとに、……切断していた……。,[=JP],Люцифер идеально разметила пулю прямой линией и одним взмахом разрезала её...,"Lucifer apanhou perfeitamente a bala, e com um singelo esvoaçar, ......a partiu ao meio......",路西法完全捕捉住了枪弹，……一刀将之切为两半……。,路西法完全捕捉住了槍彈，……一刀將之切為兩半……。,"Lucifer si allineò perfettamente con il proiettile, e con un singolo colpo... lo tagliò...","Lucifer alineó perfectamente la bala, y con un gentil movimiento... la partió en dos...", ......ﺍﺳﺘﻬﺪﻓﺖ ﻟﻮﺳﻴﻔﺮ ﺍﻟﺮﺻﺎﺻﺔ ﺑﺈﺗﻘﺎﻥ، ﻭﺑﻀﺮﺑﺔٍ ﻭﺍﺣﺪﺓ، ......ﺷﻄﺮﺗﻬﺎ ﺇﻟﻰ ﻧﺼﻔَﻴﻦ.
,And......in the chest of the black‐suit who had apparently fired the gun......there was a hole as big as a fist...,"And, ...in the chest of the black-suit who had apparently fired the gun, ...was a hole as big as a fist... ","Then, ......in the chest of the black-suit who had apparently fired the gun, ......was a hole as big as a fist...",そして、……銃を撃ったはずの黒服の胸に、……握り拳大の、大穴が…。,[=JP],"Затем в груди шестёрки, судя по всему, выстрелившей в меня, возникла дыра замером в кулак...","E......no peito do homem de preto que aparentava ter disparado......um buraco, tão grande quanto um punho...",而，……本应开过枪了的黑衣人的胸口，……开了个拳头般大小的大洞…。,而，……本應開過槍了的黑衣人的胸口，……開了個拳頭般大小的大洞…。,Poi... nel petto della guardia in nero che aveva sparato... c'era un buco grande quanto un pugno...,Entonces... en el pecho del hombre de traje negro que aparentemente había disparado el arma... había un agujero tan grande como un puño..., ...ﻭ......ﻓﻲ ﺻﺪﺭ ﺫﻱ ﺍﻟﺒﺬﻟﺔ ﺍﻟﺴﻮﺩﺍﺀ ﺍﻟﺬﻱ ﺃﻃﻠﻖ ﺍﻟﻨﺎﺭ ﻓﻴﻤﺎ ﻳﺒﺪﻭ...ﻓﺠﻮﺓٌ ﺑﺤﺠﻢ ﻗﺒﻀﺔ ﺍﻟﻴﺪ.
Leviathan,""".........Every once in a while, it's alright for me to go first, right?""","""......Every now and then, I get to go first."" ",""".........Every once in a while, it's alright for me to go first.""",「………たまには。私が一番乗りでもいいわよねぇ。」,「………たまには。私が一番乗りでもいいわよねぇ」,"""........Нет ничего зазорного в том, чтобы иной раз мне начинать первой.""",""".........De vez em quando, não tem problema eu ser a primeira, né?""",「………偶尔，也该由我得次头功吧？」,「………偶爾，也該由我得次頭功吧？」,"""... Ogni tanto, va bene se vado per prima.""","""... De vez en cuando... está bien que yo vaya primero, ¿verdad?""","""...ﺃﺣﻴﺎﻧًﺎ، ﻻ ﺑﺄﺱ ﺑﺄﻥ ﺃﻛﻮﻥ ﺍﻷﻭﻟﻰ، ﺻﺤﻴﺢ؟"""
,"Half of Leviathan's body was covered with blood, and she wore a cold smile.","Half of Leviathan's body was covered with blood, and a cold smile was on her face. ","Half of Leviathan's body was covered with blood, and a scornful smile was on her face.",半身を血に染めたレヴィアタンが、冷笑を浮かべる。,[=JP],"Половина тела Левиафана окрасилась кровью, а на лице возникла презрительная улыбка.","Parte do corpo de Leviathan estava coberto por sangue, e ela exibia um sorriso frio.",血染半身的雷维阿坦露出了冷笑。,血染半身的雷維阿坦露出了冷笑。,"Metà del corpo di Leviathan era coperto di sangue, e un sorriso beffardo era sul suo volto.","La mitad del cuerpo de Leviatán estaba cubierto de sangre, y una sonrisa de odio en su cara.", ﻗﺎﻟﺖ ﻟﻴﻔﻴﺎﺛﺎﻥ ﺫﻟﻚ ﺑﺎﺑﺘﺴﺎﻣﺔ ﺑﺎﺭﺩﺓ، ﻭﻧﺼﻒ ﺟﺴﺪﻫﺎ ﻣﻠﻄﺦ ﺑﺎﻟﺪﻣﺎﺀ.
,"......Then, slowly, .........the pitiful prey that she had brought down...fell over.","...Then, slowly, ......the pitiful prey that she had brought down...fell over. ","......Then, slowly........., the pitiful prey that she had brought down...fell over.",……そして、ゆっくりと………、彼女が仕留めた哀れな獲物が、倒れる。,[=JP],"Жалкая же добыча, которую она сразила, медленно рухнула на землю.","......Então, lentamente, .........a lamentável presa que ela havia abatido...caiu ao chão.",……然后，她所解决掉的………，可怜的猎物，慢慢地倒下了。,……然後，她所解決掉的………，可怜的獵物，慢慢地倒下了。,"... Poi, lentamente... la pietosa preda che aveva cacciato... cadde a terra.","... Luego, lentamente... la pobre presa a la que ella había atacado... cayó al suelo.", ﺛﻢ ﺑﺒﻂﺀ………، ﺳﻘﻄﺖ ﺗﻠﻚ ﺍﻟﻔﺮﻳﺴﺔ ﺍﻟﺒﺎﺋﺴﺔ ﺍﻟﺘﻲ ﻗﻀﺖ ﻋﻠﻴﻬﺎ.
Mammon,"""Y‐......you pierced...a {y:0:Human}{n:0:human}......!!!""","""...Y-You pierced...a Human...!!!"" ","""Y, ......you pierced...a human......!!!""",「つ、……貫いた、ニンゲンを……ッ！！！」,[=JP],"""Т... ты пронзила... {y:0:Челове}{n:0:челове}ка!!!""","""V‐......Você goivou...um {y:0:Humano}{n:0:humano}......!!!""",「贯、……贯穿了，人类……！！！」,「貫、……貫穿了，人類……！！！」,"""H... Hai perforato... un umano...!!!""","""¡¡¡A-Atravesaste... a un humano!!!..."""," ......ﻟﻘﺪ......ﺷﻘﻘﺖِ... ﺑﺸﺮﻳًﺎ!!!"""
Satan,"""Idiot! Do you still not believe?! In our master's magic power...!!""","""Idiot! Do you still not believe?! In our master's magic power...?!!"" ","""Idiot!  Do you still not believe?!  In our master's magic power...!!""",「馬鹿ねッ！　まだあんた信じてないの？！　私たちの主の魔力を…！！」,[=JP],"""Дура! Ты всё ещё не веришь?! В магическую силу нашей госпожи?!""","""Idiota! Você ainda não acredita?! No poder mágico da nossa mestra...!!""",「笨蛋！你还没相信！！我等主人的魔力吗…？！」,「笨蛋！你還沒相信！！我等主人的魔力嗎…？！」,"""Idiota! Ancora non ci credi?! Nel potere magico della nostra padrona...!!""","""¡Idiota! ¡¿Sigues sin creer... en el poder mágico de nuestra ama?!...""","""ﺃﻳُّﺘﻬﺎ ﺍﻟﺤﻤﻘﺎﺀ. ﺃﻣﺎ ﺯﻟﺖِ ﻻ ﺗﺆﻣﻨﻴﻦ؟! ...ﺑﻘﻮﺓ ﺳﻴّﺪﺗﻨﺎ ﺍﻟﺴﺤﺮﻳﺔ!!"""
{f:5:Eva Beatrice},"""Are......you...kidding me.........?!?! You ma‐manifested...in front of this many {y:0:Human}{n:0:human}s?!?!""","""Are...you...kidding me......?!?! Y-You materialized...in front of this many Humans?!?!"" ","""Are, ......you, ...kidding me.........?!?!  Y, you materialized, ...in front of this many humans?!?!""",「ば、……か、…な………ッ？！？！　これだけのニンゲンの前で、…け、顕現したって言うのッ？！？！」,[=JP],"""Вы... что... издеваетесь?! Возникнуть перед таким количеством {y:0:Люд}{n:0:люд}ей?!""","""Você......está...brincando comigo.........?!?! Você se ma‐manifestou...na frente de tantos {y:0:Humanos}{n:0:humanos}?!?!""",「怎、……么、…可能………？！？！难道是在这么多人类的面前，…成、成功显现了？！？！」,「怎、……麼、…可能………？！？！難道是在這麼多人類的面前，…成、成功顯現了？！？！」,"""Mi state... prendendo... in giro...?!?! V-Vi siete materializzate... di fronte a così tanti umani?!?!""","""¡¿¡¿E-Estás... bromeando?!?!... ¡¿¡¿Te materializaste... en frente de tantos humanos?!?!""","""ﻏﻴﺮ...ﻣﻌﻘﻮﻝ.........! ﺗـ-ﺗﺠﺴَّﺪﻥ...ﺃﻣﺎﻡ ﻫﺬﺍ ﺍﻟﻌﺪﺩ ﻣﻦ ﺍﻟﺒﺸﺮ؟!؟!"""
Sumadera Kasumi,"""Wh‐.........what the...what?!""","""...Wh-What is this? ...What?!"" ","""Wh, .........what is, ...what?!""",「な、………何よ、…何？！」,[=JP],"""Чт... что это... что?!""","""O‐.........o quê...hã?!""",「怎、………怎么了、…怎么了？！」,「怎、………怎麼了、…怎麼了？！」,"""C... Cosa è... che cosa?!""","""¿Qué es esto?... ¡¿Qué?!""","""!ﻣـ-.........ﻣﺎﺫﺍ ﻳﺤﺪﺙ...ﻣﺎﺫﺍ؟"""
,Kasumi and the rest were thrown into confusion...,Kasumi and the rest were flustered... ,Kasumi and the rest were flustered...,霞たちはうろたえる…。,[=JP],Касуми и её шестёрки занервничали.,Kasumi e seus subordinados ficaram enleados...,霞等人惊慌失措…。,霞等人驚慌失措…。,Kasumi e gli altri erano agitati...,Kasumi y el resto se sumieron en la confusión..., ...ﺍﻧﻐﻤﺮﺕ ﻛﺎﺳﻮﻣﻲ ﻭﺍﻟﺒﺎﻗﻮﻥ ﻓﻲ ﺣﻴﺮﺓ.
,"He certainly seemed to have fired the gun......{n}However, ......it hadn't hit Ange, .........and why......was the person who fired......instead......?!","He certainly seemed to have fired his gun... {n}However, ...it hadn't hit Ange, ......and why... ...was the person who fired... hurt instead...?! ","He certainly seemed to have fired the gun......However, ......it hadn't hit Ange, .........and why, ......was the person who fired, ...instead......?!",確かに銃を撃ったはず……。　しかし、……それは縁寿には当たらず、………どうして、……撃った本人が、…逆に……？！,確かに銃を撃ったはず……。{n}しかし、……それは縁寿には当たらず、………どうして、……撃った本人が、…逆に……？！,Он определённо выстрелил из своего пистолета.{n}И однако же пуля не попала в Энджи... И почему стрелявший... сам...?!,"Ele certamente havia disparado sua arma......{n}Porém, ......não havia atingido Ange, .........e por que......a pessoa alvejada foi aquela......que atirou......?!",的确应该是开了枪……。{n}可是，……子弹并没有射中缘寿，………不知为什么，……反而是，…开枪之人……？！,的確應該是開了槍……。{n}可是，……子彈並沒有射中緣壽，………不知為什麼，……反而是，…開槍之人……？！,Sembrava veramente che avesse sparato... però... non aveva colpito Ange... e perché... era la persona che ha sparato... invece...?!,Él ciertamente había disparado un arma...{n}Sin embargo... no le había dado a Ange... ¡¿Y por qué... estaba la persona que disparó... herida?!..., ......ﺑﺪﺍ ﺃﻧَّﻪ ﺃﻃﻠﻖ ﺍﻟﻨﺎﺭ ﻣﻦ ﺍﻟﻤﺴﺪَّﺱ ﺣﺘﻤًﺎ.{n}ﺇﻻ ﺃﻧَّﻬﺎ. ،ﻟﻢ ﺗﺼﺐ ﺇﻧﺠﻲ...... ...ﻭﻟﻢَ......... ...ﻛﺎﻥ ﻣُﻄﻠﻖ ﺍﻟﻨﺎﺭ... ﻋﻮﺿًﺎ ﻋﻨﻬﺎ......؟!
Ushiromiya Ange,"""......This is...magic. ......Great job, Leviathan.""","""...This is...magic. ...Great job, Leviathan."" ","""......This is...magic.  ......Great job, Leviathan.""",「……これが、魔法。……見事よ、レヴィアタン。」,「……これが、魔法。……見事よ、レヴィアタン」,"""......Это... магия. ......Отличная работа, Левиафан.""","""......Isto é...magia. ......Bom trabalho, Leviathan.""",「……这就是，魔法。……漂亮，雷维阿坦。」,「……這就是，魔法。……漂亮，雷維阿坦。」,"""... È questa... la magia. ... Ottimo lavoro, Leviathan.""","""... Esto es... magia... Buen trabajo, Leviatán.""","""ﻫﺬﺍ...ﺍﻟﺴﺤﺮ...... ﺃﺣﺴﻨﺖِ ﺻﻨﻌًﺎ ﻳﺎ ﻟﻴﻔﻴﺎﺛﺎﻥ......"""
Leviathan,"""I am most honored...!! You foolish {y:0:Human}{n:0:human}s who dare oppose our master! Now is the time of judgment! Prostrate yourselves!!""","""I'm most honored...!! You foolish Humans who dare oppose our master! Now is the time of judgement! Prostrate yourselves!!"" ","""The greatest honor...!!  You foolish humans who dare oppose our master!  Now is the time of judgement!  Prostrate yourselves!!""",「光栄の至り…！！我らが主に逆らう愚かなるニンゲンどもよ！　今こそ平伏せ、審判の時ッ！！」,「光栄の至り…！！　我らが主に逆らう愚かなるニンゲンどもよ！　今こそ平伏せ、審判の時ッ！！」,"""Сочту за честь! Внимайте, глупые {y:0:Люд}{n:0:люд}ишки, осмелившиеся бросить вызов нашей хозяйке! Пришло время наказания! Падите в ниц и раскайтесь!""","""Eu estou muito honrada...!! Como vocês, tolos {y:0:Humanos}{n:0:humanos}, ousam se opor à nossa mestra! Está na hora do julgamento! Prostrem‐se!!""",「光荣至极…！！忤逆我等主人的愚蠢的人类哟！此刻即是下跪，接受审判之时！！」,「光榮至極…！！忤逆我等主人的愚蠢的人類喲！此刻即是下跪，接受審判之時！！」,"""È un grandissimo onore...!! Voi, folli umani che osano opporsi alla nostra padrona! È l'ora del giudizio! Prostratevi!!""","""¡¡Es un grandísimo honor!!... ¡Humanos tontos que se atreven a desafiar a nuestra ama! ¡Ahora es el momento del juicio! ¡¡Póstrense!!""","""...ﻣﺪﻳﺤﻚِ ﺷﺮﻑٌ ﻟﻲ. ﻳﺎ ﺃﻳُّﻬﺎ ﺍﻟﺒﺸﺮ ﺍﻟﺤﻤﻘﻰ ﺍﻟﺬﻳﻦ ﺗَﻌﺼُﻮﻥ ﺳﻴﺪﺗﻨﺎ! ﺣﺎﻥ ﻭﻗﺖ ﺍﻟﺤﺴﺎﺏ! ﻓﻠﺘﺨﺮُّﻭﺍ ﺳﺎﺟﺪﻳﻦ!!"""
{f:5:Eva Beatrice},"""H‐how......?!!! You shouldn't be able to bring magic into the world of {y:0:Human}{n:0:human}s...!! They shouldn't be able to {y:1:‘see’}{n:1:see} magic, they shouldn't be able to be touched by magic!! ......How?!!""","""Wh-Why...?!!! You shouldn't be able to bring magic into the world of Humans...!! They shouldn't be able to ""see"" magic, and they shouldn't be able to be touched by magic!! ...Why?!!"" ","""W, why......?!!!  You shouldn't be able to bring magic into the world of humans...!!  They shouldn't be able to see magic, they shouldn't be able to be touched by magic!!  ......Why?!!""",「ど、どうして……！！！　ニンゲンの世界に魔法は持ちこめないはずなのに…ッ！！　魔法は視えないはずなのに、触れられないはずなのに！！　……どうしてッ！！」,[=JP],"""П‐почему?!! У тебя не должно быть возможности привнести магию в мир {y:0:Люд}{n:0:люд}ей! Они не должны {y:1:‘видеть’}{n:1:видеть} магию, они не должны были оказаться сокрушены ею! ......Почему?!!""","""C‐Como......?!!! Você não deveria ser capaz de trazer a magia para o mundo dos {y:0:Humanos}{n:0:humanos}...!! Eles não deveriam ser capazes de {y:1:‘ver’}{n:1:ver} a magia, eles não deveriam ser capazes de serem tocados pela magia!! ......Como?!""",「为、为什么……？！！！明明没可能把魔法带到人类的世界！！魔法明明是看不到，碰不着的东西！！……为什么？！！」,「為、為什麼……？！！！明明沒可能把魔法帶到人類的世界！！魔法明明是看不到，碰不著的東西！！……為什麼？！！」,"""P-Perché...?!!! Non dovresti riuscire a portare la magia nel mondo degli umani...!! Non dovrebbero riuscire a vederla, non dovrebbero essere toccati da essa!! ... Perché?!!""","""¡¡¡¿C-Cómo?!!! ¡¡No deberías poder traer magia al mundo de los humanos!!...¡¡Ellos no deberían poder ver la magia, ellos no deberían poder ser tocados por la magia!!... ¡¡¿Por qué?!!""","""!ﻛـ-ﻛﻴﻒ......؟ ...ﻻ ﻳﻤﻜﻦ ﺗﻄﺒﻴﻖ ﺍﻟﺴﺤﺮ ﻓﻲ ﻋﺎﻟﻢ ﺍﻟﺒﺸﺮ!! ﻳُﻔﺘﺮَﺽ ﺑﻜﻦَّ ﺃﻥ ﺗﻜﻦَّ ﺧﻔﻴﺎﺕ، ﻻ ﻳﻨﺒﻐﻲ ﺃﻥ ﺗﺴﺘﻄﻌﻦَ ﻟﻤﺲ ﺷﻲﺀ!! ﻛﻴﻒ؟!!"
Ushiromiya Ange,"""............Because this...is true magic.""","""......Because this...is true magic."" ",[=UP],「…………これが、本当の魔法だからよ。」,「…………これが、本当の魔法だからよ」,"""............Потому что это настоящая магия.""","""............Porque essa...é a verdadeira magia.""",「…………因为，这是真正的魔法。」,「…………因為，這是真正的魔法。」,"""... Perché questa... è la vera magia.""","""... Porque esta... es magia de verdad.""","""ﻷﻥَّ ﻫﺬﺍ...ﺳﺤﺮٌ ﺣﻘﻴﻘﻲ............"""
{f:5:Eva Beatrice},"""...... ......aaaaaaaaaaaaaAAAAA...!!""","""...Gah, ...aaaaaaaaaaarrrggggg...!!"" ","""......Gah, ......aaaaaaaaaaarrrggggg...!!""",「……ぅ、……ぅおおおおおぉおおおおおおおお…！！」,[=JP],"""......Гххх, а‐а‐а‐а‐ррргг!""",[=UP],「……呜、……呜哦哦哦哦哦哦哦哦哦哦哦哦哦哦…！！」,「……嗚、……嗚哦哦哦哦哦哦哦哦哦哦哦哦哦哦…！！」,"""... Gah... aaaaaaaaaaarrrggggg...!!""","""... ¡¡Gah... aaaaaaaaaaarrrggggg!!""","""...ﺁﺁﺁﺁﺁﺁﺁﺁﺁﺁﺁﺁﺁﻫﻬﻪ............"""
Sumadera Kasumi,"""Wh‐what are you people doing?! K‐kill her, kill her!!!""","""Wh-What are you people doing?! K-Kill, kill!!!"" ","""Wh, what are you people doing?!  K, kill, kill!!!""",「な、何をしてるのよお前たち？！　こッ、殺せ殺せッ！！！」,[=JP],"""Чт‐что вы дурью маетесь?! Убейте, убейте её!!!""","""O‐O que vocês estão fazendo?! M‐Matem ela, matem ela!!!""",「在、在干什么呢，你们几个？！杀、杀了她杀了她！！！」,「在、在幹什麼呢，你們幾個？！殺、殺了她殺了她！！！」,"""C-Che state facendo?! U-Uccidetela uccidetela!!!""","""¡¿Q-Qué están haciendo?! ¡¡¡M-Mátenla, mátenla!!!""","""ﻣـ-ﻣﺎﺫﺍ ﺗﻨﺘﻈﺮﻭﻥ ﺃﻧﺘﻢ؟ ﺍ-ﺍﻗﺘﻠﻮﻫﺎ، ﺍﻗﺘﻠﻮﻫﺎ!!!"""
,"One of the black‐suits who had finally come to his senses pulled his gun, aimed,","One of the black‐suits who had finally come to his senses pulled his gun, aimed, ","One of the black-suits, who had finally come to his senses, took out his gun, readied it, ",　ようやく正気に戻った黒服のひとりが銃を抜き、構、,ようやく正気に戻った黒服のひとりが銃を抜き、構、,"Один из шестёрок, кто опомнился первым, достал пистолет и приготовился открыть огонь.","Um dos homens de preto, que finalmente voltou a si, sacou sua arma, mirou,",总算回过神来了的一位黑衣人拔枪、瞄准，,總算回過神來了的一位黑衣人拔槍、瞄準，,"Una delle guardie in nero, che si era finalmente ripresa, tolse fuori la sua pistola, la caricò,","Uno de los hombres de traje negro, que por fin había recobrado el sentido, sacó su pistola y apuntó con ella.", ،ﺳﺤﺐ ﺃﺣﺪ ﺫﻭﻱ ﺍﻟﺒﺬﻝ ﺍﻟﺴﻮﺩﺍﺀ ﺍﻟﺬﻱ ﺍﺳﺘﻌﺎﺩ ﻭﻋﻴﻪ ﺃﺧﻴﺮًﺍ ﻣﺴﺪَّﺳﻪ، ﻭﺻﻮَّﺏ.
Lucifer,"""Did you think I'd overlook the disrespect of pointing a gun at our master......? Die.""","""Like I'd allow you the disrespect of pointing a gun barrel at our master...! Die."" ","""Did you think I'd permit you the disrespect of pointing the barrel of a gun at our master......?!  Die.""",「我らが主に、銃口を覗かせる無礼を、私が許すと思ったか……。死ねっ。」,「我らが主に、銃口を覗かせる無礼を、私が許すと思ったか……。死ねっ」,"""Ты думаешь, я позволю тебе такое неуважение, как нацеливание пистолета на нашу госпожу?! Умри.""","""Acha mesmo que eu permitiria que você desrespeitasse nossa mestra ao ponto de apontar uma arma para ela......? Morra.""",「还以为我会饶恕令我等主人看到枪口的无礼吗……？去死吧。」,「還以為我會饒恕令我等主人看到槍口的無禮嗎……？去死吧。」,"""Pensi che ti permetta di puntare la canna di una pistola alla nostra padrona...?! Muori.""","""¿Creías que iba a pasar por alto la falta de respeto de apuntar con una pistola a nuestra ama?... Muere.""","""ﺃﺗﺤﺴﺐ ﺃﻧﻲ ﺳﺄﺳﻤﺢ ﻟﻚ ﺑﺎﻟﺘﺼﻮﻳﺐ ﻋﻠﻰ ﺳﻴﺪﺗﻨﺎ ﺑﻜﻞ ﻭﻗﺎﺣﺔ......؟ ﻣُﺖ."""
,"Those words were his funeral. ......The man had already been struck through the chest by Lucifer, who had become the Stake of Pride in an instant.","Those words were a requiem. ...The man's chest had already been pierced by Lucifer, who had become the Stake of Pride in an instant. ","Those words were a requiem.......The man had already had his chest pierced by Lucifer, who had become the Stake of Pride in an instant.",その言葉が、引導。……男はすでに、瞬時に傲慢の杭となったルシファーにその胸板を貫かれていたのだ。,[=JP],"Эти слова стали реквиемом. Люцифер, превратившись в Кинжал гордыни, в один миг пронзила грудь этого человека.","Estas palavras foram seu funeral. ......O homem já havia tido seu peito perfurado por Lucifer, que havia se transformado na Estaca do Orgulho em segundos.",此话即是超度。……这名黑衣男子，已被在刹那间化为傲慢之桩的路西法贯穿了胸膛。,此話即是超度。……這名黑衣男子，已被在剎那間化為傲慢之樁的路西法貫穿了胸膛。,"Quelle parole erano un requiem. ... Il petto dell'uomo era già stato perforato da Lucifer, che era diventata in un istante il Pugnale della Superbia.","Esas palabras fueron su funeral... El hombre ya había sido atravesado en el pecho por Lucifer, quien se había convertido en la Estaca de la Soberbia en un instante.", ﻛﺎﻧﺖ ﺗﻠﻚ ﺍﻟﻜﻠﻤﺎﺕ ﻫﻲ ﺍﻟﻀﺮﺑﺔ ﺍﻟﻘﺎﺿﻴﺔ. ﺍﺧﺘﺮﻗﺖ ﻟﻮﺳﻴﻔﺮ ﺻﺪﺭ ﺍﻟﺮﺟﻞ ﺑﺎﻟﻔﻌﻞ، ﺑﻌﺪﻣﺎ ﺗﺤﻮَّﻟﺖ ﺇﻟﻰ ﻭﺗﺪ ﺍﻟﻜﺒﺮﻳﺎﺀ ﻓﻲ ﻟﻤﺢ ﺍﻟﺒﺼﺮ......
,Thump! The sound of the second person falling brought it home to the black‐suits that their lives were unmistakably in peril...!!,"*thump*! With the sound of the second person falling, the black-suits now realized for certain that their lives were in peril...!! ","*thump*!With the sound of the second person falling, the black-suits now realized for certain that their lives were in peril...!!",どさり！二人目が倒れる音は、黒服たちに、自分たちが今確かに、命を脅かされていることを理解させる…！！,どさり！　二人目が倒れる音は、黒服たちに、自分たちが今確かに、命を脅かされていることを理解させる…！！,"*пудух*! Звук падения второго человека на землю, наконец, заставил шестёрок понять, что их жизням определённо угрожала опасность!",Bam! O som de uma segunda pessoa caindo fez com que os homens de preto tomassem ciência de que suas vidas estavam em perigo...!!,扑通！第二人倒下的声音令黑衣人们明白了，此刻自己的生命，的确受到了威胁…！！,撲通！第二人倒下的聲音令黑衣人們明白了，此刻自己的生命，的確受到了威脅…！！,"*thump*! Sentendo la seconda persona che cadeva, le guardie in nero si accorsero in quel momento che le loro vite erano in pericolo...!!","¡*estruendo*! ¡¡Con el sonido de la segunda persona cayendo, los hombres de traje negro se dieron cuenta de que sus vidas estaban en peligro!!...", ﺻﻮﺕ ﺍﺭﺗﻄﺎﻡ! ...ﺃﻗﻨﻊ ﺻﻮﺕ ﺳﻘﻮﻁ ﺍﻟﺸﺨﺺ ﺍﻟﺜﺎﻧﻲ ﺍﻟﺮﺟﺎﻝ ﺃﻥَّ ﺣﻴﺎﺗﻬﻢ ﻓﻲ ﺧﻄﺮٍ ﻣﺆﻛﺪ!!
,"""Aaa...waaaaaaaagggh!! Hel‐hel‐heeeeelllllp......!!!""","""W-Waaaaaaaah, s-s-save me...!!!"" ","""Uh, waaaaaaaahsasa, save me......!!!""",「う、うわあああッたたッ、助けて……！！！」,[=JP],"""Ах, а‐а‐а‐а‐а‐а, спасите меня!!!""","""Aaa...waaaaaaaagggh!! So‐Soco‐Socooorrrrrooooo......!!!""",「呜、呜哇啊啊啊啊啊，救命……！！！」,「嗚、嗚哇啊啊啊啊啊，救命……！！！」,"""Uh, waaaaaaaahsasa, salvatemi...!!!""","""¡¡¡Eh, waaaaaaaahsasa, auxilio!!!..."""," ......ﺁﻫﻪ...ﻭﺍﺍﺍﺍﻏﻬﻬﻪ!!ﺍﻟـ-ﺍﻟـ-ﺍﻟﻨﺠﺪﺓ!!!"""
,"Almost paralyzed with fright, the man turned on his heels in an attempt to escape from that place, ......and in that instant, the Stake of Sloth......","The instant one of the black suits doubled over in shock...and turned on his heels to escape from that place, ...the Stake of Sloth... ","The instant the black-suits, doubled over in shock, turned on their heels to escape from that place, ......the Stake of Sloth......",腰を抜かした黒服が、その場から逃げ出そうと踵を返した瞬間に、……怠惰の杭が……、,[=JP],"Стоило только шестёрке, согнувшегося от шока, развернуться на каблуках, чтобы дать дёру из этого места, как Кинжал лени...","Praticamente paralisado pelo medo, o homem se virou em uma tentativa de fugir dali, ......e no mesmo instante, a Estaca da Preguiça......",在吓软了腰的黑衣人因想要逃走而拔腿转身的那一瞬间，……懒惰之桩……，,在嚇軟了腰的黑衣人因想要逃走而拔腿轉身的那一瞬間，……懶惰之樁……，,"Nell'istante in cui le guardie in nero, completamente sconvolte, girarono i tacchi per scappare da quel posto... il Pugnale dell'Accidia...",En el instante en que uno de los hombres de traje negro se dobló del susto... y giró sobre sus talones para escapar de aquel lugar... la Estaca de la Pereza..., ،ﺍﻧﺸﻞَّ ﺍﻟﺮﺟﻞ ﺗﻘﺮﻳﺒًﺎ ﻣﻦ ﺍﻟﺨﻮﻑ، ﻓﺎﻧﻌﻄﻒ ﻣﺴﺮﻋًﺎ ﻟﻴﺤﺎﻭﻝ ﺍﻟﻬﺮﺏ ﻣﻦ ﺫﻟﻚ ﺍﻟﻤﻜﺎﻥ. ......ﻭﻓﻲ ﺗﻠﻚ ﺍﻟﻠﺤﻈﺔ، ﻭﺗﺪ ﺍﻟﻜﺴﻞ......
Belphegor,"""............Be thankful that this is the only recompense for your violence against our master. Die!!""","""......Be thankful that your violence against our master will be repaid with this alone. Die!!"" ","""............Be thankful that recompense for your violence against our master will be settled with just this.  Die!!""",「…………我が主への狼藉に対する報い、これしきで済んだことに感謝せよ。死ねッ！！」,[=JP],"""............Будьте благодарны, что наградой за ваше насилие к нашей госпоже станет лишь это. Умри!""","""............É bom que seja grato que esta tenha sido a única recompensa por sua violência contra nossa mestra. Morra!!""",「…………对我主施暴所得的报应仅仅是略受惩戒，去为此事感激涕零吧。死吧！！」,「…………對我主施暴所得的報應僅僅是略受懲戒，去為此事感激涕零吧。死吧！！」,"""... Siate grati del fatto che la ricompensa per la violenza contro la nostra padrona sia solamente questa. Muori!!""","""... Agradece que la retribución por lo que le hicieron a nuestra ama sea solo esto. ¡¡Muere!!"""," ﻫﺬﺍ ﻣﺎ ﺗﺴﺘﺤﻘﻪ ﻟﺘﻌﻨﻴﻔﻚ ﺳﻴﺪﺗﻨﺎ، ﻛُﻦ ﺷﺎﻛﺮًﺍ. ﻓﻠﺘﻤﺖ!!"""
,"A hole as big as a walnut opened in his right eye, and his head split.","In his right eye, a hole as big as a walnut opened, and his head split. ","In his right eye, a hole as big as a walnut opened, and his head split.",右目に胡桃大の大きさの風穴が開き、頭部を砕く。,[=JP],В его правом глазу возникло отверстие размером с грецкий орех и его голову разорвало.,"Um buraco tão grande quanto uma noz se abriu em seu olho direito, e seu crânio se partiu.",那人的右眼开了个核桃大小的窟窿，头部破碎。,那人的右眼開了個核桃大小的窟窿，頭部破碎。,"Nel suo occhio destro, si aprì un buco grande quanto una noce, e la sua testa si spaccò.","En su ojo derecho, un agujero tan grande como una nuez apareció, y su cabeza se partió en dos.", ﺍﻧﻔﺘﺤﺖ ﻓﺠﻮﺓٌ ﺑﺤﺠﻢ ﺣﺒَّﺔ ﺍﻟﺠﻮﺯ ﻓﻲ ﻋﻴﻨﻪ ﺍﻟﻴﻤﻨﻰ، ﻭﺍﻧﺸﻖَّ ﺭﺃﺳﻪ.
,"Belphegor was sprayed with blood, and her face twisted demonically with the joy of being able to use her full power...!","Belphegor was sprayed with blood, and her face twisted demonically with the joy at being able to use her full power...! ","Belphegor was sprayed with blood, and her face twisted demonically with the joy at being able to use her full power...!",返り血を浴びるベルフェゴールは、その真の力を振るえる喜びに、その表情を悪魔的に歪める…！,[=JP],"Вельфегор была обрызгана кровью, и её лицо исказилось демонической радостью от использования свей силы на всю катушку!","Belphegor estava manchada de sangue, e seu rosto exibia uma distorcida feição demoníaca junto à alegria de poder usar todo o seu poder...!",浴血的贝露菲格露，因发挥出真正实力的喜悦，很有恶魔之风地扭曲了表情…！,浴血的貝露菲格露，因發揮出真正實力的喜悅，很有惡魔之風地扭曲了表情…！,"Belphegor fu schizzata di sangue, e la sua faccia si contorse in modo demoniaco per la gioia di essere riuscita ad usare i suoi pieni poteri...!","¡Belfegor fue manchada de sangre, y su cara se torció demoníacamente con la alegría de poder usar todo su poder!...", ...ﺍﻧﺘﻀﺤﺖ ﺍﻟﺪﻣﺎﺀ ﻋﻠﻰ ﺑﻴﻠﻔﻴﻐﻮﺭ، ﻭﺍﻟﺘﻮﻯ ﻭﺟﻬﻬﺎ ﺑﺸﻜﻞٍ ﺷﻴﻄﺎﻧﻲٍّ ﻣﻦ ﻓﺮﻁ ﻓﺮﺣﻬﺎ ﺑﺎﺳﺘﺨﺪﺍﻡ ﻗﻮﺗﻬﺎ ﺍﻟﻜﺎﻣﻠﺔ!
,"""Ahh...waaaaaaagghhh?! Who?! Who's there?! Where are you?!""","""Ooh, waaaaaaahhh?! Who's that?! Who's there?! Where are you?!"" ","""Ooh, waaaaaaahhh?!  Who?!  Who's there?!  Where are you?!""",「う、わぁあああ？！　誰だ？！　誰がいるんだッ？！　どこにいやがるッ？！」,[=JP],"""О‐о, оа‐а‐а‐а?! Кто?! Кто здесь?! Где ты?!""","""Ahh...waaaaaaagghhh?! Quem?! Quem está aí?! Onde você está?!""",「呜、哇啊啊啊啊？！是谁？！有谁在？！在哪呢？！」,「嗚、哇啊啊啊啊？！是誰？！有誰在？！在哪呢？！」,"""Ooh, waaaaaaahhh?! Chi?! Chi c'è?! Dove sei?!""","""¡¿Ooh, waaaaaaahhh?! ¡¿Quién?! ¡¿Quién está ahí?! ¡¿Dónde estás?!"""," ﺁﻫﻪ...ﻭﺍﺍﺍﺍﻏﻬﻬﻪ؟! ﻣﻦ؟! ﻣﻦ ﻫﺬﺍ؟! ﺃﻳﻦ ﺃﻧﺖ؟!"""
,"The black‐suits panicked, pointing their guns in every direction.{n}But they didn't understand what was happening.","The black-suits were flustered, pointing their guns in every direction. But they didn't understand what was happening. ","The black-suits were flustered, pointing their guns in every direction.But they didn't understand what was happening.",黒服たちはうろたえ、四方八方に銃を向ける。しかし何が起こっているのかわからない。,黒服たちはうろたえ、四方八方に銃を向ける。{n}しかし何が起こっているのかわからない。,"Шестёрки нервно тыкали пистолетами во все стороны.{n}Но они не понимали, что произошло.","Os homens de preto entraram em pânico, apontando suas armas em todas as direções.{n}Mas não foram capazes de entender o que estava acontecendo.",黑衣人们惊慌失措地朝四面八方举起了枪。{n}可是，不明白发生了什么。,黑衣人們驚慌失措地朝四面八方舉起了槍。{n}可是，不明白發生了什麼。,"Le guardie nere erano sconvolte, puntato le loro pistole dappertutto. Ma non capivano che stesse succedendo.","Los de traje negro estaban nerviosos, apuntando sus armas en cualquier dirección.{n}Pero no entendían lo que estaba sucediendo.", ﺍﻧﺘﺎﺏ ﺫﻭﻭ ﺍﻟﺒﺬﻝ ﺍﻟﺴﻮﺩﺍﺀ ﺍﻟﺬُّﻋﺮ، ﻣﺼﻮِّﺑﻴﻦ ﺃﺳﻠﺤﺘﻬﻢ ﻓﻲ ﻛﻞِّ ﺍﺗﺠﺎﻩ.{n}ﻟﻜﻨَّﻬﻢ ﻟﻢ ﻳﻔﻬﻤﻮﺍ ﻣﺎ ﻛﺎﻥ ﻳﺠﺮﻱ.
,"They only knew that something terrifying was coming for them from somewhere, but they didn't know where...!!","They knew that something terrifying was coming for them from somewhere, but they didn't know where...!! ",[=UP],恐ろしい存在がどこかから自分たちを狙っていることだけはわかるのだが、それがどこからかわからない…！！,[=JP],"Они лишь знали, что нечто странное приближалось к ним откуда‐то, вот только не знали откуда именно!","Tudo que sabiam era que algo terrível estava vindo de algum lugar, mas não sabiam de onde...!!",虽然清楚“某处有可怕的存在正盯着自己等人”的这一点，但不明白那人在哪…！！,雖然清楚“某處有可怕的存在正盯著自己等人”的這一點，但不明白那人在哪…！！,"Sapevano solo che qualcosa di terrificante stava arrivando per loro da qualche parte, ma non sapevano dove...!!","¡¡Solo sabían que algo terrible iba tras ellos desde algún lugar, pero no sabían de dónde!!...",ﻛﻞ ﻣﺎ ﻓﻬﻤﻮﻩ ﻫﻮ ﺃﻥ ﻛﻴﺎﻧًﺎ ﻣﺮﻋﺒًﺎ ﻳﺴﺘﻬﺪﻓﻬﻢ ﻣﻦ ﻣﻜﺎﻥ ﻣﺎ ...ﻟﻜﻨَّﻬﻢ ﻟﻢ ﻳﻌﺮﻓﻮﺍ ﻣﻦ ﺃﻳﻦ!!
{f:5:Eva Beatrice},"""Idiots!! Th‐the enemy is right in front of you! The witch's furniture is after you!!!""","""Dumbass! Th-The enemy is right before your eyes! The witch's furniture is after you!!!"" ","""Dumbass!  Th, the enemy is right before your eyes!  The witch's furniture is after you!!!""",「馬鹿！！　て、敵はあんたたちのすぐ目の前にいるわよッ！　魔女の家具があんたたちを狙ってるッ！！！」,[=JP],"""Тупицы! В‐враг прямо перед вашими глазами! Мебель ведьмы возле вас!!!""","""Idiotas!! O‐O inimigo está bem na frente de vocês! As mobílias da bruxa estão atrás de você!!!""",「笨蛋！！敌、敌人就在你们眼前啊！魔女的家具正盯着你们啊！！！」,「笨蛋！！敵、敵人就在你們眼前啊！魔女的家具正盯著你們啊！！！」,"""Deficienti! I-Il nemico è davanti ai vostri occhi! È il mobilio della strega che vi sta cacciando!!!""","""¡¡Idiotas!! ¡E-El enemigo está justo en frente de ustedes! ¡¡¡Los muebles de la bruja van tras ustedes!!!"""," ﺃﻳُّﻬﺎ ﺍﻟﺤﻤﻘﻰ!! ﺍﻟـ-ﺍﻟﻌﺪﻭ ﻣﺎﺛﻞٌ ﺃﻣﺎﻣﻜﻢ! ﺃﺛﺎﺙ ﺍﻟﺴَّﺎﺣﺮﺓ ﻳﻬﺎﺟﻤﻜﻢ!!!"""
,"But they could not {y:1:‘see’}{n:1:see}...!!{n}Because they couldn't believe in magic, they could not {y:1:‘see’}{n:1:see}...!!","But they couldn't ""see""...!! Because they didn't believe in magic, they could not ""see""...!! ","But they could not see...!!Because they didn't believe in magic, they could not see...!!",しかし視えない…！！魔法を信じられないから、視えない…！！,しかし視えない…！！{n}魔法を信じられないから、視えない…！！,"Но им было не дано {y:1:‘увидеть’}{n:1:увидеть}!{n}Из‐за того, что они не верили в магию, они не могли {y:1:‘увидеть’}{n:1:увидеть} их!","Mas eles não podiam {y:1:‘ver’}{n:1:ver}...!!{n}Porque eles não acreditavam na magia, por isso eles não podiam {y:1:‘ver’}{n:1:ver}...!!",可是，看不到…！！{n}因为没法相信魔法，所以看不到…！！,可是，看不到…！！{n}因為沒法相信魔法，所以看不到…！！,"Ma non potevano vedere...!! Poiché non credevano nella magia, non potevano vedere...!!","¡¡Pero no podían ver!!...{n}¡¡Debido a que ellos no creían en la magia, ellos no podían ‘ver’!!...", ...ﻭﻟﻜﻨَّﻬﻢ ﻟﻢ ﻳﻜﻮﻧﻮﺍ ﻗﺎﺩﺭﻳﻦ ﻋﻠﻰ ﺍﻟﺮﺅﻳﺔ!!{n}...ﻷﻧَّﻬﻢ ﻟﻢ ﻳﺴﺘﻄﻴﻌﻮﺍ ﺍﻹﻳﻤﺎﻥ ﺑﺎﻟﺴﺤﺮ، ﻓﻠﻢ ﻳﺘﻤﻜﻨﻮﺍ ﻣﻦ ﺍﻟﺮﺅﻳﺔ!!
,"Just as the black witch said, Satan was standing boldly right in front of the black‐suit.","Just as the black witch said, Satan was standing boldly right in front of a black-suit. ","Just as the black witch said, Satan was standing boldly right in front of the black-suit.",黒き魔女が言うとおり、サタンは黒服の真正面に、不敵にも立ちはだかっている。,[=JP],"Как чёрная ведьма и сказала, Сатана смело стояла прямо перед одним из шестёрок.","Assim como a bruxa da escuridão disse, Satan estava diante do homem de preto.",就如黑魔女所说，撒旦傲气十足地站在黑衣人的面前。,就如黑魔女所說，撒旦傲氣十足地站在黑衣人的面前。,"Proprio come aveva detto la strega nera, Satan si trovava audacemente proprio davanti alla guardia.","Tal y como había dicho la bruja negra, Satán estaba parada justamente delante de uno de los hombres trajeados.", ﻣﺜﻠﻤﺎ ﻗﺎﻟﺖ ﺍﻟﺴَّﺎﺣﺮﺓ ﺍﻟﺴﻮﺩﺍﺀ، ﻛﺎﻧﺖ ﺳﺎﺗﺎﻥ ﻭﺍﻗﻔﺔً ﺑﺠﺴﺎﺭﺓٍ ﻣﺒﺎﺷﺮﺓً ﺃﻣﺎﻡ ﺫﻱ ﺍﻟﺒﺬﻟﺔ ﺍﻟﺴﻮﺩﺍﺀ.
,"However, the black‐suit couldn't {y:1:‘see’}{n:1:see} that at all...!","However, the black-suit couldn't ""see"" her at all...! ","However, the black-suit couldn't see that at all...!",しかし黒服にはそれがまったく視えない…！,[=JP],Но тот никак не мог её {y:1:‘видеть’}{n:1:видеть}!,"Porém, ele não podia {y:1:‘ver’}{n:1:ver} absolutamente nada...!",可是，黑衣人却根本看不到她…！,可是，黑衣人卻根本看不到她…！,"Però, quella non riusciva a vederla affatto...!","¡Sin embargo, el hombre de traje negro no podía ver eso para nada!...", ...ﻭﻣﻊ ﺫﻟﻚ، ﻟﻢ ﻳﺴﺘﻄﻊ ﺫﻭ ﺍﻟﺒﺬﻟﺔ ﺍﻟﺴﻮﺩﺍﺀ ﺭﺅﻳﺔ ﺫﻟﻚ ﻣﻄﻠﻘًﺎ!
Satan,"""*giggle*...! You think {y:0:Human}{n:0:human}s could see our forms? Perceive us? Ahhahahahahahaha, you stupid {y:0:Human}{n:0:human}s!! Time to pay your foolish compensation for forgetting your awe of magic!!""","""*giggle*...! Did you think Humans could see our forms? That they could follow us? Ahhahahahahahaha, stupid Humans!! Time to pay a fool's price for forgetting your awe of magic!!"" ","""*giggle*...!  You think humans could see our forms?  Perceive us?  Ahhahahahahahaha, you stupid humans!!  Time to pay your foolish compensation for forgetting your awe of magic!!""",「くすくす…！　ニンゲンに私たちの姿が見えるとでも？　捉えられるとでも？あっはははははは、間抜けなニンゲンが！！　魔法に対する畏怖を忘れたる愚かの代償を払うがいいッ！！」,「くすくす…！　ニンゲンに私たちの姿が見えるとでも？　捉えられるとでも？　あっはははははは、間抜けなニンゲンが！！　魔法に対する畏怖を忘れたる愚かの代償を払うがいいッ！！」,"""*хи‐хи*! Думаешь, {y:0:Люд}{n:0:люд}и могут увидеть нас? Ощутить нас? Аха‐ха‐ха‐ха‐ха‐ха, тупые {y:0:Люд}{n:0:люд}ишки! Время платить по вашим идиотским счетам за то, что забыли свой страх перед магией!""","""*risos*...! Você acha mesmo que {y:0:Humanos}{n:0:humanos} podem ver nossas formas? Perceber a gente? Ahhahahahahahaha, seus {y:0:Humanos}{n:0:humanos} imbecis!! Hora de pagarem a compensação por suas tolices em terem esquecido da magia!!""",「呵呵…！还以为人类能看到我们？能捕捉到我们的位置？啊、哈哈哈哈哈哈，愚笨的人类！！去为忘记对魔法的畏惧，而付出愚蠢的代价吧！！」,「呵呵…！還以為人類能看到我們？能捕捉到我們的位置？啊、哈哈哈哈哈哈，愚笨的人類！！去為忘記對魔法的畏懼，而付出愚蠢的代價吧！！」,"""*giggle*...! Pensi che gli umani possano vedere le nostre forme? Percepirci? Ahhahahahahahaha, stupidi umani!! È ora di pagare il risarcimento per esservi dimenticati il timore per la magia!!""","""¡*risita*!... ¿Piensas que los humanos podrían ver nuestras formas? ¿Percibirnos? ¡¡Ajajajajajajaja, humanos estúpidos!! ¡¡Hora de pagar su compensación por olvidarse tontamente de su conciencia de la magia!!""","""...*ﺿﺤﻚ*! ﺃﺗﻈﻨﻮﻥ ﺃﻥ ﺍﻟﺒﺸﺮ ﻳﺴﺘﻄﻴﻌﻮﻥ ﺭﺅﻳﺘﻨﺎ؟ ﺃﺗﻈﻨﻮﻥ ﺃﻧﻜﻢ ﺗﺴﺘﻄﻴﻌﻮﻥ ﺍﻹﻣﺴﺎﻙ ﺑﻨﺎ؟ ﻫﻴﻬﻴﻬﻴﻬﻴﻬﻴﻬﻴﻬﻲ، ﺃﻳُّﻬﺎ ﺍﻟﺒﺸﺮ ﺍﻷﻏﺒﻴﺎﺀ!! ﻟﺘﺪﻓﻌﻮﺍ ﺛﻤﻦ ﻏﺒﺎﺋﻜﻢ ﻭﻧﺴﻴﺎﻧﻜﻢ ﻟﺮﻫﺒﺔ ﺍﻟﺴﺤﺮ!!"""
Sumadera Kasumi,"""H‐hieeiiiiiie!!! What is this?! What's going on?!""","""Eee, eeeeeeeeeeeekk!!! What is this?! What's going on?!"" ","""Eee, eeeeeeeeeeeekk!!!  What's this?!  What's going on?!""",「ひ、ひいいいぃッ！！！何よこれ？！　何が起こってるの？！」,「ひ、ひいいいぃッ！！！　何よこれ？！　何が起こってるの？！」,"""А‐а, и‐и‐и‐и‐и‐и‐и! Что это?! Что происходит?!""","""H‐Hieeiiiiiie!!! O que é isso?! O que está acontecendo?!""",「嗨、嗨咿咿咿咿！！！这是怎么回事？！发生了什么啊？！」,「嗨、嗨咿咿咿咿！！！這是怎麼回事？！發生了什麼啊？！」,"""Eeeeeeeeeeekk!!! Ma che cosa?! Che sta succedendo?!""","""¡¡¡E-Eeeeeeeeeeeeekk!!! ¡¿Qué es esto?! ¡¿Qué está pasando?!""","""!ﻫـ-ﻫﻴﻴﻴﻴﻴﻴﻴﻲ!! ﻣﺎ ﻫﺬﺍ؟! ﻣﺎﺫﺍ ﻳﺠﺮﻱ؟!"""
Ushiromiya Ange,""".........You cannot {y:1:‘see’}{n:1:see}. Because you have no love.""","""......You can't ""see"" it. Because you have no love."" ","""............You cannot see.  Because you have no love.""",「………あなたには視えない。愛がないから。」,「………あなたには視えない。愛がないから」,"""............Тебе не дано {y:1:‘увидеть’}{n:1:увидеть}. Потому что в тебе нет любви.""",""".........Você não pode {y:1:‘ver’}{n:1:ver}. Porque não possui amor.""",「………你是看不到的。因为，没有爱。」,「………你是看不到的。因為，沒有愛。」,"""... Non lo puoi vedere. Perché non hai amore.""","""... No lo puedes ver. Porque no tienes amor.""","""...ﻻ ﻳﻤﻜﻨﻜﻢ ﺃﻥ ﺗﺮﻭﺍ. ﻷﻥَّ ﻻ ﺣﺐَّ ﻟﺪﻳﻜﻢ."""
{f:5:Eva Beatrice},"""......Impossible!! There are so many {y:0:Human}{n:0:human}s here, the anti‐magic toxin is everywhere...... How can you manifest your magic?! What...are you?!?!""","""...Impossible!! Even though there are so many Humans here, even though the magic-resisting toxin is everywhere, ...why can you manifest your magic?! Who...are you?!?!"" ","""......Impossible!!  Even though there are so many humans here, even though the magic-resisting toxin is everywhere, ......why can you manifest your magic?!  Who, ...are you?!?!""",「……ありえないッ！！　これだけのニンゲンがいて、反魔法の毒素をばらまいてるってのに、……どうして魔法が顕現できるの？！　あんた、…何者なのッ？！？！」,[=JP],"""......Невозможно! Несмотря на то, что здесь так много {y:0:Люд}{n:0:люд}ей и антимагический токсин повсюду... Почему ты способна воплощать свою магию?! Кто... кто ты такая?!""","""......Impossível!! Há tantos {y:0:Humanos}{n:0:humanos} aqui, a toxina antimagia está por todo lado...... Como consegue manifestar sua magia?! O que...é você?!?!""",「……不可能！！明明有这么多的人类在场，散发着反魔法毒素，……为什么魔法能得以显现？！你、…到底是什么人？！？！」,「……不可能！！明明有這麼多的人類在場，散發著反魔法毒素，……為什麼魔法能得以顯現？！你、…到底是什麼人？！？！」,"""... Impossibile!! Anche se ci sono così tanti umani, anche se la tossina resistente alla magia è ovunque... perché puoi manifestare la tua magia?! Chi... sei tu?!?!""","""... ¡¡Imposible!! A pesar de que hay tantos humanos aquí, a pesar de que la toxina anti-magia está en todos lados... ¡¿Cómo puedes manifestar tu magia?! ¡¿¡¿Qué... eres?!?!""","""...ﻣﺴﺘﺤﻴﻞ!! ﺛﻤﺔ ﺍﻟﻜﺜﻴﺮ ﻣﻦ ﺍﻟﺒﺸﺮ ﻫﻨﺎ، ﻭﺍﻟﺴﻢُّ ﺍﻟﻤﻀﺎﺩ ﻟﻠﺴﺤﺮ ﻳﻌﻢُّ ﺍﻟﻤﻜﺎﻥ...... ﻛﻴﻒ ﻳﻤﻜﻨﻜﻦَّ ﺇﻇﻬﺎﺭ ﺳﺤﺮﻛﻦ؟! ﻣﻦ...ﺗﻜﻮﻧﻴﻦ؟!؟!"""
Ushiromiya Ange,"""............A witch. And unlike you, a real one.""","""......A witch. And unlike you, a real one."" ","""............A witch.  And unlike you, a real one.""",「…………魔女よ。あんたと違って本物の。」,「…………魔女よ。あんたと違って本物の」,"""............Ведьма. И в отличие от тебя — настоящая.""","""............Uma bruxa. E, diferente de você, sou uma bruxa de verdade.""",「…………是魔女。是与你不同的，真正的魔女。」,「…………是魔女。是與你不同的，真正的魔女。」,"""... Una strega. E a differenza di te, una vera.""","""... Una bruja. Y a diferencia de ti, soy una de verdad.""","""ﺳﺎﺣﺮﺓ............ ﻭﻋﻠﻰ ﻋﻜﺴﻚ، ﺳﺎﺣﺮﺓٌ ﺣﻘﻴﻘﻴﺔ."""
{f:5:Eva Beatrice},"""Khhh... Wrraa{0}a{0}a{0}a{0}a{0}a{0}a{0}a{0}a{0}a{0}a{0}aagghhh, damn youu{-}u{-}u{-}uuu, you biii{-}i{-}i{-}i{-}iitch!!""","""Wh-Whaaaaaaaaaaat, damn iiiiiiit, you biiiiiiiitch!!"" ","""W, whaaaaaaaaaaahhhhh, damn iiiiiiit, you biiiiiiiitch!!""",「う、うおおぉおおおおお、畜生ぉおおお、このアマぁあああぁああ！！」,[=JP],"""А, оа‐а‐а‐а‐а, бли‐и‐ин су‐ука‐а‐а!""","""Khhh... Wrraaaaaaaaaaaaaagghhhhh, merdaaaaaaa, sua puuuutaaaaaa!!""",「呜、呜哦哦哦哦哦哦哦哦，畜生————，你个臭娘们———————！！」,「嗚、嗚哦哦哦哦哦哦哦哦，畜生————，你個臭娘們———————！！」,"""W-Whaaaaaaaaaaahhhhh, merdaaaaaa, puttanaaaaaaaaaaaa!!""","""Khhh... ¡¡Wrraaaaaaaaaaaaaagghhhhh, maldita perra!!"""," ﺧﺨﺦ...ﻭﺭﺭﺍﺍﺍﺍﺍﺍﺍﺍﺍﻏﻪ، ﺗﺒًﺎ ﻟﻚِ ﺃﻳُّﺘﻬﺎ ﺍﻟﻌﺎﻫﺮﺓ!!"""
,"As though announcing his candidacy for the fourth victim, one of the black‐suits pointed his gun at Ange.","As though announcing his candidacy for becoming the fourth victim, one of the black-suits pointed his gun at Ange. ","As though announcing his candidacy for being the fourth victim, one of the black-suits pointed his gun at Ange.",四人目の犠牲者を立候補するかのように、黒服の一人が縁寿に銃を向ける。,[=JP],"Словно изъявляя своё желание стать четвёртой жертвой, один из шестёрок нацелил свой пистолет на Энджи.","Como se anunciasse sua candidatura para ser a quarta vítima, um dos homens de preto apontou sua arma contra Ange.",就像是在申请当第四名牺牲者似的，一名黑衣人将枪口对准了缘寿。,就像是在申請當第四名犧牲者似的，一名黑衣人將槍口對準了緣壽。,"Come se avesse voluto annunciare la sua candidatura come quarta vittima, una delle guardie in nero puntò la sua pistola ad Ange.","Como si estuviera anunciando su candidatura para ser la cuarta víctima, uno de los de traje negro apuntó su arma a Ange.", ﻭﻛﺄﻧَّﻪ ﻳﻌﻠﻦ ﺗﺮﺷُّﺤﻪ ﻟﻴﻜﻮﻥ ﺍﻟﻀﺤﻴﺔ ﺍﻟﺮﺍﺑﻌﺔ، ﺻﻮَّﺏ ﺃﺣﺪ ﺫﻭﻱ ﺍﻟﺒﺬﻝ ﺍﻟﺴﻮﺩﺍﺀ ﻣﺴﺪَّﺳﻪ ﻧﺤﻮ ﺇﻧﺠﻲ.
,......And pulled the......,...And the trigger was... ,......And the trigger was......,……そして引き金を……。,[=JP],И положил палец на курок.,......E puxou o gatilho......,……然后将扳机……。,……然後將扳機……。,... E il grilletto...,... Y jaló el..., ......ﻭﺿﻐﻂ......
,"Ange glared at him coldly, and simply ordered.",Ange glared at him coldly...and simply ordered. ,[=UP],縁寿は冷酷に睨み、ただ、命じる。,[=JP],Энджи холодно посмотрела на него и просто приказала.,"Ange o encarou friamente, e deu a ordem.",缘寿冷酷地瞪着他，下达了命令。,緣壽冷酷地瞪著他，下達了命令。,"Ange lo fissò freddamente, e, semplicemente, ordinò.","Ange lo miró fríamente, y simplemente dio la orden.", ﺣﺪَّﻗﺖ ﺇﻧﺠﻲ ﻓﻴﻪ ﺑﺒﺮﻭﺩ، ﻭﺃﻣﺮﺕ.
,"""F‐fucking diiiiiiiiiiiiiiieeeeeeeee!!""","""D-Diiiiiiiiiiiiiiieeeeeeeee!!"" ","""D, diiiiiiiiiiiiiiieeeeeeeee!!""",「しッ、死に晒せぇえええええええぇッ！！」,[=JP],"""Сдохни‐и!""","""Morraaaaaaaaaaaaaaaaa!!""",「去、去死吧—————————！！」,[=CN],"""M-Muooooriiiiiiiiiiiiiii!!""","""¡¡Mu-Muereeeeeeeeeeeeeeeeeeeeeeee!!""","""ﺳﺤﻘًﺎ ﻟـــــــــﻚِ"""
Ushiromiya Ange,"""Next. Satan.""","""Next one. Satan."" ","""Next.  Satan.""",「次。サタン。」,「次。サタン」,"""Следующий. Сатана.""","""Próxima. Satan.""",「下一个。撒旦。」,「下一個。撒旦。」,"""La prossima. Satan.""","""Siguiente. Satán.""","""ﺍﻟﺘﺎﻟﻴﺔ. ﺳﺎﺗﺎﻥ."""
Satan,"""Satan the Wrathful, already right here!!""","""Satan of Wrath, already right here!! ","""Satan of Wrath, already right here!!  ",「憤怒のサタン、すでにここにッ！！,「憤怒のサタン、すでにここにッ！！」,"""Сатана, она же гнев, на месте!""","""Satan, da Ira, já estou aqui!!""",「愤怒的撒旦，已然在此！！」,「憤怒的撒旦，已然在此！！」,"""Satan dell'Ira, già presente!!","""¡¡Satán de la Ira, ya esta aquí!!""","""ﺳﺎﺗﺎﻥ، ﺣﺎﺿﺮﺓ."""
Satan,"""Slowpoke!! You think a simple bullet could hit Ange‐sama or any of us now?!!!""","Blockhead!! You think a simple bullet could hit Ange-sama or us now?!!!"" ","Blockhead!!  You think a simple bullet could hit Ange-sama or us now?!!!""",のろまがッ！！　今の縁寿さまと私たちに、銃弾如きが当たると思うかッ！！！」,「のろまがッ！！　今の縁寿さまと私たちに、銃弾如きが当たると思うかッ！！！」,"""Болван! Ты думаешь, что обычная пуля может попасть в Энджи‐сама или нас?!!""","""Lerdo!! Acha mesmo que uma simples bala é capaz de atingir a Ange‐sama ou qualquer uma de nós?!!!""",「慢乌龟！！还以为，此刻的缘寿小姐与我们，会被区区枪弹射中？！！」,「慢烏龜！！還以為，此刻的緣壽小姐與我們，會被區區槍彈射中？！！」,"Citrullo!! Pensi che un semplice proiettile possa colpire Ange-sama o noi, ora?!!!""","""¡¡Imbécil!! ¡¡¡¿Crees que ahora una simple bala puede alcanzar a Ange-sama o a nosotras?!!!""","""ﻳﺎ ﻟﻚ ﻣﻦ ﺑﻄﻲﺀ!! ﺃﺗﻈﻦ ﺃﻥ ﺭﺻﺎﺻﺔ ﺗﺎﻓﻬﺔ ﻳﻤﻜﻦ ﺃﻥ ﺗﺼﻴﺐ ﺇﻧﺠﻲ-ﺳﺎﻣﺎ ﻭﻧﺤﻦ ﻣﻌﻬﺎ ﺍﻵﻥ؟!!"""
,"The Stake of Wrath......pierced and smashed the bullet fired by the black‐suit, and continued straight on, towards the man's face—","The Stake of Anger...pierced and smashed the bullet fired by the black-suit... and continued straight on, towards the man's face- ","The Stake of Anger, ......pierced and smashed the bullet fired by the black-suit, and continued straight on, towards the man's face-",憤怒の杭が、……黒服の放った銃弾を貫いて砕き、そのまま真っ直ぐ、男の顔面を、,[=JP],"Кинжал гнева пронзил и разбил пулю, пущенную шестёркой, и продолжил полёт прямо в его лицо.","A Estaca da Ira......perfurou e esmagou, partiu a bala que havia sido disparada, e seguiu em linha reta, na direção do rosto do homem—",愤怒之桩，……撞碎了黑衣人射出的枪弹，然后就这么笔直地，射向了他的脸，,憤怒之樁，……撞碎了黑衣人射出的槍彈，然後就這麼筆直地，射向了他的臉，,"Il Pugnale dell'Ira... perforò e ruppe il proiettile sparato dalla guardia, e continuò dritto, verso la faccia dell'uomo.","La Estaca de la Ira... golpeó y atravesó la bala disparada por el hombre de traje negro, y continuó, directamente hasta su cara.",ﻭﺗﺪ ﺍﻟﻐﻀﺐ......ﺍﺧﺘﺮﻗﺖ ﻭﺣﻄَّﻤﺖ ﺍﻟﺮﺻﺎﺻﺔ ﺍﻟﺘﻲ ﺃﻃﻠﻘﻬﺎ ﺫﻭ ﺍﻟﺒﺬﻟﺔ ﺍﻟﺴﻮﺩﺍﺀ، -ﻭﺍﺳﺘﻤﺮَّﺕ ﻣﺒﺎﺷﺮﺓً ﻧﺤﻮ ﻭﺟﻪ ﺍﻟﺮﺟﻞ.
Satan,""".........Know your foolishness, and regret it in hell!! Die!!""","""......Know your foolishness...and regret in hell!! Die!!"" ",""".........Know your foolishness, and regret it in hell!!  Die!!""",「………己が愚かさを知り、地獄で後悔せよッ！！死ねっ！！」,「………己が愚かさを知り、地獄で後悔せよッ！！　死ねっ！！」,""".........Познай свою глупость и сожалей о ней в аду! Умри!""",""".........Conheça sua tolice, arrependa‐se no inferno!! Morra!!""",「………认清自身之愚蠢，去地狱后悔吧！！死吧！！」,「………認清自身之愚蠢，去地獄後悔吧！！死吧！！」,"""... Conosci la tua stoltezza, e vergognatene nell'inferno!! Muori!!""","""... ¡¡Reconoce tu estupidez, y arrepiéntete en el infierno!! ¡¡Muere!!""","""...ﺍﺩﻓﻊ ﺛﻤﻦ ﺣﻤﺎﻗﺘﻚ، ﻭﺍﻧﺪﻡ ﻋﻠﻰ ﺃﻓﻌﺎﻟﻚ ﻓﻲ ﺍﻟﺠﺤﻴﻢ!! ﻣُﺖ!!"""
,"With a terrible explosive sound, the upper half of the man's head was smashed.","With a terrible explosive sound, the upper half of the man's head was smashed. ",[=UP],凄まじい破裂音と共に、男の頭部の上半分が砕け散る。,[=JP],С ужасным разрывающимся звуком верхняя часть его головы была размозжена.,"Junto ao som de uma estrondosa explosão, a metade superior da cabeça do homem foi esmagada.",随着骇人的破裂之音，他的上半个头爆碎四散。,隨著駭人的破裂之音，他的上半個頭爆碎四散。,"Con il terribile rumore di un'esplosione, la parte superiore della testa dell'uomo fu distrutta.","Con un terrible sonido explosivo, la parte superior de la cabeza del hombre fue destruida.", ﻣﻊ ﺻﻮﺕ ﺍﻧﻔﺠﺎﺭٍ ﻣﺮﻳﻊ، ﺗﻬﺸَّﻢ ﺍﻟﻨﺼﻒ ﺍﻟﻌﻠﻮﻱ ﻣﻦ ﺭﺃﺱ ﺍﻟﺮﺟﻞ.
,"Bathed in scattered flesh and blood, Ange quietly asked one more time.","Bathed in scattered flesh and blood, Ange quietly asked one more question. ","Bathed in scattered flesh and blood, Ange quietly asked one more question.",ばらばらと飛び散る肉片と血を浴びながら、縁寿は静かに、もう一度問う。,[=JP],"Купаясь в разлетающейся по всюду плоти и крови, Энджи тихо задала ещё один вопрос.","Banhada pelo sangue e a carne que se espalhavam ao seu entorno, Ange silenciosamente pediu por mais um.",沐浴在飞溅开来的碎肉与血沫之中，缘寿又静静地问了一遍。,沐浴在飛濺開來的碎肉與血沫之中，緣壽又靜靜地問了一遍。,"Bagnata dalla carne sparsa e dal sangue, Ange chiese, calma, un'altra domanda.","Bañada en pedazos de carne y sangre, Ange tranquilamente hizo otra pregunta.", ﻭﻫﻲ ﻣﻐﻄَّﺎﺓٌ ﺑﺸﺘﺎﺕ ﺍﻟﻠﺤﻢ ﻭﺍﻟﺪﻣﺎﺀ، ﺳﺄﻟﺖ ﺇﻧﺠﻲ ﺑﻬﺪﻭﺀٍ ﻣُﺠﺪﺩًﺍ.
Ushiromiya Ange,"""...So, Aunt Kasumi. .........Do you still...not feel like believing in magic?""","""...Hey, Aunt Kasumi. ......Do you still... not feel like believing in magic?"" ","""...Hey, Kasumi oba-san.  .........Do you still...not feel like believing in magic?""",「…ねぇ、霞叔母さん。………まだ、魔法。信じる気にならないの？」,[=JP],"""...Эй, тётя Касуми. .........Ты всё ещё... не хочешь поверить в магию?""","""...Então, tia Kasumi. .........Você ainda pretende...continuar não acreditando na magia?""",「…喂，霞姨母。………还，不愿，相信魔法吗？」,「…喂，霞姨母。………還，不願，相信魔法嗎？」,"""... Ehi, Kasumi oba-san. ... Non vuoi ancora... credere nella magia?""","""... Entonces, tía Kasumi... ¿Aún... no crees en la magia?""","""ﺃﺟﻴﺒﻴﻨﻲ ﻳﺎ ﺧﺎﻟﺘﻲ ﻛﺎﺳﻮﻣﻲ... ...ﺃﻣﺎ ﺯﻟﺖِ......... ﺗﺮﻓﻀﻴﻦ ﺍﻹﻳﻤﺎﻥ ﺑﺎﻟﺴﺤﺮ؟"
Sumadera Kasumi,"""Th‐this is crazy... ......This can't be real...!! I, I won't accept it...!! There's no way magic is real......!!!""","""Th‐ There's no way...something so ridiculous... could exist...!! I-I won't accept it...!! There's no way magic exists...!!!"" ","""Th, there's no way...something so ridiculous, ......exists...!!  I, I won't acknowledge it...!!  There's no way magic exists......!!!""",「こっ、こんな、馬鹿なこと、……あるわけないでしょ…！！み、認めないわ…！！　魔法なんて、あるわけがない……！！！」,「こっ、こんな、馬鹿なこと、……あるわけないでしょ…！！　み、認めないわ…！！　魔法なんて、あるわけがない……！！！」,"""Не... не может быть... чтобы что‐то настолько нелепое существовало! Я... не признаю этого! Магии не существует!!!""","""Is‐Isso é loucura... ......Não pode ser real...!! E‐Eu não vou aceitar isso...!! Não tem como a magia ser real......!!!""",「这、这种，蠢事，……是不可能存在的吧…！！不、不承认…！！不可能，会有魔法……！！！」,「這、這種，蠢事，……是不可能存在的吧…！！不、不承認…！！不可能，會有魔法……！！！」,"""N- Non c'è modo... che qualcosa di così ridicolo... esista...!! {n}N-Non lo riconoscerò...!! È impossibile che la magia esista...!!!""","""¡¡De‐De ninguna manera!!... ¡¡Esto no puede ser real!!... ¡¡¡No lo aceptaré!!... ¡¡¡No hay forma de que la magia exista!!!...""","""-ﻫـ  ...ﻫﺬﺍ ﺟﻨﻮﻥ. ...ﻣﺤﺎﻝٌ ﺃﻥ ﻳﻜﻮﻥ ﻫﺬﺍ ﺣﻘﻴﻘﻴًﺎ......!! ...ﻟـ-ﻟﻦ ﺃﻋﺘﺮﻑ!! ......ﻳﺴﺘﺤﻴﻞ ﺃﻥ ﻳﻜﻮﻥ ﻟﻠﺴﺤﺮ ﻭﺟﻮﺩ!!!"""
{f:5:Eva Beatrice},"""Yes, that's right... There's no way magic exists...!! There's no way witches exist!!""","""Yes, that's right... There's no way magic exists...!! There's no way witches exist!!"" ","""Yes, that's right...  There's no way magic exists...!!  There's no way witches exist!!""",「えぇ、そうよ…。魔法なんてあるわけがない…！！　魔女なんているわけがない！！」,[=JP],"""Да, правильно... Магия не существует! Ведьм не существует!""","""Sim, isso mesmo... Magia não pode existir...!! Não tem como bruxas existirem!!""",「是啊，沒错…。才不可能会有魔法…！！才不可能会有魔女！！」,「是啊，沒錯…。才不可能會有魔法…！！才不可能會有魔女！！」,"""Già, è così... la magia non può esistere...!! Le streghe non possono esistere!!""","""Sí, así es... ¡¡No hay manera de que exista la magia!!... ¡¡No hay manera de que existan las brujas!!""","""...ﻧﻌﻢ، ﺻﺤﻴﺢ. ...ﻻ ﻳﻤﻜﻦ ﻟﻠﺴﺤﺮ ﺃﻥ ﻳﻮﺟَﺪ!! ﻭﻻ ﻭﺟﻮﺩ ﻟﻠﺴﺎﺣﺮﺍﺕ ﺃﻳﻀًﺎ!!"""
Sakutarou,‘Ma‐......magic exists!! Witches exist......!! Uryuu!!’,‘...M-Magic exists!! Witches exist...!! Uryu-!!’ ,"『M, ......magic exists!!  Witches exist......!!  Uryu-!!』",『ま、……魔法はあるよ！！　魔女はいるよ……！！　うりゅー！！』,[=JP],{p:0:『}М‐магия существует! Ведьмы существуют! Урю!{p:0:』},‘Ma‐......Magia existe!! Bruxas existem......!! Uryuu!!’,『魔、……魔法是有的！！魔女是有的……！！呜溜——！！』,『魔、……魔法是有的！！魔女是有的……！！嗚溜——！！』,{p:0:『}L... La magia esiste!! Le streghe esistono...!! Uryu-!!{p:0:』},‘¡¡L-La magia existe!! ¡¡Las brujas existen!!... ¡¡Uryuu!!’, ﺍﻟـ-......ﺍﻟﺴﺤﺮ ﻣﻮﺟﻮﺩ!! ﺍﻟﺴَّﺎﺣﺮﺍﺕ ﻣﻮﺟﻮﺩﺍﺕ......!! ﺃﻭﺭﻳﻮﻭ!!
Mammon,""".........Yes. Magic exists. Witches exist. ......And in this world filled with anger and sadness, you can make them into the key that opens the door to a world of happiness...!! I won't let someone like you......deny that!!""","""......That's right. Magic exists. Witches exist. ...And, in this world filled with anger and sadness, it can become the key that opens the door to the world of happiness...!! I won't let...someone like you deny that!!"" ",""".........That's right.  Magic exists.  Witches exist.  ......And, in this world filled with anger and sadness, it can become the key that opens the door to the world of happiness...!!  I won't let, ......someone like you deny that!!""",「………そうよ。魔法はあるのよ。魔女はいるのよ。……そして、この怒りと悲しみで満ちた世界に、幸せの世界への扉を開く鍵に出来るの…！！　あんたなんかに、……それを否定させないッ！！」,[=JP],""".........Верно. Магия существует. Ведьмы существуют. ......И в этом мире, наполненном гневом и печалью, она может стать ключом, который откроет дверь в мир счастья! Я не позволю кому‐то вроде тебя отрицать это!""",""".........Sim. Magia existe. Bruxas existem. ......E neste mundo repleto de raiva e tristeza, você pode transformá‐la na chave que abre a porta para o mundo da felicidade...!! Não permitirei que alguém como você......negue ela!!""",「………是的。魔法是有的。魔女是有的。……并且，它能化为，打开在这充满愤怒与悲伤的世界中的，通往幸福世界的门扉的钥匙…！！才不容你，……将此否定！！」,「………是的。魔法是有的。魔女是有的。……並且，它能化為，打開在這充滿憤怒與悲傷的世界中的，通往幸福世界的門扉的鑰匙…！！才不容你，……將此否定！！」,"""... Già. La magia esiste. Le streghe esistono. ... E, in questo mondo pieno di rabbia e tristezza, può diventare la chiave che apre la porta al mondo della felicità...!! Non lascerò... che qualcuno come te lo neghi!!""","""... Sí. La magia existe. Las brujas existen... ¡¡Y, en este mundo lleno de odio y tristeza, puede volverse la llave que abra la puerta al mundo de felicidad!!... ¡¡No dejaré... que alguien como tú niegue eso!!""","""ﺻﺤﻴﺢ......... ﺍﻟﺴﺤﺮ ﻣﻮﺟﻮﺩ. ﺍﻟﺴَّﺎﺣﺮﺍﺕ ﻣﻮﺟﻮﺩﺍﺕ. ...ﻭﻳﻤﻜﻨﻬﻦَّ ﺗﺤﻮﻳﻞ ﻋﺎﻟﻢٍ ﻳﻤﻸﻩ ﺍﻟﺤﺰﻥ ﻭﺍﻟﻌﻀﺐ ﺇﻟﻰ ﻋﺎﻟﻢٍ ﺳﻌﻴﺪ......!! ﻟﻦ ﺃﺳﻤﺢ ﻷﺣﺪٍ ﻣﺜﻠﻚِ ﺃﻥ......ﻳﻨﻜﺮ ﺫﻟﻚ!!"""
Sakutarou,‘Everyone holds the key to a world of happiness in the palm of their hand...! And no one......has any right to steal that away......!!’,‘The key to a world of happiness lies in every person's hands...! No one...has any right to steal that away...!!’ ,"『The key to a world of happiness is held in everyone's hand...!  And, ......no one has any right to steal that away......!!』",『幸せな世界への鍵は、みんなの手に握られてるんだ…！　それを、……奪う資格は誰にもないんだ……ッ！！』,[=JP],{p:0:『}Ключ к миру счастья держит у себя в руке каждый! И никто не имеет права красть его!{p:0:』},‘Todos guardam consigo a chave para o mundo da felicidade na palma de suas mãos...! E ninguém......tem o direito de tomá‐la dessa forma......!!’,『通往幸福世界的钥匙，就握在大家的手中…！谁都没资格，……去抢走它……！！』,『通往幸福世界的鑰匙，就握在大家的手中…！誰都沒資格，……去搶走它……！！』,{p:0:『}La chiave per un mondo di felicità e presente nelle mani di tutti...! E... nessuno ha il diritto di rubarla...!!{p:0:』},‘¡La llave al mundo de la felicidad está en las manos de todos!... ¡¡Y... nadie tiene el derecho de robar eso!!...’, ...ﻣﻔﺘﺎﺡ ﺫﻟﻚ ﺍﻟﻌﺎﻟﻢ ﺍﻟﺴﻌﻴﺪ ﺑﻴﺪ ﺍﻟﺠﻤﻴﻊ! ......ﻭﻻ ﻳﺤﻖُّ ﻷﺣﺪٍ ﺃﻥ ﻳﺴﺮﻗﻪ!!
Ushiromiya Ange,"""You poor {y:0:Human}{n:0:human}, who cannot understand this... .........If there had been magic in your life, it would surely have been very different, and much more peaceful.""","""You pitiful Human who cannot understand this. ......If there had been magic in your life, it would probably have turned out differently, becoming much more peaceful."" ","""You pitiful human who cannot understand this.  .........If there had been magic in your life, it would probably have been very different, and much more calm.",「それを理解できぬ哀れなニンゲンよ。………そなたの人生に魔法の力があったなら、もっと違った、穏やかなものになっていただろうに。,「それを理解できぬ哀れなニンゲンよ。………そなたの人生に魔法の力があったなら、もっと違った、穏やかなものになっていただろうに」,"""Ты жалкий {y:0:Челове}{n:0:челове}к, не способный понять этого. .........Если бы в твоей жизни нашлось место для магии, ты, скорее всего, была бы совершенно другой и гораздо спокойней.""","""Isto é algo que {y:0:Humanos}{n:0:humanos} lamentáveis não conseguem compreender...{n}.........Se houvesse magia em sua vida, ela certamente seria bem diferente, e muito mais pacífica.""",「无法理解此的，可悲的人类哟。………在汝之人生里，要是有这魔法之力的话，那它一定会化为与现在不同的，更加祥和之物吧。」,「無法理解此的，可悲的人類喲。………在汝之人生裡，要是有這魔法之力的話，那它一定會化為與現在不同的，更加祥和之物吧。」,"""Tu, pietoso umano che non può capire ciò. ... Se nella tua vita ci fosse stata la magia, probabilmente sarebbe stata molto diversa, e molto più calma.","""Pobre humana que no puede entenderlo... Si hubiera habido magia en tu vida, probablemente habría sido muy distinta, y mucho más pacífica.""","""...ﺃﻳُّﺘﻬﺎ ﺍﻟﺒﺸﺮﻳﺔ ﺍﻟﻤﺴﻜﻴﻨﺔ ﺍﻟﻌﺎﺟﺰﺓ ﻋﻦ ﻓﻬﻢ ﻫﺬﺍ. ﻟﻮ ﻛﺎﻥ ﻓﻲ ﺣﻴﺎﺗﻚِ ﻗﻮﺓ ﺍﻟﺴﺤﺮ، ﻻﺧﺘﻠﻒ ﺣﺎﻟُﻬَﺎ ﻣﻦ ﺩﻭﻥ ﺷﻚ، ﻭﻟﺼﺎﺭﺕ ﺃﻛﺜﺮ ﻫﻨﺎﺀً........."""
Ushiromiya Ange,"""Not once in your entire life were you ever able to meet with a true witch, and for this, ......I pity you.""","""When I think that in your entire life, you were never able to meet with a true witch, ...I pity you."" ","When I think that in your entire life, you were never able to meet with a true witch, ......I pity you.""",そなたがその生涯において、本当の魔女と出会えなかったことを、……私は哀れむ。」,「そなたがその生涯において、本当の魔女と出会えなかったことを、……私は哀れむ」,"""Когда я думаю, что ты за всю свою жизнь не смогла встретиться с настоящей ведьмой, мне становится тебя жаль.""","""Nem uma vez, em toda sua vida, você foi capaz de se encontrar com uma bruxa de verdade, e por isso, ......eu sinto pena de você.""",「对于汝在这一生中，未能遇到过真正的魔女，……我深感怜悯。」,「對於汝在這一生中，未能遇到過真正的魔女，……我深感憐憫。」,"Quando penso che nella tua intera vita, non sei mai riuscita ad incontrare una vera strega... provo pietà per te.""","""Cuando pienso que durante toda tu vida, no pudiste encontrarte con una verdadera bruja... siento lástima por ti.""","""ﻟﻢ ﺗﺘﻤﻜﻨﻲ ﻭﻻ ﻣﺮﺓً ﻓﻲ ﺣﻴﺎﺗﻚِ ﻛﻠِّﻬﺎ ﻣﻦ ﻟﻘﺎﺀ ﺳﺎﺣﺮﺓٍ ﺣﻘﻴﻘﻴﺔ، ﻭﻟﻬﺬﺍ، ﺃﺷﻔﻖ ﻋﻠﻴﻚِ......"""
Sumadera Kasumi,"""Eee......eeeeeeeeeeeeeeeeeeeeeeeekkk!!!""","""Eee, ...eeeeeeeeeeeeeeeeeeeeeeeekkk!!!"" ","""Eee, ......eeeeeeeeeeeeeeeeeeeeeeeekkk!!!""",「ひぃ、……ひぃいいいいいいいいいいいぃいいいッ！！！」,[=JP],"""А‐а, и‐и‐и‐и‐и‐и‐и‐и‐и‐и‐и‐!!!""",[=UP],「嗨咿，……嗨咿咿咿咿咿咿咿咿咿咿咿咿咿咿咿咿！！！」,[=CN],"""Eee... eeeeeeeeeeeeeeeeeeeeeeeekkk!!!""","""¡¡¡Eee... eeeeeeeeeeeeeeeeeeeeeeeekkk!!!""","""!ﺇﻳﻲ......ﺇﻳﻴﻴﻴﻴﻴﻴﻴﻴﻴﻴﻴﻴﻴﻴﻴﻴﻚ!!"""
,Kasumi let out a piercing scream.,Kasumi let out a piercing scream. ,[=UP],霞が金切り声のような悲鳴を上げる。,[=JP],Касуми пронзительно закричала.,Kasumi gritou um brado agudo.,霞发出了刺耳的尖叫。,霞發出了刺耳的尖叫。,Kasumi lanciò un urlo perforante.,Kasumi soltó un grito penetrante., ﺻﺮﺧﺖ ﻛﺎﺳﻮﻣﻲ ﺑﺤﺪﺓ.
,"At the same time, the two remaining black‐suits came for me at once, and thrusted their guns against my head.","At the same time, two of the black-suits came for me at once, thrusting their guns at my head. ","At the same time, two of the black-suits came for me at once, thrusting their guns at my head.",それと同時に黒服の二人が私に組みかかり、銃を私の頭に突きつけた。,[=JP],В этот момент двое шестёрок подошли ко мне и приставили свои пистолеты к моей голове.,"No mesmo instante, os dois homens que restaram vieram juntos em minha direção, e colocaram suas armas na minha cabeça.",与此同时，两名黑衣人扑了上来，用枪对准了我的头。,與此同時，兩名黑衣人撲了上來，用槍對準了我的頭。,"Allo stesso tempo, due delle guardie mi si avvicinarono, ficcando le loro pistole nella mia testa.","Al mismo tiempo, dos de los de traje negro vinieron a mí al mismo tiempo, apuntándome con sus armas a la cabeza.",ﻭﻓﻲ ﺍﻟﻮﻗﺖ ﻧﻔﺴﻪ، ﺍﻗﺘﺮﺏ ﺫﻭﺍ ﺍﻟﺒﺬﻝ ﺍﻟﺴﻮﺩﺍﺀ ﺍﻟﻤﺘﺒﻘِّﻴﺎﻥ ﻣﻨﺪﻓﻌَﻴﻦ ﻧﺤﻮﻱ ﻣﻌًﺎ، ﻭﻭﺟَّﻪ ﻛﻞٌّ ﻣﻨﻬﻤﺎ ﻣﺴﺪَّﺳﻪ ﻣﻠﺘﺼﻘًﺎ ﺑﺮﺃﺳﻲ.
,......Like they were trying to use me as a hostage against something their eyes couldn't {y:1:‘see’}{n:1:see}.,"...Like they were trying to use me as a hostage against something their eyes couldn't ""see"". ",......Like they were trying to use me as a hostage against something their eyes couldn't see.,……目に視えぬ何者かに対し、人質にでもしているつもりなのだ。,[=JP],"Они пытались использовать меня как заложницу против того, чего не могли {y:1:‘увидеть’}{n:1:увидеть}.",......Como se estivesse tentando me usar como refém contra algo que seus olhos não eram capazes de {y:1:‘ver’}{n:1:ver}.,……他们是想以我为人质，来牵制看不见的某人。,……他們是想以我為人質，來牽制看不見的某人。,... Come se stessero cercando di usarmi come ostaggio contro qualcosa che i loro occhi non potevano vedere.,... Como si estuvieran intentando usarme de rehén ante algo que sus ojos no podían ver., ﻭﻛﺄﻧَّﻬﻤﺎ ﻳﺤﺎﻭﻻﻥ ﺍﺗﺨﺎﺫﻱ ﺭﻫﻴﻨﺔً ﺿﺪ ﺷﻲﺀٍ ﻟﻢ ﺗﺴﺘﻄﻊ ﺃﻋﻴﻨﻬﻤﺎ ﺃﻥ ﺗﺮﺍﻩ......
,".........Against the Seven Sisters of Purgatory, high‐level furniture who had now reached the level of weapons, this was completely and totally pointless.","...Against the Seven Sisters of Purgatory, who had now reached the level of weapons, this was completely pointless. ","......Against the Seven Sisters of Purgatory, who had now reached the level of weapons, this was completely pointless.",………こんなことは、今や武具の域にまで達した上級家具、煉獄の七姉妹に対して、まったく何の意味もない。,[=JP],"Против семи сестёр чистилища, которые сейчас достигли уровня оружия, это было совершенно бесполезно.",".........Contra as Sete Irmãs do Purgatório, mobílias de alto nível que alcançaram a qualificação de armas, isso era algo completo e totalmente, fútil.",………用这种事来对付现已抵达武具领域的上级家具，炼狱七姐妹，根本没有任何的意义。,………用這種事來對付現已抵達武具領域的上級家具，煉獄七姐妹，根本沒有任何的意義。,"... Contro le Sette Sorelle del Purgatorio, che avevano raggiunto il livello di armi, ciò era completamente inutile.","... En contra de las Siete Hermanas del Purgatorio, muebles de alto nivel que ahora habían alcanzado el nivel de las armas, esto era completa y totalmente inútil.", ﻛﺎﻥ ﻫﺬﺍ ﺗﺼﺮُّﻓًﺎ ﻋﺪﻳﻢ ﺍﻟﻔﺎﺋﺪﺓ ﺗﻤﺎﻣًﺎ ﺃﻣﺎﻡ ﺃﺧﻮﺍﺕ ﺍﻟﻤَﻄْﻬَﺮ ﺍﻟﺴَّﺒﻌﺔ، ﻭﻫﻦَّ ﺃﺛﺎﺙٌ ﻋﺎﻟﻲ ﺍﻟﻤﺴﺘﻮﻯ ﻗﺪ ﻭﺻﻠﻦ ﺍﻵﻥ ﺇﻟﻰ ﻣﺴﺘﻮﻯ ﺍﻷﺳﻠﺤﺔ.........
,"""Dammit, where are you?! You don't stop attacking, and this bitch is dead!! Show yourself!!""","""Damn, where are you?! Keep on attacking, and this bitch is dead!! Show yourself!!"" ","""Damn, where are you?!  You don't stop attacking, and this bitch is dead!!  Show yourself!!""",「畜生、どこにいやがるんだ？！　攻撃をやめねえと、このアマの命はねえぞッ！！　姿を現しやがれ！！」,[=JP],"""Чёрт, где же ты?! Не прекратишь атаковать — и эта дрянь мертва! Покажи себя!""","""Merda, onde você está?! Se não parar de atacar, essa puta vai morrer!! Apareça!!""",「畜生，在哪呢？！再不停止攻击，这臭娘们就没命了！！给我出来！！」,「畜生，在哪呢？！再不停止攻擊，這臭娘們就沒命了！！給我出來！！」,"""Merda, dove sei?! Se non smetti di sparare, questa puttana è morta!! Mostrati!!""","""¡Maldición, ¿dónde estás?! ¡¡Si no dejas de atacar, esta perra morirá!! ¡¡Muéstrate!!""","""ﺗﺒًﺎ، ﺃﻳﻦ ﺃﻧﺖ؟! ﺇﺫﺍ ﻟﻢ ﺗﺘﻮﻗﻒ ﻋﻦ ﺍﻟﻬﺠﻮﻡ، ﻓﺴﺘﻔﻘﺪ ﻫﺬﻩ ﺍﻟﺤﻘﻴﺮﺓ ﺣﻴﺎﺗﻬﺎ!! ﺃﻇﻬﺮ ﻧﻔﺴﻚ!!"""
Beelzebub,"""Kyahhahahahahahaha!!! What's this guy on about?! And his guts look so tasty too. .........Ange‐sama, leave the next one to me!""","""Kyahhahahahahahaha!!! What the hell's he sayin'?! And his guts look so tasty too. ......Ange-sama, leave the next one to me!"" ","""Kyahhahahahahahaha!!!  What the hell's he sayin'?!  And his guts look so tasty too.  .........Ange-sama, leave the next one to me!""",「きゃっははははははは！！　何言ってんの、こいつぅ！　おいしそうな腸をしてるくせにィ。………縁寿さま、次は私にお任せをッ！」,[=JP],"""Кьяха‐ха‐ха‐ха‐ха!!! Что, чёрт возьми, он несёт?! И его внутренности тоже выглядят вкусными. .........Энджи‐сама, предоставьте следующего мне!""","""Kyahhahahahahahaha!!! Qual é a desse cara? Suas entranhas parecem deliciosas. .........Ange‐sama, deixe o próximo para mim!""",「呀、哈哈哈哈哈哈哈！！在说啥呢，这家伙！长着挺好吃的肚肠呢。………缘寿小姐，下个就交给我吧！」,「呀、哈哈哈哈哈哈哈！！在說啥呢，這傢伙！長著挺好吃的肚腸呢。………緣壽小姐，下個就交給我吧！」,"""Kyahhahahahahahaha!!! Che diavolo sta dicendo?! Inoltre le sue budella sembrano così gustose. ... Ange-sama, lasci il prossimo a me!""","""¡¡¡Kyajajajajajajajaja!!! ¡¿De qué habla este tipo?! Sus entrañas se ven tan deliciosas... ¡Ange-sama, déjeme el siguiente a mí!""","""ﻛﻴﺎﻫﺎﻫﺎﻫﺎﻫﺎﻫﺎ!!! ﻋﻤَّﺎﺫﺍ ﻳﺘﺤﺪﺙ، ﺃﺣﺸﺎﺅﻩ ﺗﺒﺪﻭ ﻟﺬﻳﺬﺓ. ﺩﻋﻲ ﺍﻟﺘﺎﻟﻲ ﻟﻲ ﻳﺎ ﺇﻧﺠﻲ-ﺳﺎﻣﺎ.........!"""
Ushiromiya Ange,"""Go ahead. Kill him.""","""Go ahead. Kill him."" ","""Go ahead.  Kill him.""",「許す。殺せ。」,「許す。殺せ」,"""Вперёд. Убей его.""","""Vá em frente, mate‐o.""",「准许。杀。」,「准許。殺。」,"""Lo farò. Uccidilo.""","""Adelante. Mátalo.""","""ﺗﻔﻀَّﻠﻲ، ﺍﻗﺘﻠﻴﻪ."""
Beelzebub,"""I am so {i:very} grateful...!! Diiiiiee!!!""","""Thank you so much!! I'm so happyyyyyy!! Diiiiiee!!!"" ","""I'm thankful!!  Sooo, happyyyyyy!!  Diiiiiee!!!""",「ありがたきッ！！　しッあわせぇえ！！死ねえッ！！！」,「ありがたきッ！！　しッあわせぇえ！！　死ねえッ！！！」,"""Благодарю!! Я та‐а‐ак счастлива! Умри‐и‐и!!!""","""Eu sou {i:muito} grata...!! Morraaaaaa!!!""",「深感！！荣幸！！死吧！！！」,「深感！！榮幸！！死吧！！！」,"""Ne sono grata!! Cosììì, feliceeee!! Muooriii!!!""","""¡¡Estoy agradecida!!... ¡¡¡Mueeeere!!!""","""...ﺃﻧﺎ ﻣﻤﺘﻨﺔٌ ﻟﻠﻐﺎﻳﺔ!! ﻣُــــــﺖ!!!"""
,"The man's chest split, and his guts poured out. ......This terrible way of dying threw the other man into a total panic.","The man's chest split, and his guts poured out. ...This terrible way of dying threw the other man into a total panic. ","The man's chest split, and his guts poured out.......This terrible way of dying threw the other man into a total panic.",男の腹部が砕け、内臓を溢れ出させる。……その凄まじい死に方に、もう一人の男は完全にパニックを起こす。,[=JP],Грудь человека разорвало и его внутренности вывалились наружу. Такая ужасная смерть привела другого человека к полной панике.,"O peito do homem se abriu, e suas entranhas derramaram para fora. ......Essa forma aterradora de se morrer deixou o outro homem completamente amedrontado.",腹部粉碎，内脏喷了出来。……面对这可怕的死法，另一名黑衣人完全陷入了恐慌。,腹部粉碎，內臟噴了出來。……面對這可怕的死法，另一名黑衣人完全陷入了恐慌。,"Il petto dell'uomo si aprì, e uscirono fuori le sue budella. ... Questo terribile modo di morire gettò nel panico l'altro.","El pecho del hombre se partió en dos, y sus entrañas salieron... Esta terrible forma de morir puso al otro hombre en pánico.", ﺍﻧﺸﻖَّ ﺻﺪﺭ ﺍﻟﺮﺟﻞ، ﻭﺗﻨﺎﺛﺮﺕ ﺃﺣﺸﺎﺅﻩ. ﺃﻟﻘﺖ ﻫﺬﻩ ﺍﻟﻄﺮﻳﻘﺔ ﺍﻟﻤﺮﻳﻌﺔ ﻓﻲ ﺍﻟﻤﻮﺕ ﺑﺎﻟﺮﺟﻞ ﺍﻵﺧﺮ ﻓﻲ ﺫﻋﺮٍ ﻛﺎﻣﻞ......
,"However, Asmodeus's form was already at his back, embracing his neck with her arm, ......and smiling obscenely......","However, Asmodeus's form was already at his back, grasping his neck...and smiling obscenely... ","However, Asmodeus's form was already at his back, grasping his neck, ......and smiling obscenely......",しかし、その背中にはもう、アスモデウスの姿があって、後から首を抱き締めて、……淫靡に微笑んでいるのだ……。,[=JP],"Но Асмодей была уже у него за спиной, схватив его шею, и бесстыдно улыбалась.","Porém, a figura de Asmodeus já se encontrava atrás dele, abraçando seu pescoço com seus braços, ......sorrindo de forma obscena......",然而，在其背后，已有了阿丝磨德乌丝的身影，她从其背后抱紧了黑衣人的脖子，……露出淫靡的微笑……。,然而，在其背後，已有了阿絲磨德烏絲的身影，她從其背後抱緊了黑衣人的脖子，……露出淫靡的微笑……。,"Però, la forma di Asmodeus era già dietro di lui, avvinghiando il suo collo... e ridendo in modo osceno...","Sin embargo, la figura de Asmodeus ya estaba en su espalda, agarrando su cuello... y sonriendo obscenamente...", ،ﻏﻴﺮ ﺃﻥَّ ﺃﺳﻤﻮﺩﻳﻮﺱ ﻛﺎﻧﺖ ﺧﻠﻒ ﻇﻬﺮﻩ ﺑﺎﻟﻔﻌﻞ. ......ﻣﺤﺘﻀﻨﺔً ﻋﻨﻘﻪ ﺑﺬﺭﺍﻋﻬﺎ، ......ﻭﻓﻲ ﻣﺤﻴﺎﻫﺎ ﺍﺑﺘﺴﺎﻣﺔ ﻭﻗﺤﺔ.
Asmodeus,"""What a cute kid. ......Hey, where do you want me to pierce you? *cackle*cackle*cackle*cackle*, Ange‐sama, do you have any preference?!!!""","""What a cutie. ...Hey, hey, where do you wanna get pierced? *cackle*cackle*cackle*cackle* Ange-sama, got any ideas?!!!"" ","""What a cute kid.  ......Hey, hey, where do you want me to pierce?  *cackle*cackle*cackle*cackle*, Ange-sama, do you have any preference?!!!""",「可愛い子。……ねぇねぇ、どこを貫いてほしい？くっくくくくくく、縁寿さま、ご希望はございますかァッ！！！」,「可愛い子。…ねぇねぇ、どこを貫いてほしい？　くっくくくくくく、縁寿さま、ご希望はございますかァッ！！！」,"""Какой милый малыш. ......Эй, эй, где мне следует тебя проткнуть? *хи‐хи*хи‐хи*хи‐хи*хи‐хи*, Энджи‐сама, что вы предпочитаете?!!""","""Que criança mais adorável. ......Ei, onde quer que eu te perfure? *gargalhada*gargalhada*gargalhada*gargalhada*, Ange‐sama, tem alguma preferência?!!!""",「可爱的孩子。……喂喂，希望插哪呀？嘻、嘻嘻嘻嘻嘻嘻，缘寿小姐，请问有没有提议？！！！」,「可愛的孩子。……喂喂，希望插哪呀？嘻、嘻嘻嘻嘻嘻嘻，緣壽小姐，請問有沒有提議？！！！」,"""Che ragazzo carino. ... Ehi, ehi, dove vuoi che ti perfori? *cackle*cackle*cackle*cackle*, Ange-sama, ha delle preferenze?!!!""","""Qué chico más lindo... Oye, oye, ¿dónde quieres que te atraviese? *carcajada*carcajada*carcajada*carcajada*, ¡¡¡¿Tiene alguna preferencia, Ange-sama?!!!""","""ﻳﺎ ﻟﻚَ ﻣﻦ ﻓﺘًﻰ ﻇﺮﻳﻒ. ﺃﻳﻦ ﺗﺮﻳﺪ ﺃﻥ ﺃﺷﻘَّﻚ ﻳﺎ ﺗُﺮَﻯ؟ ﻫﻴﻬﻴﻬﻴﻬﻬﻴﻬﻴﻬﻴﻬﻴﻬﻴﻬﻴﻬﻲ، ﺃﺗﻔﻀِّﻠﻴﻦ ﻣﻜﺎﻧًﺎ ﻣﻌﻴﻨًﺎ ﻳﺎ ﺇﻧﺠﻲ-ﺳﺎﻣﺎ؟!!!"""
Ushiromiya Ange,"""Head.""","""The head."" ",[=UP],「頭。」,「頭」,"""Голова.""","""Cabeça.""",「头。」,[=JP],"""Testa.""","""La cabeza.""","""ﺍﻟﺮﺃﺱ."""
Asmodeus,"""Certainly, my masteeeer!! Die!!""","""Certainly, my masteer!! Die!!"" ","""Certainly, my masteer!!  Die!!""",「かしこまりました、我が主ィ！！死ねッ！！」,「かしこまりました、我が主ィ！！　死ねッ！！」,"""Непременно, моя госпожа! Умри!""","""É pra já, mestraaaaaa!! Morra!!""",「遵命，我主——！！死吧！！」,[=CN],"""Certamente, mia padrona!! Muori!!""","""¡¡Como ordene, mi ama!! ¡¡Muere!!""","""ﻃﻮﻉ ﺃﻣﺮﻙ ﻳﺎ ﺳﻴﺪﺗــــﻲ!! ﻣُﺖ!!"""
,"The final black‐suit had his head smashed by the Stake of Lust, and as his insides scattered, he twisted and fell.","The final black-suit had his head smashed by the Stake of Lust, and as his insides scattered, he twisted and fell. ","The final black-suit had his head smashed by the Stake of Lust, and as his insides scattered, he twisted and fell.",最後の黒服は色欲の杭に頭部を砕かれ、その中身を散らしながら、捻れるように倒れる。,[=JP],"Голова последней шестёрки в чёрном костюме была пробита Кинжалом похоти, его внутренности разлетелись, и он, извиваясь, рухнул на землю.","O último homem de preto teve sua cabeça esmagada pela Estaca da Luxúria, e com seu interior espalhado, ele se contorceu e desabou.",最后一名黑衣人被色欲之桩捣碎头部，边散落脑浆，边歪歪扭扭地倒下。,最後一名黑衣人被色慾之樁搗碎頭部，邊散落腦漿，邊歪歪扭扭地倒下。,"La testa dell'ultima guardia in nero fu distrutta dal Pugnale della Lussuria, e come le budella si spargevano, si contorse e cadde.","La Estaca de la Lujuria destruyó la cabeza del último hombre de traje negro y, con la cabeza destrozada, se retorció y se desplomó.",ﺗﻬﺸَّﻢ ﺭﺃﺱ ﺁﺧﺮ ﺫﻱ ﺑﺬﻟﺔٍ ﺳﻮﺩﺍﺀ ﺑﻮﺗﺪ ﺍﻟﺸﻬﻮﺓ، ﻭﺑﻴﻨﻤﺎ ﺗﻨﺎﺛﺮﺕ ﺃﺣﺸﺎﺅﻩ، ﺗﻠﻮَّﻯ ﻭﺳﻘﻂ.
,"In that gruesome world where six people lay in a sea of blood, .........witch and {y:0:Human}{n:0:human} confronted each other.","In the gruesome world where six people lay in a sea of blood, ......witch and Human confronted each other. ","In the gruesome world where six people lay in a sea of blood, .........witch and human confronted each other.",６人が血の海に倒れる凄惨なる世界に、………魔女と、ニンゲンが対峙する。,[=JP],"В ужасном мире, где в луже крови лежали шесть человек, ведьма и {y:0:Челове}{n:0:челове}к противостояли друг другу.","Naquele mundo atroz, onde seis pessoas se encontravam deitadas sobre um mar de sangue, .........bruxa e {y:0:Humano}{n:0:humano} se confrontavam.",在六人倒在血海中的凄惨世界里，………魔女与人类相对峙。,在六人倒在血海中的淒慘世界裡，………魔女與人類相對峙。,Nel macabro mondo in cui sei persone giacevano in un mare di sangue... la strega e l'umana si confrontarono.,En ese mundo horripilante donde seis personas yacían en un mar de sangre... la bruja y la humana se confrontaron.,ﻓﻲ ﺫﻟﻚ ﺍﻟﻌﺎﻟﻢ ﺍﻟﻤﺮﻭِّﻉ ﺣﻴﺚ ﺭﻗﺪ ﺳﺘﺔ ﺃﺷﺨﺎﺹٍ ﻓﻲ ﺑﺤﺮٍ ﻣﻦ ﺍﻟﺪﻣﺎﺀ، ﻭﺍﺟﻬﺖ ﺍﻟﺴَّﺎﺣﺮﺓ ﻭﺍﻟﺒﺸﺮﻳﺔ ﺑﻌﻀﻬﻤﺎ ﺍﻟﺒﻌﺾ.........
Ushiromiya Ange,""".........Sumadera Kasumi. I sympathize with your pitiable life from the bottom of my heart. ......I can give you magic to seal up that unfillable hole in your heart. If you will believe in that magic, that is.""","""......Sumadera Kasumi. I sympathize with your sad life from the bottom of my soul. ...I'm willing to grant you magic that can seal up that unfillable hole in your heart. If you can believe, that is."" ",""".........Sumadera Kasumi.  I sympathize with your pitiable life from the bottom of my heart.  ......I can give you magic to seal up that un-fillable hole in your heart.  If you will believe in that magic, that is.""",「………須磨寺霞。そなたの哀れなる人生に、私は心の底より同情する。……その埋め得ぬ心の穴を、塞げる魔法を授けても良い。そなたがその魔法を信じるならば。」,「………須磨寺霞。そなたの哀れなる人生に、私は心の底より同情する。……その埋め得ぬ心の穴を、塞げる魔法を授けても良い。そなたがその魔法を信じるならば」,""".........Сумадера Касуми. В глубине своего сердца я сочувствую твоей жалкой жизни. ......Я могу дать тебе магию, которая запечатает эту не заполняемую дыру в твоём сердце. Если ты поверишь в неё, то так и будет.""",""".........Sumadera Kasumi. Eu simpatizo, do fundo do meu coração, com sua miserável forma de vida. ......Posso dar a você uma magia para cobrir este incalculável buraco em seu coração. Se você acreditar nessa magia, é claro.""",「………须磨寺霞。对于汝的可悲人生，我打心底里感到同情。……我愿将填平这个堵不住的心洞的魔法传授予汝。只要汝肯相信这个魔法。」,「………須磨寺霞。對於汝的可悲人生，我打心底裏感到同情。……我願將填平這個堵不住的心洞的魔法傳授予汝。只要汝肯相信這個魔法。」,"""... Sumadera Kasumi. Simpatizzo con la tua dolorosa vita dal profondo del mio cuore. ... Posso darti la magia per sigillare quel buco non riempibile nel tuo cuore. Ma solo se crederai nella magia.""","""... Sumadera Kasumi. Simpatizo con tu lamentable vida desde el fondo de mi corazón... Puedo darte magia para llenar ese agujero de tu corazón que no puede llenarse. Si crees en esa magia, claro.""","""ﺳﻮﻣﺎﺩﻳﺮﺍ ﻛﺎﺳﻮﻣﻲ......... ﺇﻧﻲ ﺃﺗﻌﺎﻃﻒ ﻣﻦ ﺃﻋﻤﺎﻕ ﻗﻠﺒﻲ ﻣﻌﻚِ ﺃﻧﺖِ ﻭﺣﻴﺎﺗﻚِ ﺍﻟﺒﺎﺋﺴﺔ. ﻭﺑﻮﺳﻌﻲ ﺃﻥ ﺃﻣﻨﺤﻚِ ﺳﺤﺮًﺍ ﺗﻤﻠﺌﻴﻦ ﺑﻪ ﻓﺠﻮﺓ ﻗﻠﺒﻚ. ﺷﺮﻳﻄﺔ ﺃﻥ ﺗﺆﻣﻨﻲ ﺑﺬﻟﻚ ﺍﻟﺴﺤﺮ."""
Sumadera Kasumi,"""D‐don't be so......ridiculous......!! This, this is, ...I won't accept it!! Eeeeeeeeeeeeeeeeeeeeeeeeekk!!""","""D-Don't be...ridiculous...!! I-I...will never accept something like this!! Eeeeeeeeeeeeeeeeeeeeeeeeekk!!"" ","""D, don't say something, ......so foolish......!!  I, I, ...will not accept something like this!!  Eeeeeeeeeeeeeeeeeeeeeeeeekk!!""",「ば、馬鹿なこと、……言わないで……！！こんなッ、こんなの、…私は認めないッ！！　ひいいぃいいいいいいいぃいい！！」,「ば、馬鹿なこと、……言わないで……！！　こんなッ、こんなの、…私は認めないッ！！　ひいいぃいいいいいいいぃいい！！」,"""Н‐не неси... какой‐то бред! Я... я не приму этого! И‐и‐и‐и‐и‐и‐и‐и‐и‐и!""","""N‐Não seja......ridícula......!! Isso, isso é, ...eu não aceitarei isso!! Eeeeeeeeeeeeeeeeeeeeeeeeekk!!""",「少、少说，……傻话……！！我才不承认，这种、…这种玩意！！嗨咿咿咿咿咿咿咿咿咿咿咿咿咿！！」,「少、少說，……傻話……！！我才不承認，這種、…這種玩意！！嗨咿咿咿咿咿咿咿咿咿咿咿咿咿！！」,"""N-Non dire qualcosa... di così stupido...!! I-Io... non accetterò una cosa del genere!! Eeeeeeeeeeeeeeeeeeeeeeeeekk!!""","""¡¡N-No digas algo tan... ridículo!! ¡¡Y-Yo... no aceptaré algo como esto!! ¡¡Eeeeeeeeeeeeeeeeeeeeeeeeekk!!""","""......ﻟـ-ﻻ ﺗﻜﻮﻧﻲ ﺳﺨﻴﻔﺔً......ﻫﻜﺬﺍ. ﻫﺬﺍ، ﻫﺬﺍ، ...ﻟﻦ ﺃﻗﺒﻠﻪ!! ﺇﻳﻴﻴﻴﻴﻴﻴﻴﻴﻴﻴﻴﻴﻴﻴﻴﻴﻴﻴﻲ!!"""
,"As Kasumi slowly retreated backwards, scared out of her wits, .....she picked up a handgun that someone had dropped.","As Kasumi, who was scared out of her wits, stepped backwards, ...she picked up a handgun that someone had dropped. ","As Kasumi, who was scared out of her wits, stepped backwards, ......she picked up a handgun that someone had dropped.",腰が抜けた霞は、じりじりと後退りしながら、……誰かが落とした拳銃を拾う。,[=JP],До безумия напуганная Касуми сделала шаг назад и подняла обронённый шестёркой пистолет.,"Conforme Kasumi lentamente se afastava, apavorada, .....ela juntou a pistola que alguém havia deixado cair.",吓软了腰的霞边一步一步地往后退，……边捡起了不知谁掉下的手枪。,嚇軟了腰的霞邊一步一步地往後退，……邊撿起了不知誰掉下的手槍。,"Come Kasumi, che era terrorizzata a morte, indietreggiò... raccolse una pistola che qualcuno aveva fatto cadere.","Mientras Kasumi retrocedía lentamente, muerta de miedo... levantó un arma que alguien dejó caer.",ﻭﺑﻴﻨﻤﺎ ﻛﺎﻧﺖ ﻛﺎﺳﻮﻣﻲ ﺗﺘﺮﺍﺟﻊ ﺑﺒﻂﺀ، ﻭﺍﻟﺨﻮﻑ ﻳﺄﺧﺬ ﺑﻠﺒِّﻬﺎ، ...ﺍﻟﺘﻘﻄﺖ ﻣﺴﺪَّﺳًﺎ ﺃﺳﻘﻄﻪ ﺃﺣﺪﻫﻢ.
,"Then, shaking, she pointed it at Ange...","Then, shaking, she pointed it at Ange... ",[=UP],そして、震えながらそれを縁寿に向ける…。,[=JP],"Затем, дрожа, она навела его на Энджи...","Então, trêmula, apontou na direção de Ange...",接着，她发着抖地，把枪口对准了缘寿…。,接著，她發著抖地，把槍口對準了緣壽…。,"Poi, tremando, la puntò verso Ange...","Entonces, temblando, ella le apuntó a Ange...", ...ﺛﻢ - ﻭﻫﻲ ﺗﺮﺗﺠﻒ - ﻭﺟَّﻬﺘﻪ ﻧﺤﻮ ﺇﻧﺠﻲ.
{f:5:Eva Beatrice},"""That's right, Kasumi...! Shoot her with that gun...!! Turn your hatred into a bullet and shoot...!!""","""That's right, Kasumi...! Shoot with that gun...!! Turn your hatred into a bullet and shoot...!!"" ","""That's right, Kasumi...!  Shoot with that gun...!!  Turn your hatred into a bullet and shoot...!!""",「そうよ、霞…！　その銃で撃ちなさい…！！　あんたの憎しみを、銃弾に変えて放ちなさい…！！」,[=JP],"""Правильно, Касуми! Стреляй из него! Преврати свою ненависть в пулю и стреляй!""","""Isso mesmo, Kasumi...! Atire nela com essa arma...!! Transforme seu ódio em munição e atire...!!""",「对，霞…！用这枪射杀她…！！把你的恨化为枪弹射出去…！！」,「對，霞…！用這槍射殺她…！！把你的恨化為槍彈射出去…！！」,"""Già, Kasumi...! Spara con quella pistola...!! Trasforma il tuo odio in un proiettile e spara...!!""","""¡Eso es, Kasumi!... ¡¡Dispara con esa arma!!... ¡¡Convierte tu odio en una bala y dispara!!...""","""...ﺃﺣﺴﻨﺖِ ﻳﺎ ﻛﺎﺳﻮﻣﻲ! ...ﺃﻃﻠﻘﻲ ﺍﻟﻨﺎﺭ ﻋﻠﻴﻬﺎ ﺑﺬﻟﻚ ﺍﻟﻤﺴﺪَّﺱ!! ...ﺣﻮِّﻟﻲ ﻛﺮﺍﻫﻴﺘﻚِ ﺇﻟﻰ ﺭﺻﺎﺻﺔٍ ﻭﺃﻃﻠﻘﻴﻬﺎ!!"""
Sumadera Kasumi,"""Hiee...hiie...!! I'll kill you... I'll kill you...!! If I don't kill you, my life will go unrewarded......!!""","""Eeek, eeek...!! I'll kill you... I'll kill you...!! If I don't kill you, I'll never be paid back for the life I've lived...!!"" ","""Eeek, eeek...!!  I'll kill you..., I'll kill you...!!  If I don't kill you, my life will never be rewarded......!!""",「ひい、ひい…！！　殺してやる…、殺してやる…ッ！！あんたを殺さなきゃ、私の人生は報われないのよ……！！」,「ひい、ひい…！！　殺してやる…、殺してやる…ッ！！　あんたを殺さなきゃ、私の人生は報われないのよ……！！」,"""И‐и‐и, и‐и‐и! Я убью тебя, я убью тебя! Если не сделаю этого, то моя жизнь никогда не будет вознаграждена!""","""Hiee...hiie...!! Eu vou matar você... Vou matar você...!! Se eu não matar você, minha vida nunca será recompensada......!!""",「嗨咿、嗨咿…！！杀了你…，杀了你…！！不杀了你，我的人生就得不到回报……！！」,「嗨咿、嗨咿…！！殺了你…，殺了你…！！不殺了你，我的人生就得不到回報……！！」,"""Eeek, eeek...!! Ti ucciderò... ti ucciderò...!! Se non ti uccido, la mia vita non sarà mai premiata...!!""","""¡¡Eeek... eeek!! ¡¡Te mataré... te mataré!!... ¡¡Si no te mato, mi vida nunca será recompensada!!..."""," ...ﻫﻴﻲ...ﻫﻴﻲ!! ...ﺳﺄﻗﺘﻠﻚِ... ﺳﺄﻗﺘﻠﻚِ!! ......ﺇﻥ ﻟﻢ ﺃﻗﺘﻠﻚِ، ﻓﺴﺘﻤﻀﻲ ﺣﻴﺎﺗﻲ ﺩﻭﻥ ﺟﺰﺍﺀ!!"""
{f:5:Eva Beatrice},"""Yes, kill her! Pull the trigger!! Take all of the anger and pain from your shabby life until now!! Use it all against her!""","""Yes, kill! Pull the trigger!! Take all of the anger and pain from your shabby life until now! Use it all against her!"" ","""Yes, kill!  Pull the trigger!!  Take all of the anger and pain from your shabby life until now!  Use it all against her!",「そうよ、殺して！　引き金を引いてぇ！！　あいつにあんたのみすぼらしい今日までの全ての怒りを、悲しみを！！　全部叩きつけてやるの！,「そうよ、殺して！　引き金を引いてぇ！！　あいつにあんたのみすぼらしい今日までの全ての怒りを、悲しみを！！　全部叩きつけてやるの！」,"""Да, убей! Нажми на курок! Со всем гневом и болью твоей убогой жизни! Воспользуйся этим против неё!""","""Sim, mate ela! Puxe o gatilho!! Jogue contra ela toda a fúria e dor que viveu até hoje durante sua vida malfadada!! Use tudo isso contra ela!""",「对，杀了她！扣下扳机！！把你直到今日的所有惨兮兮的愤怒与悲伤！！全部都砸到她的头上！」,「對，殺了她！扣下扳機！！把你直到今日的所有慘兮兮的憤怒與悲傷！！全部都砸到她的頭上！」,"""Sì, uccidi! Premi il grilletto!! Prendi tutta la rabbia e il dolore della tua misera vita finora! Usali tutti contro di lei!","""¡Sí, mátala! ¡¡Aprieta el gatillo!! ¡¡Saca todo el dolor y tristeza de tu vida hasta ahora!! ¡Úsalo todo contra ella!""","""ﺃﺟﻞ، ﺍﻗﺘﻠﻴﻬﺎ. ﺍﺿﻐﻄﻲ ﻋﻠﻰ ﺍﻟﺰﻧﺎﺩ!! ﺃﻃﻠﻘﻲ ﻣﻌﻬﺎ ﻛﻞ ﺣﻘﺪﻙ ﻭﻏﻀﺒﻚ ﻭﻛﻞ ﺷﻲﺀٍ ﺷﻌﺮﺕِ ﺑﻪ ﺣﺘﻰ ﺍﻟﻴﻮﻡ!! ﺍﺳﺘﺨﺪﻣﻴﻪ ﻛﻠَّﻪ ﺿﺪﻫﺎ!"""
{f:5:Eva Beatrice},"""If you don't, you won't be released from your pain and anguish!!""","""If you don't, you won't be released from your pain and anguish!!"" ","If you don't, you won't be released from your pain and anguish!!""",そうでなきゃ、あんたは痛みと苦しみから解放されないのよぉう！！」,「そうでなきゃ、あんたは痛みと苦しみから解放されないのよぉう！！」,"""Если ты этого не сделаешь, ты не освободишься от своей боли и тоски!""","""Se não fizer isso, não poderá se libertar de sua dor e angústia!!""",「不去这么做，你就没法从痛苦中解放！！」,「不去這麼做，你就沒法從痛苦中解放！！」,"Se non lo farai, non sarai liberata dalle tue pene e dalle tue angosce!!""","""¡¡Si no lo haces, no podrás ser liberada de ese dolor y angustia!!""","""ﻭﺇﻻ ﻟﻦ ﺗﺘﺤﺮﺭﻱ ﺃﺑﺪًﺍ ﻣﻦ ﺃﻟﻤﻚ."""
Ushiromiya Ange,"""............Stop it, Aunt Kasumi. ......You mustn't lend an ear to the black witch.""","""......Stop it, Aunt Kasumi. ...You mustn't listen to the black witch."" ","""............Stop it, Kasumi oba-san.  ......You must not listen to the black witch.""",「…………やめて、霞叔母さん。……黒き魔女に耳を貸しては駄目。」,「…………やめて、霞叔母さん。……黒き魔女に耳を貸しては駄目」,"""............Остановись, тётя Касуми. ......Ты не должна слушать чёрную ведьму.""","""............Pare, tia Kasumi. ......Você não deve dar ouvidos à bruxa da escuridão.""",「…………住手，霞姨母。……不要去听黑魔女的话。」,「…………住手，霞姨母。……不要去聽黑魔女的話。」,"""... Fermati, Kasumi oba-san. ... Non devi ascoltare la strega nera.""","""... Alto, tía Kasumi... No debes escuchar a la bruja negra.""","""...ﻳﻜﻔﻲ ﻳﺎ ﺧﺎﻟﺘﻲ ﻛﺎﺳﻮﻣﻲ. ...ﻻ ﺗﺼﻐﻲ ﻟﻮﺳﻮﺳﺔ ﺍﻟﺴﺎﺣﺮﺓ ﺍﻟﺴﻮﺩﺍﺀ."""
Sumadera Kasumi,"""I'll kill you...... I'll kill you......! Because of your mother, ......my entire life......has been a wreck......!!""","""I'll kill you...... I'll kill you......! Because of your mother, ...my entire life... ...has been a wreck...!!"" ","""I'll kill you......, I'll kill you......!  Because of your mother, ......my entire life, ......has been a wreck......!!""",「殺してやる……、殺してやる……！　あんたの母親のせいで、……私の人生は、……滅茶苦茶……！！」,[=JP],"""Я убью тебя... Я убью тебя! Потому что твоя мать разрушила всю мою жизнь!""","""Eu vou te matar...... Vou te matar......! Por culpa da sua mãe, ......minha vida......foi arruinada......!!""",「杀了你……，杀了你……！都是因为你的母亲，……我的人生、……一团糟……！！」,「殺了你……，殺了你……！都是因為你的母親，……我的人生、……一團糟……！！」,"""Ti ucciderò... ti ucciderò...! Per colpa di tua Madre... la mia intera vita... è stata un disastro...!!""","""¡Te mataré... te mataré!... ¡¡Por culpa de tu madre... mi vida entera... ha sido un desastre!!...""","""!......ﺳﺄﻗﺘﻠﻚِ...... ﺳﺄﻗﺘﻠﻚِ  ،ﺑﺴﺒﺐ ﻭﺍﻟﺪﺗﻚِ  ...ﻛﺎﻧﺖ ﺣﻴﺎﺗﻲ ﺑﺄﻛﻤﻠﻬﺎ...... ......ﺣﻄﺎﻣًﺎ...!!"""
Ushiromiya Ange,"""Then maybe, starting now bit by bit, you can turn that life into something bright and peaceful, with my magic. If you simply believe in magic and have a change of heart, it can open the door to a new world for you.""","""In that case, my magic might be able to turn that life into something bright and peaceful, bit by bit, starting now. If you can believe in magic...and just have a change of heart, I'll be able to open the door to a new world for you."" ","""In that case, my magic might be able to turn that life into something bright and peaceful, bit by bit, starting now.  If you believe in magic and even replace your heart, the door to a new world will open for you.""",「なら、私の魔法でその人生をこれから、少しずつ明るく穏やかなものにも出来るかもしれない。あなたが魔法を信じ、心を入れ替えさえすれば、あなたに新しい世界への扉を開いて上げられるの。」,「なら、私の魔法でその人生をこれから、少しずつ明るく穏やかなものにも出来るかもしれない。あなたが魔法を信じ、心を入れ替えさえすれば、あなたに新しい世界への扉を開いて上げられるの」,"""В таком случае моя магия способна превратить эту жизнь в нечто яркое и мирное, частичка за частичкой, начиная с этого момента. Если ты поверишь в магию и не станешь держать зла, тебе откроется дверь в новый мир.""","""Então, talvez, começando agora, pouco a pouco, você possa transformar essa vida em algo brilhante e pacífico, com magia. Se você simplesmente acreditar na magia e mudar seu coração, isto pode abrir as portas de um novo mundo.""",「那么，以我的魔法，也许能将你接下来的人生一点点地变得明朗祥和也说不定。只要你肯相信魔法，转换心绪，我就帮你打开通往新世界的门扉。」,「那麼，以我的魔法，也許能將你接下來的人生一點點地變得明朗祥和也說不定。只要你肯相信魔法，轉換心緒，我就幫你打開通往新世界的門扉。」,"""In questo caso, la mia magia riuscirà a far diventare quella vita in qualcosa di brillante e pacifico poco a poco, iniziando da ora. Se credi nella magia, e sostituisci persino il tuo cuore, si aprirà per te la porta di un nuovo mondo.""","""En ese caso, mi magia puede convertir esa vida en algo alegre y tranquilo, poco a poco, comenzando ahora. Si simplemente crees en la magia y cambias tu corazón, la puerta a un nuevo mundo se te abrirá.""","""ﻗﺪ ﺗﺘﺤﻮﻝ ﺣﻴﺎﺗﻚِ ﺑﺴﺤﺮﻱ ﺇﻟﻰ ﺣﻴﺎﺓٍ ﺃﻛﺜﺮ ﺇﺷﺮﺍﻗًﺎ ﻭﻫﻨﺎﺀً، ﺷﻴﺌًﺎ ﻓﺸﻴﺌًﺎ. ﺇﺫﺍ ﻏﻴَّﺮﺕِ ﻣﻦ ﺳﻠﻮﻛﻚِ ﻭﺁﻣﻨﺖِ ﺑﺎﻟﺴﺤﺮ، ﻓﺒﻮﺳﻌﻲ ﺃﻥ ﺃﻓﺘﺢ ﻟﻚِ ﺍﻷﺑﻮﺍﺏ ﺇﻟﻰ ﻋﺎﻟﻢٍ ﺟﺪﻳﺪ."""
{f:5:Eva Beatrice},"""There's no such thing!! The salvation she speaks of is obviously just some fairy tale!""","""There's no such thing!! The salvation she speaks of is obviously just some fairy tale! ","""There's no such thing!!  The salvation she speaks of is obviously just some fairy tale!  ",「そんなものはないわッ！！　あいつの言う救いなんて、どうせおとぎ話の中だけよ！,「そんなものはないわッ！！　あいつの言う救いなんて、どうせおとぎ話の中だけよ！」,"""Наглое враньё! Спасение, о котором она говорит, очевидно просто какая‐то сказка!""","""Isso não existe!! A salvação que ela tanto fala claramente não passa de um conto de fadas!""",「没这回事！！那家伙所说的救赎，横竖只存在于童话中哟！」,「沒這回事！！那傢伙所說的救贖，橫豎只存在於童話中喲！」,"""Una cosa del genere non esiste!! È ovvio che la salvezza di cui parla esiste solo nelle fiabe!","""¡¡No hay tal cosa!! ¡La salvación de la que ella habla seguro es un cuento de hadas!""","""ﻻ ﻳﻮﺟﺪ ﺷﻲﺀٌ ﻛﻬﺬﺍ. ﺍﻟﺨﻼﺹ ﺍﻟﺬﻱ ﺗﺘﺤﺪﺙ ﻋﻨﻪ ﻟﻴﺲ ﺇﻻ ﻗﺼﺔً ﺧﺮﺍﻓﻴﺔً ﺑﻜﻞِّ ﺗﺄﻛﻴﺪ!"""
{f:5:Eva Beatrice},"""Your life is already covered with thorns until you die...!! Let her hear your cries of agony!! You can't regain anything that was lost... Right? Sumadera Kasumiiiiiiiiii?!?!""","Your life is gonna be covered with thorns until you die anyway...!! Let her hear that cry of agony!! You can't regain anything that was lost, ...right? Sumadera Kasumiiiiiiiiii?!?!"" ","Your life is already covered with thorns until you die...!!  Let her hear that cry of agony!!  You can't regain anything that was lost..., right?  Sumadera Kasumiiiiiiiiii?!?!""",あんたの人生はもはや死ぬまで棘まみれ…！！　その苦痛の叫びをあいつに聞かせてやりなさい！！　失ったものは何も取り返せないのよ…、そうでしょう？須磨寺霞ぃいいいぃ？！？！」,「あんたの人生はもはや死ぬまで棘まみれ…！！　その苦痛の叫びをあいつに聞かせてやりなさい！！　失ったものは何も取り返せないのよ…、そうでしょう？　須磨寺霞ぃいいいぃ？！？！」,"""Твоя жизнь будет покрыта терниями до самой смерти! Пусть она услышит этот крик агонии! Ты не можешь восстановить ничего из потерянного, ведь так? Сумадера Касуми‐и‐и?!""","""Sua vida será coberta por espinhos até o dia de sua morte...!! Deixe‐a ouvir seus gritos de agonia!! Você não pode recuperar nada que já tenha perdido... Certo? Sumadera Kasumiiiiiiiiii?!?!""",「你的人生已经是一条荆棘路走到死了…！！让她也听听你痛苦的呐喊！！已失去的东西，什么都拿不回来…，没错吧？须磨寺霞—————？！？！」,「你的人生已經是一條荊棘路走到死了…！！讓她也聽聽你痛苦的吶喊！！已失去的東西，什麼都拿不回來…，沒錯吧？須磨寺霞—————？！？！」,"La tua vita è già coperta di spine finché morirai...!! Lascia che senta quel pianto di agonia!! Non puoi riottenere qualcosa che è stato perso... giusto? Sumadera Kasumiiiiiiiiii?!?!""","""¡¡Tu vida estará llena de espinas hasta que mueras!!... ¡¡Deja que ella escuche tu grito de agonía!! No puedes recuperar lo perdido... ¿verdad? ¡¿¡¿Sumadera Kasumiiiiiiiiii?!?!""","""...ﺣﻴﺎﺗﻚِ ﻣﻐﻄَّﺎﺓٌ ﺑﺎﻷﺷﻮﺍﻙ ﺑﺎﻟﻔﻌﻞ ﺣﺘﻰ ﺍﻟﻤﻤﺎﺕ. ﺍﺟﻌﻠﻴﻬﺎ ﺗﺴﻤﻊ ﺻﺮﺧﺎﺕ ﻋﺬﺍﺑﻚِ!! ﻻ ﻳﻤﻜﻨﻚِ ﺃﻥ ﺗﺴﺘﻌﻴﺪﻱ ﻣﺎ ﻓﺎﺕ... ﺃﻻ ﺗﻮﺍﻓﻘﻴﻨﻨﻲ ﺍﻟﺮﺃﻱ؟ ﺳﻮﻣﺎﺩﻳﺮﺍ ﻛﺎﺳﻮﻣﻴﻴﻴﻴﻴﻴﻴﻴﻲ؟!؟!"""
Ushiromiya Ange,"""Yes, you might not be able to regain anything. But I'm sure you can create something new. So, Aunt Kasumi. Throw that gun away. .........I might be able to teach you of a world of happiness too.""","""That's right, you might not be able to regain anything. However, I know you'll be able to create something new. So, Aunt Kasumi, throw that gun away. ......I might be able to teach you too...about a world of happiness."" ","""That's right, you might not be able to regain anything.  However, you can surely create something new.  So Kasumi oba-san.  Throw that gun away.  .........I might be able to teach you of a world of happiness too, Kasumi oba-san.""",「そうね、何も取り返せないかもしれない。でも、きっと新しく何かを生み出すことが出来る。だから霞叔母さん。その銃を捨てて。………霞叔母さんにも、幸せな世界を、教えてあげられるかもしれない。」,「そうね、何も取り返せないかもしれない。でも、きっと新しく何かを生み出すことが出来る。だから霞叔母さん。その銃を捨てて。………霞叔母さんにも、幸せな世界を、教えてあげられるかもしれない」,"""Это так, ты не можешь ничего вернуть. Однако ты обязательно создашь что‐то новое. Так что, тётя Касуми, брось пистолет. .........В моих силах научить тебя счастливому миру, тётя Касуми.""","""Sim, você pode não ser capaz de recuperar nada. Mas tenho certeza que pode criar algo novo. Por isso, tia Kasumi... Largue essa arma. .........Eu posso ensinar a você sobre o mundo da felicidade também.""",「是的，也许是什么都拿不回来。但是，我们一定能够创造出些新的什么。所以，霞姨母。扔掉那把枪。………我说不定能把幸福的世界，也教给霞姨母。」,「是的，也許是什麼都拿不回來。但是，我們一定能夠創造出些新的什麼。所以，霞姨母。扔掉那把槍。………我說不定能把幸福的世界，也教給霞姨母。」,"""Già, potresti non riuscire a riottenere nulla. Comunque, puoi sicuramente creare qualcosa di nuovo. Quindi, Kasumi oba-san. Butta via quella pistola. Potrei anche riuscire ad insegnarti un mondo di felicità, Kasumi oba-san.""","""Es cierto, puede que no seas capaz de recuperar nada. Pero estoy segura de que puedes crear algo nuevo. Así que, tía Kasumi. Tira esa arma... Yo podría ser capaz de enseñarte de un mundo de felicidad también.""","""ﺻﺤﻴﺢٌ ﺃﻧﻚِ ﻟﻦ ﺗﺴﺘﻌﻴﺪﻱ ﻣﺎ ﻓﺎﺕ. ﻟﻜﻨﻲ ﻭﺍﺛﻘﺔٌ ﻣﻦ ﻗﺪﺭﺗﻚِ ﻋﻠﻰ ﺧﻠﻖ ﺃﺷﻴﺎﺀ ﺟﺪﻳﺪﺓ. ﻟﺬﺍ ﺃﻳُّﺘﻬﺎ ﺍﻟﺨﺎﻟﺔ ﻛﺎﺳﻮﻣﻲ. ﺍﺭﻣﻲ ﺫﻟﻚ ﺍﻟﻤﺴﺪَّﺱ. ...ﻟﻌﻠِّﻲ ﺃﻋﻠﻤﻚِ ﺃﻧﺖِ ﺃﻳﻀًﺎ ﻋﻦ ﺍﻟﻌﺎﻟﻢ ﺍﻟﺴﻌﻴﺪ."""
Sumadera Kasumi,"""Hiee.........hiie...hieeiii......!! You, .........you don't know......!! Because your mother ran away, .........I was forced to marry her fiancé as a substitute...!!""","""Hiee... ...eeeeeeeeeekk...!! Y ......You know, because your mother ran away, ......I was forced to marry her fiancé in her place...!!"" ","""Eeek, ......eeeeeeeeeekk......!!  Y, .........you know what, ......?!!  Because your mother ran away, .........I was forced to marry her fiance as a substitute...!!",「ひぃ、……ひぃいいい……！！　わ、………私はね、……！！　あんたの母親が逃げたせいで、………あんたの母親の許婚と、身代わりに結婚させられたのよッ…！！,「ひぃ、……ひぃいいい……！！　わ、………私はね、……！！　あんたの母親が逃げたせいで、………あんたの母親の許婚と、身代わりに結婚させられたのよッ…！！」,"""И‐и‐и, и‐и‐и‐и‐и‐и‐и! З... знаешь что?!! Из‐за побега твоей матери меня заставили выйти за её жениха как замену!""","""Hiee.........hiie...hieeiii......!! Você, .........você não sabe......!! Tudo porque sua mãe fugiu, .........eu fui forçada a ser a substituta dela e casar com o seu noivo...!!""",「嗨咿、……嗨咿咿咿咿……！！我、………我呀……！！因为你母亲逃出家门，………被迫代替你母亲，与她的许婚结了婚哟…！！」,「嗨咿、……嗨咿咿咿咿……！！我、………我呀……！！因為你母親逃出家門，………被迫代替你母親，與她的許婚結了婚喲…！！」,"""Eeek... eeeeeeeeeekk...!! S... Sai cosa...?!! Siccome tua Madre se n'è andata... sono stata costretta a sposare il suo fidanzato come sostituta...!!","""¡¡Iii... Iiiiiiii!!... Tú... ¡¡no lo sabes!!... Por culpa que tu madre se escapó... ¡¡yo fui obligada a casarme con su prometido como sustituta!!""","""...ﻫﻴﻴﻲ. ......ﻫﻴﻲ...ﻫﻴﻴﻴﻴﻴﻴﻴﻲ......!! ﺃﻧﺖِ،  ......ﺃﻧﺖِ ﻻ ﺗﻌﻠﻤﻴﻦ.........!! ،ﺑﺴﺒﺐ ﻫﺮﻭﺏ ﻭﺍﻟﺪﺗﻚِ  ...ﺃُﺟﺒﺮﺕُ ﻋﻠﻰ ﺍﻟﺰﻭﺍﺝ ﻣﻦ ﺧﻄﻴﺒﻬﺎ ﻛﺒﺪﻳﻠﺔٍ ﻋﻨﻬﺎ.........!!"""
Sumadera Kasumi,"""You know I had a man who promised to spend his life with me?! You know I was forced to break up with him?! You think you understand how I felt when I was made to wed in your mother's place, ......and was forced to consummate the marriage with a man I had barely even talked to?!?!""","""There was a man I swore I'd spend my life with! And I was forced to break up with him! You think you understand how I felt when I was forced to be wed in your mother's place... and was held by a man I had barely even talked to?!?!"" ","You know there was a man I swore I'd spend my life with?!  You know I was forced to break up with him?!  You think you understand how I felt when I was made to wed in your mother's place, ......and was held by a man I had barely even talked to?!?!",将来を誓い合った男がいたのよ？！　別れさせられたのよ？！　あんたの母親の代わりに嫁がされて、……話もろくにしたことがない男に抱かれた私の気持ちがわかるってのッ？！？！,「将来を誓い合った男がいたのよ？！　別れさせられたのよ？！　あんたの母親の代わりに嫁がされて、……話もろくにしたことがない男と契りを交わさせられた私の気持ちがわかるってのッ？！？！」,"""Ты хоть знаешь, что у меня был любимый человек, с которым я поклялась провести всю свою жизнь?! Ты знаешь, что я была вынуждена порвать с ним?! Думаешь, будто понимаешь, что я чувствовала, когда шла под венец вместо твоей матери за человека, которого едва знала?!""","""Sabia que eu já tive um homem que prometeu passar a vida toda comigo?!{n}Sabia que eu fui forçada a terminar com ele?! Você pensa que entende como eu me senti quando fui obrigada a desposar no lugar da sua mãe, ......e forçada a consumar o casamento com um homem que eu mal conhecia?!?!""",「我有个共誓了将来的男朋友哦？！硬是被拆散了哦？！你能明白，代你母亲出嫁，……被话都没怎么说过的男人抱着的我的心情吗？！？！」,「我有個共誓了將來的男朋友哦？！硬是被拆散了哦？！你能明白，代你母親出嫁，……被話都沒怎麼說過的男人抱著的我的心情嗎？！？！」,Sai che c'era un uomo a cui ho promesso di spendere la mia vita con lui?! {n}Sai che sono stata costretta a lasciarlo?! Pensi di capire come mi sono sentita quando sono stata costretta a sposarmi al posto di tua Madre... con un uomo con cui non parlavo quasi mai?!?!,"""¡¿Sabías que ya había un hombre con el cual ya había jurado pasar el resto de mi vida?! ¡¿Sabías que me vi obligada a terminar con él?! ¡¿¡¿Crees que entiendes cómo me sentí cuando me obligaron a casarme en el lugar de tu madre... y me forzaron a consumar el matrimonio con un hombre con el que apenas había hablado?!?!""","""ﺃﺗﻌﻠﻤﻴﻦ ﺃﻧَّﻪ ﻛﺎﻥ ﻟﺪﻱَّ ﺭﺟﻞٌ ﻭﻋﺪﻧﻲ ﺑﻘﻀﺎﺀ ﺣﻴﺎﺗﻪ ﻣﻌﻲ؟! ﺃﺗﻌﻠﻤﻴﻦ ﺃﻧﻨﻲ ﺃُﺟﺒﺮﺕُ ﻋﻠﻰ ﺍﻻﻧﻔﺼﺎﻝ ﻋﻨﻪ؟! ﻛﻴﻒ ﺗﻘﻮﻟﻴﻦ ﺃﻧﻚِ ﺗﻔﻬﻤﻴﻦ ﺷﻌﻮﺭﻱ، ﻭﺃﻧﺎ ﺍﻟﺘﻲ ﻭﺟﺪﺕ ﻧﻔﺴﻲ ﻓﻲ ﺣﻀﻦ ﺭﺟﻞٍ ﺑﺎﻟﻜﺎﺩ ﺃﻋﺮﻓﻪ؟!؟!"""
Sumadera Kasumi,"""I wanted to kill her!! But Nee‐san just went and died on her own! That's why I'm going to kill you!! Otherwise, my thorn‐covered life will never eeeeeeeend!!""","""I wanted to kill her!! But Nee-san just went and died on her own! That's why I'll kill you!! Otherwise, my thorn-filled life will never eeeeeeeeeeeeeeend!!"" ","I wanted to kill her!!  But Nee-san just went and died on her own!  That's why I'll kill you!!  Otherwise, my thorn-covered life will never eeeeeeeeeeeeeeend!!""",殺してやりたかった！！　なのに姉さんは勝手に死んだわ！　だからあんたを殺すの！！　そうでなきゃ、私の棘まみれの人生は、終わらないのよぉおおおおぉ！！」,「殺してやりたかった！！　なのに姉さんは勝手に死んだわ！　だからあんたを殺すの！！　そうでなきゃ、私の棘まみれの人生は、終わらないのよぉおおおおぉ！！」,"""Я хотела убить её! Но сестра просто взяла и умерла сама! Вот почему я убью тебя! В противном случае, моей жизни, покрытой терниями, не будет конца‐а‐а!""","""Eu queria matá‐la!! Mas a nee‐san acabou se matando sozinha! Por isso eu vou matar você agora!! Caso contrário, minha vida coberta por espinhos nunca vai ter fiiiimmmmmmm!!""",「好想杀了她！！可是，姐姐却擅自死掉了！所以，我要杀了你！！不这么做，我布满荆棘的人生，就没个完——————！！」,「好想殺了她！！可是，姐姐卻擅自死掉了！所以，我要殺了你！！不這麼做，我布滿荊棘的人生，就沒個完——————！！」,"Volevo ucciderla!! Ma Nee-san è andata e morta di suo! Ecco perché ucciderò te!! Altrimenti, la mia vita piena di spine non finirà piùùùùùùùùùùùùùùù!!""","""¡¡Quería matarla!! ¡Pero Nee-san fue y se murió por su cuenta! ¡¡Es por eso que te mataré!! ¡¡De otro modo, mi vida llena de espinas nunca terminarááááááá!!""","""ﻛﻢ ﺃﺭﺩﺕُ ﺃﻥ ﺃﻛﻮﻥ ﻗﺎﺗِﻠَﺘَﻬﺎ، ﻟﻜﻨﻬﺎ ﻣﺎﺗﺖ ﺑﻜﻞ ﺃﻧﺎﻧﻴﺔ! ﻟﻬﺬﺍ ﺳﺄﻗﺘﻠﻚِ ﺃﻧﺖِ!! ﻭﺇﻻ ﻓﻠﻦ ﺗﻨﺘﻬﻲ ﺃﺑﺪًﺍ ﺣﻴﺎﺗﻲ ﺍﻟﺸﺎﺋﻜﺔ!!"""
,"......From Kasumi's eyes, frenzied tears dripped down.","...From Kasumi's eyes, tears of passion dripped down. ","......From Kasumi's eyes, tears of passion dripped down.",……霞の瞳から、激情の涙が零れる。,[=JP],Из глаз Касуми капали страстные слёзы.,"......Dos olhos de Kasumi, escorreram lágrimas frenéticas.",……从霞的眼中，流出了激动的泪水。,……從霞的眼中，流出了激動的淚水。,"... Dagli occhi di Kasumi, caddero lacrime di passione.","... De los ojos de Kasumi, cayeron lágrimas de pasión.",...ﻣﻦ ﻣﻘﻠﺘَﻲ ﻛﺎﺳﻮﻣﻲ، ﺍﻧﻬﻤﺮﺕ ﺩﻣﻮﻉ ﺍﻟﻐﻀﺐ.
,This poor woman... ......Even she had such clear and beautiful tears.,So pitiable... ...This person's tears were so clear and beautiful. ,So pitiable.........This person's tears were so clear and beautiful.,可哀想に…。……この人の涙だって、こんなにも澄んでいて綺麗だったのだ。,[=JP],Какая жалость...Слёзы этой женщины были настолько чисты и прекрасны.,Desafortunada... ......Até mesmo ela tem possui lágrimas belas e puras.,好可怜…。……这个人的泪水，也是如此清澈美丽。,好可怜…。……這個人的淚水，也是如此清澈美麗。,Che pena... le lacrime di questa persona erano così chiare e stupende.,Esta pobre mujer... tenía lágrimas tan claras y hermosas., ...ﻳﺎ ﻟﻬﺬﻩ ﺍﻟﻤﺮﺃﺓ ﺍﻟﻤﺴﻜﻴﻨﺔ. ﺩﻣﻮﻋﻬﺎ ﻧﻘﻴَّﺔٌ ﻭﺟﻤﻴﻠﺔ.
,"But for that very reason, ......she hadn't been able to withstand her sad pain, and had had no choice but to listen to the black witch's temptation...","But for that very reason, ...she hadn't been able to fully withstand her sad pain, and had been given no choice but to listen to the black witch's temptation... ","But for that very reason, ......she hadn't been able to fully withstand her sad pain, and had had no choice but to listen to the black witch's temptation...",でも、だからこそ、……悲しい痛みに耐え切れず、黒き魔女の誘惑に耳を貸さざるを得なかった…。,[=JP],"Но именно поэтому она не могла полностью перенести свою печальную боль и у неё не осталось выбора, кроме как слушать искушения чёрной ведьмы...","Mas, por esse mesmo motivo, ......ela não foi capaz de suportar sua dor, e não tinha outra escolha senão dar ouvidos às tentações da bruxa da escuridão...",但是，正因如此，……她才承受不住悲痛，只好听信了黑魔女的诱惑…。,但是，正因如此，……她才承受不住悲痛，只好聽信了黑魔女的誘惑…。,"Ma proprio per quella ragione... non era riuscita a sopportare a pieno il suo triste dolore, e non aveva avuto altra scelta che ascoltare le tentazioni della strega nera...","Pero por esa misma razón... ella no había podido soportar su triste dolor, y no había tenido otra opción que escuchar a la bruja negra...",ﻟﻬﺬﺍ ﻻ ﺗﺴﺘﻄﻴﻊ ﻣﻘﺎﻭﻣﺔ ﺃﻟﻤﻬﺎ، ...ﻭﻟﻢ ﻳﻜﻦ ﺃﻣﺎﻣﻬﺎ ﻣﻨﺎﺹٌ ﺳﻮﻯ ﺍﻻﺳﺘﻤﺎﻉ ﺇﻟﻰ ﺇﻏﺮﺍﺀ ﺍﻟﺴَّﺎﺣﺮﺓ ﺍﻟﺴﻮﺩﺍﺀ.
Ushiromiya Ange,"""..................I feel so sorry for you. ......In that case, the least I can do is to forever release you and your soul from the bonds of resentment. .........That might be the only bit of charity I can give you now.""",""".........So sad. ...In that case, I'll at least release you...your soul...for all eternity, and free you from the bonds of resentment. ......That might be the only bit of charity I can give right now."" ","""..................So pitiable.  ......In that case, I'll at least release you...your soul...for all eternity, and free you from the bonds of resentment.  .........That might be the only bit of charity I can give right now.""",「………………可哀想に。……ならばせめてあなたを、…あなたの魂を永遠に解放し、怨嗟の鎖から解き放ってあげるわ。………それが、今の私に出来る、唯一の施しかもしれない。」,「………………可哀想に。……ならばせめてあなたを、…あなたの魂を永遠に解放し、怨嗟の鎖から解き放ってあげるわ。………それが、今の私に出来る、唯一の施しかもしれない」,"""..................Какая жалость. ......В таком случае я освобожу тебя.. твою душу... от оков обиды на веки вечные. .........Это единственное милосердие, которое я могу проявить сейчас.""","""..................Eu sinto pena de você. ......Neste caso, o que posso fazer por você é libertar sua alma das correntes do ressentimento por toda a eternidade.{n}.........Isto, possivelmente, é o mínimo de caridade que posso fazer por você.""",「………………好可怜。……那么就由我来，…永远解放你的灵魂，至少令你摆脱怨恨之链的束缚吧。………这也许是，此刻的我所能做的，唯一的施与。」,「………………好可怜。……那麼就由我來，…永遠解放你的靈魂，至少令你擺脫怨恨之鏈的束縛吧。………這也許是，此刻的我所能做的，唯一的施與。」,"""... Che pietosa. ... Allora, almeno libererò te... la tua anima... per tutta l'eternità, e ti staccherò dai legami del rancore. ... Forse questo è l'ultimo frammento di carità che ti posso dare ora.""","""... Lo siento mucho... En ese caso, lo menos que puedo hacer es liberarte para siempre a ti y a tu alma de las ataduras del resentimiento... Tal vez sea la única muestra de solidaridad que pueda darte ahora.""","""...ﺃﺷﻔﻖ ﻋﻠﻴﻚ. ﻭﺃﻗﻞُّ ﻣﺎ ﻳﻤﻜﻨﻨﻲ ﻓﻌﻠﻪ ﻫﻮ ﺗﺤﺮﻳﺮ ﺭﻭﺣﻚِ ﻟﻸﺑﺪ ﻣﻦ ﺃﻏﻼﻝ ﺍﻟﺤﻘﺪ.ﺃﺧﺸﻰ ﺃﻥَّ ﻫﺬﻩ ﻫﻲ ﺍﻟﺤﺴﻨﺔ ﺍﻟﻮﺣﻴﺪﺓ ﺍﻟﺘﻲ ﺃﺳﺘﻄﻴﻊ ﺇﺳﺪﺍﺀﻫﺎ ﻟﻚِ."""
Sumadera Kasumi,"""Diiiiiiiiiiiee, Ushiromiya Angeeeeeeeeeee!!!""","""Diiiiiiiiiiiee, Ushiromiya Angeeeeeeeeeee!!!"" ",[=UP],「死ィねぇえええ、右代宮縁寿ぇえええええぇ！！！」,[=JP],"""Умри‐и‐и‐и‐и‐и‐и, Уширомия Энджи‐е‐е‐е‐е‐е‐е‐е‐е‐е‐е!!!""","""Morraaaaaaaa, Ushiromiya Angeeeeeeeeeee!!!""",「死——吧————，右代宫缘寿———————！！！」,「死——吧————，右代宮緣壽———————！！！」,"""Muooooriiiiiiiiiii, Ushiromiya Angeeeeeeeeeee!!!""","""¡¡¡Mueeeeeeere, Ushiromiya Angeeeeeeeeeee!!!""","""!ﻣﻮﻭﻭﻭﻭﻭﺗﻲ، ﺃﻭﺷﻴﺮﻭﻣﻴﺎ ﺇﻧﺠـــــــــــــــــﻲ."""
Ushiromiya Ange,"""Goodbye, Aunt Kasumi. .........Take a long rest in a quiet world.""","""Goodbye, Aunt Kasumi. ......Take a long rest in a quiet world."" ","""Goodbye, Kasumi oba-san.  .........Take a long rest in a quiet world.""",「さようなら、霞叔母さん。………静かな世界で、ゆっくりと休んで。」,「さようなら、霞叔母さん。………静かな世界で、ゆっくりと休んで」,"""Прощай, тётя Касуми. .........Долгого тебе отдыха в мире тишины.""","""Adeus, tia Kasumi. .........Descanse para sempre no mundo da quietude.""",「再见，霞姨母。………去宁静的世界，舒心地歇息吧。」,「再見，霞姨母。………去寧靜的世界，舒心地歇息吧。」,"""Arrivederci, Kasumi oba-san. ... Riposa a lungo in un mondo quieto.""","""Adiós, tía Kasumi... Toma un largo descanso en un mundo pacífico.""","""ﻭﺩﺍﻋًﺎ ﻳﺎ ﺧﺎﻟﺘﻲ ﻛﺎﺳﻮﻣﻲ. ...ﺍﺭﻗﺪﻱ ﺑﻬﻨﺎﺀٍ ﻓﻲ ﻋﺎﻟﻢٍ ﻣﺴﺎﻟﻢ."""
,I no longer feel any anger or hatred towards you.{n}I just want...to let your soul rest in peace.,I no longer feel anger or hatred for you. I just want to let your soul rest in peace. ,I can no longer feel your anger and hatred.I just want to let your soul rest in peace.,もはや、あなたには怒りも憎しみも感じない。ただただ、静かに、魂を休ませてあげたい。,もはや、あなたには怒りも憎しみも感じない。{n}ただただ、静かに、魂を休ませてあげたい。,"Я больше не ощущаю твои гнев и ненависть.{n}Я просто хочу, чтобы твоя душа покоилась с миром.",Eu já não sinto mais nenhum ódio ou raiva de você.{n}Eu só quero...deixar que sua alma descanse em paz.,我对你已感受不到愤怒与憎恨。{n}只是只是，想让你的灵魂，静静地得到安息。,我對你已感受不到憤怒與憎恨。{n}只是只是，想讓你的靈魂，靜靜地得到安息。,Non riesco più a sentire il tuo odio e la tua rabbia. Voglio solo... che la tua anima riposi in pace.,Ya no siento ira ni odio hacia ti.{n}Solo quiero... que tu alma descanse en paz., ﻟﻢ ﻳﻌﺪ ﻳﺴﻜﻨﻨﻲ ﺃﻱُّ ﻏﻀﺐٍ ﺃﻭ ﻛﺮﻩٍ ﺗﺠﺎﻫﻚِ.{n}...ﺇﻧﻤﺎ ﺃﺭﻳﺪ. ﺃﻥ ﺗﺮﻗﺪ ﺭﻭﺣﻚِ ﻓﻲ ﺳﻼﻡ.
,Kasumi's handgun spat fire.,Kasumi's handgun spat fire. ,[=UP],霞の拳銃が火を噴く。,[=JP],Пистолет Касуми выстрелил.,A pistola de Kasumi disparou.,霞的手枪喷出火舌。,霞的手槍噴出火舌。,La pistola di Kasumi fece fuoco.,El arma de Kasumi escupió fuego., ﺃﻃﻠﻘﺖ ﻛﺎﺳﻮﻣﻲ ﺍﻟﻨﺎﺭ.
,"Slowly, that bullet continued through a world frozen to the utmost limit, ......making its way towards {f:5:Ange}'s forehead.","Slowly, that bullet continued through a world frozen to the utmost limit, ...aiming for {f:5:Ange}'s forehead. ","Slowly, that bullet continued through a world frozen to the utmost limit......, aiming for ANGE's forehead.",その銃弾が、極限まで凍った世界でゆっくりと……、エンジェの額目指して進む。,[=JP],"Пуля медленно летела через застывший до предела мир, нацелившись на лоб {f:5:Энджи}.","Lentamente, a bala disparada seguiu através do mundo congelado até à extremidade, ......seguindo seu caminho em direção à testa de {f:5:Ange}.",这颗枪弹，在冻结到极限的世界中慢慢地……，朝安琪的额头挺进。,這顆槍彈，在凍結到極限的世界中慢慢地……，朝安琪的額頭挺進。,"Lentamente, quel proiettile continuò, attraverso un mondo congelato al limite massimo... mirando la fronte di ANGE.","Lentamente, esa bala continuó a través de un mundo congelado hasta el límite... abriéndose paso hacia la frente de {f:5:Ange}.", ﻭﺍﺧﺘﺮﻗﺖ ﺍﻟﺮﺻﺎﺻﺔ ﺑﺒﻂﺀٍ ﻋﺎﻟﻤًﺎ ﺗﺠﻤَّﺪ ﺇﻟﻰ ﺃﻗﺼﻰ ﺣﺪ، ......ﺷﺎﻗﺔً ﻃﺮﻳﻘﻬﺎ ﻧﺤﻮ ﺟﺒﻬﺔ ﺇﻧﺠﻲ.
Ushiromiya Ange,"""Mammon.""","""Mammon."" ",[=UP],「マモン。」,「マモン」,"""Мамона.""",[=UP],「马蒙。」,「馬蒙。」,[=UP],"""Mammón.""","""ﻣﺎﻣﻮﻥ."""
Mammon,"""......Y‐......yes!! Mammon the Covetous, right here...!!""","""...Y-Yeah!! Mammon of Greed, right here...!!"" ","""......Y, ......yeah!!  Mammon of Greed, right here...!!""",「……は、……は！！　強欲のマモン、ここに…！！」,[=JP],"""Так точно! Мамона, она же жадность, на месте!""","""......S‐......Sim!! Mammon, da Ganância, está aqui...!!""",「……在、……在！！贪婪的马蒙，在此…！！」,「……在、……在！！貪婪的馬蒙，在此…！！」,"""... S... Sì!! Mammon dell'Avidità, presente...!!""","""... ¡¡S-Sí!! ¡¡Mammón de la Avaricia, presente!!"""," !!""ﺃ-...ﺃﻣﺮﻙ...... ...ﻣﺎﻣﻮﻥ ﺃﻣﻴﺮﺓ ﺍﻟﺠﺸﻊ، ﻓﻲ ﺧﺪﻣﺘﻚ!!"""
Ushiromiya Ange,"""Thanks.""","""Thanks."" ",[=UP],「ありがとう。」,「ありがとう」,"""Спасибо.""","""Obrigada.""",「谢谢。」,「謝謝。」,"""Grazie.""","""Gracias.""","""ﺷﻜﺮًﺍ ﻟﻚِ"""
Mammon,"""......Huh?""","""......Huh?"" ","""......Huh?""\",「……え？」,[=JP],"""......А?""","""......Hã?""",「……哎？」,[=CN],"""... Huh?""","""... ¿Eh?""","""ﻣﺎﺫﺍ؟"""
Ushiromiya Ange,"""It was because I met you and Sakutarou that I was able to understand everything.""","""Because I met you and Sakutarou, I was able to understand everything."" ","""Because I met with you and Sakutarou, I was able to understand everything.""",「あなたたちとさくたろうに出会えたから、私は全てを理解できた。」,「あなたたちとさくたろうに出会えたから、私は全てを理解できた」,"""Из‐за того, что я повстречала тебя и Сакутаро, я смогла всё понять.""","""Foi graças ao meu encontro com você e o Sakutarou que eu fui capaz de compreender tudo.""",「正因遇到了你们与樱太郎，所以我才得以理解了一切。」,「正因遇到了你們與櫻太郎，所以我才得以理解了一切。」,"""Incontrando te e Sakutarou, sono riuscita a capire tutto.""","""Gracias a que te conocí a ti y a Sakutaro, pude entenderlo todo.""","""ﺍﺳﺘﻄﻌﺖُ ﺃﻥ ﺃﻓﻬﻢ ﻛﻞَّ ﺷﻲﺀٍ ﺑﺴﺒﺐ ﻟﻘﺎﺋﻲ ﺑﻚِ ﻭﺑﺴﺎﻛﻮﺗﺎﺭﻭ"""
Sakutarou,‘......Ange......’,‘...Ange...’ ,『......Ange......』,『……縁寿……。』,『……縁寿……』,{p:0:『}......Энджи...{p:0:』},[=UP],『……缘寿……』,『……緣壽……』,{p:0:『}... Ange... {p:0:』},‘... Ange...’, ......ﺇﻧﺠﻲ......
Ushiromiya Ange,"""Look away, Sakutarou. .........Mammon. Release that woman. And...protect the honor of Mariage Sorcière...!!""","""Look away, Sakutarou. ......Mammon, release that woman. And protect the honor of Mariage Sorcière...!!"" ","""Look away, Sakutarou.  .........Mammon.  Release that woman.  And, protect the honor of Mariage Sorciere...!!""",「さくたろうは後を向いていなさい。………マモン。その女を解放してあげて。そして、マリアージュ・ソルシエールの名誉を守れ…！！」,[=JP],"""Отвернись, Сакутаро. .........Мамона. Освободи эту женщину. И защити честь Меридж Сорьсер!""","""Não olhe, Sakutarou. .........Mammon. Liberte aquela mulher. E...proteja a honra da Mariage Sorcière...!!""",「樱太郎，把脸转到后面去吧。………马蒙。去解放那个女人。守卫，Mariage Sorcière 的名誉…！！」,「櫻太郎，把臉轉到後面去吧。………馬蒙。去解放那個女人。守衛，Mariage Sorcière 的名譽…！！」,"""Non guardare, Sakutarou. ... Mammon. Libera quella donna. E, proteggi l'onore del Mariage Sorcière...!!""","""Mira a otro lado, Sakutaro... Mammón. Libera a esa mujer. ¡¡Y... protege el honor del Mariage Sorcière!!...""","""ﺃﺩﺭ ﻭﺟﻬﻚ ﻳﺎ ﺳﺎﻛﻮﺗﺎﺭﻭ. ﻣﺎﻣﻮﻥ......... ﺣﺮِّﺭﻱ ﻫﺬﻩ ﺍﻟﻤﺮﺃﺓ. ...ﻭ...ﺍﺣﻤﻲ ﺷﺮﻑ ﻣﺎﺭﻳﺎﺝ ﺳﻮﺭﺳﻴﻴﺮ!!"""
Mammon,"""Ye‐.........yes!! ......Prepare yourself, Sumadera Kasumi!!""","""Y......Yes!! ...Prepare yourself, Sumadera Kasumi!!"" ","""Y, .........yes!!  ......Prepare yourself, Sumadera Kasumi!!""",「は、………はい！！……覚悟せよ須磨寺霞ッ！！」,「は、………はい！！　……覚悟せよ須磨寺霞ッ！！」,"""С‐слушаюсь! Готовься, Сумадера Касуми!""","""Si‐.........Sim!! ......Prepare‐se, Sumadera Kasumi!!""",「是、………是！！……觉悟吧，须磨寺霞！！」,「是、………是！！……覺悟吧，須磨寺霞！！」,"""S... Sì!! ... Preparati, Sumadera Kasumi!!""","""¡¡S-Sí!!... ¡¡Prepárate, Sumadera Kasumi!!"""," !!""ﺣـ-.........ﺣﺎﺿﺮ. ﺍﺳﺘﻌﺪِّﻱ ﻳﺎ ﺳﻮﻣﺎﺩﻳﺮﺍ ﻛﺎﺳﻮﻣﻲ......!!"""
,"Even though the world was frozen, the Stake of Greed flashed like lightning, .........and was already through Kasumi and out the other side...","Even though the world was frozen, the Stake of Greed flashed like lightning... ...and had already gotten behind Kasumi... ","Even though the world was frozen, the Stake of Greed flashed like lightning, .........and had already pierced Kasumi's back...",凍った世界にもかかわらず、強欲の杭は稲妻のように閃き、………霞の背後に、もう抜けている…。,[=JP],"Несмотря на то, что мир был заморожен, Кинжал жадности засверкал как молния и уже пронзил затылок Касуми...","Mesmo o mundo estando congelado, a estaca da Ganância lampejou como um raio, .........e já havia passado através de Kasumi, até o outro lado...",明明是在冻结住的世界里，但贪婪之桩却如闪电般一闪，………现已身处霞的背后…。,明明是在凍結住的世界裡，但貪婪之樁卻如閃電般一閃，………現已身處霞的背後…。,"Nonostante il mondo fosse congelato, il Pugnale dell'Avidità balenò come un fulmine... e aveva già perforato la schiena di Kasumi...","Aunque el mundo estaba congelado, la Estaca de la Avaricia destelló como el rayo... y ya había atravesado la espalda de Kasumi...",ﺣﺘﻰ ﻣﻊ ﺗﺠﻤُّﺪ ﺍﻟﻌﺎﻟﻢ، ﻭﻣﺾ ﻭﺗﺪ ﺍﻟﺠﺸﻊ ﻛﺎﻟﺒﺮﻕ، ...ﻭﺍﺧﺘﺮﻕ ﻛﺎﺳﻮﻣﻲ ﺑﺎﻟﻔﻌﻞ ﻭﺧﺮﺝ ﻣﻦ ﺍﻟﺠﻬﺔ ﺍﻷﺧﺮﻯ.........
Mammon,"""If you possess the slightest virtue, you shall have an audience again on the mountain of Purgatory!! .........Diiiiiiiieee!!!""","""If there's any virtue in you, we'll meet again on the mountain of Purgatory!! ......Diiiiiiiieee!!!"" ","""If you possess the slightest virtue, you shall have an audience again on the mountain of Purgatory!!  .........Diiiiiiiieee!!!""",「貴様に多少の徳があるならば、再び煉獄の山で会いまみえようぞッ！！………死ねぇえええええぇッ！！！」,「貴様に多少の徳があるならば、再び煉獄の山であいまみえようぞッ！！　………死ねぇえええええぇッ！！！」,"""Если ты обладаешь хоть какой‐то добродетелью, ты вновь удостоишься аудиенции на горе чистилища! Умри‐и‐и‐и!!!""","""Se você possui virtudes mínimas, certamente teremos uma nova audiência no Monte Purgatório!! .........Morraaaaaaaaaaa!!!""",「你若多少有点德行的话，那就在炼狱之山再会吧——！！………死吧————————！！！」,「你若多少有點德行的話，那就在煉獄之山再會吧——！！………死吧————————！！！」,"""Se possiedi una minima virtù, avrai ancora un'udienza sulla montagna del Purgatorio!! ... Muoooooooooriii!!!""","""¡¡Si posees la más mínima virtud, volverás a tener una audiencia en el Monte Purgatorio!!... ¡¡¡Mueeeeeere!!!""",""" ﺇﺫﺍ ﻛﻨﺖِ ﺗﺘﺤﻠﻴﻦ ﺑﺸﻲﺀٍ ﻣﻦ ﺍﻟﻔﻀﻴﻠﺔ، ﻓﺴﺘﺤﻈَﻴﻦ ﺑﻠﻘﺎﺀٍ ﺁﺧﺮ ﻋﻠﻰ ﺟﺒﻞ ﺍﻟﻤَﻄْﻬَﺮ. ﻣﻮﻭﻭﻭﻭﺗﻲ.........!!!"""
,The upper half of Sumadera Kasumi's head shattered.,The upper half of Sumadera Kasumi's head was smashed. ,The upper half of Sumadera Kasumi's head was smashed.,須磨寺霞の頭部、上半分が、砕け散る。,[=JP],Верхняя половина головы Сумадеры Касуми разбилась.,A parte superior da cabeça de Sumadera Kasumi despedaçou‐se.,须磨寺霞的上半个头部爆碎四散。,須磨寺霞的上半個頭部爆碎四散。,La metà superiore della testa di Sumadera Kasumi fu distrutta.,La parte de arriba de la cabeza de Sumadera Kasumi fue destruida., ﺗﻬﺸﻢ ﺍﻟﻨﺼﻒ ﺍﻟﻌﻠﻮﻱ ﻣﻦ ﺭﺃﺱ ﺳﻮﻣﺎﺩﻳﺮﺍ ﻛﺎﺳﻮﻣﻲ.
,"......Her cage of flesh was broken, ......and she was finally released......","...Her cage of flesh was shattered, ...and she was finally released... ","......Her cage of flesh was shattered, ......and she was finally released......",……彼女の肉の檻が破られ、……ようやく彼女は、解放されたのだった……。,[=JP],Её клетка из плоти оказалась разрушена и она наконец‐то была освобождена...,"......Sua gaiola de carne foi quebrada, ......e ela finalmente foi libertada......",……她的肉体牢笼被打破，……她终于，获得了解放……。,……她的肉體牢籠被打破，……她終於，獲得了解放……。,... La sua prigione di carne fu frantumata... e fu finalmente liberata...,... Su jaula de carne fue rota... y ella finalmente fue liberada..., ...ﻭﺗﺤﻄَّﻢ ﻗﻔﺼﻬﺎ ﺍﻟﻠﺤﻤﻲ، ......ﻭﺣُﺮِّﺭﺕ ﺃﺧﻴﺮًﺍ......
Ushiromiya Ange,""".........And now...it's just you. ...........The black witch. ......At this point, I feel bad for even seeing a resemblance to Aunt Eva in you.""","""......Next is you. ......The black witch. ...By now, I think even the fact that you look like Aunt Eva is inexcusable to her."" ",""".........Next is you.  ...........The black witch.  ......By now, I think even the fact that you look like Eva oba-san is inexcusable to her.""",「………あとは、あんたね。…………黒き魔女。……今となっては、あなたに絵羽伯母さんの面影を見ていることさえ、彼女に申し訳なく思うわ。」,「………あとは、あんたね。…………黒き魔女。……今となっては、あなたに絵羽伯母さんの面影を見ていることさえ、彼女に申し訳なく思うわ」,""".........Ты следующая. ...........Чёрная ведьма. ......Я считаю, что даже то, что ты выглядишь как тётя Ева, непростительно по отношению к ней.""",""".........E agora...é só você. ...........Bruxa da escuridão. ......A essa altura, eu me sinto mal só por ver o semblante da tia Eva em você.""",「………接下来，就是你了呢。…………黑魔女。……到现在，就连从你脸上看到绘羽姑母的面影，都对她感到抱歉。」,「………接下來，就是你了呢。…………黑魔女。……到現在，就連從你臉上看到繪羽姑母的面影，都對她感到抱歉。」,"""... La prossima sei tu. ... La strega nera. ... Ora come ora, penso che persino il fatto che tu assomigli a Eva oba-san sia imperdonabile.""","""... Y ahora... sigues tú... Bruja negra... En este momento, me siento mal por ver un parecido a la tía Eva en ti.""","""ﻭﺍﻵﻥ...ﺣﺎﻥ ﺩﻭﺭﻙ. ﺃﻳُّﺘﻬﺎ ﺍﻟﺴَّﺎﺣﺮﺓ ﺍﻟﺴﻮﺩﺍﺀ............ ﺃﺷﻌﺮ ﺃﻥَّ ﻇﻬﻮﺭﻙِ ﻟﻲ ﻋﻠﻰ ﻫﻴﺌﺔ ﺍﻟﻌﻤﺔ ﺇﻳﻔﺎ ﻓﻴﻪ ﻇﻠﻢٌ ﻟﻬﺎ."""
{f:5:Eva Beatrice},"""Heh, ......heheheheheh. ...If my form still looks like Ushiromiya Eva, that means you still haven't been able to forgive ""me"" inside yourself.""","""Heh, ...heheheheheh. ...If my form still looks like Ushiromiya Eva, that means you still haven't been able to forgive ""me"" inside yourself."" ","""Heh, ......heheheheheh.  ...If my form still looks like Ushiromiya Eva, that means you still haven't been able to forgive 'me' inside yourself.",「ふ、……ふっふふふふふ。…私の姿が、未だに右代宮絵羽に見えているなら、それはあんたの中で、未だに“私”が許せてないということだわぁ。,「ふ、……ふっふふふふふ。…私の姿が、未だに右代宮絵羽に見えているなら、それはあんたの中で、未だに“私”が許せてないということだわぁ」,"""Хе... хе‐хе‐хе‐хе‐хе‐хе. Если я всё ещё выгляжу как Уширомия Ева, это значит, что в глубине души ты всё ещё не способна простить 'меня'.""","""Heh, ......heheheheheh. ...Se minha fisionomia ainda se assemelha à Ushiromiya Eva, isso significa que você ainda não foi capaz de perdoar a ""eu"" dentro de você.""",「哼、……哼、哼哼哼哼哼。…你若是还在把我的外观看成是右代宫绘羽的话，那这就代表着，在你的心中，还没有原谅“我”。」,「哼、……哼、哼哼哼哼哼。…你若是還在把我的外觀看成是右代宮繪羽的話，那這就代表著，在你的心中，還沒有原諒“我”。」,"""Heh... heheheheheh. ... Se la mia forma assomiglia ancora a Ushiromiya Eva, ciò significa che ancora non sei stata capace di perdonare ‘me’ dentro di te.","""Je... jejejejeje... Si mi forma sigue siendo como la de Ushiromiya Eva, significa que aún no has sido capaz de perdonar al ""yo"" dentro de ti.""","""ﻫﻴﻪ، ......ﻫﻴﻬﻴﻬﻴﻬﻴﻬﻴﻬﻲ. ...ﺇﺫﺍ ﻛﻨﺖُ ﻻ ﺃﺯﺍﻝ ﺃﺑﺪﻭ ﻟﻚِ ﺑﻮﺟﻪ ﺃﻭﺷﻴﺮﻭﻣﻴﺎ ﺇﻳﻔﺎ، ﻓﻬﺬﺍ ﻳﻌﻨﻲ ﺃﻧَّﻚِ ﻓﻲ ﺃﻋﻤﺎﻗﻚِ ﻟﻢ ﺗﺴﺎﻣﺤﻴﻬﺎ ﺑﻌﺪ."""
{f:5:Eva Beatrice},"""I understand, Ange. ............You also want to be released from your thorn‐covered life more than anything.""","""I understand, Ange. ......Even you want to be released from your thorn-filled life more than anything."" ","I understand, Ange.  ............You also want to be released from your thorn-covered life more than anything.""",わかっているのよ、縁寿。…………あんただって棘まみれの人生から解放されたくて、仕方がないのを。」,「わかっているのよ、縁寿。…………あんただって棘まみれの人生から解放されたくて、仕方がないのを」,"""Я понимаю, Энджи. ............Ты тоже больше всего на свете желаешь освободиться от своей покрытой терниями жизни.""","""Eu entendo, Ange. ............Mais do que qualquer coisa, você também deseja ser libertada de sua vida coberta de espinhos.""",「明白吗，缘寿？…………你自己也是，在迫不及待地想从这布满荆棘的人生中获得解放哦？」,「明白嗎，緣壽？…………你自己也是，在迫不及待地想從這布滿荊棘的人生中獲得解放哦？」,"Io lo capisco, Ange. ... Anche tu vuoi più di ogni altra cosa essere liberata dalla tua vita coperta di rovi.""","""Te entiendo, Ange... Tú también quieres liberarte de tu vida cubierta de espinas más que nada.""","""ﻛﻤﺎ ﺗﻮﻗﻌﺖ ﻳﺎ ﺇﻧﺠﻲ. ...ﺣﺘﻰ ﺃﻧﺖِ ﺗﺮﻳﺪﻳﻦ ﺍﻟﺘﺤﺮﺭ ﻣﻦ ﺣﻴﺎﺗﻚِ ﺍﻟﺸﺎﺋﻜﺔ."""
Ushiromiya Ange,"""....................................""","""............"" ","""........................""",「………………………………。」,「………………………………」,[=OG],[=UP],[=JPC],[=JPC],"""...""",[=ITA],[=UP]
{f:5:Eva Beatrice},"""In that case, ......I've thought of something interesting. I'll show you magic as well. .........I won't be the one to kill you.""","""In that case, ...I thought of something interesting. I'll show you magic as well. ......I won't be the one to kill you."" ","""In that case, ......I thought of something interesting.  I'll show you magic as well.  .........I won't be the one to kill you.""",「なら、……面白いことを思いついたわ。私も、あんたに魔法を見せてあげる。………あんたを殺すのは私じゃないわ。」,「なら、……面白いことを思いついたわ。私も、あんたに魔法を見せてあげる。………あんたを殺すのは私じゃないわ」,"""Поэтому... я придумала кое‐что интересное. Я тоже покажу тебе магию. .........Я не буду тем, кто убьёт тебя.""","""Neste caso, ......eu pensei em algo interessante. Também irei mostrar a magia para você. .........Não será eu quem vai matá‐la.""",「那么，……我想到了个有趣的点子哦。我也给你看看魔法吧。………要杀你的，不是我。」,「那麼，……我想到了個有趣的點子哦。我也給你看看魔法吧。………要殺你的，不是我。」,"""In questo caso... ho pensato a qualcosa di interessante. Anche io ti mostrerò una magia. ... Non sarò io quella ad ucciderti.""","""En ese caso... pensé en algo interesante. También te mostraré magia... No seré yo quien te mate.""","""ﻟﻬﺬﺍ، ...ﻓﻜﺮﺕُ ﻓﻲ ﺷﻲﺀٍ ﻣﺜﻴﺮ. ﺳﺄﺭﻳﻚِ ﺍﻟﺴﺤﺮ ﺃﻳﻀًﺎ. ...ﻟﻦ ﺃﻛﻮﻥ ﺃﻧﺎ ﻗﺎﺗﻠﺘﻚ"""
,"With the worst smile on her face, the black witch changed her form into something like a black mist, ...or else a vast swarm of black flying insects, which began to swirl around me.","With the worst of smiles on her face, the black witch changed her form into something like a black mist, ...or else a vast swarm of black flying insects, which began to swirl around me. ",[=UP],黒き魔女は最悪の笑顔を浮かべると、その姿を、黒い霧のように、…あるいは大量の黒い羽虫の群に変えると、私を中心に渦を巻き始める。,黒き魔女は最悪の笑顔を浮かべると、その姿を、黒い霧のように、…あるいは大量の黒い羽虫の群れに変えると、私を中心に渦を巻き始める。,"С наипротивнейшей из своих улыбок, чёрная ведьма превратилась в нечто, напоминающее чёрный туман, или же на рой летающих чёрных насекомых, которые принялись кружить около меня.","Com o pior dos sorrisos estampado em sua face, a bruxa da escuridão mudou sua forma para algo similar a uma névoa negra, ...ou talvez um vasto enxame de insetos voadores obscuros, que passaram a formar um redemoinho ao meu redor.",黑魔女浮现出了阴邪至极的笑容，其身姿化为黑雾，…或大群的黑色羽虱，以我为中心卷起了旋涡。,黑魔女浮現出了陰邪至極的笑容，其身姿化為黑霧，…或大群的黑色羽虱，以我為中心捲起了旋渦。,"Con il peggior sorriso sul suo volto, la strega nera cambiò la sua forma in qualcosa come una nebbia nera... o forse un vasto sciame di neri insetti volanti, che cominciarono a turbinare attorno a me.","Con la peor sonrisa en su cara, la bruja negra cambió su forma en algo así como niebla negra... algo como un gran enjambre de insectos, los cuales comenzaron a volar alrededor mío.",ﻭﺑﺄﺳﻮﺃ ﺍﺑﺘﺴﺎﻣﺔٍ ﻋﻠﻰ ﻣﺤﻴﺎﻫﺎ، ﻏﻴَّﺮﺕ ﺍﻟﺴَّﺎﺣﺮﺓ ﺍﻟﺴﻮﺩﺍﺀ ﻫﻴﺌﺘﻬﺎ ﺇﻟﻰ ﺷﻲﺀٍ ﻳﺸﺒﻪ ﺍﻟﻀﺒﺎﺏ ﺍﻷﺳﻮﺩ، ﺃﻭ ﺭﺑَّﻤﺎ ﺇﻟﻰ ﺳﺮﺏ ﻫﺎﺋﻞ ﻣﻦ ﺍﻟﺤﺸﺮﺍﺕ ﺍﻟﺴﻮﺩﺍﺀ ﺍﻟﻄﺎﺋﺮﺓ، ﺍﻟﺬﻱ ﺑﺪﺃ ﻳﺪﻭﺭ ﺣﻮﻟﻲ...
,"Then that black mist began to amass bit by bit, ......shaping itself into the form of a human.","Then, that black mist began to gather bit by bit, ...shaping itself into the form of a human. ","Then that black mist began to gather bit by bit, ......shaping itself into the form of a human.",そしてその黒い霧は少しずつ集まり、……人の姿を模っていく。,[=JP],"Затем этот туман начала собираться по крупицам, формируясь в фигуру, напоминающую человека.","A névoa negra começou a se aglomerar pouco a pouco, ......moldando‐se na forma de um humano.",然后这黑雾慢慢一点点地集中于一处，……堆叠起了人形。,然後這黑霧慢慢一點點地集中於一處，……堆疊起了人形。,Poi quella nebbia nera cominciò a radunarsi poco a poco... prendendo la forma di un essere umano.,Entonces esa niebla negra comenzó a juntarse poco a poco... tomando la forma de un humano., ﺛﻢ ﺑﺪﺃ ﺫﻟﻚ ﺍﻟﻀﺒﺎﺏ ﺍﻷﺳﻮﺩ ﻳﺘﺠﻤَّﻊ ﺷﻴﺌًﺎ ﻓﺸﻴﺌًﺎ، ......ﻣُﺸﻜِّﻼً ﻧﻔﺴﻪ ﻋﻠﻰ ﻫﻴﺌﺔ ﺑﺸﺮﻱ.
Ushiromiya Ange,""".....................What's this supposed to be......""",""".........What's this supposed to be...?"" ","""..................What's this supposed to be......""",「…………………何の真似……。」,「…………………何の真似……」,"""..................Что же это может быть?""",""".....................O que deveria ser isto......?""",「…………………你要干嘛……？」,「…………………你要幹嘛……？」,"""... Cosa dovrebbe essere...""","""... ¿Qué se supone que es esto?...""","""......ﻣﺎﺫﺍ ﻳُﻔﺘﺮﺽ ﺃﻥ ﻳﻜﻮﻥ ﻫﺬﺍ....................."""
{f:5:Eva Beatrice},Ehheheheheh! I think you know very well what!{n}That woman you hated and despised the most!{n}And that woman hated and despised you the most as well...!,"Hehheheheheh! You've got at least a vague idea, don't you?! {n}It's the woman you hated and despised the most! {n}The woman who hated and despised you the most...! ","Ehheheheheh!You at least have a vague idea, don't you?!{n}That woman you hated and despised the most!{n}And that woman hated and despised you the most...!",うっふふふふふ！薄々は想像がついてるくせに！{n}あんたが、もっとも憎み、恨んだ、あの女よ！{n}そして女もあなたをもっとも恨み、憎んだ…！,うっふふふふふ！　薄々は想像がついてるくせに！{n}あんたが、もっとも憎み、恨んだ、あの女よ！{n}そして女もあなたをもっとも恨み、憎んだ…！,"Эхе‐хе‐хе‐хе! Ты же догадываешься, не так ли?!{n}Эту женщину ты ненавидишь и презираешь больше всего на свете!{n}И она также больше всего на свете ненавидит и презирает тебя!",Ehheheheheh! Acredito que você saiba muito bem o que é!{n}A mulher que você mais odeia e abomina!{n}A mulher que mais odeia e abomina você...!,呜、哼哼哼哼哼！明明都隐隐约约地想象到了吧？！{n}是你最最憎恨的那个女人哟！{n}而她，也最最憎恨你…！,嗚、哼哼哼哼哼！明明都隱隱約約地想像到了吧？！{n}是你最最憎恨的那個女人喲！{n}而她，也最最憎恨你…！,"Ehheheheheh! Ne hai almeno un'idea, vero?! {n}Quella donna che tu hai odiato e disprezzato di più! {n}E quella donna che più odia e disprezza te...!","¡Ejejejeje! Por lo menos ya tienes una idea vaga, ¡¿no es así?!{n}¡Esa mujer que odiabas y detestabas más que a nadie!{n}¡Y esa mujer que te odiaba y detestaba más que a nadie!...", ﻫﻴﻬﻴﻬﻴﻬﻴﻬﻴﻬﻲ! ﻻ ﺃﻇﻨﻬﺎ ﺗﺨﻔﻰ ﻋﻠﻴﻚِ!{n} ﺇﻧَّﻬﺎ ﺍﻟﻤﺮﺃﺓ ﺍﻟﺘﻲ ﻛﺮﻫﺘِﻬﺎ ﺑﺸﺪﺓ!{n} ...ﻭﻫﻲ ﺃﻳﻀًﺎ ﺑﺎﺩﻟﺘﻚِ ﺍﻟﻜﺮﻩ!
,"When the black mist cleared, .........over there was............Aunt Eva's form, ......as she had been while alive.","When the black mist cleared, ......over there was... Aunt Eva's form, ...as she had been during her life. ","When the black mist cleared, .........over there was, ............Eva oba-san's form, ......as she had been while alive.",　黒い霧が晴れると、………そこには、…………在りし日の、……絵羽伯母さんの姿が。,黒い霧が晴れると、………そこには、…………在りし日の、……絵羽伯母さんの姿が。,"Когда чёрный туман рассеялся, на его месте возник образ тёти Евы, какой она была при жизни.","Quando a névoa negra clareou, .........lá estava............a forma da tia Eva, ......como se ela estivesse viva.",黑雾散去，………在那出现的是，…………往昔的，……绘羽姑母。,黑霧散去，………在那出現的是，…………往昔的，……繪羽姑母。,Quando la nebbia nera schiarì... lì c'era... la forma di Eva oba-san... come quando era ancora viva.,"Cuando la niebla negra se aclaró... en ese lugar estaba... la forma de la tía Eva, como ella había sido cuando estaba viva.", ﻋﻨﺪﻣﺎ ﺍﻧﺠﻠﻰ ﺍﻟﻀﺒﺎﺏ ﺍﻷﺳﻮﺩ، ...ﻓﺈﺫﺍ ﺑـ........ ...ﻫﻴﺌﺔ ﻋﻤﺘﻲ ﺇﻳﻔﺎ، ﻛﻤﺎ ﻛﺎﻧﺖ ﻭﻫﻲ ﻋﻠﻰ ﻗﻴﺪ ﺍﻟﺤﻴﺎﺓ......
,......In her hands...she was holding a gun.,...Her hands...were holding a gun. ,......Her hands...were holding a gun.,……その手には、銃を持っていた。,[=JP],В своих руках... она держала ружьё.,......Em suas mãos...ela estava segurando uma arma.,……她的手上，拿着枪。,……她的手上，拿著槍。,... Le sue mani... stavano tenendo un fucile.,... En sus manos... sostenía un arma., ﻓﻲ ﻳﺪﻳﻬﺎ...ﻛﺎﻧﺖ ﺗﺤﻤﻞ ﺳﻼﺣًﺎ......
Ushiromiya Ange,"""...............Aunt Eva......died.""","""......Aunt Eva... died."" ","""............Eva oba-san, ......died.""",「……………絵羽伯母さんは、……死んだわよ。」,「……………絵羽伯母さんは、……死んだわよ」,"""Тётя Ева... умерла.""","""...............A tia Eva......morreu.""",「……………绘羽姑母，……已经死了。」,「……………繪羽姑母，……已經死了。」,"""... Eva oba-san... è morta.""","""... Mi tía Eva... está muerta.""","""......ﻋﻤﺘﻲ ﺇﻳﻔﺎ... ﻣﺎﺗﺖ..."""
Ushiromiya Eva,"""*giggle*, long time no see, Angeeee. ......I've returned from hell to kill youu! *cackle*cackle*!!""","""*giggle* Long time no see, Angeeee. ...I've come back from hell to kill youu! *cackle*cackle*!!"" ","""*giggle*, long time no see, Angeeee.  ......I've returned from hell to kill youu!  *cackle*cackle*!!""",「くすくす、お久し振りねぇ、縁寿ぇえぇ。……あんたを殺すために、地獄から戻ってきたわよぅ！　くっくっくっく！！」,[=JP],"""*хи‐хи*, давно не виделись, Энджи‐е. .....Я вернулась из ада, чтобы убить тебя! *хи‐хи*хи‐хи*!""","""*risos*, há quanto tempo, Angeeee. ......Eu retornei do inferno para matar você! *gargalhada*gargalhada*!!""",「呵呵，好久不见了呢，缘寿～～～。……为了杀你，我从地狱回来了哟！哼哼哼哼！！」,「呵呵，好久不見了呢，緣壽～～～。……為了殺你，我從地獄回來了喲！哼哼哼哼！！」,"""*giggle*, quanto tempo, Angeeee. ... Sono tornata dall'inferno per uccidertiii! *cackle*cackle*!!""","""*risita*, cuánto tiempo, Angeeee... ¡He regresado del infierno para mataaaarte! ¡¡*carcajada*carcajada*!!"""," *ﺿﺤﻚ* ﻣﻀﻰ ﻭﻗﺖٌ ﻃﻮﻳﻞ ﻣﻨﺬ ﺍﻟﺘﻘﻴﻨﺎ ﻳﺎ ﺇﻧﺠــــــﻲ. ...ﻋﺪﺕُ ﻣﻦ ﺍﻟﺠﺤﻴﻢ ﻷﺟﻠﻚ! *ﻗﻬﻘﻬﺔ*ﻗﻬﻘﻬﺔ*!!"""
,"Aunt Eva glared at me, laughing madly.",Aunt Eva glared at me with a mad laugh. ,Eva oba-san glared at me with a mad laugh.,絵羽伯母さんは狂った笑いで私を睨む。,絵羽伯母さんは錯乱したように笑いながら、私を睨む。,"Тётя Ева смотрела на меня, смеясь сумасшедшим смехом.","A tia Eva me encarou, rindo ensandecidamente.",绘羽姑母狂笑着瞪视着我。,繪羽姑母狂笑著瞪視著我。,Eva oba-san mi fissò ridendo follemente.,"La tía Eva me fulminó con la mirada, riendo a carcajadas.", ﺣﺪَّﻗﺖ ﺍﻟﻌﻤَّﺔ ﺇﻳﻔﺎ ﺑﻲ، ﻭﻫﻲ ﺗﻀﺤﻚ ﺑﺠﻨﻮﻥ.
Ushiromiya Ange,"""But......I'm not that surprised. Aunt Eva was that kind of person.""","""But...I'm not that surprised. Aunt Eva was that kind of person."" ","""But, ......I'm not that surprised.  Eva oba-san was that kind of person.""",「でも、……あまり驚かないわ。絵羽伯母さん、そういう人だったし。」,「でも、……あまり驚かないわ。絵羽伯母さん、そういう人だったし」,"""Но... я не очень‐то удивлена. Тётя Ева была таким человеком.""","""Mas......eu não estou surpresa. A tia Eva era esse tipo de pessoa.""",「不过，……我倒并不怎么吃惊。绘羽姑母本来就是这样的人。」,「不過，……我倒並不怎麼吃驚。繪羽姑母本來就是這樣的人。」,"""Ma... non sono così sorpresa. Eva oba-san era quel tipo di persona.""","""Pero... no estoy tan sorprendida. La tía Eva era ese tipo de persona.""","""ﻟﺴﺖُ......ﻣﺘﻔﺎﺟﺌﺔ. ﻫﺬﺍ ﻟﻴﺲ ﺑﻐﺮﻳﺐ ﻋﻦ ﺍﻟﻌﻤﺔ ﺇﻳﻔﺎ."""
Ushiromiya Eva,"""I imagine my funeral cleared your mood up quite a bit, didn't it? It did for me too, because it meant that I never have to see your face again...! But I did have just one regret. And this is it!!""","""I imagine my funeral came as quite a relief to you, right? I feel the same, since I'll never have to see your face again...! But I had just one regret."" ""And this is it!!"" ","""I imagine your mood's cleared up quite a bit since my funeral, right?  Mine has too, since I never have to see your face again...!  But I had just one regret.And this is it!!""",「私のお葬式はさぞや気分が晴れ晴れしたでしょう？　私も晴れ晴れしていたわよぅ、あんたの面を二度と見なくて済むようになるんだからねぇ…！　でもたったひとつだけ心残りがあったわ。それがこれよッ！！」,[=JP],"""Я полагаю, твоё настроение немного улучшилось после моих похорон, верно? Моё тоже, поскольку мне не придётся больше видеть твоё лицо! Но я сожалела лишь об одном. Вот об этом!""","""Eu imagino que meu funeral tenha sido um alívio para você, não? Também foi para mim, porque significou que eu nunca mais teria que ver sua cara...! Mas eu deixei um arrependimento. E é este!!""",「我的葬礼，想必肯定令你心情舒畅吧？我也心情舒畅哟，因为，再也不用见到你的脸了…！但是，我心中留下了桩唯一的遗憾。而它，就是这个哟！！」,「我的葬禮，想必肯定令你心情舒暢吧？我也心情舒暢喲，因為，再也不用見到你的臉了…！但是，我心中留下了樁唯一的遺憾。而它，就是這個喲！！」,"""Immagino che il tuo umore sia migliorato un po' dal mio funerale, giusto? Anche il mio, dato che non dovevo più vedere la tua faccia...! Ma ho solo un rimpianto. Ed è questo!!""","""Imagino que tu humor mejoró un poco desde mi funeral, ¿verdad? ¡El mío también, ya que nunca tendría que volver a ver tu cara!... Pero solo tengo un arrepentimiento. ¡¡Y es este!!""","""ﻻ ﺑﺪَّ ﻭﺃﻥَّ ﺟﻨﺎﺯﺗﻲ ﺑﻌﺜﺖ ﻓﻴﻚِ ﺷﻌﻮﺭًﺍ ﺑﺎﻟﺮﺍﺣﺔ، ﺻﺤﻴﺢ؟ ...ﺍﻷﻣﺮ ﺫﺍﺗﻪ ﻳﻨﻄﺒﻖ ﻋﻠﻲ، ﻓﻘﻂ ﺃﺭﺍﺣﺘﻨﻲ ﻣﻦ ﺭﺅﻳﺔ ﻭﺟﻬﻚِ ﺇﻟﻰ ﺍﻷﺑﺪ! ﻟﻜﻦ ﺗﺒﻘﻰ ﻟﻲ ﺃﺳﻒٌ ﻭﺣﻴﺪٌ ﻓﻲ ﺍﻟﺪﻧﻴﺎ. ﻭﻫﻮ ﻫﺬﺍ!!"""
Ushiromiya Ange,""".........Killing me? ............Was that your last request?""","""......Killing me? ......Was that your last request?"" ",""".........Killing me?  .........Was that your last request?""",「………私を、殺すこと？　…………それが最後の遺言だったの？」,[=JP],""".........Хочешь убить меня? .........Это твоё последнее желание?""",""".........Me matar? ............Este é seu último desejo?""",「………指，杀我？…………这就是你最后的遗言？」,「………指，殺我？…………這就是你最後的遺言？」,"""... Uccidermi? ... Era questa la tua ultima richiesta?""","""... ¿Matarme?... ¿Esa era tu última petición?""","""...ﻗﺘﻠﻲ؟ ... ﺃﻛﺎﻧﺖ ﺗﻠﻚ ﺃﻣﻨﻴﺘﻚ ﺍﻷﺧﻴﺮﺓ؟"""
,"How pitiful. ......Even after death, ......Aunt wasn't released from her suffering......","How pitiful. ...Even after death, ...my aunt wasn't released from her pain... ","How pitiful.......Even after death, ......Oba-san wasn't released from her pain......",哀れね。……死んでもなお、……伯母さんは苦しみから、解放されなかったのね……。,[=JP],Какая жалость. Даже после смерти тётя не освободилась от своей боли...,"Coitada. ......Mesmo depois da morte, ......a tia Eva não foi libertada de seu sofrimento......",可悲。……姑母是死了，……都还没能从苦楚中，得到解放呢……。,可悲。……姑母是死了，……都還沒能從苦楚中，得到解放呢……。,Che pena. ... Anche dopo la morte... oba-san non è stata liberata dal suo dolore...,Qué lástima... Incluso después de la muerte... mi tía no fue liberada de su dolor..., ﻣﺜﻴﺮﺓٌ ﻟﻠﺸﻔﻘﺔ. ...ﺣﺘﻰ ﺑﻌﺪ ﻣﻮﺗﻚِ، ......ﻟﻢ ﺗﺘﺤﺮَّﺭﻱ ﻣﻦ ﺃﻟﻤﻚِ ﻳﺎ ﻋﻤﺘﻲ.
Ushiromiya Eva,"""It was the black witch's power that was the source of my magic. Anger and hatred taught me how to work hard and persist. Completely different from the escapist magic that you speak of!""","""The black witch's power is itself the source of my magic. Anger and hatred taught me how to work hard and persist. Completely different from this magic to escape reality that you speak of!"" ","""The black witch's power is itself the source of my magic.  Anger and hatred taught me how to work hard and persist.  Completely different from this magic to escape reality that you speak of!""",「黒き魔女の力こそが私の魔法の源泉だったわ。怒りと憎しみが、私に努力と不屈を教えてくれた。それはあんたの言う、現実逃避の魔法とはまったく違うの！」,[=JP],"""Сила чёрной ведьмы и есть мой источник магии. Гнев и ненависть научили меня работать жёстко и упорно. Совсем не то что магия для побега от реальности, о которой ты говоришь!""","""A bruxa da escuridão era a fonte de poder da minha magia. A raiva e o ódio me ensinaram a trabalhar duro e ser persistente. Completamente diferente de sua magia de escapismo que você tanto fala!""",「黑魔女之力即是我的魔法的源泉。愤怒与憎恨教给了我努力与不屈。这与你高谈阔论的，逃避现实的魔法可完全不同！」,「黑魔女之力即是我的魔法的源泉。憤怒與憎恨教給了我努力與不屈。這與你高談闊論的，逃避現實的魔法可完全不同！」,"""Il potere della strega nera è esso stesso la fonte della mia magia. Rabbia e odio mi hanno insegnato come lavorare duramente e persistere. Completamente diverso da questa magia per scappare dalla realtà di cui tu parli!""","""El poder de la bruja negra es en sí mismo el origen de mi magia. La rabia y el odio me enseñaron a trabajar duro y persistir. ¡Completamente diferente a esa magia para escapar de la realidad de la que hablas!""","""ﻗﻮﺓ ﺍﻟﺴﺎﺣﺮﺓ ﺍﻟﺴﻮﺩﺍﺀ ﻫﻲ ﻣﺼﺪﺭ ﺳﺤﺮﻱ. ﺍﻟﻐﻀﺐ ﻭﺍﻟﺤﻘﺪ ﻋَﻠَّﻤَﺎﻧﻲ ﺍﻻﺟﺘﻬﺎﺩ ﻭﺍﻹﺻﺮﺍﺭ. ﻳﺨﺘﻠﻒ ﻛﻞَّ ﺍﻻﺧﺘﻼﻑ ﻋﻦ ﺳﺤﺮ ﺍﻟﺘﻬﺮُّﺏ ﺍﻟﺬﻱ ﺗﺘﺤﺪﺛﻴﻦ ﻋﻨﻪ!"""
Ushiromiya Ange,"""......The magic you speak of is nothing more than stress reduction through outbursts of anger. ......Our magic is different. It can remake the entire world. .........It's of a completely different class than your ill‐natured magic.""","""...The magic you speak of is nothing more than stress reduction through outbursts of anger. ...Our magic is different. It can remake the entire world. ......It's in a totally different class than your wicked magic."" ","""......The magic you speak of is nothing more than stress reduction through outbursts of anger.  ......Our magic is different.  It can remake the entire world.  .........It's of a completely different class than your ill-natured magic.""",「……あんたの言う魔法なんて、ただの八つ当たりによるストレス解消だわ。……私たちの魔法は違う。世界そのものを作り変えるの。………あんたの性悪魔法とは、まったく格が違う。」,「……あんたの言う魔法なんて、ただの八つ当たりによるストレス解消だわ。……私たちの魔法は違う。世界そのものを作り変えるの。………あんたの性悪魔法とは、まったく格が違う」,"""......Магия, про которую ты говоришь, не более чем снижает стресс при помощи вспышек гнева и злости. .....Наша магия другая. Она может изменить весь мир. .........Она совершенно иного ранга, чем твоя отравляющая магия.""","""......A magia que você tanto fala não é nada mais do que a redução do estresse através de uma exteriorização da raiva. ......Nossas magias são diferentes. Ela pode repintar todo o mundo. .........Está em um nível completamente diferente da sua magia colérica.""",「……你所说的魔法，只不过是迁怒于人发泄压力。……我们的魔法可不一样。它能改变世界本身。………与你那恶劣的魔法根本不在同一级别。」,「……你所說的魔法，只不過是遷怒于人發泄壓力。……我們的魔法可不一樣。它能改變世界本身。………與你那惡劣的魔法根本不在同一級別。」,"""... La magia di cui parli non è niente più che riduzione dello stress attraverso sfoghi di rabbia. ... La nostra magia è diversa. Può ricreare l'intero mondo. {n}È di una classe completamente diversa rispetto alla tua magia malata.""","""... La magia de la que tú hablas no es nada más que la reducción de estrés mediante brotes de ira... Nuestra magia es diferente. Puede reconstruir el mundo entero... Es una clase completamente diferente que tu magia ordinaria.""","""...ﺳﺤﺮﻙ ﻟﻴﺲ ﺇﻻ ﺗﻨﻔﻴﺴًﺎ ﻋﻦ ﺍﻟﺘﻮﺗﺮ ﺑﻨﻮﺑﺎﺕٍ ﻣﻦ ﺍﻟﻐﻀﺐ. ...ﺳﺤﺮﻧﺎ ﻣﺨﺘﻠﻒ. ﻓﺒﻮﺳﻌﻪ ﺇﻋﺎﺩﺓ ﺇﻧﺸﺎﺀ ﻋﺎﻟﻢٍ ﺑﺄﺳﺮﻩ. ...ﺇﻧَّﻪ ﻣﻦ ﻃﺒﻘﺔٍ ﻣﺨﺘﻠﻔﺔٍ ﺗﻤﺎﻣًﺎ ﻋﻦ ﺳﺤﺮﻙ ﺍﻟﺨﺒﻴﺚ."""
Ushiromiya Eva,"""*snicker*!! In that case, I'll settle it here, once and for all—which comes out on top, black or white...!! By my black magic, I have performed a miracle that has allowed me to revive and point a gun at you like this, even after death. With what kind of miracle will your white magic fight back?""","""*giggle*!! In that case, let's settle which is the victor right now, black or white...!! You see my black magic miracle, reviving even after death and pointing a gun at you like this. How exactly do you intend to stop that with a miracle of white magic?"" ","""*giggle*!!  In that case, let's settle who will win right here, black or white...!!  Against my miracle done by black magic of reviving even after death and pointing a gun at you like this, what kind of miracle will your white magic oppose me with?",「くすくす！！　なら、黒と白のどちらが勝つか、この場で決着をつけてあげる…！！死してなお、黒き魔法で復活してあんたをこうして銃口で狙える私の奇跡に、あんたの白き魔法はどんな奇跡で対抗を？,「くすくす！！　なら、黒と白のどちらが勝つか、この場で決着をつけてあげる…！！　死してなお、黒き魔法で復活してあんたをこうして銃口で狙える私の奇跡に、あんたの白き魔法はどんな奇跡で対抗を？」,"""*хи‐хи*! Тогда давайте решим, кто победит прямо здесь, чёрные или белые! Против моего чуда, сотворённого чёрной магией воскрешения даже после смерти, и нацеленного на тебя оружия, какое чудо твоя белая магия может противопоставить мне?""","""*risos*!! Neste caso, vou acabar com tudo aqui, de uma vez por todas — veremos quem triunfará, preto ou branco...!! Com minha magia negra, eu performei um milagre que me permitiu reviver e apontar uma arma para você, mesmo após a morte. Será que sua magia alva é capaz de subjugar este milagre?""",「呵呵！！那么，黑与白哪个更强，就在此地分个胜负吧…！！对于死了都还能靠黑魔法复活，像这样用枪口指着你的，我的奇迹，你的白魔法，是要用怎样的奇迹来进行对抗呀？」,「呵呵！！那麼，黑與白哪個更強，就在此地分個勝負吧…！！對於死了都還能靠黑魔法復活，像這樣用槍口指著你的，我的奇跡，你的白魔法，是要用怎樣的奇跡來進行對抗呀？」,"""*giggle*!! In questo caso, sistemiamo chi vincerà proprio qui, nero o bianco...!! Contro il mio miracolo grazie alla magia nera di resuscitare perfino dopo la morte e puntarti contro un fucile, con che tipo di miracolo la tua magia bianca mi si opporrà?","""¡¡*risita*!! ¡¡En ese caso, decidamos quién ganará aquí mismo, la magia negra o la blanca!!... Con mi magia negra, he conseguido un milagro que me permite revivir y apuntarte con un arma justo así, incluso después de morir. ¿Con qué clase de milagro se me opondrá tu magia blanca?""","""*ﺿﺤﻚ*. ﺇﺫﻥ، ﻓﻠﻨﺤﺴﻢ ﻣﻦ ﺍﻷﻓﻀﻞ ﺑﻴﻨﻨﺎ، ﺍﻷﺳﻮﺩ ﺃﻡ ﺍﻷﺑﻴﺾ!! ﺃﺣﻴﺎﻧﻲ ﺍﻟﺴﺤﺮ ﺍﻷﺳﻮﺩ ﻭﻫﺎ ﺃﻧﺎ ﺑﻌﺪ ﻣﻮﺗﻲ ﺃﺻﻮِّﺏ ﻋﻠﻴﻚِ ﺑﻔﻮﻫﺔ ﺳﻼﺣﻲ. ﻓﻤﺎﺫﺍ ﻳﻤﻜﻦ ﻟﺴﺤﺮﻙِ ﺍﻷﺑﻴﺾ ﺃﻥ ﻳﻔﻌﻞ ﺿﺪَّ ﻣﻌﺠﺰﺗﻲ؟"""
Ushiromiya Eva,"""I have taken you in amongst the anti‐magic toxin. You won't be able to call the Seven Sisters any more. That miracle just now won't occur again...!!""","""I've surrounded you with the magic-resisting toxin. You can't call the Seven Sisters anymore. That miracle just now won't occur again...!!"" ","You're wrapped up in the magic-resisting toxin.  You can't call the Seven Sisters any more.  That miracle just now won't occur again...!!""",反魔法の毒素であなたを取り込んだわ。七姉妹はもう二度と呼べないわよ。さっきの奇跡はもう起こらない…！！」,「反魔法の毒素であなたを取り込んだわ。七姉妹はもう二度と呼べないわよ。さっきの奇跡はもう起こらない…！！」,"""Ты окружена антимагическим токсином. Ты больше не сможешь вызвать семь сестёр чистилища. Это чудо больше не повторится!""","""Eu já cerquei você com toxinas antimagia. Não será capaz de invocar as Sete Irmãs agora. O milagre de agora há pouco não vai se repetir...!!""",「我用反魔法毒素封住了你。七姐妹已无法再次被召唤。刚才的奇迹已不会再发生…！！」,「我用反魔法毒素封住了你。七姐妹已無法再次被召喚。剛才的奇跡已不會再發生…！！」,"Tu sei avvolta nella tossina resistente alla magia. Non puoi nemmeno più chiamare le Sette Sorelle. Quel miracolo di poco fa non accadrà ancora...!!""","""Te he envuelto con la toxina anti-magia. Ya no serás capaz de llamar a las Siete Hermanas. ¡¡Ese milagro ya no volverá a ocurrir!!...""","""ﺃﺣﻄﺘﻚِ ﺑﺎﻟﺴﻢِّ ﺍﻟﻤﻀﺎﺩ ﻟﻠﺴﺤﺮ. ﻟﻦ ﺗﺘﻤﻜﻨﻲ ﻣﻦ ﺍﺳﺘﺪﻋﺎﺀ ﺍﻷﺧﻮﺍﺕ ﺍﻟﺴَّﺒﻌﺔ ﺑﻌﺪ ﺍﻵﻥ. ﻟﻦ ﺗﺤﺪﺙ ﻣﻌﺠﺰﺗﻚ ﺍﻟﺴﺎﺑﻘﺔ ﻣﺮﺗﻴﻦ...!!"""
Ushiromiya Ange,"""...............But it will, regardless—that's the reason it's called magic. ......Alright. Mammon. Lend me your power.""","""......Having it occur despite all that is why it's called magic. ...Okay. Mammon, lend me your power."" ","""............Having it occur despite all that is the reason it's called magic.  ......Alright.  Mammon.  Lend me your power.""",「……………それでも起こるから、魔法って言うんだわ。……いいわよ。マモン。私に力を貸して。」,「……………それでも起こるから、魔法って言うんだわ。……いいわよ。マモン。私に力を貸して」,"""...........Нечто, происходящее несмотря ни на что, по этой причине и зовётся магией. ......Хорошо. Мамона. Дай мне свою силу.""","""...............Ele se realizará assim mesmo — é por isso que é chamado de magia. ......Certo. Mammon. Empreste‐me seu poder.""",「……………即便如此还是发生了，所以才叫魔法。……好吧。马蒙。助我一臂之力。」,「……………即便如此還是發生了，所以才叫魔法。……好吧。馬蒙。助我一臂之力。」,"""... Farlo accadere a dispetto di tutto è la ragione per cui viene chiamata magia. {n}Va bene. Mammon. Prestami il tuo potere.""","""... Hacer que ocurra a pesar de todo es la razón por la que se llama magia... Muy bien. Mammón. Préstame tu poder.""","""...ﺃﻻ ﺗﻌﻠﻤﻴﻦ ﺃﻧﻬﺎ ﺗُﺪﻋﻰ ﻣﻌﺠﺰﺓ ﻷﻧﻬﺎ ﺗﺤﺪﺙ ﺭﻏﻢ ﻛﻞ ﺷﻲﺀ؟ ...ﺣﺴﻨًﺎ. ﺃﻋﻴﺮﻳﻨﻲ ﻗﻮﺗﻚِ ﻳﺎ ﻣﺎﻣﻮﻥ."""
,......But Mammon didn't respond. She didn't appear.,...But Mammon didn't respond. She didn't appear. ,......But Mammon didn't respond.  She didn't appear.,……しかしマモンは応えない。現れない。,[=JP],Но Мамона не ответила. Она не появлялась.,......Mas Mammon não respondeu. Ela não apareceu.,……然而，马蒙没回应。没出现。,……然而，馬蒙沒回應。沒出現。,... Ma Mammon non rispose. Non apparve.,... Pero Mammón no respondió. Ella no apareció.,...ﻭﻟﻜﻦ ﻣﺎﻣﻮﻥ ﻟﻢ ﺗﻠﺒﻲ ﻧﺪﺍﺋﻬﺎ. ﻟﻢ ﺗﻈﻬﺮ.
,"Certainly, as she said, the anti‐magic toxin had burned everything up like a wasteland parched by a blazing sun...","Certainly, as she'd said, the magic-resisting toxin had burned everything up like a wasteland parched by a blazing sun... ","Certainly, as she said, the magic-resisting toxin had burned everything up like a wasteland parched by a blazing sun...",確かに彼女が言うように、灼熱の太陽に干上がる荒地と例えられるくらいに、反魔法の毒素が、全てを焼き尽くしている…。,[=JP],"Всё так, как она и сказала, всё пропиталось антимагическим токсином, словно пустыня от раскалённого солнца...","Certamente, assim como ela disse, as toxinas antimagia ressequiram tudo, assim como o sol refulgente sobre uma terra árida...",的确如她所说，简直能用被灼热太阳晒干了的荒地来形容，反魔法毒素，烧尽了一切…。,的確如她所說，簡直能用被灼熱太陽晒乾了的荒地來形容，反魔法毒素，燒盡了一切…。,"Certamente, come lei aveva detto, la tossina resistente alla magia aveva bruciato tutto come un deserto disseccato da un sole cocente...","Ciertamente, como ella dijo, la toxina anti-magia lo había quemado todo como un campo seco arrasado por el sol...", ،ﺑﺎﻟﻄﺒﻊ، ﻣﺜﻠﻤﺎ ﻗﺎﻟﺖ. ...ﺃﺣﺮﻕ ﺍﻟﺴﻢُّ ﺍﻟﻤﻀﺎﺩ ﻟﻠﺴﺤﺮ ﻛﻞَّ ﺷﻲﺀٍ ﻣﺜﻞ ﺃﺭﺽٍ ﻗﺎﺣﻠﺔٍ ﻟﻔﺤﺘﻬﺎ ﺷﻤﺲٌ ﺣﺎﺭﻗﺔ.
,.........This might be a little tough.,......This...might be a little tough. ,[=UP],………少し、辛いかもしれない。,[=JP],"Видать, придётся чуточку потруднее.",.........Isto pode ser um pouco duro.,………也许是稍微有点棘手呢。,………也許是稍微有點棘手呢。,... Questo poteva essere un po' difficile.,... Esto puede ser un poco difícil., ﻗﺪ ﻳﻜﻮﻥ ﻫﺬﺍ ﺻﻌﺒًﺎ ﻗﻠﻴﻼً........
Ushiromiya Eva,"""It's useless to call out. Never again...will the Seven Sisters of Purgatory answer you!""","""It's useless to call out. Never again! The Seven Sisters of Purgatory will never answer!"" ","""It's useless to call out.  Never again!  The Seven Sisters of Purgatory won't answer!""",「呼び掛けても無駄よぅ。もう二度と！　煉獄の七姉妹は応えない！」,[=JP],"""Бесполезно звать их. Никогда впредь! Семь сестёр чистилища не ответят!""","""É inútil chamá‐las. Nunca mais...as Sete Irmãs do Purgatório irão atender seu chamado!""",「去召唤也是没用的。再也不会出来了！炼狱七姐妹不会回应！」,「去召喚也是沒用的。再也不會出來了！煉獄七姐妹不會回應！」,"""È inutile chiamare. Mai più! Le Sette Sorelle del Purgatorio non risponderanno!""","""Es inútil llamar. ¡Nunca más... las Siete Hermanas del Purgatorio te responderán!""","""ﻻ ﻓﺎﺋﺪﺓ ﻣﻦ ﺍﻟﻤﻨﺎﺩﺍﺓ. ...ﺃﺑﺪًﺍ. ﻟﻦ ﺗﺴﺘﺠﻴﺐ ﻟﻚِ ﺃﺧﻮﺍﺕ ﺍﻟﻤَﻄْﻬَﺮ ﺍﻟﺴَّﺒﻌﺔ!"""
Ushiromiya Ange,"""Like I said. I can call them anyway... That's what makes it magic, right?""","""And... being able to call them even so is what makes it magic, right?"" ","""And, being able to call them even so is what makes it magic, right?""",「だから。それでも呼べるから、魔法なのよね？」,[=JP],"""Ну? Возможность их вызвать даже в такой ситуации — это и есть магия, верно?""","""Como eu disse. Eu irei chamá‐las de qualquer forma... É o que torna isto magia, entendeu?""",「所以说。正因为都这样了，还能召唤出来，所以是魔法吧？」,「所以說。正因為都這樣了，還能召喚出來，所以是魔法吧？」,"""Però, essere capace di chiamarle anche così è ciò che la rende magia, giusto?""","""Como dije. El poder llamarlas a pesar de eso hace que sea magia, ¿verdad?""","""ﻣﺜﻠﻤﺎ ﻗﻠﺖ. ﻳﻤﻜﻨﻨﻲ ﺍﺳﺘﺪﻋﺎﺅﻫﻦَّ ﻋﻠﻰ ﺃﻳﺔ ﺣﺎﻝ... ﺃﻟﻴﺲ ﺫﻟﻚ ﻣﺎ ﻳﺠﻌﻠﻪ ﺳﺤﺮًﺍ؟"
Ushiromiya Eva,"""........................ ......You're a sad child, Ange. So long. The simple days we spent together were reasonably fun. This is goodbye. ......It must be nice for you that this was your final stop.""","""......... ...How pitiful. So long, Ange. The few days we spent together were fun in their own way. This is goodbye. ...Aren't you glad...that the end of the line for you turned out to be this place?"" ","""........................How pitiful, Ange.  So long.  The scarce days with you were somewhat fun.  This is goodbye.  ......Isn't it great that your final stop would be here?""",「……………………。……哀れね、縁寿。さようなら。あんたとのささやかな日々は、そこそこに楽しかったわ。これでお別れよ。……良かったわね、あんたの終着駅がここで。」,「……………………。……哀れね、縁寿。さようなら。あんたとのささやかな日々は、そこそこに楽しかったわ。これでお別れよ。……良かったわね、あんたの終着駅がここで」,"""........................Как жаль, Энджи. Прощай. Редкие дни с тобой были немного весёлыми. Это прощание. Разве это не прекрасно, что твоя последняя остановка будет здесь?""","""........................ ......Você é uma criança digna de pena, Ange. Adeus. Os dias banais que passamos juntas foram razoavelmente divertidos. Este é um adeus. ......Deve ser bom para você que este lugar seja sua última parada.""",「……………………。……可悲啊，缘寿。再见了。与你度过的微薄时日，倒也还算开心哦。就此别了。……挺不错吧，把这儿当作你的终点站？」,「……………………。……可悲啊，緣壽。再見了。與你度過的微薄時日，倒也還算開心哦。就此別了。……挺不錯吧，把這兒當作你的終點站？」,"""... Che pena, Ange. Ci vediamo. I rari giorni con te sono stati alquanto divertenti. Questo è un addio. ... Non è grandioso che la tua ultima fermata sia qui?""","""... Eres una niña lamentable, Ange. Hasta nunca. Los días banales que pasamos juntas fueron razonablemente entretenidos. Este es el adiós... ¿No es genial que tu última parada sea aquí?""","""........................ ...ﻳﺎ ﻟﻚِ ﻣﻦ ﻃﻔﻠﺔٍ ﻣﺴﻜﻴﻨﺔ ﻳﺎ ﺇﻧﺠﻲ. ﺍﻟﻮﺩﺍﻉ. ﺃﻳﺎﻣﻨﺎ ﺍﻟﺒﺴﻴﻄﺔ ﻣﻌًﺎ ﻛﺎﻧﺖ ﻣﻤﺘﻌﺔً ﺑﺸﻜﻞٍ ﺃﻭ ﺑﺂﺧﺮ. ﻫﺬﻩ ﻫﻲ ﻧﻬﺎﻳﺘﻚ. ...ﻻ ﺑﺪَّ ﺃﻧﻚِ ﺳﻌﻴﺪﺓ ﻷﻥ ﻧﻬﺎﻳﺘﻚِ ﺳﺘﻜﻮﻥ ﻓﻲ ﻫﺬﺍ ﺍﻟﻤﻜﺎﻥ ﻛﻤﺎ ﺃﺭﺩﺕِ ﺩﻭﻣًﺎ."""
Ushiromiya Ange,"""Yeah, totally. That's very thoughtful of you.""","""Yeah, seriously. How thoughtful of you."" ","""Yeah, totally.  How thoughtful.""",「えぇ、まったくよ。気が利くわね。」,「えぇ、まったくよ。気が利くわね」,"""Да, определённо. Как заботливо.""","""Sim, com certeza. Você é mesmo muito atenciosa.""",「嗯，的确呢。蒙您细心。」,「嗯，的確呢。蒙您細心。」,"""Già, completamente. Che gentile.""","""Sí, totalmente. Qué considerada.""","""ﻧﻌﻢ، ﺑﺎﻟﺘﺄﻛﻴﺪ. ﺇﻧَّﻚِ ﺣﻘًﺎ ﻣﺮﺍﻋﻴﺔ."""
Ushiromiya Eva,"""Thanks. Then this is farewell.""","""Thanks. Then this is farewell."" ","""Thanks.  Then this is farewell.""",「ありがと。それじゃ、お別れね。」,「ありがと。それじゃ、お別れね」,"""Спасибо. Тогда прощай.""","""Obrigada. Esta é nossa despedida.""",「谢谢。那么，别了。」,「謝謝。那麼，別了。」,"""Grazie. Allora questo è un addio.""","""Gracias. Esta es nuestra despedida.""","""ﺷﻜﺮﺍً ﻟﻚِ  ﻭﺍﻟﻮﺩﺍﻉ."""
,"The barrel of the gun rose slowly, ......so that you could see all the way down it.","The barrel of the gun rose slowly, ...so that you could see all the way down it. ",[=UP],銃口がゆっくりと上がって、……その奥底が覗ける。,[=JP],"Дуло ружья медленно поднялось, ......так, что можно было увидеть весь его путь.","O cano da arma elevou‐se vagarosamente, ......era possível visualizar como tudo iria acabar.",从慢慢往上抬的枪口中，……窥视到了枪管的深处。,從慢慢往上抬的槍口中，……窺視到了槍管的深處。,La canna del fucile si sollevò leggermente... così da poter vedere sotto di essa.,"El cañón del arma se levantó lentamente, era posible visualizar cómo acabaría todo.",ﺍﺭﺗﻔﻌﺖ ﻓﻮﻫﺔ ﺍﻟﻤﺴﺪَّﺱ ﺑﺒﻂﺀ، ...ﻟﺪﺭﺟﺔ ﺃﻥ ﺗﺮﻯ ﻣﺎ ﺗﺤﺘﻮﻳﻪ ﻣﻦ ﺍﻟﺪﺍﺧﻞ.
,"And, .........the trigger was slowly.........","Then, ......the trigger was slowly...... ","Then, .........the trigger was slowly.........",そして、………引き金がゆっくりと………。,[=JP],"А затем, курок медленно...","E, .........o gatilho lentamente foi.........",接着，………她将扳机慢慢………。,接著，………她將扳機慢慢………。,Poi... il grilletto fu lentamente...,"Y... el gatillo, lentamente fue...",ﻭﺑﻌﺪﻫﺎ، .........ﺿُﻐِﻂ ﺍﻟﺰﻧﺎﺩ ﺑﺒﻂﺀ.........
,"Then, ......there was a loud bang from the gun.","At that moment, ...the gun exploded. ","At that moment, ......the gun exploded.",その時、……銃が、爆ぜた。,[=JP],И тут... Ружьё взорвалось.,"E assim, ......ouviu‐se o violento som da arma.",就在此时，……枪，爆炸了。,就在此時，……槍，爆炸了。,In quel momento... il fucile esplose.,Entonces... se oyó un fuerte sonido.,ﺛﻢ، ﺩﻭَّﻯ ﺻﻮﺕ ﺍﻧﻔﺠﺎﺭ ﺍﻟﺴﻼﺡ.
,...Not in the sense that it fired. ......It {i:exploded}.,...It wasn't that it fired. ...It burst. ,...It wasn't that it fired.......It ruptured.,…発砲したという意味ではない。……破裂したのだ。,[=JP],Но не от выстрела. Оно {f:5:порвалось}.,...Não no sentido de ter sido disparada. ......Ela {i:explodiu}.,…并未射出子弹。……只是，碎裂了。,…並未射出子彈。……只是，碎裂了。,... Non nel senso che sparò. ... Si ruppe.,... No era que el arma había sido disparada... Había {i:explotado}.,...ﻟﻴﺲ ﺑﻤﻌﻨﻰ ﺇﻃﻼﻕ ﺭﺻﺎﺻﺔ. ﺑﻞ {i:ﺍﻧﻔﺠﺮ ﺣﻘًﺎ}.
,............You're...kidding me......,......You're...kidding me... ,[=UP],…………馬鹿、な……。,[=JP],............Вы... издеваетесь?..,............Você...só pode estar brincando......,…………怎么、会……？,…………怎麼、會……？,... Mi stai... prendendo in giro...,... Estás... bromeando..., ......ﻣﺴﺘـ-...ﺣﻴﻞ............
,"......In shock, inside frozen space, ......Eva looked at the exploded gun.","...In shock, inside a frozen space, ...Eva looked at the ruptured gun. ","......In shock, inside a frozen space, ......Eva looked at the ruptured gun.",……絵羽は呆然と、凍った空間で、……破裂した銃を見ている。,[=JP],"В шоке, внутри замороженного пространства, Ева смотрела на разорвавшееся оружие.","......Atordoada, dentro de um espaço congelado no vazio, ......Eva olhou para a arma implodida.",……绘羽呆然地在冻结住的时间中，……望着碎裂了的枪。,……繪羽呆然地在凍結住的時間中，……望著碎裂了的槍。,"... In shock, dentro uno spazio congelato... Eva guardò il fucile rotto.","... Atónita, dentro de un espacio congelado... Eva miró al arma que había explotado.", ﻭﻗﻔﺖ ﺇﻳﻔﺎ ﺑﺬﻫﻮﻝ، ﻓﻲ ﺫﻟﻚ ﺍﻟﻔﻀﺎﺀ ﺍﻟﻤﺘﺠﻤﺪ، ...ﻭﻫﻲ ﺗﻨﻈﺮ ﺇﻟﻰ ﺳﻼﺣﻬﺎ ﺍﻟﻤﺘﺤﻄﻢ.
,"When time unfroze, the fragments would probably smash into her face all at once...","When time melted, the fragments would probably smash into her face all at once... ","When time melted, the fragments would probably smash into her face all at once...",時間が溶ければ、それらの破片は一斉に、彼女の顔面を打ちつけるだろう…。,[=JP],"Когда время возобновит ход, осколки, вероятно, столкнутся с её лицом и разобьют его...","Quando o tempo descongelasse, os fragmentos dela provavelmente iriam esmagar seu rosto na sequência...",等时间溶解后，这些碎片会一齐击中她的脸吧…。,等時間溶解後，這些碎片會一齊擊中她的臉吧…。,"Quando il tempo si scioglierà, probabilmente i frammenti si schianteranno contro il suo volto tutti assieme...","Cuando el tiempo se descongelara, los fragmentos probablemente se estrellarían contra su cara todos a la vez...", ...ﻟﻮ ﺗﺤﺮَّﻙ ﺍﻟﻮﻗﺖ، ﻟﺘﻄﺎﻳﺮﺕ ﺗﻠﻚ ﺍﻟﺸﻈﺎﻳﺎ ﻭﺿﺮﺑﺖ ﻭﺟﻬﻬﺎ.
Mammon,"""......Mammon the Covetous. Right here.""","""...Mammon of Greed, right here."" ","""......Mammon of Greed.  Right here.""",「……強欲のマモン。ここに。」,「……強欲のマモン。ここに」,"""......Мамона, она же жадность. На месте.""","""......Mammon, da Ganância. Está aqui.""",「……贪婪的马蒙。在此。」,「……貪婪的馬蒙。在此。」,"""... Mammon dell'Avarizia. Presente.""","""... Mammón de la Avaricia. Presente.""","""...ﺃﻣﻴﺮﺓ ﺍﻟﺠﺸﻊ ﻣﺎﻣﻮﻥ. ﺣﺎﺿﺮﺓ."""
Ushiromiya Eva,""".....................You're...kidding me...""","""............You're...kidding me..."" ",[=UP],「……………………ばか、な…、」,[=JP],""".....................Это что... шутка?""",""".....................Você está...brincando comigo...?""",「……………………怎么、可能…、」,「……………………怎麼、可能…、」,"""... Mi stai... prendendo in giro...""","""... Estás... bromeando...""","""...ﻣﺴﺘـ-...ﺣﻴﻞ....................."""
,"Behind Eva's back, Mammon stood. .........She had already penetrated the target I had given her. ......Which was...the gun.","Behind Eva's back, Mammon stood. ......She had already penetrated the target I had given her. ...Which was...the gun. ","Behind Eva's back, Mammon stood..........She had already penetrated the target I had given her.......Which was...the gun.",絵羽の背後に、マモンは立つ。………すでに、私が与えた標的は、貫通している。……それが、銃だった。,[=JP],"За спиной Евы стояла Мамона. Она уже поразила цель, которую я указала. Целью было ружьё.","Atrás de Eva, Mammon estava de pé. .........Ela já havia penetrado o alvo que havia sido concedido a ela. ......Que era...a arma.",在绘羽的背后，站着马蒙。………她已贯通了我所给的目标。……那把枪。,在繪羽的背後，站著馬蒙。………她已貫通了我所給的目標。……那把槍。,"Dietro la schiena di Eva, c'era Mammon. ... Lei aveva già penetrato il bersaglio che le avevo dato. ... Che era... il fucile.","Detrás de Eva, estaba Mammón... Ella ya había penetrado el objetivo que le había dado. El cual era... el arma...", ﻭﻗﻔﺖ ﻣﺎﻣﻮﻥ ﺧﻠﻒ ﻇﻬﺮ ﺇﻳﻔﺎ. ﻭﻗﺪ ﺍﺧﺘﺮﻗﺖ ﺑﺎﻟﻔﻌﻞ ﺍﻟﻬﺪﻑ ﺍﻟﺬﻱ ﺣﺪﺗﺘﻪ ﻟﻬﺎ......... ﺃﻱ...ﺍﻟﺴﻼﺡ......
Ushiromiya Ange,"""Is this......enough magic for you? ............Aunt Eva.""","""Is this...enough magic for you, ......Aunt Eva?"" ","""Is this, ......enough magic for you?  ............Eva oba-san.""",「これで、……魔法は充分？　…………絵羽伯母さん。」,「これで、……魔法は充分？　…………絵羽伯母さん」,"""Достаточно ли тебе этой магии? ............Тётя Ева.""","""Isto......é magia o suficiente para você? ............Tia Eva.""",「这下，……魔法是足够了吧？…………绘羽姑母。」,「這下，……魔法是足夠了吧？…………繪羽姑母。」,"""Questa è... una sufficiente magia per te? ... Eva oba-san.""","""¿Es esto... suficiente magia para ti?... Tía Eva.""","""ﺃﺭﺃﻳﺖِ ﻣﺎ ﻳﻜﻔﻴﻚِ ﻣﻦ...ﺍﻟﺴﺤﺮ؟ ...ﻳﺎ ﻋﻤﺘﻲ ﺇﻳﻔﺎ."""
Ushiromiya Eva,"""......A‐.........Angeee.........""","""......A‐ Angeee......"" ","""......A, .........Angeee.........""",「……え、………縁寿ぇぇ………。」,「……え、………縁寿ぇぇ………」,"""......А... Энджи‐е‐е...""",[=UP],「……缘、………缘寿——………」,「……緣、………緣壽——………」,"""... A... Angeee...""","""... A‐Angeee...""","""-ﺇ...... .........ﺇﻧﺠــــــــــــــــﻲ ﻱ ﻱ ﺍ ﺍ ﺍ ﺍ........."""
,"Then, time unfroze.{n}Fragments of the ruptured gun and gunpowder gas burned her face.{n}Letting out a shrill scream, she rolled around covering her face......","Then, time melted. The fragments of the burst gun and exploding gunpowder burned her face. Letting out a shrill scream, she covered her face and rolled around... ","Then, time melted.The fragments of the burst gun and exploding gunpowder burned her face.Letting out a shrill scream, she covered her face and rolled around......",そして、時間が溶ける。破裂した銃の破片と火薬ガスが、彼女の顔を焼いた。鋭い悲鳴が上がり、彼女は顔を覆って転げ回る……。,そして、時間が溶ける。{n}破裂した銃の破片と火薬ガスが、彼女の顔を焼いた。{n}鋭い悲鳴が上がり、彼女は顔を覆って転げ回る……。,"Затем, время возобновило ход.{n}Осколки взорвавшегося ружья и раскалённого пороха вонзились ей в лицо.{n}Издав пронзительный крик, она закрыла лицо руками и принялась кататься по земле...","Então, o tempo descongelou.{n}Fragmentos da arma que se explodiu e o gás da pólvora queimaram seu rosto.{n}Emitindo um grito agudo, ela rolou pelo chão enquanto cobria o rosto......",然后，时间溶解。{n}枪的碎片与火药气体灼烧了她的脸。{n}她发出尖利的惨叫，捂住脸满地打滚……。,然後，時間溶解。{n}槍的碎片與火藥氣體灼燒了她的臉。{n}她發出尖利的慘叫，捂住臉滿地打滾……。,"Poi, il tempo si sciolse. I frammenti del fucile esploso e la polvere da sparo le bruciarono il volto. Lasciando andare un grido acuto, lei si coprì la faccia e rotolò intorno...","Entonces, el tiempo se descongeló.{n}Los fragmentos de la explosión del arma y la explosión de la pólvora quemaron su cara.{n}Soltando un grito agudo, ella se cubrió su cara y rodó en el suelo...", ﻋﻨﺪﺋﺬِ، ﺗﺤﺮَّﻙ ﺍﻟﻮﻗﺖ.{n}ﺃﺣﺮﻗﺖ ﺷﻈﺎﻳﺎ ﺍﻟﺴﻼﺡ ﺍﻟﻤﻨﻔﺠﺮ ﻭﺍﻟﺒﺎﺭﻭﺩ ﻭﺟﻬﻬﺎ.{n}......ﻓﺄﻃﻠﻘﺖ ﺻﺮﺧﺔً ﻣﺪﻭﻳﺔ، ﻭﺗﺪﺣﺮﺟﺖ ﻋﻠﻰ ﺍﻷﺭﺽ ﻭﻫﻲ ﺗﻐﻄﻲ ﻭﺟﻬﻬﺎ.
,......It was pitiful.,...It was pitiful. ,[=UP],……哀れだった。,[=JP],Это было жалкое зрелище.,......Era penoso.,……可悲。,[=CN],... Era patetica.,... Era penoso.,...ﻛﺎﻥ ﺍﻟﻤﺸﻬﺪ ﻣﺆﺳﻔًﺎ.
Ushiromiya Ange,"""......Unlucky. ......This is game over. Aunt Eva.""","""...Your luck was bad. ...This is game over, Aunt Eva."" ","""......You were unlucky.  ......This is game over.  Eva oba-san.""",「……運がなかったわね。……これでゲームオーバーよ。絵羽伯母さん。」,「……運がなかったわね。……これでゲームオーバーよ。絵羽伯母さん」,"""......Тебе не повезло. ......Игра закончена. Тётя Ева.""","""......Um infortúnio. ......Este é o fim do jogo. Tia Eva.""",「……不走运啊。……这下是 GAME OVER 了呢。绘羽姑母。」,「……不走運啊。……這下是 GAME OVER 了呢。繪羽姑母。」,"""... Sei stata sfortunata. ... Questo è game over. Eva oba-san.""","""... Fuiste desafortunada... Este juego se acabó. Tía Eva.""","""...ﻳﺎ ﻟﺸﻘﺎﺋﻬﺎ. ...ﺍﻧﺘﻬﺖ ﺍﻟﻠﻌﺒﺔ. ﻳﺎ ﻋﻤﺘﻲ ﺇﻳﻔﺎ."""
,I signaled to Mammon. ...To free Eva quickly from her pain as she writhed around with her burnt face.,I signaled to Mammon. ...So that Eva would be freed quickly from the pain of her burnt face as she writhed around. ,I signaled to Mammon....So that Eva would be freed quickly from the pain of her burnt face as she writhed around.,私はマモンに合図する。顔を焼かれてのた打ち回る苦しみから、すぐに解放してやるために。,[=JP],Я дала сигнал Мамоне. Так Ева будет быстро избавлена от боли от её сгоревшего лица.,"Eu assinalei para Mammon. ...Para libertá‐la rapidamente de seu sofrimento, enquanto se contorcia de dor com sua face queimada.",我对马蒙示了下意。这是为了，令她速速从脸被灼伤的剧痛中得到解放。,我對馬蒙示了下意。這是為了，令她速速從臉被灼傷的劇痛中得到解放。,Feci segno a Mammon. ... Così che Eva venisse liberata in fretta dal dolore della sua faccia bruciata mentre si contorceva.,Le hice una señal a Mammón... Para que Eva fuera liberada rápidamente del dolor de su cara quemada., ﺃﺷﺮﺕُ ﺇﻟﻰ ﻣﺎﻣﻮﻥ. ...ﻛﻲ ﺗﺤﺮِّﺭ ﺇﻳﻔﺎ ﺑﺴﺮﻋﺔٍ ﻣﻦ ﺃﻟﻤﻬﺎ ﻭﻫﻲ ﺗﺘﻠﻮَّﻯ ﺑﻮﺟﻬﻬﺎ ﺍﻟﻤﺤﺘﺮﻕ.
Ushiromiya Ange,"""............Thank you, Mammon. ...I'd like to apologize again, now, from the bottom of my heart, for calling all of you powerless on that day in the classroom. You were excellent furniture for protecting witches.""","""......Thank you, Mammon. ...This time, I want to apologize again, and from the bottom of my heart, for calling all of you powerless on that day in the classroom. You were excellent furniture for protecting witches."" ","""............Thank you, Mammon.  ...This time, I want to apologize again, and from the bottom of my heart, for calling all of you powerless on that day in the classroom.  You were excellent furniture for protecting witches.""",「…………ありがとう、マモン。…あの日の教室で、あなたたちの無力を罵ったことを、今こそ心の底より、そして再び謝るわ。あなたたちは魔女を守るための、優秀な家具だった。」,「…………ありがとう、マモン。…あの日の教室で、あなたたちの無力を罵ったことを、今こそ心の底より、そして再び謝るわ。あなたたちは魔女を守るための、優秀な家具だった」,"""............Спасибо, Мамона. На этот раз я хочу снова извиниться от всего своего сердца за то, что называла всех вас бессильными в тот день в классе. Вы были превосходной мебелью для защиты ведьм.""","""............Obrigada, Mammon. ...Eu gostaria de me desculpar mais uma vez, do fundo do meu coração, por chamar todas vocês de fracas naquele dia na sala de aula. Vocês são excelentes mobílias para proteger bruxas.""",「…………谢谢，马蒙。…对于在那天的教室责骂你们无力一事，我于此刻发自心底地，再次道歉。你们是守护魔女的，优秀的家具。」,「…………謝謝，馬蒙。…對於在那天的教室責罵你們無力一事，我於此刻發自心底地，再次道歉。你們是守護魔女的，優秀的家具。」,"""... Ti ringrazio, Mammon. ... Questa volta, voglio scusarmi ancora, e dal profondo del cuore, per avervi definito senza poteri quel giorno in classe. {n}Voi siete degli eccellenti mobili per proteggere le streghe.""","""... Gracias, Mammón... Esta vez, quiero disculparme de nuevo, y desde el fondo de mi corazón, por llamarte una inútil ese día en el aula. Fuiste un excelente mueble para proteger a las brujas.""","""...ﺷﻜﺮًﺍ ﻟﻚِ ﻳﺎ ﻣﺎﻣﻮﻥ. ﺃﻭﺩُّ ﺃﻥ ﺃﻋﺘﺬﺭ ﻣُﺠﺪﺩًﺍ ﻋﻦ ﺇﺳﺎﺋﺘﻲ ﻟﻜﻲ ﻭﻭﺻﻔﻲ ﺇﻳﺎﻙِ ﺑﺎﻟﻌﺎﺟﺰﺓ ﻓﻲ ﺍﻟﻔﺼﻞ ﻳﻮﻣﻬﺎ. ﺇﻧﻚِ ﺣﻘًﺎ ﺃﺛﺎﺙٌ ﻳﻠﻴﻖ ﺑﺤﻤﺎﻳﺔ ﺳﺎﺣﺮﺓ."""
Mammon,""".........It is I who should be grateful. ......I feel truly honored to have been able to meet a good witch and a good master in the end, and to have had the opportunity to fulfill my duty as furniture...!""","""......I'm the one that's grateful. ...I feel truly honored at being able to meet a good witch...a good master in the end, and at being able to fulfill my duty as furniture...!"" ",""".........I'm the one that's grateful.  ......I feel truly honored at being able to meet a good witch...a good master in the end, and at being able to fulfill my duty as furniture...!""",「………こちらこそ、感謝します。……良き魔女に、良き主に最後に出会え、家具の本分を尽くせたことを、心より光栄に思います…！」,[=JP],""".........Это я благодарна вам. ......Эта большая честь для меня — повстречать хорошую ведьму... Хорошую госпожу в самом конце и получить возможность исполнять свой долг как мебель!""",""".........Sou eu quem deveria agradecer. ......Eu me sinto honrada de ter encontrado uma ótima bruxa e ótima mestra, e ter tido a oportunidade de cumprir com meu dever de mobília...!""",「………我们才是，要谢谢您。……于最后遇上了好魔女、好主人，得以尽了家具的本分，我们对此衷心地感到光荣…！」,「………我們才是，要謝謝您。……於最後遇上了好魔女、好主人，得以盡了家具的本分，我們對此衷心地感到光榮…！」,"""... Sono io che devo ringraziare. ... Sono davvero onorata di essere riuscita ad incontrare una buona strega... una buona padrona alla fine, ed essere riuscita ad adempiere al mio dovere di mobile...!""","""... Yo soy la que está agradecida... ¡Me siento verdaderamente honrada de haber conocido finalmente a una buena bruja y a una buena ama, y de haber tenido la oportunidad de cumplir con mi deber como mueble!""","""ﺃﻧﺎ ﻣﻦ ﻳﺠﺪﺭ ﺑﻲ ﺃﻥ ﺃﻛﻮﻥ ﻣﻤﺘﻨﺔ. ...ﻟﻘﺎﺋﻲ ﺑﺴﺎﺣﺮﺓ ﻭﺳﻴﺪﺓ ﺟﻴﺪﺓ ﻣﺜﻠﻚ ﺷﺮﻑٌ ﻋﻈﻴﻢٌ ﻟﻲ، ﻭﻛﺬﻟﻚ ﻗﺪﺭﺗﻲ ﻋﻠﻰ ﺇﺗﻤﺎﻡ ﻭﺍﺟﺒﻲ...!"""
,Mammon understood.{n}This would be the final job I would ever give her.,Mammon had understood. This would be the final job I'd give her. ,Mammon had understood.This would be the final job I'd give her.,マモンは理解していた。これが、私が彼女に与える最後の仕事であることを。,マモンは理解していた。{n}これが、私が彼女に与える最後の仕事であることを。,"Мамона поняла.{n}Это будет последней работой, которую я поручу ей.",Mammon compreendia.{n}Este era o último trabalho que eu daria para ela.,马蒙已经领会到了。{n}领会了，此乃我给予她的最后一个任务。,馬蒙已經領會到了。{n}領會了，此乃我給予她的最後一個任務。,Mammon aveva capito. Questo sarebbe stato il compito finale che le avrei dato.,Mammón había entendido.{n}Este sería el último trabajo que le daría., ﻓﻬﻤﺖ ﻣﺎﻣﻮﻥ.{n}ﺳﺘﻜﻮﻥ ﻫﺬﻩ ﺁﺧﺮ ﻣﻬﻤﺔٍ ﺃُﺳﻨﺪﻫﺎ ﺇﻟﻴﻬﺎ ﻋﻠﻰ ﺍﻹﻃﻼﻕ.
,"Mammon quietly walked close.{n}Then, she looked down upon her.","Mammon quietly walked up to me. Then, she looked down at Eva. ","Mammon quietly walked up to me.Then, she looked down at Eva.",マモンが静かに、歩み寄る。そして、彼女を見下ろす。,マモンが静かに、歩み寄る。{n}そして、彼女を見下ろす。,Она тихо подошла ко мне.{n}Затем посмотрела вниз на Еву.,"Mammon silenciosamente caminhou para perto de mim.{n}Então, ela a olhou de cima.",马蒙静静地走上前去。{n}然后，低头俯视她。,馬蒙靜靜地走上前去。{n}然後，低頭俯視她。,"Mammon tranquillamente si avvicinò a me. Poi, guardò verso il basso Eva.","Mammón caminó hacia mí.{n}Y entonces, miró a Eva.", ﺍﻗﺘﺮﺑﺖ ﻣﺎﻣﻮﻥ ﺑﻬﺪﻭﺀ.{n}ﺛﻢ ﻧﻈﺮﺕ ﻋﻠﻴﻬﺎ ﻣﻦ ﻋﻞٍ.
Ushiromiya Ange,"""......Aunt Eva. Thank you for sticking with me until today. This is farewell. <Have a nice dream>. <See you in hell>.""","""...Aunt Eva, thanks for sticking with me for so long. This is farewell. <Have a nice dream>. <See you in hell>."" ","""......Eva oba-san.  Thank you for sticking with me for so long.  This is farewell.  <Have a nice dream>.  <See you in hell>.""",「……絵羽伯母さん。今日まで付き合ってくれてありがとう。これでお別れよ。ハバナイスドリーム。シーユーヘル。」,「……絵羽伯母さん。今日まで付き合ってくれてありがとう。これでお別れよ。ハバナイスドリーム。シーユーヘル」,"""......Тётя Ева. Спасибо, что проторчали со мной так долго. И прощайте. <{ruby:Хорошего сна:Have a nice dream}>. <{ruby:Увидимся в аду:See you in hell}>.""","""......Tia Eva. Obrigada por ficar comigo até hoje. Esta é nossa despedida.{n}{i:Have a nice dream}. {i:See you in hell}.""",「……绘羽姑母。谢谢你，陪伴我到今日。就此别了。Have a nice dream.（做个好梦）See you hell.（地狱见）」,「……繪羽姑母。謝謝你，陪伴我到今日。就此別了。Have a nice dream.（做個好夢）See you hell.（地獄見）」,"""... Eva oba-san. Grazie per esserti trattenuta così tanto con me. Questo è un addio. {p:0:＜}Have a nice dream{p:0:＞}. {p:0:＜}See you in hell{p:0:＞}.""","""... Tía Eva. Gracias por quedarte conmigo durante tanto tiempo. Esto es el adiós. <Have a nice dream>. <See you in hell>.""","""ﻋﻤﺘﻲ ﺇﻳﻔﺎ. ﺃﺷﻜﺮﻙ ﻋﻠﻰ ﻣﺮﺍﻓﻘﺘﻲ ﺣﺘﻰ ﻫﺬﺍ ﺍﻟﻴﻮﻡ. ﻫﻨﺎ ﺳﻴﻜﻮﻥ ﻭﺩﺍﻋﻨﺎ. <ﺃﺗﻤﻨﻰ ﻟﻚِ ﺃﺣﻼﻣًﺎ ﻃﻴﺒﺔ>. <ﺃﺭﺍﻙِ ﻓﻲ ﺍﻟﺠﺤﻴﻢ>."""
Ushiromiya Eva,"""<Cool>.""","""<Cool>."" ",[=UP],「クール。」,「クール」,"""<{ruby:Отлично:Cool}>.""","""{i:Cool}.""",「Cool.」,[=CN],{p:0:＜}Cool{p:0:＞}.,[=UP],"""<ﺭﺍﺋﻊ>."""
,"Then, ......the light sound of her forehead being perforated rang out.","Then, ...the light sound of her forehead being bored into rang out. ","Then, ......the light sound of her forehead being bored into rang out.",そして、……その額を穿つ、軽い音が轟き渡る。,[=JP],После этого... Раздался звук раскола её черепа.,"Então, ......o leve som de sua testa sendo perfurada ecoou.",接着，……击穿额头，清脆之音响彻四周。,接著，……擊穿額頭，清脆之音響徹四周。,Poi... il leggero suono della sua fronte che veniva perforata risuonò.,Entonces... el leve sonido de su frente al ser atravesada sonó., ﺛﻢ، ......ﺩﻭَّﻯ ﺍﻟﺼﻮﺕ ﺍﻟﺨﻔﻴﻒ ﻻﺧﺘﺮﺍﻕ ﻣﻘﺪﻣﺔ ﺭﺃﺳﻬﺎ.
,"......The battle of gunpowder smoke, delirium, ......and white and black magic...was over.",...The battle of gunpowder smoke and fury...of white and black magic...ended. ,......The battle of gunpowder smoke and fury...of white and black magic...ended.,……硝煙と狂乱と、……白と黒の魔法の戦いが、終わる。,……硝煙と凶乱と、……白と黒の魔法の戦いが、終わる。,"Битва дыма от пороха и ярости, белой и чёрной магии... закончилась.","......A batalha da fumaça de pólvora, do delírio, ......das magias alva e negra...encerrou‐se.",……硝烟与狂乱，……黑白魔法之争，结束了。,……硝煙與狂亂，……黑白魔法之爭，結束了。,... La battaglia di fumo di polvere da sparo e furia... di magia bianca e nera... terminò.,... La batalla de pólvora y furia... de magia blanca y negra... terminó., ﺍﻧﺘﻬﺖ ﻣﻌﺮﻛﺔ ﺩﺧﺎﻥ ﺍﻟﺒﺎﺭﻭﺩ ﻭﺍﻟﻬﺬﻳﺎﻥ، ......ﻭﺍﻟﺴﺤﺮ ﺍﻷﺑﻴﺾ ﻭﺍﻷﺳﻮﺩ......
,"It felt like it had been a long, .........truly long journey.{n}And the world slowly......sank into darkness.........",I get the feeling it was a long......truly a long journey. And the world slowly... sank into darkness...... ,"I get the feeling it was a long, .........truly long journey.And the world slowly......sank into darkness.........",長い、………本当に長い旅だった気がする。そして、ゆっくりと世界が……闇に沈んでいった………。,長い、………本当に長い旅だった気がする。{n}そして、ゆっくりと世界が……闇に沈んでいった………。,"Я чувствую, что это было долгое... действительно долгое путешествие.{n}И мир медленно погрузился в темноту...","Sinto que foi uma jornada longa, .........uma jornada muito longa.{n}O mundo lentamente......afundou na escuridão.........",好长，………感觉真的是场好长的旅途啊。{n}接着，世界慢慢地，……沉入了黑暗………。,好長，………感覺真的是場好長的旅途啊。{n}接著，世界慢慢地，……沉入了黑暗………。,Ebbi la sensazione che fu un viaggio lungo... molto lungo. E il mondo lentamente ... affondò nell'oscurità...,Tengo la sensación de que fue un largo... verdaderamente largo viaje.{n}Y el mundo lentamente... se sumió en la oscuridad..., ﺷﻌﺮﺕُ ﻭﻛﺄﻧَّﻬﺎ ﻛﺎﻧﺖ ﺭﺣﻠﺔً ﻃﻮﻳﻠﺔ، .........ﺑﻞ ﻃﻮﻳﻠﺔً ﻟﻠﻐﺎﻳﺔ.{n}...ﻭﺍﻟﻌﺎﻟﻢ ﺗﺪﺭﻳﺠﻴًﺎ. .........ﺃﻇﻠﻢ ﻭﺳﻜﻦ...
,"The stars that should be sparkling.........lay not in the sky, but were scattered beneath me.","The stars that should've been sparkling......lay not in the sky, but were scattered beneath me. ","The stars that should be sparkling, .........lay not in the sky, but were scattered beneath me.",瞬くはずの星が、………空でなく、眼下に散らばっている。,[=JP],"Звёзды, которые должны блистать, были не на небе, а рассеяны подо мной.","As estrelas que deveriam estar brilhando.........não estavam dispersas pelo céu, mas espalhadas debaixo dos meus pés.",眨眼的星星，………不是在空中，而是散落在我的身下。,[=CN],"Le stelle che sarebbero dovute splendere... non erano nel cielo, ma disseminate sotto me.","Las estrellas que deberían estar brillando... no estaban en el cielo, sino esparcidas debajo mío.", ﺍﻟﻨُّﺠﻮﻡ ﺍﻟﺘﻲ ﻳﺠﺐ ﺃﻥ ﺗﺘﻸﻷ.........ﻟﻢ ﺗﻌﺪ ﻓﻲ ﺍﻟﺴﻤﺎﺀ، ﺑﻞ ﺗﻨﺎﺛﺮﺕ ﺗﺤﺘﻲ.
,"......When I recognized that the pearls and rubies were creating a river of white and red, I realized that it was a vast nighttime scene that was spread out below me...","...When I realized that the pearl and ruby made a red and white stream, I noticed that it was a vast nighttime scene spread out below... ","......When I realized that the pearl and ruby made a red and white stream, I noticed that it was a vast nighttime scene spread out below me...",……真珠とルビーが白と赤の河を作っているのを認めた時。それは、眼下に広がる広大な夜景であったと気付く…。,[=JP],"Когда я осознала, что жемчужина и рубин сотворили красный и белый поток, я поняла, что подо мной раскинулась сцена ночи...","......Quando percebi que as pérolas e rubis estavam criando um rio de vermelho e branco, notei que era uma vasta paisagem noturna que se estendia debaixo de mim...",……在看到珍珠与红宝石构成的白与红的长河时。我意识到了，身下展开着广阔的夜景…。,……在看到珍珠與紅寶石構成的白與紅的長河時。我意識到了，身下展開著廣闊的夜景…。,"... Quando realizzai che la perla e il rubino creavano una corrente rossa e bianca, notai che c'era una vasta scena notturna che si espandeva sotto di me...","... Cuando me percaté de que la perla y el rubí hacían una corriente roja y blanca, me di cuenta de que era una vasta escena nocturna esparcida debajo mío...", ﺣﻴﻦ ﺃﺩﺭﻛﺖُ ﺃﻥَّ ﺍﻟَّﻶﻟﺊ ﻭﺍﻟﻴﺎﻗﻮﺕ ﺗﺨﻠﻖ ﻧﻬﺮًﺍ ﻣﻦ ﺍﻷﺑﻴﺾ ﻭﺍﻷﺣﻤﺮ، ...ﺃﺩﺭﻛﺖُ ﺃﻧَّﻪ ﻣﺸﻬﺪٌ ﻟﻴﻠﻲٌ ﺷﺎﺳﻊٌ ﻛﺎﻥ ﻣﺒﺴﻮﻃًﺎ ﺃﺳﻔﻠﻲ.
,"I was in the sky of that nighttime scene, neither standing nor flying, ......but simply floating in the air.","I was in the sky of that nighttime scene, neither standing nor flying, ...but simply floating. ","I was in the sky of that nighttime scene, neither standing nor flying, ......but simply floating.",私はその夜景の空に、立つでも飛ぶでもなく、……ただ漂うように、浮かんでいた。,[=JP],"Я была в небе над этой ночью, но не стояла, не летала, а просто парила.","Eu estava no céu desta paisagem noturna, não estava de pé, sequer voando, ......mas simplesmente flutuando no ar.",我在这夜景的空中，不是站着，不是飞着，……仅仅是漂浮在半空中。,我在這夜景的空中，不是站著，不是飛著，……僅僅是漂浮在半空中。,"Ero nel cielo di quello scenario notturno, non ero né ferma né stavo volando... ma semplicemente fluttuavo.","Yo estaba en el cielo de esa escena nocturna, sin estar ni parada ni volando... simplemente flotando.",ﻛﻨﺖُ ﻓﻲ ﺳﻤﺎﺀ ﺫﻟﻚ ﺍﻟﻤﺸﻬﺪ ﺍﻟﻠﻴﻠﻲ، ﻻ ﻭﺍﻗﻔﺔً ﻭﻻ ﻃﺎﺋﺮﺓ، ...ﺑﻞ ﻛﻨﺖُ ﻋﺎﺋﻤﺔً ﻓﻲ ﺍﻟﻬﻮﺍﺀ.
,"......From nowhere in particular, I could hear the sound of one person clapping—a truly dull applause.","...From nowhere in particular, I could hear a *clap*clap*clap*, a truly dull applause. ","......From nowhere in particular, I could hear a *clap*clap*clap*, a truly dull applause.",……どこからともなく、ぱちぱちぱちと、実に味気ない拍手が聞こえてきた。,[=JP],"Из ниоткуда я у слышала *хлоп*хлоп*хлоп*. Какие унылые, монотонные аплодисменты.","......De algum lugar indiferente, eu pude ouvir o som de uma pessoa aplaudindo — um aplauso verdadeiramente fastidioso.",……“啪啪啪”，凭空冒出的，实在平淡无味的拍手声传进了我的耳朵。,……“啪啪啪”，憑空冒出的，實在平淡無味的拍手聲傳進了我的耳朵。,"... Da un posto non preciso, potei sentire un *clap*clap*clap*, un applauso davvero scialbo.","... Desde ningún lugar en particular, pude escuchar un *clap*clap*clap*, un aplauso bastante seco.", -ﻭﻣﻦ ﻣﻜﺎﻥٍ ﻏﻴﺮ ﻣﺤﺪَّﺩ، ﺳﻤﻌﺖُ ﺻﻮﺕ ﺗﺼﻔﻴﻖ ﺷﺨﺺ...... ﺗﺼﻔﻴﻖٌ ﺧﻔﻴﺖٌ ﺑﺎﻟﻔﻌﻞ.
,"I understood. ......It was the one who ordered me to go on this journey, ......{f:5:Bernkastel}.","I know. ...It's the one who ordered me to go on a journey, {f:5:Bernkastel}. ","I know.......It's the one who ordered me to go on a journey, ......Bernkastel.\",わかってる。……私に旅立てと命じた、……ベルンカステルだ。,[=JP],"Я знаю. Это та, кто приказал мне отправиться в это путешествие — ......{f:5:Бернкастель}.","Eu entendi. ......Era aquela que disse para eu embarcar desta viagem, ......{f:5:Bernkastel}.",明白。……那是命我踏上旅途的，……贝伦卡斯泰露。,明白。……那是命我踏上旅途的，……貝倫卡斯泰露。,Lo so. ... È colei che mi ha ordinato di partire per un viaggio... Bernkastel.,"Lo entendí... Es de quien que me ordenó ir de viaje, {f:5:Bernkastel}.", ﻓﻬﻤﺖ. ...ﻛﺎﻧﺖ ﻣﻦ ﺃﻣﺮﻧﻲ ﺑﺎﻟﺸُّﺮﻭﻉ ﻓﻲ ﻫﺬﻩ ﺍﻟﺮﺣﻠﺔ، {f:7:ﺑﻴﺮﻧﻜﺎﺳﺘﻞ}......
{f:5:Bernkastel},"""...............Congratulations, Endless Witch, {f:5:Ange Beatrice}. At the end of your travels, you understood everything about magic.""","""......Congratulations, Endless Witch, {f:5:Ange Beatrice}. At the end of your travels, you understood everything about magic."" ","""............Congratulations, Endless Witch, ANGE Beatrice.  At the end of your travels, you understood everything about magic.""",「……………おめでとう。無限の魔女、エンジェ・ベアトリーチェ。あなたは旅路の末に、魔法の全てを理解したわ。」,「……………おめでとう。無限の魔女、エンジェ・ベアトリーチェ。あなたは旅路の末に、魔法の全てを理解したわ」,"""............Поздравляю, Ведьма Бесконечности Энджи {f:5:Беатриче}. В конце твоего путешествия ты поняла о магии всё.""","""...............Parabéns, Bruxa do Infinito, {f:5:Ange Beatrice}. Ao final de sua viagem, você compreendeu tudo sobre a magia.""",「……………恭喜。无限的魔女，安琪·贝阿朵莉切。你在旅途之末，理解了魔法的一切。」,「……………恭喜。無限的魔女，安琪·貝阿朵莉切。你在旅途之末，理解了魔法的一切。」,"""... Congratulazioni, Strega dell'Infinito, ANGE Beatrice. Alla fine dei tuoi viaggi, hai capito tutto riguardo la magia.""","""... Felicidades, Bruja Interminable, {f:5:Ange Beatrice}. Al final de tus viajes, entendiste todo sobre la magia.""","""ﻣﺒﺎﺭﻙٌ ﻟﻚِ، ﺃﻳُّﺘﻬﺎ ﺍﻟﺴَّﺎﺣﺮﺓ ﺍﻷﺯﻟﻴﺔ، {f:7:ﺇﻧﺠﻲ ﺑﻴﺎﺗﺮﻳﺲ}. ﻓﻬﻤﺖِ ﻛﻞ ﺷﻲﺀٍ ﻋﻦ ﺍﻟﺴﺤﺮ ﻓﻲ ﻧﻬﺎﻳﺔ ﺭﺣﻠﺘﻚِ."""
Ushiromiya Ange,"""......Yes. .........I now...understand everything about magic. .........I am...a witch. ......The last witch who inherited the magical world created by Mariage Sorcière.""","""...Yes. ......I now...understand everything about magic. ......I am...a witch. ...The last witch who inherited the magical world created by Mariage Sorcière."" ","""......Yes.  .........I now, ...understand everything about magic.  .........I am...a witch.  ......The last witch who inherited the magical world created by Mariage Sorciere.""",「……えぇ。………私は今や、…魔法の全てを、理解した。………私は、魔女よ。……マリアージュ・ソルシエールが生み出した魔法世界を継承した、最後の魔女。」,「……えぇ。………私は今や、…魔法の全てを、理解した。………私は、魔女よ。……マリアージュ・ソルシエールが生み出した魔法世界を継承した、最後の魔女」,"""......Да. .........Теперь... я понимаю о магии всё. Я... ведьма. Последняя ведьма, которая унаследовала магический мир, созданный Меридж Сорсьер.""","""......Sim. .........Agora...eu entendi tudo sobre a magia. .........Eu sou...uma bruxa. ......A última bruxa, que herdou o mundo mágico criado pela Mariage Sorcière.""",「……是啊。………我现已，…理解了，魔法的一切。………我，是魔女。……是继承了 Mariage Sorcière 所创造出来的魔法世界的，最后的魔女。」,「……是啊。………我現已，…理解了，魔法的一切。………我，是魔女。……是繼承了 Mariage Sorcière 所創造出來的魔法世界的，最後的魔女。」,"""... Sì. ... Io ora... capisco ogni cosa riguardo la magia. ... Io sono... una strega. ... L'ultima strega che ha ereditato il mondo magico creato dal Mariage Sorcière.""","""... Sí... Ahora... entiendo todo sobre la magia... Yo soy... una bruja... La última bruja que heredó el mundo mágico creado por Mariage Sorcière.""","""...ﻧﻌﻢ. ﺍﻵﻥ...ﺃﻓﻬﻢ ﻛﻞَّ ﺍﻟﺴﺤﺮ. ﺃﻧﺎ...ﺳﺎﺣﺮﺓ......... ...ﻭﺁﺧﺮ ﻣَﻦ ﻭَﺭِﺛﺖُ ﺍﻟﻌﺎﻟﻢ ﺍﻟﺴﺤﺮﻱ ﺍﻟﺬﻱ ﺃﻧﺸﺄﻩ ﻣﺎﺭﻳﺎﺝ ﺳﻮﺭﺳﻴﻴﺮ."""
{f:5:Bernkastel},""".........No one besides you...can tear {f:5:Beatrice}'s world to pieces.""","""......No one besides you...can tear {f:5:Beatrice}'s world to pieces."" ",""".........No one besides you...can tear Beatrice's world to pieces.""",「………あなたにしか、ベアトリーチェの世界を、切り裂けない。」,「………あなたにしか、ベアトリーチェの世界を、切り裂けない」,""".........Никто кроме тебя... не может разорвать мир {f:5:Беатриче} на куски.""",""".........Ninguém mais além de você...pode fender o mundo de {f:5:Beatrice} em pedaços.""",「………只有你能斩开贝阿朵莉切的世界。」,「………只有你能斬開貝阿朵莉切的世界。」,"""... Nessuno a parte te... può fare a pezzi il mondo di Beatrice.""","""... Nadie más que tú... puede hacer pedazos el mundo de {f:5:Beatrice}.""","""ﺃﻧﺖ ﺍﻟﻮﺣﻴﺪﺓ...ﺍﻟﺘﻲ ﺑﻮﺳﻌﻚِ ﺗﺤﻄﻴﻢ ﻋﺎﻟﻢ {f:7:ﺑﻴﺎﺗﺮﻳﺲ} ﺇﻟﻰ ﺃﺷﻼﺀ."
Ushiromiya Ange,"""And it was through coming to know magic.........that I learned also how to resist it.""","""Because I know witches, ......I learned how to resist them."" ","""Because I know witches, .........I learned how to resist them.""",「魔法を知るからこそ、………それに抵抗も覚えるわ。」,「魔法を知るからこそ、………それに抵抗も覚えるわ」,"""Поскольку я знаю ведьм, я научилась противостоять им.""","""E foi através do aprendizado da magia.........que eu aprendi como resistir.""",「正因为懂得了魔法，………所以对此有了抵触。」,「正因為懂得了魔法，………所以對此有了抵觸。」,"""Dato che conosco le streghe... ho imparato come resistere loro.""","""Y fue a través de aprender magia... que aprendí a resistirla.""","""ﻭﺑﻤﻌﺮﻓﺘﻲ ﻟﻠﺴﺤﺮ.........ﺗﻌﻠﻤﺖُ ﺃﻳﻀًﺎ ﻛﻴﻒ ﺃﻗﺎﻭﻣﻪ."""
{f:5:Bernkastel},""".................................""","""............"" ","""........................""",「……………………………。」,「……………………………」,[=OG],[=UP],[=JPC],[=JPC],"""...""",[=ITA],[=UP]
Ushiromiya Ange,"""......Magic is made of love and sadness and anger. ......No matter how cruel a witch {f:5:Beatrice} might have been, the source of her magic is exactly the same.""","""...Magic is made of love and sadness and anger. ...No matter how cruel a witch {f:5:Beatrice} might have been, the source of her magic is exactly the same."" ","""......Magic is made of love and sadness and anger.  ......No matter how cruel a witch Beatrice might have been, the source of her magic is exactly the same.",「……魔法は、愛と悲しみと怒りで出来ている。……ベアトリーチェが、どんなに残酷な魔女であったとしても。その魔法の源泉はまったく同じ。,「……魔法は、愛と悲しみと怒りで出来ている。……ベアトリーチェが、どんなに残酷な魔女であったとしても。その魔法の源泉はまったく同じ」,"""......Магия состоит из любви, печали и гнева. ......Независимо от того, насколько жестокой была ведьма {f:5:Беатриче}, источник её магии точно такой же.""","""......A magia é feita de amor, tristeza e raiva. ......Não importa o quão cruel a bruxa {f:5:Beatrice} possa ter sido, a fonte da magia dela é exatamente a mesma.""",「……魔法，是由爱与悲伤与愤怒构成的。……不论贝阿朵莉切是个多么残酷的魔女。其魔法的源泉也完全一样。」,「……魔法，是由愛與悲傷與憤怒構成的。……不論貝阿朵莉切是個多麼殘酷的魔女。其魔法的源泉也完全一樣。」,"""... La magia è fatta d'amore, di tristezza e rabbia. ... Non importa quanto sia stata una strega crudele Beatrice, la fonte della sua magia è esattamente la stessa.","""... La magia está hecha de amor, tristeza e ira... Sin importar lo cruel que pueda ser la bruja {f:5:Beatrice}, la fuente de su magia es exactamente la misma.""","""...ﻳُﺨﻠَﻖ ﺍﻟﺴﺤﺮ ﻣﻦ ﺍﻟﺤﺐ ﻭﺍﻟﺤﺰﻥ ﻭﺍﻟﻐﻀﺐ. ﻣﻬﻤﺎ ﺍﺷﺘﺪﺕ ﻗﺴﻮﺓ ﺍﻟﺴَّﺎﺣﺮﺓ {f:7:ﺑﻴﺎﺗﺮﻳﺲ}، ﻓﻠﻦ ﻳﺨﺘﻠﻒ ﻣﺼﺪﺭ ﺳﺤﺮﻫﺎ ﻋﻦ ﻫﺬﺍ."""
Ushiromiya Ange,""".........And that's why, honestly, I wish I could leave that world of hers alone. ......After all, in her eyes at least, that world is complete as it is.""","""......And that's why I wish I could leave that world of hers alone. ...After all, in her eyes at least, that world is complete."" ",".........And that's why I wish I could leave that world of hers alone.  ......After all, in her eyes at least, that world is complete.""",………だからこそ、彼女のその世界を、本当はそっとしてあげたい。……少なくとも、彼女にとってその世界は、完成しているのだから。」,「………だからこそ、彼女のその世界を、本当はそっとしてあげたい。……少なくとも、彼女にとってその世界は、完成しているのだから」,""".........И именно поэтому я хотела бы оставить тот её мир в покое. В конце концов, хотя в её глазах этот мир является цельным.""",""".........É é por isso que, honestamente, eu desejo poder deixá‐lo de lado. ......Afinal, mesmo que apenas aos olhos dela, aquele mundo é completo da forma como ele é.""",「………所以说真的，我不想打搅她的世界。……因为，至少对她来说，那个世界已经圆满了。」,「………所以說真的，我不想打攪她的世界。……因為，至少對她來說，那個世界已經圓滿了。」,"... Ed è per questo che desidererei poter lasciare in pace il suo mondo. ... Dopotutto, almeno ai suoi occhi, quel mondo è completo.""","""... Y es por eso que desearía poder dejar ese mundo suyo en paz... Después de todo, al menos a sus ojos, ese mundo está completo.""","""...ﻟﺬﺍ، ﺃﺣﺒَّﺬ ﺻﺪﻗًﺎ ﺃﻥ ﺃﺩﻉ ﻋﺎﻟﻤﻬﺎ ﺫﺍﻙ ﻭﺷﺄﻧﻪ. ...ﻓﺒﺎﻟﻨﺴﺒﺔ ﺇﻟﻴﻬﺎ ﻫﻮ ﻣﻦ ﺩﻭﻥ ﺷﻚٍ ﻋﺎﻟﻢٌ ﻛﺎﻣﻞ."""
{f:5:Bernkastel},"""............But then you'd have to give up on your family.""","""......But then you'd have to give up on your family."" ",[=UP],「…………あなたが家族を諦められるならね。」,「…………あなたが家族を諦められるならね」,"""............Но тогда тебе придётся отказаться от твоей семьи.""","""............Mas assim você teria que desistir da sua família.""",「…………这得需要，你肯放弃家人哦。」,「…………這得需要，你肯放棄家人哦。」,"""... Ma allora dovresti rinunciare alla tua famiglia.""","""... Pero entonces tendrías que olvidarte de tu familia.""","""...ﻟﻜﻨﻚِ ﺣﻴﻨﻬﺎ ﺳﻮﻑ ﺗﺘﺨﻠﻴﻦ ﻋﻦ ﺃﺳﺮﺗﻚ."""
Ushiromiya Ange,"""..................... ......That's right. So, although I feel bad about it, I have to fight. .........Because the very reason I left on this journey to become a witch......was so that I could bet on the small probability that I could take my family back.""","""............ ...That's right. So, I don't like doing it, but I have to fight. ......The very reason I left on this journey to become a witch... ...was so I could bet on the faint chance that I'd be able to take my family back someday."" ","""...........................That's right.  So, I don't like doing it, but I have to fight.  .........The very reason I left on this journey to become a witch......was so that I could place my bet on the faint probability that I could take my family back someday.""",「…………………。……そう。だから申し訳ないけれど、私は戦わなければならない。………家族を取り戻せるかもしれない、わずかの確率に賭けて、……魔女となる旅に出たのだから。」,「…………………。……そう。だから申し訳ないけれど、私は戦わなければならない。………家族を取り戻せるかもしれない、わずかの確率に賭けて、……魔女となる旅に出たのだから」,"""........................Это верно. Я не хочу этого делать, но я должна сражаться. .........Именно поэтому я отправилась в это путешествие, чтобы стать ведьмой... И поэтому я поставлю на слабую вероятность того, что смогу однажды вернуть свою семью назад.""","""..................... ......Isso mesmo. Por isso, mesmo que eu me sinta mal por isso, eu tenho que lutar. .........Porque o principal motivo de eu ter saído nesta jornada foi para me tornar uma bruxa......para que assim eu pudesse apostar na possibilidade mínima de que eu poderia trazer minha família de volta.""",「…………………。……对。所以，虽然感到抱歉，但我必须去战斗。………因为，我是为了去赌也许能找回家人的微小概率，……才踏上了成为魔女之旅。」,「…………………。……對。所以，雖然感到抱歉，但我必須去戰鬥。………因為，我是為了去賭也許能找回家人的微小概率，……才踏上了成為魔女之旅。」,"""... Giusto. Quindi, non mi piace farlo, ma devo combattere. ... La vera ragione per cui sono partita in questo viaggio per diventare una strega... era che potessi scommettere sulla lieve probabilità che potessi un giorno portare indietro la mia famiglia.""","""... Es verdad. Así que, aunque me sienta mal por ello, tengo que luchar... Porque la razón por la que emprendí este viaje para convertirme en bruja... fue para poder apostar por la pequeña probabilidad de poder recuperar a mi familia.""","""..................... ...ﺃﻋﻠﻢ. ﻟﺬﺍ، ﻭﺭﻏﻢ ﺷﻌﻮﺭﻱ ﺑﺎﻷﺳﻒ، ﻳﺠﺐ ﺃﻥ ﺃﻗﺎﺗﻞ. ...ﻷﻥَّ ﺍﻟﺴﺒﺐ ﺍﻟﺠﻮﻫﺮﻱ ﻟﺸﺮﻭﻋﻲ ﻓﻲ ﻫﺬﻩ ﺍﻟﺮﺣﻠﺔ ﻷﺻﻴﺮ ﺳﺎﺣﺮﺓ......... ...ﻟﻜﻲ ﺃﺗﻤﻜﻦ ﻣﻦ ﺍﻟﻤﺮﺍﻫﻨﺔ ﻋﻠﻰ ﺍﻻﺣﺘﻤﺎﻝ ﺍﻟﻀﺌﻴﻞ ﺃﻥ ﺃﺳﺘﺮﺩَّ ﺃﺳﺮﺗﻲ."""
{f:5:Bernkastel},"""Unless you kill {f:5:Beatrice}, only worlds of isolation can exist for you. ......As one who has traveled through billions of fragments, I can guarantee it.""","""Unless you kill {f:5:Beatrice}, only worlds of isolation can exist for you. ...As one who has traveled to billions of Fragments, I guarantee it."" ","""Unless you kill Beatrice, only worlds of isolation can exist for you.  ......As one who has traveled to billions of Fragments, I can guarantee it.""",「ベアトリーチェを殺さない限り、あなたには孤独な世界しか存在しない。……それを、百億のカケラを旅した私が保証するわ。」,「ベアトリーチェを殺さない限り、あなたには孤独な世界しか存在しない。……それを、百億のカケラを旅した私が保証するわ」,"""Пока ты не убьёшь {f:5:Беатриче}, для тебя могут существовать лишь миры одиночества. ......Как одна из тех, кто побывал в миллиардах осколков, я могу гарантировать это.""","""A não ser que você mate a {f:5:Beatrice}, tudo que pode existir para você são mundos de isolamento. ......Sendo alguém que já viajou através de bilhões de Fragmentos, eu posso garantir isto.""",「不杀死贝阿朵莉切，对于你，就只存在孤独的世界。……踏遍百亿碎片的我对此予以保证。」,「不殺死貝阿朵莉切，對於你，就只存在孤獨的世界。……踏遍百億碎片的我對此予以保證。」,"""A meno che tu non uccida Beatrice, solo mondi di completa solitudine possono esistere per te. ... Come colei che ha viaggiato per miliardi di Frammenti, te lo posso assicurare.""","""A menos que mates a {f:5:Beatrice}, solo mundos de soledad podrán existir para ti... Como la que viajó por billones de Fragmentos, puedo garantizarlo.""","""ﻟﻦ ﻳﻨﺘﻈﺮﻙ ﺳﻮﻯ ﻋﺎﻟﻢٌ ﻣﻦ ﺍﻟﻮﺣﺪﺓ ﺇﺫﺍ ﻟﻢ ﺗﻘﺘﻠﻲ {f:7:ﺑﻴﺎﺗﺮﻳﺲ}. ...ﺑﺼﻔﺘﻲ ﻣَﻦ ﺳﺎﻓﺮﺕ ﻋﺒﺮ ﻣﻼﻳﻴﻦ ﺍﻟﺸﻈﺎﻳﺎ ﺍﻟﻤﺘﻨﺎﺛﺮﺓ، ﺃﺿﻤﻦ ﻟﻚِ ﺫﻟﻚ."""
Ushiromiya Ange,"""............I understand. ......I don't have room for compassion. ......I must make my heart a demon, .........and tear her heart to pieces.""","""......I understand. ...I can't afford to have compassion. ...I must make my heart a demon... ...and tear her heart to pieces."" ","""............I understand.  ......I don't have room for compassion.  ......I must make my heart a demon, .........and tear her heart to pieces.""",「…………わかってるわ。……同情してる余地なんて、私にはないのよ。……心を鬼にして、………彼女の心を、切り裂かなくてはならない。」,「…………わかってるわ。……同情してる余地なんて、私にはないのよ。……心を鬼にして、………彼女の心を、切り裂かなくてはならない」,"""............Я понимаю. .....Во мне нет места состраданию. .....Я должна ожесточить своё сердце и разорвать её сердце на куски.""","""............Eu entendo. ......Eu não quero abrir espaço para a compaixão. ......Preciso transformar meu coração em um demônio, .........e partir o coração dela em pedaços.""",「…………明白。……我没有同情她的余地。……必须狠下心，………去劈开她的心。」,「…………明白。……我沒有同情她的餘地。……必須狠下心，………去劈開她的心。」,"""... Capisco. ... Non c'è posto per la compassione. ... Devo rendere il mio cuore un demone... e fare a pezzi il suo cuore.""","""... Entiendo... No hay lugar para la compasión... Debo convertir mi corazón en el de un demonio, y romper su corazón en pedazos.""","""...ﺃﻋﻠﻢ. ...ﻭﻟﻬﺬﺍ ﻟﻴﺲ ﺑﻴﺪﻱ ﺃﻥ ﺃﺗﻌﺎﻃﻒ ﻣﻌﻬﺎ. ﻟﻴﺲ ﺃﻣﺎﻣﻲ ﺳﻮﻯ ﺃﻥ ﺃﺟﻤِّﺪ ﻗﻠﺒﻲ. ...ﻭﺃﻣﺰِّﻕ ﻗﻠﺒﻬﺎ."
{f:5:Bernkastel},"""......It is good that you are steady in your resolve. I was worried that, as another witch like her, you might grow attached and lose your will to continue.""","""...It's good that you're steady in that resolve. I was worried that, as another witch like her, you might grow attached and lose your will to continue."" ","""......It is good that you are steady in that resolve.  I was worried that, as another witch like her, you might grow attached and loose your will to continue.""",「……その気持ちが揺るぎ無いならよかったわ。同じ魔女同士、情が移って、志を挫くんじゃないかと心配したわ。」,「……その気持ちが揺ぎ無いならよかったわ。同じ魔女同士、情が移って、志を挫くんじゃないかと心配したわ」,"""......Хорошо, что ты приняла такое твёрдое решение. Я беспокоилась, что как похожая на неё ведьма ты можешь ощутить привязанность и потерять волю продолжать.""","""......É bom ver que você já definiu sua resolução. Eu estava preocupada que, sendo uma bruxa como ela, você poderia ser movida pela compaixão e perder sua vontade de continuar.""",「……这心意毫无动摇，真是太好了。我有担心过，你是否会对同为魔女的她丧失斗志哦？」,「……這心意毫無動搖，真是太好了。我有擔心過，你是否會對同為魔女的她喪失鬥志哦？」,"""... È un bene che tu sia pronta con questa risoluzione. Ero preoccupata che, come altra strega come lei, tu potessi affezionarti e perdere la tua la tua volontà di continuare.""","""... Es bueno que tengas esa determinación. Me preocupaba que, al ser otra bruja como ella, pudieras terminar encariñándote y perdiendo tu voluntad para continuar.""","""ﻳﺴﺮّﻧﻲ ﺛﺒﺎﺗﻚِ ﻋﻠﻰ ﻋﺰﻣﻚ. ﺧﺸﻴﺖُ ﺃﻥ ﺗﺘﻌﺎﻃﻔﻲ ﻣﻌﻬﺎ ﺑﻌﺪ ﺃﻥ ﺻﺮﺕِ ﺳﺎﺣﺮً ﻣﺜﻠﻬﺎ، ﻓﺘﻔﻘﺪﻱ ﺇﺭﺍﺩﺗﻚِ ﻟﻠﻤﻮﺍﺻﻠﺔ."""
,"Coming from a person like her, whose face was almost always expressionless, those words felt a bit hollow.",It felt a bit hollow hearing that from a person whose face was almost always expressionless. ,"It felt a bit hollow hearing that from a person whose face was almost always expressionless, like her.",およそ表情を浮かべたことのない彼女に言われると、ちょっぴり白々しい。,[=JP],"Это прозвучало неискренне от той, чьё лицо было всегда безразличным.","Vindo de uma pessoa como ela, na qual seu rosto raramente expressava uma emoção, aquelas palavras pareciam um pouco vazias.",听脸上从未有过表情的她这么说，不禁感到了一丝假惺惺。,聽臉上從未有過表情的她這麼說，不禁感到了一絲假惺惺。,"Mi sentii un po' cupa a sentirlo dire da una persona il cui volto era praticamente sempre senza espressione, come lei.","Se sintió un poco vacío escuchar eso de alguien cuya cara estaba siempre sin expresiones, como ella.", ﺃﻥ ﺃﺳﻤﻊ ﻫﺬﺍ ﻣﻨﻬﺎ ﻫﻲ، ﺍﻟﺘﻲ ﻧﺎﺩﺭًﺍ ﻣﺎ ﺗُﻈﻬﺮ ﺃﻱ ﺗﻌﺎﺑﻴﺮ، ﻳﺒﺪﻭ ﻣﺼﻄﻨﻌًﺎ ﺑﻌﺾ ﺍﻟﺸﻲﺀ.
,{f:5:Bernkastel}. ......The enigmatic witch who invited me on this journey.{n}....................................,{f:5:Bernkastel}. ...The mysterious witch who invited me on this journey. ............ ,Bernkastel.......The witch of mystery who invited me to this journey.  ........................,ベルンカステル。……私をこの旅に誘った、謎の魔女。………………………………。,ベルンカステル。……私をこの旅に誘った、謎の魔女。{n}………………………………。,"{f:5:Бернкастель}. Таинственная ведьма, пригласившая меня в это путешествие.{n}........................",{f:5:Bernkastel}. ......A enigmática bruxa que me convidou para esta jornada.{n}....................................,贝伦卡斯泰露。……诱导我踏上这趟旅途的，谜一样的魔女。{n}………………………………。,貝倫卡斯泰露。……誘導我踏上這趟旅途的，謎一樣的魔女。{n}………………………………。,Bernkastel. ... La strega del mistero che mi ha invitato in questo viaggio. ...,{f:5:Bernkastel}... La bruja misteriosa que me invitó a este viaje.{n}...,{f:7:ﺑﻴﺮﻧﻜﺎﺳﺘﻞ}. ...ﺍﻟﺴَّﺎﺣﺮﺓ ﺍﻟﻐﺎﻣﻀﺔ ﺍﻟﺘﻲ ﺩﻋﺘﻨﻲ ﻟﻬﺬﻩ ﺍﻟﺮﺣﻠﺔ.{n}....................................
Ushiromiya Ange,"""There were moments when I suspected that you might have been lying to me.""","""At times, I've suspected that you might've lied to me."" ","""At times, I've suspected that you might have lied to me.""",「私、あなたが嘘をついてたんじゃないかと、疑ってたことがあったわ。」,「私、あなたが嘘をついてたんじゃないかと、疑ってたことがあったわ」,"""Время от времени я подозревала, что ты лгала мне.""","""Houve momentos em que suspeitei que você pudesse estar mentindo para mim.""",「我曾怀疑过，你是不是在说谎。」,「我曾懷疑過，你是不是在說謊。」,"""Al tempo, sospettai che tu mi avessi mentito.""","""Hubo momentos en los que sospeché que podrías haberme estado mintiendo.""","""ﻣﺮَّﺕ ﻟﺤﻈﺎﺕٌ ﺍﺭﺗﺒﺖُ ﻓﻴﻬﺎ ﺃﻧَّﻚِ ﺭﺑَّﻤﺎ ﺗﻜﺬﺑﻴﻦ ﻋﻠﻲَّ."""
{f:5:Bernkastel},""".....................Why?""",""".........Why?"" ","""..................Why?""",「…………………どうして？」,[=JP],"""..................Почему?""",""".....................Por quê?""",「…………………为什么这么想？」,「…………………為什麼這麼想？」,"""... Perché?""","""... ¿Por qué?""","""...ﻟِﻢَ؟"""
Ushiromiya Ange,"""......I am the Ange of 1998, so even if I save my family, that will only bring relief to the Ange of 1986. ......It won't do anything for me. So I sometimes felt like I was being deceived.""","""...I am the Ange of 1998, so even if I save my family, they will only be saved for the Ange of 1986. ...They won't be saved for me. So I've sometimes felt like I was being deceived."" ","""......I am the Ange of 1998, so even if I save my family, they will only be saved for the Ange of 1986.  ......They won't be saved for me.  So I've sometimes felt like I was being deceived.""",「……私は１９９８年の縁寿だから、家族を救っても、それは１９８６年の縁寿が救われるだけ。……この私が救われるわけじゃない。だから騙されていると思っていたことがあるの。」,「……私は１９９８年の縁寿だから、家族を救っても、それは１９８６年の縁寿が救われるだけ。……この私が救われるわけじゃない。だから騙されていると思っていたことがあるの」,"""......Я Энджи из 1998 года, так что даже если я спасу свою семью, они будут спасены только для Энджи из 1986 года. ......Они не будут спасены для меня. Вот почему мне иногда казалось, что меня обманули.""","""......Eu sou a Ange de 1998, então mesmo que eu salve minha família, isto só trará alívio para a Ange de 1986. ......Não fará nada por mim. Por isso, algumas vezes, senti como se estivesse sendo enganada.""",「……我是 1998 年的缘寿，所以，就算救回了家人，也就只有 1986 年的缘寿能得到救赎。……并非我能得到救赎。所以，我曾想过，自己被骗了。」,「……我是 1998 年的緣壽，所以，就算救回了家人，也就只有 1986 年的緣壽能得到救贖。……並非我能得到救贖。所以，我曾想過，自己被騙了。」,"""... Io sono la Ange del 1998, quindi anche se salvassi la mia famiglia, loro sarebbero salvi solamente per la Ange del 1986. ... Non saranno salvi per me. Quindi qualche volta mi son sentita come se stessi venendo ingannata.""","""... Soy la Ange de 1998, así que incluso si salvo a mi familia, ellos solo serán salvados para la Ange de 1986... No serán salvados para mí. Así que a veces siento como si hubiese sido engañada.""","""ﺃﻧﺎ ﺇﻧﺠﻲ ﺳﻨﺔ 8991، ﻭﺣﺘﻰ ﻟﻮ ﺃﻧﻘﺬﺕُ ﺃﺳﺮﺗﻲ، ﻓﻠﻦ ﺗﻌﻮﺩ ﺇﻻ ﻹﻧﺠﻲ ﺳﻨﺔ 6891. ...ﻻ ﻓﺮﺻﺔ ﻹﻧﻘﺎﺫﻱ ﻫﻨﺎ. ﻭﻟﺬﻟﻚ ﻓﺎﺣﺘﻤﺎﻝ ﺧﺪﺍﻋﻚِ ﻟﻲ ﻟﻢ ﻳﻜﻦ ﺧﺎﺭﺝ ﺣُﺴﺒَﺎﻧﻲ."""
{f:5:Bernkastel},"""........................ ......That is correct. I deceived you.""","""......... ...That is correct. I deceived you."" ","""........................That is correct.  I deceived you.""",「……………………。……そのとおりよ。私はあなたを騙したわ。」,「……………………。……そのとおりよ。私はあなたを騙したわ」,"""........................Это так. Я обманула тебя.""","""........................ ......Está correta. Eu enganei você.""",「……………………。……正是如此哟。我骗了你。」,「……………………。……正是如此喲。我騙了你。」,"""... Questo è corretto. Ti ho ingannata.""","""... Eso es correcto. Te engañé.""","""........................ﺻﺤﻴﺢ. ﻟﻘﺪ ﺧﺪﻋﺘﻚِ. "
Ushiromiya Ange,"""......But now I'm grateful. .........After all, in the end, you did teach me the way to take my family back.""","""...But now I'm grateful. ......After all, in the end, you did teach me how to get my family back."" ","""......But, now I'm grateful.  .........After all, in the end, you did teach me the way to take my family back.""",「……でも、今は感謝してる。………だって。あなたは私に、家族の取り戻し方を、結局は教えてくれたもの。」,「……でも、今は感謝してる。………だって。あなたは私に、家族の取り戻し方を、結局は教えてくれたもの」,"""......Но сейчас я благодарна. .........Ведь, в конце концов, ты всё‐таки научила меня способу, как вернуть мою семью.""","""......Mas agora eu sou grata. .........Afinal, no fim, você me ensinou como trazer minha família de volta.""",「……但是，此刻我很感谢你。………毕竟。结果上，你教给了我找回家人的方法。」,「……但是，此刻我很感謝你。………畢竟。結果上，你教給了我找回家人的方法。」,"""... Tuttavia, ora ti sono riconoscente. ... Dopotutto, alla fine, mi hai insegnato come riportare indietro la mia famiglia.""","""... Pero ahora estoy agradecida... Después de todo, al final, me enseñaste la forma de recuperar a mi familia.""","""...ﻭﻟﻜﻨﻨﻲ ﻣﻤﺘﻨﺔٌ ﺍﻵﻥ. ...ﻓﻌﻠﻰ ﺃﻳﺔ ﺣﺎﻝ. ﻋﻠَّﻤﺘِﻨﻲ ﻓﻲ ﺍﻟﻨﻬﺎﻳﺔ ﻭﺳﻴﻠﺔً ﺃﺳﺘﻌﻴﺪ ﺑﻬﺎ ﺃﺳﺮﺗﻲ."""
{f:5:Bernkastel},"""............I didn't teach you anything. ......If you have come to know that, it's a state of understanding that you reached on your own as a witch. That place you have reached is different from mine. .........I myself cannot comprehend it, but if it is as you say, then congratulations.""","""......I didn't teach you anything. ...If you know something, it's because you've reached that mental state by yourself, as a witch. That mental state is different from my own. ......I personally cannot understand it, but if that's the truth, then congratulations."" ","""............I didn't teach you anything.  ......If you know that, it is because, as a witch, you have reached that mental state by yourself.  That mental state is different from mine.  .........I myself cannot understand, but if that is the truth, congratulations.""",「…………私は何も教えてないわ。……それを知ったのだとしたら、それはあなたが魔女として自ら至った境地だわ。それは私のそれとは違う境地。………私に理解は出来ないけれど、もしもそうならば、おめでとう。」,「…………私は何も教えてないわ。……それを知ったのだとしたら、それはあなたが魔女として自ら至った境地だわ。それは私のそれとは違う境地。………私に理解は出来ないけれど、もしもそうならば、おめでとう」,"""...........Я ничему тебя не учила. ......Если ты узнала его, так это потому, что ты, как ведьма, достигла такого ментального состояния самостоятельно. Это состояние не такое, как у меня. .........Я сама не могу понять, но если это правда, мои поздравления.""","""............Eu não ensinei nada a você. ......Se você aprendeu isso, é um estado de entendimento que você alcançou por conta própria, sendo uma bruxa. O lugar que você chegou é diferente do meu. .........Eu mesma não consigo compreender, mas se é como você diz, então, parabéns.""",「…………我什么都没有教。……你要是获知了这个的话，那这就是你作为魔女自行抵达的境地。这与我的那个，乃是不同的境地。………虽然我并不理解，但若是如此的话，那就，恭喜。」,「…………我什麼都沒有教。……你要是獲知了這個的話，那這就是你作為魔女自行抵達的境地。這與我的那個，乃是不同的境地。………雖然我並不理解，但若是如此的話，那就，恭喜。」,"""... Io non ti ho insegnato niente. ... Se lo sai, è perché, come strega, hai raggiunto quello stato mentale da sola. È diverso dal mio. ... Io stessa non riesco a capire, ma se questa è la verità, congratulazioni.""","""... No te enseñé nada... Si sabes eso, es porque, como bruja, alcanzaste ese estado mental por tu cuenta. Ese estado mental es diferente del mío... Ni yo misma lo puedo entender, pero si esa es la verdad, felicidades.""","""...ﻟﻢ ﺃﻋﻠِّﻤﻚِ ﺷﻴﺌًﺎ. ...ﺇﺫﺍ ﻛﻨﺖِ ﻗﺪ ﻭﻋﻴﺖِ ﻟﺬﻟﻚ، ﻓﻬﻲ ﺣﺎﻟﺔٌ ﻣﻦ ﺍﻹﺩﺭﺍﻙ ﺑﻠﻐﺘِﻬﺎ ﺑﻨﻔﺴﻚِ ﻛﺴﺎﺣﺮﺓ. ﺫﻟﻚ ﺍﻟﻤﻜﺎﻥ ﺍﻟﺬﻱ ﺑﻠﻐﺘِﻪ ﻣﺨﺘﻠﻒٌ ﻋﻦ ﻣﻜﺎﻧﻲ. ...ﻻ ﻳﻤﻜﻨﻨﻲ ﺍﺳﺘﻴﻌﺎﺏ ﺫﻟﻚ ﺷﺨﺼﻴًﺎ، ﻭﻟﻜﻦ ﺇﺫﺍ ﺻﺢَّ ﻗﻮﻟﻚِ، ﻓﺘﻬﺎﻧﻴﻨﺎ."""
Ushiromiya Ange,"""I am not a player in this game, but a piece. You said this to me, right?""","""I'm not a player in this game, but a piece. You said that to me, right?"" ","""I am not a player in this game, but a piece.  You said this to me, right?""",「私はこのゲームのプレイヤーではなく、駒だと。あなたは私に言ったわよね？」,[=JP],"""Я не игрок в этой игре, а фигура. Ты сказала это мне, верно?""","""Eu não sou uma jogadora deste jogo, mas sim uma peça. Você me disse isso, não disse?""",「我不是这游戏的棋手，而是棋子。你曾这么对我说过吧？」,「我不是這遊戲的棋手，而是棋子。你曾這麼對我說過吧？」,"""Io non sono un giocatore in questa partita, ma una pedina. Tu mi hai detto così, giusto?""","""No soy una jugadora en el juego, sino una pieza. Tú me dijiste eso, ¿verdad?""","""ﻟﺴﺖُ ﻻﻋﺒﺔً ﻓﻲ ﻫﺬﻩ ﺍﻟﻠﻌﺒﺔ، ﺑﻞ ﻣﺠﺮَّﺩ ﻗﻄﻌﺔ. ﺃﻟﻢ ﺗﻘﻮﻟﻲ ﻫﺬﺍ ﻟﻲ؟"""
{f:5:Bernkastel},"""............Yes, I did.""","""......Yes, I said it."" ","""............Yes, I said it.""",「…………えぇ、言ったわ。」,「…………えぇ、言ったわ」,"""............Да, так и сказала.""","""............Sim, eu disse.""",「…………嗯，说过。」,「…………嗯，說過。」,"""... Sì, l'ho detto.""","""... Sí, lo hice.""","""...ﺑﻠﻰ."""
Ushiromiya Ange,"""Now, I fully understand that role. ...............A piece doesn't need emotions. It just has to give its all for the sake of victory.""","""Now, I fully understand that role. ......A piece doesn't need emotions. It just has to give its all for victory's sake."" ","""Now, I fully understand that role.  ............A piece doesn't need emotions.  It just has to give its all for victory's sake.""",「その役割を、今こそ完全に理解した。……………駒に、感情はいらない。ただ、勝利のために、最善を尽くせばいい。」,「その役割を、今こそ完全に理解した。……………駒に、感情はいらない。ただ、勝利のために、最善を尽くせばいい」,"""Теперь, я прекрасно понимаю эту роль. ............Фигуре не нужны эмоции. Она просто должна сделать всё ради победы.""","""Agora eu compreendo por completo este papel. ...............Uma peça não necessita de emoções. Só precisa dar tudo de si pelo bem da vitória.""",「在此刻，我完全理解了，我的职责。……………棋子，不需要感情。只用去为了胜利走最妙的一步。」,「在此刻，我完全理解了，我的職責。……………棋子，不需要感情。只用去為了勝利走最妙的一步。」,"""Ora, comprendo pienamente quel ruolo. ... Una pedina non ha bisogno di emozioni. Deve solo dare tutta se stessa per il bene della vittoria.""","""Ahora, entiendo ese rol por completo... Una pieza no necesita emociones. Solo tiene que esforzarse por el bien de la victoria.""","""ﻭﺍﻵﻥ ﺍﺳﺘﻮﻋﺒﺖُ ﺩﻭﺭﻱ ﻋﻠﻰ ﺃﺗﻢ ﻭﺟﻪ. ...ﻓﺎﻟﻘﻄﻌﺔ ﻟﻴﺴﺖ ﺑﺤﺎﺟﺔٍ ﻟﻠﻌﻮﺍﻃﻒ. ﻭﺍﺟﺒﻬﺎ ﺍﻟﻮﺣﻴﺪ ﻫﻮ ﺑﺬﻝ ﻗﺼﺎﺭﻯ ﺟﻬﺪﻫﺎ ﻟﺘﺤﻘﻴﻖ ﺍﻟﻨﺼﺮ."""
{f:5:Bernkastel},"""............Yes. That's exactly right. A game is where you each make the best possible move, right? If you allow your moves to get distorted by hesitation and indecision, your opponent will be confused as well.""","""......Yes. That is correct. A game requires that you each make the best possible moves, right? If your moves get distorted by hesitation and confusion, your opponent will be confused as well."" ","""............Yes.  That is correct.  A game is where you each make the best possible move, right?  If your moves get distorted by hesitation and confusion, your opponent will be confused as well.""",「…………えぇ。そのとおりよ。ゲームは最善手を指し合うものでしょう？　躊躇や戸惑いで指し手をおかしくしてたら、対戦相手も混乱するわ。」,「…………えぇ。そのとおりよ。ゲームは最善手を指し合うものでしょう？　躊躇や戸惑いで指し手をおかしくしてたら、対戦相手も混乱するわ」,"""............Да. Верно. В игре, в которой каждый делает лучшие из возможных ходов. Если твои ходы окажутся искажены нерешительностью и замешательством, твой соперник тоже испытает замешательство.""","""............Sim. Isto está precisamente correto. Um jogo é onde cada lado deve fazer o melhor movimento possível, certo? Se permitir que seus movimentos sejam distorcidos pela hesitação e indecisão, seu oponente também irá se confundir.""",「…………嗯。正是如此哟。游戏就是得互下最妙一着吧？要是因犹豫与困惑而把棋步搞得乱七八糟的话，那对局者也会陷入混乱哦。」,「…………嗯。正是如此喲。遊戲就是得互下最妙一著吧？要是因猶豫與困惑而把棋步搞得亂七八糟的話，那對局者也會陷入混亂哦。」,"""... Sì. Questo è corretto. Un gioco dove ognuno fa la migliore mossa possibile, giusto? Se le tue mosse vengono distorte da esitazione e confusione, anche il tuo avversario sarà confuso.""","""... Sí. Exactamente. Un juego donde cada uno hace el mejor movimiento posible, ¿verdad? Si tus movimientos se distorsionan por la duda y la confusión, tu oponente también estará confundido.""","""...ﻓﻌﻼً. ﺫﻟﻚ ﺻﺤﻴﺢٌ ﺗﻤﺎﻣًﺎ. ﺃﻟﻴﺴﺖ ﻟﻌﺒﺔً ﺣﻴﺚ ﺗﺆﺩﻱ ﻛﻠﺘﺎﻛﻤﺎ ﺃﻓﻀﻞ ﺧﻄﻮﺓٍ ﻣﻤﻜﻨﺔ؟ ﺇﺫﺍ ﺳﻤﺤﺖِ ﻟﺨﻄﻮﺍﺗﻚِ ﺃﻥ ﺗﺘﺸﻮَّﻩ ﺑﺴﺒﺐ ﺍﻟﺘﺮﺩُّﺩ ﻭﺍﻟﺘﻘﻠُّﺐ، ﺳﻴﺸﻌﺮ ﺧﺼﻤﻚِ ﺑﺎﻟﺤﻴﺮﺓ ﺃﻳﻀًﺎ."""
,"..................Sorry, {f:5:Beatrice}.","......Sorry, {f:5:Beatrice}. ","............Sorry, Beatrice.",………………ごめんね、ベアトリーチェ。,[=JP],"Извини, {f:5:Беатриче}.","..................Desculpa, {f:5:Beatrice}.",………………对不起，贝阿朵莉切。,………………對不起，貝阿朵莉切。,"... Mi dispiace, Beatrice.","... Lo siento, {f:5:Beatrice}.", ...ﺃﻋﺘﺬﺭ ﻳﺎ {f:7:ﺑﻴﺎﺗﺮﻳﺲ.
,But...don't hold it against me.{n}......“Ushiromiya Ange” still needs her family.,"But...don't hate me. ...""Ushiromiya Ange"" still needs her family. ",But...don't hate me.......'Ushiromiya Ange' still needs her family.,でも、恨まないで。……“右代宮縁寿”には、まだ家族が必要なの。,でも、恨まないで。{n}……“右代宮縁寿”には、まだ家族が必要なの。,"Но... Не держи на меня зла.{n}""Уширомия Энджи"" до сих пор нуждается в своей семье.",Mas...não me odeie por isso.{n}......“Ushiromiya Ange” ainda precisa de sua família.,不过，别恨我。{n}……“右代宫缘寿”尚需要家人。,不過，別恨我。{n}……“右代宮緣壽”尚需要家人。,Ma... non odiarmi. ... ‘Ushiromiya Ange’ ha ancora bisogno della sua famiglia.,Pero... no me odies.{n}... “Ushiromiya Ange” aún necesita a su familia.," ﺃﺭﺟﻮ ﺃﻻ ﺗﺤﻘﺪﻱ ﻋﻠﻲ.{n}...ﻻ ﺗﺰﺍﻝ ""ﺃﻭﺷﻴﺮﻭﻣﻴﺎ ﺇﻧﺠﻲ"" ﺑﺤﺎﺟﺔٍ ﻷﺳﺮﺗﻬﺎ."
,So I have the right to fight you...so that I can take them back.,"So, I have the right to fight you, ...so that I can take them back. ",[=UP],だから私にはそれを取り返すために、あなたと戦う権利がある。,[=JP],"Так что я имею право сражаться с тобой, чтобы вернуть её назад.","Logo, eu tenho o direito de lutar contra você...para que assim eu possa trazê‐los de volta.",所以为了将家人带回，我拥有与你战斗的权利。,所以為了將家人帶回，我擁有與你戰鬥的權利。,Quindi ho il diritto di combattere... in modo che possa riportarli indietro.,Así que tengo el derecho de luchar contra ti... para poder recuperarlos., ﻟﺬﺍ ﻟﻲ ﺍﻟﺤﻖُّ ﻓﻲ ﻣﻘﺎﺗﻠﺘﻚِ...ﻛﻲ ﺃﺳﺘﻌﻴﺪﻫﺎ.
,And you have the responsibility to accept my challenge.,"And, you have the responsibility to be challenged by me to a fight. ","And, you have the responsibility to be challenged by me to a fight.",そして、あなたは私に戦いを挑まれる義務がある。,[=JP],И ты обязана сразиться со мной.,E você tem a responsabilidade de aceitar meu desafio.,而你也负有，接受我的挑战的义务。,而你也負有，接受我的挑戰的義務。,"Inoltre, tu hai la responsabilità di essere sfidata da me a lottare.",Y tú tienes la responsabilidad de aceptar mi desafío., ﻭﻋﻠﻴﻚِ ﻣﺴﺆﻭﻟﻴﺔ ﻗﺒﻮﻝ ﺗﺤﺪِّﻱَّ.
,.........So please...don't hold it against me.,......So...don't hate me. ,.........So...don't hate me.,………だから、恨まないでね。,[=JP],Так что не держи на меня зла.,".........Então, por favor...não me odeie por causa disso.",………所以，不要恨我。,[=CN],... Perciò... non odiarmi.,... Así que... no me odies., ﻟﺬﺍ ﺃﺭﺟﻮﻙِ...ﻻ ﺗﺆﺍﺧﺬﻳﻨﻲ.........
,"In exchange...if you do win in this game, I'll give you my blessing as well.","In exchange... If you do win in this game, I'll give you my blessing as well. ","In exchange...If you do win in this game, I'll give you my blessing as well.",その代わり。もしもこのゲームに、あなたが勝ったなら。私もそれを祝福してあげるから。,[=JP],"В обмен...Если ты выиграешь эту игру, я дам тебе своё благословение.","Em troca...se você vencer este jogo, eu darei minha benção a você.",作为补偿。如果你赢了这游戏，我也对此予以祝福。,作為補償。如果你贏了這遊戲，我也對此予以祝福。,"In cambio... se tu dovessi vincere in questo gioco, anche io ti darò la mia benedizione.","A cambio... si ganas este juego, te daré mi bendición también.", ...ﺑﺎﻟﻤﻘﺎﺑﻞ. ،ﺇﺫﺍ ﻓﺰﺕِ ﺑﺎﻟﻠﻌﺒﺔ. ﻓﺴﻮﻑ ﺃﺑﺎﺭﻙ ﻟﻚِ ﺃﻧﺎ ﺃﻳﻀًﺎ.
,"Now, let's go. .........As the piece I am, it's finally time for my true turn.","Come on, let's go. ......As the piece I am, it's finally time for my true turn. ","Come on, let's go..........As the piece I am, it's finally time for my true turn.",さぁ、行こう。………私という駒の、いよいよ本当の出番。,[=JP],"Итак, идём. Поскольку я фигура, настало время для моего настоящего хода.","Agora, vamos. .........Sendo a peça que sou, é finalmente a minha vez.",走，去吧。………终于到我这枚棋子真正出场的时候了。,走，去吧。………終於到我這枚棋子真正出場的時候了。,"Su, andiamo. ... Come la pedina che sono, è finalmente arrivato il mio vero turno.","Bien, vamos... Como la pieza que soy, por fin ha llegado mi verdadero turno.", ﻭﺍﻵﻥ، ﻫﻴَّﺎ ﺑﻨﺎ. ﺑﺼﻔﺘﻲ ﺍﻟﻘﻄﻌﺔ ﺍﻟﺘﻲ ﺃﻧﺎ ﻋﻠﻴﻬﺎ، ﻓﻘﺪ ﺣﺎﻥ ﻭﻗﺖ ﺩﻭﺭﻱ ﺍﻟﺤﻘﻴﻘﻲ ﺃﺧﻴﺮًﺍ.
,"Sorry, {f:5:Beatrice}.","Sorry, {f:5:Beatrice}. ","Sorry, Beatrice.",ごめんね、ベアトリーチェ。,[=JP],"Извини, {f:5:Беатриче}.","Desculpa, {f:5:Beatrice}.",对不起，贝阿朵莉切。,對不起，貝阿朵莉切。,"Mi dispiace, Beatrice.","Lo siento, {f:5:Beatrice}.", ﺃﻋﺘﺬﺭ ﻳﺎ {f:7:ﺑﻴﺎﺗﺮﻳﺲ}.
,{e:120:I can't hand Onii‐chan over to you...!!!},{e:120:I won't hand Onii‐chan over to you...!!!} ,{e:120:I won't hand Onii-chan over to you...!!!},{e:120:あんたにお兄ちゃんは、譲れないのッ…！！！},[=JP],{e:120:Я не отдам тебе братика!!!},{e:120:Eu não posso entregar o onii‐chan a você...!!!},{e:120:我不会把哥哥，让给你…！！！},{e:120:我不會把哥哥，讓給你…！！！},Non ti lascerò Onii-chan...!!!,{e:120:¡¡¡No dejaré que tengas a Onii-chan!!!...},{e:120:ﻟﻦ ﺃُﺳَﻠِّﻤﻚِ ﺃﺧﻲ...!!!}
